{"address1": "245 Park Avenue", "address2": "44th Floor", "city": "New York", "state": "NY", "zip": "10167", "country": "United States", "phone": "310 201 4100", "website": "https://www.aresacquisitioncorporation.com", "industry": "Shell Companies", "industryDisp": "Shell Companies", "sector": "Financial Services", "longBusinessSummary": "Ares Acquisition Corporation does not have significant operations. The company intends to effect a merger, share exchange, asset acquisition, share purchase, reorganization, or similar business combination with one or more businesses. Ares Acquisition Corporation was incorporated in 2020 and is based in New York, New York.", "companyOfficers": [{"maxAge": 1, "name": "Mr. David B. Kaplan", "age": 55, "title": "CEO & Co-Chairman", "yearBorn": 1967, "exercisedValue": 0, "unexercisedValue": 0}, {"maxAge": 1, "name": "Mr. Jarrod Morgan Phillips", "age": 44, "title": "Chief Financial Officer", "yearBorn": 1978, "exercisedValue": 0, "unexercisedValue": 0}, {"maxAge": 1, "name": "Ms. Allyson  Satin", "age": 36, "title": "Chief Operating Officer", "yearBorn": 1986, "exercisedValue": 0, "unexercisedValue": 0}, {"maxAge": 1, "name": "Mr. Peter  Ogilvie", "age": 39, "title": "Exec. VP of Strategy", "yearBorn": 1983, "exercisedValue": 0, "unexercisedValue": 0}], "maxAge": 86400, "latitude": 40.75473917896926, "longitude": -73.97553249488796}