{"address1": "1760 Market Street", "address2": "Suite 602", "city": "Philadelphia", "state": "PA", "zip": "19103", "country": "United States", "phone": "212 543 6886", "website": "https://armadaacq.com", "industry": "Shell Companies", "industryDisp": "Shell Companies", "sector": "Financial Services", "longBusinessSummary": "Armada Acquisition Corp. I focuses on effecting a merger, capital stock exchange, asset acquisition, stock purchase, reorganization, or related business combination with one or more businesses. It intends to focus on target businesses that provide technological services to the financial services industry. Armada Acquisition Corp. I was incorporated in 2020 and is based in Philadelphia, Pennsylvania.", "companyOfficers": [{"maxAge": 1, "name": "Mr. Stephen P. Herbert", "age": 60, "title": "CEO & Chairman", "yearBorn": 1962, "exercisedValue": 0, "unexercisedValue": 0}, {"maxAge": 1, "name": "Mr. Douglas M. Lurio Esq.", "age": 66, "title": "Pres, Treasurer, Sec. & Director", "yearBorn": 1956, "exercisedValue": 0, "unexercisedValue": 0}], "maxAge": 86400, "latitude": 39.95307262790864, "longitude": -75.16970448098701}