{"address1": "5100 Tamarind Reef", "city": "Christiansted", "state": "VI", "zip": "00820", "country": "United States", "phone": "704-275-9113", "website": "https://www.altisourceamc.com", "industry": "Asset Management", "industryDisp": "Asset Management", "sector": "Financial Services", "longBusinessSummary": "Altisource Asset Management Corporation is an alternative lending company that provides liquidity and capital to under-served market and portfolio management and corporate governance services to institutional investors in the United States. The company offers its services under an asset management agreement to Altisource Residential Corporation, which acquires and manages single-family rental properties for working class families. It also provides management services to NewSource Reinsurance Company Ltd. Altisource Asset Management Corporation was founded in 2012 and is headquartered in Christiansted, Virgin Islands with the additional in United States and India.", "fullTimeEmployees": 55, "companyOfficers": [{"maxAge": 1, "name": "Mr. Jason  Kopcak", "age": 50, "title": "CEO & Director", "yearBorn": 1972, "fiscalYear": 2022, "totalPay": 1253903, "exercisedValue": 0, "unexercisedValue": 0}, {"maxAge": 1, "name": "Mr. Stephen Ramiro Krallman", "age": 56, "title": "Chief Financial Officer", "yearBorn": 1966, "fiscalYear": 2022, "totalPay": 704321, "exercisedValue": 0, "unexercisedValue": 0}, {"maxAge": 1, "name": "Ms. Sarah  Maynard", "title": "Director of HR & Admin.", "exercisedValue": 0, "unexercisedValue": 0}, {"maxAge": 1, "name": "Ms. Thresa  Daftan", "title": "Sr. Mang. of Underwriting", "exercisedValue": 0, "unexercisedValue": 0}, {"maxAge": 1, "name": "Ms. Danya  Sawyer", "age": 41, "title": "Chief Operating Officer of Alternative Lending Group", "yearBorn": 1981, "exercisedValue": 0, "unexercisedValue": 0}], "compensationAsOfEpochDate": "2022-12-30 19:00:00", "maxAge": 86400, "latitude": 17.761109000000033, "longitude": -64.66757799999993}