{"address1": "4370 Peachtree Road, NE", "city": "Atlanta", "state": "GA", "zip": "30319-3054", "country": "United States", "phone": "404 266 5500", "website": "https://www.atlam.com", "industry": "Insurance\u2014Life", "industryDisp": "Insurance\u2014Life", "sector": "Financial Services", "longBusinessSummary": "Atlantic American Corporation, through its subsidiaries, provides life and health, and property and casualty insurance products in the United States. The company operates through American Southern and Bankers Fidelity segments. It offers property and casualty insurance products, including business automobile insurance coverage for state governments, local municipalities, and other motor pools and fleets; and inland marine and general liability insurance products. The company also provides surety bond coverage for subdivision construction, school bus contracts, as well as performance and payment bonds. In addition, the company provides individual and group whole life insurance, as well as medicare supplement insurance products; and other accident and health insurance coverages, include various individual and group policies for the payment of standard benefits for the treatment of diagnosed cancer and other critical illnesses, as well as various other policies, such as short-term nursing facility care, accident expense, hospital indemnity, and disability coverages. It markets its products through independent agents and brokers. The company was founded in 1937 and is headquartered in Atlanta, Georgia. Atlantic American Corporation operates as a subsidiary of Atlantic American / Delta Group.", "fullTimeEmployees": 138, "companyOfficers": [{"maxAge": 1, "name": "Mr. Hilton Hatchett Howell Jr.", "age": 60, "title": "Chairman, Pres & CEO", "yearBorn": 1962, "fiscalYear": 2021, "totalPay": 1358833, "exercisedValue": 0, "unexercisedValue": 0}, {"maxAge": 1, "name": "Mr. Jeffrey Ross Franklin CPA", "age": 44, "title": "VP, CFO & Corp. Sec.", "yearBorn": 1978, "fiscalYear": 2021, "totalPay": 642012, "exercisedValue": 0, "unexercisedValue": 0}, {"maxAge": 1, "name": "Mr. John  Dunbar", "title": "Chief Information Officer & VP", "exercisedValue": 0, "unexercisedValue": 0}, {"maxAge": 1, "name": "Ms. Barbara B. Snyder", "title": "VP of HR", "exercisedValue": 0, "unexercisedValue": 0}, {"maxAge": 1, "name": "Mr. Ricky David Burns", "title": "Exec. VP", "exercisedValue": 0, "unexercisedValue": 0}, {"maxAge": 1, "name": "Mr. Casey Brant Hudson", "title": "VP & Controller", "exercisedValue": 0, "unexercisedValue": 0}], "auditRisk": 4, "boardRisk": 4, "compensationRisk": 6, "shareHolderRightsRisk": 2, "overallRisk": 3, "governanceEpochDate": "2023-04-30 20:00:00", "compensationAsOfEpochDate": "2021-12-30 19:00:00", "maxAge": 86400, "latitude": 33.871435017265114, "longitude": -84.3337930107181}