{"address1": "501 Commerce Street", "city": "Nashville", "state": "TN", "zip": "37203", "country": "United States", "phone": "615-622-0000", "fax": "212-969-2293", "website": "https://www.alliancebernstein.com", "industry": "Asset Management", "industryDisp": "Asset Management", "sector": "Financial Services", "longBusinessSummary": "AllianceBernstein Holding L.P. is publicly owned investment manager. The firm also provides research services to its clients. It provides its services to investment companies, pension and profit sharing plans, banks and thrift institutions, trusts, estates, government agencies, charitable organizations, individuals, corporations, and other business entities. The firm invests in public equity, fixed income, and alternative investment markets across the globe. It employs long/short strategy to make its investments. The firm conducts in-house research to make its investments. AllianceBernstein Holding L.P. was founded in 1987 and is based in New York, New York.", "fullTimeEmployees": 4566, "companyOfficers": [{"maxAge": 1, "name": "Mr. Seth Perry Bernstein", "age": 61, "title": "CEO, Pres & Director", "yearBorn": 1961, "fiscalYear": 2022, "totalPay": 5702777, "exercisedValue": 0, "unexercisedValue": 1449708}, {"maxAge": 1, "name": "Ms. Catherine Cooney Burke", "age": 50, "title": "COO & CFO", "yearBorn": 1972, "fiscalYear": 2022, "totalPay": 2466216, "exercisedValue": 0, "unexercisedValue": 0}, {"maxAge": 1, "name": "Mr. William R. Siemers", "age": 62, "title": "Sr. VP, Corp. Controller & Chief Accounting Officer", "yearBorn": 1960, "fiscalYear": 2022, "totalPay": 842340, "exercisedValue": 0, "unexercisedValue": 0}, {"maxAge": 1, "name": "Mr. Karl  Sprules", "age": 48, "title": "Head of Global Technology & Operations", "yearBorn": 1974, "fiscalYear": 2022, "totalPay": 1972860, "exercisedValue": 0, "unexercisedValue": 0}, {"maxAge": 1, "name": "Mr. Mark Randall Manley J.D.", "age": 59, "title": "Sr. VP, Gen. Counsel & Global Head of Compliance", "yearBorn": 1963, "fiscalYear": 2022, "totalPay": 1106898, "exercisedValue": 0, "unexercisedValue": 0}, {"maxAge": 1, "name": "Mr. Onur  Erzan", "age": 46, "title": "Head of Global Client Group & Head of Bernstein Private Wealth", "yearBorn": 1976, "fiscalYear": 2022, "totalPay": 2366868, "exercisedValue": 0, "unexercisedValue": 0}, {"maxAge": 1, "name": "Mr. Mark C. Griffin CFA", "title": "Head of Investor Relations", "exercisedValue": 0, "unexercisedValue": 0}, {"maxAge": 1, "name": "Mr. John  Meyers", "title": "Director of Corp. Communications", "exercisedValue": 0, "unexercisedValue": 0}, {"maxAge": 1, "name": "Steven  Eisenberg", "title": "COO for Global Client Group and Head of Marketing & Client Service", "exercisedValue": 0, "unexercisedValue": 0}, {"maxAge": 1, "name": "Mr. Thomas S. Hexner", "age": 65, "title": "Exec. VP and Head of Bernstein Gwm", "yearBorn": 1957, "exercisedValue": 0, "unexercisedValue": 0}], "compensationAsOfEpochDate": "2022-12-30 19:00:00", "maxAge": 86400, "latitude": 36.16137000087713, "longitude": -86.77950503620296}