{"address1": "3490 Piedmont Road NE", "address2": "Suite 1550", "city": "Atlanta", "state": "GA", "zip": "30305", "country": "United States", "phone": "404 639 6500", "website": "https://www.amerisbank.com", "industry": "Banks\u2014Regional", "industryDisp": "Banks\u2014Regional", "sector": "Financial Services", "longBusinessSummary": "Ameris Bancorp operates as the bank holding company for Ameris Bank that provides range of banking services to retail and commercial customers primarily in Georgia, Alabama, Florida, North Carolina, and South Carolina. It operates through five segments: Banking Division, Retail Mortgage Division, Warehouse Lending Division, SBA Division, and Premium Finance Division. The company offers commercial and retail checking, regular interest-bearing savings, money market, individual retirement, and certificates of deposit accounts. It also provides commercial real estate, residential real estate mortgage, agricultural, and commercial and industrial loans; consumer loans, including motor vehicle, home improvement, and home equity loans, as well as loans secured by savings accounts and personal credit lines. In addition, the company originates, administers, and services commercial insurance premium loans and small business administration loans. It operates full service domestic banking offices, and mortgage and loan production offices. The company was founded in 1971 and is headquartered in Atlanta, Georgia.", "fullTimeEmployees": 2848, "companyOfficers": [{"maxAge": 1, "name": "Mr. James B. Miller Jr.", "age": 82, "title": "Exec. Chairman", "yearBorn": 1940, "fiscalYear": 2022, "totalPay": 1009421, "exercisedValue": 0, "unexercisedValue": 0}, {"maxAge": 1, "name": "Mr. H. Palmer Proctor Jr.", "age": 54, "title": "Vice Chairman & CEO", "yearBorn": 1968, "fiscalYear": 2022, "totalPay": 2394826, "exercisedValue": 0, "unexercisedValue": 0}, {"maxAge": 1, "name": "Ms. Nicole S. Stokes CPA", "age": 48, "title": "Corp. Exec. VP & CFO", "yearBorn": 1974, "fiscalYear": 2022, "totalPay": 1029824, "exercisedValue": 0, "unexercisedValue": 0}, {"maxAge": 1, "name": "Mr. Jon S. Edwards", "age": 60, "title": "Corp. Exec. VP & Chief Credit Officer", "yearBorn": 1962, "fiscalYear": 2022, "totalPay": 817388, "exercisedValue": 0, "unexercisedValue": 0}, {"maxAge": 1, "name": "Mr. James Allan LaHaise III", "age": 61, "title": "Corp. Exec. VP & Chief Strategy Officer", "yearBorn": 1961, "fiscalYear": 2022, "totalPay": 965966, "exercisedValue": 0, "unexercisedValue": 0}, {"maxAge": 1, "name": "Mr. Lawton E. Bassett III", "age": 53, "title": "Corp. EVP & Chief Banking Officer", "yearBorn": 1969, "fiscalYear": 2022, "totalPay": 1014267, "exercisedValue": 0, "unexercisedValue": 0}, {"maxAge": 1, "name": "Mr. Jody L. Spencer Esq., J.D.", "age": 49, "title": "Corp. Exec. VP & Chief Legal Officer", "yearBorn": 1973, "exercisedValue": 0, "unexercisedValue": 0}, {"maxAge": 1, "name": "Mr. William D. McKendry", "age": 52, "title": "Corp. Exec. VP & Chief Risk Officer", "yearBorn": 1970, "fiscalYear": 2019, "exercisedValue": 0, "unexercisedValue": 0}, {"maxAge": 1, "name": "Mr. Ross L. Creasy", "age": 47, "title": "Corp. Exec. VP & Chief Innovation Officer", "yearBorn": 1975, "exercisedValue": 0, "unexercisedValue": 0}, {"maxAge": 1, "name": "Mr. Michael T. Pierson", "age": 51, "title": "Corp. Exec. VP, Chief Governance Officer & Corp. Sec.", "yearBorn": 1971, "exercisedValue": 0, "unexercisedValue": 0}], "auditRisk": 4, "boardRisk": 4, "compensationRisk": 3, "shareHolderRightsRisk": 3, "overallRisk": 3, "governanceEpochDate": "2023-04-30 20:00:00", "compensationAsOfEpochDate": "2022-12-30 19:00:00", "maxAge": 86400, "latitude": 33.84831898559273, "longitude": -84.37657902221036}