{"address1": "191 Mason Street", "city": "Greenwich", "state": "CT", "zip": "06830", "country": "United States", "phone": "203 629 9595", "website": "https://www.associated-capital-group.com", "industry": "Asset Management", "industryDisp": "Asset Management", "sector": "Financial Services", "longBusinessSummary": "Associated Capital Group, Inc., together with its subsidiaries, provides investment advisory services in the United States. The company offers alternative investment management and asset management services. It also invests in new and existing businesses. The company was founded in 1976 and is headquartered in Greenwich, Connecticut. Associated Capital Group, Inc. operates as a subsidiary of GGCP Holdings LLC.", "fullTimeEmployees": 24, "companyOfficers": [{"maxAge": 1, "name": "Mr. Mario Joseph Gabelli C.F.A., CFA", "age": 79, "title": "Exec. Chairman", "yearBorn": 1943, "fiscalYear": 2022, "totalPay": 310453, "exercisedValue": 0, "unexercisedValue": 0}, {"maxAge": 1, "name": "Mr. Douglas Richard Jamieson", "age": 68, "title": "Pres, CEO & Director", "yearBorn": 1954, "fiscalYear": 2022, "totalPay": 1234829, "exercisedValue": 0, "unexercisedValue": 0}, {"maxAge": 1, "name": "Mr. Patrick Bernard Huvane C.F.A., CPA, CFA, CPA", "age": 54, "title": "Interim Co-Chief Financial Officer", "yearBorn": 1968, "fiscalYear": 2022, "totalPay": 222302, "exercisedValue": 0, "unexercisedValue": 0}, {"maxAge": 1, "name": "Mr. Ian J. McAdams", "age": 29, "title": "Interim Co-Chief Financial Officer", "yearBorn": 1993, "fiscalYear": 2022, "totalPay": 461057, "exercisedValue": 0, "unexercisedValue": 0}, {"maxAge": 1, "name": "Mr. Peter D. Goldstein Esq.", "age": 68, "title": "Exec. VP, Chief Legal Officer & Sec.", "yearBorn": 1954, "fiscalYear": 2022, "totalPay": 302083, "exercisedValue": 0, "unexercisedValue": 0}, {"maxAge": 1, "name": "Mr. Marc Joseph Gabelli", "age": 54, "title": "Exec. Director", "yearBorn": 1968, "fiscalYear": 2022, "totalPay": 80000, "exercisedValue": 0, "unexercisedValue": 0}, {"maxAge": 1, "name": "Mr. David Marc Goldman", "age": 48, "title": "Gen. Counsel & Director of Corp. Devel.", "yearBorn": 1974, "exercisedValue": 0, "unexercisedValue": 0}, {"maxAge": 1, "name": "Ms. Agnes Nora Mullady", "age": 63, "title": "Exec. VP", "yearBorn": 1959, "fiscalYear": 2019, "exercisedValue": 0, "unexercisedValue": 0}], "auditRisk": 10, "boardRisk": 10, "compensationRisk": 8, "shareHolderRightsRisk": 10, "overallRisk": 10, "governanceEpochDate": "2023-04-30 20:00:00", "compensationAsOfEpochDate": "2022-12-30 19:00:00", "maxAge": 86400, "latitude": 41.025406979501895, "longitude": -73.62395302095635}