{"address1": "6 St. Johns Lane", "address2": "Floor 5", "city": "New York", "state": "NY", "zip": "10013", "country": "United States", "phone": "248 890 7200", "industry": "Shell Companies", "industryDisp": "Shell Companies", "sector": "Financial Services", "longBusinessSummary": "Atlantic Coastal Acquisition Corp. II does not have significant operations. It focuses on effecting a merger, capital stock exchange, asset acquisition, stock purchase, recapitalization, reorganization, or similar business combination with one or more businesses in financial services industry and mobility sector. Atlantic Coastal Acquisition Corp. II was incorporated in 2021 and is based in New York, New York.", "companyOfficers": [{"maxAge": 1, "name": "Mr. Shahraab  Ahmad", "age": 44, "title": "CEO & Chairman", "yearBorn": 1978, "exercisedValue": 0, "unexercisedValue": 0}, {"maxAge": 1, "name": "Mr. Burt R. Jordan", "age": 55, "title": "Pres & Director", "yearBorn": 1967, "exercisedValue": 0, "unexercisedValue": 0}, {"maxAge": 1, "name": "Mr. Jason  Chryssicas", "age": 37, "title": "CFO & Director", "yearBorn": 1985, "exercisedValue": 0, "unexercisedValue": 0}, {"maxAge": 1, "name": "Mr. Anthony D. Eisenberg", "age": 39, "title": "Chief Strategy Officer & Director", "yearBorn": 1983, "exercisedValue": 0, "unexercisedValue": 0}], "maxAge": 86400, "latitude": 40.72087047655177, "longitude": -74.00594836753139}