{"address1": "13284 Pond Springs Road", "address2": "Suite 405", "city": "Austin", "state": "TX", "zip": "78729", "country": "United States", "phone": "512-666-1277", "industry": "Shell Companies", "industryDisp": "Shell Companies", "sector": "Financial Services", "longBusinessSummary": "Acri Capital Acquisition Corporation does not have significant operations. It focuses on effecting a merger, capital stock exchange, asset acquisition, stock purchase, reorganization, or other business combination with one or more businesses. It intends to focus its search on the technology-enabled sectors, including e-commerce, financial services, educational technology services, or health information service in North America. The company was incorporated in 2022 and is based in Austin, Texas.", "companyOfficers": [{"maxAge": 1, "name": "Ms. Yi  Hua", "age": 46, "title": "Chairwoman, CEO & CFO", "yearBorn": 1976, "exercisedValue": 0, "unexercisedValue": 0}], "maxAge": 86400, "latitude": 30.447231182105483, "longitude": -97.78143104993805}