{"address1": "442 5th Avenue", "city": "New York", "state": "NY", "zip": "10018", "country": "United States", "phone": "(970) 925-1572", "website": "https://www.athenaspac.com", "industry": "Shell Companies", "industryDisp": "Shell Companies", "sector": "Financial Services", "longBusinessSummary": "Athena Consumer Acquisition Corp. does not have significant operations. The company focuses on effecting a merger, capital stock exchange, asset acquisition, stock purchase, reorganization, or related business combination with one or more businesses. It intends to identify business opportunities in the field of technology-enabled consumer goods and/or service sectors. The company was incorporated in 2021 and is based in New York, New York.", "companyOfficers": [{"maxAge": 1, "name": "Ms. Hyo-Sung  Park", "age": 52, "title": "CEO & Director", "yearBorn": 1970, "exercisedValue": 0, "unexercisedValue": 0}, {"maxAge": 1, "name": "Ms. Jennifer  Carr-Smith", "age": 50, "title": "COO & Pres", "yearBorn": 1972, "exercisedValue": 0, "unexercisedValue": 0}, {"maxAge": 1, "name": "Ms. Angelina  Smith", "age": 47, "title": "Chief Financial Officer", "yearBorn": 1975, "exercisedValue": 0, "unexercisedValue": 0}], "maxAge": 86400, "latitude": 40.751795173041415, "longitude": -73.98234861622674}