{"address1": "4800 Montgomery Lane", "address2": "Suite 210", "city": "Bethesda", "state": "MD", "zip": "20814", "country": "United States", "phone": "301 971 3955", "website": "https://www.alsetcapitalacquisition.com", "industry": "Shell Companies", "industryDisp": "Shell Companies", "sector": "Financial Services", "longBusinessSummary": "Alset Capital Acquisition Corp. does not have any significant operations. The company focuses on effecting a merger, capital stock exchange, asset acquisition, stock purchase, reorganization, or similar business combination with one or more businesses. Alset Capital Acquisition Corp. was incorporated in 2021 and is based in Bethesda, Maryland.", "companyOfficers": [{"maxAge": 1, "name": "Mr. Fai Heng  Chan", "age": 77, "title": "Chairman & CEO", "yearBorn": 1945, "exercisedValue": 0, "unexercisedValue": 0}, {"maxAge": 1, "name": "Mr. Rongguo  Wei CPA", "age": 50, "title": "Chief Financial Officer", "yearBorn": 1972, "exercisedValue": 0, "unexercisedValue": 0}], "maxAge": 86400, "latitude": 38.98316901129817, "longitude": -77.09560898928699}