{"address1": "Tower 2, Lippo Centre", "address2": "8th Floor, Room 806 No. 89 Queensway", "city": "Admiralty", "country": "Hong Kong", "phone": "852 2151 5198", "website": "https://aceglobal-acq.com", "industry": "Shell Companies", "industryDisp": "Shell Companies", "sector": "Financial Services", "longBusinessSummary": "Ace Global Business Acquisition Limited does not have significant operations. The company intends to effect a merger, share exchange, asset acquisition, share purchase, recapitalization, reorganization, or similar business combination with one or more businesses. It intends to focus on businesses in the Greater China, Japan, and Southeast Asia regions. Ace Global Business Acquisition Limited was incorporated in 2020 and is based in Admiralty, Hong Kong.", "companyOfficers": [{"maxAge": 1, "name": "Mr. Eugene Tu  Wong", "age": 34, "title": "CEO & Chairman", "yearBorn": 1988, "exercisedValue": 0, "unexercisedValue": 0}, {"maxAge": 1, "name": "Mr. Xue-Wei  Tan", "age": 32, "title": "CFO & Director", "yearBorn": 1990, "exercisedValue": 0, "unexercisedValue": 0}], "maxAge": 86400, "latitude": 22.27946518095186, "longitude": 114.16326359573901}