{"address1": "Waterloo House", "address2": "Ground Floor 100 Pitts Bay Road", "city": "Pembroke", "zip": "HM 08", "country": "Bermuda", "fax": "441 278 9255", "website": "https://www.archgroup.com", "industry": "Insurance\u2014Diversified", "industryDisp": "Insurance\u2014Diversified", "sector": "Financial Services", "longBusinessSummary": "Arch Capital Group Ltd., together with its subsidiaries, provides insurance, reinsurance, and mortgage insurance products worldwide. The company's Insurance segment offers primary and excess casualty coverages; loss sensitive primary casualty insurance programs; collateral protection, debt cancellation, and service contract reimbursement products; directors' and officers' liability, errors and omissions liability, employment practices and fiduciary liability, crime, professional indemnity, and other financial related coverages; medical professional and general liability insurance coverages; and workers' compensation and umbrella liability, as well as commercial automobile and inland marine products. It also provides property, energy, marine, and aviation insurance; travel insurance; accident, disability, and medical plan insurance coverages; captive insurance programs; employer's liability; contract and commercial surety coverages; and collateral protection, debt cancellation, and service contract reimbursement products. This segment markets its products through a group of licensed independent retail and wholesale brokers. Its Reinsurance segment provides casualty reinsurance for third party liability exposures; marine and aviation; motor reinsurance, whole account multi-line treaties, cyber, trade credit, surety, accident and health, workers' compensation catastrophe, agriculture, trade credit, and political risk products; reinsurance protection for catastrophic losses, and personal lines and commercial property exposures; life reinsurance; casualty clash; and risk management solutions. This segment markets its reinsurance products through brokers. The company's Mortgage segment offers direct mortgage insurance and mortgage reinsurance. Arch Capital Group Ltd. founded in 1995 and is based in Pembroke, Bermuda.", "fullTimeEmployees": 5800, "companyOfficers": [{"maxAge": 1, "name": "Mr. Marc  Grandisson", "age": 54, "title": "CEO & Director", "yearBorn": 1968, "fiscalYear": 2022, "totalPay": 6437941, "exercisedValue": 13811514, "unexercisedValue": 39617248}, {"maxAge": 1, "name": "Mr. Nicolas Alain Emmanuel Papadopoulo", "age": 59, "title": "Pres & Chief Underwriting Officer", "yearBorn": 1963, "fiscalYear": 2022, "totalPay": 3490389, "exercisedValue": 0, "unexercisedValue": 10768810}, {"maxAge": 1, "name": "Mr. Francois  Morin", "age": 54, "title": "Exec. VP, CFO & Treasurer", "yearBorn": 1968, "fiscalYear": 2022, "totalPay": 2823727, "exercisedValue": 634061, "unexercisedValue": 7656843}, {"maxAge": 1, "name": "Mr. John Donald Vollaro", "age": 77, "title": "Sr. Advisor & Director", "yearBorn": 1945, "fiscalYear": 2022, "totalPay": 1171462, "exercisedValue": 0, "unexercisedValue": 0}, {"maxAge": 1, "name": "Mr. Maamoun  Rajeh", "age": 51, "title": "Chairman & CEO of Arch Worldwide Reinsurance Group", "yearBorn": 1971, "fiscalYear": 2022, "totalPay": 2703779, "exercisedValue": 2553004, "unexercisedValue": 8153906}, {"maxAge": 1, "name": "Mr. David Evan Gansberg", "age": 50, "title": "Chief Exec. Officer of Mortgage Group", "yearBorn": 1972, "fiscalYear": 2022, "totalPay": 2783539, "exercisedValue": 2784890, "unexercisedValue": 3591230}, {"maxAge": 1, "name": "Mr. Christopher Andrew Hovey", "age": 55, "title": "Chief Operations Officer", "yearBorn": 1967, "exercisedValue": 0, "unexercisedValue": 0}, {"maxAge": 1, "name": "Ms. Christine Lee Todd CFA", "age": 54, "title": "Sr. VP & Chief Investment Officer", "yearBorn": 1968, "exercisedValue": 0, "unexercisedValue": 0}, {"maxAge": 1, "name": "Mr. Prashant  Nema", "title": "Chief Information Officer", "exercisedValue": 0, "unexercisedValue": 0}, {"maxAge": 1, "name": "Mr. Louis T. Petrillo", "age": 56, "title": "Gen. Counsel", "yearBorn": 1966, "fiscalYear": 2005, "exercisedValue": 0, "unexercisedValue": 0}], "auditRisk": 6, "boardRisk": 4, "compensationRisk": 1, "shareHolderRightsRisk": 8, "overallRisk": 5, "governanceEpochDate": "2023-04-30 20:00:00", "compensationAsOfEpochDate": "2022-12-30 19:00:00", "maxAge": 86400, "latitude": 32.290907789800364, "longitude": -64.79047869622488}