{"address1": "16 Lincoln Square", "city": "Gettysburg", "state": "PA", "zip": "17325", "country": "United States", "phone": "717 334 3161", "website": "https://www.acnb.com", "industry": "Banks\u2014Regional", "industryDisp": "Banks\u2014Regional", "sector": "Financial Services", "longBusinessSummary": "ACNB Corporation, a financial holding company, offers banking, insurance, and financial services to individual, business, and government customers in the United States. The company provides checking, savings, and money market deposit accounts, as well as time deposits and debit cards. It also offers commercial lending products, such as commercial mortgages, real estate development and construction loans, accounts receivable and inventory financing, and agricultural and governmental loans; consumer lending products, including home equity loans and lines of credit, automobile and recreational vehicle loans, manufactured housing loans, and personal lines of credit; and mortgage lending programs include personal residential mortgages, and residential construction and investment mortgage loans. In addition, the company provides other services that are related to testamentary trusts, life insurance trusts, charitable remainder trusts, guardianships, powers of attorney, custodial accounts, and investment management and advisory accounts; and retail brokerage services. Further, it acts as a trustee to invest in, protect, manage, and distribute financial assets. Additionally, the company offers property and casualty, health, life, and disability insurance products to commercial and individual clients; and online, telephone, and mobile banking, as well as automated teller machine services. ACNB Corporation was founded in 1857 and is headquartered in Gettysburg, Pennsylvania.", "fullTimeEmployees": 397, "companyOfficers": [{"maxAge": 1, "name": "Mr. James P. Helt", "age": 55, "title": "Pres, CEO & Director", "yearBorn": 1967, "fiscalYear": 2022, "totalPay": 697716, "exercisedValue": 0, "unexercisedValue": 0}, {"maxAge": 1, "name": "Mr. Douglas A. Seibel", "age": 61, "title": "Exec. VP and Chief Lending & Revenue Officer of ACNB Bank", "yearBorn": 1961, "fiscalYear": 2022, "totalPay": 552382, "exercisedValue": 0, "unexercisedValue": 0}, {"maxAge": 1, "name": "Mr. Jason H. Weber C.F.A., CPA, CFA, FRM", "age": 47, "title": "Exec. VP, CFO & Treasurer", "yearBorn": 1975, "exercisedValue": 0, "unexercisedValue": 0}, {"maxAge": 1, "name": "Kathy S. Hansel", "title": "Sr. VP, Principal Accounting Officer & Controller", "exercisedValue": 0, "unexercisedValue": 0}, {"maxAge": 1, "name": "Mr. Kevin J. Hayes Esq.", "title": "Sr. VP, Gen. Counsel, Sec. & Chief Governance Officer", "exercisedValue": 0, "unexercisedValue": 0}, {"maxAge": 1, "name": "Mr. Mark E. Blacksten", "title": "Exec. VP of Maryland Market Pres", "exercisedValue": 0, "unexercisedValue": 0}, {"maxAge": 1, "name": "Mr. Brett D. Fulk", "age": 53, "title": "Exec. VP & Chief Strategy Officer", "yearBorn": 1969, "exercisedValue": 0, "unexercisedValue": 0}], "auditRisk": 2, "boardRisk": 2, "compensationRisk": 9, "shareHolderRightsRisk": 9, "overallRisk": 6, "governanceEpochDate": "2023-04-30 20:00:00", "compensationAsOfEpochDate": "2022-12-30 19:00:00", "maxAge": 86400, "latitude": 39.830575985755104, "longitude": -77.23173897584516}