{"address1": "9 West 57th Street", "address2": "42nd Floor", "city": "New York", "state": "NY", "zip": "10019", "country": "United States", "phone": "(212) 515-3200", "website": "https://www.acropolisinfrastructure.com", "industry": "Shell Companies", "industryDisp": "Shell Companies", "sector": "Financial Services", "longBusinessSummary": "Acropolis Infrastructure Acquisition Corp. does not have significant operations. The company intends to effect a merger, consolidation, capital stock exchange, asset acquisition, stock purchase, reorganization, or similar business combination with one or more businesses or entities. It intends to focus a business combination target on the infrastructure, infrastructure services, and related sectors in North America. The company was formerly known as Apollo Infrastructure Acquisition Corp. and changed its name to Acropolis Infrastructure Acquisition Corp. in February 2021. Acropolis Infrastructure Acquisition Corp. was incorporated in 2020 and is based in New York, New York.", "companyOfficers": [{"maxAge": 1, "name": "Mr. Sanjay Hiralal Patel", "age": 61, "title": "CEO & Director", "yearBorn": 1961, "exercisedValue": 0, "unexercisedValue": 0}, {"maxAge": 1, "name": "Mr. James R. Crossen", "age": 48, "title": "CFO, Chief Accounting Officer & Sec.", "yearBorn": 1974, "exercisedValue": 0, "unexercisedValue": 0}], "maxAge": 86400, "latitude": 40.76379822602672, "longitude": -73.97518343011625}