{"address1": "8325 Six Forks Road", "city": "Raleigh", "state": "NC", "zip": "27615", "country": "United States", "phone": "919 846 4100", "website": "https://www.enactmi.com", "industry": "Insurance\u2014Specialty", "industryDisp": "Insurance\u2014Specialty", "sector": "Financial Services", "longBusinessSummary": "Enact Holdings, Inc. operates as a private mortgage insurance company in the United States. It is involved in writing and assuming residential mortgage guaranty insurance. The company offers private mortgage insurance products primarily insuring prime-based, individually underwritten residential mortgage loans; and contract underwriting services for mortgage lenders. It primarily serves residential mortgage loan originators. The company was formerly known as Genworth Mortgage Holdings, Inc. and changed its name to Enact Holdings, Inc. in May 2021. Enact Holdings, Inc. was founded in 1981 and is headquartered in Raleigh, North Carolina. Enact Holdings, Inc. operates as a subsidiary of Genworth Holdings, Inc.", "fullTimeEmployees": 496, "companyOfficers": [{"maxAge": 1, "name": "Mr. Rohit  Gupta", "age": 47, "title": "Pres, CEO & Director", "yearBorn": 1975, "fiscalYear": 2022, "totalPay": 3747545, "exercisedValue": 0, "unexercisedValue": 610944}, {"maxAge": 1, "name": "Mr. Hardin Dean Mitchell", "age": 51, "title": "Exec. VP, CFO & Treasurer", "yearBorn": 1971, "fiscalYear": 2022, "totalPay": 1708439, "exercisedValue": 0, "unexercisedValue": 0}, {"maxAge": 1, "name": "Mr. Brian Michael Gould", "age": 50, "title": "EVP & COO", "yearBorn": 1972, "fiscalYear": 2022, "totalPay": 887185, "exercisedValue": 0, "unexercisedValue": 0}, {"maxAge": 1, "name": "Mr. Evan Scott Stolove", "age": 52, "title": "Exec. VP, Gen. Counsel & Sec.", "yearBorn": 1970, "fiscalYear": 2022, "totalPay": 1250246, "exercisedValue": 0, "unexercisedValue": 0}, {"maxAge": 1, "name": "Mr. Michael Paul Derstine", "age": 52, "title": "Exec. VP & Chief Risk Officer", "yearBorn": 1970, "fiscalYear": 2022, "totalPay": 837380, "exercisedValue": 0, "unexercisedValue": 0}, {"maxAge": 1, "name": "Mr. James Robert McMullen", "title": "VP, Controller & Principal Accounting Officer", "exercisedValue": 0, "unexercisedValue": 0}, {"maxAge": 1, "name": "Mr. Daniel  Kohl", "title": "VP of Investor Relations", "exercisedValue": 0, "unexercisedValue": 0}, {"maxAge": 1, "name": "Ms. Neenu Scott Kainth", "title": "Chief Customer Experience Officer", "exercisedValue": 0, "unexercisedValue": 0}], "auditRisk": 3, "boardRisk": 3, "compensationRisk": 5, "shareHolderRightsRisk": 5, "overallRisk": 4, "governanceEpochDate": "2023-04-30 20:00:00", "compensationAsOfEpochDate": "2022-12-30 19:00:00", "maxAge": 86400, "latitude": 35.89363101678603, "longitude": -78.64991399396672}