{"address1": "OfficeEdge Miami", "address2": "Suite 1550 701 Brickell Avenue", "city": "Miami", "state": "FL", "zip": "33131", "country": "United States", "phone": "305 709 6664", "website": "https://spac26.com", "industry": "Shell Companies", "industryDisp": "Shell Companies", "sector": "Financial Services", "longBusinessSummary": "26 Capital Acquisition Corp. does not have significant operations. It focuses on effecting a merger, capital stock exchange, asset acquisition, stock purchase, reorganization, or similar business combination with one or more businesses. The company was incorporated in 2020 and is based in Miami, Florida.", "companyOfficers": [{"maxAge": 1, "name": "Mr. Jason N. Ader", "age": 54, "title": "CEO & Chairman", "yearBorn": 1968, "exercisedValue": 0, "unexercisedValue": 0}, {"maxAge": 1, "name": "Mr. John Kevin Lewis", "age": 58, "title": "CFO & Sec.", "yearBorn": 1964, "exercisedValue": 0, "unexercisedValue": 0}], "maxAge": 86400, "latitude": 25.76685100000003, "longitude": -80.18872999999996}