{"address1": "1345 Avenue of the Americas", "address2": "33rd Floor", "city": "New York", "state": "NY", "zip": "10105", "country": "United States", "phone": "646 291 6930", "website": "https://www.aditedtech.com", "industry": "Shell Companies", "industryDisp": "Shell Companies", "sector": "Financial Services", "longBusinessSummary": "Adit EdTech Acquisition Corp. does not have significant operations. It focuses on effecting a merger, capital stock exchange, asset acquisition, stock purchase, reorganization, or similar business combination with one or more businesses or entities. Adit EdTech Acquisition Corp. was incorporated in 2020 and is based in New York, New York.", "companyOfficers": [{"maxAge": 1, "name": "Mr. David L. Shrier", "age": 48, "title": "CEO, Pres & Director", "yearBorn": 1974, "exercisedValue": 0, "unexercisedValue": 0}, {"maxAge": 1, "name": "Mr. John Joseph D'Agostino", "age": 46, "title": "CFO & Treasurer", "yearBorn": 1976, "exercisedValue": 0, "unexercisedValue": 0}, {"maxAge": 1, "name": "Ms. Elizabeth B. Porter", "age": 51, "title": "CTO & Sec.", "yearBorn": 1971, "exercisedValue": 0, "unexercisedValue": 0}], "maxAge": 86400, "latitude": 40.762657264410244, "longitude": -73.97847653282332}