{"address1": "7612 Main Street Fishers", "address2": "Suite 200", "city": "Victor", "state": "NY", "zip": "14564", "country": "United States", "phone": "585 678 1198", "website": "https://edocmed.net", "industry": "Shell Companies", "industryDisp": "Shell Companies", "sector": "Financial Services", "longBusinessSummary": "Edoc Acquisition Corp. does not have significant operations. It focuses on effecting a merger, capital stock exchange, asset acquisition, stock purchase, reorganization, or similar business combination with one or more businesses primarily in the healthcare and healthcare provider space in North America and the Asia-Pacific. Edoc Acquisition Corp. was incorporated in 2020 and is based in Victor, New York.", "companyOfficers": [{"maxAge": 1, "name": "Mr. Kevin  Chen", "age": 45, "title": "Chairman & CEO", "yearBorn": 1977, "exercisedValue": 0, "unexercisedValue": 0}, {"maxAge": 1, "name": "Dr. Bob Yunjun Ai Ph.D.", "age": 58, "title": "CFO & Director", "yearBorn": 1964, "exercisedValue": 0, "unexercisedValue": 0}], "maxAge": 86400, "latitude": 43.00800729290756, "longitude": -77.45284148595778}