{"address1": "11411 Southern Highlands Parkway", "address2": "Suite 240", "city": "Las Vegas", "state": "NV", "zip": "89141", "country": "United States", "phone": "949-444-5464", "website": "https://aultdisruptive.com", "industry": "Shell Companies", "industryDisp": "Shell Companies", "sector": "Financial Services", "longBusinessSummary": "Ault Disruptive Technologies Corporation does not have significant operations. It focuses on effecting a merger, capital stock exchange, asset acquisition, stock purchase, reorganization, or other business combination with one or more businesses in technology sector. Ault Disruptive Technologies Corporation was incorporated in 2021 and is based in Las Vegas, Nevada.", "companyOfficers": [{"maxAge": 1, "name": "Mr. William B. Horne", "age": 54, "title": "CEO & Director", "yearBorn": 1968, "exercisedValue": 0, "unexercisedValue": 0}, {"maxAge": 1, "name": "Mr. Henry C. W. Nisser Esq.", "age": 53, "title": "Pres, Gen. Counsel & Director", "yearBorn": 1969, "exercisedValue": 0, "unexercisedValue": 0}, {"maxAge": 1, "name": "Mr. Kenneth S. Cragun CPA", "age": 61, "title": "Chief Financial Officer", "yearBorn": 1961, "exercisedValue": 0, "unexercisedValue": 0}, {"maxAge": 1, "name": "Mr. David J. Katzoff", "age": 59, "title": "Sr. VP of Fin.", "yearBorn": 1963, "exercisedValue": 0, "unexercisedValue": 0}], "maxAge": 86400, "latitude": 35.98209701757044, "longitude": -115.19182302765168}