{"address1": "600 Lexington Avenue", "address2": "9th Floor", "city": "New York", "state": "NY", "zip": "10022", "country": "United States", "phone": "203 299 1400", "website": "https://altenergyacquisition.com", "industry": "Shell Companies", "industryDisp": "Shell Companies", "sector": "Financial Services", "longBusinessSummary": "AltEnergy Acquisition Corp. does not have significant operations. The company intends to effect a merger, capital stock exchange, asset acquisition, stock purchase, reorganization, or similar business combination with one or more businesses in the renewable energy or related clean technology sectors. AltEnergy Acquisition Corp. was incorporated in 2021 and is based in New York, New York.", "companyOfficers": [{"maxAge": 1, "name": "Mr. Russell M. Stidolph", "age": 46, "title": "Chairman & CEO", "yearBorn": 1976, "exercisedValue": 0, "unexercisedValue": 0}, {"maxAge": 1, "name": "Mr. Jonathan R. Darnell", "age": 61, "title": "Chief Financial Officer", "yearBorn": 1961, "exercisedValue": 0, "unexercisedValue": 0}, {"maxAge": 1, "name": "Mr. Arul  Gupta", "age": 42, "title": "Chief Operating Officer", "yearBorn": 1980, "exercisedValue": 0, "unexercisedValue": 0}], "maxAge": 86400, "latitude": 40.757959140817604, "longitude": -73.97162707241793}