{"address1": "Aegonplein 50", "city": "The Hague", "zip": "2591 TV", "country": "Netherlands", "phone": "31 70 344 3210", "website": "https://www.aegon.com", "industry": "Insurance\u2014Diversified", "industryDisp": "Insurance\u2014Diversified", "sector": "Financial Services", "longBusinessSummary": "Aegon N.V. provides insurance, pensions, retirement, and asset management services in the Americas, the Netherlands, the United Kingdom, and internationally. The company offers life, accident, property and casualty, and health insurance; annuities, retirement plans, and mutual funds; mortgage loans; and individual retirement accounts, as well as stable value, investment management, and digital banking solutions. It offers its products under the Aegon and Transamerica brands. The company was founded in 1844 and is headquartered in The Hague, the Netherlands.", "fullTimeEmployees": 19087, "companyOfficers": [{"maxAge": 1, "name": "Mr. E.  Friese", "age": 60, "title": "CEO & Chairman of Management Board", "yearBorn": 1962, "fiscalYear": 2022, "totalPay": 3156846, "exercisedValue": 0, "unexercisedValue": 0}, {"maxAge": 1, "name": "Mr. Matthew James Rider", "age": 59, "title": "CFO & Member of Exec. Board", "yearBorn": 1963, "fiscalYear": 2022, "totalPay": 2227915, "exercisedValue": 0, "unexercisedValue": 0}, {"maxAge": 1, "name": "Dr. Marco Baptist Arie Keim RA", "age": 60, "title": "CEO of Aegon International & Member of the Management Board", "yearBorn": 1962, "exercisedValue": 0, "unexercisedValue": 0}, {"maxAge": 1, "name": "Ms. Allegra Cristina Carla van H\u00f6vell-Patrizi", "age": 48, "title": "CEO of Aegon the Netherlands & Member of the Management Board", "yearBorn": 1974, "exercisedValue": 0, "unexercisedValue": 0}, {"maxAge": 1, "name": "Mr. J. Onno van Klinken", "age": 53, "title": "Gen. Counsel, Exec. VP & Member of the Management Board", "yearBorn": 1969, "exercisedValue": 0, "unexercisedValue": 0}, {"maxAge": 1, "name": "Mr. Bas Christian NieuweWeme", "age": 50, "title": "Global CEO of Aegon Asset Management & Member of Management Board", "yearBorn": 1972, "exercisedValue": 0, "unexercisedValue": 0}, {"maxAge": 1, "name": "Mr. Michael Anthony Holliday-Williams", "age": 52, "title": "CEO of Aegon UK & Member of Management Board", "yearBorn": 1970, "exercisedValue": 0, "unexercisedValue": 0}, {"maxAge": 1, "name": "Mr. Duncan  Russell", "age": 44, "title": "Chief Transformation Officer & Member of Management Board", "yearBorn": 1978, "exercisedValue": 0, "unexercisedValue": 0}, {"maxAge": 1, "name": "Mr. Wilford Herndon Fuller", "age": 51, "title": "Member of the Management Board and CEO of Aegon Americas", "yearBorn": 1971, "exercisedValue": 0, "unexercisedValue": 0}, {"maxAge": 1, "name": "Ms. Elisabetta  Caldera", "age": 52, "title": "Chief HR Officer & Member of the Management Board", "yearBorn": 1970, "exercisedValue": 0, "unexercisedValue": 0}], "auditRisk": 2, "boardRisk": 1, "compensationRisk": 2, "shareHolderRightsRisk": 10, "overallRisk": 1, "governanceEpochDate": "2023-04-30 20:00:00", "compensationAsOfEpochDate": "2022-12-30 19:00:00", "maxAge": 86400, "latitude": 52.09155329134853, "longitude": 4.369488220833944}