{"address1": "6000 Westown Parkway", "city": "West Des Moines", "state": "IA", "zip": "50266", "country": "United States", "phone": "515 221 0002", "fax": "515 226 3129", "website": "https://www.american-equity.com", "industry": "Insurance\u2014Life", "industryDisp": "Insurance\u2014Life", "sector": "Financial Services", "longBusinessSummary": "American Equity Investment Life Holding Company, through its subsidiaries, provides life insurance products in the United States. The company issues fixed index and rate annuities, as well as single premium immediate annuities. It markets its products through independent agents, including independent marketing organizations, broker/dealers, banks, and registered investment advisors. American Equity Investment Life Holding Company was incorporated in 1995 and is based in West Des Moines, Iowa.", "fullTimeEmployees": 840, "companyOfficers": [{"maxAge": 1, "name": "Mr. Anant  Bhalla", "age": 44, "title": "Pres, CEO & Director", "yearBorn": 1978, "fiscalYear": 2022, "totalPay": 4775042, "exercisedValue": 0, "unexercisedValue": 3676922}, {"maxAge": 1, "name": "Mr. Axel Philippe Alain Andre", "age": 46, "title": "Exec. VP & CFO", "yearBorn": 1976, "fiscalYear": 2022, "totalPay": 2280021, "exercisedValue": 0, "unexercisedValue": 194220}, {"maxAge": 1, "name": "Mr. James Louis Hamalainen", "age": 57, "title": "Exec. VP & Chief Investment Officer", "yearBorn": 1965, "fiscalYear": 2022, "totalPay": 1870489, "exercisedValue": 0, "unexercisedValue": 1061682}, {"maxAge": 1, "name": "Mr. Jeffrey David Lorenzen CFA", "age": 56, "title": "Exec. VP & Chief Risk Officer", "yearBorn": 1966, "fiscalYear": 2022, "totalPay": 1082873, "exercisedValue": 0, "unexercisedValue": 682783}, {"maxAge": 1, "name": "Mr. Dewayne  Lummus", "age": 52, "title": "Sr. VP & Chief Accounting Officer", "yearBorn": 1970, "exercisedValue": 0, "unexercisedValue": 0}, {"maxAge": 1, "name": "Mr. Nicholas P. Volpe", "age": 46, "title": "Exec. VP & CTO", "yearBorn": 1976, "exercisedValue": 0, "unexercisedValue": 0}, {"maxAge": 1, "name": "Mr. Steven D. Schwartz C.F.A.", "title": "Head of Investor Relations", "exercisedValue": 0, "unexercisedValue": 0}, {"maxAge": 1, "name": "Ms. Kate  Etinger", "age": 46, "title": "Exec. VP & Chief People Officer", "yearBorn": 1976, "exercisedValue": 0, "unexercisedValue": 0}, {"maxAge": 1, "name": "Mr. Harley  Whitfield Jr.", "title": "Sr. VP of Resolutions", "exercisedValue": 0, "unexercisedValue": 0}, {"maxAge": 1, "name": "Ms. Julie Lynne LaFollette", "title": "Director of Investor Relations", "exercisedValue": 0, "unexercisedValue": 0}], "auditRisk": 4, "boardRisk": 4, "compensationRisk": 4, "shareHolderRightsRisk": 3, "overallRisk": 3, "governanceEpochDate": "2023-04-30 20:00:00", "compensationAsOfEpochDate": "2022-12-30 19:00:00", "maxAge": 86400, "latitude": 41.594362017509695, "longitude": -93.79141103187176}