{"address1": "Royal One Phillip", "address2": "No. 09-00, 1 Phillip Street", "city": "Singapore", "zip": "048692", "country": "Singapore", "phone": "65 3135 1511", "website": "https://www.aurafatprojects.com", "industry": "Shell Companies", "industryDisp": "Shell Companies", "sector": "Financial Services", "longBusinessSummary": "Aura FAT Projects Acquisition Corp does not have significant operations. The company intends to effect a merger, share exchange, asset acquisition, share purchase, reorganization, or similar business combination with one or more businesses. It focuses on acquiring technology companies with Web 3.0, blockchain, cryptocurrency, digital ledger, e-gaming, and other new financial technology and services application in Southeast Asia, Australia, and New Zealand. The company was incorporated in 2021 and is based in Singapore.", "companyOfficers": [{"maxAge": 1, "name": "Mr. Tristan  Lo", "age": 38, "title": "Co-CEO & Chairman", "yearBorn": 1984, "exercisedValue": 0, "unexercisedValue": 0}, {"maxAge": 1, "name": "Mr. David  Andrada", "age": 40, "title": "Co-CEO, CFO & Director", "yearBorn": 1982, "exercisedValue": 0, "unexercisedValue": 0}, {"maxAge": 1, "name": "Mr. Nils  Michaelis", "age": 49, "title": "Pres, COO, Head of Mergers & Acquisition & Director", "yearBorn": 1973, "exercisedValue": 0, "unexercisedValue": 0}, {"maxAge": 1, "name": "Mr. Kar Wing  Ng B.Com., L.L.B.", "age": 38, "title": "Non-Exec. Director & Chief Advisor", "yearBorn": 1984, "exercisedValue": 0, "unexercisedValue": 0}], "maxAge": 86400, "latitude": 1.284981379883817, "longitude": 103.8500148634659}