{"address1": "3175 Highway 278", "city": "Covington", "state": "GA", "zip": "30014", "country": "United States", "phone": "770 786 7088", "website": "https://myaffinitybank.com", "industry": "Banks\u2014Regional", "industryDisp": "Banks\u2014Regional", "sector": "Financial Services", "longBusinessSummary": "Affinity Bancshares, Inc. operates as the holding company for Affinity Bank that engages in the provision of various banking products and services in Georgia. The company accepts various deposit accounts, including savings accounts, checking accounts, certificates of deposit, and individual retirement accounts. It also offers commercial real estate, commercial and industrial, one- to four-family residential real estate, construction and land, and consumer loans. In addition, the company invests in U.S. treasury securities; securities and obligations issued by the U.S. government and its agencies, or government sponsored enterprises, including mortgage-backed securities and collateralized mortgage obligations; corporate and municipal bonds; certificates of deposit in other financial institutions; and federal and money market funds. Further, it operates a virtual bank under the name FitnessBank, which accepts deposits and provides higher interest rates based on customers meeting certain fitness goals. The company was founded in 1928 and is headquartered in Covington, Georgia.", "fullTimeEmployees": 89, "companyOfficers": [{"maxAge": 1, "name": "Mr. Edward J. Cooney CPA, CPA", "age": 54, "title": "CEO & Director", "yearBorn": 1968, "fiscalYear": 2022, "totalPay": 516569, "exercisedValue": 0, "unexercisedValue": 119648}, {"maxAge": 1, "name": "Mr. Clark N. Nelson Jr.", "age": 57, "title": "Exec. VP & Chief Credit Officer", "yearBorn": 1965, "fiscalYear": 2022, "totalPay": 354966, "exercisedValue": 0, "unexercisedValue": 66476}, {"maxAge": 1, "name": "Ms. Elizabeth M. Galazka", "age": 57, "title": "Exec. VP of Lending", "yearBorn": 1965, "fiscalYear": 2022, "totalPay": 355544, "exercisedValue": 0, "unexercisedValue": 66476}, {"maxAge": 1, "name": "Ms. Brandi C. Pajot CPA, CPA", "age": 45, "title": "Sr. VP, CFO, Chief Treasury, Corp. Sec. & Risk Officer", "yearBorn": 1977, "exercisedValue": 0, "unexercisedValue": 0}, {"maxAge": 1, "name": "Mr. Robert A. Vickers", "age": 41, "title": "Sr. VP & Operations Officer", "yearBorn": 1981, "exercisedValue": 0, "unexercisedValue": 0}], "compensationAsOfEpochDate": "2022-12-30 19:00:00", "maxAge": 86400, "latitude": 33.602934096332184, "longitude": -83.85734243967732}