{"address1": "301 East Fourth Street", "city": "Cincinnati", "state": "OH", "zip": "45202", "country": "United States", "phone": "513 579 2121", "fax": "513 352 9230", "website": "https://www.afginc.com", "industry": "Insurance\u2014Property & Casualty", "industryDisp": "Insurance\u2014Property & Casualty", "sector": "Financial Services", "longBusinessSummary": "American Financial Group, Inc., an insurance holding company, provides specialty property and casualty insurance products in the United States. It offers property and transportation insurance products, such as physical damage and liability coverage for buses and trucks, inland and ocean marine, agricultural-related products, and other commercial property and specialty transportation coverages; specialty casualty insurance, including primarily excess and surplus, executive and professional liability, general liability, umbrella and excess liability, and specialty coverage in targeted markets, as well as customized programs for small to mid-sized businesses and workers' compensation insurance; and specialty financial insurance products comprising risk management insurance programs for lending and leasing institutions, fidelity and surety products, and trade credit insurance. The company sells its property and casualty insurance products through independent insurance agents and brokers. American Financial Group, Inc. was founded in 1872 and is headquartered in Cincinnati, Ohio.", "fullTimeEmployees": 6900, "companyOfficers": [{"maxAge": 1, "name": "Mr. Stephen Craig Lindner", "age": 67, "title": "Co-Pres, Co-CEO & Director", "yearBorn": 1955, "fiscalYear": 2022, "totalPay": 11137740, "exercisedValue": 0, "unexercisedValue": 0}, {"maxAge": 1, "name": "Mr. Carl Henry Lindner III", "age": 69, "title": "Co-Pres, Co-CEO & Director", "yearBorn": 1953, "fiscalYear": 2022, "totalPay": 11170271, "exercisedValue": 0, "unexercisedValue": 0}, {"maxAge": 1, "name": "Mr. Brian Scott Hertzman", "age": 50, "title": "Sr. VP & CFO", "yearBorn": 1972, "fiscalYear": 2022, "totalPay": 999970, "exercisedValue": 0, "unexercisedValue": 0}, {"maxAge": 1, "name": "Mr. James E. Evans", "age": 76, "title": "Exec. Consultant & Director", "yearBorn": 1946, "fiscalYear": 2022, "totalPay": 261276, "exercisedValue": 0, "unexercisedValue": 0}, {"maxAge": 1, "name": "Mr. Vito Charles Peraino Esq.", "age": 66, "title": "Sr. VP & Exec. Counsel", "yearBorn": 1956, "fiscalYear": 2022, "totalPay": 1622368, "exercisedValue": 355056, "unexercisedValue": 0}, {"maxAge": 1, "name": "Mr. David Lawrence Thompson Jr.", "title": "Pres & COO of Property and Casualty Insurance Group", "fiscalYear": 2022, "totalPay": 1206520, "exercisedValue": 0, "unexercisedValue": 0}, {"maxAge": 1, "name": "Mr. John R. Rogers", "title": "Chief Information Security Officer & Divisional VP", "exercisedValue": 0, "unexercisedValue": 0}, {"maxAge": 1, "name": "Ms. Michelle Ann Gillis SPHR", "age": 53, "title": "Sr. VP, Chief HR Officer & Chief Admin. Officer", "yearBorn": 1969, "fiscalYear": 2021, "exercisedValue": 0, "unexercisedValue": 0}, {"maxAge": 1, "name": "Ms. Diane P. Weidner", "title": "VP of Investor Relations", "exercisedValue": 0, "unexercisedValue": 0}, {"maxAge": 1, "name": "Mr. Mark Andrew Weiss", "age": 55, "title": "Sr. VP, Gen. Counsel & Chief Compliance Officer", "yearBorn": 1967, "exercisedValue": 0, "unexercisedValue": 0}], "auditRisk": 6, "boardRisk": 8, "compensationRisk": 3, "shareHolderRightsRisk": 3, "overallRisk": 5, "governanceEpochDate": "2023-04-30 20:00:00", "compensationAsOfEpochDate": "2022-12-30 19:00:00", "maxAge": 86400, "latitude": 39.10011001355019, "longitude": -84.50718198181464}