{"address1": "1932 Wynnton Road", "city": "Columbus", "state": "GA", "zip": "31999", "country": "United States", "phone": "706 323 3431", "website": "https://www.aflac.com", "industry": "Insurance\u2014Life", "industryDisp": "Insurance\u2014Life", "sector": "Financial Services", "longBusinessSummary": "Aflac Incorporated, through its subsidiaries, provides supplemental health and life insurance products. It operates in two segments, Aflac Japan and Aflac U.S. The Aflac Japan segment offers cancer, medical, nursing care, work leave, GIFT, and whole and term life insurance products, as well as WAYS and child endowment plans under saving type insurance products in Japan. The Aflac U.S. segment provides cancer, accident, short-term disability, critical illness, hospital indemnity, dental, vision, long-term care and disability, and term and whole life insurance products in the United States. It sells its products through sales associates, brokers, independent corporate agencies, individual agencies, and affiliated corporate agencies. The company was founded in 1955 and is headquartered in Columbus, Georgia.", "fullTimeEmployees": 12882, "companyOfficers": [{"maxAge": 1, "name": "Mr. Daniel Paul Amos", "age": 70, "title": "Chairman & CEO", "yearBorn": 1952, "fiscalYear": 2022, "totalPay": 6281210, "exercisedValue": 0, "unexercisedValue": 0}, {"maxAge": 1, "name": "Mr. Frederick John  Crawford", "age": 58, "title": "Pres & COO", "yearBorn": 1964, "fiscalYear": 2022, "totalPay": 4139219, "exercisedValue": 0, "unexercisedValue": 3675592}, {"maxAge": 1, "name": "Mr. Max Kristian  Broden", "age": 43, "title": "Exec. VP & CFO", "yearBorn": 1979, "fiscalYear": 2022, "totalPay": 2314444, "exercisedValue": 0, "unexercisedValue": 154908}, {"maxAge": 1, "name": "Ms. Audrey Boone Tillman Esq.", "age": 57, "title": "Exec. VP & Gen. Counsel", "yearBorn": 1965, "fiscalYear": 2022, "totalPay": 1806064, "exercisedValue": 640893, "unexercisedValue": 2517761}, {"maxAge": 1, "name": "Mr. Bradley Eugene Dyslin C.F.A., CFA", "title": "Deputy Global CIO, Sr. MD, Global Head of Credit & Strategic Investment Opportunities", "exercisedValue": 0, "unexercisedValue": 0}, {"maxAge": 1, "name": "Ms. June Posey Howard CPA, CFA, CGMA", "age": 55, "title": "Sr. VP of Financial Services & Chief Accounting Officer", "yearBorn": 1967, "exercisedValue": 0, "unexercisedValue": 0}, {"maxAge": 1, "name": "Mr. J. Peter Kelso", "title": "Exec. VP & Global Chief Information Officer", "exercisedValue": 0, "unexercisedValue": 0}, {"maxAge": 1, "name": "Mr. Koichiro  Yoshizumi", "age": 60, "title": "EVP of Sales & Mrkt. and Director of Sales, Mrkt., Alliance Strategy - Aflac Life Insurance Japan", "yearBorn": 1962, "exercisedValue": 0, "unexercisedValue": 0}, {"maxAge": 1, "name": "Mr. James Todd Daniels", "age": 51, "title": "Exec. VP, Director & CFO of Aflac Life Insurance Japan", "yearBorn": 1971, "exercisedValue": 0, "unexercisedValue": 0}, {"maxAge": 1, "name": "Mr. Bradley L. Knox", "title": "Sr. VP & Counsel of Federal Relations", "exercisedValue": 0, "unexercisedValue": 0}], "auditRisk": 1, "boardRisk": 6, "compensationRisk": 1, "shareHolderRightsRisk": 9, "overallRisk": 4, "governanceEpochDate": "2023-04-30 20:00:00", "compensationAsOfEpochDate": "2022-12-30 19:00:00", "maxAge": 86400, "latitude": 32.46799798331595, "longitude": -84.96454899430486}