{"address1": "301 Commerce Street", "address2": "Suite 3300", "city": "Fort Worth", "state": "TX", "zip": "76102", "country": "United States", "phone": "212 405 8458", "website": "https://www.afternexthealthtech.com", "industry": "Shell Companies", "industryDisp": "Shell Companies", "sector": "Financial Services", "longBusinessSummary": "AfterNext HealthTech Acquisition Corp. does not have significant operations. It intends to effect a merger, capital stock exchange, asset acquisition, stock purchase, reorganization, or other similar business combination with one or more operating businesses or assets in the healthcare and technology industry. The company was incorporated in 2021 and is based in Fort Worth, Texas.", "companyOfficers": [{"maxAge": 1, "name": "Mr. R. Halsey Wise M.B.A.", "age": 57, "title": "CEO & Chairman", "yearBorn": 1965, "exercisedValue": 0, "unexercisedValue": 0}, {"maxAge": 1, "name": "Mr. Anthony  Colaluca Jr.", "age": 55, "title": "Pres & Director", "yearBorn": 1967, "exercisedValue": 0, "unexercisedValue": 0}, {"maxAge": 1, "name": "Mr. Martin Louis Davidson CPA", "age": 45, "title": "Chief Financial Officer", "yearBorn": 1977, "exercisedValue": 0, "unexercisedValue": 0}, {"maxAge": 1, "name": "Mr. Art  Heidrich", "age": 34, "title": "Sec.", "yearBorn": 1988, "exercisedValue": 0, "unexercisedValue": 0}], "maxAge": 86400, "latitude": 32.75601999962517, "longitude": -97.33059496494504}