{"address1": "322 West 52nd Street", "address2": "Suite 2322", "city": "New York", "state": "NY", "zip": "10019-9998", "country": "United States", "phone": "860 214 3714", "website": "https://www.africangoldcorp.com", "industry": "Shell Companies", "industryDisp": "Shell Companies", "sector": "Financial Services", "longBusinessSummary": "African Gold Acquisition Corporation does not have significant operations. The company focuses on effecting a merger or mergers, asset acquisition, share purchase, reorganization, or other similar business combination with one or more businesses. African Gold Acquisition Corporation was incorporated in 2020 and is based in New York, New York.", "companyOfficers": [{"maxAge": 1, "name": "Mr. Christopher Damon Chadwick B.Com., B.Comm (Hons), C.A., C.A. (SA), CTA", "age": 54, "title": "CEO & Director", "yearBorn": 1968, "exercisedValue": 0, "unexercisedValue": 0}, {"maxAge": 1, "name": "Mr. Carl  Pombar", "age": 49, "title": "Chief Financial Officer", "yearBorn": 1973, "exercisedValue": 0, "unexercisedValue": 0}], "maxAge": 86400, "latitude": 40.76393573114831, "longitude": -73.98637343849352}