{"address1": "AGBA Tower", "address2": "68 Johnston Road", "city": "Wan Chai", "country": "Hong Kong", "phone": "852 3601 8000", "website": "https://www.agba.com", "industry": "Capital Markets", "industryDisp": "Capital Markets", "sector": "Financial Services", "longBusinessSummary": "AGBA Group Holding Limited together with its subsidiaries provides wealth management and healthcare institution services in Hong Kong. The company operates through Platform Business, Distribution Business, Healthcare Business, and Fintech Business segments. The Platform Business segment operates as a financial supermarket that offers financial products, such as life insurance, pensions, property-casualty insurance, stock brokerage, mutual funds, money lending, and real estate agency services. This segment serves banks, financial institutions, family offices, brokers, and individual independent financial advisors. The Distribution Business segment provides personal financial advisory services; and financial services and products, including long-term life insurance, savings, and mortgages. The Healthcare Business segment operates self-operated medical centers and a network of healthcare service providers in the Hong Kong and Macau region. The Fintech Business segment provides assets and businesses in Europe and Hong Kong. The Fintech Business segment manages financial technology investments with a spectrum of services and value-added information in health, insurance, investments, and social sharing. The company was formerly known as AGBA Acquisition Limited and changed its name to AGBA Group Holding Limited. AGBA Group Holding Limited was founded in 1993 and is headquartered in Wan Chai, Hong Kong.", "fullTimeEmployees": 152, "companyOfficers": [{"maxAge": 1, "name": "Mr. Wing Fai  Ng", "age": 54, "title": "Exec. Chairman", "yearBorn": 1968, "fiscalYear": 2022, "totalPay": 1316076, "exercisedValue": 0, "unexercisedValue": 0}, {"maxAge": 1, "name": "Mr. Pei Huang  Shu", "age": 48, "title": "Acting Group CFO & Director of Corp. Devel.", "yearBorn": 1974, "fiscalYear": 2022, "totalPay": 338477, "exercisedValue": 0, "unexercisedValue": 0}, {"maxAge": 1, "name": "Ms. Suet Fai  Wong", "age": 51, "title": "Group COO & Exec. Director", "yearBorn": 1971, "fiscalYear": 2022, "totalPay": 462137, "exercisedValue": 0, "unexercisedValue": 0}, {"maxAge": 1, "name": "Mr. Jeroen  Nieuwkoop", "age": 50, "title": "Group Chief Strategy Officer", "yearBorn": 1972, "fiscalYear": 2022, "totalPay": 440755, "exercisedValue": 0, "unexercisedValue": 0}, {"maxAge": 1, "name": "Mr. Richard  Kong", "age": 53, "title": "Deputy CFO & Company Sec.", "yearBorn": 1969, "fiscalYear": 2022, "totalPay": 294352, "exercisedValue": 0, "unexercisedValue": 0}, {"maxAge": 1, "name": "Mr. Arthur Kwok Leung Wong", "title": "Group Chief Information Officer", "exercisedValue": 0, "unexercisedValue": 0}], "compensationAsOfEpochDate": "2022-12-30 19:00:00", "maxAge": 86400, "latitude": 22.273417637810766, "longitude": 114.15554017487705}