{"address1": "1999 K Street, NW", "address2": "4th Floor", "city": "Washington", "state": "DC", "zip": "20006", "country": "United States", "phone": "202 872 7700", "fax": "800 999 1814", "website": "https://www.farmermac.com", "industry": "Credit Services", "industryDisp": "Credit Services", "sector": "Financial Services", "longBusinessSummary": "Federal Agricultural Mortgage Corporation provides a secondary market for various loans made to borrowers in the United States. It operates through Corporate AgFinance, Farm & Ranch, Rural Utilities, and Renewable Energy segments. The company's Agricultural Finance line of business engages in purchasing and retaining eligible loans and securities; guaranteeing the payment of principal and interest on securities that represent interests in or obligations secured by pools of eligible loans; servicing eligible loans; and issuing LTSPCs for eligible loans. Its Rural Infrastructure Finance line of business is involved in the purchase of rural utilities loans and renewable energy loans and guarantees of securities backed by loans, as well as LTSPCs for pools of eligible rural utilities loans; by loans for electric or telecommunications facilities by lenders organized as cooperatives to borrowers; and other financial institutions that are secured by pools of eligible loans. The company was founded in 1987 and is headquartered in Washington, the District of Columbia.", "fullTimeEmployees": 158, "companyOfficers": [{"maxAge": 1, "name": "Mr. Bradford Todd Nordholm", "age": 65, "title": "Pres & CEO", "yearBorn": 1957, "fiscalYear": 2022, "totalPay": 2357032, "exercisedValue": 0, "unexercisedValue": 731432}, {"maxAge": 1, "name": "Ms. Aparna  Ramesh", "age": 46, "title": "Exec. VP, CFO & Treasurer", "yearBorn": 1976, "fiscalYear": 2022, "totalPay": 968167, "exercisedValue": 48418, "unexercisedValue": 32489}, {"maxAge": 1, "name": "Mr. Stephen P. Mullery", "age": 55, "title": "Exec. VP, Gen. Counsel & Corp. Sec.", "yearBorn": 1967, "fiscalYear": 2022, "totalPay": 819511, "exercisedValue": 291922, "unexercisedValue": 1772092}, {"maxAge": 1, "name": "Mr. Zachary N. Carpenter", "age": 40, "title": "Exec. VP & Chief Bus. Officer", "yearBorn": 1982, "fiscalYear": 2022, "totalPay": 1023664, "exercisedValue": 102653, "unexercisedValue": 0}, {"maxAge": 1, "name": "Mr. Marc J. Crady", "age": 53, "title": "Sr. VP & Chief Credit Officer", "yearBorn": 1969, "fiscalYear": 2022, "totalPay": 624354, "exercisedValue": 0, "unexercisedValue": 14995}, {"maxAge": 1, "name": "Mr. Robert J. Maines", "age": 53, "title": "Sr. VP of Operations", "yearBorn": 1969, "exercisedValue": 0, "unexercisedValue": 0}, {"maxAge": 1, "name": "Mr. Gregory N. Ramsey", "age": 57, "title": "VP, Principal Accounting Officer & Chief Accounting Officer", "yearBorn": 1965, "fiscalYear": 2019, "exercisedValue": 0, "unexercisedValue": 0}, {"maxAge": 1, "name": "Mr. Sean T. Datcher", "age": 56, "title": "Sr. VP & Chief Information Officer", "yearBorn": 1966, "exercisedValue": 0, "unexercisedValue": 0}, {"maxAge": 1, "name": "Ms. Jalpa  Nazareth", "title": "Sr. Director of Investor Relations & Fin. Strategy", "exercisedValue": 0, "unexercisedValue": 0}, {"maxAge": 1, "name": "Michelle  Nichols", "title": "Director of Compliance", "exercisedValue": 0, "unexercisedValue": 0}], "auditRisk": 6, "boardRisk": 3, "compensationRisk": 3, "shareHolderRightsRisk": 10, "overallRisk": 7, "governanceEpochDate": "2023-04-30 20:00:00", "compensationAsOfEpochDate": "2022-12-30 19:00:00", "maxAge": 86400, "latitude": 38.90280655068477, "longitude": -77.04460854504472}