{"address1": "30 Woodbourne Avenue", "city": "Hamilton", "zip": "HM 08", "country": "Bermuda", "phone": "441 279 5700", "fax": "441 279 5701", "website": "https://www.assuredguaranty.com", "industry": "Insurance\u2014Specialty", "industryDisp": "Insurance\u2014Specialty", "sector": "Financial Services", "longBusinessSummary": "Assured Guaranty Ltd., through its subsidiaries, provides credit protection products to public finance, infrastructure, and structured finance markets in the United States and internationally. The company operates in two segments, Insurance and Asset Management. It offers financial guaranty insurance that protects holders of debt instruments and other monetary obligations from defaults in scheduled payments. In addition, the company insures and reinsures various debt obligations, including bonds issued by the United States state governmental authorities; and notes issued to finance infrastructure projects. Further, it insures and reinsures various the U.S. public finance obligations, such as general obligation, tax-backed, municipal utility, transportation, healthcare, higher education, infrastructure, housing revenue, investor-owned utility, renewable energy, and other public finance bonds. Additionally, the company is involved in insuring and reinsuring of non-U.S. public finance obligations comprising regulated utilities, infrastructure finance, sovereign and sub-sovereign, renewable energy bonds, pooled infrastructure, and other public finance obligations; and the U.S. and non-U.S. Structured finance obligations, including residential mortgage-backed securities, life insurance transactions, consumer receivables securities, pooled corporate obligations, and financial products. Furthermore, it offers specialty insurance and reinsurance that include life and aircraft residual value insurance transactions; and asset management services comprising investment advisory services. It markets its financial guaranty insurance directly to issuers and underwriters of public finance and structured finance securities, as well as to investors in such obligations. Assured Guaranty Ltd. was incorporated in 2003 and is headquartered in Hamilton, Bermuda.", "fullTimeEmployees": 411, "companyOfficers": [{"maxAge": 1, "name": "Mr. Dominic John Frederico", "age": 69, "title": "Deputy Chairman, Pres & CEO", "yearBorn": 1953, "fiscalYear": 2022, "totalPay": 4944230, "exercisedValue": 0, "unexercisedValue": 0}, {"maxAge": 1, "name": "Mr. Robert Adam Bailenson", "age": 56, "title": "Chief Financial Officer", "yearBorn": 1966, "fiscalYear": 2022, "totalPay": 3105540, "exercisedValue": 0, "unexercisedValue": 0}, {"maxAge": 1, "name": "Mr. David Allan Buzen", "age": 63, "title": "Chief Investment Officer & Head of Asset Management", "yearBorn": 1959, "fiscalYear": 2022, "totalPay": 2432673, "exercisedValue": 0, "unexercisedValue": 0}, {"maxAge": 1, "name": "Ms. Gon Ling Chow", "age": 51, "title": "Gen. Counsel & Sec.", "yearBorn": 1971, "fiscalYear": 2022, "totalPay": 2178963, "exercisedValue": 0, "unexercisedValue": 0}, {"maxAge": 1, "name": "Mr. Stephen John Donnarumma", "age": 59, "title": "Chief Credit Officer", "yearBorn": 1963, "fiscalYear": 2022, "totalPay": 1921348, "exercisedValue": 0, "unexercisedValue": 0}, {"maxAge": 1, "name": "Ms. Laura Ann Bieling", "age": 55, "title": "Chief Accounting Officer & Controller", "yearBorn": 1967, "exercisedValue": 0, "unexercisedValue": 0}, {"maxAge": 1, "name": "Mr. Christopher M. Gibbons", "title": "CTO & Head of Information Technology", "exercisedValue": 0, "unexercisedValue": 0}, {"maxAge": 1, "name": "Kirk  Edmunds", "title": "Chief Information Officer", "exercisedValue": 0, "unexercisedValue": 0}, {"maxAge": 1, "name": "Mr. Robert S. Tucker", "title": "Sr. Managing Director of Investor Relations & Corp. Communications", "exercisedValue": 0, "unexercisedValue": 0}, {"maxAge": 1, "name": "Ms. Dawn Lynn Jasiak", "title": "Head of Human Capital Management", "exercisedValue": 0, "unexercisedValue": 0}], "auditRisk": 4, "boardRisk": 2, "compensationRisk": 2, "shareHolderRightsRisk": 2, "overallRisk": 1, "governanceEpochDate": "2023-04-30 20:00:00", "compensationAsOfEpochDate": "2022-12-30 19:00:00", "maxAge": 86400, "latitude": 32.29347251996786, "longitude": -64.79015065943416}