{"address1": "Room 515", "address2": "5th Floor Jia No. 92-4 to 24 Jianguo Road Chaoyang District", "city": "Beijing", "zip": "10020", "country": "China", "phone": "86 10 5370 9902", "website": "https://www.xiaobaimaimai.com", "industry": "Medical Distribution", "industryDisp": "Medical Distribution", "sector": "Healthcare", "longBusinessSummary": "Akso Health Group operates a social e-commerce mobile platform in China. The company operates Xiaobai Maimai App, which offers food and beverage products, wine, cosmetic products, fashion and apparel, entertainment products, housewares, home appliances, etc. It also offers consultancy and information technology support services; provides health treatment services; sells medical devices; and trades in branded products, as well as promotes products. The company was formerly known as Xiaobai Maimai Inc. and changed its name to Akso Health Group in December 2021. Akso Health Group was founded in 2014 and is headquartered in Beijing, China. As of July 13, 2021, Akso Health Group operates as a subsidiary of Webao Limited.", "fullTimeEmployees": 182, "companyOfficers": [{"maxAge": 1, "name": "Ms. Yilin  Wang", "age": 35, "title": "CEO & Chairwomen of the Board", "yearBorn": 1987, "exercisedValue": 0, "unexercisedValue": 0}, {"maxAge": 1, "name": "Ms. Rui  Zhang", "age": 39, "title": "Chief Financial Officer", "yearBorn": 1983, "exercisedValue": 0, "unexercisedValue": 0}, {"maxAge": 1, "name": "Ms. Daisy  Wang", "title": "Investor Relation Contact", "exercisedValue": 0, "unexercisedValue": 0}, {"maxAge": 1, "name": "Ms. Ma  Xiaoqin", "title": "Corp. Sec.", "exercisedValue": 0, "unexercisedValue": 0}], "maxAge": 86400, "latitude": 39.90750000000003, "longitude": 116.39723000000004}