{"address1": "Boundary Hall", "address2": "Cricket Square", "city": "Grand Cayman", "zip": "KY1-1102", "country": "Cayman Islands", "website": "https://ahrenacq.com", "industry": "Shell Companies", "industryDisp": "Shell Companies", "sector": "Financial Services", "longBusinessSummary": "Ahren Acquisition Corp. does not have significant operations. The company focuses on effecting a merger, asset acquisition, share exchange, share purchase, reorganization, or similar business combination with one or more businesses. It intends to identify and complete a business combination with a company fueled by deep technology and/or deep science. The company was incorporated in 2021 and is based in Grand Cayman, the Cayman Islands.", "companyOfficers": [{"maxAge": 1, "name": "Ms. Alice  Newcombe-Ellis", "age": 38, "title": "CEO & Director", "yearBorn": 1984, "exercisedValue": 0, "unexercisedValue": 0}, {"maxAge": 1, "name": "Mr. Elliot  Richmond", "age": 42, "title": "CFO & Director", "yearBorn": 1980, "exercisedValue": 0, "unexercisedValue": 0}, {"maxAge": 1, "name": "Sir Shankar  Balasubramanian", "age": 55, "title": "Science Partner", "yearBorn": 1967, "exercisedValue": 0, "unexercisedValue": 0}], "maxAge": 86400, "latitude": 19.29281590900007, "longitude": -81.36769499999997}