{"address1": "875 Third Avenue", "address2": "Suite M204A", "city": "New York", "state": "NY", "zip": "10022", "country": "United States", "phone": "212 380 8128", "website": "https://www.aibspac.com", "industry": "Shell Companies", "industryDisp": "Shell Companies", "sector": "Financial Services", "longBusinessSummary": "AIB Acquisition Corporation does not have significant operations. It intends to effect a merger, share exchange, asset acquisition, share purchase, recapitalization, reorganization, or similar business combination with one or more businesses in the fintech industries. The company was incorporated in 2021 and is based in New York, New York.", "companyOfficers": [{"maxAge": 1, "name": "Mr. Eric  Chen", "age": 47, "title": "CEO & Director", "yearBorn": 1975, "exercisedValue": 0, "unexercisedValue": 0}, {"maxAge": 1, "name": "Ms. Jie  Gao", "age": 37, "title": "Chief Financial Officer", "yearBorn": 1985, "exercisedValue": 0, "unexercisedValue": 0}], "maxAge": 86400, "latitude": 40.75711592135818, "longitude": -73.96957241649254}