{"address1": "1271 Avenue of the Americas", "city": "New York", "state": "NY", "zip": "10020", "country": "United States", "phone": "212 770 7000", "website": "https://www.aig.com", "industry": "Insurance\u2014Diversified", "industryDisp": "Insurance\u2014Diversified", "sector": "Financial Services", "longBusinessSummary": "American International Group, Inc. offers insurance products for commercial, institutional, and individual customers in North America and internationally. It operates through General Insurance, and Life and Retirement segments. The General Insurance segment provides commercial and industrial property insurance, including business interruption and package insurance that cover exposure to made and natural disasters; general liability, environmental, commercial automobile liability, workers' compensation, excess casualty, and crisis management insurance products; and professional liability insurance. This segment also offers marine, energy-related property insurance, aviation, political risk, trade credit, trade finance, and portfolio solutions, as well as operates reinsurance business; voluntary and sponsor-paid personal accident, and supplemental health products; and personal auto and personal property insurance. The Life and Retirement segment offers individual retirement products, including variable, fixed index, and fixed annuities, as well as retail mutual funds; group retirement products comprising record-keeping, plan administrative and compliance services, financial planning, and advisory solutions; life insurance, including term and universal life insurance; and institutional markets products, which includes wrap products, structured settlement, pension risk transfer annuities, corporate and bank-owned life insurance, high net worth, and guaranteed investment contract products. The company distributes its products through a network of brokers, agents, advisors, banks, and other distributors. American International Group, Inc. was founded in 1919 and is headquartered in New York, New York.", "fullTimeEmployees": 26200, "companyOfficers": [{"maxAge": 1, "name": "Mr. Peter Salvatore Zaffino", "age": 55, "title": "Chairman, CEO & Pres", "yearBorn": 1967, "fiscalYear": 2022, "totalPay": 9666320, "exercisedValue": 0, "unexercisedValue": 5864164}, {"maxAge": 1, "name": "Ms. Luciana  Fato Esq.", "age": 56, "title": "Exec. VP, Gen. Counsel and Global Head of Communications & Gov. Affairs", "yearBorn": 1966, "fiscalYear": 2022, "totalPay": 4163536, "exercisedValue": 0, "unexercisedValue": 2747834}, {"maxAge": 1, "name": "Mr. David Hughes McElroy", "age": 63, "title": "Exec. VP & CEO of Gen. Insurance", "yearBorn": 1959, "fiscalYear": 2022, "totalPay": 5193619, "exercisedValue": 0, "unexercisedValue": 1944637}, {"maxAge": 1, "name": "Mr. Shane  Fitzsimons", "age": 54, "title": "Exec. VP & CFO ( leave of absence)", "yearBorn": 1968, "fiscalYear": 2022, "totalPay": 4689106, "exercisedValue": 0, "unexercisedValue": 148409}, {"maxAge": 1, "name": "Mr. Kevin Timothy Hogan", "age": 60, "title": "Pres & CEO of Corebridge Financial, Inc.", "yearBorn": 1962, "fiscalYear": 2022, "totalPay": 3740420, "exercisedValue": 0, "unexercisedValue": 3244787}, {"maxAge": 1, "name": "Ms. Sabra Rose Purtill C.F.A., CFA", "age": 59, "title": "Exec. VP & Interim CFO", "yearBorn": 1963, "exercisedValue": 0, "unexercisedValue": 0}, {"maxAge": 1, "name": "Mr. Claude E. Wade", "age": 54, "title": "Exec. VP, Head of Global Bus. Operations & IT and Chief Digital Officer", "yearBorn": 1968, "exercisedValue": 0, "unexercisedValue": 0}, {"maxAge": 1, "name": "Ms. Elaine Ann Rocha", "age": 49, "title": "Global Chief Investment Officer", "yearBorn": 1973, "exercisedValue": 0, "unexercisedValue": 0}, {"maxAge": 1, "name": "Ms. Kathleen  Carbone", "age": 50, "title": "VP & Chief Accounting Officer", "yearBorn": 1972, "exercisedValue": 0, "unexercisedValue": 0}, {"maxAge": 1, "name": "Mr. John P. Repko", "age": 59, "title": "Exec. VP & Chief Information Officer", "yearBorn": 1963, "exercisedValue": 0, "unexercisedValue": 0}], "auditRisk": 3, "boardRisk": 1, "compensationRisk": 1, "shareHolderRightsRisk": 5, "overallRisk": 1, "governanceEpochDate": "2023-04-30 20:00:00", "compensationAsOfEpochDate": "2022-12-30 19:00:00", "maxAge": 86400, "latitude": 40.76027264796218, "longitude": -73.98021886037624}