{"address1": "14185 Dallas Parkway", "address2": "Suite 1100", "city": "Dallas", "state": "TX", "zip": "75254", "country": "United States", "phone": "972-490-9600", "fax": "972-980-2705", "website": "https://www.ashfordinc.com", "industry": "Asset Management", "industryDisp": "Asset Management", "sector": "Financial Services", "longBusinessSummary": "Ashford, Inc is an asset management firm. The firm provides investment management and related services to the real estate and hospitality sectors. Ashford, Inc was formed on April 2, 2014 and is based in Dallas, Texas. Ashford Inc.(NYSEAM:AINC) operates independently of Ashford Hospitality Trust, Inc. as of November 5, 2019.", "fullTimeEmployees": 7827, "companyOfficers": [{"maxAge": 1, "name": "Mr. Montgomery Jack Bennett IV", "age": 56, "title": "Founder, Chairman & CEO", "yearBorn": 1966, "fiscalYear": 2022, "totalPay": 3333073, "exercisedValue": 0, "unexercisedValue": 0}, {"maxAge": 1, "name": "Mr. Deric S. Eubanks C.F.A., CFA", "age": 46, "title": "CFO & Treasurer", "yearBorn": 1976, "fiscalYear": 2022, "totalPay": 1446315, "exercisedValue": 0, "unexercisedValue": 0}, {"maxAge": 1, "name": "Mr. J. Robison Hays III", "age": 44, "title": "Sr. Managing Director", "yearBorn": 1978, "fiscalYear": 2022, "totalPay": 1994448, "exercisedValue": 0, "unexercisedValue": 0}, {"maxAge": 1, "name": "Mr. Mark L. Nunneley", "age": 65, "title": "Chief Accounting Officer", "yearBorn": 1957, "exercisedValue": 0, "unexercisedValue": 0}, {"maxAge": 1, "name": "Ms. Jordan  Jennings", "title": "Mang. of Investor Relations", "exercisedValue": 0, "unexercisedValue": 0}, {"maxAge": 1, "name": "Mr. Alex  Rose", "age": 36, "title": "Exec. VP, Gen. Counsel & Sec.", "yearBorn": 1986, "exercisedValue": 0, "unexercisedValue": 0}, {"maxAge": 1, "name": "Mr. Robert G. Haiman", "age": 53, "title": "Consultant", "yearBorn": 1969, "exercisedValue": 0, "unexercisedValue": 0}, {"maxAge": 1, "name": "Mr. Eric  Batis", "title": "Sr. VP of Portfolio Management", "exercisedValue": 0, "unexercisedValue": 0}], "compensationAsOfEpochDate": "2022-12-30 19:00:00", "maxAge": 86400, "latitude": 32.939022007835575, "longitude": -96.82298104130801}