{"address1": "260 Interstate North Circle SE", "city": "Atlanta", "state": "GA", "zip": "30339-2210", "country": "United States", "phone": "770 763 1000", "website": "https://www.assurant.com", "industry": "Insurance\u2014Specialty", "industryDisp": "Insurance\u2014Specialty", "sector": "Financial Services", "longBusinessSummary": "Assurant, Inc., together with its subsidiaries, provides business services that supports, protects, and connects consumer purchases in North America, Latin America, Europe, and the Asia Pacific. The company operates through two segments: Global Lifestyle and Global Housing. The Global Lifestyle segment offers mobile device solutions, and extended service products and related services for consumer electronics and appliances, and credit and other insurance products; and vehicle protection, leased and financed solutions, and other related services. The Global Housing segment provides lender-placed homeowners, manufactured housing, and flood insurance; renters insurance and related products; and voluntary manufactured housing insurance, voluntary homeowners insurance, and other specialty products. The company was formerly known as Fortis, Inc. and changed its name to Assurant, Inc. in February 2004. Assurant, Inc. was founded in 1892 and is headquartered in Atlanta, Georgia.", "fullTimeEmployees": 13700, "companyOfficers": [{"maxAge": 1, "name": "Mr. Keith Warner Demmings", "age": 49, "title": "Pres, CEO & Director", "yearBorn": 1973, "fiscalYear": 2022, "totalPay": 2448178, "exercisedValue": 0, "unexercisedValue": 0}, {"maxAge": 1, "name": "Mr. Richard Steven Dziadzio", "age": 58, "title": "Exec. VP & CFO", "yearBorn": 1964, "fiscalYear": 2022, "totalPay": 1471027, "exercisedValue": 0, "unexercisedValue": 0}, {"maxAge": 1, "name": "Mr. Keith Roland Meier", "age": 52, "title": "Exec. VP & COO", "yearBorn": 1970, "fiscalYear": 2022, "totalPay": 1231105, "exercisedValue": 0, "unexercisedValue": 0}, {"maxAge": 1, "name": "Ms. Francesca L. Luthi", "age": 46, "title": "Exec. VP & Chief Admin. Officer", "yearBorn": 1976, "fiscalYear": 2022, "totalPay": 1090044, "exercisedValue": 0, "unexercisedValue": 0}, {"maxAge": 1, "name": "Mr. Robert A. Lonergan", "age": 45, "title": "Exec. VP and Chief Strategy & Risk Officer", "yearBorn": 1977, "fiscalYear": 2022, "totalPay": 1029913, "exercisedValue": 0, "unexercisedValue": 0}, {"maxAge": 1, "name": "Mr. Vadim  Lipovetsky", "title": "Chief Investment Officer", "exercisedValue": 0, "unexercisedValue": 0}, {"maxAge": 1, "name": "Mr. Dimitry  DiRienzo", "age": 46, "title": "Sr. VP, Chief Accounting Officer & Controller", "yearBorn": 1976, "exercisedValue": 0, "unexercisedValue": 0}, {"maxAge": 1, "name": "Mr. Joseph A. Surber III", "title": "Sr. VP & Global Technology Officer", "exercisedValue": 0, "unexercisedValue": 0}, {"maxAge": 1, "name": "Ms. Suzanne  Shepherd", "title": "Sr. VP of Investor Relations & Sustainability", "exercisedValue": 0, "unexercisedValue": 0}, {"maxAge": 1, "name": "Mr. John  Pawloski", "title": "Sr. VP & Chief Compliance Officer", "exercisedValue": 0, "unexercisedValue": 0}], "auditRisk": 3, "boardRisk": 1, "compensationRisk": 4, "shareHolderRightsRisk": 5, "overallRisk": 1, "governanceEpochDate": "2023-04-30 20:00:00", "compensationAsOfEpochDate": "2022-12-30 19:00:00", "maxAge": 86400, "latitude": 33.899670002935295, "longitude": -84.46347999594336}