{"address1": "2850 Golf Road", "city": "Rolling Meadows", "state": "IL", "zip": "60008-4050", "country": "United States", "phone": "630 773 3800", "website": "https://www.ajg.com", "industry": "Insurance Brokers", "industryDisp": "Insurance Brokers", "sector": "Financial Services", "longBusinessSummary": "Arthur J. Gallagher & Co., together with its subsidiaries, provides insurance and reinsurance brokerage, consulting, and third-party property/casualty claims settlement and administration services to businesses and organizations worldwide. It operates in Brokerage and Risk Management segments. The Brokerage segment offers retail and wholesale insurance and reinsurance brokerage services; assists retail brokers and other non-affiliated brokers in the placement of specialized and hard-to-place insurance; and acts as a brokerage wholesaler, managing general agent, and managing general underwriter for distributing specialized insurance coverages to underwriting enterprises. This segment also performs activities, including marketing, underwriting, issuing policies, collecting premiums, appointing and supervising other agents, paying claims, and negotiating reinsurance; and offers services in the areas of insurance and reinsurance placement, risk of loss management, and management of employer sponsored benefit programs. The Risk Management segment provides contract claim settlement and administration services; and claims management, loss control consulting, and insurance property appraisal services. The company offers its services through a network of correspondent brokers and consultants. It serves commercial, industrial, public, religious, and not-for-profit entities, as well as underwriting enterprises. The company was founded in 1927 and is headquartered in Rolling Meadows, Illinois.", "fullTimeEmployees": 45112, "companyOfficers": [{"maxAge": 1, "name": "Mr. J. Patrick Gallagher Jr.", "age": 70, "title": "Chairman, Pres & CEO", "yearBorn": 1952, "fiscalYear": 2022, "totalPay": 9392033, "exercisedValue": 5466945, "unexercisedValue": 21637972}, {"maxAge": 1, "name": "Mr. Douglas K. Howell CPA", "age": 60, "title": "Corp. VP & CFO", "yearBorn": 1962, "fiscalYear": 2022, "totalPay": 4104346, "exercisedValue": 6631437, "unexercisedValue": 3894623}, {"maxAge": 1, "name": "Mr. Walter D. Bay", "age": 59, "title": "Corp. VP, Gen. Counsel & Sec.", "yearBorn": 1963, "fiscalYear": 2022, "totalPay": 3135859, "exercisedValue": 2307933, "unexercisedValue": 4765794}, {"maxAge": 1, "name": "Mr. Thomas Joseph Gallagher", "age": 63, "title": "Chief Exec. Officer of Brokerage Services", "yearBorn": 1959, "fiscalYear": 2022, "totalPay": 4882682, "exercisedValue": 3964731, "unexercisedValue": 11954918}, {"maxAge": 1, "name": "Mr. Scott R. Hudson CPA", "age": 60, "title": "Pres & CEO of Risk Management Services", "yearBorn": 1962, "fiscalYear": 2022, "totalPay": 3249545, "exercisedValue": 6616098, "unexercisedValue": 9315682}, {"maxAge": 1, "name": "Mr. David R. Long", "age": 70, "title": "VP", "yearBorn": 1952, "exercisedValue": 0, "unexercisedValue": 0}, {"maxAge": 1, "name": "Mr. Richard C. Cary", "age": 59, "title": "Chief Accounting Officer & Controller", "yearBorn": 1963, "exercisedValue": 0, "unexercisedValue": 0}, {"maxAge": 1, "name": "Mr. Mark H. Bloom", "age": 58, "title": "Corp. VP & Global Chief Information Officer", "yearBorn": 1964, "exercisedValue": 0, "unexercisedValue": 0}, {"maxAge": 1, "name": "Mr. Raymond  Iardella", "title": "VP of Investor Relations", "exercisedValue": 0, "unexercisedValue": 0}, {"maxAge": 1, "name": "Ms. Linda J. Collins", "title": "VP of Corp. Communications", "exercisedValue": 0, "unexercisedValue": 0}], "auditRisk": 2, "boardRisk": 9, "compensationRisk": 7, "shareHolderRightsRisk": 5, "overallRisk": 6, "governanceEpochDate": "2023-04-30 20:00:00", "compensationAsOfEpochDate": "2022-12-30 19:00:00", "maxAge": 86400, "latitude": 42.053587004567305, "longitude": -88.01694199816181}