{"address1": "640 Fifth Avenue", "address2": "12th Floor", "city": "New York", "state": "NY", "zip": "10019", "country": "United States", "phone": "212 380 7500", "website": "https://altcacquisitioncorp.com", "industry": "Shell Companies", "industryDisp": "Shell Companies", "sector": "Financial Services", "longBusinessSummary": "AltC Acquisition Corp. does not have significant operations. It intends to effect a merger, capital stock exchange, asset acquisition, stock purchase, reorganization, or similar business combination with one or more businesses. The company was formerly known as Churchill Capital Corp VIII and changed its name to AltC Acquisition Corp. in February 2021. AltC Acquisition Corp. was incorporated in 2021 and is based in New York, New York.", "companyOfficers": [{"maxAge": 1, "name": "Mr. Samuel H. Altman", "age": 36, "title": "CEO & Director", "yearBorn": 1986, "exercisedValue": 0, "unexercisedValue": 0}, {"maxAge": 1, "name": "Mr. Lee Jay Taragin", "age": 56, "title": "Chief Financial Officer", "yearBorn": 1966, "exercisedValue": 0, "unexercisedValue": 0}], "maxAge": 86400, "latitude": 40.75943959446599, "longitude": -73.97712400833942}