{"address1": "3100 Sanders Road", "city": "Northbrook", "state": "IL", "zip": "60062", "country": "United States", "phone": "800-574-3553", "website": "https://www.allstate.com", "industry": "Insurance\u2014Property & Casualty", "industryDisp": "Insurance\u2014Property & Casualty", "sector": "Financial Services", "longBusinessSummary": "The Allstate Corporation, together with its subsidiaries, provides property and casualty, and other insurance products in the United States and Canada. The company operates through Allstate Protection; Protection Services; Allstate Health and Benefits; and Run-off Property-Liability segments. The Allstate Protection segment offers private passenger auto and homeowners insurance; other personal lines products; and commercial lines products under the Allstate and Encompass brand names. The Protection Services segment provides consumer product protection plans and related technical support for mobile phones, consumer electronics, furniture, and appliances; finance and insurance products, including vehicle service contracts, guaranteed asset protection waivers, road hazard tire and wheel, and paint and fabric protection; towing, jump-start, lockout, fuel delivery, and tire change services; device and mobile data collection services; data and analytic solutions using automotive telematics information; and identity protection services. This segment offers its products under various brands, including Allstate Protection Plans, Allstate Dealer Services, Allstate Roadside, Arity, Avail, and Allstate Identity Protection. The Allstate Health and Benefits segment provides life, accident, critical illness, short-term disability, and other health insurance products; stop-loss and fully insured group health products to employers; and short-term medical and medicare supplement insurance to individuals. The Run-off Property-Liability segment offers property and casualty insurance. It sells its products through agents, independent agents, call centers, retailers, voluntary benefits brokers, strategic partners, financial specialists, wholesale partners, and affinity groups, as well as through online and mobile applications. The company was founded in 1931 and is headquartered in Northbrook, Illinois.", "fullTimeEmployees": 54000, "companyOfficers": [{"maxAge": 1, "name": "Mr. Thomas Joseph Wilson II", "age": 64, "title": "Chairman, Pres & CEO", "yearBorn": 1958, "fiscalYear": 2022, "totalPay": 3843332, "exercisedValue": 3303387, "unexercisedValue": 106780864}, {"maxAge": 1, "name": "Mr. Jesse Edward Merten B.B.A.", "age": 47, "title": "Exec. VP & CFO", "yearBorn": 1975, "fiscalYear": 2022, "totalPay": 966171, "exercisedValue": 0, "unexercisedValue": 2134620}, {"maxAge": 1, "name": "Mr. Robert Alexander Toohey", "age": 54, "title": "Exec. VP & Chief Human Resource Officer", "yearBorn": 1968, "fiscalYear": 2022, "totalPay": 786448, "exercisedValue": 0, "unexercisedValue": 0}, {"maxAge": 1, "name": "Mr. Suren K. Gupta", "age": 61, "title": "Pres of Enterprise Solutions", "yearBorn": 1961, "fiscalYear": 2022, "totalPay": 1131346, "exercisedValue": 3323000, "unexercisedValue": 14811752}, {"maxAge": 1, "name": "Mr. John Charles Pintozzi", "age": 56, "title": "Sr. VP, Controller & Chief Accounting Officer", "yearBorn": 1966, "exercisedValue": 0, "unexercisedValue": 0}, {"maxAge": 1, "name": "Mark  Nogal", "title": "Head of Investor Relations", "exercisedValue": 0, "unexercisedValue": 0}, {"maxAge": 1, "name": "Ms. Christine Marie DeBiase Esq.", "age": 53, "title": "Exec. VP, Chief Legal Officer, Gen. Counsel & Corp. Sec.", "yearBorn": 1969, "exercisedValue": 0, "unexercisedValue": 0}, {"maxAge": 1, "name": "Mr. Samuel Henry Pilch", "age": 75, "title": "Sr. Group VP & Controller of Allstate Insurance Company", "yearBorn": 1947, "fiscalYear": 2008, "exercisedValue": 0, "unexercisedValue": 0}, {"maxAge": 1, "name": "Mr. Chris  Brown", "title": "Managing Principal", "exercisedValue": 0, "unexercisedValue": 0}, {"maxAge": 1, "name": "Mr. Ashok  Vishnubhakta", "title": "Principal", "exercisedValue": 0, "unexercisedValue": 0}], "auditRisk": 6, "boardRisk": 7, "compensationRisk": 9, "shareHolderRightsRisk": 1, "overallRisk": 5, "governanceEpochDate": "2023-04-30 20:00:00", "compensationAsOfEpochDate": "2022-12-30 19:00:00", "maxAge": 86400, "latitude": 42.09684701268415, "longitude": -87.87658996315514}