{"address1": "Ally Detroit Center", "address2": "Floor 10 500 Woodward Avenue", "city": "Detroit", "state": "MI", "zip": "48226", "country": "United States", "phone": "866 710 4623", "website": "https://www.ally.com", "industry": "Credit Services", "industryDisp": "Credit Services", "sector": "Financial Services", "longBusinessSummary": "Ally Financial Inc., a digital financial-services company, provides various digital financial products and services to consumer, commercial, and corporate customers primarily in the United States and Canada. It operates through Automotive Finance Operations, Insurance Operations, Mortgage Finance Operations, and Corporate Finance Operations segments. The Automotive Finance Operations segment offers automotive financing services, including providing retail installment sales contracts, loans and operating leases, term loans to dealers, financing dealer floorplans and other lines of credit to dealers, warehouse lines to automotive retailers, and fleet financing. It also provides financing services to companies and municipalities for the purchase or lease of vehicles, and vehicle-remarketing services. The Insurance Operations segment offers consumer finance protection and insurance products through the automotive dealer channel, and commercial insurance products directly to dealers. This segment provides vehicle service and maintenance contract, and guaranteed asset protection products; and underwrites commercial insurance coverages, which primarily insure dealers' vehicle inventory. The Mortgage Finance Operations segment manages consumer mortgage loan portfolio that includes bulk purchases of jumbo and low-to-moderate income mortgage loans originated by third parties, as well as direct-to-consumer mortgage offerings. The Corporate Finance Operations segment provides senior secured leveraged cash flow and asset-based loans to middle market companies; leveraged loans; and commercial real estate product to serve companies in the healthcare industry. The company also offers commercial banking products and services. In addition, it provides securities brokerage and investment advisory services. The company was formerly known as GMAC Inc. and changed its name to Ally Financial Inc. in May 2010. Ally Financial Inc. was founded in 1919 and is based in Detroit, Michigan.", "fullTimeEmployees": 11600, "companyOfficers": [{"maxAge": 1, "name": "Mr. Jeffrey J. Brown", "age": 49, "title": "CEO & Director", "yearBorn": 1973, "fiscalYear": 2022, "totalPay": 5334508, "exercisedValue": 0, "unexercisedValue": 0}, {"maxAge": 1, "name": "Mr. Bradley J. Brown", "age": 55, "title": "Corp. Treasurer & Interim CFO", "yearBorn": 1967, "fiscalYear": 2022, "totalPay": 1565859, "exercisedValue": 0, "unexercisedValue": 0}, {"maxAge": 1, "name": "Mr. Scott A. Stengel", "age": 50, "title": "Gen. Counsel", "yearBorn": 1972, "fiscalYear": 2022, "totalPay": 1524349, "exercisedValue": 0, "unexercisedValue": 0}, {"maxAge": 1, "name": "Mr. Douglas R. Timmerman", "age": 59, "title": "Pres of Dealer Financial Services", "yearBorn": 1963, "fiscalYear": 2022, "totalPay": 2582698, "exercisedValue": 0, "unexercisedValue": 0}, {"maxAge": 1, "name": "Ms. Diane E. Morais", "age": 56, "title": "Pres of Consumer & Commercial Banking Products - Ally Bank", "yearBorn": 1966, "fiscalYear": 2022, "totalPay": 2331315, "exercisedValue": 0, "unexercisedValue": 0}, {"maxAge": 1, "name": "Mr. David J. DeBrunner", "age": 56, "title": "VP, Corp. Controller & Chief Accounting Officer", "yearBorn": 1966, "exercisedValue": 0, "unexercisedValue": 0}, {"maxAge": 1, "name": "Mr. Sathish  Muthukrishnan", "age": 48, "title": "Chief Information, Data & Digital Officer", "yearBorn": 1974, "exercisedValue": 0, "unexercisedValue": 0}, {"maxAge": 1, "name": "Sean  Leary", "title": "Head of Investor Relations and Enterprise FP&A", "exercisedValue": 0, "unexercisedValue": 0}, {"maxAge": 1, "name": "Mr. Daniel  Soto", "title": "Chief Compliance Officer", "exercisedValue": 0, "unexercisedValue": 0}, {"maxAge": 1, "name": "Ms. Andrea C. Brimmer", "age": 56, "title": "Chief Marketing & PR Officer", "yearBorn": 1966, "exercisedValue": 0, "unexercisedValue": 0}], "auditRisk": 3, "boardRisk": 3, "compensationRisk": 9, "shareHolderRightsRisk": 2, "overallRisk": 4, "governanceEpochDate": "2023-04-30 20:00:00", "compensationAsOfEpochDate": "2022-12-30 19:00:00", "maxAge": 86400, "latitude": 42.329980000000035, "longitude": -83.04534999999998}