{"address1": "2815 Eastlake Avenue East", "address2": "Suite 300", "city": "Seattle", "state": "WA", "zip": "98102", "country": "United States", "phone": "206 957 7300", "website": "https://alsporchidacquisition1.com", "industry": "Shell Companies", "industryDisp": "Shell Companies", "sector": "Financial Services", "longBusinessSummary": "ALSP Orchid Acquisition Corporation I does not have significant operations. It focuses on effecting a merger, share exchange, asset acquisition, share purchase, reorganization, or similar business combination with one or more businesses. It intends to target life science companies in North America and Singapore. ALSP Orchid Acquisition Corporation I was incorporated in 2021 and is based in Seattle, Washington.", "companyOfficers": [{"maxAge": 1, "name": "Mr. Thong Q. Le M.D.", "age": 45, "title": "CEO, Pres & Director", "yearBorn": 1977, "exercisedValue": 0, "unexercisedValue": 0}, {"maxAge": 1, "name": "Mr. Ian A. W. Howes A.C.A., M.B.A.", "age": 63, "title": "CFO & Director", "yearBorn": 1959, "exercisedValue": 0, "unexercisedValue": 0}, {"maxAge": 1, "name": "Mr. Andras T. Forgacs MBA", "age": 45, "title": "Chief Operating Officer", "yearBorn": 1977, "exercisedValue": 0, "unexercisedValue": 0}, {"maxAge": 1, "name": "Dr. Kendall M. Mohler Ph.D.", "age": 66, "title": "Chief Devel. Officer", "yearBorn": 1956, "exercisedValue": 0, "unexercisedValue": 0}, {"maxAge": 1, "name": "Dr. Kevin T. Chow Ph.D.", "age": 51, "title": "Chief Bus. Officer", "yearBorn": 1971, "exercisedValue": 0, "unexercisedValue": 0}], "maxAge": 86400, "latitude": 47.64591300750428, "longitude": -122.32610296566324}