{"address1": "1177 Avenue of the Americas", "address2": "5th Floor", "city": "New York", "state": "NY", "zip": "10036", "country": "United States", "phone": "646 494 3296", "website": "https://alphaspac.com", "industry": "Shell Companies", "industryDisp": "Shell Companies", "sector": "Financial Services", "longBusinessSummary": "Alpha Healthcare Acquisition Corp. III does not have significant operations. It focuses on effecting a merger, capital stock exchange, asset acquisition, stock purchase, reorganization, or other business combination with one or more businesses or entities. The company was incorporated in 2021 and is based in New York, New York.", "companyOfficers": [{"maxAge": 1, "name": "Mr. Rajiv Sarman Shukla", "age": 47, "title": "Chairman & CEO", "yearBorn": 1975, "exercisedValue": 0, "unexercisedValue": 0}, {"maxAge": 1, "name": "Mr. Patrick  Sturgeon", "title": "CFO & Sec.", "exercisedValue": 0, "unexercisedValue": 0}], "maxAge": 86400, "latitude": 40.75716260855884, "longitude": -73.98265128675041}