{"address1": "401 Demers Avenue", "city": "Grand Forks", "state": "ND", "zip": "58201", "country": "United States", "phone": "701 795 3200", "website": "https://alerus.com", "industry": "Banks\u2014Regional", "industryDisp": "Banks\u2014Regional", "sector": "Financial Services", "longBusinessSummary": "Alerus Financial Corporation, through its subsidiary, Alerus Financial, National Association, provides various financial services to businesses and consumers. The company operates in four segments: Banking, Retirement and Benefit Services, Wealth Management, and Mortgage. It offers various deposit products, including demand deposits, interest-bearing transaction accounts, money market accounts, time and savings deposits, checking accounts, and certificates of deposit; and treasury management products, including electronic receivables management, remote deposit capture, cash vault services, merchant services, and other cash management services. The company also provides commercial loans, business term loans, lines of credit, and commercial real estate loans, as well as construction and land development loans; consumer lending products, including residential first mortgage loans; installment loans and lines of credit; and second mortgage loans. In addition, it offers retirement plan administration and investment advisory services, employee stock ownership plan, fiduciary services, payroll, health savings accounts, and other benefit services, as well as individual retirement accounts; and financial planning, investment management, personal and corporate trust, estate administration, and custody services. Further, the company provides debit and credit cards, online banking, mobile banking/wallet, payment, private banking, payroll accounts, flex spending accounts, administration, and government health insurance program services. It offers banking services in North Dakota, Minnesota, and Arizona; and retirement and benefit plans in 50 states through offices located in Michigan, Minnesota, and Colorado. The company was formerly known as First National Bank North Dakota and changed its name to Alerus Financial Corporation in 2000. Alerus Financial Corporation was founded in 1879 and is headquartered in Grand Forks, North Dakota.", "fullTimeEmployees": 773, "companyOfficers": [{"maxAge": 1, "name": "Ms. Katie A. Lorenson", "age": 41, "title": "Pres, CEO & Director", "yearBorn": 1981, "fiscalYear": 2022, "totalPay": 826275, "exercisedValue": 0, "unexercisedValue": 0}, {"maxAge": 1, "name": "Ms. Karin M. Taylor", "age": 54, "title": "Exec. VP & Chief Risk Officer", "yearBorn": 1968, "fiscalYear": 2022, "totalPay": 497219, "exercisedValue": 0, "unexercisedValue": 0}, {"maxAge": 1, "name": "Mr. Alan A. Villalon", "age": 48, "title": "Exec. VP & CFO", "yearBorn": 1974, "exercisedValue": 0, "unexercisedValue": 0}, {"maxAge": 1, "name": "Mr. Sunil N. Swami", "age": 65, "title": "Chief Investment Officer", "yearBorn": 1957, "exercisedValue": 0, "unexercisedValue": 0}, {"maxAge": 1, "name": "Mr. Jerrod Keith Hanson CPA", "age": 51, "title": "Chief Accounting Officer & Sr. VP", "yearBorn": 1971, "exercisedValue": 0, "unexercisedValue": 0}, {"maxAge": 1, "name": "Mr. Jonathan N. Hendry", "age": 56, "title": "Exec. VP & CTO", "yearBorn": 1966, "exercisedValue": 0, "unexercisedValue": 0}, {"maxAge": 1, "name": "Ms. Bonnie  Upham CPA", "title": "Chief Compliance Officer", "exercisedValue": 0, "unexercisedValue": 0}, {"maxAge": 1, "name": "Mr. Scott  Fenske", "title": "Gen. Counsel & Corp. Sec.", "exercisedValue": 0, "unexercisedValue": 0}, {"maxAge": 1, "name": "Mr. Wade  Dykema", "title": "Director of Sales, Alerus Retirement & Benefits", "exercisedValue": 0, "unexercisedValue": 0}, {"maxAge": 1, "name": "Ms. Sandy  Korbel", "title": "Sr. Wealth Management Advisor", "exercisedValue": 0, "unexercisedValue": 0}], "auditRisk": 2, "boardRisk": 2, "compensationRisk": 6, "shareHolderRightsRisk": 4, "overallRisk": 3, "governanceEpochDate": "2023-04-30 20:00:00", "compensationAsOfEpochDate": "2022-12-30 19:00:00", "maxAge": 86400, "latitude": 47.924008000606676, "longitude": -97.03146797466626}