{"address1": "80 Broad Street", "address2": "5th Floor", "city": "New York", "state": "NY", "zip": "10004", "country": "United States", "phone": "212 837 7977", "industry": "Shell Companies", "industryDisp": "Shell Companies", "sector": "Financial Services", "longBusinessSummary": "Alpha Star Acquisition Corporation does not have significant operations. The company focuses on effecting a merger, share exchange, asset acquisition, stock purchase, reorganization, or similar business combination with one or more businesses. It intends to focus on businesses in clean energy, internet and high technology, financial technology, health care, consumer and retail, energy and resources, manufacturing, and education sectors in Asia. The company was incorporated in 2021 and is based in New York, New York.", "companyOfficers": [{"maxAge": 1, "name": "Dr. Zhe  Zhang", "age": 47, "title": "Chairman & CEO", "yearBorn": 1975, "exercisedValue": 0, "unexercisedValue": 0}, {"maxAge": 1, "name": "Mr. Guojian  Chen", "age": 29, "title": "CFO & Director", "yearBorn": 1993, "exercisedValue": 0, "unexercisedValue": 0}], "maxAge": 86400, "latitude": 40.70427766102566, "longitude": -74.01171360817352}