{"address1": "520 Madison Avenue", "address2": "21st Floor", "city": "New York", "state": "NY", "zip": "10022", "country": "United States", "phone": "212 396 5904", "website": "https://alti-global.com", "industry": "Asset Management", "industryDisp": "Asset Management", "sector": "Financial Services", "longBusinessSummary": "AlTi Global, Inc. provides wealth and asset management services individuals, families, foundations, and institutions in the United States and internationally. The company offers discretionary investment management, non-discretionary investment advisory, trust, and administration services, as well as family office services comprising wealth transfer planning, multi-generational education planning, wealth and asset strategy, trust and fiduciary, chief financial officers and outsourced family office, philanthropy, and lifestyle and special projects services. It also provides merchant banking services, such as merger and acquisition advisory, corporate broker, private placements, public company and initial public offering advisory, strategic advisory, independent board advice, and structured finance advisory services; and corporate advisory, brokerage, and placement agency services to entrepreneurs and companies. The company offers investment strategy, asset allocation, investment manager selection, risk management, portfolio construction and implementation, and reporting. In addition, it manages or advises in combined assets; structures, arranges, and provides investors with co-investment opportunities in various alternative assets; manages and advises public and private investment funds; and invests in and supports financial services professionals, as well as provides impact investing advisory, investment manager selection, monitoring, and due diligence services. Further, the company offers coordination of legal-related and strategic business planning, wealth transfer planning, estate planning, research on trustee placement and multi-generational education planning, administrative, tax planning and concierge, and other services. The company was formerly known as Alvarium Tiedemann Holdings, Inc. and changed its name to AlTi Global, Inc. in April 2023. The company is based in New York, New York.", "fullTimeEmployees": 470, "companyOfficers": [{"maxAge": 1, "name": "Mr. Michael Glenn Tiedemann", "age": 50, "title": "CEO & Director", "yearBorn": 1972, "fiscalYear": 2022, "totalPay": 1069500, "exercisedValue": 0, "unexercisedValue": 0}, {"maxAge": 1, "name": "Ms. Christine Ying Zhao CFA, M.B.A.", "age": 50, "title": "Chief Financial Officer", "yearBorn": 1972, "fiscalYear": 2022, "totalPay": 888000, "exercisedValue": 0, "unexercisedValue": 0}, {"maxAge": 1, "name": "Mr. Kevin Patirck Moran J.D.", "age": 44, "title": "Chief Operating Officer", "yearBorn": 1978, "fiscalYear": 2022, "totalPay": 807000, "exercisedValue": 0, "unexercisedValue": 0}, {"maxAge": 1, "name": "Ms. Nancy Ann Curtin", "age": 64, "title": "CIO & Director", "yearBorn": 1958, "exercisedValue": 0, "unexercisedValue": 0}, {"maxAge": 1, "name": "Ms. Colleen A. Graham", "age": 56, "title": "Global Gen. Counsel", "yearBorn": 1966, "exercisedValue": 0, "unexercisedValue": 0}, {"maxAge": 1, "name": "Ms. Claire  Verdirame", "title": "Chief Marketing Officer", "exercisedValue": 0, "unexercisedValue": 0}, {"maxAge": 1, "name": "Ms. Alison  Trauttmansdorff", "age": 51, "title": "Chief HR Officer", "yearBorn": 1971, "exercisedValue": 0, "unexercisedValue": 0}, {"maxAge": 1, "name": "Mr. Jed  Emerson", "age": 62, "title": "Chief Impact Officer", "yearBorn": 1960, "exercisedValue": 0, "unexercisedValue": 0}, {"maxAge": 1, "name": "Ms. Laurie A. Birrittella", "age": 55, "title": "Chief People Officer", "yearBorn": 1967, "exercisedValue": 0, "unexercisedValue": 0}, {"maxAge": 1, "name": "Mr. Craig Lindsay Smith J.D.", "age": 58, "title": "Chair of Global Wealth Management & Director", "yearBorn": 1964, "exercisedValue": 0, "unexercisedValue": 0}], "compensationAsOfEpochDate": "2022-12-30 19:00:00", "maxAge": 86400, "latitude": 40.760114170033546, "longitude": -73.97476844209002}