{"address1": "400 Perimeter Center Terrace", "address2": "Suite 151", "city": "Atlanta", "state": "GA", "zip": "30346", "country": "United States", "phone": "800 950 2950", "website": "https://www.altitudeac.com", "industry": "Shell Companies", "industryDisp": "Shell Companies", "sector": "Financial Services", "longBusinessSummary": "Altitude Acquisition Corp. does not have significant operations. The company focuses on effecting a merger, capital stock exchange, asset acquisition, stock purchase, reorganization, or similar business combination with one or more businesses. Altitude Acquisition Corp. was incorporated in 2020 and is based in Atlanta, Georgia.", "companyOfficers": [{"maxAge": 1, "name": "Mr. Gary  Teplis", "age": 53, "title": "Founder, Pres, CEO & Director", "yearBorn": 1969, "exercisedValue": 0, "unexercisedValue": 0}, {"maxAge": 1, "name": "Mr. Farris  Griggs", "age": 50, "title": "Chief Financial Officer", "yearBorn": 1972, "exercisedValue": 0, "unexercisedValue": 0}], "maxAge": 86400, "latitude": 33.9295589895591, "longitude": -84.33847002887096}