{"address1": "275 Seventh Avenue", "city": "New York", "state": "NY", "zip": "10001", "country": "United States", "phone": "212 255 6200", "website": "https://www.amalgamatedbank.com", "industry": "Banks\u2014Regional", "industryDisp": "Banks\u2014Regional", "sector": "Financial Services", "longBusinessSummary": "Amalgamated Financial Corp. operates as the bank holding company for Amalgamated Bank that provides commercial and retail banking, investment management, and trust and custody services for commercial and retail customers in the United States. The company accepts various deposit products, including non-interest bearing accounts, interest-bearing demand products, savings accounts, money market accounts, NOW accounts, and certificates of deposit. It also provides various commercial loans comprising commercial and industrial, multifamily mortgage, and commercial real estate loans; and retail loans, such as residential real estate, and consumer and other loans. In addition, the company offers online banking, bill payment, online cash management, and safe deposit box rental services; debit and ATM cards; and trust, custody, and investment management services comprising asset safekeeping, corporate actions, income collections, proxy, account transition, asset transfers, and conversion management services. Further, it provides investment products, such as funds spanning equity, fixed-income, real estate, and alternative investment products; and brokerage, asset management, and insurance products. The company was founded in 1923 and is headquartered in New York, New York.", "fullTimeEmployees": 409, "companyOfficers": [{"maxAge": 1, "name": "Ms. Priscilla Sims Brown", "age": 65, "title": "Pres, CEO & Director", "yearBorn": 1957, "fiscalYear": 2022, "totalPay": 1928877, "exercisedValue": 0, "unexercisedValue": 0}, {"maxAge": 1, "name": "Mr. Jason  Darby", "age": 49, "title": "CFO & Sr. Exec. VP", "yearBorn": 1973, "fiscalYear": 2022, "totalPay": 725614, "exercisedValue": 0, "unexercisedValue": 0}, {"maxAge": 1, "name": "Mr. Sam D. Brown", "age": 40, "title": "Sr. EVP & Chief Banking Officer", "yearBorn": 1982, "fiscalYear": 2022, "totalPay": 838830, "exercisedValue": 0, "unexercisedValue": 264453}, {"maxAge": 1, "name": "Mr. Sean  Searby", "age": 40, "title": "Exec. VP & COO", "yearBorn": 1982, "exercisedValue": 0, "unexercisedValue": 0}, {"maxAge": 1, "name": "Ms. Leslie S. Veluswamy", "age": 37, "title": "Exec. VP & Chief Accounting Officer", "yearBorn": 1985, "exercisedValue": 0, "unexercisedValue": 0}, {"maxAge": 1, "name": "Mr. Bruce  Rucinski", "age": 50, "title": "Exec. VP & Chief Information Officer", "yearBorn": 1972, "exercisedValue": 0, "unexercisedValue": 0}, {"maxAge": 1, "name": "Ms. Mandy  Tenner", "age": 42, "title": "Exec. VP & Gen. Counsel", "yearBorn": 1980, "exercisedValue": 0, "unexercisedValue": 0}, {"maxAge": 1, "name": "Mr. Peter  Neiman", "title": "Chief Marketing Officer & Exec. VP", "exercisedValue": 0, "unexercisedValue": 0}, {"maxAge": 1, "name": "Mr. Kenneth A. Schmidt", "title": "Exec. VP of Fin.", "exercisedValue": 0, "unexercisedValue": 0}, {"maxAge": 1, "name": "Mr. Ivan  Frishberg", "title": "Sr. VP & Chief Sustainability Officer", "exercisedValue": 0, "unexercisedValue": 0}], "auditRisk": 3, "boardRisk": 7, "compensationRisk": 4, "shareHolderRightsRisk": 4, "overallRisk": 5, "governanceEpochDate": "2023-04-30 20:00:00", "compensationAsOfEpochDate": "2022-12-30 19:00:00", "maxAge": 86400, "latitude": 40.74562806205154, "longitude": -73.99431386682872}