{"address1": "12115 Visionary Way", "city": "Fishers", "state": "IN", "zip": "46038", "country": "United States", "phone": "317 855 9926", "website": "https://www.americanopportunityinc.com", "industry": "Shell Companies", "industryDisp": "Shell Companies", "sector": "Financial Services", "longBusinessSummary": "American Acquisition Opportunity Inc. does not have significant operations. It intends to effect a merger, share exchange, asset acquisition, stock purchase, recapitalization, reorganization, or other similar business combination with one or more target businesses in the land holdings and resources industry in the United States American Acquisition Opportunity Inc. was incorporated in 2021 and is based in Fishers, Indiana. American Acquisition Opportunity Inc. operates as a subsidiary of American Opportunity Ventures LLC.", "companyOfficers": [{"maxAge": 1, "name": "Mr. Mark C. Jensen", "age": 43, "title": "CEO & Chairman", "yearBorn": 1979, "fiscalYear": 2022, "totalPay": 0, "exercisedValue": 0, "unexercisedValue": 0}, {"maxAge": 1, "name": "Mr. Kirk P. Taylor CPA, CPA", "age": 42, "title": "Pres, CFO & Director", "yearBorn": 1980, "fiscalYear": 2022, "totalPay": 0, "exercisedValue": 0, "unexercisedValue": 0}], "compensationAsOfEpochDate": "2022-12-30 19:00:00", "maxAge": 86400, "latitude": 39.96421101501409, "longitude": -86.00844102260119}