{"address1": "One World Trade Center", "address2": "41st Floor", "city": "New York", "state": "NY", "zip": "10007", "country": "United States", "phone": "212 658 7470", "fax": "212 208 3414", "website": "https://www.ambac.com", "industry": "Insurance\u2014Specialty", "industryDisp": "Insurance\u2014Specialty", "sector": "Financial Services", "longBusinessSummary": "Ambac Financial Group, Inc. operates as a financial services holding company. It operates three businesses: Specialty Property and Casualty Insurance, Insurance Distribution, and Legacy Financial Guarantee (LFG) Insurance. The Specialty Property and Casualty Insurance business provides specialty property and casualty program insurance with a focus commercial and personal liability risks. The Insurance Distribution business includes the specialty property and casualty insurance distribution business, which includes managing general agents and underwriters, insurance wholesalers, brokers, and other distribution businesses. The LFG Insurance business offers financial guarantee insurance policies that provide an unconditional and irrevocable guarantee, which protects the holder of a debt obligation against non-payment when due of the principal and interest on the obligations guaranteed. The company was incorporated in 1991 and is headquartered in New York, New York.", "fullTimeEmployees": 155, "companyOfficers": [{"maxAge": 1, "name": "Mr. Claude L. LeBlanc", "age": 57, "title": "Pres, CEO & Director", "yearBorn": 1965, "fiscalYear": 2022, "totalPay": 2765667, "exercisedValue": 0, "unexercisedValue": 0}, {"maxAge": 1, "name": "Mr. David  Trick", "age": 50, "title": "Exec. VP, CFO & Treasurer", "yearBorn": 1972, "fiscalYear": 2022, "totalPay": 1427673, "exercisedValue": 0, "unexercisedValue": 0}, {"maxAge": 1, "name": "Mr. Stephen Michael Ksenak", "age": 56, "title": "Sr. MD & Gen. Counsel", "yearBorn": 1966, "fiscalYear": 2022, "totalPay": 1333923, "exercisedValue": 0, "unexercisedValue": 0}, {"maxAge": 1, "name": "Mr. David Peter Barranco", "age": 51, "title": "Sr. MD and Head of Risk Management", "yearBorn": 1971, "fiscalYear": 2022, "totalPay": 1228773, "exercisedValue": 0, "unexercisedValue": 0}, {"maxAge": 1, "name": "Ms. Rhonta Sharon Smith", "age": 51, "title": "Exec. VP & Chief Strategy Officer", "yearBorn": 1971, "fiscalYear": 2022, "totalPay": 1247864, "exercisedValue": 0, "unexercisedValue": 0}, {"maxAge": 1, "name": "Mr. Daniel Matthew McGinnis", "age": 50, "title": "Sr. MD & COO", "yearBorn": 1972, "exercisedValue": 0, "unexercisedValue": 0}, {"maxAge": 1, "name": "Mr. Robert G. Donovan", "title": "Chief Investment Officer", "exercisedValue": 0, "unexercisedValue": 0}, {"maxAge": 1, "name": "Mr. Robert Bryan Eisman", "age": 55, "title": "Sr. MD, Chief Accounting Officer & Controller", "yearBorn": 1967, "fiscalYear": 2017, "exercisedValue": 0, "unexercisedValue": 0}, {"maxAge": 1, "name": "Mr. Charles Joseph Sebaski", "title": "MD & Head of Investor Relation", "exercisedValue": 0, "unexercisedValue": 0}, {"maxAge": 1, "name": "Kate  Smith", "title": "Director of Corp. Communications", "exercisedValue": 0, "unexercisedValue": 0}], "auditRisk": 6, "boardRisk": 2, "compensationRisk": 10, "shareHolderRightsRisk": 1, "overallRisk": 5, "governanceEpochDate": "2023-04-30 20:00:00", "compensationAsOfEpochDate": "2022-12-30 19:00:00", "maxAge": 86400, "latitude": 40.713130000000035, "longitude": -74.01387999999997}