{"address1": "777 South Flagler Drive", "city": "West Palm Beach", "state": "FL", "zip": "33401", "country": "United States", "phone": "800-345-1100", "website": "https://www.amg.com", "industry": "Asset Management", "industryDisp": "Asset Management", "sector": "Financial Services", "longBusinessSummary": "Affiliated Managers Group, Inc., through its affiliates, operates as an investment management company providing investment management services to mutual funds, institutional clients,retails and high net worth individuals in the United States. It provides advisory or sub-advisory services to mutual funds. These funds are distributed to retail, high net worth and institutional clients directly and through intermediaries, including independent investment advisors, retirement plan sponsors, broker-dealers, major fund marketplaces, and bank trust departments. The company also offers investment products in various investment styles in the institutional distribution channel, including small, small/mid, mid, and large capitalization value and growth equity, and emerging markets. In addition, it offers quantitative, alternative, and fixed income products, and manages assets for foundations and endowments, defined benefit, and defined contribution plans for corporations and municipalities. Affiliated Managers Group provides investment management or customized investment counseling and fiduciary services. Affiliated Managers Group, Inc. was formed in 1993 and is based in West Palm Beach, Florida with additional offices in Prides Crossing, Massachusetts; Stamford, Connecticut; London, United Kingdom; Dubai, United Arab Emirates; Sydney, Australia; Hong Kong; Tokyo, Japan, Zurich, Switzerland and Delaware.", "fullTimeEmployees": 3950, "companyOfficers": [{"maxAge": 1, "name": "Mr. Jay C. Horgen", "age": 51, "title": "CEO, Pres & Director", "yearBorn": 1971, "fiscalYear": 2022, "totalPay": 6818212, "exercisedValue": 0, "unexercisedValue": 0}, {"maxAge": 1, "name": "Mr. Thomas M. Wojcik", "age": 41, "title": "Chief Financial Officer", "yearBorn": 1981, "fiscalYear": 2022, "totalPay": 3699140, "exercisedValue": 0, "unexercisedValue": 0}, {"maxAge": 1, "name": "Mr. Rizwan M. Jamal", "age": 47, "title": "Head of Affiliate Investments", "yearBorn": 1975, "fiscalYear": 2022, "totalPay": 3734170, "exercisedValue": 0, "unexercisedValue": 0}, {"maxAge": 1, "name": "Mr. John R. Erickson", "age": 51, "title": "Head of Affiliate Engagement", "yearBorn": 1971, "fiscalYear": 2022, "totalPay": 2522794, "exercisedValue": 0, "unexercisedValue": 0}, {"maxAge": 1, "name": "Mr. Aaron M. Galis", "title": "MD & Chief Accounting Officer", "exercisedValue": 0, "unexercisedValue": 0}, {"maxAge": 1, "name": "Mr. Stephen T. Pruell", "title": "MD & Chief Information Officer", "exercisedValue": 0, "unexercisedValue": 0}, {"maxAge": 1, "name": "Ms. Alexandra K. Lynn", "title": "Chief Admin. Officer", "exercisedValue": 0, "unexercisedValue": 0}, {"maxAge": 1, "name": "Patricia  Figueroa", "title": "VP of Investor Relations", "exercisedValue": 0, "unexercisedValue": 0}, {"maxAge": 1, "name": "Ms. Kavita  Padiyar", "title": "MD, Chief Corp. Counsel & Corp. Sec.", "exercisedValue": 0, "unexercisedValue": 0}, {"maxAge": 1, "name": "Ms. Pam  Price", "title": "Director of HR", "exercisedValue": 0, "unexercisedValue": 0}], "auditRisk": 4, "boardRisk": 1, "compensationRisk": 3, "shareHolderRightsRisk": 4, "overallRisk": 2, "governanceEpochDate": "2023-04-30 20:00:00", "compensationAsOfEpochDate": "2022-12-30 19:00:00", "maxAge": 86400, "latitude": 26.70659998278441, "longitude": -80.04946500996569}