{"address1": "1655 Grant Street", "address2": "10th Floor", "city": "Concord", "state": "CA", "zip": "94520", "country": "United States", "phone": "(925) 521-2200", "website": "https://www.assetmark.com", "industry": "Asset Management", "industryDisp": "Asset Management", "sector": "Financial Services", "longBusinessSummary": "AssetMark Financial Holdings, Inc. provides wealth management and technology solutions in the United States. The company offers an open-architecture product platform, as well as client advice, asset allocation options, practice management, support services, and technology to the financial adviser channel. It also provides integrated technology platform for advisers for accessing a range of automated processes, including new account opening, portfolio construction, streamlined financial planning, customer billing, investor reporting, progress to goal analysis, and client activity tracking; advisory services; and curated investment platform. In addition, the company provides SaaS-based financial planning, wellness, and client digital engagement solutions. Further, it offers mutual funds; custodial recordkeeping services primarily to investor clients of registered investment advisers; and wealth management solutions for individual investors. The company serves independent advisers who provide wealth management advice to the U.S. investors and advisers. AssetMark Financial Holdings, Inc. was founded in 1996 and is headquartered in Concord, California. AssetMark Financial Holdings, Inc. is a subsidiary of Huatai International Investment Holdings Limited.", "fullTimeEmployees": 980, "companyOfficers": [{"maxAge": 1, "name": "Ms. Natalie Grace Wolfsen", "age": 51, "title": "CEO & Director", "yearBorn": 1971, "fiscalYear": 2022, "totalPay": 1543485, "exercisedValue": 0, "unexercisedValue": 62095}, {"maxAge": 1, "name": "Mr. H. Michael Kim", "age": 51, "title": "Pres & Chief Client Officer", "yearBorn": 1971, "fiscalYear": 2022, "totalPay": 1240908, "exercisedValue": 0, "unexercisedValue": 62095}, {"maxAge": 1, "name": "Mr. Gary G. Zyla", "age": 49, "title": "Exec. VP, Principal Accounting Officer & CFO", "yearBorn": 1973, "fiscalYear": 2022, "totalPay": 966754, "exercisedValue": 0, "unexercisedValue": 62095}, {"maxAge": 1, "name": "Ms. Carrie Ellen Hansen CPA", "age": 52, "title": "Exec. VP, COO & Pres Mutual Funds", "yearBorn": 1970, "exercisedValue": 0, "unexercisedValue": 0}, {"maxAge": 1, "name": "Mr. Christian L. Chan C.F.A., CFA", "title": "Chief Investment Officer", "exercisedValue": 0, "unexercisedValue": 0}, {"maxAge": 1, "name": "Mr. Mukesh Kantilal Mehta", "age": 55, "title": "Exec. VP & Chief Information Officer", "yearBorn": 1967, "exercisedValue": 0, "unexercisedValue": 0}, {"maxAge": 1, "name": "Mr. Taylor John Hamilton C.F.A.", "title": "Head of Investor Relations", "exercisedValue": 0, "unexercisedValue": 0}, {"maxAge": 1, "name": "Mr. Ted Fyke Angus J.D.", "age": 50, "title": "Exec. VP & Gen. Counsel", "yearBorn": 1972, "exercisedValue": 0, "unexercisedValue": 0}, {"maxAge": 1, "name": "Ms. Tamara N. Bohlig", "age": 53, "title": "Chief Marketing Officer", "yearBorn": 1969, "exercisedValue": 0, "unexercisedValue": 0}, {"maxAge": 1, "name": "Mr. Michael Joel Abelson C.F.A., CFA", "title": "Exec. VP of Corp. Devel.", "exercisedValue": 0, "unexercisedValue": 0}], "auditRisk": 3, "boardRisk": 10, "compensationRisk": 8, "shareHolderRightsRisk": 7, "overallRisk": 9, "governanceEpochDate": "2023-04-30 20:00:00", "compensationAsOfEpochDate": "2022-12-30 19:00:00", "maxAge": 86400, "latitude": 37.97465402072977, "longitude": -122.03176195827861}