{"address1": "628 Main Street", "city": "Danville", "state": "VA", "zip": "24541", "country": "United States", "phone": "434 792 5111", "website": "https://www.amnb.com", "industry": "Banks\u2014Regional", "industryDisp": "Banks\u2014Regional", "sector": "Financial Services", "longBusinessSummary": "American National Bankshares Inc. operates as the bank holding company for American National Bank and Trust Company that provides financial products and services. The company operates through two segments, Community Banking and Wealth Management. It accepts deposit products, including checking, money market, savings, and consumer and commercial time deposits. The company's loan products comprise commercial and residential real estate loans, commercial loans to small and medium-sized businesses, construction and land development loans, home equity loans, mortgage loans, and consumer loans. It also offers wealth management services, including estate planning, trust account administration, and retail brokerage services; investment management services, such as purchasing equity, fixed income, and mutual fund investments for customer accounts; online and telephone banking services; and insurance services. The company was founded in 1909 and is based in Danville, Virginia.", "fullTimeEmployees": 357, "companyOfficers": [{"maxAge": 1, "name": "Mr. Jeffrey Vernon Haley", "age": 62, "title": "Pres, CEO & Director", "yearBorn": 1960, "fiscalYear": 2022, "totalPay": 938906, "exercisedValue": 0, "unexercisedValue": 0}, {"maxAge": 1, "name": "Mr. Jeffrey W. Farrar CPA, CPA", "age": 61, "title": "Sr. Exec. VP, COO, CFO, Treasurer & Sec.", "yearBorn": 1961, "fiscalYear": 2022, "totalPay": 540439, "exercisedValue": 0, "unexercisedValue": 0}, {"maxAge": 1, "name": "Mr. Edward C. Martin", "age": 48, "title": "Sr. Exec. VP & Chief Admin. Officer", "yearBorn": 1974, "fiscalYear": 2022, "totalPay": 480281, "exercisedValue": 0, "unexercisedValue": 0}, {"maxAge": 1, "name": "Ms. Rhonda P. Joyce", "age": 58, "title": "EVP & Co-Head of Banking - Commercial of American National Bank and Trust Company", "yearBorn": 1964, "fiscalYear": 2022, "totalPay": 475720, "exercisedValue": 0, "unexercisedValue": 0}, {"maxAge": 1, "name": "Mr. Alexander  Jung", "age": 53, "title": "EVP and Co-Head of Banking Consumer & Financial Services of American National Bank and Trust Company", "yearBorn": 1969, "fiscalYear": 2022, "totalPay": 416894, "exercisedValue": 0, "unexercisedValue": 0}, {"maxAge": 1, "name": "Ms. Cathy W. Liles CAP", "age": 57, "title": "Sr. VP & Chief Accounting Officer", "yearBorn": 1965, "exercisedValue": 0, "unexercisedValue": 0}, {"maxAge": 1, "name": "Ms. Lutheria H. Smith", "title": "Exec. VP & Chief HR Officer", "exercisedValue": 0, "unexercisedValue": 0}, {"maxAge": 1, "name": "Mr. Charles T. Canaday Jr.", "age": 60, "title": "Exec. VP & Regional Pres of East Region", "yearBorn": 1962, "exercisedValue": 0, "unexercisedValue": 0}, {"maxAge": 1, "name": "Ms. Cynthia  Vogler", "title": "Sr. VP", "exercisedValue": 0, "unexercisedValue": 0}, {"maxAge": 1, "name": "Mr. John H. Settle Jr.", "age": 63, "title": "Exec. VP & Pres of Wealth Management", "yearBorn": 1959, "fiscalYear": 2021, "exercisedValue": 0, "unexercisedValue": 0}], "auditRisk": 7, "boardRisk": 5, "compensationRisk": 5, "shareHolderRightsRisk": 6, "overallRisk": 5, "governanceEpochDate": "2023-04-30 20:00:00", "compensationAsOfEpochDate": "2022-12-30 19:00:00", "maxAge": 86400, "latitude": 36.586917003889994, "longitude": -79.3951159805968}