{"address1": "1099 Ameriprise Financial Center", "city": "Minneapolis", "state": "MN", "zip": "55474", "country": "United States", "phone": "612-671-3131", "website": "https://www.ameriprise.com", "industry": "Asset Management", "industryDisp": "Asset Management", "sector": "Financial Services", "longBusinessSummary": "Ameriprise Financial, Inc., through its subsidiaries, provides various financial products and services to individual and institutional clients in the United States and internationally. It operates through four segments: Advice & Wealth Management, Asset Management, Retirement & Protection Solutions, and Corporate & Other. The Advice & Wealth Management segment provides financial planning and advice; brokerage products and services for retail and institutional clients; discretionary and non-discretionary investment advisory accounts; mutual funds; insurance and annuities products; cash management and banking products; and face-amount certificates. The Asset Management segment offers investment management and advice, and investment products to retail, high net worth, and institutional clients through unaffiliated third-party financial institutions and institutional sales force. This segment products also include U.S. mutual funds and their non-U.S. equivalents, exchange-traded funds, variable product funds underlying insurance, and annuity separate accounts; and institutional asset management products, such as traditional asset classes, separately managed accounts, individually managed accounts, collateralized loan obligations, hedge funds, collective funds, and property and infrastructure funds. The Retirement & Protection Solutions segment provides variable annuity products to individual clients, as well as life and DI insurance products to retail clients. The company was formerly known as American Express Financial Corporation and changed its name to Ameriprise Financial, Inc. in September 2005. The company was founded in 1894 and is headquartered in Minneapolis, Minnesota.", "fullTimeEmployees": 13500, "companyOfficers": [{"maxAge": 1, "name": "Mr. James M. Cracchiolo", "age": 63, "title": "Chairman & CEO", "yearBorn": 1959, "fiscalYear": 2022, "totalPay": 9847623, "exercisedValue": 8905221, "unexercisedValue": 25327930}, {"maxAge": 1, "name": "Mr. Walter S. Berman", "age": 79, "title": "Exec. VP, CFO & Chief Risk Officer", "yearBorn": 1943, "fiscalYear": 2022, "totalPay": 3940393, "exercisedValue": 8006600, "unexercisedValue": 11532478}, {"maxAge": 1, "name": "Mr. William  Davies", "age": 58, "title": "Exec. VP & Global Chief Investment Officer", "yearBorn": 1964, "fiscalYear": 2022, "totalPay": 2851364, "exercisedValue": 0, "unexercisedValue": 0}, {"maxAge": 1, "name": "Mr. William Frederick Truscott", "age": 62, "title": "Chief Exec. Officer of Global Asset Management", "yearBorn": 1960, "fiscalYear": 2022, "totalPay": 3509771, "exercisedValue": 0, "unexercisedValue": 20593382}, {"maxAge": 1, "name": "Mr. Joseph Edward Sweeney", "age": 61, "title": "Pres of Advice & Wealth Management - Products and Service Delivery", "yearBorn": 1961, "fiscalYear": 2022, "totalPay": 2663917, "exercisedValue": 0, "unexercisedValue": 12251410}, {"maxAge": 1, "name": "Mr. John R. Hutt", "age": 46, "title": "Exec. VP - Fin., Controller & Principal Accounting Officer", "yearBorn": 1976, "exercisedValue": 0, "unexercisedValue": 0}, {"maxAge": 1, "name": "Mr. Gerard P. Smyth", "age": 60, "title": "Exec. VP & Global Chief Information Officer", "yearBorn": 1962, "exercisedValue": 0, "unexercisedValue": 0}, {"maxAge": 1, "name": "Ms. Alicia A. Charity", "title": "Sr. VP of Investor Relations", "exercisedValue": 0, "unexercisedValue": 0}, {"maxAge": 1, "name": "Ms. Heather J. Melloh", "age": 50, "title": "Exec. VP & Gen. Counsel", "yearBorn": 1972, "exercisedValue": 0, "unexercisedValue": 0}, {"maxAge": 1, "name": "Ms. Deirdre D. Davey McGraw", "age": 51, "title": "Exec. VP of Marketing, Communications & Community Relations", "yearBorn": 1971, "exercisedValue": 0, "unexercisedValue": 0}], "auditRisk": 4, "boardRisk": 6, "compensationRisk": 5, "shareHolderRightsRisk": 5, "overallRisk": 5, "governanceEpochDate": "2023-04-30 20:00:00", "compensationAsOfEpochDate": "2022-12-30 19:00:00", "maxAge": 86400, "latitude": 44.97270600000007, "longitude": -93.26951299999996}