{"address1": "2121 Rosecrans Avenue", "address2": "Suite 6300", "city": "El Segundo", "state": "CA", "zip": "90245", "country": "United States", "phone": "310 587 1477", "website": "https://www.amark.com", "industry": "Capital Markets", "industryDisp": "Capital Markets", "sector": "Financial Services", "longBusinessSummary": "A-Mark Precious Metals, Inc., together with its subsidiaries, operates as a precious metals trading company. It operates in three segments: Wholesale Sales & Ancillary Services, Direct-to-Consumer, and Secured Lending. The Wholesale Sales & Ancillary Services segment sells gold, silver, platinum, and palladium in the form of bars, plates, powders, wafers, grains, ingots, and coins. This segment also offers various ancillary services, including financing, storage, consignment, logistics, and various customized financial programs; and designs and produces minted silver products. The Direct-to-Consumer segment provides access to an array of gold, silver, copper, platinum, and palladium products through its websites and marketplaces. It operates five company-owned websites targeting specific niches within the precious metals retail market. This segment also operates as a direct retailer of precious metals to the investor community and markets its precious metal products on television, radio, and the internet, as well as through customer service outreach. The Secured Lending segment originates and acquires commercial loans secured by bullion and numismatic coins; and serves coin and precious metal dealers, investors, and collectors. It serves customers, including financial institutions, bullion retailers, industrial manufacturers and fabricators, sovereign mints, refiners, coin and metal dealers, investors, collectors, and e-commerce and other retail customers. The company has operations in the United States, rest of North America, Europe, the Asia Pacific, Africa, and Australia. A-Mark Precious Metals, Inc. was founded in 1965 and is headquartered in El Segundo, California.", "fullTimeEmployees": 377, "companyOfficers": [{"maxAge": 1, "name": "Mr. Gregory N. Roberts", "age": 60, "title": "CEO & Director", "yearBorn": 1962, "fiscalYear": 2022, "totalPay": 1448833, "exercisedValue": 0, "unexercisedValue": 23302968}, {"maxAge": 1, "name": "Mr. Thor G. Gjerdrum", "age": 55, "title": "Pres", "yearBorn": 1967, "fiscalYear": 2022, "totalPay": 1222577, "exercisedValue": 0, "unexercisedValue": 919407}, {"maxAge": 1, "name": "Ms. Kathleen  Simpson-Taylor", "age": 59, "title": "CFO, Exec. VP & Assistant Sec.", "yearBorn": 1963, "fiscalYear": 2022, "totalPay": 920459, "exercisedValue": 0, "unexercisedValue": 843400}, {"maxAge": 1, "name": "Mr. Brian  Aquilino", "age": 49, "title": "Chief Operating Officer", "yearBorn": 1973, "fiscalYear": 2020, "exercisedValue": 0, "unexercisedValue": 0}, {"maxAge": 1, "name": "Ms. Armik  Zakian", "title": "Chief Information Officer", "exercisedValue": 0, "unexercisedValue": 0}, {"maxAge": 1, "name": "Mr. Steven H. Reiner", "title": "Exec. VP of Capital Markets & Investor Relations", "exercisedValue": 0, "unexercisedValue": 0}, {"maxAge": 1, "name": "Ms. Carol  Meltzer", "age": 64, "title": "Exec. VP, Gen. Counsel, Sec. & Director", "yearBorn": 1958, "fiscalYear": 2014, "exercisedValue": 0, "unexercisedValue": 0}, {"maxAge": 1, "name": "Mr. David W. G. Madge", "age": 62, "title": "Chief Marketing Officer", "yearBorn": 1960, "fiscalYear": 2017, "exercisedValue": 0, "unexercisedValue": 0}, {"maxAge": 1, "name": "Mr. Jamie  Meadows", "title": "Pres of AMST", "exercisedValue": 0, "unexercisedValue": 0}, {"maxAge": 1, "name": "Mr. Kevin  Pelo", "title": "Exec. VP & Head of Global Trading", "exercisedValue": 0, "unexercisedValue": 0}], "auditRisk": 9, "boardRisk": 4, "compensationRisk": 5, "shareHolderRightsRisk": 4, "overallRisk": 5, "governanceEpochDate": "2023-04-30 20:00:00", "compensationAsOfEpochDate": "2022-12-30 19:00:00", "maxAge": 86400, "latitude": 33.90278400569352, "longitude": -118.38750097825542}