{"address1": "2301 Highway 190 West", "city": "Deridder", "state": "LA", "zip": "70634", "country": "United States", "phone": "337 463 9052", "website": "https://www.amerisafe.com", "industry": "Insurance\u2014Specialty", "industryDisp": "Insurance\u2014Specialty", "sector": "Financial Services", "longBusinessSummary": "AMERISAFE, Inc., an insurance holding company, underwrites workers' compensation insurance in the United States. The company's workers' compensation insurance policies provide benefits to injured employees for temporary or permanent disability, death, and medical and hospital expenses. It serves small to mid-sized employers engaged in hazardous industries, including construction, trucking, logging and lumber, agriculture, manufacturing, telecommunications, and maritime. AMERISAFE, Inc. was incorporated in 1985 and is based in DeRidder, Louisiana.", "fullTimeEmployees": 354, "companyOfficers": [{"maxAge": 1, "name": "Ms. Gerry Janelle Frost", "age": 51, "title": "Pres, CEO & Director", "yearBorn": 1971, "fiscalYear": 2022, "totalPay": 922944, "exercisedValue": 0, "unexercisedValue": 0}, {"maxAge": 1, "name": "Mr. Anastasios George Omiridis", "age": 54, "title": "Exec. VP & CFO", "yearBorn": 1968, "fiscalYear": 2022, "totalPay": 865993, "exercisedValue": 0, "unexercisedValue": 0}, {"maxAge": 1, "name": "Ms. Kathryn Housh Shirley", "age": 56, "title": "Exec. VP, Chief Admin. Officer & Sec.", "yearBorn": 1966, "fiscalYear": 2022, "totalPay": 406334, "exercisedValue": 0, "unexercisedValue": 0}, {"maxAge": 1, "name": "Mr. Vincent John Gagliano", "age": 49, "title": "Exec. VP & Chief Risk Officer", "yearBorn": 1973, "fiscalYear": 2022, "totalPay": 437603, "exercisedValue": 0, "unexercisedValue": 0}, {"maxAge": 1, "name": "Mr. Andrew Brook McCray", "age": 60, "title": "Exec. VP & Chief Underwriting Officer", "yearBorn": 1962, "fiscalYear": 2022, "totalPay": 360978, "exercisedValue": 0, "unexercisedValue": 0}, {"maxAge": 1, "name": "Mr. Henry Oscar Lestage IV", "age": 61, "title": "Sr. VP of Claims Operations", "yearBorn": 1961, "exercisedValue": 0, "unexercisedValue": 0}, {"maxAge": 1, "name": "Ms. Barbra E. McCrary", "age": 47, "title": "Sr. VP of Policyholder Services", "yearBorn": 1975, "exercisedValue": 0, "unexercisedValue": 0}, {"maxAge": 1, "name": "Ms. Angela Walker Pearson", "age": 49, "title": "Sr. VP & Controller", "yearBorn": 1973, "exercisedValue": 0, "unexercisedValue": 0}, {"maxAge": 1, "name": "Mr. Garrett S. Little", "age": 51, "title": "Sr. VP of Safety Operations", "yearBorn": 1971, "exercisedValue": 0, "unexercisedValue": 0}, {"maxAge": 1, "name": "Ms. Nancy E. Hunt", "age": 52, "title": "Sr. VP of Underwriting Operations", "yearBorn": 1970, "exercisedValue": 0, "unexercisedValue": 0}], "auditRisk": 1, "boardRisk": 1, "compensationRisk": 1, "shareHolderRightsRisk": 9, "overallRisk": 2, "governanceEpochDate": "2023-04-30 20:00:00", "compensationAsOfEpochDate": "2022-12-30 19:00:00", "maxAge": 86400, "latitude": 30.84508898707344, "longitude": -93.3208609620672}