{"address1": "220 Alhambra Circle", "city": "Coral Gables", "state": "FL", "zip": "33134", "country": "United States", "phone": "305 460 8728", "website": "https://www.amerantbank.com", "industry": "Banks\u2014Regional", "industryDisp": "Banks\u2014Regional", "sector": "Financial Services", "longBusinessSummary": "Amerant Bancorp Inc. operates as the bank holding company for Amerant Bank, N.A. that provides banking products and services to individuals and businesses in the United States and internationally. It offers checking, savings, business, and money market accounts; cash management services; and certificates of deposits. The company also provides variable and fixed rate commercial real estate loans; loans secured by owner-occupied properties; loans to domestic and foreign individuals primarily secured by personal residence; working capital loans, asset-based lending, participations in shared national credits, purchased receivables, and small business administration loans; loans to financial institutions and acceptances; and consumer loans and overdrafts, such as automobile, personal, or loans secured by cash or securities and revolving credit card agreements. In addition, it offers trust and estate planning products and services to high-net-worth customers, brokerage and investment advisory services in global capital markets, and wealth management and fiduciary services. Further, the company provides debit and credit cards, night depositories, direct deposits, cashier's checks, safe deposit boxes, letters of credit, and treasury management services, including wire transfer, remote deposit capture, and automated clearinghouse services; derivative instruments; and online and mobile banking, account balances, statements and other documents, online transfers and bill payment, and electronic delivery of customer statements services, as well as automated teller machines, and banking by mobile devices, telephone, and mail. It operates banking centers in Florida and Texas; and loan production office in Tampa, Florida. The company was formerly known as Mercantil Bank Holding Corporation and changed its name to Amerant Bancorp Inc. in June 2019. Amerant Bancorp Inc. was founded in 1979 and is headquartered in Coral Gables, Florida. Amerant Bancorp Inc. (NasdaqGS:AMTB) was formerly a subsidiary of Mercantil Servicios Financieros, C.A.", "fullTimeEmployees": 722, "companyOfficers": [{"maxAge": 1, "name": "Mr. Gerald Paul Plush C.M.A., CPA", "age": 64, "title": "Chairman, Pres, CEO & Exec. VP and Head of Commercial Banking", "yearBorn": 1958, "fiscalYear": 2022, "totalPay": 1964884, "exercisedValue": 0, "unexercisedValue": 0}, {"maxAge": 1, "name": "Mr. Carlos  Iafigliola", "age": 45, "title": "Sr. EVP, CFO & COO", "yearBorn": 1977, "fiscalYear": 2022, "totalPay": 697577, "exercisedValue": 0, "unexercisedValue": 0}, {"maxAge": 1, "name": "Mr. Alberto Manuel Capriles Santander", "age": 54, "title": "Sr. EVP & Chief Risk Officer", "yearBorn": 1968, "fiscalYear": 2022, "totalPay": 690748, "exercisedValue": 0, "unexercisedValue": 0}, {"maxAge": 1, "name": "Mr. Howard  Levine", "age": 50, "title": "Sr. EVP & Head of Consumer Banking", "yearBorn": 1972, "fiscalYear": 2022, "totalPay": 633701, "exercisedValue": 0, "unexercisedValue": 0}, {"maxAge": 1, "name": "Mr. Armando D. Fleitas", "age": 45, "title": "Sr. VP, Controller & Principal Accounting Officer", "yearBorn": 1977, "exercisedValue": 0, "unexercisedValue": 0}, {"maxAge": 1, "name": "Mr. S. Marshall Martin", "title": "Exec. VP, Chief Admin. & Legal Officer", "exercisedValue": 0, "unexercisedValue": 0}, {"maxAge": 1, "name": "Ms. Laura  Rossi", "title": "Sr. VP, Head of Investor Relations & Sustainability", "exercisedValue": 0, "unexercisedValue": 0}, {"maxAge": 1, "name": "Ms. Christine  Esteve", "title": "Exec. VP & Chief Marketing Officer", "exercisedValue": 0, "unexercisedValue": 0}, {"maxAge": 1, "name": "Ms. Mariola  Sanchez", "age": 49, "title": "Sr. Exec. VP & Chief People Officer", "yearBorn": 1973, "exercisedValue": 0, "unexercisedValue": 0}, {"maxAge": 1, "name": "Mr. Julio V. Pena", "title": "Sr. VP of Securities Counsel & Assistant Corp. Sec.", "exercisedValue": 0, "unexercisedValue": 0}], "auditRisk": 8, "boardRisk": 6, "compensationRisk": 6, "shareHolderRightsRisk": 10, "overallRisk": 8, "governanceEpochDate": "2023-04-30 20:00:00", "compensationAsOfEpochDate": "2022-12-30 19:00:00", "maxAge": 86400, "latitude": 25.751760981861395, "longitude": -80.25946998980803}