{"address1": "23/F Nexxus Building", "address2": "41 Connaught Road", "city": "Central", "country": "Hong Kong", "phone": "852 3163 3389", "fax": "852 3163 3289", "website": "https://www.amtdinc.com", "industry": "Asset Management", "industryDisp": "Asset Management", "sector": "Financial Services", "longBusinessSummary": "AMTD IDEA Group, an investment holding company, provides capital market solutions in China, Hong Kong, Europe, the United States, and internationally. The company operates through four segments: Capital Market Solutions; Digital Solutions and Other Services; Fashion and Luxury Media Advertising and Marketing Services; and Strategic Investment. The Capital Market Solutions segment raises funds through equity and debt financing, private placements, and debt issuances; provides financial advisory services, such as domestic and cross border advisory services for merger and acquisitions; and offers asset management products and services. The Digital Solutions and Other Services segment provides investor communication, investor relations, and corporate communication services to institutional and corporate clients, as well as digital financial solution services. The Fashion and Luxury Media Advertising and Marketing Services segment offers print and digital advertising campaigns, licensing, and value-added marketing services, such as branded content, video production, social media activation, event creation, and experiential marketing services. The Strategic Investment segment engages in proprietary investments and management of global investment portfolio, including listed and unlisted equity shares investments and movie income right investments. The company was formerly known as AMTD International Inc. AMTD IDEA Group was founded in 2003 and is based in Central, Hong Kong. AMTD IDEA Group is a subsidiary of AMTD Group Inc.", "companyOfficers": [{"maxAge": 1, "name": "Mr. William  Fung", "age": 40, "title": "Chief Exec. Officer", "yearBorn": 1982, "exercisedValue": 0, "unexercisedValue": 0}, {"maxAge": 1, "name": "Mr. Ho Sum  Zee", "age": 47, "title": "Co-Chief Financial Officer", "yearBorn": 1975, "exercisedValue": 0, "unexercisedValue": 0}, {"maxAge": 1, "name": "Mr. Man Chun  Chiu", "age": 37, "title": "Co-Chief Financial Officer", "yearBorn": 1985, "exercisedValue": 0, "unexercisedValue": 0}, {"maxAge": 1, "name": "Mr. Chun Lung  Tsang", "age": 35, "title": "Chief Accounting Officer", "yearBorn": 1987, "exercisedValue": 0, "unexercisedValue": 0}, {"maxAge": 1, "name": "Mr. Derek  Chung", "age": 40, "title": "MD, Chief Strategy and Bus. Devel. Officer, & Head of Investment Banking", "yearBorn": 1982, "exercisedValue": 0, "unexercisedValue": 0}, {"maxAge": 1, "name": "Mr. Ming Lin  Cheung", "age": 35, "title": "Head of Global Markets", "yearBorn": 1987, "exercisedValue": 0, "unexercisedValue": 0}, {"maxAge": 1, "name": "Mr. Fan  Wang", "age": 41, "title": "Chief Strategic Alliance Officer", "yearBorn": 1981, "exercisedValue": 0, "unexercisedValue": 0}, {"maxAge": 1, "name": "Mr. Benjamin  Eymere", "title": "Chief Metaverse Officer", "exercisedValue": 0, "unexercisedValue": 0}], "maxAge": 86400, "latitude": 22.28422069562795, "longitude": 114.1564501142858}