{"address1": "12610 Race Track Road", "address2": "Suite 250", "city": "Tampa", "state": "FL", "zip": "33626", "country": "United States", "phone": "202 742 5870", "website": "https://www.anzuspac.com", "industry": "Shell Companies", "industryDisp": "Shell Companies", "sector": "Financial Services", "longBusinessSummary": "Anzu Special Acquisition Corp I does not have significant operations. The company focuses on effecting a merger, capital stock exchange, asset acquisition, stock purchase, reorganization, or related business combination with one or more businesses. It intends to identify business opportunities in the field of industrial applications. Anzu Special Acquisition Corp I was incorporated in 2020 and is based in Tampa, Florida. Anzu Special Acquisition Corp I operates as a subsidiary of Anzu SPAC GP I LLC.", "companyOfficers": [{"maxAge": 1, "name": "Dr. Whitney Patrick Haring-Smith", "age": 37, "title": "Chairman of Directors & CEO", "yearBorn": 1985, "exercisedValue": 0, "unexercisedValue": 0}, {"maxAge": 1, "name": "Mr. Daniel Joseph Hirsch", "age": 48, "title": "CFO, Sec. & Director", "yearBorn": 1974, "exercisedValue": 0, "unexercisedValue": 0}], "maxAge": 86400, "latitude": 28.067043008314002, "longitude": -82.63739898923663}