{"address1": "Penthouse 5", "address2": "848 Brickell Avenue", "city": "Miami", "state": "FL", "zip": "33131", "country": "United States", "phone": "786 442 1482", "website": "https://arogocapital.com", "industry": "Shell Companies", "industryDisp": "Shell Companies", "sector": "Financial Services", "longBusinessSummary": "Arogo Capital Acquisition Corp. does not have significant operations. The company focuses on effecting a merger, capital stock exchange, asset acquisition, stock purchase, reorganization, or related business combination with one or more businesses. It intends to focus on businesses in transportation and technology industries within the electric vehicles technology, smart mobility, or sustainable transportation. Arogo Capital Acquisition Corp. was incorporated in 2021 and is based in Miami, Florida.", "companyOfficers": [{"maxAge": 1, "name": "Mr. Suradech  Taweesaengsakulthai", "age": 56, "title": "CEO & Director", "yearBorn": 1966, "exercisedValue": 0, "unexercisedValue": 0}, {"maxAge": 1, "name": "Mr. Suthee  Chivaphongse FCCA", "age": 56, "title": "Chief Financial Officer", "yearBorn": 1966, "exercisedValue": 0, "unexercisedValue": 0}, {"maxAge": 1, "name": "Mr. Han Wen Chee", "age": 45, "title": "Chief Strategy Officer", "yearBorn": 1977, "exercisedValue": 0, "unexercisedValue": 0}], "maxAge": 86400, "latitude": 25.76902300000006, "longitude": -80.19184499999994}