{"address1": "Metropolitan Building", "address2": "James Joyce Street", "city": "Dublin", "zip": "D01 K0Y8", "country": "Ireland", "phone": "353 1 266 6000", "website": "https://www.aon.com", "industry": "Insurance Brokers", "industryDisp": "Insurance Brokers", "sector": "Financial Services", "longBusinessSummary": "Aon plc, a professional services firm, provides advice and solutions to clients focused on risk, retirement, and health worldwide. It offers commercial risk solutions, including retail brokerage, specialty solutions, global risk consulting and captives management, and affinity programs; and health solutions, such as health and benefits brokerages, and health care exchanges. The company also provides treaty and facultative reinsurance, as well as insurance-linked securities, capital raising, strategic advice, restructuring, and mergers and acquisitions services; and corporate finance advisory services. In addition, it offers strategic design consulting services on their retirement programs, actuarial services, and risk management services; advice services on developing and maintaining investment programs across a range of plan types, including defined benefit plans, defined contribution plans, endowments, and foundations for public and private companies, and other institutions; and advice and solutions that help clients in risk, health, and wealth through commercial risk, reinsurance, health, and wealth solutions. Aon plc was founded in 1919 and is headquartered in Dublin, Ireland.", "fullTimeEmployees": 50000, "companyOfficers": [{"maxAge": 1, "name": "Mr. Gregory Clarence Case", "age": 59, "title": "CEO & Exec. Director", "yearBorn": 1963, "fiscalYear": 2022, "totalPay": 2171530, "exercisedValue": 0, "unexercisedValue": 0}, {"maxAge": 1, "name": "Mr. Eric  Andersen", "age": 57, "title": "Pres", "yearBorn": 1965, "fiscalYear": 2022, "totalPay": 1306912, "exercisedValue": 0, "unexercisedValue": 0}, {"maxAge": 1, "name": "Ms. Christa  Davies", "age": 50, "title": "Exec. VP & CFO", "yearBorn": 1972, "fiscalYear": 2022, "totalPay": 4380577, "exercisedValue": 0, "unexercisedValue": 0}, {"maxAge": 1, "name": "Mr. Darren  Zeidel", "age": 50, "title": "Exec. VP, Gen. Counsel & Company Sec.", "yearBorn": 1972, "fiscalYear": 2022, "totalPay": 937140, "exercisedValue": 0, "unexercisedValue": 0}, {"maxAge": 1, "name": "Ms. Lisa J. Stevens", "age": 51, "title": "Exec. VP, Chief People Officer & Head of Global Human Capital Solutions", "yearBorn": 1971, "fiscalYear": 2022, "totalPay": 1033147, "exercisedValue": 0, "unexercisedValue": 0}, {"maxAge": 1, "name": "Ms. Mindy  Simon", "age": 45, "title": "Chief Operating Officer", "yearBorn": 1977, "exercisedValue": 0, "unexercisedValue": 0}, {"maxAge": 1, "name": "Mr. Michael  Neller", "age": 43, "title": "Chief Accounting Officer, Sr. VP & Global Controller", "yearBorn": 1979, "exercisedValue": 0, "unexercisedValue": 0}, {"maxAge": 1, "name": "Mr. Kirk A. Behrens", "title": "Chief Information Officer", "exercisedValue": 0, "unexercisedValue": 0}, {"maxAge": 1, "name": "Ms. Frances  Sigurani", "title": "Chief Admin. Officer", "exercisedValue": 0, "unexercisedValue": 0}, {"maxAge": 1, "name": "Ms. Leslie  Follmer", "title": "Sr. VP & Head of Investor Relations", "exercisedValue": 0, "unexercisedValue": 0}], "auditRisk": 2, "boardRisk": 2, "compensationRisk": 8, "shareHolderRightsRisk": 7, "overallRisk": 4, "governanceEpochDate": "2023-04-30 20:00:00", "compensationAsOfEpochDate": "2022-12-30 19:00:00", "maxAge": 86400, "latitude": 53.35239001240228, "longitude": -6.254210027984442}