{"address1": "One World Trade Center", "address2": "Suite 8500", "city": "New York", "state": "NY", "zip": "10007", "country": "United States", "phone": "646 314 3555", "website": "https://stonebridgespac.com", "industry": "Shell Companies", "industryDisp": "Shell Companies", "sector": "Financial Services", "longBusinessSummary": "StoneBridge Acquisition Corporation does not have significant operations. It intends to effect a merger, capital share exchange, asset acquisition, share purchase, reorganization, or similar Business Combination with one or more businesses. The company was incorporated in 2021 and is based in New York, New York.", "companyOfficers": [{"maxAge": 1, "name": "Mr. Bhargava  Marepally", "age": 50, "title": "CEO & Director", "yearBorn": 1972, "exercisedValue": 0, "unexercisedValue": 0}, {"maxAge": 1, "name": "Mr. Prabhu  Antony", "age": 43, "title": "Pres, CFO & Director", "yearBorn": 1979, "exercisedValue": 0, "unexercisedValue": 0}], "maxAge": 86400, "latitude": 40.713130000000035, "longitude": -74.01387999999997}