{"address1": "875 East Wisconsin Avenue", "address2": "Suite 800", "city": "Milwaukee", "state": "WI", "zip": "53202", "country": "United States", "phone": "414 390 6100", "website": "https://www.artisanpartners.com", "industry": "Asset Management", "industryDisp": "Asset Management", "sector": "Financial Services", "longBusinessSummary": "Artisan Partners Asset Management Inc. is publicly owned investment manager. It provides its services to pension and profit sharing plans, trusts, endowments, foundations, charitable organizations, government entities, private funds and non-U.S. funds, as well as mutual funds, non-U.S. funds and collective trusts. It manages separate client-focused equity and fixed income portfolios. The firm invests in the public equity and fixed income markets across the globe. It invests in growth and value stocks of companies across all market capitalization. For fixed income component of its portfolio the firm invests in non-investment grade corporate bonds and secured and unsecured loans. It employs fundamental analysis to create its portfolios. Artisan Partners Asset Management Inc. was founded in 1994 and is based in Milwaukee, Wisconsin with additional offices in Atlanta, Georgia; New York City; San Francisco, California; Leawood, Kansas; and London, United Kingdom.", "fullTimeEmployees": 549, "companyOfficers": [{"maxAge": 1, "name": "Mr. Eric Richard Colson C.F.A., CFA", "age": 53, "title": "CEO & Director", "yearBorn": 1969, "fiscalYear": 2022, "totalPay": 4831671, "exercisedValue": 0, "unexercisedValue": 0}, {"maxAge": 1, "name": "Mr. Jason A. Gottlieb", "age": 52, "title": "Pres", "yearBorn": 1970, "fiscalYear": 2022, "totalPay": 3411982, "exercisedValue": 0, "unexercisedValue": 0}, {"maxAge": 1, "name": "Mr. Charles James Daley Jr., CPA", "age": 59, "title": "Exec. VP, CFO & Treasurer", "yearBorn": 1963, "fiscalYear": 2022, "totalPay": 1993824, "exercisedValue": 0, "unexercisedValue": 0}, {"maxAge": 1, "name": "Ms. Sarah Anne Johnson", "age": 50, "title": "Exec. VP, Chief Legal Officer & Sec.", "yearBorn": 1972, "fiscalYear": 2022, "totalPay": 1778912, "exercisedValue": 0, "unexercisedValue": 0}, {"maxAge": 1, "name": "Mr. Christopher Jon Krein", "age": 50, "title": "Exec. VP & Head of Global Distribution", "yearBorn": 1972, "fiscalYear": 2022, "totalPay": 2151545, "exercisedValue": 0, "unexercisedValue": 0}, {"maxAge": 1, "name": "Mr. Samuel Bentson Sellers", "age": 39, "title": "Exec. VP & COO", "yearBorn": 1983, "exercisedValue": 0, "unexercisedValue": 0}, {"maxAge": 1, "name": "Ms. Eileen Lee Kwei", "age": 43, "title": "Exec. VP & Chief Admin. Officer", "yearBorn": 1979, "exercisedValue": 0, "unexercisedValue": 0}, {"maxAge": 1, "name": "Mr. Gregory Kenneth Ramirez CPA", "age": 51, "title": "Exec. VP & Head of Vehicle Admin.", "yearBorn": 1971, "fiscalYear": 2019, "exercisedValue": 0, "unexercisedValue": 0}, {"maxAge": 1, "name": "Mr. Daniel J. O'Keefe", "title": "MD and Lead Portfolio Mang. of Global Value & Select Equity Strategies", "exercisedValue": 0, "unexercisedValue": 0}, {"maxAge": 1, "name": "Mr. James Stephen Hamman Jr.", "age": 52, "title": "Exec. VP", "yearBorn": 1970, "fiscalYear": 2017, "exercisedValue": 0, "unexercisedValue": 0}], "auditRisk": 1, "boardRisk": 1, "compensationRisk": 7, "shareHolderRightsRisk": 6, "overallRisk": 3, "governanceEpochDate": "2023-04-30 20:00:00", "compensationAsOfEpochDate": "2022-12-30 19:00:00", "maxAge": 86400, "latitude": 43.03852198321303, "longitude": -87.90047503444389}