{"address1": "10 Collyer Quay", "address2": "No 37-00 Ocean Financial Center", "city": "Singapore", "country": "Singapore", "phone": "852 2918 0050", "website": "https://www.apacquisitioncorp.com", "industry": "Shell Companies", "industryDisp": "Shell Companies", "sector": "Financial Services", "longBusinessSummary": "AP Acquisition Corp. does not have significant operations. It focuses on effecting a merger, share exchange, asset acquisition, share purchase, reorganization, or similar business combination with one or more businesses in the de-carbonization/renewable energy sectors with a focus in Japan/Asia (excluding China) and European markets. The company was incorporated in 2021 and is based in Singapore.", "fullTimeEmployees": 1, "companyOfficers": [{"maxAge": 1, "name": "Mr. Keiichi  Suzuki", "age": 52, "title": "CEO & Director", "yearBorn": 1970, "exercisedValue": 0, "unexercisedValue": 0}], "maxAge": 86400, "latitude": 1.2832042906820789, "longitude": 103.8519771508183}