{"address1": "9 West 57th Street", "address2": "42nd Floor", "city": "New York", "state": "NY", "zip": "10019", "country": "United States", "phone": "(212) 515-3200", "website": "https://www.apollostrategicgrowthcapitalii.com", "industry": "Shell Companies", "industryDisp": "Shell Companies", "sector": "Financial Services", "longBusinessSummary": "Apollo Strategic Growth Capital II does not have significant operations. It intends to effect a merger, share exchange, asset acquisition, share purchase, recapitalization, reorganization, or other similar business combination with one or more businesses or entities. The company was formerly known as APH I (Sub I), Ltd. and changed its name to Apollo Strategic Growth Capital II in December 2020. Apollo Strategic Growth Capital II was incorporated in 2008 and is based in New York, New York.", "companyOfficers": [{"maxAge": 1, "name": "Mr. Scott M. Kleinman", "age": 49, "title": "Exec. Chairman of Board of Directors", "yearBorn": 1973, "exercisedValue": 0, "unexercisedValue": 0}, {"maxAge": 1, "name": "Mr. Sanjay Hiralal Patel", "age": 61, "title": "CEO & Director", "yearBorn": 1961, "exercisedValue": 0, "unexercisedValue": 0}, {"maxAge": 1, "name": "Mr. James R. Crossen", "age": 48, "title": "CFO, Chief Accounting Officer & Sec.", "yearBorn": 1974, "exercisedValue": 0, "unexercisedValue": 0}], "maxAge": 86400, "latitude": 40.76379822602672, "longitude": -73.97518343011625}