{"address1": "3811 Turtle Creek Boulevard", "address2": "Suite 2100", "city": "Dallas", "state": "TX", "zip": "75219", "country": "United States", "phone": "214 427 1704", "website": "https://www.applieddigital.com", "industry": "Capital Markets", "industryDisp": "Capital Markets", "sector": "Financial Services", "longBusinessSummary": "Applied Digital Corporation designs, develops, and operates datacenters in North America. Its datacenters provide digital infrastructure solutions to the performance computing industry. The company was formerly known as Applied Blockchain, Inc. and changed its name to Applied Digital Corporation in November 2022. Applied Digital Corporation was incorporated in 2001 and is based in Dallas, Texas.", "fullTimeEmployees": 55, "companyOfficers": [{"maxAge": 1, "name": "Mr. Wesley  Cummins", "age": 44, "title": "Chairman, CEO, Pres, Sec. & Treasurer", "yearBorn": 1978, "fiscalYear": 2022, "totalPay": 579167, "exercisedValue": 0, "unexercisedValue": 0}, {"maxAge": 1, "name": "Mr. David  Rench", "age": 44, "title": "Chief Financial Officer", "yearBorn": 1978, "fiscalYear": 2022, "totalPay": 434707, "exercisedValue": 0, "unexercisedValue": 0}, {"maxAge": 1, "name": "Ms. Regina  Ingel", "age": 35, "title": "Chief Marketing Officer", "yearBorn": 1987, "fiscalYear": 2022, "totalPay": 165000, "exercisedValue": 0, "unexercisedValue": 0}, {"maxAge": 1, "name": "Mr. Jason  Zhang", "age": 28, "title": "Co-Founder", "yearBorn": 1994, "exercisedValue": 0, "unexercisedValue": 0}, {"maxAge": 1, "name": "Mr. Michael  Maniscalco", "title": "Exec. VP of Technology", "exercisedValue": 0, "unexercisedValue": 0}, {"maxAge": 1, "name": "Mr. Nick  Phillips", "title": "Exec. VP of Hosting Operations & Public Affairs", "exercisedValue": 0, "unexercisedValue": 0}, {"maxAge": 1, "name": "Mr. John  Browder", "title": "Director of HR and Recruiting", "exercisedValue": 0, "unexercisedValue": 0}, {"maxAge": 1, "name": "Mr. Etienne  Snyman", "title": "Exec. VP of Power", "exercisedValue": 0, "unexercisedValue": 0}, {"maxAge": 1, "name": "Mr. Saidal  Mohmand", "title": "Exec. VP of Fin.", "exercisedValue": 0, "unexercisedValue": 0}, {"maxAge": 1, "name": "Mr. Jeff  Nicholas", "title": "Exec. VP of Real Estate Devel.", "exercisedValue": 0, "unexercisedValue": 0}], "auditRisk": 9, "boardRisk": 7, "compensationRisk": 9, "shareHolderRightsRisk": 5, "overallRisk": 8, "governanceEpochDate": "2023-04-30 20:00:00", "compensationAsOfEpochDate": "2022-12-30 19:00:00", "maxAge": 86400, "latitude": 32.813893981656946, "longitude": -96.8007030323151}