{"address1": "126 East 56th Street", "address2": "30th Floor", "city": "New York", "state": "NY", "zip": "10022", "country": "United States", "phone": "(212) 479-2000", "industry": "Shell Companies", "industryDisp": "Shell Companies", "sector": "Financial Services", "longBusinessSummary": "AxonPrime Infrastructure Acquisition Corporation does not have significant operations. It intends to effect a merger, capital stock exchange, asset acquisition, stock purchase, reorganization, or other similar business combination with one or more businesses. The company was incorporated in 2021 and is based in New York, New York.", "companyOfficers": [{"maxAge": 1, "name": "Mr. Dinakar  Singh", "age": 53, "title": "Founder, CEO & Interim CFO", "yearBorn": 1969, "exercisedValue": 0, "unexercisedValue": 0}, {"maxAge": 1, "name": "Mr. Dakin  Sloss", "age": 31, "title": "Founder", "yearBorn": 1991, "exercisedValue": 0, "unexercisedValue": 0}], "maxAge": 86400, "latitude": 40.760466084238345, "longitude": -73.97037205005547}