{"address1": "Empire State Building", "address2": "Suite 4215 20 West 34th Street", "city": "New York", "state": "NY", "zip": "10001", "country": "United States", "phone": "852-2523-1056", "website": "https://www.aptmspac.com", "industry": "Shell Companies", "industryDisp": "Shell Companies", "sector": "Financial Services", "longBusinessSummary": "Alpha Partners Technology Merger Corp. does not have significant operations. It focuses on effecting a merger, capital stock exchange, asset acquisition, share purchase, reorganization, or related business combination with one or more businesses. The company was incorporated in 2021 and is based in New York, New York.", "companyOfficers": [{"maxAge": 1, "name": "Mr. Matt  Krna", "title": "CEO & Director", "exercisedValue": 0, "unexercisedValue": 0}, {"maxAge": 1, "name": "Mr. Sean Patrick O'Brien", "age": 52, "title": "Chief Financial Officer", "yearBorn": 1970, "exercisedValue": 0, "unexercisedValue": 0}], "maxAge": 86400, "latitude": 40.74843000000004, "longitude": -73.98566999999997}