{"address1": "Juan Salvador Agraz 65", "address2": "Contadero Cuajimalpa de Morelos", "city": "Mexico City", "state": "DF", "zip": "05370", "country": "Mexico", "phone": "52 55 4744 1100", "industry": "Shell Companies", "industryDisp": "Shell Companies", "sector": "Financial Services", "longBusinessSummary": "APx Acquisition Corp. I. does not have significant operations. The company intends to effect a merger, share exchange, asset acquisition, share purchase, reorganization, or similar business combination with one or more businesses or entities. APx Acquisition Corp. I. was incorporated in 2021 and is based in Mexico City, Mexico.", "companyOfficers": [{"maxAge": 1, "name": "Mr. Daniel  Braatz", "age": 37, "title": "Chairman & CEO", "yearBorn": 1985, "exercisedValue": 0, "unexercisedValue": 0}, {"maxAge": 1, "name": "Mr. Xavier  Martinez", "age": 29, "title": "Chief Financial Officer", "yearBorn": 1993, "exercisedValue": 0, "unexercisedValue": 0}], "maxAge": 86400, "latitude": 19.35873376822354, "longitude": -99.27790506061675}