{"address1": "515 Madison Avenue", "address2": "8th Floor", "city": "New York", "state": "NY", "zip": "10022", "country": "United States", "phone": "646-970-2181", "industry": "Shell Companies", "industryDisp": "Shell Companies", "sector": "Financial Services", "longBusinessSummary": "Aquaron Acquisition Corp. does not have significant operations. It focuses on effecting a merger, share exchange, asset acquisition, stock purchase, recapitalization, reorganization, or similar business combination with one or more businesses. It intends to focus on operating businesses in the new energy sector. The company was incorporated in 2021 and is based in New York, New York.", "companyOfficers": [{"maxAge": 1, "name": "Ms. Yi  Zhou", "age": 35, "title": "Chairwoman, CEO & Pres", "yearBorn": 1987, "exercisedValue": 0, "unexercisedValue": 0}, {"maxAge": 1, "name": "Mr. Qingze  Zhao", "age": 33, "title": "CFO & Director", "yearBorn": 1989, "exercisedValue": 0, "unexercisedValue": 0}], "maxAge": 86400, "latitude": 40.75967265328376, "longitude": -73.97378599921883}