{"address1": "500 West Putnam Avenue", "address2": "Suite 400", "city": "Greenwich", "state": "CT", "zip": "06830", "country": "United States", "phone": "(917) 297-4075", "industry": "Shell Companies", "industryDisp": "Shell Companies", "sector": "Financial Services", "longBusinessSummary": "Aequi Acquisition Corp. does not have significant operations. The company intends to effect a merger, capital stock exchange, asset acquisition, stock purchase, reorganization, or similar business combination with one or more businesses. Aequi Acquisition Corp. was incorporated in 2020 and is based in Greenwich, Connecticut.", "companyOfficers": [{"maxAge": 1, "name": "Ms. Hope Schefler Taitz", "age": 58, "title": "Interim CFO, Chairperson & CEO", "yearBorn": 1964, "exercisedValue": 0, "unexercisedValue": 0}, {"maxAge": 1, "name": "Ms. Susan S. Hassan Esq.", "age": 50, "title": "COO & Director", "yearBorn": 1972, "exercisedValue": 0, "unexercisedValue": 0}], "maxAge": 86400, "latitude": 41.017878018793596, "longitude": -73.64518999757487}