{"address1": "Eastcastle House", "address2": "27/28 Eastcastle Street", "city": "London", "zip": "W1W 8DH", "country": "United Kingdom", "website": "https://www.argoblockchain.com", "industry": "Capital Markets", "industryDisp": "Capital Markets", "sector": "Financial Services", "longBusinessSummary": "Argo Blockchain plc, together with its subsidiaries, engages in the bitcoin and other cryptocurrencies mining business worldwide. It engages in mining purpose-built computers for complex cryptographic algorithms. The company was formerly known as GoSun Blockchain Limited and changed its name to Argo Blockchain plc in December 2017. Argo Blockchain plc was incorporated in 2017 and is based in London, the United Kingdom.", "fullTimeEmployees": 82, "companyOfficers": [{"maxAge": 1, "name": "Mr. Seif  El-Bakly C.F.A.", "age": 37, "title": "Interim CEO & COO", "yearBorn": 1985, "fiscalYear": 2022, "totalPay": 462903, "exercisedValue": 0, "unexercisedValue": 0}, {"maxAge": 1, "name": "Mr. Peter G. Wall", "age": 46, "title": "Advisor", "yearBorn": 1976, "fiscalYear": 2022, "totalPay": 610181, "exercisedValue": 0, "unexercisedValue": 0}, {"maxAge": 1, "name": "Mr. James Mckenzie MacCallum C.A., C.F.A., CPA", "age": 52, "title": "Chief Financial Officer", "yearBorn": 1970, "exercisedValue": 0, "unexercisedValue": 0}, {"maxAge": 1, "name": "Jean  Esquier", "title": "VP of Technology & Devel.", "exercisedValue": 0, "unexercisedValue": 0}, {"maxAge": 1, "name": "Mr. Tom  Divine", "title": "VP of Investor Relations", "exercisedValue": 0, "unexercisedValue": 0}, {"maxAge": 1, "name": "Mr. Davis  Zapffe", "title": "Gen. Counsel", "exercisedValue": 0, "unexercisedValue": 0}, {"maxAge": 1, "name": "Ms. Alana  Marks", "title": "VP of People & Culture", "exercisedValue": 0, "unexercisedValue": 0}, {"maxAge": 1, "name": "Mr. Sebastien  Chalus", "title": "Chief Strategy Officer", "exercisedValue": 0, "unexercisedValue": 0}], "compensationAsOfEpochDate": "2022-12-30 19:00:00", "maxAge": 86400, "latitude": 51.51656001411217, "longitude": -0.13846996246766707}