{"address1": "2000 Avenue of the Stars", "address2": "12th Floor", "city": "Los Angeles", "state": "CA", "zip": "90067", "country": "United States", "phone": "310 201 4100", "fax": "310 432 8632", "website": "https://www.arescapitalcorp.com", "industry": "Asset Management", "industryDisp": "Asset Management", "sector": "Financial Services", "longBusinessSummary": "Ares Capital Corporation is a business development company specializing in acquisition, recapitalization, mezzanine debt, restructurings, rescue financing, and leveraged buyout transactions of middle market companies. It also makes growth capital and general refinancing. It prefers to make investments in companies engaged in the basic and growth manufacturing, business services, consumer products, health care products and services, and information technology service sectors. The fund will also consider investments in industries such as restaurants, retail, oil and gas, and technology sectors. It focuses on investments in Northeast, Mid-Atlantic, Southeast and Southwest regions from its New York office, the Midwest region, from the Chicago office, and the Western region from the Los Angeles office. The fund typically invests between $20 million and $200 million and a maximum of $400 million in companies with an EBITDA between $10 million and $250 million. It makes debt investments between $10 million and $100 million The fund invests through revolvers, first lien loans, warrants, unitranche structures, second lien loans, mezzanine debt, private high yield, junior capital, subordinated debt, and non-control preferred and common equity. The fund also selectively considers third-party-led senior and subordinated debt financings and opportunistically considers the purchase of stressed and discounted debt positions. The fund prefers to be an agent and/or lead the transactions in which it invests. The fund also seeks board representation in its portfolio companies.", "companyOfficers": [{"maxAge": 1, "name": "Mr. Michael J. Arougheti", "age": 50, "title": "Co-Chairman & Exec. VP", "yearBorn": 1972, "fiscalYear": 2022, "totalPay": 0, "exercisedValue": 0, "unexercisedValue": 0}, {"maxAge": 1, "name": "Mr. Bennett  Rosenthal", "age": 59, "title": "Co-Founder & Co-Chairman", "yearBorn": 1963, "fiscalYear": 2022, "totalPay": 0, "exercisedValue": 0, "unexercisedValue": 0}, {"maxAge": 1, "name": "Mr. Robert Kipp DeVeer III", "age": 49, "title": "CEO & Director", "yearBorn": 1973, "fiscalYear": 2022, "totalPay": 0, "exercisedValue": 0, "unexercisedValue": 0}, {"maxAge": 1, "name": "Mr. Mitchell S. Goldstein CPA, CPA", "age": 55, "title": "Co-Pres", "yearBorn": 1967, "exercisedValue": 0, "unexercisedValue": 0}, {"maxAge": 1, "name": "Mr. Kort  Schnabel", "age": 45, "title": "Co-Pres, Partner & Co-Head of U.S. Direct Lending", "yearBorn": 1977, "exercisedValue": 0, "unexercisedValue": 0}, {"maxAge": 1, "name": "Ms. Penelope F. Roll", "age": 56, "title": "Chief Financial Officer", "yearBorn": 1966, "exercisedValue": 0, "unexercisedValue": 0}, {"maxAge": 1, "name": "Ms. Jana  Markowicz", "age": 41, "title": "Partner & COO", "yearBorn": 1981, "exercisedValue": 0, "unexercisedValue": 0}, {"maxAge": 1, "name": "Mr. Scott C. Lem", "age": 44, "title": "Chief Accounting Officer, VP & Treasurer", "yearBorn": 1978, "exercisedValue": 0, "unexercisedValue": 0}, {"maxAge": 1, "name": "Mr. John W. Stilmar", "title": "MD of Public Investor Relations & Communications", "exercisedValue": 0, "unexercisedValue": 0}, {"maxAge": 1, "name": "Mr. Joshua M. Bloomstein J.D.", "age": 48, "title": "VP, Gen. Counsel & Sec.", "yearBorn": 1974, "exercisedValue": 0, "unexercisedValue": 0}], "auditRisk": 6, "boardRisk": 10, "compensationRisk": 5, "shareHolderRightsRisk": 6, "overallRisk": 8, "governanceEpochDate": "2023-04-30 20:00:00", "compensationAsOfEpochDate": "2022-12-30 19:00:00", "maxAge": 86400, "latitude": 34.058355984305194, "longitude": -118.41433899403286}