{"address1": "2000 Avenue of the Stars", "address2": "12th Floor", "city": "Los Angeles", "state": "CA", "zip": "90067", "country": "United States", "phone": "310-201-4100", "website": "https://www.aresmgmt.com", "industry": "Asset Management", "industryDisp": "Asset Management", "sector": "Financial Services", "longBusinessSummary": "Ares Management Corporation operates as an alternative asset manager in the United States, Europe, and Asia. The company's Tradable Credit Group segment manages various types of investment funds, such as commingled and separately managed accounts for institutional investors, and publicly traded vehicles and sub-advised funds for retail investors in the tradable and non-investment grade corporate credit markets. Its Direct Lending Group segment provides financing solutions to small-to-medium sized companies. The company's Private Equity Group segment focuses on majority or shared-control investments primarily in under-capitalized companies. Its Real Estate Group segment invests in new developments and the repositioning of assets, with a focus on control or majority-control investments; and originates and invests in a range of self-originated financing opportunities for middle-market owners and operators of commercial real estate. The firm was previously known as Ares Management, L.P. Ares Management Corporation was founded in 1997 and is headquartered in Los Angeles, California with additional offices in the United States, Europe and Asia. Ares Management GP LLC is the general partner of the company.", "fullTimeEmployees": 2558, "companyOfficers": [{"maxAge": 1, "name": "Mr. Antony Peter Ressler", "age": 61, "title": "Co-Founder & Exec. Chairman", "yearBorn": 1961, "fiscalYear": 2022, "totalPay": 0, "exercisedValue": 0, "unexercisedValue": 0}, {"maxAge": 1, "name": "Mr. Michael J. Arougheti", "age": 50, "title": "Co-Founder, CEO, Pres & Director", "yearBorn": 1972, "fiscalYear": 2022, "totalPay": 20873100, "exercisedValue": 0, "unexercisedValue": 0}, {"maxAge": 1, "name": "Mr. David B. Kaplan", "age": 55, "title": "Co-Founder, Partner & Director", "yearBorn": 1967, "fiscalYear": 2022, "totalPay": 8562353, "exercisedValue": 0, "unexercisedValue": 0}, {"maxAge": 1, "name": "Mr. Bennett  Rosenthal", "age": 59, "title": "Co-Founder, Partner, Chairman of Private Equity Group & Director", "yearBorn": 1963, "fiscalYear": 2022, "totalPay": 8562353, "exercisedValue": 0, "unexercisedValue": 0}, {"maxAge": 1, "name": "Mr. Jarrod Morgan Phillips", "age": 44, "title": "Partner & CFO", "yearBorn": 1978, "fiscalYear": 2022, "totalPay": 1488014, "exercisedValue": 0, "unexercisedValue": 0}, {"maxAge": 1, "name": "Mr. Robert Kipp DeVeer III", "age": 49, "title": "Director, Partner, Head of Ares Credit Group & Director and CEO of Ares Capital Corp.", "yearBorn": 1973, "fiscalYear": 2022, "totalPay": 25321625, "exercisedValue": 0, "unexercisedValue": 4179954}, {"maxAge": 1, "name": "Mr. Edwin  Wong", "title": "Managing Partner & CEO of Ares SSG", "exercisedValue": 0, "unexercisedValue": 0}, {"maxAge": 1, "name": "Ms. Jana  Markowicz", "age": 41, "title": "Chief Operating Officer of U.S. Direct Lending", "yearBorn": 1981, "exercisedValue": 0, "unexercisedValue": 0}, {"maxAge": 1, "name": "Mr. Sandesh  Hegde", "title": "Partner, Global Chief Information Officer, COO of Ares India & Pres of AOISSC", "exercisedValue": 0, "unexercisedValue": 0}, {"maxAge": 1, "name": "Mr. Mark Charles Infanger CPA", "age": 50, "title": "MD and Chief Accounting Officer for Fin., Accounting & Operations", "yearBorn": 1972, "exercisedValue": 0, "unexercisedValue": 0}], "auditRisk": 2, "boardRisk": 10, "compensationRisk": 10, "shareHolderRightsRisk": 10, "overallRisk": 10, "governanceEpochDate": "2023-04-30 20:00:00", "compensationAsOfEpochDate": "2022-12-30 19:00:00", "maxAge": 86400, "latitude": 34.058355984305194, "longitude": -118.41433899403286}