{"address1": "90 Pitts Bay Road", "city": "Pembroke", "zip": "HM 08", "country": "Bermuda", "fax": "441 296 6162", "website": "https://www.argolimited.com", "industry": "Insurance\u2014Property & Casualty", "industryDisp": "Insurance\u2014Property & Casualty", "sector": "Financial Services", "longBusinessSummary": "Argo Group International Holdings, Ltd. underwrites specialty insurance and reinsurance products in the property and casualty markets. The company operates in two segments, U.S. Operations and International Operations. It offers primary and excess specialty casualty, general liability, commercial multi-peril, and workers compensation, as well as product, environmental, and auto liability insurance products; management liability, transaction liability, and errors and omissions liability insurance; primary and excess property, inland marine, and auto physical damage insurance; and surety, animal mortality, and ocean marine insurance products. The company also provides directors and officers liability, errors and omissions liability, and employment practices liability insurance; international casualty and motor treaties insurance; professional indemnity and medical malpractice insurance; direct and facultative excess insurance, North American and international binders, and residential collateral protection for lending institutions; and personal accident, aviation, cargo, yachts, and onshore and offshore marine insurance products. It markets its products through wholesale and retail agents, managing general agents, brokers, and third-party intermediaries. The company was founded in 1948 and is headquartered in Pembroke, Bermuda.", "fullTimeEmployees": 1206, "companyOfficers": [{"maxAge": 1, "name": "Mr. Thomas A. Bradley", "age": 65, "title": "CEO & Exec. Chairman", "yearBorn": 1957, "fiscalYear": 2022, "totalPay": 2369799, "exercisedValue": 0, "unexercisedValue": 0}, {"maxAge": 1, "name": "Mr. Scott  Kirk", "age": 48, "title": "Chief Financial Officer", "yearBorn": 1974, "fiscalYear": 2022, "totalPay": 2291222, "exercisedValue": 0, "unexercisedValue": 0}, {"maxAge": 1, "name": "Ms. Susan Beth Comparato", "age": 53, "title": "Chief Admin. Officer", "yearBorn": 1969, "fiscalYear": 2022, "totalPay": 1467798, "exercisedValue": 0, "unexercisedValue": 0}, {"maxAge": 1, "name": "Ms. Allison D. Kiene R.Ph. ESQ.", "age": 55, "title": "Gen. Counsel & Sec.", "yearBorn": 1967, "fiscalYear": 2022, "totalPay": 2141971, "exercisedValue": 0, "unexercisedValue": 0}, {"maxAge": 1, "name": "Ms. Jessica Elizabeth Snyder CPA", "age": 50, "title": "Pres of U.S. Insurance", "yearBorn": 1972, "fiscalYear": 2022, "totalPay": 1377684, "exercisedValue": 0, "unexercisedValue": 0}, {"maxAge": 1, "name": "Mr. Mark H. Rose", "title": "Chief Investment Officer", "exercisedValue": 0, "unexercisedValue": 0}, {"maxAge": 1, "name": "David  Chan", "title": "Chief Accounting Officer", "exercisedValue": 0, "unexercisedValue": 0}, {"maxAge": 1, "name": "Gregory  Charpentier", "title": "AVP of Investor Relations & Corp. Fin.", "exercisedValue": 0, "unexercisedValue": 0}, {"maxAge": 1, "name": "Andrew  Hersom", "title": "Head of Investor Relations", "exercisedValue": 0, "unexercisedValue": 0}, {"maxAge": 1, "name": "Mr. David  Snowden", "title": "Sr. VP of Group Communications", "exercisedValue": 0, "unexercisedValue": 0}], "auditRisk": 2, "boardRisk": 3, "compensationRisk": 8, "shareHolderRightsRisk": 1, "overallRisk": 2, "governanceEpochDate": "2023-04-30 20:00:00", "compensationAsOfEpochDate": "2022-12-30 19:00:00", "maxAge": 86400, "latitude": 32.29134374715859, "longitude": -64.79250935952224}