{"address1": "199 Water Street", "address2": "31st Floor", "city": "New York", "state": "NY", "zip": "10038", "country": "United States", "phone": "212 845 9945", "industry": "Shell Companies", "industryDisp": "Shell Companies", "sector": "Financial Services", "longBusinessSummary": "Arisz Acquisition Corp. does not have significant operations. The company focuses on effecting a merger, capital stock exchange, asset acquisition, stock purchase, reorganization, or related business combination with one or more businesses. It intends to pursue targets in the healthcare industry in North America, Europe, and Asia. The company was incorporated in 2021 and is based in New York, New York.", "companyOfficers": [{"maxAge": 1, "name": "Ms. Echo  Hindle-Yang", "age": 46, "title": "Chairwoman & CEO", "yearBorn": 1976, "exercisedValue": 0, "unexercisedValue": 0}, {"maxAge": 1, "name": "Mr. Marciano  Estigarribia Jr.", "age": 53, "title": "CFO & Director", "yearBorn": 1969, "exercisedValue": 0, "unexercisedValue": 0}], "maxAge": 86400, "latitude": 40.707058944137316, "longitude": -74.0044008167481}