{"address1": "250 Glen Street", "city": "Glens Falls", "state": "NY", "zip": "12801", "country": "United States", "phone": "518 745 1000", "website": "https://www.arrowfinancial.com", "industry": "Banks\u2014Regional", "industryDisp": "Banks\u2014Regional", "sector": "Financial Services", "longBusinessSummary": "Arrow Financial Corporation, a bank holding company, provides commercial and consumer banking, and financial products and services. The company's deposit products include demand deposits, interest-bearing checking accounts, savings deposits, time deposits, and other time deposits. Its lending activities comprise commercial loans, such as term loans, time notes, and lines of credit; and commercial real estate loans to finance real estate purchases, refinancing, expansions, and improvements to commercial properties, as well as commercial construction and land development loans to finance projects. The company's lending activities also include consumer installment loans to finance personal expenditures, personal lines of credit, overdraft protection, and automobile loans; and residential real estate loans, fixed home equity loans, and home equity lines of credit for consumers to finance home improvements, debt consolidation, education, and other uses. In addition, it maintains an indirect lending program; and sells residential real estate loan originations into the secondary market. Further, the company provides retirement planning, trust, and estate administration services for individuals; and pension, profit-sharing, and employee benefit plan administration services for corporations. Additionally, it offers insurance agency services comprising group health care policies and life insurance, and property and casualty insurance products; and investment advisory services to its proprietary mutual funds, as well as holds a real estate investment trust. The company operates in the northeastern region of New York State in Warren, Washington, Saratoga, Essex, Clinton, Rensselaer, Albany, and Schenectady counties, as well as surrounding areas. Arrow Financial Corporation was founded in 1851 and is headquartered in Glens Falls, New York.", "companyOfficers": [{"maxAge": 1, "name": "Mr. Thomas J. Murphy CPA", "age": 63, "title": "Pres, CEO & Director", "yearBorn": 1959, "fiscalYear": 2021, "totalPay": 1049350, "exercisedValue": 106890, "unexercisedValue": 0}, {"maxAge": 1, "name": "Mr. Andrew J. Wise", "age": 54, "title": "Sr. Exec. VP & COO", "yearBorn": 1968, "fiscalYear": 2021, "totalPay": 466606, "exercisedValue": 15370, "unexercisedValue": 19295}, {"maxAge": 1, "name": "Mr. David S. DeMarco", "age": 60, "title": "Sr. EVP & Chief Banking Officer", "yearBorn": 1962, "fiscalYear": 2021, "totalPay": 554768, "exercisedValue": 78817, "unexercisedValue": 63441}, {"maxAge": 1, "name": "Mr. David D. Kaiser", "age": 61, "title": "Sr. Exec. VP & Chief Credit Officer", "yearBorn": 1961, "fiscalYear": 2021, "totalPay": 459597, "exercisedValue": 99793, "unexercisedValue": 187229}, {"maxAge": 1, "name": "Mr. Penko Krassimir Ivanov CPA, M.B.A.", "age": 53, "title": "Exec. VP, CFO, Chief Accounting Officer & Treasurer", "yearBorn": 1969, "exercisedValue": 0, "unexercisedValue": 0}], "auditRisk": 9, "boardRisk": 5, "compensationRisk": 5, "shareHolderRightsRisk": 9, "overallRisk": 6, "governanceEpochDate": "2023-04-30 20:00:00", "compensationAsOfEpochDate": "2021-12-30 19:00:00", "maxAge": 86400, "latitude": 43.31047119726915, "longitude": -73.64617554175024}