{"address1": "4553 Glencoe Avenue", "address2": "Suite 200", "city": "Marina del Rey", "state": "CA", "zip": "90292", "country": "United States", "phone": "(310) 566-5966", "website": "https://arrowrootcapital.com", "industry": "Shell Companies", "industryDisp": "Shell Companies", "sector": "Financial Services", "longBusinessSummary": "Arrowroot Acquisition Corp. does not have significant operations. It focuses on effecting a merger, capital stock exchange, asset acquisition, stock purchase, reorganization, or similar business combination with one or more businesses. The company intends to identify and acquire a business focusing on the enterprise software sector. Arrowroot Acquisition Corp. was incorporated in 2020 and is based in Marina Del Rey, California.", "companyOfficers": [{"maxAge": 1, "name": "Mr. Matthew J. Safaii", "title": "CEO & Chairman", "exercisedValue": 0, "unexercisedValue": 0}, {"maxAge": 1, "name": "Mr. Thomas  Olivier J.D.", "title": "Pres, CFO & Vice Chairman", "exercisedValue": 0, "unexercisedValue": 0}], "maxAge": 86400, "latitude": 33.98340701776715, "longitude": -118.43275998646055}