{"address1": "3310 East Corona Avenue", "city": "Phoenix", "state": "AZ", "zip": "85040", "country": "United States", "phone": "602 346 0329", "industry": "Shell Companies", "industryDisp": "Shell Companies", "sector": "Financial Services", "longBusinessSummary": "Artemis Strategic Investment Corporation does not have significant operations. The company intends to effect a merger, share exchange, asset acquisition, share purchase, reorganization, or similar business combination with one or more businesses. The company was incorporated in 2021 and is based in Phoenix, Arizona.", "companyOfficers": [{"maxAge": 1, "name": "Ms. Holly  Gagnon", "age": 58, "title": "Co-CEO & Chairperson", "yearBorn": 1964, "exercisedValue": 0, "unexercisedValue": 0}, {"maxAge": 1, "name": "Mr. Philip N. Kaplan", "age": 56, "title": "Co-CEO & Pres", "yearBorn": 1966, "exercisedValue": 0, "unexercisedValue": 0}, {"maxAge": 1, "name": "Mr. Thomas  Granite", "age": 46, "title": "CFO, Treasurer & Sec.", "yearBorn": 1976, "exercisedValue": 0, "unexercisedValue": 0}, {"maxAge": 1, "name": "Mr. Scott  Shulak", "age": 34, "title": "Sr. VP of Acquisitions & Accounting", "yearBorn": 1988, "exercisedValue": 0, "unexercisedValue": 0}], "maxAge": 86400, "latitude": 33.405935253671345, "longitude": -112.01016137935694}