{"address1": "51 Astor Place", "address2": "10th Floor", "city": "New York", "state": "NY", "zip": "10003", "country": "United States", "phone": "212 284 2300", "website": "https://www.perceptivelife.com/arya4", "industry": "Shell Companies", "industryDisp": "Shell Companies", "sector": "Financial Services", "longBusinessSummary": "ARYA Sciences Acquisition Corp IV does not have significant operations. It intends to effect a merger, share exchange, asset acquisition, share purchase, reorganization, or similar business combination with one or more businesses. The company was incorporated in 2020 and is based in New York, New York.", "companyOfficers": [{"maxAge": 1, "name": "Mr. Adam Leo Stone", "age": 42, "title": "CEO & Director", "yearBorn": 1980, "exercisedValue": 0, "unexercisedValue": 0}, {"maxAge": 1, "name": "Mr. Michael Seth Altman CFA", "age": 40, "title": "CFO & Director", "yearBorn": 1982, "exercisedValue": 0, "unexercisedValue": 0}, {"maxAge": 1, "name": "Mr. Konstantin  Poukalov", "age": 38, "title": "Chief Bus. Officer", "yearBorn": 1984, "exercisedValue": 0, "unexercisedValue": 0}], "maxAge": 86400, "latitude": 40.72994036633983, "longitude": -73.99052248056536}