{"address1": "Three Canal Plaza", "city": "Portland", "state": "ME", "zip": "04101", "country": "United States", "phone": "800 432 3378", "website": "https://www.asaltd.com", "industry": "Asset Management", "industryDisp": "Asset Management", "sector": "Financial Services", "longBusinessSummary": "ASA Gold and Precious Metals Limited is a publicly owned investment manager. The firm invests in the public equity markets across the globe. It primarily invests in stocks of companies engaged in the exploration, mining or processing of gold, silver, platinum, diamonds, or other precious minerals. It also invests in exchange traded funds. The firm employs fundamental analysis with a bottom-up approach to create its portfolios. The firm obtains external research to complement its in-house research. The firm is focused on covering the metals and mining sector. This record reflects the investment preferences or overall investment strategy of ASA Gold and Precious Metals Limited. ASA Gold and Precious Metals Limited was founded in 1958 and is based in Portland, Maine.", "companyOfficers": [{"maxAge": 1, "name": "Mr. Peter  Maletis", "age": 51, "title": "Pres", "yearBorn": 1971, "exercisedValue": 0, "unexercisedValue": 0}, {"maxAge": 1, "name": "Ms. Karen  Shaw", "age": 49, "title": "Principal & Chief Financial Officer", "yearBorn": 1973, "exercisedValue": 0, "unexercisedValue": 0}, {"maxAge": 1, "name": "Mr. Jack P. Huntington", "age": 52, "title": "Chief Compliance Officer", "yearBorn": 1970, "exercisedValue": 0, "unexercisedValue": 0}, {"maxAge": 1, "name": "Mr. Zachary R. Tackett", "age": 33, "title": "Corp. Sec.", "yearBorn": 1989, "exercisedValue": 0, "unexercisedValue": 0}], "maxAge": 86400, "latitude": 43.65716548806856, "longitude": -70.2551741852682}