{"address1": "433 Main Street", "city": "Green Bay", "state": "WI", "zip": "54301", "country": "United States", "phone": "920 491 7500", "website": "https://www.associatedbank.com", "industry": "Banks\u2014Regional", "industryDisp": "Banks\u2014Regional", "sector": "Financial Services", "longBusinessSummary": "Associated Banc-Corp, a bank holding company, provides various banking and nonbanking products to individuals and businesses in Wisconsin, Illinois, and Minnesota. The company operates through three segments: Corporate and Commercial Specialty; Community, Consumer, and Business; and Risk Management and Shared Services. Its Corporate and Commercial Specialty segment offers lending solutions, including commercial loans and lines of credit, commercial real estate financing, construction loans, letters of credit, leasing, asset based lending, and loan syndications; deposit and cash management solutions, such as commercial checking and interest-bearing deposit products, cash vault and night depository services, liquidity solutions, payables and receivables solutions, and information services; specialized financial services such as interest rate risk management, foreign exchange solutions, and commodity hedging; fiduciary services such as administration of pension, profit-sharing and other employee benefit plans, fiduciary and corporate agency services, and institutional asset management; and investable funds solutions such as savings, money market deposit accounts, IRA accounts, CDs, fixed and variable annuities, full-service, discount and online investment brokerage; investment advisory services; and trust and investment management accounts. The company's Community, Consumer, and Business segment offers lending solutions, such as residential mortgages, home equity loans and lines of credit, personal and installment loans, auto loans, business loans, and business lines of credit; and deposit and transactional solutions such as checking, credit, debit and pre-paid cards, online banking and bill pay; and money transfer services. Associated Banc-Corp was founded in 1861 and is headquartered in Green Bay, Wisconsin.", "fullTimeEmployees": 4219, "companyOfficers": [{"maxAge": 1, "name": "Mr. Andrew J. Harmening", "age": 52, "title": "Pres, CEO & Director", "yearBorn": 1970, "fiscalYear": 2022, "totalPay": 3562038, "exercisedValue": 0, "unexercisedValue": 0}, {"maxAge": 1, "name": "Mr. Derek S. Meyer", "age": 55, "title": "Exec. VP & CFO", "yearBorn": 1967, "fiscalYear": 2022, "totalPay": 789126, "exercisedValue": 0, "unexercisedValue": 0}, {"maxAge": 1, "name": "Mr. Randall J. Erickson", "age": 63, "title": "Exec. VP, Gen. Counsel & Corp. Sec.", "yearBorn": 1959, "fiscalYear": 2022, "totalPay": 1039185, "exercisedValue": 0, "unexercisedValue": 726453}, {"maxAge": 1, "name": "Mr. David L. Stein", "age": 59, "title": "Exec. VP, Head of Consumer & Bus. Banking and Madison Market Pres", "yearBorn": 1963, "fiscalYear": 2022, "totalPay": 1007187, "exercisedValue": 179409, "unexercisedValue": 554464}, {"maxAge": 1, "name": "Mr. John Anthony Utz", "age": 54, "title": "Exec. VP, Head of Corp. Banking & Milwaukee Market Pres", "yearBorn": 1968, "fiscalYear": 2022, "totalPay": 1130969, "exercisedValue": 119549, "unexercisedValue": 682160}, {"maxAge": 1, "name": "Ms. Tammy C. Stadler", "age": 56, "title": "Exec. VP, Corp. Controller & Chief Accounting Officer", "yearBorn": 1966, "exercisedValue": 0, "unexercisedValue": 0}, {"maxAge": 1, "name": "Mr. Terry Lynn Williams", "age": 62, "title": "Exec. VP & Chief Information Officer", "yearBorn": 1960, "exercisedValue": 0, "unexercisedValue": 0}, {"maxAge": 1, "name": "Ben  McCarville", "title": "VP & Director of Investor Relations", "exercisedValue": 0, "unexercisedValue": 0}, {"maxAge": 1, "name": "Mr. Anthony Philip Pecora", "title": "Sr. VP, Director of Compliance & Associated Investment Services", "exercisedValue": 0, "unexercisedValue": 0}, {"maxAge": 1, "name": "Jennifer  Kaminski", "title": "VP & PR Sr. Mang.", "exercisedValue": 0, "unexercisedValue": 0}], "auditRisk": 3, "boardRisk": 1, "compensationRisk": 1, "shareHolderRightsRisk": 6, "overallRisk": 2, "governanceEpochDate": "2023-04-30 20:00:00", "compensationAsOfEpochDate": "2022-12-30 19:00:00", "maxAge": 86400, "latitude": 44.51776499139041, "longitude": -88.00941999443315}