{"address1": "Marina Bay Financial Centre", "address2": "Level 39 Tower 2 10 Marina Boulevard", "city": "Singapore", "zip": "018983", "country": "Singapore", "phone": "65 6818 5796", "industry": "Shell Companies", "industryDisp": "Shell Companies", "sector": "Financial Services", "longBusinessSummary": "A SPAC I Acquisition Corp. does not have significant operations. It intends to effect a merger, share exchange, asset acquisition, stock purchase, reorganization, or similar business combination with one or more businesses in the technology, media, and telecom industries in the United States and Asia. A SPAC I Acquisition Corp. was incorporated in 2021 and is based in Singapore.", "companyOfficers": [{"maxAge": 1, "name": "Mr. Sze Wai  Tsang CFA", "age": 45, "title": "Chairman, CEO & CFO", "yearBorn": 1977, "exercisedValue": 0, "unexercisedValue": 0}], "maxAge": 86400, "latitude": 1.2794391397756755, "longitude": 103.85378655225679}