{"address1": "No. 03-01, 289 Beach Road", "city": "Singapore", "zip": "199552", "country": "Singapore", "phone": "65 6818 5796", "industry": "Shell Companies", "industryDisp": "Shell Companies", "sector": "Financial Services", "longBusinessSummary": "A SPAC II Acquisition Corp. does not have significant operations. The company focuses on effecting a merger, share exchange, asset acquisition, share purchase, reorganization, or similar business combination with one or more businesses. It intends to pursue prospective targets that are in the industries that apply technologies, such as Proptech and Fintech in North America, Europe, and Asia. The company was incorporated in 2021 and is based in Singapore. A SPAC II Acquisition Corporation operates as a subsidiary of A SPAC II (Holdings) Corp.", "companyOfficers": [{"maxAge": 1, "name": "Ms. Serena  Shie", "age": 31, "title": "Chief Exec. Officer", "yearBorn": 1991, "exercisedValue": 0, "unexercisedValue": 0}, {"maxAge": 1, "name": "Mr. Sze Wai  Tsang CFA", "age": 45, "title": "Chief Financial Officer", "yearBorn": 1977, "exercisedValue": 0, "unexercisedValue": 0}], "maxAge": 86400, "latitude": 1.3009838998788013, "longitude": 103.86061067872708}