{"address1": "9663 Santa Monica Boulevard, No. 1091", "city": "Beverly Hills", "state": "CA", "zip": "90210", "country": "United States", "phone": "(424) 732-1021", "industry": "Shell Companies", "industryDisp": "Shell Companies", "sector": "Financial Services", "longBusinessSummary": "Abri SPAC I, Inc. does not have significant operations. It intends to effect a merger, share exchange, asset acquisition, share purchase, recapitalization, reorganization, or other similar business combination involving one or more businesses or assets. The company was incorporated in 2021 and is based in Beverly Hills, California. Abri SPAC I, Inc. operates as a subsidiary of ABRI Ventures I, LLC.", "companyOfficers": [{"maxAge": 1, "name": "Mr. Jeffrey  Tirman", "age": 57, "title": "Chairman, Pres & CEO", "yearBorn": 1965, "exercisedValue": 0, "unexercisedValue": 0}, {"maxAge": 1, "name": "Mr. Christopher  Hardt", "age": 56, "title": "CFO, Sec. & Director", "yearBorn": 1966, "exercisedValue": 0, "unexercisedValue": 0}, {"maxAge": 1, "name": "Mr. Nima  Montazeri", "age": 44, "title": "Exec. VP, COO & Director", "yearBorn": 1978, "exercisedValue": 0, "unexercisedValue": 0}, {"maxAge": 1, "name": "Mr. Peter R.S. Bakker", "age": 67, "title": "VP of Bus. Analytics", "yearBorn": 1955, "exercisedValue": 0, "unexercisedValue": 0}], "maxAge": 86400, "latitude": 34.069128992999495, "longitude": -118.40678698309083}