{"address1": "Main & Franklin Street", "address2": "PO BOX 430", "city": "Johnstown", "state": "PA", "zip": "15907-0430", "country": "United States", "phone": "814-533-5300", "website": "https://www.ameriserv.com", "industry": "Banks\u2014Regional", "industryDisp": "Banks\u2014Regional", "sector": "Financial Services", "longBusinessSummary": "AmeriServ Financial, Inc. operates as the bank holding company for AmeriServ Financial Bank that provides various consumer, mortgage, and commercial financial products. It offers retail banking services, such as demand, savings, and time deposits; checking and money market accounts; secured and unsecured consumer loans, and mortgage loans; and safe deposit boxes, holiday club accounts, and money orders. The company also provides lending, depository, and related financial services, such as commercial real estate mortgage loans, short and medium-term loans, revolving credit arrangements, lines of credit, inventory and accounts receivable financing, real estate-construction loans, business savings accounts, certificates of deposit, wire transfers, night depository, and lock box services to commercial, industrial, financial, and governmental customers. In addition, the company offers personal trust products and services, including personal portfolio investment management, estate planning and administration, custodial services, and pre-need trusts; institutional trust products and services comprising 401(k) plans, defined benefit and defined contribution employee benefit plans, and individual retirement accounts; financial services consisting of the sale of mutual funds, annuities, and insurance products; and union collective investment funds to invest union pension dollars in construction projects that utilize union labor. Further, it engages in underwriting as reinsurer of credit life and disability insurance. The company operates in Allegheny, Cambria, Centre, Somerset, and Westmoreland counties, as well as Pennsylvania and Washington County, Maryland; and operates automated bank teller machines. AmeriServ Financial, Inc. was founded in 1983 and is headquartered in Johnstown, Pennsylvania.", "fullTimeEmployees": 308, "companyOfficers": [{"maxAge": 1, "name": "Mr. Jeffrey A. Stopko CPA", "age": 59, "title": "Pres, CEO & Director", "yearBorn": 1963, "fiscalYear": 2022, "totalPay": 398758, "exercisedValue": 0, "unexercisedValue": 32672}, {"maxAge": 1, "name": "Mr. Michael D. Lynch", "age": 61, "title": "Exec. VP, CFO, Chief Risk Officer & Chief Investment Officer", "yearBorn": 1961, "fiscalYear": 2022, "totalPay": 242742, "exercisedValue": 0, "unexercisedValue": 9093}, {"maxAge": 1, "name": "Mr. James T. Huerth", "age": 60, "title": "Pres & CEO of Ameriserv Trust and Financial Services Company", "yearBorn": 1962, "fiscalYear": 2022, "totalPay": 332381, "exercisedValue": 0, "unexercisedValue": 41183}, {"maxAge": 1, "name": "Ms. Catherine M. Torok", "title": "Sr. VP & Chief Information Officer", "exercisedValue": 0, "unexercisedValue": 0}, {"maxAge": 1, "name": "Ms. Susan Tomera Angeletti", "title": "Sr. VP and Director of Corp. Marketing & Alternative Delivery Systems", "exercisedValue": 0, "unexercisedValue": 0}, {"maxAge": 1, "name": "Ms. Michele M. Scanlan", "title": "Sr. VP & Chief HR Officer", "exercisedValue": 0, "unexercisedValue": 0}, {"maxAge": 1, "name": "Mr. Gary M. McKeown", "age": 77, "title": "Exec. VP & Special Assistant to the Pres of AmeriServ Financial Bank", "yearBorn": 1945, "fiscalYear": 2010, "exercisedValue": 0, "unexercisedValue": 0}, {"maxAge": 1, "name": "Mr. Michael R. Baylor", "age": 59, "title": "Chief Commercial Banking Officer & Exec. VP", "yearBorn": 1963, "fiscalYear": 2013, "exercisedValue": 0, "unexercisedValue": 0}, {"maxAge": 1, "name": "Ms. Bettina D. Fochler", "title": "Sr. VP& Chief Credit Officer", "exercisedValue": 0, "unexercisedValue": 0}, {"maxAge": 1, "name": "Ms. Kerri L. Mueller", "title": "Sr. VP of Retail Banking - AmeriServ Financial Bank", "exercisedValue": 0, "unexercisedValue": 0}], "compensationAsOfEpochDate": "2022-12-30 19:00:00", "maxAge": 86400, "latitude": 40.325200013036465, "longitude": -78.91794001633205}