{"address1": "4 Embarcadero Center", "address2": "Suite 1449", "city": "San Francisco", "state": "CA", "zip": "94105", "country": "United States", "phone": "650-550-0458", "website": "https://www.auroraspac.com", "industry": "Shell Companies", "industryDisp": "Shell Companies", "sector": "Financial Services", "longBusinessSummary": "Aurora Technology Acquisition Corp. does not have significant operations. The company focuses on effecting a merger, capital stock exchange, asset acquisition, stock purchase, reorganization, or related business combination with one or more businesses. It intends to focus on businesses in the technology companies, including artificial intelligence, blockchain, quantum computing, and electric vehicles in Asia and North America. The company was incorporated in 2021 and is based in San Francisco, California.", "companyOfficers": [{"maxAge": 1, "name": "Mr. Zachary  Wang", "age": 34, "title": "CEO & Chairman", "yearBorn": 1988, "exercisedValue": 0, "unexercisedValue": 0}, {"maxAge": 1, "name": "Ms. Cathryn  Chen", "age": 32, "title": "COO & Co-Vice Chairwoman", "yearBorn": 1990, "exercisedValue": 0, "unexercisedValue": 0}, {"maxAge": 1, "name": "Mr. Yida  Gao", "age": 31, "title": "CFO & Co-Vice Chairman", "yearBorn": 1991, "exercisedValue": 0, "unexercisedValue": 0}], "maxAge": 86400, "latitude": 37.79553400715605, "longitude": -122.3962360259128}