{"address1": "40 West 57th Street", "address2": "33rd Floor", "city": "New York", "state": "NY", "zip": "10019", "country": "United States", "phone": "212 287 6767", "website": "https://ataq.altimaracquisition.com", "industry": "Shell Companies", "industryDisp": "Shell Companies", "sector": "Financial Services", "longBusinessSummary": "Altimar Acquisition Corp. III does not have significant operations. It intends to effect a merger, share exchange, asset acquisition, share purchase, reorganization, or similar business combination with one or more businesses or entities. Altimar Acquisition Corp. III was incorporated in 2021 and is based in New York, New York.", "companyOfficers": [{"maxAge": 1, "name": "Mr. Thomas  Wasserman", "title": "CEO & Chairman", "exercisedValue": 0, "unexercisedValue": 0}, {"maxAge": 1, "name": "Ms. Wendy  Lai", "age": 46, "title": "Pres & CFO", "yearBorn": 1976, "exercisedValue": 0, "unexercisedValue": 0}], "maxAge": 86400, "latitude": 40.763614201342506, "longitude": -73.9758817264698}