{"address1": "442 5th Avenue", "city": "New York", "state": "NY", "zip": "10018", "country": "United States", "phone": "970-925-1572", "website": "https://www.athenaspac.com", "industry": "Shell Companies", "industryDisp": "Shell Companies", "sector": "Financial Services", "longBusinessSummary": "Athena Technology Acquisition Corp. II does not have significant operations. It intends to effect a merger, capital stock exchange, asset acquisition, stock purchase, reorganization, or similar business combination with one or more businesses. The company intends to focus on producing fresh water from the air utilizing dehumidification mechanics through direct air-to-water technology. Athena Technology Acquisition Corp. II was incorporated in 2021 and is based in New York, New York.", "companyOfficers": [{"maxAge": 1, "name": "Ms. Isabelle D. Freidheim", "age": 41, "title": "Founder, CEO & Chairman", "yearBorn": 1981, "exercisedValue": 0, "unexercisedValue": 0}, {"maxAge": 1, "name": "Ms. Kirthiga  Reddy M.B.A.", "age": 50, "title": "Pres & Director", "yearBorn": 1972, "exercisedValue": 0, "unexercisedValue": 0}, {"maxAge": 1, "name": "Ms. Anna  Apostolova", "age": 37, "title": "Chief Financial Officer", "yearBorn": 1985, "exercisedValue": 0, "unexercisedValue": 0}], "maxAge": 86400, "latitude": 40.751795173041415, "longitude": -73.98234861622674}