{"address1": "25391 Commercentre Drive", "address2": "Suite 200", "city": "Lake Forest", "state": "CA", "zip": "92630", "country": "United States", "phone": "308 888 8888", "website": "https://ir.atifchina.com", "industry": "Capital Markets", "industryDisp": "Capital Markets", "sector": "Financial Services", "longBusinessSummary": "ATIF Holdings Limited operates as a consulting company in Asia and North America. It offers financial consulting services to small and medium-sized enterprises (SMEs). The company primarily helps clients going public on the OTC markets and exchanges in the United States. It also operates IPOEX.com, an internet-based financial consulting service platform which provides comprehensive consulting services in equity financing and pre-IPO education for corporate clients in equity financing, IPO, and media relations development; and chinacnnm.com, a news and financial information platform. In addition, the company offers going public consulting, M&A consulting, and international financial consulting services, as well as investment and financing due diligence services. The company was incorporated in 2015 and is based in Lake Forest, California.", "fullTimeEmployees": 11, "companyOfficers": [{"maxAge": 1, "name": "Mr. Jun  Liu", "age": 46, "title": "CEO, Pres & Chairman", "yearBorn": 1976, "fiscalYear": 2022, "totalPay": 244789, "exercisedValue": 0, "unexercisedValue": 0}, {"maxAge": 1, "name": "Ms. Yue  Ming", "age": 35, "title": "CFO & Director", "yearBorn": 1987, "fiscalYear": 2022, "totalPay": 30246, "exercisedValue": 0, "unexercisedValue": 0}, {"maxAge": 1, "name": "Ms. Florence  Ng", "age": 58, "title": "Legal Director", "yearBorn": 1964, "exercisedValue": 0, "unexercisedValue": 0}, {"maxAge": 1, "name": "Mr. Ian  Zhou", "title": "Chief Exec. Officer of Asset Investment Division", "exercisedValue": 0, "unexercisedValue": 0}], "compensationAsOfEpochDate": "2022-12-30 19:00:00", "maxAge": 86400, "latitude": 33.6672990041167, "longitude": -117.6856760111105}