{"address1": "Five Concourse Parkway", "address2": "Suite 300", "city": "Atlanta", "state": "GA", "zip": "30328", "country": "United States", "phone": "770 828 2000", "website": "https://www.atlanticus.com", "industry": "Credit Services", "industryDisp": "Credit Services", "sector": "Financial Services", "longBusinessSummary": "Atlanticus Holdings Corporation provides credit and related financial services and products to customers the United States. It operates in two segments, Credit as a Service, and Auto Finance. The Credit as a Service segment originates a range of consumer loan products, such as private label and general purpose credit cards originated by lenders through various channels, including retail and healthcare, direct mail solicitation, digital marketing, and partnerships with third parties; and offers credit to their customers for the purchase of various goods and services, including consumer electronics, furniture, elective medical procedures, healthcare, and home-improvements by partnering with retailers and service providers. This segment also offers loan servicing, such as risk management and customer service outsourcing for third parties; and engages in testing and investment activities in consumer finance technology platforms. The Auto Finance segment purchases and/or services loans secured by automobiles from or for a pre-qualified network of independent automotive dealers and automotive finance companies in the buy-here, pay-here, and used car business. This segment also provides floor plan financing and installment lending products. It also invests in and services portfolios of credit card receivables. The company was founded in 1996 and is headquartered in Atlanta, Georgia.", "fullTimeEmployees": 355, "companyOfficers": [{"maxAge": 1, "name": "Mr. David G. Hanna", "age": 57, "title": "Exec. Chairman", "yearBorn": 1965, "fiscalYear": 2022, "totalPay": 2742375, "exercisedValue": 67170000, "unexercisedValue": 7270}, {"maxAge": 1, "name": "Mr. Jeffrey A. Howard", "age": 52, "title": "Pres, CEO & Director", "yearBorn": 1970, "fiscalYear": 2022, "totalPay": 1329575, "exercisedValue": 0, "unexercisedValue": 10107270}, {"maxAge": 1, "name": "Mr. William R. McCamey", "age": 53, "title": "Chief Financial Officer", "yearBorn": 1969, "fiscalYear": 2022, "totalPay": 1086575, "exercisedValue": 6906000, "unexercisedValue": 7270}, {"maxAge": 1, "name": "Mr. Mitchell C. Saunders", "age": 49, "title": "Chief Accounting Officer", "yearBorn": 1973, "exercisedValue": 0, "unexercisedValue": 0}, {"maxAge": 1, "name": "Ms. Linda  Brooks", "title": "Chief Technology Officer", "exercisedValue": 0, "unexercisedValue": 0}, {"maxAge": 1, "name": "Mr. Kas  Naderi", "title": "Chief Information Officer & Sr. VP of Technology Systems", "exercisedValue": 0, "unexercisedValue": 0}, {"maxAge": 1, "name": "Ms. Rosalind  Drakeford", "title": "Managing Counsel, Chief Compliance Officer & Corp. Sec.", "exercisedValue": 0, "unexercisedValue": 0}, {"maxAge": 1, "name": "Mr. Matt  Zalubowski", "title": "Sr. VP of Marketing", "exercisedValue": 0, "unexercisedValue": 0}, {"maxAge": 1, "name": "Mr. David  Caruso", "title": "Chief Commercial Officer", "exercisedValue": 0, "unexercisedValue": 0}, {"maxAge": 1, "name": "Mr. Brian  Stone", "title": "Chief Data Science & Risk Officer", "exercisedValue": 0, "unexercisedValue": 0}], "auditRisk": 9, "boardRisk": 10, "compensationRisk": 9, "shareHolderRightsRisk": 3, "overallRisk": 9, "governanceEpochDate": "2023-04-30 20:00:00", "compensationAsOfEpochDate": "2022-12-30 19:00:00", "maxAge": 86400, "latitude": 33.914339208008265, "longitude": -84.35345232681597}