{"address1": "405 5th Street", "address2": "Box 846", "city": "Ames", "state": "IA", "zip": "50010", "country": "United States", "phone": "(515) 232-6251", "fax": "(515) 598-7871", "website": "https://www.amesnational.com", "industry": "Banks\u2014Regional", "industryDisp": "Banks\u2014Regional", "sector": "Financial Services", "longBusinessSummary": "Ames National Corporation operates as a multi-bank holding company that provides banking products and services primarily in Boone, Clarke, Hancock, Marshall, Polk, Story, and Union counties in central, north central, and south-central Iowa. The company accepts a range of deposits, including checking and savings accounts; and time deposits, such as money market accounts and certificates of deposit. It also provides loans, such as short-term and medium-term commercial and agricultural real estate, residential real estate loans, equipment, vehicle, and home improvement loans; consumer loans to finance consumer purchases, such as automobiles, trucks, recreational vehicles, household furnishings, boats, personal loans, and lines of credit; agricultural and business operating loans and lines of credit; and originates mortgage loans for sale into the secondary market. In addition, the company offers cash management, merchant credit card processing, safe deposit box, wire transfer, direct deposit of payroll and social security check, and automated/video teller machine access services; and automatic drafts for various accounts, as well as wealth management services. Further, it provides farm management, investment, and custodial services for individuals, businesses, and non-profit organizations; and online, mobile, and private banking services. Ames National Corporation was founded in 1903 and is headquartered in Ames, Iowa.", "fullTimeEmployees": 254, "companyOfficers": [{"maxAge": 1, "name": "Mr. John P. Nelson", "age": 55, "title": "Pres, CEO & Director", "yearBorn": 1967, "fiscalYear": 2022, "totalPay": 448520, "exercisedValue": 0, "unexercisedValue": 0}, {"maxAge": 1, "name": "Mr. John L. Pierschbacher CPA", "age": 63, "title": "CFO, Sec. & Director", "yearBorn": 1959, "fiscalYear": 2022, "totalPay": 294426, "exercisedValue": 0, "unexercisedValue": 0}, {"maxAge": 1, "name": "Mr. Scott T. Bauer", "age": 59, "title": "Pres & Director of First National Bank", "yearBorn": 1963, "fiscalYear": 2022, "totalPay": 315988, "exercisedValue": 0, "unexercisedValue": 0}, {"maxAge": 1, "name": "Mr. Timothy J. Lupardus", "title": "Sr. VP & Chief Information Officer", "exercisedValue": 0, "unexercisedValue": 0}, {"maxAge": 1, "name": "Ms. Lori J. Hill", "title": "Valuation Services Coordinator & Admin. Officer", "exercisedValue": 0, "unexercisedValue": 0}, {"maxAge": 1, "name": "Dena M. Gray-Fisher", "title": "VP & Marketing Director", "exercisedValue": 0, "unexercisedValue": 0}, {"maxAge": 1, "name": "Ms. Jennifer J. Hanson", "title": "VP & HR Director", "exercisedValue": 0, "unexercisedValue": 0}, {"maxAge": 1, "name": "Joel L. Regenwether", "title": "Sr. VP & Operations Project Mang.", "exercisedValue": 0, "unexercisedValue": 0}, {"maxAge": 1, "name": "Mr. Michael A. Wilson", "age": 57, "title": "Exec. VP of Innovation & Corp. Services", "yearBorn": 1965, "exercisedValue": 0, "unexercisedValue": 0}, {"maxAge": 1, "name": "Mr. Jeffrey K. Putzier", "age": 60, "title": "Pres & Director of Boone Bank & Trust Co.", "yearBorn": 1962, "fiscalYear": 2016, "exercisedValue": 0, "unexercisedValue": 0}], "auditRisk": 9, "boardRisk": 3, "compensationRisk": 3, "shareHolderRightsRisk": 3, "overallRisk": 3, "governanceEpochDate": "2023-04-30 20:00:00", "compensationAsOfEpochDate": "2022-12-30 19:00:00", "maxAge": 86400, "latitude": 42.02614301909978, "longitude": -93.61591904126848}