{"address1": "500 5th Avenue", "address2": "Suite 938", "city": "New York", "state": "NY", "zip": "10110", "country": "United States", "phone": "347-627-0058", "industry": "Shell Companies", "industryDisp": "Shell Companies", "sector": "Financial Services", "longBusinessSummary": "AlphaTime Acquisition Corp intends to effect a merger, share exchange, asset acquisition, share purchase, reorganization, or similar business combination with one or more businesses. The company was incorporated in 2021 and is based in New York, New York.", "companyOfficers": [{"maxAge": 1, "name": "Dr. Dajiang  Guo", "age": 54, "title": "Chief Exec. Officer", "yearBorn": 1968, "exercisedValue": 0, "unexercisedValue": 0}, {"maxAge": 1, "name": "Dr. Yang  Jichuan Ph.D.", "age": 57, "title": "Chief Financial Officer", "yearBorn": 1965, "exercisedValue": 0, "unexercisedValue": 0}], "maxAge": 86400, "latitude": 40.75360686733697, "longitude": -73.98087680711417}