{"address1": "420 Lexington Avenue", "address2": "Suite 2446", "city": "New York", "state": "NY", "zip": "10170", "country": "United States", "phone": "203 998 5540", "industry": "Shell Companies", "industryDisp": "Shell Companies", "sector": "Financial Services", "longBusinessSummary": "AlphaVest Acquisition Corp does not have significant operations. It focuses on effecting a merger, stock exchange, asset acquisition, stock purchase, reorganization, or related business combination with one or more businesses. The company was incorporated in 2022 and is based in New York, New York.", "companyOfficers": [{"maxAge": 1, "name": "Mr. Yong  Yan", "age": 49, "title": "CEO & Director", "yearBorn": 1973, "exercisedValue": 0, "unexercisedValue": 0}, {"maxAge": 1, "name": "Mr. Song  Jing", "age": 50, "title": "Chief Financial Officer", "yearBorn": 1972, "exercisedValue": 0, "unexercisedValue": 0}], "maxAge": 86400, "latitude": 40.75232819631626, "longitude": -73.97549317483073}