{"address1": "1051 East Cary Street", "address2": "Suite 1200", "city": "Richmond", "state": "VA", "zip": "23219", "country": "United States", "phone": "804 633 5031", "website": "https://www.atlanticunionbank.com", "industry": "Banks\u2014Regional", "industryDisp": "Banks\u2014Regional", "sector": "Financial Services", "longBusinessSummary": "Atlantic Union Bankshares Corporation operates as the bank holding company for Atlantic Union Bank that provides banking and related financial products and services to consumers and businesses in the United States. It operates in two segments, Wholesale Banking and Consumer Banking. The company accepts various deposit products, including checking, savings, NOW, time deposit, and money market accounts; certificates of deposit; and other depository services. It also provides loans for commercial, industrial, residential mortgage, and consumer purposes, as well as credit cards. In addition, it provides treasury management and capital market, wealth management, private banking, trust, financial and retirement planning, brokerage, investment management, equipment finance, and insurance products and services. The company offers products and services through full-service branches and ATMs, as well as through its mobile and internet banking. The company was formerly known as Union Bankshares Corporation and changed its name to Atlantic Union Bankshares Corporation in May 2019. Atlantic Union Bankshares Corporation was founded in 1902 and is headquartered in Richmond, Virginia.", "fullTimeEmployees": 1840, "companyOfficers": [{"maxAge": 1, "name": "Mr. John C. Asbury", "age": 56, "title": "Pres, CEO & Director", "yearBorn": 1966, "fiscalYear": 2022, "totalPay": 1945142, "exercisedValue": 0, "unexercisedValue": 0}, {"maxAge": 1, "name": "Mr. Robert Michael Gorman", "age": 64, "title": "Exec. VP & CFO", "yearBorn": 1958, "fiscalYear": 2022, "totalPay": 794516, "exercisedValue": 0, "unexercisedValue": 0}, {"maxAge": 1, "name": "Mr. David V. Ring", "age": 58, "title": "Exec. VP & Wholesale Banking Group Exec.", "yearBorn": 1964, "fiscalYear": 2022, "totalPay": 703654, "exercisedValue": 0, "unexercisedValue": 0}, {"maxAge": 1, "name": "Ms. Maria P. Tedesco", "age": 61, "title": "Exec. VP", "yearBorn": 1961, "fiscalYear": 2022, "totalPay": 1144079, "exercisedValue": 0, "unexercisedValue": 0}, {"maxAge": 1, "name": "Mr. Shawn E. O'Brien", "age": 50, "title": "Exec. VP and Consumer & Bus. Banking Group Exec.", "yearBorn": 1972, "fiscalYear": 2022, "totalPay": 578954, "exercisedValue": 0, "unexercisedValue": 0}, {"maxAge": 1, "name": "Mr. Matthew L. Linderman", "title": "Exec. VP & Chief Information Officer", "exercisedValue": 0, "unexercisedValue": 0}, {"maxAge": 1, "name": "Mr. William P. Cimino", "title": "Sr. VP & Director of Investor Relations", "exercisedValue": 0, "unexercisedValue": 0}, {"maxAge": 1, "name": "Ms. Rachael R. Lape", "age": 49, "title": "Exec. VP, Gen. Counsel & Corp. Sec.", "yearBorn": 1973, "exercisedValue": 0, "unexercisedValue": 0}, {"maxAge": 1, "name": "Ms. Beth  Shivak", "title": "VP & Director of Corp. Communications", "exercisedValue": 0, "unexercisedValue": 0}, {"maxAge": 1, "name": "Mr. L. Duane Smith Jr.", "age": 54, "title": "Chief Marketing Officer & Sr. VP", "yearBorn": 1968, "exercisedValue": 0, "unexercisedValue": 0}], "auditRisk": 1, "boardRisk": 2, "compensationRisk": 3, "shareHolderRightsRisk": 4, "overallRisk": 2, "governanceEpochDate": "2023-04-30 20:00:00", "compensationAsOfEpochDate": "2022-12-30 19:00:00", "maxAge": 86400, "latitude": 37.535637005947365, "longitude": -77.43583798289106}