{"address1": "132 North Gay Street", "city": "Auburn", "state": "AL", "zip": "36830", "country": "United States", "phone": "334 821 9200", "fax": "334 887 2772", "website": "https://www.auburnbank.com", "industry": "Banks\u2014Regional", "industryDisp": "Banks\u2014Regional", "sector": "Financial Services", "longBusinessSummary": "Auburn National Bancorporation, Inc. operates as the bank holding company for AuburnBank that provides various banking products and services in East Alabama. Its deposit products include checking, savings, and transaction deposit accounts, as well as certificates of deposit. The company also provides commercial, financial, agricultural, real estate construction, and consumer loan products; and other financial services. In addition, it offers automated teller services; debit cards; online banking, bill payment, and other electronic services; and safe deposit boxes. The company was founded in 1907 and is headquartered in Auburn, Alabama.", "fullTimeEmployees": 150, "companyOfficers": [{"maxAge": 1, "name": "Mr. David A. Hedges", "age": 43, "title": "Pres, CEO & Director", "yearBorn": 1979, "fiscalYear": 2014, "exercisedValue": 0, "unexercisedValue": 0}, {"maxAge": 1, "name": "Mr. Robert Lawrence Smith Jr.", "age": 53, "title": "Sr. VP & Chief Lending Officer of AuburnBank", "yearBorn": 1969, "fiscalYear": 2022, "totalPay": 259839, "exercisedValue": 0, "unexercisedValue": 0}, {"maxAge": 1, "name": "Dr. C. Wayne Alderman", "age": 71, "title": "Independent Director & Sec.", "yearBorn": 1951, "fiscalYear": 2014, "exercisedValue": 0, "unexercisedValue": 0}, {"maxAge": 1, "name": "Mr. William James Walker IV", "age": 53, "title": "Sr. VP & CFO", "yearBorn": 1969, "exercisedValue": 0, "unexercisedValue": 0}, {"maxAge": 1, "name": "Mr. Jerome B. Siegel", "age": 58, "title": "Sr. VP & CTO", "yearBorn": 1964, "exercisedValue": 0, "unexercisedValue": 0}, {"maxAge": 1, "name": "Mr. John C. Ham", "title": "Sr. VP", "fiscalYear": 2001, "exercisedValue": 0, "unexercisedValue": 0}, {"maxAge": 1, "name": "Ms. Marla L. Kickliter", "age": 52, "title": "Sr. VP of Compliance & Internal Auditor of Auburnbank", "yearBorn": 1970, "exercisedValue": 0, "unexercisedValue": 0}, {"maxAge": 1, "name": "Ms. Shannon S. O'Donnell", "age": 52, "title": "Chief Risk Officer and Sr. VP of Credit Admin.", "yearBorn": 1970, "exercisedValue": 0, "unexercisedValue": 0}, {"maxAge": 1, "name": "Mr. Kris W. Blackmon", "age": 51, "title": "VP, Asset & Liability Mang. and Chief Investment Officer, Auburnbank", "yearBorn": 1971, "exercisedValue": 0, "unexercisedValue": 0}], "auditRisk": 8, "boardRisk": 7, "compensationRisk": 4, "shareHolderRightsRisk": 6, "overallRisk": 6, "governanceEpochDate": "2023-04-30 20:00:00", "compensationAsOfEpochDate": "2022-12-30 19:00:00", "maxAge": 86400, "latitude": 32.6075290109066, "longitude": -85.4794720213299}