{"address1": "20 North Audley Street", "city": "London", "zip": "W1K 6LX", "country": "United Kingdom", "phone": "44 20 3931 9785", "website": "https://aurora-acquisition.com", "industry": "Shell Companies", "industryDisp": "Shell Companies", "sector": "Financial Services", "longBusinessSummary": "Aurora Acquisition Corp. does not have significant operations. The company intends to effect a merger, share exchange, asset acquisition, share purchase, reorganization, or similar business combination with one or more businesses. Aurora Acquisition Corp. was incorporated in 2020 and is based in London, the United Kingdom.", "companyOfficers": [{"maxAge": 1, "name": "Mr. Arnaud  Massenet", "age": 56, "title": "Chief Exec. Officer", "yearBorn": 1966, "exercisedValue": 0, "unexercisedValue": 0}, {"maxAge": 1, "name": "Ms. Caroline  Harding", "age": 41, "title": "CFO & Director", "yearBorn": 1981, "exercisedValue": 0, "unexercisedValue": 0}, {"maxAge": 1, "name": "Mr. Prabhu  Narasimhan", "age": 41, "title": "Chief Investment Officer", "yearBorn": 1981, "exercisedValue": 0, "unexercisedValue": 0}], "maxAge": 86400, "latitude": 51.51344001829318, "longitude": -0.15329997993694633}