{"address1": "Two Embarcadero Center", "address2": "Eighth Floor", "city": "San Francisco", "state": "CA", "zip": "94111", "country": "United States", "phone": "415 423 0010", "website": "https://www.avalonspac.com", "industry": "Shell Companies", "industryDisp": "Shell Companies", "sector": "Financial Services", "longBusinessSummary": "Avalon Acquisition Inc. does not have significant operations. It intends to effect a merger, capital stock exchange, asset acquisition, stock purchase, reorganization, or similar business combination with one or more businesses. The company focuses on businesses in the financial services and financial technologies industries. Avalon Acquisition Inc. was incorporated in 2020 and is based in San Francisco, California.", "companyOfficers": [{"maxAge": 1, "name": "Mr. Donald Harding Putnam Jr.", "age": 73, "title": "Exec. Chairman", "yearBorn": 1949, "exercisedValue": 0, "unexercisedValue": 0}, {"maxAge": 1, "name": "Mr. S. Craig Cognetti C.F.A., CFA", "age": 49, "title": "CEO & Director", "yearBorn": 1973, "exercisedValue": 0, "unexercisedValue": 0}, {"maxAge": 1, "name": "Mr. John B. Griff", "age": 66, "title": "Pres", "yearBorn": 1956, "exercisedValue": 0, "unexercisedValue": 0}, {"maxAge": 1, "name": "Ms. R. Rachel Hsu", "age": 50, "title": "Chief Financial Officer", "yearBorn": 1972, "exercisedValue": 0, "unexercisedValue": 0}], "maxAge": 86400, "latitude": 37.7947989980666, "longitude": -122.39847298823226}