{"address1": "Carrera 13 No. 26A \u2013 47", "address2": "23rd Floor", "city": "Bogot\u00e1", "country": "Colombia", "phone": "57 601 743 3222", "website": "https://www.grupoaval.com", "industry": "Banks\u2014Regional", "industryDisp": "Banks\u2014Regional", "sector": "Financial Services", "longBusinessSummary": "Grupo Aval Acciones y Valores S.A. provides a range of financial services and products to public and private sector customers in Colombia and Central America. It offers traditional deposit services and products, including checking accounts, savings accounts, time deposits, and other deposits. The company also provides commercial loans comprising general purpose loans, working capital loans, leases, loans funded by development banks, corporate credit cards, and overdraft loans; consumer loans, such as payroll loans, personal loans, automobile and other vehicle loans, credit cards, overdrafts, leases, and general purpose loans; and microcredit and mortgage loans. In addition, the company offers pension and severance fund management services; investment banking, including services relating to capital markets, mergers and acquisitions, and project finance transactions; mobile and online banking services; and bancassurance, insurance, trust, bonded warehousing and brokerage transactions, real estate escrow services, merchandise and document storage and deposit, customs agency, cargo management, surety bond and merchandise distribution services, and payment and collection services. Further, it is involved in equity investments in various sectors, including infrastructure, energy and gas, agribusiness, and hospitality; and treasury operations. The company was incorporated in 1994 and is headquartered in Bogot\u00e1, Colombia.", "fullTimeEmployees": 77043, "companyOfficers": [{"maxAge": 1, "name": "Mr. Luis Carlos  Sarmiento Gutierrez", "age": 60, "title": "Pres", "yearBorn": 1962, "exercisedValue": 0, "unexercisedValue": 0}, {"maxAge": 1, "name": "Mr. Diego Fernando  Solano Saravia", "age": 56, "title": "Chief Financial Officer", "yearBorn": 1966, "exercisedValue": 0, "unexercisedValue": 0}, {"maxAge": 1, "name": "Ms. Mar\u00eda Edith  Gonzalez Florez", "age": 63, "title": "VP of Accounting", "yearBorn": 1959, "exercisedValue": 0, "unexercisedValue": 0}, {"maxAge": 1, "name": "Mr. Jorge Adrian Rincon Plata", "age": 42, "title": "Chief Legal Counsel", "yearBorn": 1980, "exercisedValue": 0, "unexercisedValue": 0}, {"maxAge": 1, "name": "Mr. Rafael Eduardo  Neira Torres", "age": 66, "title": "Chief of Internal Control", "yearBorn": 1956, "exercisedValue": 0, "unexercisedValue": 0}, {"maxAge": 1, "name": "Mr. Rodolfo  Velez Borda", "age": 57, "title": "Chief of Information Technology", "yearBorn": 1965, "exercisedValue": 0, "unexercisedValue": 0}, {"maxAge": 1, "name": "Ms. Luz Karime Vargas Hurtado", "age": 49, "title": "Chief Risk Management Officer", "yearBorn": 1973, "exercisedValue": 0, "unexercisedValue": 0}, {"maxAge": 1, "name": "Omar  Suarez", "title": "Head of Equity Strategy", "exercisedValue": 0, "unexercisedValue": 0}, {"maxAge": 1, "name": "Mr. Eduardo Duque Suarez", "age": 56, "title": "Chief Risk Officer", "yearBorn": 1966, "exercisedValue": 0, "unexercisedValue": 0}, {"maxAge": 1, "name": "Mr. Alejandro Augusto  Figueroa Jaramillo Ph.D.", "age": 80, "title": "Pres of Banco de Bogot\u00e1 & Director", "yearBorn": 1942, "exercisedValue": 0, "unexercisedValue": 0}], "maxAge": 86400, "latitude": 4.61478000721651, "longitude": -74.07078004166054}