{"address1": "60 Walnut Avenue", "address2": "Suite 400", "city": "Clark", "state": "NJ", "zip": "07066", "country": "United States", "phone": "732 340 0700", "industry": "Shell Companies", "industryDisp": "Shell Companies", "sector": "Financial Services", "longBusinessSummary": "Achari Ventures Holdings Corp. I does not have significant operations. It intends to effect a merger, capital stock exchange, asset acquisition, stock purchase, reorganization, or similar business combination with one or more businesses in the cannabis industry. The company was incorporated in 2021 and is based in Clark, New Jersey.", "companyOfficers": [{"maxAge": 1, "name": "Mr. Vikas  Desai", "age": 31, "title": "CEO & Chairman", "yearBorn": 1991, "exercisedValue": 0, "unexercisedValue": 0}, {"maxAge": 1, "name": "Mr. Mitchell G. Hara", "age": 57, "title": "COO & CFO", "yearBorn": 1965, "exercisedValue": 0, "unexercisedValue": 0}, {"maxAge": 1, "name": "Mr. Merrick  Friedman", "age": 33, "title": "Chief Investment Officer, Corp. Sec. & Director", "yearBorn": 1989, "exercisedValue": 0, "unexercisedValue": 0}], "maxAge": 86400, "latitude": 40.6284649812749, "longitude": -74.30170398871493}