{"address1": "3200 Olympus Boulevard", "address2": "Suite 100", "city": "Coppell", "state": "TX", "zip": "75019", "country": "United States", "phone": "972 870 6400", "website": "https://www.avantax.com", "industry": "Asset Management", "industryDisp": "Asset Management", "sector": "Financial Services", "longBusinessSummary": "Avantax, Inc. provides wealth management solutions to consumers, small business owners, tax professionals, financial professionals, and certified public accounting firms in the United States. The company offers an integrated platform of technical, practice, compliance, operations, sales, and product support tools that enable to offer tax-advantaged planning, investing, and wealth management services. It also provides financial planning and advisory services, and retirement plan solutions. The company was formerly known as Blucora, Inc. and changed its name to Avantax, Inc. in January 2023. Avantax, Inc. was founded in 1983 and is headquartered in Dallas, Texas.", "fullTimeEmployees": 727, "companyOfficers": [{"maxAge": 1, "name": "Mr. Christopher W. Walters", "age": 48, "title": "Pres, CEO & Exec. Director", "yearBorn": 1974, "fiscalYear": 2022, "totalPay": 2347779, "exercisedValue": 19325, "unexercisedValue": 2249233}, {"maxAge": 1, "name": "Mr. Marc  Mehlman", "age": 45, "title": "CFO & Treasurer", "yearBorn": 1977, "fiscalYear": 2022, "totalPay": 1112115, "exercisedValue": 0, "unexercisedValue": 644461}, {"maxAge": 1, "name": "Mr. Todd Christopher Mackay A.B., B.A.", "age": 47, "title": "Pres of Wealth Management", "yearBorn": 1975, "fiscalYear": 2022, "totalPay": 1016271, "exercisedValue": 168270, "unexercisedValue": 678913}, {"maxAge": 1, "name": "Ms. Ann J. Bruder", "age": 58, "title": "Consultant", "yearBorn": 1964, "fiscalYear": 2022, "totalPay": 928361, "exercisedValue": 154921, "unexercisedValue": 348842}, {"maxAge": 1, "name": "Mr. Chris  McClellen", "title": "Chief Technology Officer", "exercisedValue": 0, "unexercisedValue": 0}, {"maxAge": 1, "name": "Dee  Littrell", "title": "Investor Relations", "exercisedValue": 0, "unexercisedValue": 0}, {"maxAge": 1, "name": "Ms. Tabitha T. Bailey", "age": 36, "title": "Chief Legal Officer & Corp. Sec.", "yearBorn": 1986, "exercisedValue": 0, "unexercisedValue": 0}, {"maxAge": 1, "name": "Ms. Melissa  Loner", "title": "VP & Chief Compliance Officer", "exercisedValue": 0, "unexercisedValue": 0}, {"maxAge": 1, "name": "Mr. Raj  Doshi", "title": "Chief Growth & Marketing Officer", "exercisedValue": 0, "unexercisedValue": 0}, {"maxAge": 1, "name": "Ms. Beckey Woodard Cole", "title": "Chief HR Officer", "exercisedValue": 0, "unexercisedValue": 0}], "auditRisk": 3, "boardRisk": 2, "compensationRisk": 4, "shareHolderRightsRisk": 3, "overallRisk": 2, "governanceEpochDate": "2023-04-30 20:00:00", "compensationAsOfEpochDate": "2022-12-30 19:00:00", "maxAge": 86400, "latitude": 32.93793898212627, "longitude": -96.98680198611078}