{"address1": "9205 West Russell Road", "address2": "Suite 400", "city": "Las Vegas", "state": "NV", "zip": "89148", "country": "United States", "phone": "858 649 2218", "fax": "858 350 0443", "website": "https://axosfinancial.com", "industry": "Banks\u2014Regional", "industryDisp": "Banks\u2014Regional", "sector": "Financial Services", "longBusinessSummary": "Axos Financial, Inc., together with its subsidiaries, provides consumer and business banking products in the United States. It operates through two segments, Banking Business and Securities Business. The company offers deposits products, including consumer and business checking, demand, savings, time deposit, money market, zero balance, and insured cash sweep accounts. It also provides residential single family, multifamily, and commercial mortgage loans; commercial real estate secured loans; commercial and industrial non-real estate, asset-backed, lines of credit, and term loans; automobile loans; fixed rate unsecured loans; and other loans, such as structure settlements, small business administration consumer loans, and securities-backed loans. In addition, the company offers ACH origination, wire transfer, commercial check printing, business bill pay and account transfer; remote deposit capture, mobile deposit, lockbox, merchant, and online payment portal; concierge banking; mobile and text message banking; and payment services, as well as debit and credit cards, and digital wallets. Further, it provides disclosed clearing services; back-office services, such as record keeping, trade reporting, accounting, general back-office support, securities and margin lending, reorganization assistance, and custody of securities; and financing to brokerage customers. The company was formerly known as BofI Holding, Inc. and changed its name to Axos Financial, Inc. in September 2018. Axos Financial, Inc. was incorporated in 1999 and is based in Las Vegas, Nevada.", "fullTimeEmployees": 1466, "companyOfficers": [{"maxAge": 1, "name": "Mr. Gregory  Garrabrants C.F.A., J.D.", "age": 50, "title": "Pres, CEO & Director", "yearBorn": 1972, "fiscalYear": 2022, "totalPay": 4941987, "exercisedValue": 0, "unexercisedValue": 0}, {"maxAge": 1, "name": "Mr. Derrick K. Walsh CPA", "age": 39, "title": "Exec. VP & CFO", "yearBorn": 1983, "fiscalYear": 2022, "totalPay": 739750, "exercisedValue": 0, "unexercisedValue": 0}, {"maxAge": 1, "name": "Mr. Raymond D. Matsumoto", "age": 66, "title": "Exec. VP & COO", "yearBorn": 1956, "fiscalYear": 2022, "totalPay": 911600, "exercisedValue": 0, "unexercisedValue": 0}, {"maxAge": 1, "name": "Mr. Andrew J. Micheletti CPA(inactive)", "age": 65, "title": "Exec. VP of Fin.", "yearBorn": 1957, "fiscalYear": 2022, "totalPay": 586600, "exercisedValue": 0, "unexercisedValue": 0}, {"maxAge": 1, "name": "Mr. Thomas M. Constantine", "age": 60, "title": "Exec. VP & Chief Credit Officer", "yearBorn": 1962, "fiscalYear": 2022, "totalPay": 756600, "exercisedValue": 0, "unexercisedValue": 0}, {"maxAge": 1, "name": "Mr. Brian D. Swanson", "age": 42, "title": "Exec. VP & Head of Consumer Bank", "yearBorn": 1980, "fiscalYear": 2022, "totalPay": 705750, "exercisedValue": 0, "unexercisedValue": 0}, {"maxAge": 1, "name": "Mr. Johnny Y. Lai CFA", "title": "VP of Corp. Devel. & Investor Relations", "exercisedValue": 0, "unexercisedValue": 0}, {"maxAge": 1, "name": "Mr. Eshel  Bar-Adon", "age": 67, "title": "Exec. VP of Specialty Fin. & Chief Legal Officer", "yearBorn": 1955, "fiscalYear": 2021, "exercisedValue": 0, "unexercisedValue": 0}, {"maxAge": 1, "name": "Mr. John Charles Tolla", "age": 45, "title": "Exec. VP, Chief Governance, Risk & Compliance Officer", "yearBorn": 1977, "exercisedValue": 0, "unexercisedValue": 0}, {"maxAge": 1, "name": "Mr. Craig  Cross", "title": "Chief Operating Officer of 1st Mortgage Lending", "fiscalYear": 2010, "exercisedValue": 0, "unexercisedValue": 0}], "auditRisk": 9, "boardRisk": 6, "compensationRisk": 10, "shareHolderRightsRisk": 8, "overallRisk": 9, "governanceEpochDate": "2023-04-30 20:00:00", "compensationAsOfEpochDate": "2022-12-30 19:00:00", "maxAge": 86400, "latitude": 36.08471598759513, "longitude": -115.29362903688738}