{"address1": "Hidden Pines Farm", "address2": "1409, Hopewell Road", "city": "Alpharetta", "state": "GA", "zip": "30004", "country": "United States", "phone": "770 813 6500", "website": "https://spac.axios.ag", "industry": "Shell Companies", "industryDisp": "Shell Companies", "sector": "Financial Services", "longBusinessSummary": "AXIOS Sustainable Growth Acquisition Corporation focuses on effecting a merger, share exchange, asset acquisition, share purchase, recapitalization, reorganization, or other similar business combination with one or more businesses. It intends to focus its search for a target business engaged in the agriculture, plant-based proteins, and related technology industry in Eastern Europe. The company was incorporated in 2021 and is based in Alpharetta, Georgia. AXIOS Sustainable Growth Acquisition Corporation operates as a subsidiary of AXIOS Sponsor LP.", "companyOfficers": [{"maxAge": 1, "name": "Mr. Benedikt E. Fortig", "age": 37, "title": "CEO & Director", "yearBorn": 1985, "exercisedValue": 0, "unexercisedValue": 0}, {"maxAge": 1, "name": "Dr. Ram  Burgi-Krishnamurthy", "age": 54, "title": "Chief Financial Officer", "yearBorn": 1968, "exercisedValue": 0, "unexercisedValue": 0}], "maxAge": 86400, "latitude": 34.103883600000074, "longitude": -84.26071749999994}