{"address1": "200 Vesey Street", "city": "New York", "state": "NY", "zip": "10285", "country": "United States", "phone": "212 640 2000", "website": "https://www.americanexpress.com", "industry": "Credit Services", "industryDisp": "Credit Services", "sector": "Financial Services", "longBusinessSummary": "American Express Company, together with its subsidiaries, provides charge and credit payment card products, and travel-related services worldwide. The company operates through three segments: Global Consumer Services Group, Global Commercial Services, and Global Merchant and Network Services. Its products and services include payment and financing products; network services; accounts payable expense management products and services; and travel and lifestyle services. The company's products and services also comprise merchant acquisition and processing, servicing and settlement, point-of-sale marketing, and information products and services for merchants; and fraud prevention services, as well as the design and operation of customer loyalty programs. It sells its products and services to consumers, small businesses, mid-sized companies, and large corporations through mobile and online applications, third-party vendors and business partners, direct mail, telephone, in-house sales teams, and direct response advertising. American Express Company was founded in 1850 and is headquartered in New York, New York.", "fullTimeEmployees": 77300, "companyOfficers": [{"maxAge": 1, "name": "Mr. Stephen Joseph Squeri", "age": 62, "title": "Chairman & CEO", "yearBorn": 1960, "fiscalYear": 2022, "totalPay": 12391509, "exercisedValue": 22554032, "unexercisedValue": 8181222}, {"maxAge": 1, "name": "Mr. Jeffrey C. Campbell", "age": 61, "title": "Vice Chairman & CFO", "yearBorn": 1961, "fiscalYear": 2022, "totalPay": 7796880, "exercisedValue": 0, "unexercisedValue": 11569065}, {"maxAge": 1, "name": "Mr. Ravikumar  Radhakrishnan", "age": 50, "title": "Exec. VP & CIO", "yearBorn": 1972, "fiscalYear": 2022, "totalPay": 7427926, "exercisedValue": 0, "unexercisedValue": 0}, {"maxAge": 1, "name": "Mr. Anre D. Williams", "age": 56, "title": "CEO of American Express National Bank & Group Pres of Enterprise Services", "yearBorn": 1966, "fiscalYear": 2022, "totalPay": 7208480, "exercisedValue": 14110758, "unexercisedValue": 1641721}, {"maxAge": 1, "name": "Mr. Douglas E. Buckminster", "age": 61, "title": "Vice Chairman", "yearBorn": 1961, "fiscalYear": 2022, "totalPay": 8514716, "exercisedValue": 1550017, "unexercisedValue": 14540464}, {"maxAge": 1, "name": "Ms. Jessica  Lieberman Quinn", "age": 49, "title": "Exec. VP, Corp. Controller & Principal Accounting Officer", "yearBorn": 1973, "exercisedValue": 0, "unexercisedValue": 0}, {"maxAge": 1, "name": "Ms. Kerri  Bernstein", "title": "Head of Investor Relations", "exercisedValue": 0, "unexercisedValue": 0}, {"maxAge": 1, "name": "Ms. Laureen E. Seeger", "age": 60, "title": "Chief Legal Officer", "yearBorn": 1962, "fiscalYear": 2021, "exercisedValue": 0, "unexercisedValue": 0}, {"maxAge": 1, "name": "Mr. David B. Nigro", "age": 60, "title": "Chief Risk Officer & Head of Global Risk and Compliance", "yearBorn": 1962, "exercisedValue": 0, "unexercisedValue": 0}, {"maxAge": 1, "name": "Ms. Elizabeth  Rutledge", "age": 60, "title": "Chief Marketing Officer", "yearBorn": 1962, "exercisedValue": 0, "unexercisedValue": 0}], "auditRisk": 5, "boardRisk": 8, "compensationRisk": 10, "shareHolderRightsRisk": 6, "overallRisk": 9, "governanceEpochDate": "2023-04-30 20:00:00", "compensationAsOfEpochDate": "2022-12-30 19:00:00", "maxAge": 86400, "latitude": 40.71391974143401, "longitude": -74.01469547022819}