{"address1": "92 Pitts Bay Road", "city": "Pembroke", "zip": "HM 08", "country": "Bermuda", "fax": "441 405 2600", "website": "https://www.axiscapital.com", "industry": "Insurance\u2014Specialty", "industryDisp": "Insurance\u2014Specialty", "sector": "Financial Services", "longBusinessSummary": "AXIS Capital Holdings Limited, through its subsidiaries, provides various specialty insurance and reinsurance products worldwide. It operates through two segments, Insurance and Reinsurance. The Insurance segment offers property insurance products for commercial buildings, residential premises, construction projects, and onshore energy installations; marine classes covering offshore energy, cargo, liability, kidnap and ransom, fine art, specie, and hull war; and terrorism, aviation, credit and political risk, and liability insurance products. It also provides professional insurance products that cover directors' and officers' liability, errors and omissions liability, employment practices liability, fiduciary liability, crime, professional indemnity, medical malpractice, and other financial insurance related coverages for commercial enterprises, financial institutions, not-for-profit organizations, and other professional service providers. In addition, this segment offers accidental death, travel, and specialty health products for employer pet insurance and affinity groups. The Reinsurance segment offers reinsurance products to insurance companies, including catastrophe reinsurance products; property reinsurance products covering property damage and related losses resulting from natural and man-made perils; professional lines; credit and surety; and motor liability products. This segment also provides agriculture reinsurance products; engineering coverages for various types of construction risks and risks related to erection, testing, and commissioning of machinery and plants during the construction stage; marine and aviation reinsurance products; and personal accident, specialty health, accidental death, travel, life, and disability reinsurance products. AXIS Capital Holdings Limited was founded in 2001 and is headquartered in Pembroke, Bermuda.", "fullTimeEmployees": 2064, "companyOfficers": [{"maxAge": 1, "name": "Mr. Vincent Christopher Tizzio", "age": 56, "title": "Pres, CEO & Director", "yearBorn": 1966, "fiscalYear": 2022, "totalPay": 3183862, "exercisedValue": 0, "unexercisedValue": 0}, {"maxAge": 1, "name": "Mr. Peter John Vogt FSA MAAA", "age": 58, "title": "CFO & Exec. VP", "yearBorn": 1964, "fiscalYear": 2022, "totalPay": 1655126, "exercisedValue": 0, "unexercisedValue": 0}, {"maxAge": 1, "name": "Mr. David Samuel Phillips CFA", "age": 53, "title": "Chief Investment Officer", "yearBorn": 1969, "fiscalYear": 2022, "totalPay": 1537109, "exercisedValue": 0, "unexercisedValue": 0}, {"maxAge": 1, "name": "Mr. Conrad D. Brooks", "age": 60, "title": "Gen. Counsel", "yearBorn": 1962, "fiscalYear": 2022, "totalPay": 1099960, "exercisedValue": 0, "unexercisedValue": 0}, {"maxAge": 1, "name": "Mr. Albert A. Benchimol", "age": 64, "title": "Exec. Officer", "yearBorn": 1958, "fiscalYear": 2022, "totalPay": 3904502, "exercisedValue": 0, "unexercisedValue": 0}, {"maxAge": 1, "name": "Mr. Kent W. Ziegler", "age": 59, "title": "Global Corp. Controller & Principal Accounting Officer", "yearBorn": 1963, "exercisedValue": 0, "unexercisedValue": 0}, {"maxAge": 1, "name": "Mr. Dan  Trueman", "title": "Global Head of Cyber & Technology", "exercisedValue": 0, "unexercisedValue": 0}, {"maxAge": 1, "name": "Mr. Keith  Schlosser", "title": "Global Chief Information Officer", "exercisedValue": 0, "unexercisedValue": 0}, {"maxAge": 1, "name": "Ms. Miranda  Hunter", "title": "Head of Investor Relations", "exercisedValue": 0, "unexercisedValue": 0}, {"maxAge": 1, "name": "Mr. Joseph E. Cohen APR", "title": "Chief Communications Officer", "exercisedValue": 0, "unexercisedValue": 0}], "auditRisk": 1, "boardRisk": 1, "compensationRisk": 1, "shareHolderRightsRisk": 2, "overallRisk": 1, "governanceEpochDate": "2023-04-30 20:00:00", "compensationAsOfEpochDate": "2022-12-30 19:00:00", "maxAge": 86400, "latitude": 32.29133692926005, "longitude": -64.79248377453608}