{"address1": "Bank of America Corporate Center", "address2": "100 North Tryon Street", "city": "Charlotte", "state": "NC", "zip": "28255", "country": "United States", "phone": "704 386 5681", "website": "https://www.bankofamerica.com", "industry": "Banks\u2014Diversified", "industryDisp": "Banks\u2014Diversified", "sector": "Financial Services", "longBusinessSummary": "Bank of America Corporation, through its subsidiaries, provides banking and financial products and services for individual consumers, small and middle-market businesses, institutional investors, large corporations, and governments worldwide. Its Consumer Banking segment offers traditional and money market savings accounts, certificates of deposit and IRAs, noninterest-and interest-bearing checking accounts, and investment accounts and products; and credit and debit cards, residential mortgages, and home equity loans, as well as direct and indirect loans, such as automotive, recreational vehicle, and consumer personal loans. The company's Global Wealth & Investment Management segment offers investment management, brokerage, banking, and trust and retirement products and services; and wealth management solutions, as well as customized solutions, including specialty asset management services. Its Global Banking segment provides lending products and services, including commercial loans, leases, commitment facilities, trade finance, and commercial real estate and asset-based lending; treasury solutions, such as treasury management, foreign exchange, and short-term investing options and merchant services; working capital management solutions; and debt and equity underwriting and distribution, and merger-related and other advisory services. The company's Global Markets segment offers market-making, financing, securities clearing, settlement, and custody services, as well as risk management products using interest rate, equity, credit, currency and commodity derivatives, foreign exchange, fixed-income, and mortgage-related products. The company was founded in 1784 and is based in Charlotte, North Carolina.", "fullTimeEmployees": 217000, "companyOfficers": [{"maxAge": 1, "name": "Mr. Brian Thomas Moynihan", "age": 63, "title": "Chairman, CEO & Pres", "yearBorn": 1959, "fiscalYear": 2022, "totalPay": 1975176, "exercisedValue": 0, "unexercisedValue": 0}, {"maxAge": 1, "name": "Mr. Alastair M. Borthwick", "age": 53, "title": "Chief Financial Officer", "yearBorn": 1969, "fiscalYear": 2022, "totalPay": 4844808, "exercisedValue": 0, "unexercisedValue": 0}, {"maxAge": 1, "name": "Mr. Dean C. Athanasia", "age": 55, "title": "Pres of Regional Banking", "yearBorn": 1967, "fiscalYear": 2022, "totalPay": 6209621, "exercisedValue": 0, "unexercisedValue": 0}, {"maxAge": 1, "name": "Mr. Paul M. Donofrio", "age": 62, "title": "Vice Chairman", "yearBorn": 1960, "fiscalYear": 2022, "totalPay": 6219903, "exercisedValue": 0, "unexercisedValue": 0}, {"maxAge": 1, "name": "Mr. Geoffrey S. Greener", "age": 57, "title": "Chief Risk Officer", "yearBorn": 1965, "fiscalYear": 2022, "totalPay": 6210194, "exercisedValue": 0, "unexercisedValue": 0}, {"maxAge": 1, "name": "Mr. Thomas M. Scrivener", "age": 50, "title": "Chief Operations Exec.", "yearBorn": 1972, "exercisedValue": 0, "unexercisedValue": 0}, {"maxAge": 1, "name": "Mr. Christopher M. Hyzy", "title": "Chief Investment Officer", "exercisedValue": 0, "unexercisedValue": 0}, {"maxAge": 1, "name": "Mr. Rudolf A. Bless", "title": "Chief Accounting Officer", "exercisedValue": 0, "unexercisedValue": 0}, {"maxAge": 1, "name": "Mr. Matthew M. Koder", "age": 50, "title": "Pres of Global Corp. & Investment Banking", "yearBorn": 1972, "fiscalYear": 2021, "exercisedValue": 0, "unexercisedValue": 0}, {"maxAge": 1, "name": "Mr. Aditya  Bhasin", "age": 48, "title": "Chief Technology & Information Officer", "yearBorn": 1974, "exercisedValue": 0, "unexercisedValue": 0}], "auditRisk": 2, "boardRisk": 7, "compensationRisk": 9, "shareHolderRightsRisk": 1, "overallRisk": 6, "governanceEpochDate": "2023-04-30 20:00:00", "compensationAsOfEpochDate": "2022-12-30 19:00:00", "maxAge": 86400, "latitude": 35.22287000000006, "longitude": -80.83795999999995}