{"address1": "667 Madison Avenue", "address2": "18th Floor", "city": "New York", "state": "NY", "zip": "10065", "country": "United States", "phone": "212 935 7676", "website": "https://www.berensonacquisitioncorp.com", "industry": "Shell Companies", "industryDisp": "Shell Companies", "sector": "Financial Services", "longBusinessSummary": "Berenson Acquisition Corp. I does not have significant operations. The company intends to effect a merger, capital stock exchange, asset acquisition, stock purchase, reorganization, or similar business combination with one or more businesses. It focuses on identifying business combination targets in the software and technology-enabled services industry. The company was incorporated in 2021 and is based in New York, New York.", "companyOfficers": [{"maxAge": 1, "name": "Mr. Mohammed M. Ansari", "age": 47, "title": "CEO & Director", "yearBorn": 1975, "exercisedValue": 0, "unexercisedValue": 0}, {"maxAge": 1, "name": "Mr. Amir M. Hegazy", "age": 35, "title": "Chief Financial Officer", "yearBorn": 1987, "exercisedValue": 0, "unexercisedValue": 0}], "maxAge": 86400, "latitude": 40.76462166419469, "longitude": -73.97023936452821}