{"address1": "700 Central Avenue", "city": "Saint Petersburg", "state": "FL", "zip": "33701", "country": "United States", "phone": "727 440 6848", "website": "https://www.bayfirstfinancial.com", "industry": "Banks\u2014Regional", "industryDisp": "Banks\u2014Regional", "sector": "Financial Services", "longBusinessSummary": "BayFirst Financial Corp. operates as the bank holding company for BayFirst National Bank that provides community banking services for businesses and individuals. The company offers checking, savings, NOW, and money market deposit accounts, as well as certificates of deposit and individual retirement account; and safety deposit boxes. It also provides commercial real estate mortgages; construction and development, working capital, and business loans; auto, boat, and recreational vehicle loans; and personal lines of credit, and home equity lines of credit. In addition, the company offers mobile and online banking, treasury management, cash management, merchant processing, remote deposit capture, night depositor, online bill payment, courier, retail investment, and other services. It operates full-service office locations in St. Petersburg, Seminole, Pinellas Park, Clearwater, Sarasota, Tampa, and Belleair Bluffs, Florida. The company was formerly known as First Home Bancorp, Inc. and changed its name to BayFirst Financial Corp. in May 2021. BayFirst Financial Corp. was founded in 1999 and is headquartered in Saint Petersburg, Florida.", "fullTimeEmployees": 300, "companyOfficers": [{"maxAge": 1, "name": "Mr. Anthony Nicholas Leo J.D.", "age": 61, "title": "CEO & Director", "yearBorn": 1961, "fiscalYear": 2022, "totalPay": 386919, "exercisedValue": 0, "unexercisedValue": 71338}, {"maxAge": 1, "name": "Mr. Thomas G. Zernick", "age": 58, "title": "Pres & Director", "yearBorn": 1964, "fiscalYear": 2022, "totalPay": 355727, "exercisedValue": 0, "unexercisedValue": 12049}, {"maxAge": 1, "name": "Ms. Robin L. Oliver", "age": 45, "title": "Exec. VP, COO & CFO", "yearBorn": 1977, "fiscalYear": 2022, "totalPay": 297212, "exercisedValue": 0, "unexercisedValue": 7436}, {"maxAge": 1, "name": "Mr. John A. Macaluso", "title": "Exec. VP & CTO", "exercisedValue": 0, "unexercisedValue": 0}, {"maxAge": 1, "name": "Mr. Lewis O. Benner Jr.", "age": 61, "title": "Exec. VP & Chief Credit Officer", "yearBorn": 1961, "exercisedValue": 0, "unexercisedValue": 0}, {"maxAge": 1, "name": "Ms. Brandi Nicole Jaber", "age": 48, "title": "Pres of Residential Mortgage Division", "yearBorn": 1974, "fiscalYear": 2021, "exercisedValue": 0, "unexercisedValue": 0}], "compensationAsOfEpochDate": "2022-12-30 19:00:00", "maxAge": 86400, "latitude": 27.770792016652777, "longitude": -82.64352297533468}