{"address1": "Brookfield Place", "address2": "Suite 300 181 Bay Street", "city": "Toronto", "state": "ON", "zip": "M5J 2T3", "country": "Canada", "phone": "416 363 9491", "website": "https://www.brookfield.com", "industry": "Asset Management", "industryDisp": "Asset Management", "sector": "Financial Services", "longBusinessSummary": "Brookfield Asset Management Ltd. provides alternative asset management services. Its renewable power and transition business includes the ownership, operation, and development of hydroelectric, wind, solar, and energy transition power generating assets. The company's infrastructure business engages in the ownership, operation, and development of utilities, transport, midstream, data and sustainable resource assets. In addition, its private equity business offers business, infrastructure, and industrials services; and real estate business, which includes core investments, and transitional and development investments. Further, the company engages in the residential development business including homebuilding, and condominium and land development. The company was incorporated in 2022 and is headquartered in Toronto, Canada.", "fullTimeEmployees": 2500, "companyOfficers": [{"maxAge": 1, "name": "Mr. Mark J. Carney FPC, MPC, PRC", "age": 57, "title": "Chair of Board & Head of Transition Investing", "yearBorn": 1965, "exercisedValue": 0, "unexercisedValue": 0}, {"maxAge": 1, "name": "Mr. James Bruce Flatt", "age": 57, "title": "CEO & Director", "yearBorn": 1965, "exercisedValue": 0, "unexercisedValue": 0}, {"maxAge": 1, "name": "Mr. Connor David Teskey", "age": 34, "title": "Pres and CEO Renewable Power & Transition", "yearBorn": 1988, "exercisedValue": 0, "unexercisedValue": 0}, {"maxAge": 1, "name": "Mr. Bahir  Manios", "age": 43, "title": "Managing Partner & CFO", "yearBorn": 1979, "exercisedValue": 0, "unexercisedValue": 0}, {"maxAge": 1, "name": "Ms. Lori Anne Pearson F.C.A., FCPA", "age": 60, "title": "Managing Partner & COO", "yearBorn": 1962, "exercisedValue": 0, "unexercisedValue": 0}, {"maxAge": 1, "name": "Mr. Dominic  Dodds", "title": "Managing Director of Technology", "exercisedValue": 0, "unexercisedValue": 0}, {"maxAge": 1, "name": "Mr. Justin B. Beber", "age": 52, "title": "Managing Partner, Chief Admin. Officer & Gen. Counsel", "yearBorn": 1970, "exercisedValue": 0, "unexercisedValue": 0}, {"maxAge": 1, "name": "Mr. Ronald  Fisher-Dayn", "title": "Managing Partner of Compliance", "exercisedValue": 0, "unexercisedValue": 0}, {"maxAge": 1, "name": "Mr. Brian William Kingston", "age": 48, "title": "Managing Partner, CEO of Real Estate & Director", "yearBorn": 1974, "exercisedValue": 0, "unexercisedValue": 0}, {"maxAge": 1, "name": "Mr. Cyrus  Madon", "age": 56, "title": "Managing Partner, CEO of Private Equity & Director", "yearBorn": 1966, "exercisedValue": 0, "unexercisedValue": 0}], "maxAge": 86400, "latitude": 43.64721600000007, "longitude": -79.37871299999995}