{"address1": "3 MacArthur Place", "city": "Santa Ana", "state": "CA", "zip": "92707", "country": "United States", "phone": "855 361 2262", "fax": "855 661 8155", "website": "https://bancofcal.com", "industry": "Banks\u2014Regional", "industryDisp": "Banks\u2014Regional", "sector": "Financial Services", "longBusinessSummary": "Banc of California, Inc. operates as the bank holding company for Banc of California, National Association that provides banking and financial products and services in the United States. The company offers deposit products, including interest-bearing and noninterest-bearing demand, checking, savings, and money market deposits accounts; certificate of deposits; and retirement accounts and safe deposit boxes. It also provides various commercial and consumer loan products, such as commercial and industrial loans; commercial real estate and multifamily loans; construction loans; single family residential mortgage loans; warehouse and indirect/direct leveraged lending; home equity lines of credit; small business administration loans; and consumer loans comprising lines of credit and term loans, as well as and other consumer loans, including automobile loans. In addition, the company offers automated bill payment, cash and treasury management, foreign exchange, interest rate swaps, card payment, remote and mobile deposit capture, automated clearing house origination, wire transfer, direct deposit, and internet banking services; and master demand accounts. Further, it invests in agency securities, municipal bonds, agency residential mortgage-backed securities, and corporate debt securities. The company was formerly known as First PacTrust Bancorp, Inc. and changed its name to Banc of California, Inc. in July 2013. Banc of California, Inc. was founded in 1941 and is headquartered in Santa Ana, California.", "fullTimeEmployees": 685, "companyOfficers": [{"maxAge": 1, "name": "Mr. Jared M. Wolff", "age": 52, "title": "Pres, CEO & Director", "yearBorn": 1970, "fiscalYear": 2022, "totalPay": 1728724, "exercisedValue": 0, "unexercisedValue": 0}, {"maxAge": 1, "name": "Mr. Ido  Dotan J.D.", "age": 41, "title": "Exec. VP, Gen. Counsel, Corp. Sec. & Chief Admin. Officer", "yearBorn": 1981, "fiscalYear": 2022, "totalPay": 634181, "exercisedValue": 0, "unexercisedValue": 0}, {"maxAge": 1, "name": "Mr. Robert G. Dyck", "age": 65, "title": "Sr. Exec. VP & Chief Credit Officer", "yearBorn": 1957, "fiscalYear": 2022, "totalPay": 557540, "exercisedValue": 0, "unexercisedValue": 0}, {"maxAge": 1, "name": "Mr. Hamid  Hussain", "title": "Pres", "exercisedValue": 0, "unexercisedValue": 0}, {"maxAge": 1, "name": "Mr. Raymond J. Rindone", "age": 51, "title": "Exec. VP, Chief Accounting Officer & Interim CFO", "yearBorn": 1971, "exercisedValue": 0, "unexercisedValue": 0}, {"maxAge": 1, "name": "Mr. John K. Sotoodeh", "age": 51, "title": "Chief Operating Officer", "yearBorn": 1971, "exercisedValue": 0, "unexercisedValue": 0}, {"maxAge": 1, "name": "Mr. Alex  Kweskin", "title": "Exec. VP & Chief HR Officer", "exercisedValue": 0, "unexercisedValue": 0}, {"maxAge": 1, "name": "Mr. Joubin  Rahimi", "title": "Sr. VP of Private Banking", "exercisedValue": 0, "unexercisedValue": 0}, {"maxAge": 1, "name": "Ms. Debbie  Dahl-Amundson", "title": "Exec. VP & Chief Internal Audit Officer", "exercisedValue": 0, "unexercisedValue": 0}, {"maxAge": 1, "name": "Mr. Guillaume  De Chalendar", "title": "Sr. VP & Head of Media & Entertainment", "exercisedValue": 0, "unexercisedValue": 0}], "auditRisk": 5, "boardRisk": 2, "compensationRisk": 8, "shareHolderRightsRisk": 5, "overallRisk": 5, "governanceEpochDate": "2023-04-30 20:00:00", "compensationAsOfEpochDate": "2022-12-30 19:00:00", "maxAge": 86400, "latitude": 33.70156300892195, "longitude": -117.86446200584268}