{"address1": "100 North Broadway Avenue", "city": "Oklahoma City", "state": "OK", "zip": "73102", "country": "United States", "phone": "405 270 1086", "website": "https://www.bancfirst.bank", "industry": "Banks\u2014Regional", "industryDisp": "Banks\u2014Regional", "sector": "Financial Services", "longBusinessSummary": "BancFirst Corporation operates as the bank holding company for BancFirst that provides a range of commercial banking services to retail customers, and small to medium-sized businesses. The company operates through Metropolitan Banks, Community Banks, Pegasus, Worthington, and Other Financial Services segments. It offers checking accounts, negotiable order of withdrawal accounts, savings accounts, money market accounts, sweep accounts, club accounts, individual retirement accounts, and certificates of deposit, as well as overdraft protection and auto draft services. The company also provides commercial and agricultural non-real estate loans for working capital, facilities acquisition or expansion, purchase of equipment, and other needs; lending services that include private banking, energy, commercial and residential real estate, and commercial and industrial loans; and loans to finance purchases of consumer goods, such as automobiles, boats, household goods, vacations, and education. In addition, it engages in the investment management and administration of trusts for individuals, corporations, and employee benefit plans, as well as bond trustee and paying agent business for various Oklahoma municipalities and governmental entities; and provision of item processing, research, and other correspondent banking services. Further, the company is involved in real estate investment and insurance agency services; and providing depository and funds transfer, collection, safe deposit box, cash management, and other services. It serves customers in non-metropolitan trade centers and cities in the metropolitan statistical areas of Oklahoma. The company was formerly known as United Community Corporation and changed its name to BancFirst Corporation in November 1988. BancFirst Corporation was incorporated in 1984 and is headquartered in Oklahoma City, Oklahoma.", "fullTimeEmployees": 2051, "companyOfficers": [{"maxAge": 1, "name": "Mr. David E. Rainbolt", "age": 66, "title": "Exec. Chairman", "yearBorn": 1956, "fiscalYear": 2015, "exercisedValue": 0, "unexercisedValue": 0}, {"maxAge": 1, "name": "Mr. David R. Harlow", "age": 59, "title": "Pres, CEO & Director", "yearBorn": 1963, "fiscalYear": 2022, "totalPay": 824431, "exercisedValue": 0, "unexercisedValue": 0}, {"maxAge": 1, "name": "Mr. Kevin  Lawrence", "age": 43, "title": "Exec. VP, CFO & Treasurer", "yearBorn": 1979, "fiscalYear": 2022, "totalPay": 440770, "exercisedValue": 1870021, "unexercisedValue": 2794000}, {"maxAge": 1, "name": "Mr. B. Scott Copeland", "age": 57, "title": "Exec. VP & Head of Operations - BancFirst", "yearBorn": 1965, "fiscalYear": 2022, "totalPay": 537355, "exercisedValue": 0, "unexercisedValue": 0}, {"maxAge": 1, "name": "Mr. Randy P. Foraker", "age": 66, "title": "Exec. VP, Chief Risk Officer & Sec.", "yearBorn": 1956, "fiscalYear": 2015, "exercisedValue": 0, "unexercisedValue": 0}, {"maxAge": 1, "name": "Mr. Brian Wade Pierson", "age": 66, "title": "Sr. VP & Assistant Sec.", "yearBorn": 1956, "exercisedValue": 0, "unexercisedValue": 0}, {"maxAge": 1, "name": "Ms. Jennifer C. Weast", "age": 58, "title": "Sr. VP & Controller", "yearBorn": 1964, "exercisedValue": 0, "unexercisedValue": 0}, {"maxAge": 1, "name": "Harry M. Smith", "title": "Pres of Pegasus Bank", "exercisedValue": 0, "unexercisedValue": 0}, {"maxAge": 1, "name": "Mr. Roy C. Ferguson", "age": 75, "title": "Exec. VP & Chief Credit Officer of BancFirst", "yearBorn": 1947, "fiscalYear": 1997, "exercisedValue": 0, "unexercisedValue": 0}, {"maxAge": 1, "name": "Ms. Laura J. Ratliff", "title": "Advisory Director", "fiscalYear": 2020, "exercisedValue": 0, "unexercisedValue": 0}], "auditRisk": 6, "boardRisk": 7, "compensationRisk": 6, "shareHolderRightsRisk": 1, "overallRisk": 4, "governanceEpochDate": "2023-04-30 20:00:00", "compensationAsOfEpochDate": "2022-12-30 19:00:00", "maxAge": 86400, "latitude": 35.46812998851209, "longitude": -97.51393602113889}