{"address1": "10 South First Avenue", "city": "Walla Walla", "state": "WA", "zip": "99362", "country": "United States", "phone": "509 527 3636", "website": "https://www.bannerbank.com", "industry": "Banks\u2014Regional", "industryDisp": "Banks\u2014Regional", "sector": "Financial Services", "longBusinessSummary": "Banner Corporation operates as the bank holding company for Banner Bank that provide commercial banking and financial products and services to individuals, businesses, and public sector entities in the United States. It accepts various deposit instruments, including interest-bearing and non-interest-bearing checking accounts, money market deposit accounts, regular savings accounts, and certificates of deposit, as well as treasury management services and retirement savings plans. The company also provides commercial real estate loans, including owner-occupied, investment properties, and multifamily residential real estate loans; construction, land, and land development loans; one- to four-family residential real estate lending; commercial business loans; agricultural loans; consumer and other loans, such as home equity lines of credit, automobile, and boat and recreational vehicle loans, as well as loans secured by deposit accounts; and small business administration loans. In addition, it provides electronic and digital banking services. Banner Corporation was founded in 1890 and is based in Walla Walla, Washington.", "fullTimeEmployees": 1931, "companyOfficers": [{"maxAge": 1, "name": "Mr. Mark J. Grescovich", "age": 58, "title": "Pres, CEO & Director", "yearBorn": 1964, "fiscalYear": 2022, "totalPay": 2044304, "exercisedValue": 0, "unexercisedValue": 0}, {"maxAge": 1, "name": "Mr. Peter J. Conner", "age": 56, "title": "Exec. VP, CFO & Treasurer", "yearBorn": 1966, "fiscalYear": 2022, "totalPay": 924022, "exercisedValue": 0, "unexercisedValue": 0}, {"maxAge": 1, "name": "Ms. Cynthia D. Purcell", "age": 65, "title": "Exec. VP and Chief Strategy & Admin. Officer", "yearBorn": 1957, "fiscalYear": 2022, "totalPay": 866905, "exercisedValue": 0, "unexercisedValue": 0}, {"maxAge": 1, "name": "Mr. M. Kirk Quillin", "age": 59, "title": "Exec. VP & Chief Commercial Officer", "yearBorn": 1963, "fiscalYear": 2022, "totalPay": 595333, "exercisedValue": 0, "unexercisedValue": 0}, {"maxAge": 1, "name": "Mr. James M. Costa", "age": 53, "title": "EVP & Chief Risk Officer", "yearBorn": 1969, "fiscalYear": 2022, "totalPay": 722003, "exercisedValue": 0, "unexercisedValue": 0}, {"maxAge": 1, "name": "Mr. Rich  Arnold", "title": "Head of Investor Relations", "exercisedValue": 0, "unexercisedValue": 0}, {"maxAge": 1, "name": "Ms. Sherrey  Luetjen", "age": 49, "title": "Exec. VP, Gen. Counsel, Ethics Officer & Sec.", "yearBorn": 1973, "exercisedValue": 0, "unexercisedValue": 0}], "auditRisk": 3, "boardRisk": 1, "compensationRisk": 1, "shareHolderRightsRisk": 4, "overallRisk": 1, "governanceEpochDate": "2023-04-30 20:00:00", "compensationAsOfEpochDate": "2022-12-30 19:00:00", "maxAge": 86400, "latitude": 46.06647599770989, "longitude": -118.33786896352558}