{"address1": "152 West 57th Street", "address2": "35th Floor", "city": "New York", "state": "NY", "zip": "10019", "country": "United States", "phone": "212 354 6500", "fax": "212 354 6565", "website": "https://ir.arrowmarkfinancialcorp.com/", "industry": "Asset Management", "industryDisp": "Asset Management", "sector": "Financial Services", "longBusinessSummary": "ArrowMark Financial Corp. is a closed-end balanced mutual fund launched and managed by ArrowMark Asset Management, LLC. It invests in public equity and fixed income markets of global region. For its equity portion, the fund invests in stocks of companies operating across financials, banks sectors. It invests in growth and value stocks of companies across diversified market capitalization. For its fixed income portion, the fund invests in debt and subordinated debt, structured notes and securities, regulatory capital securities which are rated below investment grade. ArrowMark Financial Corp. was formed on February 7, 2013 and is domiciled in the United States.", "companyOfficers": [{"maxAge": 1, "name": "Mr. Sanjai Suryaji Bhonsle", "age": 52, "title": "CEO & Chairman", "yearBorn": 1970, "fiscalYear": 2022, "totalPay": 0, "exercisedValue": 0, "unexercisedValue": 0}, {"maxAge": 1, "name": "Mr. Dana  Staggs", "age": 49, "title": "Pres", "yearBorn": 1973, "exercisedValue": 0, "unexercisedValue": 0}, {"maxAge": 1, "name": "Mr. Patrick Joseph Farrell", "age": 62, "title": "Chief Financial Officer", "yearBorn": 1960, "exercisedValue": 0, "unexercisedValue": 0}, {"maxAge": 1, "name": "Ms. Julie  Muraco", "title": "Investor Relations", "exercisedValue": 0, "unexercisedValue": 0}, {"maxAge": 1, "name": "Ms. Rachel Nachas Schatten J.D.", "age": 51, "title": "Gen. Counsel", "yearBorn": 1971, "exercisedValue": 0, "unexercisedValue": 0}, {"maxAge": 1, "name": "Mr. Richard A. Grove", "age": 52, "title": "Chief Compliance Officer", "yearBorn": 1970, "exercisedValue": 0, "unexercisedValue": 0}, {"maxAge": 1, "name": "Mr. Blake  Rice", "age": 44, "title": "Sec.", "yearBorn": 1978, "exercisedValue": 0, "unexercisedValue": 0}, {"maxAge": 1, "name": "Ms. Kelsey  Auble", "age": 31, "title": "Controller", "yearBorn": 1991, "exercisedValue": 0, "unexercisedValue": 0}], "compensationAsOfEpochDate": "2022-12-30 19:00:00", "maxAge": 86400, "latitude": 40.76509591227634, "longitude": -73.97942266146626}