{"address1": "Calle Centenario N 156", "address2": "La Molina", "city": "Lima", "zip": "12", "country": "Peru", "website": "https://www.grupocredicorp.com", "industry": "Banks\u2014Regional", "industryDisp": "Banks\u2014Regional", "sector": "Financial Services", "longBusinessSummary": "Credicorp Ltd. provides various financial, insurance, and health services and products primarily in Peru and internationally. Its Universal Banking segment includes granting various credits and financial instruments to individuals and legal entities; and various deposits and checking accounts. The Insurance and Pensions segment includes the issuance of insurance policies to cover losses in commercial property, transport, marine vessels, automobiles, life, health, and pensions; management services for private pension funds. Its Microfinance segment provides management of loans, deposits, and checking accounts for small and microenterprises. The Investment Banking and Equity Management segment is involved in the provision of brokerage and investment management services for corporations, institutional investors, governments, and foundations; structuring and placement of issues in the primary market; implementation and negotiation of transactions in the secondary market; and structuring of securitization processes for corporate customers and manages mutual funds. The company was founded in 1889 and is headquartered in Lima, Peru.", "fullTimeEmployees": 37166, "companyOfficers": [{"maxAge": 1, "name": "Mr. Luis Enrique Romero Belismelis", "age": 61, "title": "Exec. Chairman", "yearBorn": 1961, "exercisedValue": 0, "unexercisedValue": 0}, {"maxAge": 1, "name": "Mr. Gianfranco Piero Dario  Ferrari de Las Casas", "age": 57, "title": "Chief Exec. Officer", "yearBorn": 1965, "exercisedValue": 0, "unexercisedValue": 0}, {"maxAge": 1, "name": "Mr. Cesar  Rios Briceno", "age": 55, "title": "CFO & Head of Fin.", "yearBorn": 1967, "exercisedValue": 0, "unexercisedValue": 0}, {"maxAge": 1, "name": "Mr. Alejandro  Perez-Reyes", "age": 46, "title": "Chief Operating Officer", "yearBorn": 1976, "exercisedValue": 0, "unexercisedValue": 0}, {"maxAge": 1, "name": "Mr. Jos\u00e9 Luis Mu\u00f1oz Rivera", "title": "Head of Accounting", "exercisedValue": 0, "unexercisedValue": 0}, {"maxAge": 1, "name": "Mr. Eduardo Montero Dasso", "age": 51, "title": "Head of Investment Banking & Wealth Management", "yearBorn": 1971, "exercisedValue": 0, "unexercisedValue": 0}, {"maxAge": 1, "name": "Ms. Milagros  Cig\u00fce\u00f1as", "title": "Head of Investor Relations", "exercisedValue": 0, "unexercisedValue": 0}, {"maxAge": 1, "name": "Ms. Barbara  Falero", "age": 50, "title": "Chief Compliance & Ethics Officer", "yearBorn": 1972, "exercisedValue": 0, "unexercisedValue": 0}, {"maxAge": 1, "name": "Mr. Guillermo  Morales", "age": 56, "title": "Head of Legal & Deputy Gen. Sec.", "yearBorn": 1966, "exercisedValue": 0, "unexercisedValue": 0}, {"maxAge": 1, "name": "Mr. Enzo  Tolentino", "title": "Head of the Area of Continuous Auditing & Corp. Devel.", "exercisedValue": 0, "unexercisedValue": 0}], "maxAge": 86400, "latitude": -12.068861195097538, "longitude": -76.93623976868004}