{"address1": "Avenida COrdoba 111", "address2": "31st floor", "city": "Buenos Aires", "zip": "C1054AAA", "country": "Argentina", "phone": "54 11 4346 4000", "website": "https://www.bbva.com.ar", "industry": "Banks\u2014Regional", "industryDisp": "Banks\u2014Regional", "sector": "Financial Services", "longBusinessSummary": "Banco BBVA Argentina S.A. provides various banking products and services to individuals and companies in Argentina. It provides retail banking products and services, such as checking and savings accounts, time deposits, credit cards, consumer and pledge loans, mortgages, insurance, and investment products to individuals; and small and medium-sized companies products and services, including financing products, factoring, checking accounts, time deposits, transactional and payroll services, insurance, and investment products to private-sector companies. The company also provides corporate and investment banking products and services, such as global transaction services; global markets solutions comprising risk management and securities brokerage; long-term financing products, including project finance and syndicated loans; and corporate finance services comprising mergers and acquisitions, and capital markets advisory services to corporations and multinational companies operating in Argentina. The company was formerly known as BBVA Banco Franc\u00e9s S.A. and changed its name to Banco BBVA Argentina S.A. in July 2019. Banco BBVA Argentina S.A. was incorporated in 1886 and is based in Buenos Aires, Argentina. Banco BBVA Argentina S.A. operates as a subsidiary of Banco Bilbao Vizcaya Argentaria, S.A.", "fullTimeEmployees": 5888, "companyOfficers": [{"maxAge": 1, "name": "Mr. Martin  Ezequiel Zarich", "age": 58, "title": "Chief Exec. Officer", "yearBorn": 1964, "exercisedValue": 0, "unexercisedValue": 0}, {"maxAge": 1, "name": "Ms. Maria  Veronica Incera", "title": "Chief Corp. & Investment Banking Officer", "exercisedValue": 0, "unexercisedValue": 0}, {"maxAge": 1, "name": "Ms. M\u00f3nica  Etcheverry", "title": "Head of Compliance", "exercisedValue": 0, "unexercisedValue": 0}, {"maxAge": 1, "name": "Mr. Eduardo  Gonzalez Correas", "age": 40, "title": "Chief Legal Officer and Head of Market & Industry Relations", "yearBorn": 1982, "exercisedValue": 0, "unexercisedValue": 0}, {"maxAge": 1, "name": "Mr. Gustavo  Osvaldo Fernandez", "age": 58, "title": "Chief Talent & Culture Officer", "yearBorn": 1964, "exercisedValue": 0, "unexercisedValue": 0}, {"maxAge": 1, "name": "Mr. Gerardo Mario  Fiandrino", "age": 57, "title": "Chief Risk Officer", "yearBorn": 1965, "exercisedValue": 0, "unexercisedValue": 0}, {"maxAge": 1, "name": "Mr. Leandro  Alvarez", "age": 52, "title": "Chief Engineering & Data Officer", "yearBorn": 1970, "exercisedValue": 0, "unexercisedValue": 0}, {"maxAge": 1, "name": "Mr. Juan Christian Kindt", "age": 53, "title": "Chief Bus. Devel. Officer", "yearBorn": 1969, "exercisedValue": 0, "unexercisedValue": 0}, {"maxAge": 1, "name": "Adolfo Rivera Guzm\u00e1n", "title": "Chief Internal Audit Officer", "exercisedValue": 0, "unexercisedValue": 0}, {"maxAge": 1, "name": "Rub\u00e9n  Lemme", "title": "Head of Integrity", "exercisedValue": 0, "unexercisedValue": 0}], "maxAge": 86400, "latitude": -34.598212695225364, "longitude": -58.36957961051964}