{"address1": "Cidade De Deus, S/N", "address2": "Vila Yara", "city": "Osasco", "state": "SP", "zip": "06029-900", "country": "Brazil", "phone": "55 80 0701 1616", "website": "https://banco.bradesco", "industry": "Banks\u2014Regional", "industryDisp": "Banks\u2014Regional", "sector": "Financial Services", "longBusinessSummary": "Banco Bradesco S.A., together with its subsidiaries, provides various banking products and services to individuals, corporates, and businesses in Brazil and internationally. The company operates through two segments, Banking and Insurance. It provides current, savings, click, and salary accounts; real estate credit, vehicle financing, payroll loans, mortgage loans, microcredit, leasing, and personal and installment credit; debit and business cards; financial and security services; consortium products; auto, personal accident, dental, travel, and life insurance; investment products; pension products; real estate and vehicle auctions; cash management, and foreign trade and exchange services; capitalization bonds; and internet banking services. Banco Bradesco S.A. was founded in 1943 and is headquartered in Osasco, Brazil.", "fullTimeEmployees": 73855, "companyOfficers": [{"maxAge": 1, "name": "Mr. Octavio  de Lazari Jr., Junior", "age": 59, "title": "CEO & Member of Exec. Board", "yearBorn": 1963, "exercisedValue": 0, "unexercisedValue": 0}, {"maxAge": 1, "name": "Mr. Oswaldo Tadeu Fernandes", "age": 52, "title": "Deputy Exec. Director, CFO & Member of Exec. Board", "yearBorn": 1970, "exercisedValue": 0, "unexercisedValue": 0}, {"maxAge": 1, "name": "Mr. Cassiano Ricardo Scarpelli", "age": 54, "title": "Exec. VP of Director & Member of Exec. Board", "yearBorn": 1968, "exercisedValue": 0, "unexercisedValue": 0}, {"maxAge": 1, "name": "Mr. Moacir  Nachbar Jr., Junior", "age": 57, "title": "Exec. VP of Director, Chief Risk Officer & Member of Exec. Board", "yearBorn": 1965, "exercisedValue": 0, "unexercisedValue": 0}, {"maxAge": 1, "name": "Mr. Marcelo  de Araujo Noronha", "age": 57, "title": "Exec. VP Director & Member of Exec. Board", "yearBorn": 1965, "exercisedValue": 0, "unexercisedValue": 0}, {"maxAge": 1, "name": "Mr. Antonio Jose da Barbara", "age": 54, "title": "Managing Exec. Director & Member of Exec. Board", "yearBorn": 1968, "exercisedValue": 0, "unexercisedValue": 0}, {"maxAge": 1, "name": "Mr. Andr\u00e9 Rodrigues Cano", "age": 64, "title": "Exec. VP Director, Chief Risk Officer & Member of Exec. Board", "yearBorn": 1958, "exercisedValue": 0, "unexercisedValue": 0}, {"maxAge": 1, "name": "Mr. Jose Ramos Rocha Neto", "age": 54, "title": "Exec. VP & Member of the Exec. Board", "yearBorn": 1968, "exercisedValue": 0, "unexercisedValue": 0}, {"maxAge": 1, "name": "Mr. Joao Carlos Gomes da Silva", "age": 61, "title": "Exec. Managing Officer & Member of Board of Exec. Officers", "yearBorn": 1961, "exercisedValue": 0, "unexercisedValue": 0}, {"maxAge": 1, "name": "Ms. Glaucimar  Peticov", "age": 59, "title": "Managing Exec. Officer & Member of the Exec. Board", "yearBorn": 1963, "exercisedValue": 0, "unexercisedValue": 0}], "auditRisk": 2, "boardRisk": 3, "compensationRisk": 3, "shareHolderRightsRisk": 5, "overallRisk": 2, "governanceEpochDate": "2023-04-30 20:00:00", "maxAge": 86400, "latitude": -23.549639999999954, "longitude": -46.77402999999998}