{"address1": "300 South Tryon Street", "address2": "Suite 2500", "city": "Charlotte", "state": "NC", "zip": "28202", "country": "United States", "phone": "704 805 7200", "website": "https://www.barings.com/en-us/guest/funds/business-development-companies/barings-bdc", "industry": "Credit Services", "industryDisp": "Credit Services", "sector": "Financial Services", "longBusinessSummary": "Barings BDC, Inc. is a publicly traded, externally managed investment company that has elected to be treated as a business development company under the Investment Company Act of 1940. It seeks to invest primarily in senior secured loans, first lien debt, unitranche, second lien debt, subordinated debt, equity co-investments and senior secured private debt investments in private middle-market companies that operate across a wide range of industries. It specializes in mezzanine, leveraged buyouts, management buyouts, ESOPs, change of control transactions, acquisition financings, growth financing, and recapitalizations in lower middle market, mature, and later stage companies. It invests in manufacturing and distribution; business services and technology; transportation and logistics; consumer product and services. It invests in United States. It invests in companies with EBITDA of $10 million to $75 million, typically in private equity sponsor backed.", "companyOfficers": [{"maxAge": 1, "name": "Mr. Eric J. Lloyd", "age": 52, "title": "Exec. Chairman & CEO", "yearBorn": 1970, "exercisedValue": 0, "unexercisedValue": 0}, {"maxAge": 1, "name": "Mr. Ian  Fowler", "age": 58, "title": "Pres", "yearBorn": 1964, "exercisedValue": 0, "unexercisedValue": 0}, {"maxAge": 1, "name": "Ms. Elizabeth A. Murray CPA", "age": 44, "title": "CFO, COO & Controller", "yearBorn": 1978, "exercisedValue": 0, "unexercisedValue": 0}, {"maxAge": 1, "name": "Jeffrey  Chillag", "title": "Head of Investor Relations & Director of Fin.", "exercisedValue": 0, "unexercisedValue": 0}, {"maxAge": 1, "name": "Ms. Ashlee  Steinnerd", "age": 40, "title": "Chief Legal Officer", "yearBorn": 1982, "exercisedValue": 0, "unexercisedValue": 0}, {"maxAge": 1, "name": "Mr. Gregory  MacCordy", "age": 62, "title": "Chief Compliance Officer", "yearBorn": 1960, "exercisedValue": 0, "unexercisedValue": 0}, {"maxAge": 1, "name": "James  Salmon", "title": "Head of European Real Estate Asset Management", "exercisedValue": 0, "unexercisedValue": 0}, {"maxAge": 1, "name": "Ms. Alexandra  Pacini", "age": 30, "title": "Sec.", "yearBorn": 1992, "exercisedValue": 0, "unexercisedValue": 0}, {"maxAge": 1, "name": "Albert  Perley", "title": "Treasurer", "exercisedValue": 0, "unexercisedValue": 0}, {"maxAge": 1, "name": "Nick  Roope", "title": "Associate Director", "exercisedValue": 0, "unexercisedValue": 0}], "maxAge": 86400, "latitude": 35.22593401615784, "longitude": -80.84615803363089}