{"address1": "250 Vesey Street", "address2": "15th Floor", "city": "New York", "state": "NY", "zip": "10281-0221", "country": "United States", "phone": "212 417 7000", "website": "https://www.brookfield.com", "industry": "Asset Management", "industryDisp": "Asset Management", "sector": "Financial Services", "longBusinessSummary": "Brookfield Business Corporation engages in the renewable power and transition, infrastructure, private equity, real estate, credit, and insurance solutions in the United States, Australia, Brazil, Europe, the United Kingdom, and internationally. It operates through three segments: Business Services, Infrastructure Services, and Industrials. The company operates 39 hospitals; offers construction services for landmark buildings and social infrastructure; provides nuclear technology services to the nuclear power generation industry; and offers cloud-based software as a service solutions to dealerships and original equipment manufacturers in automotive and related industries. It is also involved in the provision of sanitation service, which include collection, treatment, and distribution of water and wastewater to the residential and governmental customers. The company was incorporated in 2021 and is headquartered in New York, New York.", "companyOfficers": [{"maxAge": 1, "name": "Mr. Cyrus  Madon", "age": 56, "title": "Chief Exec. Officer", "yearBorn": 1966, "fiscalYear": 2022, "totalPay": 421309, "exercisedValue": 0, "unexercisedValue": 0}, {"maxAge": 1, "name": "Ms. Jaspreet  Dehl CPA, CPA", "age": 45, "title": "Chief Financial Officer", "yearBorn": 1977, "fiscalYear": 2022, "totalPay": 678150, "exercisedValue": 0, "unexercisedValue": 0}, {"maxAge": 1, "name": "Mr. Arin Jonathan Silber", "age": 42, "title": "MD & Gen. Counsel", "yearBorn": 1980, "fiscalYear": 2022, "totalPay": 326670, "exercisedValue": 0, "unexercisedValue": 0}, {"maxAge": 1, "name": "Mr. Denis Andre Turcotte M.B.A., MBA, P.Eng.", "age": 60, "title": "Managing Partner of Private Equity - Brookfield Asset Management Inc.", "yearBorn": 1962, "fiscalYear": 2022, "totalPay": 849451, "exercisedValue": 0, "unexercisedValue": 0}, {"maxAge": 1, "name": "Ms. Amanda  Marshall", "age": 37, "title": "Managing Director of Tax", "yearBorn": 1985, "fiscalYear": 2022, "totalPay": 353605, "exercisedValue": 0, "unexercisedValue": 0}, {"maxAge": 1, "name": "Mr. Alan Matthew Fleming", "title": "Managing Director of Investor Relations", "exercisedValue": 0, "unexercisedValue": 0}], "compensationAsOfEpochDate": "2022-12-30 19:00:00", "maxAge": 86400, "latitude": 40.714450818819216, "longitude": -74.01585032884769}