{"address1": "Plaza San NicolAs, 4", "city": "Bilbao", "zip": "48005", "country": "Spain", "website": "https://www.bbva.com", "industry": "Banks\u2014Diversified", "industryDisp": "Banks\u2014Diversified", "sector": "Financial Services", "longBusinessSummary": "Banco Bilbao Vizcaya Argentaria, S.A., together with its subsidiaries, provides retail banking, wholesale banking, and asset management services. It offers current accounts; and demand, savings, overnight, time, term, and subordinated deposits. The company also provides loan products; deals in securities; leasing, factoring, brokerage, and asset management services; and manages pension and investment funds. In addition, it offers credit cards; corporate and investment banking services; insurance products and services; and real estate services. The company provides its products through online and mobile channels. It operates in Spain, Mexico, South America, the United States, Turkey, Asia, and rest of Europe. Banco Bilbao Vizcaya Argentaria, S.A. was founded in 1857 and is headquartered in Bilbao, Spain.", "fullTimeEmployees": 116923, "companyOfficers": [{"maxAge": 1, "name": "Mr. Carlos  Torres Vila", "age": 56, "title": "Group Exec. Chairman", "yearBorn": 1966, "fiscalYear": 2021, "totalPay": 4450405, "exercisedValue": 0, "unexercisedValue": 0}, {"maxAge": 1, "name": "Mr. Onur  Genc", "age": 48, "title": "CEO & Exec. Director", "yearBorn": 1974, "fiscalYear": 2021, "totalPay": 3236066, "exercisedValue": 0, "unexercisedValue": 0}, {"maxAge": 1, "name": "Mr. Rafael Salinas  Martinez de Lecea", "age": 59, "title": "CFO & Global Head of Fin.", "yearBorn": 1963, "exercisedValue": 0, "unexercisedValue": 0}, {"maxAge": 1, "name": "Ms. Maria Luisa  Gomez Bravo", "title": "Global Head of Corp. & Investment Banking", "exercisedValue": 0, "unexercisedValue": 0}, {"maxAge": 1, "name": "Ms. Gloria  Couceiro Justo", "title": "Global Head of Shareholder & IR", "exercisedValue": 0, "unexercisedValue": 0}, {"maxAge": 1, "name": "Ms. Maria Jesus Arribas  de Paz", "title": "Global Head of Legal", "exercisedValue": 0, "unexercisedValue": 0}, {"maxAge": 1, "name": "Mr. Paul G. Tobin", "age": 49, "title": "Global Head of Communications", "yearBorn": 1973, "exercisedValue": 0, "unexercisedValue": 0}, {"maxAge": 1, "name": "Mr. Jaime Saenz de Tejada Pulido", "age": 54, "title": "Head of Global Risk Management", "yearBorn": 1968, "exercisedValue": 0, "unexercisedValue": 0}, {"maxAge": 1, "name": "Mr. David  Puente Vicente", "title": "Global Head of Client Solutions", "exercisedValue": 0, "unexercisedValue": 0}, {"maxAge": 1, "name": "Mr. Francisco Javier Rodr\u00edguez Soler", "age": 53, "title": "Global Head of Sustainability", "yearBorn": 1969, "exercisedValue": 0, "unexercisedValue": 0}], "auditRisk": 3, "boardRisk": 2, "compensationRisk": 2, "shareHolderRightsRisk": 1, "overallRisk": 1, "governanceEpochDate": "2023-04-30 20:00:00", "compensationAsOfEpochDate": "2021-12-30 19:00:00", "maxAge": 86400, "latitude": 43.26035998913477, "longitude": -2.9222000031369646}