{"address1": "104-110 Avenue C", "city": "Bayonne", "state": "NJ", "zip": "07002", "country": "United States", "phone": "800 680 6872", "website": "https://www.bcb.bank", "industry": "Banks\u2014Regional", "industryDisp": "Banks\u2014Regional", "sector": "Financial Services", "longBusinessSummary": "BCB Bancorp, Inc. operates as a bank holding company for BCB Community Bank that provides banking products and services to businesses and individuals in the United States. The company offers insured deposit products, including savings and club accounts; interest and non-interest-bearing demand accounts; and money market accounts, certificates of deposit, and individual retirement accounts. It also provides various loan products, such as commercial and multi-family real estate loans, one-to-four family mortgage loans, commercial business loans, construction loans, home equity loans, and consumer loans. In addition, the company offers retail and commercial banking services comprising wire transfer, money order, safe deposit box, night depository, debit card, online and mobile banking, fraud detection, and automated teller services. The company was founded in 2000 and is headquartered in Bayonne, New Jersey.", "fullTimeEmployees": 298, "companyOfficers": [{"maxAge": 1, "name": "Mr. Thomas M. Coughlin", "age": 62, "title": "Pres, CEO & Director", "yearBorn": 1960, "fiscalYear": 2022, "totalPay": 933146, "exercisedValue": 0, "unexercisedValue": 1002471}, {"maxAge": 1, "name": "Mr. Ryan  Blake M.B.A.", "age": 31, "title": "Sr. VP, COO, Corp. Sec. & Director", "yearBorn": 1991, "fiscalYear": 2022, "totalPay": 560026, "exercisedValue": 0, "unexercisedValue": 1767}, {"maxAge": 1, "name": "Mr. Kenneth G. Emerson", "age": 60, "title": "Sr. VP and Chief Strategy & Risk Officer", "yearBorn": 1962, "fiscalYear": 2022, "totalPay": 394637, "exercisedValue": 0, "unexercisedValue": 0}, {"maxAge": 1, "name": "Mr. Jawad  Chaudhry C.F.A.", "age": 40, "title": "Sr. VP & CFO", "yearBorn": 1982, "exercisedValue": 0, "unexercisedValue": 0}, {"maxAge": 1, "name": "Ms. Karen M. Duran CPA", "age": 53, "title": "VP & Chief Accounting Officer", "yearBorn": 1969, "exercisedValue": 0, "unexercisedValue": 0}, {"maxAge": 1, "name": "Ms. Sandra L. Sievewright", "age": 58, "title": "Chief Compliance Officer", "yearBorn": 1964, "fiscalYear": 2018, "exercisedValue": 0, "unexercisedValue": 0}, {"maxAge": 1, "name": "Mr. David Roque Garcia", "age": 58, "title": "Exec. VP of BCB Capital Group", "yearBorn": 1964, "exercisedValue": 0, "unexercisedValue": 0}, {"maxAge": 1, "name": "Mr. Wing  Siu", "age": 63, "title": "Sr. VP and Chief IT & Information Security Officer", "yearBorn": 1959, "exercisedValue": 0, "unexercisedValue": 0}, {"maxAge": 1, "name": "Mr. Mark J. Noto", "age": 49, "title": "Chief Lending Officer", "yearBorn": 1973, "exercisedValue": 0, "unexercisedValue": 0}], "auditRisk": 4, "boardRisk": 8, "compensationRisk": 9, "shareHolderRightsRisk": 3, "overallRisk": 7, "governanceEpochDate": "2023-04-30 20:00:00", "compensationAsOfEpochDate": "2022-12-30 19:00:00", "maxAge": 86400, "latitude": 40.649772871561254, "longitude": -74.13026453555298}