{"address1": "Paseo Ahumada 251", "city": "Santiago", "country": "Chile", "phone": "56 22 637 1111", "website": "https://portales.bancochile.cl", "industry": "Banks\u2014Regional", "industryDisp": "Banks\u2014Regional", "sector": "Financial Services", "longBusinessSummary": "Banco de Chile, together with its subsidiaries, provides various banking and financial products and services to customers in Chile. It operates through Retail Banking, Wholesale Banking, and Treasury and Money Market segments. The company offers deposit products, such as checking accounts, current accounts, demand deposits and accounts, saving accounts, and time deposits; commercial, mortgage, consumer, working capital, syndicated, and installment loans; and credit cards. It also provides leasing, factoring, and foreign trade services; international and treasury banking services; and financial advisory services. In addition, the company offers liquidity management services, debt instruments, and derivative contracts and leases, as well as financial transaction and currency trading services; and securities brokerage, mutual funds management, wholesale customer, investment banking and management, and insurance brokerage services. The company serves individuals, small and medium-sized companies, corporate clients, and large companies. Banco de Chile was founded in 1893 and is headquartered in Santiago, Chile.", "fullTimeEmployees": 12571, "companyOfficers": [{"maxAge": 1, "name": "Mr. Hernan  Buchi Buc", "age": 73, "title": "Director", "yearBorn": 1949, "exercisedValue": 0, "unexercisedValue": 0}, {"maxAge": 1, "name": "Mr. Eduardo Ebensperger Orrego", "age": 57, "title": "Chief Exec. Officer", "yearBorn": 1965, "exercisedValue": 0, "unexercisedValue": 0}, {"maxAge": 1, "name": "Mr. Rolando Arias Sanchez", "age": 57, "title": "Chief Financial Officer", "yearBorn": 1965, "exercisedValue": 0, "unexercisedValue": 0}, {"maxAge": 1, "name": "Mr. Esteban  Kemp De La Hoz", "age": 41, "title": "Mang. of Operations & Technology Division", "yearBorn": 1981, "exercisedValue": 0, "unexercisedValue": 0}, {"maxAge": 1, "name": "Mr. Hector  Hernandez Gonzalez", "title": "Gen. Mang. of Accounting", "exercisedValue": 0, "unexercisedValue": 0}, {"maxAge": 1, "name": "Mr. Pablo  Mejia Ricci", "title": "Head of Investor Relations", "exercisedValue": 0, "unexercisedValue": 0}, {"maxAge": 1, "name": "Mr. Felipe  Echaiz Bornemann", "age": 55, "title": "Mang. of Global Compliance Division", "yearBorn": 1967, "exercisedValue": 0, "unexercisedValue": 0}, {"maxAge": 1, "name": "Mr. Alfredo Villegas Montes", "age": 50, "title": "Gen. Counsel & Sec. of the Board of Directors", "yearBorn": 1972, "exercisedValue": 0, "unexercisedValue": 0}, {"maxAge": 1, "name": "Mr. Claudia Marcela Herrera Garc\u00eda", "age": 50, "title": "Mang. of Marketing & Digital Banking Division", "yearBorn": 1972, "exercisedValue": 0, "unexercisedValue": 0}, {"maxAge": 1, "name": "Mr. Cristian  Lagos Contardo", "age": 56, "title": "Mang. of People & Organisation Division", "yearBorn": 1966, "exercisedValue": 0, "unexercisedValue": 0}], "maxAge": 86400, "latitude": -33.75642716795196, "longitude": -70.89752418531943}