{"address1": "500 Ygnacio Valley Road", "address2": "Suite 200", "city": "Walnut Creek", "state": "CA", "zip": "94596", "country": "United States", "phone": "925 476 1800", "website": "https://www.unitedbusinessbank.com", "industry": "Banks\u2014Regional", "industryDisp": "Banks\u2014Regional", "sector": "Financial Services", "longBusinessSummary": "BayCom Corp operates as the bank holding company for United Business Bank that provides various financial services to small and mid-sized businesses, service professionals, and individuals. The company provides demand, savings, money market, and time deposit accounts. It also offers commercial and multifamily real estate loans, including owner-occupied and investor real estate loans; commercial and industrial loans, such as equipment loans and working capital lines of credit; small business administration loans; construction and land loans; agriculture-related loans; and consumer loans comprising installment loans, unsecured and secured personal lines of credit, and overdraft protection. In addition, the company provides online and mobile banking, automated teller machine, remote deposit capture, night depository, courier, direct deposit, treasury management, wire transfer, automated clearing house, debit cards, cashier's and travelers checks, letters of credit, lockbox, positive pay, reverse positive pay, and account reconciliation services, as well as zero balance accounts and sweep accounts, including loan sweep. It operates through a network of full-service banking branches in Northern and Southern California; Denver, Colorado; Custer, Delta, and Grand counties, Colorado; and Seattle, Washington and Central New Mexico. The company was formerly known as Bay Commercial Bank and changed its name to BayCom Corp in January 2017. BayCom Corp was incorporated in 2004 and is headquartered in Walnut Creek, California.", "fullTimeEmployees": 366, "companyOfficers": [{"maxAge": 1, "name": "Mr. George J. Guarini", "age": 68, "title": "Pres, CEO & Founding Director", "yearBorn": 1954, "fiscalYear": 2022, "totalPay": 1301204, "exercisedValue": 0, "unexercisedValue": 0}, {"maxAge": 1, "name": "Ms. Keary L. Colwell", "age": 62, "title": "Sr. EVP, CFO, Sec., Treasurer & Director", "yearBorn": 1960, "fiscalYear": 2022, "totalPay": 670008, "exercisedValue": 0, "unexercisedValue": 0}, {"maxAge": 1, "name": "Ms. Janet L. King", "age": 59, "title": "Sr. EVP, COO & Director", "yearBorn": 1963, "fiscalYear": 2022, "totalPay": 669480, "exercisedValue": 0, "unexercisedValue": 0}, {"maxAge": 1, "name": "Ms. Mary Therese Curley", "age": 63, "title": "Exec. VP, Director of Labor Service Division & Chief Credit Officer - United Bus. Bank", "yearBorn": 1959, "exercisedValue": 0, "unexercisedValue": 0}, {"maxAge": 1, "name": "Mr. Young  Yun", "age": 53, "title": "Exec. VP & Chief Marketing Officer of United Bus. Bank", "yearBorn": 1969, "exercisedValue": 0, "unexercisedValue": 0}, {"maxAge": 1, "name": "Ms. Izabella L. Zhu", "age": 36, "title": "Exec. VP & Chief Risk Officer of United Bus. Bank", "yearBorn": 1986, "exercisedValue": 0, "unexercisedValue": 0}, {"maxAge": 1, "name": "Mr. Rick  Pak", "age": 51, "title": "Exec. VP & Chief Lending Officer of United Bus. Bank", "yearBorn": 1971, "exercisedValue": 0, "unexercisedValue": 0}], "auditRisk": 7, "boardRisk": 4, "compensationRisk": 10, "shareHolderRightsRisk": 1, "overallRisk": 6, "governanceEpochDate": "2023-04-30 20:00:00", "compensationAsOfEpochDate": "2022-12-30 19:00:00", "maxAge": 86400, "latitude": 37.90696801520278, "longitude": -122.06373397357004}