{"address1": "7001 West Edgerton Avenue", "city": "Greenfield", "state": "WI", "zip": "53220", "country": "United States", "phone": "(414) 421-8200", "website": "https://www.1895bancorpofwisconsin.com", "industry": "Banks\u2014Regional", "industryDisp": "Banks\u2014Regional", "sector": "Financial Services", "longBusinessSummary": "1895 Bancorp of Wisconsin, Inc. operates as a holding company for PyraMax Bank, FSB that provides a range of financial services to commercial and retail customers. The company offers checking, savings, and certificate of deposits accounts. Its loan products include one- to four-family residential real estate, residential real estate construction, commercial real estate, and land development loans; commercial loans and lines of credit secured by non-real estate business assets; and consumer loans, such as home equity lines of credit, new and used automobile loans, boat loans, recreational vehicle loans, and loans secured by certificates of deposit. It also provides insurance and risk products for personal and business needs. 1895 Bancorp of Wisconsin, Inc. was founded in 1892 and is headquartered in Greenfield, Wisconsin.", "fullTimeEmployees": 98, "companyOfficers": [{"maxAge": 1, "name": "Mr. David R. Ball", "age": 53, "title": "Pres, CEO & Director", "yearBorn": 1969, "fiscalYear": 2022, "totalPay": 437312, "exercisedValue": 0, "unexercisedValue": 16717}, {"maxAge": 1, "name": "Mr. Steven Thomas Klitzing", "age": 59, "title": "Exec. VP, CFO & Treasurer", "yearBorn": 1963, "fiscalYear": 2022, "totalPay": 279709, "exercisedValue": 0, "unexercisedValue": 0}, {"maxAge": 1, "name": "Ms. Monica  Baker", "age": 53, "title": "Corp. Sec., Exec. VP, COO, Chief Brand Officer & Director", "yearBorn": 1969, "fiscalYear": 2022, "totalPay": 311826, "exercisedValue": 0, "unexercisedValue": 35100}, {"maxAge": 1, "name": "Mr. Richard B. Hurd", "age": 70, "title": "Exec. VP, Strategic Planning Officer & Director", "yearBorn": 1952, "fiscalYear": 2022, "totalPay": 165872, "exercisedValue": 0, "unexercisedValue": 62749}, {"maxAge": 1, "name": "Mr. Daniel K. Kempel", "age": 41, "title": "Sr. VP & Chief Credit Officer", "yearBorn": 1981, "exercisedValue": 0, "unexercisedValue": 0}, {"maxAge": 1, "name": "Mr. Eric T. Hurd", "title": "Sr. VP & Chief Lending Officer", "exercisedValue": 0, "unexercisedValue": 0}], "compensationAsOfEpochDate": "2022-12-30 19:00:00", "maxAge": 86400, "latitude": 42.951721005584915, "longitude": -88.00089702382725}