{"address1": "1 Churchill Place", "city": "London", "zip": "E14 5HP", "country": "United Kingdom", "phone": "44 20 7116 1000", "website": "https://home.barclays", "industry": "Banks\u2014Diversified", "industryDisp": "Banks\u2014Diversified", "sector": "Financial Services", "longBusinessSummary": "Barclays PLC provides various financial services in the United Kingdom, Europe, the Americas, Africa, the Middle East, and Asia. The company operates through two segments, Barclays UK and Barclays International divisions. It offers financial services, such as retail banking, credit cards, wholesale banking, investment banking, wealth management, and investment management services. The company also engages in securities dealing activities. The company was formerly known as Barclays Bank Limited and changed its name to Barclays PLC in January 1985. Barclays PLC was founded in 1690 and is headquartered in London, the United Kingdom.", "fullTimeEmployees": 87400, "companyOfficers": [{"maxAge": 1, "name": "Mr. Coimbatore Sundararajan Venkatakrishnan", "age": 56, "title": "Group CEO & Exec. Director", "yearBorn": 1966, "fiscalYear": 2022, "totalPay": 6508722, "exercisedValue": 0, "unexercisedValue": 0}, {"maxAge": 1, "name": "Ms. Angela Anna Cross", "age": 52, "title": "Group Fin. Director & Exec. Director", "yearBorn": 1970, "fiscalYear": 2022, "totalPay": 3246997, "exercisedValue": 0, "unexercisedValue": 0}, {"maxAge": 1, "name": "Mr. Alistair  Currie", "title": "Group COO & Chief Exec. of Barclays Execution Services (BX)", "exercisedValue": 0, "unexercisedValue": 0}, {"maxAge": 1, "name": "Ms. Susannah Hall Parden", "title": "Group Chief Accounting Officer", "exercisedValue": 0, "unexercisedValue": 0}, {"maxAge": 1, "name": "Mr. Reid  Marsh", "title": "Global Chairman of Investment Banking & Acting Head of European Banking", "exercisedValue": 0, "unexercisedValue": 0}, {"maxAge": 1, "name": "Marco  Valla", "title": "Global Head of Technology, Media & Telecoms and Consumer & Retail Investment Banking", "exercisedValue": 0, "unexercisedValue": 0}, {"maxAge": 1, "name": "Dr. Adam  Kelleher", "title": "Chief Data Scientist for Research", "exercisedValue": 0, "unexercisedValue": 0}, {"maxAge": 1, "name": "Mr. Craig  Bright", "age": 56, "title": "Chief Information Officer", "yearBorn": 1966, "exercisedValue": 0, "unexercisedValue": 0}, {"maxAge": 1, "name": "Ms. Kathryn  McLeland", "age": 51, "title": "Head of Investor Relations & Group Treasurer", "yearBorn": 1971, "exercisedValue": 0, "unexercisedValue": 0}, {"maxAge": 1, "name": "Mr. Stephen Victor Shapiro", "title": "Group Gen. Counsel", "exercisedValue": 0, "unexercisedValue": 0}], "auditRisk": 10, "boardRisk": 1, "compensationRisk": 3, "shareHolderRightsRisk": 1, "overallRisk": 3, "governanceEpochDate": "2023-04-30 20:00:00", "compensationAsOfEpochDate": "2022-12-30 19:00:00", "maxAge": 86400, "latitude": 51.5052000207385, "longitude": -0.014370018622997804}