{"address1": "Boundary Hall Cricket Square", "address2": "PO Box 1093", "city": "Grand Cayman", "zip": "KY1-1102", "country": "Cayman Islands", "phone": "345-814-5726", "website": "https://www.blockchaincac1.com", "industry": "Shell Companies", "industryDisp": "Shell Companies", "sector": "Financial Services", "longBusinessSummary": "Blockchain Coinvestors Acquisition Corp. I does not have significant operations. It intends to effect a merger, share exchange, asset acquisition, share purchase, reorganization, or similar business combination with one or more businesses in the financial services, technology, and other sectors of the economy that are being enabled by emerging applications of blockchain. The company was incorporated in 2021 and is based in Grand Cayman, the Cayman Islands.", "companyOfficers": [{"maxAge": 1, "name": "Mr. Matthew C. Le Merle", "age": 60, "title": "MD & Chairman", "yearBorn": 1962, "exercisedValue": 0, "unexercisedValue": 0}, {"maxAge": 1, "name": "Mr. Lou  Kerner", "age": 60, "title": "MD, CEO & Director", "yearBorn": 1962, "exercisedValue": 0, "unexercisedValue": 0}, {"maxAge": 1, "name": "Mr. Mitchell  Mechigian", "age": 27, "title": "Chief Financial Officer", "yearBorn": 1995, "exercisedValue": 0, "unexercisedValue": 0}, {"maxAge": 1, "name": "Ms. Alison  Davis", "age": 61, "title": "Managing Director", "yearBorn": 1961, "exercisedValue": 0, "unexercisedValue": 0}], "maxAge": 86400, "latitude": 19.29281590900007, "longitude": -81.36769499999997}