{"address1": "200 Clarendon Street", "city": "Boston", "state": "MA", "zip": "02116", "country": "United States", "phone": "(617) 516-2318", "fax": "(617) 516-2289", "website": "https://www.baincapitalbdc.com", "industry": "Asset Management", "industryDisp": "Asset Management", "sector": "Financial Services", "longBusinessSummary": "Bain Capital Specialty Finance, Inc. is business development company specializing in direct loans to middle-market companies. The fund seeks to invest in senior investments with a first or second lien on collateral, senior first lien, stretch senior, senior second lien, unitranche, mezzanine debt, junior securities, other junior investments, and secondary purchases of assets or portfolios that primarily consist of middle-market corporate debt. It typically invests in companies with EBITDA between $10 million and $150 million.", "companyOfficers": [{"maxAge": 1, "name": "Mr. Michael Alexander Ewald", "age": 50, "title": "CEO & Director", "yearBorn": 1972, "exercisedValue": 0, "unexercisedValue": 0}, {"maxAge": 1, "name": "Mr. Michael John Boyle", "age": 37, "title": "Pres", "yearBorn": 1985, "exercisedValue": 0, "unexercisedValue": 0}, {"maxAge": 1, "name": "Ms. Sally Dee Fassler Dornaus CPA, CPA", "age": 48, "title": "Chief Financial Officer", "yearBorn": 1974, "exercisedValue": 0, "unexercisedValue": 0}, {"maxAge": 1, "name": "Mr. Derek  Kirby", "title": "Investor Contact", "exercisedValue": 0, "unexercisedValue": 0}, {"maxAge": 1, "name": "Mr. James  Goldman", "age": 46, "title": "Chief Compliance Officer", "yearBorn": 1976, "exercisedValue": 0, "unexercisedValue": 0}, {"maxAge": 1, "name": "Ms. Jessica  Yeager", "title": "Sec.", "exercisedValue": 0, "unexercisedValue": 0}, {"maxAge": 1, "name": "Ms. Katherine  Schneider", "title": "Investor Relations Officer", "exercisedValue": 0, "unexercisedValue": 0}], "maxAge": 86400, "latitude": 42.34922733267268, "longitude": -71.07513118119684}