{"address1": "One Franklin Parkway", "city": "San Mateo", "state": "CA", "zip": "94403", "country": "United States", "phone": "650-312-2000", "website": "https://www.franklinresources.com", "industry": "Asset Management", "industryDisp": "Asset Management", "sector": "Financial Services", "longBusinessSummary": "Franklin Resources, Inc. is a publicly owned asset management holding company. Through its subsidiaries, the firm provides its services to individuals, institutions, pension plans, trusts, and partnerships. It launches equity, fixed income, balanced, and multi-asset mutual funds through its subsidiaries. The firm invests in the public equity, fixed income, and alternative markets. Franklin Resources, Inc. was founded in 1947 and is based in San Mateo, California with an additional office in Calgary, Canada; Dubai, United Arab Emirates; Edinburgh, United Kingdom; Fort Lauderdale, United States; Hyderabad, India; London, United Kingdom; Rancho Cordova, United states; Shanghai, China; Singapore; Stamford, United States; and Vienna, Austria.", "fullTimeEmployees": 9200, "companyOfficers": [{"maxAge": 1, "name": "Mr. Gregory Eugene Johnson CPA, CPA", "age": 61, "title": "Exec. Chairman", "yearBorn": 1961, "fiscalYear": 2022, "totalPay": 1971482, "exercisedValue": 0, "unexercisedValue": 0}, {"maxAge": 1, "name": "Ms. Jennifer M. Johnson", "age": 58, "title": "Pres, CEO & Director", "yearBorn": 1964, "fiscalYear": 2022, "totalPay": 4576140, "exercisedValue": 0, "unexercisedValue": 0}, {"maxAge": 1, "name": "Mr. Rupert Harris Johnson Jr.", "age": 82, "title": "Vice Chairman", "yearBorn": 1940, "fiscalYear": 2022, "totalPay": 0, "exercisedValue": 0, "unexercisedValue": 0}, {"maxAge": 1, "name": "Mr. Matthew  Nicholls", "age": 49, "title": "Exec. VP, CFO & COO", "yearBorn": 1973, "fiscalYear": 2022, "totalPay": 3794231, "exercisedValue": 0, "unexercisedValue": 0}, {"maxAge": 1, "name": "Mr. Adam Benjamin Spector", "age": 54, "title": "Exec. VP & Head of Global Distribution", "yearBorn": 1968, "fiscalYear": 2022, "totalPay": 5547423, "exercisedValue": 0, "unexercisedValue": 0}, {"maxAge": 1, "name": "Mr. Avinash Deepak Satwalekar CFA", "title": "Pres of India", "exercisedValue": 0, "unexercisedValue": 0}, {"maxAge": 1, "name": "Ms. Gwen Louise Shaneyfelt", "age": 59, "title": "Chief Accounting Officer", "yearBorn": 1963, "exercisedValue": 0, "unexercisedValue": 0}, {"maxAge": 1, "name": "Ms. Selene  Oh", "title": "Head of Investor Relations", "exercisedValue": 0, "unexercisedValue": 0}, {"maxAge": 1, "name": "Mr. Thomas Clifton Merchant", "age": 53, "title": "Exec. VP, Gen. Counsel & Sec.", "yearBorn": 1969, "exercisedValue": 0, "unexercisedValue": 0}, {"maxAge": 1, "name": "Ms. Lisa  Gallegos", "title": "Sr. VP of Corp. Communications", "exercisedValue": 0, "unexercisedValue": 0}], "auditRisk": 7, "boardRisk": 5, "compensationRisk": 8, "shareHolderRightsRisk": 3, "overallRisk": 6, "governanceEpochDate": "2023-04-30 20:00:00", "compensationAsOfEpochDate": "2022-12-30 19:00:00", "maxAge": 86400, "latitude": 37.54327791426384, "longitude": -122.2919796579156}