{"address1": "777 Brickell Avenue", "address2": "No. 500-97545", "city": "Miami", "state": "FL", "zip": "33131", "country": "United States", "phone": "61 460 545 788", "website": "https://www.futureacquisition.com", "industry": "Shell Companies", "industryDisp": "Shell Companies", "sector": "Financial Services", "longBusinessSummary": "Battery Future Acquisition Corp. does not have significant operations. It intends to effect a merger, capital share exchange, asset acquisition, stock purchase, reorganization, or similar business combination with one or more businesses. The company intends to search on industries spearheading the shift from fossil fuels to electrification, including companies in the battery value chain. Battery Future Acquisition Corp. was incorporated in 2021 and is based in Miami, Florida.", "companyOfficers": [{"maxAge": 1, "name": "Mr. Gregory Pentland Martyr BEc, LLB", "age": 58, "title": "CEO & Director", "yearBorn": 1964, "exercisedValue": 0, "unexercisedValue": 0}, {"maxAge": 1, "name": "Mr. Kristopher Laurens Salinger", "age": 39, "title": "CFO & Director", "yearBorn": 1983, "exercisedValue": 0, "unexercisedValue": 0}, {"maxAge": 1, "name": "Mr. Joshua David Payne", "age": 28, "title": "Chief Operating Officer", "yearBorn": 1994, "exercisedValue": 0, "unexercisedValue": 0}, {"maxAge": 1, "name": "Mr. Nicholas Charles O'Loughlin", "age": 32, "title": "Chief Devel. Officer", "yearBorn": 1990, "exercisedValue": 0, "unexercisedValue": 0}], "maxAge": 86400, "latitude": 25.76619399048677, "longitude": -80.18894599759436}