{"address1": "402 North 8th Street", "city": "Manitowoc", "state": "WI", "zip": "54220", "country": "United States", "phone": "920 652 3100", "website": "https://www.bankfirst.com", "industry": "Banks\u2014Regional", "industryDisp": "Banks\u2014Regional", "sector": "Financial Services", "longBusinessSummary": "Bank First Corporation operates as a holding company for Bank First N.A. that provides consumer and commercial financial services to businesses, professionals, consumers, associations, individuals, and governmental authorities in Wisconsin. The company offers checking, savings, money market, cash management, retirement, and health savings accounts; other time deposits; certificates of deposit; and residential mortgage products. It also provides credit cards; ATM processing; insurance; data processing and other information technology; investment and safekeeping; treasury management; and online, telephone, and mobile banking services. The company's loan products include real estate loans, including commercial real estate, residential mortgage, and home equity loans; commercial and industrial loans for working capital, accounts receivable, inventory financing, and other business purposes; construction and development loans; residential 1-4 family loans; and consumer loans for personal and household purposes, including secured and unsecured installment loans, and revolving lines of credit. The company was formerly known as Bank First National Corporation and changed its name to Bank First Corporation in June 2019. Bank First Corporation was founded in 1894 and is headquartered in Manitowoc, Wisconsin.", "fullTimeEmployees": 389, "companyOfficers": [{"maxAge": 1, "name": "Mr. Michael B. Molepske", "age": 61, "title": "CEO & Chairman", "yearBorn": 1961, "fiscalYear": 2022, "totalPay": 990914, "exercisedValue": 0, "unexercisedValue": 0}, {"maxAge": 1, "name": "Mr. Timothy J. McFarlane", "age": 55, "title": "Pres & Director", "yearBorn": 1967, "fiscalYear": 2022, "totalPay": 0, "exercisedValue": 0, "unexercisedValue": 0}, {"maxAge": 1, "name": "Mr. Kevin M. LeMahieu", "age": 50, "title": "Chief Financial Officer", "yearBorn": 1972, "fiscalYear": 2022, "totalPay": 474046, "exercisedValue": 0, "unexercisedValue": 0}, {"maxAge": 1, "name": "Ms. Joan A. Woldt", "age": 54, "title": "Exec. VP & COO", "yearBorn": 1968, "fiscalYear": 2022, "totalPay": 500772, "exercisedValue": 0, "unexercisedValue": 0}, {"maxAge": 1, "name": "Mr. Jason V. Krepline", "age": 46, "title": "Chief Lending Officer", "yearBorn": 1976, "fiscalYear": 2022, "totalPay": 437555, "exercisedValue": 0, "unexercisedValue": 0}, {"maxAge": 1, "name": "Ms. Kelly M. Dvorak J.D.", "title": "Gen. Counsel & Company Sec.", "exercisedValue": 0, "unexercisedValue": 0}, {"maxAge": 1, "name": "Ms. Debbie  Weyker", "title": "VP of Marketing", "exercisedValue": 0, "unexercisedValue": 0}, {"maxAge": 1, "name": "Mr. Glenn  Curran", "title": "Sr. VP & Market Mang. for Oshkosh", "exercisedValue": 0, "unexercisedValue": 0}, {"maxAge": 1, "name": "Mr. Dennis  Tienor", "title": "Sr. VP of Bus. Banking for the Central Region", "exercisedValue": 0, "unexercisedValue": 0}, {"maxAge": 1, "name": "Ms. Meghann  Kasper", "title": "Chief Credit Officer", "exercisedValue": 0, "unexercisedValue": 0}], "auditRisk": 6, "boardRisk": 9, "compensationRisk": 4, "shareHolderRightsRisk": 6, "overallRisk": 7, "governanceEpochDate": "2023-04-30 20:00:00", "compensationAsOfEpochDate": "2022-12-30 19:00:00", "maxAge": 86400, "latitude": 44.09588498719776, "longitude": -87.6581340132552}