{"address1": "3095 Loyalty Circle", "city": "Columbus", "state": "OH", "zip": "43219", "country": "United States", "phone": "614 729 4000", "website": "https://www.breadfinancial.com", "industry": "Credit Services", "industryDisp": "Credit Services", "sector": "Financial Services", "longBusinessSummary": "Bread Financial Holdings, Inc. provides tech-forward payment and lending solutions to customers and consumer-based industries in North America. It offers credit card and other loans financing services, including risk management solutions, account origination, and funding services for private label and co-brand credit card programs, as well as through Bread partnerships; and Comenity-branded general purpose cash-back credit. The company also manages and services the loans it originates for private label, co-brand, and general-purpose credit card programs, and installment loans and split-pay products; and provides marketing, and data and analytics services. In addition, it offers an enhanced digital suite that includes a unified software development kit, which provides access to its suite of products, as well as promotes credit payment options earlier in the shopping experience. Further, the company through Bread, a digital payments platform and robust suite of application programming interfaces allows merchants and partners to integrate online point-of-sale financing and other digital payment products. It offers its products under the Bread CashbackTM, Bread PayTM, and Bread SavingsTM brands. The company was formerly known as Alliance Data Systems Corporation and changed its name to Bread Financial Holdings, Inc. in March 2022. Bread Financial Holdings, Inc. was incorporated in 1995 and is headquartered in Columbus, Ohio.", "fullTimeEmployees": 7500, "companyOfficers": [{"maxAge": 1, "name": "Mr. Ralph J. Andretta", "age": 63, "title": "Pres, CEO & Director", "yearBorn": 1959, "fiscalYear": 2022, "totalPay": 3853984, "exercisedValue": 0, "unexercisedValue": 0}, {"maxAge": 1, "name": "Mr. Perry S. Beberman", "age": 55, "title": "Exec. VP & CFO", "yearBorn": 1967, "fiscalYear": 2022, "totalPay": 1853610, "exercisedValue": 0, "unexercisedValue": 0}, {"maxAge": 1, "name": "Ms. Tammy Michelle McConnaughey", "age": 47, "title": "Exec. VP of Operations & Credit Risk", "yearBorn": 1975, "fiscalYear": 2022, "totalPay": 1850384, "exercisedValue": 0, "unexercisedValue": 0}, {"maxAge": 1, "name": "Mr. Joseph L. Motes III", "age": 60, "title": "Exec. VP, Chief Admin. Officer, Gen. Counsel & Sec.", "yearBorn": 1962, "fiscalYear": 2022, "totalPay": 1867583, "exercisedValue": 0, "unexercisedValue": 0}, {"maxAge": 1, "name": "Ms. Valerie E. Greer", "age": 56, "title": "Exec. VP & Chief Commercial Officer", "yearBorn": 1966, "fiscalYear": 2022, "totalPay": 1896768, "exercisedValue": 0, "unexercisedValue": 0}, {"maxAge": 1, "name": "Mr. Jonathan Bryan Campbell", "age": 48, "title": "Sr. VP & Chief Accounting Officer", "yearBorn": 1974, "exercisedValue": 0, "unexercisedValue": 0}, {"maxAge": 1, "name": "Matt  Brown", "title": "Sr. VP & CTO", "exercisedValue": 0, "unexercisedValue": 0}, {"maxAge": 1, "name": "Mr. Brian  Vereb", "title": "Head of Investor Relations", "exercisedValue": 0, "unexercisedValue": 0}, {"maxAge": 1, "name": "Brandy  Sullivan", "title": "Sr. VP, Chief People and Culture Officer", "exercisedValue": 0, "unexercisedValue": 0}, {"maxAge": 1, "name": "Mr. Wes  Hunt", "title": "Sr. VP of Enterprise Data Science & Analytics", "exercisedValue": 0, "unexercisedValue": 0}], "auditRisk": 1, "boardRisk": 1, "compensationRisk": 5, "shareHolderRightsRisk": 1, "overallRisk": 1, "governanceEpochDate": "2023-04-30 20:00:00", "compensationAsOfEpochDate": "2022-12-30 19:00:00", "maxAge": 86400, "latitude": 40.03608499655317, "longitude": -82.9132269708967}