{"address1": "60 North Frontage Road", "city": "Burr Ridge", "state": "IL", "zip": "60527", "country": "United States", "phone": "800 894 6900", "website": "https://www.bankfinancial.com", "industry": "Banks\u2014Regional", "industryDisp": "Banks\u2014Regional", "sector": "Financial Services", "longBusinessSummary": "BankFinancial Corporation operates as the bank holding company for BankFinancial, National Association that provides various commercial, family, and personal banking products and services. The company accepts various deposit products, including savings, NOW, checking, money market, IRA, and other retirement accounts, as well as certificates of deposit. Its loan products include multi-family and nonresidential real estate, construction and land, and commercial loans and leases; one-to-four family residential mortgage loans, including home equity loans and lines of credit; and consumer loans. The company also provides cash management, funds transfer, bill payment, other online and mobile banking transactions, automated teller machines, safe deposit boxes, trust, wealth management, and general insurance agency services. In addition, it offers financial planning services; and sells property and casualty, and other insurance products on an agency basis. The company operates full-service banking offices located in Cook, DuPage, Lake, and Will Counties, Illinois. BankFinancial Corporation was founded in 1924 and is headquartered in Burr Ridge, Illinois.", "fullTimeEmployees": 202, "companyOfficers": [{"maxAge": 1, "name": "Mr. F. Morgan Gasior", "age": 58, "title": "Chairman, CEO & Pres", "yearBorn": 1964, "fiscalYear": 2022, "totalPay": 633916, "exercisedValue": 0, "unexercisedValue": 0}, {"maxAge": 1, "name": "Mr. John G. Manos", "age": 61, "title": "Pres of Commercial Real Estate Division - BankFinancial FSB", "yearBorn": 1961, "fiscalYear": 2022, "totalPay": 409584, "exercisedValue": 0, "unexercisedValue": 0}, {"maxAge": 1, "name": "Ms. Marci L. Slagle", "age": 52, "title": "Pres of Equipment Fin. of BankFinancial, NA", "yearBorn": 1970, "fiscalYear": 2022, "totalPay": 412289, "exercisedValue": 0, "unexercisedValue": 0}, {"maxAge": 1, "name": "Mr. Paul A. Cloutier CPA", "age": 58, "title": "Exec. VP, CFO & Treasurer", "yearBorn": 1964, "fiscalYear": 2021, "exercisedValue": 0, "unexercisedValue": 0}, {"maxAge": 1, "name": "Mr. Mark W. Collins", "age": 71, "title": "Chief Information Officer", "yearBorn": 1951, "exercisedValue": 0, "unexercisedValue": 0}, {"maxAge": 1, "name": "Mr. Gregg T. Adams", "age": 63, "title": "Pres of Marketing & Sales", "yearBorn": 1959, "fiscalYear": 2013, "exercisedValue": 0, "unexercisedValue": 0}, {"maxAge": 1, "name": "Mr. Donald F. Stelter", "age": 69, "title": "Exec. VP of Gen. Services Division-BankFinancial F.S.B.", "yearBorn": 1953, "exercisedValue": 0, "unexercisedValue": 0}, {"maxAge": 1, "name": "Mr. James J. Brennan", "age": 71, "title": "Sec.", "yearBorn": 1951, "fiscalYear": 2019, "exercisedValue": 0, "unexercisedValue": 0}, {"maxAge": 1, "name": "Ms. Elizabeth A. Doolan", "age": 58, "title": "Sr. VP of Fin. & Controller", "yearBorn": 1964, "exercisedValue": 0, "unexercisedValue": 0}, {"maxAge": 1, "name": "Ms. Katie  Multon", "title": "Marketing Communications Mang.", "exercisedValue": 0, "unexercisedValue": 0}], "compensationAsOfEpochDate": "2022-12-30 19:00:00", "maxAge": 86400, "latitude": 41.75980533822561, "longitude": -87.90961049150212}