{"address1": "499 Park Avenue", "city": "New York", "state": "NY", "zip": "10022", "country": "United States", "phone": "646 346 7000", "fax": "646 346 6919", "website": "https://www.bgcpartners.com", "industry": "Capital Markets", "industryDisp": "Capital Markets", "sector": "Financial Services", "longBusinessSummary": "BGC Partners, Inc. operates as a financial brokerage and technology company in the United States, France, other Europe, the United Kingdom, other Americas, Asia, Australia, Africa, and the Middle East. The company offers various brokerage products, such as fixed income, such as government bonds, corporate bonds, and other debt instruments, as well as related interest rate derivatives and credit derivatives; and fixed income, equity derivatives and cash equities, energy and commodities, shipping, insurance, and futures and options. It also provides trade execution, brokerage, clearing, trade compression, post-trade, information, consulting, and other back-office services to financial and non-financial institutions. In addition, the company offers electronic and hybrid brokerage, other financial technology solutions, market data and related information services, and analytics related to financial instrument and markets under the BGC, BGC Partners, BGC Trader, GFI, GFI Ginga, CreditMatch, Fenics, Fenics.com, FMX, Sunrise Brokers, Poten & Partners, RP Martin, kACE2, Capitalab, Swaptioniser, CBID, and Lucera brand names. Further, it provides screen-based market solutions, which enable its clients to develop a marketplace, trade with their customers, issue debt, trade odd lots, access program trading interfaces, and access its network and intellectual property; and option pricing and analysis tools. Additionally, the company offers LumeFX, a distributed FX platform with managed infrastructure and software stack; LumeMarkets, a multi-asset class aggregation platform, Connect, a global SDN for rapid provisioning of connectivity to counter-parties, and Compute, an on-demand, co-located compute services in financial data centers. It primarily serves banks, broker-dealers, investment banks, trading firms, hedge funds, governments, and corporations, as well as investment firms. BGC Partners, Inc. was founded in 1945 and is headquartered in New York, New York.", "fullTimeEmployees": 3780, "companyOfficers": [{"maxAge": 1, "name": "Mr. Howard W. Lutnick", "age": 60, "title": "Chairman & CEO", "yearBorn": 1962, "fiscalYear": 2022, "totalPay": 13000000, "exercisedValue": 0, "unexercisedValue": 0}, {"maxAge": 1, "name": "Mr. Jason Williams Hauf", "age": 53, "title": "Chief Financial Officer", "yearBorn": 1969, "fiscalYear": 2022, "totalPay": 1254210, "exercisedValue": 0, "unexercisedValue": 0}, {"maxAge": 1, "name": "Mr. Sean A. Windeatt", "age": 49, "title": "Exec. VP, COO & Co-Global Head of Brokerage", "yearBorn": 1973, "fiscalYear": 2022, "totalPay": 2859360, "exercisedValue": 0, "unexercisedValue": 0}, {"maxAge": 1, "name": "Mr. Stephen Marcus Merkel", "age": 63, "title": "Exec. VP & Gen. Counsel", "yearBorn": 1959, "fiscalYear": 2022, "totalPay": 2000000, "exercisedValue": 0, "unexercisedValue": 0}, {"maxAge": 1, "name": "Mr. Steven J. Sadoff", "age": 58, "title": "Chief Information Officer", "yearBorn": 1964, "exercisedValue": 0, "unexercisedValue": 0}, {"maxAge": 1, "name": "Mr. Jason  Chryssicas", "age": 37, "title": "Head of Investor Relations", "yearBorn": 1985, "exercisedValue": 0, "unexercisedValue": 0}, {"maxAge": 1, "name": "Mr. Adrian  Thomas", "title": "Director of Communications", "exercisedValue": 0, "unexercisedValue": 0}, {"maxAge": 1, "name": "Ms. Karen  Laureano-Rikardsen", "title": "Chief Marketing Officer", "exercisedValue": 0, "unexercisedValue": 0}, {"maxAge": 1, "name": "Ms. Lori  Pennay", "title": "Sr. MD and Global Head of HR & Partnership", "exercisedValue": 0, "unexercisedValue": 0}, {"maxAge": 1, "name": "Mr. Shaun D. Lynn", "age": 59, "title": "Vice Chairman", "yearBorn": 1963, "fiscalYear": 2020, "exercisedValue": 0, "unexercisedValue": 0}], "auditRisk": 4, "boardRisk": 10, "compensationRisk": 10, "shareHolderRightsRisk": 10, "overallRisk": 10, "governanceEpochDate": "2023-04-30 20:00:00", "compensationAsOfEpochDate": "2022-12-30 19:00:00", "maxAge": 86400, "latitude": 40.762588885036564, "longitude": -73.96973410340479}