{"address1": "819 NE 2nd Avenue", "address2": "Suite 500", "city": "Fort Lauderdale", "state": "FL", "zip": "33304", "country": "United States", "phone": "954 416 3140", "fax": "954 603 3432", "website": "https://www.bh3ac.com", "industry": "Shell Companies", "industryDisp": "Shell Companies", "sector": "Financial Services", "longBusinessSummary": "Crixus BH3 Acquisition Company does not have significant operations. The company focuses on effecting a merger, share exchange, asset acquisition, share purchase, reorganization, or similar business combination with one or more businesses. It intends to focus on businesses that manages, finances, operates, constructs, controls, owns, or supports real estate, construction, or infrastructure related activities. The company was formerly known as BH3 Acquisition Corp. and changed its name to Crixus BH3 Acquisition Company in July 2021. Crixus BH3 Acquisition Company was incorporated in 2021 and is based in Fort Lauderdale, Florida.", "companyOfficers": [{"maxAge": 1, "name": "Mr. Gregory  Freedman", "age": 42, "title": "Co-CEO, CFO & Director", "yearBorn": 1980, "exercisedValue": 0, "unexercisedValue": 0}, {"maxAge": 1, "name": "Mr. Daniel  Lebensohn", "age": 50, "title": "Co-CEO & Director", "yearBorn": 1972, "exercisedValue": 0, "unexercisedValue": 0}, {"maxAge": 1, "name": "Ms. Michelle  Guber", "age": 35, "title": "Chief Operating Officer", "yearBorn": 1987, "exercisedValue": 0, "unexercisedValue": 0}], "maxAge": 86400, "latitude": 26.134084982859946, "longitude": -80.14249801642377}