{"address1": "11225 North Community House Road", "city": "Charlotte", "state": "NC", "zip": "28277", "country": "United States", "phone": "980 365 7100", "website": "https://www.brighthousefinancial.com", "industry": "Insurance\u2014Life", "industryDisp": "Insurance\u2014Life", "sector": "Financial Services", "longBusinessSummary": "Brighthouse Financial, Inc. provides annuity and life insurance products in the United States. It operates through three segments: Annuities, Life, and Run-off. The Annuities segment offers variable, fixed, index-linked, and income annuities for contract holders' needs for protected wealth accumulation on a tax-deferred basis, wealth transfer, and income security. The Life segment provides term, universal, whole, and variable life products for policyholders' needs for financial security and protected wealth transfer. The Run-off segment manages structured settlements, pension risk transfer contracts, certain company-owned life insurance policies, funding agreements, and universal life with secondary guarantees. Brighthouse Financial, Inc. was founded in 1863 and is based in Charlotte, North Carolina.", "fullTimeEmployees": 1500, "companyOfficers": [{"maxAge": 1, "name": "Mr. Eric Thomas Steigerwalt", "age": 60, "title": "Pres, CEO & Director", "yearBorn": 1962, "fiscalYear": 2022, "totalPay": 3750232, "exercisedValue": 0, "unexercisedValue": 0}, {"maxAge": 1, "name": "Mr. Edward Allen Spehar Jr.", "age": 57, "title": "Exec. VP & CFO", "yearBorn": 1965, "fiscalYear": 2022, "totalPay": 1855083, "exercisedValue": 0, "unexercisedValue": 0}, {"maxAge": 1, "name": "Mr. John Lloyd Rosenthal", "age": 61, "title": "Exec. VP & Chief Investment Officer", "yearBorn": 1961, "fiscalYear": 2022, "totalPay": 2031190, "exercisedValue": 0, "unexercisedValue": 0}, {"maxAge": 1, "name": "Mr. Myles Joseph Lambert", "age": 47, "title": "Exec. VP and Chief Distribution & Marketing Officer", "yearBorn": 1975, "fiscalYear": 2022, "totalPay": 1765917, "exercisedValue": 0, "unexercisedValue": 0}, {"maxAge": 1, "name": "Ms. Vonda R. Huss", "age": 55, "title": "Exec. VP & Chief HR Officer", "yearBorn": 1967, "fiscalYear": 2022, "totalPay": 1150859, "exercisedValue": 0, "unexercisedValue": 0}, {"maxAge": 1, "name": "Ms. Kristine Hook Toscano", "age": 45, "title": "Chief Accounting Officer", "yearBorn": 1977, "exercisedValue": 0, "unexercisedValue": 0}, {"maxAge": 1, "name": "Dana  Amante", "title": "Head of Investor Relations", "exercisedValue": 0, "unexercisedValue": 0}, {"maxAge": 1, "name": "Ms. Allie  Lin", "title": "Exec. VP & Gen. Counsel", "exercisedValue": 0, "unexercisedValue": 0}, {"maxAge": 1, "name": "Mr. David Alan Rosenbaum", "title": "Head of Product Strategy and Pricing", "exercisedValue": 0, "unexercisedValue": 0}, {"maxAge": 1, "name": "Jacob Moishe Jenkelowitz", "title": "Corp. Sec.", "exercisedValue": 0, "unexercisedValue": 0}], "auditRisk": 3, "boardRisk": 3, "compensationRisk": 4, "shareHolderRightsRisk": 4, "overallRisk": 3, "governanceEpochDate": "2023-04-30 20:00:00", "compensationAsOfEpochDate": "2022-12-30 19:00:00", "maxAge": 86400, "latitude": 35.055509011752676, "longitude": -80.83734697701286}