{"address1": "60 State Street", "city": "Boston", "state": "MA", "zip": "02109", "country": "United States", "phone": "617 641 9206", "website": "https://www.berkshirebank.com", "industry": "Banks\u2014Regional", "industryDisp": "Banks\u2014Regional", "sector": "Financial Services", "longBusinessSummary": "Berkshire Hills Bancorp, Inc. operates as the bank holding company for Berkshire Bank that provides various banking products and services. It offers various deposit accounts, including demand deposit, interest-bearing checking, regular savings, money market savings, time certificates of deposit, and retirement deposit accounts; and loans, such as commercial real estate, commercial and industrial, consumer, and residential mortgage loans. The company also provides wealth management services comprising investment management, trust administration, tax return preparation, and financial planning; and investment products and brokerage services. In addition, it offers electronic banking, commercial cash management, online banking, small business banking, asset based lending, and mobile banking services; and debit cards and other electronic fee producing payment services to transaction account customers. The company serves personal, commercial, non-profit, and municipal deposit customers. It also has financial centers in Massachusetts, New York, Connecticut, Rhode Island, and Vermont. The company was founded in 1846 and is headquartered in Boston, Massachusetts.", "fullTimeEmployees": 1310, "companyOfficers": [{"maxAge": 1, "name": "Mr. Nitin J. Mhatre", "age": 51, "title": "Pres, CEO & Director", "yearBorn": 1971, "fiscalYear": 2022, "totalPay": 1795849, "exercisedValue": 0, "unexercisedValue": 0}, {"maxAge": 1, "name": "Mr. Sean A. Gray", "age": 46, "title": "Sr. EVP & COO", "yearBorn": 1976, "fiscalYear": 2022, "totalPay": 1243002, "exercisedValue": 0, "unexercisedValue": 0}, {"maxAge": 1, "name": "Mr. Brett  Brbovic", "age": 41, "title": "Sr. VP & Chief Accounting Officer", "yearBorn": 1981, "fiscalYear": 2022, "totalPay": 326851, "exercisedValue": 0, "unexercisedValue": 0}, {"maxAge": 1, "name": "Mr. Gregory D. Lindenmuth", "age": 54, "title": "Sr. EVP & Chief Risk Officer", "yearBorn": 1968, "fiscalYear": 2022, "totalPay": 515784, "exercisedValue": 0, "unexercisedValue": 0}, {"maxAge": 1, "name": "Mr. R. David Rosato", "age": 60, "title": "Sr. EVP & CFO", "yearBorn": 1962, "exercisedValue": 0, "unexercisedValue": 0}, {"maxAge": 1, "name": "Mr. Kevin  Conn", "title": "Sr. VP of Investor Relations & Corp. Devel.", "exercisedValue": 0, "unexercisedValue": 0}, {"maxAge": 1, "name": "Mr. Wm. Gordon Prescott Esq.", "age": 60, "title": "Sr. EVP, Gen. Counsel & Corp. Sec.", "yearBorn": 1962, "exercisedValue": 0, "unexercisedValue": 0}, {"maxAge": 1, "name": "Ms. Ashlee  Flores", "age": 37, "title": "Exec. VP & Chief Compliance Officer", "yearBorn": 1985, "exercisedValue": 0, "unexercisedValue": 0}, {"maxAge": 1, "name": "Alison  Skratt", "title": "Head of Communications", "exercisedValue": 0, "unexercisedValue": 0}, {"maxAge": 1, "name": "Ms. Elizabeth A. Mach", "title": "Sr. VP & Marketing Officer", "exercisedValue": 0, "unexercisedValue": 0}], "auditRisk": 2, "boardRisk": 1, "compensationRisk": 1, "shareHolderRightsRisk": 6, "overallRisk": 2, "governanceEpochDate": "2023-04-30 20:00:00", "compensationAsOfEpochDate": "2022-12-30 19:00:00", "maxAge": 86400, "latitude": 42.35928733477337, "longitude": -71.05643115521242}