{"address1": "100 S. Fairfax Street", "city": "Alexandria", "state": "VA", "zip": "22314", "country": "United States", "phone": "703 549 2304", "website": "https://www.burkeandherbertbank.com", "industry": "Banks\u2014Regional", "industryDisp": "Banks\u2014Regional", "sector": "Financial Services", "longBusinessSummary": "Burke & Herbert Financial Services Corp. operates as the bank holding company for Burke & Herbert Bank & Trust Company that provides various community banking products and services in the Northern Virginia. It offers consumer and commercial deposit products, such as digital banking, demand, negotiable order of withdrawal, money market, and savings accounts, as well as certificates of deposit. The company also offers loans, such as commercial real estate, single family residential, owner-occupied commercial real estate, acquisition, construction and development, commercial and industrial, and consumer non-real estate and other loans. In addition, it offers treasury and cash management services; and online and mobile banking, and wealth and trust services. The company was founded in 1852 and is headquartered in Alexandria, Virginia.", "fullTimeEmployees": 411, "companyOfficers": [{"maxAge": 1, "name": "Mr. David P. Boyle CPA, CPA", "age": 58, "title": "Chair, Pres & CEO", "yearBorn": 1964, "exercisedValue": 0, "unexercisedValue": 0}, {"maxAge": 1, "name": "Mr. Roy E. Halyama", "age": 54, "title": "Exec. VP & CFO", "yearBorn": 1968, "exercisedValue": 0, "unexercisedValue": 0}, {"maxAge": 1, "name": "Mr. Kendrick C. Smith", "age": 60, "title": "Exec. VP & Director of Operations", "yearBorn": 1962, "exercisedValue": 0, "unexercisedValue": 0}, {"maxAge": 1, "name": "Mr. Kirtan  Parikh", "age": 40, "title": "Sr. VP & Chief Accounting Officer", "yearBorn": 1982, "exercisedValue": 0, "unexercisedValue": 0}, {"maxAge": 1, "name": "David F. Wallace", "title": "Principal VP of Sales & Service Devel.", "exercisedValue": 0, "unexercisedValue": 0}, {"maxAge": 1, "name": "Ms. Emily S. Debeniotis", "age": 58, "title": "Exec. VP & Director of HR", "yearBorn": 1964, "exercisedValue": 0, "unexercisedValue": 0}, {"maxAge": 1, "name": "Mr. Joseph F. Collum", "age": 50, "title": "Exec. VP & Director of Branch & Bus. Banking", "yearBorn": 1972, "exercisedValue": 0, "unexercisedValue": 0}, {"maxAge": 1, "name": "Mr. Shannon B. Rowan", "age": 56, "title": "Exec. VP and Director of Trust & Wealth Management", "yearBorn": 1966, "exercisedValue": 0, "unexercisedValue": 0}, {"maxAge": 1, "name": "Mr. Nicholas  Greksouk", "title": "Sr. VP of Fin.", "exercisedValue": 0, "unexercisedValue": 0}, {"maxAge": 1, "name": "Ms. Jennifer P. Schmidt", "age": 52, "title": "Exec. VP of Enterprise Risk", "yearBorn": 1970, "exercisedValue": 0, "unexercisedValue": 0}], "maxAge": 86400, "latitude": 38.80427099243005, "longitude": -77.04229899544376}