{"address1": "260 Madison Avenue", "address2": "Suite 800", "city": "New York", "state": "NY", "zip": "10026", "country": "United States", "phone": "212 287 4092", "website": "https://bioplusspac.com", "industry": "Shell Companies", "industryDisp": "Shell Companies", "sector": "Financial Services", "longBusinessSummary": "BioPlus Acquisition Corp. does not have significant operations. The company intends to effect a merger, share exchange, asset acquisition, share purchase, reorganization, or other similar business combination with one or more businesses in the life sciences industry. BioPlus Acquisition Corp. was incorporated in 2021 and is based in New York, New York.", "companyOfficers": [{"maxAge": 1, "name": "Mr. Jonathan M. N. Rigby MBA", "age": 54, "title": "Chairman & Chief Bus. Officer", "yearBorn": 1968, "exercisedValue": 0, "unexercisedValue": 0}, {"maxAge": 1, "name": "Mr. Ross  Haghighat", "age": 58, "title": "CEO, CFO & Director", "yearBorn": 1964, "exercisedValue": 0, "unexercisedValue": 0}], "maxAge": 86400, "latitude": 40.75066022144196, "longitude": -73.98103383089465}