{"address1": "30 West Street", "address2": "No. 28th Floor", "city": "New York", "state": "NY", "zip": "10004", "country": "United States", "phone": "212 608 2923", "website": "https://www.biteacquisitioncorp.com", "industry": "Shell Companies", "industryDisp": "Shell Companies", "sector": "Financial Services", "longBusinessSummary": "Bite Acquisition Corp. does not have significant business. It focuses on effecting a merger, share exchange, asset acquisition, stock purchase, reorganization, or similar business combination with one or more businesses. The company intends to focus its search on the traditional and non-traditional restaurant sectors in North America. The company was incorporated in 2020 and is based in New York, New York.", "companyOfficers": [{"maxAge": 1, "name": "Mr. Jeff Alberto Ardura Gonzalez", "age": 59, "title": "CEO & Chair of the Board", "yearBorn": 1963, "exercisedValue": 0, "unexercisedValue": 0}, {"maxAge": 1, "name": "Mr. Jose Luis Guerrero Cortes", "age": 41, "title": "Chief Financial Officer", "yearBorn": 1981, "exercisedValue": 0, "unexercisedValue": 0}], "maxAge": 86400, "latitude": 40.706146960329676, "longitude": -74.01690718657134}