{"address1": "18 King Street East", "address2": "Suite 902", "city": "Toronto", "state": "ON", "zip": "M5C 1C4", "country": "Canada", "phone": "647 259 1790", "website": "https://www.bitfarms.com", "industry": "Capital Markets", "industryDisp": "Capital Markets", "sector": "Financial Services", "longBusinessSummary": "Bitfarms Ltd. engages in the mining of cryptocurrency coins and tokens in Canada, the United States, Paraguay, and Argentina. It owns and operates server farms that primarily validates transactions on the Bitcoin Blockchain and earning cryptocurrency from block rewards and transaction fees. The company also provides electrician services to commercial and residential customers in Quebec, Canada. It also undertakes hosting of third-party mining hardware. Bitfarms Ltd. was founded in 2017 and is headquartered in Toronto, Canada.", "fullTimeEmployees": 150, "companyOfficers": [{"maxAge": 1, "name": "Mr. Nicolas  Bonta", "age": 47, "title": "Founder & Chairman", "yearBorn": 1975, "fiscalYear": 2022, "totalPay": 1628735, "exercisedValue": 0, "unexercisedValue": 0}, {"maxAge": 1, "name": "Mr. L. Geoffrey Morphy", "title": "Pres & CEO", "fiscalYear": 2022, "totalPay": 683223, "exercisedValue": 0, "unexercisedValue": 0}, {"maxAge": 1, "name": "Mr. Emiliano Joel Grodzki", "age": 46, "title": "Founder & Director", "yearBorn": 1976, "fiscalYear": 2022, "totalPay": 1628735, "exercisedValue": 0, "unexercisedValue": 0}, {"maxAge": 1, "name": "Mr. Jeffrey P. Lucas", "age": 62, "title": "Chief Financial Officer", "yearBorn": 1960, "fiscalYear": 2022, "totalPay": 552474, "exercisedValue": 0, "unexercisedValue": 0}, {"maxAge": 1, "name": "Mr. Benjamin  Gagnon", "title": "Chief Mining Officer", "fiscalYear": 2022, "totalPay": 309722, "exercisedValue": 0, "unexercisedValue": 0}, {"maxAge": 1, "name": "Mr. Marc-Andre  Ammann", "title": "VP Fin. & Accounting", "exercisedValue": 0, "unexercisedValue": 0}, {"maxAge": 1, "name": "Ms. Sonia  Tercas", "title": "Director of Investor Relations", "exercisedValue": 0, "unexercisedValue": 0}, {"maxAge": 1, "name": "Ms. Stephanie  Wargo", "title": "VP of Marketing & Communications", "exercisedValue": 0, "unexercisedValue": 0}, {"maxAge": 1, "name": "Mr. Philippe  Fortier", "title": "VP of Corp. Devel.", "exercisedValue": 0, "unexercisedValue": 0}, {"maxAge": 1, "name": "Ms. Andrea Keen Souza", "title": "Vice-Pres of HR", "exercisedValue": 0, "unexercisedValue": 0}], "compensationAsOfEpochDate": "2022-12-30 19:00:00", "maxAge": 86400, "latitude": 43.649535399698436, "longitude": -79.37709396676026}