{"address1": "240 Greenwich Street", "city": "New York", "state": "NY", "zip": "10286", "country": "United States", "phone": "212 495 1784", "website": "https://www.bnymellon.com", "industry": "Asset Management", "industryDisp": "Asset Management", "sector": "Financial Services", "longBusinessSummary": "The Bank of New York Mellon Corporation provides a range of financial products and services in the United States and internationally. The company operates through Securities Services, Market and Wealth Services, Investment and Wealth Management, and other segments. The Securities Services segment offers custody, trust and depositary, accounting, exchange-traded funds, middle-office solutions, transfer agency, services for private equity and real estate funds, foreign exchange, securities lending, liquidity/lending services, and data analytics. This segment also provides trustee, paying agency, fiduciary, escrow and other financial, issuer, and support services for brokers and investors. The Market and Wealth Services segment offers clearing and custody, investment, wealth and retirement solutions, technology and enterprise data management, trading, and prime brokerage services. This segment also provides integrated cash management solutions, including payments, foreign exchange, liquidity management, receivables processing and payables management, and trade finance and processing services. The Investment and Wealth Management segment offers investment management strategies and distribution of investment products, investment management, custody, wealth and estate planning, private banking, investment, and information management services. The Other segment engages in the provision of leasing, corporate treasury, derivative and other trading, corporate and bank-owned life insurance, renewable energy investment, and business exit services. It serves central banks and sovereigns, financial institutions, asset managers, insurance companies, corporations, local authorities and high net-worth individuals, and family offices. The company was founded in 1784 and is headquartered in New York, New York.", "fullTimeEmployees": 51600, "companyOfficers": [{"maxAge": 1, "name": "Mr. Robin Antony Vince", "age": 50, "title": "Pres, CEO & Director", "yearBorn": 1972, "fiscalYear": 2022, "totalPay": 4497152, "exercisedValue": 0, "unexercisedValue": 0}, {"maxAge": 1, "name": "Mr. Dermot William McDonogh", "age": 58, "title": "Sr. Exec. VP & CFO", "yearBorn": 1964, "fiscalYear": 2022, "totalPay": 2339041, "exercisedValue": 0, "unexercisedValue": 0}, {"maxAge": 1, "name": "Ms. Bridget E. Engle", "age": 58, "title": "Chief Information Officer & Head of Engineering", "yearBorn": 1964, "fiscalYear": 2022, "totalPay": 2833600, "exercisedValue": 0, "unexercisedValue": 0}, {"maxAge": 1, "name": "Mr. Roman  Regelman", "age": 50, "title": "Sr. EVP, CEO of Asset Servicing, Issuer Services & Digital", "yearBorn": 1972, "fiscalYear": 2022, "totalPay": 2576200, "exercisedValue": 0, "unexercisedValue": 0}, {"maxAge": 1, "name": "Ms. Emily Hope Portney", "age": 50, "title": "Sr. Exec. VP & CEO of Asset Servicing Bus.", "yearBorn": 1972, "fiscalYear": 2022, "totalPay": 2576200, "exercisedValue": 0, "unexercisedValue": 0}, {"maxAge": 1, "name": "Ms. Hanneke  Smits", "age": 56, "title": "Sr. EVP & CEO of Investment Management", "yearBorn": 1966, "exercisedValue": 0, "unexercisedValue": 0}, {"maxAge": 1, "name": "Mr. Alejandro  Perez", "title": "Chief Admin. Officer", "exercisedValue": 0, "unexercisedValue": 0}, {"maxAge": 1, "name": "Mr. Marius  Merz", "title": "Head of Investor Relations", "exercisedValue": 0, "unexercisedValue": 0}, {"maxAge": 1, "name": "Mr. Mark  Musi", "title": "Chief Compliance & Ethics Officer", "exercisedValue": 0, "unexercisedValue": 0}, {"maxAge": 1, "name": "Mr. Jane Kevin McCarthy", "age": 57, "title": "Sr. EVP & Gen. Counsel", "yearBorn": 1965, "exercisedValue": 0, "unexercisedValue": 0}], "auditRisk": 4, "boardRisk": 1, "compensationRisk": 2, "shareHolderRightsRisk": 2, "overallRisk": 1, "governanceEpochDate": "2023-04-30 20:00:00", "compensationAsOfEpochDate": "2022-12-30 19:00:00", "maxAge": 86400, "latitude": 40.713387670434585, "longitude": -74.0117136348839}