{"address1": "50 Hudson Yards", "city": "New York", "state": "NY", "zip": "10001", "country": "United States", "phone": "212 810 5300", "fax": "212 810 5801", "website": "https://www.blackrockbkcc.com", "industry": "Asset Management", "industryDisp": "Asset Management", "sector": "Financial Services", "longBusinessSummary": "BlackRock Capital Investment Corporation, formerly known as BlackRock Kelso Capital Corporation, is a Business Development Company specializing in investments in middle market companies. The fund invests in all industries. It prefers to invest between $10 million and $50 million and can invest more or less in companies with EBITDA or operating cash flow between $10 million and $50 million. The fund invests in the form of senior and junior secured, unsecured, and subordinated debt securities and loans including cash flow, asset backed, and junior lien facilities and equity securities. It's equity investments can be structured in the form of warrants, preferred stock, common equity co-investments, and direct investments in common stock. The fund's debt investments are principally structured to provide for current cash interest and to a lesser extent non-cash interest, particularly with subordinated debt investments, through a pay-in-kind (PIK) feature. It can also make non-control investments.", "companyOfficers": [{"maxAge": 1, "name": "Mr. James Edward Keenan C.F.A., CFA", "age": 46, "title": "Chairman & Interim CEO", "yearBorn": 1976, "fiscalYear": 2022, "totalPay": 0, "exercisedValue": 0, "unexercisedValue": 0}, {"maxAge": 1, "name": "Mr. Nik  Singhal CFA", "age": 48, "title": "MD & Pres", "yearBorn": 1974, "fiscalYear": 2022, "totalPay": 0, "exercisedValue": 0, "unexercisedValue": 0}, {"maxAge": 1, "name": "Mr. Chip  Holladay", "age": 47, "title": "Interim CFO & Treasurer", "yearBorn": 1975, "fiscalYear": 2022, "totalPay": 0, "exercisedValue": 0, "unexercisedValue": 0}, {"maxAge": 1, "name": "Mr. Laurence D. Paredes Esq.", "age": 54, "title": "Gen. Counsel & Corp. Sec.", "yearBorn": 1968, "fiscalYear": 2022, "totalPay": 0, "exercisedValue": 0, "unexercisedValue": 0}, {"maxAge": 1, "name": "Mr. Charles Choon Sik Park", "age": 55, "title": "Chief Compliance Officer", "yearBorn": 1967, "fiscalYear": 2022, "totalPay": 0, "exercisedValue": 0, "unexercisedValue": 0}, {"maxAge": 1, "name": "Mr. R. Marshall Merriman", "title": "MD & Vice Chairman of Blackrock US Private Capital Group", "exercisedValue": 0, "unexercisedValue": 0}, {"maxAge": 1, "name": "Mr. Jason A. Mehring", "age": 50, "title": "Managing Director", "yearBorn": 1972, "exercisedValue": 0, "unexercisedValue": 0}, {"maxAge": 1, "name": "Mr. Mark J. Williams", "title": "Managing Director", "exercisedValue": 0, "unexercisedValue": 0}, {"maxAge": 1, "name": "Mr. Aaron  Kless", "title": "Managing Director", "exercisedValue": 0, "unexercisedValue": 0}, {"maxAge": 1, "name": "Mr. Alex  Dashiell C.F.A., CFA", "title": "Managing Director of US Private Capital Group", "exercisedValue": 0, "unexercisedValue": 0}], "compensationAsOfEpochDate": "2022-12-30 19:00:00", "maxAge": 86400, "latitude": 40.754305762590064, "longitude": -73.99965909030273}