{"address1": "256 Meeting Street", "city": "Charleston", "state": "SC", "zip": "29401", "country": "United States", "phone": "843 724 1500", "fax": "843 724 1513", "website": "https://www.banksc.com", "industry": "Banks\u2014Regional", "industryDisp": "Banks\u2014Regional", "sector": "Financial Services", "longBusinessSummary": "Bank of South Carolina Corporation operates as a bank holding company for The Bank of South Carolina that provides a range of financial products and services primarily in Charleston, Berkeley, and Dorchester counties of South Carolina. Its deposits include non-interest-bearing demand accounts, NOW accounts, money market accounts, time deposits, and savings accounts, as well as certificates of deposit. The company offers secured and unsecured commercial loans, commercial real estate construction loans, consumer construction loans, home equity lines of credit, and mortgage originations, as well as paycheck protection program loans. It operates five banking house locations. The company was founded in 1986 and is headquartered in Charleston, South Carolina.", "fullTimeEmployees": 80, "companyOfficers": [{"maxAge": 1, "name": "Mr. Fleetwood S. Hassell", "age": 62, "title": "Pres, CEO & Director", "yearBorn": 1960, "fiscalYear": 2017, "exercisedValue": 0, "unexercisedValue": 0}, {"maxAge": 1, "name": "Mr. Eugene H. Walpole IV", "age": 37, "title": "Exec. VP, CFO & Director", "yearBorn": 1985, "fiscalYear": 2022, "totalPay": 0, "exercisedValue": 0, "unexercisedValue": 0}, {"maxAge": 1, "name": "Ms. Susanne K. Boyd", "age": 45, "title": "Exec. VP, COO & Director", "yearBorn": 1977, "fiscalYear": 2022, "totalPay": 0, "exercisedValue": 0, "unexercisedValue": 0}, {"maxAge": 1, "name": "Mr. Richard W. Hutson Jr.", "age": 64, "title": "Sec. & Independent Non Employee Director", "yearBorn": 1958, "fiscalYear": 2022, "totalPay": 7950, "exercisedValue": 0, "unexercisedValue": 0}, {"maxAge": 1, "name": "Mr. Douglas Hutson Sass", "age": 64, "title": "Exec. VP, Sr. Lender & Director", "yearBorn": 1958, "fiscalYear": 2017, "exercisedValue": 0, "unexercisedValue": 0}, {"maxAge": 1, "name": "Ms. Mignonne H. Buhrmaster", "title": "Sr. VP of HR", "exercisedValue": 0, "unexercisedValue": 0}], "compensationAsOfEpochDate": "2022-12-30 19:00:00", "maxAge": 86400, "latitude": 32.78328037950364, "longitude": -79.93173480962018}