{"address1": "14817 Oak Lane", "city": "Miami Lakes", "state": "FL", "zip": "33016", "country": "United States", "phone": "305 569 2000", "website": "https://www.bankunited.com", "industry": "Banks\u2014Regional", "industryDisp": "Banks\u2014Regional", "sector": "Financial Services", "longBusinessSummary": "BankUnited, Inc. operates as the bank holding company for BankUnited, a national banking association that provides a range of banking services in the United States. The company offers deposit products, such as checking, money market deposit, and savings accounts; certificates of deposit; and treasury, commercial payment, and cash management services. Its loans portfolio includes commercial loans, including equipment loans, secured and unsecured lines of credit, formula-based lines of credit, owner-occupied commercial real estate term loans and lines of credit, mortgage warehouse lines, capital call lines, letters of credit, commercial credit cards, small business administration and U.S. department of agriculture product offerings, export-import bank financing products, trade finance, and business acquisition finance credit facilities; commercial real estate loans; residential mortgages; and other consumer loans. The company also offers online, mobile, and telephone banking services. It operates through a network of banking centers located in Florida counties and the New York metropolitan area, as well as Dallas, Texas. The company was formerly known as BU Financial Corporation. BankUnited, Inc. was incorporated in 2009 and is headquartered in Miami Lakes, Florida.", "fullTimeEmployees": 1598, "companyOfficers": [{"maxAge": 1, "name": "Mr. Rajinder P. Singh", "age": 51, "title": "Chairman, Pres & CEO", "yearBorn": 1971, "fiscalYear": 2022, "totalPay": 2650134, "exercisedValue": 0, "unexercisedValue": 0}, {"maxAge": 1, "name": "Ms. Leslie N. Lunak", "age": 64, "title": "Chief Financial Officer", "yearBorn": 1958, "fiscalYear": 2022, "totalPay": 941089, "exercisedValue": 0, "unexercisedValue": 0}, {"maxAge": 1, "name": "Mr. Thomas M. Cornish", "age": 63, "title": "Chief Operating Officer", "yearBorn": 1959, "fiscalYear": 2022, "totalPay": 1549957, "exercisedValue": 0, "unexercisedValue": 0}, {"maxAge": 1, "name": "Mr. Rishi  Bansal", "age": 48, "title": "Chief Investment Officer of BankUnited, National Association", "yearBorn": 1974, "fiscalYear": 2022, "totalPay": 900889, "exercisedValue": 0, "unexercisedValue": 0}, {"maxAge": 1, "name": "Mr. Jay D. Richards", "age": 51, "title": "Chief Risk Officer of BankUnited, National Association", "yearBorn": 1971, "fiscalYear": 2022, "totalPay": 788725, "exercisedValue": 0, "unexercisedValue": 0}, {"maxAge": 1, "name": "Mr. Christopher  Perry", "title": "Exec. VP & Director of HR", "exercisedValue": 0, "unexercisedValue": 0}, {"maxAge": 1, "name": "Ms. Claire  Raley", "title": "Sr. VP & Community Devel. Officer", "exercisedValue": 0, "unexercisedValue": 0}, {"maxAge": 1, "name": "Mr. Gardner B. Semet", "title": "Exec. VP", "exercisedValue": 0, "unexercisedValue": 0}, {"maxAge": 1, "name": "Mr. Joseph  DiSanti", "title": "Sr. VP of Corp. Banking", "exercisedValue": 0, "unexercisedValue": 0}, {"maxAge": 1, "name": "Ms. Lisa  Shim", "title": "Exec. VP & Head of Consumer and Small Bus.", "exercisedValue": 0, "unexercisedValue": 0}], "auditRisk": 6, "boardRisk": 2, "compensationRisk": 1, "shareHolderRightsRisk": 2, "overallRisk": 1, "governanceEpochDate": "2023-04-30 20:00:00", "compensationAsOfEpochDate": "2022-12-30 19:00:00", "maxAge": 86400, "latitude": 25.908872003624623, "longitude": -80.32781502247221}