{"address1": "10900 NE 4th Street", "address2": "Suite 2300", "city": "Bellevue", "state": "WA", "zip": "98004", "country": "United States", "phone": "425 635 7700", "industry": "Shell Companies", "industryDisp": "Shell Companies", "sector": "Financial Services", "longBusinessSummary": "Bellevue Life Sciences Acquisition Corp. focuses on effecting a merger, share exchange, asset acquisition, stock purchase, recapitalization, reorganization, or similar business combination with one or more businesses or entities. The company intends to acquire companies in the healthcare industry. Bellevue Life Sciences Acquisition Corp. was founded in 2020 and is based in Bellevue, Washington. Bellevue Life Sciences Acquisition Corp. operates as a subsidiary of Bellevue Global Life Sciences Investors LLC.", "companyOfficers": [{"maxAge": 1, "name": "Mr. Kuk Hyoun Hwang", "age": 45, "title": "CEO & Director", "yearBorn": 1977, "exercisedValue": 0, "unexercisedValue": 0}, {"maxAge": 1, "name": "Mr. David Jin Yoo", "age": 48, "title": "Chief Financial Officer", "yearBorn": 1974, "exercisedValue": 0, "unexercisedValue": 0}], "maxAge": 86400, "latitude": 47.614059009409544, "longitude": -122.19421899979665}