{"address1": "500 Fifth Avenue", "city": "New York", "state": "NY", "zip": "10110", "country": "United States", "phone": "212 935 5599", "website": "https://www.acacia.blue", "industry": "Shell Companies", "industryDisp": "Shell Companies", "sector": "Financial Services", "longBusinessSummary": "bleuacacia ltd does not have significant operations. The company focuses on effecting a merger, capital stock exchange, asset acquisition, stock purchase, reorganization, or related business combination with one or more businesses. It intends to identify business opportunities in the field of premium branded consumer retail. The company was incorporated in 2021 and is based in New York, New York.", "companyOfficers": [{"maxAge": 1, "name": "Mr. Jide J. Zeitlin", "age": 58, "title": "Co-CEO & Co-Chairman", "yearBorn": 1964, "exercisedValue": 0, "unexercisedValue": 0}, {"maxAge": 1, "name": "Mr. Lew  Frankfort", "age": 76, "title": "Co-Chairman & Co-CEO", "yearBorn": 1946, "exercisedValue": 0, "unexercisedValue": 0}, {"maxAge": 1, "name": "Mr. Charles C. McGuigan", "age": 65, "title": "Pres, COO & Director", "yearBorn": 1957, "exercisedValue": 0, "unexercisedValue": 0}, {"maxAge": 1, "name": "Mr. Thomas  Northover", "age": 32, "title": "Exec. Director", "yearBorn": 1990, "exercisedValue": 0, "unexercisedValue": 0}], "maxAge": 86400, "latitude": 40.75360686733697, "longitude": -73.98087680711417}