{"address1": "19 Park Avenue", "city": "Rutherford", "state": "NJ", "zip": "07070", "country": "United States", "phone": "201 939 5000", "website": "https://www.bluefoundrybank.com", "industry": "Banks\u2014Regional", "industryDisp": "Banks\u2014Regional", "sector": "Financial Services", "longBusinessSummary": "Blue Foundry Bancorp operates as a bank holding company for Blue Foundry Bank, a savings bank that offers various banking products and services for individuals and businesses. It offers deposits; and loans, such as one-to-four family residential property, multi-family, non-residential real estate, construction, consumer, and commercial and industrial loans, as well as junior liens and home equity lines of credit. The company was formerly known as Boiling Springs Bancorp and changed its name to Blue Foundry Bancorp in July 2019. Blue Foundry Bancorp was founded in 1939 and is based in Rutherford, New Jersey.", "fullTimeEmployees": 198, "companyOfficers": [{"maxAge": 1, "name": "Mr. James D. Nesci", "age": 50, "title": "Pres, CEO & Director", "yearBorn": 1972, "fiscalYear": 2022, "totalPay": 1239259, "exercisedValue": 0, "unexercisedValue": 0}, {"maxAge": 1, "name": "Ms. Kelly  Pecoraro", "age": 53, "title": "Exec. VP & CFO", "yearBorn": 1969, "fiscalYear": 2022, "totalPay": 342439, "exercisedValue": 0, "unexercisedValue": 0}, {"maxAge": 1, "name": "Ms. Elizabeth Marie Miller", "age": 62, "title": "Exec. VP & Chief Retail Officer", "yearBorn": 1960, "fiscalYear": 2022, "totalPay": 467143, "exercisedValue": 0, "unexercisedValue": 0}, {"maxAge": 1, "name": "Mr. Jason M. Goldberg", "age": 47, "title": "Exec. VP & Chief Lending Officer", "yearBorn": 1975, "fiscalYear": 2022, "totalPay": 486722, "exercisedValue": 0, "unexercisedValue": 0}, {"maxAge": 1, "name": "Mr. Aleksander  Malkiman", "age": 46, "title": "Exec. VP & Chief Technology Officer", "yearBorn": 1976, "exercisedValue": 0, "unexercisedValue": 0}, {"maxAge": 1, "name": "Ms. Elyse D. Beidner", "age": 68, "title": "Exec. VP & Chief Legal Officer", "yearBorn": 1954, "exercisedValue": 0, "unexercisedValue": 0}, {"maxAge": 1, "name": "Ms. Acela  Roselle", "age": 61, "title": "Exec. VP & HR Director", "yearBorn": 1961, "exercisedValue": 0, "unexercisedValue": 0}, {"maxAge": 1, "name": "Mr. Thomas R. Packwood", "age": 56, "title": "Sr. VP & Chief Audit Exec.", "yearBorn": 1966, "exercisedValue": 0, "unexercisedValue": 0}, {"maxAge": 1, "name": "Mr. Robert C. Rowe", "age": 61, "title": "Exec. VP & Chief Risk Officer", "yearBorn": 1961, "exercisedValue": 0, "unexercisedValue": 0}, {"maxAge": 1, "name": "Mr. Alex  Agnoletto", "age": 29, "title": "VP & Controller", "yearBorn": 1993, "exercisedValue": 0, "unexercisedValue": 0}], "auditRisk": 8, "boardRisk": 7, "compensationRisk": 6, "shareHolderRightsRisk": 9, "overallRisk": 8, "governanceEpochDate": "2023-04-30 20:00:00", "compensationAsOfEpochDate": "2022-12-30 19:00:00", "maxAge": 86400, "latitude": 40.8279269937556, "longitude": -74.10199600928556}