{"address1": "10900 Research Blvd.", "address2": "Suite 160C PMB 1081", "city": "Austin", "state": "TX", "zip": "78759", "country": "United States", "phone": "561-231-7070", "website": "https://belongcapital.co", "industry": "Shell Companies", "industryDisp": "Shell Companies", "sector": "Financial Services", "longBusinessSummary": "Belong Acquisition Corp. does not have significant operations. The company intends to effect a merger, capital stock exchange, asset acquisition, stock purchase, reorganization, or other similar business combination with one or more businesses. It intends to acquire and operate a business in the consumer industry. The company was incorporated in 2020 and is based in Austin, Texas.", "companyOfficers": [{"maxAge": 1, "name": "Mr. Peter  Saldarriaga", "age": 39, "title": "CEO, CFO & Sec.", "yearBorn": 1983, "exercisedValue": 0, "unexercisedValue": 0}, {"maxAge": 1, "name": "Mr. Joel C. Washington", "age": 38, "title": "Pres & Chief Investment Officer", "yearBorn": 1984, "exercisedValue": 0, "unexercisedValue": 0}], "maxAge": 86400, "latitude": 30.4021639937545, "longitude": -97.74720698490142}