{"address1": "250 West Nottingham Drive", "address2": "Suite 400", "city": "San Antonio", "state": "TX", "zip": "78209", "country": "United States", "phone": "(210) 832-3305", "website": "https://www.blueriverspac.com", "industry": "Shell Companies", "industryDisp": "Shell Companies", "sector": "Financial Services", "longBusinessSummary": "BlueRiver Acquisition Corp. does not have significant operations. The company focuses on effecting a merger, capital stock exchange, asset acquisition, stock purchase, reorganization, or related business combination with one or more businesses. It intends to identify business opportunities in the field of technology, media, telecom, and entertainment industries. The company was incorporated in 2020 and is based in San Antonio, Texas.", "companyOfficers": [{"maxAge": 1, "name": "Mr. John F. Gregg", "age": 58, "title": "Co-Chairman & Co-CEO", "yearBorn": 1964, "exercisedValue": 0, "unexercisedValue": 0}, {"maxAge": 1, "name": "Mr. Randall Thomas Mays", "age": 56, "title": "Co-Chairman, Co-CEO & CFO", "yearBorn": 1966, "exercisedValue": 0, "unexercisedValue": 0}, {"maxAge": 1, "name": "Mr. Eric  Medina", "age": 34, "title": "MD, Head of Fin. & Corp. Devel.", "yearBorn": 1988, "exercisedValue": 0, "unexercisedValue": 0}], "maxAge": 86400, "latitude": 29.498908985172818, "longitude": -98.47025602053397}