{"address1": "Torre V, Business Park", "address2": "Avenida La Rotonda Urb. Costa del Este P.O. Box 0819-08730", "city": "Panama City", "country": "Panama", "phone": "507 210 8500", "fax": "507 269 6333", "website": "https://www.bladex.com", "industry": "Banks\u2014Regional", "industryDisp": "Banks\u2014Regional", "sector": "Financial Services", "longBusinessSummary": "Banco Latinoamericano de Comercio Exterior, S. A., a multinational bank, primarily engages in the financing of foreign trade in Latin America and the Caribbean. The company operates through two segments, Commercial and Treasury. It also offers bilateral loans; structured loans including syndicated and clubbed, such as acquisition and pre-export financing, A/B loan financing, bridge loans, and liability management; and project financing. In addition, the company provides letter of credit comprising import and export letters of credit, and credit discounting and financing, as well as usance payable at sight; stand-by services; bank guarantees, which includes first demand and local guarantees; import and export documentary collection; irrevocable reimbursement undertaking, and canal tolls. Further, it offers liquidity and investment solutions including time deposits, DDA accounts, Yankee certificate of deposits, and EMTN private placement services, as well as supply chain finance services. The company primarily serves financial institutions, corporations, and sovereigns and state-owned entities. Banco Latinoamericano de Comercio Exterior, S. A.was formerly known as Banco Latinoamericano de Exportaciones, S.A. and changed its name to Banco Latinoamericano de Comercio Exterior, S. A. in June 2009. The company was founded in 1977 and is headquartered in Panama City, the Republic of Panama.", "companyOfficers": [{"maxAge": 1, "name": "Mr. Jorge L. Salas", "age": 51, "title": "Chief Exec. Officer", "yearBorn": 1971, "exercisedValue": 0, "unexercisedValue": 0}, {"maxAge": 1, "name": "Ms. Ana Graciela  de Mendez", "age": 54, "title": "Exec. VP & CFO", "yearBorn": 1968, "exercisedValue": 0, "unexercisedValue": 0}, {"maxAge": 1, "name": "Ms. Erica  Lijtztain", "age": 50, "title": "Exec. VP & COO", "yearBorn": 1972, "exercisedValue": 0, "unexercisedValue": 0}, {"maxAge": 1, "name": "Mr. Carlos Daniel Raad Baene", "age": 41, "title": "Exec. VP, Head of Investor Relations & Chief Investor Relations Officer", "yearBorn": 1981, "exercisedValue": 0, "unexercisedValue": 0}, {"maxAge": 1, "name": "Mr. Jorge Luis  Real", "age": 48, "title": "Exec. VP, Chief Legal Officer & Sec. of the Board of Directors", "yearBorn": 1974, "exercisedValue": 0, "unexercisedValue": 0}, {"maxAge": 1, "name": "Mr. Alejandro  Tizzoni", "age": 44, "title": "Exec. VP & Chief Risk Officer", "yearBorn": 1978, "exercisedValue": 0, "unexercisedValue": 0}, {"maxAge": 1, "name": "Mr. Eduardo  Vivone", "age": 56, "title": "Exec. VP of Treasury & Capital Markets", "yearBorn": 1966, "exercisedValue": 0, "unexercisedValue": 0}, {"maxAge": 1, "name": "Ms. Monica  Cosulich", "title": "Sr. VP of Fin. & Investor Relations", "exercisedValue": 0, "unexercisedValue": 0}, {"maxAge": 1, "name": "Mr. Olazhir  Ledezma", "age": 49, "title": "Exec. VP of Strategic Planning", "yearBorn": 1973, "exercisedValue": 0, "unexercisedValue": 0}, {"maxAge": 1, "name": "Ms. Adriana Lizzeth Diaz Forero", "age": 37, "title": "Exec. VP & Chief Audit Officer", "yearBorn": 1985, "exercisedValue": 0, "unexercisedValue": 0}], "maxAge": 86400, "latitude": 9.027740000000051, "longitude": -79.51528999999994}