{"address1": "Avenida Eduardo Madero 1182", "city": "Buenos Aires", "country": "Argentina", "phone": "54 11 5222 6500", "fax": "54 11 5222 8969", "website": "https://www.macro.com.ar", "industry": "Banks\u2014Regional", "industryDisp": "Banks\u2014Regional", "sector": "Financial Services", "longBusinessSummary": "Banco Macro S.A. provides various banking products and services to retail and corporate customers in Argentina. It offers various retail banking products and services, such as savings and checking accounts, time deposits, credit and debit cards, consumer finance loans, mortgage loans, automobile loans, overdrafts, credit-related services, home and car insurance coverage, tax collection, utility payments, automated teller machines (ATMs), and money transfers. The company also provides personal loans, document discounts, residential mortgages, overdrafts, pledged loans, and credit card loans to retail customers. In addition, it offers corporate banking products and services, including deposits, lending, check cashing advances and factoring, guaranteed loans, credit lines for financing foreign trade, and cash management services; and trust, payroll, and financial agency services, as well as corporate credit cards and other specialty products; and working capital facilities, credit for investment projects, and leasing and foreign trade transactions. Further, the company provides transaction services, such as cash management, collection services, payments to suppliers, payroll services, foreign exchange transactions, and foreign trade services; information services comprising Datanet and Interpymes services to corporate customers; and Internet and mobile banking services. Additionally, it offers short-term and medium-to-long-term corporate lending products. Banco Macro S.A. was incorporated in 1966 and is headquartered in Buenos Aires, Argentina.", "fullTimeEmployees": 7796, "companyOfficers": [{"maxAge": 1, "name": "Mr. Gustavo  Alejandro Manriquez", "age": 53, "title": "GM & CEO", "yearBorn": 1969, "exercisedValue": 0, "unexercisedValue": 0}, {"maxAge": 1, "name": "Mr. Jorge  Francisco Scarinci", "age": 52, "title": "CFO, Fin. Mang. & IR Mang.", "yearBorn": 1970, "exercisedValue": 0, "unexercisedValue": 0}, {"maxAge": 1, "name": "Mr. Ernesto  Eduardo Medina", "age": 55, "title": "Operations & Technology Mang.", "yearBorn": 1967, "exercisedValue": 0, "unexercisedValue": 0}, {"maxAge": 1, "name": "Mr. Marcelo  Agustin Devoto", "age": 46, "title": "Investment Banking Mang.", "yearBorn": 1976, "exercisedValue": 0, "unexercisedValue": 0}, {"maxAge": 1, "name": "Mr. Gerardo  Adrian Alvarez", "age": 53, "title": "Admin. & HR Mang.", "yearBorn": 1969, "exercisedValue": 0, "unexercisedValue": 0}, {"maxAge": 1, "name": "Mr. Ernesto  Lopez", "age": 50, "title": "Legal Mang.", "yearBorn": 1972, "exercisedValue": 0, "unexercisedValue": 0}, {"maxAge": 1, "name": "Mr. Gustavo Emilio Pessagno", "age": 51, "title": "Compliance Mang.", "yearBorn": 1971, "exercisedValue": 0, "unexercisedValue": 0}, {"maxAge": 1, "name": "Mr. Francisco  Muro", "age": 49, "title": "Distribution & Sales Mang.", "yearBorn": 1973, "exercisedValue": 0, "unexercisedValue": 0}, {"maxAge": 1, "name": "Ms. Ana Mar\u00eda  Magdalena Marcet", "age": 61, "title": "Credit Risk Mang.", "yearBorn": 1961, "exercisedValue": 0, "unexercisedValue": 0}, {"maxAge": 1, "name": "Lic. Brian  Anthony", "age": 49, "title": "Commercial banking manager", "yearBorn": 1973, "exercisedValue": 0, "unexercisedValue": 0}], "maxAge": 86400, "latitude": -34.59406998688079, "longitude": -58.37137003353395}