{"address1": "425 Houston Street", "address2": "Suite 4500", "city": "Fort Worth", "state": "TX", "zip": "76102", "country": "United States", "phone": "817 698 9901", "website": "https://www.blackmountainaq.com", "industry": "Shell Companies", "industryDisp": "Shell Companies", "sector": "Financial Services", "longBusinessSummary": "Black Mountain Acquisition Corp. does not have significant operations. The company intends to effect a merger, capital stock exchange, asset acquisition, stock purchase, reorganization, or similar business combination with one or more businesses. Black Mountain Acquisition Corp. was incorporated in 2021 and is based in Fort Worth, Texas.", "companyOfficers": [{"maxAge": 1, "name": "Mr. Rhett C. Bennett CFA", "title": "Chairman & CEO", "exercisedValue": 0, "unexercisedValue": 0}, {"maxAge": 1, "name": "Mr. Jacob  Smith CPA", "age": 37, "title": "CFO, Chief Accounting Officer, Sec. & Director", "yearBorn": 1985, "exercisedValue": 0, "unexercisedValue": 0}], "maxAge": 86400, "latitude": 32.75455501058816, "longitude": -97.3319450380895}