{"address1": "504 Redwood Blvd.", "address2": "Suite 100", "city": "Novato", "state": "CA", "zip": "94947", "country": "United States", "phone": "415 763 4520", "website": "https://www.bankofmarin.com", "industry": "Banks\u2014Regional", "industryDisp": "Banks\u2014Regional", "sector": "Financial Services", "longBusinessSummary": "Bank of Marin Bancorp operates as the holding company for Bank of Marin that provides a range of financial services primarily to small to medium-sized businesses, not-for-profit organizations, and commercial real estate investors in the United States. The company offers personal and business checking and savings accounts; and individual retirement, health savings, and demand deposit marketplace accounts, as well as time certificates of deposit, certificate of deposit account registry, and insured cash sweep services. It also provides commercial real estate, commercial and industrial, and consumer loans, as well as construction financing and home equity lines of credit. In addition, the company offers merchant and payroll services; commercial equipment leasing program; payment solutions; treasury management services; credit cards; and mobile deposit, remote deposit capture, automated clearing house, wire transfer, and image lockbox services. Further, it provides wealth management and trust services comprising customized investment portfolio management, financial planning, trust administration, estate settlement, and custody services, as well as 401(k) plan services; and automated teller machines, and telephone and digital banking services. The company was incorporated in 1989 and is headquartered in Novato, California.", "fullTimeEmployees": 311, "companyOfficers": [{"maxAge": 1, "name": "Mr. Timothy D. Myers", "age": 51, "title": "Pres, CEO & Director", "yearBorn": 1971, "fiscalYear": 2022, "totalPay": 977630, "exercisedValue": 15980, "unexercisedValue": 86501}, {"maxAge": 1, "name": "Ms. Tani  Girton", "age": 62, "title": "Exec. VP & CFO", "yearBorn": 1960, "fiscalYear": 2022, "totalPay": 608170, "exercisedValue": 46620, "unexercisedValue": 90695}, {"maxAge": 1, "name": "Ms. Misako  Stewart", "age": 53, "title": "Exec. VP & Chief Credit Officer of Bank of Marin", "yearBorn": 1969, "fiscalYear": 2022, "totalPay": 550252, "exercisedValue": 0, "unexercisedValue": 18564}, {"maxAge": 1, "name": "Mr. Sathis  Arasadi", "title": "Chief Information Officer", "exercisedValue": 0, "unexercisedValue": 0}, {"maxAge": 1, "name": "Ms. Boo  Wilson", "title": "Chief Marketing Officer", "exercisedValue": 0, "unexercisedValue": 0}, {"maxAge": 1, "name": "Mr. Patrick J. London", "age": 64, "title": "Exec. VP & Director of Private Banking", "yearBorn": 1958, "fiscalYear": 2006, "exercisedValue": 0, "unexercisedValue": 0}, {"maxAge": 1, "name": "Ms. Deborah Hoke Smith", "title": "Sr. VP & Director of Wealth Management & Trust, AIF", "exercisedValue": 0, "unexercisedValue": 0}, {"maxAge": 1, "name": "Mr. David A. Merck", "age": 59, "title": "First VP & Controller", "yearBorn": 1963, "exercisedValue": 0, "unexercisedValue": 0}], "auditRisk": 6, "boardRisk": 6, "compensationRisk": 3, "shareHolderRightsRisk": 1, "overallRisk": 3, "governanceEpochDate": "2023-04-30 20:00:00", "compensationAsOfEpochDate": "2022-12-30 19:00:00", "maxAge": 86400, "latitude": 38.07361097916663, "longitude": -122.54258003204251}