{"address1": "Brookfield Place", "address2": "Suite 100 181 Bay Street", "city": "Toronto", "state": "ON", "zip": "M5J 2T3", "country": "Canada", "phone": "416-363-9491", "fax": "416-363-2856", "website": "https://www.brookfield.com", "industry": "Asset Management", "industryDisp": "Asset Management", "sector": "Financial Services", "longBusinessSummary": "Brookfield Corporation is an alternative asset manager and REIT/Real Estate Investment Manager firm focuses on real estate, renewable power, infrastructure and venture capital and private equity assets. It manages a range of public and private investment products and services for institutional and retail clients. It typically makes investments in sizeable, premier assets across geographies and asset classes. It invests both its own capital as well as capital from other investors. Within private equity and venture capital, it focuses on acquisition, early ventures, control buyouts and financially distressed, buyouts and corporate carve-outs, recapitalizations, convertible, senior and mezzanine financings, operational and capital structure restructuring, strategic re-direction, turnaround, and under-performing midmarket companies. It invests in both public debt and equity markets. It invests in private equity sectors with focus on Business Services include infrastructure, healthcare, road fuel distribution and marketing, construction and real estate; Industrials include manufacturers of automotive batteries, graphite electrodes, returnable plastic packaging, and sanitation management and development; and Residential/ infrastructure services. It targets companies which likely possess underlying real assets, primarily in sectors such as industrial products, building materials, metals, mining, homebuilding, oil and gas, paper and packaging, manufacturing and forest product sectors. It invests globally with focus on North America including Brazil, the United States, Canada; Europe; and Australia; and Asia-Pacific. The firm considers equity investments in the range of $2 million to $500 million. It has a four-year investment period and a 10-year term with two one-year extensions. The firm prefers to take minority stake and majority stake. Brookfield Corporation was founded in 1997 and based in Toronto, Canada with additional offices across Northern America; South America; Europe; Middle East and Asia.", "fullTimeEmployees": 202500, "companyOfficers": [{"maxAge": 1, "name": "Mr. James Bruce Flatt", "age": 57, "title": "Managing Partner, CEO & Director", "yearBorn": 1965, "fiscalYear": 2022, "totalPay": 742643, "exercisedValue": 0, "unexercisedValue": 0}, {"maxAge": 1, "name": "Mr. Nicholas H. Goodman C.A.", "title": "Pres & CFO", "fiscalYear": 2022, "totalPay": 1107652, "exercisedValue": 0, "unexercisedValue": 0}, {"maxAge": 1, "name": "Mr. Cyrus  Madon", "age": 56, "title": "Chief Exec. Officer of Private Equity Group", "yearBorn": 1966, "fiscalYear": 2022, "totalPay": 567497, "exercisedValue": 0, "unexercisedValue": 0}, {"maxAge": 1, "name": "Mr. Sachin G. Shah CPA, CPA", "age": 45, "title": "Chief Exec. Officer of Insurance Solutions", "yearBorn": 1977, "fiscalYear": 2022, "totalPay": 1107565, "exercisedValue": 0, "unexercisedValue": 0}, {"maxAge": 1, "name": "Mr. Samuel J. B. Pollock", "age": 56, "title": "Chief Exec. Officer of Infrastructure", "yearBorn": 1966, "fiscalYear": 2022, "totalPay": 567497, "exercisedValue": 0, "unexercisedValue": 0}, {"maxAge": 1, "name": "Mr. Brian William Kingston", "age": 48, "title": "Chief Exec. Officer of Real Estate", "yearBorn": 1974, "fiscalYear": 2022, "totalPay": 1500000, "exercisedValue": 0, "unexercisedValue": 0}, {"maxAge": 1, "name": "Mr. David James Nowak", "age": 52, "title": "Managing Partner of Private Equity", "yearBorn": 1970, "exercisedValue": 0, "unexercisedValue": 0}, {"maxAge": 1, "name": "Mr. Pierre  McNeil", "age": 59, "title": "Managing Director of Private Equity", "yearBorn": 1963, "exercisedValue": 0, "unexercisedValue": 0}, {"maxAge": 1, "name": "Ms. Lori Anne Pearson F.C.A., FCPA", "age": 60, "title": "Managing Partner & COO", "yearBorn": 1962, "exercisedValue": 0, "unexercisedValue": 0}, {"maxAge": 1, "name": "Mr. Dominic  Dodds", "title": "Managing Director of Technology", "exercisedValue": 0, "unexercisedValue": 0}], "auditRisk": 8, "boardRisk": 4, "compensationRisk": 6, "shareHolderRightsRisk": 10, "overallRisk": 8, "governanceEpochDate": "2023-04-30 20:00:00", "compensationAsOfEpochDate": "2022-12-30 19:00:00", "maxAge": 86400, "latitude": 43.64721600000007, "longitude": -79.37871299999995}