{"address1": "8265 West Sunset Boulevard", "address2": "Suite # 107", "city": "West Hollywood", "state": "CA", "zip": "90046", "country": "United States", "phone": "323-682-8949", "industry": "Shell Companies", "industryDisp": "Shell Companies", "sector": "Financial Services", "longBusinessSummary": "Bannix Acquisition Corp. does not have significant operations. It focuses on effecting a merger, share exchange, asset acquisition, stock purchase, recapitalization, reorganization, or related business combination with one or more target businesses. The company intends to focus its search on target businesses in the customer engagement sector of telecommunications, retail, and financial services; B2B enterprise software; and that utilizes big data analytics technologies, advanced artificial intelligence/machine learning algorithms, cloud capabilities, and IoT-friendly infrastructure. Bannix Acquisition Corp. was incorporated in 2021 and is based in West Hollywood, California.", "companyOfficers": [{"maxAge": 1, "name": "Mr. Douglas Landers Davis", "age": 63, "title": "Co- Chairman, CEO, Sec. and Principal Exec., Accounting & Financial Officer", "yearBorn": 1959, "exercisedValue": 0, "unexercisedValue": 0}, {"maxAge": 1, "name": "Mr. Sudeesh  Yezhuvath B. Tech, B.Tech.", "age": 53, "title": "Chief Operating Officer", "yearBorn": 1969, "exercisedValue": 0, "unexercisedValue": 0}], "maxAge": 86400, "latitude": 34.09716700394506, "longitude": -118.36950000299584}