{"address1": "300 S 1350 E", "address2": "2nd Floor", "city": "Lehi", "state": "UT", "zip": "84043", "country": "United States", "phone": "801 447 1534", "website": "https://www.banneracquisition.com", "industry": "Shell Companies", "industryDisp": "Shell Companies", "sector": "Financial Services", "longBusinessSummary": "Banner Acquisition Corp. does not have significant operations. The company intends to effect a merger, capital stock exchange, asset acquisition, stock purchase, reorganization, or similar business combination with one or more businesses. Banner Acquisition Corp. was incorporated in 2021 and is based in Lehi, Utah.", "companyOfficers": [{"maxAge": 1, "name": "Mr. Tanner  Ainge J.D.", "age": 37, "title": "CEO & Director", "yearBorn": 1985, "exercisedValue": 0, "unexercisedValue": 0}, {"maxAge": 1, "name": "Mr. B. Gregory Woodward Jr.", "age": 45, "title": "CFO & Director", "yearBorn": 1977, "exercisedValue": 0, "unexercisedValue": 0}], "maxAge": 86400, "latitude": 40.384415979676135, "longitude": -111.82982598982278}