{"address1": "Ideation House", "address2": "First Floor 94 Pitts Bay Road", "city": "Pembroke", "zip": "HM08", "country": "Bermuda", "phone": "441-405-7811", "website": "https://bnre.brookfield.com", "industry": "Insurance\u2014Reinsurance", "industryDisp": "Insurance\u2014Reinsurance", "sector": "Financial Services", "longBusinessSummary": "Brookfield Reinsurance Ltd., through its subsidiaries, provides annuity-based reinsurance products to insurance and reinsurance companies in the United States, Canada, and internationally. The company operates in three segments: Direct Insurance, Reinsurance, and Pension Risk Transfer (PRT). The Direct Insurance segment offers a range of insurance products and services including life insurance, annuities, property and casualty insurance, health insurance, credit insurance, and pension products. The Reinsurance segment provides reinsurance of annuity-based products, such as fixed annuities, fixed index annuities, and payout annuities. The PRT segment provides transfer by a corporate sponsor of the risks associated with the sponsorship and administration of a pension plan. The company was formerly known as Brookfield Asset Management Reinsurance Partners Ltd. and changed its name to Brookfield Reinsurance Ltd. in December 2022. Brookfield Reinsurance Ltd. was founded in 1905 and is headquartered in Pembroke, Bermuda.", "companyOfficers": [{"maxAge": 1, "name": "Mr. Sachin G. Shah CPA, CPA", "age": 45, "title": "Chairman, CEO & Head of Insurance Solutions Bus.", "yearBorn": 1977, "fiscalYear": 2022, "totalPay": 1107565, "exercisedValue": 0, "unexercisedValue": 0}, {"maxAge": 1, "name": "Mr. Thomas  Corbett", "age": 42, "title": "Chief Financial Officer", "yearBorn": 1980, "fiscalYear": 2022, "totalPay": 440012, "exercisedValue": 0, "unexercisedValue": 0}, {"maxAge": 1, "name": "Mr. Paul  Forestell", "age": 53, "title": "Chief Operating Officer", "yearBorn": 1969, "fiscalYear": 2022, "totalPay": 1204232, "exercisedValue": 0, "unexercisedValue": 0}, {"maxAge": 1, "name": "Ms. Mabel  Wong", "age": 39, "title": "Chief Financial Officer (Leave of Absence)", "yearBorn": 1983, "fiscalYear": 2022, "totalPay": 445323, "exercisedValue": 0, "unexercisedValue": 0}, {"maxAge": 1, "name": "Mr. Gregory N. McConnie", "age": 50, "title": "Chief Exec. Officer of NER SPC & NER Ltd", "yearBorn": 1972, "fiscalYear": 2022, "totalPay": 510572, "exercisedValue": 0, "unexercisedValue": 0}, {"maxAge": 1, "name": "Mr. Lorenzo  Lorilla", "age": 40, "title": "Chief Investment Officer", "yearBorn": 1982, "exercisedValue": 0, "unexercisedValue": 0}, {"maxAge": 1, "name": "Mr. Michael T. McRaith", "title": "Vice Chair of Insurance Solutions business", "exercisedValue": 0, "unexercisedValue": 0}, {"maxAge": 1, "name": "Anna  Knapman-Scott", "title": "Corp. Sec.", "exercisedValue": 0, "unexercisedValue": 0}], "compensationAsOfEpochDate": "2022-12-30 19:00:00", "maxAge": 86400, "latitude": 32.293530100000055, "longitude": -64.79081499999995}