{"address1": "40 Temperance Street", "city": "Toronto", "state": "ON", "zip": "M5H 0B4", "country": "Canada", "website": "https://www.scotiabank.com", "industry": "Banks\u2014Diversified", "industryDisp": "Banks\u2014Diversified", "sector": "Financial Services", "longBusinessSummary": "The Bank of Nova Scotia provides various banking products and services in Canada, the United States, Mexico, Peru, Chile, Colombia, the Caribbean and Central America, and internationally. It operates in four segments: Canadian Banking, International Banking, Global Wealth Management, and Global Banking and Markets. The company offers financial advice and solutions, and day-to-day banking products, including debit and credit cards, chequing and saving accounts, investments, mortgages, loans, and insurance to individuals; and business banking solutions comprising lending, deposit, cash management, and trade finance solutions to small, medium, and large businesses, including automotive financing solutions to dealers and their customers. It also provides wealth management advice and solutions, including online brokerage, mobile investment, full-service brokerage, trust, private banking, and private investment counsel services; and retail mutual funds, exchange traded funds, liquid alternative funds, and institutional funds. In addition, the company offers international banking services for retail, corporate, and commercial customers; and lending and transaction, investment banking advisory, and capital markets access services to corporate customers. Further, it provides online, mobile, and telephone banking services. The Bank of Nova Scotia was founded in 1832 and is headquartered in Halifax, Canada.", "fullTimeEmployees": 91264, "companyOfficers": [{"maxAge": 1, "name": "Mr. L. Scott Thomson", "age": 52, "title": "Pres, CEO & Director", "yearBorn": 1970, "fiscalYear": 2022, "totalPay": 237361, "exercisedValue": 0, "unexercisedValue": 0}, {"maxAge": 1, "name": "Mr. Rajagopal  Viswanathan", "title": "Group Head & CFO", "fiscalYear": 2022, "totalPay": 1091819, "exercisedValue": 0, "unexercisedValue": 0}, {"maxAge": 1, "name": "Mr. Daniel Llewellyn Rees", "title": "Group Head of Canadian Banking", "fiscalYear": 2022, "totalPay": 1539440, "exercisedValue": 228881, "unexercisedValue": 0}, {"maxAge": 1, "name": "Mr. Jake P. Lawrence", "title": "CEO and Group Head of Global Banking & Markets", "fiscalYear": 2022, "totalPay": 2084832, "exercisedValue": 73095, "unexercisedValue": 0}, {"maxAge": 1, "name": "Dr. Michael  Zerbs Ph.D.", "title": "Group Head of Technology & Operations", "exercisedValue": 0, "unexercisedValue": 0}, {"maxAge": 1, "name": "Mr. James A. Neate", "title": "Pres and Group Head of Corp. & Investment Banking", "exercisedValue": 0, "unexercisedValue": 0}, {"maxAge": 1, "name": "Mr. Shawn  Rose", "title": "Exec. VP & CTO", "exercisedValue": 0, "unexercisedValue": 0}, {"maxAge": 1, "name": "Mr. Philip Stephen Watson Smith", "title": "Sr. VP of Investor Relations", "exercisedValue": 0, "unexercisedValue": 0}, {"maxAge": 1, "name": "Mr. Ian  Arellano", "title": "Exec. VP & Gen. Counsel", "exercisedValue": 0, "unexercisedValue": 0}, {"maxAge": 1, "name": "Ms. Nicole  Frew", "title": "Exec. VP & Chief Compliance Officer", "exercisedValue": 0, "unexercisedValue": 0}], "auditRisk": 2, "boardRisk": 3, "compensationRisk": 6, "shareHolderRightsRisk": 5, "overallRisk": 3, "governanceEpochDate": "2023-04-30 20:00:00", "compensationAsOfEpochDate": "2022-12-30 19:00:00", "maxAge": 86400, "latitude": 43.650951396511374, "longitude": -79.38028629840365}