{"address1": "300 Crescent Court", "address2": "Suite 1860", "city": "Dallas", "state": "TX", "zip": "75201", "country": "United States", "phone": "(469) 398-2200", "fax": "(682) 626-1328", "website": "https://www.bluescapegroup.com/spac.html", "industry": "Shell Companies", "industryDisp": "Shell Companies", "sector": "Financial Services", "longBusinessSummary": "Bluescape Opportunities Acquisition Corp. does not have significant operations. The company focuses on effecting a merger, share exchange, asset acquisition, share purchase, reorganization, or similar business combination with one or more businesses or entities. It intends to focus on businesses in the energy and industrials sectors. The company was incorporated in 2020 and is based in Dallas, Texas.", "companyOfficers": [{"maxAge": 1, "name": "Mr. C. John Wilder", "age": 63, "title": "Exec. Chairman & CEO", "yearBorn": 1959, "exercisedValue": 0, "unexercisedValue": 0}, {"maxAge": 1, "name": "Mr. Jonathan A. Siegler", "age": 50, "title": "Pres, COO & Non-Independent Director", "yearBorn": 1972, "exercisedValue": 0, "unexercisedValue": 0}, {"maxAge": 1, "name": "Mr. Tristan  Yopp", "age": 36, "title": "Chief Financial Officer", "yearBorn": 1986, "exercisedValue": 0, "unexercisedValue": 0}], "maxAge": 86400, "latitude": 32.79365000910761, "longitude": -96.80390198566201}