{"address1": "2 Wisconsin Circle", "address2": "7th Floor", "city": "Chevy Chase", "state": "MD", "zip": "20815", "country": "United States", "phone": "(240) 235-5049", "website": "https://boacquisition.com", "industry": "Shell Companies", "industryDisp": "Shell Companies", "sector": "Financial Services", "longBusinessSummary": "Blue Ocean Acquisition Corp. does not have significant operations. It focuses on effecting a merger, share exchange, asset acquisition, share purchase, reorganization, or similar business combination with one or more businesses or entities. The company intends to focus within the consumer Internet sector in segments, such as online marketplaces, education technology, advertising technology, digital media and enabling technologies, and direct-to-consumer e-commerce businesses. The company was incorporated in 2021 and is based in Chevy Chase, Maryland.", "companyOfficers": [{"maxAge": 1, "name": "Mr. Richard  Leggett", "age": 54, "title": "Chief Exec. Officer", "yearBorn": 1968, "exercisedValue": 0, "unexercisedValue": 0}, {"maxAge": 1, "name": "Mr. Matt  Lasov", "title": "Chief Financial Officer", "exercisedValue": 0, "unexercisedValue": 0}, {"maxAge": 1, "name": "Mr. Stuart D. Karle", "title": "Advisor, Sec. & Gen. Counsel", "exercisedValue": 0, "unexercisedValue": 0}, {"maxAge": 1, "name": "Mr. Sean Ian Glodek", "age": 51, "title": "VP & Director", "yearBorn": 1971, "exercisedValue": 0, "unexercisedValue": 0}], "maxAge": 86400, "latitude": 38.96160199724213, "longitude": -77.0854930379826}