{"address1": "130 Merchant Street", "city": "Honolulu", "state": "HI", "zip": "96813", "country": "United States", "phone": "888 643 3888", "website": "https://www.boh.com", "industry": "Banks\u2014Regional", "industryDisp": "Banks\u2014Regional", "sector": "Financial Services", "longBusinessSummary": "Bank of Hawaii Corporation operates as the bank holding company for Bank of Hawaii that provides various financial products and services in Hawaii, Guam, and other Pacific Islands. It operates in three segments: Consumer Banking, Commercial Banking, and Treasury and Other. The Consumer Banking segment offers checking, savings, and time deposit accounts; residential mortgage loans, home equity lines of credit, automobile loans and leases, personal lines of credit, installment loans, small business loans and leases, and credit cards; private and international client banking, investment, credit, and trust services to individuals and families, and high-net-worth individuals; investment management; institutional investment advisory services to corporations, government entities, and foundations; and brokerage offerings, including equities, mutual funds, life insurance, and annuity products. The Commercial Banking segment provides corporate banking, commercial real estate loans, commercial lease financing, auto dealer financing, and deposit products. This segment also offers commercial lending and deposit products to middle-market and large companies, and government entities; commercial real estate mortgages to investors, developers, and builders; and international banking and merchant services. The Treasury and Other segment provides corporate asset and liability management services, including interest rate risk management and foreign exchange services. Bank of Hawaii Corporation was founded in 1897 and is headquartered in Honolulu, Hawaii.", "fullTimeEmployees": 2025, "companyOfficers": [{"maxAge": 1, "name": "Mr. Peter S. Ho", "age": 57, "title": "Chairman, Pres & CEO", "yearBorn": 1965, "fiscalYear": 2022, "totalPay": 3056449, "exercisedValue": 0, "unexercisedValue": 0}, {"maxAge": 1, "name": "Mr. Dean Y. Shigemura", "age": 58, "title": "Vice Chair & CFO", "yearBorn": 1964, "fiscalYear": 2022, "totalPay": 1109443, "exercisedValue": 0, "unexercisedValue": 0}, {"maxAge": 1, "name": "Ms. Mary E. Sellers", "age": 65, "title": "Vice Chair & Chief Risk Officer", "yearBorn": 1957, "fiscalYear": 2022, "totalPay": 1140501, "exercisedValue": 0, "unexercisedValue": 0}, {"maxAge": 1, "name": "Mr. James C. Polk", "age": 55, "title": "Vice Chair & Chief Banking Officer", "yearBorn": 1967, "fiscalYear": 2022, "totalPay": 1169693, "exercisedValue": 0, "unexercisedValue": 0}, {"maxAge": 1, "name": "Mr. Marco Aurelio Abbruzzese", "age": 56, "title": "Vice Chair of Wealth Management", "yearBorn": 1966, "fiscalYear": 2022, "totalPay": 1825575, "exercisedValue": 0, "unexercisedValue": 0}, {"maxAge": 1, "name": "Mr. Roger John Khlopin C.F.A.", "title": "Exec. VP & Chief Investment Officer", "exercisedValue": 0, "unexercisedValue": 0}, {"maxAge": 1, "name": "Ms. Jeanne M. Dressel", "age": 60, "title": "Sr. VP, Controller & Principal Accounting Officer", "yearBorn": 1962, "exercisedValue": 0, "unexercisedValue": 0}, {"maxAge": 1, "name": "Mr. Vance H. Jones", "title": "Exec. VP & CTO", "exercisedValue": 0, "unexercisedValue": 0}, {"maxAge": 1, "name": "Ms. Taryn L. Salmon", "title": "Sr. EVP & Chief Information Officer", "exercisedValue": 0, "unexercisedValue": 0}, {"maxAge": 1, "name": "Ms. Jennifer  Lam", "title": "Sr. EVP, Treasurer & Director of Investor Relations", "exercisedValue": 0, "unexercisedValue": 0}], "auditRisk": 4, "boardRisk": 4, "compensationRisk": 6, "shareHolderRightsRisk": 2, "overallRisk": 3, "governanceEpochDate": "2023-04-30 20:00:00", "compensationAsOfEpochDate": "2022-12-30 19:00:00", "maxAge": 86400, "latitude": 21.308632000027515, "longitude": -157.86220599797656}