{"address1": "Bank of Oklahoma Tower", "address2": "Boston Avenue at Second Street", "city": "Tulsa", "state": "OK", "zip": "74172", "country": "United States", "phone": "918 588 6000", "website": "https://investor.bokf.com", "industry": "Banks\u2014Regional", "industryDisp": "Banks\u2014Regional", "sector": "Financial Services", "longBusinessSummary": "BOK Financial Corporation operates as the financial holding company for BOKF, NA that provides various financial products and services in Oklahoma, Texas, New Mexico, Northwest Arkansas, Colorado, Arizona, and Kansas/Missouri. It operates through three segments: Commercial Banking, Consumer Banking, and Wealth Management. The Commercial Banking segment offers lending, treasury, cash management, and customer commodity risk management products for small businesses, middle market, and larger commercial customers, as well as operates TransFund electronic funds transfer network. The Consumer Banking segment engages in the provision of retail lending and deposit services to small business customers through retail branch network; and mortgage loan origination and servicing activities. The Wealth Management segment offers fiduciary, private bank, insurance, and investment advisory services; and brokerage and trading services primarily related to providing liquidity to the mortgage markets through trading of U.S. government agency mortgage-backed securities and related derivative contracts, as well as underwrites state and municipal securities. The company also provides commercial loans, such as loans for working capital, facilities acquisition or expansion, purchases of equipment, and other needs of commercial customers; and service, healthcare, manufacturing, wholesale/retail, energy, and other sector loans. In addition, it offers commercial real estate loans for the construction of buildings or other improvements to real estate and property held by borrowers for investment purposes; residential mortgage and personal loans; and automated teller machine, call center, and Internet and mobile banking services. The company was founded in 1910 and is headquartered in Tulsa, Oklahoma.", "fullTimeEmployees": 4796, "companyOfficers": [{"maxAge": 1, "name": "Mr. Stacy C. Kymes", "age": 51, "title": "CEO, Pres & Director", "yearBorn": 1971, "fiscalYear": 2022, "totalPay": 1369962, "exercisedValue": 0, "unexercisedValue": 0}, {"maxAge": 1, "name": "Mr. Scott Bradley Grauer", "age": 57, "title": "Exec. VP of Wealth Management", "yearBorn": 1965, "fiscalYear": 2022, "totalPay": 1151301, "exercisedValue": 0, "unexercisedValue": 0}, {"maxAge": 1, "name": "Mr. Marc C. Maun", "age": 63, "title": "Exec. VP & Regional Banking Exec.", "yearBorn": 1959, "fiscalYear": 2022, "totalPay": 1032198, "exercisedValue": 0, "unexercisedValue": 0}, {"maxAge": 1, "name": "Mr. Martin E. Grunst", "age": 55, "title": "Exec. VP & CFO", "yearBorn": 1967, "exercisedValue": 0, "unexercisedValue": 0}, {"maxAge": 1, "name": "Mr. Michael J. Rogers CPA", "age": 53, "title": "Sr. VP & Chief Accounting Officer", "yearBorn": 1969, "exercisedValue": 0, "unexercisedValue": 0}, {"maxAge": 1, "name": "Mr. Derek S. Martin", "age": 51, "title": "Exec. VP & Chief Information Officer", "yearBorn": 1971, "exercisedValue": 0, "unexercisedValue": 0}, {"maxAge": 1, "name": "Dean  Miller", "title": "Sr. VP and Sr. Compliance Mang.", "exercisedValue": 0, "unexercisedValue": 0}, {"maxAge": 1, "name": "Ms. Sue  Hermann", "title": "Sr. VP &  Director of Corp. Communications", "exercisedValue": 0, "unexercisedValue": 0}, {"maxAge": 1, "name": "Mr. Jeffrey A. Reid", "age": 54, "title": "Exec. VP & Chief Human Resource Officer", "yearBorn": 1968, "exercisedValue": 0, "unexercisedValue": 0}, {"maxAge": 1, "name": "Mr. Anthony P. Phillips", "title": "Sr. VP of Bus. Devel. & National Sales Director of BOK Financial Institutional Wealth", "exercisedValue": 0, "unexercisedValue": 0}], "auditRisk": 1, "boardRisk": 10, "compensationRisk": 1, "shareHolderRightsRisk": 3, "overallRisk": 6, "governanceEpochDate": "2023-04-30 20:00:00", "compensationAsOfEpochDate": "2022-12-30 19:00:00", "maxAge": 86400, "latitude": 36.15518600000007, "longitude": -95.99063299999995}