{"address1": "828 Main Street", "city": "Lynchburg", "state": "VA", "zip": "24504", "country": "United States", "phone": "(434) 846-2000", "website": "https://www.bankofthejames.bank", "industry": "Banks\u2014Regional", "industryDisp": "Banks\u2014Regional", "sector": "Financial Services", "longBusinessSummary": "Bank of the James Financial Group, Inc. operates as the bank holding company for Bank of the James that provides general retail and commercial banking services to individuals, businesses, associations and organizations, and governmental authorities in Virginia, the United States. It offers checking, savings, individual retirement, and health care saving accounts, as well as other time deposits, including money market accounts and certificates of deposit. The company also offers loans to small- and medium-sized businesses for the purchases of equipment, facilities upgrades, inventory acquisition, and various working capital purposes; commercial and residential construction and development loans; commercial real estate mortgage loans; residential mortgage loans; and secured and unsecured consumer loans, such as lines of credit and overdraft lines of credit, as well as personal, automobile, installment, demand, and home equity loans for personal, family, or household purposes. In addition, it provides other banking services, including safe deposit boxes, traveler's checks, direct deposit of payroll and social security checks, automatic drafts for various accounts, treasury management, and credit card merchant services. Further, the company offers securities brokerage and investment services; and telephone and internet banking services comprising online bill pay, as well as acts as an agent for insurance and annuity products. The company was founded in 1998 and is headquartered in Lynchburg, Virginia.", "fullTimeEmployees": 163, "companyOfficers": [{"maxAge": 1, "name": "Mr. Robert R. Chapman III", "age": 59, "title": "Pres & Director", "yearBorn": 1963, "fiscalYear": 2022, "totalPay": 617413, "exercisedValue": 0, "unexercisedValue": 0}, {"maxAge": 1, "name": "Mr. J. Todd Scruggs", "age": 54, "title": "Sec., Treasurer & Director", "yearBorn": 1968, "fiscalYear": 2022, "totalPay": 495515, "exercisedValue": 0, "unexercisedValue": 0}, {"maxAge": 1, "name": "Mr. Michael A. Syrek", "age": 50, "title": "Pres of Bank of the James", "yearBorn": 1972, "fiscalYear": 2022, "totalPay": 491491, "exercisedValue": 0, "unexercisedValue": 0}, {"maxAge": 1, "name": "Mr. Brandon P. Farmer", "age": 42, "title": "Exec. VP & Chief Operations Officer", "yearBorn": 1980, "exercisedValue": 0, "unexercisedValue": 0}, {"maxAge": 1, "name": "Mr. Brian E. Cash", "title": "Pres of Bank of the James Mortgage", "exercisedValue": 0, "unexercisedValue": 0}, {"maxAge": 1, "name": "Mr. Bradford K. Harris", "title": "Market Pres - Roanoke Valley", "exercisedValue": 0, "unexercisedValue": 0}], "compensationAsOfEpochDate": "2022-12-30 19:00:00", "maxAge": 86400, "latitude": 37.41526499735902, "longitude": -79.14220403839937}