{"address1": "38 Keyes Ave", "address2": "Ste 100", "city": "San Francisco", "state": "CA", "zip": "94129", "country": "United States", "phone": "415 649 6923", "website": "https://bullpenparlayacquisitioncompany.gcs-web.com", "industry": "Shell Companies", "industryDisp": "Shell Companies", "sector": "Financial Services", "longBusinessSummary": "Bullpen Parlay Acquisition Company does not have significant operations. It intends to effect a merger, share exchange, asset acquisition, share purchase, reorganization, or similar business combination with one or more operating businesses or assets in the field of online real money gaming, technology, sports, digital media, hospitality, and leisure. The company was incorporated in 2021 and is based in San Francisco, California.", "companyOfficers": [{"maxAge": 1, "name": "Mr. Paul  Martino", "age": 46, "title": "Exec. Chairman", "yearBorn": 1976, "exercisedValue": 0, "unexercisedValue": 0}, {"maxAge": 1, "name": "Mr. David  VanEgmond", "age": 32, "title": "CEO & Director", "yearBorn": 1990, "exercisedValue": 0, "unexercisedValue": 0}, {"maxAge": 1, "name": "Mr. Eric D. Wiesen J.D.", "age": 46, "title": "Pres", "yearBorn": 1976, "exercisedValue": 0, "unexercisedValue": 0}, {"maxAge": 1, "name": "Mr. Duncan M. Davidson J.D.", "age": 69, "title": "Exec. VP", "yearBorn": 1953, "exercisedValue": 0, "unexercisedValue": 0}], "maxAge": 86400, "latitude": 37.799585986789126, "longitude": -122.45666200409488}