{"address1": "209 MuNoz Rivera Avenue", "city": "Hato Rey", "state": "PR", "zip": "00918", "country": "United States", "phone": "787 765 9800", "website": "https://www.popular.com", "industry": "Banks\u2014Regional", "industryDisp": "Banks\u2014Regional", "sector": "Financial Services", "longBusinessSummary": "Popular, Inc., through its subsidiaries, provides various retail, mortgage, and commercial banking products and services in Puerto Rico, the United States, and British Virgin Islands. The company provides savings, NOW, money market, and other interest-bearing demand accounts; non-interest bearing demand deposits; and certificates of deposit. It also offers commercial and industrial, commercial multi-family, commercial real estate, and residential mortgage loans; consumer loans, including personal loans, credit cards, automobile loans, home equity lines of credit, and other loans to individual borrowers; construction loans; and lease financing comprising automobile loans/leases. In addition, the company provides investment banking, auto and equipment leasing and financing, broker-dealer, and insurance services; debit cards; and online banking services. Popular, Inc. was founded in 1893 and is headquartered in Hato Rey, Puerto Rico.", "fullTimeEmployees": 8975, "companyOfficers": [{"maxAge": 1, "name": "Mr. Ignacio  Alvarez Esq.", "age": 64, "title": "Pres, CEO & Director", "yearBorn": 1958, "fiscalYear": 2022, "totalPay": 3301657, "exercisedValue": 0, "unexercisedValue": 0}, {"maxAge": 1, "name": "Mr. Carlos J. Vazquez", "age": 63, "title": "Exec. VP & CFO of Corp. Fin. Group", "yearBorn": 1959, "fiscalYear": 2022, "totalPay": 1544778, "exercisedValue": 0, "unexercisedValue": 0}, {"maxAge": 1, "name": "Mr. Javier D. Ferrer-Fern\u00e1ndez J.D.", "age": 61, "title": "Exec. VP, COO, Head of Bus. Strategy & Corp. Sec.", "yearBorn": 1961, "fiscalYear": 2022, "totalPay": 1622599, "exercisedValue": 0, "unexercisedValue": 0}, {"maxAge": 1, "name": "Mr. Lidio V. Soriano CPA", "age": 53, "title": "Exec. VP & Chief Risk Officer of Corp. Risk Management Group", "yearBorn": 1969, "fiscalYear": 2015, "exercisedValue": 0, "unexercisedValue": 0}, {"maxAge": 1, "name": "Mr. Manuel A. Chinea", "age": 56, "title": "Exec. VP & COO of Popular Bank", "yearBorn": 1966, "fiscalYear": 2022, "totalPay": 1175884, "exercisedValue": 0, "unexercisedValue": 0}, {"maxAge": 1, "name": "Mr. Jorge Jose Garc\u00eda", "title": "Principal Accounting Officer, Sr. VP & Comptroller", "exercisedValue": 0, "unexercisedValue": 0}, {"maxAge": 1, "name": "Ms. Camille  Burckhart", "age": 42, "title": "Exec. VP and Chief Information & Digital Strategy Officer of Innovation, Technology & Ops. Group", "yearBorn": 1980, "exercisedValue": 0, "unexercisedValue": 0}, {"maxAge": 1, "name": "Mr. Eduardo J. Negron", "age": 57, "title": "Exec. VP & Chief Admin. Officer - Admin. Group", "yearBorn": 1965, "fiscalYear": 2013, "exercisedValue": 0, "unexercisedValue": 0}, {"maxAge": 1, "name": "Mr. Paul J. Cardillo", "title": "Investor Relations Officer", "exercisedValue": 0, "unexercisedValue": 0}, {"maxAge": 1, "name": "Mr. Jose R. Coleman-Tio Esq.", "age": 41, "title": "Exec. VP, Chief Legal Officer & Gen. Counsel", "yearBorn": 1981, "exercisedValue": 0, "unexercisedValue": 0}], "auditRisk": 3, "boardRisk": 3, "compensationRisk": 1, "shareHolderRightsRisk": 1, "overallRisk": 1, "governanceEpochDate": "2023-04-30 20:00:00", "compensationAsOfEpochDate": "2022-12-30 19:00:00", "maxAge": 86400, "latitude": 18.426963982107583, "longitude": -66.05871974174036}