{"address1": "183 Bayard Lane", "city": "Princeton", "state": "NJ", "zip": "08540", "country": "United States", "phone": "609 921 1700", "website": "https://www.thebankofprinceton.com", "industry": "Banks\u2014Regional", "industryDisp": "Banks\u2014Regional", "sector": "Financial Services", "longBusinessSummary": "Princeton Bancorp, Inc. operates as the bank holding company for The Bank of Princeton that provides various banking products and services. It accepts various deposit products, including checking, savings, attorney trust, and money market accounts, as well as certificates of deposit. The company also offers various loan products comprising commercial real estate and multi-family, commercial and industrial, construction, paycheck protection program, residential first-lien mortgage, home equity, and consumer loans. In addition, it provides debit and credit cards, and money orders, direct deposit, automated teller machines, cashier's checks, safe deposit boxes, wire transfers, night depository, remote deposit capture, bank-by-mail, online, and automated telephone banking services, as well as payroll-related services and merchant credit card processing services. Further, the company offers full on-line statements, on-line bill payment, account inquiries, transaction histories and details, and account-to-account transfer services. Princeton Bancorp, Inc. was incorporated in 2007 and is headquartered in Princeton, New Jersey.", "fullTimeEmployees": 175, "companyOfficers": [{"maxAge": 1, "name": "Mr. Edward J. Dietzler", "age": 57, "title": "Pres, CEO & Director", "yearBorn": 1965, "fiscalYear": 2022, "totalPay": 895383, "exercisedValue": 0, "unexercisedValue": 158260}, {"maxAge": 1, "name": "Mr. Daniel J. O'Donnell Esq., J.D.", "age": 59, "title": "Exec. VP, COO, Gen. Counsel & Assistant Sec.", "yearBorn": 1963, "fiscalYear": 2022, "totalPay": 782594, "exercisedValue": 0, "unexercisedValue": 485648}, {"maxAge": 1, "name": "Mr. Robert N. Ridolfi J.D.", "age": 74, "title": "Sec. & Independent Director", "yearBorn": 1948, "fiscalYear": 2022, "totalPay": 87350, "exercisedValue": 0, "unexercisedValue": 0}, {"maxAge": 1, "name": "Ms. Stephanie M. Adkins", "age": 64, "title": "Exec. VP & Chief Lending Officer", "yearBorn": 1958, "fiscalYear": 2022, "totalPay": 414097, "exercisedValue": 0, "unexercisedValue": 360470}, {"maxAge": 1, "name": "Mr. George Stephen Rapp CPA", "age": 70, "title": "Exec. VP & CFO", "yearBorn": 1952, "exercisedValue": 0, "unexercisedValue": 0}, {"maxAge": 1, "name": "Mr. Jeffrey T. Hanuscin", "age": 58, "title": "Sr. VP, Treasurer & Chief Accounting Officer", "yearBorn": 1964, "exercisedValue": 0, "unexercisedValue": 0}, {"maxAge": 1, "name": "Mr. Matthew T. Clark", "age": 50, "title": "Exec. VP & Chief Information Officer", "yearBorn": 1972, "exercisedValue": 0, "unexercisedValue": 0}, {"maxAge": 1, "name": "Ms. Karen D. Pfeifer CRCM", "title": "Sr. VP and Director of Operations & Compliance", "exercisedValue": 0, "unexercisedValue": 0}, {"maxAge": 1, "name": "Ms. Anna Maria Potter-Miller MA", "title": "Sr. VP & Director of HR", "exercisedValue": 0, "unexercisedValue": 0}, {"maxAge": 1, "name": "Ms. Kris  Muse", "title": "Sr. VP of Commercial Lenders", "exercisedValue": 0, "unexercisedValue": 0}], "compensationAsOfEpochDate": "2022-12-30 19:00:00", "maxAge": 86400, "latitude": 40.35585598571032, "longitude": -74.66949502689275}