{"address1": "5345 Annabel Lane", "city": "Plano", "state": "TX", "zip": "75093", "country": "United States", "phone": "469 951 3088", "industry": "Shell Companies", "industryDisp": "Shell Companies", "sector": "Financial Services", "longBusinessSummary": "Broad Capital Acquisition Corp. does not have significant operations. The company focuses on effecting a merger, capital stock exchange, asset acquisition, stock purchase, reorganization, or related business combination with one or more businesses. Broad Capital Acquisition Corp. was incorporated in 2021 and is based in Plano, Texas.", "companyOfficers": [{"maxAge": 1, "name": "Mr. Yau On Tse", "age": 55, "title": "CEO & Director", "yearBorn": 1967, "exercisedValue": 0, "unexercisedValue": 0}, {"maxAge": 1, "name": "Ms. Rongrong  Jiang C.F.A.", "age": 43, "title": "CFO & Director", "yearBorn": 1979, "exercisedValue": 0, "unexercisedValue": 0}], "maxAge": 86400, "latitude": 33.04067399960043, "longitude": -96.80640197210312}