{"address1": "1807 Seminole Trail", "city": "Charlottesville", "state": "VA", "zip": "22901", "country": "United States", "phone": "540 743 6521", "fax": "540 743 5536", "website": "https://www.blueridgebankshares.com", "industry": "Banks\u2014Regional", "industryDisp": "Banks\u2014Regional", "sector": "Financial Services", "longBusinessSummary": "Blue Ridge Bankshares, Inc. operates as a bank holding company for the Blue Ridge Bank, National Association that provides commercial and consumer banking, and financial services. It operates through: Commercial Banking and Mortgage Banking segments. The company accepts checking, savings, money market, cash management, and individual retirement accounts, as well as certificates of deposit. It also offers commercial and industrial, residential mortgages, commercial mortgages, home equity, consumer installment, and guaranteed government loans; and residential mortgage loans and mortgages loans on real estate. In addition, it provides wire, direct deposit payroll, remote deposit, electronic statement, and other services; and property and casualty insurance products to individuals and businesses, as well as online, mobile, and telephone banking services. Further, the company offers employee benefit plans and administration services; management services for personal and corporate trusts, including estate planning and settlement, and trust administration, investment and wealth management, and other insurance products; and wholesale and third-party residential mortgage origination services to other financial institutions and credit unions. It operates in Callao, Charlottesville, Chester, Colonial Heights, Culpeper, Fredericksburg, Gordonsville, Harrisonburg, Hartfield, Henrico, Kilmarnock, Louisa, Luray, Martinsville, Midlothian, Mineral, Montross, Orange, Petersburg, Richmond, Shenandoah, Suffolk, Virginia Beach, Warsaw, and White Stone, Virginia; and Greensboro, North Carolina. Blue Ridge Bankshares, Inc. was founded in 1893 and is headquartered in Charlottesville, Virginia.", "fullTimeEmployees": 496, "companyOfficers": [{"maxAge": 1, "name": "Mr. Brian K. Plum CPA", "age": 43, "title": "Pres, CEO & Director", "yearBorn": 1979, "fiscalYear": 2022, "totalPay": 648560, "exercisedValue": 0, "unexercisedValue": 0}, {"maxAge": 1, "name": "Ms. Judy C. Gavant CPA", "age": 62, "title": "Exec. VP, CFO & Investor Relations", "yearBorn": 1960, "fiscalYear": 2022, "totalPay": 417203, "exercisedValue": 0, "unexercisedValue": 6338}, {"maxAge": 1, "name": "Mr. Robert S. Janney", "age": 73, "title": "Gen. Counsel & Independent Director", "yearBorn": 1949, "fiscalYear": 2022, "totalPay": 20188, "exercisedValue": 0, "unexercisedValue": 0}, {"maxAge": 1, "name": "Ms. Lanell  Deloach", "age": 43, "title": "Exec. VP & Chief Credit Officer of Blue Ridge Bank, National Association", "yearBorn": 1979, "fiscalYear": 2022, "totalPay": 322330, "exercisedValue": 0, "unexercisedValue": 0}, {"maxAge": 1, "name": "Mr. Brett E. Raynor", "age": 38, "title": "Chief Accounting Officer", "yearBorn": 1984, "exercisedValue": 0, "unexercisedValue": 0}, {"maxAge": 1, "name": "Ms. Ann M. Mann", "title": "Chief Compliance Officer", "exercisedValue": 0, "unexercisedValue": 0}, {"maxAge": 1, "name": "Kirsten  Muetzel", "title": "Pres of Fintech Division", "exercisedValue": 0, "unexercisedValue": 0}, {"maxAge": 1, "name": "Ms. Amanda G. Story", "age": 39, "title": "Corp. Sec.", "yearBorn": 1983, "fiscalYear": 2020, "exercisedValue": 0, "unexercisedValue": 0}], "auditRisk": 6, "boardRisk": 9, "compensationRisk": 8, "shareHolderRightsRisk": 8, "overallRisk": 9, "governanceEpochDate": "2023-04-30 20:00:00", "compensationAsOfEpochDate": "2022-12-30 19:00:00", "maxAge": 86400, "latitude": 38.08621799018525, "longitude": -78.47054998319156}