{"address1": "595 Madison Avenue", "address2": "28th Floor", "city": "New York", "state": "NY", "zip": "10022", "country": "United States", "phone": "713-446-6259", "website": "https://www.beardacq.com", "industry": "Shell Companies", "industryDisp": "Shell Companies", "sector": "Financial Services", "longBusinessSummary": "Beard Energy Transition Acquisition Corp. does not have significant operations. It focuses on effecting a merger, capital stock exchange, asset acquisition, stock purchase, reorganization, or similar business combination with one or more businesses. It intends to focus on businesses operating on electric power grid opportunities associated with energy transition infrastructure buildout. The company was incorporated in 2021 and is based in New York, New York.", "companyOfficers": [{"maxAge": 1, "name": "Mr. Gregory A. Beard", "age": 50, "title": "Chairman & CEO", "yearBorn": 1972, "exercisedValue": 0, "unexercisedValue": 0}, {"maxAge": 1, "name": "Ms. Sarah P. James", "age": 39, "title": "CFO & Chief Accounting Officer", "yearBorn": 1983, "exercisedValue": 0, "unexercisedValue": 0}], "maxAge": 86400, "latitude": 40.76245024835805, "longitude": -73.97206896635335}