{"address1": "111 East Sego Lily Drive", "address2": "Suite 400", "city": "Salt Lake City", "state": "UT", "zip": "84070", "country": "United States", "phone": "801 716 4500", "website": "https://www.bridgeig.com", "industry": "Asset Management", "industryDisp": "Asset Management", "sector": "Financial Services", "longBusinessSummary": "Bridge Investment Group Holdings Inc. engages in the real estate investment management business in the United States. It manages capital on behalf of approximately hundred global institutions and 6,500 individual investors across approximately 25 investment vehicles. The company was founded in 2009 and is headquartered in Salt Lake City, Utah.", "fullTimeEmployees": 2250, "companyOfficers": [{"maxAge": 1, "name": "Mr. Robert Randolph  Morse", "age": 67, "title": "Exec. Chairman", "yearBorn": 1955, "fiscalYear": 2022, "totalPay": 2827616, "exercisedValue": 0, "unexercisedValue": 0}, {"maxAge": 1, "name": "Mr. Jonathan Peter Slager", "age": 62, "title": "CEO & Director", "yearBorn": 1960, "fiscalYear": 2022, "totalPay": 2406756, "exercisedValue": 0, "unexercisedValue": 0}, {"maxAge": 1, "name": "Mr. Dean Anthony Allara", "age": 60, "title": "Head of Client Solutions Group & Vice Chairman", "yearBorn": 1962, "fiscalYear": 2022, "totalPay": 2109866, "exercisedValue": 0, "unexercisedValue": 0}, {"maxAge": 1, "name": "Mr. Adam Bernard O'Farrell", "age": 49, "title": "COO & Director", "yearBorn": 1973, "fiscalYear": 2022, "totalPay": 2284181, "exercisedValue": 0, "unexercisedValue": 0}, {"maxAge": 1, "name": "Ms. Katherine  Elsnab", "age": 41, "title": "Chief Financial Officer", "yearBorn": 1981, "exercisedValue": 0, "unexercisedValue": 0}, {"maxAge": 1, "name": "Mr. Garrett  Behling", "age": 40, "title": "MD, Chief Accounting Officer, Principal Accounting Officer & Corp. Controller", "yearBorn": 1982, "exercisedValue": 0, "unexercisedValue": 0}, {"maxAge": 1, "name": "Mr. Scott  Cardenas", "title": "MD & CTO", "exercisedValue": 0, "unexercisedValue": 0}, {"maxAge": 1, "name": "Charlotte  Morse", "title": "Managing Director of Investor Relations & Marketing", "exercisedValue": 0, "unexercisedValue": 0}, {"maxAge": 1, "name": "Mr. Jared Kent Forsgren", "title": "MD & Chief Compliance Officer", "exercisedValue": 0, "unexercisedValue": 0}, {"maxAge": 1, "name": "Mr. Matthew  Grant", "title": "Sr. MD, Gen. Counsel & Sec.", "exercisedValue": 0, "unexercisedValue": 0}], "compensationAsOfEpochDate": "2022-12-30 19:00:00", "maxAge": 86400, "latitude": 40.57096998699521, "longitude": -111.88777402596911}