{"address1": "955 West John Carpenter Fwy.", "address2": "Suite 100-929", "city": "Irving", "state": "TX", "zip": "75039", "country": "United States", "phone": "(619) 500-7747", "industry": "Shell Companies", "industryDisp": "Shell Companies", "sector": "Financial Services", "longBusinessSummary": "Breeze Holdings Acquisition Corp. does not have significant operations. The company focuses on effecting a merger, capital stock exchange, asset acquisition, stock purchase, reorganization, or similar business combination with one or more businesses. It intends to focus on businesses in the defense technology industry. The company was incorporated in 2020 and is based in Irving, Texas. Breeze Holdings Acquisition Corp operates as a subsidiary of Breeze Sponsor, LLC.", "companyOfficers": [{"maxAge": 1, "name": "Dr. J. Douglas Ramsey Jr., Jr.", "age": 62, "title": "Chairman, CEO & CFO", "yearBorn": 1960, "exercisedValue": 0, "unexercisedValue": 0}, {"maxAge": 1, "name": "Mr. Russell D. Griffin", "age": 58, "title": "Pres & Director", "yearBorn": 1964, "exercisedValue": 0, "unexercisedValue": 0}, {"maxAge": 1, "name": "Mr. Charles C. Ross P.E.", "age": 65, "title": "Chief Operating Officer", "yearBorn": 1957, "exercisedValue": 0, "unexercisedValue": 0}], "maxAge": 86400, "latitude": 32.89085100073872, "longitude": -96.9588930145646}