{"address1": "1300 Pennsylvania Avenue NW", "address2": "Suite 700", "city": "Washington", "state": "DC", "zip": "20004", "country": "United States", "phone": "202 600 5757", "website": "https://www.burtechacq.us", "industry": "Shell Companies", "industryDisp": "Shell Companies", "sector": "Financial Services", "longBusinessSummary": "Burtech Acquisition Corp. does not have significant operations. The company focuses to effect a merger, capital stock exchange, asset acquisition, stock purchase, reorganization, or similar business combination with one or more businesses. It intends to acquire a business, which operates in the retail, lifestyle, hospitality, technology, and real estate markets. The company was incorporated in 2021 and is based in Washington, District of Columbia.", "companyOfficers": [{"maxAge": 1, "name": "Mr. Shahal M. Khan", "age": 49, "title": "Chairman & CEO", "yearBorn": 1973, "exercisedValue": 0, "unexercisedValue": 0}, {"maxAge": 1, "name": "Mr. Isaac  Chetrit", "age": 59, "title": "Pres & Director", "yearBorn": 1963, "exercisedValue": 0, "unexercisedValue": 0}, {"maxAge": 1, "name": "Mr. Roman V. Livson", "age": 52, "title": "Chief Financial Officer", "yearBorn": 1970, "exercisedValue": 0, "unexercisedValue": 0}, {"maxAge": 1, "name": "Ms. Payel  Farasat", "age": 43, "title": "Chief Investment Officer", "yearBorn": 1979, "exercisedValue": 0, "unexercisedValue": 0}, {"maxAge": 1, "name": "Mr. Christopher  Schroeder", "age": 57, "title": "Chief Marketing Officer", "yearBorn": 1965, "exercisedValue": 0, "unexercisedValue": 0}], "maxAge": 86400, "latitude": 38.89494738490086, "longitude": -77.03021413508347}