{"address1": "131 Clarendon Street", "city": "Boston", "state": "MA", "zip": "02116", "country": "United States", "phone": "617 425 4600", "website": "https://www.brooklinebancorp.com", "industry": "Banks\u2014Regional", "industryDisp": "Banks\u2014Regional", "sector": "Financial Services", "longBusinessSummary": "Brookline Bancorp, Inc. operates as a bank holding company for the Brookline Bank that provide commercial, business, and retail banking services to corporate, municipal, and retail customers in the United States. Its deposit products include demand checking, NOW, money market, and savings accounts. The company's loan portfolio primarily comprises first mortgage loans secured by commercial, multi-family, and residential real estate properties; loans to business entities comprising commercial lines of credit; loans to condominium associations; loans and leases used to finance equipment for small businesses; financing for construction and development projects; and home equity and other consumer loans. It also provides term loans, letters of credit, foreign exchange, cash management, investment advisory, and online and mobile banking services, as well as invests in debt and equity securities. Brookline Bancorp, Inc. was founded in 1871 and is headquartered in Boston, Massachusetts.", "fullTimeEmployees": 813, "companyOfficers": [{"maxAge": 1, "name": "Mr. Paul A. Perrault", "age": 70, "title": "Chairman & CEO", "yearBorn": 1952, "fiscalYear": 2022, "totalPay": 1886264, "exercisedValue": 0, "unexercisedValue": 0}, {"maxAge": 1, "name": "Mr. Michael W. McCurdy Esq.", "age": 53, "title": "Co-Pres & COO", "yearBorn": 1969, "fiscalYear": 2022, "totalPay": 1031527, "exercisedValue": 0, "unexercisedValue": 0}, {"maxAge": 1, "name": "Mr. Carl M. Carlson", "age": 58, "title": "Co-Pres & Chief Financial Officer", "yearBorn": 1964, "fiscalYear": 2016, "exercisedValue": 0, "unexercisedValue": 0}, {"maxAge": 1, "name": "Mr. James M. Cosman", "age": 71, "title": "Chief Operations Officer", "yearBorn": 1951, "fiscalYear": 2022, "totalPay": 738459, "exercisedValue": 0, "unexercisedValue": 0}, {"maxAge": 1, "name": "Mr. Darryl J. Fess", "age": 60, "title": "Pres, CEO & Director of Brookline Bank", "yearBorn": 1962, "fiscalYear": 2022, "totalPay": 827883, "exercisedValue": 0, "unexercisedValue": 0}, {"maxAge": 1, "name": "Ms. Marissa S. Martin", "age": 39, "title": "Gen. Counsel & Corp. Sec.", "yearBorn": 1983, "exercisedValue": 0, "unexercisedValue": 0}, {"maxAge": 1, "name": "Ms. Janytra M. Brooks", "age": 39, "title": "Chief HR Officer", "yearBorn": 1983, "exercisedValue": 0, "unexercisedValue": 0}, {"maxAge": 1, "name": "Mr. Mark J. Meiklejohn", "age": 58, "title": "Chief Credit Officer", "yearBorn": 1964, "fiscalYear": 2016, "exercisedValue": 0, "unexercisedValue": 0}, {"maxAge": 1, "name": "Mr. Michael P. Goldrick", "age": 57, "title": "Pres & CEO of PCSB Bank", "yearBorn": 1965, "exercisedValue": 0, "unexercisedValue": 0}, {"maxAge": 1, "name": "Mr. Michael J. Fanger", "age": 64, "title": "CEO of Eastern Funding LLC, Pres of Eastern Funding LLC and Director of Eastern Funding LLC", "yearBorn": 1958, "fiscalYear": 2009, "exercisedValue": 0, "unexercisedValue": 0}], "auditRisk": 1, "boardRisk": 8, "compensationRisk": 2, "shareHolderRightsRisk": 5, "overallRisk": 4, "governanceEpochDate": "2023-04-30 20:00:00", "compensationAsOfEpochDate": "2022-12-30 19:00:00", "maxAge": 86400, "latitude": 42.34842740574314, "longitude": -71.07385277332452}