{"address1": "99 Dan Ba Road C-9", "address2": "Putuo District", "city": "Shanghai", "zip": "200062", "country": "China", "phone": "86 21 8012 5497", "industry": "Shell Companies", "industryDisp": "Shell Companies", "sector": "Financial Services", "longBusinessSummary": "Brilliant Acquisition Corporation does not have significant operations. The company intends to effect a merger, capital stock exchange, asset acquisition, stock purchase, recapitalization, reorganization, or other similar business combination with one or more businesses. Brilliant Acquisition Corporation was incorporated in 2019 and is based in Shanghai, China.", "companyOfficers": [{"maxAge": 1, "name": "Dr. Peng  Jiang", "age": 37, "title": "Chairman, CEO, CFO & Sec.", "yearBorn": 1985, "exercisedValue": 0, "unexercisedValue": 0}], "maxAge": 86400, "latitude": 31.22222000000005, "longitude": 121.45806000000005}