{"address1": "300 North Beach Street", "city": "Daytona Beach", "state": "FL", "zip": "32114", "country": "United States", "phone": "386 252 9601", "website": "https://www.bbinsurance.com", "industry": "Insurance Brokers", "industryDisp": "Insurance Brokers", "sector": "Financial Services", "longBusinessSummary": "Brown & Brown, Inc. markets and sells insurance products and services in the United States, Canada, Ireland, the United Kingdom, and internationally. It operates through four segments: Retail, National Programs, Wholesale Brokerage, and Services. The Retail segment provides property and casualty, employee benefits insurance products, personal insurance products, specialties insurance products, risk management strategies, loss control survey and analysis, consultancy, and claims processing services. It serves commercial, public and quasi-public entities, professional, and individual customers. The National Programs segment offers professional liability and related package insurance products for dentistry, legal, eyecare, insurance, financial, physicians, real estate title professionals, as well as supplementary insurance products related to weddings, events, medical facilities, and cyber liabilities. This segment also provides public entity-related and specialty programs through a network of independent agents; and program management services for insurance carrier partners. The Wholesale Brokerage segment markets and sells excess and surplus commercial and personal lines insurance through independent agents and brokers. The Services segment offers third-party claims administration and medical utilization management services in the workers' compensation and all-lines liability arenas, Medicare Set-aside, Social Security disability, Medicare benefits advocacy, and claims adjusting services. Brown & Brown, Inc. was founded in 1939 and is headquartered in Daytona Beach, Florida.", "fullTimeEmployees": 15201, "companyOfficers": [{"maxAge": 1, "name": "Mr. J. Powell Brown C.P.C.U., CPCU", "age": 54, "title": "CEO, Pres & Director", "yearBorn": 1968, "fiscalYear": 2022, "totalPay": 3787985, "exercisedValue": 0, "unexercisedValue": 0}, {"maxAge": 1, "name": "Mr. R. Andrew Watts", "age": 53, "title": "Exec. VP, CFO & Treasurer", "yearBorn": 1969, "fiscalYear": 2022, "totalPay": 1719459, "exercisedValue": 0, "unexercisedValue": 0}, {"maxAge": 1, "name": "Mr. J. Scott Penny C.I.C., CIC", "age": 55, "title": "Exec. VP & Chief Acquisitions Officer", "yearBorn": 1967, "fiscalYear": 2022, "totalPay": 2068660, "exercisedValue": 0, "unexercisedValue": 0}, {"maxAge": 1, "name": "Mr. Chris L. Walker", "age": 64, "title": "Exec. VP & Pres of National Programs Segment", "yearBorn": 1958, "fiscalYear": 2022, "totalPay": 2340743, "exercisedValue": 0, "unexercisedValue": 0}, {"maxAge": 1, "name": "Mr. P. Barrett Brown", "age": 49, "title": "Exec. VP & Pres of Retail Segment", "yearBorn": 1973, "fiscalYear": 2022, "totalPay": 2618211, "exercisedValue": 0, "unexercisedValue": 0}, {"maxAge": 1, "name": "Mr. Kiet  Tran", "title": "Chief Technology Officer", "exercisedValue": 0, "unexercisedValue": 0}, {"maxAge": 1, "name": "Mr. Kenneth Gray Nester II", "age": 46, "title": "Exec. VP & Chief Information Officer", "yearBorn": 1976, "exercisedValue": 0, "unexercisedValue": 0}, {"maxAge": 1, "name": "Mr. Robert  Mathis", "title": "Chief Legal Officer", "exercisedValue": 0, "unexercisedValue": 0}, {"maxAge": 1, "name": "Jenny  Goco", "title": "Director of Communications", "exercisedValue": 0, "unexercisedValue": 0}, {"maxAge": 1, "name": "Ms. Julie L. Turpin", "age": 51, "title": "Exec. VP & Chief People Officer", "yearBorn": 1971, "exercisedValue": 0, "unexercisedValue": 0}], "auditRisk": 4, "boardRisk": 9, "compensationRisk": 6, "shareHolderRightsRisk": 2, "overallRisk": 5, "governanceEpochDate": "2023-04-30 20:00:00", "compensationAsOfEpochDate": "2022-12-30 19:00:00", "maxAge": 86400, "latitude": 29.217748981536246, "longitude": -81.02280002134982}