{"address1": "4211 W. Boy Scout Blvd.", "address2": "Suite 800", "city": "Tampa", "state": "FL", "zip": "33607", "country": "United States", "phone": "866 279 0698", "website": "https://www.baldwinriskpartners.com", "industry": "Insurance Brokers", "industryDisp": "Insurance Brokers", "sector": "Financial Services", "longBusinessSummary": "BRP Group, Inc. markets and sells insurance products and services in the United States. It operates through four segments: Middle Market, Specialty, MainStreet, and Medicare. The Middle Market segment provides commercial risk management, employee benefits solutions, and private risk management for mid-to-large size businesses and high net worth individuals, as well as its families. The Specialty segment delivers specialty insurers, professionals, individuals, and industry businesses the access to specialty markets, as well as capabilities and programs requiring underwriting and placement; and operates as a managing general agent of the Future platform, which delivers proprietary, technology-enabled insurance solutions. The MainStreet segment offers personal insurance, commercial insurance, and life and health solutions to individuals and businesses in its communities. The Medicare segment provides consultation for government assistance programs and solutions, including Medicare and Medicare Advantage to seniors and Medicare-eligible individuals through a network of primarily independent contractor agents. The company was founded in 2011 and is headquartered in Tampa, Florida.", "fullTimeEmployees": 3800, "companyOfficers": [{"maxAge": 1, "name": "Mr. L. Lowry Baldwin", "age": 63, "title": "Co-Founder & Chairman", "yearBorn": 1959, "fiscalYear": 2022, "totalPay": 682094, "exercisedValue": 0, "unexercisedValue": 0}, {"maxAge": 1, "name": "Mr. Trevor L. Baldwin", "age": 35, "title": "CEO & Director", "yearBorn": 1987, "fiscalYear": 2022, "totalPay": 2298400, "exercisedValue": 0, "unexercisedValue": 0}, {"maxAge": 1, "name": "Mr. Bradford Lenzie Hale", "age": 42, "title": "Chief Financial Officer", "yearBorn": 1980, "fiscalYear": 2022, "totalPay": 1081309, "exercisedValue": 0, "unexercisedValue": 0}, {"maxAge": 1, "name": "Mr. Daniel  Galbraith", "age": 41, "title": "Chief Operating Officer", "yearBorn": 1981, "fiscalYear": 2022, "totalPay": 1120784, "exercisedValue": 0, "unexercisedValue": 0}, {"maxAge": 1, "name": "Mr. Kristopher Aaron Wiebeck", "age": 39, "title": "Chief Strategy Officer & Director", "yearBorn": 1983, "fiscalYear": 2022, "totalPay": 1125907, "exercisedValue": 0, "unexercisedValue": 0}, {"maxAge": 1, "name": "Mr. John A. Valentine", "title": "Chief Partnership Officer", "fiscalYear": 2022, "totalPay": 1137433, "exercisedValue": 0, "unexercisedValue": 0}, {"maxAge": 1, "name": "Ms. Elizabeth H. Krystyn", "title": "Co-Founder", "exercisedValue": 0, "unexercisedValue": 0}, {"maxAge": 1, "name": "Ms. Laura Rice Sherman", "title": "Co-founder", "exercisedValue": 0, "unexercisedValue": 0}, {"maxAge": 1, "name": "Ms. Corbyn N. Lichon", "age": 29, "title": "Chief Accounting Officer", "yearBorn": 1993, "fiscalYear": 2021, "exercisedValue": 0, "unexercisedValue": 0}, {"maxAge": 1, "name": "Mr. Rajasekhar  Kalahasthi", "title": "Chief Digital & Information Officer", "exercisedValue": 0, "unexercisedValue": 0}], "auditRisk": 10, "boardRisk": 8, "compensationRisk": 3, "shareHolderRightsRisk": 8, "overallRisk": 7, "governanceEpochDate": "2023-04-30 20:00:00", "compensationAsOfEpochDate": "2022-12-30 19:00:00", "maxAge": 86400, "latitude": 27.96575298903778, "longitude": -82.51463302528235}