{"address1": "Bandera 140", "address2": "20th Floor", "city": "Santiago de Chile", "country": "Chile", "phone": "56 2 320 2000", "website": "https://banco.santander.cl", "industry": "Banks\u2014Regional", "industryDisp": "Banks\u2014Regional", "sector": "Financial Services", "longBusinessSummary": "Banco Santander-Chile, together with its subsidiaries, provides commercial and retail banking products and services in Chile. It operates through Retail Banking, Middle-Market, Corporate Investment Banking, and Corporate Activities segments. The company offers debit and credit cards, checking accounts, and savings products; consumer, automobile, commercial, mortgage, and government-guaranteed loans; and Chilean peso and foreign currency-denominated loans to finance various commercial transactions, trade, foreign currency forward contracts, and credit lines, as well as mortgage financing services. It also provides mutual funds, insurance and securities brokerage, foreign exchange, financial leasing, factoring, financial consulting and advisory, investment management, foreign trade, treasury, and transactional services, as well as specialized services to finance residential projects. In addition, the company offers short-term financing and fundraising, and brokerage services, as well as derivatives, securitization, and other products. It serves individuals, small to middle-sized entities, companies, and large corporations, as well as universities, government entities, and local and regional governments. Banco Santander-Chile was incorporated in 1977 and is headquartered in Santiago, Chile.", "fullTimeEmployees": 9389, "companyOfficers": [{"maxAge": 1, "name": "Mr. Claudio  Melandri Hinojosa", "title": "Exec. Chairman", "exercisedValue": 0, "unexercisedValue": 0}, {"maxAge": 1, "name": "Mr. Roman  Blanco Reinosa", "age": 57, "title": "CEO & Country Head", "yearBorn": 1965, "exercisedValue": 0, "unexercisedValue": 0}, {"maxAge": 1, "name": "Mr. Emiliano  Muratore Raccio", "title": "Exec. VP of Fin.", "exercisedValue": 0, "unexercisedValue": 0}, {"maxAge": 1, "name": "Mr. Ricardo Bartel Jeffery", "age": 57, "title": "Director of Technology & Operations", "yearBorn": 1965, "exercisedValue": 0, "unexercisedValue": 0}, {"maxAge": 1, "name": "Mr. Jonathan  Covarrubias Hernandez", "title": "Chief Accounting Officer", "exercisedValue": 0, "unexercisedValue": 0}, {"maxAge": 1, "name": "Mr. Andr\u00e9s Trautmann Buc", "title": "Exec. VP Corp. Investment Banking", "exercisedValue": 0, "unexercisedValue": 0}, {"maxAge": 1, "name": "Mr. Sergio  Avila Salas", "title": "Director of Admin. & Projects", "exercisedValue": 0, "unexercisedValue": 0}, {"maxAge": 1, "name": "Mr. Robert  Moreno Heimlich", "title": "Mang. of Investor Relations", "exercisedValue": 0, "unexercisedValue": 0}, {"maxAge": 1, "name": "Mr. Cristian Florence Kauer", "title": "Exec. VP of Corp. Legal", "exercisedValue": 0, "unexercisedValue": 0}, {"maxAge": 1, "name": "Roberto  Sapag", "title": "Corp. Communications & Sustainability Mang.", "exercisedValue": 0, "unexercisedValue": 0}], "maxAge": 86400, "latitude": -33.44159461191348, "longitude": -70.65209871369794}