{"address1": "The Centrium", "address2": "Suite 2902, 29th Floor 60 Wyndham Street", "city": "Central", "country": "Hong Kong", "phone": "852 3955 1316", "website": "https://www.blackspadeacquisition.com", "industry": "Shell Companies", "industryDisp": "Shell Companies", "sector": "Financial Services", "longBusinessSummary": "Black Spade Acquisition Co does not have significant operations. It focuses on effecting a merger, capital share exchange, asset acquisition, share purchase, reorganization, or similar business combination with one or more businesses in the entertainment industry. The company was incorporated in 2021 and is based in Central, Hong Kong.", "companyOfficers": [{"maxAge": 1, "name": "Dr. Chi-Wai  Tam (Aust), CMA, CPA, Ph.D.", "age": 53, "title": "Exec. Chairman & Co-CEO", "yearBorn": 1969, "exercisedValue": 0, "unexercisedValue": 0}, {"maxAge": 1, "name": "Mr. Shing Joe  Ng", "age": 54, "title": "Co-CEO & Director", "yearBorn": 1968, "exercisedValue": 0, "unexercisedValue": 0}, {"maxAge": 1, "name": "Mr. Chi Yin Ng", "age": 37, "title": "Pres, CFO & Director", "yearBorn": 1985, "exercisedValue": 0, "unexercisedValue": 0}], "maxAge": 86400, "latitude": 22.280110000000036, "longitude": 114.15464000000009}