{"address1": "819 Teaneck Road", "city": "Teaneck", "state": "NJ", "zip": "07666", "country": "United States", "phone": "201 862 0660", "fax": "(201) 862-0599", "website": "https://www.bogotasavingsbank.com", "industry": "Banks\u2014Regional", "industryDisp": "Banks\u2014Regional", "sector": "Financial Services", "longBusinessSummary": "Bogota Financial Corp. operates as the bank holding company for Bogota Savings Bank that provides banking products and services in the United States. It offers deposit accounts, including demand accounts, savings accounts, money market accounts, and certificate of deposit accounts. The company also provides one-to four-family residential real estate loans, and commercial real estate and multi-family loans, as well as consumer loans, such as home equity loans and lines of credit, commercial and industrial loans, and construction loans; and buys, sells, and holds investment securities. It operates through various offices located in Bogota, Hasbrouck Heights, Newark, Oak Ridge, Parsippany, and Teaneck, as well as through a loan production office in Spring Lake, New Jersey. The company was founded in 1893 and is based in Teaneck, New Jersey. Bogota Financial Corp. is a subsidiary of Bogota Financial, MHC.", "fullTimeEmployees": 61, "companyOfficers": [{"maxAge": 1, "name": "Mr. Joseph F. Coccaro", "age": 64, "title": "Pres, CEO & Director", "yearBorn": 1958, "fiscalYear": 2022, "totalPay": 929915, "exercisedValue": 0, "unexercisedValue": 23532}, {"maxAge": 1, "name": "Mr. Brian  McCourt", "age": 61, "title": "Exec. VP & CFO", "yearBorn": 1961, "fiscalYear": 2022, "totalPay": 372915, "exercisedValue": 0, "unexercisedValue": 11753}, {"maxAge": 1, "name": "Mr. Kevin  Pace", "age": 43, "title": "Exec. VP & Chief Risk Officer", "yearBorn": 1979, "fiscalYear": 2022, "totalPay": 405994, "exercisedValue": 0, "unexercisedValue": 11753}, {"maxAge": 1, "name": "Mr. Jim  Brown", "title": "Sr. VP of Loan Sales", "exercisedValue": 0, "unexercisedValue": 0}, {"maxAge": 1, "name": "Susanne C. Hartmann-Silva", "title": "Corp. Sec.", "exercisedValue": 0, "unexercisedValue": 0}, {"maxAge": 1, "name": "Mr. Robert  Walsh", "age": 70, "title": "Exec.  VP & Chief Lending Officer", "yearBorn": 1952, "exercisedValue": 0, "unexercisedValue": 0}], "compensationAsOfEpochDate": "2022-12-30 19:00:00", "maxAge": 86400, "latitude": 40.88444599922954, "longitude": -74.00667097140415}