{"address1": "Avenida Presidente Juscelino Kubitschek", "address2": "2041, Suite 281 Block A CondomInio WTORRE JK Vila Nova ConceiCAo", "city": "S\u00e3o Paulo", "state": "SP", "zip": "04543-011", "country": "Brazil", "phone": "55 11 3553 3300", "website": "https://www.santander.com.br", "industry": "Banks\u2014Regional", "industryDisp": "Banks\u2014Regional", "sector": "Financial Services", "longBusinessSummary": "Banco Santander (Brasil) S.A., together with its subsidiaries, provides various banking products and services to individuals, small and medium enterprises, and corporate customers in Brazil and internationally. The company operates through, Commercial Banking and Global Wholesale Banking segments. It offers deposits and other bank funding instruments; debit and credit cards; digital prepaid solutions; payment platform; loyalty programs; employee benefit vouchers; payroll loans; digital lending and online debt renegotiation platform; mortgages; home equity financing products; consumer credit; and local loans, commercial and trade finance, guarantees, structured loans, and cash management and funding solutions, as well as on-lending transfer services. It also provides financing and financial advisory services related to projects, origination and distribution of fixed income securities in the debt capital markets, financing of acquisitions and syndicated loans, other structured financing arrangements, and subordinated debts; and advisory services for mergers and acquisitions, and equity capital markets transactions. In addition, the company structures and offers foreign exchange, derivative, and investment products for institutional investors, and corporate and retail customers; and provides market making services. Further, it offers instant payment services; range of products and services focused on the agribusiness sector; and microfinance services, as well as digital trading platform. Additionally, it provides its financial services and products to its customers through multichannel distribution network comprising branches, mini-branches, ATMs, call centers, Internet banking, and mobile banking. Banco Santander (Brasil) S.A. was incorporated in 1985 and is headquartered in S\u00e3o Paulo, Brazil.", "fullTimeEmployees": 53556, "companyOfficers": [{"maxAge": 1, "name": "Mr. Mario Roberto Opice Leao", "age": 47, "title": "CEO, Director & Member of the Board of Exec. Officers", "yearBorn": 1975, "exercisedValue": 0, "unexercisedValue": 0}, {"maxAge": 1, "name": "Mr. Gustavo Alejo Viviani", "age": 47, "title": "CFO, VP, IR Officer, Member of the Board of Exec. Officers & Director", "yearBorn": 1975, "exercisedValue": 0, "unexercisedValue": 0}, {"maxAge": 1, "name": "Mr. Ede Ilson Viani", "age": 55, "title": "VP Exec. Officer & Member of the Board of Exec. Officers", "yearBorn": 1967, "exercisedValue": 0, "unexercisedValue": 0}, {"maxAge": 1, "name": "Mr. Reginaldo Antonio Ribeiro", "age": 53, "title": "Officer & Member of the Board of Exec. Officers", "yearBorn": 1969, "exercisedValue": 0, "unexercisedValue": 0}, {"maxAge": 1, "name": "Mr. Ram\u00f3n Sanchez D\u00edez", "age": 54, "title": "Officer & Member of the Board of Exec. Officers", "yearBorn": 1968, "exercisedValue": 0, "unexercisedValue": 0}, {"maxAge": 1, "name": "Mr. Jean Pierre Dupui", "age": 54, "title": "VP Exec. Officer & Member of the Board of Exec. Officers", "yearBorn": 1968, "exercisedValue": 0, "unexercisedValue": 0}, {"maxAge": 1, "name": "Mr. Gilberto Duarte de Abreu Filho", "age": 49, "title": "VP Exec. Officer & Member of the Board of Exec. Officers", "yearBorn": 1973, "exercisedValue": 0, "unexercisedValue": 0}, {"maxAge": 1, "name": "Mr. Antonio Pardo de Santayana Montes", "age": 51, "title": "VP Exec. Officer & Member of the Board of Exec. Officers", "yearBorn": 1971, "exercisedValue": 0, "unexercisedValue": 0}, {"maxAge": 1, "name": "Mr. Angel Santodomingo Martell", "age": 57, "title": "VP, Exec. Officer, IR Officer, Member of the Board of Exec. Officers & Director", "yearBorn": 1965, "exercisedValue": 0, "unexercisedValue": 0}, {"maxAge": 1, "name": "Mr. Daniel Mendonca Pareto", "age": 44, "title": "Officer, Member of Board of Exec. Officer & Board Sec.", "yearBorn": 1978, "exercisedValue": 0, "unexercisedValue": 0}], "auditRisk": 10, "boardRisk": 1, "compensationRisk": 3, "shareHolderRightsRisk": 10, "overallRisk": 5, "governanceEpochDate": "2023-04-30 20:00:00", "maxAge": 86400, "latitude": -23.590500623188895, "longitude": -46.689220276834426}