{"address1": "200 Clarendon Street", "address2": "53rd Floor", "city": "Boston", "state": "MA", "zip": "02116", "country": "United States", "phone": "617-369-7300", "website": "https://www.bsig.com", "industry": "Asset Management", "industryDisp": "Asset Management", "sector": "Financial Services", "longBusinessSummary": "BrightSphere Investment Group Inc. is a publically owned asset management holding company. The firm provides its services to individuals and institutions. It manages separate client focused portfolios through its subsidiaries. The firm also launches equity mutual funds for its clients. It invests in public equity, fixed income, and alternative investment markets through its subsidiaries. The firm was founded in 1980 is based Boston, Massachusetts. It was formally known as BrightSphere Investment Group plc. BrightSphere Investment Group Inc. was formed in 1980 and is based in Boston, Massachusetts.", "fullTimeEmployees": 354, "companyOfficers": [{"maxAge": 1, "name": "Mr. Suren S. Rana", "age": 42, "title": "CEO, Pres & Director", "yearBorn": 1980, "fiscalYear": 2022, "totalPay": 700000, "exercisedValue": 4852080, "unexercisedValue": 3967500}, {"maxAge": 1, "name": "Ms. Christina  Wiater", "age": 40, "title": "Sr. VP, Principal Financial & Accounting Officer, Chief Accounting Officer and Controller", "yearBorn": 1982, "fiscalYear": 2022, "totalPay": 745000, "exercisedValue": 0, "unexercisedValue": 0}, {"maxAge": 1, "name": "Mr. Richard J. Hart", "age": 45, "title": "Exec. VP, Chief Legal Officer & Sec.", "yearBorn": 1977, "fiscalYear": 2022, "totalPay": 1115000, "exercisedValue": 0, "unexercisedValue": 3159800}, {"maxAge": 1, "name": "Dr. Brendan O'Brien Bradley Ph.D.", "title": "Acadian Exec. VP & Chief Investment Officer", "exercisedValue": 0, "unexercisedValue": 0}, {"maxAge": 1, "name": "Melody  Huang", "title": "Sr. VP & Director of Fin. and Investor Relations", "exercisedValue": 0, "unexercisedValue": 0}, {"maxAge": 1, "name": "Ms. Tracy  Aber", "title": "Head of HR", "exercisedValue": 0, "unexercisedValue": 0}, {"maxAge": 1, "name": "Mr. Trevedi  Tewari", "title": "Head of Institutional Bus. of United Kingdom & Ireland", "exercisedValue": 0, "unexercisedValue": 0}, {"maxAge": 1, "name": "Mr. Olivier  Lebleu", "title": "Head of International Bus.", "exercisedValue": 0, "unexercisedValue": 0}, {"maxAge": 1, "name": "Mr. Steve  Coyle", "title": "Sr. VP and Director of Subadvisory & Institutional Retirement", "exercisedValue": 0, "unexercisedValue": 0}, {"maxAge": 1, "name": "Mr. Robert  Campbell", "title": "Head of Information Technology", "exercisedValue": 0, "unexercisedValue": 0}], "auditRisk": 6, "boardRisk": 2, "compensationRisk": 6, "shareHolderRightsRisk": 1, "overallRisk": 3, "governanceEpochDate": "2023-04-30 20:00:00", "compensationAsOfEpochDate": "2022-12-30 19:00:00", "maxAge": 86400, "latitude": 42.34922733267268, "longitude": -71.07513118119684}