{"address1": "86 North Main Street", "city": "Porterville", "state": "CA", "zip": "93257", "country": "United States", "phone": "559 782 4900", "website": "https://www.sierrabancorp.com", "industry": "Banks\u2014Regional", "industryDisp": "Banks\u2014Regional", "sector": "Financial Services", "longBusinessSummary": "Sierra Bancorp operates as the bank holding company for Bank of the Sierra that provides retail and commercial banking services to individuals and businesses in California. It accepts various deposit products, such as checking accounts, savings accounts, money market demand accounts, time deposits, retirement accounts, and sweep accounts. The company's loan products include agricultural, commercial, consumer, real estate, construction, and mortgage loans. It also offers automated teller machines; electronic point-of-sale payment alternatives; online and automated telephone banking services; and remote deposit capture and automated payroll services for business customers. The company was founded in 1977 and is headquartered in Porterville, California.", "fullTimeEmployees": 500, "companyOfficers": [{"maxAge": 1, "name": "Mr. Kevin J. McPhaill", "age": 49, "title": "Pres, CEO & Director", "yearBorn": 1973, "fiscalYear": 2022, "totalPay": 1126061, "exercisedValue": 0, "unexercisedValue": 58268}, {"maxAge": 1, "name": "Mr. Christopher G. Treece", "age": 53, "title": "Exec. VP & CFO", "yearBorn": 1969, "fiscalYear": 2022, "totalPay": 627658, "exercisedValue": 0, "unexercisedValue": 0}, {"maxAge": 1, "name": "Ms. Jennifer A. Johnson", "age": 59, "title": "Exec. VP & Chief Admin. Officer", "yearBorn": 1963, "fiscalYear": 2022, "totalPay": 604295, "exercisedValue": 0, "unexercisedValue": 0}, {"maxAge": 1, "name": "Mr. Michael W. Olague", "age": 66, "title": "Exec. VP & Chief Banking Officer", "yearBorn": 1956, "fiscalYear": 2022, "totalPay": 634892, "exercisedValue": 22880, "unexercisedValue": 44400}, {"maxAge": 1, "name": "Mr. Hugh F. Boyle", "age": 62, "title": "Exec. VP, Chief Credit Officer & Chief Risk Officer", "yearBorn": 1960, "fiscalYear": 2022, "totalPay": 674901, "exercisedValue": 0, "unexercisedValue": 0}, {"maxAge": 1, "name": "Ms. Cindy L. Dabney", "age": 62, "title": "Sr. VP & Chief Accounting Officer", "yearBorn": 1960, "exercisedValue": 0, "unexercisedValue": 0}, {"maxAge": 1, "name": "Alexandra  Blazar", "title": "Sec.", "exercisedValue": 0, "unexercisedValue": 0}], "auditRisk": 7, "boardRisk": 6, "compensationRisk": 5, "shareHolderRightsRisk": 2, "overallRisk": 4, "governanceEpochDate": "2023-04-30 20:00:00", "compensationAsOfEpochDate": "2022-12-30 19:00:00", "maxAge": 86400, "latitude": 36.06666099096958, "longitude": -119.01594003616643}