{"address1": "1039 NW 63rd Street", "city": "Oklahoma City", "state": "OK", "zip": "73116", "country": "United States", "phone": "405 810 8600", "fax": "405 810 8601", "website": "https://www.bank7.com", "industry": "Banks\u2014Regional", "industryDisp": "Banks\u2014Regional", "sector": "Financial Services", "longBusinessSummary": "Bank7 Corp. operates as a bank holding company for Bank7 that provides banking and financial services to individual and corporate customers. It offers commercial deposit services, including commercial checking, money market, and other deposit accounts; and retail deposit services, such as certificates of deposit, money market accounts, checking accounts, negotiable order of withdrawal accounts, savings accounts, and automated teller machine access. The company also provides commercial real estate, hospitality, energy, and commercial and industrial lending services; consumer lending services to individuals for personal and household purposes comprising residential real estate loans and mortgage banking services, personal lines of credit, loans for the purchase of automobiles, and other installment loans. It operates through a network of full-service branches in Oklahoma, the Dallas/Fort Worth, Texas metropolitan area, and Kansas. The company was formerly known as Haines Financial Corp. Bank7 Corp. was founded in 1901 and is headquartered in Oklahoma City, Oklahoma.", "fullTimeEmployees": 123, "companyOfficers": [{"maxAge": 1, "name": "Mr. William Bradford Haines", "age": 72, "title": "Exec. Chairman", "yearBorn": 1950, "fiscalYear": 2022, "totalPay": 988878, "exercisedValue": 0, "unexercisedValue": 0}, {"maxAge": 1, "name": "Mr. Thomas L. Travis", "age": 64, "title": "Pres, CEO & Director", "yearBorn": 1958, "fiscalYear": 2022, "totalPay": 1238809, "exercisedValue": 0, "unexercisedValue": 226025}, {"maxAge": 1, "name": "Mr. Jason E. Estes", "age": 42, "title": "Exec. VP & Chief Credit Officer", "yearBorn": 1980, "fiscalYear": 2022, "totalPay": 785880, "exercisedValue": 0, "unexercisedValue": 113013}, {"maxAge": 1, "name": "Mr. Kelly J. Harris", "age": 42, "title": "Exec. VP & CFO", "yearBorn": 1980, "exercisedValue": 0, "unexercisedValue": 0}, {"maxAge": 1, "name": "Mr. John T. Phillips", "age": 52, "title": "Sr. EVP, COO, Sec. & Director", "yearBorn": 1970, "fiscalYear": 2021, "exercisedValue": 0, "unexercisedValue": 0}, {"maxAge": 1, "name": "Mr. Henry C. Litchfield", "age": 34, "title": "VP & Gen. Counsel", "yearBorn": 1988, "exercisedValue": 0, "unexercisedValue": 0}, {"maxAge": 1, "name": "Mr. Douglas A. Haines", "age": 65, "title": "Regional Pres of Western Oklahoma & Kansas of Bank 7", "yearBorn": 1957, "fiscalYear": 2017, "exercisedValue": 0, "unexercisedValue": 0}], "compensationAsOfEpochDate": "2022-12-30 19:00:00", "maxAge": 86400, "latitude": 35.53739799444442, "longitude": -97.52940599691561}