{"address1": "33 Irving Place", "city": "New York", "state": "NY", "zip": "10003", "country": "United States", "phone": "(212) 463-5121", "website": "https://bit-digital.com", "industry": "Capital Markets", "industryDisp": "Capital Markets", "sector": "Financial Services", "longBusinessSummary": "Bit Digital, Inc., together with its subsidiaries, engages in the bitcoin mining business. It is also involved in the treasury management activities; and digital asset staking and digital asset mining businesses, as well as ethereum staking activities. The company was formerly known as Golden Bull Limited and changed its name to Bit Digital, Inc. in September 2020. Bit Digital, Inc. was founded in 2015 and is headquartered in New York, New York.", "fullTimeEmployees": 18, "companyOfficers": [{"maxAge": 1, "name": "Mr. Samir  Tabar", "age": 49, "title": "Chief Exec. Officer", "yearBorn": 1973, "fiscalYear": 2022, "totalPay": 500000, "exercisedValue": 0, "unexercisedValue": 0}, {"maxAge": 1, "name": "Mr. Erke  Huang", "age": 33, "title": "CFO & Director", "yearBorn": 1989, "fiscalYear": 2022, "totalPay": 64000, "exercisedValue": 0, "unexercisedValue": 0}, {"maxAge": 1, "name": "Mr. William Cameron Schnier C.F.A.", "title": "Head of Investor Relations", "exercisedValue": 0, "unexercisedValue": 0}], "compensationAsOfEpochDate": "2022-12-30 19:00:00", "maxAge": 86400, "latitude": 40.73511359316069, "longitude": -73.98811477887823}