{"address1": "9466 Georgia Avenue", "address2": "Suite 124", "city": "Silver Spring", "state": "MD", "zip": "20910", "country": "United States", "phone": "(202) 430-6576", "website": "https://www.btcs.com", "industry": "Capital Markets", "industryDisp": "Capital Markets", "sector": "Financial Services", "longBusinessSummary": "BTCS Inc. focuses on blockchain infrastructure and staking in the United States. The company secures blockchain-infrastructure operations and operates validator nodes on disruptive next-generation blockchain networks. It offers StakeSeeker, a cryptocurrency dashboard and staking-as-a-service platform that allows crypto asset holders to earn rewards by participating in network consensus mechanisms. The company was formerly known as Bitcoin Shop, Inc. and changed its name to BTCS Inc. in July 2015. BTCS Inc. was founded in 2014 and is based in Silver Spring, Maryland.", "fullTimeEmployees": 5, "companyOfficers": [{"maxAge": 1, "name": "Mr. Charles W. Allen", "age": 47, "title": "Chairman & CEO", "yearBorn": 1975, "fiscalYear": 2022, "totalPay": 406757, "exercisedValue": 0, "unexercisedValue": 0}, {"maxAge": 1, "name": "Mr. Michal  Handerhan", "age": 45, "title": "Co-Founder, COO, Sec. & Director", "yearBorn": 1977, "fiscalYear": 2022, "totalPay": 293176, "exercisedValue": 0, "unexercisedValue": 0}, {"maxAge": 1, "name": "Mr. Michael Edward Prevoznik Jr.", "age": 32, "title": "Chief Financial Officer", "yearBorn": 1990, "fiscalYear": 2022, "totalPay": 236667, "exercisedValue": 0, "unexercisedValue": 0}, {"maxAge": 1, "name": "Mr. Manish  Paranjape", "age": 49, "title": "Chief Technology Officer", "yearBorn": 1973, "exercisedValue": 0, "unexercisedValue": 0}], "compensationAsOfEpochDate": "2022-12-30 19:00:00", "maxAge": 86400, "latitude": 39.01073000813403, "longitude": -77.04214200239728}