{"address1": "Champion Tower", "address2": "38th Floor 3 Garden Road", "city": "Central", "country": "Hong Kong", "phone": "852 2514 8888", "website": "https://www.bridgetownholdings.co", "industry": "Shell Companies", "industryDisp": "Shell Companies", "sector": "Financial Services", "longBusinessSummary": "Bridgetown Holdings Limited does not have significant operations. It intends to effect a merger, share exchange, asset acquisition, share purchase, reorganization, or similar business combination with one or more businesses. The company focuses its search on target companies operating in the technology, financial services, and media sectors in Southeast Asia. Bridgetown Holdings Limited was incorporated in 2020 and is based in Central, Hong Kong.", "companyOfficers": [{"maxAge": 1, "name": "Mr. Daniel  Wong", "age": 45, "title": "CEO, CFO & Director", "yearBorn": 1977, "exercisedValue": 0, "unexercisedValue": 0}], "maxAge": 86400, "latitude": 22.278720000000078, "longitude": 114.16029000000003}