{"address1": "Oak House", "address2": "Hirzel Street", "city": "Saint Peter Port", "zip": "GY1 2NP", "country": "Guernsey", "website": "https://www.burfordcapital.com", "industry": "Asset Management", "industryDisp": "Asset Management", "sector": "Financial Services", "longBusinessSummary": "Burford Capital Limited, through its subsidiaries, provides legal finance products and services. The company offers asset management services, including core legal finance, complex strategies, and post-settlement finance. The company was incorporated in 2009 and is based in Saint Peter Port, Guernsey.", "fullTimeEmployees": 140, "companyOfficers": [{"maxAge": 1, "name": "Mr. Christopher P. Bogart", "age": 57, "title": "CEO & Director", "yearBorn": 1965, "fiscalYear": 2021, "totalPay": 0, "exercisedValue": 0, "unexercisedValue": 0}, {"maxAge": 1, "name": "Mr. Daniel  Hall", "title": "Co-Founder & MD", "exercisedValue": 0, "unexercisedValue": 0}, {"maxAge": 1, "name": "Mr. Jordan  Licht", "title": "Chief Financial Officer", "exercisedValue": 0, "unexercisedValue": 0}, {"maxAge": 1, "name": "Ms. Aviva O. Will", "age": 53, "title": "Co-Chief Operating Officer", "yearBorn": 1969, "exercisedValue": 0, "unexercisedValue": 0}, {"maxAge": 1, "name": "Mr. David  Perla", "age": 52, "title": "Co-Chief Operating Officer", "yearBorn": 1970, "exercisedValue": 0, "unexercisedValue": 0}, {"maxAge": 1, "name": "Mr. Jonathan T. Molot", "age": 55, "title": "Chief Investment Officer", "yearBorn": 1967, "exercisedValue": 0, "unexercisedValue": 0}, {"maxAge": 1, "name": "Mr. Charles  Utley A.C.A.", "title": "Chief Accounting Officer", "exercisedValue": 0, "unexercisedValue": 0}, {"maxAge": 1, "name": "Mr. Mark N. Klein", "age": 54, "title": "Chief Admin. Officer & Gen. Counsel", "yearBorn": 1968, "exercisedValue": 0, "unexercisedValue": 0}, {"maxAge": 1, "name": "Mr. David  Helfenbein", "title": "VP of PR", "exercisedValue": 0, "unexercisedValue": 0}, {"maxAge": 1, "name": "Ms. Liz  Bigham", "title": "Chief Marketing Officer", "exercisedValue": 0, "unexercisedValue": 0}], "compensationAsOfEpochDate": "2021-12-30 19:00:00", "maxAge": 86400, "latitude": 49.457100000000025, "longitude": -2.535169999999937}