{"address1": "100 West University Avenue", "city": "Champaign", "state": "IL", "zip": "61820", "country": "United States", "phone": "217 365 4544", "website": "https://www.busey.com", "industry": "Banks\u2014Regional", "industryDisp": "Banks\u2014Regional", "sector": "Financial Services", "longBusinessSummary": "First Busey Corporation operates as the bank holding company for Busey Bank that provides retail and commercial banking products and services to individual, corporate, institutional, and governmental customers in the United States. It operates through three segments: Banking, FirsTech, and Wealth Management. The Banking segment provides banking services to individual customers, such as demand and savings deposits, money transfers, safe deposit services, individual retirement accounts and other fiduciary services, automated teller machines, and technology-based networks, as well as loan products, including residential real estate, home equity lines of credit, and consumer loans. This segment also offers banking services to corporate customers, including commercial, commercial real estate, real estate construction, and agricultural loans, as well as cash management services. The FirsTech segment provides payment technology solutions comprising online, mobile, and voice-recognition bill payments; money management and credit card networks; direct debit services; lockbox remittance processing for payments made by mail; and walk-in payments, as well as tools to help clients with billing, reconciliation, bill reminders, and treasury services. The Wealth Management segment offers a range of asset management, investment, brokerage, fiduciary, philanthropic advisory, tax preparation, and farm management services to individuals, businesses, and foundations. The company was founded in 1868 and is headquartered in Champaign, Illinois.", "fullTimeEmployees": 1473, "companyOfficers": [{"maxAge": 1, "name": "Mr. Van A. Dukeman CFA", "age": 63, "title": "Chairman, Pres & CEO", "yearBorn": 1959, "fiscalYear": 2022, "totalPay": 1637312, "exercisedValue": 0, "unexercisedValue": 0}, {"maxAge": 1, "name": "Mr. Jeffrey D. Jones", "age": 48, "title": "Exec. VP & CFO", "yearBorn": 1974, "fiscalYear": 2022, "totalPay": 891653, "exercisedValue": 0, "unexercisedValue": 0}, {"maxAge": 1, "name": "Mr. John J. Powers", "age": 66, "title": "Exec. VP & Gen. Counsel", "yearBorn": 1956, "fiscalYear": 2022, "totalPay": 771620, "exercisedValue": 0, "unexercisedValue": 0}, {"maxAge": 1, "name": "Ms. Amy L. Randolph", "age": 47, "title": "Chief of Staff & Exec. VP of Pillar Relations", "yearBorn": 1975, "fiscalYear": 2022, "totalPay": 840846, "exercisedValue": 0, "unexercisedValue": 0}, {"maxAge": 1, "name": "Mr. Robin N. Elliott", "age": 45, "title": "Pres & CEO of Busey Bank and FirsTech, Inc", "yearBorn": 1977, "fiscalYear": 2022, "totalPay": 971969, "exercisedValue": 0, "unexercisedValue": 0}, {"maxAge": 1, "name": "Mr. Scott A. Phillips", "age": 44, "title": "Sr. VP of Corp. Controller & Principal Accounting Officer", "yearBorn": 1978, "exercisedValue": 0, "unexercisedValue": 0}, {"maxAge": 1, "name": "Ted  Rosinus", "title": "Exec. VP Investor Relations & Corp. Devel.", "exercisedValue": 0, "unexercisedValue": 0}, {"maxAge": 1, "name": "Ms. Monica L. Bowe", "age": 48, "title": "Exec. VP & Chief Risk Officer", "yearBorn": 1974, "exercisedValue": 0, "unexercisedValue": 0}, {"maxAge": 1, "name": "Ms. Mary E. Lakey", "title": "Corp. Sec.", "exercisedValue": 0, "unexercisedValue": 0}], "auditRisk": 6, "boardRisk": 5, "compensationRisk": 3, "shareHolderRightsRisk": 2, "overallRisk": 3, "governanceEpochDate": "2023-04-30 20:00:00", "compensationAsOfEpochDate": "2022-12-30 19:00:00", "maxAge": 86400, "latitude": 40.11653701780202, "longitude": -88.2446580232329}