{"address1": "775 Park Avenue", "city": "New York", "state": "NY", "zip": "10021", "country": "United States", "phone": "212 450 9700", "industry": "Shell Companies", "industryDisp": "Shell Companies", "sector": "Financial Services", "longBusinessSummary": "Better World Acquisition Corp. does not have significant operations. It intends to enter into a merger, share exchange, asset acquisition, stock purchase, recapitalization, reorganization or other similar business combination with one or more businesses or entities in the healthy living industries. The company was incorporated in 2020 and is based in New York, New York.", "companyOfficers": [{"maxAge": 1, "name": "Ms. Rosemary L. Ripley", "age": 67, "title": "Chairman, Pres & CEO", "yearBorn": 1955, "exercisedValue": 0, "unexercisedValue": 0}, {"maxAge": 1, "name": "Mr. Peter S. H. Grubstein", "age": 66, "title": "CFO, Treasurer & Director", "yearBorn": 1956, "exercisedValue": 0, "unexercisedValue": 0}, {"maxAge": 1, "name": "Mr. Shay  Murphy", "age": 38, "title": "VP & Sec.", "yearBorn": 1984, "exercisedValue": 0, "unexercisedValue": 0}], "maxAge": 86400, "latitude": 40.77152797522561, "longitude": -73.96321013288721}