{"address1": "244 Fifth Avenue", "address2": "Suite B-88", "city": "New York", "state": "NY", "zip": "10001", "country": "United States", "phone": "646 998 9582", "industry": "Shell Companies", "industryDisp": "Shell Companies", "sector": "Financial Services", "longBusinessSummary": "Blue World Acquisition Corporation does not have significant operations. It focuses on entering into a merger, share exchange, asset acquisition, share purchase, recapitalization, reorganization, or similar business combination with one or more businesses or entities. The company intends to focus primarily on businesses in the marine leisure, cruise, marine infrastructure and engineering, general hospitality, travel and tourism, marine services, logistics and supply chain, offshore energy solutions, and related industry segments. Blue World Acquisition Corporation was incorporated in 2021 and is based in New York, New York.", "companyOfficers": [{"maxAge": 1, "name": "Mr. Liang  Shi", "age": 43, "title": "CEO, Chairman & Sec.", "yearBorn": 1979, "exercisedValue": 0, "unexercisedValue": 0}, {"maxAge": 1, "name": "Mr. Tianyong  Yan", "age": 43, "title": "CFO & Director", "yearBorn": 1979, "exercisedValue": 0, "unexercisedValue": 0}], "maxAge": 86400, "latitude": 40.74458673631054, "longitude": -73.98760767373611}