{"address1": "4450 Excelsior Boulevard", "address2": "Suite 100", "city": "Saint Louis Park", "state": "MN", "zip": "55416", "country": "United States", "phone": "952 893 6868", "website": "https://www.bridgewaterbankmn.com", "industry": "Banks\u2014Regional", "industryDisp": "Banks\u2014Regional", "sector": "Financial Services", "longBusinessSummary": "Bridgewater Bancshares, Inc. operates as the bank holding company for Bridgewater Bank that provides banking products and services to commercial real estate investors, small business entrepreneurs, and high net worth individuals in the United States. The company offers savings and money market accounts, demand deposits, time and brokered deposits, and interest and noninterest bearing transaction, as well as certificates of deposit. It also provides commercial loans to sole proprietorships, partnerships, corporations, and other business enterprises to finance accounts receivable or inventory, capital assets, or other business-related purposes; paycheck protection program loans; construction and land development loans; 1-4 family mortgage loans; multifamily lending products; owner and non-owner occupied commercial real estate loans; and consumer and other loans. In addition, the company online, mobile, and direct banking services. Bridgewater Bancshares, Inc. was incorporated in 2005 and is headquartered in Saint Louis Park, Minnesota.", "fullTimeEmployees": 246, "companyOfficers": [{"maxAge": 1, "name": "Mr. Gerald John Baack", "age": 54, "title": "Founder, Non Independent Exec. Chairman, CEO & Pres", "yearBorn": 1968, "fiscalYear": 2022, "totalPay": 1220444, "exercisedValue": 0, "unexercisedValue": 2291375}, {"maxAge": 1, "name": "Mr. Jeffrey D. Shellberg", "age": 59, "title": "Co-Founder, Exec. VP, Chief Credit Officer, Sec. & Non Independent Exec. Director", "yearBorn": 1963, "fiscalYear": 2022, "totalPay": 0, "exercisedValue": 0, "unexercisedValue": 0}, {"maxAge": 1, "name": "Mr. Joseph M. Chybowski", "age": 34, "title": "Chief Financial Officer", "yearBorn": 1988, "fiscalYear": 2022, "totalPay": 694881, "exercisedValue": 0, "unexercisedValue": 1623645}, {"maxAge": 1, "name": "Mr. Nicholas L. Place", "age": 37, "title": "Chief Lending Officer", "yearBorn": 1985, "fiscalYear": 2022, "totalPay": 630562, "exercisedValue": 0, "unexercisedValue": 1899615}, {"maxAge": 1, "name": "Ms. Mary Jayne Crocker", "age": 60, "title": "Exec. VP & COO", "yearBorn": 1962, "fiscalYear": 2021, "exercisedValue": 0, "unexercisedValue": 0}, {"maxAge": 1, "name": "Mr. Mark E. Hokanson", "age": 46, "title": "Chief Technology Officer", "yearBorn": 1976, "exercisedValue": 0, "unexercisedValue": 0}, {"maxAge": 1, "name": "Mr. Ben M. Klocke", "title": "Gen. Counsel", "exercisedValue": 0, "unexercisedValue": 0}, {"maxAge": 1, "name": "Mr. Daniel D. Poppe", "age": 74, "title": "Sr. VP & Sr. Loan Officer", "yearBorn": 1948, "exercisedValue": 0, "unexercisedValue": 0}, {"maxAge": 1, "name": "Ms. Lisa M. Salazar", "age": 48, "title": "Chief Deposit Officer", "yearBorn": 1974, "exercisedValue": 0, "unexercisedValue": 0}, {"maxAge": 1, "name": "Mr. Tony  Ferraro", "title": "Managing Director of Commercial Lending", "exercisedValue": 0, "unexercisedValue": 0}], "auditRisk": 4, "boardRisk": 7, "compensationRisk": 6, "shareHolderRightsRisk": 3, "overallRisk": 5, "governanceEpochDate": "2023-04-30 20:00:00", "compensationAsOfEpochDate": "2022-12-30 19:00:00", "maxAge": 86400, "latitude": 44.93503100934208, "longitude": -93.33666998582737}