{"address1": "Boundary Hall", "address2": "Cricket Square PO Box 1093", "city": "Grand Cayman", "zip": "KY1-1102", "country": "Cayman Islands", "phone": "345-949-8066", "website": "https://www.bluewhaleipo.com", "industry": "Shell Companies", "industryDisp": "Shell Companies", "sector": "Financial Services", "longBusinessSummary": "Blue Whale Acquisition Corp I does not have significant operations. It intends to effect a merger, capital share exchange, asset acquisition, share purchase, reorganization, or similar business combination with one or more businesses or entities. The company focuses on identifying those businesses operating in the media, entertainment, and technology industries. Blue Whale Acquisition Corp I was incorporated in 2021 and is based in Grand Cayman, the Cayman Islands.", "companyOfficers": [{"maxAge": 1, "name": "Mr. Maxime  Franzetti", "age": 41, "title": "CEO & Director", "yearBorn": 1981, "exercisedValue": 0, "unexercisedValue": 0}, {"maxAge": 1, "name": "Mr. Russell I. Pillar", "age": 56, "title": "Chief Financial Officer", "yearBorn": 1966, "exercisedValue": 0, "unexercisedValue": 0}], "maxAge": 86400, "latitude": 19.29281590900007, "longitude": -81.36769499999997}