{"address1": "258 Elm Street", "city": "New Canaan", "state": "CT", "zip": "06840", "country": "United States", "phone": "203 652 0166", "website": "https://www.mybankwell.com", "industry": "Banks\u2014Regional", "industryDisp": "Banks\u2014Regional", "sector": "Financial Services", "longBusinessSummary": "Bankwell Financial Group, Inc. operates as the bank holding company for Bankwell Bank that provides various banking services for individual and commercial customers. It offers various traditional depository products, including checking, savings, money market, and certificates of deposit. The company also provides first mortgage loans secured by one-to-four family owner occupied residential properties for personal use; home equity loans and home equity lines of credit secured by owner occupied one-to-four family residential properties; loans secured by commercial real estate, multi-family dwellings, and investor-owned one-to-four family dwellings; commercial construction loans for commercial development projects, including apartment buildings and condominiums, as well as office buildings, retail, and other income producing properties; land loans; commercial business loans secured by assignments of corporate assets and personal guarantees of the business owners; loans secured by savings or certificate accounts and automobiles; and unsecured personal loans and overdraft lines of credit. It operates branches in New Canaan, Stamford, Fairfield, Wilton, Westport, Darien, Norwalk, and Hamden, Connecticut. The company was formerly known as BNC Financial Group, Inc. and changed its name to Bankwell Financial Group, Inc. in September 2013. Bankwell Financial Group, Inc. was founded in 2002 and is headquartered in New Canaan, Connecticut.", "fullTimeEmployees": 135, "companyOfficers": [{"maxAge": 1, "name": "Mr. Christopher R. Gruseke", "age": 62, "title": "Pres, CEO & Director", "yearBorn": 1960, "fiscalYear": 2022, "totalPay": 1154660, "exercisedValue": 0, "unexercisedValue": 0}, {"maxAge": 1, "name": "Mr. Matthew J. McNeill", "age": 47, "title": "Exec. VP & Chief Banking Officer", "yearBorn": 1975, "fiscalYear": 2022, "totalPay": 775453, "exercisedValue": 0, "unexercisedValue": 0}, {"maxAge": 1, "name": "Mr. Todd H. Lampert", "age": 59, "title": "Independent Director & Corp. Sec.", "yearBorn": 1963, "fiscalYear": 2022, "totalPay": 74500, "exercisedValue": 0, "unexercisedValue": 0}, {"maxAge": 1, "name": "Ms. Courtney E. Sacchetti", "age": 45, "title": "Exec. VP & CFO", "yearBorn": 1977, "exercisedValue": 0, "unexercisedValue": 0}, {"maxAge": 1, "name": "Ms. Laura J. Waitz", "age": 59, "title": "Exec. VP & COO", "yearBorn": 1963, "exercisedValue": 0, "unexercisedValue": 0}, {"maxAge": 1, "name": "Scott  Messina", "title": "Sr. VP & Chief Information Officer", "exercisedValue": 0, "unexercisedValue": 0}, {"maxAge": 1, "name": "Ms. Shawn T. Gelin", "title": "Sr. VP & Director of Community Banking Operations", "exercisedValue": 0, "unexercisedValue": 0}, {"maxAge": 1, "name": "Mr. Robert J. Palermo", "title": "Sr. VP & CRE Team Leader", "exercisedValue": 0, "unexercisedValue": 0}, {"maxAge": 1, "name": "Ms. Christine A. Chivily", "age": 63, "title": "Exec. VP & Chief Credit Officer", "yearBorn": 1959, "fiscalYear": 2021, "exercisedValue": 0, "unexercisedValue": 0}, {"maxAge": 1, "name": "Robert E. Mallozzi", "title": "Sr. VP & Bus. Devel. Officer", "exercisedValue": 0, "unexercisedValue": 0}], "auditRisk": 9, "boardRisk": 8, "compensationRisk": 10, "shareHolderRightsRisk": 6, "overallRisk": 9, "governanceEpochDate": "2023-04-30 20:00:00", "compensationAsOfEpochDate": "2022-12-30 19:00:00", "maxAge": 86400, "latitude": 41.145406999227305, "longitude": -73.49901002529032}