{"address1": "345 Park Avenue", "city": "New York", "state": "NY", "zip": "10154", "country": "United States", "phone": "212 583 5000", "fax": "212 583 5749", "website": "https://www.blackstone.com", "industry": "Asset Management", "industryDisp": "Asset Management", "sector": "Financial Services", "longBusinessSummary": "Blackstone Inc. is an alternative asset management firm specializing in real estate, private equity, hedge fund solutions, credit, secondary funds of funds, public debt and equity and multi-asset class strategies. The firm typically invests in early-stage companies. It also provide capital markets services. The real estate segment specializes in opportunistic, core+ investments as well as debt investment opportunities collateralized by commercial real estate, and stabilized income-oriented commercial real estate across North America, Europe and Asia. The firm's corporate private equity business pursues transactions throughout the world across a variety of transaction types, including large buyouts,special situations, distressed mortgage loans, mid-cap buyouts, buy and build platforms, which involves multiple acquisitions behind a single management team and platform, and growth equity/development projects involving significant majority stakes in portfolio companies and minority investments in operating companies, shipping, real estate, corporate or consumer loans, and alternative energy greenfield development projects in energy and power, property, dislocated markets, shipping opportunities, financial institution breakups, re-insurance, and improving freight mobility, financial services, healthcare, life sciences, enterprise tech and consumer, as well as consumer technologies. The firm considers investment in Asia and Latin America. It has a three year investment period. Its hedge fund business manages a broad range of commingled and customized fund solutions and its credit business focuses on loans, and securities of non-investment grade companies spread across the capital structure including senior debt, subordinated debt, preferred stock and common equity. Blackstone Inc. was founded in 1985 and is headquartered in New York, New York with additional offices across Asia, Europe and North America.", "fullTimeEmployees": 4695, "companyOfficers": [{"maxAge": 1, "name": "Mr. Stephen Allen Schwarzman B.A., M.B.A.", "age": 75, "title": "Chairman, CEO & Co-Founder", "yearBorn": 1947, "fiscalYear": 2022, "totalPay": 253122146, "exercisedValue": 0, "unexercisedValue": 0}, {"maxAge": 1, "name": "Mr. Jonathan D. Gray CIMA", "age": 53, "title": "Gen. Partner, Pres, COO & Director", "yearBorn": 1969, "fiscalYear": 2022, "totalPay": 241891158, "exercisedValue": 0, "unexercisedValue": 0}, {"maxAge": 1, "name": "Mr. Michael S. Chae J.D.", "age": 54, "title": "Chief Financial Officer", "yearBorn": 1968, "fiscalYear": 2022, "totalPay": 21439207, "exercisedValue": 0, "unexercisedValue": 0}, {"maxAge": 1, "name": "Mr. John Gary Finley", "age": 65, "title": "Chief Legal Officer", "yearBorn": 1957, "fiscalYear": 2022, "totalPay": 9894814, "exercisedValue": 0, "unexercisedValue": 0}, {"maxAge": 1, "name": "Mr. Joseph Patrick Baratta", "age": 51, "title": "Global Head of Private Equity & Director", "yearBorn": 1971, "fiscalYear": 2022, "totalPay": 0, "exercisedValue": 0, "unexercisedValue": 0}, {"maxAge": 1, "name": "Mr. William J. Stein", "age": 60, "title": "Sr. Managing Director of Real Estate- New York", "yearBorn": 1962, "exercisedValue": 0, "unexercisedValue": 0}, {"maxAge": 1, "name": "Mr. Robert Christopher Heady", "title": "Sr. MD - Hong Kong, Head of Asia Real Estate & Chairman of Asia Pacific", "fiscalYear": 2016, "exercisedValue": 0, "unexercisedValue": 0}, {"maxAge": 1, "name": "Mr. Prakash Arjandas Melwani", "age": 64, "title": "Sr. MD & Chief Investment Officer of Private Equity - New York", "yearBorn": 1958, "exercisedValue": 0, "unexercisedValue": 0}, {"maxAge": 1, "name": "Mr. Michael B. Nash", "age": 61, "title": "Sr. MD of Real Estate & Co-Founder and Chairman of Blackstone Real Estate Debt Strategies", "yearBorn": 1961, "exercisedValue": 0, "unexercisedValue": 0}, {"maxAge": 1, "name": "Mr. Mustafa M. Siddiqui", "title": "Sr. Managing Director & Co-Head of Strategic Capital Group of BAAM - London", "exercisedValue": 0, "unexercisedValue": 0}], "auditRisk": 6, "boardRisk": 10, "compensationRisk": 7, "shareHolderRightsRisk": 10, "overallRisk": 9, "governanceEpochDate": "2023-04-30 20:00:00", "compensationAsOfEpochDate": "2022-12-30 19:00:00", "maxAge": 86400, "latitude": 40.758128539080786, "longitude": -73.97285242284315}