{"address1": "180 North LaSalle Street", "address2": "Suite 300", "city": "Chicago", "state": "IL", "zip": "60601", "country": "United States", "phone": "773 244 7000", "website": "https://www.bylinebancorp.com", "industry": "Banks\u2014Regional", "industryDisp": "Banks\u2014Regional", "sector": "Financial Services", "longBusinessSummary": "Byline Bancorp, Inc. operates as the bank holding company for Byline Bank that provides various banking products and services for small and medium sized businesses, commercial real estate and financial sponsors, and consumers in the United States. It offers various retail deposit products, including non-interest-bearing accounts, money market demand accounts, savings accounts, interest-bearing checking accounts, and time deposits; ATM and debit cards; and online, mobile, and text banking services, as well as commercial deposits. The company also provides term loans, revolving lines of credit, and construction financing services; senior secured financing solutions to private equity backed lower middle market companies; small business administration and united states department of agriculture loans; and treasury management products and services. In addition, it offers financing solutions for equipment vendors and their end users; syndication services; and investment, trust, and wealth management services that include fiduciary and executor services, financial planning solutions, investment advisory services, and private banking services for foundations and endowments, and high net worth individuals. The company was formerly known as Metropolitan Bank Group, Inc. and changed its name to Byline Bancorp, Inc. in 2015. Byline Bancorp, Inc. was founded in 1914 and is headquartered in Chicago, Illinois.", "fullTimeEmployees": 977, "companyOfficers": [{"maxAge": 1, "name": "Mr. Roberto R. Herencia", "age": 62, "title": "Exec. Chairman & CEO", "yearBorn": 1960, "fiscalYear": 2022, "totalPay": 1562885, "exercisedValue": 3011496, "unexercisedValue": 2528884}, {"maxAge": 1, "name": "Mr. Alberto J. Paracchini", "age": 51, "title": "Pres & Director", "yearBorn": 1971, "fiscalYear": 2022, "totalPay": 1001799, "exercisedValue": 3376136, "unexercisedValue": 2528884}, {"maxAge": 1, "name": "Mr. Thomas J. Bell III", "age": 56, "title": "Exec. VP, Treasurer & CFO", "yearBorn": 1966, "fiscalYear": 2022, "totalPay": 478221, "exercisedValue": 0, "unexercisedValue": 512830}, {"maxAge": 1, "name": "Mr. Thomas  Abraham", "age": 57, "title": "Pres of Small Bus. Capital", "yearBorn": 1965, "fiscalYear": 2022, "totalPay": 768691, "exercisedValue": 0, "unexercisedValue": 0}, {"maxAge": 1, "name": "Ms. Maria Sherylle A. Olano", "age": 44, "title": "Sr. VP & Chief Accounting Officer", "yearBorn": 1978, "exercisedValue": 0, "unexercisedValue": 0}, {"maxAge": 1, "name": "Mr. Brooks O. Rennie", "title": "Head of Investor Relations", "exercisedValue": 0, "unexercisedValue": 0}, {"maxAge": 1, "name": "Ms. Ana  Casanueva", "age": 38, "title": "Sr. VP, Director of Legal & Sec. of the Board", "yearBorn": 1984, "exercisedValue": 0, "unexercisedValue": 0}, {"maxAge": 1, "name": "Erin  O'Neill", "title": "Director of Marketing", "exercisedValue": 0, "unexercisedValue": 0}, {"maxAge": 1, "name": "Mr. Timothy C. Hadro", "age": 71, "title": "Advisor", "yearBorn": 1951, "fiscalYear": 2016, "exercisedValue": 0, "unexercisedValue": 0}, {"maxAge": 1, "name": "Mr. Mark  Fucinato", "age": 64, "title": "Exec. VP & Chief Credit Officer", "yearBorn": 1958, "exercisedValue": 0, "unexercisedValue": 0}], "auditRisk": 2, "boardRisk": 3, "compensationRisk": 6, "shareHolderRightsRisk": 4, "overallRisk": 4, "governanceEpochDate": "2023-04-30 20:00:00", "compensationAsOfEpochDate": "2022-12-30 19:00:00", "maxAge": 86400, "latitude": 41.885380983299285, "longitude": -87.632890989833}