{"address1": "4601 Wilshire Boulevard", "address2": "Suite 150", "city": "Los Angeles", "state": "CA", "zip": "90010", "country": "United States", "phone": "323 634 1700", "website": "https://www.cityfirstbank.com", "industry": "Banks\u2014Regional", "industryDisp": "Banks\u2014Regional", "sector": "Financial Services", "longBusinessSummary": "Broadway Financial Corporation operates as the holding company for City First Bank, National Association that provides various banking products and services in the United States. It accepts various deposit accounts, including savings accounts, checking accounts, interest checking accounts, money market accounts, and fixed-term certificates of deposit. The company also offers mortgage loans, which are secured by multi-family residential properties; single family residential properties; and commercial real estate, including charter schools, community facilities, and churches, as well as commercial business, construction, and consumer loans. In addition, it invests in securities issued by federal government agencies, residential mortgage-backed securities, and other investments. The company was founded in 1946 and is headquartered in Los Angeles, California.", "fullTimeEmployees": 83, "companyOfficers": [{"maxAge": 1, "name": "Mr. Brian E. Argrett", "age": 58, "title": "Board Chair, Pres & CEO", "yearBorn": 1964, "fiscalYear": 2022, "totalPay": 822713, "exercisedValue": 0, "unexercisedValue": 0}, {"maxAge": 1, "name": "Ms. Brenda J. Battey", "age": 64, "title": "Exec. VP & CFO", "yearBorn": 1958, "fiscalYear": 2022, "totalPay": 380493, "exercisedValue": 0, "unexercisedValue": 0}, {"maxAge": 1, "name": "Ms. Ruth  McCloud", "age": 73, "title": "Exec. VP & COO", "yearBorn": 1949, "fiscalYear": 2022, "totalPay": 360006, "exercisedValue": 0, "unexercisedValue": 0}, {"maxAge": 1, "name": "Mr. Thomas A. Nida", "age": 73, "title": "Exec. VP & Market Exec.", "yearBorn": 1949, "exercisedValue": 0, "unexercisedValue": 0}, {"maxAge": 1, "name": "Ms. Sonja Sanders Wells", "age": 67, "title": "Exec. VP, Chief Lending Officer of Commercial Banking & East Commercial Regional Exec.", "yearBorn": 1955, "exercisedValue": 0, "unexercisedValue": 0}, {"maxAge": 1, "name": "Ms. Shannan Alicia Herbert", "age": 42, "title": "Exec. VP", "yearBorn": 1980, "exercisedValue": 0, "unexercisedValue": 0}, {"maxAge": 1, "name": "Mr. John F. Tellenbach", "age": 55, "title": "Exec. VP & West Commercial Regional Exec.", "yearBorn": 1967, "exercisedValue": 0, "unexercisedValue": 0}, {"maxAge": 1, "name": "Ms. LaShanya  Washington", "age": 48, "title": "Exec. VP & Chief Credit Officer", "yearBorn": 1974, "exercisedValue": 0, "unexercisedValue": 0}, {"maxAge": 1, "name": "Ms. Mildred  Cayton", "title": "First VP & Controller", "exercisedValue": 0, "unexercisedValue": 0}, {"maxAge": 1, "name": "Audrey A. Phillips", "title": "VP & Company Sec.", "exercisedValue": 0, "unexercisedValue": 0}], "compensationAsOfEpochDate": "2022-12-30 19:00:00", "maxAge": 86400, "latitude": 34.062304992257765, "longitude": -118.33001403060277}