{"address1": "400 Skokie Boulevard", "address2": "Suite 820", "city": "Northbrook", "state": "IL", "zip": "60062", "country": "United States", "phone": "847 757 3812", "website": "https://www.banyanacquisition.com", "industry": "Shell Companies", "industryDisp": "Shell Companies", "sector": "Financial Services", "longBusinessSummary": "Banyan Acquisition Corporation does not have significant operations. The company focuses on effecting a merger, capital stock exchange, asset acquisition, stock purchase, reorganization, or similar business combination with one or more businesses or entities. It intends to focus on identifying business combination targets in the foodservice industry. The company was incorporated in 2021 and is based in Northbrook, Illinois.", "companyOfficers": [{"maxAge": 1, "name": "Mr. Keith  Jaffee", "age": 61, "title": "CEO & Director", "yearBorn": 1961, "exercisedValue": 0, "unexercisedValue": 0}, {"maxAge": 1, "name": "Mr. George  Courtot", "age": 67, "title": "Chief Financial Officer", "yearBorn": 1955, "exercisedValue": 0, "unexercisedValue": 0}], "maxAge": 86400, "latitude": 42.14388399019086, "longitude": -87.79671403011154}