{"address1": "Einar Hansens Esplanad 29", "city": "Malm\u00f6", "zip": "211 13", "country": "Sweden", "phone": "46 7 07 29 41 00", "website": "https://www.bynordic.se", "industry": "Shell Companies", "industryDisp": "Shell Companies", "sector": "Financial Services", "longBusinessSummary": "byNordic Acquisition Corporation does not have significant operations. It intends to effect a merger, capital stock exchange, asset acquisition, stock purchase, reorganization, or similar business combination with one or more businesses in the financial technology sector in Northern Europe. byNordic Acquisition Corporation was incorporated in 2019 and is based in Malm\u00f6, Sweden.", "companyOfficers": [{"maxAge": 1, "name": "Mr. Michael  Hermansson", "age": 63, "title": "Chief Exec. Officer", "yearBorn": 1959, "exercisedValue": 0, "unexercisedValue": 0}, {"maxAge": 1, "name": "Mr. Thomas L. Fairfield B.S.F.S., Esq.", "age": 63, "title": "CFO, COO & Sec.", "yearBorn": 1959, "exercisedValue": 0, "unexercisedValue": 0}, {"maxAge": 1, "name": "Mr. Christian  Merheim", "age": 50, "title": "Director of Technology", "yearBorn": 1972, "exercisedValue": 0, "unexercisedValue": 0}, {"maxAge": 1, "name": "Mr. Alexander  Lidgren", "age": 49, "title": "Director of Marketing", "yearBorn": 1973, "exercisedValue": 0, "unexercisedValue": 0}], "maxAge": 86400, "latitude": 55.614079993969796, "longitude": 12.981879987279825}