{"address1": "445 Park Avenue", "address2": "9th Floor", "city": "New York", "state": "NY", "zip": "10022", "country": "United States", "phone": "(917) 969-9250", "website": "https://bytespac.com", "industry": "Shell Companies", "industryDisp": "Shell Companies", "sector": "Financial Services", "longBusinessSummary": "BYTE Acquisition Corp. does not have significant operations. It focuses on effecting a merger, share exchange, asset acquisition, share purchase, reorganization, or similar business combination with one or more businesses or entities. The company intends to focus its search for targets in the Israeli technology industry, including cybersecurity, automotive technology, fintech, enterprise software, cloud computing, semiconductors, medical technology, artificial intelligence, and robotics. BYTE Acquisition Corp. was incorporated in 2021 and is based in New York, New York.", "companyOfficers": [{"maxAge": 1, "name": "Mr. Kobi  Rozengarten", "age": 66, "title": "Exec. Chairman", "yearBorn": 1956, "exercisedValue": 0, "unexercisedValue": 0}, {"maxAge": 1, "name": "Mr. Samuel  Gloor", "age": 35, "title": "CFO, CEO & Director", "yearBorn": 1987, "exercisedValue": 0, "unexercisedValue": 0}], "maxAge": 86400, "latitude": 40.7611569626076, "longitude": -73.97077656070272}