{"address1": "388 Greenwich Street", "city": "New York", "state": "NY", "zip": "10013", "country": "United States", "phone": "212 559 1000", "website": "https://www.citigroup.com", "industry": "Banks\u2014Diversified", "industryDisp": "Banks\u2014Diversified", "sector": "Financial Services", "longBusinessSummary": "Citigroup Inc., a diversified financial services holding company, provides various financial products and services to consumers, corporations, governments, and institutions in North America, Latin America, Asia, Europe, the Middle East, and Africa. It operates through three segments: Institutional Clients Group (ICG), Personal Banking and Wealth Management (PBWM), and Legacy Franchises. The ICG segment offers wholesale banking products and services, including fixed income and equity sales and trading, foreign exchange, prime brokerage, derivative, equity and fixed income research, corporate lending, investment banking and advisory, private banking, cash management, trade finance, and securities services to corporate, institutional, and public sector clients. The PBWM segment offers traditional banking services to retail and small business customers through retail banking, cash, rewards, value portfolios, and co-branded cards. It also provides various banking, credit cards, custody, trust, mortgages, home equity, small business, and personal consumer loans. The Legacy Franchises segment provides traditional retail banking and branded card products to retail and small business customers. The company was founded in 1812 and is headquartered in New York, New York.", "fullTimeEmployees": 240000, "companyOfficers": [{"maxAge": 1, "name": "Ms. Jane Nind Fraser", "age": 54, "title": "CEO & Director", "yearBorn": 1968, "fiscalYear": 2022, "totalPay": 6530800, "exercisedValue": 0, "unexercisedValue": 0}, {"maxAge": 1, "name": "Mr. Mark A.L. Mason", "age": 52, "title": "Chief Financial Officer", "yearBorn": 1970, "fiscalYear": 2022, "totalPay": 7842539, "exercisedValue": 0, "unexercisedValue": 0}, {"maxAge": 1, "name": "Mr. Anand  Selvakesari", "age": 54, "title": "Chief Operating Officer", "yearBorn": 1968, "fiscalYear": 2022, "totalPay": 8453987, "exercisedValue": 0, "unexercisedValue": 0}, {"maxAge": 1, "name": "Mr. Paco  Ybarra", "age": 60, "title": "Chief Exec. Officer of Institutional Clients Group", "yearBorn": 1962, "fiscalYear": 2022, "totalPay": 12318942, "exercisedValue": 0, "unexercisedValue": 0}, {"maxAge": 1, "name": "Mr. Peter  Babej", "age": 58, "title": "Chief Exec. Officer of Asia-Pacific", "yearBorn": 1964, "fiscalYear": 2022, "totalPay": 7909114, "exercisedValue": 0, "unexercisedValue": 0}, {"maxAge": 1, "name": "Mr. David R. Bailin", "title": "Chief Investment Officer & Global Head of Investments", "exercisedValue": 0, "unexercisedValue": 0}, {"maxAge": 1, "name": "Mr. Johnbull E. Okpara", "age": 50, "title": "Chief Accounting Officer & Controller", "yearBorn": 1972, "exercisedValue": 0, "unexercisedValue": 0}, {"maxAge": 1, "name": "Mr. Michael  Whitaker", "age": 58, "title": "Head of Enterprise Infrastructure Operations & Technology", "yearBorn": 1964, "fiscalYear": 2020, "exercisedValue": 0, "unexercisedValue": 0}, {"maxAge": 1, "name": "Ms. Jennifer  Landis", "title": "Head of Investor Relations", "exercisedValue": 0, "unexercisedValue": 0}, {"maxAge": 1, "name": "Mr. Brent J. McIntosh", "age": 48, "title": "Gen. Counsel & Corp. Sec.", "yearBorn": 1974, "exercisedValue": 0, "unexercisedValue": 0}], "auditRisk": 4, "boardRisk": 2, "compensationRisk": 2, "shareHolderRightsRisk": 1, "overallRisk": 1, "governanceEpochDate": "2023-04-30 20:00:00", "compensationAsOfEpochDate": "2022-12-30 19:00:00", "maxAge": 86400, "latitude": 40.720607829615744, "longitude": -74.01071959827594}