{"address1": "2 Elm Street", "city": "Camden", "state": "ME", "zip": "04843", "country": "United States", "phone": "207 236 8821", "website": "https://www.camdennational.com", "industry": "Banks\u2014Regional", "industryDisp": "Banks\u2014Regional", "sector": "Financial Services", "longBusinessSummary": "Camden National Corporation operates as the bank holding company for Camden National Bank that provides various commercial and consumer banking products and services for consumer, institutional, municipal, non-profit, and commercial customers in Maine, New Hampshire, and Massachusetts. The company accepts checking, savings, time, and brokered deposits, as well as deposits with the certificate of deposit account registry system. Its loan products include non-owner-occupied commercial estate loans, owner-occupied commercial real estate loans, unsecured fully-guaranteed commercial loans backed by the small business administration, loans secured by one-to four-family properties, and consumer and home equity loans. The company also provides brokerage and insurance services through its financial offerings consisting of college, retirement, estate planning, mutual funds, strategic asset management accounts, and variable and fixed annuities. Further, it offers a range of fiduciary and asset management, wealth management, investment management, financial planning, and trustee services. Camden National Corporation was founded in 1875 and is headquartered in Camden, Maine.", "fullTimeEmployees": 630, "companyOfficers": [{"maxAge": 1, "name": "Mr. Gregory A. Dufour", "age": 61, "title": "Pres, CEO & Director", "yearBorn": 1961, "fiscalYear": 2022, "totalPay": 993244, "exercisedValue": 0, "unexercisedValue": 0}, {"maxAge": 1, "name": "Mr. Michael R. Archer CPA", "age": 38, "title": "Exec. VP, CFO and Principal Financial & Accounting Officer", "yearBorn": 1984, "fiscalYear": 2022, "totalPay": 337231, "exercisedValue": 0, "unexercisedValue": 0}, {"maxAge": 1, "name": "Mr. William H. Martel", "age": 52, "title": "Exec. VP & CTO", "yearBorn": 1970, "fiscalYear": 2022, "totalPay": 433997, "exercisedValue": 0, "unexercisedValue": 0}, {"maxAge": 1, "name": "Mr. Timothy P. Nightingale", "age": 64, "title": "Exec. VP & Chief Credit Officer", "yearBorn": 1958, "fiscalYear": 2022, "totalPay": 508651, "exercisedValue": 0, "unexercisedValue": 0}, {"maxAge": 1, "name": "Ms. Patricia A. Rose", "age": 58, "title": "Exec. VP of Retail & Mortgage Banking", "yearBorn": 1964, "exercisedValue": 0, "unexercisedValue": 0}, {"maxAge": 1, "name": "Mr. Craig Norman Denekas", "age": 57, "title": "Sec. & Director", "yearBorn": 1965, "fiscalYear": 2022, "totalPay": 47447, "exercisedValue": 0, "unexercisedValue": 0}, {"maxAge": 1, "name": "Ms. Ren\u00e9e D. Smyth", "age": 51, "title": "Exec. VP and Chief Experience & Marketing Officer", "yearBorn": 1971, "exercisedValue": 0, "unexercisedValue": 0}, {"maxAge": 1, "name": "Ms. Heather D. Robinson CPA", "age": 47, "title": "Exec. VP & Chief HR Officer", "yearBorn": 1975, "exercisedValue": 0, "unexercisedValue": 0}, {"maxAge": 1, "name": "Ms. Joanne T. Campbell CRCM", "age": 59, "title": "Exec. VP of Enterprise Risk Management & Chief Risk Officer", "yearBorn": 1963, "fiscalYear": 2020, "exercisedValue": 0, "unexercisedValue": 0}, {"maxAge": 1, "name": "Ms. Carolyn  Carson-Crosby", "title": "Sr. VP of Employee Relations and Engagement Mang.", "exercisedValue": 0, "unexercisedValue": 0}], "auditRisk": 3, "boardRisk": 2, "compensationRisk": 3, "shareHolderRightsRisk": 2, "overallRisk": 2, "governanceEpochDate": "2023-04-30 20:00:00", "compensationAsOfEpochDate": "2022-12-30 19:00:00", "maxAge": 86400, "latitude": 44.209554029726206, "longitude": -69.06470035624909}