{"address1": "25505 West Twelve Mile Road", "city": "Southfield", "state": "MI", "zip": "48034-8339", "country": "United States", "phone": "248 353 2700", "website": "https://www.creditacceptance.com", "industry": "Credit Services", "industryDisp": "Credit Services", "sector": "Financial Services", "longBusinessSummary": "Credit Acceptance Corporation engages in the provision of financing programs, and related products and services to independent and franchised automobile dealers in the United States. The company advances money to automobile dealers in exchange for the right to service the underlying consumer loans; and buys the consumer loans from the dealers and keeps the amount collected from the consumers. It is also involved in the business of reinsuring coverage under vehicle service contracts sold to consumers by dealers on vehicles financed by the company. The company was incorporated in 1972 and is headquartered in Southfield, Michigan.", "fullTimeEmployees": 2246, "companyOfficers": [{"maxAge": 1, "name": "Mr. Kenneth S. Booth", "age": 55, "title": "CEO, Pres & Director", "yearBorn": 1967, "fiscalYear": 2022, "totalPay": 1015250, "exercisedValue": 0, "unexercisedValue": 5821775}, {"maxAge": 1, "name": "Mr. Ravi  Mohan", "age": 49, "title": "Chief Technology Officer", "yearBorn": 1973, "fiscalYear": 2022, "totalPay": 95509, "exercisedValue": 0, "unexercisedValue": 0}, {"maxAge": 1, "name": "Mr. Andrew  Rostami", "age": 42, "title": "Chief Marketing & Product Officer", "yearBorn": 1980, "fiscalYear": 2022, "totalPay": 420686, "exercisedValue": 0, "unexercisedValue": 0}, {"maxAge": 1, "name": "Ms. Wendy A. Rummler", "age": 45, "title": "Chief People Officer", "yearBorn": 1977, "fiscalYear": 2022, "totalPay": 427312, "exercisedValue": 0, "unexercisedValue": 1343248}, {"maxAge": 1, "name": "Mr. Arthur L. Smith", "age": 49, "title": "Chief Analytics Officer", "yearBorn": 1973, "fiscalYear": 2022, "totalPay": 717748, "exercisedValue": 0, "unexercisedValue": 3511500}, {"maxAge": 1, "name": "Mr. Jonathan L. Lum", "age": 45, "title": "Chief Operating Officer", "yearBorn": 1977, "exercisedValue": 0, "unexercisedValue": 0}, {"maxAge": 1, "name": "Mr. Jay D. Martin", "age": 48, "title": "Sr. VP of Accounting & Financial Reporting and Principal Accounting Officer", "yearBorn": 1974, "exercisedValue": 0, "unexercisedValue": 0}, {"maxAge": 1, "name": "Mr. Noah  Kotch", "age": 52, "title": "Chief Information Officer", "yearBorn": 1970, "exercisedValue": 0, "unexercisedValue": 0}, {"maxAge": 1, "name": "Ms. Erin J. Kerber", "age": 42, "title": "Chief Legal Officer, Chief Compliance Officer & Sec.", "yearBorn": 1980, "exercisedValue": 0, "unexercisedValue": 0}, {"maxAge": 1, "name": "Mr. Daniel A. Ulatowski", "age": 50, "title": "Chief Sales Officer", "yearBorn": 1972, "fiscalYear": 2021, "exercisedValue": 0, "unexercisedValue": 0}], "auditRisk": 3, "boardRisk": 4, "compensationRisk": 10, "shareHolderRightsRisk": 4, "overallRisk": 7, "governanceEpochDate": "2023-04-30 20:00:00", "compensationAsOfEpochDate": "2022-12-30 19:00:00", "maxAge": 86400, "latitude": 42.50001601059921, "longitude": -83.29707002420773}