{"address1": "One Mississippi Plaza", "address2": "201 South Spring Street", "city": "Tupelo", "state": "MS", "zip": "38804", "country": "United States", "phone": "662 680 2000", "website": "https://cadencebank.com", "industry": "Banks\u2014Regional", "industryDisp": "Banks\u2014Regional", "sector": "Financial Services", "longBusinessSummary": "Cadence Bank provides commercial banking and financial services. Its products and services include consumer banking, consumer loans, mortgages, home equity lines and loans, credit cards, commercial and business banking, treasury management, specialized and asset-based lending, commercial real estate, equipment financing, and correspondent banking services. The company's products and services also comprise small business administration lending, foreign exchange, wealth management, investment and trust, financial planning, retirement plan management, and personal and business insurance services. It operates in Alabama, Arkansas, Florida, Georgia, Louisiana, Mississippi, Missouri, Tennessee, Texas, Illinois, and Oklahoma, the United States. Cadence Bank was incorporated in 1876 and is headquartered in Tupelo, Mississippi.", "fullTimeEmployees": 6567, "companyOfficers": [{"maxAge": 1, "name": "Mr. James D. Rollins III", "age": 63, "title": "Chairman & CEO", "yearBorn": 1959, "fiscalYear": 2021, "totalPay": 3100813, "exercisedValue": 0, "unexercisedValue": 0}, {"maxAge": 1, "name": "Mr. Christopher A. Bagley", "age": 61, "title": "Pres", "yearBorn": 1961, "fiscalYear": 2021, "totalPay": 1667289, "exercisedValue": 0, "unexercisedValue": 0}, {"maxAge": 1, "name": "Ms. Valerie C. Toalson", "age": 56, "title": "Sr. EVP & CFO", "yearBorn": 1966, "fiscalYear": 2021, "totalPay": 3310963, "exercisedValue": 0, "unexercisedValue": 435275}, {"maxAge": 1, "name": "Mr. Rudolph H. Holmes IV", "age": 51, "title": "Sr. EVP & Chief Banking Officer", "yearBorn": 1971, "fiscalYear": 2021, "totalPay": 3459276, "exercisedValue": 0, "unexercisedValue": 468761}, {"maxAge": 1, "name": "Mr. Jeffrey William Jaggers", "age": 59, "title": "COO & Sr. EVP", "yearBorn": 1963, "fiscalYear": 2019, "exercisedValue": 0, "unexercisedValue": 0}, {"maxAge": 1, "name": "Mr. Will  Fisackerly", "title": "Exec. VP & Director of Corp. Fin.", "exercisedValue": 0, "unexercisedValue": 0}, {"maxAge": 1, "name": "Ms. Cathy S. Freeman", "age": 56, "title": "Sr. EVP, Chief Admin. Officer & Sec.", "yearBorn": 1966, "fiscalYear": 2018, "exercisedValue": 0, "unexercisedValue": 0}, {"maxAge": 1, "name": "Mr. Charles J. Pignuolo", "age": 66, "title": "Chief Legal Officer", "yearBorn": 1956, "fiscalYear": 2020, "exercisedValue": 0, "unexercisedValue": 0}, {"maxAge": 1, "name": "Morgan  Files", "title": "Head of Corp. Communications", "exercisedValue": 0, "unexercisedValue": 0}, {"maxAge": 1, "name": "Mr. Sam  Jones", "title": "Market Pres", "exercisedValue": 0, "unexercisedValue": 0}], "auditRisk": 1, "boardRisk": 6, "compensationRisk": 5, "shareHolderRightsRisk": 8, "overallRisk": 5, "governanceEpochDate": "2023-04-30 20:00:00", "compensationAsOfEpochDate": "2021-12-30 19:00:00", "maxAge": 86400, "latitude": 34.25630598527208, "longitude": -88.70382898892454}