{"address1": "1300 Clay Street", "address2": "Suite 500", "city": "Oakland", "state": "CA", "zip": "94612", "country": "United States", "phone": "510 457 3737", "website": "https://www.californiabankofcommerce.com", "industry": "Banks\u2014Regional", "industryDisp": "Banks\u2014Regional", "sector": "Financial Services", "longBusinessSummary": "California BanCorp operates as the bank holding company for California Bank of Commerce that provides commercial banking services in California. It accepts various deposit products, including commercial checking, savings, and money market accounts, as well as certificates of deposit. The company offers asset-based lending loans; standby letters of credit; construction and development loans; real estate loans, such as commercial real estate loans and other loans; small business administration (SBA) loans, including SBA 7(a) and SBA 504 loans; consumer loans, such as secured and unsecured installment loans, and revolving lines of credit; and commercial and industrial loans, including term loans, working capital, accounts receivable and inventory financing, and other business loans to the dental and veterinary industries, contractors, and emerging companies. In addition, it provides foreign exchange, treasury and cash management, and online and mobile banking services. California BanCorp was incorporated in 2007 and is headquartered in Oakland, California.", "fullTimeEmployees": 157, "companyOfficers": [{"maxAge": 1, "name": "Mr. Steven E. Shelton", "age": 61, "title": "CEO & Director", "yearBorn": 1961, "fiscalYear": 2022, "totalPay": 771070, "exercisedValue": 0, "unexercisedValue": 246658}, {"maxAge": 1, "name": "Mr. Thomas A. Sa CPA", "age": 60, "title": "Sr. EVP, CFO, COO & Pres", "yearBorn": 1962, "fiscalYear": 2022, "totalPay": 625103, "exercisedValue": 0, "unexercisedValue": 125034}, {"maxAge": 1, "name": "Mr. Scott Alexander Myers", "age": 51, "title": "Sr. EVP & Chief Lending Officer of California Bank of Commerce", "yearBorn": 1971, "fiscalYear": 2022, "totalPay": 501291, "exercisedValue": 0, "unexercisedValue": 109986}, {"maxAge": 1, "name": "Mr. John  Lehman", "title": "Sr. VP of Operations & Compliance", "exercisedValue": 0, "unexercisedValue": 0}, {"maxAge": 1, "name": "Mr. John E. Lindstedt", "age": 87, "title": "Sr. Exec. VP", "yearBorn": 1935, "fiscalYear": 2016, "exercisedValue": 0, "unexercisedValue": 0}, {"maxAge": 1, "name": "Ms. Vivian Z. Mui", "age": 42, "title": "Sr. EVP & Chief Credit Officer of California Bank of Commerce", "yearBorn": 1980, "exercisedValue": 0, "unexercisedValue": 0}, {"maxAge": 1, "name": "Mr. Thomas M. Dorrance", "age": 59, "title": "Sr. EVP & CTO of California Bank of Commerce", "yearBorn": 1963, "exercisedValue": 0, "unexercisedValue": 0}, {"maxAge": 1, "name": "Ms. Amy C. Efland", "title": "Sr. VP, Relationship Mang. & Sales Mang. of CBC Bus. Credit - South Bay", "exercisedValue": 0, "unexercisedValue": 0}, {"maxAge": 1, "name": "Ms. Michele M. Wirfel", "age": 54, "title": "Sr. EVP & Chief Banking Officer at California Bank of Commerce", "yearBorn": 1968, "fiscalYear": 2019, "exercisedValue": 0, "unexercisedValue": 0}, {"maxAge": 1, "name": "Mr. Denny  Rudd", "title": "Sr. VP & North State Market Mang.", "exercisedValue": 0, "unexercisedValue": 0}], "compensationAsOfEpochDate": "2022-12-30 19:00:00", "maxAge": 86400, "latitude": 37.80474999351648, "longitude": -122.27355597646607}