{"address1": "1300 Kings Mountain Road", "city": "Martinsville", "state": "VA", "zip": "24112", "country": "United States", "phone": "276 656 1776", "website": "https://www.cbtcares.com", "industry": "Banks\u2014Regional", "industryDisp": "Banks\u2014Regional", "sector": "Financial Services", "longBusinessSummary": "Carter Bankshares, Inc. operates as the bank holding company for Carter Bank & Trust that provides various banking products and services in the United States. It accepts various deposit products, including checking, savings, retirement, and money market accounts, as well as longer-term certificates of deposits. The company also offers commercial loans comprising secured and unsecured loans; consumer loans, such as secured and unsecured loans for financing automobiles, home improvements, education, overdraft protection, and personal investments, as well as residential mortgages; real estate construction, acquisition, commercial, and industrial loans; home equity lines of credit; and credit cards, as well as originates and holds fixed and variable rate mortgage loans. In addition, it provides other banking services that include safe deposit boxes, direct deposit of payroll, and social security checks; online banking products, including online and mobile banking, online account opening, bill pay, e-statement, mobile deposit, digital wallet, and ATM services; title insurance and other financial institution-related products and services; and treasury and corporate cash management services. Carter Bankshares, Inc. was founded in 1974 and is headquartered in Martinsville, Virginia.", "fullTimeEmployees": 667, "companyOfficers": [{"maxAge": 1, "name": "Mr. Litz H. Van Dyke", "age": 58, "title": "CEO & Director", "yearBorn": 1964, "fiscalYear": 2022, "totalPay": 1027787, "exercisedValue": 0, "unexercisedValue": 0}, {"maxAge": 1, "name": "Ms. Phyllis Q. Karavatakis", "age": 66, "title": "Vice Chairman", "yearBorn": 1956, "fiscalYear": 2022, "totalPay": 0, "exercisedValue": 0, "unexercisedValue": 0}, {"maxAge": 1, "name": "Ms. Wendy S. Bell", "age": 58, "title": "Chief Financial Officer", "yearBorn": 1964, "fiscalYear": 2022, "totalPay": 603614, "exercisedValue": 0, "unexercisedValue": 0}, {"maxAge": 1, "name": "Mr. Matthew M. Speare", "age": 54, "title": "Sr. Exec. VP & COO", "yearBorn": 1968, "fiscalYear": 2022, "totalPay": 510930, "exercisedValue": 0, "unexercisedValue": 0}, {"maxAge": 1, "name": "Mr. Tony E. Kallsen", "age": 54, "title": "Sr. Exec. VP", "yearBorn": 1968, "fiscalYear": 2022, "totalPay": 469992, "exercisedValue": 0, "unexercisedValue": 0}, {"maxAge": 1, "name": "Mr. John Richard Spiker II", "age": 55, "title": "Sr. Exec. VP", "yearBorn": 1967, "exercisedValue": 0, "unexercisedValue": 0}, {"maxAge": 1, "name": "Mr. A. Loran Adams", "age": 60, "title": "Exec. VP & Director of Regulatory Risk Management", "yearBorn": 1962, "exercisedValue": 0, "unexercisedValue": 0}, {"maxAge": 1, "name": "Joyce A. Parker", "title": "Sec.", "exercisedValue": 0, "unexercisedValue": 0}, {"maxAge": 1, "name": "Misty  Powell", "title": "Assistant VP", "exercisedValue": 0, "unexercisedValue": 0}, {"maxAge": 1, "name": "Bill  Hubble", "title": "VP and Managing Officer of Blacksburg Office", "exercisedValue": 0, "unexercisedValue": 0}], "auditRisk": 2, "boardRisk": 6, "compensationRisk": 4, "shareHolderRightsRisk": 6, "overallRisk": 4, "governanceEpochDate": "2023-04-30 20:00:00", "compensationAsOfEpochDate": "2022-12-30 19:00:00", "maxAge": 86400, "latitude": 36.71978701684614, "longitude": -79.8814699612006}