{"address1": "75 West 125th Street", "city": "New York", "state": "NY", "zip": "10027-4512", "country": "United States", "phone": "718 230 2900", "website": "https://www.carverbank.com", "industry": "Banks\u2014Regional", "industryDisp": "Banks\u2014Regional", "sector": "Financial Services", "longBusinessSummary": "Carver Bancorp, Inc. operates as the holding company for Carver Federal Savings Bank that provides consumer and commercial banking services for consumers, businesses, non-profit organizations, and governmental and quasi-governmental agencies primarily in New York. It accepts various deposit products, including demand, savings, and time deposits; passbook and statement accounts, and certificates of deposit; and individual retirement accounts. The company also provides lending products, such as one-to-four family residential, multifamily real estate, and commercial real estate lending; and construction, business and small business administration, and consumer and other loans. In addition, it offers other consumer and commercial banking products and services, including debit cards, online account opening and banking, online bill pay, and telephone banking, as well as check cashing, wire transfer, bill payment, reloadable prepaid card, and money order services. Carver Bancorp, Inc. was founded in 1948 and is headquartered in New York, New York.", "fullTimeEmployees": 108, "companyOfficers": [{"maxAge": 1, "name": "Mr. Michael T. Pugh", "age": 51, "title": "Pres & Director", "yearBorn": 1971, "fiscalYear": 2022, "totalPay": 455538, "exercisedValue": 0, "unexercisedValue": 0}, {"maxAge": 1, "name": "Ms. Christina L. Maier", "age": 68, "title": "First Sr. VP & CFO", "yearBorn": 1954, "fiscalYear": 2022, "totalPay": 255900, "exercisedValue": 0, "unexercisedValue": 0}, {"maxAge": 1, "name": "Mr. Isaac  Torres", "age": 56, "title": "Sr. VP, Gen. Counsel & Corp. Sec.", "yearBorn": 1966, "fiscalYear": 2022, "totalPay": 225414, "exercisedValue": 0, "unexercisedValue": 0}, {"maxAge": 1, "name": "Mr. Jeffrey John Bailey", "title": "Chief Exec. Officer", "exercisedValue": 0, "unexercisedValue": 0}, {"maxAge": 1, "name": "Jimmy  Montes", "title": "1st VP, Sr. Counsel and Corp. Sec.", "exercisedValue": 0, "unexercisedValue": 0}], "compensationAsOfEpochDate": "2022-12-30 19:00:00", "maxAge": 86400, "latitude": 40.8076593423298, "longitude": -73.94479081684015}