{"address1": "5501 South Broadband Lane", "city": "Sioux Falls", "state": "SD", "zip": "57108", "country": "United States", "phone": "877 497 7497", "website": "https://www.pathwardfinancial.com", "industry": "Banks\u2014Regional", "industryDisp": "Banks\u2014Regional", "sector": "Financial Services", "longBusinessSummary": "Pathward Financial, Inc. operates as the holding company for Pathward, National Association that provides various banking products and services in the United States. The company operates through three segments: Consumer, Commercial, and Corporate Services/Other. It offers demand deposit accounts, savings accounts, money market savings accounts, and certificate accounts. It also provides commercial finance product comprising term lending, asset based lending, factoring, lease financing, insurance premium finance, government guaranteed lending, and other commercial finance products; consumer credit products; other consumer financing services; tax solutions, which includes short-term refund advance loans and short-term electronic return originator advance loans; and warehouse financing services. In addition, it issues prepaid cards; and offers payment solutions, such as acceptance, processing, and settlement of credit card and debit card payments. The company was formerly known as Meta Financial Group, Inc. and changed its name to Pathward Financial, Inc. in July 2022. Pathward Financial, Inc. was founded in 1954 and is based in Sioux Falls, South Dakota.", "fullTimeEmployees": 1164, "companyOfficers": [{"maxAge": 1, "name": "Mr. Brett L. Pharr", "age": 60, "title": "CEO & Director", "yearBorn": 1962, "fiscalYear": 2022, "totalPay": 1254452, "exercisedValue": 0, "unexercisedValue": 0}, {"maxAge": 1, "name": "Mr. Anthony M. Sharett", "age": 45, "title": "Pres", "yearBorn": 1977, "fiscalYear": 2022, "totalPay": 919530, "exercisedValue": 0, "unexercisedValue": 0}, {"maxAge": 1, "name": "Mr. Glen William Herrick", "age": 60, "title": "Exec. VP & CFO", "yearBorn": 1962, "fiscalYear": 2022, "totalPay": 1051094, "exercisedValue": 0, "unexercisedValue": 0}, {"maxAge": 1, "name": "Mr. Charles C. Ingram", "age": 52, "title": "Exec. VP and Chief Technology & Product Officer", "yearBorn": 1970, "fiscalYear": 2022, "totalPay": 665775, "exercisedValue": 0, "unexercisedValue": 0}, {"maxAge": 1, "name": "Ms. Nadia A. Dombrowski", "age": 60, "title": "Exec. VP and Chief Legal & Admin. Officer", "yearBorn": 1962, "fiscalYear": 2022, "totalPay": 629851, "exercisedValue": 0, "unexercisedValue": 0}, {"maxAge": 1, "name": "Ms. Jennifer W. Warren", "age": 39, "title": "Sr. VP & Chief Accounting Officer", "yearBorn": 1983, "exercisedValue": 0, "unexercisedValue": 0}, {"maxAge": 1, "name": "Justin  Schempp", "title": "VP, Investor Relations & Financial Reporting", "exercisedValue": 0, "unexercisedValue": 0}, {"maxAge": 1, "name": "Ms. Sonja Anne Theisen", "age": 41, "title": "Exec. VP & Deputy CFO (Leave of Absence)", "yearBorn": 1981, "exercisedValue": 0, "unexercisedValue": 0}, {"maxAge": 1, "name": "Mr. Michael D. Lister", "age": 68, "title": "Head of Tax Services Division", "yearBorn": 1954, "exercisedValue": 0, "unexercisedValue": 0}], "auditRisk": 10, "boardRisk": 1, "compensationRisk": 6, "shareHolderRightsRisk": 8, "overallRisk": 6, "governanceEpochDate": "2023-04-30 20:00:00", "compensationAsOfEpochDate": "2022-12-30 19:00:00", "maxAge": 86400, "latitude": 43.496206837471675, "longitude": -96.78839714116808}