{"address1": "777 North Broadway", "city": "Los Angeles", "state": "CA", "zip": "90012", "country": "United States", "phone": "213 625 4700", "website": "https://www.cathaygeneralbancorp.com", "industry": "Banks\u2014Regional", "industryDisp": "Banks\u2014Regional", "sector": "Financial Services", "longBusinessSummary": "Cathay General Bancorp operates as the holding company for Cathay Bank that offers various commercial banking products and services to individuals, professionals, and small to medium-sized businesses in the United States. The company offers various deposit products, including passbook accounts, checking accounts, money market deposit accounts, certificates of deposit, individual retirement accounts, and public funds deposits. It also provides loan products, such as commercial mortgage loans, commercial loans, small business administration loans, residential mortgage loans, real estate construction loans, and home equity lines of credit, as well as installment loans to individuals for household, and other consumer expenditures. In addition, the company offers trade financing, letter of credit, wire transfer, forward currency spot and forward contract, safe deposit, collection, automatic teller machine, Internet banking, investment, and other customary bank services, as well as securities and insurance products. Cathay General Bancorp was founded in 1962 and is headquartered in Los Angeles, California.", "fullTimeEmployees": 1178, "companyOfficers": [{"maxAge": 1, "name": "Mr. Dunson K. Cheng", "age": 77, "title": "Exec. Chairman", "yearBorn": 1945, "fiscalYear": 2022, "totalPay": 1651319, "exercisedValue": 0, "unexercisedValue": 0}, {"maxAge": 1, "name": "Mr. Chang Ming Liu", "age": 55, "title": "CEO, Pres & Director", "yearBorn": 1967, "fiscalYear": 2022, "totalPay": 1933296, "exercisedValue": 0, "unexercisedValue": 0}, {"maxAge": 1, "name": "Mr. Heng W. Chen", "age": 69, "title": "Exec. VP, CFO & Treasurer", "yearBorn": 1953, "fiscalYear": 2022, "totalPay": 1045949, "exercisedValue": 0, "unexercisedValue": 0}, {"maxAge": 1, "name": "Ms. Georgia  Lo", "title": "Assistant Sec. & Investor Relations", "exercisedValue": 0, "unexercisedValue": 0}, {"maxAge": 1, "name": "May K. Chan", "age": 44, "title": "Sr. VP, Gen. Counsel, Sec. & Sustainability Officer", "yearBorn": 1978, "exercisedValue": 0, "unexercisedValue": 0}], "auditRisk": 6, "boardRisk": 6, "compensationRisk": 2, "shareHolderRightsRisk": 5, "overallRisk": 4, "governanceEpochDate": "2023-04-30 20:00:00", "compensationAsOfEpochDate": "2022-12-30 19:00:00", "maxAge": 86400, "latitude": 34.06227599087278, "longitude": -118.23878296568932}