{"address1": "Baerengasse 32", "city": "Zurich", "zip": "8001", "country": "Switzerland", "phone": "41 43 456 76 00", "website": "https://www.chubb.com/us-en", "industry": "Insurance\u2014Property & Casualty", "industryDisp": "Insurance\u2014Property & Casualty", "sector": "Financial Services", "longBusinessSummary": "Chubb Limited provides insurance and reinsurance products worldwide. The company's North America Commercial P&C Insurance segment offers commercial property, casualty, workers' compensation, package policies, risk management, financial lines, marine, construction, environmental, medical, cyber risk, surety, and excess casualty; and group accident and health insurance to large, middle market, and small commercial businesses. Its North America Personal P&C Insurance segment provides affluent and high net worth individuals and families with homeowners, automobile and collector cars, valuable articles, personal and excess liability, travel insurance, and recreational marine insurance and services. The company's North America Agricultural Insurance segment offers multiple peril crop and crop-hail insurance; and coverage for farm and ranch property, and commercial agriculture products. Its Overseas General Insurance segment provides coverage for traditional commercial property and casualty; specialty categories, such as financial lines, marine, energy, aviation, political risk, and construction risk; and group accident and health, and traditional and specialty personal lines for corporations, middle markets, and small customers through retail brokers, agents, and other channels. The company's Global Reinsurance segment offers traditional and specialty reinsurance under the Chubb Tempest Re brand to property and casualty companies. Its Life Insurance segment provides protection and savings products comprising whole life, endowment plans, individual term life, group term life, medical and health, personal accident, credit life, universal life, and unit linked contracts. It markets its products primarily through insurance and reinsurance brokers. The company was formerly known as ACE Limited and changed its name to Chubb Limited in January 2016. Chubb Limited was incorporated in 1985 and is headquartered in Zurich, Switzerland.", "fullTimeEmployees": 34000, "companyOfficers": [{"maxAge": 1, "name": "Mr. Evan G. Greenberg", "age": 67, "title": "Exec. Chairman & CEO", "yearBorn": 1955, "fiscalYear": 2022, "totalPay": 10504637, "exercisedValue": 14397320, "unexercisedValue": 60250032}, {"maxAge": 1, "name": "Mr. John W. Keogh", "age": 57, "title": "Pres & COO", "yearBorn": 1965, "fiscalYear": 2022, "totalPay": 4697498, "exercisedValue": 3366280, "unexercisedValue": 16979672}, {"maxAge": 1, "name": "Mr. Peter C. Enns", "age": 56, "title": "Exec. VP & CFO", "yearBorn": 1966, "fiscalYear": 2022, "totalPay": 2660138, "exercisedValue": 0, "unexercisedValue": 310022}, {"maxAge": 1, "name": "Mr. John Joseph Lupica", "age": 56, "title": "Vice Chairman of Chubb Group & Pres of North America Insurance Operations", "yearBorn": 1966, "fiscalYear": 2022, "totalPay": 4304941, "exercisedValue": 4847502, "unexercisedValue": 12728651}, {"maxAge": 1, "name": "Ms. Annmarie T. Hagan", "age": 61, "title": "Global Controller, VP & Chief Accounting Officer", "yearBorn": 1961, "exercisedValue": 0, "unexercisedValue": 0}, {"maxAge": 1, "name": "Karen L. Beyer", "title": "Sr. VP of Investor Relations", "exercisedValue": 0, "unexercisedValue": 0}, {"maxAge": 1, "name": "Mr. Joseph F. Wayland J.D.", "age": 64, "title": "Exec. VP, Gen. Counsel & Sec.", "yearBorn": 1958, "exercisedValue": 0, "unexercisedValue": 0}, {"maxAge": 1, "name": "Ms. Cheryl  Krauss", "title": "Sr. VP of Chubb Group & Chief Communications Officer", "exercisedValue": 0, "unexercisedValue": 0}, {"maxAge": 1, "name": "Mr. Timothy Alan Boroughs", "age": 72, "title": "Exec. VP & Chief Investment Officer of Chubb Group", "yearBorn": 1950, "exercisedValue": 0, "unexercisedValue": 0}, {"maxAge": 1, "name": "Mr. Kenneth M. Koreyva", "age": 66, "title": "Sr. VP of Chubb Group Fin.", "yearBorn": 1956, "exercisedValue": 0, "unexercisedValue": 0}], "auditRisk": 7, "boardRisk": 7, "compensationRisk": 4, "shareHolderRightsRisk": 6, "overallRisk": 6, "governanceEpochDate": "2023-04-30 20:00:00", "compensationAsOfEpochDate": "2022-12-30 19:00:00", "maxAge": 86400, "latitude": 47.369437817190516, "longitude": 8.536115860816153}