{"address1": "115 South Grant Street", "address2": "PO Box 989", "city": "Fitzgerald", "state": "GA", "zip": "31750", "country": "United States", "phone": "229 426 6000", "website": "https://www.colonybank.com", "industry": "Banks\u2014Regional", "industryDisp": "Banks\u2014Regional", "sector": "Financial Services", "longBusinessSummary": "Colony Bankcorp, Inc. operates as the bank holding company for Colony Bank that provides various banking products and services to commercial and consumer customers. The company offers deposit products, including demand, savings, and time deposits. It also provides loans to small and medium-sized businesses; residential and commercial construction, and land development loans; commercial real estate loans; commercial loans; agri-business and production loans; residential mortgage loans; home equity loans; and consumer loans. In addition, the company offers internet banking services, electronic bill payment services, safe deposit box rentals, telephone banking, credit and debit card services, and remote depository products, as well as access to a network of ATMs. The company was founded in 1975 and is headquartered in Fitzgerald, Georgia.", "fullTimeEmployees": 496, "companyOfficers": [{"maxAge": 1, "name": "Mr. T. Heath Fountain CPA", "age": 47, "title": "CEO, Acting CFO & Director", "yearBorn": 1975, "fiscalYear": 2022, "totalPay": 646943, "exercisedValue": 0, "unexercisedValue": 0}, {"maxAge": 1, "name": "Mr. Brian D. Schmitt", "age": 60, "title": "Exec. VP & Exec. Vice Chairman", "yearBorn": 1962, "fiscalYear": 2022, "totalPay": 435049, "exercisedValue": 0, "unexercisedValue": 0}, {"maxAge": 1, "name": "Mr. Roy Dallis Copeland Jr.", "age": 53, "title": "Pres", "yearBorn": 1969, "fiscalYear": 2022, "totalPay": 312468, "exercisedValue": 0, "unexercisedValue": 0}, {"maxAge": 1, "name": "Ms. Laurie  Senn", "title": "Chief Operations Officer", "exercisedValue": 0, "unexercisedValue": 0}, {"maxAge": 1, "name": "Mr. Edward Lee Bagwell III", "age": 55, "title": "Exec. VP, Chief Risk Officer, Gen. Counsel & Sec.", "yearBorn": 1967, "exercisedValue": 0, "unexercisedValue": 0}, {"maxAge": 1, "name": "Mr. Lawrence A. Whitley", "title": "Chief People Officer", "exercisedValue": 0, "unexercisedValue": 0}, {"maxAge": 1, "name": "Mr. Walter P. Patten", "age": 71, "title": "Exec. VP", "yearBorn": 1951, "fiscalYear": 2010, "exercisedValue": 0, "unexercisedValue": 0}, {"maxAge": 1, "name": "Ms. Kimberly C. Dockery", "age": 38, "title": "Exec. VP & Chief of Staff", "yearBorn": 1984, "exercisedValue": 0, "unexercisedValue": 0}, {"maxAge": 1, "name": "Mr. Darren  Davis", "title": "Pres of Small Bus. Specialty Lending Group", "exercisedValue": 0, "unexercisedValue": 0}, {"maxAge": 1, "name": "Mr. Hugh E. Hollar", "title": "Pres of Home Builder Fin.", "exercisedValue": 0, "unexercisedValue": 0}], "auditRisk": 1, "boardRisk": 7, "compensationRisk": 6, "shareHolderRightsRisk": 2, "overallRisk": 3, "governanceEpochDate": "2023-04-30 20:00:00", "compensationAsOfEpochDate": "2022-12-30 19:00:00", "maxAge": 86400, "latitude": 31.71407600944586, "longitude": -83.25309503975002}