{"address1": "100 North Market Street", "city": "Carmichaels", "state": "PA", "zip": "15320", "country": "United States", "phone": "724 966 5041", "fax": "724 966 7867", "website": "https://www.communitybank.tv", "industry": "Banks\u2014Regional", "industryDisp": "Banks\u2014Regional", "sector": "Financial Services", "longBusinessSummary": "CB Financial Services, Inc. operates as the bank holding company for Community Bank that provides various banking products and services for individuals and businesses in southwestern Pennsylvania, West Virginia, and Ohio. The company's primary deposit products include demand deposits, NOW accounts, money market accounts, and savings accounts, as well as time deposit products. Its loan products comprise residential real estate loans, such as one- to four-family mortgage loans, home equity installment loans, and home equity lines of credit; commercial real estate loans that are secured primarily by improved properties, such as retail facilities, office buildings, and other non-residential buildings; construction loans to individuals to finance the construction of residential dwellings, as well as for the construction of commercial properties, including hotels, apartment buildings, housing developments, and owner-occupied properties used for businesses; commercial and industrial loans, and lines of credit; consumer loans consisting of indirect auto loans, secured and unsecured loans, and lines of credit; and other loans. In addition, the company conducts insurance agency activities by offering property and casualty, commercial liability, surety, and other insurance products. CB Financial Services, Inc. was founded in 1901 and is headquartered in Carmichaels, Pennsylvania.", "fullTimeEmployees": 184, "companyOfficers": [{"maxAge": 1, "name": "Mr. John H. Montgomery", "age": 60, "title": "Pres, CEO & Director", "yearBorn": 1962, "fiscalYear": 2022, "totalPay": 536434, "exercisedValue": 0, "unexercisedValue": 0}, {"maxAge": 1, "name": "Ms. Jennifer L. George", "age": 50, "title": "Sr. Exec. VP & COO", "yearBorn": 1972, "fiscalYear": 2022, "totalPay": 304347, "exercisedValue": 0, "unexercisedValue": 0}, {"maxAge": 1, "name": "Mr. Ralph  Burchianti", "age": 66, "title": "Sr. Exec. VP, Chief Credit Officer, Chief Lending Officer & Director", "yearBorn": 1956, "fiscalYear": 2022, "totalPay": 359082, "exercisedValue": 0, "unexercisedValue": 0}, {"maxAge": 1, "name": "Mr. Jamie L. Prah CPA", "age": 52, "title": "CFO & Exec. VP", "yearBorn": 1970, "exercisedValue": 0, "unexercisedValue": 0}, {"maxAge": 1, "name": "Mr. Richard B. Boyer", "age": 64, "title": "Sr. VP of Insurance Operations & Director", "yearBorn": 1958, "fiscalYear": 2021, "exercisedValue": 0, "unexercisedValue": 0}, {"maxAge": 1, "name": "Elizabeth A. Calvario", "title": "Corp. Sec.", "exercisedValue": 0, "unexercisedValue": 0}], "compensationAsOfEpochDate": "2022-12-30 19:00:00", "maxAge": 86400, "latitude": 39.89716999693641, "longitude": -79.97496497816172}