{"address1": "2275 Research Boulevard", "address2": "Suite 600", "city": "Rockville", "state": "MD", "zip": "20850", "country": "United States", "phone": "301 468 8848", "fax": "301 762 1008", "website": "https://capitalbankmd.com", "industry": "Banks\u2014Regional", "industryDisp": "Banks\u2014Regional", "sector": "Financial Services", "longBusinessSummary": "Capital Bancorp, Inc. operates as the bank holding company for Capital Bank, N.A. that provides various banking products and services to businesses, not-for-profit associations, and entrepreneurs in the United States. It operates through Commercial Banking, Capital Bank Home Loans, and OpenSky segments. The company offers a range of deposit products and services, including checking and savings, time, interest bearing and noninterest-bearing demand, and money market accounts, as well as certificates of deposit; and credit cards. It originates residential mortgages and offers residential and commercial real estate, construction, and commercial business loans, as well as other consumer loans, such as term loans, car loans, and boat loans to small to medium-sized businesses, professionals, real estate investors, and small residential builders and individuals. It operates through commercial bank branches, mortgage offices, and loan production office. Capital Bancorp, Inc. was founded in 1974 and is headquartered in Rockville, Maryland.", "fullTimeEmployees": 270, "companyOfficers": [{"maxAge": 1, "name": "Mr. Edward F. Barry", "age": 51, "title": "Pres, CEO & Director", "yearBorn": 1971, "fiscalYear": 2022, "totalPay": 764095, "exercisedValue": 0, "unexercisedValue": 316500}, {"maxAge": 1, "name": "Ms. Constance E. Egan CPA", "age": 61, "title": "Principal Financial & Accounting Officer", "yearBorn": 1961, "exercisedValue": 0, "unexercisedValue": 0}], "auditRisk": 7, "boardRisk": 8, "compensationRisk": 7, "shareHolderRightsRisk": 9, "overallRisk": 8, "governanceEpochDate": "2023-04-30 20:00:00", "compensationAsOfEpochDate": "2022-12-30 19:00:00", "maxAge": 86400, "latitude": 39.102278998634915, "longitude": -77.18186296391387}