{"address1": "433 West Van Buren Street", "city": "Chicago", "state": "IL", "zip": "60607", "country": "United States", "phone": "312 786 5600", "website": "https://www.cboe.com", "industry": "Financial Data & Stock Exchanges", "industryDisp": "Financial Data & Stock Exchanges", "sector": "Financial Services", "longBusinessSummary": "Cboe Global Markets, Inc., through its subsidiaries, operates as an options exchange worldwide. It operates through six segments: Options, North American Equities, Europe and Asia Pacific, Futures, Global FX, and Digital. The Options segment trades in listed market indices. The North American Equities segment trades in listed U.S. and Canadian equities. This segment also offers exchange-traded products (ETP) transaction and listing services. The Europe and Asia Pacific segment provides pan-European listed equities and derivatives transaction services, ETPs, exchange-traded commodities, and international depository receipts, as well as ETP listings and clearing services. The Futures segment trades in futures. The Global FX segment provides institutional foreign exchange (FX) trading and non-deliverable forward FX transactions services. The Digital segment offers Cboe Digital, an operator of the United States based digital asset spot market and a regulated futures exchange; Cboe Clear Digital, a regulated clearinghouse; licensing of proprietary market data; and access and capacity services. The company has strategic relationships with S&P Dow Jones Indices, LLC; IHS Markit Ltd.; DJI Opco, LLC; Frank Russell Company; FTSE International Limited; and MSCI Inc. The company was formerly known as CBOE Holdings, Inc. and changed its name to Cboe Global Markets, Inc. in October 2017. Cboe Global Markets, Inc. was founded in 1973 and is headquartered in Chicago, Illinois.", "fullTimeEmployees": 1543, "companyOfficers": [{"maxAge": 1, "name": "Mr. Edward T. Tilly", "age": 59, "title": "Chairman & CEO", "yearBorn": 1963, "fiscalYear": 2022, "totalPay": 5722229, "exercisedValue": 0, "unexercisedValue": 0}, {"maxAge": 1, "name": "Mr. David  Howson", "age": 46, "title": "Exec. VP & Global Pres", "yearBorn": 1976, "fiscalYear": 2022, "totalPay": 2061876, "exercisedValue": 0, "unexercisedValue": 0}, {"maxAge": 1, "name": "Mr. Brian Norman Schell", "age": 57, "title": "Exec. VP, CFO & Treasurer", "yearBorn": 1965, "fiscalYear": 2022, "totalPay": 1970510, "exercisedValue": 0, "unexercisedValue": 0}, {"maxAge": 1, "name": "Mr. Christopher Andrew Isaacson", "age": 44, "title": "Exec. VP & COO", "yearBorn": 1978, "fiscalYear": 2022, "totalPay": 2454878, "exercisedValue": 0, "unexercisedValue": 0}, {"maxAge": 1, "name": "Mr. John Patrick Sexton", "age": 57, "title": "Exec. VP, Gen. Counsel & Corp. Sec.", "yearBorn": 1965, "fiscalYear": 2022, "totalPay": 1331796, "exercisedValue": 0, "unexercisedValue": 0}, {"maxAge": 1, "name": "Ms. Jill M. Griebenow", "age": 41, "title": "Sr. VP & Chief Accounting Officer", "yearBorn": 1981, "exercisedValue": 0, "unexercisedValue": 0}, {"maxAge": 1, "name": "Mr. Tim  Lipscomb", "title": "Sr. VP & CTO", "exercisedValue": 0, "unexercisedValue": 0}, {"maxAge": 1, "name": "Mr. Kenneth William Hill C.F.A.", "title": "VP of Investor Relations", "exercisedValue": 0, "unexercisedValue": 0}, {"maxAge": 1, "name": "Ms. Alexandra Michele Albright", "title": "Chief Compliance Officer", "exercisedValue": 0, "unexercisedValue": 0}, {"maxAge": 1, "name": "Ms. Stacie  Fleming", "title": "Sr. VP of Marketing & Communications", "exercisedValue": 0, "unexercisedValue": 0}], "auditRisk": 3, "boardRisk": 8, "compensationRisk": 6, "shareHolderRightsRisk": 5, "overallRisk": 5, "governanceEpochDate": "2023-04-30 20:00:00", "compensationAsOfEpochDate": "2022-12-30 19:00:00", "maxAge": 86400, "latitude": 41.87579099641917, "longitude": -87.63852798735654}