{"address1": "100 El Camino Real", "address2": "Ground Suite", "city": "Burlingame", "state": "CA", "zip": "94010", "country": "United States", "phone": "202 656 4257", "website": "https://www.chainbg.com", "industry": "Shell Companies", "industryDisp": "Shell Companies", "sector": "Financial Services", "longBusinessSummary": "Chain Bridge I does not have significant operations. The company intends to effect a merger, share exchange, asset acquisition, share purchase, reorganization, or similar business combination with one or more businesses. It also intends to focus on partnering with a technology company that will advance the United States national security and intelligence interests. Chain Bridge I was incorporated in 2021 and is based in Burlingame, California.", "companyOfficers": [{"maxAge": 1, "name": "Mr. Michael P. Rolnick", "age": 54, "title": "CEO & Director", "yearBorn": 1968, "exercisedValue": 0, "unexercisedValue": 0}, {"maxAge": 1, "name": "Mr. Roger A. Lazarus", "age": 63, "title": "Chief Financial Officer", "yearBorn": 1959, "exercisedValue": 0, "unexercisedValue": 0}], "maxAge": 86400, "latitude": 37.57550401965878, "longitude": -122.34576699433185}