{"address1": "1000 Walnut", "city": "Kansas City", "state": "MO", "zip": "64106", "country": "United States", "phone": "816 234 2000", "website": "https://www.commercebank.com", "industry": "Banks\u2014Regional", "industryDisp": "Banks\u2014Regional", "sector": "Financial Services", "longBusinessSummary": "Commerce Bancshares, Inc. operates as the bank holding company for Commerce Bank that provides retail, mortgage banking, corporate, investment, trust, and asset management products and services to individuals and businesses in the United States. It operates through three segments: Consumer, Commercial, and Wealth. The Consumer segment offers various banking products and services, including consumer deposits; consumer loans, such as automobile, motorcycle, marine, tractor/trailer, recreational vehicle, fixed rate and revolving home equity, and other consumer loans; patient health care financing; real estate loans; indirect and other consumer financing; retail branch network; personal mortgage banking; consumer installment lending; and consumer debit and credit bank cards. The Commercial segment provides corporate lending, leasing, international, merchant and commercial bank card, and securities safekeeping and bond accounting services; and business products, government deposits, and related commercial cash management services, as well as sells fixed income securities to correspondent banks, corporations, public institutions, municipalities, and individuals. The Wealth segment provides traditional trust and estate planning, advisory and discretionary investment portfolio management, and brokerage services, as well as private banking accounts. The company also offers private equity investment, securities brokerage, insurance agency, specialty lending, and leasing services, as well as online and mobile banking services. Commerce Bancshares, Inc. was founded in 1865 and is headquartered in Kansas City, Missouri.", "fullTimeEmployees": 4636, "companyOfficers": [{"maxAge": 1, "name": "Mr. John W. Kemper", "age": 44, "title": "Pres, CEO & Director", "yearBorn": 1978, "fiscalYear": 2022, "totalPay": 2818118, "exercisedValue": 560603, "unexercisedValue": 1877351}, {"maxAge": 1, "name": "Mr. Charles G. Kim", "age": 61, "title": "Exec. VP & CFO", "yearBorn": 1961, "fiscalYear": 2022, "totalPay": 1199383, "exercisedValue": 0, "unexercisedValue": 1173425}, {"maxAge": 1, "name": "Mr. Kevin Gene Barth", "age": 61, "title": "Exec. VP", "yearBorn": 1961, "fiscalYear": 2022, "totalPay": 1199500, "exercisedValue": 0, "unexercisedValue": 564649}, {"maxAge": 1, "name": "Mr. Robert S. Holmes", "age": 58, "title": "Exec. VP", "yearBorn": 1964, "fiscalYear": 2022, "totalPay": 955100, "exercisedValue": 0, "unexercisedValue": 340716}, {"maxAge": 1, "name": "Mr. John Koeneman Handy", "age": 58, "title": "Exec. VP", "yearBorn": 1964, "fiscalYear": 2022, "totalPay": 1045516, "exercisedValue": 0, "unexercisedValue": 105236}, {"maxAge": 1, "name": "Mr. David W. Kemper", "age": 71, "title": "Non Independent Exec. Chairman", "yearBorn": 1951, "fiscalYear": 2021, "exercisedValue": 0, "unexercisedValue": 0}, {"maxAge": 1, "name": "Mr. Paul A. Steiner", "age": 50, "title": "Controller & Chief Accounting Officer", "yearBorn": 1972, "exercisedValue": 0, "unexercisedValue": 0}, {"maxAge": 1, "name": "Margaret M. Rowe", "title": "Sec., Gen. Counsel & VP", "exercisedValue": 0, "unexercisedValue": 0}, {"maxAge": 1, "name": "Ms. Susan B. Bergen-Painter", "age": 51, "title": "Exec. VP and Corp. Marketing Director", "yearBorn": 1971, "exercisedValue": 0, "unexercisedValue": 0}, {"maxAge": 1, "name": "Ms. Nichole  Goddard", "title": "Regional Retail Banking Mang. of Southwest Region & Exec. VP - Commerce Bank", "exercisedValue": 0, "unexercisedValue": 0}], "auditRisk": 4, "boardRisk": 6, "compensationRisk": 4, "shareHolderRightsRisk": 7, "overallRisk": 5, "governanceEpochDate": "2023-04-30 20:00:00", "compensationAsOfEpochDate": "2022-12-30 19:00:00", "maxAge": 86400, "latitude": 39.10171900368377, "longitude": -94.58254903302647}