{"address1": "5790 Widewaters Parkway", "city": "Dewitt", "state": "NY", "zip": "13214-1883", "country": "United States", "phone": "315 445 2282", "website": "https://cbna.com", "industry": "Banks\u2014Regional", "industryDisp": "Banks\u2014Regional", "sector": "Financial Services", "longBusinessSummary": "Community Bank System, Inc. operates as the bank holding company for Community Bank, N.A. that provides various banking and other financial services to retail, commercial, and municipal customers. It operates through three segments: Banking, Employee Benefit Services, and All Other. The company offers various deposits products, such as interest and noninterest -bearing checking, savings, and money market deposit accounts, as well as time deposits. It also provides loans, including consumer mortgages; general purpose commercial and industrial loans, and mortgages on commercial properties; paycheck protection program loans; installment loans that are originated through selected dealerships and are secured by automobiles, marine, and other recreational vehicles; personal installment loans and check credit lines of credit for consumers; and home equity products. In addition, the company offers broker-dealer and investment advisory; cash management, investment, and treasury services; asset management services; and employee benefit services, as well as operates as a full-service insurance agency that provides personal and commercial lines of insurance, and other risk management products and services. Further, it offers contribution plan administration, employee benefit trust, collective investment fund, retirement plan administration and benefit consulting, fund administration, transfer agency, actuarial and benefit consulting, VEBA/HRA, and health and welfare consulting services; and act as an investor in residential and commercial real estate activities. Additionally, the company offers wealth management, retirement planning, higher educational planning, fiduciary, risk management, trust, and personal financial planning services; and investment alternatives, including stocks, bonds, mutual funds, and insurance and advisory products, as well as master recordkeeping services. Community Bank System, Inc. was founded in 1866 and is headquartered in DeWitt, New York.", "fullTimeEmployees": 2839, "companyOfficers": [{"maxAge": 1, "name": "Mr. Mark E. Tryniski", "age": 62, "title": "CEO, Pres & Director", "yearBorn": 1960, "fiscalYear": 2022, "totalPay": 1455607, "exercisedValue": 0, "unexercisedValue": 1835910}, {"maxAge": 1, "name": "Mr. Joseph E. Sutaris", "age": 55, "title": "Exec. VP, CFO & Treasurer", "yearBorn": 1967, "fiscalYear": 2022, "totalPay": 660604, "exercisedValue": 70565, "unexercisedValue": 111079}, {"maxAge": 1, "name": "Mr. Dimitar A. Karaivanov", "age": 40, "title": "Exec. VP & COO", "yearBorn": 1982, "fiscalYear": 2022, "totalPay": 776599, "exercisedValue": 0, "unexercisedValue": 0}, {"maxAge": 1, "name": "Ms. Maureen A. Gillan-Myer", "age": 54, "title": "Exec. VP & Chief HR Officer", "yearBorn": 1968, "fiscalYear": 2022, "totalPay": 592957, "exercisedValue": 0, "unexercisedValue": 0}, {"maxAge": 1, "name": "Mr. Jeffrey M. Levy", "age": 60, "title": "Sr. VP & Pres of Commercial Banking", "yearBorn": 1962, "fiscalYear": 2022, "totalPay": 537442, "exercisedValue": 15029, "unexercisedValue": 0}, {"maxAge": 1, "name": "Mr. Joseph Jonathon Lemchak", "age": 60, "title": "Sr. VP & Chief Investment Officer", "yearBorn": 1962, "fiscalYear": 2020, "exercisedValue": 0, "unexercisedValue": 0}, {"maxAge": 1, "name": "Mr. Aaron  Friot", "title": "Sr. VP, Chief Technology & Operations Officer", "exercisedValue": 0, "unexercisedValue": 0}, {"maxAge": 1, "name": "Dorothy  Quarltere", "title": "Chief Compliance Officer", "exercisedValue": 0, "unexercisedValue": 0}, {"maxAge": 1, "name": "Mr. Michael N. Abdo", "age": 44, "title": "Exec. VP & Gen. Counsel", "yearBorn": 1978, "exercisedValue": 0, "unexercisedValue": 0}, {"maxAge": 1, "name": "Mr. Daniel L. Bailey", "title": "Sr. VP & Chief Risk Officer", "exercisedValue": 0, "unexercisedValue": 0}], "auditRisk": 5, "boardRisk": 2, "compensationRisk": 6, "shareHolderRightsRisk": 6, "overallRisk": 4, "governanceEpochDate": "2023-04-30 20:00:00", "compensationAsOfEpochDate": "2022-12-30 19:00:00", "maxAge": 86400, "latitude": 43.048548457701, "longitude": -76.05906881208489}