{"address1": "1000 2nd Avenue", "address2": "Suite 1200", "city": "Seattle", "state": "WA", "zip": "98104", "country": "United States", "phone": "206 436 2550", "website": "https://www.cascadiaacquisitioncorp.com", "industry": "Shell Companies", "industryDisp": "Shell Companies", "sector": "Financial Services", "longBusinessSummary": "Cascadia Acquisition Corp. does not have significant operations. It intends to effect a merger, capital stock exchange, asset acquisition, stock purchase, reorganization, or similar business combination with one or more businesses. The company focuses on sourcing business combination opportunities in industry sectors, including advanced technologies comprising robotics, automation, and artificial intelligence. Cascadia Acquisition Corp. was incorporated in 2021 and is based in Seattle, Washington.", "companyOfficers": [{"maxAge": 1, "name": "Mr. Jamie  Boyd J.D.", "age": 45, "title": "CEO, CFO & Director", "yearBorn": 1977, "exercisedValue": 0, "unexercisedValue": 0}], "maxAge": 86400, "latitude": 47.605677986333916, "longitude": -122.33513203558286}