{"address1": "11100 Santa Monica Boulevard", "address2": "Suite 2000", "city": "Los Angeles", "state": "CA", "zip": "90025", "country": "United States", "phone": "(310) 235-5900", "website": "https://www.crescentbdc.com", "industry": "Asset Management", "industryDisp": "Asset Management", "sector": "Financial Services", "longBusinessSummary": "Crescent Capital BDC, Inc. is as a business development company private equity / buyouts and loan fund. It specializes in directly investing. It specializes in middle market. The fund seeks to invest in United States.", "companyOfficers": [{"maxAge": 1, "name": "Mr. Jason A. Breaux", "age": 49, "title": "CEO & Pres", "yearBorn": 1973, "exercisedValue": 0, "unexercisedValue": 0}, {"maxAge": 1, "name": "Mr. Gerhard  Lombard", "age": 49, "title": "Chief Financial Officer", "yearBorn": 1973, "exercisedValue": 0, "unexercisedValue": 0}, {"maxAge": 1, "name": "Daniel  McMahon", "title": "VP & Head of Public Investor Relations", "exercisedValue": 0, "unexercisedValue": 0}, {"maxAge": 1, "name": "Mr. Erik George Barrios", "age": 44, "title": "Sr. VP, Legal Counsel & Chief Compliance Officer", "yearBorn": 1978, "exercisedValue": 0, "unexercisedValue": 0}, {"maxAge": 1, "name": "Mr. Raymond F. Barrios", "age": 44, "title": "Managing Director", "yearBorn": 1978, "exercisedValue": 0, "unexercisedValue": 0}, {"maxAge": 1, "name": "Mr. Henry  Chung", "title": "Managing Director", "exercisedValue": 0, "unexercisedValue": 0}, {"maxAge": 1, "name": "Mr. George P. Hawley J.D.", "age": 54, "title": "Sec.", "yearBorn": 1968, "exercisedValue": 0, "unexercisedValue": 0}, {"maxAge": 1, "name": "Mr. Kirill S. Bouek", "age": 38, "title": "Controller", "yearBorn": 1984, "exercisedValue": 0, "unexercisedValue": 0}], "maxAge": 86400, "latitude": 34.04667898735343, "longitude": -118.44420296067568}