{"address1": "5415 Evergreen Way", "city": "Everett", "state": "WA", "zip": "98203-3646", "country": "United States", "phone": "425 257 9000", "website": "https://www.coastalbank.com", "industry": "Banks\u2014Regional", "industryDisp": "Banks\u2014Regional", "sector": "Financial Services", "longBusinessSummary": "Coastal Financial Corporation operates as the bank holding company for Coastal Community Bank that provides various banking products and services to small to medium-sized businesses, professionals, and individuals in the Puget Sound region in Washington. It accepts a range of deposit products, including demand and savings accounts, time deposits, and money market accounts. The company also offers commercial and industrial loans, such as term loans, small business administration loans, commercial lines of credit, capital call lines working capital loans, equipment financing, borrowing base loans, and other loan products; owner-occupied and non-owner-occupied real estate loans, and multi-family residential loans; construction and land development loans; residential real estate loans; and consumer and other loans, including automobile, boat and recreational vehicle, and secured term loans, as well as overdraft protection. In addition, it provides remote deposit capture, online and mobile banking, and direct and reciprocal deposit services, as well as debit cards. Further, the company offers business accounts and cash management services, including business checking and savings accounts, and treasury services, as well as banking as a service, a platform that allows broker dealers and digital financial service providers to offer their customers banking services. Coastal Financial Corporation was founded in 1997 and is headquartered in Everett, Washington.", "fullTimeEmployees": 448, "companyOfficers": [{"maxAge": 1, "name": "Mr. Eric M. Sprink", "age": 49, "title": "CEO & Director", "yearBorn": 1973, "fiscalYear": 2022, "totalPay": 1280524, "exercisedValue": 0, "unexercisedValue": 4055332}, {"maxAge": 1, "name": "Mr. Curt T. Queyrouze", "age": 60, "title": "Pres", "yearBorn": 1962, "fiscalYear": 2022, "totalPay": 719426, "exercisedValue": 0, "unexercisedValue": 0}, {"maxAge": 1, "name": "Mr. Joel G. Edwards", "age": 62, "title": "Exec. VP, CFO & Corp. Sec.", "yearBorn": 1960, "fiscalYear": 2022, "totalPay": 584352, "exercisedValue": 0, "unexercisedValue": 407852}, {"maxAge": 1, "name": "Ms. Erika  Heer", "title": "Exec. VP & Chief HR Officer", "exercisedValue": 0, "unexercisedValue": 0}, {"maxAge": 1, "name": "Mr. Russell A. Keithley", "age": 56, "title": "Exec. VP & Chief Banking Officer", "yearBorn": 1966, "fiscalYear": 2019, "exercisedValue": 0, "unexercisedValue": 0}, {"maxAge": 1, "name": "Ms. Laura L. Byers", "age": 65, "title": "Chief Digital Banking Officer & Exec. VP", "yearBorn": 1957, "exercisedValue": 0, "unexercisedValue": 0}, {"maxAge": 1, "name": "Jon  Sand", "title": "Exec. VP & Chief Credit Officer", "exercisedValue": 0, "unexercisedValue": 0}, {"maxAge": 1, "name": "Mr. Tyler  Ferguson", "title": "Exec. VP & Chief Credit Officer of CCBX", "exercisedValue": 0, "unexercisedValue": 0}, {"maxAge": 1, "name": "Mr. Andrew  Stines", "title": "Exec. VP & Chief Risk Officer", "exercisedValue": 0, "unexercisedValue": 0}, {"maxAge": 1, "name": "Mr. Michael  Culp", "title": "Sr. VP & Chief Revenue Officer", "exercisedValue": 0, "unexercisedValue": 0}], "auditRisk": 6, "boardRisk": 9, "compensationRisk": 7, "shareHolderRightsRisk": 9, "overallRisk": 8, "governanceEpochDate": "2023-04-30 20:00:00", "compensationAsOfEpochDate": "2022-12-30 19:00:00", "maxAge": 86400, "latitude": 47.94745901503947, "longitude": -122.21429097569282}