{"address1": "217 North Monroe Street", "city": "Tallahassee", "state": "FL", "zip": "32301", "country": "United States", "phone": "850 402 7821", "website": "https://www.ccbg.com", "industry": "Banks\u2014Regional", "industryDisp": "Banks\u2014Regional", "sector": "Financial Services", "longBusinessSummary": "Capital City Bank Group, Inc. operates as the financial holding company for Capital City Bank that provides a range of banking services to individual and corporate clients. The company offers financing for commercial business properties, equipment, inventories, and accounts receivable, as well as commercial leasing and letters of credit; treasury management services; and merchant credit card transaction processing services. It also provides commercial and residential real estate lending products, as well as fixed- and adjustable-rate residential mortgage loans; personal, automobile, boat/RV, and home equity loans; and credit card programs. In addition, the company offers institutional banking services, including customized checking and savings accounts, cash management systems, tax-exempt loans, lines of credit, and term loans to meet the needs of state and local governments, public schools and colleges, charities, membership, and not-for-profit associations. Further, it provides consumer banking services comprising checking accounts, savings programs, interactive/automated teller machines, debit/credit cards, night deposit services, safe deposit facilities, and online and mobile banking services. Additionally, the company provides asset management for individuals through agency, personal trust, IRA, and personal investment management accounts; and various retail securities products, such as the U.S. government bonds, tax-free municipal bonds, stocks, mutual funds, unit investment trusts, annuities, life insurance, and long-term health care, as well as business, estate, financial, insurance and business planning, tax planning, and asset protection advisory services. The company was founded in 1895 and is headquartered in Tallahassee, Florida.", "fullTimeEmployees": 992, "companyOfficers": [{"maxAge": 1, "name": "Mr. William Godfrey Smith Jr.", "age": 69, "title": "Chairman, Pres & CEO", "yearBorn": 1953, "fiscalYear": 2022, "totalPay": 955104, "exercisedValue": 0, "unexercisedValue": 0}, {"maxAge": 1, "name": "Mr. Thomas A. Barron", "age": 69, "title": "Treasurer & Director", "yearBorn": 1953, "fiscalYear": 2022, "totalPay": 867886, "exercisedValue": 0, "unexercisedValue": 0}, {"maxAge": 1, "name": "Mr. Jeptha E. Larkin", "age": 57, "title": "Exec. VP, CFO & Corp. Sec.", "yearBorn": 1965, "exercisedValue": 0, "unexercisedValue": 0}, {"maxAge": 1, "name": "Ms. Bethany H. Corum", "title": "Exec. VP & COO", "exercisedValue": 0, "unexercisedValue": 0}, {"maxAge": 1, "name": "Ms. Marsha S. Crowle", "age": 60, "title": "Exec. VP of Compliance", "yearBorn": 1962, "exercisedValue": 0, "unexercisedValue": 0}, {"maxAge": 1, "name": "Ms. Pamela  Gay", "title": "Sr. VP & Chief HR Officer", "exercisedValue": 0, "unexercisedValue": 0}, {"maxAge": 1, "name": "Mr. Dale A. Thompson", "title": "Exec. VP & Chief Credit Officer", "exercisedValue": 0, "unexercisedValue": 0}, {"maxAge": 1, "name": "Ms. Cheryl B. Thompson", "title": "Exec. VP of Banking Operations", "exercisedValue": 0, "unexercisedValue": 0}, {"maxAge": 1, "name": "Mr. B. Randall Sharpton", "title": "Exec. VP of Internal Audit", "exercisedValue": 0, "unexercisedValue": 0}, {"maxAge": 1, "name": "Ms. Brooke W. Hallock", "title": "Exec. VP & Chief Brand Officer", "exercisedValue": 0, "unexercisedValue": 0}], "auditRisk": 7, "boardRisk": 8, "compensationRisk": 3, "shareHolderRightsRisk": 3, "overallRisk": 5, "governanceEpochDate": "2023-04-30 20:00:00", "compensationAsOfEpochDate": "2022-12-30 19:00:00", "maxAge": 86400, "latitude": 30.44427601641243, "longitude": -84.28027296638129}