{"address1": "1 South Second Street", "address2": "PO Box 42", "city": "Clearfield", "state": "PA", "zip": "16830", "country": "United States", "phone": "814 765 9621", "website": "https://www.cnbbank.bank", "industry": "Banks\u2014Regional", "industryDisp": "Banks\u2014Regional", "sector": "Financial Services", "longBusinessSummary": "CNB Financial Corporation operates as the bank holding company for CNB Bank that provides a range of banking products and services for individual, business, governmental, and institutional customers. The company accepts checking, savings, and time deposit accounts; and offers real estate, commercial, industrial, residential, and consumer loans, as well as various other specialized financial services. It also provides wealth and asset management services, including the administration of trusts and estates, retirement plans, and other employee benefit plans, as well as a range of wealth management services. In addition, the company invests in debt and equity securities; sells nonproprietary annuities and other insurance products; and small balance unsecured loans and secured loans primarily collateralized by automobiles and equipment. The company was founded in 1865 and is headquartered in Clearfield, Pennsylvania.", "fullTimeEmployees": 722, "companyOfficers": [{"maxAge": 1, "name": "Mr. Michael D. Peduzzi CPA, CPA", "age": 56, "title": "Pres, CEO & Director", "yearBorn": 1966, "fiscalYear": 2022, "totalPay": 782283, "exercisedValue": 0, "unexercisedValue": 0}, {"maxAge": 1, "name": "Mr. Tito L. Lima", "age": 57, "title": "Sr. EVP, CFO & Treasurer", "yearBorn": 1965, "fiscalYear": 2022, "totalPay": 554811, "exercisedValue": 0, "unexercisedValue": 0}, {"maxAge": 1, "name": "Mr. Richard L. Greslick Jr.", "age": 45, "title": "Sr. Exec. VP, COO, Sec. & Director", "yearBorn": 1977, "fiscalYear": 2022, "totalPay": 558961, "exercisedValue": 0, "unexercisedValue": 0}, {"maxAge": 1, "name": "Ms. Leanne D. Kassab", "age": 54, "title": "Sr. Exec. VP, Chief Experience Officer & Assistant Sec.", "yearBorn": 1968, "fiscalYear": 2022, "totalPay": 493608, "exercisedValue": 0, "unexercisedValue": 0}, {"maxAge": 1, "name": "Mr. Martin T. Griffith", "age": 59, "title": "Sr. EVP & Chief Banking Officer", "yearBorn": 1963, "fiscalYear": 2022, "totalPay": 517977, "exercisedValue": 0, "unexercisedValue": 0}, {"maxAge": 1, "name": "Amy  Potter", "title": "VP of Marketing", "exercisedValue": 0, "unexercisedValue": 0}, {"maxAge": 1, "name": "Mr. Vincent C. Turiano", "age": 71, "title": "Assistant Sec. & Exec. VP of Operations", "yearBorn": 1951, "fiscalYear": 2010, "exercisedValue": 0, "unexercisedValue": 0}, {"maxAge": 1, "name": "Mr. Steven R. Shaffner Shilling", "age": 51, "title": "Exec. VP & Chief Wealth Management Officer", "yearBorn": 1971, "exercisedValue": 0, "unexercisedValue": 0}, {"maxAge": 1, "name": "Mr. Gregory M. Dixon CPA", "age": 44, "title": "Exec. VP & Chief Credit Officer", "yearBorn": 1978, "exercisedValue": 0, "unexercisedValue": 0}, {"maxAge": 1, "name": "Ms. Angela D. Wilcoxson", "age": 51, "title": "Exec. VP & Chief Commercial Banking Officer", "yearBorn": 1971, "exercisedValue": 0, "unexercisedValue": 0}], "auditRisk": 1, "boardRisk": 2, "compensationRisk": 3, "shareHolderRightsRisk": 3, "overallRisk": 1, "governanceEpochDate": "2023-04-30 20:00:00", "compensationAsOfEpochDate": "2022-12-30 19:00:00", "maxAge": 86400, "latitude": 41.02183800703932, "longitude": -78.4383860223174}