{"address1": "4B Cedar Brook Drive", "city": "Cranbury", "state": "NJ", "zip": "08512", "country": "United States", "phone": "609 495 2222", "website": "https://cactusac1.com", "industry": "Shell Companies", "industryDisp": "Shell Companies", "sector": "Financial Services", "longBusinessSummary": "Cactus Acquisition Corp. 1 Limited does not have significant operations. It intends to effect a merger, share exchange, asset acquisition, share purchase, reorganization, or similar business combination with one or more businesses in the technology-based healthcare industry. The company was incorporated in 2021 and is based in Cranbury, New Jersey.", "companyOfficers": [{"maxAge": 1, "name": "Mr. Ofer  Gonen B.Sc.", "age": 49, "title": "CEO & Director", "yearBorn": 1973, "exercisedValue": 0, "unexercisedValue": 0}, {"maxAge": 1, "name": "Mr. Stephen T. Wills CPA, CPA, MST", "age": 65, "title": "Chief Financial Officer", "yearBorn": 1957, "exercisedValue": 0, "unexercisedValue": 0}], "maxAge": 86400, "latitude": 40.33206595926205, "longitude": -74.50148110139209}