{"address1": "640 Fifth Avenue", "address2": "12th Floor", "city": "New York Mills", "state": "MN", "zip": "10019", "country": "United States", "phone": "212 380 7500", "website": "https://vi.churchillcapitalcorp.com", "industry": "Shell Companies", "industryDisp": "Shell Companies", "sector": "Financial Services", "longBusinessSummary": "Churchill Capital Corp VI does not have significant operations. It intends to effect a merger, capital stock exchange, asset acquisition, stock purchase, reorganization, or similar business combination with one or more businesses. Churchill Capital Corp VI was incorporated in 2020 and is based in New York, New York.", "companyOfficers": [{"maxAge": 1, "name": "Mr. Michael S. Klein", "age": 58, "title": "CEO, Pres & Chairman of Directors", "yearBorn": 1964, "exercisedValue": 0, "unexercisedValue": 0}, {"maxAge": 1, "name": "Mr. Lee Jay Taragin", "age": 56, "title": "Chief Financial Officer", "yearBorn": 1966, "exercisedValue": 0, "unexercisedValue": 0}], "maxAge": 86400, "latitude": 40.75943959446599, "longitude": -73.97712400833942}