{"address1": "3626 North Hall Street", "address2": "Suite 910", "city": "Dallas", "state": "TX", "zip": "75219", "country": "United States", "phone": "214-526-4423", "website": "https://compassdigitalspac.com", "industry": "Shell Companies", "industryDisp": "Shell Companies", "sector": "Financial Services", "longBusinessSummary": "Compass Digital Acquisition Corp. does not have significant operations. It intends to effect a merger, share exchange, asset acquisition, share purchase, reorganization, or similar business combination with one or more businesses. The company intends to focus its search on companies in the technology sectors, including in the technology led digital transformation software and services sector. Compass Digital Acquisition Corp. was incorporated in 2021 and is based in Dallas, Texas.", "companyOfficers": [{"maxAge": 1, "name": "Mr. Abidali Z. Neemuchwala M.Tech.", "age": 55, "title": "Chairman & CEO", "yearBorn": 1967, "exercisedValue": 0, "unexercisedValue": 0}, {"maxAge": 1, "name": "Mr. John  Roberts", "age": 30, "title": "Interim Chief Financial Officer", "yearBorn": 1992, "exercisedValue": 0, "unexercisedValue": 0}], "maxAge": 86400, "latitude": 32.80922601595951, "longitude": -96.80601296797674}