{"address1": "630 Fifth Avenue", "city": "New York", "state": "NY", "zip": "10111", "country": "United States", "phone": "212-698-2020", "website": "https://www.centralsecurities.com", "industry": "Asset Management", "industryDisp": "Asset Management", "sector": "Financial Services", "longBusinessSummary": "Central Securities Corp. is publicly owned investment manager. The firm primarily invests in equity securities. It also invests in money market funds and U.S. treasury bills. The firm employs long term investment strategy to make its investments. Central Securities Corp. was founded in 1929 and is based in New York, New York.", "companyOfficers": [{"maxAge": 1, "name": "Mr. John C. Hill", "age": 48, "title": "Pres, CEO & Director", "yearBorn": 1974, "exercisedValue": 0, "unexercisedValue": 0}, {"maxAge": 1, "name": "Ms. Marlene A. Krumholz", "age": 58, "title": "VP, Chief Compliance Officer & Sec.", "yearBorn": 1964, "exercisedValue": 0, "unexercisedValue": 0}, {"maxAge": 1, "name": "Mr. Lawrence P. Vogel", "age": 65, "title": "VP & Treasurer", "yearBorn": 1957, "exercisedValue": 0, "unexercisedValue": 0}, {"maxAge": 1, "name": "Mr. Andrew J. O'Neill", "age": 49, "title": "VP", "yearBorn": 1973, "exercisedValue": 0, "unexercisedValue": 0}], "maxAge": 86400, "latitude": 40.7589970299783, "longitude": -73.97728720399425}