{"address1": "Floor 3, No. 6, Lane 99", "address2": "Zhengda Second Street Wenshan District", "city": "Taipei", "zip": "11602", "country": "Taiwan", "phone": "886 9 2051 8827", "industry": "Shell Companies", "industryDisp": "Shell Companies", "sector": "Financial Services", "longBusinessSummary": "Cetus Capital Acquisition Corp. is a blank check company. The company focuses on merger, capital stock exchange, asset acquisition, stock purchase, reorganization, or other business combination with one or more businesses. Cetus Capital Acquisition Corp. was incorporated in 2022 and is based in Taipei, Taiwan. Cetus Capital Acquisition Corp. operates as a subsidiary of Cetus Sponsor LLC.", "companyOfficers": [{"maxAge": 1, "name": "Mr. Chung-Yi  Sun", "age": 62, "title": "CEO, Pres & Chairman of Directors", "yearBorn": 1960, "exercisedValue": 0, "unexercisedValue": 0}, {"maxAge": 1, "name": "Mr. Cheng-Nan  Wu", "age": 55, "title": "CFO, Sec., Treasurer & Director", "yearBorn": 1967, "exercisedValue": 0, "unexercisedValue": 0}], "maxAge": 86400, "latitude": 25.226550006878824, "longitude": 121.61492999718291}