{"address1": "11440 Tomahawk Creek Parkway", "city": "Leawood", "state": "KS", "zip": "66211", "country": "United States", "phone": "913 901 4516", "fax": "913 327 1214", "website": "https://www.crossfirstbank.com", "industry": "Banks\u2014Regional", "industryDisp": "Banks\u2014Regional", "sector": "Financial Services", "longBusinessSummary": "CrossFirst Bankshares, Inc. operates as the bank holding company for CrossFirst Bank that provides various banking and financial services to businesses, business owners, professionals, and its personal networks. The company offers commercial real estate, construction and land development, 1-4 family real estate, multifamily real estate, commercial and industrial, energy, and consumer loans. It also provides a range of deposit products consisting of non-interest-bearing demand and interest-bearing deposits, which include transaction accounts, savings accounts, money market accounts, and certificates of deposit; and personal and business checking and savings accounts, as well as negotiable order of withdrawal accounts; and brokered and reciprocal deposits. In addition, the company offers international banking services; treasury management services; automated teller machine access; and mobile banking services. Further, it holds investments in marketable securities. It has full-service banking offices in Kansas, Missouri, Oklahoma, Arizona, Colorado, New Mexico, and Texas. CrossFirst Bankshares, Inc. was founded in 2007 and is headquartered in Leawood, Kansas.", "fullTimeEmployees": 465, "companyOfficers": [{"maxAge": 1, "name": "Mr. Michael J. Maddox", "age": 52, "title": "Pres, CEO & Director", "yearBorn": 1970, "fiscalYear": 2022, "totalPay": 1161767, "exercisedValue": 0, "unexercisedValue": 853759}, {"maxAge": 1, "name": "Mr. Steve M. Peterson", "age": 57, "title": "Chief Banking Officer", "yearBorn": 1965, "fiscalYear": 2022, "totalPay": 669225, "exercisedValue": 0, "unexercisedValue": 181434}, {"maxAge": 1, "name": "Mr. Benjamin Russell Clouse", "age": 49, "title": "Chief Financial Officer", "yearBorn": 1973, "exercisedValue": 0, "unexercisedValue": 0}, {"maxAge": 1, "name": "Mr. Michael John Daley", "age": 39, "title": "Chief Accounting Officer", "yearBorn": 1983, "exercisedValue": 0, "unexercisedValue": 0}, {"maxAge": 1, "name": "Ms. Jana  Merfen", "age": 40, "title": "Chief Technology Officer", "yearBorn": 1982, "exercisedValue": 0, "unexercisedValue": 0}, {"maxAge": 1, "name": "Ms. Heather L. Worley", "age": 46, "title": "MD & Head of Investor Relations", "yearBorn": 1976, "exercisedValue": 0, "unexercisedValue": 0}, {"maxAge": 1, "name": "Ms. Amy C. Abrams", "age": 39, "title": "Gen. Counsel & Corp. Sec.", "yearBorn": 1983, "exercisedValue": 0, "unexercisedValue": 0}, {"maxAge": 1, "name": "Ms. Amy J. Fauss", "age": 54, "title": "Chief HR Officer", "yearBorn": 1968, "exercisedValue": 0, "unexercisedValue": 0}, {"maxAge": 1, "name": "Mr. Jason  Dudley", "title": "Market Pres in Frisco, Texas", "exercisedValue": 0, "unexercisedValue": 0}], "auditRisk": 1, "boardRisk": 6, "compensationRisk": 5, "shareHolderRightsRisk": 7, "overallRisk": 5, "governanceEpochDate": "2023-04-30 20:00:00", "compensationAsOfEpochDate": "2022-12-30 19:00:00", "maxAge": 86400, "latitude": 38.92228198653194, "longitude": -94.63108704175384}