{"address1": "4960 East Dublin Granville Road", "address2": "Suit 400", "city": "Columbus", "state": "OH", "zip": "43081", "country": "United States", "phone": "614 334 7979", "website": "https://www.cf.bank", "industry": "Banks\u2014Regional", "industryDisp": "Banks\u2014Regional", "sector": "Financial Services", "longBusinessSummary": "CF Bankshares Inc. operates as the bank holding company for CFBank, National Association that provides various banking products and services in the United States. The company accepts savings, retail and business checking accounts, and money market accounts, as well as certificates of deposit. It also offers single-family mortgage loans; commercial real estate and multi-family residential mortgage loans; commercial loans and equipment leases; residential real estate loans and treasury management depository services; retail banking services and products. In addition, the company offers consumer loans, such as home equity lines of credit, home improvement loans, and loans secured by deposits and purchased loans, as well as other loans. Further, it provides online internet banking, mobile banking, and remote deposits. The company was formerly known as Central Federal Corporation and changed its name to CF Bankshares Inc. in July 2020. CF Bankshares Inc. was founded in 1892 and is based in Columbus, Ohio.", "fullTimeEmployees": 120, "companyOfficers": [{"maxAge": 1, "name": "Mr. Timothy T. O'Dell", "age": 69, "title": "Pres, CEO & Director", "yearBorn": 1953, "fiscalYear": 2022, "totalPay": 1002778, "exercisedValue": 0, "unexercisedValue": 0}, {"maxAge": 1, "name": "Mr. Kevin J. Beerman", "age": 49, "title": "Exec. VP & CFO", "yearBorn": 1973, "fiscalYear": 2022, "totalPay": 305520, "exercisedValue": 0, "unexercisedValue": 0}, {"maxAge": 1, "name": "David  Hand", "title": "Sr. VP of Residential Mortgage", "exercisedValue": 0, "unexercisedValue": 0}, {"maxAge": 1, "name": "Ms. Barbara  Pyke", "title": "Corp. Sec.", "exercisedValue": 0, "unexercisedValue": 0}, {"maxAge": 1, "name": "Mr. Paul  Souleyrette", "title": "Market Pres of Cincinnati Market", "exercisedValue": 0, "unexercisedValue": 0}], "compensationAsOfEpochDate": "2022-12-30 19:00:00", "maxAge": 86400, "latitude": 40.07878227221926, "longitude": -82.85778017822341}