{"address1": "3600 La Grange Parkway", "city": "Toano", "state": "VA", "zip": "23168", "country": "United States", "phone": "804 843 2360", "website": "https://www.cffc.com", "industry": "Banks\u2014Regional", "industryDisp": "Banks\u2014Regional", "sector": "Financial Services", "longBusinessSummary": "C&F Financial Corporation operates as a bank holding company for Citizens and Farmers Bank that provides banking services to individuals and businesses. The company's community Banking offers various banking services, including checking and savings deposit accounts, as well as business, real estate, development, mortgage, home equity, and installment loans. It also provides ATMs, Internet and mobile banking, and debit and credit cards, as well as safe deposit box rentals, notary public, electronic transfer, and other customary bank services. The company's Mortgage Banking segment provides various residential mortgage loans; originates conventional mortgage loans, mortgage loans insured by the Federal Housing Administration, and mortgage loans guaranteed by the United States Department of Agriculture and the Veterans Administration; and ancillary mortgage loan origination services for residential appraisals, as well as various mortgage origination activities. The company's Consumer Finance segment provides automobile loans. It also offers brokerage and wealth management services; and insurance products. In addition, the company provides title and settlement agency, and insurance services. C&F Financial Corporation was founded in 1927 and is headquartered in West Point, Virginia.", "fullTimeEmployees": 613, "companyOfficers": [{"maxAge": 1, "name": "Mr. Larry G. Dillon", "age": 69, "title": "Exec. Chairman", "yearBorn": 1953, "fiscalYear": 2022, "totalPay": 364946, "exercisedValue": 0, "unexercisedValue": 0}, {"maxAge": 1, "name": "Mr. Thomas F. Cherry", "age": 53, "title": "Pres, CEO & Non Independent Director", "yearBorn": 1969, "fiscalYear": 2022, "totalPay": 905045, "exercisedValue": 0, "unexercisedValue": 0}, {"maxAge": 1, "name": "Mr. Jason E. Long", "age": 43, "title": "Exec. VP, CFO & Sec.", "yearBorn": 1979, "fiscalYear": 2022, "totalPay": 441269, "exercisedValue": 0, "unexercisedValue": 0}, {"maxAge": 1, "name": "Mr. Bryan E. McKernon", "age": 66, "title": "Pres and CEO of C&F Mortgage Corp.", "yearBorn": 1956, "fiscalYear": 2022, "totalPay": 485851, "exercisedValue": 0, "unexercisedValue": 0}, {"maxAge": 1, "name": "Mr. Steven Dustin Crone", "age": 53, "title": "Pres and CEO of C&F Fin. Company", "yearBorn": 1969, "fiscalYear": 2022, "totalPay": 523281, "exercisedValue": 0, "unexercisedValue": 0}, {"maxAge": 1, "name": "Mr. Rodney W. Overby", "title": "Exec. VP & Chief Information Officer", "exercisedValue": 0, "unexercisedValue": 0}, {"maxAge": 1, "name": "Mr. John Anthony Seaman III", "age": 64, "title": "Exec. VP & Chief Credit Officer of C&F Bank", "yearBorn": 1958, "fiscalYear": 2016, "exercisedValue": 0, "unexercisedValue": 0}, {"maxAge": 1, "name": "Ms. Mary-Jo  Rawson", "age": 68, "title": "Sr. VP & Controller", "yearBorn": 1954, "exercisedValue": 0, "unexercisedValue": 0}], "compensationAsOfEpochDate": "2022-12-30 19:00:00", "maxAge": 86400, "latitude": 37.40964400927054, "longitude": -76.8062999736547}