{"address1": "700 South Kansas Avenue", "city": "Topeka", "state": "KS", "zip": "66603", "country": "United States", "phone": "785 235 1341", "website": "https://capfed.com", "industry": "Banks\u2014Regional", "industryDisp": "Banks\u2014Regional", "sector": "Financial Services", "longBusinessSummary": "Capitol Federal Financial, Inc. operates as the holding company for Capitol Federal Savings Bank that provides various retail banking products and services in the United States. The company accepts a range of deposit products, including savings accounts, money market deposit accounts, interest-bearing and non-interest-bearing checking accounts, and certificates of deposit. It also provides various loan products, such as one- to four-family residential real estate loans, commercial real estate, commercial and industrial, and construction loans, as well as consumer loans, which include home equity, loans and lines of credit, home improvement loans, vehicle loans, and loans secured by saving deposits. In addition, the company offers mobile, telephone, and online banking services, as well as bill payment services; operates a call center; and invests in various securities. The company serves the metropolitan areas of Topeka, Wichita, Lawrence, Manhattan, Emporia, and Salina, Kansas, and a portion of the metropolitan area of greater Kansas City. Capitol Federal Financial, Inc. was founded in 1893 and is headquartered in Topeka, Kansas.", "fullTimeEmployees": 642, "companyOfficers": [{"maxAge": 1, "name": "Mr. John B. Dicus", "age": 61, "title": "Chairman, Pres & CEO", "yearBorn": 1961, "fiscalYear": 2022, "totalPay": 1308006, "exercisedValue": 0, "unexercisedValue": 0}, {"maxAge": 1, "name": "Mr. Kent G. Townsend", "age": 61, "title": "Exec. VP, CFO & Treasurer", "yearBorn": 1961, "fiscalYear": 2022, "totalPay": 598540, "exercisedValue": 0, "unexercisedValue": 0}, {"maxAge": 1, "name": "Ms. Natalie G. Haag", "age": 63, "title": "Exec. VP, Gen. Counsel & Corp. Sec.", "yearBorn": 1959, "fiscalYear": 2022, "totalPay": 421115, "exercisedValue": 0, "unexercisedValue": 0}, {"maxAge": 1, "name": "Mr. Rick Cordell Jackson", "age": 57, "title": "Chief Lending Officer and Exec. VP", "yearBorn": 1965, "fiscalYear": 2022, "totalPay": 440308, "exercisedValue": 0, "unexercisedValue": 0}, {"maxAge": 1, "name": "Mr. Robert D. Kobbeman", "age": 67, "title": "Exec. VP & Chief Commercial Banking Officer", "yearBorn": 1955, "fiscalYear": 2022, "totalPay": 494129, "exercisedValue": 0, "unexercisedValue": 0}, {"maxAge": 1, "name": "Ms. Tara D. Van Houweling", "age": 48, "title": "First VP, Principal Accounting Officer & Reporting Director", "yearBorn": 1974, "exercisedValue": 0, "unexercisedValue": 0}, {"maxAge": 1, "name": "Mr. Anthony S. Barry J.D.", "age": 58, "title": "Exec. VP & Chief Corp. Services Officer", "yearBorn": 1964, "exercisedValue": 0, "unexercisedValue": 0}, {"maxAge": 1, "name": "Mr. William J. Skrobacz", "title": "Exec. VP & Chief Retail Operations Officer", "exercisedValue": 0, "unexercisedValue": 0}], "auditRisk": 5, "boardRisk": 10, "compensationRisk": 5, "shareHolderRightsRisk": 5, "overallRisk": 7, "governanceEpochDate": "2023-04-30 20:00:00", "compensationAsOfEpochDate": "2022-12-30 19:00:00", "maxAge": 86400, "latitude": 39.04991398055569, "longitude": -95.67353302411433}