{"address1": "One Citizens Plaza", "city": "Providence", "state": "RI", "zip": "02903", "country": "United States", "phone": "203 900 6715", "website": "https://www.citizensbank.com", "industry": "Banks\u2014Regional", "industryDisp": "Banks\u2014Regional", "sector": "Financial Services", "longBusinessSummary": "Citizens Financial Group, Inc. operates as the bank holding company for Citizens Bank, National Association that provides retail and commercial banking products and services to individuals, small businesses, middle-market companies, corporations, and institutions in the United States. The company operates in two segments, Consumer Banking and Commercial Banking. The Consumer Banking segment offers deposit products, mortgage and home equity lending products, credit cards, business loans, wealth management, and investment services; and auto, education, and point-of-sale finance loans, as well as digital deposit products. This segment serves its customers through telephone service centers, as well as through its online and mobile platforms. The Commercial Banking segment provides various financial products and solutions, including lending and leasing, deposit and treasury management services, foreign exchange, and interest rate and commodity risk management solutions, as well as syndicated loans, corporate finance, mergers and acquisitions, and debt and equity capital markets services. This segment serves government banking, not-for-profit, healthcare, technology, professionals, oil and gas, asset finance, franchise finance, asset-based lending, commercial real estate, private equity, and sponsor finance industries. The company was formerly known as RBS Citizens Financial Group, Inc. and changed its name to Citizens Financial Group, Inc. in April 2014. Citizens Financial Group, Inc. was founded in 1828 and is headquartered in Providence, Rhode Island.", "fullTimeEmployees": 18547, "companyOfficers": [{"maxAge": 1, "name": "Mr. Bruce Winfield Van Saun", "age": 65, "title": "CEO & Chairman", "yearBorn": 1957, "fiscalYear": 2016, "exercisedValue": 0, "unexercisedValue": 0}, {"maxAge": 1, "name": "Mr. John F. Woods", "age": 58, "title": "Vice Chairman & CFO", "yearBorn": 1964, "fiscalYear": 2022, "totalPay": 1957790, "exercisedValue": 0, "unexercisedValue": 0}, {"maxAge": 1, "name": "Mr. Donald H. McCree III", "age": 60, "title": "Vice Chairman & Head of Commercial Banking Division", "yearBorn": 1962, "fiscalYear": 2022, "totalPay": 1944575, "exercisedValue": 0, "unexercisedValue": 0}, {"maxAge": 1, "name": "Mr. Malcolm D. Griggs", "age": 61, "title": "Exec. VP & Chief Risk Officer", "yearBorn": 1961, "fiscalYear": 2022, "totalPay": 1388314, "exercisedValue": 0, "unexercisedValue": 0}, {"maxAge": 1, "name": "Mr. Brendan  Coughlin", "age": 42, "title": "Exec. VP, Head of Consumer Banking & Vice Chairman", "yearBorn": 1980, "fiscalYear": 2022, "totalPay": 1489275, "exercisedValue": 0, "unexercisedValue": 0}, {"maxAge": 1, "name": "Mr. Craig Jack Read", "age": 53, "title": "Exec. VP, Chief Accounting Officer & Controller", "yearBorn": 1969, "exercisedValue": 0, "unexercisedValue": 0}, {"maxAge": 1, "name": "Mr. Theodore C. Swimmer", "title": "Head of Corp. Fin. & Capital Markets", "exercisedValue": 0, "unexercisedValue": 0}, {"maxAge": 1, "name": "Mr. Michael  Ruttledge", "age": 58, "title": "Exec. VP, Chief Information Officer & Head of Technology Services", "yearBorn": 1964, "exercisedValue": 0, "unexercisedValue": 0}, {"maxAge": 1, "name": "Ms. Kristin  Silberberg", "title": "Head of Investor Relations", "exercisedValue": 0, "unexercisedValue": 0}, {"maxAge": 1, "name": "Ms. Polly Nyquist Klane", "age": 52, "title": "Exec. VP, Gen. Counsel & Chief Legal Officer", "yearBorn": 1970, "exercisedValue": 0, "unexercisedValue": 0}], "auditRisk": 5, "boardRisk": 6, "compensationRisk": 7, "shareHolderRightsRisk": 7, "overallRisk": 6, "governanceEpochDate": "2023-04-30 20:00:00", "compensationAsOfEpochDate": "2022-12-30 19:00:00", "maxAge": 86400, "latitude": 41.82738399683842, "longitude": -71.41076203035692}