{"address1": "110 East 59th Street", "city": "New York", "state": "NY", "zip": "10022", "country": "United States", "phone": "212 938 5000", "industry": "Shell Companies", "industryDisp": "Shell Companies", "sector": "Financial Services", "longBusinessSummary": "CF Acquisition Corp. IV does not have significant operations. The company intends to effect a merger, capital stock exchange, asset acquisition, stock purchase, reorganization, or similar business combination with one or more businesses in the financial services, healthcare, real estate, technology, and software industries. The company was incorporated in 2020 and is based in New York, New York.", "companyOfficers": [{"maxAge": 1, "name": "Mr. Howard W. Lutnick", "age": 60, "title": "Chairman & CEO", "yearBorn": 1962, "exercisedValue": 0, "unexercisedValue": 0}, {"maxAge": 1, "name": "Ms. Jane  Novak", "age": 57, "title": "Chief Financial Officer", "yearBorn": 1965, "exercisedValue": 0, "unexercisedValue": 0}], "maxAge": 86400, "latitude": 40.76251022087527, "longitude": -73.96928407902331}