{"address1": "111 West Houston Street", "city": "San Antonio", "state": "TX", "zip": "78205", "country": "United States", "phone": "210 220 4011", "website": "https://www.frostbank.com", "industry": "Banks\u2014Regional", "industryDisp": "Banks\u2014Regional", "sector": "Financial Services", "longBusinessSummary": "Cullen/Frost Bankers, Inc. operates as the bank holding company for Frost Bank that provides commercial and consumer banking services in Texas. It operates in two segments, Banking and Frost Wealth Advisors. The company offers commercial banking services to corporations and other business clients, including financing for industrial and commercial properties, interim construction related to industrial and commercial properties, equipment, inventories and accounts receivables, and acquisitions; and treasury management services, as well as originates commercial leasing services. It also provides consumer banking services, such as checking accounts, savings programs, automated-teller machines (ATMs), overdraft facilities, installment and real estate loans, first mortgage loans, home equity loans and lines of credit, drive-in and night deposit services, safe deposit facilities, and brokerage services. In addition, the company offers international banking services comprising deposits, loans, letters of credit, foreign collections, funds transmitting, and foreign exchange services. Further, it offers trust, investment, agency, and custodial services for individual and corporate clients; provides capital market services that include sales and trading, new issue underwriting, money market trading, advisory, and securities safekeeping and clearance; and supports international business activities. Additionally, the company offers insurance and securities brokerage services; and holds securities for investment purposes, as well as investment management services to Frost-managed mutual funds, institutions, and individuals. The company serves energy, manufacturing, services, construction, retail, telecommunications, healthcare, military, and transportation industries. Cullen/Frost Bankers, Inc. was founded in 1868 and is headquartered in San Antonio, Texas.", "fullTimeEmployees": 4985, "companyOfficers": [{"maxAge": 1, "name": "Mr. Phillip D. Green", "age": 67, "title": "Chairman & CEO", "yearBorn": 1955, "fiscalYear": 2022, "totalPay": 3193099, "exercisedValue": 0, "unexercisedValue": 0}, {"maxAge": 1, "name": "Mr. Paul H. Bracher", "age": 65, "title": "Pres", "yearBorn": 1957, "fiscalYear": 2022, "totalPay": 1291965, "exercisedValue": 0, "unexercisedValue": 1830189}, {"maxAge": 1, "name": "Mr. Jerry  Salinas", "age": 63, "title": "Group Exec. VP & CFO", "yearBorn": 1959, "fiscalYear": 2022, "totalPay": 1280581, "exercisedValue": 953699, "unexercisedValue": 0}, {"maxAge": 1, "name": "Mr. Jimmy M. Stead", "age": 46, "title": "Group Exec. VP and Chief Consumer Banking Officer & Technology Officer", "yearBorn": 1976, "fiscalYear": 2022, "totalPay": 1164010, "exercisedValue": 0, "unexercisedValue": 0}, {"maxAge": 1, "name": "Mr. Coolidge E. Rhodes Jr.", "age": 46, "title": "Group Exec. VP, Gen. Counsel & Corp. Sec.", "yearBorn": 1976, "fiscalYear": 2022, "totalPay": 1205736, "exercisedValue": 0, "unexercisedValue": 0}, {"maxAge": 1, "name": "Mr. Patrick B. Frost", "age": 62, "title": "Group Exec. VP & Director", "yearBorn": 1960, "fiscalYear": 2022, "totalPay": 0, "exercisedValue": 0, "unexercisedValue": 0}, {"maxAge": 1, "name": "Mr. A. B. Mendez C.F.A.", "title": "Director of Investor Relations", "exercisedValue": 0, "unexercisedValue": 0}, {"maxAge": 1, "name": "Ms. Annette  Alonzo", "age": 53, "title": "Group Exec. VP & Chief HR Officer", "yearBorn": 1969, "exercisedValue": 0, "unexercisedValue": 0}, {"maxAge": 1, "name": "Ms. Candace  Wolfshohl", "age": 61, "title": "Group Exec. VP of Culture & People Devel.", "yearBorn": 1961, "exercisedValue": 0, "unexercisedValue": 0}, {"maxAge": 1, "name": "Mr. William L. Perotti", "age": 64, "title": "Group Exec. VP & Chief Credit Officer of Frost Bank", "yearBorn": 1958, "fiscalYear": 2020, "exercisedValue": 0, "unexercisedValue": 0}], "auditRisk": 1, "boardRisk": 5, "compensationRisk": 2, "shareHolderRightsRisk": 2, "overallRisk": 1, "governanceEpochDate": "2023-04-30 20:00:00", "compensationAsOfEpochDate": "2022-12-30 19:00:00", "maxAge": 86400, "latitude": 29.426879016415626, "longitude": -98.49566399981066}