{"address1": "15 Beach Street", "city": "Quincy", "state": "MA", "zip": "02170", "country": "United States", "phone": "617 471 0750", "website": "https://colonialfed.com", "industry": "Banks\u2014Regional", "industryDisp": "Banks\u2014Regional", "sector": "Financial Services", "longBusinessSummary": "CFSB Bancorp, Inc. focuses on operating as a holding company for Colonial Federal Savings Bank that provides various financial services to individuals and small businesses. It accepts various deposits, including non-interest-bearing checking accounts, interest-bearing checking accounts, money market accounts, savings accounts, and certificates of deposit. The company also offers one- to four-family residential real estate loans, multi-family real estate loans, commercial real estate loans, second mortgage loans, home equity lines of credit, and consumer loans. In addition, it invests in various types of investment grade investment securities and liquid assets comprising the U.S. treasury obligations, securities of various government-sponsored enterprises, corporate debt, mortgage-backed securities, collateralized mortgage obligations, asset-backed securities, municipal obligations, mutual funds, and certificates of deposit of federally insured institutions. Further, it offers online and mobile banking, and online bill pay services. The company operates through three full-service banking offices and one limited-service branch office in Norfolk County, Massachusetts. The company was founded in 1889 and is based in Quincy, Massachusetts. CFSB Bancorp, Inc. operates as a subsidiary of 15 Beach, MHC.", "fullTimeEmployees": 28, "companyOfficers": [{"maxAge": 1, "name": "Mr. Michael E. McFarland", "age": 67, "title": "Pres, CEO & Director", "yearBorn": 1955, "fiscalYear": 2022, "totalPay": 358998, "exercisedValue": 0, "unexercisedValue": 0}, {"maxAge": 1, "name": "Ms. Susan  Shea", "age": 63, "title": "Treasurer & COO", "yearBorn": 1959, "fiscalYear": 2022, "totalPay": 289654, "exercisedValue": 0, "unexercisedValue": 0}, {"maxAge": 1, "name": "Ms. Tracy L. Wilson", "age": 51, "title": "Independent Director & Corp. Sec.", "yearBorn": 1971, "fiscalYear": 2022, "totalPay": 29225, "exercisedValue": 0, "unexercisedValue": 0}], "compensationAsOfEpochDate": "2022-12-30 19:00:00", "maxAge": 86400, "latitude": 42.26842825872285, "longitude": -71.01574263117078}