{"address1": "One Vanderbilt Avenue", "address2": "Suite 3400", "city": "New York", "state": "NY", "zip": "10017", "country": "United States", "phone": "(212) 813-4900", "website": "https://www.tcgbdc.com", "industry": "Asset Management", "industryDisp": "Asset Management", "sector": "Financial Services", "longBusinessSummary": "TCG BDC, Inc. is business development company specializing in first lien debt, senior secured loans, second lien senior secured loan unsecured debt, mezzanine debt and investments in equities. It specializes in directly investing. It specializes in middle market. It targets healthcare and pharmaceutical, aerospace and defense, high tech industries, business services, software, beverage food and tobacco, hotel gamming and leisure, banking finance insurance and in real estate sector. The fund seeks to invest across United States of America, Luxembourg, Cayman Islands, Cyprus, and United Kingdom. It invests in companies with EBITDA between $25 million and $100 million.", "companyOfficers": [{"maxAge": 1, "name": "Mr. Aren C. LeeKong", "age": 46, "title": "CEO, Pres & Director", "yearBorn": 1976, "fiscalYear": 2022, "totalPay": 101250, "exercisedValue": 0, "unexercisedValue": 0}, {"maxAge": 1, "name": "Mr. Thomas M. Hennigan", "title": "CFO & Chief Risk Officer", "exercisedValue": 0, "unexercisedValue": 0}, {"maxAge": 1, "name": "Mr. Nelson  Joseph", "age": 42, "title": "Principal Accounting Officer", "yearBorn": 1980, "exercisedValue": 0, "unexercisedValue": 0}, {"maxAge": 1, "name": "Ms. Allison  Rudary", "title": "Head, Investor Relations", "exercisedValue": 0, "unexercisedValue": 0}, {"maxAge": 1, "name": "Mr. Joshua  Lefkowitz", "age": 75, "title": "Chief Compliance Officer & Sec.", "yearBorn": 1947, "exercisedValue": 0, "unexercisedValue": 0}, {"maxAge": 1, "name": "Mr. Inoki A. Suarez", "title": "Managing Director of Global Market Strategies", "exercisedValue": 0, "unexercisedValue": 0}, {"maxAge": 1, "name": "Mr. Mark David Jenkins", "age": 55, "title": "Head of Carlyle Global Credit & Director", "yearBorn": 1967, "exercisedValue": 0, "unexercisedValue": 0}, {"maxAge": 1, "name": "Mr. Alexander I. Popov", "title": "VP & Head of Illiquid Credit", "exercisedValue": 0, "unexercisedValue": 0}, {"maxAge": 1, "name": "Mr. Michael  Hadley", "title": "VP & Head of Underwriting", "exercisedValue": 0, "unexercisedValue": 0}, {"maxAge": 1, "name": "Mr. Daniel  Hahn", "age": 37, "title": "Managing Director of Global Credit for Illiquid Credit", "yearBorn": 1985, "exercisedValue": 0, "unexercisedValue": 0}], "compensationAsOfEpochDate": "2022-12-30 19:00:00", "maxAge": 86400, "latitude": 40.752737257048835, "longitude": -73.97829781006011}