{"address1": "8 Temasek Boulevard", "address2": "Level 42 Suntec Tower Three", "city": "Singapore", "zip": "038988", "country": "Singapore", "phone": "65 6829 2294", "website": "https://www.catchagroup.com/chaa", "industry": "Shell Companies", "industryDisp": "Shell Companies", "sector": "Financial Services", "longBusinessSummary": "Catcha Investment Corp does not have significant operations. The company focuses on effecting a merger, share exchange, asset acquisition, share purchase, reorganization, or similar business combination with one or more businesses. It intends to identify business opportunities in the field of technology, digital media, financial technology, or digital services sectors. The company was incorporated in 2020 and is based in Singapore.", "companyOfficers": [{"maxAge": 1, "name": "Mr. Patrick YKin Grove", "age": 47, "title": "Chairman & CEO", "yearBorn": 1975, "exercisedValue": 0, "unexercisedValue": 0}, {"maxAge": 1, "name": "Mr. Lucas Robert Elliott B. COMM", "age": 46, "title": "Pres & Director", "yearBorn": 1976, "exercisedValue": 0, "unexercisedValue": 0}, {"maxAge": 1, "name": "Mr. Wai Kit Wong", "age": 37, "title": "Chief Financial Officer", "yearBorn": 1985, "exercisedValue": 0, "unexercisedValue": 0}], "maxAge": 86400, "latitude": 1.295244685046029, "longitude": 103.85956738323887}