{"address1": "25 Gatewater Road", "city": "Charleston", "state": "WV", "zip": "25313", "country": "United States", "phone": "304 769 1100", "website": "https://www.bankatcity.com", "industry": "Banks\u2014Regional", "industryDisp": "Banks\u2014Regional", "sector": "Financial Services", "longBusinessSummary": "City Holding Company operates as a holding company for City National Bank of West Virginia that provides various banking, trust and investment management, and other financial solutions in the United States. The company offers checking, savings, and money market accounts, as well as certificates of deposit and individual retirement accounts. It also provides commercial and industrial loans that consist of loans to corporate and other legal entity borrowers primarily in small to mid-size industrial and commercial companies; commercial real estate loans comprising commercial mortgages, which are secured by nonresidential and multi-family residential properties; residential real estate loans to consumers for the purchase or refinance of residence; first-priority home equity loans; consumer loans that are secured and unsecured by automobiles, boats, recreational vehicles, certificates of deposit, and other personal property; and demand deposit account overdrafts. In addition, the company offers mortgage banking services, including fixed and adjustable-rate mortgages, construction financing, land loans, production of conventional and government insured mortgages, secondary marketing, and mortgage servicing. Further, it provides deposit services for commercial customers comprising treasury management, lockbox, and other cash management services; merchant credit card services; wealth management, trust, investment, and custodial services for commercial and individual customers; and corporate trust and institutional custody, financial and estate planning, and retirement plan services, as well as automated-teller-machine, interactive-teller-machine, mobile banking, interactive voice response systems, and credit and debit card services. City Holding Company was founded in 1957 and is headquartered in Charleston, West Virginia.", "fullTimeEmployees": 958, "companyOfficers": [{"maxAge": 1, "name": "Mr. Charles R. Hageboeck", "age": 60, "title": "Pres, CEO & Director", "yearBorn": 1962, "fiscalYear": 2017, "exercisedValue": 0, "unexercisedValue": 0}, {"maxAge": 1, "name": "Mr. David L. Bumgarner", "age": 57, "title": "Exec. VP, CFO & Principal Accounting Officer", "yearBorn": 1965, "fiscalYear": 2022, "totalPay": 535848, "exercisedValue": 13147, "unexercisedValue": 0}, {"maxAge": 1, "name": "Mr. Jeffrey Dale Legge", "age": 58, "title": "Exec. VP, Chief Admin. Officer & Chief Information Officer", "yearBorn": 1964, "fiscalYear": 2022, "totalPay": 470269, "exercisedValue": 0, "unexercisedValue": 13706}, {"maxAge": 1, "name": "Mr. John A. DeRito", "age": 72, "title": "Exec. VP of Commercial Banking", "yearBorn": 1950, "fiscalYear": 2022, "totalPay": 456588, "exercisedValue": 0, "unexercisedValue": 174571}, {"maxAge": 1, "name": "Mr. Michael T. Quinlan Jr.", "age": 53, "title": "Exec. VP of Retail Banking", "yearBorn": 1969, "fiscalYear": 2022, "totalPay": 530570, "exercisedValue": 0, "unexercisedValue": 0}, {"maxAge": 1, "name": "Ms. Victoria A. Evans-Faw", "title": "Sr. VP & Corp. Sec.", "exercisedValue": 0, "unexercisedValue": 0}], "auditRisk": 5, "boardRisk": 5, "compensationRisk": 2, "shareHolderRightsRisk": 2, "overallRisk": 3, "governanceEpochDate": "2023-04-30 20:00:00", "compensationAsOfEpochDate": "2022-12-30 19:00:00", "maxAge": 86400, "latitude": 38.41588100810344, "longitude": -81.79301302032219}