{"address1": "South Beach Tower", "address2": "38 Beach Road No. 29-11", "city": "Singapore", "zip": "189767", "country": "Singapore", "phone": "65 9851 8611", "industry": "Shell Companies", "industryDisp": "Shell Companies", "sector": "Financial Services", "longBusinessSummary": "Chenghe Acquisition Co. focuses on effecting a merger, capital stock exchange, asset acquisition, stock purchase, reorganization, or related business combination with one or more businesses. The company intends to identify business opportunities in the field of financial technology or technology-enabled financial service companies, including artificial intelligence, big data, and cloud and blockchain-related initiatives in Asian markets. Chenghe Acquisition Co. was founded in 2021 and is based in Singapore.", "companyOfficers": [{"maxAge": 1, "name": "Dr. Shibin  Wang", "age": 44, "title": "CEO & Director", "yearBorn": 1978, "exercisedValue": 0, "unexercisedValue": 0}, {"maxAge": 1, "name": "Ms. Zhiyang  Zhou", "age": 35, "title": "Chief Financial Officer", "yearBorn": 1987, "exercisedValue": 0, "unexercisedValue": 0}], "maxAge": 86400, "latitude": 1.295469236232094, "longitude": 103.85645669133237}