{"address1": "One Chemung Canal Plaza", "city": "Elmira", "state": "NY", "zip": "14901", "country": "United States", "phone": "607 737 3711", "website": "https://www.chemungcanal.com", "industry": "Banks\u2014Regional", "industryDisp": "Banks\u2014Regional", "sector": "Financial Services", "longBusinessSummary": "Chemung Financial Corporation operates as the holding company for Chemung Canal Trust Company that provides a range of banking, financing, fiduciary, and other financial services. The company provides demand, savings, and time deposits; non-interest and interest-bearing checking accounts; and insured money market accounts. It also offers commercial and agricultural loans comprising loans to small to mid-sized businesses; commercial mortgage loans; residential mortgage loans; consumer loans, including home equity lines of credit and home equity term loans; and interest rate swaps, letters of credit, wealth management, employee benefit plans, insurance products, mutual fund, and brokerage services. In addition, the company provides annuities, brokerage, and tax preparation services. Further, it offers guardian, custodian, and trustee services, as well as acts as an agent for pension, profit-sharing, and other employee benefit trusts; and various investment, pension, estate planning, and employee benefit administrative services. Chemung Financial Corporation was founded in 1833 and is headquartered in Elmira, New York.", "fullTimeEmployees": 340, "companyOfficers": [{"maxAge": 1, "name": "Mr. Anders M. Tomson", "age": 55, "title": "Pres, CEO & Director", "yearBorn": 1967, "fiscalYear": 2022, "totalPay": 995382, "exercisedValue": 0, "unexercisedValue": 0}, {"maxAge": 1, "name": "Mr. Karl F. Krebs", "age": 66, "title": "CFO, Exec. VP & Treasurer", "yearBorn": 1956, "fiscalYear": 2022, "totalPay": 442268, "exercisedValue": 0, "unexercisedValue": 0}, {"maxAge": 1, "name": "Mr. Loren Dale Cole", "age": 49, "title": "Exec. VP & Chief Information Officer", "yearBorn": 1973, "fiscalYear": 2022, "totalPay": 383812, "exercisedValue": 0, "unexercisedValue": 0}, {"maxAge": 1, "name": "Mr. Peter K. Cosgrove", "age": 61, "title": "EVP, Chief Credit Officer & Chief Risk Officer", "yearBorn": 1961, "fiscalYear": 2022, "totalPay": 409212, "exercisedValue": 0, "unexercisedValue": 0}, {"maxAge": 1, "name": "Mr. Daniel D. Fariello", "age": 45, "title": "Pres of Capital Bank Division", "yearBorn": 1977, "fiscalYear": 2022, "totalPay": 389134, "exercisedValue": 0, "unexercisedValue": 0}, {"maxAge": 1, "name": "Ms. Kathleen S. McKillip", "title": "VP & Corp. Sec.", "exercisedValue": 0, "unexercisedValue": 0}, {"maxAge": 1, "name": "Mr. Scott T. Heffner", "title": "Sr. VP & Director of Marketing", "exercisedValue": 0, "unexercisedValue": 0}, {"maxAge": 1, "name": "Ms. Pamela D. Burns", "title": "Sr. VP of HR & Chief Diversity Officer", "exercisedValue": 0, "unexercisedValue": 0}, {"maxAge": 1, "name": "Mr. Thomas W. Wirth C.F.A., CFA", "age": 56, "title": "Exec. VP of Wealth Management Group at Chemung Canal Trust Company", "yearBorn": 1966, "fiscalYear": 2018, "exercisedValue": 0, "unexercisedValue": 0}, {"maxAge": 1, "name": "Ms. Catherine Beth Crandall J.D., CFP\u00ae, CTFA", "title": "Sr. VP of WMG Estate Admin.", "exercisedValue": 0, "unexercisedValue": 0}], "compensationAsOfEpochDate": "2022-12-30 19:00:00", "maxAge": 86400, "latitude": 42.08866485026138, "longitude": -76.80314343273785}