{"address1": "11815 Alterra Pkwy", "address2": "Suite 1500", "city": "Austin", "state": "TX", "zip": "78758", "country": "United States", "phone": "512 837 7100", "fax": "512 836 9785", "website": "https://www.citizensinc.com", "industry": "Insurance\u2014Life", "industryDisp": "Insurance\u2014Life", "sector": "Financial Services", "longBusinessSummary": "Citizens, Inc., through its subsidiaries, provides life insurance products in the United States and internationally. The company operates in two segments, Life Insurance and Home Service Insurance. The Life Insurance segment issues ordinary whole life insurance and endowment policies in the United States dollar-denominated amounts to non-U.S. residents in through independent marketing agencies and consultants. The Home Service Insurance segment offers final expense life insurance and property insurance policies to middle-and lower-income households, as well as whole life products in Louisiana, Mississippi, and Arkansas. This segment provides its products and services through funeral homes and independent agents. The company also provides accident and health insurance policies. The company was founded in 1969 and is headquartered in Austin, Texas.", "fullTimeEmployees": 224, "companyOfficers": [{"maxAge": 1, "name": "Mr. Gerald W. Shields", "age": 64, "title": "Exec. Vice-Chairman, CEO & Pres", "yearBorn": 1958, "fiscalYear": 2022, "totalPay": 1354000, "exercisedValue": 0, "unexercisedValue": 0}, {"maxAge": 1, "name": "Mr. Jeffery Paul Conklin", "age": 52, "title": "VP, CFO, Chief Investment Officer & Treasurer", "yearBorn": 1970, "fiscalYear": 2022, "totalPay": 598600, "exercisedValue": 0, "unexercisedValue": 0}, {"maxAge": 1, "name": "Ms. Sheryl L. Kinlaw", "age": 53, "title": "VP, Chief Legal Officer & Sec.", "yearBorn": 1969, "fiscalYear": 2022, "totalPay": 440444, "exercisedValue": 0, "unexercisedValue": 0}, {"maxAge": 1, "name": "Mr. Robert McHardy Mauldin III", "age": 61, "title": "VP & Chief Marketing Officer", "yearBorn": 1961, "fiscalYear": 2022, "totalPay": 510100, "exercisedValue": 0, "unexercisedValue": 0}, {"maxAge": 1, "name": "Mr. Harvey J. L. Waite", "age": 62, "title": "VP & Chief Actuary", "yearBorn": 1960, "fiscalYear": 2022, "totalPay": 492695, "exercisedValue": 0, "unexercisedValue": 0}, {"maxAge": 1, "name": "Mr. W. Scott Buchholtz", "age": 50, "title": "VP of HR", "yearBorn": 1972, "exercisedValue": 0, "unexercisedValue": 0}, {"maxAge": 1, "name": "Mr. Sidney Louis Harp II", "age": 72, "title": "Exec. VP & Director of Agency", "yearBorn": 1950, "fiscalYear": 2017, "exercisedValue": 0, "unexercisedValue": 0}, {"maxAge": 1, "name": "Mr. David Scott Jorgensen CPA", "age": 58, "title": "Gen. Mang. for International Operations of CICA Life Insurance Company of America", "yearBorn": 1964, "fiscalYear": 2017, "exercisedValue": 0, "unexercisedValue": 0}, {"maxAge": 1, "name": "Ms. Charlotte D. Duncan", "age": 73, "title": "Assistant Sec.", "yearBorn": 1949, "exercisedValue": 0, "unexercisedValue": 0}], "auditRisk": 4, "boardRisk": 2, "compensationRisk": 4, "shareHolderRightsRisk": 2, "overallRisk": 2, "governanceEpochDate": "2023-04-30 20:00:00", "compensationAsOfEpochDate": "2022-12-30 19:00:00", "maxAge": 86400, "latitude": 30.403614985013206, "longitude": -97.71862997567217}