{"address1": "Carrera 48 # 26-85", "address2": "Avenida Los Industriales", "city": "Medell\u00edn", "country": "Colombia", "phone": "57 6 014 885950", "website": "https://www.grupobancolombia.com", "industry": "Banks\u2014Regional", "industryDisp": "Banks\u2014Regional", "sector": "Financial Services", "longBusinessSummary": "Bancolombia S.A. provides banking products and services in Colombia, Panama, Puerto Rico, El Salvador, Bermuda, and Guatemala. The company operates through nine segments: Banking Colombia, Banking Panama, Banking El Salvador, Banking Guatemala, Trust, Investment Banking, Brokerage, International Banking, and All Other. It offers checking and savings accounts, fixed term deposits, and investment products; trade financing, loans funded by domestic development banks, working capital loans, credit cards, personal and vehicle loans, payroll loans, and overdrafts; factoring; and financial and operating leasing services. The company also provides hedging instruments, including futures, forwards, options, and swaps; and brokerage, investment advisory, and private banking services, including selling and distributing equities, futures, foreign currencies, fixed income securities, mutual funds, and structured products. In addition, it offers cash management services; foreign currency transaction services; life, auto, commercial, and homeowner's insurance products; telephone and mobile phone banking services; and online and computer banking services. Further, the company provides project and acquisition finance, loan syndication, corporate loans, debt and equity capital markets, principal investments, M&A, hedging strategies, restructurings, and structured financing; money market accounts, mutual and pension funds, private equity funds, payment and corporate trust, and custody; internet-based trading platform; inter-bank lending and repurchase agreements; managing escrow accounts, and investment and real estate funds; and transportation, securities brokerage, maintenance and remodeling, and outsourcing services, as well as provides technology services. Bancolombia S.A. was founded in 1875 and is headquartered in Medell\u00edn, Colombia.", "fullTimeEmployees": 33140, "companyOfficers": [{"maxAge": 1, "name": "Mr. Juan Carlos  Mora Uribe", "age": 57, "title": "Pres & CEO", "yearBorn": 1965, "exercisedValue": 0, "unexercisedValue": 0}, {"maxAge": 1, "name": "Mr. Jos\u00e9 Humberto Acosta Mart\u00edn", "age": 60, "title": "CFO & VP of Fin.", "yearBorn": 1962, "exercisedValue": 0, "unexercisedValue": 0}, {"maxAge": 1, "name": "Mr. Carlos Daniel Raad Baene", "age": 41, "title": "Investor Relations Director & Mang.", "yearBorn": 1981, "exercisedValue": 0, "unexercisedValue": 0}, {"maxAge": 1, "name": "Ms. Claudia Echavarria Uribe", "age": 43, "title": "Chief Legal Officer, Gen. Counsel, Legal VP & Sec. Gen.", "yearBorn": 1979, "exercisedValue": 0, "unexercisedValue": 0}, {"maxAge": 1, "name": "Mr. Rodrigo  Prieto Uribe", "age": 49, "title": "Chief Risks Officer & VP of Risk", "yearBorn": 1973, "exercisedValue": 0, "unexercisedValue": 0}, {"maxAge": 1, "name": "Mr. Andres Vasquez Echeverri", "title": "Pres of Nequi", "exercisedValue": 0, "unexercisedValue": 0}, {"maxAge": 1, "name": "Mr. Rafael  Barraza Dom\u00ednguez", "title": "CEO & Pres of Banco Agr\u00edcola SA", "exercisedValue": 0, "unexercisedValue": 0}, {"maxAge": 1, "name": "Ms. Aime\u00e9 Tialia  Sentmat de Grimaldo", "age": 52, "title": "CEO & Pres of Banistmo", "yearBorn": 1970, "exercisedValue": 0, "unexercisedValue": 0}, {"maxAge": 1, "name": "Mr. Federico Jose Bolanos  Coloma", "title": "Pres of Banco Agromercantil de Guatemala - BAM", "exercisedValue": 0, "unexercisedValue": 0}, {"maxAge": 1, "name": "Mr. Jose Mauricio Rodriguez Rios", "age": 50, "title": "VP of Internal Audit", "yearBorn": 1972, "exercisedValue": 0, "unexercisedValue": 0}], "maxAge": 86400, "latitude": 6.229420893525802, "longitude": -75.57466089805865}