{"address1": "1 Vanderbilt Avenue", "address2": "Floor 54, Suite C", "city": "New York", "state": "NY", "zip": "10017", "country": "United States", "phone": "332 262 2300", "website": "https://www.ciphermining.com", "industry": "Capital Markets", "industryDisp": "Capital Markets", "sector": "Financial Services", "longBusinessSummary": "Cipher Mining Inc., a technology company, develops and operates industrial scale bitcoin mining data centers in the United States. The company was incorporated in 2020 and is based in New York, New York. Cipher Mining Inc. is a subsidiary of Bitfury Holding B.V.", "fullTimeEmployees": 26, "companyOfficers": [{"maxAge": 1, "name": "Mr. Rodney Tyler Page", "age": 46, "title": "CEO & Director", "yearBorn": 1976, "fiscalYear": 2022, "totalPay": 300000, "exercisedValue": 0, "unexercisedValue": 0}, {"maxAge": 1, "name": "Mr. Patrick Arthur Kelly", "age": 42, "title": "Co-Pres & COO", "yearBorn": 1980, "fiscalYear": 2022, "totalPay": 200000, "exercisedValue": 0, "unexercisedValue": 0}, {"maxAge": 1, "name": "Mr. William  Iwaschuk", "age": 46, "title": "Co-Pres, Chief Legal Officer & Corp. Sec.", "yearBorn": 1976, "fiscalYear": 2022, "totalPay": 200000, "exercisedValue": 0, "unexercisedValue": 0}, {"maxAge": 1, "name": "Mr. Edward John Farrell CPA", "age": 61, "title": "Chief Financial Officer", "yearBorn": 1961, "fiscalYear": 2022, "totalPay": 200000, "exercisedValue": 0, "unexercisedValue": 0}, {"maxAge": 1, "name": "Mr. Richard  Carter Jr.", "title": "Sr. Accountant", "exercisedValue": 0, "unexercisedValue": 0}, {"maxAge": 1, "name": "Mr. Bryan  Keller", "title": "Chief Technology Officer", "exercisedValue": 0, "unexercisedValue": 0}, {"maxAge": 1, "name": "Ms. Olivia  Stennett", "title": "Chief Admin. Officer", "exercisedValue": 0, "unexercisedValue": 0}, {"maxAge": 1, "name": "Mr. Joshua  Kane", "title": "Head of Investor Relation", "exercisedValue": 0, "unexercisedValue": 0}, {"maxAge": 1, "name": "Mr. Samy  Biyadi", "title": "Head of Power", "exercisedValue": 0, "unexercisedValue": 0}, {"maxAge": 1, "name": "Ms. Courtney  Frazier", "title": "Head of Corp. Operations", "exercisedValue": 0, "unexercisedValue": 0}], "auditRisk": 10, "boardRisk": 6, "compensationRisk": 9, "shareHolderRightsRisk": 9, "overallRisk": 9, "governanceEpochDate": "2023-04-30 20:00:00", "compensationAsOfEpochDate": "2022-12-30 19:00:00", "maxAge": 86400, "latitude": 40.752737257048835, "longitude": -73.97829781006011}