{"address1": "6200 South Gilmore Road", "city": "Fairfield", "state": "OH", "zip": "45014-5141", "country": "United States", "phone": "513 870 2000", "website": "https://www.cinfin.com", "industry": "Insurance\u2014Property & Casualty", "industryDisp": "Insurance\u2014Property & Casualty", "sector": "Financial Services", "longBusinessSummary": "Cincinnati Financial Corporation, together with its subsidiaries, provides property casualty insurance products in the United States. The company operates through five segments: Commercial Lines Insurance, Personal Lines Insurance, Excess and Surplus Lines Insurance, Life Insurance, and Investments. The Commercial Lines Insurance segment offers coverage for commercial casualty, commercial property, commercial auto, and workers' compensation. It also provides director and officer liability insurance, contract and commercial surety bonds, and fidelity bonds; and machinery and equipment coverage. The Personal Lines Insurance segment offers personal auto insurance; homeowner insurance; and dwelling fire, inland marine, personal umbrella liability, and watercraft coverages to individuals. The Excess and Surplus Lines Insurance segment offers commercial casualty insurance that covers businesses for third-party liability from accidents occurring on their premises or arising out of their operations, such as injuries sustained from products; and commercial property insurance, which insures buildings, inventory, equipment, and business income from loss or damage due to various causes, such as fire, wind, hail, water, theft, and vandalism. The Life Insurance segment provides term life insurance products; universal life insurance products; worksite products, such as term life; and whole life insurance products. The Investments segment invests in fixed-maturity investments, including taxable and tax-exempt bonds, and redeemable preferred stocks; and equity investments comprising common and nonredeemable preferred stocks. It also offers commercial leasing and financing services; and insurance brokerage services. Cincinnati Financial Corporation was founded in 1950 and is headquartered in Fairfield, Ohio.", "fullTimeEmployees": 5148, "companyOfficers": [{"maxAge": 1, "name": "Mr. Steven Justus Johnston C.F.A., CERA, CFA, FCAS, MAAA", "age": 62, "title": "Chairman & CEO", "yearBorn": 1960, "fiscalYear": 2022, "totalPay": 3681585, "exercisedValue": 693271, "unexercisedValue": 8268883}, {"maxAge": 1, "name": "Mr. Stephen Michael Spray", "age": 56, "title": "Pres", "yearBorn": 1966, "fiscalYear": 2022, "totalPay": 1825826, "exercisedValue": 190806, "unexercisedValue": 2054064}, {"maxAge": 1, "name": "Mr. Michael James Sewell CPA, CPA", "age": 58, "title": "CFO, Principal Accounting Officer, Exec. VP & Treasurer", "yearBorn": 1964, "fiscalYear": 2022, "totalPay": 2357789, "exercisedValue": 589497, "unexercisedValue": 4177423}, {"maxAge": 1, "name": "Ms. Teresa Currin Cracas Esq.", "age": 56, "title": "Chief Risk Officer & Exec. VP of The Cincinnati Insurance Company", "yearBorn": 1966, "fiscalYear": 2022, "totalPay": 1485999, "exercisedValue": 0, "unexercisedValue": 1468923}, {"maxAge": 1, "name": "Mr. John Scott Kellington", "age": 60, "title": "Chief Information Officer & Exec. VP of The Cincinnati Insurance Company", "yearBorn": 1962, "fiscalYear": 2022, "totalPay": 1607668, "exercisedValue": 0, "unexercisedValue": 2785346}, {"maxAge": 1, "name": "Mr. Steven Anthony Soloria C.F.A., C.P.C.U., CFA", "title": "Exec. VP & Chief Investment Officer", "exercisedValue": 0, "unexercisedValue": 0}, {"maxAge": 1, "name": "Mr. Dennis E. McDaniel C.M.A., C.P.A., C.P.C.U., CFM, CMA, CPA, CPCU", "age": 62, "title": "VP & Investor Relations Officer", "yearBorn": 1960, "exercisedValue": 0, "unexercisedValue": 0}, {"maxAge": 1, "name": "Ms. Lisa Anne Love Esq.", "age": 62, "title": "Exec. VP, Chief Legal Officer & Corp. Sec.", "yearBorn": 1960, "exercisedValue": 0, "unexercisedValue": 0}, {"maxAge": 1, "name": "Betsy E. Ertel C.P.C.U.", "title": "VP of Corp. Communications", "exercisedValue": 0, "unexercisedValue": 0}, {"maxAge": 1, "name": "Mr. Gregory  Ziegler", "title": "HR Director", "exercisedValue": 0, "unexercisedValue": 0}], "auditRisk": 1, "boardRisk": 10, "compensationRisk": 4, "shareHolderRightsRisk": 8, "overallRisk": 6, "governanceEpochDate": "2023-04-30 20:00:00", "compensationAsOfEpochDate": "2022-12-30 19:00:00", "maxAge": 86400, "latitude": 39.30778398611946, "longitude": -84.52048498416342}