{"address1": "1775 I Street NW", "address2": "Suite 900", "city": "Washington", "state": "DC", "zip": "20006", "country": "United States", "phone": "202 367 3003", "website": "https://carticaspac.com", "industry": "Shell Companies", "industryDisp": "Shell Companies", "sector": "Financial Services", "longBusinessSummary": "Cartica Acquisition Corp does not have any significant operations. The company focuses on effecting a merger, share exchange, asset acquisition, share purchase, reorganization, or similar business combination with one or more businesses. It intends to identify and complete a business combination in the technology sector in India. Cartica Acquisition Corp was incorporated in 2021 and is based in Washington, the District of Columbia.", "companyOfficers": [{"maxAge": 1, "name": "Mr. Steven Jerome Quamme J.D.", "age": 62, "title": "Interim CEO & Director", "yearBorn": 1960, "exercisedValue": 0, "unexercisedValue": 0}, {"maxAge": 1, "name": "Mr. C. Brian Coad C.F.A.", "age": 52, "title": "COO & CFO", "yearBorn": 1970, "exercisedValue": 0, "unexercisedValue": 0}], "maxAge": 86400, "latitude": 38.901600939641526, "longitude": -77.04119979266133}