{"address1": "100 East Water Street", "address2": "PO Box 5016", "city": "Sandusky", "state": "OH", "zip": "44870-2514", "country": "United States", "phone": "419 625 4121", "fax": "419 627 3359", "website": "https://www.civb.com", "industry": "Banks\u2014Regional", "industryDisp": "Banks\u2014Regional", "sector": "Financial Services", "longBusinessSummary": "Civista Bancshares, Inc. operates as the financial holding company for Civista Bank that provides community banking services. It collects a range of customer deposits; and offers commercial and agriculture, commercial and residential real estate, farm real estate, real estate construction, consumer, and other loans, as well as letters of credit. The company also purchases equity securities; and provides trust and third-party insurance services. It operates in North Central, West Central, South Western Ohio, South Eastern Indiana, and Northern Kentucky. The company was formerly known as First Citizens Banc Corp and changed its name to Civista Bancshares, Inc. in May 2015. Civista Bancshares, Inc. was founded in 1884 and is headquartered in Sandusky, Ohio.", "fullTimeEmployees": 532, "companyOfficers": [{"maxAge": 1, "name": "Mr. Dennis G. Shaffer", "age": 59, "title": "Pres, CEO & Vice Chairman", "yearBorn": 1963, "fiscalYear": 2014, "exercisedValue": 0, "unexercisedValue": 0}, {"maxAge": 1, "name": "Mr. Richard J. Dutton", "age": 59, "title": "Sr. VP & COO", "yearBorn": 1963, "fiscalYear": 2014, "exercisedValue": 0, "unexercisedValue": 0}, {"maxAge": 1, "name": "Mr. Paul J. Stark", "age": 64, "title": "Sr. VP & Chief Credit Officer", "yearBorn": 1958, "fiscalYear": 2022, "totalPay": 315900, "exercisedValue": 0, "unexercisedValue": 0}, {"maxAge": 1, "name": "Mr. Todd A. Michel", "age": 57, "title": "Sr. VP & Controller", "yearBorn": 1965, "fiscalYear": 2022, "totalPay": 311505, "exercisedValue": 0, "unexercisedValue": 0}, {"maxAge": 1, "name": "Mr. Harry  Singer", "age": 67, "title": "Independent Director", "yearBorn": 1955, "fiscalYear": 2022, "totalPay": 31812, "exercisedValue": 0, "unexercisedValue": 0}, {"maxAge": 1, "name": "Mr. Charles A. Parcher", "age": 57, "title": "Sr. VP & Chief Lending Officer", "yearBorn": 1965, "fiscalYear": 2022, "totalPay": 431139, "exercisedValue": 0, "unexercisedValue": 0}, {"maxAge": 1, "name": "Mr. Carl A. Kessler III", "age": 53, "title": "Sr. VP & Chief Information Officer", "yearBorn": 1969, "exercisedValue": 0, "unexercisedValue": 0}, {"maxAge": 1, "name": "Mr. Lance A. Morrison", "age": 54, "title": "Sr. VP, Gen. Counsel & Corp. Sec.", "yearBorn": 1968, "exercisedValue": 0, "unexercisedValue": 0}, {"maxAge": 1, "name": "Ms. Donna M. Waltz-Jaskolski", "age": 56, "title": "Sr. VP & Customer Experience Officer", "yearBorn": 1966, "exercisedValue": 0, "unexercisedValue": 0}, {"maxAge": 1, "name": "Russell L. Edwards", "title": "Sr. VP of Retail Banking", "exercisedValue": 0, "unexercisedValue": 0}], "auditRisk": 2, "boardRisk": 2, "compensationRisk": 5, "shareHolderRightsRisk": 7, "overallRisk": 4, "governanceEpochDate": "2023-04-30 20:00:00", "compensationAsOfEpochDate": "2022-12-30 19:00:00", "maxAge": 86400, "latitude": 41.45745201104202, "longitude": -82.71087701558642}