{"address1": "521 Main Street", "address2": "PO Box 209", "city": "Philadelphia", "state": "MS", "zip": "39350", "country": "United States", "phone": "601 656 4692", "website": "https://www.thecitizensbankphila.com", "industry": "Banks\u2014Regional", "industryDisp": "Banks\u2014Regional", "sector": "Financial Services", "longBusinessSummary": "Citizens Holding Company operates as the bank holding company for The Citizens Bank of Philadelphia that provides various commercial and personal banking products and services. It offers demand deposits; and savings and time deposit accounts. The company also provides secured and unsecured loans; mortgage loans; single and multi-family housing, farm, residential and commercial construction, and commercial real estate loans; commercial, industrial, and agricultural production loans; and consumer loans, as well as issues letters of credit. In addition, it offers personal and corporate trust services; credit life and title insurance; and internet and mobile banking services. The company was founded in 1908 and is headquartered in Philadelphia, Mississippi.", "fullTimeEmployees": 271, "companyOfficers": [{"maxAge": 1, "name": "Mr. Gregory Lyle McKee", "age": 60, "title": "Pres, CEO & Director", "yearBorn": 1962, "fiscalYear": 2022, "totalPay": 545877, "exercisedValue": 0, "unexercisedValue": 0}, {"maxAge": 1, "name": "Mr. Phillip R. Branch", "age": 38, "title": "CFO & Treasurer", "yearBorn": 1984, "fiscalYear": 2022, "totalPay": 230567, "exercisedValue": 0, "unexercisedValue": 0}, {"maxAge": 1, "name": "Mr. Gregory E. Cronin", "age": 59, "title": "Pres of Gulf Coast & Director", "yearBorn": 1963, "fiscalYear": 2022, "totalPay": 21325, "exercisedValue": 0, "unexercisedValue": 0}, {"maxAge": 1, "name": "Mr. Mark D. Taylor", "title": "Sec.", "exercisedValue": 0, "unexercisedValue": 0}], "compensationAsOfEpochDate": "2022-12-30 19:00:00", "maxAge": 86400, "latitude": 32.77091270833983, "longitude": -89.10918813230299}