{"address1": "445 Park Avenue", "address2": "9th Floor", "city": "New York", "state": "NY", "zip": "10022", "country": "United States", "phone": "212 745 1086", "website": "https://www.chavantcapital.com", "industry": "Shell Companies", "industryDisp": "Shell Companies", "sector": "Financial Services", "longBusinessSummary": "Chavant Capital Acquisition Corp. does not have significant operations. The company intends to effect a merger, capital stock exchange, asset acquisition, share purchase, reorganization, or similar business combination with one or more businesses. Chavant Capital Acquisition Corp. was incorporated in 2021 and is based in New York, New York. Chavant Capital Acquisition Corp. operates as a subsidiary of Chavant Capital Partners LLC.", "companyOfficers": [{"maxAge": 1, "name": "Dr. Jiong  Ma Ph.D.", "age": 58, "title": "CEO, Pres & Director", "yearBorn": 1964, "exercisedValue": 0, "unexercisedValue": 0}, {"maxAge": 1, "name": "Mr. Michael C. Lee", "title": "Chief Financial Officer", "exercisedValue": 0, "unexercisedValue": 0}], "maxAge": 86400, "latitude": 40.7611569626076, "longitude": -73.97077656070272}