{"address1": "19-01 Route 208 North", "city": "Fair Lawn", "state": "NJ", "zip": "07410", "country": "United States", "phone": "800 522 4167", "website": "https://www.columbiabankonline.com", "industry": "Banks\u2014Regional", "industryDisp": "Banks\u2014Regional", "sector": "Financial Services", "longBusinessSummary": "Columbia Financial, Inc., a bank holding company, provides financial services to businesses and consumers in the United States. The company offers non-interest-bearing demand deposits, interest bearing demand accounts, savings and club accounts, money market accounts, and certificates of deposit. It also provides loans, including multifamily and commercial real estate loans, commercial business loans, one-to-four family residential loans, construction loans, home equity loans and advances, and other consumer loans that include automobiles and personal loans, as well as unsecured and overdraft lines of credit. In addition, the company offers title insurance products; wealth management services; and cash management services, including remote deposit, lockbox service, and sweep accounts. It operates full-service banking offices in New Jersey; and branch offices in Freehold, New Jersey. The company was founded in 1927 and is headquartered in Fair Lawn, New Jersey. Columbia Financial, Inc. is a subsidiary of Columbia Bank MHC.", "fullTimeEmployees": 748, "companyOfficers": [{"maxAge": 1, "name": "Mr. Thomas J. Kemly", "age": 64, "title": "Pres, CEO & Director", "yearBorn": 1958, "fiscalYear": 2022, "totalPay": 1662649, "exercisedValue": 0, "unexercisedValue": 2371176}, {"maxAge": 1, "name": "Mr. Dennis E. Gibney C.F.A., CFA", "age": 48, "title": "Exec. VP & CFO", "yearBorn": 1974, "fiscalYear": 2022, "totalPay": 763004, "exercisedValue": 0, "unexercisedValue": 866880}, {"maxAge": 1, "name": "Mr. Edward Thomas Allen Jr.", "age": 65, "title": "Sr. Exec. VP & COO", "yearBorn": 1957, "fiscalYear": 2022, "totalPay": 941991, "exercisedValue": 0, "unexercisedValue": 1019860}, {"maxAge": 1, "name": "Mr. John  Klimowich", "age": 59, "title": "Exec. VP & Chief Risk Officer", "yearBorn": 1963, "fiscalYear": 2022, "totalPay": 666693, "exercisedValue": 0, "unexercisedValue": 679905}, {"maxAge": 1, "name": "Ms. Allyson Katz Schlesinger", "age": 50, "title": "Exec. VP & Head of Consumer Banking", "yearBorn": 1972, "fiscalYear": 2022, "totalPay": 730021, "exercisedValue": 0, "unexercisedValue": 560926}, {"maxAge": 1, "name": "Mr. W. Justin Jennings", "age": 40, "title": "Exec. VP of Operations & Operations Officer", "yearBorn": 1982, "fiscalYear": 2022, "totalPay": 524501, "exercisedValue": 0, "unexercisedValue": 0}, {"maxAge": 1, "name": "Mr. Manesh Balachandran Prabhu", "title": "Exec. VP & Chief Information Officer", "exercisedValue": 0, "unexercisedValue": 0}, {"maxAge": 1, "name": "Ms. Jenifer W. Walden", "title": "Exec. VP & Chief HR Officer", "exercisedValue": 0, "unexercisedValue": 0}, {"maxAge": 1, "name": "Mr. Oliver Edward Lewis Jr.", "age": 57, "title": "Exec. VP & Head of Commercial Banking", "yearBorn": 1965, "fiscalYear": 2021, "exercisedValue": 0, "unexercisedValue": 0}, {"maxAge": 1, "name": "Mr. Matthew William Rickert", "title": "Exec. VP & Chief Credit Officer", "exercisedValue": 0, "unexercisedValue": 0}], "auditRisk": 5, "boardRisk": 6, "compensationRisk": 8, "shareHolderRightsRisk": 6, "overallRisk": 6, "governanceEpochDate": "2023-04-30 20:00:00", "compensationAsOfEpochDate": "2022-12-30 19:00:00", "maxAge": 86400, "latitude": 40.94419027319397, "longitude": -74.13091519581945}