{"address1": "214 Brazilian Avenue", "address2": "Suite 200-A", "city": "Palm Beach", "state": "FL", "zip": "33480", "country": "United States", "phone": "(561) 805-3588", "website": "https://www.colombierspac.com", "industry": "Shell Companies", "industryDisp": "Shell Companies", "sector": "Financial Services", "longBusinessSummary": "Colombier Acquisition Corp. does not have significant operations. It intends to effectuate a merger, capital stock exchange, asset acquisition, stock purchase, reorganization, or other similar business combination with one or more businesses. The company was incorporated in 2021 and is based in Palm Beach, Florida.", "companyOfficers": [{"maxAge": 1, "name": "Mr. Omeed  Malik J.D.", "age": 42, "title": "Chairman & CEO", "yearBorn": 1980, "exercisedValue": 0, "unexercisedValue": 0}, {"maxAge": 1, "name": "Mr. Joe  Voboril", "age": 43, "title": "CFO & Director", "yearBorn": 1979, "exercisedValue": 0, "unexercisedValue": 0}], "maxAge": 86400, "latitude": 26.70412698607153, "longitude": -80.0368810072713}