{"address1": "Building R", "address2": "Suite 275 12600 Hill Country Boulevard", "city": "Bee Cave", "state": "TX", "zip": "78738", "country": "United States", "phone": "800 508 1531", "website": "https://cleanearthacquisitions.com", "industry": "Shell Companies", "industryDisp": "Shell Companies", "sector": "Financial Services", "longBusinessSummary": "Clean Earth Acquisitions Corp. does not have significant operations. The company intends to effect a merger, capital stock exchange, asset acquisition, stock purchase, reorganization, or similar business combination with one or more businesses. It focuses on acquiring companies in the clean energy ecosystem, including carbon, hydrogen, sustainable agriculture, and renewable energy. The company was incorporated in 2021 and is based in Bee Cave, Texas.", "companyOfficers": [{"maxAge": 1, "name": "Mr. Nicholas  Parker", "age": 62, "title": "Exec. Chairman of Directors", "yearBorn": 1960, "exercisedValue": 0, "unexercisedValue": 0}, {"maxAge": 1, "name": "Mr. Aaron Tibor Ratner", "age": 47, "title": "Chief Exec. Officer", "yearBorn": 1975, "exercisedValue": 0, "unexercisedValue": 0}, {"maxAge": 1, "name": "Ms. Martha F. Ross", "age": 59, "title": "CFO & COO", "yearBorn": 1963, "exercisedValue": 0, "unexercisedValue": 0}], "maxAge": 86400, "latitude": 30.30645249049254, "longitude": -97.97939787557631}