{"address1": "1075 Hendersonville Road", "address2": "Suite 250", "city": "Asheville", "state": "NC", "zip": "28803", "country": "United States", "phone": "828-210-8184", "fax": "828-505-8301", "website": "https://www.cornerstonestrategicvaluefund.com", "industry": "Asset Management", "industryDisp": "Asset Management", "sector": "Financial Services", "longBusinessSummary": "Cornerstone Strategic Value Fund, Inc. is a closed-ended equity mutual fund launched and managed by Cornerstone Advisors, Inc. The fund invests in public equity markets across the globe. It seeks to invest in stocks of companies operating across diversified sectors. The fund primarily invests in value and growth stocks of companies. It also invests through other closed-end investment companies and ETF's. Cornerstone Strategic Value Fund, Inc. was formed on May 1, 1987 and is domiciled in the United States.", "companyOfficers": [], "maxAge": 86400, "latitude": 35.536355998151166, "longitude": -82.5294880208231}