{"address1": "1450 Brickell Avenue", "address2": "Suite 2520", "city": "Miami", "state": "FL", "zip": "33131", "country": "United States", "phone": "305 577 0031", "website": "https://www.cloverlcc.com", "industry": "Shell Companies", "industryDisp": "Shell Companies", "sector": "Financial Services", "longBusinessSummary": "Clover Leaf Capital Corp. does not have significant operations. The company focuses on effecting a merger, stock exchange, asset acquisition, stock purchase, reorganization, and similar business combination with one or more businesses. It intends to focus on the companies operating in the cannabis industry. The company was incorporated in 2021 and is based in Miami, Florida.", "companyOfficers": [{"maxAge": 1, "name": "Mr. Felipe  MacLean", "age": 38, "title": "Chairman, Pres & CEO", "yearBorn": 1984, "exercisedValue": 0, "unexercisedValue": 0}, {"maxAge": 1, "name": "Mr. Luis Alberto Guerra", "age": 47, "title": "CFO & Treasurer", "yearBorn": 1975, "exercisedValue": 0, "unexercisedValue": 0}, {"maxAge": 1, "name": "Mr. Markus  Puusepp", "age": 40, "title": "COO & Sec.", "yearBorn": 1982, "exercisedValue": 0, "unexercisedValue": 0}], "maxAge": 86400, "latitude": 25.75890198618123, "longitude": -80.19313502134436}