{"address1": "50 Sloane Avenue", "city": "London", "zip": "SW3 3DD", "country": "United Kingdom", "phone": "44 20 3954 0500", "website": "https://www.climate-rock.com", "industry": "Shell Companies", "industryDisp": "Shell Companies", "sector": "Financial Services", "longBusinessSummary": "ClimateRock focuses on effecting a merger, share exchange, asset acquisition, share purchase, reorganization, or similar business combination with one or more businesses. It intends to pursue an initial business combination within climate change, environment, renewable energy and emerging, and clean technologies. ClimateRock was incorporated in 2021 and is based in London, the United Kingdom.", "companyOfficers": [{"maxAge": 1, "name": "Mr. Charles  Ratelband V", "age": 40, "title": "Exec. Chairman", "yearBorn": 1982, "exercisedValue": 0, "unexercisedValue": 0}, {"maxAge": 1, "name": "Mr. Per  Regnarsson", "age": 54, "title": "CEO & Director", "yearBorn": 1968, "exercisedValue": 0, "unexercisedValue": 0}, {"maxAge": 1, "name": "Mr. Abhishek  Bawa", "age": 38, "title": "Chief Financial Officer", "yearBorn": 1984, "exercisedValue": 0, "unexercisedValue": 0}], "maxAge": 86400, "latitude": 51.49197117400477, "longitude": -0.16509882428629077}