{"address1": "235 North Court Street", "city": "Opelousas", "state": "LA", "zip": "70570", "country": "United States", "phone": "(337) 948-3033", "website": "https://catalystbank.com", "industry": "Banks\u2014Regional", "industryDisp": "Banks\u2014Regional", "sector": "Financial Services", "longBusinessSummary": "Catalyst Bancorp, Inc. operates as a holding company for Catalyst Bank that provides various banking services to individuals and corporate customers. The company accepts various deposit products, including savings accounts, demand and NOW accounts, money market accounts, and certificates of deposit. It also offers single-family residential first mortgage loans, commercial real estate mortgage loans, multi-family residential mortgage loans, commercial and industrial loans, construction and land loans, consumer loans, and other loans. In addition, the company invests in various types of securities comprising mortgage-backed securities, the U.S. treasury obligations, securities of various federal agencies and of state and municipal governments, certificates of deposit at federally insured banks and savings institutions, and federal funds. It operates through full-service branches located in Carencro, Eunice, Lafayette, Opelousas, and Port Barre. The company was founded in 1922 and is headquartered in Opelousas, Louisiana.", "fullTimeEmployees": 50, "companyOfficers": [{"maxAge": 1, "name": "Mr. Joseph B. Zanco CPA, CIA", "age": 52, "title": "Pres, CEO & Director", "yearBorn": 1970, "fiscalYear": 2020, "totalPay": 189161, "exercisedValue": 0, "unexercisedValue": 0}, {"maxAge": 1, "name": "Ms. Jutta A. Codori", "age": 59, "title": "Sr. Admin. Officer", "yearBorn": 1963, "fiscalYear": 2020, "totalPay": 126893, "exercisedValue": 0, "unexercisedValue": 0}, {"maxAge": 1, "name": "Mr. Ted D. Bellard", "age": 53, "title": "Independent Director & Sec.", "yearBorn": 1969, "fiscalYear": 2020, "totalPay": 44690, "exercisedValue": 0, "unexercisedValue": 0}, {"maxAge": 1, "name": "Mr. Jacques L. J. Bourque CPA, M.B.A.", "age": 28, "title": "Chief Financial Officer", "yearBorn": 1994, "exercisedValue": 0, "unexercisedValue": 0}, {"maxAge": 1, "name": "Ms. Leslie  Olinger", "title": "Credit Mang.", "exercisedValue": 0, "unexercisedValue": 0}, {"maxAge": 1, "name": "Ms. Cheryl  Redlich", "title": "VP, Compliance Officer & Internal Audit", "exercisedValue": 0, "unexercisedValue": 0}], "compensationAsOfEpochDate": "2020-12-30 19:00:00", "maxAge": 86400, "latitude": 30.53608501354981, "longitude": -92.08273299601056}