{"address1": "81 Bay Street", "address2": "CIBC Square", "city": "Toronto", "state": "ON", "zip": "M5J 0E7", "country": "Canada", "phone": "800 465 2255", "website": "https://www.cibc.com", "industry": "Banks\u2014Diversified", "industryDisp": "Banks\u2014Diversified", "sector": "Financial Services", "longBusinessSummary": "Canadian Imperial Bank of Commerce, a diversified financial institution, provides various financial products and services to personal, business, public sector, and institutional clients in Canada, the United States, and internationally. The company operates through Canadian Personal and Business Banking; Canadian Commercial Banking and Wealth Management; U.S. Commercial Banking and Wealth Management; and Capital Markets. The company offers checking, savings, and business accounts; mortgages; business, car, and other loans; lines of credit, student lines of credit, and agriculture loans; investment and insurance services; and credit cards, as well as mobile, online, and overdraft protection services. It also provides day-to-day banking, borrowing and credit, specialty, investing and private wealth, and international banking services; foreign exchange services; and cash management services. Canadian Imperial Bank of Commerce was founded in 1867 and is headquartered in Toronto, Canada.", "fullTimeEmployees": 49530, "companyOfficers": [{"maxAge": 1, "name": "Mr. Victor G. Dodig", "age": 56, "title": "Pres, CEO & Director", "yearBorn": 1966, "fiscalYear": 2021, "totalPay": 2330549, "exercisedValue": 0, "unexercisedValue": 0}, {"maxAge": 1, "name": "Mr. Hratch  Panossian", "title": "Sr. EVP, CFO and Head of Enterprise Strategy", "fiscalYear": 2021, "totalPay": 1027667, "exercisedValue": 0, "unexercisedValue": 0}, {"maxAge": 1, "name": "Mr. Michael G. Capatides", "title": "Vice-Chair of CIBC Bank USA", "fiscalYear": 2016, "exercisedValue": 0, "unexercisedValue": 0}, {"maxAge": 1, "name": "Mr. Harry K. Culham", "title": "Sr. EVP and Group Head of Capital Markets & Direct Financial Services", "fiscalYear": 2021, "totalPay": 2250204, "exercisedValue": 0, "unexercisedValue": 0}, {"maxAge": 1, "name": "Mr. Roman  Dubczak", "title": "Head of Global Investment Banking & MD", "exercisedValue": 0, "unexercisedValue": 0}, {"maxAge": 1, "name": "Ms. Christina C. Kramer", "title": "Sr. EVP and Group Head of Technology, Infrastructure & Innovation", "exercisedValue": 0, "unexercisedValue": 0}, {"maxAge": 1, "name": "Ms. Kikelomo  Lawal", "title": "Exec. VP & Chief Legal Officer", "exercisedValue": 0, "unexercisedValue": 0}, {"maxAge": 1, "name": "Ms. Sandra R. Sharman", "age": 59, "title": "Sr. EVP and Group Head of People, Culture & Brand", "yearBorn": 1963, "exercisedValue": 0, "unexercisedValue": 0}, {"maxAge": 1, "name": "Mr. John P. Ferren", "title": "Sr. VP of Deposit Products & Analytics", "exercisedValue": 0, "unexercisedValue": 0}, {"maxAge": 1, "name": "Mr. Michael J. Boluch", "title": "Exec. VP of Technology & Enterprise Innovation", "exercisedValue": 0, "unexercisedValue": 0}], "auditRisk": 3, "boardRisk": 2, "compensationRisk": 2, "shareHolderRightsRisk": 5, "overallRisk": 1, "governanceEpochDate": "2023-04-30 20:00:00", "compensationAsOfEpochDate": "2021-12-30 19:00:00", "maxAge": 86400, "latitude": 43.644228691069515, "longitude": -79.37807481706984}