{"address1": "Comerica Bank Tower", "address2": "1717 Main Street", "city": "Dallas", "state": "TX", "zip": "75201-6404", "country": "United States", "phone": "214 462 6831", "website": "https://www.comerica.com", "industry": "Banks\u2014Regional", "industryDisp": "Banks\u2014Regional", "sector": "Financial Services", "longBusinessSummary": "Comerica Incorporated, through its subsidiaries, provides various financial products and services. The company operates through Commercial Bank, Retail Bank, Wealth Management, and Finance segments. The Commercial Bank segment offers various products and services, including commercial loans and lines of credit, deposits, cash management, capital market products, international trade finance, letters of credit, foreign exchange management services, and loan syndication services, as well as payment and card services for small and middle market businesses, multinational corporations, and governmental entities. The Retail Bank segment provides personal financial services, such as consumer lending, consumer deposit gathering, and mortgage loan origination; and various consumer products that include deposit accounts, installment loans, credit cards, student loans, home equity lines of credit, and residential mortgage loans, as well as commercial products and services to micro-businesses. The Wealth Management segment offers products and services comprising fiduciary, private banking, retirement, investment management and advisory, and investment banking and brokerage services; and sells annuity products, as well as life, disability, and long-term care insurance products. The Finance segment engages in the securities portfolio, and asset and liability management activities. It operates in Texas, California, Michigan, Arizona, Florida, Canada, and Mexico. The company was formerly known as DETROITBANK Corporation and changed its name to Comerica Incorporated in July 1982. Comerica Incorporated was founded in 1849 and is headquartered in Dallas, Texas.", "fullTimeEmployees": 7586, "companyOfficers": [{"maxAge": 1, "name": "Mr. Curtis Chatman Farmer", "age": 59, "title": "Chairman, CEO & Pres", "yearBorn": 1963, "fiscalYear": 2022, "totalPay": 4265006, "exercisedValue": 0, "unexercisedValue": 316273}, {"maxAge": 1, "name": "Mr. James J. Herzog", "age": 59, "title": "CFO & Sr. EVP", "yearBorn": 1963, "fiscalYear": 2022, "totalPay": 1758181, "exercisedValue": 0, "unexercisedValue": 54331}, {"maxAge": 1, "name": "Ms. Megan D. Crespi", "age": 47, "title": "Sr. EVP & COO", "yearBorn": 1975, "fiscalYear": 2022, "totalPay": 1465315, "exercisedValue": 0, "unexercisedValue": 182108}, {"maxAge": 1, "name": "Mr. Peter L. Sefzik", "age": 46, "title": "Sr. EVP & Chief Banking Officer", "yearBorn": 1976, "fiscalYear": 2022, "totalPay": 1584277, "exercisedValue": 215954, "unexercisedValue": 0}, {"maxAge": 1, "name": "Mr. Jay K. Oberg", "age": 51, "title": "Sr. EVP & Chief Risk Officer", "yearBorn": 1971, "fiscalYear": 2022, "totalPay": 1407531, "exercisedValue": 0, "unexercisedValue": 152732}, {"maxAge": 1, "name": "Mr. Mauricio A. Ortiz", "age": 42, "title": "Exec. VP & Chief Accounting Officer", "yearBorn": 1980, "exercisedValue": 0, "unexercisedValue": 0}, {"maxAge": 1, "name": "Ms. Megan D. Burkhart", "age": 50, "title": "Sr. Exec. VP and Chief Admin. & HR Officer", "yearBorn": 1972, "exercisedValue": 0, "unexercisedValue": 0}, {"maxAge": 1, "name": "Ms. Kelly  Gage", "title": "Sr. VP & Director of Investor Relations", "exercisedValue": 0, "unexercisedValue": 0}, {"maxAge": 1, "name": "Mr. Von E. Hays", "age": 50, "title": "Exec. VP, Chief Legal Officer & Gen. Counsel", "yearBorn": 1972, "exercisedValue": 0, "unexercisedValue": 0}, {"maxAge": 1, "name": "Mr. Jon W. Bilstrom", "age": 75, "title": "Exec. VP of Legal Affairs", "yearBorn": 1947, "fiscalYear": 2015, "exercisedValue": 0, "unexercisedValue": 0}], "auditRisk": 5, "boardRisk": 7, "compensationRisk": 6, "shareHolderRightsRisk": 2, "overallRisk": 4, "governanceEpochDate": "2023-04-30 20:00:00", "compensationAsOfEpochDate": "2022-12-30 19:00:00", "maxAge": 86400, "latitude": 32.781600000000026, "longitude": -96.79658999999998}