{"address1": "353 Lexington Avenue", "address2": "Suite 502", "city": "New York", "state": "NY", "zip": "10016", "country": "United States", "phone": "646 202 1838", "website": "https://www.cemac.online", "industry": "Shell Companies", "industryDisp": "Shell Companies", "sector": "Financial Services", "longBusinessSummary": "Capitalworks Emerging Markets Acquisition Corp does not have significant operations. The company focuses on effecting a merger, share exchange, asset acquisition, share purchase, reorganization, or similar business combination with one or more businesses. It intends to search on companies operating in consumer and consumer technology; financial and business services; healthcare and technology; and media and telecom sectors. The company was incorporated in 2021 and is headquartered in New York, New York.", "companyOfficers": [{"maxAge": 1, "name": "Ms. Roberta Feldman Brzezinski", "age": 55, "title": "CEO & Director", "yearBorn": 1967, "exercisedValue": 0, "unexercisedValue": 0}, {"maxAge": 1, "name": "Mr. Herman G. Kotz\u00e9", "age": 53, "title": "Chief Financial Officer", "yearBorn": 1969, "exercisedValue": 0, "unexercisedValue": 0}, {"maxAge": 1, "name": "Ms. Xiamoei   Ouyang", "age": 50, "title": "Sr. Advisor & Director", "yearBorn": 1972, "exercisedValue": 0, "unexercisedValue": 0}], "maxAge": 86400, "latitude": 40.7499220272293, "longitude": -73.97699073607893}