{"address1": "20 South Wacker Drive", "city": "Chicago", "state": "IL", "zip": "60606", "country": "United States", "phone": "312 930 1000", "website": "https://www.cmegroup.com", "industry": "Financial Data & Stock Exchanges", "industryDisp": "Financial Data & Stock Exchanges", "sector": "Financial Services", "longBusinessSummary": "CME Group Inc., together with its subsidiaries, operates contract markets for the trading of futures and options on futures contracts worldwide. It offers futures and options products based on interest rates, equity indexes, foreign exchange, agricultural commodities, energy, and metals, as well as fixed income and foreign currency trading services. The company also provides clearing house services, including clearing, settling, and guaranteeing futures and options contracts, and cleared swaps products traded through its exchanges; and trade processing and risk mitigation services. In addition, the company offers a range of market data services, including real-time and historical data services. It serves professional traders, financial institutions, institutional and individual investors, corporations, manufacturers, producers, governments, and central banks. The company was formerly known as Chicago Mercantile Exchange Holdings Inc. and changed its name to CME Group Inc. in July 2007. CME Group Inc. was founded in 1898 and is headquartered in Chicago, Illinois.", "fullTimeEmployees": 3460, "companyOfficers": [{"maxAge": 1, "name": "Mr. Terrence A. Duffy", "age": 64, "title": "Chairman & CEO", "yearBorn": 1958, "fiscalYear": 2022, "totalPay": 10376716, "exercisedValue": 0, "unexercisedValue": 0}, {"maxAge": 1, "name": "Ms. Julie  Holzrichter", "age": 53, "title": "Sr. MD & COO", "yearBorn": 1969, "fiscalYear": 2022, "totalPay": 1645641, "exercisedValue": 0, "unexercisedValue": 0}, {"maxAge": 1, "name": "Mr. Sunil  Cutinho", "age": 50, "title": "Chief Information Officer", "yearBorn": 1972, "fiscalYear": 2022, "totalPay": 1640728, "exercisedValue": 0, "unexercisedValue": 0}, {"maxAge": 1, "name": "Mr. John William Pietrowicz CPA, M.B.A.", "age": 58, "title": "Special Advisor", "yearBorn": 1964, "fiscalYear": 2022, "totalPay": 1890973, "exercisedValue": 0, "unexercisedValue": 0}, {"maxAge": 1, "name": "Mr. Sean P. Tully", "age": 58, "title": "Sr. MD and Global Head of Rates & OTC Products", "yearBorn": 1964, "fiscalYear": 2022, "totalPay": 1644559, "exercisedValue": 0, "unexercisedValue": 0}, {"maxAge": 1, "name": "Ms. Lynne  Fitzpatrick", "age": 43, "title": "Chief Financial Officer", "yearBorn": 1979, "exercisedValue": 0, "unexercisedValue": 0}, {"maxAge": 1, "name": "Mr. Jack  Tobin", "age": 58, "title": "MD & Chief Accounting Officer", "yearBorn": 1964, "exercisedValue": 0, "unexercisedValue": 0}, {"maxAge": 1, "name": "Mr. John C. Peschier", "age": 54, "title": "Managing Director of Investor Relations", "yearBorn": 1968, "exercisedValue": 0, "unexercisedValue": 0}, {"maxAge": 1, "name": "Mr. Jonathan L. Marcus", "title": "Sr. MD & Gen. Counsel", "exercisedValue": 0, "unexercisedValue": 0}, {"maxAge": 1, "name": "Ms. Anita  Liskey", "age": 57, "title": "Sr. Managing Director of Corp. Marketing & Communications", "yearBorn": 1965, "exercisedValue": 0, "unexercisedValue": 0}], "auditRisk": 1, "boardRisk": 9, "compensationRisk": 10, "shareHolderRightsRisk": 10, "overallRisk": 10, "governanceEpochDate": "2023-04-30 20:00:00", "compensationAsOfEpochDate": "2022-12-30 19:00:00", "maxAge": 86400, "latitude": 41.88125398563278, "longitude": -87.63750698773075}