{"address1": "151 North Franklin Street", "address2": "Floor 9", "city": "Chicago", "state": "IL", "zip": "60606", "country": "United States", "phone": "312-822-5000", "website": "https://www.cna.com", "industry": "Insurance\u2014Property & Casualty", "industryDisp": "Insurance\u2014Property & Casualty", "sector": "Financial Services", "longBusinessSummary": "CNA Financial Corporation provides commercial property and casualty insurance products in the United States and internationally. It operates through Specialty, Commercial, International, Life & Group, and Corporate & Other segments. The company offers professional liability coverages and risk management services to various professional firms, including architects, real estate agents, and accounting and law firms; directors and officers, employment practices, fiduciary, and fidelity and cyber coverages to small and mid-size firms, public and privately held firms, and not-for-profit organizations; professional and general liability, as well as associated casualty coverages for healthcare industry; surety and fidelity bonds; and warranty and alternative risks products. It also provides property insurance products, such as standard and property, marine, boiler, and machinery coverages; casualty insurance products comprising workers' compensation, general and product liability, commercial auto, umbrella, and excess and surplus coverages; specialized loss-sensitive insurance programs and total risk management services; and run-off long term care policies. In addition, the company offers long-tail exposures comprising commercial automobile liability, general and medical professional liability, other professional and management liability, and assumed reinsurance run-off and products liability; and short-tail exposures, such as property, commercial automobile physical damage, marine, surety, and warranty. It markets its products through independent agents, brokers, and general underwriters to small, medium, and large businesses; insurance companies; associations; professionals; and other groups in the marine, oil and gas, construction, manufacturing, life science, property, financial services, healthcare, and technology industries. The company was founded in 1853 and is headquartered in Chicago, Illinois. CNA Financial Corporation is a subsidiary of Loews Corporation.", "fullTimeEmployees": 6100, "companyOfficers": [{"maxAge": 1, "name": "Mr. Dino Ennio Robusto", "age": 64, "title": "Chairman & CEO", "yearBorn": 1958, "fiscalYear": 2022, "totalPay": 9568397, "exercisedValue": 0, "unexercisedValue": 0}, {"maxAge": 1, "name": "Mr. Scott Robert Lindquist CPA", "age": 58, "title": "Exec. VP & CFO", "yearBorn": 1964, "fiscalYear": 2022, "totalPay": 4484922, "exercisedValue": 0, "unexercisedValue": 0}, {"maxAge": 1, "name": "Mr. Gerald Sidney Haase", "age": 46, "title": "Exec. VP & COO", "yearBorn": 1976, "fiscalYear": 2022, "totalPay": 2613854, "exercisedValue": 0, "unexercisedValue": 0}, {"maxAge": 1, "name": "Mr. Douglas Merle Worman B.A.", "age": 54, "title": "Exec. VP & Global Head of Underwriting", "yearBorn": 1968, "fiscalYear": 2022, "totalPay": 4881808, "exercisedValue": 0, "unexercisedValue": 0}, {"maxAge": 1, "name": "Mr. Daniel Paul Franzetti", "age": 55, "title": "Exec. VP of Worldwide Claims", "yearBorn": 1967, "fiscalYear": 2022, "totalPay": 2549071, "exercisedValue": 0, "unexercisedValue": 0}, {"maxAge": 1, "name": "Ms. Amy Caroline Adams B.B.A., CPA, M.B.A.", "title": "Sr. VP of Investments & Treasury", "exercisedValue": 0, "unexercisedValue": 0}, {"maxAge": 1, "name": "Ms. Amy Marie Smith", "age": 43, "title": "Chief Accounting Officer", "yearBorn": 1979, "exercisedValue": 0, "unexercisedValue": 0}, {"maxAge": 1, "name": "Ms. Jane Elizabeth Possell", "title": "Exec. VP & Chief Information Officer", "exercisedValue": 0, "unexercisedValue": 0}, {"maxAge": 1, "name": "Mr. Garrett Kyle Williams", "title": "Sr. VP & Chief Compliance Officer", "exercisedValue": 0, "unexercisedValue": 0}, {"maxAge": 1, "name": "Ms. Susan Ann Stone", "age": 60, "title": "Exec. VP & Gen. Counsel", "yearBorn": 1962, "exercisedValue": 0, "unexercisedValue": 0}], "auditRisk": 2, "boardRisk": 10, "compensationRisk": 4, "shareHolderRightsRisk": 4, "overallRisk": 6, "governanceEpochDate": "2023-04-30 20:00:00", "compensationAsOfEpochDate": "2022-12-30 19:00:00", "maxAge": 86400, "latitude": 41.884518828918964, "longitude": -87.63529520687827}