{"address1": "477 Madison Avenue", "city": "New York", "state": "NY", "zip": "10022", "country": "United States", "phone": "212 883 4330", "industry": "Shell Companies", "industryDisp": "Shell Companies", "sector": "Financial Services", "longBusinessSummary": "Concord Acquisition Corp III does not have significant operations. It intends to effect a merger, stock exchange, asset acquisition, share purchase, reorganization, or similar business combination with one or more businesses. Concord Acquisition Corp III was incorporated in 2021 and is based in New York, New York.", "companyOfficers": [{"maxAge": 1, "name": "Mr. Jeffrey M. Tuder", "age": 49, "title": "CEO & Director", "yearBorn": 1973, "exercisedValue": 0, "unexercisedValue": 0}, {"maxAge": 1, "name": "Ms. Michele J. Cito CPA, CPA", "age": 32, "title": "Chief Financial Officer", "yearBorn": 1990, "exercisedValue": 0, "unexercisedValue": 0}], "maxAge": 86400, "latitude": 40.75862424483458, "longitude": -73.9748515067505}