{"address1": "Tower G", "address2": "44th Floor No.16 Zhujiang Dong Road Tianhe District", "city": "Guangzhou", "zip": "510620", "country": "China", "phone": "86 20 6231 6688", "website": "https://www.cashchina.cn", "industry": "Mortgage Finance", "industryDisp": "Mortgage Finance", "sector": "Financial Services", "longBusinessSummary": "CNFinance Holdings Limited, through its subsidiaries, provides home equity loan services in the People's Republic of China. It offers micro credit loan services for micro and small-enterprise owners; and loan lending agency services for financial institutions. The company provides bridge loan products, which are unsecured short-term loans to pay off borrowers' existing loans secured by real property. It operates approximately 87 branches and sub-branches in China. The company was founded in 1999 and is headquartered in Guangzhou, the People's Republic of China.", "fullTimeEmployees": 930, "companyOfficers": [{"maxAge": 1, "name": "Mr. Zhai  Bin", "age": 51, "title": "Chairman & CEO", "yearBorn": 1971, "exercisedValue": 0, "unexercisedValue": 0}, {"maxAge": 1, "name": "Mr. Jun  Qian", "age": 47, "title": "VP & Director", "yearBorn": 1975, "exercisedValue": 0, "unexercisedValue": 0}, {"maxAge": 1, "name": "Ms. Jing  Li", "age": 41, "title": "Acting CFO, Assistant Pres and Head of Department of Fin. & Internal Control", "yearBorn": 1981, "exercisedValue": 0, "unexercisedValue": 0}, {"maxAge": 1, "name": "Mr. Christian  Arnell", "title": "Investor Relations Officer, Christensen IR", "exercisedValue": 0, "unexercisedValue": 0}], "maxAge": 86400, "latitude": 23.116670000000056, "longitude": 113.25000000000011}