{"address1": "3001 West Big Beaver Road", "address2": "Suite 200", "city": "Troy", "state": "MI", "zip": "48084", "country": "United States", "phone": "248 559 0840", "website": "https://www.cnfrh.com", "industry": "Insurance\u2014Property & Casualty", "industryDisp": "Insurance\u2014Property & Casualty", "sector": "Financial Services", "longBusinessSummary": "Conifer Holdings, Inc., an insurance holding company, engages in the sale of property and casualty insurance products. It offers insurance coverage in specialty commercial and personal product lines. The company underwrites various specialty insurance products, including property, general liability, liquor liability, automobile, and homeowners and dwelling policies. It serves the commercial insurance needs of owner-operated businesses in the markets, such as hospitality, which includes restaurants, bars, taverns, and bowling centers, as well as small grocery and convenience stores; artisan contractors comprising plumbers, painters, carpenters, electricians, and other independent contractors; and security service providers, including companies that provide security guard services, security alarm products and services, and private investigative services. The company also offers specialty homeowners insurance products, such as low- value dwelling insurance tailored for owners of lower valued homes in Illinois, Indiana, Louisiana, and Texas; and wholesale agency services comprising commercial and personal lines insurance products for its insurance company subsidiaries, as well as third party insurers. Conifer Holdings, Inc. markets and sells its insurance products through a network of approximately 4,900 independent agents in 50 states in the United States. The company was incorporated in 2009 and is headquartered in Troy, Michigan.", "fullTimeEmployees": 109, "companyOfficers": [{"maxAge": 1, "name": "Mr. James George Petcoff", "age": 66, "title": "Exec. Chairman & Co-CEO", "yearBorn": 1956, "fiscalYear": 2022, "totalPay": 612200, "exercisedValue": 0, "unexercisedValue": 0}, {"maxAge": 1, "name": "Mr. Nicholas James Petcoff", "age": 41, "title": "Co-CEO, Sec., & Director", "yearBorn": 1981, "fiscalYear": 2022, "totalPay": 437200, "exercisedValue": 0, "unexercisedValue": 0}, {"maxAge": 1, "name": "Mr. Brian Joseph Roney B.A., B.S., M.B.A.", "age": 57, "title": "Pres", "yearBorn": 1965, "fiscalYear": 2022, "totalPay": 437200, "exercisedValue": 0, "unexercisedValue": 0}, {"maxAge": 1, "name": "Mr. Harold James Meloche", "age": 60, "title": "Treasurer & CFO", "yearBorn": 1962, "exercisedValue": 0, "unexercisedValue": 0}, {"maxAge": 1, "name": "Ms. Jessica  Gulis", "title": "Head of Investor Relations", "exercisedValue": 0, "unexercisedValue": 0}, {"maxAge": 1, "name": "Mr. Richard Joseph Fiato", "title": "Corp. Counsel", "exercisedValue": 0, "unexercisedValue": 0}], "compensationAsOfEpochDate": "2022-12-30 19:00:00", "maxAge": 86400, "latitude": 42.55992998022583, "longitude": -83.18874398394895}