{"address1": "4640 Admiralty Way", "address2": "Suite 500", "city": "Marina del Rey", "state": "CA", "zip": "90292", "country": "United States", "phone": "310 496 5700", "industry": "Shell Companies", "industryDisp": "Shell Companies", "sector": "Financial Services", "longBusinessSummary": "Canna-Global Acquisition Corp does not have significant operations. It intends to acquire and engage in a share exchange, share reconstruction and amalgamation with, purchasing all or substantially all the assets of, entering into contractual arrangements with, or in any other similar business combination with one or more businesses or entities. It focuses on identify and acquiring a business in the cannabis industry. The company was incorporated in 2021 and is based in Marina Del Rey, California.", "companyOfficers": [{"maxAge": 1, "name": "Mr. J. Gerald Combs", "age": 72, "title": "CEO & Director", "yearBorn": 1950, "exercisedValue": 0, "unexercisedValue": 0}, {"maxAge": 1, "name": "Mr. Sharwin  Sinnan", "age": 38, "title": "CFO & Director", "yearBorn": 1984, "exercisedValue": 0, "unexercisedValue": 0}], "maxAge": 86400, "latitude": 33.98120805711473, "longitude": -118.44097380837096}