{"address1": "11825 North Pennsylvania Street", "city": "Carmel", "state": "IN", "zip": "46032", "country": "United States", "phone": "317 817 6100", "website": "https://www.cnoinc.com", "industry": "Insurance\u2014Life", "industryDisp": "Insurance\u2014Life", "sector": "Financial Services", "longBusinessSummary": "CNO Financial Group, Inc., through its subsidiaries, develops, markets, and administers health insurance, annuity, individual life insurance, insurance products, and financial services for senior and middle-income markets in the United States. It offers Medicare supplement, supplemental health, and long-term care insurance policies; life insurance; and annuities, as well as Medicare advantage plans to individuals through phone, online, mail, and face-to-face. The company also focuses on worksite and group sales for businesses, associations, and other membership groups by interacting with customers at their place of employment. In addition, it provides fixed index annuities; fixed interest annuities, including fixed rate single and flexible premium deferred annuities; single premium immediate annuities; supplemental health products, such as specified disease, accident, and hospital indemnity products; and long-term care plans primarily to retirees and older self-employed individuals in the middle-income market. Further, the company offers universal life and other interest-sensitive life products; and traditional life policies that include whole life, graded benefit life, term life, and single premium whole life products, as well as graded benefit life insurance products. CNO Financial Group, Inc. markets its products under the Bankers Life, Washington National, and Colonial Penn brand names. The company was founded in 1979 and is headquartered in Carmel, Indiana.", "fullTimeEmployees": 3400, "companyOfficers": [{"maxAge": 1, "name": "Mr. Gary Chandru Bhojwani", "age": 54, "title": "CEO & Director", "yearBorn": 1968, "fiscalYear": 2022, "totalPay": 3237175, "exercisedValue": 0, "unexercisedValue": 963110}, {"maxAge": 1, "name": "Mr. Paul Harrington McDonough", "age": 57, "title": "CFO & Exec. VP", "yearBorn": 1965, "fiscalYear": 2022, "totalPay": 1474050, "exercisedValue": 0, "unexercisedValue": 201930}, {"maxAge": 1, "name": "Mr. Eric Ronald Johnson", "age": 62, "title": "Chief Investment Officer", "yearBorn": 1960, "fiscalYear": 2022, "totalPay": 1399256, "exercisedValue": 0, "unexercisedValue": 957295}, {"maxAge": 1, "name": "Mr. Scott Louis Goldberg CPA", "age": 52, "title": "Pres of Consumer Division", "yearBorn": 1970, "fiscalYear": 2022, "totalPay": 1421534, "exercisedValue": 0, "unexercisedValue": 500071}, {"maxAge": 1, "name": "Ms. Jeanne L. Linnenbringer", "age": 59, "title": "Chief Operations Officer", "yearBorn": 1963, "exercisedValue": 0, "unexercisedValue": 0}, {"maxAge": 1, "name": "Mr. John Robert Kline CPA", "age": 65, "title": "Sr. VP & Chief Accounting Officer", "yearBorn": 1957, "fiscalYear": 2005, "exercisedValue": 0, "unexercisedValue": 0}, {"maxAge": 1, "name": "Mr. Michael E. Mead", "age": 55, "title": "Chief Information Officer", "yearBorn": 1967, "exercisedValue": 0, "unexercisedValue": 0}, {"maxAge": 1, "name": "Mr. Doug  Williams", "title": "VP of Fin. & Admin.", "exercisedValue": 0, "unexercisedValue": 0}, {"maxAge": 1, "name": "Ms. Jennifer  Childe", "title": "VP of Investor Relations", "exercisedValue": 0, "unexercisedValue": 0}, {"maxAge": 1, "name": "Mr. Matthew Joseph Zimpfer", "age": 55, "title": "Exec. VP & Gen. Counsel", "yearBorn": 1967, "fiscalYear": 2021, "exercisedValue": 0, "unexercisedValue": 0}], "auditRisk": 3, "boardRisk": 2, "compensationRisk": 1, "shareHolderRightsRisk": 1, "overallRisk": 1, "governanceEpochDate": "2023-04-30 20:00:00", "compensationAsOfEpochDate": "2022-12-30 19:00:00", "maxAge": 86400, "latitude": 39.96280298100916, "longitude": -86.15402797523608}