{"address1": "301 Sylvan Avenue", "city": "Englewood Cliffs", "state": "NJ", "zip": "07632", "country": "United States", "phone": "201 816 8900", "website": "https://www.connectonebank.com", "industry": "Banks\u2014Regional", "industryDisp": "Banks\u2014Regional", "sector": "Financial Services", "longBusinessSummary": "ConnectOne Bancorp, Inc. operates as the bank holding company for ConnectOne Bank that provides commercial banking products and services for small and mid-sized businesses, local professionals, and individuals in the New York Metropolitan area and South Florida market. The company offers personal and business checking, money market, and time and savings accounts; credit cards, wire transfers, safe deposit boxes, automated teller services and telephone, and internet and mobile banking. It also provides retirement accounts, consumers and cash management services for business clients, including treasury direct, automated clearing house, remote deposit capture, and digital invoicing. In addition, the company offers consumer and commercial business loans, including lines of credit, commercial and residential mortgages, home equity and bridge loans, and other personal loans; commercial loans secured by collateral, such as business assets comprising accounts receivable, inventory and equipment, and mortgages filed on commercial and residential real estate, as well as cash balances and marketable securities. Further, it provides real estate loans, which includes loans secured by first liens on completed commercial properties, including multi-family properties, to purchase or refinance properties; residential mortgages, such as loans secured by first liens on 1-4 family and condominium; and cooperative residential real estate loans. The company was formerly known as Center Bancorp, Inc. and changed its name to ConnectOne Bancorp, Inc. in July 2014. ConnectOne Bancorp, Inc. was incorporated in 1982 and is headquartered in Englewood Cliffs, New Jersey.", "fullTimeEmployees": 507, "companyOfficers": [{"maxAge": 1, "name": "Mr. Frank S. Sorrentino III", "age": 60, "title": "Chairman, Pres & CEO", "yearBorn": 1962, "fiscalYear": 2022, "totalPay": 2083294, "exercisedValue": 0, "unexercisedValue": 0}, {"maxAge": 1, "name": "Mr. William S. Burns", "age": 62, "title": "Sr. EVP & CFO", "yearBorn": 1960, "fiscalYear": 2022, "totalPay": 913294, "exercisedValue": 0, "unexercisedValue": 0}, {"maxAge": 1, "name": "Mr. Christopher J. Ewing", "age": 62, "title": "Exec. VP & COO", "yearBorn": 1960, "fiscalYear": 2022, "totalPay": 687919, "exercisedValue": 0, "unexercisedValue": 0}, {"maxAge": 1, "name": "Mr. Michael  O'Malley", "title": "Exec. VP & Chief Risk Officer", "fiscalYear": 2022, "totalPay": 550260, "exercisedValue": 0, "unexercisedValue": 0}, {"maxAge": 1, "name": "Ms. Elizabeth  Magennis", "age": 52, "title": "Pres of ConnectOne Bank", "yearBorn": 1970, "fiscalYear": 2022, "totalPay": 976182, "exercisedValue": 0, "unexercisedValue": 0}, {"maxAge": 1, "name": "Ms. Laura  Criscione", "age": 53, "title": "Exec. VP, Corp. Sec. & Chief Compliance Officer", "yearBorn": 1969, "fiscalYear": 2021, "exercisedValue": 0, "unexercisedValue": 0}, {"maxAge": 1, "name": "Ms. Siya  Vansia", "title": "VP of Marketing", "exercisedValue": 0, "unexercisedValue": 0}, {"maxAge": 1, "name": "Mr. Michael  Rozman", "title": "Pres of BoeFly Division", "exercisedValue": 0, "unexercisedValue": 0}, {"maxAge": 1, "name": "Mr. Joseph T. Javitz", "age": 64, "title": "First Sr. VP & Chief Credit Officer", "yearBorn": 1958, "exercisedValue": 0, "unexercisedValue": 0}], "auditRisk": 4, "boardRisk": 6, "compensationRisk": 1, "shareHolderRightsRisk": 1, "overallRisk": 2, "governanceEpochDate": "2023-04-30 20:00:00", "compensationAsOfEpochDate": "2022-12-30 19:00:00", "maxAge": 86400, "latitude": 40.87251398287364, "longitude": -73.95294297204956}