{"address1": "280 Park Avenue", "address2": "10th Floor", "city": "New York", "state": "NY", "zip": "10017", "country": "United States", "phone": "800 330 7348", "website": "https://www.cohenandsteers.com", "industry": "Asset Management", "industryDisp": "Asset Management", "sector": "Financial Services", "longBusinessSummary": "Cohen & Steers, Inc. is a publicly owned asset management holding company. Through its subsidiaries, the firm provides its services to institutional investors, including pension funds, endowments, and foundations. It manages separate client-focused equity, fixed income, multi-asset, and commodity portfolios through its subsidiaries. The firm launches and manages equity, fixed income, balanced, and multi-asset mutual funds through its subsidiaries. Through its subsidiaries, it also launches and manages hedge funds. The firm invests in public equity, fixed income, and commodity markets across the globe through its subsidiaries. Through its subsidiaries, it invests in companies operating in the real estate sector, including real estate investment trusts, infrastructure sector, and natural energy resources sector for its equity and fixed income investments. The firm also invests in preferred securities for its fixed income investments through its subsidiaries. The firm is a leading global investment manager specializing in real assets and alternative income, including real estate, preferred securities, infrastructure, resource equities, commodities, as well as multi-strategy solutions. Cohen & Steers, Inc. was founded in 1986 and is based in New York, with additional offices in London, United Kingdom; Central, Hong Kong, Dublin, Singapore and Tokyo, Japan.", "fullTimeEmployees": 388, "companyOfficers": [{"maxAge": 1, "name": "Mr. Robert Hamilton Steers", "age": 69, "title": "Exec. Chairman", "yearBorn": 1953, "fiscalYear": 2022, "totalPay": 1218192, "exercisedValue": 0, "unexercisedValue": 0}, {"maxAge": 1, "name": "Mr. Joseph Martin Harvey", "age": 58, "title": "Pres, CEO & Director", "yearBorn": 1964, "fiscalYear": 2022, "totalPay": 2072795, "exercisedValue": 0, "unexercisedValue": 0}, {"maxAge": 1, "name": "Mr. Matthew Scott Stadler CPA, CPA", "age": 67, "title": "Exec. VP & CFO", "yearBorn": 1955, "fiscalYear": 2022, "totalPay": 1668720, "exercisedValue": 0, "unexercisedValue": 0}, {"maxAge": 1, "name": "Mr. Adam M. Derechin C.F.A., CFA", "age": 57, "title": "Exec. VP & COO", "yearBorn": 1965, "fiscalYear": 2022, "totalPay": 1261481, "exercisedValue": 0, "unexercisedValue": 0}, {"maxAge": 1, "name": "Mr. John Y. Cheigh", "age": 49, "title": "Exec. VP, Chief Investment Officer & Head of Global Real Estate", "yearBorn": 1973, "fiscalYear": 2022, "totalPay": 3890113, "exercisedValue": 0, "unexercisedValue": 0}, {"maxAge": 1, "name": "Mr. Daniel P. Charles", "age": 55, "title": "Exec. VP & Head of Global Distribution", "yearBorn": 1967, "fiscalYear": 2022, "totalPay": 1823642, "exercisedValue": 0, "unexercisedValue": 0}, {"maxAge": 1, "name": "Ms. Elena  Dulik", "age": 56, "title": "Chief Accounting Officer & Sr. VP", "yearBorn": 1966, "exercisedValue": 0, "unexercisedValue": 0}, {"maxAge": 1, "name": "Mr. Francis Casimir Poli Esq.", "age": 59, "title": "Exec. VP, Gen. Counsel & Corp. Sec.", "yearBorn": 1963, "fiscalYear": 2016, "exercisedValue": 0, "unexercisedValue": 0}, {"maxAge": 1, "name": "Mr. Paul  Zettl", "title": "Exec. VP, Head of Global Marketing & Chief Marketing Officer", "exercisedValue": 0, "unexercisedValue": 0}, {"maxAge": 1, "name": "Ms. Alicia E. Dee", "age": 47, "title": "EVP & Chief HR Officer", "yearBorn": 1975, "exercisedValue": 0, "unexercisedValue": 0}], "auditRisk": 6, "boardRisk": 7, "compensationRisk": 5, "shareHolderRightsRisk": 1, "overallRisk": 4, "governanceEpochDate": "2023-04-30 20:00:00", "compensationAsOfEpochDate": "2022-12-30 19:00:00", "maxAge": 86400, "latitude": 40.75636607630008, "longitude": -73.97494714426573}