{"address1": "1680 Capital One Drive", "city": "McLean", "state": "VA", "zip": "22102", "country": "United States", "phone": "703 720 1000", "website": "https://www.capitalone.com", "industry": "Credit Services", "industryDisp": "Credit Services", "sector": "Financial Services", "longBusinessSummary": "Capital One Financial Corporation operates as the financial services holding company for the Capital One Bank (USA), National Association; and Capital One, National Association, which provides various financial products and services in the United States, Canada, and the United Kingdom. It operates through three segments: Credit Card, Consumer Banking, and Commercial Banking. The company accepts checking accounts, money market deposits, negotiable order of withdrawals, savings deposits, and time deposits. Its loan products include credit card loans; auto and retail banking loans; and commercial and multifamily real estate, and commercial and industrial loans. The company also offers credit and debit card products; online direct banking services; and treasury management and depository services. It serves consumers, small businesses, and commercial clients through digital channels, branches, caf\u00e9s, and other distribution channels located in New York, Louisiana, Texas, Maryland, Virginia, New Jersey, and California. Capital One Financial Corporation was founded in 1988 and is headquartered in McLean, Virginia.", "fullTimeEmployees": 56100, "companyOfficers": [{"maxAge": 1, "name": "Mr. Richard D. Fairbank", "age": 71, "title": "Founder, Chairman, CEO & Pres", "yearBorn": 1951, "fiscalYear": 2022, "totalPay": 4350909, "exercisedValue": 16850788, "unexercisedValue": 8147642}, {"maxAge": 1, "name": "Mr. Andrew M. Young", "age": 47, "title": "Chief Financial Officer", "yearBorn": 1975, "fiscalYear": 2022, "totalPay": 2787378, "exercisedValue": 0, "unexercisedValue": 0}, {"maxAge": 1, "name": "Mr. Sanjiv  Yajnik", "age": 65, "title": "Pres of Financial Services", "yearBorn": 1957, "fiscalYear": 2022, "totalPay": 3675620, "exercisedValue": 0, "unexercisedValue": 0}, {"maxAge": 1, "name": "Mr. Frank G. LaPrade III, J.D.", "age": 55, "title": "Chief Enterprise Services Officer & Chief of Staff to the CEO", "yearBorn": 1967, "fiscalYear": 2022, "totalPay": 3826180, "exercisedValue": 0, "unexercisedValue": 185062}, {"maxAge": 1, "name": "Mr. Neal A. Blinde", "age": 49, "title": "Pres of Commercial Banking", "yearBorn": 1973, "fiscalYear": 2022, "totalPay": 5003078, "exercisedValue": 0, "unexercisedValue": 0}, {"maxAge": 1, "name": "Mr. Robert M. Alexander", "age": 57, "title": "Chief Information Officer", "yearBorn": 1965, "exercisedValue": 0, "unexercisedValue": 0}, {"maxAge": 1, "name": "Mr. Danielle  Dietz", "title": "Managing VP of Investor Relations", "exercisedValue": 0, "unexercisedValue": 0}, {"maxAge": 1, "name": "Mr. Matthew W. Cooper", "age": 50, "title": "Gen. Counsel, Corp. Sec. & Head of Environmental, Social and Governance", "yearBorn": 1972, "exercisedValue": 0, "unexercisedValue": 0}, {"maxAge": 1, "name": "Ms. Tatiana  Stead", "title": "Director of Corp. Communications", "exercisedValue": 0, "unexercisedValue": 0}, {"maxAge": 1, "name": "Ms. Kaitlin Burek Haggerty", "age": 38, "title": "Chief HR Officer", "yearBorn": 1984, "exercisedValue": 0, "unexercisedValue": 0}], "auditRisk": 6, "boardRisk": 7, "compensationRisk": 6, "shareHolderRightsRisk": 6, "overallRisk": 7, "governanceEpochDate": "2023-04-30 20:00:00", "compensationAsOfEpochDate": "2022-12-30 19:00:00", "maxAge": 86400, "latitude": 38.92411158835708, "longitude": -77.2131230203496}