{"address1": "109 East Division Street", "city": "Sparta", "state": "MI", "zip": "49345-0186", "country": "United States", "phone": "616 887 7366", "website": "https://www.choiceone.com", "industry": "Banks\u2014Regional", "industryDisp": "Banks\u2014Regional", "sector": "Financial Services", "longBusinessSummary": "ChoiceOne Financial Services, Inc. operates as the bank holding company for ChoiceOne Bank that provides banking services to corporations, partnerships, and individuals in Michigan. The company offers various deposit products, including time, savings, and demand deposits, safe deposit, and automated transaction machine services. It also provides commercial lending products, such as business, industry, agricultural, construction, inventory, and real estate loans; and consumer loans comprising direct and indirect loans to consumers and purchasers of residential and real properties. In addition, the company offers alternative investment products, which include annuities and mutual funds; and sells insurance policies, such as life and health for commercial and consumer clients. Further, it provides trust and wealth management services. ChoiceOne Financial Services, Inc. was founded in 1898 and is headquartered in Sparta, Michigan.", "fullTimeEmployees": 376, "companyOfficers": [{"maxAge": 1, "name": "Mr. Kelly J. Potes CFP", "age": 60, "title": "CEO & Director", "yearBorn": 1962, "fiscalYear": 2022, "totalPay": 555006, "exercisedValue": 0, "unexercisedValue": 10500}, {"maxAge": 1, "name": "Mr. Michael J. Burke Jr.", "age": 51, "title": "Pres & Director", "yearBorn": 1971, "fiscalYear": 2022, "totalPay": 438061, "exercisedValue": 0, "unexercisedValue": 0}, {"maxAge": 1, "name": "Mr. Bradley A. Henion", "age": 52, "title": "Exec. VP & Chief Lending Officer of ChoiceOne Bank", "yearBorn": 1970, "fiscalYear": 2022, "totalPay": 287390, "exercisedValue": 0, "unexercisedValue": 22050}, {"maxAge": 1, "name": "Mr. Adom J. Greenland", "age": 41, "title": "CFO, Sr. VP, Sec. & Treasurer", "yearBorn": 1981, "fiscalYear": 2020, "exercisedValue": 0, "unexercisedValue": 0}, {"maxAge": 1, "name": "Ms. Shelly M. Childers", "age": 59, "title": "Sr. VP & Chief Information Officer", "yearBorn": 1963, "exercisedValue": 0, "unexercisedValue": 0}, {"maxAge": 1, "name": "Mr. Lee A. Braford", "age": 61, "title": "Sr. VP & Chief Credit Officer of ChoiceOne Bank", "yearBorn": 1961, "fiscalYear": 2016, "exercisedValue": 0, "unexercisedValue": 0}, {"maxAge": 1, "name": "Mr. Peter  Batistoni", "age": 56, "title": "Sr. VP & Sr. Lender of ChoiceOne Bank", "yearBorn": 1966, "exercisedValue": 0, "unexercisedValue": 0}, {"maxAge": 1, "name": "Ms. Heather D. Brolick", "age": 62, "title": "Sr. VP of HR of ChoiceOne Bank", "yearBorn": 1960, "exercisedValue": 0, "unexercisedValue": 0}], "auditRisk": 8, "boardRisk": 4, "compensationRisk": 5, "shareHolderRightsRisk": 5, "overallRisk": 5, "governanceEpochDate": "2023-04-30 20:00:00", "compensationAsOfEpochDate": "2022-12-30 19:00:00", "maxAge": 86400, "latitude": 43.161127014626345, "longitude": -85.70744101223882}