{"address1": "Cira Center", "address2": "Suite 1703 2929 Arch Street", "city": "Philadelphia", "state": "PA", "zip": "19104", "country": "United States", "phone": "215 701 9555", "website": "https://www.cohenandcompany.com", "industry": "Capital Markets", "industryDisp": "Capital Markets", "sector": "Financial Services", "longBusinessSummary": "Cohen & Company Inc. is a publicly owned investment manager. The firm primarily provides its services to individuals and institutions. It manages separate client-focused fixed income portfolios. Institutional Financial Markets, Inc. also manages funds and collateralized debt obligations for its clients. It invests in the fixed income and alternative investment markets across the globe. The firm's fixed income investments include U.S. trust preferred securities, European hybrid capital securities, Asian commercial real estate debt, mortgage backed securities, and asset backed securities. The firm was formerly known as Institutional Financial Markets, Inc. Cohen & Company Inc. was founded in 1999 and is based in Philadelphia, Pennsylvania with additional offices in New York City; Boca Raton, Florida; Chicago, Illinois; Bethesda, Maryland; Boston, Massachusetts; Paris, France; and London, United Kingdom.", "fullTimeEmployees": 121, "companyOfficers": [{"maxAge": 1, "name": "Mr. Daniel Gideon Cohen", "age": 53, "title": "Exec. Chairman", "yearBorn": 1969, "fiscalYear": 2022, "totalPay": 2800390, "exercisedValue": 0, "unexercisedValue": 0}, {"maxAge": 1, "name": "Mr. Lester Raymond Brafman", "age": 60, "title": "Chief Exec. Officer", "yearBorn": 1962, "fiscalYear": 2022, "totalPay": 2798665, "exercisedValue": 0, "unexercisedValue": 0}, {"maxAge": 1, "name": "Mr. Joseph William Pooler Jr.", "age": 57, "title": "Exec. VP, CFO & Treasurer", "yearBorn": 1965, "fiscalYear": 2022, "totalPay": 1136660, "exercisedValue": 0, "unexercisedValue": 0}, {"maxAge": 1, "name": "Mr. Douglas  Listman B.S., CPA", "age": 51, "title": "Chief Accounting Officer & Assistant Treasurer", "yearBorn": 1971, "exercisedValue": 0, "unexercisedValue": 0}, {"maxAge": 1, "name": "Mr. Dennis James Crilly J.D.", "title": "Gen. Counsel & Sec.", "exercisedValue": 0, "unexercisedValue": 0}, {"maxAge": 1, "name": "Mr. John Miles Butler", "age": 46, "title": "Managing Director of U.S. Insurance Strategy", "yearBorn": 1976, "exercisedValue": 0, "unexercisedValue": 0}, {"maxAge": 1, "name": "Mr. Andrew Kenneth Davilman", "title": "Chief Operating Officer of Asset Management", "exercisedValue": 0, "unexercisedValue": 0}, {"maxAge": 1, "name": "Mr. Solomon  Cohen", "title": "Portfolio Mang.", "exercisedValue": 0, "unexercisedValue": 0}], "compensationAsOfEpochDate": "2022-12-30 19:00:00", "maxAge": 86400, "latitude": 39.95733000000007, "longitude": -75.18245999999994}