{"address1": "1301 A Street", "address2": "Suite 800 P.O. Box 2156", "city": "Tacoma", "state": "WA", "zip": "98402-4200", "country": "United States", "phone": "253 305 1900", "website": "https://www.columbiabankingsystem.com", "industry": "Banks\u2014Regional", "industryDisp": "Banks\u2014Regional", "sector": "Financial Services", "longBusinessSummary": "Columbia Banking System, Inc. operates as the holding company of Umpqua Bank that provides commercial and retail banking services. The company offers deposit products, including interest-bearing checking, savings, money market, and certificate of deposit accounts. It also provides home mortgages for purchases and refinances, home equity loans and lines of credit, and other personal loans; and agricultural loans, asset-based loans, builder and other commercial real estate loans, and loans guaranteed by the SBA, as well as offer a suite of business edge loans designed for small businesses to expand, purchase equipment, or in need of working capital. In addition, the company offers debit and credit cards, foreign currency, treasury management, merchant card services, international banking, private banking, trust and investment, and other financial services. It operates in Arizona, California, Colorado, Idaho, Nevada, Oregon, Utah, and Washington states. The company serves high net worth individuals and families, select non-profits, and professional services firms. The company was founded in 1953 and is headquartered in Tacoma, Washington.", "fullTimeEmployees": 3500, "companyOfficers": [{"maxAge": 1, "name": "Mr. Cort Lane O'Haver", "age": 59, "title": "Exec. Chairman", "yearBorn": 1963, "fiscalYear": 2022, "totalPay": 2314245, "exercisedValue": 0, "unexercisedValue": 0}, {"maxAge": 1, "name": "Mr. Ronald L. Farnsworth Jr., CPA, CPA", "age": 51, "title": "Exec. VP & CFO", "yearBorn": 1971, "fiscalYear": 2022, "totalPay": 1009800, "exercisedValue": 0, "unexercisedValue": 0}, {"maxAge": 1, "name": "Mr. David F. Shotwell", "age": 63, "title": "Exec. VP & Chief Risk Officer", "yearBorn": 1959, "fiscalYear": 2022, "totalPay": 708448, "exercisedValue": 0, "unexercisedValue": 0}, {"maxAge": 1, "name": "Mr. Torran B. Nixon", "age": 60, "title": "Sr. Exec. VP", "yearBorn": 1962, "fiscalYear": 2022, "totalPay": 1446800, "exercisedValue": 0, "unexercisedValue": 0}, {"maxAge": 1, "name": "Mr. Clint E. Stein", "age": 50, "title": "Pres, CEO & Director", "yearBorn": 1972, "exercisedValue": 0, "unexercisedValue": 0}, {"maxAge": 1, "name": "Ms. Lisa  White", "age": 39, "title": "Principal Accounting Officer & Corp. Controller", "yearBorn": 1983, "exercisedValue": 0, "unexercisedValue": 0}, {"maxAge": 1, "name": "Mr. Drew K. Anderson CPA", "age": 36, "title": "Chief Admin. Officer", "yearBorn": 1986, "exercisedValue": 0, "unexercisedValue": 0}, {"maxAge": 1, "name": "Ms. Jacquelynne  Bohlen C.F.A.", "title": "Head of Investor Relations", "exercisedValue": 0, "unexercisedValue": 0}, {"maxAge": 1, "name": "Ms. Kumi Yamamoto Baruffi", "age": 51, "title": "Exec. VP, Gen. Counsel & Corp. Sec.", "yearBorn": 1971, "exercisedValue": 0, "unexercisedValue": 0}, {"maxAge": 1, "name": "Mr. David Moore Devine", "age": 43, "title": "Exec. VP & Chief Marketing Officer", "yearBorn": 1979, "exercisedValue": 0, "unexercisedValue": 0}], "auditRisk": 2, "boardRisk": 6, "compensationRisk": 9, "shareHolderRightsRisk": 2, "overallRisk": 5, "governanceEpochDate": "2023-04-30 20:00:00", "compensationAsOfEpochDate": "2022-12-30 19:00:00", "maxAge": 86400, "latitude": 47.251374981017506, "longitude": -122.43624997438688}