{"address1": "5701 South Santa Fe Drive", "city": "Littleton", "state": "CO", "zip": "80120", "country": "United States", "phone": "303 472 1542", "industry": "Shell Companies", "industryDisp": "Shell Companies", "sector": "Financial Services", "longBusinessSummary": "CONX Corp. does not have significant operations. The company focuses on effecting a merger, capital stock exchange, asset acquisition, stock purchase, reorganization, or similar business combination with one or more businesses or assets. It intends to focus its search on identifying a prospective target operating in the technology, media, and telecommunications industries, including wireless communications industry. The company was incorporated in 2020 and is based in Littleton, Colorado.", "companyOfficers": [{"maxAge": 1, "name": "Mr. Charles William Ergen", "age": 69, "title": "Founder & Chairman", "yearBorn": 1953, "exercisedValue": 0, "unexercisedValue": 0}, {"maxAge": 1, "name": "Mr. Kyle Jason Kiser", "age": 56, "title": "CEO, Sec. & Director", "yearBorn": 1966, "exercisedValue": 0, "unexercisedValue": 0}], "maxAge": 86400, "latitude": 39.612275101063915, "longitude": -105.02288284014114}