{"address1": "251 Lytton Avenue", "address2": "Suite 200", "city": "Palo Alto", "state": "CA", "zip": "94301", "country": "United States", "phone": "(650) 543-8180", "industry": "Shell Companies", "industryDisp": "Shell Companies", "sector": "Financial Services", "longBusinessSummary": "Corner Growth Acquisition Corp. does not have significant operations. It focuses on effecting a merger, share exchange, asset acquisition, share purchase, reorganization, or similar business combination with one or more businesses. The company was incorporated in 2020 and is based in Palo Alto, California.", "companyOfficers": [{"maxAge": 1, "name": "Mr. Marvin  Tien", "age": 47, "title": "Co-Chairman & CEO", "yearBorn": 1975, "exercisedValue": 0, "unexercisedValue": 0}, {"maxAge": 1, "name": "Ms. Jane Batzofin Mathieu", "age": 46, "title": "Pres", "yearBorn": 1976, "exercisedValue": 0, "unexercisedValue": 0}, {"maxAge": 1, "name": "Mr. Jerome J. Letter CPA", "age": 47, "title": "CFO & COO", "yearBorn": 1975, "exercisedValue": 0, "unexercisedValue": 0}, {"maxAge": 1, "name": "Mr. David  Kutcher", "age": 39, "title": "Chief Investment Officer", "yearBorn": 1983, "exercisedValue": 0, "unexercisedValue": 0}, {"maxAge": 1, "name": "Mr. Kevin  Tanaka", "age": 31, "title": "Director of Corp. Devel.", "yearBorn": 1991, "exercisedValue": 0, "unexercisedValue": 0}], "maxAge": 86400, "latitude": 37.44658200882682, "longitude": -122.1633870071561}