{"address1": "8950 Cypress Waters Boulevard", "city": "Coppell", "state": "TX", "zip": "75019", "country": "United States", "phone": "469 549 2000", "website": "https://www.mrcoopergroup.com", "industry": "Mortgage Finance", "industryDisp": "Mortgage Finance", "sector": "Financial Services", "longBusinessSummary": "Mr. Cooper Group Inc. engages in non-banking services for mortgage loans the United States. The company operates through two segments: Servicing and Originations. The Servicing segment performs activities for underlying mortgages, including collecting and disbursing borrower payments, investor reporting, customer service, and modifying loans. The Originations segment originates residential mortgage loans through its direct-to-consumer channel, as well as originates and purchases loans from mortgage bankers. It operates primarily under the Mr. Cooper and Xome brands. The company was formerly known as WMIH Corp. and changed its name to Mr. Cooper Group Inc. in October 2018. Mr. Cooper Group Inc. was incorporated in 2015 and is based in Coppell, Texas.", "fullTimeEmployees": 6600, "companyOfficers": [{"maxAge": 1, "name": "Mr. Jesse K. Bray", "age": 55, "title": "Chairman & CEO", "yearBorn": 1967, "fiscalYear": 2022, "totalPay": 3512200, "exercisedValue": 0, "unexercisedValue": 0}, {"maxAge": 1, "name": "Mr. Christopher G. Marshall", "age": 62, "title": "Vice Chairman & Pres", "yearBorn": 1960, "fiscalYear": 2022, "totalPay": 2262056, "exercisedValue": 0, "unexercisedValue": 0}, {"maxAge": 1, "name": "Mr. Kurt G. Johnson", "age": 51, "title": "Exec. VP & CFO", "yearBorn": 1971, "fiscalYear": 2022, "totalPay": 873777, "exercisedValue": 0, "unexercisedValue": 0}, {"maxAge": 1, "name": "Mr. Michael R. Rawls", "age": 52, "title": "Exec. VP & CEO of Xome", "yearBorn": 1970, "fiscalYear": 2022, "totalPay": 1218362, "exercisedValue": 0, "unexercisedValue": 0}, {"maxAge": 1, "name": "Mr. Jaime  Gow", "title": "Strategic Advisor", "fiscalYear": 2022, "totalPay": 772200, "exercisedValue": 0, "unexercisedValue": 0}, {"maxAge": 1, "name": "Mr. Sridhar  Sharma", "title": "Exec. VP & Chief Information Officer", "exercisedValue": 0, "unexercisedValue": 0}, {"maxAge": 1, "name": "Ms. Kelly Ann Doherty", "title": "Exec. VP & Chief Admin. Officer", "exercisedValue": 0, "unexercisedValue": 0}, {"maxAge": 1, "name": "Mr. Kenneth A. Posner", "age": 59, "title": "Sr. VP of Strategic Planning & Investor Relations", "yearBorn": 1963, "exercisedValue": 0, "unexercisedValue": 0}, {"maxAge": 1, "name": "Mr. Carlos M. Pelayo", "title": "Exec. VP & Chief Legal Officer", "exercisedValue": 0, "unexercisedValue": 0}, {"maxAge": 1, "name": "Ms. Christine  Paxton", "title": "Exec. VP and Chief Risk & Compliance Officer", "exercisedValue": 0, "unexercisedValue": 0}], "auditRisk": 4, "boardRisk": 5, "compensationRisk": 3, "shareHolderRightsRisk": 1, "overallRisk": 2, "governanceEpochDate": "2023-04-30 20:00:00", "compensationAsOfEpochDate": "2022-12-30 19:00:00", "maxAge": 86400, "latitude": 32.92791401638087, "longitude": -96.98782801487847}