{"address1": "717 5th Avenue", "address2": "24th Floor", "city": "New York", "state": "NY", "zip": "10022", "country": "United States", "phone": "(212) 224-9400", "website": "https://corsair-capital.com", "industry": "Shell Companies", "industryDisp": "Shell Companies", "sector": "Financial Services", "longBusinessSummary": "Corsair Partnering Corporation does not have significant operations. The company focuses on effecting a merger, share exchange, asset acquisition, share purchase, reorganization, or similar partnering transaction with one or more businesses. Corsair Partnering Corporation was incorporated in 2020 and is based in New York, New York.", "companyOfficers": [{"maxAge": 1, "name": "Mr. Dharma Teja-Ignacio Jayanti B.A., M.A.", "age": 54, "title": "CEO & Chairman", "yearBorn": 1968, "exercisedValue": 0, "unexercisedValue": 0}, {"maxAge": 1, "name": "Mr. Jeremy S. Schein", "title": "Pres, CFO & Director", "exercisedValue": 0, "unexercisedValue": 0}], "maxAge": 86400, "latitude": 40.76201832888742, "longitude": -73.97440709824413}