{"address1": "999 Vanderbilt Beach Road", "address2": "Suite 601", "city": "Naples", "state": "FL", "zip": "34108", "country": "United States", "phone": "212-429-2211", "website": "https://www.conyers-park.com", "industry": "Shell Companies", "industryDisp": "Shell Companies", "sector": "Financial Services", "longBusinessSummary": "Conyers Park III Acquisition Corp. does not have significant operations. The company intends to effect a merger, capital stock exchange, asset acquisition, stock purchase, reorganization, or similar business combination with one or more businesses. It intends to focus on the consumer sector and consumer-related businesses. The company was incorporated in 2021 and is based in Naples, Florida.", "companyOfficers": [{"maxAge": 1, "name": "Mr. David J. West", "age": 59, "title": "Chairman & CEO", "yearBorn": 1963, "exercisedValue": 0, "unexercisedValue": 0}, {"maxAge": 1, "name": "Mr. Brian K. Ratzan", "age": 51, "title": "CFO & Director", "yearBorn": 1971, "exercisedValue": 0, "unexercisedValue": 0}, {"maxAge": 1, "name": "Mr. Max  Papkov", "age": 35, "title": "VP of Strategy & Director", "yearBorn": 1987, "exercisedValue": 0, "unexercisedValue": 0}], "maxAge": 86400, "latitude": 26.2511849898152, "longitude": -81.7993230008517}