{"address1": "220 South King Street", "city": "Honolulu", "state": "HI", "zip": "96813", "country": "United States", "phone": "808 544 0500", "website": "https://www.cpb.bank", "industry": "Banks\u2014Regional", "industryDisp": "Banks\u2014Regional", "sector": "Financial Services", "longBusinessSummary": "Central Pacific Financial Corp. operates as the bank holding company for Central Pacific Bank that provides a range of commercial banking products and services to businesses, professionals, and individuals in the United States. It offers various deposit products and services, including checking, savings and time deposits, cash management and digital banking, trust, and retail brokerage services, as well as money market accounts and certificates of deposit. The company also provides various lending activities, such as commercial, commercial and residential mortgage, home equity, and consumer loans; and other products and services comprising debit cards, internet and mobile banking, cash management services, full-service ATMs, safe deposit boxes, international banking services, night depository facilities, foreign exchange, and wire transfers. In addition, it offers wealth management products and services that include non-deposit investment products, annuities, insurance, investment management, asset custody and general consultation, and planning services. Central Pacific Financial Corp. was founded in 1954 and is headquartered in Honolulu, Hawaii.", "fullTimeEmployees": 735, "companyOfficers": [{"maxAge": 1, "name": "Mr. Arnold D. Martines", "age": 57, "title": "Pres, CEO & Director", "yearBorn": 1965, "fiscalYear": 2022, "totalPay": 1087382, "exercisedValue": 0, "unexercisedValue": 0}, {"maxAge": 1, "name": "Mr. David S. Morimoto", "age": 54, "title": "Sr. Exec. VP & CFO", "yearBorn": 1968, "fiscalYear": 2022, "totalPay": 927031, "exercisedValue": 0, "unexercisedValue": 0}, {"maxAge": 1, "name": "Mr. Kisan  Jo", "age": 43, "title": "Exec. VP of Retail Markets & Operations", "yearBorn": 1979, "exercisedValue": 0, "unexercisedValue": 0}, {"maxAge": 1, "name": "Mr. Lee Yasuo Moriwaki", "age": 63, "title": "Exec. VP & Chief Information Officer", "yearBorn": 1959, "fiscalYear": 2015, "exercisedValue": 0, "unexercisedValue": 0}, {"maxAge": 1, "name": "Mr. Glenn K. C. Ching", "age": 63, "title": "Exec. VP, Corp. Sec., Chief Legal Officer & Risk Mgt. Division Mang.", "yearBorn": 1959, "fiscalYear": 2016, "exercisedValue": 0, "unexercisedValue": 0}, {"maxAge": 1, "name": "Mr. Denis K. Isono", "age": 71, "title": "Exec. VP of Corp. Services", "yearBorn": 1951, "fiscalYear": 2015, "exercisedValue": 0, "unexercisedValue": 0}, {"maxAge": 1, "name": "Ms. Anna M. Hu", "age": 48, "title": "Exec. VP & Chief Credit Officer", "yearBorn": 1974, "exercisedValue": 0, "unexercisedValue": 0}, {"maxAge": 1, "name": "Mr. David H. Hudson", "title": "Exec. VP of Retail Markets & Community Banking Division Mang.", "exercisedValue": 0, "unexercisedValue": 0}, {"maxAge": 1, "name": "Ms. Diane W. B. Murakami", "age": 53, "title": "Exec. VP of Commercial Markets", "yearBorn": 1969, "exercisedValue": 0, "unexercisedValue": 0}, {"maxAge": 1, "name": "Mr. Ian  Tanaka", "title": "Sr. VP & Treasurer", "exercisedValue": 0, "unexercisedValue": 0}], "auditRisk": 1, "boardRisk": 4, "compensationRisk": 6, "shareHolderRightsRisk": 4, "overallRisk": 4, "governanceEpochDate": "2023-04-30 20:00:00", "compensationAsOfEpochDate": "2022-12-30 19:00:00", "maxAge": 86400, "latitude": 21.307631997069166, "longitude": -157.86046398703962}