{"address1": "P.O. Box 57071", "city": "Irvine", "state": "CA", "zip": "92619", "country": "United States", "phone": "888 469 4520", "website": "https://www.consumerportfolio.com", "industry": "Credit Services", "industryDisp": "Credit Services", "sector": "Financial Services", "longBusinessSummary": "Consumer Portfolio Services, Inc. operates as a specialty finance company in the United States. It is involved in the purchase and service of retail automobile contracts originated by franchised automobile dealers and select independent dealers in the sale of new and used automobiles, light trucks, and passenger vans. The company, through its automobile contract purchases, offers indirect financing to the customers of dealers with limited credit histories or past credit problems. It serves as an alternative source of financing for dealers, facilitating sales to customers who are not able to obtain financing from commercial banks, credit unions, and the captive finance companies. The company also acquires installment purchase contracts in merger and acquisition transactions; purchases immaterial amounts of vehicle purchase money loans from non-affiliated lenders. It services its automobile contracts through its branches in California, Nevada, Virginia, Florida, and Illinois. The company was incorporated in 1991 and is headquartered in Irvine, California.", "fullTimeEmployees": 792, "companyOfficers": [{"maxAge": 1, "name": "Mr. Charles E. Bradley Jr.", "age": 62, "title": "CEO & Chairman", "yearBorn": 1960, "fiscalYear": 2022, "totalPay": 4975351, "exercisedValue": 0, "unexercisedValue": 6966402}, {"maxAge": 1, "name": "Mr. Michael T. Lavin", "age": 49, "title": "Pres, COO & Chief Legal Officer", "yearBorn": 1973, "fiscalYear": 2022, "totalPay": 986351, "exercisedValue": 0, "unexercisedValue": 2499000}, {"maxAge": 1, "name": "Mr. Denesh  Bharwani", "age": 54, "title": "CFO & Exec. VP of Accounting", "yearBorn": 1968, "fiscalYear": 2022, "totalPay": 1317351, "exercisedValue": 0, "unexercisedValue": 1802050}, {"maxAge": 1, "name": "Ms. Teri L. Robinson", "age": 59, "title": "Exec. VP of Sales & Originations", "yearBorn": 1963, "fiscalYear": 2022, "totalPay": 769351, "exercisedValue": 0, "unexercisedValue": 1639700}, {"maxAge": 1, "name": "Ms. Laurie A. Straten", "age": 53, "title": "Exec. VP of Servicing", "yearBorn": 1969, "fiscalYear": 2022, "totalPay": 729351, "exercisedValue": 0, "unexercisedValue": 1596450}, {"maxAge": 1, "name": "Mr. Brian J. Rayhill", "age": 59, "title": "Sec. & Independent Director", "yearBorn": 1963, "fiscalYear": 2022, "totalPay": 107200, "exercisedValue": 0, "unexercisedValue": 0}, {"maxAge": 1, "name": "Ms. Catrina  Ralston", "title": "Sr. VP of HR", "exercisedValue": 0, "unexercisedValue": 0}, {"maxAge": 1, "name": "Mr. Christopher  Terry", "age": 54, "title": "Exec. VP of Systems, Risk & IT", "yearBorn": 1968, "fiscalYear": 2008, "exercisedValue": 0, "unexercisedValue": 0}, {"maxAge": 1, "name": "Mr. John Patrick Harton", "age": 57, "title": "Sr. VP of Program Devel.", "yearBorn": 1965, "exercisedValue": 0, "unexercisedValue": 0}, {"maxAge": 1, "name": "Mr. Steve  Schween", "title": "Sr. VP of Information Systems", "exercisedValue": 0, "unexercisedValue": 0}], "auditRisk": 9, "boardRisk": 9, "compensationRisk": 7, "shareHolderRightsRisk": 1, "overallRisk": 6, "governanceEpochDate": "2023-04-30 20:00:00", "compensationAsOfEpochDate": "2022-12-30 19:00:00", "maxAge": 86400, "latitude": 33.66765000000004, "longitude": -117.76799999999997}