{"address1": "667 Madison Avenue", "address2": "12th Floor", "city": "New York", "state": "NY", "zip": "10065", "country": "United States", "phone": "212 563 6400", "website": "https://www.crownproptech.com", "industry": "Shell Companies", "industryDisp": "Shell Companies", "sector": "Financial Services", "longBusinessSummary": "Crown Proptech Acquisitions does not have significant operations. It intends to effect a merger, share exchange, asset acquisition, share purchase, reorganization, or similar business combination with one or more businesses. The company was incorporated in 2020 and is based in New York, New York.", "companyOfficers": [{"maxAge": 1, "name": "Mr. Michael  Minnick", "age": 55, "title": "Co-Chief Exec. Officer", "yearBorn": 1967, "exercisedValue": 0, "unexercisedValue": 0}, {"maxAge": 1, "name": "Mr. Gavin M. Cuneo", "age": 45, "title": "Co-Chief Exec. Officer", "yearBorn": 1977, "exercisedValue": 0, "unexercisedValue": 0}], "maxAge": 86400, "latitude": 40.76462166419469, "longitude": -73.97023936452821}