{"address1": "1100 North Market Street", "address2": "4th Floor", "city": "Wilmington", "state": "DE", "zip": "19890", "country": "United States", "phone": "212-829-3500", "website": "https://www.compute-health.com", "industry": "Shell Companies", "industryDisp": "Shell Companies", "sector": "Financial Services", "longBusinessSummary": "Compute Health Acquisition Corp. does not have significant operations. The company intends to effect a merger, capital stock exchange, asset acquisition, stock purchase, reorganization, or similar business combination with one or more businesses. The company was incorporated in 2020 and is based in Wilmington, Delaware.", "companyOfficers": [{"maxAge": 1, "name": "Mr. Joshua Aaron Fink", "age": 43, "title": "Co-CEO & Director", "yearBorn": 1979, "exercisedValue": 0, "unexercisedValue": 0}, {"maxAge": 1, "name": "Dr. Jean  Nehme", "age": 37, "title": "Co-Chief Exec. Officer", "yearBorn": 1985, "exercisedValue": 0, "unexercisedValue": 0}], "maxAge": 86400, "latitude": 39.746732017838724, "longitude": -75.54643203296997}