{"address1": "2919 Allen Parkway", "address2": "Woodson Tower", "city": "Houston", "state": "TX", "zip": "77019", "country": "United States", "phone": "877 375 2422", "website": "https://www.corebridgefinancial.com", "industry": "Asset Management", "industryDisp": "Asset Management", "sector": "Financial Services", "longBusinessSummary": "Corebridge Financial, Inc. provides retirement solutions and insurance products in the United States. It operates through Individual Retirement, Group Retirement, Life Insurance, and Institutional Markets segments. The Individual Retirement segment provides fixed annuities, fixed index annuities, variable annuities and retail mutual funds. The Group Retirement segment offers record-keeping services, plan administration and compliance services, and financial planning and advisory solutions to employer-defined contribution plans and their participants, as well as proprietary and non-proprietary annuities, advisory services, and brokerage products. The Life Insurance segment offers term life and universal life insurance in the United States, as well as issues individual life, whole life, and group life insurance in the United Kingdom; and distributes medical insurance in Ireland. The Institutional Markets segment provides stable value wraps, structured settlement and pension risk transfer annuities, corporate and bank owned life insurance, private placement variable universal life and annuities products, and guaranteed investment contracts. The company was formerly known as SAFG Retirement Services, Inc. The company was incorporated in 1998 and is headquartered in Houston, Texas. Corebridge Financial, Inc. operates as a subsidiary of American International Group, Inc.", "companyOfficers": [{"maxAge": 1, "name": "Mr. Kevin Timothy Hogan", "age": 60, "title": "Pres, CEO & Director", "yearBorn": 1962, "fiscalYear": 2022, "totalPay": 3740420, "exercisedValue": 0, "unexercisedValue": 0}, {"maxAge": 1, "name": "Mr. Elias Farid Habayeb", "age": 49, "title": "Exec. VP & CFO", "yearBorn": 1973, "fiscalYear": 2022, "totalPay": 2567723, "exercisedValue": 0, "unexercisedValue": 0}, {"maxAge": 1, "name": "Mr. Todd Paul Solash", "age": 46, "title": "Exec. VP and Pres of Individual Retirement & Life Insurance", "yearBorn": 1976, "fiscalYear": 2022, "totalPay": 3748023, "exercisedValue": 471883, "unexercisedValue": 0}, {"maxAge": 1, "name": "Ms. Terri Nowak Fiedler", "age": 58, "title": "Exec. VP & Pres of Retirement Services", "yearBorn": 1964, "fiscalYear": 2022, "totalPay": 1667525, "exercisedValue": 0, "unexercisedValue": 0}, {"maxAge": 1, "name": "Ms. Mia  Tarpey", "age": 49, "title": "EVP & COO", "yearBorn": 1973, "exercisedValue": 0, "unexercisedValue": 0}, {"maxAge": 1, "name": "Ms. Lisa  Longino", "age": 55, "title": "Chief Investment Officer", "yearBorn": 1967, "exercisedValue": 0, "unexercisedValue": 0}, {"maxAge": 1, "name": "Mr. David  Ditillo", "age": 45, "title": "Chief Information Officer & Exec. VP", "yearBorn": 1977, "exercisedValue": 0, "unexercisedValue": 0}, {"maxAge": 1, "name": "Josh  Smith", "title": "Head of Investor Relations", "exercisedValue": 0, "unexercisedValue": 0}, {"maxAge": 1, "name": "Ms. Christine Ann Nixon Esq.", "age": 57, "title": "Gen. Counsel & Exec. VP", "yearBorn": 1965, "exercisedValue": 0, "unexercisedValue": 0}, {"maxAge": 1, "name": "Ms. Elizabeth  Palmer", "age": 58, "title": "Chief Marketing Officer & Exec. VP", "yearBorn": 1964, "exercisedValue": 0, "unexercisedValue": 0}], "compensationAsOfEpochDate": "2022-12-30 19:00:00", "maxAge": 86400, "latitude": 29.759934986829734, "longitude": -95.39671899536472}