{"address1": "Rua An\u00edbal de Mendon\u00e7a, 27", "address2": "2nd Floor", "city": "Rio De Janeiro", "state": "RJ", "zip": "22410-050", "country": "Brazil", "phone": "55 21 3687 1500", "website": "https://cresceraspac.com", "industry": "Shell Companies", "industryDisp": "Shell Companies", "sector": "Financial Services", "longBusinessSummary": "Crescera Capital Acquisition Corp. does not have significant operations. The company focuses on effecting a merger, share exchange, asset acquisition, share purchase, reorganization, or similar combination with one or more businesses in technology, healthcare, education services, consumer, and retail sectors in Latin America. Crescera Capital Acquisition Corp. was incorporated in 2021 and is based in Rio de Janeiro, Brazil.", "companyOfficers": [{"maxAge": 1, "name": "Mr. Felipe Samuel Argalji", "age": 34, "title": "Chief Exec. Officer", "yearBorn": 1988, "exercisedValue": 0, "unexercisedValue": 0}, {"maxAge": 1, "name": "Mr. Rafael Moreira Pereira", "age": 39, "title": "Chief Financial Officer", "yearBorn": 1983, "exercisedValue": 0, "unexercisedValue": 0}], "maxAge": 86400, "latitude": -22.98533001587974, "longitude": -43.21154001318456}