{"address1": "5128 Apache Plume Road", "address2": "Suite 400", "city": "Fort Worth", "state": "TX", "zip": "76109", "country": "United States", "phone": "817 390 1416", "website": "https://www.corvel.com", "industry": "Insurance Brokers", "industryDisp": "Insurance Brokers", "sector": "Financial Services", "longBusinessSummary": "CorVel Corporation provides workers' compensation, auto, liability, and health solutions for employers, third party administrators, insurance companies, and government agencies to assist them in managing the medical costs and monitoring the quality of care associated with healthcare claims. It applies technology, including artificial intelligence, machine learning, and natural language processing to enhance the managing of episodes of care and the related health care costs. The company offers network solutions services, including automated medical fee auditing, preferred provider management and reimbursement services, retrospective utilization review, facility claim review, professional review, pharmacy services, directed care services, Medicare solutions, clearinghouse services, independent medical examinations, and inpatient medical bill review. It also provides a range of patient management services, such as claims management, case management, 24/7 nurse triage, utilization management, vocational rehabilitation, and life care planning, as well as processing of claims for self-insured payors with respect to property and casualty insurance. The company was incorporated in 1987 and is headquartered in Fort Worth, Texas.", "fullTimeEmployees": 4233, "companyOfficers": [{"maxAge": 1, "name": "Mr. Michael G. Combs", "age": 58, "title": "Pres & CEO", "yearBorn": 1964, "fiscalYear": 2022, "totalPay": 1110805, "exercisedValue": 3084738, "unexercisedValue": 2039018}, {"maxAge": 1, "name": "Mr. Brandon T. O'Brien", "age": 42, "title": "Chief Financial Officer", "yearBorn": 1980, "fiscalYear": 2022, "totalPay": 353832, "exercisedValue": 169519, "unexercisedValue": 983096}, {"maxAge": 1, "name": "Ms. Jennifer L. Yoss", "age": 44, "title": "VP of Accounting", "yearBorn": 1978, "fiscalYear": 2022, "totalPay": 238113, "exercisedValue": 0, "unexercisedValue": 496105}, {"maxAge": 1, "name": "Mr. Maxim  Shishin", "age": 47, "title": "Chief Information Officer", "yearBorn": 1975, "fiscalYear": 2022, "totalPay": 407181, "exercisedValue": 0, "unexercisedValue": 2669345}, {"maxAge": 1, "name": "Mr. Victor Gordon Clemons Sr.", "age": 78, "title": "Exec. Chairman", "yearBorn": 1944, "fiscalYear": 2021, "exercisedValue": 0, "unexercisedValue": 0}, {"maxAge": 1, "name": "Ms. Stefani P. Wendel", "title": "Investor Relation", "exercisedValue": 0, "unexercisedValue": 0}, {"maxAge": 1, "name": "Sharon F. O'Connor", "title": "VP of Legal & HR", "exercisedValue": 0, "unexercisedValue": 0}, {"maxAge": 1, "name": "Mr. Richard J. Schweppe", "age": 67, "title": "Sec.", "yearBorn": 1955, "fiscalYear": 2018, "exercisedValue": 0, "unexercisedValue": 0}], "auditRisk": 7, "boardRisk": 4, "compensationRisk": 5, "shareHolderRightsRisk": 1, "overallRisk": 3, "governanceEpochDate": "2023-04-30 20:00:00", "compensationAsOfEpochDate": "2022-12-30 19:00:00", "maxAge": 86400, "latitude": 32.709167004893146, "longitude": -97.39702699584748}