{"address1": "Paradeplatz 8", "city": "Zurich", "zip": "8001", "country": "Switzerland", "phone": "41 44 333 11 11", "website": "https://www.credit-suisse.com", "industry": "Banks\u2014Diversified", "industryDisp": "Banks\u2014Diversified", "sector": "Financial Services", "longBusinessSummary": "Credit Suisse Group AG, together with its subsidiaries, provides various financial services in Switzerland, Europe, the Middle East, Africa, the Americas, and Asia Pacific. The company offers wealth management solutions, including investment advice and discretionary asset management services; risk management solutions, such as managed investment products; and wealth and succession planning. It also provides financing and lending solutions, including consumer credit and real estate mortgage lending, real asset lending relating to ship, and aviation financing for UHNWI; standard and structured hedging, and lombard lending solutions, as well as collateral trading services; and investment banking solutions, such as global securities sales, trading and execution, capital raising, and advisory services. In addition, the company offers banking solutions, such as payments, accounts, debit and credit cards, product bundles, and mortgages; asset management products; equity and debt capital markets, and advisory services; cash equities, equity derivatives, and convertibles, as well as prime services and fixed income products, such as credit, securitized, macro, emerging markets, financing, structured credit, and other products. Further, it provides HOLT, a framework for assessing the performance of approximately 20,000 companies; and equity and fixed income research services. The company serves private and institutional clients; ultra-high-net-worth individuals, high-net-worth individuals, and affluent and retail clients; corporate clients, small and medium-sized enterprises, external asset managers, financial institutions, and commodity traders; and pension funds, hedge funds, governments, foundations and endowments, corporations, entrepreneurs, private individuals, and financial sponsors. Credit Suisse Group AG was founded in 1856 and is based in Zurich, Switzerland.", "fullTimeEmployees": 48150, "companyOfficers": [{"maxAge": 1, "name": "Dr. Ulrich  Korner", "age": 60, "title": "Group CEO & Member of the Exec. Board", "yearBorn": 1962, "fiscalYear": 2022, "totalPay": 2782275, "exercisedValue": 0, "unexercisedValue": 0}, {"maxAge": 1, "name": "Mr. Michael S. Klein", "age": 58, "title": "CEO of Banking & CEO of the Americas", "yearBorn": 1964, "fiscalYear": 2022, "totalPay": 227641, "exercisedValue": 0, "unexercisedValue": 0}, {"maxAge": 1, "name": "Mr. Dixit  Joshi", "age": 51, "title": "CFO & Member of Management Board", "yearBorn": 1971, "exercisedValue": 0, "unexercisedValue": 0}, {"maxAge": 1, "name": "Dr. Cheng Tee Low", "age": 54, "title": "CEO of Region Asia Pacific, Co-Head of Investment Bank APAC & Member of Exec. Board", "yearBorn": 1968, "exercisedValue": 0, "unexercisedValue": 0}, {"maxAge": 1, "name": "Mr. Francesco Alexander De Ferrari", "age": 53, "title": "CEO of Wealth Management Division, CEO of EMEA Region & Member of Exec. Board", "yearBorn": 1969, "exercisedValue": 0, "unexercisedValue": 0}, {"maxAge": 1, "name": "Mr. Andre  Helfenstein", "age": 55, "title": "CEO of Swiss Universal Bank, CEO of Switzerland Region & Member of Exec. Board", "yearBorn": 1967, "exercisedValue": 0, "unexercisedValue": 0}, {"maxAge": 1, "name": "Ms. Christine  Graeff", "age": 49, "title": "Global Head of People & Member of Exec. Board", "yearBorn": 1973, "exercisedValue": 0, "unexercisedValue": 0}, {"maxAge": 1, "name": "Mr. David Daniel Wildermuth", "age": 58, "title": "Chief Risk Officer & Member of the Exec. Board", "yearBorn": 1964, "exercisedValue": 0, "unexercisedValue": 0}, {"maxAge": 1, "name": "Ms. Joanne  Hannaford", "age": 52, "title": "Chief Technology & Operations Officer and Member of the Exec. Board", "yearBorn": 1970, "exercisedValue": 0, "unexercisedValue": 0}, {"maxAge": 1, "name": "Mr. Markus U. Diethelm", "age": 65, "title": "Group Gen. Counsel & Member of Exec. Board", "yearBorn": 1957, "exercisedValue": 0, "unexercisedValue": 0}], "auditRisk": 10, "boardRisk": 3, "compensationRisk": 1, "shareHolderRightsRisk": 10, "overallRisk": 4, "governanceEpochDate": "2023-04-30 20:00:00", "compensationAsOfEpochDate": "2022-12-30 19:00:00", "maxAge": 86400, "latitude": 47.37016653985259, "longitude": 8.538499003526994}