{"address1": "2400 East Commercial Boulevard", "address2": "Suite 900", "city": "Fort Lauderdale", "state": "FL", "zip": "33308", "country": "United States", "phone": "954 315 9380", "website": "https://www.cimspac.com", "industry": "Shell Companies", "industryDisp": "Shell Companies", "sector": "Financial Services", "longBusinessSummary": "Consilium Acquisition Corp I, Ltd. does not have significant operations. The company focuses on effecting a merger, share exchange, asset acquisition, share purchase, reorganization, or similar business combination with one or more businesses or entities. It intends to focus on companies operating in the technology, digital media, e-commerce, financial technology, or digital services sectors. The company was incorporated in 2021 and is based in Fort Lauderdale, Florida.", "companyOfficers": [{"maxAge": 1, "name": "Mr. Charles Theodore Cassel III, CFA", "age": 58, "title": "CEO, CFO & Director", "yearBorn": 1964, "exercisedValue": 0, "unexercisedValue": 0}, {"maxAge": 1, "name": "Mr. Faisal  Ghori", "age": 39, "title": "Chief Operating Officer", "yearBorn": 1983, "exercisedValue": 0, "unexercisedValue": 0}], "maxAge": 86400, "latitude": 26.188402020460188, "longitude": -80.11478995909671}