{"address1": "200 Park Avenue", "address2": "32nd Floor", "city": "New York", "state": "NY", "zip": "33139", "country": "United States", "phone": "(646) 585-8975", "website": "https://constellationacquisition.com", "industry": "Shell Companies", "industryDisp": "Shell Companies", "sector": "Financial Services", "longBusinessSummary": "Constellation Acquisition Corp I does not have significant operations. It intends to effect a merger, share exchange, asset acquisition, share purchase, reorganization, or similar business combination with one or more businesses. The company was incorporated in 2020 and is based in New York, New York.", "companyOfficers": [{"maxAge": 1, "name": "Mr. Chandravaden Kumar Ramanbhai Patel", "age": 56, "title": "CEO & Chairman", "yearBorn": 1966, "exercisedValue": 0, "unexercisedValue": 0}, {"maxAge": 1, "name": "Mr. Richard Charles Davis", "age": 55, "title": "Pres & Director", "yearBorn": 1967, "exercisedValue": 0, "unexercisedValue": 0}, {"maxAge": 1, "name": "Mr. Jarett S. Goldman", "age": 35, "title": "Chief Financial Officer", "yearBorn": 1987, "exercisedValue": 0, "unexercisedValue": 0}, {"maxAge": 1, "name": "Dr. Graeme B. Shaw", "age": 50, "title": "Chief Technology Officer", "yearBorn": 1972, "exercisedValue": 0, "unexercisedValue": 0}], "maxAge": 86400, "latitude": 40.75397362967672, "longitude": -73.97640190738086}