{"address1": "1201 Demonbreun Street", "address2": "Suite 700", "city": "Nashville", "state": "TN", "zip": "37203", "country": "United States", "phone": "615 732 6400", "website": "https://www.capstarbank.com", "industry": "Banks\u2014Regional", "industryDisp": "Banks\u2014Regional", "sector": "Financial Services", "longBusinessSummary": "CapStar Financial Holdings, Inc. operates as the bank holding company for CapStar Bank that provides banking services to consumer and corporate customers located primarily in Tennessee, the United States. It offers noninterest-bearing demand deposits, interest-bearing transaction accounts, money market accounts, savings accounts, and time deposits; and mortgage banking products, as well as wealth management and treasury management services. The company also provides commercial and consumer real estate, construction and land development, commercial and industrial, consumer, PPP, and other loans, as well as business term loans, home equity loans, and equipment financing and lines of credit to small and medium sized businesses. In addition, it offers telephone and online banking, and mobile banking services, as well as debit and credit cards. CapStar Financial Holdings, Inc. was founded in 2007 and is headquartered in Nashville, Tennessee.", "fullTimeEmployees": 401, "companyOfficers": [{"maxAge": 1, "name": "Mr. Timothy K. Schools", "age": 52, "title": "Pres, CEO & Director", "yearBorn": 1970, "fiscalYear": 2022, "totalPay": 533700, "exercisedValue": 0, "unexercisedValue": 47001}, {"maxAge": 1, "name": "Mr. Michael J. Fowler", "age": 64, "title": "Exec. VP & CFO", "yearBorn": 1958, "fiscalYear": 2022, "totalPay": 276188, "exercisedValue": 0, "unexercisedValue": 0}, {"maxAge": 1, "name": "Ms. Jennie L. O'Bryan", "age": 56, "title": "Chief Admin. Officer", "yearBorn": 1966, "fiscalYear": 2022, "totalPay": 213622, "exercisedValue": 0, "unexercisedValue": 0}, {"maxAge": 1, "name": "Mr. Christopher G. Tietz", "age": 59, "title": "Chief Credit Policy Officer & Exec. VP of Specialty Banking", "yearBorn": 1963, "fiscalYear": 2022, "totalPay": 323700, "exercisedValue": 0, "unexercisedValue": 0}, {"maxAge": 1, "name": "Mr. Kenneth E. Webb", "age": 68, "title": "Interim Exec. VP of Bank Operations", "yearBorn": 1954, "fiscalYear": 2022, "totalPay": 251337, "exercisedValue": 0, "unexercisedValue": 0}, {"maxAge": 1, "name": "Mr. Jeffrey L. Moody", "title": "Principal Accounting Officer & Controller", "exercisedValue": 0, "unexercisedValue": 0}, {"maxAge": 1, "name": "Mr. Greg  Lindsay", "title": "Sr. VP & Commercial Relationship Mang.", "exercisedValue": 0, "unexercisedValue": 0}, {"maxAge": 1, "name": "Mr. Kevin L. Lambert", "title": "Chief Credit Officer", "exercisedValue": 0, "unexercisedValue": 0}, {"maxAge": 1, "name": "Ms. Alison Lee Jefferson", "age": 34, "title": "Interim Controller & Principal Accounting Officer", "yearBorn": 1988, "exercisedValue": 0, "unexercisedValue": 0}, {"maxAge": 1, "name": "Ms. Amy C. Goodin", "title": "Chief Risk Officer & Corp. Sec.", "exercisedValue": 0, "unexercisedValue": 0}], "auditRisk": 9, "boardRisk": 2, "compensationRisk": 1, "shareHolderRightsRisk": 5, "overallRisk": 3, "governanceEpochDate": "2023-04-30 20:00:00", "compensationAsOfEpochDate": "2022-12-30 19:00:00", "maxAge": 86400, "latitude": 36.15405000101498, "longitude": -86.78659797030808}