{"address1": "346 North Mayo Trail", "address2": "PO Box 2947", "city": "Pikeville", "state": "KY", "zip": "41502", "country": "United States", "phone": "606 432 1414", "website": "https://www.ctbi.com", "industry": "Banks\u2014Regional", "industryDisp": "Banks\u2014Regional", "sector": "Financial Services", "longBusinessSummary": "Community Trust Bancorp, Inc. operates as the bank holding company for Community Trust Bank, Inc. that provides commercial and personal banking services to small and mid-sized communities. The company accepts time and demand deposits, checking accounts, savings accounts and savings certificates, individual retirement accounts and Keogh plans, and money market accounts. Its loan portfolio includes commercial, construction, mortgage, and personal loans; lease-financing, lines of credit, revolving lines of credit, and term loans, as well as other specialized loans, including asset-based financing; residential and commercial real estate loans; and consumer loans. The company also provides cash management, renting safe deposit boxes, and funds transfer services; issues letters of credit; and acts as a trustee of personal trusts, executor of estates, trustee for employee benefit trusts, and paying agent for bond and stock issues, as well as an investment agent and depositor for securities. In addition, it offers securities brokerage, and trust and wealth management services; debit cards; annuity and life insurance products; and repurchase agreements, as well as mobile, internet banking, and e-statement services. Community Trust Bancorp, Inc. was founded in 1903 and is headquartered in Pikeville, Kentucky.", "fullTimeEmployees": 945, "companyOfficers": [{"maxAge": 1, "name": "Mr. Mark A. Gooch CTB", "age": 63, "title": "CEO, Vice Chairman & Pres", "yearBorn": 1959, "fiscalYear": 2022, "totalPay": 1493124, "exercisedValue": 0, "unexercisedValue": 0}, {"maxAge": 1, "name": "Mr. Kevin J. Stumbo CPA", "age": 62, "title": "Exec. VP, CFO & Treasurer", "yearBorn": 1960, "fiscalYear": 2022, "totalPay": 663674, "exercisedValue": 0, "unexercisedValue": 0}, {"maxAge": 1, "name": "Mr. James B. Draughn", "age": 62, "title": "Exec. VP", "yearBorn": 1960, "fiscalYear": 2022, "totalPay": 651077, "exercisedValue": 0, "unexercisedValue": 0}, {"maxAge": 1, "name": "Mr. Richard W. Newsom", "age": 67, "title": "Exec. VP", "yearBorn": 1955, "fiscalYear": 2022, "totalPay": 666396, "exercisedValue": 0, "unexercisedValue": 0}, {"maxAge": 1, "name": "Mr. Ricky D. Sparkman", "age": 59, "title": "Exec. VP", "yearBorn": 1963, "fiscalYear": 2022, "totalPay": 593554, "exercisedValue": 0, "unexercisedValue": 0}, {"maxAge": 1, "name": "Mr. Charles Wayne Hancock II", "age": 47, "title": "Sec., Exec. VP & Corp. Counsel", "yearBorn": 1975, "exercisedValue": 0, "unexercisedValue": 0}, {"maxAge": 1, "name": "Mr. James J. Gartner", "age": 80, "title": "Exec. VP", "yearBorn": 1942, "exercisedValue": 0, "unexercisedValue": 0}, {"maxAge": 1, "name": "Mr. Steven E. Jameson", "age": 65, "title": "Exec. VP and Chief Internal Audit & Risk Officer", "yearBorn": 1957, "exercisedValue": 0, "unexercisedValue": 0}, {"maxAge": 1, "name": "Mr. David Andrew Jones", "age": 59, "title": "Exec. VP", "yearBorn": 1963, "exercisedValue": 0, "unexercisedValue": 0}, {"maxAge": 1, "name": "Mr. Andy D. Waters", "age": 56, "title": "Exec. VP", "yearBorn": 1966, "exercisedValue": 0, "unexercisedValue": 0}], "auditRisk": 2, "boardRisk": 3, "compensationRisk": 4, "shareHolderRightsRisk": 5, "overallRisk": 3, "governanceEpochDate": "2023-04-30 20:00:00", "compensationAsOfEpochDate": "2022-12-30 19:00:00", "maxAge": 86400, "latitude": 37.48596423216021, "longitude": -82.54329945595023}