{"address1": "701 Reading Avenue", "city": "West Reading", "state": "PA", "zip": "19611", "country": "United States", "phone": "610 933 2000", "website": "https://www.customersbank.com", "industry": "Banks\u2014Regional", "industryDisp": "Banks\u2014Regional", "sector": "Financial Services", "longBusinessSummary": "Customers Bancorp, Inc. operates as the bank holding company for Customers Bank that provides financial products and services to individual consumers, and small and middle market businesses. The company provides deposit banking products, which includes commercial and consumer checking, non-interest-bearing and interest-bearing demand, MMDA, savings, and time deposit accounts. Its lending business offers commercial and industrial, commercial real estate, and multifamily and residential mortgage loans; SBA lending and financing; specialty lending includes fund finance, real estate specialty finance, technology and venture, healthcare and financial institutions group finance; commercial loans to mortgage companies, and commercial equipment financing; and fund finance, which includes secured and variable rate financing, private equity funds, and cash management services. In addition, the company provides digital banking including Banking-as-a-Service to fintech companies, payments and treasury services to businesses, and consumer loans through fintech companies and the TassatPay, an blockchain-based instant B2B payments platform which offers instant payments including over-the-counter desks, exchanges, liquidity providers, market makers, funds, and other B2B verticals. Further, it offers mobile phone and internet banking, wire transfers, electronic bill payment, lock box, remote deposit capture, courier, merchant processing, cash vault, controlled disbursements, positive pay, and cash management services, such as account reconciliation, collections, and sweep accounts. The company was incorporated in 2010 and is headquartered in West Reading, Pennsylvania.", "fullTimeEmployees": 665, "companyOfficers": [{"maxAge": 1, "name": "Mr. Jay S. Sidhu", "age": 70, "title": "Founder, Chairman & CEO", "yearBorn": 1952, "fiscalYear": 2022, "totalPay": 764754, "exercisedValue": 0, "unexercisedValue": 2168000}, {"maxAge": 1, "name": "Mr. Samvir S. Sidhu", "title": "Pres & Vice Chairman", "fiscalYear": 2022, "totalPay": 885833, "exercisedValue": 0, "unexercisedValue": 0}, {"maxAge": 1, "name": "Ms. Carla A. Leibold", "age": 55, "title": "Exec. VP & CFO", "yearBorn": 1967, "fiscalYear": 2022, "totalPay": 542457, "exercisedValue": 0, "unexercisedValue": 0}, {"maxAge": 1, "name": "Mr. Andrew Hertz Bowman", "age": 56, "title": "Sr. EVP, Chief Credit Officer", "yearBorn": 1966, "fiscalYear": 2022, "totalPay": 566884, "exercisedValue": 0, "unexercisedValue": 15085}, {"maxAge": 1, "name": "Mr. Lyle P. Cunningham", "age": 58, "title": "Exec. VP & Chief Lending Officer", "yearBorn": 1964, "fiscalYear": 2022, "totalPay": 658775, "exercisedValue": 0, "unexercisedValue": 46414}, {"maxAge": 1, "name": "Mr. Jessie John Deano Velasquez", "age": 43, "title": "Exec. VP & Chief Accounting Officer", "yearBorn": 1979, "exercisedValue": 0, "unexercisedValue": 0}, {"maxAge": 1, "name": "Mr. Andrew B. Sachs Esq.", "title": "Exec. VP, Gen. Counsel & Corp. Sec.", "exercisedValue": 0, "unexercisedValue": 0}, {"maxAge": 1, "name": "Mr. David W. Patti", "title": "Director of Communications", "exercisedValue": 0, "unexercisedValue": 0}, {"maxAge": 1, "name": "Mr. Robert  Fischer", "title": "Sr. VP, Relationship Mang. and Member of the Lending Team", "exercisedValue": 0, "unexercisedValue": 0}, {"maxAge": 1, "name": "Mr. Timothy D. Romig", "title": "Regional Chief Lending Officer", "exercisedValue": 0, "unexercisedValue": 0}], "auditRisk": 6, "boardRisk": 6, "compensationRisk": 8, "shareHolderRightsRisk": 5, "overallRisk": 6, "governanceEpochDate": "2023-04-30 20:00:00", "compensationAsOfEpochDate": "2022-12-30 19:00:00", "maxAge": 86400, "latitude": 40.339006013394794, "longitude": -75.951053991891}