{"address1": "316 Second Avenue SW", "city": "Cullman", "state": "AL", "zip": "35055", "country": "United States", "phone": "256 734 1740", "website": "https://www.cullmansavingsbank.com", "industry": "Banks\u2014Regional", "industryDisp": "Banks\u2014Regional", "sector": "Financial Services", "longBusinessSummary": "Cullman Bancorp, Inc. operates as the holding company for Cullman Savings Bank that provides various banking products and services in the United States. It offers checking, savings, and individual retirement accounts, as well as certificates of deposit accounts. The company also provides one- to four-family residential real estate, commercial real estate, commercial and industrial, construction, multi-family real estate, and consumer loans; term, line of credit, and agricultural loans; mortgage, home equity, and personal and auto loans; and invests in securities. In addition, it offers debit and credit card services; online banking, automated clearing house, and merchant services; and mobile banking, bill pay, and ATM services. Cullman Bancorp, Inc. was founded in 1887 and is headquartered in Cullman, Alabama.", "fullTimeEmployees": 59, "companyOfficers": [{"maxAge": 1, "name": "Mr. John A. Riley III", "age": 57, "title": "Chairman, Pres & CEO", "yearBorn": 1965, "fiscalYear": 2022, "totalPay": 480284, "exercisedValue": 0, "unexercisedValue": 55567}, {"maxAge": 1, "name": "Ms. T'aira  Ugarkovich", "age": 37, "title": "Exec. VP & COO", "yearBorn": 1985, "fiscalYear": 2022, "totalPay": 282474, "exercisedValue": 0, "unexercisedValue": 33340}, {"maxAge": 1, "name": "Ms. Robin S. Parson", "age": 55, "title": "Exec. VP & Director", "yearBorn": 1967, "fiscalYear": 2022, "totalPay": 327014, "exercisedValue": 0, "unexercisedValue": 24450}, {"maxAge": 1, "name": "Ms. Katrina I. Stephens", "age": 38, "title": "CFO & Sr. VP", "yearBorn": 1984, "exercisedValue": 0, "unexercisedValue": 0}, {"maxAge": 1, "name": "Ms. Robin  O'Berry", "age": 55, "title": "Sr. VP, Sec., Sr. VP of Cullman Savings Bank and Sec. of Cullman Savings Bank", "yearBorn": 1967, "exercisedValue": 0, "unexercisedValue": 0}], "compensationAsOfEpochDate": "2022-12-30 19:00:00", "maxAge": 86400, "latitude": 34.174351004964834, "longitude": -86.84288203103603}