{"address1": "200 W Hubbard Street", "address2": "8th Floor", "city": "Chicago", "state": "IL", "zip": "60654", "country": "United States", "phone": "312 470 2000", "website": "https://www.curo.com", "industry": "Credit Services", "industryDisp": "Credit Services", "sector": "Financial Services", "longBusinessSummary": "CURO Group Holdings Corp., together with its subsidiaries, provides consumer finance products in the United States and Canada. The company offers secured and unsecured installment loans, revolving line of credit, and single-pay loans; and credit protection insurance, check cashing, money transfer, foreign currency exchange, and other ancillary financial products and services, as well as reloadable prepaid debit cards and demand deposit accounts. The company also provides loans through online. It operates under the Covington Credit, Heights Finance, Quick Credit, Southern Finance, First Heritage Credit, Cash Money, LendDirect, and Flexiti brands. The company was formerly known as Speedy Group Holdings Corp. and changed its name to CURO Group Holdings Corp. in May 2016. CURO Group Holdings Corp. was founded in 1997 and is headquartered in Chicago, Illinois.", "fullTimeEmployees": 4000, "companyOfficers": [{"maxAge": 1, "name": "Mr. Douglas D. Clark", "age": 57, "title": "CEO & Director", "yearBorn": 1965, "fiscalYear": 2022, "totalPay": 4845478, "exercisedValue": 0, "unexercisedValue": 0}, {"maxAge": 1, "name": "Mr. Daniel David Kirsche", "age": 43, "title": "Exec. VP & Chief Technology Officer", "yearBorn": 1979, "fiscalYear": 2022, "totalPay": 464254, "exercisedValue": 0, "unexercisedValue": 0}, {"maxAge": 1, "name": "Mr. Peter  Kalen", "age": 48, "title": "Chief Exec. Officer of Flexiti", "yearBorn": 1974, "fiscalYear": 2022, "totalPay": 506024, "exercisedValue": 0, "unexercisedValue": 0}, {"maxAge": 1, "name": "Mr. Ismail  Dawood", "age": 50, "title": "Chief Financial Officer", "yearBorn": 1972, "exercisedValue": 0, "unexercisedValue": 0}, {"maxAge": 1, "name": "Ms. Tamara  Schulz", "age": 46, "title": "Chief Accounting Officer", "yearBorn": 1976, "exercisedValue": 0, "unexercisedValue": 0}, {"maxAge": 1, "name": "Ms. Jillian R. Slagter", "age": 47, "title": "Chief Admin. & HR Officer", "yearBorn": 1975, "exercisedValue": 0, "unexercisedValue": 0}, {"maxAge": 1, "name": "Ms. Rebecca  Fox", "title": "Chief Legal Officer, Chief Privacy Officer & Corp. Sec.", "exercisedValue": 0, "unexercisedValue": 0}, {"maxAge": 1, "name": "Kerry  Palombo", "title": "Chief Compliance Officer", "exercisedValue": 0, "unexercisedValue": 0}, {"maxAge": 1, "name": "Ms. Jennifer  Mathissen", "title": "Chief Marketing Officer", "exercisedValue": 0, "unexercisedValue": 0}, {"maxAge": 1, "name": "Mr. Philip Michael Gitler", "age": 48, "title": "Chief Strategy Officer", "yearBorn": 1974, "exercisedValue": 0, "unexercisedValue": 0}], "auditRisk": 8, "boardRisk": 7, "compensationRisk": 3, "shareHolderRightsRisk": 1, "overallRisk": 4, "governanceEpochDate": "2023-04-30 20:00:00", "compensationAsOfEpochDate": "2022-12-30 19:00:00", "maxAge": 86400, "latitude": 41.89021499449862, "longitude": -87.63455203158527}