{"address1": "701 North Haven Avenue", "address2": "Suite 350", "city": "Ontario", "state": "CA", "zip": "91764", "country": "United States", "phone": "909 980 4030", "website": "https://www.cbbank.com", "industry": "Banks\u2014Regional", "industryDisp": "Banks\u2014Regional", "sector": "Financial Services", "longBusinessSummary": "CVB Financial Corp. operates as a bank holding company for Citizens Business Bank, a state-chartered bank that provides banking and financial services to small to mid-sized businesses and individuals. It offers checking, savings, money market, and time certificates of deposit products for business and personal accounts; and serves as a federal tax depository for business customers. The company also provides commercial lending products comprising lines of credit and other working capital financing, accounts receivable lending, and letters of credit; agriculture loans to finance the operating needs of wholesale dairy farm operations, cattle feeders, livestock raisers, and farmers; lease financing services for municipal governments; commercial real estate and construction loans; and consumer financing products, including automobile leasing and financing, lines of credit, credit cards, home mortgages, and home equity loans and lines of credit. In addition, it offers various specialized services, such as treasury management systems for monitoring cash flow, merchant card processing program, armored pick-up and delivery, payroll services, remote deposit capture, electronic funds transfers, wires and automated clearinghouse, and online account access. Further, the company provides trust services, such as fiduciary services, mutual funds, annuities, 401(k) plans, and individual investment accounts. The company was founded in 1974 and is headquartered in Ontario, California.", "fullTimeEmployees": 1072, "companyOfficers": [{"maxAge": 1, "name": "Mr. David A. Brager", "age": 54, "title": "Pres, CEO & Director", "yearBorn": 1968, "fiscalYear": 2022, "totalPay": 1953167, "exercisedValue": 0, "unexercisedValue": 0}, {"maxAge": 1, "name": "Mr. E. Allen Nicholson", "age": 55, "title": "Exec. VP & CFO", "yearBorn": 1967, "fiscalYear": 2022, "totalPay": 898109, "exercisedValue": 0, "unexercisedValue": 54780}, {"maxAge": 1, "name": "Mr. Richard H. Wohl", "age": 63, "title": "Exec. VP & Gen. Counsel", "yearBorn": 1959, "fiscalYear": 2022, "totalPay": 596832, "exercisedValue": 0, "unexercisedValue": 0}, {"maxAge": 1, "name": "Mr. David C. Harvey", "age": 54, "title": "Exec. VP & COO of Citizens Bus. Bank", "yearBorn": 1968, "fiscalYear": 2022, "totalPay": 925131, "exercisedValue": 0, "unexercisedValue": 0}, {"maxAge": 1, "name": "Mr. David F. Farnsworth", "age": 65, "title": "Exec. VP & Chief Credit Officer of Citizens Bus. Bank", "yearBorn": 1957, "fiscalYear": 2022, "totalPay": 701702, "exercisedValue": 172054, "unexercisedValue": 0}, {"maxAge": 1, "name": "Ms. Francene  LaPoint CPA", "age": 57, "title": "Sr. VP & Chief Accounting Officer", "yearBorn": 1965, "exercisedValue": 0, "unexercisedValue": 0}, {"maxAge": 1, "name": "Mr. Michael K. Currie", "title": "Sr. VP & Chief Information Officer", "exercisedValue": 0, "unexercisedValue": 0}, {"maxAge": 1, "name": "Ms. Yamynn  DeAngelis", "age": 65, "title": "Exec. VP & Chief Risk Officer", "yearBorn": 1957, "exercisedValue": 0, "unexercisedValue": 0}, {"maxAge": 1, "name": "Mr. G. Larry Zivelonghi", "title": "Exec. VP and Dairy & Livestock Industries Group Mang. - Citizens Bus. Bank", "exercisedValue": 0, "unexercisedValue": 0}, {"maxAge": 1, "name": "Mr. Robert Daniel Banis", "title": "Exec. VP & Head of CitizensTrust of Citizens Bus. Bank", "exercisedValue": 0, "unexercisedValue": 0}], "auditRisk": 1, "boardRisk": 2, "compensationRisk": 1, "shareHolderRightsRisk": 1, "overallRisk": 1, "governanceEpochDate": "2023-04-30 20:00:00", "compensationAsOfEpochDate": "2022-12-30 19:00:00", "maxAge": 86400, "latitude": 34.07114492453222, "longitude": -117.57677840887419}