{"address1": "7100 North Financial Drive", "address2": "Suite 101", "city": "Fresno", "state": "CA", "zip": "93720", "country": "United States", "phone": "559 298 1775", "website": "https://www.cvcb.com", "industry": "Banks\u2014Regional", "industryDisp": "Banks\u2014Regional", "sector": "Financial Services", "longBusinessSummary": "Central Valley Community Bancorp operates as the bank holding company for the Central Valley Community Bank that provides various commercial banking services to small and middle-market businesses and individuals in the central valley area of California. The company accepts demand, savings, and time deposits; certificates of deposit; and non-interest-bearing demand deposits, as well as provides NOW and money market accounts. It also provides products, such as commercial and industrial loans, as well as loans secured by crop production and livestock; owner occupied and investor commercial real estate, real estate construction and other land, agricultural real estate, and other real estate loans; and equity loans and lines of credit, and installment and other consumer loans. In addition, the company offers domestic and international wire transfer, safe deposit box, Internet banking, inquiry, account status, bill paying, account transfers, and cash management and other customary banking services. Central Valley Community Bancorp was founded in 1979 and is based in Fresno, California.", "fullTimeEmployees": 253, "companyOfficers": [{"maxAge": 1, "name": "Mr. James J. Kim", "age": 46, "title": "Pres, CEO & Director", "yearBorn": 1976, "fiscalYear": 2022, "totalPay": 756571, "exercisedValue": 0, "unexercisedValue": 0}, {"maxAge": 1, "name": "Mr. Blaine C. Lauhon", "age": 59, "title": "Exec. VP & Chief Banking Officer of Central Valley Community Bank", "yearBorn": 1963, "fiscalYear": 2022, "totalPay": 413841, "exercisedValue": 94534, "unexercisedValue": 0}, {"maxAge": 1, "name": "Mr. Anthony Kenneth Ramos", "age": 56, "title": "Exec. VP & Market Exec. of Central Valley Community Bank", "yearBorn": 1966, "fiscalYear": 2022, "totalPay": 385720, "exercisedValue": 0, "unexercisedValue": 0}, {"maxAge": 1, "name": "Mr. Patrick A. Luis", "age": 61, "title": "Exec. VP & Chief Credit Officer", "yearBorn": 1961, "fiscalYear": 2022, "totalPay": 397198, "exercisedValue": 0, "unexercisedValue": 0}, {"maxAge": 1, "name": "Ms. Dawn P. Crusinberry", "title": "Exec. VP", "fiscalYear": 2022, "totalPay": 731266, "exercisedValue": 15430, "unexercisedValue": 0}, {"maxAge": 1, "name": "Mr. Steven D. McDonald", "age": 72, "title": "Sec. & Independent Director", "yearBorn": 1950, "fiscalYear": 2022, "totalPay": 37823, "exercisedValue": 0, "unexercisedValue": 0}, {"maxAge": 1, "name": "Ms. Shannon R. Avrett CPA", "age": 39, "title": "Exec. VP & CFO", "yearBorn": 1983, "exercisedValue": 0, "unexercisedValue": 0}, {"maxAge": 1, "name": "Ms. Debbie  Nalchajian-Cohen", "title": "Marketing Director", "exercisedValue": 0, "unexercisedValue": 0}, {"maxAge": 1, "name": "Ms. Teresa  Gilio", "age": 59, "title": "Exec. VP & Chief Admin. Officer of Central Valley Community Bank", "yearBorn": 1963, "exercisedValue": 0, "unexercisedValue": 0}, {"maxAge": 1, "name": "Djo  Mwamba", "title": "Sr. VP of Market Mang.", "exercisedValue": 0, "unexercisedValue": 0}], "auditRisk": 8, "boardRisk": 9, "compensationRisk": 3, "shareHolderRightsRisk": 1, "overallRisk": 5, "governanceEpochDate": "2023-04-30 20:00:00", "compensationAsOfEpochDate": "2022-12-30 19:00:00", "maxAge": 86400, "latitude": 36.8389760036203, "longitude": -119.77060100053}