{"address1": "105 Leader Heights Road", "city": "York", "state": "PA", "zip": "17403", "country": "United States", "phone": "717 747 1519", "website": "https://www.peoplesbanknet.com", "industry": "Banks\u2014Regional", "industryDisp": "Banks\u2014Regional", "sector": "Financial Services", "longBusinessSummary": "Codorus Valley Bancorp, Inc. operates as the bank holding company for the PeoplesBank that provides community banking services in South Central Pennsylvania and Central Maryland. The company accepts demand, money market, time, and savings deposits, as well as certificates of deposit. It also offers commercial loans, such as builder and developer, commercial and residential real estate investor, hotel/motel, wholesale and retail, agriculture, manufacturing, and other loans; and consumer loans, including residential mortgage, home equity, and others. In addition, the company provides mortgage and wealth management services; and sells non-deposit investment products. The company was founded in 1864 and is headquartered in York, Pennsylvania.", "fullTimeEmployees": 315, "companyOfficers": [{"maxAge": 1, "name": "Mr. Craig L. Kauffman", "age": 58, "title": "Pres, CEO & Director", "yearBorn": 1964, "fiscalYear": 2022, "totalPay": 836596, "exercisedValue": 0, "unexercisedValue": 0}, {"maxAge": 1, "name": "Mr. Larry D. Pickett CPA", "age": 61, "title": "Exec. VP, CFO & Treasurer", "yearBorn": 1961, "fiscalYear": 2022, "totalPay": 381978, "exercisedValue": 0, "unexercisedValue": 0}, {"maxAge": 1, "name": "Ms. Diane E. Baker CPA", "age": 51, "title": "Exec. VP, Chief Risk Officer, Assistant Treasurer & Assistant Sec.", "yearBorn": 1971, "fiscalYear": 2022, "totalPay": 389283, "exercisedValue": 11705, "unexercisedValue": 77766}, {"maxAge": 1, "name": "Mr. Chad M. Clabaugh", "age": 60, "title": "Sr. VP & Chief Consumer Banking Officer of PeoplesBank", "yearBorn": 1962, "fiscalYear": 2022, "totalPay": 334713, "exercisedValue": 0, "unexercisedValue": 0}, {"maxAge": 1, "name": "Mr. Daniel R. Stolzer", "age": 65, "title": "Exec. VP, Gen. Counsel & Corp. Sec.", "yearBorn": 1957, "exercisedValue": 0, "unexercisedValue": 0}, {"maxAge": 1, "name": "John  Moss", "title": "Director of Marketing", "exercisedValue": 0, "unexercisedValue": 0}, {"maxAge": 1, "name": "Mr. E. Dennis Ginder", "age": 64, "title": "Sr. VP & Chief Credit Officer of PeoplesBank", "yearBorn": 1958, "exercisedValue": 0, "unexercisedValue": 0}, {"maxAge": 1, "name": "Mr. Harland E. Carney III", "title": "Sr. VP & Director of Commercial Banking", "exercisedValue": 0, "unexercisedValue": 0}], "auditRisk": 7, "boardRisk": 1, "compensationRisk": 5, "shareHolderRightsRisk": 6, "overallRisk": 4, "governanceEpochDate": "2023-04-30 20:00:00", "compensationAsOfEpochDate": "2022-12-30 19:00:00", "maxAge": 86400, "latitude": 39.91019400763801, "longitude": -76.70764396745136}