{"address1": "445 Pine Avenue", "city": "Goleta", "state": "CA", "zip": "93117", "country": "United States", "phone": "(805) 692-5821", "website": "https://www.communitywest.com", "industry": "Banks\u2014Regional", "industryDisp": "Banks\u2014Regional", "sector": "Financial Services", "longBusinessSummary": "Community West Bancshares operates as the bank holding company for Community West Bank, N.A. that provides various financial products and services in California. The company offers deposit products, such as checking accounts, savings accounts, money market accounts, and fixed rate and fixed maturity certificates of deposits; and cash management products. It also provides commercial, commercial real estate, consumer, manufactured housing, and small business administration loans, as well as agricultural loans for real estate and operating lines; home equity lines of credit collateralized by residential real estate; single family real estate loans; and installment loans consisting of automobile and general-purpose loans. The company serves small to medium-sized businesses and their owners, professionals, high-net worth individuals, and non-profit organizations. Community West Bancshares was founded in 1989 and is headquartered in Goleta, California.", "fullTimeEmployees": 134, "companyOfficers": [{"maxAge": 1, "name": "Mr. Martin E. Plourd", "age": 63, "title": "Pres, CEO & Director", "yearBorn": 1959, "fiscalYear": 2022, "totalPay": 852627, "exercisedValue": 0, "unexercisedValue": 812404}, {"maxAge": 1, "name": "Mr. Timothy Joseph Stronks", "age": 53, "title": "Exec. VP, COO & Chief Risk Officer of Community West Bank, National Association", "yearBorn": 1969, "fiscalYear": 2022, "totalPay": 453800, "exercisedValue": 0, "unexercisedValue": 67478}, {"maxAge": 1, "name": "Mr. John D. Illgen", "age": 77, "title": "Independent Director & Sec.", "yearBorn": 1945, "fiscalYear": 2022, "totalPay": 27500, "exercisedValue": 0, "unexercisedValue": 0}, {"maxAge": 1, "name": "Mr. William F. Filippin", "age": 58, "title": "Pres & Chief Credit Officer of Community West Bank, National Association", "yearBorn": 1964, "fiscalYear": 2022, "totalPay": 513125, "exercisedValue": 0, "unexercisedValue": 242137}, {"maxAge": 1, "name": "Mr. Richard  Pimentel", "age": 49, "title": "Exec. VP & CFO", "yearBorn": 1973, "exercisedValue": 0, "unexercisedValue": 0}, {"maxAge": 1, "name": "Michael  Will", "title": "Sr. VP and Director of Legal & Asset Resolution", "exercisedValue": 0, "unexercisedValue": 0}, {"maxAge": 1, "name": "Kevin W. Moon", "title": "Sr. VP and Director of Marketing & Product Devel.", "exercisedValue": 0, "unexercisedValue": 0}, {"maxAge": 1, "name": "Jennifer  Ofner", "title": "Sr. VP & Director of HR", "exercisedValue": 0, "unexercisedValue": 0}, {"maxAge": 1, "name": "Ms. Susan C. Thompson CPA, CPA", "age": 58, "title": "Sr. VP & Interim SEC Reporting Mang.", "yearBorn": 1964, "fiscalYear": 2018, "exercisedValue": 0, "unexercisedValue": 0}, {"maxAge": 1, "name": "Mr. Jason  Beitz", "title": "Sr. VP & Regional Pres", "exercisedValue": 0, "unexercisedValue": 0}], "compensationAsOfEpochDate": "2022-12-30 19:00:00", "maxAge": 86400, "latitude": 34.43299169890037, "longitude": -119.8267194997206}