{"address1": "1701 Pennsylvania Avenue NW", "address2": "Suite 460", "city": "Washington", "state": "DC", "zip": "20006", "country": "United States", "phone": "202 452 9133", "website": "https://c5acquisitions.com", "industry": "Shell Companies", "industryDisp": "Shell Companies", "sector": "Financial Services", "longBusinessSummary": "C5 Acquisition Corporation does not have significant operations. It intends to effect a merger, consolidation, capital stock exchange, asset acquisition, stock purchase, reorganization, or similar business combination with one or more businesses. The company was incorporated in 2021 and is based in Washington, the District of Columbia.", "companyOfficers": [{"maxAge": 1, "name": "Mr. Robert E. Meyerson", "age": 56, "title": "CEO & Director", "yearBorn": 1966, "exercisedValue": 0, "unexercisedValue": 0}, {"maxAge": 1, "name": "Mr. David C. Glickman", "age": 58, "title": "Chief Bus. Devel. Officer & CFO", "yearBorn": 1964, "exercisedValue": 0, "unexercisedValue": 0}], "maxAge": 86400, "latitude": 38.89934411221154, "longitude": -77.03982675310216}