{"address1": "15 South Main Street", "city": "Mansfield", "state": "PA", "zip": "16933", "country": "United States", "phone": "570 662 2121", "website": "https://www.firstcitizensbank.com", "industry": "Banks\u2014Regional", "industryDisp": "Banks\u2014Regional", "sector": "Financial Services", "longBusinessSummary": "Citizens Financial Services, Inc. operates as the bank holding company for First Citizens Community Bank that provides various banking products and services for individual, business, governmental, and institutional customers. The company accepts various deposit products, such as checking, savings, and time deposit accounts. Its loan products include residential, commercial, and agricultural real estate loans; commercial and industrial loans; state and political subdivision loans; and consumer loans, as well as various other specialized financial services. The company also provides professional trust administration, investment management services, estate planning and administration, custody of securities, and individual retirement accounts. In addition, it offers brokerage and financial planning services, as well as assistance in various oil and gas leasing matters; and provides mutual funds, annuities, and health and life insurance products. Citizens Financial Services, Inc. was incorporated in 1984 and is headquartered in Mansfield, Pennsylvania.", "fullTimeEmployees": 313, "companyOfficers": [{"maxAge": 1, "name": "Mr. Randall E. Black", "age": 55, "title": "Vice Chairman, Pres & CEO", "yearBorn": 1967, "fiscalYear": 2022, "totalPay": 676229, "exercisedValue": 0, "unexercisedValue": 0}, {"maxAge": 1, "name": "Mr. Stephen J. Guillaume", "age": 45, "title": "Sr. VP & CFO", "yearBorn": 1977, "fiscalYear": 2022, "totalPay": 174225, "exercisedValue": 0, "unexercisedValue": 0}, {"maxAge": 1, "name": "Mr. Mickey L. Jones CPA, CPA", "age": 61, "title": "Exec. VP, COO, Treasurer, Assistant Sec. & Director", "yearBorn": 1961, "fiscalYear": 2022, "totalPay": 381144, "exercisedValue": 0, "unexercisedValue": 0}, {"maxAge": 1, "name": "Ms. Kathleen M. Campbell CFMP", "age": 61, "title": "Sr. VP, CFMP & Director of Marketing of First Citizens National Bank", "yearBorn": 1961, "fiscalYear": 2011, "exercisedValue": 0, "unexercisedValue": 0}, {"maxAge": 1, "name": "Ms. Cynthia T. Pazzaglia", "age": 63, "title": "Sr. VP of HR", "yearBorn": 1959, "exercisedValue": 0, "unexercisedValue": 0}, {"maxAge": 1, "name": "Marina  Smalanaskas", "age": 50, "title": "Sr. VP & Southcentral Market Exec.", "yearBorn": 1972, "exercisedValue": 0, "unexercisedValue": 0}, {"maxAge": 1, "name": "Mr. Anthony  Manerchia", "title": "Sr. VP & Chief Banking Officer", "exercisedValue": 0, "unexercisedValue": 0}, {"maxAge": 1, "name": "Mr. Jeffrey L. Wilson", "age": 60, "title": "Exec. VP & Chief Lending Officer of First Citizens Community Bank", "yearBorn": 1962, "fiscalYear": 2018, "exercisedValue": 0, "unexercisedValue": 0}, {"maxAge": 1, "name": "Mr. Jeffrey B. Carr", "age": 52, "title": "Sr. VP & Chief Retail Banking Officer of First Citizens Community Bank", "yearBorn": 1970, "fiscalYear": 2017, "exercisedValue": 0, "unexercisedValue": 0}], "compensationAsOfEpochDate": "2022-12-30 19:00:00", "maxAge": 86400, "latitude": 41.80687100710668, "longitude": -77.07735798185568}