{"address1": "90-92 Main Street", "address2": "PO Box 58", "city": "Wellsboro", "state": "PA", "zip": "16901", "country": "United States", "phone": "570 724 3411", "website": "https://www.cnbankpa.com", "industry": "Banks\u2014Regional", "industryDisp": "Banks\u2014Regional", "sector": "Financial Services", "longBusinessSummary": "Citizens & Northern Corporation operates as the bank holding company for Citizens & Northern Bank that provides a range of banking and lending services to individual and corporate customers. The company's lending portfolio includes commercial, mortgage, and consumer loans, as well as specialized instruments such as commercial letters-of-credit; and offers deposit products, which includes various types of checking accounts, passbook and statement savings, money market accounts, interest checking accounts, individual retirement accounts, and certificates of deposit. It provides wealth management services, such as retirement planning, estate planning, estate settlements, and asset management services; and insurance products through broker-dealer, which includes mutual funds, annuities, educational savings accounts, and other investment products through registered agents, as well as offers reinsures credit and mortgage, life and accident, and health insurance products. The company was founded in 1864 and is headquartered in Wellsboro, Pennsylvania.", "fullTimeEmployees": 412, "companyOfficers": [{"maxAge": 1, "name": "Mr. J. Bradley Scovill", "age": 63, "title": "Pres, CEO & Director", "yearBorn": 1959, "fiscalYear": 2022, "totalPay": 863691, "exercisedValue": 0, "unexercisedValue": 0}, {"maxAge": 1, "name": "Mr. Stan R. Dunsmore", "age": 60, "title": "EVP and Chief Credit Officer of Citizens & Northern Bank", "yearBorn": 1962, "fiscalYear": 2022, "totalPay": 342749, "exercisedValue": 0, "unexercisedValue": 0}, {"maxAge": 1, "name": "Mr. Blair T. Rush", "age": 60, "title": "EVP and Southeast Region Pres of Citizens & Northern Bank", "yearBorn": 1962, "fiscalYear": 2022, "totalPay": 360524, "exercisedValue": 0, "unexercisedValue": 0}, {"maxAge": 1, "name": "Mr. Mark A. Hughes", "age": 60, "title": "Treasurer", "yearBorn": 1962, "fiscalYear": 2022, "totalPay": 427304, "exercisedValue": 43500, "unexercisedValue": 0}, {"maxAge": 1, "name": "Mr. Thomas L. Rudy Jr.", "age": 57, "title": "EVP, Chief Delivery Officer and Region Pres of Citizens & Northern Bank", "yearBorn": 1965, "fiscalYear": 2015, "exercisedValue": 0, "unexercisedValue": 0}, {"maxAge": 1, "name": "Ms. Kelley A. Cwiklinski", "age": 58, "title": "Exec. VP & Chief Commercial Lending Officer", "yearBorn": 1964, "exercisedValue": 0, "unexercisedValue": 0}, {"maxAge": 1, "name": "Mr. Philip  Prough CFP, CIMA", "title": "Sr. VP & Chief Investment Strategist", "exercisedValue": 0, "unexercisedValue": 0}, {"maxAge": 1, "name": "Ms. Shelley L. D'Haene", "age": 61, "title": "Exec. VP and Chief Digital Channels & Payments Officer", "yearBorn": 1961, "exercisedValue": 0, "unexercisedValue": 0}, {"maxAge": 1, "name": "Skye L. Mahosky", "title": "Corp. Sec.", "exercisedValue": 0, "unexercisedValue": 0}], "auditRisk": 6, "boardRisk": 2, "compensationRisk": 3, "shareHolderRightsRisk": 5, "overallRisk": 3, "governanceEpochDate": "2023-04-30 20:00:00", "compensationAsOfEpochDate": "2022-12-30 19:00:00", "maxAge": 86400, "latitude": 41.74833598628098, "longitude": -77.30183699973945}