{"address1": "2174 EastRidge Center", "city": "Eau Claire", "state": "WI", "zip": "54701", "country": "United States", "phone": "715 836 9994", "website": "https://www.ccf.us", "industry": "Banks\u2014Regional", "industryDisp": "Banks\u2014Regional", "sector": "Financial Services", "longBusinessSummary": "Citizens Community Bancorp, Inc. operates as a bank holding company for Citizens Community Federal N.A. that provides various traditional community banking services to businesses, agricultural operators, and consumers. The company accepts various deposit products, including demand deposits, savings and money market accounts, and certificates of deposit. It also offers various loan products comprising commercial real estate, commercial and industrial, agricultural real estate, agricultural operating, and consumer loans; and one-to-four family residential mortgages and home equity lines-of-credit. In addition, the company provides a portfolio of investments, such as mortgage-backed, corporate asset-backed, U.S. Government sponsored agency, corporate debt, and trust preferred securities. The company was founded in 1938 and is based in Eau Claire, Wisconsin.", "fullTimeEmployees": 210, "companyOfficers": [{"maxAge": 1, "name": "Mr. Stephen M. Bianchi", "age": 59, "title": "Chairman, Pres & CEO", "yearBorn": 1963, "fiscalYear": 2022, "totalPay": 559875, "exercisedValue": 0, "unexercisedValue": 0}, {"maxAge": 1, "name": "Mr. James S. Broucek", "age": 58, "title": "CFO, Principal Accounting Officer, Exec. VP, Treasurer & Sec.", "yearBorn": 1964, "fiscalYear": 2022, "totalPay": 326931, "exercisedValue": 0, "unexercisedValue": 0}, {"maxAge": 1, "name": "Mr. Lucas S. Schulte", "title": "Community Banking Pres", "exercisedValue": 0, "unexercisedValue": 0}], "compensationAsOfEpochDate": "2022-12-30 19:00:00", "maxAge": 86400, "latitude": 44.8064449870989, "longitude": -91.46897400332101}