{"address1": "345 Park Avenue South", "address2": "12th Floor", "city": "New York", "state": "NY", "zip": "10010", "country": "United States", "phone": "212 551 1600", "website": "https://da32lifescience.tech", "industry": "Shell Companies", "industryDisp": "Shell Companies", "sector": "Financial Services", "longBusinessSummary": "DA32 Life Science Tech Acquisition Corp. does not have significant operations. It focuses on effecting a merger, capital stock exchange, asset acquisition, stock purchase, reorganization, or related business combination with one or more businesses in the biotechnology and life science infrastructure sectors. DA32 Life Science Tech Acquisition Corp. was incorporated in 2021 and is based in New York, New York.", "companyOfficers": [{"maxAge": 1, "name": "Dr. Steven  Kafka Ph.D.", "age": 53, "title": "CEO & Director", "yearBorn": 1969, "fiscalYear": 2022, "totalPay": 0, "exercisedValue": 0, "unexercisedValue": 0}, {"maxAge": 1, "name": "Mr. Christopher E. Wolfe", "age": 42, "title": "CFO & Sec.", "yearBorn": 1980, "fiscalYear": 2022, "totalPay": 90000, "exercisedValue": 0, "unexercisedValue": 0}], "compensationAsOfEpochDate": "2022-12-30 19:00:00", "maxAge": 86400, "latitude": 40.74171572492537, "longitude": -73.9850353514706}