{"address1": "Taunusanlage 12", "city": "Frankfurt am Main", "zip": "60325", "country": "Germany", "phone": "49 6 991 000", "fax": "49 69 910 34 225", "website": "https://www.db.com", "industry": "Banks\u2014Regional", "industryDisp": "Banks\u2014Regional", "sector": "Financial Services", "longBusinessSummary": "Deutsche Bank Aktiengesellschaft, operates as a stock corporation, engages in the provision of corporate and investment banking, and asset management products and services to private clients, corporate entities, and institutional clients worldwide. Its Corporate Bank segment provides cash management, trade finance and lending, trust and agency, foreign exchange, and securities services, as well as risk management solutions. The company's Investment Bank segment offers debt origination, merger and acquisitions, and equity advisory services. Its Private Bank segment provides payment and account services, and credit and deposit products, as well as investment advice products, such as environmental, social, and governance products. This segment also provides banking, wealth management services, postal and parcel services; and offers support in planning, managing and investing wealth, financing personal and business interests, and servicing institutional and corporate needs. The company's Asset Management segment provides investment solutions, such as alternative investments, which include real estate, infrastructure, private equity, liquid real assets, and sustainable investments; and various other services, including insurance and pension solutions, asset liability management, portfolio management solutions, and asset allocation advisory to individuals and institutions. Deutsche Bank Aktiengesellschaft was founded in 1870 and is based in Frankfurt am Main, Germany.", "fullTimeEmployees": 86712, "companyOfficers": [{"maxAge": 1, "name": "Mr. Christian  Sewing", "age": 52, "title": "CEO & Chairman of Management Board", "yearBorn": 1970, "fiscalYear": 2022, "totalPay": 4149136, "exercisedValue": 0, "unexercisedValue": 0}, {"maxAge": 1, "name": "Mr. Karl  von Rohr", "age": 57, "title": "Pres, Head of Private Bank & Asset Mana\u00adge\u00adment and Deputy Chairman of the Management Board", "yearBorn": 1965, "fiscalYear": 2022, "totalPay": 3270598, "exercisedValue": 0, "unexercisedValue": 0}, {"maxAge": 1, "name": "Mr. James  von Moltke", "age": 53, "title": "Pres, CFO & Member of Management Board", "yearBorn": 1969, "fiscalYear": 2022, "totalPay": 3579391, "exercisedValue": 0, "unexercisedValue": 0}, {"maxAge": 1, "name": "Mr. Fabrizio  Campelli", "age": 49, "title": "Head of Corp. Bank and Investment Bank & Member of Management Board", "yearBorn": 1973, "fiscalYear": 2022, "totalPay": 2744345, "exercisedValue": 0, "unexercisedValue": 0}, {"maxAge": 1, "name": "Mr. Alexander  von zur Muhlen", "age": 47, "title": "Regional CEO of Asia Pacific & Member of Management Board", "yearBorn": 1975, "fiscalYear": 2022, "totalPay": 3629407, "exercisedValue": 0, "unexercisedValue": 0}, {"maxAge": 1, "name": "Dr. Stefan  Simon", "age": 53, "title": "Chief Admin. Officer & Member of Management Board", "yearBorn": 1969, "fiscalYear": 2022, "totalPay": 2620393, "exercisedValue": 0, "unexercisedValue": 0}, {"maxAge": 1, "name": "Ms. Christiana  Riley", "age": 44, "title": "Regional CEO for Americas & Member of Management Board", "yearBorn": 1978, "fiscalYear": 2022, "totalPay": 3769669, "exercisedValue": 0, "unexercisedValue": 0}, {"maxAge": 1, "name": "Mr. Bernd  Leukert", "age": 55, "title": "Chief Technology, Data & Innovation Officer and Member of Management Board", "yearBorn": 1967, "fiscalYear": 2022, "totalPay": 2614956, "exercisedValue": 0, "unexercisedValue": 0}, {"maxAge": 1, "name": "Ms. Rebecca  Short", "age": 48, "title": "Chief Transformation Office & Member of Management Board", "yearBorn": 1974, "fiscalYear": 2022, "totalPay": 2648662, "exercisedValue": 0, "unexercisedValue": 0}, {"maxAge": 1, "name": "Mr. Olivier  Vigneron", "age": 51, "title": "Group Chief Risk Officer, Sr. Group Director & Member of the Management Board", "yearBorn": 1971, "fiscalYear": 2022, "totalPay": 2639042, "exercisedValue": 0, "unexercisedValue": 0}], "auditRisk": 10, "boardRisk": 2, "compensationRisk": 1, "shareHolderRightsRisk": 1, "overallRisk": 2, "governanceEpochDate": "2023-04-30 20:00:00", "compensationAsOfEpochDate": "2022-12-30 19:00:00", "maxAge": 86400, "latitude": 50.1137978910067, "longitude": 8.668347256569348}