{"address1": "898 Veterans Memorial Highway", "address2": "Suite 560", "city": "Hauppauge", "state": "NY", "zip": "11788", "country": "United States", "phone": "631 537 1000", "website": "https://www.dime.com", "industry": "Banks\u2014Regional", "industryDisp": "Banks\u2014Regional", "sector": "Financial Services", "longBusinessSummary": "Dime Community Bancshares, Inc. operates as the holding company for Dime Community Bank that provides various commercial banking and financial services. It accepts time, savings, and demand deposits from the businesses, consumers, and local municipalities. The company also offers commercial real estate loans; multi-family mortgage loans; residential mortgage loans; secured and unsecured commercial and consumer loans; home equity loans; and construction and land loans. In addition, it invests in Federal Home Loan Bank, Federal National Mortgage Association, Government National Mortgage Association, and Federal Home Loan Mortgage Corporation mortgage-backed securities, collateralized mortgage obligations, and other asset backed securities; U.S. Treasury securities; New York state and local municipal obligations; U.S. government-sponsored enterprise securities; and corporate bonds. Further, the company offers certificate of deposit account registry services and insured cash sweep programs; federal deposit insurance corporation insurance; merchant credit and debit card processing, automated teller machines, cash management services, lockbox processing, online banking services, remote deposit capture, safe deposit boxes, and individual retirement accounts; investment products and services through a third-party broker dealer; and title insurance broker services, as well as SBA loans, commercial lines of credit, and letters of credit. Dime Community Bancshares, Inc. was founded in 1910 and is headquartered in Hauppauge, New York.", "fullTimeEmployees": 823, "companyOfficers": [{"maxAge": 1, "name": "Mr. Kenneth J. Mahon", "age": 71, "title": "Exec. Chairman", "yearBorn": 1951, "fiscalYear": 2022, "totalPay": 104500, "exercisedValue": 0, "unexercisedValue": 0}, {"maxAge": 1, "name": "Mr. Kevin M. O'Connor", "age": 59, "title": "CEO & Director", "yearBorn": 1963, "fiscalYear": 2022, "totalPay": 3101912, "exercisedValue": 0, "unexercisedValue": 0}, {"maxAge": 1, "name": "Mr. Stuart H. Lubow", "age": 64, "title": "COO & Pres", "yearBorn": 1958, "fiscalYear": 2022, "totalPay": 2331068, "exercisedValue": 0, "unexercisedValue": 0}, {"maxAge": 1, "name": "Mr. Avinash  Reddy", "age": 37, "title": "Sr. EVP, CFO & Principal Accounting Officer", "yearBorn": 1985, "fiscalYear": 2022, "totalPay": 1150250, "exercisedValue": 0, "unexercisedValue": 0}, {"maxAge": 1, "name": "Ms. Patricia M. Schaubeck Esq.", "age": 61, "title": "Exec. VP, Gen. Counsel & Sec.", "yearBorn": 1961, "fiscalYear": 2022, "totalPay": 720466, "exercisedValue": 0, "unexercisedValue": 0}, {"maxAge": 1, "name": "Mr. Conrad J. Gunther Jr.", "age": 76, "title": "Sr. EVP & Chief Lending Officer", "yearBorn": 1946, "fiscalYear": 2022, "totalPay": 1058915, "exercisedValue": 0, "unexercisedValue": 0}, {"maxAge": 1, "name": "Mr. Michael J. Fegan", "age": 55, "title": "Exec. VP and Chief Technology & Operations Officer", "yearBorn": 1967, "exercisedValue": 0, "unexercisedValue": 0}, {"maxAge": 1, "name": "Ms. Julie  Levy", "age": 58, "title": "Exec. VP & Chief Marketing Officer", "yearBorn": 1964, "exercisedValue": 0, "unexercisedValue": 0}, {"maxAge": 1, "name": "Mr. Mario  Caracappa", "title": "EVP, Director of Treasury Management, Sales & Service", "exercisedValue": 0, "unexercisedValue": 0}, {"maxAge": 1, "name": "Mr. Austin  Stonitsch", "age": 66, "title": "Exec. VP & Chief HR Officer", "yearBorn": 1956, "exercisedValue": 0, "unexercisedValue": 0}], "auditRisk": 8, "boardRisk": 4, "compensationRisk": 10, "shareHolderRightsRisk": 7, "overallRisk": 8, "governanceEpochDate": "2023-04-30 20:00:00", "compensationAsOfEpochDate": "2022-12-30 19:00:00", "maxAge": 86400, "latitude": 40.818926370081776, "longitude": -73.20003238284465}