{"address1": "437 Madison Avenue", "address2": "27th Floor", "city": "New York", "state": "NY", "zip": "10022", "country": "United States", "phone": "646 978 5180", "industry": "Shell Companies", "industryDisp": "Shell Companies", "sector": "Financial Services", "longBusinessSummary": "Denali Capital Acquisition Corp. does not have significant operations. The company focuses on effecting a merger, share exchange, asset acquisition, share purchase, reorganization, or other business combination with one or more businesses or entities. It intends to complete a business combination with companies primarily operating in the technology, consumer, and hospitality sectors. The company was incorporated in 2022 and is based in New York, New York.", "companyOfficers": [{"maxAge": 1, "name": "Mr. Lei  Huang", "age": 50, "title": "CEO & Director", "yearBorn": 1972, "exercisedValue": 0, "unexercisedValue": 0}, {"maxAge": 1, "name": "Mr. You  Sun", "age": 35, "title": "Chief Financial Officer", "yearBorn": 1987, "exercisedValue": 0, "unexercisedValue": 0}], "maxAge": 86400, "latitude": 40.75747889967519, "longitude": -73.97564426715283}