{"address1": "35 West Wacker Drive", "city": "Chicago", "state": "IL", "zip": "60601", "country": "United States", "phone": "800 823 5304", "website": "https://www.dfinsolutions.com", "industry": "Capital Markets", "industryDisp": "Capital Markets", "sector": "Financial Services", "longBusinessSummary": "Donnelley Financial Solutions, Inc. operates as a risk and compliance solutions company worldwide. The company operates through four segments: Capital Markets \u0096 Software Solutions (CM-SS), Capital Markets \u0096 Compliance and Communications Management (CM-CCM), Investment Companies \u0096 Software Solutions (IC-SS), and Investment Companies \u0096 Compliance and Communications Management (IC-CCM). The CM-SS segment provides Venue, ActiveDisclosure, eBrevia, and other solutions to public and private companies to manage public and private transactional and compliance processes; extract data and analyze contracts; collaborate; and tag, validate, and file SEC documents. The CM-CCM segment offers tech-enabled services and print and distribution solutions to public and private companies for deal solutions and SEC compliance requirements. The IC-SS segment provides clients with the Arc Suite platform that contains a comprehensive suite of cloud-based solutions, including ArcDigital, ArcReporting, ArcPro, and ArcRegulatory, as well as services that enable storage and management of compliance and regulatory information in a self-service and central repository for accessing, assembling, editing, translating, rendering, and submitting documents to regulators and investors. The IC-CCM segment offers its investment companies clients with tech-enabled services to prepare, file, and distribute registration forms, as well as XBRL-formatted filings pursuant to the Investment Act, through the SEC's EDGAR system. This segment also provides print and distribution solutions for its clients to communicate with their investors. Donnelley Financial Solutions, Inc. was founded in 1983 and is headquartered in Chicago, Illinois.", "fullTimeEmployees": 2150, "companyOfficers": [{"maxAge": 1, "name": "Mr. Daniel N. Leib", "age": 56, "title": "Pres, CEO & Director", "yearBorn": 1966, "fiscalYear": 2022, "totalPay": 3435569, "exercisedValue": 0, "unexercisedValue": 5198192}, {"maxAge": 1, "name": "Mr. David A. Gardella", "age": 52, "title": "Exec. VP & CFO", "yearBorn": 1970, "fiscalYear": 2022, "totalPay": 1457992, "exercisedValue": 0, "unexercisedValue": 1437828}, {"maxAge": 1, "name": "Ms. Jennifer B. Reiners", "age": 56, "title": "Exec. VP, Chief Compliance Officer, Gen. Counsel & Sec.", "yearBorn": 1966, "fiscalYear": 2022, "totalPay": 954624, "exercisedValue": 0, "unexercisedValue": 685540}, {"maxAge": 1, "name": "Mr. Craig D. Clay", "age": 52, "title": "Pres of Global Capital Markets", "yearBorn": 1970, "fiscalYear": 2022, "totalPay": 1172763, "exercisedValue": 0, "unexercisedValue": 852418}, {"maxAge": 1, "name": "Mr. Eric J. Johnson", "age": 54, "title": "Pres of Global Investment Companies", "yearBorn": 1968, "fiscalYear": 2022, "totalPay": 1385828, "exercisedValue": 0, "unexercisedValue": 374668}, {"maxAge": 1, "name": "Mr. Jons  Besch", "title": "Chief Operations & Production Officer", "exercisedValue": 0, "unexercisedValue": 0}, {"maxAge": 1, "name": "Ms. Kami S. Turner", "age": 47, "title": "Sr. VP, Chief Accounting Officer & Controller", "yearBorn": 1975, "fiscalYear": 2020, "exercisedValue": 0, "unexercisedValue": 0}, {"maxAge": 1, "name": "Mr. Eric W. Foster", "age": 50, "title": "Chief Information Officer", "yearBorn": 1972, "exercisedValue": 0, "unexercisedValue": 0}, {"maxAge": 1, "name": "Mr. Michael  Zhao", "title": "Head of Investor Relations", "exercisedValue": 0, "unexercisedValue": 0}, {"maxAge": 1, "name": "Karen  Clanton", "title": "VP of Corp. Communications", "exercisedValue": 0, "unexercisedValue": 0}], "auditRisk": 1, "boardRisk": 1, "compensationRisk": 3, "shareHolderRightsRisk": 3, "overallRisk": 1, "governanceEpochDate": "2023-04-30 20:00:00", "compensationAsOfEpochDate": "2022-12-30 19:00:00", "maxAge": 86400, "latitude": 41.88641799236015, "longitude": -87.62906699796629}