{"address1": "2500 Lake Cook Road", "city": "Riverwoods", "state": "IL", "zip": "60015", "country": "United States", "phone": "224 405 0900", "website": "https://www.discover.com", "industry": "Credit Services", "industryDisp": "Credit Services", "sector": "Financial Services", "longBusinessSummary": "Discover Financial Services, through its subsidiaries, provides digital banking products and services, and payment services in the United States. It operates in two segments, Digital Banking and Payment Services. The Digital Banking segment offers Discover-branded credit cards to individuals; private student loans, personal loans, home loans, and other consumer lending; and direct-to-consumer deposit products comprising savings accounts, certificates of deposit, money market accounts, IRA certificates of deposit, IRA savings accounts and checking accounts, and sweep accounts. The Payment Services segment operates the PULSE, an automated teller machine, debit, and electronic funds transfer network; and Diners Club International, a payments network that issues Diners Club branded charge cards and/or provides card acceptance services, as well as offers payment transaction processing and settlement services. The company was incorporated in 1960 and is based in Riverwoods, Illinois.", "fullTimeEmployees": 20200, "companyOfficers": [{"maxAge": 1, "name": "Mr. Roger Crosby Hochschild", "age": 57, "title": "CEO, Pres & Director", "yearBorn": 1965, "fiscalYear": 2022, "totalPay": 2641942, "exercisedValue": 0, "unexercisedValue": 0}, {"maxAge": 1, "name": "Mr. John Thomas Greene", "age": 56, "title": "Exec. VP & CFO", "yearBorn": 1966, "fiscalYear": 2022, "totalPay": 2253065, "exercisedValue": 0, "unexercisedValue": 0}, {"maxAge": 1, "name": "Mr. Amir S. Arooni", "age": 57, "title": "Exec. VP & Chief Information Officer", "yearBorn": 1965, "fiscalYear": 2022, "totalPay": 2202632, "exercisedValue": 0, "unexercisedValue": 0}, {"maxAge": 1, "name": "Ms. Diane E. Offereins", "age": 64, "title": "Exec. VP & Pres of Payment Services", "yearBorn": 1958, "fiscalYear": 2022, "totalPay": 2115585, "exercisedValue": 0, "unexercisedValue": 0}, {"maxAge": 1, "name": "Mr. Daniel Peter Capozzi", "age": 50, "title": "Exec. VP & Pres of US Cards", "yearBorn": 1972, "fiscalYear": 2022, "totalPay": 2316957, "exercisedValue": 0, "unexercisedValue": 0}, {"maxAge": 1, "name": "Ms. Shifra  Kolsky", "title": "Chief Accounting Officer, Sr. VP & Controller", "exercisedValue": 0, "unexercisedValue": 0}, {"maxAge": 1, "name": "Mr. R. Andrew Eichfeld", "age": 52, "title": "Exec. VP and Chief HR & Admin. Officer", "yearBorn": 1970, "exercisedValue": 0, "unexercisedValue": 0}, {"maxAge": 1, "name": "Mr. Eric Edmund Wasserstrom", "title": "Head of Investor Relations", "exercisedValue": 0, "unexercisedValue": 0}, {"maxAge": 1, "name": "Ms. Hope D. Mehlman", "age": 57, "title": "Exec. VP, Chief Legal Officer, Gen. Counsel & Sec.", "yearBorn": 1965, "exercisedValue": 0, "unexercisedValue": 0}, {"maxAge": 1, "name": "Ms. Leslie  Sutton", "title": "VP of Corp. Communications", "exercisedValue": 0, "unexercisedValue": 0}], "auditRisk": 8, "boardRisk": 2, "compensationRisk": 8, "shareHolderRightsRisk": 5, "overallRisk": 6, "governanceEpochDate": "2023-04-30 20:00:00", "compensationAsOfEpochDate": "2022-12-30 19:00:00", "maxAge": 86400, "latitude": 42.156777327021956, "longitude": -87.89002104098444}