{"address1": "1195 River Road", "address2": "P.O. Box 302", "city": "Marietta", "state": "PA", "zip": "17547-0302", "country": "United States", "phone": "800 877 0600", "website": "https://www.donegalgroup.com", "industry": "Insurance\u2014Property & Casualty", "industryDisp": "Insurance\u2014Property & Casualty", "sector": "Financial Services", "longBusinessSummary": "Donegal Group Inc., an insurance holding company, provides personal and commercial lines of property and casualty insurance to businesses and individuals. It operates through three segments: Investment Function, Personal Lines of Insurance, and Commercial Lines of Insurance. The company offers private passenger automobile policies that provide protection against liability for bodily injury and property damage arising from automobile accidents, as well as protection against loss from damage to automobiles; and homeowners policies, which provide coverage for damage to residences and their contents from a range of perils, including fire, lightning, windstorm, and theft, as well as liability of the insured arising from injury to other persons or their property. It also offers commercial automobile policies that provide protection against liability for bodily injury and property damage arising from automobile accidents and protection against loss from damage to automobiles owned by the insured; commercial multi-peril policies that provide protection to businesses against combining liability and physical damage coverages; and workers' compensation policies, which provide benefits to employees for injuries sustained during employment. The company markets its insurance products primarily to Mid-Atlantic, Midwestern, New England, Southern, and Southwestern regions through approximately 2,300 independent insurance agencies. Donegal Group Inc. was founded in 1889 and is headquartered in Marietta, Pennsylvania. Donegal Group Inc. operates as a subsidiary of Donegal Mutual Insurance Company.", "companyOfficers": [{"maxAge": 1, "name": "Mr. Kevin Gerard Burke", "age": 56, "title": "Pres, CEO & Chairman", "yearBorn": 1966, "fiscalYear": 2016, "exercisedValue": 0, "unexercisedValue": 0}, {"maxAge": 1, "name": "Mr. Jeffrey Dean Miller", "age": 58, "title": "Exec. VP & CFO", "yearBorn": 1964, "fiscalYear": 2016, "exercisedValue": 0, "unexercisedValue": 0}, {"maxAge": 1, "name": "Mr. Sanjay  Pandey", "age": 55, "title": "Sr. VP & Chief Information Officer", "yearBorn": 1967, "fiscalYear": 2016, "exercisedValue": 0, "unexercisedValue": 0}, {"maxAge": 1, "name": "Mr. Jeffery Tim Hay", "age": 46, "title": "Sr. VP", "yearBorn": 1976, "fiscalYear": 2022, "totalPay": 612609, "exercisedValue": 0, "unexercisedValue": 867}, {"maxAge": 1, "name": "Mr. Daniel John Wagner", "age": 61, "title": "Sr. VP & Treasurer", "yearBorn": 1961, "fiscalYear": 2016, "exercisedValue": 0, "unexercisedValue": 0}, {"maxAge": 1, "name": "Mr. Vincent Anthony Viozzi", "age": 48, "title": "Sr. VP & Chief Investment Officer", "yearBorn": 1974, "exercisedValue": 0, "unexercisedValue": 0}, {"maxAge": 1, "name": "Mr. Robert Richard Long Jr.", "age": 63, "title": "Sr. VP & Gen. Counsel", "yearBorn": 1959, "exercisedValue": 0, "unexercisedValue": 0}, {"maxAge": 1, "name": "Ms. Christina Marie Hoffman", "age": 47, "title": "Sr. VP & Chief Risk Officer", "yearBorn": 1975, "exercisedValue": 0, "unexercisedValue": 0}, {"maxAge": 1, "name": "Mr. William Albert Folmar", "age": 63, "title": "Sr. VP", "yearBorn": 1959, "exercisedValue": 0, "unexercisedValue": 0}, {"maxAge": 1, "name": "Kristi S. Altshuler", "age": 41, "title": "Sr. VP & Chief Analytics Officer", "yearBorn": 1981, "exercisedValue": 0, "unexercisedValue": 0}], "auditRisk": 2, "boardRisk": 10, "compensationRisk": 6, "shareHolderRightsRisk": 10, "overallRisk": 9, "governanceEpochDate": "2023-04-30 20:00:00", "compensationAsOfEpochDate": "2022-12-30 19:00:00", "maxAge": 86400, "latitude": 40.06144100803019, "longitude": -76.54872299942595}