{"address1": "980 North Federal Highway", "address2": "Suite 304", "city": "Boca Raton", "state": "FL", "zip": "33432", "country": "United States", "phone": "561 672 7068", "website": "https://digitalhealthacquisition.com", "industry": "Shell Companies", "industryDisp": "Shell Companies", "sector": "Financial Services", "longBusinessSummary": "Digital Health Acquisition Corp. does not have significant operations. The company focuses on effecting a merger, capital stock exchange, asset acquisition, stock purchase, reorganization, or similar business combination with one or more businesses. It intends to focus on technology and healthcare focused businesses. Digital Health Acquisition Corp. was incorporated in 2021 and is based in Boca Raton, Florida.", "companyOfficers": [{"maxAge": 1, "name": "Dr. Scott J. Wolf M.D.", "age": 56, "title": "CEO, Corp. Sec. & Chairman", "yearBorn": 1966, "exercisedValue": 0, "unexercisedValue": 0}, {"maxAge": 1, "name": "Mr. Daniel J. Sullivan", "age": 64, "title": "CFO, Treasurer, Sec. & Director", "yearBorn": 1958, "exercisedValue": 0, "unexercisedValue": 0}], "maxAge": 86400, "latitude": 26.359483998436247, "longitude": -80.08306001316899}