{"address1": "535 Silicon Drive", "address2": "Suite 100", "city": "Southlake", "state": "TX", "zip": "76092", "country": "United States", "phone": "310-228-2894", "website": "https://www.dhcacquisition.partners", "industry": "Shell Companies", "industryDisp": "Shell Companies", "sector": "Financial Services", "longBusinessSummary": "DHC Acquisition Corp. does not have significant operations. It focuses on effecting a merger, share exchange, asset acquisition, share purchase, reorganization, or similar business combination with one or more businesses or entities. The company intends to focus its search on technology and technology-enabled business in the automotive, consumer, aerospace/defense, enterprise software, or E-commerce sectors. DHC Acquisition Corp. was incorporated in 2020 and is based in Southlake, Texas.", "companyOfficers": [{"maxAge": 1, "name": "Mr. Christopher  Gaertner", "age": 59, "title": "Co-CEO, CFO & Director", "yearBorn": 1963, "exercisedValue": 0, "unexercisedValue": 0}, {"maxAge": 1, "name": "Mr. Thomas  Morgan Jr.", "age": 60, "title": "Co-CEO & Director", "yearBorn": 1962, "exercisedValue": 0, "unexercisedValue": 0}], "maxAge": 86400, "latitude": 32.93331401559213, "longitude": -97.1099009630782}