{"address1": "325 John H. McConnell Boulevard", "address2": "Suite 200", "city": "Columbus", "state": "OH", "zip": "43215", "country": "United States", "phone": "614 255 3333", "fax": "614 255 3363", "website": "https://www.diamond-hill.com", "industry": "Asset Management", "industryDisp": "Asset Management", "sector": "Financial Services", "longBusinessSummary": "Diamond Hill Investment Group, Inc., through its subsidiary, Diamond Hill Capital Management, Inc., provides investment advisory and fund administration services in the United States. It sponsors, distributes, and offers investment advisory and related services to its clients through pooled investment vehicles, including the Diamond Hill Funds, separately managed accounts, and model delivery programs. The company also provides fund administration services, including portfolio and regulatory compliance, treasury and financial oversight, and general business management and governance of the mutual fund complex, as well as oversight of back-office service providers, such as the custodian, fund accountant, and transfer agent. Diamond Hill Investment Group, Inc. was founded in 1990 and is based in Columbus, Ohio.", "fullTimeEmployees": 129, "companyOfficers": [{"maxAge": 1, "name": "Ms. Heather Elizabeth Brilliant C.F.A.", "age": 45, "title": "Pres, CEO & Director", "yearBorn": 1977, "fiscalYear": 2022, "totalPay": 2349171, "exercisedValue": 0, "unexercisedValue": 0}, {"maxAge": 1, "name": "Mr. Thomas Edward Line CPA", "age": 55, "title": "CFO & Treasurer", "yearBorn": 1967, "fiscalYear": 2022, "totalPay": 918100, "exercisedValue": 0, "unexercisedValue": 0}, {"maxAge": 1, "name": "Mr. Matthew J. Stadelman C.F.A., CFA", "title": "Chief Investment Officer", "exercisedValue": 0, "unexercisedValue": 0}, {"maxAge": 1, "name": "Mr. Gary Richard Young", "age": 52, "title": "MD of Admin. & Chief Compliance Officer", "yearBorn": 1970, "exercisedValue": 0, "unexercisedValue": 0}, {"maxAge": 1, "name": "Ms. Carlotta D. King", "title": "Gen. Counsel & Corp. Sec.", "exercisedValue": 0, "unexercisedValue": 0}, {"maxAge": 1, "name": "Ms. Susan  Stuart CFA", "title": "Head of Communications", "exercisedValue": 0, "unexercisedValue": 0}, {"maxAge": 1, "name": "Ms. Lara  Hoffmans C.F.A.", "title": "Managing Director of Marketing", "exercisedValue": 0, "unexercisedValue": 0}, {"maxAge": 1, "name": "Ms. Anna  Corona", "title": "Chief People Officer", "exercisedValue": 0, "unexercisedValue": 0}, {"maxAge": 1, "name": "Ms. Jo Ann Quinif", "age": 46, "title": "Chief Client Officer", "yearBorn": 1976, "exercisedValue": 0, "unexercisedValue": 0}, {"maxAge": 1, "name": "Mr. Jeffrey J. Cook CPA", "age": 41, "title": "Controller", "yearBorn": 1981, "exercisedValue": 0, "unexercisedValue": 0}], "auditRisk": 4, "boardRisk": 1, "compensationRisk": 4, "shareHolderRightsRisk": 2, "overallRisk": 2, "governanceEpochDate": "2023-04-30 20:00:00", "compensationAsOfEpochDate": "2022-12-30 19:00:00", "maxAge": 86400, "latitude": 39.96790500356252, "longitude": -83.00808304129545}