{"address1": "11501 Rock Rose Avenue", "address2": "Suite 200", "city": "Austin", "state": "TX", "zip": "78758", "country": "United States", "phone": "424 205 6858", "website": "https://www.disruptiveacquisitioncorp.com", "industry": "Shell Companies", "industryDisp": "Shell Companies", "sector": "Financial Services", "longBusinessSummary": "Disruptive Acquisition Corporation I does not have significant operations. The company focuses on effecting a merger, share exchange, asset acquisition, share purchase, reorganization, or similar business combination with one or more businesses. The company was incorporated in 2020 and is based in Austin, Texas.", "companyOfficers": [{"maxAge": 1, "name": "Mr. Alexander J. Davis", "age": 39, "title": "Chairman & CEO", "yearBorn": 1983, "exercisedValue": 0, "unexercisedValue": 0}, {"maxAge": 1, "name": "Mr. Phillip C. Caputo", "age": 41, "title": "Chief Financial Officer", "yearBorn": 1981, "exercisedValue": 0, "unexercisedValue": 0}, {"maxAge": 1, "name": "Mr. David M. Tarnowski", "age": 40, "title": "COO & Director", "yearBorn": 1982, "exercisedValue": 0, "unexercisedValue": 0}], "maxAge": 86400, "latitude": 30.40082699637898, "longitude": -97.72262898167718}