{"address1": "Unit 1006, Block C", "address2": "Jinshangjun Park No. 2 Xiaoba Road Panlong District", "city": "Kunming", "country": "China", "phone": "86 871 6362 4579", "industry": "Shell Companies", "industryDisp": "Shell Companies", "sector": "Financial Services", "longBusinessSummary": "Distoken Acquisition Corporation does not have significant operations. The company focus on effecting a merger, share exchange, asset acquisition, share purchase, recapitalization, reorganization or similar business combination with one or more businesses or entities. It intends to focus on businesses in the technology industry that operates in Asia. Distoken Acquisition Corporation was incorporated in 2020 and is based in Kunming, China.", "companyOfficers": [{"maxAge": 1, "name": "Mr. Jian  Zhang", "age": 39, "title": "CEO & Chairman", "yearBorn": 1983, "exercisedValue": 0, "unexercisedValue": 0}, {"maxAge": 1, "name": "Mr. Jirong  Lyu", "age": 38, "title": "CFO & Director", "yearBorn": 1984, "exercisedValue": 0, "unexercisedValue": 0}, {"maxAge": 1, "name": "Mr. Zhanming  Zhang", "age": 30, "title": "Chief Investment Officer", "yearBorn": 1992, "exercisedValue": 0, "unexercisedValue": 0}, {"maxAge": 1, "name": "Mr. Yiwen  Ma", "age": 36, "title": "Chief Technology Officer", "yearBorn": 1986, "exercisedValue": 0, "unexercisedValue": 0}], "maxAge": 86400, "latitude": 25.038890000000038, "longitude": 102.71833000000004}