{"address1": "Frome Business Park", "address2": "Unit G6 Manor Road", "city": "Frome", "zip": "BA11 4FN", "country": "United Kingdom", "phone": "44 203 8334000", "industry": "Shell Companies", "industryDisp": "Shell Companies", "sector": "Financial Services", "longBusinessSummary": "Data Knights Acquisition Corp. does not have significant operations. The company intends to effect a merger, capital stock exchange, asset acquisition, stock purchase, reorganization, or similar business combination with one or more businesses in the data centers and internet technology sectors. Data Knights Acquisition Corp. was incorporated in 2021 and is based in Frome, the United Kingdom.", "companyOfficers": [{"maxAge": 1, "name": "Mr. Barry  Anderson", "age": 45, "title": "Chairman & CEO", "yearBorn": 1977, "exercisedValue": 0, "unexercisedValue": 0}, {"maxAge": 1, "name": "Mr. Firdauz Edmin Bin Mokhtar", "age": 49, "title": "CFO & Sec.", "yearBorn": 1973, "exercisedValue": 0, "unexercisedValue": 0}], "maxAge": 86400, "latitude": 51.22038001717087, "longitude": -2.323170025983444}