{"address1": "595 Madison Avenue", "address2": "12th Floor", "city": "New York", "state": "NY", "zip": "10017", "country": "United States", "phone": "917 289 2776", "industry": "Shell Companies", "industryDisp": "Shell Companies", "sector": "Financial Services", "longBusinessSummary": "Deep Medicine Acquisition Corp. does not have significant operations. The company intends to effect a merger, capital stock exchange, asset acquisition, stock purchase, reorganization, or similar business combination with one or more businesses. It focuses on identifying businesses in the healthcare industry. The company was incorporated in 2020 and is based in New York, New York.", "companyOfficers": [{"maxAge": 1, "name": "Mr. Humphrey P. Polanen", "age": 72, "title": "CEO & Chairman", "yearBorn": 1950, "fiscalYear": 2022, "totalPay": 0, "exercisedValue": 0, "unexercisedValue": 0}, {"maxAge": 1, "name": "Ms. Weixuan  Luo CPA, MS", "age": 49, "title": "Chief Financial Officer", "yearBorn": 1973, "exercisedValue": 0, "unexercisedValue": 0}], "compensationAsOfEpochDate": "2022-12-30 19:00:00", "maxAge": 86400, "latitude": 40.76245024835805, "longitude": -73.97206896635335}