{"address1": "1180 North Town Center Drive", "address2": "Suite 100", "city": "Las Vegas", "state": "NV", "zip": "89144", "country": "United States", "phone": "702 781 4313", "website": "https://www.dmysquared.com", "industry": "Shell Companies", "industryDisp": "Shell Companies", "sector": "Financial Services", "longBusinessSummary": "dMY Squared Technology Group, Inc. does not have significant operations. The company focuses on effecting a merger, capital stock exchange, asset acquisition, stock purchase, reorganization, or similar business combination with one or more businesses. It intends to identify and evaluate businesses in the professional service industry that provide accounting, legal, financial, advisory, and other services to public companies or private companies that are in the process of becoming public companies. The company was incorporated in 2022 and is based in Las Vegas, Nevada.", "companyOfficers": [{"maxAge": 1, "name": "Mr. Niccolo Mcleod de Masi", "age": 42, "title": "CEO & Director", "yearBorn": 1980, "exercisedValue": 0, "unexercisedValue": 0}], "maxAge": 86400, "latitude": 36.18210498531447, "longitude": -115.31046702308136}