{"address1": "2850 West Horizon Ridge Parkway", "address2": "Suite 200", "city": "Henderson", "state": "NV", "zip": "89052", "country": "United States", "phone": "(650) 521-9007", "website": "https://www.socialcapitalsuvrettaholdings.com/transactions/dnad", "industry": "Shell Companies", "industryDisp": "Shell Companies", "sector": "Financial Services", "longBusinessSummary": "Social Capital Suvretta Holdings Corp. IV does not have significant operations. The company intends to effect a merger, share exchange, asset acquisition, share purchase, reorganization, or similar business combination with one or more businesses in the biotechnology industry. Social Capital Suvretta Holdings Corp. IV was incorporated in 2021 and is based in Henderson, Nevada.", "companyOfficers": [{"maxAge": 1, "name": "Mr. Chamath  Palihapitiya", "age": 45, "title": "Chairman & CEO", "yearBorn": 1977, "exercisedValue": 0, "unexercisedValue": 0}, {"maxAge": 1, "name": "Mr. Kishan  Mehta", "age": 36, "title": "Pres & Director", "yearBorn": 1986, "exercisedValue": 0, "unexercisedValue": 0}, {"maxAge": 1, "name": "Dr. James  Ryans Ph.D.", "age": 46, "title": "Chief Financial Officer", "yearBorn": 1976, "exercisedValue": 0, "unexercisedValue": 0}, {"maxAge": 1, "name": "Mr. Shoney  Katz", "age": 47, "title": "Director of Research", "yearBorn": 1975, "exercisedValue": 0, "unexercisedValue": 0}], "maxAge": 86400, "latitude": 35.999539003707255, "longitude": -115.1118819672204}