{"address1": "5335 Gate Parkway", "city": "Jacksonville", "state": "FL", "zip": "32256", "country": "United States", "phone": "904 648 6350", "website": "https://www.dnb.com", "industry": "Financial Data & Stock Exchanges", "industryDisp": "Financial Data & Stock Exchanges", "sector": "Financial Services", "longBusinessSummary": "Dun & Bradstreet Holdings, Inc. provides business decisioning data and analytics in North America and internationally. It offers finance and risk solutions, including D&B Finance Analytics, an online application that offers clients real time access to its information, comprehensive monitoring, and portfolio analysis; D&B Direct, an application programming interface (API) that delivers risk and financial data directly into enterprise applications for real-time credit decision making; D&B Small Business, a suite of powerful tools that allows SMBs to monitor and build their business credit file; D&B Enterprise Risk Assessment Manager, a solution for managing and automating credit decisioning and reporting; and D&B Risk Analytics, a subscription-based online application that offers clients real-time access to complete and up-to-date global information. The company also provides risk and compliance solutions, such as D&B Supplier Risk Manager that provides insights to help certify, monitor, analyze, and mitigate risk across the supply chain; D&B Onboard to provide comprehensive insights into businesses to facilitate KYC/AML compliance, as well as to minimize financial, legal, and reputational risk exposure; and D&B Beneficial Ownership that offers risk intelligence on ultimate beneficial ownership. It offers sales and marketing solutions, including D&B Connect, a self-service data management platform; D&B Optimizer, an integrated data management solution; D&B Rev.Up ABX, an open and agnostic platform that aligns marketing and sales teams to deliver an optimal and coordinated buying; D&B Hoovers, a sales intelligence solution; D&B Audience Targeting, which helps clients to reach the right audiences with the right messages; D&B Visitor Intelligence that turns web visitors into leads; D&B Direct, an API-enabled data management solution; and InfoTorg, an online SaaS application. The company was founded in 1841 and is headquartered in Jacksonville, Florida.", "fullTimeEmployees": 6355, "companyOfficers": [{"maxAge": 1, "name": "Mr. William Patrick Foley II", "age": 77, "title": "Exec. Chairman", "yearBorn": 1945, "fiscalYear": 2022, "totalPay": 435085, "exercisedValue": 0, "unexercisedValue": 0}, {"maxAge": 1, "name": "Mr. Anthony M. Jabbour", "age": 54, "title": "CEO & Director", "yearBorn": 1968, "fiscalYear": 2022, "totalPay": 844206, "exercisedValue": 0, "unexercisedValue": 0}, {"maxAge": 1, "name": "Mr. Bryan T. Hipsher", "age": 39, "title": "CFO, Exec. VP & Treasurer", "yearBorn": 1983, "fiscalYear": 2022, "totalPay": 1014487, "exercisedValue": 0, "unexercisedValue": 0}, {"maxAge": 1, "name": "Mr. Neeraj  Sahai", "age": 64, "title": "Pres of International", "yearBorn": 1958, "fiscalYear": 2022, "totalPay": 1549821, "exercisedValue": 0, "unexercisedValue": 0}, {"maxAge": 1, "name": "Ms. Virginia  Gomez", "title": "Pres of North America", "fiscalYear": 2022, "totalPay": 867536, "exercisedValue": 0, "unexercisedValue": 0}, {"maxAge": 1, "name": "Mr. Anthony  Pietrontone Jr.", "title": "Chief Accounting Officer & Corp. Controller", "exercisedValue": 0, "unexercisedValue": 0}, {"maxAge": 1, "name": "Mr. Michael  Manos", "title": "Chief Technology Officer", "exercisedValue": 0, "unexercisedValue": 0}, {"maxAge": 1, "name": "Mr. Joseph A. Reinhardt III", "age": 59, "title": "Chief Legal Officer", "yearBorn": 1963, "fiscalYear": 2021, "exercisedValue": 0, "unexercisedValue": 0}, {"maxAge": 1, "name": "Ms. Michele  Caselnova", "title": "Chief Sustainability & Communications Officer", "exercisedValue": 0, "unexercisedValue": 0}, {"maxAge": 1, "name": "Ms. Roslynn  Williams", "age": 46, "title": "Chief People Officer", "yearBorn": 1976, "fiscalYear": 2016, "exercisedValue": 0, "unexercisedValue": 0}], "auditRisk": 3, "boardRisk": 8, "compensationRisk": 4, "shareHolderRightsRisk": 3, "overallRisk": 5, "governanceEpochDate": "2023-04-30 20:00:00", "compensationAsOfEpochDate": "2022-12-30 19:00:00", "maxAge": 86400, "latitude": 30.249294005450466, "longitude": -81.52680402692724}