{"address1": "341 Newbury St", "address2": "6th Floor", "city": "Boston", "state": "MA", "zip": "02115", "country": "United States", "phone": "617 874 5152", "website": "https://www.datapointcapital.com", "industry": "Shell Companies", "industryDisp": "Shell Companies", "sector": "Financial Services", "longBusinessSummary": "DP Cap Acquisition Corp I does not have significant operations. It focuses on effecting a merger, share exchange, asset acquisition, share purchase, reorganization, or similar business combination with one or more businesses or entities in the tech-enabled consumer and technology sectors. DP Cap Acquisition Corp I was incorporated in 2021 and is based in Boston, Massachusetts.", "companyOfficers": [{"maxAge": 1, "name": "Mr. Scott L. Savitz", "age": 53, "title": "CEO & Chairman", "yearBorn": 1969, "exercisedValue": 0, "unexercisedValue": 0}, {"maxAge": 1, "name": "Mr. Daniel  Lynch", "age": 36, "title": "CFO & Principal Accounting Officer", "yearBorn": 1986, "exercisedValue": 0, "unexercisedValue": 0}], "maxAge": 86400, "latitude": 42.34867735409583, "longitude": -71.0868612355957}