{"address1": "5800 Democracy Drive", "city": "Plano", "state": "TX", "zip": "75024", "country": "United States", "phone": "214 380 6020", "website": "https://www.dsacquisition.com", "industry": "Shell Companies", "industryDisp": "Shell Companies", "sector": "Financial Services", "longBusinessSummary": "Direct Selling Acquisition Corp. does not have significant operations. The company intends to effect a merger, stock exchange, asset acquisition, stock purchase, reorganization, or similar business combination with one or more businesses. The company was incorporated in 2021 and is based in Plano, Texas.", "companyOfficers": [{"maxAge": 1, "name": "Mr. David A. Wentz", "age": 51, "title": "Chairman & CEO", "yearBorn": 1971, "exercisedValue": 0, "unexercisedValue": 0}, {"maxAge": 1, "name": "Mr. Michael D. Lohner", "age": 59, "title": "Pres, CFO & Director", "yearBorn": 1963, "exercisedValue": 0, "unexercisedValue": 0}, {"maxAge": 1, "name": "Mr. Wayne Lee Moorehead", "age": 47, "title": "Chief Strategy Officer & Director", "yearBorn": 1975, "exercisedValue": 0, "unexercisedValue": 0}], "maxAge": 86400, "latitude": 33.0678700064625, "longitude": -96.82259999998966}