{"address1": "10250 Constellation Blvd", "address2": "Suite 23126", "city": "Los Angeles", "state": "CA", "zip": "90067", "country": "United States", "phone": "360-949-1111", "website": "https://www.dtocorp.com", "industry": "Shell Companies", "industryDisp": "Shell Companies", "sector": "Financial Services", "longBusinessSummary": "Digital Transformation Opportunities Corp. does not have significant operations. It intends to effect a merger, capital stock exchange, asset acquisition, stock purchase, reorganization, or related business combination with one or more businesses or entities. Digital Transformation Opportunities Corp. was incorporated in 2020 and is based in Los Angles, California.", "companyOfficers": [{"maxAge": 1, "name": "Mr. Kevin  Nazemi", "age": 40, "title": "Chairman & CEO", "yearBorn": 1982, "exercisedValue": 0, "unexercisedValue": 0}, {"maxAge": 1, "name": "Mr. Kyle W. D. Francis", "age": 48, "title": "CFO & Sec.", "yearBorn": 1974, "exercisedValue": 0, "unexercisedValue": 0}], "maxAge": 86400, "latitude": 34.057092999134724, "longitude": -118.41745102704384}