{"address1": "V03-11-02, Designer Office", "address2": "V03, Lingkaran SV Sunway Velocity", "city": "Kuala Lumpur", "zip": "55100", "country": "Malaysia", "phone": "60 3 9201 1087", "website": "https://duet-corp.com", "industry": "Shell Companies", "industryDisp": "Shell Companies", "sector": "Financial Services", "longBusinessSummary": "DUET Acquisition Corp. does not have significant operations. It focuses on effecting a merger, capital stock exchange, asset acquisition, stock purchase, reorganization, or similar business combination with one or more businesses in technology sector. The company was incorporated in 2021 and is based in Kuala Lumpur, Malaysia.", "companyOfficers": [{"maxAge": 1, "name": "Mr. Yeoh Oon Lai", "age": 51, "title": "Co-CEO, Pres, Sec. & Treasurer", "yearBorn": 1971, "exercisedValue": 0, "unexercisedValue": 0}, {"maxAge": 1, "name": "Mr. Dharmendra  Magasvaran", "age": 44, "title": "Co-Chief Exec. Officer", "yearBorn": 1978, "exercisedValue": 0, "unexercisedValue": 0}, {"maxAge": 1, "name": "Mr. Keat Hin Lee", "age": 64, "title": "Chief Financial Officer", "yearBorn": 1958, "exercisedValue": 0, "unexercisedValue": 0}], "maxAge": 86400, "latitude": 3.1368150000000696, "longitude": 101.72494362000003}