{"address1": "700 South Rosemary Avenue", "address2": "Suite 204", "city": "West Palm Beach", "state": "FL", "zip": "33401", "country": "United States", "phone": "917 742 1904", "website": "https://duneacq.com", "industry": "Shell Companies", "industryDisp": "Shell Companies", "sector": "Financial Services", "longBusinessSummary": "Dune Acquisition Corporation does not have significant operations. It focuses on effecting a merger, capital stock exchange, asset acquisition, stock purchase, reorganization, or similar business combination with one or more businesses. It intends to focus on opportunities in the technology sector, primarily companies operating in a Software as a Service model. The company was incorporated in 2020 and is based in West Palm Beach, Florida.", "companyOfficers": [{"maxAge": 1, "name": "Mr. Carter  Glatt", "age": 28, "title": "CEO & Director", "yearBorn": 1994, "exercisedValue": 0, "unexercisedValue": 0}, {"maxAge": 1, "name": "Mr. Michael Anthony Castaldy", "age": 44, "title": "CFO & Director", "yearBorn": 1978, "exercisedValue": 0, "unexercisedValue": 0}], "maxAge": 86400, "latitude": 26.70744198686789, "longitude": -80.056605972376}