{"address1": "78 SW 7th Street", "city": "Miami", "state": "FL", "zip": "33130", "country": "United States", "phone": "305 735 1517", "website": "https://www.dwacspac.com", "industry": "Shell Companies", "industryDisp": "Shell Companies", "sector": "Financial Services", "longBusinessSummary": "Digital World Acquisition Corp. does not have significant operations. The company focuses on effecting a merger, capital stock exchange, asset acquisition, stock purchase, reorganization, or related business combination with one or more businesses. It intends to identify on technology-focused companies in the SaaS and technology, or fintech and financial services sector in the Americas. Digital World Acquisition Corp. was incorporated in 2020 and is based in Miami, Florida.", "companyOfficers": [{"maxAge": 1, "name": "Mr. Eric  Swider", "age": 49, "title": "Interim CEO & Director", "yearBorn": 1973, "exercisedValue": 0, "unexercisedValue": 0}, {"maxAge": 1, "name": "Mr. Alexander  Cano", "age": 48, "title": "Pres & Sec.", "yearBorn": 1974, "exercisedValue": 0, "unexercisedValue": 0}, {"maxAge": 1, "name": "Ms. Katherine  Chiles", "age": 41, "title": "Chief Financial Officer", "yearBorn": 1981, "exercisedValue": 0, "unexercisedValue": 0}], "maxAge": 86400, "latitude": 25.76715099428182, "longitude": -80.19376500518702}