{"address1": "Lianfa International Building", "address2": "27th Floor 128 Xu Dong Street Wuchang District", "city": "Wuhan", "zip": "430063", "country": "China", "phone": "86 27 8730 3888", "website": "https://hbctxed.com", "industry": "Credit Services", "industryDisp": "Credit Services", "sector": "Financial Services", "longBusinessSummary": "Dunxin Financial Holdings Limited, together with its subsidiaries, engages in the microfinance lending business in the People's Republic of China. It provides consumer, commercial, collateral-backed, and enterprise loans to individuals; micro, small, and medium sized enterprises; and sole proprietors. Dunxin Financial Holdings Limited is headquartered in Wuhan, China.", "fullTimeEmployees": 11, "companyOfficers": [{"maxAge": 1, "name": "Mr. Yuan  Gao", "title": "CEO & Chairman", "exercisedValue": 0, "unexercisedValue": 0}, {"maxAge": 1, "name": "Mr. Xiang  Zhou", "age": 47, "title": "Chief Financial Officer", "yearBorn": 1975, "exercisedValue": 0, "unexercisedValue": 0}, {"maxAge": 1, "name": "Mr. Weidong  Xu", "age": 53, "title": "COO & Director", "yearBorn": 1969, "exercisedValue": 0, "unexercisedValue": 0}, {"maxAge": 1, "name": "Ms. Wenting  Xiao", "age": 38, "title": "Chief Personal/Human Resource Officer", "yearBorn": 1984, "exercisedValue": 0, "unexercisedValue": 0}, {"maxAge": 1, "name": "Mr. Eric  Wu", "age": 46, "title": "Chief\u00a0Risk\u00a0Officer", "yearBorn": 1976, "exercisedValue": 0, "unexercisedValue": 0}], "maxAge": 86400, "latitude": 32.967940000000056, "longitude": 119.88999000000001}