{"address1": "888 7th Avenue", "address2": "Floor 29", "city": "New York", "state": "NY", "zip": "10106", "country": "United States", "phone": "212 603 2800", "website": "https://www.edifyacq.com", "industry": "Shell Companies", "industryDisp": "Shell Companies", "sector": "Financial Services", "longBusinessSummary": "Edify Acquisition Corp. does not have significant operations. It intends to effect a merger, share exchange, asset acquisition, share purchase, reorganization, or similar business combination with one or more businesses. Edify Acquisition Corp. was incorporated in 2020 and is based in New York, New York.", "companyOfficers": [{"maxAge": 1, "name": "Mr. Ronald H. Schlosser", "age": 73, "title": "Chief Exec. Officer", "yearBorn": 1949, "exercisedValue": 0, "unexercisedValue": 0}, {"maxAge": 1, "name": "Mr. Morris David Beyda", "age": 47, "title": "Chief Financial Officer", "yearBorn": 1975, "exercisedValue": 0, "unexercisedValue": 0}], "maxAge": 86400, "latitude": 40.76513472048805, "longitude": -73.980609790413}