{"address1": "265 Franklin Street", "city": "Boston", "state": "MA", "zip": "02110", "country": "United States", "phone": "800 327 8376", "website": "https://www.easternbank.com", "industry": "Banks\u2014Regional", "industryDisp": "Banks\u2014Regional", "sector": "Financial Services", "longBusinessSummary": "Eastern Bankshares, Inc. operates as the bank holding company for Eastern Bank that provides banking products and services primarily to retail, commercial, and small business customers. It operates in two segments, Banking Business and Insurance Agency Business. The company provides deposit accounts, interest checking accounts, money market accounts, savings accounts, and time certificates of deposit accounts. It also offers commercial and industrial, commercial real estate and construction, small business, residential real estate, and home equity loans; lines of credit; and other consumer loans comprising unsecured personal lines of credit, overdraft protection, automobile loans, home improvement loans, airplane loans, and other personal loans. In addition, the company provides trust, financial planning and portfolio management, automated lock box collection, cash management, and account reconciliation services; personal, business, and employee benefits insurance products. It operates branch offices in eastern Massachusetts and southern New Hampshire; and non-branch offices in eastern Massachusetts, and Providence, Rhode Island. Eastern Bankshares, Inc. was founded in 1818 and is headquartered in Boston, Massachusetts.", "fullTimeEmployees": 2100, "companyOfficers": [{"maxAge": 1, "name": "Mr. Robert F. Rivers", "age": 57, "title": "Chairman & CEO", "yearBorn": 1965, "fiscalYear": 2022, "totalPay": 2226468, "exercisedValue": 0, "unexercisedValue": 0}, {"maxAge": 1, "name": "Mr. Quincy L. Miller", "age": 47, "title": "Pres", "yearBorn": 1975, "fiscalYear": 2022, "totalPay": 1087566, "exercisedValue": 0, "unexercisedValue": 0}, {"maxAge": 1, "name": "Mr. James B. Fitzgerald", "age": 64, "title": "CFO, Chief Admin. Officer & Treasurer", "yearBorn": 1958, "fiscalYear": 2022, "totalPay": 1098810, "exercisedValue": 0, "unexercisedValue": 0}, {"maxAge": 1, "name": "Ms. Kathleen Cloherty Henry Esq.", "age": 49, "title": "Exec. VP, Gen. Counsel & Corp. Sec.", "yearBorn": 1973, "fiscalYear": 2022, "totalPay": 724525, "exercisedValue": 0, "unexercisedValue": 0}, {"maxAge": 1, "name": "Ms. Jillian A. Belliveau", "title": "Head of Investor Relations", "exercisedValue": 0, "unexercisedValue": 0}, {"maxAge": 1, "name": "Mr. Timothy J. Lodge", "age": 45, "title": "Pres & CEO of Eastern Insurance Group LLC", "yearBorn": 1977, "exercisedValue": 0, "unexercisedValue": 0}, {"maxAge": 1, "name": "Ms. Nancy Huntington Stager", "age": 61, "title": "Pres & CEO of Eastern Bank Foundation", "yearBorn": 1961, "exercisedValue": 0, "unexercisedValue": 0}], "auditRisk": 1, "boardRisk": 3, "compensationRisk": 4, "shareHolderRightsRisk": 3, "overallRisk": 2, "governanceEpochDate": "2023-04-30 20:00:00", "compensationAsOfEpochDate": "2022-12-30 19:00:00", "maxAge": 86400, "latitude": 42.35652734169574, "longitude": -71.05332121767724}