{"address1": "1400 Prospect Avenue", "city": "Helena", "state": "MT", "zip": "59601", "country": "United States", "phone": "406 442 3080", "fax": "406 457 4035", "website": "https://www.opportunitybank.com", "industry": "Banks\u2014Regional", "industryDisp": "Banks\u2014Regional", "sector": "Financial Services", "longBusinessSummary": "Eagle Bancorp Montana, Inc. operates as the bank holding company for Opportunity Bank of Montana that provides various retail banking products and services to small businesses and individuals in Montana. It accepts various deposit products, such as checking, savings, money market, and individual retirement accounts, as well as certificates of deposit accounts. The company also provides 1-4 family residential mortgage loans, such as residential mortgages and construction of residential properties; commercial real estate loans, including multi-family dwellings, nonresidential property, commercial construction and development, and farmland loans; and second mortgage/home equity loans. In addition, it offers consumer loans, such as loans secured by collateral other than real estate, such as automobiles, recreational vehicles, and boats; personal loans and lines of credit; commercial business loans consisting of business loans and lines of credit on a secured and unsecured basis; construction loans; agricultural loans; and mortgage loan services. The company operates full-service branches and automated teller machines. Eagle Bancorp Montana, Inc. was founded in 1922 and is headquartered in Helena, Montana.", "fullTimeEmployees": 399, "companyOfficers": [{"maxAge": 1, "name": "Ms. Laura F. Clark", "age": 65, "title": "Pres, CEO & Director", "yearBorn": 1957, "fiscalYear": 2022, "totalPay": 465998, "exercisedValue": 0, "unexercisedValue": 0}, {"maxAge": 1, "name": "Mr. Dale F. Field", "age": 50, "title": "Sr. VP & Chief Credit Officer", "yearBorn": 1972, "fiscalYear": 2022, "totalPay": 337341, "exercisedValue": 0, "unexercisedValue": 0}, {"maxAge": 1, "name": "Ms. Miranda J. Spaulding CPA", "age": 44, "title": "Sr. VP & CFO", "yearBorn": 1978, "exercisedValue": 0, "unexercisedValue": 0}, {"maxAge": 1, "name": "Mr. Patrick Darryl Rensmon", "age": 60, "title": "Sr. VP & COO", "yearBorn": 1962, "fiscalYear": 2020, "exercisedValue": 0, "unexercisedValue": 0}, {"maxAge": 1, "name": "Ms. Chantelle R. Nash J.D.", "age": 52, "title": "Sr. VP, Chief Risk Officer, Chief Admin. Officer & Corp. Sec.", "yearBorn": 1970, "exercisedValue": 0, "unexercisedValue": 0}, {"maxAge": 1, "name": "Ms. Alana M. Binde", "age": 54, "title": "Sr. VP & Chief HR Officer", "yearBorn": 1968, "exercisedValue": 0, "unexercisedValue": 0}, {"maxAge": 1, "name": "Ms. Rachel R. Amdahl", "age": 53, "title": "Sr. VP & COO of Opportunity Bank of Montana", "yearBorn": 1969, "exercisedValue": 0, "unexercisedValue": 0}, {"maxAge": 1, "name": "Ms. Linda M. Chilton", "age": 57, "title": "Chief Retail Officer & Sr. VP", "yearBorn": 1965, "exercisedValue": 0, "unexercisedValue": 0}, {"maxAge": 1, "name": "Mr. Mark A. O'Neill", "age": 50, "title": "Sr. VP & Chief Lending Officer", "yearBorn": 1972, "exercisedValue": 0, "unexercisedValue": 0}], "compensationAsOfEpochDate": "2022-12-30 19:00:00", "maxAge": 86400, "latitude": 46.59163969875854, "longitude": -112.01599040628224}