{"address1": "222 Merrimack Street", "city": "Lowell", "state": "MA", "zip": "01852", "country": "United States", "phone": "978 459 9000", "website": "https://www.enterprisebanking.com", "industry": "Banks\u2014Regional", "industryDisp": "Banks\u2014Regional", "sector": "Financial Services", "longBusinessSummary": "Enterprise Bancorp, Inc. operates as the holding company of Enterprise Bank and Trust Company that provides commercial banking products and services. It offers commercial and retail deposit products, including checking accounts, limited-transactional savings and money market accounts, commercial sweep products, and term certificates of deposit. The company also provides commercial real estate, commercial and industrial, commercial construction, residential, and consumer loans, as well as home equity loans and lines of credit. In addition, the company offers cash management services; wealth advisory and management services that include customized investment management and trust services to individuals, family groups, commercial businesses, trusts, foundations, non-profit organizations, and endowments; brokerage and management services to individual investors; insurance services; and voice, online, and mobile banking services. The company was founded in 1989 and is headquartered in Lowell, Massachusetts.", "fullTimeEmployees": 554, "companyOfficers": [{"maxAge": 1, "name": "Mr. George L. Duncan", "age": 82, "title": "Founder & Exec. Chairman", "yearBorn": 1940, "fiscalYear": 2022, "totalPay": 772784, "exercisedValue": 0, "unexercisedValue": 235245}, {"maxAge": 1, "name": "Mr. John P. Clancy Jr.", "age": 64, "title": "CEO & Director", "yearBorn": 1958, "fiscalYear": 2022, "totalPay": 1215767, "exercisedValue": 0, "unexercisedValue": 350235}, {"maxAge": 1, "name": "Mr. Richard W. Main", "age": 75, "title": "Pres & Director", "yearBorn": 1947, "fiscalYear": 2022, "totalPay": 567773, "exercisedValue": 0, "unexercisedValue": 163254}, {"maxAge": 1, "name": "Mr. Joseph R. Lussier", "age": 51, "title": "Exec. VP, CFO & Treasurer", "yearBorn": 1971, "fiscalYear": 2022, "totalPay": 422857, "exercisedValue": 0, "unexercisedValue": 15012}, {"maxAge": 1, "name": "Mr. Stephen J. Irish CFP, CPA", "age": 67, "title": "MD of Wealth Management & COO", "yearBorn": 1955, "fiscalYear": 2022, "totalPay": 639883, "exercisedValue": 0, "unexercisedValue": 54394}, {"maxAge": 1, "name": "Mr. John A. Koutsos", "age": 61, "title": "Sec. & Independent Director", "yearBorn": 1961, "fiscalYear": 2022, "totalPay": 37600, "exercisedValue": 0, "unexercisedValue": 0}, {"maxAge": 1, "name": "Philip S. Nyman Esq.", "title": "Gen. Counsel", "exercisedValue": 0, "unexercisedValue": 0}, {"maxAge": 1, "name": "Mr. James A. Marcotte", "age": 64, "title": "Sr. Advisor", "yearBorn": 1958, "fiscalYear": 2019, "exercisedValue": 0, "unexercisedValue": 0}, {"maxAge": 1, "name": "Mr. Dwight  Feeney", "title": "Sr. VP & Sr. Commercial Lending Officer", "exercisedValue": 0, "unexercisedValue": 0}, {"maxAge": 1, "name": "Ms. Susan Callery Rossini", "title": "Sr. Financial Advisor & Sr. VP of Enterprise Wealth Management", "exercisedValue": 0, "unexercisedValue": 0}], "auditRisk": 1, "boardRisk": 8, "compensationRisk": 5, "shareHolderRightsRisk": 9, "overallRisk": 6, "governanceEpochDate": "2023-04-30 20:00:00", "compensationAsOfEpochDate": "2022-12-30 19:00:00", "maxAge": 86400, "latitude": 42.645642022902905, "longitude": -71.31172246826428}