{"address1": "419 Broadway", "city": "Everett", "state": "MA", "zip": "02149", "country": "United States", "phone": "617 387 1110", "website": "https://www.everettbank.com", "industry": "Banks\u2014Regional", "industryDisp": "Banks\u2014Regional", "sector": "Financial Services", "longBusinessSummary": "ECB Bancorp, Inc. operating as a holding company for Everett Co-operative Bank that provides various banking products and services. The company accepts various deposit products, including certificate of deposit accounts, IRAs, money market accounts, savings accounts, demand deposit accounts, and interest-bearing and noninterest-bearing checking accounts. It also offers one- to four-family residential real estate, commercial real estate and multifamily real estate, construction and land, commercial, and consumer loans, as well as home equity loans and lines of credit. In addition, the company invests in securities, consisting primarily of U.S. government and federal agency obligations, mortgage-backed securities, and corporate bonds. ECB Bancorp, Inc. was founded in 1890 and is based in Everett, Massachusetts.", "fullTimeEmployees": 66, "companyOfficers": [{"maxAge": 1, "name": "Mr. Richard J. O'Neil Jr.", "age": 64, "title": "CEO, Pres & Director", "yearBorn": 1958, "fiscalYear": 2022, "totalPay": 681985, "exercisedValue": 0, "unexercisedValue": 0}, {"maxAge": 1, "name": "Mr. John A. Citrano", "age": 58, "title": "Sec., COO, CFO & Exec. VP", "yearBorn": 1964, "fiscalYear": 2022, "totalPay": 472329, "exercisedValue": 0, "unexercisedValue": 0}, {"maxAge": 1, "name": "Mr. John  Migliozzi", "age": 64, "title": "Exec. VP & Chief Lending Officer", "yearBorn": 1958, "fiscalYear": 2022, "totalPay": 415230, "exercisedValue": 0, "unexercisedValue": 0}, {"maxAge": 1, "name": "Mr. Brandon  Lavertu", "title": "Chief Accounting Officer", "exercisedValue": 0, "unexercisedValue": 0}, {"maxAge": 1, "name": "Ms. Karen L. Chasse", "title": "Sr. VP, Compliance Officer & BSA Officer", "exercisedValue": 0, "unexercisedValue": 0}, {"maxAge": 1, "name": "Ms. Emily M. Cieri", "title": "Sr. VP & Sr. Credit Officer", "exercisedValue": 0, "unexercisedValue": 0}, {"maxAge": 1, "name": "Mr. Sean  Cummings", "title": "Sr. VP of Commercial Lending", "exercisedValue": 0, "unexercisedValue": 0}, {"maxAge": 1, "name": "Ms. Carmela  Vitale", "title": "Sr. VP & Treasurer", "exercisedValue": 0, "unexercisedValue": 0}], "compensationAsOfEpochDate": "2022-12-30 19:00:00", "maxAge": 86400, "latitude": 42.406266183781554, "longitude": -71.05585003786527}