{"address1": "600 Steamboat Road", "address2": "Suite 202", "city": "Greenwich", "state": "CT", "zip": "06830", "country": "United States", "phone": "203 340 8500", "website": "https://www.eaglepointcreditcompany.com", "industry": "Asset Management", "industryDisp": "Asset Management", "sector": "Financial Services", "longBusinessSummary": "Eagle Point Credit Company Inc. is a closed ended fund launched and managed by Eagle Point Credit Management LLC. It invests in fixed income markets of the United States. The fund invests equity and junior debt tranches of collateralized loan obligations consisting primarily of below investment grade U.S. senior secured loans. Eagle Point Credit Company Inc. was formed on March 24, 2014 and is domiciled in the United States.", "companyOfficers": [{"maxAge": 1, "name": "Mr. Thomas Philip Majewski CPA", "age": 47, "title": "CEO & Interested Director", "yearBorn": 1975, "exercisedValue": 0, "unexercisedValue": 0}, {"maxAge": 1, "name": "Mr. Kenneth Paul Onorio CPA", "age": 53, "title": "CFO & COO", "yearBorn": 1969, "exercisedValue": 0, "unexercisedValue": 0}, {"maxAge": 1, "name": "Mr. Kyle William McGrady", "title": "Director of Marketing and Investor Relations", "exercisedValue": 0, "unexercisedValue": 0}, {"maxAge": 1, "name": "Mr. Nauman S. Malik", "age": 41, "title": "Gen. Counsel & Chief Compliance Officer", "yearBorn": 1981, "exercisedValue": 0, "unexercisedValue": 0}, {"maxAge": 1, "name": "Ms. Courtney Barrett Fandrick", "age": 39, "title": "Sec.", "yearBorn": 1983, "exercisedValue": 0, "unexercisedValue": 0}], "maxAge": 86400, "latitude": 41.01613600785663, "longitude": -73.62323100381681}