{"address1": "350 Camino De La Reina", "address2": "Suite 100", "city": "San Diego", "state": "CA", "zip": "92108", "country": "United States", "phone": "877 445 4581", "website": "https://www.encorecapital.com", "industry": "Mortgage Finance", "industryDisp": "Mortgage Finance", "sector": "Financial Services", "longBusinessSummary": "Encore Capital Group, Inc., a specialty finance company, provides debt recovery solutions and other related services for consumers across financial assets worldwide. The company purchases portfolios of defaulted consumer receivables at deep discounts to face value, as well as manages them by working with individuals as they repay their obligations and works toward financial recovery. It is also involved in the provision of early stage collection, business process outsourcing, and contingent collection services, as well as debt servicing and other portfolio management services to credit originator for non-performing loans. Encore Capital Group, Inc. was incorporated in 1999 and is headquartered in San Diego, California.", "fullTimeEmployees": 6900, "companyOfficers": [{"maxAge": 1, "name": "Mr. Ashish  Masih", "age": 56, "title": "Pres, CEO & Director", "yearBorn": 1966, "fiscalYear": 2022, "totalPay": 1540385, "exercisedValue": 183804, "unexercisedValue": 446582}, {"maxAge": 1, "name": "Mr. Jonathan C. Clark", "age": 63, "title": "Exec. VP, Principal Accounting Officer, CFO & Treasurer", "yearBorn": 1959, "fiscalYear": 2022, "totalPay": 1108482, "exercisedValue": 0, "unexercisedValue": 707073}, {"maxAge": 1, "name": "Mr. Andrew  Asch", "title": "Sr. VP & Gen. Counsel", "fiscalYear": 2022, "totalPay": 583029, "exercisedValue": 0, "unexercisedValue": 0}, {"maxAge": 1, "name": "Mr. Ryan B. Bell", "age": 43, "title": "Pres of Midland Credit Management", "yearBorn": 1979, "fiscalYear": 2022, "totalPay": 893106, "exercisedValue": 0, "unexercisedValue": 0}, {"maxAge": 1, "name": "Ms. Monique  Dumais-Chrisope", "title": "Sr. VP & Chief Information Officer", "exercisedValue": 0, "unexercisedValue": 0}, {"maxAge": 1, "name": "Mr. Bruce  Thomas", "title": "VP of Investor Relations", "exercisedValue": 0, "unexercisedValue": 0}, {"maxAge": 1, "name": "Mr. Steve  Carmichael", "title": "Sr. VP and Chief Risk & Compliance Officer", "exercisedValue": 0, "unexercisedValue": 0}, {"maxAge": 1, "name": "Faryar  Borhani", "title": "Sr. Director of Corp. Communications", "exercisedValue": 0, "unexercisedValue": 0}, {"maxAge": 1, "name": "Ms. Tracy  Ting", "title": "Sr. VP & Chief HR Officer", "exercisedValue": 0, "unexercisedValue": 0}, {"maxAge": 1, "name": "Ms. Sheryl  Wright", "title": "Sr. VP of Corp. & Gov. Affairs", "exercisedValue": 0, "unexercisedValue": 0}], "auditRisk": 9, "boardRisk": 2, "compensationRisk": 2, "shareHolderRightsRisk": 4, "overallRisk": 3, "governanceEpochDate": "2023-04-30 20:00:00", "compensationAsOfEpochDate": "2022-12-30 19:00:00", "maxAge": 86400, "latitude": 32.76393398305585, "longitude": -117.16543299014002}