{"address1": "22 Soho Square", "city": "London", "zip": "W1D 4NS", "country": "United Kingdom", "phone": "44 20 7070 7080", "website": "https://www.edtechxcorp.com", "industry": "Shell Companies", "industryDisp": "Shell Companies", "sector": "Financial Services", "longBusinessSummary": "EdtechX Holdings Acquisition Corp. II does not have significant operations. The company focuses on effecting a merger, capital stock exchange, asset acquisition, stock purchase, reorganization, or similar business combination with one or more businesses. It intends to focus on businesses in the education, training, reskilling, human capital, and education technology industries. The company was incorporated in 2020 and is based in London, the United Kingdom.", "companyOfficers": [{"maxAge": 1, "name": "Mr. Charles  McIntyre", "age": 52, "title": "Co-Founder, Exec. Chairman & Chief Investment Officer", "yearBorn": 1970, "exercisedValue": 0, "unexercisedValue": 0}, {"maxAge": 1, "name": "Mr. Benjamin  Vedrenne-Cloquet", "age": 44, "title": "Co-Founder, CEO & Director", "yearBorn": 1978, "exercisedValue": 0, "unexercisedValue": 0}, {"maxAge": 1, "name": "Mr. Rory  Henson", "age": 31, "title": "Chief Financial Officer", "yearBorn": 1991, "exercisedValue": 0, "unexercisedValue": 0}], "maxAge": 86400, "latitude": 51.51533998619547, "longitude": -0.1313300058857294}