{"address1": "24 Shipyard Drive", "address2": "Suite 102", "city": "Hingham", "state": "MA", "zip": "02043", "country": "United States", "phone": "929 528 0767", "industry": "Shell Companies", "industryDisp": "Shell Companies", "sector": "Financial Services", "longBusinessSummary": "EF Hutton Acquisition Corporation I does not have significant operations. It intends to effect a merger, stock capital exchange, asset acquisition, stock purchase, reorganization, or similar business combination with one or more businesses in the consumer and retail industry. The company was incorporated in 2021 and is based in Hingham, Massachusetts.", "companyOfficers": [{"maxAge": 1, "name": "Mr. Benjamin  Piggott", "age": 41, "title": "Chairman & CEO", "yearBorn": 1981, "exercisedValue": 0, "unexercisedValue": 0}, {"maxAge": 1, "name": "Mr. Joseph T. Rallo", "age": 36, "title": "Co-Pres & Director", "yearBorn": 1986, "exercisedValue": 0, "unexercisedValue": 0}, {"maxAge": 1, "name": "Mr. David  Boral", "title": "Co-Pres & Director", "exercisedValue": 0, "unexercisedValue": 0}, {"maxAge": 1, "name": "Mr. Kevin M. Bush", "age": 32, "title": "CFO & Treasurer", "yearBorn": 1990, "exercisedValue": 0, "unexercisedValue": 0}], "maxAge": 86400, "latitude": 42.25207700964626, "longitude": -70.92302595773853}