{"address1": "150 North Meramec Avenue", "city": "Clayton", "state": "MO", "zip": "63105", "country": "United States", "phone": "314 725 5500", "website": "https://www.enterprisebank.com", "industry": "Banks\u2014Regional", "industryDisp": "Banks\u2014Regional", "sector": "Financial Services", "longBusinessSummary": "Enterprise Financial Services Corp operates as the financial holding company for Enterprise Bank & Trust that offers banking and wealth management services to individuals and corporate customers. It offers checking, savings, and money market accounts, and certificates of deposit. The company also provides commercial and industrial, commercial real estate, construction and land development, residential real estate, agricultural, and consumer loans. In addition, it offers treasury management and international trade services; tax credit brokerage services consisting of the acquisition of tax credits and sale of these tax credits to clients; and financial and estate planning, investment management, and trust services to businesses, individuals, institutions, retirement plans, and non-profit organizations. Further, the company offers fiduciary, financial advisory, and merchant processing services; and debit and credit cards. Additionally, it provides international banking, insurance, internet and mobile banking, remote deposit capture, positive pay, fraud detection and prevention, automated payable, check imaging, and statement and document imaging services; and cash management products, controlled disbursements, repurchase agreements, and sweep investment accounts. The company was founded in 1988 and is headquartered in Clayton, Missouri.", "fullTimeEmployees": 1074, "companyOfficers": [{"maxAge": 1, "name": "Mr. James Brian Lally", "age": 54, "title": "Pres, CEO & Director", "yearBorn": 1968, "fiscalYear": 2022, "totalPay": 1779693, "exercisedValue": 0, "unexercisedValue": 0}, {"maxAge": 1, "name": "Mr. Keene S. Turner CPA", "age": 42, "title": "Exec. VP & CFO", "yearBorn": 1980, "fiscalYear": 2022, "totalPay": 946521, "exercisedValue": 0, "unexercisedValue": 0}, {"maxAge": 1, "name": "Mr. Scott R. Goodman", "age": 58, "title": "Exec. VP", "yearBorn": 1964, "fiscalYear": 2022, "totalPay": 820182, "exercisedValue": 0, "unexercisedValue": 0}, {"maxAge": 1, "name": "Ms. Nicole M. Iannacone", "age": 42, "title": "Corp. Sec.", "yearBorn": 1980, "fiscalYear": 2022, "totalPay": 629800, "exercisedValue": 0, "unexercisedValue": 0}, {"maxAge": 1, "name": "Mr. Douglas N. Bauche", "age": 52, "title": "Chief Credit Officer of Enterprise Bank & Trust", "yearBorn": 1970, "fiscalYear": 2022, "totalPay": 657429, "exercisedValue": 0, "unexercisedValue": 0}, {"maxAge": 1, "name": "Mr. Troy R. Dumlao", "age": 50, "title": "Sr. VP & Chief Accounting Officer", "yearBorn": 1972, "exercisedValue": 0, "unexercisedValue": 0}, {"maxAge": 1, "name": "Steve  Richardson", "title": "Sr. VP of Corp. Communications", "exercisedValue": 0, "unexercisedValue": 0}], "auditRisk": 1, "boardRisk": 1, "compensationRisk": 3, "shareHolderRightsRisk": 2, "overallRisk": 1, "governanceEpochDate": "2023-04-30 20:00:00", "compensationAsOfEpochDate": "2022-12-30 19:00:00", "maxAge": 86400, "latitude": 38.653575018352626, "longitude": -90.33880696182084}