{"address1": "7830 Old Georgetown Road", "address2": "Third Floor", "city": "Bethesda", "state": "MD", "zip": "20814", "country": "United States", "phone": "301 986 1800", "website": "https://www.eaglebankcorp.com", "industry": "Banks\u2014Regional", "industryDisp": "Banks\u2014Regional", "sector": "Financial Services", "longBusinessSummary": "Eagle Bancorp, Inc. operates as the bank holding company for EagleBank that provides commercial and consumer banking services primarily in the United States. The company also offers various commercial and consumer lending products comprising commercial loans for working capital, equipment purchases, real estate lines of credit, and government contract financing; asset based lending and accounts receivable financing; construction and commercial real estate loans; business equipment financing; consumer home equity lines of credit, personal lines of credit, and term loans; consumer installment loans, such as auto and personal loans; personal credit cards; and residential mortgage loans. In addition, it provides online and mobile banking services; and other services, including cash management services, business sweep accounts, lock boxes, remote deposit captures, account reconciliation services, merchant card services, safety deposit boxes, and automated clearing house origination, as well as after-hours depositories and ATM services. Further, the company offers insurance products and services through a referral program. The company serves sole proprietors, small and medium-sized businesses, partnerships, corporations, non-profit organizations and associations, and individuals, as well as investors. Eagle Bancorp, Inc. was incorporated in 1997 and is headquartered in Bethesda, Maryland.", "fullTimeEmployees": 496, "companyOfficers": [{"maxAge": 1, "name": "Mr. Norman R. Pozez", "age": 67, "title": "Exec. Chairman", "yearBorn": 1955, "fiscalYear": 2022, "totalPay": 3722858, "exercisedValue": 0, "unexercisedValue": 0}, {"maxAge": 1, "name": "Ms. Susan G. Riel", "age": 72, "title": "Pres, CEO & Director", "yearBorn": 1950, "fiscalYear": 2022, "totalPay": 2508780, "exercisedValue": 0, "unexercisedValue": 0}, {"maxAge": 1, "name": "Mr. Charles D. Levingston CPA, CPA", "age": 42, "title": "Exec. VP & CFO", "yearBorn": 1980, "fiscalYear": 2022, "totalPay": 932114, "exercisedValue": 0, "unexercisedValue": 0}, {"maxAge": 1, "name": "Ms. Janice L. Williams J.D.", "age": 65, "title": "Exec. VP", "yearBorn": 1957, "fiscalYear": 2022, "totalPay": 1222146, "exercisedValue": 0, "unexercisedValue": 0}, {"maxAge": 1, "name": "Mr. Antonio F. Marquez", "age": 63, "title": "Exec. VP", "yearBorn": 1959, "fiscalYear": 2022, "totalPay": 1228423, "exercisedValue": 0, "unexercisedValue": 0}, {"maxAge": 1, "name": "Mr. Lindsey S. Rheaume", "age": 61, "title": "Exec. VP", "yearBorn": 1961, "fiscalYear": 2022, "totalPay": 950168, "exercisedValue": 0, "unexercisedValue": 0}, {"maxAge": 1, "name": "Mr. David G. Danielson", "title": "Sr. VP and Director of Investor Relations & Strategy", "exercisedValue": 0, "unexercisedValue": 0}, {"maxAge": 1, "name": "Mr. Paul  Saltzman Esq., J.D.", "age": 61, "title": "Exec. VP & Chief Legal Officer", "yearBorn": 1961, "exercisedValue": 0, "unexercisedValue": 0}, {"maxAge": 1, "name": "Mr. Joseph L. Clarke", "title": "Exec. VP & COO of EagleBank", "exercisedValue": 0, "unexercisedValue": 0}, {"maxAge": 1, "name": "Ms. Jane E. Cornett", "title": "VP & Corp. Sec.", "exercisedValue": 0, "unexercisedValue": 0}], "auditRisk": 9, "boardRisk": 4, "compensationRisk": 9, "shareHolderRightsRisk": 6, "overallRisk": 7, "governanceEpochDate": "2023-04-30 20:00:00", "compensationAsOfEpochDate": "2022-12-30 19:00:00", "maxAge": 86400, "latitude": 38.98791300085742, "longitude": -77.10009699552324}