{"address1": "375 Park Avenue", "address2": "24th Floor", "city": "New York", "state": "NY", "zip": "10152", "country": "United States", "phone": "212 888 1040", "website": "https://egacquisition.com", "industry": "Shell Companies", "industryDisp": "Shell Companies", "sector": "Financial Services", "longBusinessSummary": "EG Acquisition Corp., a blank check company, intends to effect a merger, capital stock exchange, asset acquisition, stock purchase, reorganization, or related business combination with one or more businesses. EG Acquisition Corp. was incorporated in 2021 and is based in New York, New York.", "companyOfficers": [{"maxAge": 1, "name": "Mr. Gregg Scott Hymowitz J.D.", "age": 55, "title": "CEO & Director", "yearBorn": 1967, "exercisedValue": 0, "unexercisedValue": 0}, {"maxAge": 1, "name": "Ms. Sophia Park Mullen", "age": 42, "title": "Pres & Director", "yearBorn": 1980, "exercisedValue": 0, "unexercisedValue": 0}], "maxAge": 86400, "latitude": 40.758527182395824, "longitude": -73.97230005542389}