{"address1": "2625 Augustine Drive", "address2": "SUITE 150", "city": "Santa Clara", "state": "CA", "zip": "95054", "country": "United States", "phone": "650 210 3150", "website": "https://www.ehealthinsurance.com", "industry": "Insurance Brokers", "industryDisp": "Insurance Brokers", "sector": "Financial Services", "longBusinessSummary": "eHealth, Inc. operates a health insurance marketplace that provides consumer engagement, education, and health insurance enrollment solutions in the United States. The company operates in two segments, Medicare; and Individual, Family and Small Business. Medicare segment offers sale of Medicare-related health insurance plans, which includes Medicare advantage, Medicare Supplement, and Medicare Part D prescription drug plans to Medicare-eligible customers including but not limited to, dental, and vision insurance, as well as advertising program. Its Individual, Family and Small Business segment engages in the sale of individual, family, and small business health insurance plans; and ancillary products to non-Medicare-eligible customers including but not limited to, dental, vision, and short and long term disability insurance. In addition, the company provides ecommerce platforms and consumer engagement solutions, which includes market leading information, decision support, customer engagement, and transactional services to group of health insurance consumers; and organize and present the insurance information in objective format to individuals, families, and small businesses to research, analyze, compare and purchase health insurance plans. Further, it markets health insurance plans through its websites, including eHealth.com, eHealthInsurance.com, eHealthMedicare.com, Medicare.com, PlanPrescriber.com, and GoMedigap.com. The company also offers online sponsorship and advertising, lead referral, technology licensing revenue, and performance of other services, such as conducting health risk assessments. eHealth, Inc. was incorporated in 1997 and is headquartered in Santa Clara, California.", "fullTimeEmployees": 1515, "companyOfficers": [{"maxAge": 1, "name": "Mr. Francis Samuel Soistman Jr.", "age": 65, "title": "CEO & Director", "yearBorn": 1957, "fiscalYear": 2022, "totalPay": 1591008, "exercisedValue": 0, "unexercisedValue": 0}, {"maxAge": 1, "name": "Mr. John Joseph Stelben", "age": 61, "title": "Sr. VP & CFO", "yearBorn": 1961, "fiscalYear": 2022, "totalPay": 531874, "exercisedValue": 0, "unexercisedValue": 0}, {"maxAge": 1, "name": "Mr. Roman V. Rariy", "age": 50, "title": "COO & Chief Transformation Officer", "yearBorn": 1972, "fiscalYear": 2022, "totalPay": 706695, "exercisedValue": 0, "unexercisedValue": 0}, {"maxAge": 1, "name": "Mr. Gavin Guy Galimi", "title": "Sr. VP, Gen. Counsel & Corp. Sec.", "fiscalYear": 2022, "totalPay": 481070, "exercisedValue": 0, "unexercisedValue": 0}, {"maxAge": 1, "name": "Mr. John Joseph Dolan", "age": 54, "title": "Chief Accounting Officer & Principal Accounting Officer", "yearBorn": 1968, "exercisedValue": 0, "unexercisedValue": 0}, {"maxAge": 1, "name": "Ms. Kate  Sidorovich CFA", "title": "Sr. VP of Investor Relations & Strategy", "exercisedValue": 0, "unexercisedValue": 0}, {"maxAge": 1, "name": "Ms. Lara  Sasken", "title": "Sr. VP of Communications", "exercisedValue": 0, "unexercisedValue": 0}, {"maxAge": 1, "name": "Ms. Jana  Brown", "title": "Sr. VP & Chief People Officer", "exercisedValue": 0, "unexercisedValue": 0}, {"maxAge": 1, "name": "Mr. Bill  Billings", "title": "Chief Information Security Officer", "exercisedValue": 0, "unexercisedValue": 0}, {"maxAge": 1, "name": "Mr. Gregg R. Ratkovic", "age": 53, "title": "Sr. VP & Chief Bus. Officer", "yearBorn": 1969, "fiscalYear": 2020, "exercisedValue": 0, "unexercisedValue": 0}], "auditRisk": 3, "boardRisk": 2, "compensationRisk": 10, "shareHolderRightsRisk": 9, "overallRisk": 7, "governanceEpochDate": "2023-04-30 20:00:00", "compensationAsOfEpochDate": "2022-12-30 19:00:00", "maxAge": 86400, "latitude": 37.382899996537205, "longitude": -121.97505997585834}