{"address1": "10375 Professional Circle", "city": "Reno", "state": "NV", "zip": "89521", "country": "United States", "phone": "888 682 6671", "website": "https://www.employers.com", "industry": "Insurance\u2014Specialty", "industryDisp": "Insurance\u2014Specialty", "sector": "Financial Services", "longBusinessSummary": "Employers Holdings, Inc., through its subsidiaries, operates in the commercial property and casualty insurance industry primarily in the United States. The company operates in two segments, Employers and Cerity. It offers workers' compensation insurance to small businesses in low to medium hazard industries under the Employers and Cerity brands. The company markets its products through local, regional, and national agents and brokers; alternative distribution channels; and national, regional, and local trade groups and associations, as well as directly to customers. Employers Holdings, Inc. was founded in 2000 and is based in Reno, Nevada.", "fullTimeEmployees": 676, "companyOfficers": [{"maxAge": 1, "name": "Ms. Katherine Holt Antonello FCAS, FSA, MAAA", "age": 58, "title": "Pres, CEO & Director", "yearBorn": 1964, "fiscalYear": 2022, "totalPay": 1924624, "exercisedValue": 0, "unexercisedValue": 0}, {"maxAge": 1, "name": "Mr. Michael Scott Paquette", "age": 58, "title": "Exec. VP, CFO & Treasurer", "yearBorn": 1964, "fiscalYear": 2022, "totalPay": 1173098, "exercisedValue": 0, "unexercisedValue": 0}, {"maxAge": 1, "name": "Mr. Jeffrey Charles Shaw", "age": 49, "title": "Exec. VP & Chief Information Officer", "yearBorn": 1973, "fiscalYear": 2022, "totalPay": 693556, "exercisedValue": 0, "unexercisedValue": 0}, {"maxAge": 1, "name": "Ms. Lori Ann Brown", "age": 56, "title": "Exec. VP, Chief Legal Officer, Gen. Counsel & Corp. Sec.", "yearBorn": 1966, "fiscalYear": 2022, "totalPay": 786213, "exercisedValue": 0, "unexercisedValue": 0}, {"maxAge": 1, "name": "Mr. Christopher William Laws", "age": 38, "title": "Exec. VP & Chief Actuary", "yearBorn": 1984, "fiscalYear": 2022, "totalPay": 666036, "exercisedValue": 0, "unexercisedValue": 0}, {"maxAge": 1, "name": "Mr. Matthew H. Hendricksen", "age": 42, "title": "Sr. VP of Treasury & Investments", "yearBorn": 1980, "exercisedValue": 0, "unexercisedValue": 0}, {"maxAge": 1, "name": "Mr. John M. Mutschink", "age": 49, "title": "Exec. VP & Chief Admin. Officer", "yearBorn": 1973, "exercisedValue": 0, "unexercisedValue": 0}, {"maxAge": 1, "name": "Mr. Ty  Vukelich", "title": "VP of Corp. Marketing", "exercisedValue": 0, "unexercisedValue": 0}, {"maxAge": 1, "name": "Lindsey M. Rynard", "title": "Sr. VP & Chief Sales Officer", "exercisedValue": 0, "unexercisedValue": 0}, {"maxAge": 1, "name": "Mr. Bertrum  Carroll", "title": "Chief Information Security Officer & VP", "exercisedValue": 0, "unexercisedValue": 0}], "auditRisk": 6, "boardRisk": 1, "compensationRisk": 2, "shareHolderRightsRisk": 4, "overallRisk": 2, "governanceEpochDate": "2023-04-30 20:00:00", "compensationAsOfEpochDate": "2022-12-30 19:00:00", "maxAge": 86400, "latitude": 39.43113500691538, "longitude": -119.75789797481052}