{"address1": "5186 Carroll Canyon Road", "city": "San Diego", "state": "CA", "zip": "92121", "country": "United States", "phone": "858 688 4965", "website": "https://embracechange.top", "industry": "Shell Companies", "industryDisp": "Shell Companies", "sector": "Financial Services", "longBusinessSummary": "Embrace Change Acquisition Corp. focuses on entering into a merger, share exchange, asset acquisition, share purchase, recapitalization, reorganization, or similar business combination with one or more businesses or entities. It intends to pursue prospective targets that are in the technology, internet, and consumer sectors. The company was incorporated in 2021 and is based in San Diego, California.", "companyOfficers": [{"maxAge": 1, "name": "Mr. Jingyu  Wang", "age": 33, "title": "CEO & Chairman", "yearBorn": 1989, "exercisedValue": 0, "unexercisedValue": 0}, {"maxAge": 1, "name": "Ms. Zheng  Yuan", "age": 49, "title": "CFO & Director", "yearBorn": 1973, "exercisedValue": 0, "unexercisedValue": 0}], "maxAge": 86400, "latitude": 32.891261001532555, "longitude": -117.19539301339321}