{"address1": "2929 Arch Street", "address2": "Suite 1703", "city": "Philadelphia", "state": "PA", "zip": "19104", "country": "United States", "phone": "215 701 9555", "industry": "Shell Companies", "industryDisp": "Shell Companies", "sector": "Financial Services", "longBusinessSummary": "FTAC Emerald Acquisition Corp. does not have significant operations. It intends to effect a merger, capital stock exchange, asset acquisition, stock purchase, reorganization, or similar business combination with one or more businesses in the clean/renewable energy, water sustainability, agricultural technology, shared economy software, and mobility sectors. The company was formerly known as Emerald ESG Acquisition Corp. FTAC Emerald Acquisition Corp. was incorporated in 2021 and is based in Philadelphia, Pennsylvania.", "companyOfficers": [{"maxAge": 1, "name": "Mr. Bracebridge Hemyng Young Jr.", "age": 65, "title": "Pres & CEO", "yearBorn": 1957, "exercisedValue": 0, "unexercisedValue": 0}, {"maxAge": 1, "name": "Mr. Douglas  Listman B.S., CPA", "age": 51, "title": "Chief Financial Officer", "yearBorn": 1971, "exercisedValue": 0, "unexercisedValue": 0}], "maxAge": 86400, "latitude": 39.957755985650124, "longitude": -75.18231997973393}