{"address1": "Tower 11", "address2": "Level 3 Avenue 5, No. 8, Jalan Kerinchi Bangsar South", "city": "Kuala Lumpur", "zip": "59200", "country": "Malaysia", "phone": "60 3 2704 7622", "industry": "Shell Companies", "industryDisp": "Shell Companies", "sector": "Financial Services", "longBusinessSummary": "Energem Corp. does not have significant operations. The company focuses on effecting a merger, capital share exchange, asset acquisition, share purchase, reorganization, or similar business combination with one or more businesses or entities. It intends to focus a target business operating in the oil and gas and other potential renewable energy business, as well as other adjacent services, including industrials and technologies. The company was incorporated in 2021 and is based in Kuala Lumpur, Malaysia.", "companyOfficers": [{"maxAge": 1, "name": "Mr. Swee Guan Hoo", "age": 40, "title": "CEO & Director", "yearBorn": 1982, "exercisedValue": 0, "unexercisedValue": 0}, {"maxAge": 1, "name": "Mr. Cu Seng Kiu", "age": 33, "title": "Chief Financial Officer", "yearBorn": 1989, "exercisedValue": 0, "unexercisedValue": 0}, {"maxAge": 1, "name": "Ms. Sing Ee Wong", "age": 41, "title": "Exec. Director", "yearBorn": 1981, "exercisedValue": 0, "unexercisedValue": 0}], "maxAge": 86400, "latitude": 3.102664659000027, "longitude": 101.66660506000005}