{"address1": "240 Saint Paul", "address2": "Suite 502", "city": "Denver", "state": "CO", "zip": "80206", "country": "United States", "phone": "720-328-5070", "website": "https://accretionacquisition.com", "industry": "Shell Companies", "industryDisp": "Shell Companies", "sector": "Financial Services", "longBusinessSummary": "Accretion Acquisition Corp. does not have significant operations. It focuses on entering a merger, share exchange, asset acquisition, stock purchase, recapitalization, reorganization, or other similar business combination with one or more businesses or entities in the energy value chain, including upstream, water management, gas and vapor capture, energy transition related systems, midstream, oil and gas-related software, commodity risk management, or oil and gas services. Accretion Acquisition Corp. was incorporated in 2021 and is based in Denver, Colorado.", "companyOfficers": [{"maxAge": 1, "name": "Mr. Brad  Morse", "age": 33, "title": "CEO & Director", "yearBorn": 1989, "exercisedValue": 0, "unexercisedValue": 0}, {"maxAge": 1, "name": "Mr. M. Grant Farn", "age": 45, "title": "Chief Financial Officer", "yearBorn": 1977, "exercisedValue": 0, "unexercisedValue": 0}, {"maxAge": 1, "name": "Mr. Daniel H. Silverman", "age": 58, "title": "COO & Director", "yearBorn": 1964, "exercisedValue": 0, "unexercisedValue": 0}, {"maxAge": 1, "name": "Mr. Ryan Stuart Sullivan", "age": 43, "title": "Sr. VP & Sec.", "yearBorn": 1979, "exercisedValue": 0, "unexercisedValue": 0}], "maxAge": 86400, "latitude": 39.72018799731518, "longitude": -104.9506669607715}