{"address1": "630 Ramona Street", "city": "Palo Alto", "state": "CA", "zip": "94301", "country": "United States", "phone": "619 736 6855", "website": "https://ent40acquisitioncorp.com", "industry": "Shell Companies", "industryDisp": "Shell Companies", "sector": "Financial Services", "longBusinessSummary": "Enterprise 4.0 Technology Acquisition Corp. does not have significant operations. The company intends to effect a merger, share exchange, asset acquisition, share purchase, reorganization, or other similar business combination with one or more businesses. It focuses on technology industry that is aligned with enterprise 4.0 companies comprising cloud native companies, which combines artificial intelligence, intelligent automation, and access to data that delivers actionable insights for enterprise businesses. Enterprise 4.0 Technology Acquisition Corp. was incorporated in 2021 and is based in Palo Alto, California.", "companyOfficers": [{"maxAge": 1, "name": "Mr. Ross  Haghighat", "age": 58, "title": "CEO, CFO & Director", "yearBorn": 1964, "exercisedValue": 0, "unexercisedValue": 0}], "maxAge": 86400, "latitude": 37.44399799380638, "longitude": -122.1605410157519}