{"address1": "175 West Jackson Boulevard", "address2": "Suite 1000", "city": "Chicago", "state": "IL", "zip": "60604", "country": "United States", "phone": "312 568 4200", "website": "https://www.enova.com", "industry": "Credit Services", "industryDisp": "Credit Services", "sector": "Financial Services", "longBusinessSummary": "Enova International, Inc., a technology and analytics company, provides online financial services in the United States, Brazil, Australia, and Canada. The company offers installment loans; line of credit accounts; receivables purchase agreements; CSO programs, including arranging loans with independent third-party lenders and assisting in the preparation of loan applications and loan documents; and bank programs, such as marketing services and loan servicing for near-prime unsecured consumer installment loan. It markets its financing products under the CashNetUSA, NetCredit, OnDeck, Headway Capital, The Business Backer, Simplic, and Pangea names. The company was incorporated in 2011 and is headquartered in Chicago, Illinois.", "fullTimeEmployees": 1804, "companyOfficers": [{"maxAge": 1, "name": "Mr. David A. Fisher J.D.", "age": 53, "title": "Chairman & CEO", "yearBorn": 1969, "fiscalYear": 2022, "totalPay": 2616058, "exercisedValue": 3699334, "unexercisedValue": 16219431}, {"maxAge": 1, "name": "Mr. Steven E. Cunningham", "age": 52, "title": "Chief Financial Officer", "yearBorn": 1970, "fiscalYear": 2022, "totalPay": 1400880, "exercisedValue": 0, "unexercisedValue": 3222679}, {"maxAge": 1, "name": "Mr. Sean  Rahilly", "age": 49, "title": "Gen. Counsel & Chief Compliance Officer", "yearBorn": 1973, "fiscalYear": 2022, "totalPay": 867416, "exercisedValue": 393921, "unexercisedValue": 1588168}, {"maxAge": 1, "name": "Mr. Kirk L. F. Chartier", "age": 58, "title": "Chief Strategy Officer", "yearBorn": 1964, "fiscalYear": 2022, "totalPay": 954116, "exercisedValue": 812287, "unexercisedValue": 3197108}, {"maxAge": 1, "name": "Mr. James Joseph Lee", "age": 44, "title": "Chief Accounting Officer & Controller", "yearBorn": 1978, "exercisedValue": 0, "unexercisedValue": 0}, {"maxAge": 1, "name": "Ms. Lindsay  Savarese", "title": "Investor Relations", "exercisedValue": 0, "unexercisedValue": 0}, {"maxAge": 1, "name": "Ms. Stacey  Kraft", "title": "Chief People Officer", "exercisedValue": 0, "unexercisedValue": 0}, {"maxAge": 1, "name": "Mr. Joseph M. DeCosmo", "age": 56, "title": "Chief Analytics Officer & VP", "yearBorn": 1966, "fiscalYear": 2016, "exercisedValue": 0, "unexercisedValue": 0}, {"maxAge": 1, "name": "Mr. Nick  Drew", "title": "Head of UK Operations", "exercisedValue": 0, "unexercisedValue": 0}], "auditRisk": 2, "boardRisk": 4, "compensationRisk": 4, "shareHolderRightsRisk": 4, "overallRisk": 3, "governanceEpochDate": "2023-04-30 20:00:00", "compensationAsOfEpochDate": "2022-12-30 19:00:00", "maxAge": 86400, "latitude": 41.8777560078901, "longitude": -87.63320103643146}