{"address1": "360 S Rosemary Avenue", "address2": "18th Floor", "city": "West Palm Beach", "state": "FL", "zip": "33401", "country": "United States", "phone": "212 974 6000", "website": "https://elliottopportunity.com", "industry": "Shell Companies", "industryDisp": "Shell Companies", "sector": "Financial Services", "longBusinessSummary": "Elliott Opportunity II Corp. does not have significant operations. It intends to effect a merger, capital share exchange, asset acquisition, share purchase, reorganization, or similar business combination with one or more businesses or assets in the technology sector. Elliott Opportunity II Corp. was incorporated in 2021 and is based in West Palm Beach, Florida.", "companyOfficers": [{"maxAge": 1, "name": "Mr. David M. Kerko", "age": 49, "title": "Co-Chief Exec. Officer", "yearBorn": 1973, "exercisedValue": 0, "unexercisedValue": 0}, {"maxAge": 1, "name": "Mr. Isaac  Kim", "title": "Co-Chief Exec. Officer", "exercisedValue": 0, "unexercisedValue": 0}, {"maxAge": 1, "name": "Mr. Nabeel  Bhanji", "age": 37, "title": "Pres", "yearBorn": 1985, "exercisedValue": 0, "unexercisedValue": 0}, {"maxAge": 1, "name": "Mr. Steven K. Barg", "age": 59, "title": "Chief Financial Officer", "yearBorn": 1963, "exercisedValue": 0, "unexercisedValue": 0}, {"maxAge": 1, "name": "Ms. Terry  Kassel", "age": 71, "title": "Chief Strategy Officer", "yearBorn": 1951, "exercisedValue": 0, "unexercisedValue": 0}], "maxAge": 86400, "latitude": 26.710959997359183, "longitude": -80.0566769670959}