{"address1": "7701 East Kellogg Drive", "address2": "Suite 300", "city": "Wichita", "state": "KS", "zip": "67207", "country": "United States", "phone": "316 612 6000", "fax": "316 681 2325", "website": "https://www.equitybank.com", "industry": "Banks\u2014Regional", "industryDisp": "Banks\u2014Regional", "sector": "Financial Services", "longBusinessSummary": "Equity Bancshares, Inc. operates as the bank holding company for Equity Bank that provides a range of banking, mortgage banking, and financial services to individual and corporate customers. The company accepts various demand, savings, money market, and time deposits. Its loan products include commercial and industrial, commercial real estate-backed, commercial lines of credit, working capital, term, equipment financing, acquisition, expansion and development, borrowing base, real estate construction, homebuilder, agricultural, government guaranteed, and other loan products to national and regional companies, restaurant franchisees, hoteliers, real estate developers, manufacturing and industrial companies, agribusiness companies, and other businesses. The company's loan products also comprise various consumer loans to individuals and professionals, including residential real estate loans, home equity loans and lines of credit, installment loans, unsecured and secured personal lines of credit, overdraft protection, and letters of credit. It also provides debit cards; online banking solutions, such as access to account balances, online transfers, online bill payment, and electronic delivery of customer statements; mobile banking solutions comprising remote check deposits with mobile bill pay; ATMs; and treasury management, wire transfer, automated clearing house, and stop payment services. In addition, the company offers cash management deposit products, such as lockbox, remote deposit capture, positive pay, reverse positive pay, account reconciliation services, zero balance accounts, and sweep accounts, as well as banking services through telephone, mail, and personal appointments. It operates a network of branches in Arkansas, Kansas, Missouri, and Oklahoma. The company was founded in 2002 and is headquartered in Wichita, Kansas.", "fullTimeEmployees": 732, "companyOfficers": [{"maxAge": 1, "name": "Mr. Brad S. Elliott", "age": 56, "title": "Founder, Chairman & CEO", "yearBorn": 1966, "fiscalYear": 2022, "totalPay": 1659352, "exercisedValue": 872561, "unexercisedValue": 972240}, {"maxAge": 1, "name": "Mr. Eric R. Newell C.F.A., CFA", "age": 42, "title": "Exec. VP & CFO", "yearBorn": 1980, "fiscalYear": 2022, "totalPay": 749953, "exercisedValue": 0, "unexercisedValue": 0}, {"maxAge": 1, "name": "Mr. Craig L. Anderson", "age": 62, "title": "Exec. VP", "yearBorn": 1960, "fiscalYear": 2022, "totalPay": 701226, "exercisedValue": 0, "unexercisedValue": 0}, {"maxAge": 1, "name": "Mr. John G. Creech", "age": 55, "title": "Exec. VP & Chief Credit Officer", "yearBorn": 1967, "fiscalYear": 2022, "totalPay": 699206, "exercisedValue": 0, "unexercisedValue": 0}, {"maxAge": 1, "name": "Ms. Julie A. Huber", "age": 52, "title": "Exec. VP of Strategic Initiatives & Sec.", "yearBorn": 1970, "fiscalYear": 2022, "totalPay": 528382, "exercisedValue": 88338, "unexercisedValue": 0}, {"maxAge": 1, "name": "Mr. Brett Alan Reber", "age": 63, "title": "Exec. VP & Gen. Counsel", "yearBorn": 1959, "fiscalYear": 2020, "exercisedValue": 0, "unexercisedValue": 0}, {"maxAge": 1, "name": "Mr. John J. Hanley CFMP", "title": "Chief Marketing Officer", "exercisedValue": 0, "unexercisedValue": 0}, {"maxAge": 1, "name": "Mr. Patrick J. Harbert", "age": 49, "title": "Exec. VP & Pres of Community Markets", "yearBorn": 1973, "exercisedValue": 0, "unexercisedValue": 0}, {"maxAge": 1, "name": "Mr. Mark C. Parman", "age": 61, "title": "Metro Markets Regional Chief Exec. Officer of Kansas City, Tulsa, Topeka & Wichita", "yearBorn": 1961, "exercisedValue": 0, "unexercisedValue": 0}, {"maxAge": 1, "name": "Mr. Chris M. Navratil", "title": "Sr. VP of Fin.", "exercisedValue": 0, "unexercisedValue": 0}], "auditRisk": 3, "boardRisk": 10, "compensationRisk": 4, "shareHolderRightsRisk": 5, "overallRisk": 6, "governanceEpochDate": "2023-04-30 20:00:00", "compensationAsOfEpochDate": "2022-12-30 19:00:00", "maxAge": 86400, "latitude": 37.678409986048194, "longitude": -97.24653101397982}