{"address1": "1290 Avenue Of The Americas", "city": "New York", "state": "NY", "zip": "10104", "country": "United States", "phone": "212 554 1234", "website": "https://www.equitableholdings.com", "industry": "Insurance\u2014Diversified", "industryDisp": "Insurance\u2014Diversified", "sector": "Financial Services", "longBusinessSummary": "Equitable Holdings, Inc., together with its consolidated subsidiaries, operates as a diversified financial services company worldwide. The company operates through four segments: Individual Retirement, Group Retirement, Investment Management and Research, and Protection Solutions. The Individual Retirement segment offers a suite of variable annuity products primarily to affluent and high net worth individuals. The Group Retirement segment provides tax-deferred investment and retirement services or products to plans sponsored by educational entities, municipalities, and not-for-profit entities, as well as small and medium-sized businesses. The Investment Management and Research segment offers diversified investment management, research, and related solutions to various clients through institutional. The Protection Solutions segment provides life insurance products such as VUL insurance and IUL insurance and our employee benefits business on small and medium-sized businesses. The company was formerly known as AXA Equitable Holdings, Inc. and changed its name to Equitable Holdings, Inc. in January 2020. Equitable Holdings, Inc. was founded in 1859 and is based in New York, New York.", "fullTimeEmployees": 12300, "companyOfficers": [{"maxAge": 1, "name": "Mr. Mark  Pearson", "age": 64, "title": "Pres, CEO & Director", "yearBorn": 1958, "fiscalYear": 2022, "totalPay": 4721637, "exercisedValue": 2701250, "unexercisedValue": 4956468}, {"maxAge": 1, "name": "Mr. Robin Matthew Raju", "age": 39, "title": "Sr. EVP & CFO", "yearBorn": 1983, "fiscalYear": 2022, "totalPay": 2065032, "exercisedValue": 0, "unexercisedValue": 134278}, {"maxAge": 1, "name": "Mr. Jeffrey Joy Hurd J.D.", "age": 55, "title": "Sr. EVP & COO", "yearBorn": 1967, "fiscalYear": 2022, "totalPay": 2618897, "exercisedValue": 369588, "unexercisedValue": 1225411}, {"maxAge": 1, "name": "Mr. Nicholas Burritt Lane", "age": 48, "title": "Pres of Equitable, Sr. EVP & Head of Retirement, Wealth Management & Protection Solutions", "yearBorn": 1974, "fiscalYear": 2022, "totalPay": 2419358, "exercisedValue": 1463369, "unexercisedValue": 1011109}, {"maxAge": 1, "name": "Mr. Seth Perry Bernstein", "age": 61, "title": "Pres & CEO of AllianceBernstein Corp.", "yearBorn": 1961, "fiscalYear": 2022, "totalPay": 5702777, "exercisedValue": 0, "unexercisedValue": 862375}, {"maxAge": 1, "name": "Mr. William James Eckert IV", "age": 59, "title": "Sr. VP, Chief Accounting Officer & Controller", "yearBorn": 1963, "exercisedValue": 0, "unexercisedValue": 0}, {"maxAge": 1, "name": "Isil  Muderrisoglu", "title": "Head of Investor Relations", "exercisedValue": 0, "unexercisedValue": 0}, {"maxAge": 1, "name": "Mr. Jose Ramon Gonzalez Esq.", "age": 54, "title": "Sr. EVP, Chief Legal Officer & Corp. Sec.", "yearBorn": 1968, "exercisedValue": 0, "unexercisedValue": 0}, {"maxAge": 1, "name": "Ms. Constance K. Weaver", "age": 70, "title": "Chief Marketing Officer", "yearBorn": 1952, "exercisedValue": 0, "unexercisedValue": 0}, {"maxAge": 1, "name": "Ms. Stephanie  Withers", "title": "Chief Auditor", "exercisedValue": 0, "unexercisedValue": 0}], "auditRisk": 4, "boardRisk": 1, "compensationRisk": 1, "shareHolderRightsRisk": 2, "overallRisk": 1, "governanceEpochDate": "2023-04-30 20:00:00", "compensationAsOfEpochDate": "2022-12-30 19:00:00", "maxAge": 86400, "latitude": 40.760962532178596, "longitude": -73.97953724805896}