{"address1": "7777 NW Beacon Square Boulevard", "city": "Boca Raton", "state": "FL", "zip": "33487", "country": "United States", "phone": "(561) 826-3620", "website": "https://eastresources.com", "industry": "Shell Companies", "industryDisp": "Shell Companies", "sector": "Financial Services", "longBusinessSummary": "East Resources Acquisition Company does not have significant operations. The company focuses on effect a merger, capital stock exchange, asset acquisition, stock purchase, reorganization, or similar business combination with one or more businesses. It intends to identify business opportunities in the field of energy in North America. The company was incorporated in 2020 and is headquartered in Boca Raton, Florida.", "companyOfficers": [{"maxAge": 1, "name": "Mr. Terrence M. Pegula", "age": 71, "title": "Chairman, CEO & Pres", "yearBorn": 1951, "exercisedValue": 0, "unexercisedValue": 0}, {"maxAge": 1, "name": "Mr. Gary L. Hagerman Jr.", "age": 44, "title": "CFO & Treasurer", "yearBorn": 1978, "exercisedValue": 0, "unexercisedValue": 0}, {"maxAge": 1, "name": "Mr. Jacob R. Long", "age": 34, "title": "VP of Operations", "yearBorn": 1988, "exercisedValue": 0, "unexercisedValue": 0}, {"maxAge": 1, "name": "Mr. Adam Samuel Gusky", "age": 47, "title": "Chief Investment Officer", "yearBorn": 1975, "exercisedValue": 0, "unexercisedValue": 0}, {"maxAge": 1, "name": "Mr. John P. Sieminski", "age": 64, "title": "Gen. Counsel & Sec.", "yearBorn": 1958, "exercisedValue": 0, "unexercisedValue": 0}], "maxAge": 86400, "latitude": 26.416880002439427, "longitude": -80.09855303917944}