{"address1": "100 Erie Insurance Place", "city": "Erie", "state": "PA", "zip": "16530-0001", "country": "United States", "phone": "814 870 2000", "fax": "814 870 3126", "website": "https://www.erieinsurance.com", "industry": "Insurance Brokers", "industryDisp": "Insurance Brokers", "sector": "Financial Services", "longBusinessSummary": "Erie Indemnity Company operates as a managing attorney-in-fact for the subscribers at the Erie Insurance Exchange in the United States. The company provides sales, underwriting, policy issuance, and renewal services for the policyholders on behalf of the Erie Insurance Exchange. It also offers sales related services, including agent compensation, and sales and advertising support services; and underwriting services comprise underwriting and policy processing; and other services consist of customer services and administrative support services, as well as information technology services. Erie Indemnity Company was incorporated in 1925 and is based in Erie, Pennsylvania.", "fullTimeEmployees": 5970, "companyOfficers": [{"maxAge": 1, "name": "Mr. Timothy Gerard NeCastro C.I.C., CPA", "age": 62, "title": "Pres & CEO", "yearBorn": 1960, "fiscalYear": 2022, "totalPay": 2328100, "exercisedValue": 0, "unexercisedValue": 0}, {"maxAge": 1, "name": "Mr. Parthasarathy  Srinivasa", "age": 50, "title": "Exec. VP & Chief Information Officer", "yearBorn": 1972, "fiscalYear": 2022, "totalPay": 903275, "exercisedValue": 0, "unexercisedValue": 0}, {"maxAge": 1, "name": "Mr. Douglas Edward Smith C.P.C.U., FCAS, MAAA", "age": 48, "title": "Exec. VP of Sales & Products", "yearBorn": 1974, "fiscalYear": 2022, "totalPay": 802591, "exercisedValue": 0, "unexercisedValue": 0}, {"maxAge": 1, "name": "Ms. Lorianne  Feltz-Upperman C.P.C.U.", "age": 52, "title": "Exec. VP of Claims & Customer Service", "yearBorn": 1970, "fiscalYear": 2022, "totalPay": 804487, "exercisedValue": 0, "unexercisedValue": 0}, {"maxAge": 1, "name": "Ms. Julie Marie Pelkowski CPA", "age": 52, "title": "Exec. VP & CFO", "yearBorn": 1970, "exercisedValue": 0, "unexercisedValue": 0}, {"maxAge": 1, "name": "Mr. Bill  Matrogran", "title": "VP of Construction Management & Operations", "exercisedValue": 0, "unexercisedValue": 0}, {"maxAge": 1, "name": "Mr. Ronald Steven Habursky", "title": "Sr. VP & Chief Investment Officer", "exercisedValue": 0, "unexercisedValue": 0}, {"maxAge": 1, "name": "Mr. Scott W. Beilharz", "title": "VP of Capital Management & Investor Relations", "exercisedValue": 0, "unexercisedValue": 0}, {"maxAge": 1, "name": "Mr. Brian William Bolash Esq.", "age": 56, "title": "Exec. VP, Corp. Sec. & Gen. Counsel", "yearBorn": 1966, "exercisedValue": 0, "unexercisedValue": 0}, {"maxAge": 1, "name": "Mr. Charles Michael Fletcher", "title": "Sr. VP of Sales & Marketing", "exercisedValue": 0, "unexercisedValue": 0}], "compensationAsOfEpochDate": "2022-12-30 19:00:00", "maxAge": 86400, "latitude": 42.1308979914202, "longitude": -80.08389300670656}