{"address1": "5956 Sherry Lane", "address2": "Suite 1400", "city": "Dallas", "state": "TX", "zip": "75225", "country": "United States", "phone": "214 987 6100", "website": "https://www.esgen-spac.com", "industry": "Shell Companies", "industryDisp": "Shell Companies", "sector": "Financial Services", "longBusinessSummary": "ESGEN Acquisition Corporation does not have significant operations. It focuses on effecting a merger, share exchange, asset acquisition, share purchase, reorganization, or similar business combination with one or more businesses. The company intends to target opportunities in the energy and infrastructure sector in North America. ESGEN Acquisition Corporation was incorporated in 2021 and is based in Dallas, Texas.", "companyOfficers": [{"maxAge": 1, "name": "Ms. Andrea  Bernatova", "age": 40, "title": "CEO & Director", "yearBorn": 1982, "exercisedValue": 0, "unexercisedValue": 0}, {"maxAge": 1, "name": "Mr. Nader  Daylami", "age": 33, "title": "Chief Financial Officer", "yearBorn": 1989, "exercisedValue": 0, "unexercisedValue": 0}], "maxAge": 86400, "latitude": 32.861984983487986, "longitude": -96.80977099426546}