{"address1": "Windsor Place", "address2": "3rd Floor 22 Queen Street", "city": "Hamilton", "zip": "HM JX", "country": "Bermuda", "phone": "441 292 3645", "website": "https://www.enstargroup.com", "industry": "Insurance\u2014Diversified", "industryDisp": "Insurance\u2014Diversified", "sector": "Financial Services", "longBusinessSummary": "Enstar Group Limited acquires and manages insurance and reinsurance companies, and portfolios of insurance and reinsurance business in run-off. It engages in the run-off property and casualty, and other non-life lines insurance businesses. The company also provides consulting services, including claims inspection, claims validation, reinsurance asset collection, syndicate management, and IT consulting services to the insurance and reinsurance industry. It operates in Bermuda, the United States, the United Kingdom, Australia, and other Continental European countries. The company was formerly known as Castlewood Holdings Limited and changed its name to Enstar Group Limited in January 2007. Enstar Group Limited was founded in 1993 and is headquartered in Hamilton, Bermuda.", "fullTimeEmployees": 792, "companyOfficers": [{"maxAge": 1, "name": "Mr. Dominic F. Silvester", "age": 61, "title": "Co-Founder, CEO & Director", "yearBorn": 1961, "fiscalYear": 2022, "totalPay": 5527773, "exercisedValue": 0, "unexercisedValue": 0}, {"maxAge": 1, "name": "Ms. Orla M. Gregory", "age": 48, "title": "Pres & Director", "yearBorn": 1974, "fiscalYear": 2022, "totalPay": 2479661, "exercisedValue": 0, "unexercisedValue": 1665800}, {"maxAge": 1, "name": "Mr. Paul James O'Shea", "age": 64, "title": "Co-Founder & Director", "yearBorn": 1958, "fiscalYear": 2022, "totalPay": 3117649, "exercisedValue": 0, "unexercisedValue": 0}, {"maxAge": 1, "name": "Mr. Paul Michael James Brockman", "age": 48, "title": "COO & Chief Claims Officer", "yearBorn": 1974, "fiscalYear": 2022, "totalPay": 1472651, "exercisedValue": 0, "unexercisedValue": 0}, {"maxAge": 1, "name": "Mr. David  Ni", "title": "Chief Strategy Officer", "fiscalYear": 2022, "totalPay": 2099156, "exercisedValue": 0, "unexercisedValue": 0}, {"maxAge": 1, "name": "Mr. Matthew  Kirk", "age": 48, "title": "CFO & Principal Accounting Officer", "yearBorn": 1974, "exercisedValue": 0, "unexercisedValue": 0}, {"maxAge": 1, "name": "Mr. Nazar  Alobaidat", "age": 43, "title": "Chief Investment Officer", "yearBorn": 1979, "fiscalYear": 2021, "exercisedValue": 0, "unexercisedValue": 0}, {"maxAge": 1, "name": "Ms. Audrey Bowen Taranto", "title": "Group Gen. Counsel & Corp. Sec.", "exercisedValue": 0, "unexercisedValue": 0}, {"maxAge": 1, "name": "Mr. Laurence  Plumb", "title": "Deputy COO & Chief of Bus. Operations", "exercisedValue": 0, "unexercisedValue": 0}, {"maxAge": 1, "name": "Ms. Seema  Thaper", "title": "Group Chief Risk Officer", "exercisedValue": 0, "unexercisedValue": 0}], "auditRisk": 4, "boardRisk": 5, "compensationRisk": 5, "shareHolderRightsRisk": 6, "overallRisk": 5, "governanceEpochDate": "2023-04-30 20:00:00", "compensationAsOfEpochDate": "2022-12-30 19:00:00", "maxAge": 86400, "latitude": 43.26534049504684, "longitude": -79.87361653702035}