{"address1": "Clarendon House", "address2": "2 Church Street", "city": "Hamilton", "country": "Bermuda", "website": "https://www.essentgroup.com", "industry": "Insurance\u2014Specialty", "industryDisp": "Insurance\u2014Specialty", "sector": "Financial Services", "longBusinessSummary": "Essent Group Ltd., through its subsidiaries, provides private mortgage insurance and reinsurance for mortgages secured by residential properties located in the United States. Its mortgage insurance products include primary, pool, and master policy. The company also provides information technology maintenance and development services; customer support-related services; underwriting consulting; and contract underwriting services. It serves the originators of residential mortgage loans, such as regulated depository institutions, mortgage banks, credit unions, and other lenders. Essent Group Ltd. was founded in 2008 and is based in Hamilton, Bermuda.", "fullTimeEmployees": 337, "companyOfficers": [{"maxAge": 1, "name": "Mr. Mark Anthony Casale", "age": 57, "title": "Chairman, CEO & Pres", "yearBorn": 1965, "fiscalYear": 2022, "totalPay": 4496063, "exercisedValue": 0, "unexercisedValue": 0}, {"maxAge": 1, "name": "Mr. David Bruce Weinstock", "age": 56, "title": "CFO & Sr. VP", "yearBorn": 1966, "fiscalYear": 2022, "totalPay": 866339, "exercisedValue": 0, "unexercisedValue": 0}, {"maxAge": 1, "name": "Ms. Mary Lourdes Gibbons", "age": 60, "title": "Sr. VP, Chief Legal Officer & Assistant Sec.", "yearBorn": 1962, "fiscalYear": 2022, "totalPay": 1424942, "exercisedValue": 0, "unexercisedValue": 0}, {"maxAge": 1, "name": "Mr. Vijay  Bhasin", "age": 57, "title": "Chief Risk Officer & Sr. VP", "yearBorn": 1965, "fiscalYear": 2022, "totalPay": 1244829, "exercisedValue": 0, "unexercisedValue": 0}, {"maxAge": 1, "name": "Mr. Christopher G. Curran", "title": "Pres of Essent Guaranty, Inc.", "fiscalYear": 2022, "totalPay": 1816069, "exercisedValue": 0, "unexercisedValue": 0}, {"maxAge": 1, "name": "Mr. William Daniel Kaiser", "title": "Sr. VP & COO", "exercisedValue": 0, "unexercisedValue": 0}, {"maxAge": 1, "name": "Theodore  Gray", "title": "Sr. VP & Chief Information Officer", "exercisedValue": 0, "unexercisedValue": 0}, {"maxAge": 1, "name": "Mr. Philip Michael Stefano", "title": "VP of Investor Relations", "exercisedValue": 0, "unexercisedValue": 0}, {"maxAge": 1, "name": "Wei  Ding", "title": "Sr. VP of Corp. Devel.", "exercisedValue": 0, "unexercisedValue": 0}, {"maxAge": 1, "name": "William P. Higgins", "title": "Sr. VP of Essent Ventures", "exercisedValue": 0, "unexercisedValue": 0}], "auditRisk": 5, "boardRisk": 4, "compensationRisk": 1, "shareHolderRightsRisk": 2, "overallRisk": 2, "governanceEpochDate": "2023-04-30 20:00:00", "compensationAsOfEpochDate": "2022-12-30 19:00:00", "maxAge": 86400, "latitude": 32.29362000000003, "longitude": -64.78413999999998}