{"address1": "100 Jericho Quadrangle", "address2": "Suite 100", "city": "Jericho", "state": "NY", "zip": "11753", "country": "United States", "phone": "516 535 2002", "website": "https://www.esquirebank.com", "industry": "Banks\u2014Regional", "industryDisp": "Banks\u2014Regional", "sector": "Financial Services", "longBusinessSummary": "Esquire Financial Holdings, Inc. operates as the bank holding company for Esquire Bank, National Association that provides commercial banking products and services to legal industry and small businesses, and commercial and retail customers in the United States. The company offers checking, savings, money market, and time deposits, as well as certificates of deposit. It also provides commercial loans, such as short-term financing for inventory, receivables, the purchase of supplies, or other operating needs arising during the normal course of business, as well as loans to its qualified merchant customers; commercial lines of credit; consumer loans consisting of post-settlement consumer and structured settlement loans to plaintiffs and claimants, as well as loans to individuals for debt consolidation, medical expenses, living expenses, payment of outstanding bills, or other consumer needs; and real estate loans, such as multifamily, 1-4 family residential, commercial real estate, and construction loans, as well as merchant services. Esquire Financial Holdings, Inc. was founded in 2006 and is headquartered in Jericho, New York.", "fullTimeEmployees": 116, "companyOfficers": [{"maxAge": 1, "name": "Mr. Andrew C. Sagliocca", "age": 54, "title": "Vice Chairman, CEO & Pres", "yearBorn": 1968, "fiscalYear": 2022, "totalPay": 1476485, "exercisedValue": 0, "unexercisedValue": 2919955}, {"maxAge": 1, "name": "Mr. Eric S. Bader", "age": 45, "title": "Exec. VP, COO & Corp. Sec.", "yearBorn": 1977, "fiscalYear": 2022, "totalPay": 976856, "exercisedValue": 0, "unexercisedValue": 1644430}, {"maxAge": 1, "name": "Mr. Ari P. Kornhaber Esq.", "age": 50, "title": "Exec. VP & Head of Corp. Devel.", "yearBorn": 1972, "fiscalYear": 2022, "totalPay": 976929, "exercisedValue": 0, "unexercisedValue": 1707703}, {"maxAge": 1, "name": "Mr. Michael  Lacapria", "age": 44, "title": "Sr. VP & CFO", "yearBorn": 1978, "exercisedValue": 0, "unexercisedValue": 0}, {"maxAge": 1, "name": "Martin  Korn", "title": "Sr. VP & CTO", "exercisedValue": 0, "unexercisedValue": 0}, {"maxAge": 1, "name": "Ann Marie Tarantino", "title": "Sr. VP, Chief Compliance Officer & Risk Officer", "exercisedValue": 0, "unexercisedValue": 0}, {"maxAge": 1, "name": "Mr. Fred  Horn", "title": "Sr. VP & Director of Merchant Services", "exercisedValue": 0, "unexercisedValue": 0}, {"maxAge": 1, "name": "Frank  Lonardo", "title": "Sr. VP & Chief Revenue Officer", "exercisedValue": 0, "unexercisedValue": 0}, {"maxAge": 1, "name": "Sean  Miller", "title": "Sr. VP & Retail Director", "exercisedValue": 0, "unexercisedValue": 0}, {"maxAge": 1, "name": "Kyall  Mai", "title": "Sr. VP & Chief Innovation Officer", "exercisedValue": 0, "unexercisedValue": 0}], "auditRisk": 9, "boardRisk": 9, "compensationRisk": 10, "shareHolderRightsRisk": 6, "overallRisk": 9, "governanceEpochDate": "2023-04-30 20:00:00", "compensationAsOfEpochDate": "2022-12-30 19:00:00", "maxAge": 86400, "latitude": 40.78464572887609, "longitude": -73.5545868698795}