{"address1": "200 Palmer Street", "city": "Stroudsburg", "state": "PA", "zip": "18360", "country": "United States", "phone": "570 421 0531", "website": "https://www.essabank.com", "industry": "Banks\u2014Regional", "industryDisp": "Banks\u2014Regional", "sector": "Financial Services", "longBusinessSummary": "ESSA Bancorp, Inc. operates as a bank holding company for ESSA Bank & Trust that provides a range of financial services to individuals, families, and businesses in Pennsylvania. The company accepts savings accounts, interest bearing demand accounts, checking accounts, money market accounts, club accounts, certificates of deposit and IRAs, and other qualified plan accounts, as well as commercial checking accounts. Its loan portfolio includes first mortgage loans for the purchase, construction, or refinancing of one- to four-family residential real estate property; commercial real estate loans; home equity loans and lines of credit; and commercial and other consumer loans, as well as loans secured by deposits and personal unsecured loans. In addition, the company offers insurance benefits consulting services, such as health insurance, life insurance, short term and long term disability, dental, vision, 401(K) retirement planning, and individual health products, as well as asset management and trust, and investment services. It operates community offices, including offices in Monroe County, Lehigh County, Northampton County, Lackawanna County, Luzerne County, Chester County, Delaware County, and Montgomery County, Pennsylvania. The company was founded in 1916 and is headquartered in Stroudsburg, Pennsylvania.", "fullTimeEmployees": 230, "companyOfficers": [{"maxAge": 1, "name": "Mr. Gary S. Olson", "age": 68, "title": "Pres, CEO & Director", "yearBorn": 1954, "fiscalYear": 2022, "totalPay": 1147193, "exercisedValue": 0, "unexercisedValue": 0}, {"maxAge": 1, "name": "Mr. Peter A. Gray", "age": 57, "title": "Sr. EVP & COO", "yearBorn": 1965, "fiscalYear": 2022, "totalPay": 642189, "exercisedValue": 0, "unexercisedValue": 0}, {"maxAge": 1, "name": "Mr. Charles D. Hangen", "age": 49, "title": "Exec. VP & Chief Risk Officer", "yearBorn": 1973, "fiscalYear": 2022, "totalPay": 578244, "exercisedValue": 0, "unexercisedValue": 0}, {"maxAge": 1, "name": "Mr. Allan A. Muto", "age": 62, "title": "Exec. VP & CFO", "yearBorn": 1960, "fiscalYear": 2021, "exercisedValue": 0, "unexercisedValue": 0}, {"maxAge": 1, "name": "Stephanie  Lefferson", "title": "Corp. Sec. & Investor and Community Relations", "exercisedValue": 0, "unexercisedValue": 0}, {"maxAge": 1, "name": "James V. Fareri", "title": "Gen. Counsel", "exercisedValue": 0, "unexercisedValue": 0}, {"maxAge": 1, "name": "Mr. Thomas J. Grayuski", "age": 61, "title": "Chief Human Resource Officer & Sr. VP", "yearBorn": 1961, "fiscalYear": 2016, "exercisedValue": 0, "unexercisedValue": 0}, {"maxAge": 1, "name": "Mr. Robert L. Selitto", "title": "Sr. VP & Controller", "exercisedValue": 0, "unexercisedValue": 0}], "compensationAsOfEpochDate": "2022-12-30 19:00:00", "maxAge": 86400, "latitude": 40.98220501606454, "longitude": -75.19523699544149}