{"address1": "6460 Main Street", "city": "Williamsville", "state": "NY", "zip": "14221", "country": "United States", "phone": "716 926 2000", "fax": "716 926 2005", "website": "https://evansbank.com", "industry": "Banks\u2014Regional", "industryDisp": "Banks\u2014Regional", "sector": "Financial Services", "longBusinessSummary": "Evans Bancorp, Inc. primarily operates as financial holding company for Evans Bank, N.A. that provides a range of banking products and services to consumer and commercial customers in the United States. It operates in two segments: Banking Activities and Insurance Agency Activities. The company offers deposit products, which include checking and negotiable order of withdrawal accounts, savings accounts, and certificates of deposit. It also provides residential mortgages; commercial and multi-family mortgages and commercial construction loans; home equities, such as home equity lines of credit and second mortgage loans; commercial and industrial loans comprising term loans and lines of credit; consumer loans, includes direct automobile, recreational vehicle, boat, home improvement, and personal loans; other loans consist of cash reserves, overdrafts, and loan clearing accounts; and installment loans. In addition, the company sells various premium-based insurance policies, including business and personal insurance, employee benefits, surety bonds, risk management, life, disability, and long-term care coverage, as well as provides claims adjusting services to various insurance companies; and non-deposit investment products, such as annuities and mutual funds. Evans Bancorp, Inc. was founded in 1920 and is headquartered in Williamsville, New York.", "fullTimeEmployees": 379, "companyOfficers": [{"maxAge": 1, "name": "Mr. David John Nasca", "age": 64, "title": "CEO, Pres & Director", "yearBorn": 1958, "fiscalYear": 2022, "totalPay": 827519, "exercisedValue": 243593, "unexercisedValue": 439756}, {"maxAge": 1, "name": "Mr. John B. Connerton", "age": 55, "title": "Treasurer", "yearBorn": 1967, "fiscalYear": 2022, "totalPay": 388714, "exercisedValue": 0, "unexercisedValue": 133649}, {"maxAge": 1, "name": "Mr. Aaron M. Whitehouse", "age": 51, "title": "Pres of The Evans Agency, LLC", "yearBorn": 1971, "fiscalYear": 2022, "totalPay": 294136, "exercisedValue": 0, "unexercisedValue": 14541}, {"maxAge": 1, "name": "Ms. Michelle A. Baumgarden", "title": "Sec.", "exercisedValue": 0, "unexercisedValue": 0}, {"maxAge": 1, "name": "Mr. Nicholas J. Snyder", "title": "Assistant Sec.", "exercisedValue": 0, "unexercisedValue": 0}], "compensationAsOfEpochDate": "2022-12-30 19:00:00", "maxAge": 86400, "latitude": 42.96679665472675, "longitude": -78.71261197082354}