{"address1": "4001 Kennett Pike", "address2": "Suite 302", "city": "Wilmington", "state": "DE", "zip": "19807", "country": "United States", "phone": "302 273 0014", "website": "https://www.evemobility.com", "industry": "Shell Companies", "industryDisp": "Shell Companies", "sector": "Financial Services", "longBusinessSummary": "EVe Mobility Acquisition Corp does not have significant operations. The company focuses on effectuating a merger, share exchange, asset acquisition, share purchase, reorganization, or other similar business combination with one or more businesses. It intends to focus on the automotive and mobility industry. The company was incorporated in 2021 and is based in Wilmington, Delaware.", "companyOfficers": [{"maxAge": 1, "name": "Mr. Scott  Painter", "age": 53, "title": "Chairman & CEO", "yearBorn": 1969, "exercisedValue": 0, "unexercisedValue": 0}, {"maxAge": 1, "name": "Mr. Georg  Bauer", "age": 71, "title": "Vice Chairman & Pres", "yearBorn": 1951, "exercisedValue": 0, "unexercisedValue": 0}, {"maxAge": 1, "name": "Mr. Kashif F. Sheikh", "age": 53, "title": "Chief Financial Officer", "yearBorn": 1969, "exercisedValue": 0, "unexercisedValue": 0}, {"maxAge": 1, "name": "Mr. James  Nguyen", "age": 52, "title": "Chief Operating Officer", "yearBorn": 1970, "exercisedValue": 0, "unexercisedValue": 0}], "maxAge": 86400, "latitude": 39.779226980069296, "longitude": -75.5971609873684}