{"address1": "15-04, The Pinnacle", "address2": "Persiaran Lagoon Bandar Sunway", "city": "Petaling Jaya", "zip": "47810", "country": "Malaysia", "phone": "60 3 7610 2988", "industry": "Shell Companies", "industryDisp": "Shell Companies", "sector": "Financial Services", "longBusinessSummary": "Evergreen Corporation is a blank check company. It intends to complete a business combination target on technology companies involved in artificial intelligence, fintech and financial services, the Metaverse, the Internet of Things, eCommerce, social commerce, and Industry 4.0, as well as the new digital economy in the ASEAN region. The company was incorporated in 2021 and is based in Petaling Jaya, Malaysia.", "companyOfficers": [{"maxAge": 1, "name": "Mr. Choon Lian Liew", "age": 64, "title": "CEO & Chairman", "yearBorn": 1958, "exercisedValue": 0, "unexercisedValue": 0}, {"maxAge": 1, "name": "Mr. Izmet Iskandar Bin Mohd Ramli", "age": 51, "title": "CFO & Director", "yearBorn": 1971, "exercisedValue": 0, "unexercisedValue": 0}], "maxAge": 86400, "latitude": 3.1571463236529005, "longitude": 101.56207645727646}