{"address1": "55 East 52nd Street", "city": "New York", "state": "NY", "zip": "10055", "country": "United States", "phone": "212 857 3100", "website": "https://www.evercore.com", "industry": "Capital Markets", "industryDisp": "Capital Markets", "sector": "Financial Services", "longBusinessSummary": "Evercore Inc., together with its subsidiaries, operates as an independent investment banking advisory firm in the United States, Europe, Latin America, and internationally. It operates through two segments, Investment Banking & Equities, and Investment Management. The Investment Banking & Equities segment offers strategic advisory services, such as mergers and acquisitions, strategic, defense, and shareholder advisory, special committee assignments, restructuring, and transaction structuring; private capital advisory and fundraising, private capital markets and debt advisory, and equity capital markets execution and advisory services; and research, sales, and trading professionals services on a content-led platform to its institutional investor clients. The Investment Management segment provides wealth management services to high-net-worth individuals, foundations, and endowments; and manages financial assets for institutional investors. The company was formerly known as Evercore Partners Inc. and changed its name to Evercore Inc. in August 2017. Evercore Inc. was founded in 1995 and is headquartered in New York, New York.", "fullTimeEmployees": 2135, "companyOfficers": [{"maxAge": 1, "name": "Mr. John S. Weinberg", "age": 65, "title": "Chairman & CEO", "yearBorn": 1957, "fiscalYear": 2022, "totalPay": 9750000, "exercisedValue": 0, "unexercisedValue": 0}, {"maxAge": 1, "name": "Mr. Roger Charles Altman", "age": 76, "title": "Founder & Sr. Chairman", "yearBorn": 1946, "fiscalYear": 2022, "totalPay": 4250000, "exercisedValue": 0, "unexercisedValue": 0}, {"maxAge": 1, "name": "Mr. Jason  Klurfeld", "age": 49, "title": "Sr. MD, Corp. Sec. & Gen. Counsel", "yearBorn": 1973, "fiscalYear": 2022, "totalPay": 2629217, "exercisedValue": 0, "unexercisedValue": 0}, {"maxAge": 1, "name": "Mr. Edward S. Hyman Jr.", "age": 77, "title": "Founder, Vice Chairman and Chairman & Head of Economic Research of Evercore ISI", "yearBorn": 1945, "fiscalYear": 2022, "totalPay": 2450000, "exercisedValue": 0, "unexercisedValue": 0}, {"maxAge": 1, "name": "Mr. Timothy Gilbert LaLonde M.B.A., M.Sc.", "age": 60, "title": "Sr. MD & Chief Financial Officer", "yearBorn": 1962, "exercisedValue": 0, "unexercisedValue": 0}, {"maxAge": 1, "name": "Mr. Paul  Pensa CPA", "title": "Sr. MD, Co-Director of Global Fin., Principal Accounting Officer & Controller", "exercisedValue": 0, "unexercisedValue": 0}, {"maxAge": 1, "name": "Mr. Christopher  Sanger", "title": "Managing Director", "exercisedValue": 0, "unexercisedValue": 0}, {"maxAge": 1, "name": "Mr. Chris  Turek", "title": "Sr. MD, Chief Information Officer & Head of Facilities", "exercisedValue": 0, "unexercisedValue": 0}, {"maxAge": 1, "name": "Katy  Haber", "title": "MD, Head of Investor Relations & ESG", "exercisedValue": 0, "unexercisedValue": 0}, {"maxAge": 1, "name": "Ms. Jamie  Easton", "age": 42, "title": "Sr. MD, Head of Communications & External Affairs", "yearBorn": 1980, "exercisedValue": 0, "unexercisedValue": 0}], "auditRisk": 4, "boardRisk": 5, "compensationRisk": 5, "shareHolderRightsRisk": 6, "overallRisk": 5, "governanceEpochDate": "2023-04-30 20:00:00", "compensationAsOfEpochDate": "2022-12-30 19:00:00", "maxAge": 86400, "latitude": 40.7587958643021, "longitude": -73.97365582826252}