{"address1": "135 North Los Robles Avenue", "address2": "7th Floor", "city": "Pasadena", "state": "CA", "zip": "91101", "country": "United States", "phone": "626 768 6000", "website": "https://www.eastwestbank.com", "industry": "Banks\u2014Diversified", "industryDisp": "Banks\u2014Diversified", "sector": "Financial Services", "longBusinessSummary": "East West Bancorp, Inc. operates as the bank holding company for East West Bank that provides a range of personal and commercial banking services to businesses and individuals. The company operates through three segments: Consumer and Business Banking, Commercial Banking, and Other. It accepts various deposit products, such as personal and business checking and savings accounts, money market, and time deposits. The company's loan products include mortgage and home equity, commercial and residential real estate, working capital lines of credit, construction, trade finance, letters of credit, commercial business, affordable housing loans, asset-based lending, asset-backed finance, project finance, and equipment financing, as well as financing services to clients needing a financial bridge to facilitate their business transactions between the United States and Asia. It also provides various wealth management, treasury management, foreign exchange, and interest rate and commodity risk hedging services; and mobile and online banking services. The company was incorporated in 1998 and is headquartered in Pasadena, California.", "fullTimeEmployees": 3155, "companyOfficers": [{"maxAge": 1, "name": "Mr. Dominic  Ng", "age": 63, "title": "Chairman, Pres & CEO", "yearBorn": 1959, "fiscalYear": 2022, "totalPay": 4537869, "exercisedValue": 0, "unexercisedValue": 0}, {"maxAge": 1, "name": "Ms. Irene H. Oh", "age": 44, "title": "Exec. VP & CFO", "yearBorn": 1978, "fiscalYear": 2022, "totalPay": 1738841, "exercisedValue": 0, "unexercisedValue": 0}, {"maxAge": 1, "name": "Mr. Parker L. Shi", "age": 52, "title": "Exec. VP & COO", "yearBorn": 1970, "fiscalYear": 2022, "totalPay": 2040735, "exercisedValue": 0, "unexercisedValue": 0}, {"maxAge": 1, "name": "Mr. Gary  Teo", "age": 49, "title": "Exec. VP & Chief HR Officer", "yearBorn": 1973, "fiscalYear": 2022, "totalPay": 821838, "exercisedValue": 0, "unexercisedValue": 0}, {"maxAge": 1, "name": "Mr. Douglas Paul Krause Sr.", "age": 65, "title": "Vice Chairman & Chief Corp. Officer", "yearBorn": 1957, "fiscalYear": 2022, "totalPay": 1667494, "exercisedValue": 0, "unexercisedValue": 0}, {"maxAge": 1, "name": "Ms. Lisa L. Kim Esq.", "age": 57, "title": "Exec. VP, Gen. Counsel & Corp. Sec.", "yearBorn": 1965, "exercisedValue": 0, "unexercisedValue": 0}, {"maxAge": 1, "name": "Mr. Bennett  Pozil", "age": 60, "title": "Head of Corp. Banking - East West Bank and Exec. VP of East West Bank", "yearBorn": 1962, "exercisedValue": 0, "unexercisedValue": 0}, {"maxAge": 1, "name": "Mr. Robert  Lo", "age": 57, "title": "Head of Commercial Real Estate Banking - East West Bank and Exec. VP of East West Bank", "yearBorn": 1965, "exercisedValue": 0, "unexercisedValue": 0}], "auditRisk": 3, "boardRisk": 3, "compensationRisk": 1, "shareHolderRightsRisk": 1, "overallRisk": 1, "governanceEpochDate": "2023-04-30 20:00:00", "compensationAsOfEpochDate": "2022-12-30 19:00:00", "maxAge": 86400, "latitude": 34.14818798385011, "longitude": -118.14177903260187}