{"address1": "Building One", "address2": "Suite 200 2500 Bee Cave Road Rollingwood", "city": "Austin", "state": "TX", "zip": "78746", "country": "United States", "phone": "512 314 3400", "website": "https://www.ezcorp.com", "industry": "Credit Services", "industryDisp": "Credit Services", "sector": "Financial Services", "longBusinessSummary": "EZCORP, Inc. provides pawn services in the United States and Latin America. The company operates through three segments: U.S. Pawn, Latin America Pawn, and Other Investments. It offers pawn loans collateralized by tangible personal property, jewelry, consumer electronics, tools, sporting goods, and musical instruments. The company also sells merchandise, primarily collateral forfeited from pawn lending operations and pre-owned merchandise purchased from customers. In addition, it offers EZ+, a web-based application that allow customers to manage their pawn transactions, layaways, and loyalty rewards online. As of September 30, 2022, the company owned and operated 515 pawn stores in the United States; 528 pawn stores in Mexico; and 132 pawn stores in Guatemala, El Salvador, and Honduras. EZCORP, Inc. was incorporated in 1989 and is headquartered in Austin, Texas.", "fullTimeEmployees": 7000, "companyOfficers": [{"maxAge": 1, "name": "Mr. Phillip Ean Cohen B.Com., M.B.A.", "age": 73, "title": "Exec. Chairman", "yearBorn": 1949, "fiscalYear": 2022, "totalPay": 3436778, "exercisedValue": 0, "unexercisedValue": 0}, {"maxAge": 1, "name": "Mr. Lachlan P. Given BBus", "age": 45, "title": "CEO, Director & Chief Strategy, M&A and Funding Officer", "yearBorn": 1977, "fiscalYear": 2022, "totalPay": 2278380, "exercisedValue": 0, "unexercisedValue": 0}, {"maxAge": 1, "name": "Mr. Timothy K. Jugmans", "age": 45, "title": "Chief Financial Officer", "yearBorn": 1977, "fiscalYear": 2022, "totalPay": 1136506, "exercisedValue": 0, "unexercisedValue": 0}, {"maxAge": 1, "name": "Mr. John Blair Powell Jr.", "age": 53, "title": "COO & Pres of Global Pawn", "yearBorn": 1969, "fiscalYear": 2022, "totalPay": 1345663, "exercisedValue": 0, "unexercisedValue": 0}, {"maxAge": 1, "name": "Mr. Robert J. Hicks", "age": 42, "title": "Chief Accounting Officer", "yearBorn": 1980, "exercisedValue": 0, "unexercisedValue": 0}, {"maxAge": 1, "name": "Mr. Keith  Robertson", "age": 57, "title": "Chief Information Officer", "yearBorn": 1965, "exercisedValue": 0, "unexercisedValue": 0}, {"maxAge": 1, "name": "Ms. Ellen H. Bryant", "title": "Chief Legal Officer & Sec.", "exercisedValue": 0, "unexercisedValue": 0}, {"maxAge": 1, "name": "Ms. Lisa  VanRoekel", "age": 52, "title": "Chief HR Officer", "yearBorn": 1970, "exercisedValue": 0, "unexercisedValue": 0}, {"maxAge": 1, "name": "Ms. Nicole  Swies", "age": 43, "title": "Chief Revenue Officer", "yearBorn": 1979, "exercisedValue": 0, "unexercisedValue": 0}, {"maxAge": 1, "name": "Mr. Sunil  Sajnani CPA", "age": 41, "title": "Chief Audit & Loss Prevention Exec.", "yearBorn": 1981, "exercisedValue": 0, "unexercisedValue": 0}], "compensationAsOfEpochDate": "2022-12-30 19:00:00", "maxAge": 86400, "latitude": 30.273339000000078, "longitude": -97.80420069999997}