{"address1": "14 Wall Street", "address2": "20th Floor", "city": "New York", "state": "NY", "zip": "10005", "country": "United States", "phone": "212 618 1798", "website": "https://freedomac1.com", "industry": "Shell Companies", "industryDisp": "Shell Companies", "sector": "Financial Services", "longBusinessSummary": "Freedom Acquisition I Corp. does not have significant operations. The company focuses on effecting a merger, share exchange, asset acquisition, share purchase, reorganization, or related business combination with one or more businesses. Freedom Acquisition I Corp. was incorporated in 2020 and is based in New York, New York.", "companyOfficers": [{"maxAge": 1, "name": "Mr. Tidjane  Thiam", "age": 59, "title": "Exec. Chairman", "yearBorn": 1963, "exercisedValue": 0, "unexercisedValue": 0}, {"maxAge": 1, "name": "Mr. Adam  Gishen", "age": 46, "title": "CEO & Board Observer", "yearBorn": 1976, "exercisedValue": 0, "unexercisedValue": 0}], "maxAge": 86400, "latitude": 40.70747120804501, "longitude": -74.01104087662466}