{"address1": "1 First American Way", "city": "Santa Ana", "state": "CA", "zip": "92707-5913", "country": "United States", "phone": "714 250 3000", "website": "https://www.firstam.com", "industry": "Insurance\u2014Specialty", "industryDisp": "Insurance\u2014Specialty", "sector": "Financial Services", "longBusinessSummary": "First American Financial Corporation, through its subsidiaries, provides financial services. It operates through Title Insurance and Services, and Specialty Insurance segments. The Title Insurance and Services segment issues title insurance policies on residential and commercial property, as well as offers related products and services. This segment also provides closing and/or escrow services; products, services, and solutions to mitigate risk or otherwise facilitate real estate transactions; and appraisals and other valuation-related products and services, lien release and document custodial services, warehouse lending services, default-related products and services, mortgage subservicing, and related products and services, as well as banking, trust, and wealth management services. In addition, it accommodates tax-deferred exchanges of real estate; and maintains, manages, and provides access to title plant data and records. This segment offers its products through a network of direct operations and agents in 49 states and in the District of Columbia, as well as in Canada, the United Kingdom, Australia, New Zealand, South Korea, and internationally. The Specialty Insurance segment provides home warranty products, including residential service contracts that cover residential systems, such as heating and air conditioning systems, and various appliances against failures that occur as the result of normal usage during the coverage period. This segment operates in 35 states and the District of Columbia. The company was founded in 1889 and is headquartered in Santa Ana, California.", "fullTimeEmployees": 21153, "companyOfficers": [{"maxAge": 1, "name": "Mr. Kenneth David DeGiorgio BA, MBA", "age": 51, "title": "CEO & Director", "yearBorn": 1971, "fiscalYear": 2022, "totalPay": 2619993, "exercisedValue": 0, "unexercisedValue": 0}, {"maxAge": 1, "name": "Mr. Mark Edward Seaton", "age": 44, "title": "Exec. VP & CFO", "yearBorn": 1978, "fiscalYear": 2022, "totalPay": 1241650, "exercisedValue": 0, "unexercisedValue": 0}, {"maxAge": 1, "name": "Mr. Steven A. Adams", "age": 52, "title": "VP & Chief Accounting Officer", "yearBorn": 1970, "fiscalYear": 2022, "totalPay": 485718, "exercisedValue": 0, "unexercisedValue": 0}, {"maxAge": 1, "name": "Ms. Lisa W. Cornehl", "age": 43, "title": "Sr. VP, Chief Legal Officer & Sec.", "yearBorn": 1979, "fiscalYear": 2022, "totalPay": 548340, "exercisedValue": 0, "unexercisedValue": 0}, {"maxAge": 1, "name": "Mr. Matthew Feivish Wajner", "age": 46, "title": "VP & Treasurer", "yearBorn": 1976, "fiscalYear": 2022, "totalPay": 482591, "exercisedValue": 0, "unexercisedValue": 0}, {"maxAge": 1, "name": "Mr. Craig  Barberio", "title": "Director of Investor Relations", "exercisedValue": 0, "unexercisedValue": 0}, {"maxAge": 1, "name": "Mr. George Stone Livermore", "age": 61, "title": "Exec. VP of Data and Mortgage Solutions", "yearBorn": 1961, "exercisedValue": 0, "unexercisedValue": 0}, {"maxAge": 1, "name": "Mr. Mark  Fleming", "title": "Chief Economist", "exercisedValue": 0, "unexercisedValue": 0}, {"maxAge": 1, "name": "Ms. Dianna  Serio", "title": "Sr. VP of Enterprise Data Strategy", "exercisedValue": 0, "unexercisedValue": 0}, {"maxAge": 1, "name": "Mr. Rouz  Tabaddor", "title": "VP & Chief Intellectual Property Officer", "exercisedValue": 0, "unexercisedValue": 0}], "auditRisk": 3, "boardRisk": 3, "compensationRisk": 3, "shareHolderRightsRisk": 4, "overallRisk": 3, "governanceEpochDate": "2023-04-30 20:00:00", "compensationAsOfEpochDate": "2022-12-30 19:00:00", "maxAge": 86400, "latitude": 33.702205020795674, "longitude": -117.85977400739667}