{"address1": "27 Bukit Manis Road", "address2": "Sentosa Golf Club", "city": "Singapore", "zip": "099892", "country": "Singapore", "phone": "65 8590 2056", "website": "https://fatprojectscorp.com", "industry": "Shell Companies", "industryDisp": "Shell Companies", "sector": "Financial Services", "longBusinessSummary": "Fat Projects Acquisition Corp does not have significant operations. The company focuses on effecting a merger, capital stock exchange, asset acquisition, stock purchase, reorganization, or related business combination with one or more businesses. It focuses on identifying business opportunities in the field of the supply chain, transportation, logistics, finance, sustainability/ESG, food, agriculture, e-commerce, and/or big data sectors in Southeast Asia. Fat Projects Acquisition Corp was incorporated in 2021 and is based in Singapore.", "companyOfficers": [{"maxAge": 1, "name": "Mr. Tristan  Lo", "age": 38, "title": "Co-CEO & Chairman", "yearBorn": 1984, "exercisedValue": 0, "unexercisedValue": 0}, {"maxAge": 1, "name": "Mr. David  Andrada", "age": 40, "title": "Co-CEO, CFO & Director", "yearBorn": 1982, "exercisedValue": 0, "unexercisedValue": 0}, {"maxAge": 1, "name": "Mr. Nils  Michaelis", "age": 49, "title": "Pres, COO, Head of Mergers & Acquisition and Director", "yearBorn": 1973, "exercisedValue": 0, "unexercisedValue": 0}], "maxAge": 86400, "latitude": 1.2441261816975384, "longitude": 103.82952295422064}