{"address1": "401 Charmany Drive", "city": "Madison", "state": "WI", "zip": "53719", "country": "United States", "phone": "608 238 8008", "website": "https://www.firstbusiness.com", "industry": "Banks\u2014Regional", "industryDisp": "Banks\u2014Regional", "sector": "Financial Services", "longBusinessSummary": "First Business Financial Services, Inc. operates as the bank holding company for First Business Bank that provides commercial banking products and services for small and medium-sized businesses, business owners, executives, professionals, and high net worth individuals. It offers deposit products, such as non-interest-bearing transaction accounts, interest-bearing transaction accounts, money market accounts, time deposits, and certificates of deposit. The company also provides loan products, including commercial real estate loans, commercial and industrial loans, small business administration loans, and direct financing leases, as well as consumer and other loans comprising home equity, first and second mortgage, and other personal loans for professional and executive clients. It offers commercial lending, asset-based lending, equipment financing, accounts receivable financing, vendor financing, floorplan financing, treasury management services, and company retirement plans; trust and estate administration, financial planning, investment management, and private banking services; and investment portfolio administrative, asset-liability management, and asset-liability management process validation services for other financial institutions. The company was founded in 1909 and is headquartered in Madison, Wisconsin.", "fullTimeEmployees": 341, "companyOfficers": [{"maxAge": 1, "name": "Mr. Corey A. Chambas", "age": 59, "title": "CEO & Director", "yearBorn": 1963, "fiscalYear": 2022, "totalPay": 1099688, "exercisedValue": 0, "unexercisedValue": 0}, {"maxAge": 1, "name": "Mr. David R. Seiler", "age": 57, "title": "Pres & COO", "yearBorn": 1965, "fiscalYear": 2022, "totalPay": 633454, "exercisedValue": 0, "unexercisedValue": 0}, {"maxAge": 1, "name": "Mr. Mark J. Meloy", "age": 60, "title": "Exec. VP", "yearBorn": 1962, "fiscalYear": 2022, "totalPay": 444322, "exercisedValue": 0, "unexercisedValue": 0}, {"maxAge": 1, "name": "Mr. Bradley A. Quade", "age": 55, "title": "Chief Credit Officer", "yearBorn": 1967, "fiscalYear": 2022, "totalPay": 449321, "exercisedValue": 0, "unexercisedValue": 0}, {"maxAge": 1, "name": "Mr. Brian D. Spielmann", "age": 39, "title": "CFO & Treasurer", "yearBorn": 1983, "exercisedValue": 0, "unexercisedValue": 0}, {"maxAge": 1, "name": "Mr. Kevin D. Crampton CPA", "age": 37, "title": "Chief Accounting Officer", "yearBorn": 1985, "exercisedValue": 0, "unexercisedValue": 0}, {"maxAge": 1, "name": "Mr. Daniel S. Ovokaitys", "age": 48, "title": "Chief Information Officer", "yearBorn": 1974, "exercisedValue": 0, "unexercisedValue": 0}, {"maxAge": 1, "name": "Ms. Theresa M. Wiese", "title": "Managing Director of Compliance & Risk Management", "exercisedValue": 0, "unexercisedValue": 0}, {"maxAge": 1, "name": "Ms. Jodie  Johnson", "title": "Sr. Director of Marketing & Communications", "exercisedValue": 0, "unexercisedValue": 0}, {"maxAge": 1, "name": "Ms. Jodi A. Chandler", "age": 57, "title": "Chief HR Officer", "yearBorn": 1965, "exercisedValue": 0, "unexercisedValue": 0}], "auditRisk": 3, "boardRisk": 2, "compensationRisk": 1, "shareHolderRightsRisk": 3, "overallRisk": 1, "governanceEpochDate": "2023-04-30 20:00:00", "compensationAsOfEpochDate": "2022-12-30 19:00:00", "maxAge": 86400, "latitude": 43.06016099781738, "longitude": -89.47717899897935}