{"address1": "211 Commerce Street", "address2": "Suite 300", "city": "Nashville", "state": "TN", "zip": "37201", "country": "United States", "phone": "615 564 1212", "website": "https://www.firstbankonline.com", "industry": "Banks\u2014Regional", "industryDisp": "Banks\u2014Regional", "sector": "Financial Services", "longBusinessSummary": "FB Financial Corporation operates as a bank holding company for FirstBank that provides a suite of commercial and consumer banking services to businesses, professionals, and individuals. The company operates in segments, such as Banking and Mortgage. It offers checking, demand, money market, and savings accounts; deposit and lending products and services to corporate, commercial, and consumer customers; and time deposits and certificates of deposits, as well as residential mortgage loans. The company also provides owner-occupied and non-owner-occupied real estate commercial, residential real estate 1-4 family mortgage, multi-family residential, commercial and industrial, construction, land acquisition, residential lines of credit, and land development loans; and consumer and other loans, such as car, boat, and other recreational vehicle loans, as well as manufactured homes without real estate and personal lines of credit. In addition, the company offers mortgage banking services through its bank branch network and mortgage banking offices in the southeastern United States; direct-to-consumer internet delivery channel; and trust, insurance, and investment services, as well as online and mobile banking services. The company operates full-service bank branches and limited-service branches locations throughout Tennessee, Nashville, Chattanooga, Knoxville, Memphis, Jackson, Birmingham, Florence, Huntsville, Alabama, Bowling Green, and Kentucky; and mortgage offices throughout the southeastern United States. The company was formerly known as First South Bancorp, Inc. and changed its name to FB Financial Corporation in 2016. FB Financial Corporation was founded in 1906 and is headquartered in Nashville, Tennessee.", "fullTimeEmployees": 1757, "companyOfficers": [{"maxAge": 1, "name": "Mr. Christopher T. Holmes", "age": 58, "title": "Pres, CEO & Director", "yearBorn": 1964, "fiscalYear": 2022, "totalPay": 790074, "exercisedValue": 0, "unexercisedValue": 0}, {"maxAge": 1, "name": "Mr. Michael M. Mettee", "age": 41, "title": "Chief Financial Officer", "yearBorn": 1981, "fiscalYear": 2022, "totalPay": 408276, "exercisedValue": 0, "unexercisedValue": 0}, {"maxAge": 1, "name": "Mr. Robert Wade Peery", "age": 58, "title": "Chief Innovations Officer & Sr. VP", "yearBorn": 1964, "fiscalYear": 2022, "totalPay": 596570, "exercisedValue": 0, "unexercisedValue": 0}, {"maxAge": 1, "name": "Mr. Travis K. Edmondson", "age": 41, "title": "Chief Banking Officer", "yearBorn": 1981, "fiscalYear": 2022, "totalPay": 435645, "exercisedValue": 0, "unexercisedValue": 0}, {"maxAge": 1, "name": "Ms. Aimee T. Hamilton", "age": 56, "title": "Chief Risk Officer", "yearBorn": 1966, "fiscalYear": 2022, "totalPay": 499000, "exercisedValue": 0, "unexercisedValue": 0}, {"maxAge": 1, "name": "Mr. Jonathan Wade Pennington", "age": 46, "title": "Chief Accounting Officer", "yearBorn": 1976, "exercisedValue": 0, "unexercisedValue": 0}, {"maxAge": 1, "name": "Ms. Elizabeth W. Sims", "age": 47, "title": "Gen. Counsel & Corp. Sec.", "yearBorn": 1975, "exercisedValue": 0, "unexercisedValue": 0}, {"maxAge": 1, "name": "Mr. Wilburn J. Evans", "age": 62, "title": "Pres of FB Ventures", "yearBorn": 1960, "fiscalYear": 2021, "exercisedValue": 0, "unexercisedValue": 0}, {"maxAge": 1, "name": "Mr. James Gregory Bowers", "age": 62, "title": "Chief Credit Officer", "yearBorn": 1960, "fiscalYear": 2021, "exercisedValue": 0, "unexercisedValue": 0}, {"maxAge": 1, "name": "Mr. David G. Burden", "title": "Regional Pres of West Tennessee", "exercisedValue": 0, "unexercisedValue": 0}], "auditRisk": 4, "boardRisk": 4, "compensationRisk": 3, "shareHolderRightsRisk": 6, "overallRisk": 4, "governanceEpochDate": "2023-04-30 20:00:00", "compensationAsOfEpochDate": "2022-12-30 19:00:00", "maxAge": 86400, "latitude": 36.16262301158282, "longitude": -86.77637095878663}