{"address1": "6480 U.S. Highway 98 West", "address2": "Suite A", "city": "Hattiesburg", "state": "MS", "zip": "39402", "country": "United States", "phone": "601 268 8998", "website": "https://www.thefirstbank.com", "industry": "Banks\u2014Regional", "industryDisp": "Banks\u2014Regional", "sector": "Financial Services", "longBusinessSummary": "The First Bancshares, Inc. operates as the bank holding company for The First Bank that provides general commercial and retail banking services. The company operates through three segments: Commercial/Retail Bank, Mortgage Banking Division, and Holding Company. It offers deposit services, including checking, NOW, and savings accounts; other time deposits, such as daily money market accounts and longer-term certificates of deposit; and individual retirement and health savings accounts. The company also provides commercial loans comprising secured and unsecured loans for working capital, business expansion, and purchase of equipment and machinery; consumer loans consisting of equity lines of credit, as well as secured and unsecured loans for financing automobiles, home improvements, education, and personal investments; and real estate construction and acquisition loans. In addition, it originates loans to purchase existing residential homes or construct new homes, and to refinance existing mortgages; and provides financial and wealth management services. Further, the company offers internet banking services, automated teller machines, voice response telephone inquiry services, commercial sweep accounts, cash management services, safe deposit boxes, merchant, mobile deposit, direct deposit of payroll and social security checks, automatic drafts for various accounts, and credit card services. It primarily serves small to medium-sized businesses, professional concerns, individuals, associations, organizations, and governmental authorities. The company operates in Mississippi, Alabama, Florida, Georgia, and Louisiana. The First Bancshares, Inc. was incorporated in 1995 and is headquartered in Hattiesburg, Mississippi.", "fullTimeEmployees": 870, "companyOfficers": [{"maxAge": 1, "name": "Mr. Milton Ray Cole Jr.", "age": 60, "title": "Chairman, Pres & CEO", "yearBorn": 1962, "fiscalYear": 2022, "totalPay": 986215, "exercisedValue": 0, "unexercisedValue": 0}, {"maxAge": 1, "name": "Ms. Donna T. Lowery CPA, CPA", "age": 55, "title": "Exec. VP & CFO", "yearBorn": 1967, "fiscalYear": 2022, "totalPay": 445611, "exercisedValue": 0, "unexercisedValue": 0}, {"maxAge": 1, "name": "Mr. Chris  Ryals", "title": "Exec. VP & COO", "exercisedValue": 0, "unexercisedValue": 0}, {"maxAge": 1, "name": "Dawn  Ard", "title": "Compliance Officer & Compliance Officer of The First, A National Banking Association", "exercisedValue": 0, "unexercisedValue": 0}, {"maxAge": 1, "name": "Ms. Marsie  White", "title": "VP of Human Resource", "exercisedValue": 0, "unexercisedValue": 0}, {"maxAge": 1, "name": "Mr. George Lee Noonan", "title": "Exec. VP & Chief Credit Officer", "exercisedValue": 0, "unexercisedValue": 0}, {"maxAge": 1, "name": "Ms. Chandra B. Kidd", "title": "VP & Corp. Sec.", "exercisedValue": 0, "unexercisedValue": 0}, {"maxAge": 1, "name": "Ray L. Wesson Jr.", "title": "Pres of Southern Region - The First, A National Banking Association", "fiscalYear": 2016, "exercisedValue": 0, "unexercisedValue": 0}, {"maxAge": 1, "name": "Mr. Douglas Eric Waldron", "title": "Pres of Northern Region - The First, A National Banking Association", "fiscalYear": 2016, "exercisedValue": 0, "unexercisedValue": 0}, {"maxAge": 1, "name": "Ms. Carol M. Daniel", "title": "Credit Administrator of The First, A National Banking  Association", "fiscalYear": 2009, "exercisedValue": 0, "unexercisedValue": 0}], "auditRisk": 9, "boardRisk": 8, "compensationRisk": 3, "shareHolderRightsRisk": 5, "overallRisk": 6, "governanceEpochDate": "2023-04-30 20:00:00", "compensationAsOfEpochDate": "2022-12-30 19:00:00", "maxAge": 86400, "latitude": 31.316457004899377, "longitude": -89.4132909595097}