{"address1": "300 SW Broad Street", "city": "Southern Pines", "state": "NC", "zip": "28387", "country": "United States", "phone": "910 246 2500", "website": "https://localfirstbank.com", "industry": "Banks\u2014Regional", "industryDisp": "Banks\u2014Regional", "sector": "Financial Services", "longBusinessSummary": "First Bancorp operates as the bank holding company for First Bank that provides banking products and services for individuals and small to medium-sized businesses. It accepts deposit products, such as checking, savings, and money market accounts, as well as time deposits, including certificate of deposits and individual retirement accounts. The company also offers loans for a range of consumer and commercial purposes comprising loans for business, real estate, personal, home improvement, and automobiles, as well as residential mortgages and small business administration loans; and accounts receivable financing and factoring, inventory financing, and purchase order financing services. In addition, it provides credit and debit cards, letter of credits, and safe deposit box rental services, as well as electronic funds transfer services consisting of wire transfers; and internet and mobile banking, cash management, bank-by-phone services, and remote deposit capture services. Further, the company offers investment and insurance products, such as mutual funds, annuities, long-term care insurance, life insurance, and company retirement plans, as well as property and casualty insurance products; and financial planning services. First Bancorp was founded in 1934 and is headquartered in Southern Pines, North Carolina.", "fullTimeEmployees": 1244, "companyOfficers": [{"maxAge": 1, "name": "Mr. Richard Hancock Moore", "age": 61, "title": "Chairman & CEO", "yearBorn": 1961, "fiscalYear": 2022, "totalPay": 776618, "exercisedValue": 0, "unexercisedValue": 0}, {"maxAge": 1, "name": "Mr. Michael G. Mayer", "age": 61, "title": "Pres & Director", "yearBorn": 1961, "fiscalYear": 2022, "totalPay": 1123083, "exercisedValue": 0, "unexercisedValue": 0}, {"maxAge": 1, "name": "Ms. Elizabeth B. Bostian", "age": 41, "title": "Exec. VP, Gen. Counsel, CFO & Sec.", "yearBorn": 1981, "fiscalYear": 2022, "totalPay": 448939, "exercisedValue": 0, "unexercisedValue": 0}, {"maxAge": 1, "name": "Ms. Blaise  Buczkowski", "age": 58, "title": "Exec. VP, Chief Admin. Officer & Chief Accounting Officer", "yearBorn": 1964, "exercisedValue": 0, "unexercisedValue": 0}], "auditRisk": 8, "boardRisk": 5, "compensationRisk": 1, "shareHolderRightsRisk": 2, "overallRisk": 3, "governanceEpochDate": "2023-04-30 20:00:00", "compensationAsOfEpochDate": "2022-12-30 19:00:00", "maxAge": 86400, "latitude": 35.1724539954087, "longitude": -79.39514095866826}