{"address1": "1519 Ponce de Leon Avenue", "address2": "Stop 23", "city": "San Juan", "state": "PR", "zip": "00908-0146", "country": "United States", "phone": "787 729 8200", "website": "https://www.1firstbank.com", "industry": "Banks\u2014Regional", "industryDisp": "Banks\u2014Regional", "sector": "Financial Services", "longBusinessSummary": "First BanCorp. operates as a bank holding company for FirstBank Puerto Rico that provides a range of financial products and services to consumers and commercial customers. The company operates through six segments: Commercial and Corporate Banking, Mortgage Banking, Consumer (Retail) Banking, Treasury and Investments, United States Operations, and Virgin Islands Operations. The Commercial and Corporate Banking segment offers commercial loans, including commercial real estate and construction loans, as well as other products, such as cash management and business management services. The Mortgage Banking segment engages in the origination, sale, and servicing of various residential mortgage loans; acquisition and sale of mortgages in the secondary markets; and purchase of mortgage loans from other local banks and mortgage bankers. The Consumer (Retail) Banking segment provides auto loans, finance leases, boat and personal loans, credit card loans, and lines of credit; and interest-bearing and non-interest-bearing checking and savings accounts, and individual retirement accounts and retail certificates of deposit (CDs), as well as insurance agency services. The Treasury and Investments segment offers funding and liquidity management services. The United States Operations segment provides checking, savings, and money market accounts, as well as retail CDs; traditional commercial and industrial, and commercial real estate loans, residential mortgages, home equity loans, lines of credit, FHLB advances, and brokered CDs; and internet banking, cash management, remote deposit capture, and automated clearing house transactions services. The Virgin Islands Operations segment is involved in consumer, commercial lending, and deposit-taking activities. First BanCorp. was founded in 1948 and is headquartered in San Juan, Puerto Rico.", "fullTimeEmployees": 3133, "companyOfficers": [{"maxAge": 1, "name": "Mr. Aurelio  Aleman-Bermudez", "age": 63, "title": "Pres, CEO & Director", "yearBorn": 1959, "fiscalYear": 2022, "totalPay": 2376634, "exercisedValue": 0, "unexercisedValue": 0}, {"maxAge": 1, "name": "Mr. Orlando  Berges-Gonz\u00e1lez CPA, CPA", "age": 64, "title": "Exec. VP & CFO", "yearBorn": 1958, "fiscalYear": 2022, "totalPay": 973740, "exercisedValue": 0, "unexercisedValue": 0}, {"maxAge": 1, "name": "Mr. Donald L. Kafka", "age": 62, "title": "Exec. VP & COO", "yearBorn": 1960, "fiscalYear": 2022, "totalPay": 864226, "exercisedValue": 0, "unexercisedValue": 0}, {"maxAge": 1, "name": "Mr. Cassan A. Pancham", "age": 61, "title": "Exec. VP & Bus. Group Exec.", "yearBorn": 1961, "fiscalYear": 2022, "totalPay": 741465, "exercisedValue": 0, "unexercisedValue": 0}, {"maxAge": 1, "name": "Ms. Nayda  Rivera-Batista CPA", "age": 49, "title": "Exec. VP & Chief Risk Officer", "yearBorn": 1973, "fiscalYear": 2022, "totalPay": 839649, "exercisedValue": 0, "unexercisedValue": 0}, {"maxAge": 1, "name": "Mr. Said  Ortiz CPA", "title": "Chief Accounting Officer, Controller & Sr. VP", "exercisedValue": 0, "unexercisedValue": 0}, {"maxAge": 1, "name": "Ramon  Rodriguez C.F.A.", "title": "Sr. VP of Corp. Strategy / Investor Relations", "exercisedValue": 0, "unexercisedValue": 0}, {"maxAge": 1, "name": "Ms. Sara  Alvarez-Cabrero", "age": 47, "title": "Exec. VP, Gen. Counsel & Sec. of the Board", "yearBorn": 1975, "exercisedValue": 0, "unexercisedValue": 0}, {"maxAge": 1, "name": "Ms. Ginoris  Lopez-Lay", "age": 54, "title": "Exec. VP & Strategic Management Director", "yearBorn": 1968, "exercisedValue": 0, "unexercisedValue": 0}, {"maxAge": 1, "name": "Mr. Thomas Michael McDonald", "age": 60, "title": "Exec. VP & Bus. Group Director", "yearBorn": 1962, "fiscalYear": 2012, "exercisedValue": 0, "unexercisedValue": 0}], "auditRisk": 1, "boardRisk": 2, "compensationRisk": 2, "shareHolderRightsRisk": 4, "overallRisk": 1, "governanceEpochDate": "2023-04-30 20:00:00", "compensationAsOfEpochDate": "2022-12-30 19:00:00", "maxAge": 86400, "latitude": 18.44506701382113, "longitude": -66.06665997117136}