{"address1": "220 Federal Drive, NW", "address2": "PO Box 130", "city": "Corydon", "state": "IN", "zip": "47112", "country": "United States", "phone": "812 738 2198", "website": "https://www.firstharrison.com", "industry": "Banks\u2014Regional", "industryDisp": "Banks\u2014Regional", "sector": "Financial Services", "longBusinessSummary": "First Capital, Inc. operates as the bank holding company for First Harrison Bank that provides various banking services to individuals and business customers. The company offers various deposit instruments, including non-interest-bearing checking accounts, negotiable order of withdrawal accounts, money market accounts, regular savings accounts, certificates of deposit, and retirement savings plans. It also provides residential mortgage loans, construction loans for residential and commercial properties, and commercial real estate loans, as well as commercial business loans. In addition, the company originates mortgage loans for sale in the secondary market and sells non-deposit investment products; and offers various secured or guaranteed consumer loans comprising automobile and truck loans, home equity loans, home improvement loans, boat loans, mobile home loans, credit cards and other personal loans, and loans secured by savings deposits, as well as unsecured consumer loans. First Capital, Inc. was founded in 1891 and is based in Corydon, Indiana.", "fullTimeEmployees": 184, "companyOfficers": [{"maxAge": 1, "name": "Mr. William W. Harrod", "age": 66, "title": "Pres, CEO, COO & Director", "yearBorn": 1956, "fiscalYear": 2022, "totalPay": 341673, "exercisedValue": 0, "unexercisedValue": 0}, {"maxAge": 1, "name": "Mr. Joseph D. Mahuron", "age": 51, "title": "Chief Credit Officer of First Harrison Bank", "yearBorn": 1971, "fiscalYear": 2022, "totalPay": 153345, "exercisedValue": 0, "unexercisedValue": 0}, {"maxAge": 1, "name": "Mr. Michael Chris Frederick", "age": 54, "title": "Exec. VP, Treasurer & Director", "yearBorn": 1968, "fiscalYear": 2022, "totalPay": 251803, "exercisedValue": 0, "unexercisedValue": 0}, {"maxAge": 1, "name": "Mr. Joshua P. Stevens CPA", "title": "Chief Financial Officer", "exercisedValue": 0, "unexercisedValue": 0}, {"maxAge": 1, "name": "Mr. Jeff  Thomas", "title": "Director of Bus. Devel. & Director of Bus. Devel. of First Harrison Bank", "exercisedValue": 0, "unexercisedValue": 0}, {"maxAge": 1, "name": "Ms. Jennifer A. Meredith", "age": 55, "title": "Corp. Sec.", "yearBorn": 1967, "exercisedValue": 0, "unexercisedValue": 0}], "compensationAsOfEpochDate": "2022-12-30 19:00:00", "maxAge": 86400, "latitude": 38.23281898546631, "longitude": -86.13134403067238}