{"address1": "One Community Place", "address2": "PO Box 989", "city": "Bluefield", "state": "VA", "zip": "24605-0989", "country": "United States", "phone": "276 326 9000", "website": "https://www.firstcommunitybank.com", "industry": "Banks\u2014Regional", "industryDisp": "Banks\u2014Regional", "sector": "Financial Services", "longBusinessSummary": "First Community Bankshares, Inc. operates as the financial holding company for First Community Bank that provides various banking products and services. It offers demand deposit accounts, savings and money market accounts, certificates of deposit, and individual retirement plans; commercial, consumer, and real estate mortgage loans, as well as lines of credit; various credit and debit cards, and automated teller machine card services; and corporate and personal trust services. The company also provides wealth management services, including trust management, estate administration, and investment advisory services; and investment management services. It serves individuals and businesses across various industries, such as education, government, and health services; coal mining and gas extraction; retail trade; construction; manufacturing; tourism; and transportation. As of December 31, 2022, it operates 17 branches in West Virginia; 22 branches in Virginia, 7 branches in North Carolina, and 2 branches in Tennessee. First Community Bankshares, Inc. was founded in 1874 and is headquartered in Bluefield, Virginia.", "fullTimeEmployees": 626, "companyOfficers": [{"maxAge": 1, "name": "Mr. William P. Stafford II", "age": 58, "title": "Chairman & CEO", "yearBorn": 1964, "fiscalYear": 2022, "totalPay": 788860, "exercisedValue": 0, "unexercisedValue": 3511}, {"maxAge": 1, "name": "Mr. Gary R. Mills", "age": 54, "title": "Pres & Director", "yearBorn": 1968, "fiscalYear": 2022, "totalPay": 1054077, "exercisedValue": 0, "unexercisedValue": 27109}, {"maxAge": 1, "name": "Mr. David D. Brown V, CPA", "age": 47, "title": "Chief Financial Officer", "yearBorn": 1975, "fiscalYear": 2022, "totalPay": 530993, "exercisedValue": 0, "unexercisedValue": 2237}, {"maxAge": 1, "name": "Mr. Jason R. Belcher", "age": 45, "title": "Chief Operating Officer", "yearBorn": 1977, "fiscalYear": 2022, "totalPay": 525655, "exercisedValue": 0, "unexercisedValue": 2215}, {"maxAge": 1, "name": "Ms. Sarah W. Harmon", "age": 40, "title": "Chief Admin. Officer, Gen. Counsel & Corp. Sec.", "yearBorn": 1982, "fiscalYear": 2022, "totalPay": 476630, "exercisedValue": 0, "unexercisedValue": 32188}, {"maxAge": 1, "name": "Mr. Derek A. Bonnett", "title": "Chief Risk Officer", "exercisedValue": 0, "unexercisedValue": 0}, {"maxAge": 1, "name": "Mr. P. Carter Bundy", "title": "Treasurer", "exercisedValue": 0, "unexercisedValue": 0}], "auditRisk": 2, "boardRisk": 8, "compensationRisk": 4, "shareHolderRightsRisk": 9, "overallRisk": 6, "governanceEpochDate": "2023-04-30 20:00:00", "compensationAsOfEpochDate": "2022-12-30 19:00:00", "maxAge": 86400, "latitude": 37.24073801526835, "longitude": -81.24646498879719}