{"address1": "5455 Sunset Boulevard", "city": "Lexington", "state": "SC", "zip": "29072", "country": "United States", "phone": "803 951 2265", "website": "https://www.firstcommunitysc.com", "industry": "Banks\u2014Regional", "industryDisp": "Banks\u2014Regional", "sector": "Financial Services", "longBusinessSummary": "First Community Corporation operates as the bank holding company for First Community Bank which offers various commercial and retail banking products and services to small-to-medium sized businesses, professionals, and individuals. The company operates through Commercial and Retail Banking, Mortgage Banking, and Investment Advisory and Non-Deposit segments. Its deposit products include checking, NOW, savings, and individual retirement accounts; and demand deposits, as well as other time deposits, such as daily money market accounts and longer-term certificates of deposit. The company's loan portfolio comprises commercial loans that consist of secured and unsecured loans for working capital, business expansion, and the purchase of equipment and machinery; consumer loans, including secured and unsecured loans for financing automobiles, home improvements, education, and personal investments; real estate construction and acquisition loans; and fixed and variable rate mortgage loans. It also provides other banking services, which include online banking, internet banking, cash management, safe deposit boxes, travelers checks, direct deposit of payroll and social security checks, and automatic drafts for various accounts. In addition, the company offers non-deposit investment products and other investment brokerage services; VISA and MasterCard credit card services; investment advisory services; and insurance services. The company was incorporated in 1994 and is headquartered in Lexington, South Carolina.", "fullTimeEmployees": 254, "companyOfficers": [{"maxAge": 1, "name": "Mr. Michael C. Crapps", "age": 63, "title": "CEO, Pres & Director", "yearBorn": 1959, "fiscalYear": 2022, "totalPay": 644619, "exercisedValue": 0, "unexercisedValue": 0}, {"maxAge": 1, "name": "Mr. Donald Shawn Jordan", "age": 54, "title": "Exec. VP & CFO", "yearBorn": 1968, "fiscalYear": 2022, "totalPay": 341528, "exercisedValue": 0, "unexercisedValue": 0}, {"maxAge": 1, "name": "Mr. John Ted Nissen", "age": 60, "title": "Chief Banking Officer", "yearBorn": 1962, "fiscalYear": 2022, "totalPay": 394714, "exercisedValue": 0, "unexercisedValue": 0}, {"maxAge": 1, "name": "Ms. Tanya A. Butts", "age": 63, "title": "COO & Chief Risk Officer", "yearBorn": 1959, "fiscalYear": 2020, "exercisedValue": 0, "unexercisedValue": 0}, {"maxAge": 1, "name": "Ms. Robin D. Brown", "age": 54, "title": "Chief HR Officer & Chief Marketing Officer", "yearBorn": 1968, "fiscalYear": 2017, "exercisedValue": 0, "unexercisedValue": 0}, {"maxAge": 1, "name": "Mr. John F. Walker IV", "age": 56, "title": "Exec. VP & Chief Credit Officer", "yearBorn": 1966, "exercisedValue": 0, "unexercisedValue": 0}, {"maxAge": 1, "name": "Ms. Susan  Sexson", "title": "Assistant VP & Head Teller at Goodman Region", "exercisedValue": 0, "unexercisedValue": 0}, {"maxAge": 1, "name": "Ms. Susan A. Boatwright", "title": "VP/HR Mang.", "exercisedValue": 0, "unexercisedValue": 0}], "compensationAsOfEpochDate": "2022-12-30 19:00:00", "maxAge": 86400, "latitude": 33.998138003050414, "longitude": -81.21719001849051}