{"address1": "601 Philadelphia Street", "city": "Indiana", "state": "PA", "zip": "15701", "country": "United States", "phone": "724 349 7220", "website": "https://www.fcbanking.com", "industry": "Banks\u2014Regional", "industryDisp": "Banks\u2014Regional", "sector": "Financial Services", "longBusinessSummary": "First Commonwealth Financial Corporation, a financial holding company, provides various consumer and commercial banking services in the United States. Its consumer services include personal checking accounts, interest-earning checking accounts, savings and health savings accounts, insured money market accounts, debit cards, investment certificates, fixed and variable rate certificates of deposit, mortgage loans, secured and unsecured installment loans, construction and real estate loans, safe deposit facilities, credit cards, credit lines with overdraft checking protection, IRA accounts, and automated teller machine (atm) services, as well as internet, mobile, and telephone banking services. The company's commercial banking services comprise commercial lending, business checking accounts, online account management services, payroll direct deposits, commercial cash management services, and repurchase agreements, as well as ACH origination services. In addition, it offers various trust and asset management services; auto, home, and business insurance, as well as term life insurance; and annuities, mutual funds, and stock and bond brokerage services through a broker-dealer and insurance brokers. First Commonwealth Financial Corporation was founded in 1934 and is headquartered in Indiana, Pennsylvania.", "fullTimeEmployees": 1536, "companyOfficers": [{"maxAge": 1, "name": "Mr. Thomas Michael Price", "age": 59, "title": "Pres, CEO & Director", "yearBorn": 1963, "fiscalYear": 2022, "totalPay": 1049625, "exercisedValue": 0, "unexercisedValue": 0}, {"maxAge": 1, "name": "Mr. James R. Reske CFA", "age": 58, "title": "Exec. VP, CFO & Treasurer", "yearBorn": 1964, "fiscalYear": 2022, "totalPay": 792946, "exercisedValue": 0, "unexercisedValue": 0}, {"maxAge": 1, "name": "Mr. Norman J. Montgomery", "age": 54, "title": "Exec. VP of Bus. Integration", "yearBorn": 1968, "fiscalYear": 2022, "totalPay": 665600, "exercisedValue": 0, "unexercisedValue": 0}, {"maxAge": 1, "name": "Ms. Jane  Grebenc", "age": 63, "title": "Exec. VP, Chief Revenue Officer & Director", "yearBorn": 1959, "fiscalYear": 2022, "totalPay": 893188, "exercisedValue": 0, "unexercisedValue": 0}, {"maxAge": 1, "name": "Mr. Brian G. Karrip", "age": 61, "title": "Exec. VP & Chief Credit Officer", "yearBorn": 1961, "fiscalYear": 2022, "totalPay": 712965, "exercisedValue": 0, "unexercisedValue": 0}, {"maxAge": 1, "name": "Mr. Ryan M. Thomas", "age": 41, "title": "VP / Fin. and Investor Relations", "yearBorn": 1981, "exercisedValue": 0, "unexercisedValue": 0}, {"maxAge": 1, "name": "Mr. Matthew C. Tomb", "age": 45, "title": "Exec. VP, Chief Risk Officer, Gen. Counsel & Sec.", "yearBorn": 1977, "fiscalYear": 2020, "exercisedValue": 0, "unexercisedValue": 0}, {"maxAge": 1, "name": "Ms. Linda D. Metzmaier", "title": "Chief Compliance Officer, Chief Compliance Officer & Sr. VP of First Commonwealth Bank", "exercisedValue": 0, "unexercisedValue": 0}, {"maxAge": 1, "name": "Jonathan E. Longwill", "title": "VP of Communications & Media Relations", "exercisedValue": 0, "unexercisedValue": 0}, {"maxAge": 1, "name": "Ms. Carrie L. Riggle", "age": 52, "title": "Exec. VP of HR", "yearBorn": 1970, "exercisedValue": 0, "unexercisedValue": 0}], "auditRisk": 5, "boardRisk": 1, "compensationRisk": 1, "shareHolderRightsRisk": 6, "overallRisk": 2, "governanceEpochDate": "2023-04-30 20:00:00", "compensationAsOfEpochDate": "2022-12-30 19:00:00", "maxAge": 86400, "latitude": 40.62322997982764, "longitude": -79.15115498898139}