{"address1": "1600 West 7th Street", "city": "Fort Worth", "state": "TX", "zip": "76102", "country": "United States", "phone": "817 335 1100", "website": "https://firstcash.com", "industry": "Credit Services", "industryDisp": "Credit Services", "sector": "Financial Services", "longBusinessSummary": "FirstCash Holdings, Inc, together with its subsidiaries, operates retail pawn stores in the United States, Mexico, and rest of Latin America. Its pawn stores lend money on the collateral of pledged personal property, including jewelry, electronics, tools, appliances, sporting goods, and musical instruments; and retails merchandise acquired through collateral forfeitures on forfeited pawn loans and over-the-counter purchases of merchandise directly from customers. The company also provides retail POS payment solutions, which focuses on LTO products and facilitating other retail financing payment options across the network of traditional and e-commerce merchant partners. FirstCash Holdings, Inc was incorporated in 1988 and is headquartered in Fort Worth, Texas.", "fullTimeEmployees": 18000, "companyOfficers": [{"maxAge": 1, "name": "Mr. Rick L. Wessel", "age": 63, "title": "Vice Chairman & CEO", "yearBorn": 1959, "fiscalYear": 2022, "totalPay": 4681558, "exercisedValue": 0, "unexercisedValue": 0}, {"maxAge": 1, "name": "Mr. Thomas Brent Stuart", "age": 52, "title": "Pres & COO", "yearBorn": 1970, "fiscalYear": 2022, "totalPay": 2208871, "exercisedValue": 0, "unexercisedValue": 0}, {"maxAge": 1, "name": "Mr. R. Douglas Orr", "age": 61, "title": "Exec. VP, CFO, Treasurer & Sec.", "yearBorn": 1961, "fiscalYear": 2022, "totalPay": 2040385, "exercisedValue": 0, "unexercisedValue": 0}, {"maxAge": 1, "name": "Mr. Raul R. Ramos", "age": 56, "title": "Sr. VP of Latin American Operations", "yearBorn": 1966, "fiscalYear": 2022, "totalPay": 1242278, "exercisedValue": 0, "unexercisedValue": 0}, {"maxAge": 1, "name": "Mr. Howard F Hambleton", "age": 49, "title": "AFF Pres", "yearBorn": 1973, "fiscalYear": 2022, "totalPay": 1200000, "exercisedValue": 0, "unexercisedValue": 0}, {"maxAge": 1, "name": "Mr. Gar  Jackson", "title": "Investor Relations-Global IR Group", "exercisedValue": 0, "unexercisedValue": 0}, {"maxAge": 1, "name": "Mr. Peter H. Watson", "age": 73, "title": "Sr. VP of Compliance & Gov. Relations", "yearBorn": 1949, "fiscalYear": 2015, "exercisedValue": 0, "unexercisedValue": 0}, {"maxAge": 1, "name": "Mr. Sean D. Moore", "age": 45, "title": "Sr. VP of Store Devel. & Facilities", "yearBorn": 1977, "fiscalYear": 2016, "exercisedValue": 0, "unexercisedValue": 0}], "auditRisk": 9, "boardRisk": 6, "compensationRisk": 2, "shareHolderRightsRisk": 7, "overallRisk": 6, "governanceEpochDate": "2023-04-30 20:00:00", "compensationAsOfEpochDate": "2022-12-30 19:00:00", "maxAge": 86400, "latitude": 32.75142198090974, "longitude": -97.34400198671221}