{"address1": "4300 Six Forks Road", "city": "Raleigh", "state": "NC", "zip": "27609", "country": "United States", "phone": "919 716 7000", "website": "https://www.firstcitizens.com", "industry": "Banks\u2014Regional", "industryDisp": "Banks\u2014Regional", "sector": "Financial Services", "longBusinessSummary": "First Citizens BancShares, Inc. operates as the holding company for First-Citizens Bank & Trust Company that provides retail and commercial banking services to individuals, businesses, and professionals. The company's deposit products include checking, savings, money market, and time deposit accounts. Its loan product portfolio comprises commercial construction and mortgage; and commercial and industrial leases, as well as small business administration paycheck protection program loans. In addition, the company offers consumer loans, such as residential and revolving mortgage, construction and land development, consumer auto, and other consumer loans. Further, it provides wealth management services, including annuities, discount brokerage services, and third-party mutual funds, as well as investment management and advisory services. The company provides its products and services through its branch network. First Citizens BancShares, Inc. was founded in 1898 and is headquartered in Raleigh, North Carolina.", "fullTimeEmployees": 10375, "companyOfficers": [{"maxAge": 1, "name": "Mr. Frank Brown Holding Jr.", "age": 61, "title": "Chairman & CEO", "yearBorn": 1961, "fiscalYear": 2022, "totalPay": 8031975, "exercisedValue": 0, "unexercisedValue": 0}, {"maxAge": 1, "name": "Ms. Hope Holding Bryant", "age": 59, "title": "Vice Chairwoman", "yearBorn": 1963, "fiscalYear": 2022, "totalPay": 4707788, "exercisedValue": 0, "unexercisedValue": 0}, {"maxAge": 1, "name": "Mr. Peter McDonald Bristow", "age": 56, "title": "Pres & Director", "yearBorn": 1966, "fiscalYear": 2022, "totalPay": 4707788, "exercisedValue": 0, "unexercisedValue": 0}, {"maxAge": 1, "name": "Mr. Craig Lockwood Nix", "age": 50, "title": "Chief Financial Officer", "yearBorn": 1972, "fiscalYear": 2022, "totalPay": 3905288, "exercisedValue": 0, "unexercisedValue": 0}, {"maxAge": 1, "name": "Ms. Deanna W. Hart", "age": 44, "title": "Sr. VP of Investor Relations", "yearBorn": 1978, "exercisedValue": 0, "unexercisedValue": 0}, {"maxAge": 1, "name": "Mr. Matthew G. T. Martin", "title": "Chief Counsel & Corp. Sec.", "exercisedValue": 0, "unexercisedValue": 0}, {"maxAge": 1, "name": "Ms. Barbara  Thompson", "title": "Director of Corp. Communications & Brand Marketing", "exercisedValue": 0, "unexercisedValue": 0}, {"maxAge": 1, "name": "Mr. West  Ludwig", "age": 53, "title": "Exec. VP & Chief HR Officer", "yearBorn": 1969, "exercisedValue": 0, "unexercisedValue": 0}, {"maxAge": 1, "name": "Mr. Jeffery L. Ward", "age": 61, "title": "Chief Strategy Officer", "yearBorn": 1961, "fiscalYear": 2020, "exercisedValue": 0, "unexercisedValue": 0}, {"maxAge": 1, "name": "Ms. Lorie King Rupp", "age": 57, "title": "Chief Risk Officer", "yearBorn": 1965, "fiscalYear": 2021, "exercisedValue": 0, "unexercisedValue": 0}], "auditRisk": 2, "boardRisk": 8, "compensationRisk": 2, "shareHolderRightsRisk": 10, "overallRisk": 6, "governanceEpochDate": "2023-04-30 20:00:00", "compensationAsOfEpochDate": "2022-12-30 19:00:00", "maxAge": 86400, "latitude": 35.839019020013055, "longitude": -78.64101802866954}