{"address1": "Blakely And Drinker Streets", "city": "Dunmore", "state": "PA", "zip": "18512", "country": "United States", "phone": "570 342 8281", "website": "https://www.bankatfidelity.com", "industry": "Banks\u2014Regional", "industryDisp": "Banks\u2014Regional", "sector": "Financial Services", "longBusinessSummary": "Fidelity D & D Bancorp, Inc. operates as the bank holding company for The Fidelity Deposit and Discount Bank that provides a range of banking, trust, and financial services to individuals, small businesses, and corporate customers. The company accepts savings, clubs, interest-bearing and non-interest-bearing checking, money market, and short- and long-term time deposits, as well as certificates of deposit. It also offers commercial and industrial, commercial real estate, consumer, and residential mortgage loans. In addition, the company provides alternative financial and insurance products with asset management services. The company was founded in 1902 and is headquartered in Dunmore, Pennsylvania.", "fullTimeEmployees": 291, "companyOfficers": [{"maxAge": 1, "name": "Mr. Daniel J. Santaniello", "age": 56, "title": "Pres, CEO & Director", "yearBorn": 1966, "fiscalYear": 2022, "totalPay": 823648, "exercisedValue": 0, "unexercisedValue": 275728}, {"maxAge": 1, "name": "Mr. Salvatore R. DeFrancesco Jr., CPA, CGMA, CPA", "age": 52, "title": "Treasurer & CFO", "yearBorn": 1970, "fiscalYear": 2022, "totalPay": 493520, "exercisedValue": 0, "unexercisedValue": 186358}, {"maxAge": 1, "name": "Mr. Eugene J. Walsh", "age": 57, "title": "VP & COO", "yearBorn": 1965, "fiscalYear": 2022, "totalPay": 458727, "exercisedValue": 0, "unexercisedValue": 100399}, {"maxAge": 1, "name": "Mr. Michael J. Pacyna Jr.", "age": 56, "title": "Exec. VP & Chief Bus. Lending Officer of The Fidelity Deposit and Discount Bank", "yearBorn": 1966, "fiscalYear": 2022, "totalPay": 364265, "exercisedValue": 0, "unexercisedValue": 70111}, {"maxAge": 1, "name": "Mr. John T. Cognetti", "age": 72, "title": "Sec. & Independent Director", "yearBorn": 1950, "fiscalYear": 2022, "totalPay": 75000, "exercisedValue": 0, "unexercisedValue": 0}, {"maxAge": 1, "name": "Mr. William  Fennie III, C.F.A.", "title": "VP & Investment Officer", "exercisedValue": 0, "unexercisedValue": 0}, {"maxAge": 1, "name": "Mr. John  Pash", "title": "Investor Relations Officer", "exercisedValue": 0, "unexercisedValue": 0}, {"maxAge": 1, "name": "Mr. Timothy P. O'Brien", "age": 70, "title": "Sr. EVP & Chief Bus. Devel. Officer of The Fidelity Deposit and Discount Bank", "yearBorn": 1952, "fiscalYear": 2020, "exercisedValue": 0, "unexercisedValue": 0}, {"maxAge": 1, "name": "Mr. William P. McAndrew", "title": "Sr. VP & Wealth Advisor", "exercisedValue": 0, "unexercisedValue": 0}, {"maxAge": 1, "name": "Mr. Theresa  Hinton CTFA, Esq.", "title": "Sr. VP & Sr. Trust Officer", "exercisedValue": 0, "unexercisedValue": 0}], "auditRisk": 7, "boardRisk": 10, "compensationRisk": 9, "shareHolderRightsRisk": 8, "overallRisk": 10, "governanceEpochDate": "2023-04-30 20:00:00", "compensationAsOfEpochDate": "2022-12-30 19:00:00", "maxAge": 86400, "latitude": 41.42186999387195, "longitude": -75.63039003667906}