{"address1": "45 Glover Avenue", "address2": "7th Floor", "city": "Norwalk", "state": "CT", "zip": "06850", "country": "United States", "phone": "203 810 1000", "website": "https://www.factset.com", "industry": "Financial Data & Stock Exchanges", "industryDisp": "Financial Data & Stock Exchanges", "sector": "Financial Services", "longBusinessSummary": "FactSet Research Systems Inc., a financial data and analytics company, provides integrated financial information and analytical applications to the investment community in the Americas, Europe, the Middle East, Africa, and the Asia Pacific. The company delivers insight and information through the workflow solutions of research, analytics and trading, content and technology solutions, and wealth. It serves portfolio managers, investment banks, asset managers, wealth advisors, corporate clients, and other financial services entities. FactSet Research Systems Inc. was founded in 1978 and is headquartered in Norwalk, Connecticut.", "fullTimeEmployees": 11896, "companyOfficers": [{"maxAge": 1, "name": "Mr. Frederick Philip Snow", "age": 58, "title": "CEO & Director", "yearBorn": 1964, "fiscalYear": 2022, "totalPay": 2104900, "exercisedValue": 7621850, "unexercisedValue": 32589416}, {"maxAge": 1, "name": "Ms. Linda S. Huber", "age": 63, "title": "Exec. VP & CFO", "yearBorn": 1959, "fiscalYear": 2022, "totalPay": 1302391, "exercisedValue": 0, "unexercisedValue": 0}, {"maxAge": 1, "name": "Mr. Goran  Skoko", "age": 61, "title": "Exec. VP, MD of EMEA & Asia Pacific and Head of Research & Advisory Solutions", "yearBorn": 1961, "fiscalYear": 2022, "totalPay": 1329908, "exercisedValue": 279036, "unexercisedValue": 6980132}, {"maxAge": 1, "name": "Ms. Helen L. Shan", "age": 54, "title": "Exec. VP & Chief Revenue Officer", "yearBorn": 1968, "fiscalYear": 2022, "totalPay": 5944175, "exercisedValue": 0, "unexercisedValue": 2697110}, {"maxAge": 1, "name": "Mr. Robert J. Robie", "age": 44, "title": "Exec. VP and Head of Analytics & Trading Solutions", "yearBorn": 1978, "fiscalYear": 2022, "totalPay": 1032185, "exercisedValue": 635227, "unexercisedValue": 3023192}, {"maxAge": 1, "name": "Mr. Gregory T. Moskoff", "age": 51, "title": "MD, Controller & Chief Accounting Officer", "yearBorn": 1971, "exercisedValue": 0, "unexercisedValue": 0}, {"maxAge": 1, "name": "Ms. Katherine M. Stepp", "age": 37, "title": "Exec. VP & CTO", "yearBorn": 1985, "exercisedValue": 0, "unexercisedValue": 0}, {"maxAge": 1, "name": "Ms. Kendra  Brown", "title": "Head of Investor Relations", "exercisedValue": 0, "unexercisedValue": 0}, {"maxAge": 1, "name": "Ms. Rachel Rebecca Stern", "age": 57, "title": "Chief Legal Officer, Global Head of Strategic Resources, Exec. VP & Corp. Sec.", "yearBorn": 1965, "fiscalYear": 2021, "exercisedValue": 0, "unexercisedValue": 0}, {"maxAge": 1, "name": "Mr. Daniel  Viens", "age": 65, "title": "Exec. VP & Chief HR Officer", "yearBorn": 1957, "exercisedValue": 0, "unexercisedValue": 0}], "auditRisk": 3, "boardRisk": 1, "compensationRisk": 8, "shareHolderRightsRisk": 5, "overallRisk": 2, "governanceEpochDate": "2023-04-30 20:00:00", "compensationAsOfEpochDate": "2022-12-30 19:00:00", "maxAge": 86400, "latitude": 41.14465099347041, "longitude": -73.42985002018038}