{"address1": "1603 Orrington Avenue", "address2": "Suite 1005", "city": "Evanston", "state": "IL", "zip": "60201", "country": "United States", "phone": "847-859-3940", "fax": "847-859-3953", "website": "https://www.fdus.com", "industry": "Asset Management", "industryDisp": "Asset Management", "sector": "Financial Services", "longBusinessSummary": "Fidus Investment Corporation is a business development company. It specializing in leveraged buyouts, refinancings, change of ownership transactions, recapitalizations, strategic acquisitions, mezzanine, growth capital, business expansion, lower middle market investments, debt investments, subordinated and second lien loans, senior secured and unitranche debt, preferred equity, warrants, subordinated debt, senior subordinated notes, junior secured loans, and unitranche loans. It does not invest in turnarounds or distressed situations. The fund prefers to invest in aerospace and defense, business services, consumer products and services including retail, food, and beverage, healthcare products and services, industrial products and services, information technology services, niche manufacturing, transportation and logistics, and value-added distribution sectors. It seeks to invest in companies based in United States. The fund typically invests between $5 million and $15 million per transaction in companies with annual revenues between $10 million and $150 million and an annual EBITDA between $3 million and $20 million, but it can occasionally invest in larger or smaller companies. It seeks to acquire minority equity stakes and board observation rights in conjunction with its investments.", "companyOfficers": [{"maxAge": 1, "name": "Mr. Edward H. Ross", "age": 56, "title": "Chairman & CEO", "yearBorn": 1966, "fiscalYear": 2022, "totalPay": 0, "exercisedValue": 0, "unexercisedValue": 0}, {"maxAge": 1, "name": "Mr. Thomas C. Lauer", "age": 54, "title": "Pres, MD & Director", "yearBorn": 1968, "fiscalYear": 2022, "totalPay": 0, "exercisedValue": 0, "unexercisedValue": 0}, {"maxAge": 1, "name": "Ms. Shelby E. Sherard CPA", "age": 52, "title": "CFO, Chief Compliance Officer & Sec.", "yearBorn": 1970, "exercisedValue": 0, "unexercisedValue": 0}, {"maxAge": 1, "name": "Ms. Amanda  Armstrong", "title": "Accounting Mang.", "exercisedValue": 0, "unexercisedValue": 0}, {"maxAge": 1, "name": "Ms. Jody  Burfening", "title": "Investor Relations Contact", "exercisedValue": 0, "unexercisedValue": 0}, {"maxAge": 1, "name": "Mr. W. Andrew Worth", "title": "Managing Director", "exercisedValue": 0, "unexercisedValue": 0}, {"maxAge": 1, "name": "Mr. Thomas J. Steiglehner", "title": "Managing Director", "exercisedValue": 0, "unexercisedValue": 0}, {"maxAge": 1, "name": "Mr. Matthew G. Shehorn", "title": "Managing Director", "exercisedValue": 0, "unexercisedValue": 0}, {"maxAge": 1, "name": "Mr. John J. Ross II", "title": "Managing Director", "exercisedValue": 0, "unexercisedValue": 0}, {"maxAge": 1, "name": "Mr. Craig J. Petrusha", "title": "Managing Director", "exercisedValue": 0, "unexercisedValue": 0}], "compensationAsOfEpochDate": "2022-12-30 19:00:00", "maxAge": 86400, "latitude": 42.04709899241436, "longitude": -87.68070203609797}