{"address1": "100 Springhouse Drive", "address2": "Suite 204", "city": "Collegeville", "state": "PA", "zip": "19426", "country": "United States", "phone": "610 226 8101", "website": "https://www.fintechecosys.com", "industry": "Shell Companies", "industryDisp": "Shell Companies", "sector": "Financial Services", "longBusinessSummary": "Fintech Ecosystem Development Corp. does not have significant operations. The company focuses on effecting a merger, capital stock exchange, asset acquisition, stock purchase, reorganization, or similar business combination with one or more businesses. It intends to acquire companies in the financial technology development sector in South Asia. Fintech Ecosystem Development Corp. was incorporated in 2021 and is based in Collegeville, Pennsylvania.", "companyOfficers": [{"maxAge": 1, "name": "Dr. Saiful  Khandaker", "age": 57, "title": "Chairman & CEO", "yearBorn": 1965, "exercisedValue": 0, "unexercisedValue": 0}, {"maxAge": 1, "name": "Ms. Jenny  Junkeer", "age": 42, "title": "Chief Financial Officer", "yearBorn": 1980, "exercisedValue": 0, "unexercisedValue": 0}], "maxAge": 86400, "latitude": 40.163434981444595, "longitude": -75.47584601467283}