{"address1": "255 East Fifth Street", "address2": "Suite 800", "city": "Cincinnati", "state": "OH", "zip": "45202", "country": "United States", "phone": "877 322 9530", "website": "https://www.bankatfirst.com", "industry": "Banks\u2014Regional", "industryDisp": "Banks\u2014Regional", "sector": "Financial Services", "longBusinessSummary": "First Financial Bancorp. operates as the bank holding company for First Financial Bank that provides commercial banking and related services to individuals and businesses in Ohio, Indiana, Kentucky, and Illinois. The company accepts various deposit products, such as interest-bearing and noninterest-bearing accounts, time deposits, and cash management services for commercial customers. It also provides real estate loans secured by residential property, such as one to four family residential housing units or commercial property comprising owner-occupied and/or investor income producing real estate consisting of apartments, shopping centers, or office buildings; commercial and industrial loans for various purposes, including inventory, receivables, and equipment; consumer loans comprising new and used vehicle loans, second mortgages on residential real estate, and unsecured loans; and home equity lines of credit. In addition, the company offers commercial financing to the insurance industry, registered investment advisors, certified public accountants, indirect auto finance companies, and restaurant franchisees. Further, it provides a range of trust and wealth management services; and lease and equipment financing services. The company was founded in 1863 and is headquartered in Cincinnati, Ohio.", "fullTimeEmployees": 2066, "companyOfficers": [{"maxAge": 1, "name": "Mr. Archie M. Brown Jr.", "age": 61, "title": "Pres, CEO & Director", "yearBorn": 1961, "fiscalYear": 2022, "totalPay": 1799913, "exercisedValue": 0, "unexercisedValue": 0}, {"maxAge": 1, "name": "Mr. James Michael Anderson", "age": 50, "title": "Exec. VP, CFO & COO", "yearBorn": 1972, "fiscalYear": 2022, "totalPay": 780755, "exercisedValue": 0, "unexercisedValue": 0}, {"maxAge": 1, "name": "Ms. Karen Ball Woods J.D.", "age": 54, "title": "Exec. VP, Gen. Counsel, Chief Admin. Officer & Corp. Sec.", "yearBorn": 1968, "fiscalYear": 2022, "totalPay": 722246, "exercisedValue": 0, "unexercisedValue": 0}, {"maxAge": 1, "name": "Mr. Richard S. Dennen CPA", "age": 55, "title": "Exec. VP & Chief Corp. Banking Officer", "yearBorn": 1967, "fiscalYear": 2022, "totalPay": 924623, "exercisedValue": 0, "unexercisedValue": 0}, {"maxAge": 1, "name": "Mr. Scott T. Crawley CPA", "age": 41, "title": "Sr. VP, Controller & Principal Accounting Officer", "yearBorn": 1981, "exercisedValue": 0, "unexercisedValue": 0}, {"maxAge": 1, "name": "Mr. Gregory A. Harris", "age": 52, "title": "Pres of Affluent Banking & Yellow Cardinal Advisory Group - First Financial Bank", "yearBorn": 1970, "exercisedValue": 0, "unexercisedValue": 0}, {"maxAge": 1, "name": "Mr. Roddell  McCullough", "title": "Chief Responsibility Officer", "exercisedValue": 0, "unexercisedValue": 0}, {"maxAge": 1, "name": "Mr. William R. Harrod", "age": 54, "title": "Exec. VP & Chief Credit Officer", "yearBorn": 1968, "fiscalYear": 2018, "exercisedValue": 0, "unexercisedValue": 0}, {"maxAge": 1, "name": "Ms. Amanda N. Neeley", "age": 41, "title": "Exec. VP and Chief Consumer Banking & Strategy Officer", "yearBorn": 1981, "exercisedValue": 0, "unexercisedValue": 0}, {"maxAge": 1, "name": "Mr. James R. Shank", "title": "Chief Internal Auditor", "exercisedValue": 0, "unexercisedValue": 0}], "auditRisk": 1, "boardRisk": 4, "compensationRisk": 3, "shareHolderRightsRisk": 7, "overallRisk": 3, "governanceEpochDate": "2023-04-30 20:00:00", "compensationAsOfEpochDate": "2022-12-30 19:00:00", "maxAge": 86400, "latitude": 39.10122899762413, "longitude": -84.50829903805084}