{"address1": "220 RXR Plaza", "city": "Uniondale", "state": "NY", "zip": "11556", "country": "United States", "phone": "(718) 961-5400", "website": "https://www.flushingbank.com", "industry": "Banks\u2014Regional", "industryDisp": "Banks\u2014Regional", "sector": "Financial Services", "longBusinessSummary": "Flushing Financial Corporation operates as the bank holding company for Flushing Bank that provides banking products and services primarily to consumers, businesses, and governmental units. It offers various deposit products, including checking and savings accounts, money market accounts, demand accounts, NOW accounts, and certificates of deposit. The company also provides mortgage loans secured by multi-family residential, commercial real estate, one-to-four family mixed-use property, one-to-four family residential property, and commercial business loans; construction loans; small business administration loans and other small business loans; mortgage loan surrogates, such as mortgage-backed securities; and consumer loans, including overdraft lines of credit, as well as the United States government securities, corporate fixed-income securities, and other marketable securities. In addition, it offers banking services to public municipalities comprising counties, cities, towns, villages, school districts, libraries, fire districts, and various courts. Further, the company operates an internet branch under the iGObanking and BankPurely brands. Flushing Financial Corporation was founded in 1929 and is based in Uniondale, New York.", "fullTimeEmployees": 560, "companyOfficers": [{"maxAge": 1, "name": "Mr. John R. Buran", "age": 73, "title": "Pres, CEO & Director", "yearBorn": 1949, "fiscalYear": 2022, "totalPay": 1772404, "exercisedValue": 0, "unexercisedValue": 0}, {"maxAge": 1, "name": "Ms. Susan K. Cullen", "age": 56, "title": "Sr. EVP, Treasurer & CFO", "yearBorn": 1966, "fiscalYear": 2022, "totalPay": 735737, "exercisedValue": 0, "unexercisedValue": 0}, {"maxAge": 1, "name": "Ms. Maria A. Grasso", "age": 58, "title": "Sr. EVP, COO & Corp. Sec.", "yearBorn": 1964, "fiscalYear": 2022, "totalPay": 853405, "exercisedValue": 0, "unexercisedValue": 0}, {"maxAge": 1, "name": "Mr. Francis W. Korzekwinski", "age": 59, "title": "Sr. EVP & Chief of Real Estate Lending", "yearBorn": 1963, "fiscalYear": 2022, "totalPay": 743616, "exercisedValue": 0, "unexercisedValue": 0}, {"maxAge": 1, "name": "Mr. Michael  Bingold", "age": 59, "title": "Sr. EVP and Chief Retail & Client Devel. Officer", "yearBorn": 1963, "fiscalYear": 2022, "totalPay": 631597, "exercisedValue": 0, "unexercisedValue": 0}, {"maxAge": 1, "name": "Mr. Douglas  Liang", "age": 46, "title": "Sr. VP & Chief Investment Officer", "yearBorn": 1976, "exercisedValue": 0, "unexercisedValue": 0}, {"maxAge": 1, "name": "Ms. Astrid  Burrowes", "age": 57, "title": "Exec. VP, Chief Accounting Officer & Controller", "yearBorn": 1965, "exercisedValue": 0, "unexercisedValue": 0}, {"maxAge": 1, "name": "Mr. Yan  Nuriyev", "age": 38, "title": "Sr. VP & Chief Technology Officer", "yearBorn": 1984, "exercisedValue": 0, "unexercisedValue": 0}, {"maxAge": 1, "name": "Mr. Allen M. Brewer", "age": 69, "title": "Sr. Exec. VP & Chief Information Officer", "yearBorn": 1953, "exercisedValue": 0, "unexercisedValue": 0}, {"maxAge": 1, "name": "Mr. Albert H. Savastano", "age": 49, "title": "Sr. VP & Director of Investor Relations", "yearBorn": 1973, "exercisedValue": 0, "unexercisedValue": 0}], "auditRisk": 1, "boardRisk": 3, "compensationRisk": 5, "shareHolderRightsRisk": 5, "overallRisk": 3, "governanceEpochDate": "2023-04-30 20:00:00", "compensationAsOfEpochDate": "2022-12-30 19:00:00", "maxAge": 86400, "latitude": 40.718326067029764, "longitude": -73.58525763169243}