{"address1": "400 Pine Street", "city": "Abilene", "state": "TX", "zip": "79601", "country": "United States", "phone": "325 627 7155", "website": "https://www.ffin.com", "industry": "Banks\u2014Regional", "industryDisp": "Banks\u2014Regional", "sector": "Financial Services", "longBusinessSummary": "First Financial Bankshares, Inc., through its subsidiaries, provides commercial banking products and services in Texas. The company offers checking, savings and time deposits, automated teller machines, drive-in, and night deposit services; safe deposit facilities, remote deposit capture, internet banking, mobile banking, payroll cards, funds transfer, and performing other customary commercial banking services; securities brokerage services; and trust and wealth management services, including wealth management, estates administration, oil and gas management, testamentary trusts, revocable and irrevocable trusts, and agency accounts. It also provides commercial and industrial, municipal, agricultural, construction and development, farm, residential, and consumer auto and non-auto, as well as non-owner occupied and owner occupied commercial real estate loans. In addition, the company offers asset management, investing, purchasing, advertising, public relations, and technology services. The company was founded in 1890 and is headquartered in Abilene, Texas.", "fullTimeEmployees": 1400, "companyOfficers": [{"maxAge": 1, "name": "Mr. F. Scott Dueser", "age": 69, "title": "Chairman, Pres & CEO", "yearBorn": 1953, "fiscalYear": 2022, "totalPay": 1727677, "exercisedValue": 876680, "unexercisedValue": 264400}, {"maxAge": 1, "name": "Mr. Ronald D. Butler II", "age": 61, "title": "Exec. VP & Chief Admin. Officer", "yearBorn": 1961, "fiscalYear": 2022, "totalPay": 789535, "exercisedValue": 222250, "unexercisedValue": 712110}, {"maxAge": 1, "name": "Mr. Kirk W. Thaxton", "age": 61, "title": "Chairman, CEO & Pres of First Financial Trust & Asset Mgmt Co. NA", "yearBorn": 1961, "fiscalYear": 2022, "totalPay": 830083, "exercisedValue": 315600, "unexercisedValue": 769020}, {"maxAge": 1, "name": "Mr. Timothy Luke Longhofer", "age": 39, "title": "Exec. VP & Chief Lending Officer", "yearBorn": 1983, "fiscalYear": 2022, "totalPay": 500768, "exercisedValue": 103680, "unexercisedValue": 145712}, {"maxAge": 1, "name": "Ms. Michelle S. Hickox", "age": 54, "title": "EVP, CFO, Sec. & Treasurer", "yearBorn": 1968, "exercisedValue": 0, "unexercisedValue": 0}, {"maxAge": 1, "name": "Mr. J. Kyle McVey CPA, CPA", "age": 35, "title": "Exec. VP & Chief Accounting Officer", "yearBorn": 1987, "exercisedValue": 0, "unexercisedValue": 0}, {"maxAge": 1, "name": "Mr. John James Ruzicka", "age": 64, "title": "Exec. VP & Chief Information Officer", "yearBorn": 1958, "exercisedValue": 0, "unexercisedValue": 0}, {"maxAge": 1, "name": "Mr. Mike  Parker", "title": "Exec. VP & Chief Compliance Officer", "exercisedValue": 0, "unexercisedValue": 0}, {"maxAge": 1, "name": "Mr. Chris  Cook", "title": "Exec. VP of Marketing", "exercisedValue": 0, "unexercisedValue": 0}, {"maxAge": 1, "name": "Mr. Josh  Brown CPL", "title": "Sr. VP of HR", "exercisedValue": 0, "unexercisedValue": 0}], "auditRisk": 4, "boardRisk": 6, "compensationRisk": 2, "shareHolderRightsRisk": 3, "overallRisk": 3, "governanceEpochDate": "2023-04-30 20:00:00", "compensationAsOfEpochDate": "2022-12-30 19:00:00", "maxAge": 86400, "latitude": 32.45296700971805, "longitude": -99.73309702227502}