{"address1": "201 Wells Avenue South", "city": "Renton", "state": "WA", "zip": "98057", "country": "United States", "phone": "425 255 4400", "fax": "425 228 7227", "website": "https://www.ffnwb.com", "industry": "Banks\u2014Regional", "industryDisp": "Banks\u2014Regional", "sector": "Financial Services", "longBusinessSummary": "First Financial Northwest, Inc. operates as the bank holding company for First Financial Northwest Bank that provides commercial banking services in Washington. The company offers a range of deposit products, including noninterest bearing accounts, interest-bearing demand accounts, money market accounts, statement savings accounts, and certificates of deposit. Its loan products comprise one-to-four family residential loans; multifamily and commercial real estate loans; construction/land loans for the construction of single-family residences, condominiums, townhouses, multifamily properties, and residential developments; business loans; and consumer loans, such as home equity loans and savings account loans. The company also provides wealth management services; and online banking platform, as well as debit cards and ATMs. It operates retail branches in King County, Snohomish County, and Pierce County, Washington. The company was founded in 1923 and is headquartered in Renton, Washington.", "fullTimeEmployees": 151, "companyOfficers": [{"maxAge": 1, "name": "Mr. Joseph W. Kiley III", "age": 66, "title": "Pres, CEO & Director", "yearBorn": 1956, "fiscalYear": 2022, "totalPay": 618499, "exercisedValue": 0, "unexercisedValue": 419000}, {"maxAge": 1, "name": "Mr. Richard P. Jacobson", "age": 59, "title": "Exec. VP, CFO, COO & Director", "yearBorn": 1963, "fiscalYear": 2022, "totalPay": 469840, "exercisedValue": 14188, "unexercisedValue": 251928}, {"maxAge": 1, "name": "Mr. Simon  Soh", "age": 57, "title": "Sr. VP & Chief Credit Officer", "yearBorn": 1965, "fiscalYear": 2022, "totalPay": 355776, "exercisedValue": 360469, "unexercisedValue": 110000}, {"maxAge": 1, "name": "Mr. Ronnie J. Clariza", "age": 41, "title": "Sr. VP & Chief Risk Officer", "yearBorn": 1981, "fiscalYear": 2022, "totalPay": 286217, "exercisedValue": 0, "unexercisedValue": 0}, {"maxAge": 1, "name": "Ms. Dalen D. Harrison", "age": 63, "title": "Sr. VP & Chief Banking Officer", "yearBorn": 1959, "fiscalYear": 2022, "totalPay": 346447, "exercisedValue": 12000, "unexercisedValue": 42100}, {"maxAge": 1, "name": "Ms. Joann E. Lee CPA", "age": 67, "title": "Sec. & Independent Director", "yearBorn": 1955, "fiscalYear": 2022, "totalPay": 38430, "exercisedValue": 0, "unexercisedValue": 0}, {"maxAge": 1, "name": "Eva Q. Ngu", "title": "VP, Controller & Principal Accounting Officer", "exercisedValue": 0, "unexercisedValue": 0}, {"maxAge": 1, "name": "Ms. Karla  Evans", "title": "Assistant VP, Investor Relations", "exercisedValue": 0, "unexercisedValue": 0}], "compensationAsOfEpochDate": "2022-12-30 19:00:00", "maxAge": 86400, "latitude": 47.480991979819265, "longitude": -122.20628701253156}