{"address1": "200 Crescent Court", "address2": "Suite 1400", "city": "Dallas", "state": "TX", "zip": "75201", "country": "United States", "phone": "469 638 9636", "website": "https://www.firstfoundationinc.com", "industry": "Banks\u2014Regional", "industryDisp": "Banks\u2014Regional", "sector": "Financial Services", "longBusinessSummary": "First Foundation Inc., through its subsidiaries, provides banking services, investment advisory, wealth management, and trust services to individuals, businesses, and other organizations in the United States. The company operates in two segments, Banking and Wealth Management. It offers a range of bank deposit products, including personal and business checking accounts, savings accounts, interest-bearing negotiable order of withdrawal accounts, money market accounts, and time certificate of deposits; and loan products consisting of multifamily and single family residential real estate loans, commercial real estate loans, and commercial term loans and line of credits, as well as consumer loans, such as personal installment loans and line of credits, and home equity line of credits. The company also provides various specialized services comprising online and mobile banking, remote deposit capture services, merchant credit card services, ATM cards, Visa debit cards, and business sweep accounts, as well as insurance brokerage services and equipment financing solutions. In addition, it offers investment management and financial planning services; treasury management services; advisory and coordination services in the areas of estate planning, retirement planning, and charitable and business ownership issues; and financial, investment, and economic advisory and related services. Further, the company provides support services, including the processing and transmission of financial and economic data for charitable organizations. It operates through a network of branch offices and loan production offices in California, Florida, Nevada, Texas, and Hawaii. The company was founded in 1985 and is headquartered in Dallas, Texas.", "fullTimeEmployees": 713, "companyOfficers": [{"maxAge": 1, "name": "Mr. Ulrich Emanuel Keller Jr., C.F.P., CFP", "age": 66, "title": "Exec. Chairman", "yearBorn": 1956, "fiscalYear": 2022, "totalPay": 982600, "exercisedValue": 0, "unexercisedValue": 0}, {"maxAge": 1, "name": "Mr. Scott Farris Kavanaugh", "age": 61, "title": "CEO, Pres & Vice Chairman", "yearBorn": 1961, "fiscalYear": 2022, "totalPay": 2174550, "exercisedValue": 0, "unexercisedValue": 0}, {"maxAge": 1, "name": "Ms. Amy  Djou", "age": 53, "title": "Exec. VP & Interim CFO", "yearBorn": 1969, "fiscalYear": 2022, "totalPay": 367738, "exercisedValue": 0, "unexercisedValue": 0}, {"maxAge": 1, "name": "Mr. Christopher M. Naghibi Esq.", "age": 41, "title": "Exec. VP & COO", "yearBorn": 1981, "fiscalYear": 2022, "totalPay": 784000, "exercisedValue": 0, "unexercisedValue": 0}, {"maxAge": 1, "name": "Mr. John Avak Hakopian", "age": 54, "title": "Pres of First Foundation Advisors & Director", "yearBorn": 1968, "fiscalYear": 2022, "totalPay": 769750, "exercisedValue": 0, "unexercisedValue": 0}, {"maxAge": 1, "name": "Mr. Adriano S. Darmawan", "title": "CTO & Exec. VP", "exercisedValue": 0, "unexercisedValue": 0}, {"maxAge": 1, "name": "Ms. Kelly  Rentzel", "title": "Exec. VP, Gen. Counsel & Corp. Sec.", "exercisedValue": 0, "unexercisedValue": 0}, {"maxAge": 1, "name": "Shannon M Wherry", "title": "VP & Director of Communications", "exercisedValue": 0, "unexercisedValue": 0}, {"maxAge": 1, "name": "Mr. Tyler J. Resh", "title": "Director of Marketing & Strategy", "exercisedValue": 0, "unexercisedValue": 0}, {"maxAge": 1, "name": "Ms. Lisa  Carlson", "title": "Exec. VP & Chief HR Officer", "exercisedValue": 0, "unexercisedValue": 0}], "auditRisk": 8, "boardRisk": 7, "compensationRisk": 2, "shareHolderRightsRisk": 1, "overallRisk": 3, "governanceEpochDate": "2023-04-30 20:00:00", "compensationAsOfEpochDate": "2022-12-30 19:00:00", "maxAge": 86400, "latitude": 32.79365000910761, "longitude": -96.80390198566201}