{"address1": "801 Grand Avenue", "address2": "Suite 2600", "city": "Des Moines", "state": "IA", "zip": "50309", "country": "United States", "phone": "515 330 3340", "website": "https://www.fglife.com", "industry": "Insurance\u2014Life", "industryDisp": "Insurance\u2014Life", "sector": "Financial Services", "longBusinessSummary": "F&G Annuities & Life, Inc. provides fixed annuities and life insurance products in the United States. It serves retail annuity and life customers, as well as institutional clients. The company portfolio includes fixed indexed annuities, multi-year guarantee annuities, and pension risk transfer solution, as well as indexed universal life insurance and institutional funding agreements. It serves retail annuity and life customers, as well as institutional clients. The company was founded in 1959 and is headquartered in Des Moines, Iowa. F&G Annuities & Life, Inc. operates as a subsidiary of Fidelity National Financial, Inc.", "fullTimeEmployees": 950, "companyOfficers": [{"maxAge": 1, "name": "Mr. Christopher Owsley Blunt", "age": 59, "title": "Pres, CEO & Director", "yearBorn": 1963, "fiscalYear": 2022, "totalPay": 4204176, "exercisedValue": 0, "unexercisedValue": 0}, {"maxAge": 1, "name": "Ms. Wendy JB Young", "age": 58, "title": "Chief Financial Officer", "yearBorn": 1964, "fiscalYear": 2022, "totalPay": 1467295, "exercisedValue": 0, "unexercisedValue": 0}, {"maxAge": 1, "name": "Mr. John David Currier Jr.", "age": 51, "title": "Pres of Retail Markets", "yearBorn": 1971, "fiscalYear": 2022, "totalPay": 1534574, "exercisedValue": 0, "unexercisedValue": 0}, {"maxAge": 1, "name": "Mr. Scott David Cochran CERA, FSA, MAAA", "age": 49, "title": "Special Adviser to the CEO", "yearBorn": 1973, "fiscalYear": 2022, "totalPay": 1442914, "exercisedValue": 0, "unexercisedValue": 0}, {"maxAge": 1, "name": "Mr. William Patrick Foley II", "age": 77, "title": "Exec. Chairman", "yearBorn": 1945, "fiscalYear": 2019, "exercisedValue": 0, "unexercisedValue": 0}, {"maxAge": 1, "name": "Mr. Matthew Eric Christensen", "title": "Exec. VP & COO", "exercisedValue": 0, "unexercisedValue": 0}, {"maxAge": 1, "name": "Ms. Leena  Punjabi C.F.A.", "age": 43, "title": "Exec. VP & Chief Investment Officer", "yearBorn": 1979, "exercisedValue": 0, "unexercisedValue": 0}, {"maxAge": 1, "name": "Mr. Ted  Hughes", "title": "Sr. VP & Chief Information Officer", "exercisedValue": 0, "unexercisedValue": 0}, {"maxAge": 1, "name": "Ms. Lisa  Foxworthy-Parker", "title": "Sr. VP of Investor & External Relations", "exercisedValue": 0, "unexercisedValue": 0}, {"maxAge": 1, "name": "Ms. Jodi Lynn Ahlman", "title": "Gen. Counsel & Sec.", "exercisedValue": 0, "unexercisedValue": 0}], "compensationAsOfEpochDate": "2022-12-30 19:00:00", "maxAge": 86400, "latitude": 41.58743999041033, "longitude": -93.62854101398426}