{"address1": "400 East Thomas Street", "city": "Hammond", "state": "LA", "zip": "70401", "country": "United States", "phone": "985 345 7685", "website": "https://www.fgb.net", "industry": "Banks\u2014Regional", "industryDisp": "Banks\u2014Regional", "sector": "Financial Services", "longBusinessSummary": "First Guaranty Bancshares, Inc. operates as the holding company for First Guaranty Bank that provides commercial banking services in Louisiana and Texas. It offers various deposit products, including personal and business checking, savings, money market, and demand accounts, as well as time deposits to consumers, small businesses, and municipalities. The company also provides loans, such as non-farm, non-residential loans secured by real estate, commercial and industrial loans, one- to four-family residential loans, multifamily loans, construction and land development loans, agricultural loans, farmland loans, and consumer and other loans to small to medium-sized businesses and professionals, and individuals. In addition, it offers a range of consumer services, including credit cards, mobile deposit capture, safe deposit boxes, official checks, online and mobile banking, automated teller machines, and online bill pay; provides additional solutions, such as merchant services, remote deposit capture, and lockbox services to business customers; and invests a portion of its assets in securities issued by the United States Government and its agencies, state and municipal obligations, corporate debt securities, mutual funds, and equity securities, as well as invests in mortgage-backed securities primarily issued or guaranteed by United States Government agencies or enterprises. First Guaranty Bancshares, Inc. was founded in 1934 and is headquartered in Hammond, Louisiana.", "fullTimeEmployees": 465, "companyOfficers": [{"maxAge": 1, "name": "Mr. Alton B. Lewis Jr.", "age": 73, "title": "Vice Chairman, Pres & CEO", "yearBorn": 1949, "fiscalYear": 2022, "totalPay": 497517, "exercisedValue": 0, "unexercisedValue": 0}, {"maxAge": 1, "name": "Mr. Eric John Dosch", "age": 43, "title": "Treasurer, Sec. & CFO", "yearBorn": 1979, "fiscalYear": 2022, "totalPay": 188115, "exercisedValue": 0, "unexercisedValue": 0}, {"maxAge": 1, "name": "Ms. Amanda W. Barnett J.D.", "title": "Sr. VP & Gen. Counsel", "exercisedValue": 0, "unexercisedValue": 0}, {"maxAge": 1, "name": "Mr. Michael Ray Mineer", "age": 55, "title": "Mideast Market Pres", "yearBorn": 1967, "exercisedValue": 0, "unexercisedValue": 0}, {"maxAge": 1, "name": "Kevin J. Foster", "title": "Sr. VP & Regional Mang. Denham Springs", "exercisedValue": 0, "unexercisedValue": 0}, {"maxAge": 1, "name": "Gregory P. Prudhomme", "title": "Sr. VP & Regional Mang. of Central Louisiana", "exercisedValue": 0, "unexercisedValue": 0}], "auditRisk": 9, "boardRisk": 6, "compensationRisk": 4, "shareHolderRightsRisk": 2, "overallRisk": 4, "governanceEpochDate": "2023-04-30 20:00:00", "compensationAsOfEpochDate": "2022-12-30 19:00:00", "maxAge": 86400, "latitude": 30.50474000652541, "longitude": -90.45681401642823}