{"address1": "104 S. Walnut Street", "address2": "Unit 1A", "city": "Itasca", "state": "IL", "zip": "60143", "country": "United States", "phone": "847 773 1665", "website": "https://www.fgfinancial.com", "industry": "Insurance\u2014Diversified", "industryDisp": "Insurance\u2014Diversified", "sector": "Financial Services", "longBusinessSummary": "FG Financial Group, Inc. operates as a reinsurance, merchant banking, and asset management company in the United States. The company offers specialty property and casualty reinsurance products and services. It also operates a special purpose acquisition company platform (SPAC) that provides various strategic, administrative, and regulatory support services to newly formed SPACs for a monthly fee. The company was formerly known as 1347 Property Insurance Holdings, Inc. and changed its name to FG Financial Group, Inc. in December 2020. The company was incorporated in 2012 and is based in Itasca, Illinois.", "fullTimeEmployees": 7, "companyOfficers": [{"maxAge": 1, "name": "Mr. Larry Gene Swets Jr., C.F.A., CFA", "age": 47, "title": "Pres, CEO & Director", "yearBorn": 1975, "fiscalYear": 2022, "totalPay": 988768, "exercisedValue": 0, "unexercisedValue": 0}, {"maxAge": 1, "name": "Mr. Hassan Raza Baqar CPA", "age": 45, "title": "Exec. VP, CFO & Principal Financial and Accounting Officer", "yearBorn": 1977, "fiscalYear": 2022, "totalPay": 864000, "exercisedValue": 0, "unexercisedValue": 0}, {"maxAge": 1, "name": "Mr. Jeremy  Hellman CFA", "title": "Sr. Associate, The Equity Group Inc.", "exercisedValue": 0, "unexercisedValue": 0}, {"maxAge": 1, "name": "Mr. Forrest  Hunt", "title": "Associate", "exercisedValue": 0, "unexercisedValue": 0}, {"maxAge": 1, "name": "Mr. Matt J. Hryniewicz", "title": "Assistant Controller", "exercisedValue": 0, "unexercisedValue": 0}], "compensationAsOfEpochDate": "2022-12-30 19:00:00", "maxAge": 86400, "latitude": 41.970338989966706, "longitude": -88.0133449882331}