{"address1": "105 S. Maple Street", "city": "Itasca", "state": "IL", "zip": "60143", "country": "United States", "phone": "708 870 7365", "website": "https://www.fgmerger.com", "industry": "Shell Companies", "industryDisp": "Shell Companies", "sector": "Financial Services", "longBusinessSummary": "FG Merger Corp. focuses on effecting a merger, share exchange, asset acquisition, stock purchase, recapitalization, reorganization, or similar business combination with one or more businesses. The company intends to focus its search for a target business in the financial services industry in North America. FG Merger Corp. was incorporated in 2020 and is based in Itasca, Illinois.", "companyOfficers": [{"maxAge": 1, "name": "Mr. M. Wesley Schrader", "age": 47, "title": "CEO & Director", "yearBorn": 1975, "exercisedValue": 0, "unexercisedValue": 0}, {"maxAge": 1, "name": "Mr. Mark  Penway", "age": 31, "title": "Chief Financial Officer", "yearBorn": 1991, "exercisedValue": 0, "unexercisedValue": 0}], "maxAge": 86400, "latitude": 41.97032800967355, "longitude": -88.01429096982548}