{"address1": "999 Bishop Street", "address2": "29th Floor", "city": "Honolulu", "state": "HI", "zip": "96813", "country": "United States", "phone": "808 525 7000", "website": "https://www.fhb.com", "industry": "Banks\u2014Regional", "industryDisp": "Banks\u2014Regional", "sector": "Financial Services", "longBusinessSummary": "First Hawaiian, Inc. operates as a bank holding company for First Hawaiian Bank that provides a range of banking products and services to consumer and commercial customers in the United States. It operates through three segments: Retail Banking, Commercial Banking, and Treasury and Other. The company accepts various deposit products, include checking and savings accounts, and other deposit accounts. It also provides residential and commercial mortgage loans, home equity lines of credit and loans, automobile loans and leases, secured and unsecured lines of credit, installment loans, and small business loans and leases, as well as commercial lease and auto dealer financing. In addition, the company offers personal installment, individual investment and financial planning, insurance protection, trust and estate, private banking, retirement planning, commercial credit cards, and merchant processing services, as well as consumer and commercial credit cards. The company was formerly known as BancWest Corporation and changed its name to First Hawaiian, Inc. in April 2016. First Hawaiian, Inc. was founded in 1858 and is headquartered in Honolulu, Hawaii.", "fullTimeEmployees": 2100, "companyOfficers": [{"maxAge": 1, "name": "Mr. Robert Scott Harrison", "age": 62, "title": "Chairman, Pres & CEO", "yearBorn": 1960, "fiscalYear": 2022, "totalPay": 2551149, "exercisedValue": 0, "unexercisedValue": 0}, {"maxAge": 1, "name": "Mr. Christopher L. Dods", "age": 46, "title": "Vice Chairman of Digital Banking & Marketing Group and COO", "yearBorn": 1976, "fiscalYear": 2022, "totalPay": 1201098, "exercisedValue": 0, "unexercisedValue": 0}, {"maxAge": 1, "name": "Mr. Alan H. Arizumi", "age": 63, "title": "Vice Chairman of Wealth Management Group", "yearBorn": 1959, "fiscalYear": 2022, "totalPay": 1120055, "exercisedValue": 0, "unexercisedValue": 0}, {"maxAge": 1, "name": "Mr. Ralph M. Mesick", "age": 62, "title": "Vice Chairman of Risk Management Group & Chief Risk Officer", "yearBorn": 1960, "fiscalYear": 2022, "totalPay": 1318815, "exercisedValue": 0, "unexercisedValue": 0}, {"maxAge": 1, "name": "Mr. Lance A. Mizumoto", "age": 64, "title": "Vice Chairman of Wholesale Banking Group & Chief Lending Officer", "yearBorn": 1958, "fiscalYear": 2022, "totalPay": 950181, "exercisedValue": 0, "unexercisedValue": 0}, {"maxAge": 1, "name": "Mr. James M. Moses", "age": 45, "title": "Vice Chairman of Fin. Group & CFO", "yearBorn": 1977, "exercisedValue": 0, "unexercisedValue": 0}, {"maxAge": 1, "name": "Mr. Kevin  Haseyama C.F.A.", "title": "Strategic Planning & Investor Relations Mang.", "exercisedValue": 0, "unexercisedValue": 0}, {"maxAge": 1, "name": "Ms. Gina O. Woo Anonuevo", "title": "Exec. VP of Corp. Compliance Group & Chief Compliance Officer", "exercisedValue": 0, "unexercisedValue": 0}, {"maxAge": 1, "name": "Mr. Joel E. Rappoport J.D.", "title": "Exec. VP of Legal & Corp. Services Group, Gen. Counsel and Sec.", "exercisedValue": 0, "unexercisedValue": 0}, {"maxAge": 1, "name": "Ms. Iris Y. Matsumoto", "title": "Exec. VP of HR Group & Chief HR Officer", "exercisedValue": 0, "unexercisedValue": 0}], "auditRisk": 5, "boardRisk": 4, "compensationRisk": 2, "shareHolderRightsRisk": 1, "overallRisk": 2, "governanceEpochDate": "2023-04-30 20:00:00", "compensationAsOfEpochDate": "2022-12-30 19:00:00", "maxAge": 86400, "latitude": 21.30771900122413, "longitude": -157.86124702443428}