{"address1": "1001 Liberty Avenue", "city": "Pittsburgh", "state": "PA", "zip": "15222-3779", "country": "United States", "phone": "412 288 1900", "website": "https://www.federatedinvestors.com", "industry": "Asset Management", "industryDisp": "Asset Management", "sector": "Financial Services", "longBusinessSummary": "Federated Hermes, Inc. is a publicly owned investment manager. Through its subsidiaries, the firm provides its services to individuals, including high net worth individuals, banking or thrift institutions, investment companies, pension and profit sharing plans, pooled investment vehicles, charitable organizations, state or municipal government entities, and registered investment advisors. Through its subsidiaries, it manages separate client-focused equity, fixed income, balanced and money market mutual funds along with separate client-focused equity, fixed income, money market, and balanced portfolios. Through its subsidiaries, the firm invests in the public equity and fixed income markets across the globe. It invests in growth and value stocks of small-cap, mid-cap, and large-cap companies. The firm makes its fixed income investments in ultra-short, short-term, and intermediate-term mortgage-backed, U.S. Government, U.S. corporate, high yield, and municipal securities. It employs both fundamental and quantitative analysis to make its equity investments. Federated Hermes, Inc. was founded in 1955 and is based in Pittsburgh, Pennsylvania with additional offices in New York City and London, United Kingdom.", "fullTimeEmployees": 2000, "companyOfficers": [{"maxAge": 1, "name": "Mr. John Christopher Donahue", "age": 73, "title": "Pres, CEO & Chairman", "yearBorn": 1949, "fiscalYear": 2022, "totalPay": 4030211, "exercisedValue": 0, "unexercisedValue": 0}, {"maxAge": 1, "name": "Mr. Thomas Robert Donahue", "age": 63, "title": "VP, Treasurer, CFO & Director", "yearBorn": 1959, "fiscalYear": 2022, "totalPay": 3641016, "exercisedValue": 0, "unexercisedValue": 0}, {"maxAge": 1, "name": "Mr. John Basil Fisher", "age": 66, "title": "VP & Director", "yearBorn": 1956, "fiscalYear": 2022, "totalPay": 4564867, "exercisedValue": 0, "unexercisedValue": 0}, {"maxAge": 1, "name": "Mr. Gordon Joseph Ceresino", "age": 64, "title": "Vice Chairman", "yearBorn": 1958, "fiscalYear": 2022, "totalPay": 2620909, "exercisedValue": 0, "unexercisedValue": 0}, {"maxAge": 1, "name": "Mr. Paul Adam Uhlman", "age": 55, "title": "VP", "yearBorn": 1967, "fiscalYear": 2022, "totalPay": 3297704, "exercisedValue": 0, "unexercisedValue": 0}, {"maxAge": 1, "name": "Ms. Mary Jo Ochson CFA", "age": 69, "title": "Head of the Tax-Free Money Market Investment Area, Chief Investment Officer, SVP & Sr Portfolio Mngr", "yearBorn": 1953, "exercisedValue": 0, "unexercisedValue": 0}, {"maxAge": 1, "name": "Mr. Richard Anthony Novak", "age": 59, "title": "VP, Assistant Treasurer & Principal Accounting Officer", "yearBorn": 1963, "exercisedValue": 0, "unexercisedValue": 0}, {"maxAge": 1, "name": "Mr. Raymond J. Hanley", "title": "Sr. VP", "exercisedValue": 0, "unexercisedValue": 0}, {"maxAge": 1, "name": "Mr. Stephen Paul Van Meter", "age": 47, "title": "VP & Chief Compliance Officer", "yearBorn": 1975, "exercisedValue": 0, "unexercisedValue": 0}, {"maxAge": 1, "name": "Mr. Peter J. Germain", "age": 63, "title": "Exec. VP, Chief Legal Officer & Sec.", "yearBorn": 1959, "exercisedValue": 0, "unexercisedValue": 0}], "compensationAsOfEpochDate": "2022-12-30 19:00:00", "maxAge": 86400, "latitude": 40.44432898538389, "longitude": -79.99456203542397}