{"address1": "8 The Green", "address2": "Suite 12081", "city": "Dover", "state": "DE", "zip": "19901", "country": "United States", "phone": "317 590 6959", "website": "https://www.fhesg.com", "industry": "Shell Companies", "industryDisp": "Shell Companies", "sector": "Financial Services", "longBusinessSummary": "Future Health ESG Corp. does not have significant operations. It focuses on effecting a merger, capital stock exchange, asset acquisition, stock purchase, reorganization, or similar business combination with one or more businesses. The company intends to pursue an initial business combination opportunity in the smart health technology sector. Future Health ESG Corp. was incorporated in 2021 and is based in Dover, Delaware.", "companyOfficers": [{"maxAge": 1, "name": "Mr. Bradley A. Bostic", "age": 46, "title": "Chairman & CEO", "yearBorn": 1976, "exercisedValue": 0, "unexercisedValue": 0}, {"maxAge": 1, "name": "Mr. Travis A. Morgan", "age": 50, "title": "CFO & Director", "yearBorn": 1972, "exercisedValue": 0, "unexercisedValue": 0}], "maxAge": 86400, "latitude": 39.15661401541746, "longitude": -75.52418302536205}