{"address1": "165 Madison Avenue", "address2": "23th floor", "city": "Memphis", "state": "TN", "zip": "38103", "country": "United States", "phone": "901 523 4444", "website": "https://www.firsthorizon.com", "industry": "Banks\u2014Regional", "industryDisp": "Banks\u2014Regional", "sector": "Financial Services", "longBusinessSummary": "First Horizon Corporation operates as the bank holding company for First Horizon Bank that provides various financial services. The company operates through three segments: Regional Banking, Specialty Banking, and Corporate. It offers general banking services for consumers, businesses, financial institutions, and governments. The company provides underwriting services for bank-eligible securities and other fixed-income securities by financial subsidiaries; sells loans and derivatives; and offers advisory services. In addition, it offers commercial and business banking for business enterprises, consumer banking, and private client and wealth management services; and capital markets, professional commercial real estate, mortgage warehouse and asset-based lending, franchise and equipment finance, and corporate and correspondent banking. Further, the company provides transaction processing services including check clearing services and remittance processing, credit cards, investment, and sale of mutual fund and retail insurances, as well as trust, fiduciary, and agency services. First Horizon Corporation was founded in 1864 and is headquartered in Memphis, Tennessee.", "fullTimeEmployees": 7300, "companyOfficers": [{"maxAge": 1, "name": "Mr. D. Bryan Jordan", "age": 60, "title": "Chairman, Pres & CEO", "yearBorn": 1962, "fiscalYear": 2022, "totalPay": 2994169, "exercisedValue": 0, "unexercisedValue": 4330499}, {"maxAge": 1, "name": "Ms. Hope  Dmuchowski", "age": 43, "title": "Sr. EVP & CFO", "yearBorn": 1979, "fiscalYear": 2022, "totalPay": 1493763, "exercisedValue": 0, "unexercisedValue": 0}, {"maxAge": 1, "name": "Ms. Tammy S. LoCascio", "age": 53, "title": "Sr. EVP & COO", "yearBorn": 1969, "fiscalYear": 2022, "totalPay": 1483024, "exercisedValue": 259756, "unexercisedValue": 0}, {"maxAge": 1, "name": "Mr. David T. Popwell", "age": 62, "title": "Pres of Specialty Banking", "yearBorn": 1960, "fiscalYear": 2022, "totalPay": 1603428, "exercisedValue": 1002458, "unexercisedValue": 0}, {"maxAge": 1, "name": "Mr. Daryl G. Byrd", "age": 67, "title": "Special Advisor", "yearBorn": 1955, "fiscalYear": 2022, "totalPay": 6926005, "exercisedValue": 5920524, "unexercisedValue": 6}, {"maxAge": 1, "name": "Mr. Anthony J. Restel", "age": 52, "title": "Pres of Regional Banking", "yearBorn": 1970, "fiscalYear": 2022, "totalPay": 1571564, "exercisedValue": 1349991, "unexercisedValue": 0}, {"maxAge": 1, "name": "Mr. Jeff L. Fleming", "age": 60, "title": "Exec. VP, Chief Accounting Officer & Corp. Controller", "yearBorn": 1962, "exercisedValue": 0, "unexercisedValue": 0}, {"maxAge": 1, "name": "Mr. Charles T. Tuggle Jr.", "age": 73, "title": "Exec. VP & Gen. Counsel", "yearBorn": 1949, "fiscalYear": 2018, "exercisedValue": 0, "unexercisedValue": 0}, {"maxAge": 1, "name": "Ms. Elizabeth A. Ardoin", "age": 53, "title": "Sr. EVP & Chief of Communications Officer", "yearBorn": 1969, "exercisedValue": 0, "unexercisedValue": 0}, {"maxAge": 1, "name": "Ms. Erin  Pryor", "title": "Exec. VP & Chief Marketing Officer", "exercisedValue": 0, "unexercisedValue": 0}], "auditRisk": 1, "boardRisk": 3, "compensationRisk": 1, "shareHolderRightsRisk": 1, "overallRisk": 1, "governanceEpochDate": "2023-04-30 20:00:00", "compensationAsOfEpochDate": "2022-12-30 19:00:00", "maxAge": 86400, "latitude": 35.14408800059188, "longitude": -90.05086503459647}