{"address1": "250 Park Avenue", "address2": "Suite 911", "city": "New York", "state": "NY", "zip": "10177", "country": "United States", "phone": "212 213 0243", "website": "https://focus-impact.com/spac", "industry": "Shell Companies", "industryDisp": "Shell Companies", "sector": "Financial Services", "longBusinessSummary": "Focus Impact Acquisition Corp. does not have significant operations. It intends to effect a merger, capital stock exchange, asset acquisition, stock purchase, reorganization, or other similar business combination with one or more businesses in the education technology, technology-enabled manufacturing and services, and financial and healthcare technology sectors. The company was incorporated in 2021 and is based in New York, New York.", "companyOfficers": [{"maxAge": 1, "name": "Mr. Carl M. Stanton CPA", "age": 52, "title": "Chief Exec. Officer", "yearBorn": 1970, "exercisedValue": 0, "unexercisedValue": 0}, {"maxAge": 1, "name": "Mr. Ernest D. Lyles II", "age": 42, "title": "Chief Financial Officer", "yearBorn": 1980, "exercisedValue": 0, "unexercisedValue": 0}, {"maxAge": 1, "name": "Mr. Wray T. Thorn", "age": 50, "title": "Chief Investment Officer", "yearBorn": 1972, "exercisedValue": 0, "unexercisedValue": 0}], "maxAge": 86400, "latitude": 40.75481469252464, "longitude": -73.97589469601397}