{"address1": "401 North 31st Street", "city": "Billings", "state": "MT", "zip": "59101", "country": "United States", "phone": "406 255 5311", "website": "https://www.fibk.com", "industry": "Banks\u2014Regional", "industryDisp": "Banks\u2014Regional", "sector": "Financial Services", "longBusinessSummary": "First Interstate BancSystem, Inc. operates as the bank holding company for First Interstate Bank that provides range of banking products and services in the United States. It offers various traditional depository products, including checking, savings, and time deposits; and repurchase agreements primarily for commercial and municipal depositors. The company also offers real estate loans comprising commercial real estate, construction, residential, agricultural, and other real estate loans; consumer loans comprising direct personal loans, credit card loans and lines of credit, and indirect loans; variable and fixed rate commercial loans for small and medium-sized manufacturing, wholesale, retail, and service businesses for working capital needs and business expansions; and agricultural loans. In addition, it provides a range of trust, employee benefit, investment management, insurance, agency, and custodial services to individuals, businesses, and nonprofit organizations. Further, the company offers marketing, credit review, loan servicing, credit cards issuance and servicing, mortgage loan sales and servicing, indirect consumer loan purchasing and processing, loan collection services, other operational, and specialized staff support services, as well as online and mobile banking services. It serves individuals, businesses, municipalities, and other entities in various industries, including agriculture, construction, education, governmental services, healthcare, hospitality, housing, professional services, real estate development, retail, technology, tourism, and wholesale trade. First Interstate BancSystem, Inc. was incorporated in 1971 and is headquartered in Billings, Montana.", "fullTimeEmployees": 3783, "companyOfficers": [{"maxAge": 1, "name": "Mr. Kevin P. Riley", "age": 62, "title": "Pres, CEO & Director", "yearBorn": 1960, "fiscalYear": 2022, "totalPay": 2760404, "exercisedValue": 0, "unexercisedValue": 0}, {"maxAge": 1, "name": "Ms. Marcy D. Mutch", "age": 63, "title": "Exec. VP & CFO", "yearBorn": 1959, "fiscalYear": 2022, "totalPay": 1142748, "exercisedValue": 0, "unexercisedValue": 0}, {"maxAge": 1, "name": "Mr. Scott Edward Erkonen", "age": 49, "title": "Exec. VP & Chief Information Officer", "yearBorn": 1973, "fiscalYear": 2022, "totalPay": 602293, "exercisedValue": 0, "unexercisedValue": 0}, {"maxAge": 1, "name": "Mr. Kirk D. Jensen Esq.", "age": 52, "title": "Exec. VP, Gen. Counsel & Corp. Sec.", "yearBorn": 1970, "fiscalYear": 2022, "totalPay": 784219, "exercisedValue": 0, "unexercisedValue": 0}, {"maxAge": 1, "name": "Ms. Karlyn M. Knieriem", "age": 54, "title": "Exec. VP & Chief Risk Officer", "yearBorn": 1968, "fiscalYear": 2022, "totalPay": 670039, "exercisedValue": 0, "unexercisedValue": 0}, {"maxAge": 1, "name": "Ms. Kristina R. Robbins", "age": 53, "title": "Sr. VP & COO", "yearBorn": 1969, "exercisedValue": 0, "unexercisedValue": 0}, {"maxAge": 1, "name": "Brittany  Cremer", "title": "PR & Communications Mang.", "exercisedValue": 0, "unexercisedValue": 0}, {"maxAge": 1, "name": "Ms. Rachel B. Turitto", "title": "Sr. VP & Chief HR Officer", "exercisedValue": 0, "unexercisedValue": 0}, {"maxAge": 1, "name": "Mr. David C. Redmond", "title": "Sr. VP & Chief of Staff", "exercisedValue": 0, "unexercisedValue": 0}, {"maxAge": 1, "name": "Mr. Michael  Lugli", "title": "Chief Credit Officer", "exercisedValue": 0, "unexercisedValue": 0}], "auditRisk": 4, "boardRisk": 1, "compensationRisk": 8, "shareHolderRightsRisk": 4, "overallRisk": 4, "governanceEpochDate": "2023-04-30 20:00:00", "compensationAsOfEpochDate": "2022-12-30 19:00:00", "maxAge": 86400, "latitude": 45.78351568699978, "longitude": -108.51227290393425}