{"address1": "Tatnall Building", "address2": "Suite 104 3411 Silverside Road", "city": "Wilmington", "state": "DE", "zip": "19810", "country": "United States", "phone": "302 351 3367", "industry": "Shell Companies", "industryDisp": "Shell Companies", "sector": "Financial Services", "longBusinessSummary": "Frontier Investment Corp does not have significant operations. The company focuses on effecting a merger, capital stock exchange, asset acquisition, stock purchase, reorganization, or related business combination with one or more businesses. It intends to search in the technology, digital media, e-commerce, financial technology, and digital services sectors in the Middle East, North Africa, Turkey, Sub-Saharan Africa, and South and Southeast Asia. The company was incorporated in 2021 and is based in Wilmington, Delaware.", "companyOfficers": [{"maxAge": 1, "name": "Mr. Asar  Mashkoor", "age": 49, "title": "CEO & Chairman", "yearBorn": 1973, "exercisedValue": 0, "unexercisedValue": 0}, {"maxAge": 1, "name": "Mr. Arif Ahmedbhai Mansuri", "age": 51, "title": "Chief Financial Officer", "yearBorn": 1971, "exercisedValue": 0, "unexercisedValue": 0}], "maxAge": 86400, "latitude": 39.80836500000004, "longitude": -75.48820499999994}