{"address1": "Building G1", "address2": "No. 999 Dangui Road Pudong New District", "city": "Shanghai", "zip": "201203", "country": "China", "phone": "86 21 8030 3200", "website": "https://ir.finvgroup.com", "industry": "Credit Services", "industryDisp": "Credit Services", "sector": "Financial Services", "longBusinessSummary": "FinVolution Group operates a fintech platform that connects underserved individual borrowers with financial institutions in China and internationally. It operates in online consumer finance industry. The company's platform is empowered by proprietary technologies, features automated loan transaction process, which enables a user experience. As of December 31, 2022, it had approximately 159.4 million cumulative registered users. The company was formerly known as PPDAI Group Inc. and changed its name to FinVolution Group in November 2019. FinVolution Group was founded in 2007 and is headquartered in Shanghai, the People's Republic of China.", "fullTimeEmployees": 4144, "companyOfficers": [{"maxAge": 1, "name": "Mr. Shaofeng  Gu", "age": 44, "title": "Chairman & Chief Innovation Officer", "yearBorn": 1978, "exercisedValue": 0, "unexercisedValue": 0}, {"maxAge": 1, "name": "Mr. Tiezheng  Li", "age": 37, "title": "Co-Founder, CEO, Pres & Vice Chairman", "yearBorn": 1985, "exercisedValue": 0, "unexercisedValue": 0}, {"maxAge": 1, "name": "Mr. Jun  Zhang", "age": 45, "title": "Co-Founder & Director", "yearBorn": 1977, "exercisedValue": 0, "unexercisedValue": 0}, {"maxAge": 1, "name": "Mr. Jiayuan  Xu", "age": 41, "title": "Chief Financial Officer", "yearBorn": 1981, "exercisedValue": 0, "unexercisedValue": 0}, {"maxAge": 1, "name": "Mr. Yuxiang  Wang", "age": 42, "title": "CTO & COO", "yearBorn": 1980, "exercisedValue": 0, "unexercisedValue": 0}, {"maxAge": 1, "name": "Jimmy  Tan", "title": "Head of Investor Relations", "exercisedValue": 0, "unexercisedValue": 0}, {"maxAge": 1, "name": "Mr. Honghui  Hu", "age": 45, "title": "Compliance Officer & Director", "yearBorn": 1977, "exercisedValue": 0, "unexercisedValue": 0}], "maxAge": 86400, "latitude": 31.22222000000005, "longitude": 121.45806000000005}