{"address1": "756 East Winchester Street", "address2": "Suite 100", "city": "Murray", "state": "UT", "zip": "84107", "country": "United States", "phone": "801 501 7200", "website": "https://www.finwisebancorp.com", "industry": "Banks\u2014Regional", "industryDisp": "Banks\u2014Regional", "sector": "Financial Services", "longBusinessSummary": "FinWise Bancorp operates as the bank holding company for FinWise Bank that provides various banking products and services to individual and corporate customers. It offers various deposit products, including interest and noninterest bearing demand, NOW, money market, and checking and savings accounts, as well as time deposits and certificates of deposits. The company also provides small business administration, residential and commercial real estate, consumer, and commercial non-real estate loans. In addition, it offers debit cards, remote deposit capture, online banking, mobile banking, and direct deposit services; and cash management and treasury services. The company operates a full-service banking location in Sandy, Utah. FinWise Bancorp was founded in 1999 and is headquartered in Murray, Utah.", "fullTimeEmployees": 140, "companyOfficers": [{"maxAge": 1, "name": "Mr. Kent R. Landvatter", "age": 67, "title": "CEO, Pres & Chairman", "yearBorn": 1955, "fiscalYear": 2022, "totalPay": 950682, "exercisedValue": 0, "unexercisedValue": 801828}, {"maxAge": 1, "name": "Mr. Javvis O. Jacobson", "age": 50, "title": "Exec. VP & CFO", "yearBorn": 1972, "fiscalYear": 2022, "totalPay": 496261, "exercisedValue": 0, "unexercisedValue": 620372}, {"maxAge": 1, "name": "Mr. James F. Noone", "age": 43, "title": "Pres, Chief Credit & Chief Strategy Officer of FinWise Bank", "yearBorn": 1979, "fiscalYear": 2022, "totalPay": 1383799, "exercisedValue": 0, "unexercisedValue": 532059}, {"maxAge": 1, "name": "Mr. David  Tilis", "age": 38, "title": "Consultant", "yearBorn": 1984, "fiscalYear": 2022, "totalPay": 4464353, "exercisedValue": 0, "unexercisedValue": 0}, {"maxAge": 1, "name": "Mr. Michael Christopher O'Brien", "age": 50, "title": "EVP, Chief Compliance & Risk Officer, Corp. Counsel and Corp. Sec.", "yearBorn": 1972, "exercisedValue": 0, "unexercisedValue": 0}, {"maxAge": 1, "name": "Ms. Dawn M. Cannon", "age": 44, "title": "COO & Exec. VP of FinWise Bank", "yearBorn": 1978, "exercisedValue": 0, "unexercisedValue": 0}], "compensationAsOfEpochDate": "2022-12-30 19:00:00", "maxAge": 86400, "latitude": 40.63081748812962, "longitude": -111.87101801478818}