{"address1": "220 Liberty Street", "city": "Warsaw", "state": "NY", "zip": "14569", "country": "United States", "phone": "585 786 1100", "website": "https://www.fiiwarsaw.com", "industry": "Banks\u2014Regional", "industryDisp": "Banks\u2014Regional", "sector": "Financial Services", "longBusinessSummary": "Financial Institutions, Inc. operates as a holding company for the Five Star Bank, a chartered bank that provides banking and financial services to individuals, municipalities, and businesses in New York. The company offers checking and savings account programs, including money market accounts, certificates of deposit, sweep investments, and individual retirement and other qualified plan accounts, as well as NOW accounts. Its loan products include term loans and lines of credit; short and medium-term commercial loans for working capital, business expansion, and purchase of equipment; commercial business loans to the agricultural industry; commercial mortgage loans; one-to-four family residential mortgage loans, home improvement loans, closed-end home equity loans, and home equity lines of credit; and consumer loans, such as automobile, secured installment, and personal loans. The company also provides personal insurance products, including automobile, homeowners, boat, recreational vehicle, landlord, and umbrella coverage; commercial insurance comprising property, liability, automobile, inland marine, workers compensation, bonds, crop, and umbrella insurance products; and financial services, such as life and disability insurance, medicare supplements, long-term care, annuities, mutual funds, and retirement programs. In addition, it offers customized investment advisory, wealth management, investment consulting, and retirement plan services, as well as operates a real estate investment trust that holds residential mortgages and commercial real estate loans. Financial Institutions, Inc. was founded in 1817 and is headquartered in Warsaw, New York.", "fullTimeEmployees": 672, "companyOfficers": [{"maxAge": 1, "name": "Mr. Martin K. Birmingham", "age": 56, "title": "Pres, CEO & Director", "yearBorn": 1966, "fiscalYear": 2022, "totalPay": 1117580, "exercisedValue": 0, "unexercisedValue": 0}, {"maxAge": 1, "name": "Mr. William Jack Plants II", "age": 38, "title": "Exec. VP, CFO & Treasurer", "yearBorn": 1984, "fiscalYear": 2022, "totalPay": 419703, "exercisedValue": 0, "unexercisedValue": 0}, {"maxAge": 1, "name": "Mr. Sean M. Willett", "age": 50, "title": "Exec. VP & Chief Admin. Officer", "yearBorn": 1972, "fiscalYear": 2022, "totalPay": 491629, "exercisedValue": 0, "unexercisedValue": 0}, {"maxAge": 1, "name": "Mr. Justin K. Bigham", "age": 48, "title": "Exec. VP & Chief Community Banking Officer", "yearBorn": 1974, "fiscalYear": 2022, "totalPay": 512466, "exercisedValue": 0, "unexercisedValue": 0}, {"maxAge": 1, "name": "Mr. Kevin B. Quinn", "age": 58, "title": "Sr. VP & Chief Commercial Banking Officer", "yearBorn": 1964, "fiscalYear": 2022, "totalPay": 410576, "exercisedValue": 0, "unexercisedValue": 0}, {"maxAge": 1, "name": "Ms. Sonia Marie Dumbleton", "age": 60, "title": "Sr. VP, Controller & Principal Accounting Officer", "yearBorn": 1962, "exercisedValue": 0, "unexercisedValue": 0}, {"maxAge": 1, "name": "Ms. Kate  Croft", "title": "Director of Investor & External Relations", "exercisedValue": 0, "unexercisedValue": 0}, {"maxAge": 1, "name": "Mr. Samuel J. Burruano Jr.", "age": 53, "title": "Exec. VP, Chief Legal Officer & Corp. Sec.", "yearBorn": 1969, "fiscalYear": 2021, "exercisedValue": 0, "unexercisedValue": 0}, {"maxAge": 1, "name": "Mr. Michael David Grover CPA", "age": 50, "title": "Sr. VP, Director of Financial Planning & Analysis and Tax", "yearBorn": 1972, "exercisedValue": 0, "unexercisedValue": 0}, {"maxAge": 1, "name": "Mr. Craig J. Burton", "age": 64, "title": "Sr. VP, Commercial Real Estate Exec. & Finger Lakes/Southern Tier NY Regional Pres", "yearBorn": 1958, "fiscalYear": 2020, "exercisedValue": 0, "unexercisedValue": 0}], "auditRisk": 4, "boardRisk": 1, "compensationRisk": 1, "shareHolderRightsRisk": 5, "overallRisk": 2, "governanceEpochDate": "2023-04-30 20:00:00", "compensationAsOfEpochDate": "2022-12-30 19:00:00", "maxAge": 86400, "latitude": 42.731967956168575, "longitude": -78.13619720662767}