{"address1": "38 Fountain Square Plaza", "city": "Cincinnati", "state": "OH", "zip": "45263", "country": "United States", "phone": "800 972 3030", "website": "https://www.53.com", "industry": "Banks\u2014Regional", "industryDisp": "Banks\u2014Regional", "sector": "Financial Services", "longBusinessSummary": "Fifth Third Bancorp operates as a diversified financial services company in the United States. It operates through three segments: Commercial Banking, Consumer and Small Business Banking, and Wealth and Asset Management. The company's Commercial Banking segment offers credit intermediation, cash management, and financial services; lending and depository products; and cash management, foreign exchange and international trade finance, derivatives and capital markets services, asset-based lending, real estate finance, public finance, commercial leasing, and syndicated finance for business, government, and professional customers. The company's Consumer and Small Banking segment provides a range of deposit and loan products to individuals and small businesses; home equity loans and lines of credit; credit cards; and cash management services. This segment also engages in the residential mortgage that include origination, retention and servicing of residential mortgage loans, sales and securitizations of loans, and hedging activities; indirect lending, including extending loans to consumers through automobile dealers, motorcycle dealers, powersport dealers, recreational vehicle dealers, and marine dealers; and home improvement and solar energy installation loans through contractors and installers. Fifth Third Bancorp's Wealth & Asset Management segment provides various wealth management services for individuals, companies, and not-for-profit organizations. It offers retail brokerage services to individual clients; and broker dealer services to the institutional marketplace. This segment also provides wealth planning, investment management, banking, insurance, and trust and estate services; and advisory services for institutional clients comprising middle market businesses, non-profits, states, and municipalities. Fifth Third Bancorp was founded in 1858 and is headquartered in Cincinnati, Ohio.", "fullTimeEmployees": 19474, "companyOfficers": [{"maxAge": 1, "name": "Mr. Timothy N. Spence", "age": 43, "title": "CEO, Pres & Director", "yearBorn": 1979, "fiscalYear": 2022, "totalPay": 2701172, "exercisedValue": 0, "unexercisedValue": 1144953}, {"maxAge": 1, "name": "Mr. James C. Leonard CPA", "age": 52, "title": "Exec. VP & CFO", "yearBorn": 1970, "fiscalYear": 2022, "totalPay": 1661597, "exercisedValue": 0, "unexercisedValue": 209436}, {"maxAge": 1, "name": "Mr. Robert P. Shaffer", "age": 52, "title": "Exec. VP & Chief Risk Officer", "yearBorn": 1970, "fiscalYear": 2022, "totalPay": 1400220, "exercisedValue": 631584, "unexercisedValue": 736978}, {"maxAge": 1, "name": "Mr. Kevin Patrick Lavender", "age": 60, "title": "Exec. VP & Head of Commercial Banking", "yearBorn": 1962, "fiscalYear": 2022, "totalPay": 1222364, "exercisedValue": 0, "unexercisedValue": 135013}, {"maxAge": 1, "name": "Mr. Howard  Hammond", "age": 56, "title": "Exec. VP & Head of Consumer Bank", "yearBorn": 1966, "fiscalYear": 2022, "totalPay": 1186864, "exercisedValue": 0, "unexercisedValue": 43850}, {"maxAge": 1, "name": "Mr. Mark D. Hazel", "age": 56, "title": "Exec. VP, Controller & Principal Accounting Officer", "yearBorn": 1966, "exercisedValue": 0, "unexercisedValue": 0}, {"maxAge": 1, "name": "Mr. Rob  Schipper", "title": "Head of Investment Banking & MD", "exercisedValue": 0, "unexercisedValue": 0}, {"maxAge": 1, "name": "Mr. Jude A. Schramm", "age": 49, "title": "Exec. VP & Chief Information Officer", "yearBorn": 1973, "exercisedValue": 0, "unexercisedValue": 0}, {"maxAge": 1, "name": "Mr. Christopher  Doll", "title": "Director of Investor Relations", "exercisedValue": 0, "unexercisedValue": 0}, {"maxAge": 1, "name": "Ms. Susan B. Zaunbrecher J.D.", "age": 62, "title": "Exec. VP & Chief legal Officer", "yearBorn": 1960, "exercisedValue": 0, "unexercisedValue": 0}], "auditRisk": 5, "boardRisk": 3, "compensationRisk": 3, "shareHolderRightsRisk": 10, "overallRisk": 7, "governanceEpochDate": "2023-04-30 20:00:00", "compensationAsOfEpochDate": "2022-12-30 19:00:00", "maxAge": 86400, "latitude": 39.10209899726422, "longitude": -84.51223702380072}