{"address1": "11110 Sunset Hills Road", "address2": "Suite 2278", "city": "Reston", "state": "VA", "zip": "20190", "country": "United States", "phone": "202 503 9255", "website": "https://firstlightacquisition.com", "industry": "Shell Companies", "industryDisp": "Shell Companies", "sector": "Financial Services", "longBusinessSummary": "First Light Acquisition Group, Inc. does not have significant operations. It intends to effect a merger, capital stock exchange, asset acquisition, stock purchase, reorganization, or similar business combination with one or more businesses or entities. The company was incorporated in 2021 and is headquartered in Reston, Virginia.", "companyOfficers": [{"maxAge": 1, "name": "Mr. Thomas A. Vecchiolla", "age": 66, "title": "CEO, Operating Partner & Chairman", "yearBorn": 1956, "exercisedValue": 0, "unexercisedValue": 0}, {"maxAge": 1, "name": "Mr. Michael J. Alber", "age": 64, "title": "Operating Partner, CFO & Company Sec.", "yearBorn": 1958, "exercisedValue": 0, "unexercisedValue": 0}], "maxAge": 86400, "latitude": 38.94719951697286, "longitude": -77.32970882871601}