{"address1": "Building A", "address2": "48 Bridge Street", "city": "Metuchen", "state": "NJ", "zip": "08840", "country": "United States", "phone": "909 214 2482", "industry": "Shell Companies", "industryDisp": "Shell Companies", "sector": "Financial Services", "longBusinessSummary": "Feutune Light Acquisition Corporation does not have significant operations. It intends to effect a merger, capital stock exchange, asset acquisition, stock purchase, reorganization, or related business combination with one or more businesses. The company was incorporated in 2022 and is based in Metuchen, New Jersey.", "companyOfficers": [{"maxAge": 1, "name": "Dr. Lei  Xu", "age": 44, "title": "Chairwoman & Pres", "yearBorn": 1978, "exercisedValue": 0, "unexercisedValue": 0}, {"maxAge": 1, "name": "Mr. Xuedong  Tian C.F.A.", "age": 49, "title": "CEO & Director", "yearBorn": 1973, "exercisedValue": 0, "unexercisedValue": 0}, {"maxAge": 1, "name": "Ms. Yuanmei  Ma", "age": 50, "title": "Chief Financial Officer", "yearBorn": 1972, "exercisedValue": 0, "unexercisedValue": 0}, {"maxAge": 1, "name": "Ms. De  Mi", "title": "Sec.", "exercisedValue": 0, "unexercisedValue": 0}], "maxAge": 86400, "latitude": 40.54788000000008, "longitude": -74.35319999999996}