{"address1": "275 Broadhollow Road", "city": "Melville", "state": "NY", "zip": "11747", "country": "United States", "phone": "516 671 4900", "fax": "516 454 8601", "website": "https://www.fnbli.com", "industry": "Banks\u2014Regional", "industryDisp": "Banks\u2014Regional", "sector": "Financial Services", "longBusinessSummary": "The First of Long Island Corporation operates as the holding company for The First National Bank of Long Island that provides financial services to small and medium-sized businesses, professionals, consumers, municipalities, and other organizations. The company offers business and small business checking, personal checking, negotiable order of withdrawal, interest on lawyer, escrow service, rent security, personal and nonpersonal money market, savings, time deposit, holiday club, and individual retirement accounts. It also provides commercial and residential mortgage, commercial and industrial, small business credit scored, Small Business Administration, construction and land development, consumer, and home equity lines/loans, as well as standby letters of credit; debit or credit cards; and overdraft facilities. In addition, the company offers life insurance, investment management, trust, estate and custody, retail investment, bill payment, lockbox, ACH, safe deposit box rental, wire transfer, money order, checkbook printing, check, ATM, and online and mobile banking services. The First of Long Island Corporation was founded in 1927 and is headquartered in Melville, New York.", "fullTimeEmployees": 303, "companyOfficers": [{"maxAge": 1, "name": "Mr. Christopher D. Becker", "age": 56, "title": "Pres, CEO & Director", "yearBorn": 1966, "fiscalYear": 2022, "totalPay": 998885, "exercisedValue": 0, "unexercisedValue": 0}, {"maxAge": 1, "name": "Mr. Jay P. McConie CPA", "age": 53, "title": "Exec. VP, Treasurer & CFO", "yearBorn": 1969, "fiscalYear": 2022, "totalPay": 512290, "exercisedValue": 0, "unexercisedValue": 0}, {"maxAge": 1, "name": "Ms. Janet T. Verneuille CPA, CPA", "age": 61, "title": "Exec. VP & Chief Risk Officer", "yearBorn": 1961, "fiscalYear": 2022, "totalPay": 498230, "exercisedValue": 0, "unexercisedValue": 0}, {"maxAge": 1, "name": "Mr. Michael J. Spolarich", "age": 53, "title": "Exec. VP & Chief Credit Officer", "yearBorn": 1969, "fiscalYear": 2022, "totalPay": 460386, "exercisedValue": 0, "unexercisedValue": 0}, {"maxAge": 1, "name": "Mr. Christopher J. Hilton DL, FCIArb, MA (Cantab)", "age": 45, "title": "Exec. VP & Chief Lending Officer", "yearBorn": 1977, "fiscalYear": 2022, "totalPay": 497765, "exercisedValue": 0, "unexercisedValue": 0}, {"maxAge": 1, "name": "Mr. William  Aprigliano CPA", "title": "First SVP & Chief Accounting Officer", "exercisedValue": 0, "unexercisedValue": 0}, {"maxAge": 1, "name": "Ms. Susanne  Pheffer", "age": 59, "title": "Exec. VP & Chief Information Officer", "yearBorn": 1963, "fiscalYear": 2021, "exercisedValue": 0, "unexercisedValue": 0}, {"maxAge": 1, "name": "Mr. Tanweer S. Ansari Esq.", "age": 47, "title": "Exec. VP, Internal Counsel & Chief Compliance Officer", "yearBorn": 1975, "exercisedValue": 0, "unexercisedValue": 0}, {"maxAge": 1, "name": "Shannon  Shakespeare", "title": "Sr. VP & Director of HR", "exercisedValue": 0, "unexercisedValue": 0}, {"maxAge": 1, "name": "Mr. Richard P. Perro", "age": 56, "title": "Exec. VP & Chief Retail Officer", "yearBorn": 1966, "fiscalYear": 2020, "exercisedValue": 0, "unexercisedValue": 0}], "auditRisk": 3, "boardRisk": 2, "compensationRisk": 2, "shareHolderRightsRisk": 7, "overallRisk": 3, "governanceEpochDate": "2023-04-30 20:00:00", "compensationAsOfEpochDate": "2022-12-30 19:00:00", "maxAge": 86400, "latitude": 40.78321440181844, "longitude": -73.41685396312589}