{"address1": "700 Milam Street", "address2": "Suite 3300", "city": "Houston", "state": "TX", "zip": "77002", "country": "United States", "phone": "(713) 579-6106", "website": "https://www.flameacq.com", "industry": "Shell Companies", "industryDisp": "Shell Companies", "sector": "Financial Services", "longBusinessSummary": "Flame Acquisition Corp. does not have significant operations. It focuses on effecting into a merger, capital stock exchange, asset acquisition, stock purchase, reorganization, or similar business combination with one or more businesses. The company intends to identify, acquire, and operate a business in the energy industry primarily upstream exploration and production sector, and midstream sector and companies. Flame Acquisition Corp. was incorporated in 2020 and is based in Houston, Texas.", "companyOfficers": [{"maxAge": 1, "name": "Mr. James C. Flores", "age": 63, "title": "Chairman & CEO", "yearBorn": 1959, "exercisedValue": 0, "unexercisedValue": 0}, {"maxAge": 1, "name": "Mr. J. Caldwell Flores", "age": 28, "title": "Pres", "yearBorn": 1994, "exercisedValue": 0, "unexercisedValue": 0}, {"maxAge": 1, "name": "Mr. Gregory D. Patrinely", "age": 36, "title": "Exec. VP & CFO", "yearBorn": 1986, "exercisedValue": 0, "unexercisedValue": 0}, {"maxAge": 1, "name": "Mr. Doss R. Bourgeois", "age": 66, "title": "Exec. VP & COO", "yearBorn": 1956, "exercisedValue": 0, "unexercisedValue": 0}, {"maxAge": 1, "name": "Mr. Anthony  Duenner", "age": 62, "title": "Exec. VP, Gen. Counsel & Sec.", "yearBorn": 1960, "exercisedValue": 0, "unexercisedValue": 0}], "maxAge": 86400, "latitude": 29.760127980150344, "longitude": -95.36561802745128}