{"address1": "307 North Defiance Street", "city": "Archbold", "state": "OH", "zip": "43502", "country": "United States", "phone": "419 446 2501", "website": "https://www.fm.bank", "industry": "Banks\u2014Regional", "industryDisp": "Banks\u2014Regional", "sector": "Financial Services", "longBusinessSummary": "Farmers & Merchants Bancorp, Inc. operates as the bank holding company for The Farmers & Merchants State Bank that provides commercial banking services to individuals and small businesses in northwest Ohio and northeast Indiana. The company offers checking, savings, and time deposit accounts; certificates of deposit; and custodial services for individual retirement and health savings accounts. It also provides commercial, agricultural, and residential mortgage, as well as consumer and credit card lending products; loans for farmland, farm equipment, and livestock; operating loans for seeds, fertilizers, and feeds; home improvement loans; and loans for autos, trucks, recreational vehicles, and motorcycles, as well as home and personal loan. In addition, the company offers commercial real estate loans, such as lines of credit and machinery purchase loans. Further, it provides automated teller machine or interactive teller machine services; and online and mobile banking, remote deposit capture or electronic deposit processing, and merchant credit card services. It also offers electronic transaction origination, such as wire and automated clearing house file transmittal services. Farmers & Merchants Bancorp, Inc. was founded in 1897 and is headquartered in Archbold, Ohio.", "fullTimeEmployees": 431, "companyOfficers": [{"maxAge": 1, "name": "Mr. Lars B. Eller", "age": 55, "title": "Pres, CEO & Director", "yearBorn": 1967, "fiscalYear": 2022, "totalPay": 649419, "exercisedValue": 0, "unexercisedValue": 0}, {"maxAge": 1, "name": "Ms. Barbara J. Britenriker", "age": 60, "title": "Exec. VP, CFO & Chief Retail Banking Officer", "yearBorn": 1962, "fiscalYear": 2010, "exercisedValue": 0, "unexercisedValue": 0}, {"maxAge": 1, "name": "Ms. Benet S. Rupp", "age": 55, "title": "Exec. VP & Chief Admin. Officer", "yearBorn": 1967, "fiscalYear": 2022, "totalPay": 298462, "exercisedValue": 0, "unexercisedValue": 0}, {"maxAge": 1, "name": "Ms. Shalini  Singhal", "age": 46, "title": "Sr. VP & Chief Information Officer", "yearBorn": 1976, "exercisedValue": 0, "unexercisedValue": 0}, {"maxAge": 1, "name": "Ms. Marilyn K. Johnson", "title": "VP and Compliance & CRA Mang.", "exercisedValue": 0, "unexercisedValue": 0}, {"maxAge": 1, "name": "Deborah L. Shinabery", "title": "VP of Sales & Retail Skills Devel. Mang.", "exercisedValue": 0, "unexercisedValue": 0}, {"maxAge": 1, "name": "Ms. Amy L. Cover", "title": "VP & Chief Marketing Officer", "exercisedValue": 0, "unexercisedValue": 0}, {"maxAge": 1, "name": "Ms. Alexis E. Smith", "title": "VP & Chief People Officer", "exercisedValue": 0, "unexercisedValue": 0}, {"maxAge": 1, "name": "Mr. David R. Gerken", "title": "Sr. VP & Sr. Commercial Banking Mang.", "exercisedValue": 0, "unexercisedValue": 0}, {"maxAge": 1, "name": "Mr. Phillip P. Lucas", "title": "Sr. VP & Regional Pres", "exercisedValue": 0, "unexercisedValue": 0}], "auditRisk": 4, "boardRisk": 2, "compensationRisk": 6, "shareHolderRightsRisk": 6, "overallRisk": 5, "governanceEpochDate": "2023-04-30 20:00:00", "compensationAsOfEpochDate": "2022-12-30 19:00:00", "maxAge": 86400, "latitude": 41.52320799954384, "longitude": -84.30668501383936}