{"address1": "1421 Charleston Avenue", "city": "Mattoon", "state": "IL", "zip": "61938", "country": "United States", "phone": "217 234 7454", "website": "https://www.firstmid.com", "industry": "Banks\u2014Regional", "industryDisp": "Banks\u2014Regional", "sector": "Financial Services", "longBusinessSummary": "First Mid Bancshares, Inc., a financial holding company, provides community banking products and services to commercial, retail, and agricultural customers in the United States. It accepts various deposit products, such as demand deposits, savings accounts, money market deposits, and time deposits. The company's loan products include commercial real estate, commercial and industrial, agricultural and agricultural real estate, residential real estate, and consumer loans; and other loans comprising loans to municipalities to support community projects, such as infrastructure improvements or equipment purchases. It also offers wealth management services, which include estate planning, investment, and farm management and brokerage services for individuals; and employee benefit services for business enterprises. In addition, the company provides property and casualty, senior insurance products, and group medical insurance for businesses; and personal lines insurance to individuals. The company was formerly known as First Mid-Illinois Bancshares, Inc. and changed its name to First Mid Bancshares, Inc. in April 2019. First Mid Bancshares, Inc. was founded in 1865 and is headquartered in Mattoon, Illinois.", "fullTimeEmployees": 988, "companyOfficers": [{"maxAge": 1, "name": "Mr. Joseph R. Dively", "age": 63, "title": "Chairman, Pres & CEO", "yearBorn": 1959, "fiscalYear": 2022, "totalPay": 1124277, "exercisedValue": 0, "unexercisedValue": 0}, {"maxAge": 1, "name": "Mr. Matthew K. Smith CPA", "age": 47, "title": "Exec. VP & CFO", "yearBorn": 1975, "fiscalYear": 2022, "totalPay": 482373, "exercisedValue": 0, "unexercisedValue": 0}, {"maxAge": 1, "name": "Mr. Michael L. Taylor", "age": 53, "title": "Sr. EVP & COO", "yearBorn": 1969, "fiscalYear": 2022, "totalPay": 581144, "exercisedValue": 0, "unexercisedValue": 0}, {"maxAge": 1, "name": "Mr. Bradley L. Beesley", "age": 50, "title": "Exec. VP & Chief Wealth Management Officer", "yearBorn": 1972, "fiscalYear": 2022, "totalPay": 601633, "exercisedValue": 0, "unexercisedValue": 0}, {"maxAge": 1, "name": "Mr. Eric S. McRae", "age": 57, "title": "Exec. VP & Chief Lending Officer", "yearBorn": 1965, "fiscalYear": 2022, "totalPay": 567149, "exercisedValue": 0, "unexercisedValue": 0}, {"maxAge": 1, "name": "Mr. David R. Hiden", "age": 59, "title": "Sr. VP & Chief Information Officer", "yearBorn": 1963, "exercisedValue": 0, "unexercisedValue": 0}, {"maxAge": 1, "name": "Mr. Jason M. Crowder", "age": 51, "title": "SVP & Gen. Counsel", "yearBorn": 1971, "exercisedValue": 0, "unexercisedValue": 0}, {"maxAge": 1, "name": "Ms. Rhonda R. Gatons", "age": 50, "title": "Sr. VP & Chief HR Officer", "yearBorn": 1972, "exercisedValue": 0, "unexercisedValue": 0}, {"maxAge": 1, "name": "Ms. Laurel G. Allenbaugh", "age": 62, "title": "Exec. VP & COO", "yearBorn": 1960, "fiscalYear": 2015, "exercisedValue": 0, "unexercisedValue": 0}, {"maxAge": 1, "name": "Ms. Amanda D. Lewis", "age": 42, "title": "Exec. VP & Chief Deposit Services Officer", "yearBorn": 1980, "exercisedValue": 0, "unexercisedValue": 0}], "auditRisk": 5, "boardRisk": 5, "compensationRisk": 2, "shareHolderRightsRisk": 6, "overallRisk": 4, "governanceEpochDate": "2023-04-30 20:00:00", "compensationAsOfEpochDate": "2022-12-30 19:00:00", "maxAge": 86400, "latitude": 39.4811929899646, "longitude": -88.37214098701818}