{"address1": "1615 South Congress Avenue", "address2": "Suite 103", "city": "Delray Beach", "state": "FL", "zip": "33445", "country": "United States", "phone": "212-739-7860", "website": "https://www.forummerger.com", "industry": "Shell Companies", "industryDisp": "Shell Companies", "sector": "Financial Services", "longBusinessSummary": "Forum Merger IV Corporation does not have significant operations. It intends to effect a merger, capital stock exchange, asset acquisition, stock purchase, reorganization, or similar business combination with one or more businesses. Forum Merger IV Corporation was incorporated in 2021 and is based in Delray Beach, Florida.", "companyOfficers": [{"maxAge": 1, "name": "Mr. David  Boris", "age": 61, "title": "Co-CEO, CFO & Director", "yearBorn": 1961, "exercisedValue": 0, "unexercisedValue": 0}, {"maxAge": 1, "name": "Mr. Marshall  Kiev", "age": 54, "title": "Co-CEO, Pres & Director", "yearBorn": 1968, "exercisedValue": 0, "unexercisedValue": 0}], "maxAge": 86400, "latitude": 26.437809991854152, "longitude": -80.0916200317869}