{"address1": "20 South Broad Street", "city": "Canfield", "state": "OH", "zip": "44406", "country": "United States", "phone": "330 533 3341", "website": "https://www.farmersbankgroup.com", "industry": "Banks\u2014Regional", "industryDisp": "Banks\u2014Regional", "sector": "Financial Services", "longBusinessSummary": "Farmers National Banc Corp. operates as a bank holding company for The Farmers National Bank of Canfield engages in the banking, trust, retirement consulting, insurance, and financial management businesses. It offers commercial and retail banking services, including checking, savings, and time deposit accounts; commercial, mortgage and installment, and home equity loans; home equity lines of credit, night depository, safe deposit box, money order, bank check, automated teller machine, Internet banking, travel card, E bond transaction, brokerage, and other services. The company also provides personal and corporate trust services in the areas of estate settlement, trust administration, and employee benefit plans; property and casualty insurance products and services; and various insurance products through licensed representatives, as well as invests in municipal securities. The company was founded in 1887 and is based in Canfield, Ohio.", "fullTimeEmployees": 546, "companyOfficers": [{"maxAge": 1, "name": "Mr. Kevin J. Helmick", "age": 50, "title": "Pres, CEO & Director", "yearBorn": 1972, "fiscalYear": 2022, "totalPay": 895931, "exercisedValue": 0, "unexercisedValue": 0}, {"maxAge": 1, "name": "Mr. Alan Troy Adair", "age": 55, "title": "Exec. VP, CFO, Sec. & Treasurer", "yearBorn": 1967, "fiscalYear": 2022, "totalPay": 404704, "exercisedValue": 0, "unexercisedValue": 0}, {"maxAge": 1, "name": "Mr. James M. Gasior CPA", "age": 62, "title": "Sr. EVP & Corp. Devel. Officer", "yearBorn": 1960, "fiscalYear": 2022, "totalPay": 328760, "exercisedValue": 0, "unexercisedValue": 0}, {"maxAge": 1, "name": "Mr. Mark Joseph Wenick J.D.", "age": 63, "title": "Exec. VP & Chief Wealth Management Officer", "yearBorn": 1959, "fiscalYear": 2022, "totalPay": 393846, "exercisedValue": 0, "unexercisedValue": 0}, {"maxAge": 1, "name": "Mr. Timothy  Carney", "age": 56, "title": "Sr. Exec. VP & Chief Banking Officer", "yearBorn": 1966, "fiscalYear": 2022, "totalPay": 327656, "exercisedValue": 0, "unexercisedValue": 0}, {"maxAge": 1, "name": "Mr. Bryan  Sahli", "title": "Compliance Officer & Banking Officer", "exercisedValue": 0, "unexercisedValue": 0}, {"maxAge": 1, "name": "Mr. Daniel A. Cvercko", "title": "Sr. VP & Brokerage Mang.", "exercisedValue": 0, "unexercisedValue": 0}, {"maxAge": 1, "name": "Mr. Thomas R. Stocksdale", "title": "Sr. VP & Agricultural Lending Mang.", "exercisedValue": 0, "unexercisedValue": 0}, {"maxAge": 1, "name": "Mr. Michael  Mudrak", "title": "Sr. VP & Market Pres- Canton", "exercisedValue": 0, "unexercisedValue": 0}, {"maxAge": 1, "name": "Eric  Eddy", "title": "VP & Chief Audit Exec.", "exercisedValue": 0, "unexercisedValue": 0}], "auditRisk": 3, "boardRisk": 4, "compensationRisk": 1, "shareHolderRightsRisk": 7, "overallRisk": 4, "governanceEpochDate": "2023-04-30 20:00:00", "compensationAsOfEpochDate": "2022-12-30 19:00:00", "maxAge": 86400, "latitude": 41.02406398906561, "longitude": -80.76128296589539}