{"address1": "One North Shore Center", "address2": "12 Federal Street", "city": "Pittsburgh", "state": "PA", "zip": "15212", "country": "United States", "phone": "800 555 5455", "website": "https://www.fnb-online.com", "industry": "Banks\u2014Regional", "industryDisp": "Banks\u2014Regional", "sector": "Financial Services", "longBusinessSummary": "F.N.B. Corporation, a bank and financial holding company, provides a range of financial products and services primarily to consumers, corporations, governments, and small- to medium-sized businesses in the United States. The company operates through three segments: Community Banking, Wealth Management, and Insurance. The Community Banking segment offers commercial banking solutions, including corporate and small business banking, investment real estate financing, business credit, capital market, and lease financing services. It also provides consumer banking products and services, such as deposit products, mortgage lending and consumer lending services, and mobile and online banking services. The Wealth Management segment provides personal and corporate fiduciary services comprising administration of decedent and trust estates; and securities brokerage and investment advisory services, mutual funds, and annuities. The Insurance segment comprises commercial and personal insurance, and reinsurance products, as well as mezzanine financing options for small- to medium-sized businesses. F.N.B. Corporation was founded in 1864 and is headquartered in Pittsburgh, Pennsylvania.", "fullTimeEmployees": 4018, "companyOfficers": [{"maxAge": 1, "name": "Mr. Vincent J. Delie Jr.", "age": 57, "title": "Chairman, Pres & CEO", "yearBorn": 1965, "fiscalYear": 2022, "totalPay": 3606422, "exercisedValue": 0, "unexercisedValue": 0}, {"maxAge": 1, "name": "Mr. Vincent J. Calabrese Jr.", "age": 59, "title": "Chief Financial Officer", "yearBorn": 1963, "fiscalYear": 2022, "totalPay": 1452185, "exercisedValue": 0, "unexercisedValue": 0}, {"maxAge": 1, "name": "Mr. Gary Lee Guerrieri", "age": 62, "title": "Chief Credit Officer", "yearBorn": 1960, "fiscalYear": 2022, "totalPay": 1128475, "exercisedValue": 0, "unexercisedValue": 0}, {"maxAge": 1, "name": "Mr. Barry C. Robinson", "age": 59, "title": "Chief Consumer Banking Officer", "yearBorn": 1963, "fiscalYear": 2022, "totalPay": 948121, "exercisedValue": 0, "unexercisedValue": 0}, {"maxAge": 1, "name": "Mr. David Bryant Mitchell II", "age": 64, "title": "Chief Wholesale Banking Officer", "yearBorn": 1958, "fiscalYear": 2022, "totalPay": 965149, "exercisedValue": 0, "unexercisedValue": 0}, {"maxAge": 1, "name": "Mr. James L. Dutey", "age": 48, "title": "Principal Accounting Officer, Corp. Controller & Sr. VP", "yearBorn": 1974, "exercisedValue": 0, "unexercisedValue": 0}, {"maxAge": 1, "name": "Mr. James G. Orie Esq.", "age": 64, "title": "Chief Legal Officer & Corp. Sec.", "yearBorn": 1958, "fiscalYear": 2006, "exercisedValue": 0, "unexercisedValue": 0}, {"maxAge": 1, "name": "Ms. Barbara R. Cottrell", "title": "Director of Corp. Compliance", "exercisedValue": 0, "unexercisedValue": 0}, {"maxAge": 1, "name": "Ms. Jennifer M. Reel", "title": "Chief Communications Officer", "exercisedValue": 0, "unexercisedValue": 0}, {"maxAge": 1, "name": "Mr. Thomas M. Whitesel", "title": "Chief Risk Officer", "exercisedValue": 0, "unexercisedValue": 0}], "auditRisk": 3, "boardRisk": 5, "compensationRisk": 2, "shareHolderRightsRisk": 3, "overallRisk": 2, "governanceEpochDate": "2023-04-30 20:00:00", "compensationAsOfEpochDate": "2022-12-30 19:00:00", "maxAge": 86400, "latitude": 40.44739801923157, "longitude": -80.00353603623972}