{"address1": "102 East Drinker Street", "city": "Dunmore", "state": "PA", "zip": "18512", "country": "United States", "phone": "(570) 346-7667", "website": "https://www.fncb.com", "industry": "Banks\u2014Regional", "industryDisp": "Banks\u2014Regional", "sector": "Financial Services", "longBusinessSummary": "FNCB Bancorp, Inc. operates as the bank holding company for FNCB Bank that provides retail and commercial banking services to individuals, businesses, local governments, and municipalities in Northeastern Pennsylvania. The company offers checking, savings, money market, and certificate of deposit products. It also provides residential mortgage loans, and home equity term loans and lines of credit; construction, land acquisition, and development loans; commercial real estate loans; commercial and industrial loans, including lines of credit, dealer floor plan lines, equipment loans, vehicle loans, and term loans; consumer loans, such as secured and unsecured installment loans, automobile financing, lines of credit, and overdraft protection loans; state and political subdivision loans and leases; and purchased loans. In addition, the company offers debit cards; mobile and telephone banking, check imaging, and electronic statement services; remote deposit capture, merchant, treasury, and purchasing card services; and wealth management services. The company was formerly known as First National Community Bancorp, Inc. and changed its name to FNCB Bancorp, Inc. in October 2016. FNCB Bancorp, Inc. was founded in 1910 and is headquartered in Dunmore, Pennsylvania.", "fullTimeEmployees": 209, "companyOfficers": [{"maxAge": 1, "name": "Mr. Gerard A. Champi", "age": 61, "title": "Pres, CEO & Director", "yearBorn": 1961, "fiscalYear": 2022, "totalPay": 714816, "exercisedValue": 0, "unexercisedValue": 0}, {"maxAge": 1, "name": "Mr. James M. Bone Jr., CPA, CPA", "age": 60, "title": "Exec. VP, CFO & Treasurer", "yearBorn": 1962, "fiscalYear": 2022, "totalPay": 417031, "exercisedValue": 0, "unexercisedValue": 0}, {"maxAge": 1, "name": "Mr. Joseph A. Coccia Jr.", "age": 68, "title": "Sec. & Director", "yearBorn": 1954, "fiscalYear": 2022, "totalPay": 32500, "exercisedValue": 0, "unexercisedValue": 0}, {"maxAge": 1, "name": "Ms. Amy  Kelley CPA", "title": "Sr. VP & Operations Officer", "exercisedValue": 0, "unexercisedValue": 0}, {"maxAge": 1, "name": "Ms. Stephanie A. Westington CPA, CPA", "age": 57, "title": "Sr. VP & Chief Accounting Officer", "yearBorn": 1965, "exercisedValue": 0, "unexercisedValue": 0}, {"maxAge": 1, "name": "Ms. Dawn D. Gronski", "age": 51, "title": "Sr. VP & HR Officer", "yearBorn": 1971, "exercisedValue": 0, "unexercisedValue": 0}, {"maxAge": 1, "name": "Ms. Donna  Yanuzzi", "title": "Sr. VP & Director of Equipment Fin.", "exercisedValue": 0, "unexercisedValue": 0}, {"maxAge": 1, "name": "Ms. Midge  MacArthur", "title": "VP and Regional Mang.", "exercisedValue": 0, "unexercisedValue": 0}, {"maxAge": 1, "name": "Mr. Brian C. Mahlstedt", "age": 63, "title": "Exec. VP & Chief Lending Officer at FNCB Bank", "yearBorn": 1959, "fiscalYear": 2021, "exercisedValue": 0, "unexercisedValue": 0}], "compensationAsOfEpochDate": "2022-12-30 19:00:00", "maxAge": 86400, "latitude": 41.42152998196963, "longitude": -75.6304249892153}