{"address1": "601 Riverside Avenue", "city": "Jacksonville", "state": "FL", "zip": "32204", "country": "United States", "phone": "904 854 8100", "website": "https://www.fnf.com", "industry": "Insurance\u2014Specialty", "industryDisp": "Insurance\u2014Specialty", "sector": "Financial Services", "longBusinessSummary": "Fidelity National Financial, Inc., together with its subsidiaries, provides various insurance products in the United States. The company operates through Title, F&G, and Corporate and Other segments. It offers title insurance, escrow, and other title related services, including trust activities, trustee sales guarantees, recordings and reconveyances, and home warranty products. The company also provides technology and transaction services to the real estate and mortgage industries; and mortgage transaction services, including title-related services and facilitation of production and management of mortgage loans. In addition, it offers annuity and life insurance products, such as deferred and immediate annuities, as well as indexed universal life insurance products. Further, the company engages in the real estate brokerage business. Fidelity National Financial, Inc. is headquartered in Jacksonville, Florida.", "fullTimeEmployees": 21759, "companyOfficers": [{"maxAge": 1, "name": "Mr. Michael Joseph Nolan", "age": 62, "title": "Chief Exec. Officer", "yearBorn": 1960, "fiscalYear": 2022, "totalPay": 3234163, "exercisedValue": 0, "unexercisedValue": 0}, {"maxAge": 1, "name": "Mr. Raymond Randall Quirk", "age": 75, "title": "Exec. Vice-Chairman", "yearBorn": 1947, "fiscalYear": 2022, "totalPay": 3023473, "exercisedValue": 3346562, "unexercisedValue": 0}, {"maxAge": 1, "name": "Mr. Anthony John Park", "age": 55, "title": "Exec. VP & CFO", "yearBorn": 1967, "fiscalYear": 2022, "totalPay": 1841778, "exercisedValue": 0, "unexercisedValue": 0}, {"maxAge": 1, "name": "Mr. Peter Tadeusz Sadowski", "age": 67, "title": "Exec. VP & Chief Legal Officer", "yearBorn": 1955, "fiscalYear": 2022, "totalPay": 1777549, "exercisedValue": 0, "unexercisedValue": 0}, {"maxAge": 1, "name": "Mr. Roger Scott Jewkes", "age": 63, "title": "Exec. VP", "yearBorn": 1959, "fiscalYear": 2022, "totalPay": 1569317, "exercisedValue": 0, "unexercisedValue": 0}, {"maxAge": 1, "name": "Mr. Michael Louis Gravelle", "age": 60, "title": "Gen. Counsel & Corp. Sec.", "yearBorn": 1962, "fiscalYear": 2022, "totalPay": 1294304, "exercisedValue": 0, "unexercisedValue": 0}, {"maxAge": 1, "name": "Mr. Steven  Day", "title": "Pres of National Agency Operations", "exercisedValue": 0, "unexercisedValue": 0}, {"maxAge": 1, "name": "Mr. John  Crowley", "title": "Chief Information Officer", "exercisedValue": 0, "unexercisedValue": 0}, {"maxAge": 1, "name": "Ms. Lisa  Foxworthy-Parker", "title": "Sr. VP of Investor & External Relations", "exercisedValue": 0, "unexercisedValue": 0}, {"maxAge": 1, "name": "Mr. Paul Ignatius Perez", "age": 67, "title": "Chief Compliance Officer & Deputy Chief Legal Officer", "yearBorn": 1955, "exercisedValue": 0, "unexercisedValue": 0}], "auditRisk": 3, "boardRisk": 8, "compensationRisk": 3, "shareHolderRightsRisk": 1, "overallRisk": 3, "governanceEpochDate": "2023-04-30 20:00:00", "compensationAsOfEpochDate": "2022-12-30 19:00:00", "maxAge": 86400, "latitude": 30.31926198411699, "longitude": -81.67409803796285}