{"address1": "223 Main Street", "city": "Damariscotta", "state": "ME", "zip": "04543", "country": "United States", "phone": "207 563 3195", "website": "https://www.thefirst.com", "industry": "Banks\u2014Regional", "industryDisp": "Banks\u2014Regional", "sector": "Financial Services", "longBusinessSummary": "The First Bancorp, Inc. operates as the holding company for First National Bank that provides a range of banking products and services to individuals and businesses. It also offers various deposit products, including demand, NOW, savings, money market, and certificates of deposit accounts. The company provides commercial real estate loan products, such as mortgage loans to finance investments in real property comprising multi-family residential, commercial/retail, office, industrial, hotel, educational, and other specific or mixed use properties; commercial construction loans to finance construction of owner- and non-owner occupied commercial real estate properties; and other commercial loans, which include revolving and term loan obligations to business and corporate enterprises for the purpose of financing working capital or capital investment. In addition, it offers municipal loans for capitalized expenditures, construction projects, or tax-anticipation notes; residential term loans that include amortizing home mortgages and construction loans, which include loans for owner-occupied residential construction; home equity loans and lines of credit; and consumer loans, which are amortizing loans to individuals collateralized by automobiles, pleasure crafts, and recreation vehicles, as well as unsecured short-term time notes. Further, the company provides private banking, financial planning, investment management, and trust services to individuals, businesses, non-profit organizations, and municipalities, as well as payment processing services. It operates through full-service banking offices in Lincoln, Knox, Waldo, Penobscot, Hancock, and Washington counties in the Mid-Coast, Eastern, and Down East regions of Maine. The company was formerly known as First National Lincoln Corporation and changed its name to The First Bancorp, Inc. in April 2008. The First Bancorp, Inc. was founded in 1864 and is based in Damariscotta, Maine.", "fullTimeEmployees": 273, "companyOfficers": [{"maxAge": 1, "name": "Mr. Tony C. McKim", "age": 55, "title": "Pres, CEO & Director", "yearBorn": 1967, "fiscalYear": 2022, "totalPay": 991253, "exercisedValue": 0, "unexercisedValue": 0}, {"maxAge": 1, "name": "Mr. Richard M. Elder", "age": 57, "title": "Exec. VP, CFO & Treasurer", "yearBorn": 1965, "fiscalYear": 2022, "totalPay": 376048, "exercisedValue": 0, "unexercisedValue": 0}, {"maxAge": 1, "name": "Ms. Susan A. Norton", "age": 62, "title": "Exec. VP & Clerk", "yearBorn": 1960, "fiscalYear": 2022, "totalPay": 389507, "exercisedValue": 0, "unexercisedValue": 0}], "auditRisk": 1, "boardRisk": 8, "compensationRisk": 6, "shareHolderRightsRisk": 2, "overallRisk": 4, "governanceEpochDate": "2023-04-30 20:00:00", "compensationAsOfEpochDate": "2022-12-30 19:00:00", "maxAge": 86400, "latitude": 44.031926288284325, "longitude": -69.5302683066252}