{"address1": "The White House", "address2": "20 Genesis Close", "city": "George Town", "zip": "KY1 1208", "country": "Cayman Islands", "phone": "347-743-4664", "website": "https://www.finnovateacquisition.com", "industry": "Shell Companies", "industryDisp": "Shell Companies", "sector": "Financial Services", "longBusinessSummary": "Finnovate Acquisition Corp. does not have significant operations. The company focuses on effecting a merger, share exchange, asset acquisition, share purchase, recapitalization, reorganization, or other similar business combination with one or more businesses or entities. It intends to focus on the acquisition of Israel-related companies, including companies focused on payments, insuretech, wealthtech, regtech, digital banking, fintech as a service, banking as a service, cyber area for financial institutions, blockchain and crypto, algo-trading and exchanges, and lending and credit line platforms. Finnovate Acquisition Corp. was incorporated in 2021 and is based in George Town, the Cayman Islands.", "companyOfficers": [{"maxAge": 1, "name": "Prof. David  Gershon", "age": 56, "title": "Chairman & CEO", "yearBorn": 1966, "exercisedValue": 0, "unexercisedValue": 0}, {"maxAge": 1, "name": "Mr. Ron Avshalom Golan", "age": 56, "title": "CFO & Director", "yearBorn": 1966, "exercisedValue": 0, "unexercisedValue": 0}, {"maxAge": 1, "name": "Mr. Jonathan  Ophir", "age": 44, "title": "Chief Investment Officer", "yearBorn": 1978, "exercisedValue": 0, "unexercisedValue": 0}], "maxAge": 86400, "latitude": 19.29281590900007, "longitude": -81.36769499999997}