{"address1": "105 West 8th Street", "city": "Port Angeles", "state": "WA", "zip": "98362", "country": "United States", "phone": "360 457 0461", "website": "https://www.ourfirstfed.com", "industry": "Banks\u2014Regional", "industryDisp": "Banks\u2014Regional", "sector": "Financial Services", "longBusinessSummary": "First Northwest Bancorp operates as a bank holding company for First Fed Bank that provides commercial and consumer banking services to individuals, businesses, and nonprofit organizations in western Washington, the United States. The company accepts various deposit instruments, including checking, money market deposit, savings, and transaction accounts, as well as certificates of deposit. It also originates one- to four-family mortgage loans, commercial and multi-family real estate loans, construction and land loans, and commercial business loans, as well as consumer loans primarily consisting of automobile loans, and home-equity loans and lines of credit. First Northwest Bancorp operates branch offices in Clallam, Jefferson, King, Kitsap, and Whatcom Counties, Washington. The company was founded in 1923 and is based in Port Angeles, Washington.", "fullTimeEmployees": 285, "companyOfficers": [{"maxAge": 1, "name": "Mr. Matthew P. Deines", "age": 49, "title": "Pres, CEO & Director", "yearBorn": 1973, "fiscalYear": 2022, "totalPay": 622347, "exercisedValue": 0, "unexercisedValue": 0}, {"maxAge": 1, "name": "Ms. Geraldine L. Bullard", "age": 56, "title": "Exec. VP & CFO", "yearBorn": 1966, "fiscalYear": 2022, "totalPay": 366151, "exercisedValue": 0, "unexercisedValue": 0}, {"maxAge": 1, "name": "Mr. Christopher J. Riffle", "age": 46, "title": "Exec. VP & COO", "yearBorn": 1976, "fiscalYear": 2022, "totalPay": 396808, "exercisedValue": 0, "unexercisedValue": 0}, {"maxAge": 1, "name": "Ms. Allison R. Mahaney", "title": "SVP, Gen. Counsel & Corp. Sec.", "exercisedValue": 0, "unexercisedValue": 0}, {"maxAge": 1, "name": "Mr. Benjamin  Spicer M.B.A., P.H.R.", "title": "VP & HR Mang. - First Federal Savings and Loan Association of Port Angeles", "exercisedValue": 0, "unexercisedValue": 0}], "compensationAsOfEpochDate": "2022-12-30 19:00:00", "maxAge": 86400, "latitude": 48.11342899599737, "longitude": -123.43951500181086}