{"address1": "9204 Columbia Avenue", "city": "Munster", "state": "IN", "zip": "46321", "country": "United States", "phone": "(219) 836-4400", "website": "https://www.ibankpeoples.com", "industry": "Banks\u2014Regional", "industryDisp": "Banks\u2014Regional", "sector": "Financial Services", "longBusinessSummary": "Finward Bancorp operates as the holding company for Peoples Bank that provides various banking products and services. The company's deposit products include non-interest- and interest-bearing demand accounts, savings accounts, money market deposit accounts, certificate accounts, and retirement savings plans. Its loan products portfolio comprises residential mortgage loans that enable borrowers to purchase existing homes, refinance existing homes, or construct new homes; construction loans primarily to individuals and contractors; commercial real estate loans; consumer loans to individuals for personal, household, or family purposes; home equity line of credit; home improvement loans and equity loans; commercial business loans; government loans; and loans to municipalities. The company also offers estate and retirement planning, guardianships, land trusts, profit sharing and 401(k) retirement plans, IRA and Keogh accounts, and investment agency accounts, as well as serves as the personal representative of estates, and acts as trustee for revocable and irrevocable trusts. In addition, it provides insurance and annuity investments to wealth management customers; holds real estate properties; and operates as a real estate investment trust. The company was formerly known as NorthWest Indiana Bancorp and changed its name to Finward Bancorp in May 2021. Finward Bancorp was founded in 1916 and is headquartered in Munster, Indiana.", "fullTimeEmployees": 281, "companyOfficers": [{"maxAge": 1, "name": "Mr. David A. Bochnowski", "age": 76, "title": "Exec. Chairman", "yearBorn": 1946, "fiscalYear": 2022, "totalPay": 210660, "exercisedValue": 0, "unexercisedValue": 0}, {"maxAge": 1, "name": "Mr. Benjamin J. Bochnowski", "age": 41, "title": "Pres, CEO & Director", "yearBorn": 1981, "fiscalYear": 2022, "totalPay": 447840, "exercisedValue": 0, "unexercisedValue": 0}, {"maxAge": 1, "name": "Mr. Peymon S. Torabi", "age": 45, "title": "Exec. VP, CFO & Treasurer", "yearBorn": 1977, "fiscalYear": 2022, "totalPay": 245139, "exercisedValue": 0, "unexercisedValue": 0}, {"maxAge": 1, "name": "Mr. Robert T. Lowry", "age": 60, "title": "Exec. VP & COO", "yearBorn": 1962, "fiscalYear": 2022, "totalPay": 286209, "exercisedValue": 0, "unexercisedValue": 0}, {"maxAge": 1, "name": "Mr. Todd M. Scheub", "age": 54, "title": "Exec. VP & Chief Revenue Officer", "yearBorn": 1968, "fiscalYear": 2022, "totalPay": 305372, "exercisedValue": 0, "unexercisedValue": 0}, {"maxAge": 1, "name": "Ms. Tanya A. Leetz", "age": 52, "title": "Exec. VP and Chief Information & Technology Officer", "yearBorn": 1970, "exercisedValue": 0, "unexercisedValue": 0}, {"maxAge": 1, "name": "Ms. Lynette M. Klemm", "title": "Interim Chief Risk Officer", "exercisedValue": 0, "unexercisedValue": 0}, {"maxAge": 1, "name": "Mr. John J. Diederich", "age": 69, "title": "Exec. Advisor", "yearBorn": 1953, "fiscalYear": 2016, "exercisedValue": 0, "unexercisedValue": 0}], "compensationAsOfEpochDate": "2022-12-30 19:00:00", "maxAge": 86400, "latitude": 41.546108993490265, "longitude": -87.50723603531124}