{"address1": "5830 Granite Parkway", "address2": "Suite 400", "city": "Plano", "state": "TX", "zip": "75024", "country": "United States", "phone": "877-202-2666", "website": "https://www.financeofamerica.com", "industry": "Credit Services", "industryDisp": "Credit Services", "sector": "Financial Services", "longBusinessSummary": "Finance of America Companies Inc. operates a consumer lending platform in the United States. The company operates through five segments: Mortgage Originations, Reverse Originations, Commercial Originations, Lender Services, and Portfolio Management segments. It provides residential mortgage loans to the government sponsored entities; government-insured agricultural lending solutions to farmers; product development, loan securitization, loan sales, risk management, asset management, and servicing oversight services to enterprise and third-party funds; and ancillary business services, title agency and title insurance services, mortgage servicing rights valuation and trade brokerage, transactional fulfillment services, mortgage loan third party review or due diligence services, and appraisal management services to residential mortgage, student lending, and commercial lending industry customers. The company was founded in 2013 and is headquartered in Plano, Texas.", "fullTimeEmployees": 2312, "companyOfficers": [{"maxAge": 1, "name": "Mr. Brian L. Libman", "age": 56, "title": "Founder & Chairman", "yearBorn": 1966, "fiscalYear": 2022, "totalPay": 100000, "exercisedValue": 0, "unexercisedValue": 0}, {"maxAge": 1, "name": "Mr. Graham A. Fleming", "age": 53, "title": "Chief Exec. Officer", "yearBorn": 1969, "fiscalYear": 2022, "totalPay": 1609150, "exercisedValue": 0, "unexercisedValue": 0}, {"maxAge": 1, "name": "Mr. Johan  Gericke", "age": 51, "title": "Exec. VP & CFO", "yearBorn": 1971, "fiscalYear": 2022, "totalPay": 909150, "exercisedValue": 0, "unexercisedValue": 0}, {"maxAge": 1, "name": "Mr. Jeremy E. Prahm", "age": 44, "title": "Chief Investment Officer", "yearBorn": 1978, "fiscalYear": 2022, "totalPay": 1607417, "exercisedValue": 0, "unexercisedValue": 0}, {"maxAge": 1, "name": "Ms. Kristen N. Sieffert", "age": 41, "title": "Pres", "yearBorn": 1981, "exercisedValue": 0, "unexercisedValue": 0}, {"maxAge": 1, "name": "Mr. Tai A. Thornock", "age": 50, "title": "Chief Accounting Officer", "yearBorn": 1972, "fiscalYear": 2021, "exercisedValue": 0, "unexercisedValue": 0}, {"maxAge": 1, "name": "Ms. Christine  Herman", "title": "Chief Technology & Security Officer", "exercisedValue": 0, "unexercisedValue": 0}, {"maxAge": 1, "name": "Ms. Lauren E. Richmond", "age": 34, "title": "Chief Legal Officer, Gen. Counsel & Sec.", "yearBorn": 1988, "exercisedValue": 0, "unexercisedValue": 0}, {"maxAge": 1, "name": "Ms. Carolyn  Frank", "title": "Chief HR Officer", "exercisedValue": 0, "unexercisedValue": 0}, {"maxAge": 1, "name": "Mr. Jason  Rudman", "title": "Chief Customer Officer", "exercisedValue": 0, "unexercisedValue": 0}], "auditRisk": 10, "boardRisk": 9, "compensationRisk": 8, "shareHolderRightsRisk": 7, "overallRisk": 10, "governanceEpochDate": "2023-04-30 20:00:00", "compensationAsOfEpochDate": "2022-12-30 19:00:00", "maxAge": 86400, "latitude": 33.0869630179773, "longitude": -96.82100400180603}