{"address1": "875 Third Avenue", "address2": "28th Floor", "city": "New York", "state": "NY", "zip": "10022", "country": "United States", "phone": "646 519 2456", "website": "https://focusfinancialpartners.com", "industry": "Asset Management", "industryDisp": "Asset Management", "sector": "Financial Services", "longBusinessSummary": "Focus Financial Partners Inc. provides wealth management services to primarily ultra-high and high net worth individuals, families, and business entities. Its wealth management services include investment advice, financial and tax planning, consulting, tax return preparation, family office services, and other services. The company also offers recordkeeping and administration, and outsourced services; recommends financial products; and sells investment or insurance products. The company was founded in 2006 and is headquartered in New York, New York.", "fullTimeEmployees": 5000, "companyOfficers": [{"maxAge": 1, "name": "Mr. Ruediger  Adolf", "age": 59, "title": "Founder, CEO & Chairman", "yearBorn": 1963, "fiscalYear": 2022, "totalPay": 3206657, "exercisedValue": 0, "unexercisedValue": 57910656}, {"maxAge": 1, "name": "Mr. Leonard R. Chang", "age": 47, "title": "Co-Founder, Sr. MD and Head of M&A", "yearBorn": 1975, "fiscalYear": 2022, "totalPay": 1626933, "exercisedValue": 0, "unexercisedValue": 20424260}, {"maxAge": 1, "name": "Ms. Rajini Sundar Kodialam", "age": 54, "title": "Co-Founder, COO & Director", "yearBorn": 1968, "fiscalYear": 2022, "totalPay": 2051698, "exercisedValue": 0, "unexercisedValue": 32826022}, {"maxAge": 1, "name": "Mr. James  Shanahan CPA", "age": 51, "title": "Chief Financial Officer", "yearBorn": 1971, "fiscalYear": 2022, "totalPay": 1581732, "exercisedValue": 0, "unexercisedValue": 23690484}, {"maxAge": 1, "name": "Mr. John Russell McGranahan", "age": 51, "title": "Gen. Counsel & Corp. Sec.", "yearBorn": 1971, "fiscalYear": 2022, "totalPay": 1416332, "exercisedValue": 0, "unexercisedValue": 7291897}, {"maxAge": 1, "name": "Ms. Tina  Madon", "title": "Sr. VP, Head of Investor Relations & Corp. Communications", "exercisedValue": 0, "unexercisedValue": 0}, {"maxAge": 1, "name": "Mr. Eric  Amar", "title": "Managing Director", "exercisedValue": 0, "unexercisedValue": 0}, {"maxAge": 1, "name": "Mr. Travis  Danysh", "title": "Managing Director", "exercisedValue": 0, "unexercisedValue": 0}, {"maxAge": 1, "name": "Mr. Pradeep  Jayaraman", "title": "Managing Director", "exercisedValue": 0, "unexercisedValue": 0}, {"maxAge": 1, "name": "Ms. Sukanya  Kuruganti", "title": "Managing Director", "exercisedValue": 0, "unexercisedValue": 0}], "auditRisk": 3, "boardRisk": 8, "compensationRisk": 9, "shareHolderRightsRisk": 7, "overallRisk": 8, "governanceEpochDate": "2023-04-30 20:00:00", "compensationAsOfEpochDate": "2022-12-30 19:00:00", "maxAge": 86400, "latitude": 40.75711592135818, "longitude": -73.96957241649254}