{"address1": "4546 El Camino Real B10", "address2": "Suite 715", "city": "Los Altos", "state": "CA", "zip": "94022", "country": "United States", "phone": "(650) 720-5626", "website": "https://www.fourleaf.investments.com", "industry": "Shell Companies", "industryDisp": "Shell Companies", "sector": "Financial Services", "longBusinessSummary": "Four Leaf Acquisition Corporation does not have significant operations. The company focuses on effecting a merger, capital stock exchange, asset acquisition, stock purchase, reorganization, or related business combination with one or more businesses. It intends to acquire the Internet of Things business. The company was incorporated in 2022 and is based in Los Altos, California.", "companyOfficers": [{"maxAge": 1, "name": "Mr. Angel  Orrantia", "age": 49, "title": "Founder, CEO & Director", "yearBorn": 1973, "exercisedValue": 0, "unexercisedValue": 0}, {"maxAge": 1, "name": "Ms. Jinwei  Kou", "age": 41, "title": "Chief Financial Officer", "yearBorn": 1981, "exercisedValue": 0, "unexercisedValue": 0}, {"maxAge": 1, "name": "Mr. Robert J.J. de Neve", "age": 62, "title": "Chief Strategy Officer", "yearBorn": 1960, "exercisedValue": 0, "unexercisedValue": 0}], "maxAge": 86400, "latitude": 37.40063899541303, "longitude": -122.11506298841678}