{"address1": "2465 Kuser Road", "city": "Hamilton", "state": "NJ", "zip": "08690", "country": "United States", "phone": "877 821 2265", "website": "https://www.firstbanknj.com", "industry": "Banks\u2014Regional", "industryDisp": "Banks\u2014Regional", "sector": "Financial Services", "longBusinessSummary": "First Bank provides various banking products and services to small to mid-sized businesses and individuals. The company accepts various deposits, including non-interest bearing demand deposits, interest bearing demand accounts, money market accounts, savings accounts, and certificates of deposit, as well as commercial checking accounts. Its loan products include commercial and industrial loans; commercial real estate loans, such as owner-occupied, investor, construction and development, and multi-family loans; residential real estate loans comprising residential mortgages, first and second lien home equity loans, and revolving lines of credit; and consumer and other loans that include auto, personal, traditional installment, and other loans. The company also provides electronic banking services, including Internet and mobile banking, electronic bill payment, and banking by phone; ATM and debit cards, and wire and ACH transfer services; remote deposit capture; and cash management services, as well as engages in the capital markets activities. It operates full-service branches in Cinnaminson, Cranbury, Delanco, Denville, Ewing, Flemington, Hamilton, Lawrence, Monroe, Pennington, Randolph, Somerset, and Williamstown, New Jersey; and Doylestown, Trevose, Warminster, and West Chester, Pennsylvania. First Bank was incorporated in 2007 and is headquartered in Hamilton, New Jersey.", "fullTimeEmployees": 252, "companyOfficers": [{"maxAge": 1, "name": "Mr. Patrick L. Ryan", "age": 46, "title": "Pres, CEO & Director", "yearBorn": 1976, "fiscalYear": 2022, "totalPay": 871687, "exercisedValue": 0, "unexercisedValue": 829066}, {"maxAge": 1, "name": "Mr. Andrew L. Hibshman", "age": 40, "title": "Exec. VP, Treasurer & CFO", "yearBorn": 1982, "fiscalYear": 2022, "totalPay": 357531, "exercisedValue": 0, "unexercisedValue": 47073}, {"maxAge": 1, "name": "Mr. John F. Shepardson", "age": 47, "title": "Exec. VP & COO", "yearBorn": 1975, "fiscalYear": 2022, "totalPay": 344590, "exercisedValue": 0, "unexercisedValue": 10260}, {"maxAge": 1, "name": "Mr. Peter J. Cahill", "age": 65, "title": "Exec. VP & Chief Lending Officer", "yearBorn": 1957, "fiscalYear": 2022, "totalPay": 377451, "exercisedValue": 0, "unexercisedValue": 189266}, {"maxAge": 1, "name": "Mr. Parwinder S. Virk", "title": "First Sr. VP & Chief Accounting Officer", "exercisedValue": 0, "unexercisedValue": 0}, {"maxAge": 1, "name": "Mr. Gabriel K. Dragos", "title": "First Sr. VP & CTO", "exercisedValue": 0, "unexercisedValue": 0}, {"maxAge": 1, "name": "Mr. Michael  Smith", "title": "Sr. VP and Director of Small Bus. & Corp. Devel.", "exercisedValue": 0, "unexercisedValue": 0}, {"maxAge": 1, "name": "Ms. Kimberly  Cerasi", "title": "First Sr. VP & Director of HR", "exercisedValue": 0, "unexercisedValue": 0}, {"maxAge": 1, "name": "Mr. Stephen F. Carman", "age": 65, "title": "First Sr. VP & Sr. Accounting Officer", "yearBorn": 1957, "fiscalYear": 2020, "exercisedValue": 0, "unexercisedValue": 0}, {"maxAge": 1, "name": "Mr. Scott W. Civil", "title": "Sr. VP & Market Exec.", "exercisedValue": 0, "unexercisedValue": 0}], "auditRisk": 5, "boardRisk": 8, "compensationRisk": 2, "shareHolderRightsRisk": 3, "overallRisk": 4, "governanceEpochDate": "2023-04-30 20:00:00", "compensationAsOfEpochDate": "2022-12-30 19:00:00", "maxAge": 86400, "latitude": 40.20370399123229, "longitude": -74.66318496254421}