{"address1": "Two Liberty Place", "address2": "Suite 2400 50 South 16th Street", "city": "Philadelphia", "state": "PA", "zip": "19102-2516", "country": "United States", "phone": "215 735 4422", "website": "https://www.myrepublicbank.com", "industry": "Banks\u2014Regional", "industryDisp": "Banks\u2014Regional", "sector": "Financial Services", "longBusinessSummary": "Republic First Bancorp, Inc. operates as the holding company for Republic First Bank that provides a range of credit and depository banking products and services to individuals and businesses. It accepts consumer and commercial deposit, checking, interest-bearing demand, money market, savings, sweep, and individual retirement accounts, as well as certificates of deposit. The company also offers secured and unsecured commercial, real estate, construction and land development, automobile, and home improvement loans; mortgages, home equity and overdraft lines of credit, and other products; and lockbox services. Republic First Bancorp, Inc. was founded in 1987 and is based in Philadelphia, Pennsylvania.", "fullTimeEmployees": 525, "companyOfficers": [{"maxAge": 1, "name": "Mr. Harry Dillon Madonna Esq.", "age": 79, "title": "Exec. Chairman", "yearBorn": 1943, "fiscalYear": 2021, "totalPay": 510907, "exercisedValue": 0, "unexercisedValue": 51080}, {"maxAge": 1, "name": "Mr. Jay M. Neilon", "age": 68, "title": "Exec. VP & Chief Credit Officer", "yearBorn": 1954, "fiscalYear": 2021, "totalPay": 414581, "exercisedValue": 0, "unexercisedValue": 48530}, {"maxAge": 1, "name": "Ms. Lisa R. Jacobs Esq.", "age": 63, "title": "Corp. Sec. & Director", "yearBorn": 1959, "fiscalYear": 2021, "totalPay": 68750, "exercisedValue": 0, "unexercisedValue": 0}, {"maxAge": 1, "name": "Mr. Thomas X. Geisel", "age": 61, "title": "CEO, Pres & Director", "yearBorn": 1961, "exercisedValue": 0, "unexercisedValue": 0}, {"maxAge": 1, "name": "Mr. Michael William Harrington", "age": 59, "title": "Chief Financial Officer", "yearBorn": 1963, "exercisedValue": 0, "unexercisedValue": 0}, {"maxAge": 1, "name": "Mr. Michael T. LaPlante", "age": 50, "title": "Sr. VP & Chief Accounting Officer", "yearBorn": 1972, "exercisedValue": 0, "unexercisedValue": 0}, {"maxAge": 1, "name": "Mr. John R. Allison IV", "age": 55, "title": "Chief Technology Information Officer", "yearBorn": 1967, "exercisedValue": 0, "unexercisedValue": 0}, {"maxAge": 1, "name": "Ms. Janine  Zangrilli", "title": "Human Resource Mang.", "exercisedValue": 0, "unexercisedValue": 0}, {"maxAge": 1, "name": "Ms. Jennifer  MacMullen", "title": "Sr. VP & Retail Market Mang. - Pennsylvania", "exercisedValue": 0, "unexercisedValue": 0}, {"maxAge": 1, "name": "Mr. Gregory M. LiCalzi Jr.", "title": "Sr. VP & Director of Non-profit and Gov. Banking", "exercisedValue": 0, "unexercisedValue": 0}], "auditRisk": 10, "boardRisk": 9, "compensationRisk": 9, "shareHolderRightsRisk": 7, "overallRisk": 10, "governanceEpochDate": "2023-04-30 20:00:00", "compensationAsOfEpochDate": "2021-12-30 19:00:00", "maxAge": 86400, "latitude": 39.95176900000007, "longitude": -75.16749999999996}