{"address1": "4001 Kennett Pike", "address2": "Suite 302", "city": "Wilmington", "state": "DE", "zip": "19807", "country": "United States", "phone": "(302) 273-0765", "website": "https://forbion.com/en/feac/", "industry": "Shell Companies", "industryDisp": "Shell Companies", "sector": "Financial Services", "longBusinessSummary": "Forbion European Acquisition Corp. does not have significant operations. The company focuses on effecting a merger, share exchange, asset acquisition, share purchase, reorganization, or similar business combination with one or more businesses or entities. It intends to identify opportunities in the life sciences industry in Europe. The company was incorporated in 2021 and is based in Wilmington, Delaware.", "companyOfficers": [{"maxAge": 1, "name": "Dr. Jasper M. Bos Ph.D.", "age": 47, "title": "Chief Exec. Officer", "yearBorn": 1975, "exercisedValue": 0, "unexercisedValue": 0}, {"maxAge": 1, "name": "Mr. Cyril  Lesser L.L.M., M.Sc., MSc.", "age": 45, "title": "CFO & Controller", "yearBorn": 1977, "exercisedValue": 0, "unexercisedValue": 0}], "maxAge": 86400, "latitude": 39.779226980069296, "longitude": -75.5971609873684}