{"address1": "13575 58th Street North", "address2": "Suite 200", "city": "Clearwater", "state": "FL", "zip": "33760", "country": "United States", "phone": "727-440-4603", "industry": "Shell Companies", "industryDisp": "Shell Companies", "sector": "Financial Services", "longBusinessSummary": "Fortune Rise Acquisition Corporation does not have significant operations. It intends to effect a merger, capital stock exchange, asset acquisition, stock purchase, reorganization, or similar business combination with one or more businesses. The company was incorporated in 2021 and is based in Clearwater, Florida.", "companyOfficers": [{"maxAge": 1, "name": "Mr. J. Richard Iler", "age": 69, "title": "Director, Principal Exec. Officer, CFO, Sec., & Treasurer", "yearBorn": 1953, "fiscalYear": 2022, "totalPay": 600000, "exercisedValue": 0, "unexercisedValue": 0}], "compensationAsOfEpochDate": "2022-12-30 19:00:00", "maxAge": 86400, "latitude": 27.89529399848324, "longitude": -82.71163297943382}