{"address1": "200 East Jackson Street", "city": "Muncie", "state": "IN", "zip": "47305-2814", "country": "United States", "phone": "765 747 1500", "website": "https://www.firstmerchants.com", "industry": "Banks\u2014Regional", "industryDisp": "Banks\u2014Regional", "sector": "Financial Services", "longBusinessSummary": "First Merchants Corporation operates as the financial holding company for First Merchants Bank that provides community banking services. The company accepts time, savings, and demand deposits; and provides consumer, commercial, agri-business, public finance, and real estate mortgage loans. It also offers personal and corporate trust; brokerage and private wealth management; and letters of credit, repurchase agreements, and other corporate services. The company operates banking locations in Indiana, Illinois, Ohio, and Michigan counties. It also offers its services through electronic and mobile delivery channels. The company was founded in 1893 and is headquartered in Muncie, Indiana.", "fullTimeEmployees": 2124, "companyOfficers": [{"maxAge": 1, "name": "Mr. Mark K. Hardwick", "age": 51, "title": "CEO & Director", "yearBorn": 1971, "fiscalYear": 2022, "totalPay": 1253950, "exercisedValue": 0, "unexercisedValue": 0}, {"maxAge": 1, "name": "Mr. Michael J. Stewart", "age": 56, "title": "Pres", "yearBorn": 1966, "fiscalYear": 2022, "totalPay": 1072789, "exercisedValue": 0, "unexercisedValue": 0}, {"maxAge": 1, "name": "Ms. Michele M. Kawiecki", "age": 49, "title": "Exec. VP, CFO & Principal Accounting Officer", "yearBorn": 1973, "fiscalYear": 2022, "totalPay": 714935, "exercisedValue": 0, "unexercisedValue": 0}, {"maxAge": 1, "name": "Mr. Stephan H. Fluhler", "age": 53, "title": "Sr. VP & Chief Information Officer", "yearBorn": 1969, "fiscalYear": 2022, "totalPay": 591690, "exercisedValue": 0, "unexercisedValue": 0}, {"maxAge": 1, "name": "Mr. Michael C. Rechin", "age": 63, "title": "Advisor & Director", "yearBorn": 1959, "fiscalYear": 2022, "totalPay": 48156, "exercisedValue": 0, "unexercisedValue": 0}, {"maxAge": 1, "name": "Mr. John J. Martin", "age": 55, "title": "Exec. VP & Chief Credit Officer", "yearBorn": 1967, "fiscalYear": 2022, "totalPay": 691299, "exercisedValue": 0, "unexercisedValue": 0}, {"maxAge": 1, "name": "Mr. Marcos  Nogues C.F.A.", "title": "Chief Investment Officer", "exercisedValue": 0, "unexercisedValue": 0}, {"maxAge": 1, "name": "Ms. Nicole M. Weaver", "title": "VP & Director of Corp. Admin.", "exercisedValue": 0, "unexercisedValue": 0}, {"maxAge": 1, "name": "Mr. Brian T. Hunt", "age": 62, "title": "Sec. & Legal Counsel", "yearBorn": 1960, "exercisedValue": 0, "unexercisedValue": 0}, {"maxAge": 1, "name": "Mr. Steven C. Harris", "age": 58, "title": "Sr. VP & Chief HR Officer", "yearBorn": 1964, "exercisedValue": 0, "unexercisedValue": 0}], "auditRisk": 3, "boardRisk": 8, "compensationRisk": 4, "shareHolderRightsRisk": 9, "overallRisk": 6, "governanceEpochDate": "2023-04-30 20:00:00", "compensationAsOfEpochDate": "2022-12-30 19:00:00", "maxAge": 86400, "latitude": 40.19323998139856, "longitude": -85.38512900722452}