{"address1": "6830 Old Dominion Drive", "city": "McLean", "state": "VA", "zip": "22101", "country": "United States", "phone": "703 893 7400", "website": "https://www.primisbank.com", "industry": "Banks\u2014Regional", "industryDisp": "Banks\u2014Regional", "sector": "Financial Services", "longBusinessSummary": "Primis Financial Corp. operates as the bank holding company for Primis Bank that provides a range of financial services to individuals and small and medium sized businesses in the United States. Its deposit products include checking, NOW, savings, and money market accounts, as well as certificates of deposits. The company also provides commercial business and real estate, construction, secured asset based, small business administration, mortgage warehouse lending products, as well as financing for medical, dental, and veterinary businesses; residential mortgage, trust mortgage, home equity lines of credit, secured and unsecured personal, and consumer loans, as well as life insurance premium financing and demand loans. It also offers cash management services comprising investment/sweep, zero balance, and controlled disbursement accounts; and wire transfer, employer/payroll processing, night depository, depository transfer, merchant, ACH origination, and remote deposit capture services. In addition, the company provides debit cards, ATM services, notary services, and mobile and online banking. It operates full-service branches in Virginia and Maryland. The company was formerly known as Southern National Bancorp of Virginia, Inc. and changed its name to Primis Financial Corp. Primis Financial Corp. was founded in 2004 and is based in McLean, Virginia.", "fullTimeEmployees": 565, "companyOfficers": [{"maxAge": 1, "name": "Mr. Dennis J. Zember Jr.", "age": 52, "title": "Pres, CEO & Director", "yearBorn": 1970, "fiscalYear": 2022, "totalPay": 935075, "exercisedValue": 0, "unexercisedValue": 0}, {"maxAge": 1, "name": "Mr. Matthew Alan Switzer", "age": 44, "title": "Exec. VP & CFO", "yearBorn": 1978, "fiscalYear": 2022, "totalPay": 440761, "exercisedValue": 0, "unexercisedValue": 0}, {"maxAge": 1, "name": "Mr. George  Sheflett Jr.", "age": 51, "title": "Exec. VP, COO & Chief Information Officer", "yearBorn": 1971, "fiscalYear": 2022, "totalPay": 362065, "exercisedValue": 10500, "unexercisedValue": 11905}, {"maxAge": 1, "name": "Ms. Marie Taylor Leibson", "age": 56, "title": "Exec. VP & Chief Credit Officer", "yearBorn": 1966, "fiscalYear": 2022, "totalPay": 337875, "exercisedValue": 0, "unexercisedValue": 7620}, {"maxAge": 1, "name": "Mr. Stephen Byron Weber", "age": 47, "title": "Exec. VP & Chief Strategy Officer", "yearBorn": 1975, "fiscalYear": 2022, "totalPay": 404550, "exercisedValue": 0, "unexercisedValue": 0}, {"maxAge": 1, "name": "Mr. Clinton Tyler Stafford C.F.A.", "age": 37, "title": "Co-Founder, CEO & Pres of Panacea Financial", "yearBorn": 1985, "exercisedValue": 0, "unexercisedValue": 0}, {"maxAge": 1, "name": "Mr. William H. Stevens", "age": 77, "title": "Chief Credit Risk Officer", "yearBorn": 1945, "fiscalYear": 2017, "exercisedValue": 0, "unexercisedValue": 0}, {"maxAge": 1, "name": "Mr. John  Colantoni Jr.", "title": "Exec. VP & Chief Risk Officer", "exercisedValue": 0, "unexercisedValue": 0}, {"maxAge": 1, "name": "Mr. Brandon  Finazzo", "title": "Head of Practice Solutions", "exercisedValue": 0, "unexercisedValue": 0}, {"maxAge": 1, "name": "Ms. Robyn  Reid", "title": "VP, Treasurer & Controller", "exercisedValue": 0, "unexercisedValue": 0}], "auditRisk": 2, "boardRisk": 4, "compensationRisk": 9, "shareHolderRightsRisk": 5, "overallRisk": 5, "governanceEpochDate": "2023-04-30 20:00:00", "compensationAsOfEpochDate": "2022-12-30 19:00:00", "maxAge": 86400, "latitude": 38.9348416817071, "longitude": -77.17963237184082}