{"address1": "1177 Avenue of the Americas", "address2": "5th Floor", "city": "New York", "state": "NY", "zip": "10036", "country": "United States", "phone": "917 310 3722", "website": "https://www.spacroadtwo.com", "industry": "Shell Companies", "industryDisp": "Shell Companies", "sector": "Financial Services", "longBusinessSummary": "Forest Road Acquisition Corp. II does not have significant operations. The company focuses on effecting a merger, capital stock exchange, asset acquisition, stock purchase, reorganization, or related business combination with one or more businesses. It intends to identify businesses in the areas of technology, media, and telecommunications industry. The company was formerly known as Forest Road Acquisition Corp. III and changed its name to Forest Road Acquisition Corp. II in January 2021. Forest Road Acquisition Corp. II was incorporated in 2020 and is based in New York, New York.", "companyOfficers": [{"maxAge": 1, "name": "Mr. Zachary  Tarica", "age": 35, "title": "Chairman & CEO", "yearBorn": 1987, "exercisedValue": 0, "unexercisedValue": 0}, {"maxAge": 1, "name": "Mr. Idan  Shani", "age": 40, "title": "CFO, Sec. & Director", "yearBorn": 1982, "exercisedValue": 0, "unexercisedValue": 0}, {"maxAge": 1, "name": "Mr. Jeremy  Tarica", "age": 27, "title": "Chief Investment Officer", "yearBorn": 1995, "exercisedValue": 0, "unexercisedValue": 0}], "maxAge": 86400, "latitude": 40.75716260855884, "longitude": -73.98265128675041}