{"address1": "3100 Zinfandel Drive", "address2": "Suite 100", "city": "Rancho Cordova", "state": "CA", "zip": "95670", "country": "United States", "phone": "916 626 5000", "website": "https://www.fivestarbank.com", "industry": "Banks\u2014Regional", "industryDisp": "Banks\u2014Regional", "sector": "Financial Services", "longBusinessSummary": "Five Star Bancorp operates as the bank holding company for Five Star Bank that provides a range of banking products and services to small and medium-sized businesses, professionals, and individuals in Northern California. It accepts various deposits, such as money market, noninterest-bearing and interest checking accounts, savings accounts, and time deposits. The company's loan products include commercial and residential real estate loans; commercial loans; commercial land loans; farmland loans; commercial and residential construction loans; and consumer and other loans. It also offers debit cards; and remote deposit capture, online and mobile banking, and direct deposit services. The company was founded in 1999 and is headquartered in Rancho Cordova, California.", "fullTimeEmployees": 178, "companyOfficers": [{"maxAge": 1, "name": "Mr. James Eugene Beckwith", "age": 64, "title": "Pres, CEO & Director", "yearBorn": 1958, "fiscalYear": 2022, "totalPay": 915175, "exercisedValue": 0, "unexercisedValue": 0}, {"maxAge": 1, "name": "Mr. John William Dalton", "age": 68, "title": "Sr. VP & Chief Credit Officer", "yearBorn": 1954, "fiscalYear": 2022, "totalPay": 388826, "exercisedValue": 0, "unexercisedValue": 0}, {"maxAge": 1, "name": "Mr. Michael Anthony Rizzo", "age": 56, "title": "Sr. VP & Chief Banking Officer", "yearBorn": 1966, "fiscalYear": 2022, "totalPay": 413807, "exercisedValue": 0, "unexercisedValue": 0}, {"maxAge": 1, "name": "Mr. Michael D. Campbell", "age": 73, "title": "Sec.", "yearBorn": 1949, "fiscalYear": 2022, "totalPay": 17292, "exercisedValue": 0, "unexercisedValue": 0}, {"maxAge": 1, "name": "Ms. Heather Christina Luck", "age": 40, "title": "Sr. VP & CFO", "yearBorn": 1982, "exercisedValue": 0, "unexercisedValue": 0}, {"maxAge": 1, "name": "Ms. Lydia Ann Ramirez-Medina", "age": 41, "title": "Sr. VP, COO and Chief DE&I Officer", "yearBorn": 1981, "exercisedValue": 0, "unexercisedValue": 0}, {"maxAge": 1, "name": "Mr. Brett Levi Wait", "age": 41, "title": "Sr. VP & Chief Information Officer", "yearBorn": 1981, "exercisedValue": 0, "unexercisedValue": 0}, {"maxAge": 1, "name": "Ms. Shelley Ronan Wetton", "age": 50, "title": "Sr. VP & Chief Marketing Officer", "yearBorn": 1972, "exercisedValue": 0, "unexercisedValue": 0}, {"maxAge": 1, "name": "Mr. Michael Eugene Lee", "age": 60, "title": "Sr. VP & Chief Regulatory Officer", "yearBorn": 1962, "exercisedValue": 0, "unexercisedValue": 0}], "auditRisk": 8, "boardRisk": 3, "compensationRisk": 7, "shareHolderRightsRisk": 3, "overallRisk": 5, "governanceEpochDate": "2023-04-30 20:00:00", "compensationAsOfEpochDate": "2022-12-30 19:00:00", "maxAge": 86400, "latitude": 38.58649963447195, "longitude": -121.2874919554626}