{"address1": "6920 220th Street SW", "city": "Mountlake Terrace", "state": "WA", "zip": "98043", "country": "United States", "phone": "425 771 5299", "website": "https://www.fsbwa.com", "industry": "Banks\u2014Regional", "industryDisp": "Banks\u2014Regional", "sector": "Financial Services", "longBusinessSummary": "FS Bancorp, Inc. operates as a bank holding company for 1st Security Bank of Washington that provides banking and financial services to local families, local and regional businesses, and industry niches. The company operates in two segments, Commercial and Consumer Banking; and Home Lending. It offers various deposit instruments, including checking accounts, money market deposit accounts, savings accounts, and certificates of deposit. The company provides one-to-four-family residential first mortgages, second mortgage/home equity loan products, non-mortgage commercial business loans, commercial real estate loans, and construction and development loans, as well as consumer loans, which primarily include personal lines of credit, credit cards, automobile, direct home improvement, loans on deposit, and recreational loans. It operates full bank service branches and home loan production offices in suburban communities in the greater Puget Sound area, including Snohomish, King, Pierce, Jefferson, Kitsap, Clallam, Grays Harbor, and Thurston counties; and a loan production office in the market area of the Tri-Cities. The company was founded in 1936 and is headquartered in Mountlake Terrace, Washington.", "fullTimeEmployees": 586, "companyOfficers": [{"maxAge": 1, "name": "Mr. Joseph C. Adams", "age": 63, "title": "CEO & Director", "yearBorn": 1959, "fiscalYear": 2022, "totalPay": 972128, "exercisedValue": 0, "unexercisedValue": 420912}, {"maxAge": 1, "name": "Mr. Matthew D. Mullet", "age": 43, "title": "CFO, Treasurer & Sec.", "yearBorn": 1979, "fiscalYear": 2022, "totalPay": 630321, "exercisedValue": 36678, "unexercisedValue": 174264}, {"maxAge": 1, "name": "Mr. Dennis V. O'Leary", "age": 54, "title": "Exec. VP & Chief Lending Officer -1st Security Bank of Washington", "yearBorn": 1968, "fiscalYear": 2022, "totalPay": 628037, "exercisedValue": 0, "unexercisedValue": 174264}, {"maxAge": 1, "name": "Mr. Robert B. Fuller", "age": 62, "title": "Chief Credit Officer", "yearBorn": 1960, "fiscalYear": 2022, "totalPay": 433034, "exercisedValue": 29734, "unexercisedValue": 0}, {"maxAge": 1, "name": "Mr. Donn C. Costa", "age": 60, "title": "Exec. VP of Home Lending Production - 1st Security Bank of Washington", "yearBorn": 1962, "fiscalYear": 2022, "totalPay": 521917, "exercisedValue": 36462, "unexercisedValue": 264351}, {"maxAge": 1, "name": "Ms. Lisa A. Cleary", "age": 39, "title": "Exec. VP & COO", "yearBorn": 1983, "exercisedValue": 0, "unexercisedValue": 0}, {"maxAge": 1, "name": "Ms. Shana  Allen", "title": "Exec. VP & Chief Information Officer of 1St Security Bank of Washington", "exercisedValue": 0, "unexercisedValue": 0}, {"maxAge": 1, "name": "Ms. May-Ling  Sowell CRCM", "title": "Sr. VP & Compliance Officer", "exercisedValue": 0, "unexercisedValue": 0}, {"maxAge": 1, "name": "Ms. Kathrine  Shairrick", "title": "Sr. VP of Service & Operations - 1st Security Bank of Washington", "exercisedValue": 0, "unexercisedValue": 0}, {"maxAge": 1, "name": "Ms. Jill  Coates", "title": "Sr. VP of Home Lending Credit", "exercisedValue": 0, "unexercisedValue": 0}], "auditRisk": 3, "boardRisk": 3, "compensationRisk": 7, "shareHolderRightsRisk": 9, "overallRisk": 6, "governanceEpochDate": "2023-04-30 20:00:00", "compensationAsOfEpochDate": "2022-12-30 19:00:00", "maxAge": 86400, "latitude": 47.79917598133869, "longitude": -122.32726603854786}