{"address1": "633 Central Avenue", "city": "Dover", "state": "NH", "zip": "03820", "country": "United States", "phone": "603 742 4680", "website": "https://www.firstseacoastbank.com", "industry": "Banks\u2014Regional", "industryDisp": "Banks\u2014Regional", "sector": "Financial Services", "longBusinessSummary": "First Seacoast Bancorp, Inc. operates as the holding company for First Seacoast Bank that provides commercial and consumer banking services for individuals and businesses. The company offers interest-bearing and non-interest-bearing checking, savings, and money market accounts, as well as time deposits. It also provides various lending products comprising one- to four-family residential real estate loans; commercial real estate and multi-family real estate loans; acquisition, development, and land loans; commercial and industrial loans; home equity loans and lines of credit; and consumer loans. In addition, the company offers wealth management services, such as retirement planning, portfolio management, investment and insurance strategies, business retirement plans, and college planning services. The company was founded in 1890 and is headquartered in Dover, New Hampshire. First Seacoast Bancorp, Inc. is a subsidiary of First Seacoast Bancorp, MHC.", "fullTimeEmployees": 80, "companyOfficers": [{"maxAge": 1, "name": "Mr. James R. Brannen", "age": 61, "title": "Pres, CEO & Director", "yearBorn": 1961, "fiscalYear": 2022, "totalPay": 351828, "exercisedValue": 0, "unexercisedValue": 0}, {"maxAge": 1, "name": "Mr. Richard M. Donovan", "age": 56, "title": "Sr. VP & CFO", "yearBorn": 1966, "fiscalYear": 2022, "totalPay": 242061, "exercisedValue": 0, "unexercisedValue": 0}, {"maxAge": 1, "name": "Attorney Michael J. Bolduc", "age": 51, "title": "Corp. Sec. & Independent Director", "yearBorn": 1971, "fiscalYear": 2022, "totalPay": 28350, "exercisedValue": 0, "unexercisedValue": 0}, {"maxAge": 1, "name": "Mr. Timothy F. Dargan", "age": 61, "title": "Sr. VP & Sr. Commercial Lending Officer", "yearBorn": 1961, "fiscalYear": 2022, "totalPay": 244870, "exercisedValue": 0, "unexercisedValue": 0}, {"maxAge": 1, "name": "Paul  Nee", "title": "Sr. VP & Chief Information Officer", "exercisedValue": 0, "unexercisedValue": 0}, {"maxAge": 1, "name": "Ms. Tiffany  Melanson", "title": "VP of Marketing & PR", "exercisedValue": 0, "unexercisedValue": 0}, {"maxAge": 1, "name": "Mr. Kevin  Foley", "title": "VP and Director of Retail Banking & Sales", "exercisedValue": 0, "unexercisedValue": 0}, {"maxAge": 1, "name": "Ms. Sharon A. Zacharias", "title": "Sr. VP & HR Director", "exercisedValue": 0, "unexercisedValue": 0}, {"maxAge": 1, "name": "Mr. John E. Swenson", "title": "Sr. VP of Bank Admin. & Risk Management Officer", "exercisedValue": 0, "unexercisedValue": 0}, {"maxAge": 1, "name": "Mr. Jean  Tremblay", "title": "Sr. VP & Sr. Retail Loan Officer", "exercisedValue": 0, "unexercisedValue": 0}], "compensationAsOfEpochDate": "2022-12-30 19:00:00", "maxAge": 86400, "latitude": 43.20500598438318, "longitude": -70.8750720000244}