{"address1": "702 North Shore Drive", "address2": "Suite 300", "city": "Jeffersonville", "state": "IN", "zip": "47130", "country": "United States", "phone": "812 283 0724", "website": "https://www.fsbbank.net", "industry": "Banks\u2014Regional", "industryDisp": "Banks\u2014Regional", "sector": "Financial Services", "longBusinessSummary": "First Savings Financial Group, Inc. operates as the bank holding company for First Savings Bank that provides various financial services to consumers and businesses in southern Indiana. The company operates through three segments: Core Banking, SBA Lending, and Mortgage Banking. It accepts deposits, such as checking accounts, NOW and money market accounts, regular savings accounts, and time deposits. The company also provides loans, including one-to four-family residential real estate, commercial real estate, construction, land and land development, multi-family real estate, and commercial business loans, as well as consumer loans, such as automobile loans, home equity lines of credit, unsecured loans, and loans secured by deposits. In addition, it is involved in the mortgage banking; investment activities; and the provision of property and casualty insurance products, and reinsurance to other third-party insurance captives. First Savings Financial Group, Inc. was incorporated in 2008 and is based in Jeffersonville, Indiana.", "fullTimeEmployees": 422, "companyOfficers": [{"maxAge": 1, "name": "Mr. Larry W. Myers", "age": 64, "title": "Pres, CEO & Director", "yearBorn": 1958, "fiscalYear": 2022, "totalPay": 819080, "exercisedValue": 0, "unexercisedValue": 321441}, {"maxAge": 1, "name": "Mr. Anthony A. Schoen CPA, CPA", "age": 45, "title": "Exec. VP, CFO & Corp. Sec.", "yearBorn": 1977, "fiscalYear": 2022, "totalPay": 480345, "exercisedValue": 0, "unexercisedValue": 204543}, {"maxAge": 1, "name": "Ms. Jacqueline R. Journell", "age": 54, "title": "Chief Operating Officer", "yearBorn": 1968, "fiscalYear": 2022, "totalPay": 409635, "exercisedValue": 0, "unexercisedValue": 36465}, {"maxAge": 1, "name": "Mr. John P. Lawson Jr.", "age": 65, "title": "Independent Director", "yearBorn": 1957, "fiscalYear": 2022, "totalPay": 23255, "exercisedValue": 0, "unexercisedValue": 0}, {"maxAge": 1, "name": "Lenfield R. Basham", "title": "Exec. VP & Chief Information Officer", "exercisedValue": 0, "unexercisedValue": 0}, {"maxAge": 1, "name": "Mr. Jonathan E. Handmaker", "title": "Officer", "exercisedValue": 0, "unexercisedValue": 0}], "compensationAsOfEpochDate": "2022-12-30 19:00:00", "maxAge": 86400, "latitude": 38.27115898405722, "longitude": -85.7487559997238}