{"address1": "667 Madison Avenue", "address2": "5th Floor", "city": "New York", "state": "NY", "zip": "10065", "country": "United States", "phone": "212 763 0619", "website": "https://www.fusionacq.com", "industry": "Shell Companies", "industryDisp": "Shell Companies", "sector": "Financial Services", "longBusinessSummary": "Fusion Acquisition Corp. II does not have significant operations. It focuses on effecting a merger, capital stock exchange, asset acquisition, stock purchase, reorganization, or similar business combination with one or more businesses. The company intends to acquire businesses in the wealth, financial advice, investment, and asset management sectors, as well as FinTech sector. Fusion Acquisition Corp. II was incorporated in 2021 and is based in New York, New York.", "companyOfficers": [{"maxAge": 1, "name": "Mr. John  James", "age": 43, "title": "CEO & Director", "yearBorn": 1979, "exercisedValue": 0, "unexercisedValue": 0}, {"maxAge": 1, "name": "Mr. Erik Werner Thoresen", "age": 49, "title": "CFO & Director", "yearBorn": 1973, "exercisedValue": 0, "unexercisedValue": 0}], "maxAge": 86400, "latitude": 40.76462166419469, "longitude": -73.97023936452821}