{"address1": "1345 Avenue of the Americas", "city": "New York", "state": "NY", "zip": "10105", "country": "United States", "phone": "(929) 529-7125", "website": "https://fsrx.finservacquisition.com", "industry": "Shell Companies", "industryDisp": "Shell Companies", "sector": "Financial Services", "longBusinessSummary": "FinServ Acquisition Corp. II does not have significant operations. It focuses on effecting a merger, capital stock exchange, asset acquisition, stock purchase, reorganization, or similar business combination with one or more businesses. The company intends to focus its efforts in identifying businesses in the FinTech and financial services industries. FinServ Acquisition Corp. II was incorporated in 2020 and is based in New York, New York.", "companyOfficers": [{"maxAge": 1, "name": "Mr. Lee  Einbinder", "age": 61, "title": "CEO & Director", "yearBorn": 1961, "exercisedValue": 0, "unexercisedValue": 0}, {"maxAge": 1, "name": "Mr. Howard Alan Kurz", "age": 64, "title": "Pres & Director", "yearBorn": 1958, "exercisedValue": 0, "unexercisedValue": 0}, {"maxAge": 1, "name": "Mr. Steven  Handwerker", "age": 33, "title": "Chief Financial Officer", "yearBorn": 1989, "exercisedValue": 0, "unexercisedValue": 0}], "maxAge": 86400, "latitude": 40.762657264410244, "longitude": -73.97847653282332}