{"address1": "128 Gail Drive", "city": "New Rochelle", "state": "NY", "zip": "10805", "country": "United States", "phone": "914 316 4805", "industry": "Shell Companies", "industryDisp": "Shell Companies", "sector": "Financial Services", "longBusinessSummary": "FutureTech II Acquisition Corp. does not have significant operations. The company intends to effect a merger, capital stock exchange, asset acquisition, stock purchase, reorganization, or similar business combination with one or more businesses. It intends to acquire and manage a business in the technology industry. The company was incorporated in 2021 and is based in New Rochelle, New York.", "companyOfficers": [{"maxAge": 1, "name": "Mr. Yuquan  Wang", "age": 50, "title": "Chairman & CEO", "yearBorn": 1972, "exercisedValue": 0, "unexercisedValue": 0}, {"maxAge": 1, "name": "Mr. Michael William Greenall CFP, CFP", "age": 59, "title": "CFO, Sec. & Director", "yearBorn": 1963, "exercisedValue": 0, "unexercisedValue": 0}], "maxAge": 86400, "latitude": 40.89975516819385, "longitude": -73.77532122366844}