{"address1": "One Penn Square", "address2": "PO Box 4887", "city": "Lancaster", "state": "PA", "zip": "17604", "country": "United States", "phone": "717 291 2411", "website": "https://www.fultonbank.com", "industry": "Banks\u2014Regional", "industryDisp": "Banks\u2014Regional", "sector": "Financial Services", "longBusinessSummary": "Fulton Financial Corporation operates as a financial holding company that provides consumer and commercial banking products and services in Pennsylvania, Delaware, Maryland, New Jersey, and Virginia. It accepts various checking accounts and savings deposit products, certificates of deposit, and individual retirement accounts. The company also offers secured consumer loans, including home equity loans and lines of credit, automobile loans, personal lines of credit, and checking account overdraft protection; construction and jumbo residential mortgage loans; and commercial lending products comprising commercial real estate, commercial and industrial, and construction loans, as well as equipment lease financing loans. In addition, it provides letters of credit, cash management services, and traditional deposit products; and wealth management services, including investment management, trust, brokerage, insurance, and investment advisory services. Further, the company owns passive investments, as well as trust preferred securities; and sells various life insurance products. It provides its products and services through traditional financial center banking, as well as through a network of automated teller machines, telephone banking, mobile banking, and online banking. Fulton Financial Corporation was founded in 1882 and is headquartered in Lancaster, Pennsylvania.", "fullTimeEmployees": 3300, "companyOfficers": [{"maxAge": 1, "name": "Mr. Curtis J. Myers", "age": 53, "title": "Pres, CEO & Chairman", "yearBorn": 1969, "fiscalYear": 2022, "totalPay": 1513036, "exercisedValue": 76645, "unexercisedValue": 57104}, {"maxAge": 1, "name": "Mr. Mark R. McCollom", "age": 58, "title": "Sr. EVP & CFO", "yearBorn": 1964, "fiscalYear": 2022, "totalPay": 989875, "exercisedValue": 0, "unexercisedValue": 0}, {"maxAge": 1, "name": "Ms. Natasha R. Luddington", "age": 47, "title": "Sr. EVP, Chief Legal Officer & Corp. Sec.", "yearBorn": 1975, "fiscalYear": 2022, "totalPay": 908996, "exercisedValue": 0, "unexercisedValue": 0}, {"maxAge": 1, "name": "Ms. Angela M. Snyder", "age": 57, "title": "Sr. Exec. VP & Chief Banking Officer", "yearBorn": 1965, "fiscalYear": 2022, "totalPay": 905705, "exercisedValue": 0, "unexercisedValue": 0}, {"maxAge": 1, "name": "Mr. Anthony L. Cossetti", "title": "Exec. VP, Chief Accounting Officer & Controller", "exercisedValue": 0, "unexercisedValue": 0}, {"maxAge": 1, "name": "Ms. Angela M. Sargent", "age": 54, "title": "Sr. EVP, Chief Information Officer & Information Tech. Mang.", "yearBorn": 1968, "exercisedValue": 0, "unexercisedValue": 0}, {"maxAge": 1, "name": "Mr. Matthew  Jozwiak", "title": "Sr. VP, Director of Investor Relations & Corp. Devel. and Sr. VP of FP&A", "exercisedValue": 0, "unexercisedValue": 0}, {"maxAge": 1, "name": "Ms. Laura J. Wakeley", "title": "Sr. VP of Corp. Communications", "exercisedValue": 0, "unexercisedValue": 0}, {"maxAge": 1, "name": "Mr. Avi  Patel", "title": "Chief Marketing Officer & VP", "exercisedValue": 0, "unexercisedValue": 0}, {"maxAge": 1, "name": "Dr. Bernadette M. Taylor", "age": 60, "title": "Sr. EVP & Chief HR Officer", "yearBorn": 1962, "exercisedValue": 0, "unexercisedValue": 0}], "auditRisk": 1, "boardRisk": 3, "compensationRisk": 2, "shareHolderRightsRisk": 6, "overallRisk": 2, "governanceEpochDate": "2023-04-30 20:00:00", "compensationAsOfEpochDate": "2022-12-30 19:00:00", "maxAge": 86400, "latitude": 40.03833101132807, "longitude": -76.30532895974132}