{"address1": "19 South Second Street", "city": "Oakland", "state": "MD", "zip": "21550-0009", "country": "United States", "phone": "(800) 470-4356", "website": "https://mybank.com", "industry": "Banks\u2014Regional", "industryDisp": "Banks\u2014Regional", "sector": "Financial Services", "longBusinessSummary": "First United Corporation operates as the bank holding company for First United Bank & Trust that provides various retail and commercial banking services to businesses and individuals. It offers various deposit products, which includes checking, savings, and money market deposit accounts, as well as certificates of deposit. The company loan portfolio includes commercial loans secured by real estate, commercial equipment, vehicles, or other assets of the borrower; commercial real estate loans for residential and commercial development, agricultural purpose properties, and service industry buildings; residential mortgage loans; home equity lines of credit; residential real estate construction loans; and indirect and direct auto loans, student loans, term loans, and other secured and unsecured lines of credit and term loans. It also offers access to multi-million-dollar certificates of deposit and the insured cash sweep program including multi-million-dollar savings and demand deposits to municipalities, businesses, and consumers; and treasury management, cash sweep, and various checking services. In addition, the company provides trust services, which includes personal trust, investment agency accounts, charitable trusts, retirement accounts including IRA roll-overs, 401(k) accounts and defined benefit plans, estate administration, and estate planning; and insurance products, brokerage services, and safe deposit and night depository facilities. First United Corporation was incorporated in 1984 and is headquartered in Oakland, Maryland.", "fullTimeEmployees": 298, "companyOfficers": [{"maxAge": 1, "name": "Ms. Carissa L. Rodeheaver CPA, CFP, CPA", "age": 56, "title": "Chairman, Pres & CEO", "yearBorn": 1966, "fiscalYear": 2022, "totalPay": 610459, "exercisedValue": 0, "unexercisedValue": 0}, {"maxAge": 1, "name": "Mr. Jason B. Rush", "age": 51, "title": "Sr. VP & COO", "yearBorn": 1971, "fiscalYear": 2022, "totalPay": 376765, "exercisedValue": 0, "unexercisedValue": 0}, {"maxAge": 1, "name": "Mr. Robert L. Fisher II", "age": 53, "title": "Sr. VP & Chief Revenue Officer", "yearBorn": 1969, "fiscalYear": 2022, "totalPay": 393835, "exercisedValue": 0, "unexercisedValue": 0}, {"maxAge": 1, "name": "Ms. Tonya K. Sturm", "age": 55, "title": "Sr. VP, CFO, Corp. Sec. & Treasurer", "yearBorn": 1967, "exercisedValue": 0, "unexercisedValue": 0}, {"maxAge": 1, "name": "Mr. Keith R. Sanders M.B.A.", "age": 52, "title": "Sr. VP & Sr. Trust Officer", "yearBorn": 1970, "fiscalYear": 2016, "exercisedValue": 0, "unexercisedValue": 0}], "compensationAsOfEpochDate": "2022-12-30 19:00:00", "maxAge": 86400, "latitude": 39.41021997919782, "longitude": -79.40762999439967}