{"address1": "Bangkok Bank Building", "address2": "11th Floor No. 18 Bonham Strand West Sheung Wan", "city": "Hong Kong", "country": "Hong Kong", "phone": "852 2523 3588", "website": "https://www.futuholdings.com", "industry": "Capital Markets", "industryDisp": "Capital Markets", "sector": "Financial Services", "longBusinessSummary": "Futu Holdings Limited provides digitalized securities brokerage and wealth management product distribution service in Hong Kong and internationally. It offers online financial services, including securities and derivative trades brokerage, margin financing and fund distribution services through its Futubull and Moomoo digital platforms. The company also provides financial information and online community services; online wealth management services under the brand of Money Plus through its Futubull and moomoo platforms, which give access to mutual funds, private funds, and bonds; market data and information services; and NiuNiu Community, which serves as an open forum for users and clients to share insights, ask questions, and exchange ideas. In addition, the company provides initial public offering subscription and employee share option plan solution services. Futu Holdings Limited was founded in 2007 and is based in Hong Kong, Hong Kong.", "fullTimeEmployees": 2784, "companyOfficers": [{"maxAge": 1, "name": "Mr. Hua  Li", "age": 45, "title": "Founder, Chairman & CEO", "yearBorn": 1977, "exercisedValue": 0, "unexercisedValue": 0}, {"maxAge": 1, "name": "Mr. Yu  Chen", "age": 46, "title": "Chief Financial Officer", "yearBorn": 1976, "exercisedValue": 0, "unexercisedValue": 0}, {"maxAge": 1, "name": "Mr. Daniel  Yuan", "title": "Chief of Staff & Head of Investor Relations", "exercisedValue": 0, "unexercisedValue": 0}, {"maxAge": 1, "name": "Ms. Ching-Yee Joey  Poon", "age": 35, "title": "Head of Compliance", "yearBorn": 1987, "exercisedValue": 0, "unexercisedValue": 0}, {"maxAge": 1, "name": "Mr. Li  Xu", "age": 39, "title": "Sr. VP", "yearBorn": 1983, "exercisedValue": 0, "unexercisedValue": 0}], "maxAge": 86400, "latitude": 22.286606478638305, "longitude": 114.1487222510151}