{"address1": "11325 Random Hills Road", "address2": "Suite 240", "city": "Fairfax", "state": "VA", "zip": "22030", "country": "United States", "phone": "703 436 3800", "website": "https://www.fvcbank.com", "industry": "Banks\u2014Regional", "industryDisp": "Banks\u2014Regional", "sector": "Financial Services", "longBusinessSummary": "FVCBankcorp, Inc. operates as the bank holding company for FVCbank that provides various banking products and services in Virginia. It offers deposit products, including interest and noninterest-bearing transaction accounts, savings accounts, money market accounts, and certificates of deposit. The company also provides commercial real estate loans; commercial construction loans; commercial loans for various business purposes, such as for working capital, equipment purchases, lines of credit, and government contract financing; small business administration loans; asset-based loans and accounts receivable financing; home equity loans; and consumer loans. In addition, it offers business and consumer credit cards; merchant services; business insurance products; and online banking, remote deposit, and mobile banking services. The company serves commercial businesses, nonprofit organizations, professional service entities, and their respective owners and employees located in the greater Washington, D.C., and Baltimore metropolitan areas. It operates branch offices in Arlington, Virginia; the independent city of Manassas, Virginia; Reston, Fairfax County, Virginia; Springfield, Fairfax County in Virginia; Montgomery County and Baltimore in Maryland, and Washington, D.C. FVCBankcorp, Inc. was founded in 2007 and is headquartered in Fairfax, Virginia.", "fullTimeEmployees": 131, "companyOfficers": [{"maxAge": 1, "name": "Mr. David W. Pijor Esq.", "age": 70, "title": "Chairman & CEO", "yearBorn": 1952, "fiscalYear": 2022, "totalPay": 1451839, "exercisedValue": 0, "unexercisedValue": 3172702}, {"maxAge": 1, "name": "Ms. Patricia Ann Ferrick CPA", "age": 60, "title": "Pres, Sec. & Director", "yearBorn": 1962, "fiscalYear": 2022, "totalPay": 779122, "exercisedValue": 0, "unexercisedValue": 1152707}, {"maxAge": 1, "name": "Mr. William G. Byers", "age": 60, "title": "Exec. VP & Chief Lending Officer", "yearBorn": 1962, "fiscalYear": 2022, "totalPay": 455182, "exercisedValue": 0, "unexercisedValue": 745707}, {"maxAge": 1, "name": "Ms. Jennifer L. Deacon CPA", "age": 47, "title": "Exec. VP & CFO", "yearBorn": 1975, "exercisedValue": 0, "unexercisedValue": 0}, {"maxAge": 1, "name": "Mr. B. Todd Dempsey", "age": 64, "title": "Exec. VP & COO", "yearBorn": 1958, "fiscalYear": 2018, "exercisedValue": 0, "unexercisedValue": 0}, {"maxAge": 1, "name": "Ms. Lisa M. Craze", "title": "Sr. VP of Loan Documentation & Admin.", "exercisedValue": 0, "unexercisedValue": 0}, {"maxAge": 1, "name": "Mr. R. Bruce Gemmill", "title": "Sr. VP & Chief Marketing Officer", "exercisedValue": 0, "unexercisedValue": 0}, {"maxAge": 1, "name": "Alberta A. Gibson", "title": "Sr. VP & Director of HR", "exercisedValue": 0, "unexercisedValue": 0}, {"maxAge": 1, "name": "Mr. Michael G. Nassy", "age": 47, "title": "Exec. VP & Chief Credit Officer", "yearBorn": 1975, "exercisedValue": 0, "unexercisedValue": 0}, {"maxAge": 1, "name": "James C. Elliott", "title": "Market Pres of Virginia", "exercisedValue": 0, "unexercisedValue": 0}], "auditRisk": 9, "boardRisk": 8, "compensationRisk": 10, "shareHolderRightsRisk": 7, "overallRisk": 9, "governanceEpochDate": "2023-04-30 20:00:00", "compensationAsOfEpochDate": "2022-12-30 19:00:00", "maxAge": 86400, "latitude": 38.85550747106575, "longitude": -77.33778430024991}