{"address1": "1 Little West 12th Street", "address2": "4th Floor", "city": "New York", "state": "NY", "zip": "10014", "country": "United States", "phone": "408-829-3134", "industry": "Shell Companies", "industryDisp": "Shell Companies", "sector": "Financial Services", "longBusinessSummary": "Fifth Wall Acquisition Corp. III does not have significant operations. The company focuses on effecting a merger, share exchange, asset acquisition, share purchase, reorganization, or similar business combination with one or more businesses. It intends to acquire business in the real estate industry. The company was incorporated in 2021 and is based in New York, New York.", "companyOfficers": [{"maxAge": 1, "name": "Mr. Brendan  Wallace", "age": 40, "title": "Chairman & CEO", "yearBorn": 1982, "exercisedValue": 0, "unexercisedValue": 0}, {"maxAge": 1, "name": "Mr. Andriy  Mykhaylovskyy", "age": 36, "title": "CFO & Director", "yearBorn": 1986, "exercisedValue": 0, "unexercisedValue": 0}], "maxAge": 86400, "latitude": 40.73953446035253, "longitude": -74.00585013162618}