{"address1": "2626 Cole Avenue", "address2": "Suite 300", "city": "Dallas", "state": "TX", "zip": "75204", "country": "United States", "phone": "972 560 4815", "website": "https://www.finspac.com", "industry": "Shell Companies", "industryDisp": "Shell Companies", "sector": "Financial Services", "longBusinessSummary": "Financial Strategies Acquisition Corp. does not have significant operations. It intends to effect a merger, capital stock exchange, asset acquisition, stock purchase, reorganization, or similar business combination. The company focuses on identifying businesses in the financial technology and financial services sector. Financial Strategies Acquisition Corp. was incorporated in 2020 and is based in Dallas, Texas.", "companyOfficers": [{"maxAge": 1, "name": "Mr. Alexander  Schinzing", "age": 49, "title": "Chief Exec. Officer", "yearBorn": 1973, "exercisedValue": 0, "unexercisedValue": 0}, {"maxAge": 1, "name": "Mr. Horst  Rzepka", "age": 54, "title": "CFO & Director", "yearBorn": 1968, "exercisedValue": 0, "unexercisedValue": 0}], "maxAge": 86400, "latitude": 32.79993601739403, "longitude": -96.80395495929008}