{"address1": "109 Old Branchville Road", "city": "Ridgefield", "state": "CT", "zip": "06877", "country": "United States", "phone": "201 956 1969", "website": "https://www.fastacq.com", "industry": "Shell Companies", "industryDisp": "Shell Companies", "sector": "Financial Services", "longBusinessSummary": "FAST Acquisition Corp. II does not have significant operations. The company focuses on effecting a merger, capital stock exchange, asset acquisition, stock purchase, reorganization, or similar business combination with one or more businesses. It intends to focus on the restaurant, hospitality, and related sectors in North America. FAST Acquisition Corp. II was incorporated in 2020 and is based in Ridgefield, Connecticut.", "companyOfficers": [{"maxAge": 1, "name": "Mr. Samuel E. Beall III", "age": 71, "title": "CEO & Director", "yearBorn": 1951, "exercisedValue": 0, "unexercisedValue": 0}, {"maxAge": 1, "name": "Mr. Garrett  Schreiber", "age": 32, "title": "Chief Financial Officer", "yearBorn": 1990, "exercisedValue": 0, "unexercisedValue": 0}, {"maxAge": 1, "name": "Mr. Daniel  Gardner", "age": 42, "title": "Chief Digital Officer", "yearBorn": 1980, "exercisedValue": 0, "unexercisedValue": 0}], "maxAge": 86400, "latitude": 41.266602990807314, "longitude": -73.4650280296174}