{"address1": "711 Main Street", "address2": "Box 810", "city": "Jasper", "state": "IN", "zip": "47546", "country": "United States", "phone": "812 482 1314", "website": "https://www.germanamerican.com", "industry": "Banks\u2014Regional", "industryDisp": "Banks\u2014Regional", "sector": "Financial Services", "longBusinessSummary": "German American Bancorp, Inc. operates as a financial holding company for German American Bank that provides retail and commercial banking services. The company operates through three segments: Core Banking, Wealth Management Services, and Insurance Operations. The Core Banking segment accepts deposits from the general public; and originates consumer, commercial and agricultural, commercial and agricultural real estate, and residential mortgage loans, as well as sells residential mortgage loans in the secondary market. The Wealth Management segment provides trust, investment advisory, brokerage, and retirement planning services. The Insurance Operations segment offers a range of personal and corporate property and casualty insurance products. German American Bancorp, Inc. was founded in 1910 and is based in Jasper, Indiana.", "fullTimeEmployees": 866, "companyOfficers": [{"maxAge": 1, "name": "Mr. D. Neil Dauby", "age": 58, "title": "Pres, CEO & Director", "yearBorn": 1964, "fiscalYear": 2022, "totalPay": 970929, "exercisedValue": 0, "unexercisedValue": 0}, {"maxAge": 1, "name": "Mr. Bradley M. Rust", "age": 55, "title": "COO, Sr. EVP, CFO, Sec. & Treasurer", "yearBorn": 1967, "fiscalYear": 2022, "totalPay": 708897, "exercisedValue": 0, "unexercisedValue": 0}, {"maxAge": 1, "name": "Mr. Clay M. Barrett", "age": 44, "title": "Exec. VP and Chief Digital & Information Officer", "yearBorn": 1978, "fiscalYear": 2022, "totalPay": 368666, "exercisedValue": 0, "unexercisedValue": 0}, {"maxAge": 1, "name": "Ms. Amy D. Jackson", "age": 45, "title": "Exec. VP & Chief Admin. Officer", "yearBorn": 1977, "fiscalYear": 2022, "totalPay": 395668, "exercisedValue": 0, "unexercisedValue": 0}, {"maxAge": 1, "name": "Mr. Keith A. Leinenbach", "age": 63, "title": "Exec. VP & Chief Credit Officer", "yearBorn": 1959, "fiscalYear": 2022, "totalPay": 536747, "exercisedValue": 0, "unexercisedValue": 0}, {"maxAge": 1, "name": "Ms. Vicki L. Schuler", "age": 47, "title": "Sr. VP, Controller, Principal Accounting Officer & Chief Accounting Officer", "yearBorn": 1975, "exercisedValue": 0, "unexercisedValue": 0}, {"maxAge": 1, "name": "Ms. Terri A. Eckerle", "title": "VP, Exec. Admin & Strategic Customer Service", "exercisedValue": 0, "unexercisedValue": 0}, {"maxAge": 1, "name": "Ms. Jane A. Balsmeyer", "title": "Sr. VP of Marketing", "exercisedValue": 0, "unexercisedValue": 0}, {"maxAge": 1, "name": "Ms. Ann M. Brown", "title": "Sr. VP & Director of Human Capital", "exercisedValue": 0, "unexercisedValue": 0}, {"maxAge": 1, "name": "Mr. Brock C. Goggins", "title": "Sr. VP of Retail Banking", "exercisedValue": 0, "unexercisedValue": 0}], "auditRisk": 4, "boardRisk": 5, "compensationRisk": 1, "shareHolderRightsRisk": 7, "overallRisk": 4, "governanceEpochDate": "2023-04-30 20:00:00", "compensationAsOfEpochDate": "2022-12-30 19:00:00", "maxAge": 86400, "latitude": 38.392471987005536, "longitude": -86.93114104072151}