{"address1": "1521 Westbranch Drive", "address2": "Suite 100", "city": "McLean", "state": "VA", "zip": "22102", "country": "United States", "phone": "703-287-5800", "fax": "703-287-5901", "website": "https://www.gladstoneinvestment.com", "industry": "Asset Management", "industryDisp": "Asset Management", "sector": "Financial Services", "longBusinessSummary": "Gladstone Investment Corporation is business development company, specializes in lower middle market, mature stage, buyouts; refinancing existing debt; senior debt securities such as senior loans, senior term loans, lines of credit, and senior notes; senior subordinated debt securities such as senior subordinated loans and senior subordinated notes; junior subordinated debt securities such as subordinated notes and mezzanine loans; limited liability company interests, and warrants or options. The fund does not invest in start-ups. The fund seeks to invest in manufacturing, consumer products and business/consumer services sector. It seeks to invest in small and mid-sized companies based in the United States. The fund prefers to make debt investments between $5 million and $30 million and equity investments between $10 million and $40 million in companies. The fund seeks to invest in companies with revenue between $20 million and $100 million. The fund invests in companies with EBITDA from $3 million to $20 million. It seeks minority equity ownership and prefers to hold a board seat in its portfolio companies. It also prefers to take majority stake in its portfolio companies. The fund typically holds the investments for seven years and exits via sale or recapitalization, initial public offering, or sale to third party.", "companyOfficers": [{"maxAge": 1, "name": "Mr. David John Gladstone", "age": 80, "title": "Chairman & CEO", "yearBorn": 1942, "exercisedValue": 0, "unexercisedValue": 0}, {"maxAge": 1, "name": "Mr. David A. R. Dullum", "age": 74, "title": "Pres", "yearBorn": 1948, "fiscalYear": 2008, "totalPay": 33000, "exercisedValue": 0, "unexercisedValue": 0}, {"maxAge": 1, "name": "Ms. Rachael Z. Easton", "age": 37, "title": "CFO & Treasurer", "yearBorn": 1985, "exercisedValue": 0, "unexercisedValue": 0}, {"maxAge": 1, "name": "Mr. Terry Lee Brubaker", "age": 78, "title": "Assistant Sec. & COO", "yearBorn": 1944, "exercisedValue": 0, "unexercisedValue": 0}, {"maxAge": 1, "name": "Ms. Karin  McLaughlin", "title": "Investor Relations Specialist", "exercisedValue": 0, "unexercisedValue": 0}, {"maxAge": 1, "name": "Mr. Michael Bernard LiCalsi Esq., J.D.", "age": 52, "title": "Gen. Counsel & Sec.", "yearBorn": 1970, "exercisedValue": 0, "unexercisedValue": 0}, {"maxAge": 1, "name": "Mr. John Anthony Dellafiora Jr., CPA", "title": "Chief Compliance Officer", "exercisedValue": 0, "unexercisedValue": 0}, {"maxAge": 1, "name": "Ms. Paula  Novara", "age": 52, "title": "Head of Resources Management & Director", "yearBorn": 1970, "exercisedValue": 0, "unexercisedValue": 0}, {"maxAge": 1, "name": "Ms. Erika  Highland", "title": "Managing Director", "exercisedValue": 0, "unexercisedValue": 0}, {"maxAge": 1, "name": "Mr. Kyle  Largent CFA", "title": "Exec. VP & Sr. Managing Director", "exercisedValue": 0, "unexercisedValue": 0}], "compensationAsOfEpochDate": "2008-12-30 19:00:00", "maxAge": 86400, "latitude": 38.92716905517838, "longitude": -77.22076077816112}