{"address1": "10 East 53rd Street", "address2": "13th Floor", "city": "New York", "state": "NY", "zip": "10022", "country": "United States", "phone": "212-430-2214", "website": "https://www.goldenarrowspac.com", "industry": "Shell Companies", "industryDisp": "Shell Companies", "sector": "Financial Services", "longBusinessSummary": "Golden Arrow Merger Corp. does not have significant operations. The company intends to effect a merger, capital stock exchange, asset acquisition, stock purchase, reorganization, or similar business combination with one or more businesses in the healthcare and healthcare-related infrastructure industries in the United States and other developed countries. Golden Arrow Merger Corp. was incorporated in 2020 and is based in New York, New York.", "companyOfficers": [{"maxAge": 1, "name": "Mr. Timothy C. Babich", "age": 45, "title": "CEO & CFO", "yearBorn": 1977, "exercisedValue": 0, "unexercisedValue": 0}], "maxAge": 86400, "latitude": 40.759995021279906, "longitude": -73.97521461079606}