{"address1": "Boundary Hall", "address2": "Cricket Square", "city": "Grand Cayman", "zip": "KY1-1102", "country": "Cayman Islands", "phone": "345-814-5580", "website": "https://gaq.gen-mgmt.com", "industry": "Shell Companies", "industryDisp": "Shell Companies", "sector": "Financial Services", "longBusinessSummary": "Generation Asia I Acquisition Limited does not have significant operations. It focuses on effecting a merger, capital stock exchange, asset acquisition, stock purchase, reorganization, or related business combination with one or more businesses. The company was incorporated in 2021 and is based in Grand Cayman, the Cayman Islands.", "companyOfficers": [{"maxAge": 1, "name": "Mr. Roy  Kuan", "age": 55, "title": "Chairman & CEO", "yearBorn": 1967, "exercisedValue": 0, "unexercisedValue": 0}, {"maxAge": 1, "name": "Ms. Catherine  Kwok", "age": 39, "title": "Chief Financial Officer", "yearBorn": 1983, "exercisedValue": 0, "unexercisedValue": 0}, {"maxAge": 1, "name": "Mr. Norimitsu  Niwa", "age": 51, "title": "COO & Director", "yearBorn": 1971, "exercisedValue": 0, "unexercisedValue": 0}], "maxAge": 86400, "latitude": 19.29281590900007, "longitude": -81.36769499999997}