{"address1": "411 Theodore Fremd Avenue", "address2": "Suite 206S", "city": "Rye", "state": "NY", "zip": "10580", "country": "United States", "phone": "914-415-4081", "website": "https://marblegateacquisition.com", "industry": "Shell Companies", "industryDisp": "Shell Companies", "sector": "Financial Services", "longBusinessSummary": "Marblegate Acquisition Corp. does not have significant operations. It focuses on effectuating a merger, capital stock exchange, asset acquisition, stock purchase, reorganization, or similar business combination with one or more businesses. The company was incorporated in 2020 and is based in Rye, New York.", "companyOfficers": [{"maxAge": 1, "name": "Mr. Andrew Scott Milgram CFA", "age": 49, "title": "CEO & Exec. Director", "yearBorn": 1973, "exercisedValue": 0, "unexercisedValue": 0}, {"maxAge": 1, "name": "Mr. Paul Maurice Arrouet", "age": 51, "title": "Pres & Exec. Director", "yearBorn": 1971, "exercisedValue": 0, "unexercisedValue": 0}, {"maxAge": 1, "name": "Mr. Jeffrey Adam Kravetz CPA, CPA", "age": 43, "title": "CFO & Principal Accounting Officer", "yearBorn": 1979, "exercisedValue": 0, "unexercisedValue": 0}], "maxAge": 86400, "latitude": 40.97351386257145, "longitude": -73.70068087880531}