{"address1": "6555 Sanger Road", "address2": "Suite 200", "city": "Orlando", "state": "FL", "zip": "32827", "country": "United States", "phone": "407 720 9250", "industry": "Shell Companies", "industryDisp": "Shell Companies", "sector": "Financial Services", "longBusinessSummary": "Global Blockchain Acquisition Corp. focuses on effecting a merger, share exchange, asset acquisition, share purchase, reorganization, or similar business combination with one or more businesses. The company intends to pursue targets that are focused on blockchain infrastructure, blockchain applications, and related technologies. Global Blockchain Acquisition Corp. was incorporated in 2021 and is based in Orlando, Florida.", "companyOfficers": [{"maxAge": 1, "name": "Dr. Max  Hooper Ph.D.", "age": 74, "title": "CEO, Pres & Director", "yearBorn": 1948, "exercisedValue": 0, "unexercisedValue": 0}, {"maxAge": 1, "name": "Mr. Jonathan D. Morris", "age": 45, "title": "Chief Financial Officer", "yearBorn": 1977, "exercisedValue": 0, "unexercisedValue": 0}], "maxAge": 86400, "latitude": 28.367235003210254, "longitude": -81.29003303185573}