{"address1": "49 Commons Loop", "city": "Kalispell", "state": "MT", "zip": "59901", "country": "United States", "phone": "406 756 4200", "website": "https://www.glacierbancorp.com", "industry": "Banks\u2014Regional", "industryDisp": "Banks\u2014Regional", "sector": "Financial Services", "longBusinessSummary": "Glacier Bancorp, Inc. operates as the bank holding company for Glacier Bank that provides commercial banking services to individuals, small to medium-sized businesses, community organizations, and public entities in the United States. It offers non-interest bearing deposit and interest bearing deposit accounts, such as negotiable order of withdrawal and demand deposit accounts, savings accounts, money market deposit accounts, fixed rate certificates of deposit, negotiated-rate jumbo certificates, and individual retirement accounts. The company also provides construction and permanent loans on residential real estate; consumer land or lot loans; unimproved land and land development loans; and residential builder guidance lines comprising pre-sold and spec-home construction, and lot acquisition loans. In addition, it offers commercial real estate loans to purchase, construct, and finance commercial real estate properties; consumer loans secured by real estate, automobiles, or other assets; paycheck protection program loans; home equity loans consisting of junior lien mortgages, and first and junior lien lines of credit secured by owner-occupied 1-4 family residences; and agriculture loans. Further, the company provides mortgage origination and loan servicing services. Glacier Bancorp, Inc. was founded in 1955 and is headquartered in Kalispell, Montana.", "fullTimeEmployees": 3390, "companyOfficers": [{"maxAge": 1, "name": "Mr. Randall M. Chesler", "age": 63, "title": "Pres, CEO & Director", "yearBorn": 1959, "fiscalYear": 2022, "totalPay": 1764991, "exercisedValue": 0, "unexercisedValue": 0}, {"maxAge": 1, "name": "Mr. Ronald J. Copher CPA", "age": 64, "title": "Exec. VP, CFO & Sec.", "yearBorn": 1958, "fiscalYear": 2022, "totalPay": 790494, "exercisedValue": 0, "unexercisedValue": 0}, {"maxAge": 1, "name": "Mr. Donald J. Chery", "age": 59, "title": "Exec. VP & Chief Admin. Officer", "yearBorn": 1963, "fiscalYear": 2022, "totalPay": 695530, "exercisedValue": 0, "unexercisedValue": 0}, {"maxAge": 1, "name": "Ms. Marcia L. Johnson", "age": 63, "title": "Sr. VP & COO", "yearBorn": 1959, "exercisedValue": 0, "unexercisedValue": 0}, {"maxAge": 1, "name": "Jason A. Preble", "title": "Sr. VP & COO", "exercisedValue": 0, "unexercisedValue": 0}, {"maxAge": 1, "name": "Ms. Angela L. Dose CPA", "title": "Sr. VP & Chief Accounting Officer", "exercisedValue": 0, "unexercisedValue": 0}, {"maxAge": 1, "name": "Mr. Mark D. MacMillan", "title": "Sr. VP & Chief Information Officer", "exercisedValue": 0, "unexercisedValue": 0}, {"maxAge": 1, "name": "Mr. Ryan T. Screnar CPA, CGMA", "title": "Sr. VP & Chief Compliance Director", "exercisedValue": 0, "unexercisedValue": 0}, {"maxAge": 1, "name": "David L. Langston", "title": "Sr. VP & Chief HR Officer", "exercisedValue": 0, "unexercisedValue": 0}, {"maxAge": 1, "name": "Mr. Paul W. Peterson", "age": 72, "title": "Sr. VP & Chief Mortgage Officer", "yearBorn": 1950, "exercisedValue": 0, "unexercisedValue": 0}], "auditRisk": 1, "boardRisk": 2, "compensationRisk": 1, "shareHolderRightsRisk": 3, "overallRisk": 1, "governanceEpochDate": "2023-04-30 20:00:00", "compensationAsOfEpochDate": "2022-12-30 19:00:00", "maxAge": 86400, "latitude": 48.21999492040834, "longitude": -114.32842723761146}