{"address1": "150 South Wacker Drive", "address2": "Suite 800, Eighth Floor", "city": "Chicago", "state": "IL", "zip": "60606", "country": "United States", "phone": "312 205 5050", "fax": "312 205 9167", "website": "https://www.golubcapitalbdc.com", "industry": "Asset Management", "industryDisp": "Asset Management", "sector": "Financial Services", "longBusinessSummary": "Golub Capital BDC, Inc. (GBDC) is a business development company and operates as an externally managed closed-end non-diversified management investment company. It invests in debt and minority equity investments in middle-market companies that are, in most cases, sponsored by private equity investors. It typically invests in diversified consumer services, automobiles, healthcare technology, insurance, health care equipment and supplies, hotels, restaurants and leisure, healthcare providers and services, IT services and specialty retails. It seeks to invest in the United States. It primarily invests in first lien traditional senior debt, first lien one stop, junior debt and equity, senior secured, one stop, unitranche, second lien, subordinated and mezzanine loans of middle-market companies, and warrants.", "companyOfficers": [{"maxAge": 1, "name": "Mr. David B. Golub", "age": 60, "title": "CEO & Director", "yearBorn": 1962, "fiscalYear": 2022, "totalPay": 0, "exercisedValue": 0, "unexercisedValue": 0}, {"maxAge": 1, "name": "Mr. Christopher Compton Ericson", "age": 41, "title": "CFO & Treasurer", "yearBorn": 1981, "exercisedValue": 0, "unexercisedValue": 0}, {"maxAge": 1, "name": "Mr. Matthew W. Benton", "age": 44, "title": "Chief Operating Officer", "yearBorn": 1978, "exercisedValue": 0, "unexercisedValue": 0}, {"maxAge": 1, "name": "Mr. Joshua Mark Levinson J.D.", "age": 47, "title": "Co-Gen. Counsel, Chief Compliance Officer & Sec.", "yearBorn": 1975, "exercisedValue": 0, "unexercisedValue": 0}, {"maxAge": 1, "name": "Mr. Andrew H. Steuerman", "age": 54, "title": "Sr. Managing Director of Golub Capital", "yearBorn": 1968, "exercisedValue": 0, "unexercisedValue": 0}, {"maxAge": 1, "name": "Mr. Gregory W. Cashman", "age": 57, "title": "Sr. Managing Director of Golub Capital", "yearBorn": 1965, "exercisedValue": 0, "unexercisedValue": 0}, {"maxAge": 1, "name": "Ms. Christina D. Jamieson CPA", "title": "Head of Broadly Syndicated Loans", "exercisedValue": 0, "unexercisedValue": 0}, {"maxAge": 1, "name": "Mr. Brian J. Carroll", "title": "Sr. VP", "exercisedValue": 0, "unexercisedValue": 0}, {"maxAge": 1, "name": "Mr. Stefano F. Robertson", "title": "Managing Director", "exercisedValue": 0, "unexercisedValue": 0}, {"maxAge": 1, "name": "Mr. Craig J. Petrusha", "title": "Principal", "exercisedValue": 0, "unexercisedValue": 0}], "compensationAsOfEpochDate": "2022-12-30 19:00:00", "maxAge": 86400, "latitude": 41.87965698162077, "longitude": -87.6374670060526}