{"address1": "112 S. French Street", "address2": "Suite 105", "city": "Wilmington", "state": "DE", "zip": "19801", "country": "United States", "phone": "302-691-6276", "website": "https://gbli.com", "industry": "Insurance\u2014Property & Casualty", "industryDisp": "Insurance\u2014Property & Casualty", "sector": "Financial Services", "longBusinessSummary": "Global Indemnity Group, LLC, through its subsidiaries, provides specialty property and casualty insurance, and reinsurance products worldwide. It operates in two segments, Commercial Specialty and Reinsurance Operations. The Commercial Specialty segment distributes property and casualty insurance products; and general liability products for small commercial businesses through a network of wholesale general agents. The Reinsurance Operations segment provides third-party treaty reinsurance for casualty insurance and reinsurance companies, as well as professional liability products to companies through brokers. The company was founded in 2003 and is based in Wilmington, Delaware.", "fullTimeEmployees": 355, "companyOfficers": [{"maxAge": 1, "name": "Mr. Saul A. Fox J.D.", "age": 68, "title": "Exec. Chairman", "yearBorn": 1954, "exercisedValue": 0, "unexercisedValue": 0}, {"maxAge": 1, "name": "Mr. Joseph Warner Brown Jr.", "age": 73, "title": "CEO & Director", "yearBorn": 1949, "fiscalYear": 2022, "totalPay": 196898, "exercisedValue": 0, "unexercisedValue": 127000}, {"maxAge": 1, "name": "Mr. Thomas Michael McGeehan", "age": 65, "title": "Exec. VP of Fin. & CFO", "yearBorn": 1957, "fiscalYear": 2022, "totalPay": 724655, "exercisedValue": 0, "unexercisedValue": 0}, {"maxAge": 1, "name": "Mr. Jonathan Edward Oltman", "age": 47, "title": "Pres of Insurance Operations", "yearBorn": 1975, "fiscalYear": 2022, "totalPay": 690042, "exercisedValue": 0, "unexercisedValue": 0}, {"maxAge": 1, "name": "Mr. David C. Elliott", "age": 54, "title": "Sr. VP of Claims", "yearBorn": 1968, "fiscalYear": 2022, "totalPay": 428189, "exercisedValue": 0, "unexercisedValue": 0}, {"maxAge": 1, "name": "Mr. Thomas P. Gibbons", "age": 57, "title": "Exec. VP & Chief Actuary", "yearBorn": 1965, "fiscalYear": 2022, "totalPay": 492968, "exercisedValue": 0, "unexercisedValue": 0}, {"maxAge": 1, "name": "Stephen Warren Ries", "title": "Head of Investor Relations, Sr. Corp. Counsel & Sec.", "exercisedValue": 0, "unexercisedValue": 0}, {"maxAge": 1, "name": "Ms. Cynthia Yvonne Valko", "age": 67, "title": "Advisory", "yearBorn": 1955, "fiscalYear": 2021, "exercisedValue": 0, "unexercisedValue": 0}, {"maxAge": 1, "name": "Mr. Michael Patrick Loftus", "title": "Sr. VP & Gen. Auditor", "exercisedValue": 0, "unexercisedValue": 0}, {"maxAge": 1, "name": "Mr. Stanley K. Lam", "age": 55, "title": "Sr. VP of the Penn-America Group", "yearBorn": 1967, "fiscalYear": 2020, "exercisedValue": 0, "unexercisedValue": 0}], "auditRisk": 6, "boardRisk": 10, "compensationRisk": 7, "shareHolderRightsRisk": 10, "overallRisk": 10, "governanceEpochDate": "2023-04-30 20:00:00", "compensationAsOfEpochDate": "2022-12-30 19:00:00", "maxAge": 86400, "latitude": 39.736501988832146, "longitude": -75.55120100060068}