{"address1": "20 East Bayard Street", "city": "Seneca Falls", "state": "NY", "zip": "13148", "country": "United States", "phone": "315 568 5855", "website": "https://www.mygenbank.com", "industry": "Banks\u2014Regional", "industryDisp": "Banks\u2014Regional", "sector": "Financial Services", "longBusinessSummary": "Generations Bancorp NY, Inc. operates as a holding company for Generations Bank that provides various banking products and services. The company accepts various deposit accounts, including demand, NOW, money market, savings, and certificates of deposit accounts. It also provides one- to four-family residential real estate, commercial real estate and multi-family, consumer business, manufactured home, automobile, student, recreational vehicle, construction, and other consumer loans, as well as home equity loans and lines of credit. In addition, it invests in securities, including corporate and municipal bonds issued by states, local municipalities, and schools in the northeastern United States; and mortgage-backed securities issued by the U.S. government sponsored entities and Federal Home Loan Bank stock, as well as offers insurance and other financial products. It operates through primary office in Seneca Falls, New York; and eight full-service branch offices and one drive-through facility located in Auburn, Farmington, Geneva, Medina, Phelps, Union Springs, and Waterloo, New York. The company was founded in 1870 and is headquartered in Seneca Falls, New York.", "fullTimeEmployees": 79, "companyOfficers": [{"maxAge": 1, "name": "Mr. Menzo D. Case", "age": 58, "title": "Pres, CEO & Director", "yearBorn": 1964, "fiscalYear": 2022, "totalPay": 364083, "exercisedValue": 0, "unexercisedValue": 0}, {"maxAge": 1, "name": "Ms. Angela M. Krezmer", "age": 36, "title": "Sr. VP & CFO", "yearBorn": 1986, "fiscalYear": 2022, "totalPay": 177857, "exercisedValue": 0, "unexercisedValue": 0}, {"maxAge": 1, "name": "Mr. Anthony G. Cutrona", "age": 60, "title": "Sr. VP of Growth & Profitability Officer", "yearBorn": 1962, "fiscalYear": 2022, "totalPay": 161720, "exercisedValue": 0, "unexercisedValue": 0}, {"maxAge": 1, "name": "Ms. Bonnie L. Morlang", "age": 68, "title": "Chief Accounting Officer, Human Resource Officer & Sr. VP", "yearBorn": 1954, "exercisedValue": 0, "unexercisedValue": 0}, {"maxAge": 1, "name": "Mr. Derek M. Dyson", "age": 32, "title": "Sr. VP & Chief Information Officer", "yearBorn": 1990, "exercisedValue": 0, "unexercisedValue": 0}, {"maxAge": 1, "name": "Michael  Reed", "title": "VP & Marketing Director", "exercisedValue": 0, "unexercisedValue": 0}, {"maxAge": 1, "name": "Lori M. Parish", "title": "Assistant VP & Corp. Sec.", "exercisedValue": 0, "unexercisedValue": 0}], "compensationAsOfEpochDate": "2022-12-30 19:00:00", "maxAge": 86400, "latitude": 42.90839075711946, "longitude": -76.79324800930603}