{"address1": "Aubin House", "address2": "15th Floor 171-172 Gloucester Road", "city": "Wan Chai", "country": "Hong Kong", "phone": "86 186 0217 2929", "industry": "Shell Companies", "industryDisp": "Shell Companies", "sector": "Financial Services", "longBusinessSummary": "Goldenbridge Acquisition Limited does not have significant operations. It intends to effect a merger, share exchange, asset acquisition, stock purchase, recapitalization, reorganization or similar business combination with one or more businesses or entities in the artificial intelligence and other related technology innovation markets. The company was incorporated in 2019 and is based in Wan Chai, Hong Kong.", "companyOfficers": [{"maxAge": 1, "name": "Mr. Yongsheng  Liu", "age": 52, "title": "CFO, CEO & Chairman", "yearBorn": 1970, "exercisedValue": 0, "unexercisedValue": 0}, {"maxAge": 1, "name": "Mr. Ray Lei  Chen", "age": 55, "title": "Chief Operating Officer", "yearBorn": 1967, "exercisedValue": 0, "unexercisedValue": 0}], "maxAge": 86400, "latitude": 22.279775143731285, "longitude": 114.17824021269485}