{"address1": "302 Main Street", "city": "Catskill", "state": "NY", "zip": "12414", "country": "United States", "phone": "518 943 2600", "website": "https://greenecountybancorp.q4ir.com", "industry": "Banks\u2014Regional", "industryDisp": "Banks\u2014Regional", "sector": "Financial Services", "longBusinessSummary": "Greene County Bancorp, Inc. operates as a holding company for The Bank of Greene County that provides various financial services in the United States. Its deposit products include savings, NOW accounts, money market accounts, certificates of deposit, non-interest bearing checking accounts, and individual retirement accounts. The company's loan portfolio consists of residential, construction and land, and multifamily mortgage loans; commercial real estate mortgage loans; consumer loans, such as loans on new and used automobiles, personal loans, and home equity loans, as well as other consumer installment loans, including passbook loans, unsecured home improvement loans, recreational vehicle loans, and deposit account overdrafts; commercial business loans; and commercial loans. The company was founded in 1889 and is based in Catskill, New York. Greene County Bancorp, Inc. is a subsidiary of Greene County Bancorp, MHC.", "fullTimeEmployees": 191, "companyOfficers": [{"maxAge": 1, "name": "Mr. Donald E. Gibson", "age": 57, "title": "Pres, CEO & Director", "yearBorn": 1965, "fiscalYear": 2022, "totalPay": 1785300, "exercisedValue": 0, "unexercisedValue": 0}, {"maxAge": 1, "name": "Ms. Michelle M. Plummer CPA, CGMA, CPA", "age": 56, "title": "Sr. EVP, CFO, COO & Director", "yearBorn": 1966, "fiscalYear": 2022, "totalPay": 1076900, "exercisedValue": 0, "unexercisedValue": 0}, {"maxAge": 1, "name": "Ms. Martha  Keeler", "title": "VP & Marketing Director", "exercisedValue": 0, "unexercisedValue": 0}, {"maxAge": 1, "name": "Ms. Susan  Timan", "title": "VP of e-Communications & Corp. Sec.", "exercisedValue": 0, "unexercisedValue": 0}, {"maxAge": 1, "name": "John  Antalek", "title": "Exec. VP & Commercial Chief Lending Officer", "exercisedValue": 0, "unexercisedValue": 0}], "auditRisk": 9, "boardRisk": 9, "compensationRisk": 6, "shareHolderRightsRisk": 5, "overallRisk": 8, "governanceEpochDate": "2023-04-30 20:00:00", "compensationAsOfEpochDate": "2022-12-30 19:00:00", "maxAge": 86400, "latitude": 42.216593605567056, "longitude": -73.86417953943096}