{"address1": "900 North Michigan Avenue", "address2": "Suite 1100", "city": "Chicago", "state": "IL", "zip": "60611-6558", "country": "United States", "phone": "312-506-6500", "fax": "312-506-6888", "website": "https://www.gcmgrosvenor.com", "industry": "Asset Management", "industryDisp": "Asset Management", "sector": "Financial Services", "longBusinessSummary": "GCM Grosvenor Inc. is global alternative asset management solutions provider. The firm primarily provides its services to pooled investment vehicles. It also provides its services to investment companies, high net worth individuals, pension and profit sharing plans and state or municipal government entities. The firm invests in equity and alternative investment markets of the United States and internationally. The firm invests in multi-strategy, credit-focused, equity-focused, macro-focused, commodity-focused, and other specialty portfolios. It focuses in hedge fund asset classes, private equity, real estate, and/or infrastructure, credit and absolute return strategies. It also focuses in primary fund investments, secondary fund investments, and co-investments with a focus on buyout, distressed debt, mezzanine, venture capital/growth equity investments. The firm seeks to do seed investments in small, emerging, and diverse private equity firms. The firm seeks to make regionally-focused investments in middle-market buyout. It prefers to invest in aerospace and defense, advanced electronics, information technology, biosciences, and advanced materials. It focuses on Ohio and the Midwest region. The firm employs fundamental and quantitative analysis. GCM Grosvenor Inc. was founded in 1971 and is based in Chicago, Illinois with additional offices in North America, Asia, Australia and Europe.", "fullTimeEmployees": 529, "companyOfficers": [{"maxAge": 1, "name": "Mr. Michael Jay Sacks", "age": 59, "title": "Chairman & CEO", "yearBorn": 1963, "fiscalYear": 2022, "totalPay": 5395574, "exercisedValue": 0, "unexercisedValue": 0}, {"maxAge": 1, "name": "Mr. Jonathan Reisin Levin", "title": "Pres, MD & Director", "fiscalYear": 2022, "totalPay": 7889221, "exercisedValue": 0, "unexercisedValue": 0}, {"maxAge": 1, "name": "Ms. Pamela Lyn Bentley CPA, CPA", "age": 50, "title": "MD & CFO", "yearBorn": 1972, "fiscalYear": 2022, "totalPay": 1001746, "exercisedValue": 0, "unexercisedValue": 0}, {"maxAge": 1, "name": "Mr. Frederick Emmer Pollock J.D.", "age": 42, "title": "MD, Chief Investment Officer & Head of Strategic Investment Group", "yearBorn": 1980, "fiscalYear": 2022, "totalPay": 11732192, "exercisedValue": 0, "unexercisedValue": 0}, {"maxAge": 1, "name": "Ms. Sandra Buchanan Hurse", "age": 57, "title": "MD & Chief HR Officer", "yearBorn": 1965, "fiscalYear": 2022, "totalPay": 1189298, "exercisedValue": 0, "unexercisedValue": 0}, {"maxAge": 1, "name": "Mr. Paul Allan Meister CPA", "title": "MD & Vice Chairman", "exercisedValue": 0, "unexercisedValue": 0}, {"maxAge": 1, "name": "Ms. Kathleen Patricia Sullivan CPA", "title": "Head of Accounting & Financial Reporting and MD of Fin. in Chicago", "exercisedValue": 0, "unexercisedValue": 0}, {"maxAge": 1, "name": "Mr. Eric David Levin", "title": "MD & CTO", "exercisedValue": 0, "unexercisedValue": 0}, {"maxAge": 1, "name": "Ms. Stacie Driebusch Selinger", "title": "MD, Head of Investor Relations & Head of Strategy and Corp. Devel.", "exercisedValue": 0, "unexercisedValue": 0}, {"maxAge": 1, "name": "Ms. Lilly  Farahnakian", "title": "Global Chief Compliance Officer and MD of Legal & Compliance", "exercisedValue": 0, "unexercisedValue": 0}], "auditRisk": 10, "boardRisk": 9, "compensationRisk": 9, "shareHolderRightsRisk": 9, "overallRisk": 10, "governanceEpochDate": "2023-04-30 20:00:00", "compensationAsOfEpochDate": "2022-12-30 19:00:00", "maxAge": 86400, "latitude": 41.89962498000804, "longitude": -87.6251389866812}