{"address1": "3107 Warrington Road", "city": "Shaker Heights", "state": "OH", "zip": "44120", "country": "United States", "phone": "216 633 6708", "website": "https://www.gardinerhealthcare.com", "industry": "Shell Companies", "industryDisp": "Shell Companies", "sector": "Financial Services", "longBusinessSummary": "Gardiner Healthcare Acquisitions Corp. does not have significant operations. The company intends to effect a merger, share exchange, asset acquisition, share purchase, reorganization, or similar business combination with one or more businesses. It focuses on identifying and acquiring a business in the healthcare or healthcare related industries. Gardiner Healthcare Acquisitions Corp. was incorporated in 2021 and is based in Shaker Heights, Ohio.", "companyOfficers": [{"maxAge": 1, "name": "Dr. Marc F. Pelletier Ph.D.", "age": 51, "title": "Chairman & CEO", "yearBorn": 1971, "fiscalYear": 2022, "totalPay": 192000, "exercisedValue": 0, "unexercisedValue": 0}, {"maxAge": 1, "name": "Mr. David P. Jenkins", "age": 60, "title": "Chief Financial Officer", "yearBorn": 1962, "fiscalYear": 2022, "totalPay": 70510, "exercisedValue": 0, "unexercisedValue": 0}, {"maxAge": 1, "name": "Dr. Paul R. McGuirk Ph.D.", "age": 70, "title": "Exec. VP, Chief Devel. Officer & Director", "yearBorn": 1952, "fiscalYear": 2022, "totalPay": 153600, "exercisedValue": 0, "unexercisedValue": 0}], "compensationAsOfEpochDate": "2022-12-30 19:00:00", "maxAge": 86400, "latitude": 41.47526699187014, "longitude": -81.57619196063662}