{"address1": "114 West 7th Street", "address2": "Suite 240", "city": "Austin", "state": "TX", "zip": "78701", "country": "United States", "phone": "626 765 2000", "website": "https://www.greendot.com", "industry": "Credit Services", "industryDisp": "Credit Services", "sector": "Financial Services", "longBusinessSummary": "Green Dot Corporation, a financial technology and bank holding company, provides various financial services to consumers and businesses in the United States. It operates through three segments: Consumer Services, Business to Business Services, and Money Movement Services. The company offers deposit account programs, including consumer and small business checking account products, network-branded reloadable prepaid debit cards and gift cards, and secured credit programs. It also provides money processing services, such as cash transfer services that enable consumers to deposit or pick up cash and pay bills with cash at the point-of-sale at any participating retailer; and simply paid disbursement services, which enable wages and authorized funds disbursement to its deposit account programs and accounts issued by any third-party bank or program manager. In addition, the company offers tax processing services comprising tax refund transfers, which provide the processing technology to facilitate receipt of a taxpayers' refund proceeds; small business lending to independent tax preparation providers that seek small advances; and fast cash advance, a loan that enables tax refund recipients. The company was incorporated in 1999 and is headquartered in Austin, Texas.", "fullTimeEmployees": 1200, "companyOfficers": [{"maxAge": 1, "name": "Mr. George W. Gresham", "age": 55, "title": "CEO, Pres & Director", "yearBorn": 1967, "fiscalYear": 2022, "totalPay": 1198445, "exercisedValue": 0, "unexercisedValue": 0}, {"maxAge": 1, "name": "Mr. Jess  Unruh", "age": 42, "title": "Chief Financial Officer", "yearBorn": 1980, "fiscalYear": 2022, "totalPay": 638814, "exercisedValue": 0, "unexercisedValue": 0}, {"maxAge": 1, "name": "Ms. Teresa  Watkins", "age": 41, "title": "Chief Operations Officer", "yearBorn": 1981, "fiscalYear": 2022, "totalPay": 496521, "exercisedValue": 0, "unexercisedValue": 0}, {"maxAge": 1, "name": "Mr. Chris  Ruppel", "age": 50, "title": "Chief Revenue Officer", "yearBorn": 1972, "fiscalYear": 2022, "totalPay": 2122066, "exercisedValue": 0, "unexercisedValue": 0}, {"maxAge": 1, "name": "Mr. Amit Lokesh Parikh", "age": 43, "title": "Exec. VP of Banking Platform Services", "yearBorn": 1979, "fiscalYear": 2022, "totalPay": 657827, "exercisedValue": 0, "unexercisedValue": 0}, {"maxAge": 1, "name": "Mr. Steven W. Streit", "age": 60, "title": "Founder & Chief Innovation Officer", "yearBorn": 1962, "fiscalYear": 2019, "exercisedValue": 0, "unexercisedValue": 0}, {"maxAge": 1, "name": "Mr. Gyorgy  Tomso", "title": "Chief Technology Officer", "exercisedValue": 0, "unexercisedValue": 0}, {"maxAge": 1, "name": "Mr. Timothy Wayne Willi", "title": "Sr. VP of Investor Relations & Corp. Devel.", "exercisedValue": 0, "unexercisedValue": 0}, {"maxAge": 1, "name": "Mr. Michael  Althouse", "title": "Chief Compliance Officer", "exercisedValue": 0, "unexercisedValue": 0}, {"maxAge": 1, "name": "Ms. Amy Myers Pugh", "age": 51, "title": "Gen. Counsel", "yearBorn": 1971, "exercisedValue": 0, "unexercisedValue": 0}], "auditRisk": 1, "boardRisk": 3, "compensationRisk": 8, "shareHolderRightsRisk": 2, "overallRisk": 3, "governanceEpochDate": "2023-04-30 20:00:00", "compensationAsOfEpochDate": "2022-12-30 19:00:00", "maxAge": 86400, "latitude": 30.269617983265604, "longitude": -97.74331702745674}