{"address1": "4360 East New York Street", "city": "Aurora", "state": "IL", "zip": "60504", "country": "United States", "phone": "330 352 7788", "industry": "Shell Companies", "industryDisp": "Shell Companies", "sector": "Financial Services", "longBusinessSummary": "Goldenstone Acquisition Limited does not have significant operations. It intends to enter into a merger, share exchange, asset acquisition, share purchase, recapitalization, reorganization, or other business combination with one or more businesses or entities. The company was incorporated in 2020 and is based in Aurora, Illinois.", "companyOfficers": [{"maxAge": 1, "name": "Mr. Eddie  Ni", "age": 59, "title": "CEO, Pres & Chairman", "yearBorn": 1963, "exercisedValue": 0, "unexercisedValue": 0}, {"maxAge": 1, "name": "Mr. Ray Lei  Chen", "age": 55, "title": "CFO & Director", "yearBorn": 1967, "exercisedValue": 0, "unexercisedValue": 0}, {"maxAge": 1, "name": "Mr. Yongsheng  Liu", "age": 52, "title": "Chief Operating Officer", "yearBorn": 1970, "exercisedValue": 0, "unexercisedValue": 0}], "maxAge": 86400, "latitude": 41.764124013373674, "longitude": -88.21101398589603}