{"address1": "800 South Street", "address2": "Suite 230", "city": "Waltham", "state": "MA", "zip": "02453", "country": "United States", "phone": "617-375-3006", "website": "https://www.greatelmcc.com", "industry": "Asset Management", "industryDisp": "Asset Management", "sector": "Financial Services", "longBusinessSummary": "Great Elm Capital Corp. is a business development company which specializes in loan and mezzanine, middle market investments. It invests in the debt instruments of middle market companies. The fund prefers to invest in media, commercial services and supplies, healthcare, telecommunication services, communications equipment. It typically makes equity investments between $3 million and $10 million in companies with revenues between $3 million and $75 million.", "companyOfficers": [{"maxAge": 1, "name": "Mr. Matt  Kaplan", "age": 35, "title": "CEO & Pres", "yearBorn": 1987, "exercisedValue": 0, "unexercisedValue": 0}, {"maxAge": 1, "name": "Ms. Keri A. Davis", "age": 38, "title": "CFO & Treasurer", "yearBorn": 1984, "fiscalYear": 2020, "totalPay": 0, "exercisedValue": 0, "unexercisedValue": 0}, {"maxAge": 1, "name": "Mr. Adam Michael Kleinman J.D.", "age": 47, "title": "Chief Compliance Officer & Sec.", "yearBorn": 1975, "fiscalYear": 2020, "totalPay": 0, "exercisedValue": 0, "unexercisedValue": 0}, {"maxAge": 1, "name": "Mr. Michael Patrick Keller", "title": "Pres - Specialty Fin. Bus.", "exercisedValue": 0, "unexercisedValue": 0}], "compensationAsOfEpochDate": "2020-12-30 19:00:00", "maxAge": 86400, "latitude": 42.354555079878565, "longitude": -71.26257140713864}