{"address1": "281 Witherspoon Street", "address2": "Suite 120", "city": "Princeton", "state": "NJ", "zip": "08540", "country": "United States", "phone": "609 466 0792", "website": "https://www.genesisunicorn.com", "industry": "Shell Companies", "industryDisp": "Shell Companies", "sector": "Financial Services", "longBusinessSummary": "Genesis Unicorn Capital Corp. does not have significant operations. It focuses on effecting a merger, share exchange, asset acquisition, stock purchase, recapitalization, reorganization, or similar business combination with one or more businesses in biotech and pharmaceutical-focused companies, businesses, or assets. Genesis Unicorn Capital Corp. was incorporated in 2021 and is based in Princeton, New Jersey.", "companyOfficers": [{"maxAge": 1, "name": "Dr. Adeoye Y. Olukotun M.D., M.P.H.", "age": 77, "title": "Chief Exec. Officer", "yearBorn": 1945, "exercisedValue": 0, "unexercisedValue": 0}, {"maxAge": 1, "name": "Mr. Hin Weng  Lui", "age": 48, "title": "Pres, CFO & Director", "yearBorn": 1974, "exercisedValue": 0, "unexercisedValue": 0}, {"maxAge": 1, "name": "Mr. Juan Fernandez Pascual", "age": 46, "title": "Chief Operating Officer", "yearBorn": 1976, "exercisedValue": 0, "unexercisedValue": 0}, {"maxAge": 1, "name": "Dr. Niel  Starksen M.D.", "age": 65, "title": "Chief Scientific Officer", "yearBorn": 1957, "exercisedValue": 0, "unexercisedValue": 0}], "maxAge": 86400, "latitude": 40.35754900442322, "longitude": -74.66265002948356}