{"address1": "12 East 49th Street", "address2": "11th Floor", "city": "New York", "state": "NY", "zip": "10017", "country": "United States", "phone": "(646) 450-1265", "website": "https://www.g4ginvestment.com", "industry": "Shell Companies", "industryDisp": "Shell Companies", "sector": "Financial Services", "longBusinessSummary": "The Growth for Good Acquisition Corporation does not have significant operations. The company intends to effect a merger, share exchange, asset acquisition, share purchase, reorganization, or similar business combination with one or more businesses or entities. The Growth for Good Acquisition Corporation was incorporated in 2021 and is based in New York, New York.", "companyOfficers": [{"maxAge": 1, "name": "Ms. Yana Watson Kakar", "age": 45, "title": "CEO & Director", "yearBorn": 1977, "exercisedValue": 0, "unexercisedValue": 0}, {"maxAge": 1, "name": "Mr. David  Birnbaum", "age": 46, "title": "Co-Pres & Chief Commercial Officer", "yearBorn": 1976, "exercisedValue": 0, "unexercisedValue": 0}, {"maxAge": 1, "name": "Ms. Dana  Barsky", "age": 54, "title": "Pres & Director", "yearBorn": 1968, "exercisedValue": 0, "unexercisedValue": 0}, {"maxAge": 1, "name": "Mr. Rahul  Kakar", "age": 47, "title": "CFO & COO", "yearBorn": 1975, "exercisedValue": 0, "unexercisedValue": 0}, {"maxAge": 1, "name": "Mr. Randall E. Harrigan", "title": "MD and Head of M&A", "exercisedValue": 0, "unexercisedValue": 0}], "maxAge": 86400, "latitude": 40.75737592799467, "longitude": -73.97687020431127}