{"address1": "1790 Hughes Landing Boulevard", "address2": "Suite 400", "city": "The Woodlands", "state": "TX", "zip": "77380", "country": "United States", "phone": "346-442-0819", "website": "https://www.grafacq.com", "industry": "Shell Companies", "industryDisp": "Shell Companies", "sector": "Financial Services", "longBusinessSummary": "Graf Acquisition Corp. IV does not have significant operations. It focuses on effecting a merger, capital stock exchange, asset acquisition, stock purchase, reorganization, or other business combination with one or more businesses. Graf Acquisition Corp. IV was incorporated in 2021 and is based in The Woodlands, Texas.", "companyOfficers": [{"maxAge": 1, "name": "Mr. James A. Graf", "age": 57, "title": "Chief Exec. Officer", "yearBorn": 1965, "exercisedValue": 0, "unexercisedValue": 0}, {"maxAge": 1, "name": "Mr. Anthony A. Kuznik", "age": 57, "title": "Exec. VP, Gen. Counsel, Sec. & Non-Independent Director", "yearBorn": 1965, "exercisedValue": 0, "unexercisedValue": 0}, {"maxAge": 1, "name": "Ms. Sabrina  McKee", "age": 54, "title": "Exec. VP of Strategy & Non-Independent Director", "yearBorn": 1968, "exercisedValue": 0, "unexercisedValue": 0}], "maxAge": 86400, "latitude": 30.173035995183994, "longitude": -95.4699990411615}