{"address1": "850 Library Avenue", "address2": "Suite 204", "city": "Newark", "state": "DE", "zip": "19711", "country": "United States", "phone": "970 315 2644", "website": "https://www.goldenfalconcorp.com", "industry": "Shell Companies", "industryDisp": "Shell Companies", "sector": "Financial Services", "longBusinessSummary": "Golden Falcon Acquisition Corp. does not have significant operations. It focuses effecting a merger, capital stock exchange, asset acquisition, stock purchase, reorganization, or similar business combination with one or more businesses or entities. The company was incorporated in 2020 and is based in Newark, Delaware. Golden Falcon Acquisition Corp. operates as a subsidiary of Golden Falcon Sponsor Group, LLC.", "companyOfficers": [{"maxAge": 1, "name": "Mr. Makram  Azar", "title": "CEO & Director", "exercisedValue": 0, "unexercisedValue": 0}, {"maxAge": 1, "name": "Mr. Eli  Muraidekh", "age": 54, "title": "CFO & Director", "yearBorn": 1968, "exercisedValue": 0, "unexercisedValue": 0}, {"maxAge": 1, "name": "Mr. John M. Basnage de Beauval", "age": 57, "title": "Gen. Counsel & Sec.", "yearBorn": 1965, "exercisedValue": 0, "unexercisedValue": 0}], "maxAge": 86400, "latitude": 39.680067011937524, "longitude": -75.73654097306381}