{"address1": "Bahnhofstrasse 3", "city": "Hergiswil", "zip": "6052", "country": "Switzerland", "phone": "41 78 607 99 01", "website": "https://www.genesisgrowthtechspac.com", "industry": "Shell Companies", "industryDisp": "Shell Companies", "sector": "Financial Services", "longBusinessSummary": "Genesis Growth Tech Acquisition Corp. does not have significant operations. The company focuses on effecting a merger, share exchange, asset acquisition, share purchase, reorganization, or similar business combination with one or more businesses or entities. It intends to focus its efforts on identifying technology companies operating primarily within the consumer internet industry in Europe, Israel, the United Arab Emirates, or the United States. The company was incorporated in 2021 and is based in Hergiswil, Switzerland.", "companyOfficers": [{"maxAge": 1, "name": "Mr. Michael  Lahyani", "age": 42, "title": "Co-Exec. Chairman, Chief Strategy Officer & Pres", "yearBorn": 1980, "exercisedValue": 0, "unexercisedValue": 0}, {"maxAge": 1, "name": "Mr. Eyal  Perez", "age": 36, "title": "Chairman, CEO & CFO", "yearBorn": 1986, "exercisedValue": 0, "unexercisedValue": 0}], "maxAge": 86400, "latitude": 46.98115495358647, "longitude": 8.310785073931697}