{"address1": "Teniente General Juan D. PerOn 430", "address2": "25th Floor", "city": "Buenos Aires", "zip": "1038", "country": "Argentina", "phone": "54 11 4343 7528", "fax": "54 11 4331 9183", "website": "https://www.gfgsa.com", "industry": "Banks\u2014Regional", "industryDisp": "Banks\u2014Regional", "sector": "Financial Services", "longBusinessSummary": "Grupo Financiero Galicia S.A., a financial service holding company, provides various financial products and services to individuals and companies in Argentina. The company operates through Banks, NaranjaX, Insurance, and Other Businesses segments. It also offers personal loans; express and mortgage loans; pledge and credit card loans; credit and debit cards; and online banking services, as well as savings, deposits, and checking accounts related services. In addition, the company offers financing products; consumer finance and digital banking services; electronic check; global custody services; Fima funds; financial and stock market services to individuals, companies, and financial institutions; foreign trade services; and capital market and investment banking products that include debt securities, short-term securities, and financial trusts. Further, it provides robbery, personal accident, life collective, home, life, integral, pet, surety, and technical insurance products. Additionally, the company offers private banking services to high net worth individuals; and operates digital investment platform. Grupo Financiero Galicia S.A. was founded in 1905 and is based in Buenos Aires, Argentina.", "fullTimeEmployees": 8764, "companyOfficers": [{"maxAge": 1, "name": "Mr. Fabian  Enrique Kon", "title": "GM & CEO", "exercisedValue": 0, "unexercisedValue": 0}, {"maxAge": 1, "name": "Mr. Diego H. Rivas", "title": "Chief Financial & Compliance Officer", "exercisedValue": 0, "unexercisedValue": 0}, {"maxAge": 1, "name": "Mr. Jose  Luis Ronsini", "age": 51, "title": "Admin. Mang.", "yearBorn": 1971, "exercisedValue": 0, "unexercisedValue": 0}, {"maxAge": 1, "name": "Mr. Pablo  Eduardo Firvida", "age": 55, "title": "Investor Relations Officer", "yearBorn": 1967, "exercisedValue": 0, "unexercisedValue": 0}, {"maxAge": 1, "name": "Mr. Adrian  Enrique Pedemonte", "title": "Head of Market Relations", "exercisedValue": 0, "unexercisedValue": 0}, {"maxAge": 1, "name": "Mr. Bruno  Folino", "title": "Chief Risk Officer", "exercisedValue": 0, "unexercisedValue": 0}], "maxAge": 86400, "latitude": -34.605580016321305, "longitude": -58.37278003728612}