{"address1": "14301 FNB Parkway", "address2": "Suite 211", "city": "Omaha", "state": "NE", "zip": "68154", "country": "United States", "phone": "402 952 1235", "website": "https://www.ghiinvestors.com", "industry": "Mortgage Finance", "industryDisp": "Mortgage Finance", "sector": "Financial Services", "longBusinessSummary": "Greystone Housing Impact Investors LP acquires, holds, sells, and deals in a portfolio of mortgage revenue bonds (MRBs) that are issued to provide construction and/or permanent financing for multifamily and student housing residential properties and commercial properties. It operates through four segments: Affordable Multifamily MRB Investments, Seniors and Skilled Nursing MRB Investments, MF Properties, Market-Rate Joint Venture Investments. The company was formerly known as America First Multifamily Investors, L.P. and changed its name to Greystone Housing Impact Investors LP in December 2022. The company was incorporated in 1998 and is based in Omaha, Nebraska.", "companyOfficers": [{"maxAge": 1, "name": "Mr. Kenneth C. Rogozinski", "age": 60, "title": "Chief Exec. Officer", "yearBorn": 1962, "exercisedValue": 0, "unexercisedValue": 0}, {"maxAge": 1, "name": "Mr. Jesse A. Coury", "age": 36, "title": "Chief Financial Officer", "yearBorn": 1986, "exercisedValue": 0, "unexercisedValue": 0}, {"maxAge": 1, "name": "Mr. Maurice E. Cox Jr.", "age": 80, "title": "Investor Relations Contact", "yearBorn": 1942, "exercisedValue": 0, "unexercisedValue": 0}, {"maxAge": 1, "name": "Mr. Andy  Grier", "title": "Sr. VP", "exercisedValue": 0, "unexercisedValue": 0}, {"maxAge": 1, "name": "Mr. Robert  Schultz", "title": "Managing Director", "exercisedValue": 0, "unexercisedValue": 0}, {"maxAge": 1, "name": "Mr. Neil S. B\u00f8", "title": "Managing Director", "exercisedValue": 0, "unexercisedValue": 0}, {"maxAge": 1, "name": "Mr. Frank  Bravo", "title": "Managing Director", "exercisedValue": 0, "unexercisedValue": 0}, {"maxAge": 1, "name": "Mr. Brett  Southworth", "title": "Managing Director", "exercisedValue": 0, "unexercisedValue": 0}, {"maxAge": 1, "name": "Mr. Jason R. Kaye", "title": "Managing Director", "exercisedValue": 0, "unexercisedValue": 0}], "maxAge": 86400, "latitude": 41.26459401625422, "longitude": -96.13798601373006}