{"address1": "6260 Lookout Road", "city": "Boulder", "state": "CO", "zip": "80301", "country": "United States", "phone": "(303) 531-3100", "fax": "(303) 531-3200", "industry": "Shell Companies", "industryDisp": "Shell Companies", "sector": "Financial Services", "longBusinessSummary": "Gores Holdings IX, Inc. does not have significant operations. It focuses on a merger, capital stock exchange, asset acquisition, stock purchase, reorganization, or similar business combination with one or more businesses. The company was incorporated in 2021 and is based in Boulder, Colorado.", "companyOfficers": [{"maxAge": 1, "name": "Mr. Mark R. Stone", "age": 58, "title": "Chief Exec. Officer", "yearBorn": 1964, "exercisedValue": 0, "unexercisedValue": 0}, {"maxAge": 1, "name": "Mr. Andrew  McBride", "age": 41, "title": "CFO & Sec.", "yearBorn": 1981, "exercisedValue": 0, "unexercisedValue": 0}], "maxAge": 86400, "latitude": 40.07002600471955, "longitude": -105.20743801500994}