{"address1": "1271 Avenue of the Americas", "city": "New York", "state": "NY", "zip": "10020", "country": "United States", "phone": "212 389 1500", "fax": "212 389 1700", "website": "https://www.greenhill.com", "industry": "Capital Markets", "industryDisp": "Capital Markets", "sector": "Financial Services", "longBusinessSummary": "Greenhill & Co., Inc., an independent investment bank, provides financial and strategic advisory services to corporations, partnerships, institutional investors, and governments worldwide. The company offers advisory services related to mergers and acquisitions, divestitures, restructurings, financings, private capital raising, and other similar transactions. It also advises clients on strategic matters, including activist shareholder defense, special committee projects, licensing deals, and joint ventures; and valuation, negotiation tactics, industry dynamics, structuring alternatives, and timing and pricing of transactions, as well as financing alternatives. In addition, the company provides restructuring advisory services to debtors, creditors, governments, and other stakeholders, and acquirers of distressed companies and assets; and advice on valuation, debt capacity, liability management, restructuring and  financing alternatives, capital structures, and M&A in both in-court and out-of-court processes. Further, it advises on private placements of debt and structured equity, refinancing of existing debt facilities, negotiating the modification, and amendment of covenants, as well as acts as an independent advisor. Additionally, the company offers financial advisory services to pension funds, endowments, and other institutional investors on transactions involving alternative assets; and advice to alternative asset fund sponsors for private capital raising, financing, restructuring, liquidity options, valuation, and related services. The company was founded in 1996 and is headquartered in New York, New York.", "fullTimeEmployees": 382, "companyOfficers": [{"maxAge": 1, "name": "Mr. Scott Lee Bok", "age": 62, "title": "Chairman & CEO", "yearBorn": 1960, "fiscalYear": 2022, "totalPay": 269618, "exercisedValue": 0, "unexercisedValue": 0}, {"maxAge": 1, "name": "Mr. David A. Wyles", "age": 53, "title": "Pres", "yearBorn": 1969, "fiscalYear": 2022, "totalPay": 620800, "exercisedValue": 0, "unexercisedValue": 0}, {"maxAge": 1, "name": "Mr. Kevin  Costantino", "age": 45, "title": "Pres and Co-Head of U.S. M&A", "yearBorn": 1977, "fiscalYear": 2022, "totalPay": 713793, "exercisedValue": 0, "unexercisedValue": 0}, {"maxAge": 1, "name": "Ms. Gitanjali Pinto Faleiro", "age": 44, "title": "Exec. Officer, MD, Gen. Counsel, Chief Compliance Officer & Corp. Sec.", "yearBorn": 1978, "fiscalYear": 2022, "totalPay": 636577, "exercisedValue": 0, "unexercisedValue": 0}, {"maxAge": 1, "name": "Mr. Robert Foster Greenhill Sr.", "age": 85, "title": "Founder & Chairman Emeritus", "yearBorn": 1937, "fiscalYear": 2016, "exercisedValue": 0, "unexercisedValue": 0}, {"maxAge": 1, "name": "Mr. Mark  Lasky", "age": 48, "title": "MD, CFO & Principal Accounting Officer", "yearBorn": 1974, "exercisedValue": 0, "unexercisedValue": 0}, {"maxAge": 1, "name": "Mr. Patrick J. Suehnholz", "title": "MD, Director of Investor Relations, COO of Investment Banking & Co-Head of US Financial Sponsors", "exercisedValue": 0, "unexercisedValue": 0}, {"maxAge": 1, "name": "Mr. John  Shaffer", "title": "MD & Chief Information Officer", "exercisedValue": 0, "unexercisedValue": 0}, {"maxAge": 1, "name": "Mr. James  Babski", "title": "MD & Head of Financial Technology", "exercisedValue": 0, "unexercisedValue": 0}, {"maxAge": 1, "name": "Mr. Michael  Cramer", "title": "MD & Head of European Industrial - Frankfurt", "exercisedValue": 0, "unexercisedValue": 0}], "auditRisk": 9, "boardRisk": 3, "compensationRisk": 4, "shareHolderRightsRisk": 1, "overallRisk": 2, "governanceEpochDate": "2023-04-30 20:00:00", "compensationAsOfEpochDate": "2022-12-30 19:00:00", "maxAge": 86400, "latitude": 40.76027264796218, "longitude": -73.98021886037624}