{"address1": "5887 Copley Drive", "city": "San Diego", "state": "CA", "zip": "92111", "country": "United States", "phone": "(858) 560-6330", "website": "https://www.guildmortgage.com", "industry": "Mortgage Finance", "industryDisp": "Mortgage Finance", "sector": "Financial Services", "longBusinessSummary": "Guild Holdings Company originates, sells, and services residential mortgage loans in the United States. It operates in two segments, Origination and Servicing. The company originates residential mortgages through retail and correspondent channels. Guild Holdings Company was incorporated in 1960 and is headquartered in San Diego, California.", "fullTimeEmployees": 4000, "companyOfficers": [{"maxAge": 1, "name": "Ms. Mary Ann McGarry CPA", "age": 63, "title": "CEO & Director", "yearBorn": 1959, "fiscalYear": 2022, "totalPay": 991695, "exercisedValue": 0, "unexercisedValue": 0}, {"maxAge": 1, "name": "Ms. Terry Lynn Schmidt", "age": 60, "title": "Pres & Director", "yearBorn": 1962, "fiscalYear": 2022, "totalPay": 815133, "exercisedValue": 0, "unexercisedValue": 0}, {"maxAge": 1, "name": "Ms. Desiree A. Kramer", "age": 39, "title": "Sr. VP & CFO", "yearBorn": 1983, "exercisedValue": 0, "unexercisedValue": 0}, {"maxAge": 1, "name": "Mr. David Manuel Neylan", "age": 46, "title": "Exec. VP & COO", "yearBorn": 1976, "exercisedValue": 0, "unexercisedValue": 0}, {"maxAge": 1, "name": "Ms. Kat  Foster", "title": "Sr. VP & Director of Credit Risk", "exercisedValue": 0, "unexercisedValue": 0}, {"maxAge": 1, "name": "Bella  Guerrero", "title": "Sec.", "exercisedValue": 0, "unexercisedValue": 0}], "compensationAsOfEpochDate": "2022-12-30 19:00:00", "maxAge": 86400, "latitude": 32.844592995403616, "longitude": -117.17425603287958}