{"address1": "1731 Embarcadero Road", "address2": "Suite 200", "city": "Palo Alto", "state": "CA", "zip": "94303", "country": "United States", "phone": "650 276 7040", "website": "https://www.gigcapital5.com", "industry": "Shell Companies", "industryDisp": "Shell Companies", "sector": "Financial Services", "longBusinessSummary": "GigCapital5, Inc. does not have significant operations. It intends to effect a merger, capital stock exchange, asset acquisition, stock purchase, reorganization, or similar business combination with one or more businesses. The company was incorporated in 2021 and is based in Palo Alto, California.", "companyOfficers": [{"maxAge": 1, "name": "Dr. Avishay S. Katz Ph.D.", "age": 64, "title": "Exec. Chairman", "yearBorn": 1958, "fiscalYear": 2022, "totalPay": 120000, "exercisedValue": 0, "unexercisedValue": 0}, {"maxAge": 1, "name": "Dr. Raluca  Dinu Ph.D.", "age": 49, "title": "Pres, CEO, Sec. & Director", "yearBorn": 1973, "fiscalYear": 2022, "totalPay": 120000, "exercisedValue": 0, "unexercisedValue": 0}, {"maxAge": 1, "name": "Mr. Walter Bradford Weightman", "age": 67, "title": "CFO & Treasurer", "yearBorn": 1955, "fiscalYear": 2022, "totalPay": 120000, "exercisedValue": 0, "unexercisedValue": 0}], "compensationAsOfEpochDate": "2022-12-30 19:00:00", "maxAge": 86400, "latitude": 37.450467020948636, "longitude": -122.11938796663628}