{"address1": "3700 South Stonebridge Drive", "city": "McKinney", "state": "TX", "zip": "75070", "country": "United States", "phone": "972 569 4000", "fax": "972 569 3282", "website": "https://www.globelifeinsurance.com", "industry": "Insurance\u2014Life", "industryDisp": "Insurance\u2014Life", "sector": "Financial Services", "longBusinessSummary": "Globe Life Inc., through its subsidiaries, provides various life and supplemental health insurance products, and annuities to lower middle to middle income households in the United States. The company operates through four segments: Life Insurance, Supplemental Health Insurance, Annuities, and Investments. It offers whole, term, and other life insurance products; Medicare supplement and supplemental health insurance products, such as critical illness and accident plans; and single-premium and flexible-premium deferred annuities. The company was formerly known as Torchmark Corporation and changed its name to Globe Life Inc. in August 2019. Globe Life Inc. was incorporated in 1979 and is headquartered in McKinney, Texas.", "fullTimeEmployees": 3543, "companyOfficers": [{"maxAge": 1, "name": "Mr. Frank Martin Svoboda", "age": 60, "title": "Co-Chairman & Co-CEO", "yearBorn": 1962, "fiscalYear": 2022, "totalPay": 1217036, "exercisedValue": 0, "unexercisedValue": 7938905}, {"maxAge": 1, "name": "Mr. James Matthew Darden", "age": 51, "title": "Co-Chairman & Co-CEO", "yearBorn": 1971, "fiscalYear": 2022, "totalPay": 1211586, "exercisedValue": 0, "unexercisedValue": 3376141}, {"maxAge": 1, "name": "Mr. Michael Clay Majors", "age": 59, "title": "Exec. VP of Policy Acquisition & Chief Strategy Officer", "yearBorn": 1963, "fiscalYear": 2022, "totalPay": 714090, "exercisedValue": 604134, "unexercisedValue": 1534095}, {"maxAge": 1, "name": "Mr. Steven Kelly Greer", "age": 49, "title": "Chief Exec. Officer of American Income Life Division", "yearBorn": 1973, "fiscalYear": 2022, "totalPay": 800675, "exercisedValue": 2079086, "unexercisedValue": 4878820}, {"maxAge": 1, "name": "Mr. Thomas Peter Kalmbach", "age": 57, "title": "Exec. VP & CFO", "yearBorn": 1965, "exercisedValue": 0, "unexercisedValue": 0}, {"maxAge": 1, "name": "Robert E. Hensley", "age": 54, "title": "Exec. VP & Chief Investment Officer", "yearBorn": 1968, "exercisedValue": 0, "unexercisedValue": 0}, {"maxAge": 1, "name": "Mr. M. Shane Henrie", "age": 48, "title": "Corp. Sr. VP & Chief Accounting Officer", "yearBorn": 1974, "exercisedValue": 0, "unexercisedValue": 0}, {"maxAge": 1, "name": "Christopher K. Tyler", "age": 48, "title": "Exec. VP & Chief Information Officer", "yearBorn": 1974, "exercisedValue": 0, "unexercisedValue": 0}, {"maxAge": 1, "name": "Ms. Dolores L. Skarjune", "age": 56, "title": "Exec. VP & Chief Admin. Officer", "yearBorn": 1966, "exercisedValue": 0, "unexercisedValue": 0}, {"maxAge": 1, "name": "Mr. Robert Brian Mitchell", "age": 58, "title": "Exec. VP, Gen. Counsel & Chief Risk Officer", "yearBorn": 1964, "exercisedValue": 0, "unexercisedValue": 0}], "auditRisk": 4, "boardRisk": 9, "compensationRisk": 7, "shareHolderRightsRisk": 3, "overallRisk": 6, "governanceEpochDate": "2023-04-30 20:00:00", "compensationAsOfEpochDate": "2022-12-30 19:00:00", "maxAge": 86400, "latitude": 33.17074801920482, "longitude": -96.72925703075214}