{"address1": "1521 Westbranch Drive", "address2": "Suite 100", "city": "McLean", "state": "VA", "zip": "22102", "country": "United States", "phone": "703-287-5800", "fax": "703-287-5901", "website": "https://www.gladstonecapital.com", "industry": "Asset Management", "industryDisp": "Asset Management", "sector": "Financial Services", "longBusinessSummary": "Gladstone Capital Corporation is a business development company specializing in lower middle market, growth capital, add on acquisitions, change of control, buy & build strategies, debt refinancing, debt investments in senior term loans, revolving loans, secured first and second lien term loans, senior subordinated loans, unitranche loans, junior subordinated loans, and mezzanine loans and equity investments in the form of common stock, preferred stock, limited liability company interests, or warrants. It operates as a business development company. The fund also makes private equity investments in acquisitions, buyouts and recapitalizations, and refinancing existing debts. It targets small and medium-sized companies in United States. It is industry agnostic and seeks to invest in companies engaged in the business services, light and specialty manufacturing, niche industrial products and services, specialty consumer products and services, energy services, transportation and logistics, healthcare and education services, specialty chemicals, media and communications and aerospace and defense. The fund seeks to invest between $7 million and $30 million in companies that have between $20 million and $150 million in sales and EBITDA between $3 million and $25 million. It prefers to acquire minority stakes. It seeks to exit its investments through strategic acquisitions by other industry participants or financial buyers, initial public offerings of common stock, or other capital market transactions.", "companyOfficers": [{"maxAge": 1, "name": "Mr. David John Gladstone", "age": 80, "title": "Chairman & CEO", "yearBorn": 1942, "fiscalYear": 2005, "exercisedValue": 0, "unexercisedValue": 0}, {"maxAge": 1, "name": "Mr. Terry Lee Brubaker", "age": 78, "title": "Chief Operating Officer", "yearBorn": 1944, "fiscalYear": 2006, "exercisedValue": 0, "unexercisedValue": 0}, {"maxAge": 1, "name": "Mr. Robert L. Marcotte", "age": 64, "title": "Pres", "yearBorn": 1958, "exercisedValue": 0, "unexercisedValue": 0}, {"maxAge": 1, "name": "Ms. Nicole  Schaltenbrand CPA", "age": 40, "title": "CFO & Treasurer", "yearBorn": 1982, "exercisedValue": 0, "unexercisedValue": 0}, {"maxAge": 1, "name": "Ms. Karin  McLaughlin", "title": "Investor Relation Specialist", "exercisedValue": 0, "unexercisedValue": 0}, {"maxAge": 1, "name": "Mr. John Anthony Dellafiora Jr., CPA", "title": "Chief Compliance Officer", "exercisedValue": 0, "unexercisedValue": 0}, {"maxAge": 1, "name": "Mr. Michael Bernard LiCalsi Esq., J.D.", "age": 52, "title": "Gen. Counsel & Sec.", "yearBorn": 1970, "exercisedValue": 0, "unexercisedValue": 0}, {"maxAge": 1, "name": "Ms. Paula  Novara", "age": 52, "title": "Head of Resource Management & Director", "yearBorn": 1970, "exercisedValue": 0, "unexercisedValue": 0}, {"maxAge": 1, "name": "Mr. David A. R. Dullum", "age": 74, "title": "Exec. VP, Pres of Private Fin. Mclean and Exec. MD of Private Fin. Mclean", "yearBorn": 1948, "fiscalYear": 2008, "totalPay": 28000, "exercisedValue": 0, "unexercisedValue": 0}, {"maxAge": 1, "name": "Mr. John  Sateri", "title": "Managing Director of Private Fin.", "exercisedValue": 0, "unexercisedValue": 0}], "compensationAsOfEpochDate": "2008-12-30 19:00:00", "maxAge": 86400, "latitude": 38.92716905517838, "longitude": -77.22076077816112}