{"address1": "101 Crain Highway, S.E.", "city": "Glen Burnie", "state": "MD", "zip": "21061", "country": "United States", "phone": "410 766 3300", "website": "https://www.thebankofglenburnie.com", "industry": "Banks\u2014Regional", "industryDisp": "Banks\u2014Regional", "sector": "Financial Services", "longBusinessSummary": "Glen Burnie Bancorp operates as the bank holding company for The Bank of Glen Burnie that provides commercial and retail banking services to individuals, associations, partnerships, and corporations. The company offers savings accounts, money market deposit accounts, demand deposit accounts, NOW checking accounts, IRA and SEP accounts, and certificates of deposit. It also provides residential and commercial real estate, construction, land acquisition and development, and secured and unsecured commercial loans, as well as consumer instalment lending, such as indirect automobile lending services; and residential first and second mortgage loans, home equity lines of credit, and commercial mortgage loans. In addition, the company offers safe deposit boxes, money orders, night depositories, automated clearinghouse transactions, wire transfers, and automated teller machine (ATM) services, as well as electronic banking services, such as telephone and online banking, bill pay, card management and control, mobile app, merchant source capture, mobile deposit capture, Zelle, etc. Further, it provides treasury services, including wire transfer and ACH services, and debit cards. Additionally, the company engages in the acquisition and disposition of other real estate properties. It serves customers in northern Anne Arundel county and surrounding areas from its main office and branch in Glen Burnie, Maryland; and branch offices in Odenton, Riviera Beach, Crownsville, Severn, Linthicum, and Severna Park, Maryland. The company also operates a remote ATM located in Pasadena, Maryland. Glen Burnie Bancorp was founded in 1949 and is based in Glen Burnie, Maryland.", "fullTimeEmployees": 89, "companyOfficers": [{"maxAge": 1, "name": "Mr. John D. Long", "age": 66, "title": "Pres, CEO & Director", "yearBorn": 1956, "fiscalYear": 2022, "totalPay": 365369, "exercisedValue": 0, "unexercisedValue": 0}, {"maxAge": 1, "name": "Mr. Jeffrey D. Harris", "age": 66, "title": "Sr. VP, Treasurer & CFO", "yearBorn": 1956, "fiscalYear": 2022, "totalPay": 208996, "exercisedValue": 0, "unexercisedValue": 0}, {"maxAge": 1, "name": "Ms. Michelle R. Stambaugh", "age": 62, "title": "Sr. VP, Corp. Sec. & HR Director", "yearBorn": 1960, "fiscalYear": 2022, "totalPay": 157207, "exercisedValue": 0, "unexercisedValue": 0}], "compensationAsOfEpochDate": "2022-12-30 19:00:00", "maxAge": 86400, "latitude": 39.1626240076323, "longitude": -76.62592300988078}