{"address1": "1180 Avenue of the Americas", "address2": "8th Floor", "city": "New York", "state": "NY", "zip": "10036", "country": "United States", "phone": "212 382 4605", "industry": "Shell Companies", "industryDisp": "Shell Companies", "sector": "Financial Services", "longBusinessSummary": "Globalink Investment Inc. does not have significant operations. The company focuses on effecting a merger, share exchange, asset acquisition, share purchase, reorganization, or similar business combination with one or more businesses. It intends to identify and acquire business in the technology industry within the e-commerce and payments sectors in North America, Europe, South East Asia, and Asia excluding China, Hong Kong, and Macau. Globalink Investment Inc. was incorporated in 2021 and is based in New York, New York.", "companyOfficers": [{"maxAge": 1, "name": "Mr. Say Leong  Lim", "age": 52, "title": "CEO & Chairman of Directors", "yearBorn": 1970, "exercisedValue": 0, "unexercisedValue": 0}, {"maxAge": 1, "name": "Mr. Kelvin  Chin", "title": "CFO & Director", "exercisedValue": 0, "unexercisedValue": 0}], "maxAge": 86400, "latitude": 40.75740815641237, "longitude": -73.98201225045231}