{"income_statement": {"annual": {"Year": {"1": "Selling, General & Admin", "2": "Other Operating Expenses", "3": "Operating Expenses", "4": "Operating Income", "5": "Other Expense / Income", "6": "Pretax Income", "7": "Income Tax", "8": "Net Income", "9": "Shares Outstanding (Basic)", "10": "Shares Outstanding (Diluted)", "11": "Shares Change", "12": "EPS (Basic)", "13": "EPS (Diluted)", "14": "Free Cash Flow Per Share", "15": "EBITDA", "16": "EBIT"}, "2022": {"1": "4.39", "2": "0.11", "3": "4.5", "4": "-4.5", "5": "-1.03", "6": "-3.48", "7": "0.15", "8": "-3.62", "9": "21", "10": "21", "11": "245.50%", "12": "-0.17", "13": "-0.17", "14": "-0.04", "15": "-3.48", "16": "-3.48"}, "2021": {"1": "0.18", "2": "0.29", "3": "0.47", "4": "-0.47", "5": "-0", "6": "-0.47", "7": "0", "8": "-0.47", "9": "6", "10": "6", "11": "-", "12": "-0.08", "13": "-0.08", "14": "-0.09", "15": "-0.47", "16": "-0.47"}}, "quarterly": {"Metrics": {"1": "Selling, General & Admin", "2": "Other Operating Expenses", "3": "Operating Expenses", "4": "Operating Income", "5": "Other Expense / Income", "6": "Pretax Income", "7": "Income Tax", "8": "Net Income", "9": "Shares Outstanding (Basic)", "10": "Shares Outstanding (Diluted)", "11": "Shares Change", "12": "EPS (Basic)", "13": "EPS (Diluted)", "14": "Free Cash Flow Per Share", "15": "Effective Tax Rate", "16": "EBITDA", "17": "EBIT"}, "2022-12-31": {"1": "0.39", "2": "0.03", "3": "0.42", "4": "-0.42", "5": "-1.29", "6": "0.87", "7": "0.26", "8": "0.61", "9": "21", "10": "21", "11": "-", "12": "0.03", "13": "0.03", "14": "-0.01", "15": "30.01%", "16": "0.87", "17": "0.87"}, "2022-09-30": {"1": "0.5", "2": "0.03", "3": "0.53", "4": "-0.53", "5": "-0.8", "6": "0.27", "7": "0.15", "8": "0.12", "9": "21", "10": "21", "11": "245.50%", "12": "0.01", "13": "0.01", "14": "-0.00", "15": "54.25%", "16": "0.27", "17": "0.27"}, "2022-06-30": {"1": "1.52", "2": "0.03", "3": "1.55", "4": "-1.55", "5": "-0.21", "6": "-1.34", "7": "0", "8": "-1.34", "9": "21", "10": "21", "11": "360.21%", "12": "-0.06", "13": "-0.06", "14": "-0.02", "15": "-", "16": "-1.34", "17": "-1.34"}, "2022-03-31": {"1": "0.36", "2": "0.03", "3": "0.38", "4": "-0.38", "5": "-0.01", "6": "-0.37", "7": "0", "8": "-0.37", "9": "21", "10": "21", "11": "417.74%", "12": "-0.02", "13": "-0.02", "14": "-0.00", "15": "-", "16": "-0.37", "17": "-0.37"}, "2021-12-31": {"1": "2.01", "2": "0.03", "3": "2.04", "4": "-2.04", "5": "-0", "6": "-2.04", "7": "0", "8": "-2.04", "9": "21", "10": "21", "11": "-", "12": "-0.10", "13": "-0.10", "14": "-0.01", "15": "-", "16": "-2.04", "17": "-2.04"}, "2021-09-30": {"1": "0.18", "2": "0.29", "3": "0.47", "4": "-0.47", "5": "-0", "6": "-0.46", "7": "0", "8": "-0.46", "9": "6", "10": "6", "11": "-", "12": "-0.08", "13": "-0.08", "14": "-", "15": "-", "16": "-", "17": "-0.46"}, "2021-06-30": {"1": "0", "2": "0", "3": "0", "4": "-0", "5": "-", "6": "-0", "7": "0", "8": "-0", "9": "5", "10": "5", "11": "-", "12": "-", "13": "-", "14": "-0.00", "15": "-", "16": "-0", "17": "-0"}, "2021-03-31": {"1": "0", "2": "0", "3": "0", "4": "-0", "5": "-", "6": "-0", "7": "0", "8": "-0", "9": "4", "10": "4", "11": "-", "12": "-", "13": "-", "14": "-", "15": "-", "16": "-0", "17": "-0"}}}, "balance_sheet": {"annual": {"Year": {"1": "Cash & Equivalents", "2": "Cash & Cash Equivalents", "3": "Cash Growth", "4": "Other Current Assets", "5": "Total Current Assets", "6": "Long-Term Investments", "7": "Other Long-Term Assets", "8": "Total Long-Term Assets", "9": "Total Assets", "10": "Accounts Payable", "11": "Current Debt", "12": "Other Current Liabilities", "13": "Total Current Liabilities", "14": "Other Long-Term Liabilities", "15": "Total Long-Term Liabilities", "16": "Total Liabilities", "17": "Total Debt", "18": "Common Stock", "19": "Retained Earnings", "20": "Shareholders' Equity", "21": "Total Liabilities and Equity", "22": "Net Cash / Debt", "23": "Net Cash Per Share", "24": "Working Capital", "25": "Book Value Per Share"}, "2022": {"1": "0.18", "2": "0.18", "3": "-73.00%", "4": "0.06", "5": "0.24", "6": "150.84", "7": "0", "8": "150.84", "9": "151.08", "10": "3.14", "11": "0.25", "12": "0.3", "13": "3.68", "14": "150.55", "15": "150.55", "16": "154.23", "17": "0.25", "18": "0.94", "19": "-4.09", "20": "-3.15", "21": "151.08", "22": "-0.07", "23": "-0.00", "24": "-3.45", "25": "-0.15"}, "2021": {"1": "0.66", "2": "0.66", "3": "-", "4": "0.26", "5": "0.92", "6": "150", "7": "0.2", "8": "150.2", "9": "151.12", "10": "0.09", "11": "0", "12": "0.12", "13": "0.21", "14": "150", "15": "150", "16": "150.21", "17": "0", "18": "1.38", "19": "-0.47", "20": "0.91", "21": "151.12", "22": "0.66", "23": "0.11", "24": "0.71", "25": "0.15"}}, "quarterly": {"Metrics": {"1": "Cash & Equivalents", "2": "Cash & Cash Equivalents", "3": "Cash Growth", "4": "Other Current Assets", "5": "Total Current Assets", "6": "Long-Term Investments", "7": "Other Long-Term Assets", "8": "Total Long-Term Assets", "9": "Total Assets", "10": "Accounts Payable", "11": "Current Debt", "12": "Other Current Liabilities", "13": "Total Current Liabilities", "14": "Other Long-Term Liabilities", "15": "Total Long-Term Liabilities", "16": "Total Liabilities", "17": "Total Debt", "18": "Debt Growth", "19": "Common Stock", "20": "Retained Earnings", "21": "Shareholders' Equity", "22": "Total Liabilities and Equity", "23": "Net Cash / Debt", "24": "Net Cash Per Share", "25": "Working Capital", "26": "Book Value Per Share"}, "2022-12-31": {"1": "0.36", "2": "0.36", "3": "-13.45%", "4": "0.01", "5": "0.37", "6": "153.63", "7": "0", "8": "153.63", "9": "154", "10": "3.16", "11": "2.2", "12": "0.61", "13": "5.97", "14": "153.03", "15": "153.03", "16": "159", "17": "2.2", "18": "-", "19": "0.97", "20": "-5.96", "21": "-4.99", "22": "154", "23": "-1.84", "24": "-0.09", "25": "-5.6", "26": "-0.24"}, "2022-09-30": {"1": "0.18", "2": "0.18", "3": "-73.00%", "4": "0.06", "5": "0.24", "6": "150.84", "7": "0", "8": "150.84", "9": "151.08", "10": "3.14", "11": "0.25", "12": "0.3", "13": "3.68", "14": "150.55", "15": "150.55", "16": "154.23", "17": "0.25", "18": "-", "19": "0.94", "20": "-4.09", "21": "-3.15", "22": "151.08", "23": "-0.07", "24": "-0.00", "25": "-3.45", "26": "-0.15"}, "2022-06-30": {"1": "0.44", "2": "0.44", "3": "3099.93%", "4": "0.16", "5": "0.6", "6": "150.11", "7": "0", "8": "150.11", "9": "150.71", "10": "2.88", "11": "0.48", "12": "0.1", "13": "3.46", "14": "150", "15": "150", "16": "153.46", "17": "0.48", "18": "264.96%", "19": "1.46", "20": "-4.21", "21": "-2.75", "22": "150.71", "23": "-0.04", "24": "-0.00", "25": "-2.86", "26": "-0.13"}, "2022-03-31": {"1": "0.34", "2": "0.34", "3": "448.79%", "4": "0.23", "5": "0.57", "6": "150.02", "7": "0", "8": "150.02", "9": "150.59", "10": "1.84", "11": "0", "12": "0.19", "13": "2.03", "14": "150", "15": "150", "16": "152.03", "17": "0", "18": "-", "19": "1.44", "20": "-2.88", "21": "-1.44", "22": "150.59", "23": "0.34", "24": "0.02", "25": "-1.46", "26": "-0.07"}, "2021-12-31": {"1": "0.42", "2": "0.42", "3": "-", "4": "0.34", "5": "0.76", "6": "150", "7": "0", "8": "150", "9": "150.76", "10": "1.79", "11": "0", "12": "0.07", "13": "1.86", "14": "150", "15": "150", "16": "151.86", "17": "0", "18": "-", "19": "1.41", "20": "-2.51", "21": "-1.1", "22": "150.76", "23": "0.42", "24": "0.02", "25": "-1.1", "26": "-0.05"}, "2021-09-30": {"1": "0.66", "2": "0.66", "3": "-", "4": "0.26", "5": "0.92", "6": "150", "7": "0.2", "8": "150.2", "9": "151.12", "10": "0.09", "11": "0", "12": "0.12", "13": "0.21", "14": "150", "15": "150", "16": "150.21", "17": "0", "18": "-", "19": "1.38", "20": "-0.47", "21": "0.91", "22": "151.12", "23": "0.66", "24": "0.11", "25": "0.71", "26": "0.15"}, "2021-06-30": {"1": "0.01", "2": "0.01", "3": "-", "4": "-", "5": "-", "6": "-", "7": "-", "8": "-", "9": "0.22", "10": "0", "11": "0.13", "12": "0.06", "13": "0.19", "14": "0", "15": "0", "16": "0.19", "17": "0.13", "18": "-", "19": "0.03", "20": "-0", "21": "0.02", "22": "0.22", "23": "-0.12", "24": "-0.03", "25": "-", "26": "0.01"}, "2021-03-31": {"1": "0.06", "2": "0.06", "3": "-", "4": "-", "5": "-", "6": "-", "7": "-", "8": "-", "9": "0.14", "10": "0", "11": "0.11", "12": "0.01", "13": "0.11", "14": "0", "15": "0", "16": "0.11", "17": "0.11", "18": "-", "19": "0.03", "20": "-0", "21": "0.02", "22": "0.14", "23": "-0.04", "24": "-0.01", "25": "-", "26": "0.01"}}}, "cash_flow_statement": {"annual": {"Year": {"1": "Net Income", "2": "Share-Based Compensation", "3": "Other Operating Activities", "4": "Operating Cash Flow", "5": "Change in Investments", "6": "Investing Cash Flow", "7": "Share Issuance / Repurchase", "8": "Debt Issued / Paid", "9": "Other Financing Activities", "10": "Financing Cash Flow", "11": "Net Cash Flow", "12": "Free Cash Flow", "13": "Free Cash Flow Per Share"}, "2022": {"1": "-3.62", "2": "0.11", "3": "2.6", "4": "-0.91", "5": "0.18", "6": "0.18", "7": "0", "8": "0.25", "9": "-", "10": "0.25", "11": "-0.48", "12": "-0.91", "13": "-0.04"}, "2021": {"1": "-0.47", "2": "0.29", "3": "-0.34", "4": "-0.53", "5": "-150", "6": "-150", "7": "153.13", "8": "0", "9": "-1.95", "10": "151.18", "11": "0.66", "12": "-0.53", "13": "-0.09"}}, "quarterly": {"Metrics": {"1": "Net Income", "2": "Share-Based Compensation", "3": "Other Operating Activities", "4": "Operating Cash Flow", "5": "Change in Investments", "6": "Investing Cash Flow", "7": "Share Issuance / Repurchase", "8": "Debt Issued / Paid", "9": "Other Financing Activities", "10": "Financing Cash Flow", "11": "Net Cash Flow", "12": "Free Cash Flow", "13": "Free Cash Flow Per Share"}, "2022-12-31": {"1": "0.61", "2": "0.03", "3": "-0.9", "4": "-0.26", "5": "-1.5", "6": "-1.5", "7": "0", "8": "1.95", "9": "-", "10": "1.95", "11": "0.19", "12": "-0.26", "13": "-0.01"}, "2022-09-30": {"1": "0.12", "2": "0.03", "3": "-0.24", "4": "-0.09", "5": "0.06", "6": "0.06", "7": "0", "8": "-0.23", "9": "-", "10": "-0.23", "11": "-0.26", "12": "-0.09", "13": "-0.00"}, "2022-06-30": {"1": "-1.34", "2": "0.03", "3": "0.8", "4": "-0.51", "5": "0", "6": "0", "7": "0", "8": "0.48", "9": "-", "10": "0.48", "11": "0.1", "12": "-0.51", "13": "-0.02"}, "2022-03-31": {"1": "-0.37", "2": "0.03", "3": "0.27", "4": "-0.08", "5": "0", "6": "0", "7": "0", "8": "0", "9": "-", "10": "0", "11": "-0.08", "12": "-0.08", "13": "-0.00"}, "2021-12-31": {"1": "-2.04", "2": "0.03", "3": "1.77", "4": "-0.24", "5": "0", "6": "0", "7": "0", "8": "0", "9": "-", "10": "0", "11": "-0.24", "12": "-0.24", "13": "-0.01"}, "2021-09-30": {"1": "-0.46", "2": "-", "3": "0.46", "4": "-", "5": "-", "6": "-", "7": "-", "8": "-", "9": "-", "10": "-", "11": "-", "12": "-", "13": "-"}, "2021-06-30": {"1": "-0", "2": "0", "3": "-0", "4": "-0.01", "5": "0", "6": "0", "7": "-0.03", "8": "0.03", "9": "-0.04", "10": "-0.04", "11": "-0.05", "12": "-0.01", "13": "-0.00"}, "2021-03-31": {"1": "-0", "2": "0", "3": "0", "4": "-0", "5": "0", "6": "0", "7": "0.03", "8": "0.11", "9": "-0.07", "10": "0.06", "11": "0.06", "12": "-0", "13": "-"}}}, "ratios": {"annual": {"Year": {"1": "Market Capitalization", "2": "Market Cap Growth", "3": "Enterprise Value", "4": "PE Ratio", "5": "PB Ratio", "6": "P/FCF Ratio", "7": "P/OCF Ratio", "8": "EV/EBITDA Ratio", "9": "EV/EBIT Ratio", "10": "EV/FCF Ratio", "11": "Debt / Equity Ratio", "12": "Debt / EBITDA Ratio", "13": "Debt / FCF Ratio", "14": "Current Ratio", "15": "Return on Equity (ROE)", "16": "Return on Assets (ROA)", "17": "Return on Capital (ROIC)", "18": "Earnings Yield", "19": "FCF Yield", "20": "Buyback Yield / Dilution", "21": "Total Shareholder Return"}, "Current": {"1": "212", "2": "-", "3": "214", "4": "-213.95", "5": "-41.97", "6": "-222.89", "7": "-222.89", "8": "-368.58", "9": "-368.58", "10": "-224.85", "11": "-0.44", "12": "-3.84", "13": "-2.34", "14": "0.06", "15": "31.80%", "16": "-0.60%", "17": "-0.40%", "18": "-0.46%", "19": "-0.44%", "20": "-245.50%", "21": "-245.50%"}, "2022": {"1": "205", "2": "-5.15%", "3": "206", "4": "-56.71", "5": "-65.23", "6": "-224.81", "7": "-224.81", "8": "-59.10", "9": "-59.10", "10": "-224.89", "11": "-0.08", "12": "-0.07", "13": "-0.28", "14": "0.07", "15": "171.70%", "16": "-2.40%", "17": "-2.40%", "18": "-1.76%", "19": "-0.44%", "20": "-", "21": "-"}, "2021": {"1": "217", "2": "-", "3": "216", "4": "-461.93", "5": "237.90", "6": "-411.92", "7": "-411.92", "8": "-460.53", "9": "-460.53", "10": "-410.67", "11": "-", "12": "-", "13": "-", "14": "4.39", "15": "-", "16": "-", "17": "-", "18": "-0.22%", "19": "-0.24%", "20": null, "21": null}}, "quarterly": {"Metrics": {"1": "Market Capitalization", "2": "Market Cap Growth", "3": "Enterprise Value", "4": "PE Ratio", "5": "PB Ratio", "6": "Debt / Equity Ratio", "7": "Current Ratio", "8": "Buyback Yield / Dilution", "9": "Total Shareholder Return"}, "Current": {"1": "212", "2": "-", "3": "214", "4": "-213.95", "5": "-41.97", "6": "-0.44", "7": "0.06", "8": "-", "9": "-"}, "2022-12-31": {"1": "210", "2": "3.37%", "3": "211", "4": "-213.95", "5": "-41.97", "6": "-0.44", "7": "0.06", "8": "-245.50%", "9": "-245.50%"}, "2022-09-30": {"1": "205", "2": "-5.15%", "3": "206", "4": "-56.71", "5": "-65.23", "6": "-0.08", "7": "0.07", "8": "-360.21%", "9": "-360.21%"}, "2022-06-30": {"1": "204", "2": "-", "3": "204", "4": "-48.55", "5": "-74.30", "6": "-0.18", "7": "0.17", "8": "-417.74%", "9": "-417.74%"}, "2022-03-31": {"1": "203", "2": "-", "3": "203", "4": "-70.74", "5": "-141.02", "6": "-", "7": "0.28", "8": "-", "9": "-"}, "2021-12-31": {"1": "203", "2": "-", "3": "202", "4": "-80.94", "5": "-184.70", "6": "-", "7": "0.41", "8": "-", "9": "-"}, "2021-09-30": {"1": "217", "2": "-", "3": "216", "4": "-461.93", "5": "237.90", "6": "-", "7": "4.39", "8": "-", "9": "-"}, "2021-06-30": {"1": "-", "2": "-", "3": "0", "4": "-", "5": "-", "6": "5.37", "7": "-", "8": "-", "9": "-"}, "2021-03-31": {"1": "-", "2": "-", "3": "0", "4": "-", "5": "-", "6": "4.76", "7": "-", "8": null, "9": null}}}, "stock_price": {"symbol": {"0": "AACI", "1": "AACI", "2": "AACI", "3": "AACI", "4": "AACI", "5": "AACI", "6": "AACI", "7": "AACI", "8": "AACI", "9": "AACI", "10": "AACI", "11": "AACI", "12": "AACI", "13": "AACI", "14": "AACI", "15": "AACI", "16": "AACI", "17": "AACI", "18": "AACI", "19": "AACI", "20": "AACI", "21": "AACI", "22": "AACI", "23": "AACI", "24": "AACI", "25": "AACI", "26": "AACI", "27": "AACI", "28": "AACI", "29": "AACI", "30": "AACI", "31": "AACI", "32": "AACI", "33": "AACI", "34": "AACI", "35": "AACI", "36": "AACI", "37": "AACI", "38": "AACI", "39": "AACI", "40": "AACI", "41": "AACI", "42": "AACI", "43": "AACI", "44": "AACI", "45": "AACI", "46": "AACI", "47": "AACI", "48": "AACI", "49": "AACI", "50": "AACI", "51": "AACI", "52": "AACI", "53": "AACI", "54": "AACI", "55": "AACI", "56": "AACI", "57": "AACI", "58": "AACI", "59": "AACI", "60": "AACI", "61": "AACI", "62": "AACI", "63": "AACI", "64": "AACI", "65": "AACI", "66": "AACI", "67": "AACI", "68": "AACI", "69": "AACI", "70": "AACI", "71": "AACI", "72": "AACI", "73": "AACI", "74": "AACI", "75": "AACI", "76": "AACI", "77": "AACI", "78": "AACI", "79": "AACI", "80": "AACI", "81": "AACI", "82": "AACI", "83": "AACI", "84": "AACI", "85": "AACI", "86": "AACI", "87": "AACI", "88": "AACI", "89": "AACI", "90": "AACI", "91": "AACI", "92": "AACI", "93": "AACI", "94": "AACI", "95": "AACI", "96": "AACI", "97": "AACI", "98": "AACI", "99": "AACI", "100": "AACI", "101": "AACI", "102": "AACI", "103": "AACI", "104": "AACI", "105": "AACI", "106": "AACI", "107": "AACI", "108": "AACI", "109": "AACI", "110": "AACI", "111": "AACI", "112": "AACI", "113": "AACI", "114": "AACI", "115": "AACI", "116": "AACI", "117": "AACI", "118": "AACI", "119": "AACI", "120": "AACI", "121": "AACI", "122": "AACI", "123": "AACI", "124": "AACI", "125": "AACI", "126": "AACI", "127": "AACI", "128": "AACI", "129": "AACI", "130": "AACI", "131": "AACI", "132": "AACI", "133": "AACI", "134": "AACI", "135": "AACI", "136": "AACI", "137": "AACI", "138": "AACI", "139": "AACI", "140": "AACI", "141": "AACI", "142": "AACI", "143": "AACI", "144": "AACI", "145": "AACI", "146": "AACI", "147": "AACI", "148": "AACI", "149": "AACI", "150": "AACI", "151": "AACI", "152": "AACI", "153": "AACI", "154": "AACI", "155": "AACI", "156": "AACI", "157": "AACI", "158": "AACI", "159": "AACI", "160": "AACI", "161": "AACI", "162": "AACI", "163": "AACI", "164": "AACI", "165": "AACI", "166": "AACI", "167": "AACI", "168": "AACI", "169": "AACI", "170": "AACI", "171": "AACI", "172": "AACI", "173": "AACI", "174": "AACI", "175": "AACI", "176": "AACI", "177": "AACI", "178": "AACI", "179": "AACI", "180": "AACI", "181": "AACI", "182": "AACI", "183": "AACI", "184": "AACI", "185": "AACI", "186": "AACI", "187": "AACI", "188": "AACI", "189": "AACI", "190": "AACI", "191": "AACI", "192": "AACI", "193": "AACI", "194": "AACI", "195": "AACI", "196": "AACI", "197": "AACI", "198": "AACI", "199": "AACI", "200": "AACI", "201": "AACI", "202": "AACI", "203": "AACI", "204": "AACI", "205": "AACI", "206": "AACI", "207": "AACI", "208": "AACI", "209": "AACI", "210": "AACI", "211": "AACI", "212": "AACI", "213": "AACI", "214": "AACI", "215": "AACI", "216": "AACI", "217": "AACI", "218": "AACI", "219": "AACI", "220": "AACI", "221": "AACI", "222": "AACI", "223": "AACI", "224": "AACI", "225": "AACI", "226": "AACI", "227": "AACI", "228": "AACI", "229": "AACI", "230": "AACI", "231": "AACI", "232": "AACI", "233": "AACI", "234": "AACI", "235": "AACI", "236": "AACI", "237": "AACI", "238": "AACI", "239": "AACI", "240": "AACI", "241": "AACI", "242": "AACI", "243": "AACI", "244": "AACI", "245": "AACI", "246": "AACI", "247": "AACI", "248": "AACI", "249": "AACI", "250": "AACI", "251": "AACI", "252": "AACI", "253": "AACI", "254": "AACI", "255": "AACI", "256": "AACI", "257": "AACI", "258": "AACI", "259": "AACI", "260": "AACI", "261": "AACI", "262": "AACI", "263": "AACI", "264": "AACI", "265": "AACI", "266": "AACI", "267": "AACI", "268": "AACI", "269": "AACI", "270": "AACI", "271": "AACI", "272": "AACI", "273": "AACI", "274": "AACI", "275": "AACI", "276": "AACI", "277": "AACI", "278": "AACI", "279": "AACI", "280": "AACI", "281": "AACI", "282": "AACI", "283": "AACI", "284": "AACI", "285": "AACI", "286": "AACI", "287": "AACI", "288": "AACI", "289": "AACI", "290": "AACI", "291": "AACI", "292": "AACI", "293": "AACI", "294": "AACI", "295": "AACI", "296": "AACI", "297": "AACI", "298": "AACI", "299": "AACI", "300": "AACI", "301": "AACI", "302": "AACI", "303": "AACI", "304": "AACI", "305": "AACI", "306": "AACI", "307": "AACI", "308": "AACI", "309": "AACI", "310": "AACI", "311": "AACI", "312": "AACI", "313": "AACI", "314": "AACI", "315": "AACI", "316": "AACI", "317": "AACI", "318": "AACI", "319": "AACI", "320": "AACI", "321": "AACI", "322": "AACI", "323": "AACI", "324": "AACI", "325": "AACI", "326": "AACI", "327": "AACI", "328": "AACI", "329": "AACI", "330": "AACI", "331": "AACI", "332": "AACI", "333": "AACI", "334": "AACI", "335": "AACI", "336": "AACI", "337": "AACI", "338": "AACI", "339": "AACI", "340": "AACI", "341": "AACI", "342": "AACI", "343": "AACI", "344": "AACI", "345": "AACI", "346": "AACI", "347": "AACI", "348": "AACI", "349": "AACI", "350": "AACI", "351": "AACI", "352": "AACI", "353": "AACI", "354": "AACI", "355": "AACI", "356": "AACI", "357": "AACI", "358": "AACI", "359": "AACI", "360": "AACI", "361": "AACI", "362": "AACI", "363": "AACI", "364": "AACI", "365": "AACI", "366": "AACI", "367": "AACI", "368": "AACI", "369": "AACI", "370": "AACI", "371": "AACI", "372": "AACI", "373": "AACI", "374": "AACI", "375": "AACI", "376": "AACI", "377": "AACI", "378": "AACI", "379": "AACI", "380": "AACI", "381": "AACI", "382": "AACI", "383": "AACI", "384": "AACI", "385": "AACI", "386": "AACI", "387": "AACI", "388": "AACI", "389": "AACI", "390": "AACI", "391": "AACI", "392": "AACI", "393": "AACI", "394": "AACI", "395": "AACI", "396": "AACI", "397": "AACI", "398": "AACI", "399": "AACI", "400": "AACI", "401": "AACI", "402": "AACI", "403": "AACI", "404": "AACI", "405": "AACI", "406": "AACI", "407": "AACI", "408": "AACI", "409": "AACI"}, "date": {"0": "2021-11-10", "1": "2021-11-11", "2": "2021-11-12", "3": "2021-11-15", "4": "2021-11-16", "5": "2021-11-17", "6": "2021-11-18", "7": "2021-11-19", "8": "2021-11-22", "9": "2021-11-23", "10": "2021-11-24", "11": "2021-11-26", "12": "2021-11-29", "13": "2021-11-30", "14": "2021-12-01", "15": "2021-12-02", "16": "2021-12-03", "17": "2021-12-06", "18": "2021-12-07", "19": "2021-12-08", "20": "2021-12-09", "21": "2021-12-10", "22": "2021-12-13", "23": "2021-12-14", "24": "2021-12-15", "25": "2021-12-16", "26": "2021-12-17", "27": "2021-12-20", "28": "2021-12-21", "29": "2021-12-22", "30": "2021-12-23", "31": "2021-12-27", "32": "2021-12-28", "33": "2021-12-29", "34": "2021-12-30", "35": "2021-12-31", "36": "2022-01-03", "37": "2022-01-04", "38": "2022-01-05", "39": "2022-01-06", "40": "2022-01-07", "41": "2022-01-10", "42": "2022-01-11", "43": "2022-01-12", "44": "2022-01-13", "45": "2022-01-14", "46": "2022-01-18", "47": "2022-01-19", "48": "2022-01-20", "49": "2022-01-21", "50": "2022-01-24", "51": "2022-01-25", "52": "2022-01-26", "53": "2022-01-27", "54": "2022-01-28", "55": "2022-01-31", "56": "2022-02-01", "57": "2022-02-02", "58": "2022-02-03", "59": "2022-02-04", "60": "2022-02-07", "61": "2022-02-08", "62": "2022-02-09", "63": "2022-02-10", "64": "2022-02-11", "65": "2022-02-14", "66": "2022-02-15", "67": "2022-02-16", "68": "2022-02-17", "69": "2022-02-18", "70": "2022-02-22", "71": "2022-02-23", "72": "2022-02-24", "73": "2022-02-25", "74": "2022-02-28", "75": "2022-03-01", "76": "2022-03-02", "77": "2022-03-03", "78": "2022-03-04", "79": "2022-03-07", "80": "2022-03-08", "81": "2022-03-09", "82": "2022-03-10", "83": "2022-03-11", "84": "2022-03-14", "85": "2022-03-15", "86": "2022-03-16", "87": "2022-03-17", "88": "2022-03-18", "89": "2022-03-21", "90": "2022-03-22", "91": "2022-03-23", "92": "2022-03-24", "93": "2022-03-25", "94": "2022-03-28", "95": "2022-03-29", "96": "2022-03-30", "97": "2022-03-31", "98": "2022-04-01", "99": "2022-04-04", "100": "2022-04-05", "101": "2022-04-06", "102": "2022-04-07", "103": "2022-04-08", "104": "2022-04-11", "105": "2022-04-12", "106": "2022-04-13", "107": "2022-04-14", "108": "2022-04-18", "109": "2022-04-19", "110": "2022-04-20", "111": "2022-04-21", "112": "2022-04-22", "113": "2022-04-25", "114": "2022-04-26", "115": "2022-04-27", "116": "2022-04-28", "117": "2022-04-29", "118": "2022-05-02", "119": "2022-05-03", "120": "2022-05-04", "121": "2022-05-05", "122": "2022-05-06", "123": "2022-05-09", "124": "2022-05-10", "125": "2022-05-11", "126": "2022-05-12", "127": "2022-05-13", "128": "2022-05-16", "129": "2022-05-17", "130": "2022-05-18", "131": "2022-05-19", "132": "2022-05-20", "133": "2022-05-23", "134": "2022-05-24", "135": "2022-05-25", "136": "2022-05-26", "137": "2022-05-27", "138": "2022-05-31", "139": "2022-06-01", "140": "2022-06-02", "141": "2022-06-03", "142": "2022-06-06", "143": "2022-06-07", "144": "2022-06-08", "145": "2022-06-09", "146": "2022-06-10", "147": "2022-06-13", "148": "2022-06-14", "149": "2022-06-15", "150": "2022-06-16", "151": "2022-06-17", "152": "2022-06-21", "153": "2022-06-22", "154": "2022-06-23", "155": "2022-06-24", "156": "2022-06-27", "157": "2022-06-28", "158": "2022-06-29", "159": "2022-06-30", "160": "2022-07-01", "161": "2022-07-05", "162": "2022-07-06", "163": "2022-07-07", "164": "2022-07-08", "165": "2022-07-11", "166": "2022-07-12", "167": "2022-07-13", "168": "2022-07-14", "169": "2022-07-15", "170": "2022-07-18", "171": "2022-07-19", "172": "2022-07-20", "173": "2022-07-21", "174": "2022-07-22", "175": "2022-07-25", "176": "2022-07-26", "177": "2022-07-27", "178": "2022-07-28", "179": "2022-07-29", "180": "2022-08-01", "181": "2022-08-02", "182": "2022-08-03", "183": "2022-08-04", "184": "2022-08-05", "185": "2022-08-08", "186": "2022-08-09", "187": "2022-08-10", "188": "2022-08-11", "189": "2022-08-12", "190": "2022-08-15", "191": "2022-08-16", "192": "2022-08-17", "193": "2022-08-18", "194": "2022-08-19", "195": "2022-08-22", "196": "2022-08-23", "197": "2022-08-24", "198": "2022-08-25", "199": "2022-08-26", "200": "2022-08-29", "201": "2022-08-30", "202": "2022-08-31", "203": "2022-09-01", "204": "2022-09-02", "205": "2022-09-06", "206": "2022-09-07", "207": "2022-09-08", "208": "2022-09-09", "209": "2022-09-12", "210": "2022-09-13", "211": "2022-09-14", "212": "2022-09-15", "213": "2022-09-16", "214": "2022-09-19", "215": "2022-09-20", "216": "2022-09-21", "217": "2022-09-22", "218": "2022-09-23", "219": "2022-09-26", "220": "2022-09-27", "221": "2022-09-28", "222": "2022-09-29", "223": "2022-09-30", "224": "2022-10-03", "225": "2022-10-04", "226": "2022-10-05", "227": "2022-10-06", "228": "2022-10-07", "229": "2022-10-10", "230": "2022-10-11", "231": "2022-10-12", "232": "2022-10-13", "233": "2022-10-14", "234": "2022-10-17", "235": "2022-10-18", "236": "2022-10-19", "237": "2022-10-20", "238": "2022-10-21", "239": "2022-10-24", "240": "2022-10-25", "241": "2022-10-26", "242": "2022-10-27", "243": "2022-10-28", "244": "2022-10-31", "245": "2022-11-01", "246": "2022-11-02", "247": "2022-11-03", "248": "2022-11-04", "249": "2022-11-07", "250": "2022-11-08", "251": "2022-11-09", "252": "2022-11-10", "253": "2022-11-11", "254": "2022-11-14", "255": "2022-11-15", "256": "2022-11-16", "257": "2022-11-17", "258": "2022-11-18", "259": "2022-11-21", "260": "2022-11-22", "261": "2022-11-23", "262": "2022-11-25", "263": "2022-11-28", "264": "2022-11-29", "265": "2022-11-30", "266": "2022-12-01", "267": "2022-12-02", "268": "2022-12-05", "269": "2022-12-06", "270": "2022-12-07", "271": "2022-12-08", "272": "2022-12-09", "273": "2022-12-12", "274": "2022-12-13", "275": "2022-12-14", "276": "2022-12-15", "277": "2022-12-16", "278": "2022-12-19", "279": "2022-12-20", "280": "2022-12-21", "281": "2022-12-22", "282": "2022-12-23", "283": "2022-12-27", "284": "2022-12-28", "285": "2022-12-29", "286": "2022-12-30", "287": "2023-01-03", "288": "2023-01-04", "289": "2023-01-05", "290": "2023-01-06", "291": "2023-01-09", "292": "2023-01-10", "293": "2023-01-11", "294": "2023-01-12", "295": "2023-01-13", "296": "2023-01-17", "297": "2023-01-18", "298": "2023-01-19", "299": "2023-01-20", "300": "2023-01-23", "301": "2023-01-24", "302": "2023-01-25", "303": "2023-01-26", "304": "2023-01-27", "305": "2023-01-30", "306": "2023-01-31", "307": "2023-02-01", "308": "2023-02-02", "309": "2023-02-03", "310": "2023-02-06", "311": "2023-02-07", "312": "2023-02-08", "313": "2023-02-09", "314": "2023-02-10", "315": "2023-02-13", "316": "2023-02-14", "317": "2023-02-15", "318": "2023-02-16", "319": "2023-02-17", "320": "2023-02-21", "321": "2023-02-22", "322": "2023-02-23", "323": "2023-02-24", "324": "2023-02-27", "325": "2023-02-28", "326": "2023-03-01", "327": "2023-03-02", "328": "2023-03-03", "329": "2023-03-06", "330": "2023-03-07", "331": "2023-03-08", "332": "2023-03-09", "333": "2023-03-10", "334": "2023-03-13", "335": "2023-03-14", "336": "2023-03-15", "337": "2023-03-16", "338": "2023-03-17", "339": "2023-03-20", "340": "2023-03-21", "341": "2023-03-22", "342": "2023-03-23", "343": "2023-03-24", "344": "2023-03-27", "345": "2023-03-28", "346": "2023-03-29", "347": "2023-03-30", "348": "2023-03-31", "349": "2023-04-03", "350": "2023-04-04", "351": "2023-04-05", "352": "2023-04-06", "353": "2023-04-10", "354": "2023-04-11", "355": "2023-04-12", "356": "2023-04-13", "357": "2023-04-14", "358": "2023-04-17", "359": "2023-04-18", "360": "2023-04-19", "361": "2023-04-20", "362": "2023-04-21", "363": "2023-04-24", "364": "2023-04-25", "365": "2023-04-26", "366": "2023-04-27", "367": "2023-04-28", "368": "2023-05-01", "369": "2023-05-02", "370": "2023-05-03", "371": "2023-05-04", "372": "2023-05-05", "373": "2023-05-08", "374": "2023-05-09", "375": "2023-05-10", "376": "2023-05-11", "377": "2023-05-12", "378": "2023-05-15", "379": "2023-05-16", "380": "2023-05-17", "381": "2023-05-18", "382": "2023-05-19", "383": "2023-05-22", "384": "2023-05-23", "385": "2023-05-24", "386": "2023-05-25", "387": "2023-05-26", "388": "2023-05-30", "389": "2023-05-31", "390": "2023-06-01", "391": "2023-06-02", "392": "2023-06-05", "393": "2023-06-06", "394": "2023-06-07", "395": "2023-06-08", "396": "2023-06-09", "397": "2023-06-12", "398": "2023-06-13", "399": "2023-06-14", "400": "2023-06-15", "401": "2023-06-16", "402": "2023-06-20", "403": "2023-06-21", "404": "2023-06-22", "405": "2023-06-23", "406": "2023-06-26", "407": "2023-06-27", "408": "2023-06-28", "409": "2023-06-29"}, "open": {"0": 9.770000457763672, "1": 9.760000228881836, "2": 9.779999732971191, "3": 9.779999732971191, "4": 9.75, "5": 9.729999542236328, "6": 9.779999732971191, "7": 9.789999961853027, "8": 9.840999603271484, "9": 9.800000190734863, "10": 9.789999961853027, "11": 9.34000015258789, "12": 9.890000343322754, "13": 9.78499984741211, "14": 9.880000114440918, "15": 9.779999732971191, "16": 9.770000457763672, "17": 9.770000457763672, "18": 9.779999732971191, "19": 9.770000457763672, "20": 9.770000457763672, "21": 9.75, "22": 9.75, "23": 9.75, "24": 9.739999771118164, "25": 9.75, "26": 9.800000190734863, "27": 9.779999732971191, "28": 9.795000076293945, "29": 9.819999694824219, "30": 9.819999694824219, "31": 9.84000015258789, "32": 9.800000190734863, "33": 9.800000190734863, "34": 9.8100004196167, "35": 9.800000190734863, "36": 9.8100004196167, "37": 9.869999885559082, "38": 9.899999618530273, "39": 9.800000190734863, "40": 9.890000343322754, "41": 9.84000015258789, "42": 9.850000381469727, "43": 9.850000381469727, "44": 9.850000381469727, "45": 9.850000381469727, "46": 9.86400032043457, "47": 9.855999946594238, "48": 9.84000015258789, "49": 9.84000015258789, "50": 9.850000381469727, "51": 9.824999809265137, "52": 9.800000190734863, "53": 9.800000190734863, "54": 9.800000190734863, "55": 9.800000190734863, "56": 9.829999923706055, "57": 9.890000343322754, "58": 9.822999954223633, "59": 9.822999954223633, "60": 9.822999954223633, "61": 9.84000015258789, "62": 9.84000015258789, "63": 9.84000015258789, "64": 9.90999984741211, "65": 9.850000381469727, "66": 9.85200023651123, "67": 9.890000343322754, "68": 9.890000343322754, "69": 9.829999923706055, "70": 9.800000190734863, "71": 9.8100004196167, "72": 9.8100004196167, "73": 9.8100004196167, "74": 9.800000190734863, "75": 9.800000190734863, "76": 9.800000190734863, "77": 9.8100004196167, "78": 9.8100004196167, "79": 9.8100004196167, "80": 9.819999694824219, "81": 9.8100004196167, "82": 9.819999694824219, "83": 9.819999694824219, "84": 9.819999694824219, "85": 9.859999656677246, "86": 9.845000267028809, "87": 9.845000267028809, "88": 9.845000267028809, "89": 9.829999923706055, "90": 9.899999618530273, "91": 9.84000015258789, "92": 9.829999923706055, "93": 9.833000183105469, "94": 9.869999885559082, "95": 9.871000289916992, "96": 9.871000289916992, "97": 9.859999656677246, "98": 9.819999694824219, "99": 9.84000015258789, "100": 9.84000015258789, "101": 9.845000267028809, "102": 9.840999603271484, "103": 9.989999771118164, "104": 9.850000381469727, "105": 9.850000381469727, "106": 9.850000381469727, "107": 9.850000381469727, "108": 9.850000381469727, "109": 9.850000381469727, "110": 9.850000381469727, "111": 9.850000381469727, "112": 9.850000381469727, "113": 9.850000381469727, "114": 9.850000381469727, "115": 9.875, "116": 9.859999656677246, "117": 9.859999656677246, "118": 9.859999656677246, "119": 9.890000343322754, "120": 9.859999656677246, "121": 9.859999656677246, "122": 9.859999656677246, "123": 9.859999656677246, "124": 9.859999656677246, "125": 9.859999656677246, "126": 9.859999656677246, "127": 9.859999656677246, "128": 9.854999542236328, "129": 9.84000015258789, "130": 9.84000015258789, "131": 9.84000015258789, "132": 9.84000015258789, "133": 9.85099983215332, "134": 9.85099983215332, "135": 9.850000381469727, "136": 9.890000343322754, "137": 9.850000381469727, "138": 9.859999656677246, "139": 9.859999656677246, "140": 9.880000114440918, "141": 9.869999885559082, "142": 9.869999885559082, "143": 9.869999885559082, "144": 9.850000381469727, "145": 9.875, "146": 9.880000114440918, "147": 9.859999656677246, "148": 9.859999656677246, "149": 9.850000381469727, "150": 9.850000381469727, "151": 9.850000381469727, "152": 9.84000015258789, "153": 9.859999656677246, "154": 9.84000015258789, "155": 9.880000114440918, "156": 9.880000114440918, "157": 9.875, "158": 9.880000114440918, "159": 9.90999984741211, "160": 9.869999885559082, "161": 9.890000343322754, "162": 9.869999885559082, "163": 9.899999618530273, "164": 9.878000259399414, "165": 9.869999885559082, "166": 9.880999565124512, "167": 9.895000457763672, "168": 9.880000114440918, "169": 9.880000114440918, "170": 9.895000457763672, "171": 9.890000343322754, "172": 9.890000343322754, "173": 9.890000343322754, "174": 9.890000343322754, "175": 9.890000343322754, "176": 9.90999984741211, "177": 9.913000106811523, "178": 9.913000106811523, "179": 9.920000076293945, "180": 9.920000076293945, "181": 9.90999984741211, "182": 9.90999984741211, "183": 9.90999984741211, "184": 9.90999984741211, "185": 9.90999984741211, "186": 9.90999984741211, "187": 9.930000305175781, "188": 9.930000305175781, "189": 9.930000305175781, "190": 9.930000305175781, "191": 9.930000305175781, "192": 9.930000305175781, "193": 9.930000305175781, "194": 9.930000305175781, "195": 9.920000076293945, "196": 9.90999984741211, "197": 9.90999984741211, "198": 9.90999984741211, "199": 9.899999618530273, "200": 9.899999618530273, "201": 9.899999618530273, "202": 9.90999984741211, "203": 9.899999618530273, "204": 9.920000076293945, "205": 9.890000343322754, "206": 9.890000343322754, "207": 9.890000343322754, "208": 9.890000343322754, "209": 9.89799976348877, "210": 9.890000343322754, "211": 9.899999618530273, "212": 9.920000076293945, "213": 9.920000076293945, "214": 9.920000076293945, "215": 9.920000076293945, "216": 9.91100025177002, "217": 9.899999618530273, "218": 9.90999984741211, "219": 10.100000381469727, "220": 9.930000305175781, "221": 9.930000305175781, "222": 9.920000076293945, "223": 9.920000076293945, "224": 9.920000076293945, "225": 9.979999542236328, "226": 10.100000381469727, "227": 9.930000305175781, "228": 9.925000190734863, "229": 9.925000190734863, "230": 9.920000076293945, "231": 9.920000076293945, "232": 9.920000076293945, "233": 9.920000076293945, "234": 9.920000076293945, "235": 9.920000076293945, "236": 9.930000305175781, "237": 9.9399995803833, "238": 9.9399995803833, "239": 9.930000305175781, "240": 9.930000305175781, "241": 9.949999809265137, "242": 9.960000038146973, "243": 9.979999542236328, "244": 9.979999542236328, "245": 9.96500015258789, "246": 9.96500015258789, "247": 9.96500015258789, "248": 9.96500015258789, "249": 9.979999542236328, "250": 9.960000038146973, "251": 9.960000038146973, "252": 9.970000267028809, "253": 9.979999542236328, "254": 9.970000267028809, "255": 9.970000267028809, "256": 9.96500015258789, "257": 9.970000267028809, "258": 9.970000267028809, "259": 9.970000267028809, "260": 9.989999771118164, "261": 9.975000381469727, "262": 9.979999542236328, "263": 10.0, "264": 9.984000205993652, "265": 9.979999542236328, "266": 9.989999771118164, "267": 9.994999885559082, "268": 9.989999771118164, "269": 9.989999771118164, "270": 9.993000030517578, "271": 9.994999885559082, "272": 9.989999771118164, "273": 10.0, "274": 10.010000228881836, "275": 10.017999649047852, "276": 10.017999649047852, "277": 10.050000190734863, "278": 10.0600004196167, "279": 10.0600004196167, "280": 10.0600004196167, "281": 10.0600004196167, "282": 10.0600004196167, "283": 10.0600004196167, "284": 10.069999694824219, "285": 10.100000381469727, "286": 10.180000305175781, "287": 10.119999885559082, "288": 10.130000114440918, "289": 10.130000114440918, "290": 10.15999984741211, "291": 10.164999961853027, "292": 10.164999961853027, "293": 10.164999961853027, "294": 10.170000076293945, "295": 10.130000114440918, "296": 10.180000305175781, "297": 10.399999618530273, "298": 10.09000015258789, "299": 10.15999984741211, "300": 10.140000343322754, "301": 10.135000228881836, "302": 10.128999710083008, "303": 9.510000228881836, "304": 10.949999809265137, "305": 10.40999984741211, "306": 10.699999809265137, "307": 10.600000381469727, "308": 10.420000076293945, "309": 10.579999923706055, "310": 10.225000381469727, "311": 10.579999923706055, "312": 10.399999618530273, "313": 10.199999809265137, "314": 10.039999961853027, "315": 10.041000366210938, "316": 10.050000190734863, "317": 10.095000267028809, "318": 10.039999961853027, "319": 10.140000343322754, "320": 10.029999732971191, "321": 10.039999961853027, "322": 10.029999732971191, "323": 10.029999732971191, "324": 10.029999732971191, "325": 10.100000381469727, "326": 10.100000381469727, "327": 10.039999961853027, "328": 10.039999961853027, "329": 10.039999961853027, "330": 10.045000076293945, "331": 10.039999961853027, "332": 10.039999961853027, "333": 10.039999961853027, "334": 10.039999961853027, "335": 10.039999961853027, "336": 10.039999961853027, "337": 10.039999961853027, "338": 10.0600004196167, "339": 10.09000015258789, "340": 10.09000015258789, "341": 10.09000015258789, "342": 10.09000015258789, "343": 10.09000015258789, "344": 10.069999694824219, "345": 10.069999694824219, "346": 10.069999694824219, "347": 10.093000411987305, "348": 10.079999923706055, "349": 10.09000015258789, "350": 10.09000015258789, "351": 10.100000381469727, "352": 10.100000381469727, "353": 10.095000267028809, "354": 10.100000381469727, "355": 10.100000381469727, "356": 10.100000381469727, "357": 10.100000381469727, "358": 10.100000381469727, "359": 10.100000381469727, "360": 10.109999656677246, "361": 10.109999656677246, "362": 10.145000457763672, "363": 10.145000457763672, "364": 10.109999656677246, "365": 10.1899995803833, "366": 10.1899995803833, "367": 10.1899995803833, "368": 10.1899995803833, "369": 10.1899995803833, "370": 10.1899995803833, "371": 10.119999885559082, "372": 10.119999885559082, "373": 10.119999885559082, "374": 10.180000305175781, "375": 10.199999809265137, "376": 10.199999809265137, "377": 10.199999809265137, "378": 10.199999809265137, "379": 10.229999542236328, "380": 10.25, "381": 10.25, "382": 10.270000457763672, "383": 10.270000457763672, "384": 10.270000457763672, "385": 10.260000228881836, "386": 10.25, "387": 10.199999809265137, "388": 10.220000267028809, "389": 10.380000114440918, "390": 10.25, "391": 10.23900032043457, "392": 10.23900032043457, "393": 10.23900032043457, "394": 10.23900032043457, "395": 10.23900032043457, "396": 10.23900032043457, "397": 10.199999809265137, "398": 10.199999809265137, "399": 10.199999809265137, "400": 10.199999809265137, "401": 10.199999809265137, "402": 10.199999809265137, "403": 10.220000267028809, "404": 10.25, "405": 10.25, "406": 10.300000190734863, "407": 10.300000190734863, "408": 10.380000114440918, "409": 10.449999809265137}, "high": {"0": 9.779999732971191, "1": 9.819999694824219, "2": 9.800000190734863, "3": 9.789999961853027, "4": 9.779999732971191, "5": 9.789999961853027, "6": 9.800000190734863, "7": 9.817999839782715, "8": 9.859000205993652, "9": 9.805000305175781, "10": 9.789999961853027, "11": 9.34000015258789, "12": 9.890000343322754, "13": 9.78499984741211, "14": 9.880000114440918, "15": 9.789999961853027, "16": 9.779999732971191, "17": 9.789999961853027, "18": 9.789999961853027, "19": 9.770000457763672, "20": 9.770000457763672, "21": 9.779999732971191, "22": 9.75, "23": 9.75, "24": 9.75, "25": 9.75, "26": 9.824999809265137, "27": 9.802000045776367, "28": 9.8149995803833, "29": 9.84000015258789, "30": 9.819999694824219, "31": 9.850000381469727, "32": 9.890000343322754, "33": 9.800000190734863, "34": 9.819999694824219, "35": 9.800000190734863, "36": 9.90999984741211, "37": 9.899999618530273, "38": 9.899999618530273, "39": 9.800000190734863, "40": 9.890000343322754, "41": 9.890000343322754, "42": 9.850000381469727, "43": 9.850000381469727, "44": 9.859999656677246, "45": 9.854999542236328, "46": 9.86400032043457, "47": 9.855999946594238, "48": 9.84000015258789, "49": 9.84000015258789, "50": 9.869999885559082, "51": 9.824999809265137, "52": 9.800000190734863, "53": 9.800000190734863, "54": 9.800000190734863, "55": 9.800000190734863, "56": 9.949999809265137, "57": 9.890000343322754, "58": 9.822999954223633, "59": 9.822999954223633, "60": 9.822999954223633, "61": 9.84000015258789, "62": 9.84000015258789, "63": 9.84000015258789, "64": 9.90999984741211, "65": 9.869999885559082, "66": 9.907999992370605, "67": 9.890000343322754, "68": 9.890000343322754, "69": 9.829999923706055, "70": 9.84000015258789, "71": 9.829999923706055, "72": 9.8100004196167, "73": 9.8100004196167, "74": 9.8100004196167, "75": 9.800000190734863, "76": 9.800000190734863, "77": 9.8100004196167, "78": 9.8100004196167, "79": 9.819999694824219, "80": 9.829999923706055, "81": 9.84000015258789, "82": 9.819999694824219, "83": 9.819999694824219, "84": 9.859999656677246, "85": 9.859999656677246, "86": 9.845000267028809, "87": 9.845000267028809, "88": 9.845000267028809, "89": 9.84000015258789, "90": 9.899999618530273, "91": 9.84000015258789, "92": 9.829999923706055, "93": 9.869999885559082, "94": 9.869999885559082, "95": 9.871000289916992, "96": 9.871000289916992, "97": 9.859999656677246, "98": 9.819999694824219, "99": 9.84000015258789, "100": 9.84000015258789, "101": 9.869999885559082, "102": 9.859999656677246, "103": 9.989999771118164, "104": 9.850000381469727, "105": 9.850000381469727, "106": 9.850000381469727, "107": 9.850000381469727, "108": 9.850000381469727, "109": 9.850000381469727, "110": 9.850000381469727, "111": 9.850000381469727, "112": 9.850000381469727, "113": 9.850000381469727, "114": 9.850000381469727, "115": 9.875, "116": 9.859999656677246, "117": 9.859999656677246, "118": 9.859999656677246, "119": 9.890000343322754, "120": 9.859999656677246, "121": 9.859999656677246, "122": 9.859999656677246, "123": 9.859999656677246, "124": 9.859999656677246, "125": 9.859999656677246, "126": 9.859999656677246, "127": 9.859999656677246, "128": 9.854999542236328, "129": 9.84000015258789, "130": 9.84000015258789, "131": 9.84000015258789, "132": 9.84000015258789, "133": 9.85099983215332, "134": 9.85099983215332, "135": 9.859999656677246, "136": 9.890000343322754, "137": 9.859999656677246, "138": 9.859999656677246, "139": 9.869999885559082, "140": 9.890000343322754, "141": 9.880000114440918, "142": 9.869999885559082, "143": 9.869999885559082, "144": 9.869999885559082, "145": 9.890000343322754, "146": 9.880000114440918, "147": 9.859999656677246, "148": 9.864999771118164, "149": 9.850000381469727, "150": 9.850000381469727, "151": 9.850000381469727, "152": 9.84000015258789, "153": 9.859999656677246, "154": 9.84000015258789, "155": 9.880000114440918, "156": 9.880000114440918, "157": 9.875, "158": 9.880000114440918, "159": 9.90999984741211, "160": 9.869999885559082, "161": 9.890000343322754, "162": 9.880000114440918, "163": 9.899999618530273, "164": 9.878000259399414, "165": 9.869999885559082, "166": 9.880999565124512, "167": 9.895000457763672, "168": 9.880000114440918, "169": 9.885000228881836, "170": 9.895000457763672, "171": 9.90999984741211, "172": 9.890000343322754, "173": 9.890000343322754, "174": 9.89799976348877, "175": 9.890000343322754, "176": 9.90999984741211, "177": 9.913000106811523, "178": 9.913000106811523, "179": 9.920000076293945, "180": 9.920000076293945, "181": 9.90999984741211, "182": 9.90999984741211, "183": 9.90999984741211, "184": 9.90999984741211, "185": 9.90999984741211, "186": 9.930000305175781, "187": 9.930000305175781, "188": 9.930000305175781, "189": 9.930000305175781, "190": 9.930000305175781, "191": 9.930000305175781, "192": 9.930000305175781, "193": 9.930000305175781, "194": 9.930000305175781, "195": 9.920000076293945, "196": 9.90999984741211, "197": 9.90999984741211, "198": 9.90999984741211, "199": 9.899999618530273, "200": 9.899999618530273, "201": 9.899999618530273, "202": 9.90999984741211, "203": 9.899999618530273, "204": 9.920000076293945, "205": 9.890000343322754, "206": 9.890000343322754, "207": 9.890000343322754, "208": 9.890000343322754, "209": 9.89799976348877, "210": 9.899999618530273, "211": 9.899999618530273, "212": 9.920000076293945, "213": 9.920000076293945, "214": 9.920000076293945, "215": 9.920000076293945, "216": 9.91100025177002, "217": 9.920999526977539, "218": 9.90999984741211, "219": 10.100000381469727, "220": 9.930000305175781, "221": 9.930000305175781, "222": 9.920000076293945, "223": 9.920000076293945, "224": 9.979999542236328, "225": 9.979999542236328, "226": 10.100000381469727, "227": 9.930000305175781, "228": 9.925000190734863, "229": 9.925000190734863, "230": 9.920000076293945, "231": 9.920000076293945, "232": 9.920000076293945, "233": 9.920000076293945, "234": 9.925000190734863, "235": 9.930000305175781, "236": 9.930000305175781, "237": 9.9399995803833, "238": 9.9399995803833, "239": 9.930000305175781, "240": 9.930000305175781, "241": 9.949999809265137, "242": 9.979999542236328, "243": 9.979999542236328, "244": 9.979999542236328, "245": 9.96500015258789, "246": 9.96500015258789, "247": 9.96500015258789, "248": 9.96500015258789, "249": 9.979999542236328, "250": 9.960000038146973, "251": 9.960000038146973, "252": 9.970000267028809, "253": 9.979999542236328, "254": 9.970000267028809, "255": 9.970000267028809, "256": 9.977999687194824, "257": 9.979999542236328, "258": 9.970000267028809, "259": 9.970000267028809, "260": 9.989999771118164, "261": 9.979999542236328, "262": 9.979999542236328, "263": 10.0, "264": 9.984000205993652, "265": 9.989999771118164, "266": 9.989999771118164, "267": 9.994999885559082, "268": 10.0, "269": 9.993000030517578, "270": 9.993000030517578, "271": 9.994999885559082, "272": 9.989999771118164, "273": 10.0, "274": 10.017999649047852, "275": 10.017999649047852, "276": 10.017999649047852, "277": 10.0600004196167, "278": 10.0600004196167, "279": 10.0600004196167, "280": 10.0600004196167, "281": 10.0600004196167, "282": 10.0600004196167, "283": 10.0600004196167, "284": 10.100000381469727, "285": 10.100000381469727, "286": 10.180000305175781, "287": 10.140000343322754, "288": 10.140000343322754, "289": 10.15999984741211, "290": 10.15999984741211, "291": 10.164999961853027, "292": 10.170000076293945, "293": 10.170000076293945, "294": 10.175000190734863, "295": 10.180000305175781, "296": 10.180000305175781, "297": 10.399999618530273, "298": 10.09000015258789, "299": 10.15999984741211, "300": 10.164999961853027, "301": 10.149999618530273, "302": 10.128999710083008, "303": 10.720000267028809, "304": 10.949999809265137, "305": 12.199999809265137, "306": 11.0, "307": 10.600000381469727, "308": 10.75, "309": 10.579999923706055, "310": 10.225000381469727, "311": 10.600000381469727, "312": 10.635000228881836, "313": 10.220000267028809, "314": 10.149999618530273, "315": 10.0649995803833, "316": 10.140000343322754, "317": 10.095000267028809, "318": 10.039999961853027, "319": 10.140000343322754, "320": 10.050000190734863, "321": 10.050000190734863, "322": 10.029999732971191, "323": 10.069999694824219, "324": 10.029999732971191, "325": 10.100000381469727, "326": 10.100000381469727, "327": 10.039999961853027, "328": 10.050000190734863, "329": 10.0649995803833, "330": 10.050000190734863, "331": 10.039999961853027, "332": 10.039999961853027, "333": 10.039999961853027, "334": 10.039999961853027, "335": 10.043000221252441, "336": 10.039999961853027, "337": 10.039999961853027, "338": 10.09000015258789, "339": 10.09000015258789, "340": 10.09000015258789, "341": 10.09000015258789, "342": 10.09000015258789, "343": 10.09000015258789, "344": 10.069999694824219, "345": 10.069999694824219, "346": 10.069999694824219, "347": 10.093000411987305, "348": 10.079999923706055, "349": 10.09000015258789, "350": 10.09000015258789, "351": 10.100000381469727, "352": 10.100000381469727, "353": 10.100000381469727, "354": 10.100000381469727, "355": 10.100000381469727, "356": 10.100000381469727, "357": 10.100000381469727, "358": 10.100000381469727, "359": 10.100000381469727, "360": 10.109999656677246, "361": 10.154999732971191, "362": 10.145000457763672, "363": 10.145000457763672, "364": 10.119999885559082, "365": 10.1899995803833, "366": 10.1899995803833, "367": 10.1899995803833, "368": 10.1899995803833, "369": 10.1899995803833, "370": 10.1899995803833, "371": 10.119999885559082, "372": 10.119999885559082, "373": 10.119999885559082, "374": 10.1899995803833, "375": 10.210000038146973, "376": 10.199999809265137, "377": 10.199999809265137, "378": 10.199999809265137, "379": 10.25, "380": 10.25, "381": 10.25, "382": 10.270000457763672, "383": 10.270000457763672, "384": 10.270000457763672, "385": 10.260000228881836, "386": 10.25, "387": 10.199999809265137, "388": 10.220000267028809, "389": 10.380000114440918, "390": 10.25, "391": 10.23900032043457, "392": 10.23900032043457, "393": 10.23900032043457, "394": 10.23900032043457, "395": 10.23900032043457, "396": 10.23900032043457, "397": 10.199999809265137, "398": 10.199999809265137, "399": 10.199999809265137, "400": 10.199999809265137, "401": 10.199999809265137, "402": 10.199999809265137, "403": 10.279999732971191, "404": 10.25, "405": 10.25, "406": 10.300000190734863, "407": 10.399999618530273, "408": 10.5, "409": 10.475000381469727}, "low": {"0": 9.75, "1": 9.75, "2": 9.720000267028809, "3": 9.729999542236328, "4": 9.729999542236328, "5": 9.729999542236328, "6": 9.75, "7": 9.789999961853027, "8": 9.800000190734863, "9": 9.789999961853027, "10": 9.789999961853027, "11": 9.34000015258789, "12": 9.779999732971191, "13": 9.78499984741211, "14": 9.779999732971191, "15": 9.760000228881836, "16": 9.75, "17": 9.770000457763672, "18": 9.765000343322754, "19": 9.770000457763672, "20": 9.75, "21": 9.75, "22": 9.75, "23": 9.75, "24": 9.739999771118164, "25": 9.75, "26": 9.75, "27": 9.770000457763672, "28": 9.795000076293945, "29": 9.800000190734863, "30": 9.800000190734863, "31": 9.800000190734863, "32": 9.800000190734863, "33": 9.800000190734863, "34": 9.800000190734863, "35": 9.789999961853027, "36": 9.8100004196167, "37": 9.864999771118164, "38": 9.899999618530273, "39": 9.800000190734863, "40": 9.810999870300293, "41": 9.84000015258789, "42": 9.850000381469727, "43": 9.850000381469727, "44": 9.850000381469727, "45": 9.850000381469727, "46": 9.84000015258789, "47": 9.84000015258789, "48": 9.84000015258789, "49": 9.800000190734863, "50": 9.817000389099121, "51": 9.800000190734863, "52": 9.800000190734863, "53": 9.800000190734863, "54": 9.800000190734863, "55": 9.800000190734863, "56": 9.829999923706055, "57": 9.850000381469727, "58": 9.822999954223633, "59": 9.822999954223633, "60": 9.822999954223633, "61": 9.84000015258789, "62": 9.84000015258789, "63": 9.84000015258789, "64": 9.829999923706055, "65": 9.84000015258789, "66": 9.829999923706055, "67": 9.890000343322754, "68": 9.890000343322754, "69": 9.829999923706055, "70": 9.800000190734863, "71": 9.8100004196167, "72": 9.800000190734863, "73": 9.8100004196167, "74": 9.789999961853027, "75": 9.800000190734863, "76": 9.800000190734863, "77": 9.8100004196167, "78": 9.8100004196167, "79": 9.8100004196167, "80": 9.8100004196167, "81": 9.8100004196167, "82": 9.819999694824219, "83": 9.819999694824219, "84": 9.819999694824219, "85": 9.859999656677246, "86": 9.845000267028809, "87": 9.845000267028809, "88": 9.845000267028809, "89": 9.829999923706055, "90": 9.850000381469727, "91": 9.829999923706055, "92": 9.829999923706055, "93": 9.833000183105469, "94": 9.869999885559082, "95": 9.871000289916992, "96": 9.871000289916992, "97": 9.819999694824219, "98": 9.819999694824219, "99": 9.84000015258789, "100": 9.84000015258789, "101": 9.845000267028809, "102": 9.840999603271484, "103": 9.977999687194824, "104": 9.850000381469727, "105": 9.850000381469727, "106": 9.850000381469727, "107": 9.850000381469727, "108": 9.850000381469727, "109": 9.850000381469727, "110": 9.850000381469727, "111": 9.850000381469727, "112": 9.850000381469727, "113": 9.850000381469727, "114": 9.850000381469727, "115": 9.850000381469727, "116": 9.859999656677246, "117": 9.854999542236328, "118": 9.859999656677246, "119": 9.890000343322754, "120": 9.859999656677246, "121": 9.859999656677246, "122": 9.859999656677246, "123": 9.859999656677246, "124": 9.859999656677246, "125": 9.859999656677246, "126": 9.859999656677246, "127": 9.859999656677246, "128": 9.84000015258789, "129": 9.84000015258789, "130": 9.84000015258789, "131": 9.84000015258789, "132": 9.84000015258789, "133": 9.85099983215332, "134": 9.85099983215332, "135": 9.84000015258789, "136": 9.84000015258789, "137": 9.84000015258789, "138": 9.859999656677246, "139": 9.859999656677246, "140": 9.880000114440918, "141": 9.859999656677246, "142": 9.869999885559082, "143": 9.869999885559082, "144": 9.850000381469727, "145": 9.869999885559082, "146": 9.880000114440918, "147": 9.859999656677246, "148": 9.850000381469727, "149": 9.850000381469727, "150": 9.850000381469727, "151": 9.850000381469727, "152": 9.84000015258789, "153": 9.84000015258789, "154": 9.84000015258789, "155": 9.859999656677246, "156": 9.880000114440918, "157": 9.875, "158": 9.880000114440918, "159": 9.869999885559082, "160": 9.869999885559082, "161": 9.885000228881836, "162": 9.859999656677246, "163": 9.878000259399414, "164": 9.878000259399414, "165": 9.869999885559082, "166": 9.880999565124512, "167": 9.880000114440918, "168": 9.880000114440918, "169": 9.880000114440918, "170": 9.890000343322754, "171": 9.890000343322754, "172": 9.890000343322754, "173": 9.890000343322754, "174": 9.890000343322754, "175": 9.890000343322754, "176": 9.90999984741211, "177": 9.913000106811523, "178": 9.913000106811523, "179": 9.920000076293945, "180": 9.90999984741211, "181": 9.90999984741211, "182": 9.90999984741211, "183": 9.90999984741211, "184": 9.90999984741211, "185": 9.90999984741211, "186": 9.90999984741211, "187": 9.930000305175781, "188": 9.930000305175781, "189": 9.930000305175781, "190": 9.930000305175781, "191": 9.930000305175781, "192": 9.930000305175781, "193": 9.930000305175781, "194": 9.930000305175781, "195": 9.90999984741211, "196": 9.90999984741211, "197": 9.90999984741211, "198": 9.90999984741211, "199": 9.899999618530273, "200": 9.899999618530273, "201": 9.899999618530273, "202": 9.880000114440918, "203": 9.899999618530273, "204": 9.890000343322754, "205": 9.890000343322754, "206": 9.890000343322754, "207": 9.890000343322754, "208": 9.890000343322754, "209": 9.89799976348877, "210": 9.890000343322754, "211": 9.899999618530273, "212": 9.920000076293945, "213": 9.920000076293945, "214": 9.920000076293945, "215": 9.920000076293945, "216": 9.91100025177002, "217": 9.899999618530273, "218": 9.90999984741211, "219": 9.930000305175781, "220": 9.925000190734863, "221": 9.930000305175781, "222": 9.920000076293945, "223": 9.920000076293945, "224": 9.899999618530273, "225": 9.979999542236328, "226": 9.930000305175781, "227": 9.920000076293945, "228": 9.925000190734863, "229": 9.925000190734863, "230": 9.920000076293945, "231": 9.920000076293945, "232": 9.920000076293945, "233": 9.920000076293945, "234": 9.920000076293945, "235": 9.920000076293945, "236": 9.930000305175781, "237": 9.9399995803833, "238": 9.9399995803833, "239": 9.930000305175781, "240": 9.930000305175781, "241": 9.944999694824219, "242": 9.960000038146973, "243": 9.979999542236328, "244": 9.951000213623047, "245": 9.96500015258789, "246": 9.96500015258789, "247": 9.96500015258789, "248": 9.96500015258789, "249": 9.960000038146973, "250": 9.960000038146973, "251": 9.960000038146973, "252": 9.970000267028809, "253": 9.979999542236328, "254": 9.960000038146973, "255": 9.970000267028809, "256": 9.96500015258789, "257": 9.970000267028809, "258": 9.970000267028809, "259": 9.970000267028809, "260": 9.984999656677246, "261": 9.970000267028809, "262": 9.979999542236328, "263": 9.984000205993652, "264": 9.984000205993652, "265": 9.979999542236328, "266": 9.989999771118164, "267": 9.989999771118164, "268": 9.989999771118164, "269": 9.989999771118164, "270": 9.993000030517578, "271": 9.989999771118164, "272": 9.989999771118164, "273": 10.0, "274": 10.0, "275": 10.017999649047852, "276": 10.017999649047852, "277": 10.050000190734863, "278": 10.0600004196167, "279": 10.0600004196167, "280": 10.0600004196167, "281": 10.0600004196167, "282": 10.050000190734863, "283": 10.0600004196167, "284": 10.069999694824219, "285": 10.100000381469727, "286": 10.119999885559082, "287": 10.119999885559082, "288": 10.130000114440918, "289": 10.130000114440918, "290": 10.15999984741211, "291": 10.15999984741211, "292": 10.15999984741211, "293": 10.164999961853027, "294": 10.170000076293945, "295": 10.130000114440918, "296": 10.170000076293945, "297": 10.039999961853027, "298": 10.09000015258789, "299": 10.130000114440918, "300": 10.130000114440918, "301": 10.130000114440918, "302": 10.010000228881836, "303": 8.5600004196167, "304": 10.020000457763672, "305": 10.119999885559082, "306": 10.020000457763672, "307": 10.079999923706055, "308": 10.020000457763672, "309": 10.130000114440918, "310": 10.225000381469727, "311": 10.25, "312": 10.039999961853027, "313": 10.039999961853027, "314": 10.039999961853027, "315": 10.039999961853027, "316": 10.050000190734863, "317": 10.095000267028809, "318": 10.039999961853027, "319": 10.029999732971191, "320": 10.0, "321": 10.029999732971191, "322": 10.029999732971191, "323": 10.029999732971191, "324": 10.029999732971191, "325": 10.09000015258789, "326": 10.029999732971191, "327": 10.029999732971191, "328": 10.039999961853027, "329": 10.039999961853027, "330": 10.039999961853027, "331": 10.039999961853027, "332": 10.039999961853027, "333": 10.039999961853027, "334": 10.039999961853027, "335": 10.039999961853027, "336": 10.039999961853027, "337": 10.039999961853027, "338": 10.0600004196167, "339": 10.09000015258789, "340": 10.09000015258789, "341": 10.09000015258789, "342": 10.09000015258789, "343": 10.09000015258789, "344": 10.069999694824219, "345": 10.069999694824219, "346": 10.069999694824219, "347": 10.079999923706055, "348": 10.079999923706055, "349": 10.09000015258789, "350": 10.09000015258789, "351": 10.100000381469727, "352": 10.100000381469727, "353": 10.09000015258789, "354": 10.09000015258789, "355": 10.100000381469727, "356": 10.100000381469727, "357": 10.100000381469727, "358": 10.100000381469727, "359": 10.100000381469727, "360": 10.109999656677246, "361": 10.109999656677246, "362": 10.145000457763672, "363": 10.145000457763672, "364": 10.109999656677246, "365": 10.1899995803833, "366": 10.1899995803833, "367": 10.1899995803833, "368": 10.1899995803833, "369": 10.1899995803833, "370": 10.1899995803833, "371": 10.119999885559082, "372": 10.119999885559082, "373": 10.119999885559082, "374": 10.180000305175781, "375": 10.199999809265137, "376": 10.199999809265137, "377": 10.199999809265137, "378": 10.199999809265137, "379": 10.229999542236328, "380": 10.25, "381": 10.25, "382": 10.270000457763672, "383": 10.270000457763672, "384": 10.25, "385": 10.260000228881836, "386": 10.25, "387": 10.199999809265137, "388": 10.220000267028809, "389": 10.25, "390": 10.25, "391": 10.23900032043457, "392": 10.23900032043457, "393": 10.23900032043457, "394": 10.23900032043457, "395": 10.23900032043457, "396": 10.23900032043457, "397": 10.199999809265137, "398": 10.199999809265137, "399": 10.199000358581543, "400": 10.199999809265137, "401": 10.199999809265137, "402": 10.199999809265137, "403": 10.220000267028809, "404": 10.25, "405": 10.239999771118164, "406": 10.279999732971191, "407": 10.300000190734863, "408": 10.359999656677246, "409": 10.4399995803833}, "close": {"0": 9.75, "1": 9.779999732971191, "2": 9.75, "3": 9.789999961853027, "4": 9.75, "5": 9.78499984741211, "6": 9.800000190734863, "7": 9.800000190734863, "8": 9.800000190734863, "9": 9.800000190734863, "10": 9.789999961853027, "11": 9.34000015258789, "12": 9.78499984741211, "13": 9.78499984741211, "14": 9.779999732971191, "15": 9.774999618530273, "16": 9.779999732971191, "17": 9.770000457763672, "18": 9.770000457763672, "19": 9.770000457763672, "20": 9.760000228881836, "21": 9.760000228881836, "22": 9.75, "23": 9.75, "24": 9.75, "25": 9.75, "26": 9.779999732971191, "27": 9.800000190734863, "28": 9.8149995803833, "29": 9.829999923706055, "30": 9.800000190734863, "31": 9.800000190734863, "32": 9.800000190734863, "33": 9.800000190734863, "34": 9.815999984741211, "35": 9.789999961853027, "36": 9.90999984741211, "37": 9.899999618530273, "38": 9.899999618530273, "39": 9.800000190734863, "40": 9.869999885559082, "41": 9.880000114440918, "42": 9.850000381469727, "43": 9.850000381469727, "44": 9.859999656677246, "45": 9.850000381469727, "46": 9.850000381469727, "47": 9.850000381469727, "48": 9.84000015258789, "49": 9.8100004196167, "50": 9.817000389099121, "51": 9.800000190734863, "52": 9.800000190734863, "53": 9.800000190734863, "54": 9.800000190734863, "55": 9.800000190734863, "56": 9.90999984741211, "57": 9.850000381469727, "58": 9.822999954223633, "59": 9.822999954223633, "60": 9.822999954223633, "61": 9.84000015258789, "62": 9.84000015258789, "63": 9.84000015258789, "64": 9.869999885559082, "65": 9.850000381469727, "66": 9.890000343322754, "67": 9.890000343322754, "68": 9.890000343322754, "69": 9.829999923706055, "70": 9.819999694824219, "71": 9.829999923706055, "72": 9.800000190734863, "73": 9.8100004196167, "74": 9.807999610900879, "75": 9.800000190734863, "76": 9.800000190734863, "77": 9.8100004196167, "78": 9.8100004196167, "79": 9.819999694824219, "80": 9.829999923706055, "81": 9.84000015258789, "82": 9.819999694824219, "83": 9.819999694824219, "84": 9.859999656677246, "85": 9.859999656677246, "86": 9.845000267028809, "87": 9.845000267028809, "88": 9.845000267028809, "89": 9.84000015258789, "90": 9.850000381469727, "91": 9.829999923706055, "92": 9.829999923706055, "93": 9.869999885559082, "94": 9.869999885559082, "95": 9.871000289916992, "96": 9.871000289916992, "97": 9.819999694824219, "98": 9.819999694824219, "99": 9.84000015258789, "100": 9.84000015258789, "101": 9.850000381469727, "102": 9.859999656677246, "103": 9.977999687194824, "104": 9.850000381469727, "105": 9.850000381469727, "106": 9.850000381469727, "107": 9.850000381469727, "108": 9.850000381469727, "109": 9.850000381469727, "110": 9.850000381469727, "111": 9.850000381469727, "112": 9.850000381469727, "113": 9.850000381469727, "114": 9.850000381469727, "115": 9.859999656677246, "116": 9.859999656677246, "117": 9.859999656677246, "118": 9.859999656677246, "119": 9.890000343322754, "120": 9.859999656677246, "121": 9.859999656677246, "122": 9.859999656677246, "123": 9.859999656677246, "124": 9.859999656677246, "125": 9.859999656677246, "126": 9.859999656677246, "127": 9.859999656677246, "128": 9.84000015258789, "129": 9.84000015258789, "130": 9.84000015258789, "131": 9.84000015258789, "132": 9.84000015258789, "133": 9.85099983215332, "134": 9.85099983215332, "135": 9.850000381469727, "136": 9.84000015258789, "137": 9.850000381469727, "138": 9.859999656677246, "139": 9.869999885559082, "140": 9.890000343322754, "141": 9.880000114440918, "142": 9.869999885559082, "143": 9.869999885559082, "144": 9.869999885559082, "145": 9.880000114440918, "146": 9.880000114440918, "147": 9.859999656677246, "148": 9.850000381469727, "149": 9.850000381469727, "150": 9.850000381469727, "151": 9.850000381469727, "152": 9.84000015258789, "153": 9.84000015258789, "154": 9.84000015258789, "155": 9.880000114440918, "156": 9.880000114440918, "157": 9.875, "158": 9.880000114440918, "159": 9.869999885559082, "160": 9.869999885559082, "161": 9.885000228881836, "162": 9.880000114440918, "163": 9.878000259399414, "164": 9.878000259399414, "165": 9.869999885559082, "166": 9.880999565124512, "167": 9.880000114440918, "168": 9.880000114440918, "169": 9.885000228881836, "170": 9.890000343322754, "171": 9.890000343322754, "172": 9.890000343322754, "173": 9.890000343322754, "174": 9.890000343322754, "175": 9.890000343322754, "176": 9.90999984741211, "177": 9.913000106811523, "178": 9.913000106811523, "179": 9.920000076293945, "180": 9.90999984741211, "181": 9.90999984741211, "182": 9.90999984741211, "183": 9.90999984741211, "184": 9.90999984741211, "185": 9.90999984741211, "186": 9.930000305175781, "187": 9.930000305175781, "188": 9.930000305175781, "189": 9.930000305175781, "190": 9.930000305175781, "191": 9.930000305175781, "192": 9.930000305175781, "193": 9.930000305175781, "194": 9.930000305175781, "195": 9.90999984741211, "196": 9.90999984741211, "197": 9.90999984741211, "198": 9.90999984741211, "199": 9.899999618530273, "200": 9.899999618530273, "201": 9.899999618530273, "202": 9.899999618530273, "203": 9.899999618530273, "204": 9.890000343322754, "205": 9.890000343322754, "206": 9.890000343322754, "207": 9.890000343322754, "208": 9.890000343322754, "209": 9.89799976348877, "210": 9.899999618530273, "211": 9.899999618530273, "212": 9.920000076293945, "213": 9.920000076293945, "214": 9.920000076293945, "215": 9.920000076293945, "216": 9.91100025177002, "217": 9.920999526977539, "218": 9.90999984741211, "219": 9.930000305175781, "220": 9.925000190734863, "221": 9.930000305175781, "222": 9.920000076293945, "223": 9.920000076293945, "224": 9.979999542236328, "225": 9.979999542236328, "226": 9.930000305175781, "227": 9.925000190734863, "228": 9.925000190734863, "229": 9.925000190734863, "230": 9.920000076293945, "231": 9.920000076293945, "232": 9.920000076293945, "233": 9.920000076293945, "234": 9.920000076293945, "235": 9.930000305175781, "236": 9.930000305175781, "237": 9.9399995803833, "238": 9.9399995803833, "239": 9.930000305175781, "240": 9.930000305175781, "241": 9.944999694824219, "242": 9.979999542236328, "243": 9.979999542236328, "244": 9.960000038146973, "245": 9.96500015258789, "246": 9.96500015258789, "247": 9.96500015258789, "248": 9.96500015258789, "249": 9.960000038146973, "250": 9.960000038146973, "251": 9.960000038146973, "252": 9.970000267028809, "253": 9.979999542236328, "254": 9.970000267028809, "255": 9.970000267028809, "256": 9.977999687194824, "257": 9.970000267028809, "258": 9.970000267028809, "259": 9.970000267028809, "260": 9.984999656677246, "261": 9.979999542236328, "262": 9.979999542236328, "263": 9.984000205993652, "264": 9.984000205993652, "265": 9.989999771118164, "266": 9.989999771118164, "267": 9.989999771118164, "268": 9.989999771118164, "269": 9.993000030517578, "270": 9.993000030517578, "271": 9.989999771118164, "272": 9.989999771118164, "273": 10.0, "274": 10.017999649047852, "275": 10.017999649047852, "276": 10.017999649047852, "277": 10.0600004196167, "278": 10.0600004196167, "279": 10.0600004196167, "280": 10.0600004196167, "281": 10.0600004196167, "282": 10.0600004196167, "283": 10.0600004196167, "284": 10.100000381469727, "285": 10.100000381469727, "286": 10.119999885559082, "287": 10.130000114440918, "288": 10.140000343322754, "289": 10.149999618530273, "290": 10.15999984741211, "291": 10.15999984741211, "292": 10.164999961853027, "293": 10.170000076293945, "294": 10.170000076293945, "295": 10.180000305175781, "296": 10.170000076293945, "297": 10.09000015258789, "298": 10.09000015258789, "299": 10.130000114440918, "300": 10.145000457763672, "301": 10.140000343322754, "302": 10.0649995803833, "303": 10.300000190734863, "304": 10.5600004196167, "305": 10.449999809265137, "306": 10.020000457763672, "307": 10.329999923706055, "308": 10.15999984741211, "309": 10.270000457763672, "310": 10.225000381469727, "311": 10.25, "312": 10.039999961853027, "313": 10.100000381469727, "314": 10.069999694824219, "315": 10.0649995803833, "316": 10.050000190734863, "317": 10.095000267028809, "318": 10.039999961853027, "319": 10.029999732971191, "320": 10.029999732971191, "321": 10.029999732971191, "322": 10.029999732971191, "323": 10.029999732971191, "324": 10.029999732971191, "325": 10.100000381469727, "326": 10.029999732971191, "327": 10.039999961853027, "328": 10.045000076293945, "329": 10.039999961853027, "330": 10.039999961853027, "331": 10.039999961853027, "332": 10.039999961853027, "333": 10.039999961853027, "334": 10.039999961853027, "335": 10.039999961853027, "336": 10.039999961853027, "337": 10.039999961853027, "338": 10.09000015258789, "339": 10.09000015258789, "340": 10.09000015258789, "341": 10.09000015258789, "342": 10.09000015258789, "343": 10.09000015258789, "344": 10.069999694824219, "345": 10.069999694824219, "346": 10.069999694824219, "347": 10.079999923706055, "348": 10.079999923706055, "349": 10.09000015258789, "350": 10.09000015258789, "351": 10.100000381469727, "352": 10.100000381469727, "353": 10.100000381469727, "354": 10.100000381469727, "355": 10.100000381469727, "356": 10.100000381469727, "357": 10.100000381469727, "358": 10.100000381469727, "359": 10.100000381469727, "360": 10.109999656677246, "361": 10.109999656677246, "362": 10.145000457763672, "363": 10.145000457763672, "364": 10.119999885559082, "365": 10.1899995803833, "366": 10.1899995803833, "367": 10.1899995803833, "368": 10.1899995803833, "369": 10.1899995803833, "370": 10.1899995803833, "371": 10.119999885559082, "372": 10.119999885559082, "373": 10.119999885559082, "374": 10.1899995803833, "375": 10.199999809265137, "376": 10.199999809265137, "377": 10.199999809265137, "378": 10.199999809265137, "379": 10.25, "380": 10.25, "381": 10.25, "382": 10.270000457763672, "383": 10.270000457763672, "384": 10.25, "385": 10.260000228881836, "386": 10.25, "387": 10.199999809265137, "388": 10.220000267028809, "389": 10.25, "390": 10.25, "391": 10.23900032043457, "392": 10.23900032043457, "393": 10.23900032043457, "394": 10.23900032043457, "395": 10.23900032043457, "396": 10.23900032043457, "397": 10.199999809265137, "398": 10.199999809265137, "399": 10.199999809265137, "400": 10.199999809265137, "401": 10.199999809265137, "402": 10.199999809265137, "403": 10.25, "404": 10.25, "405": 10.25, "406": 10.300000190734863, "407": 10.399999618530273, "408": 10.5, "409": 10.449999809265137}, "volume": {"0": 373300, "1": 24400, "2": 943300, "3": 13600, "4": 190800, "5": 7100, "6": 94900, "7": 82400, "8": 12200, "9": 16600, "10": 900, "11": 200, "12": 1400, "13": 0, "14": 101600, "15": 43500, "16": 6400, "17": 17300, "18": 71000, "19": 0, "20": 10500, "21": 29200, "22": 300, "23": 2100, "24": 4600, "25": 6000, "26": 26600, "27": 267500, "28": 149200, "29": 51100, "30": 6500, "31": 8400, "32": 15700, "33": 9000, "34": 6700, "35": 8900, "36": 112300, "37": 1800, "38": 0, "39": 447900, "40": 1000, "41": 8300, "42": 800, "43": 0, "44": 37600, "45": 1500, "46": 18000, "47": 21800, "48": 100, "49": 204100, "50": 2300, "51": 12300, "52": 0, "53": 400, "54": 0, "55": 600, "56": 34000, "57": 2200, "58": 2100, "59": 0, "60": 0, "61": 300, "62": 0, "63": 0, "64": 3600, "65": 96000, "66": 36900, "67": 0, "68": 0, "69": 800, "70": 16900, "71": 9200, "72": 8400, "73": 300, "74": 21300, "75": 1500, "76": 900, "77": 7900, "78": 0, "79": 73700, "80": 3300, "81": 10500, "82": 100, "83": 0, "84": 133000, "85": 0, "86": 400, "87": 0, "88": 0, "89": 6000, "90": 1400, "91": 700, "92": 0, "93": 2700, "94": 0, "95": 200, "96": 0, "97": 8000, "98": 0, "99": 100, "100": 0, "101": 3600, "102": 2100, "103": 174300, "104": 200, "105": 0, "106": 200, "107": 0, "108": 0, "109": 0, "110": 0, "111": 0, "112": 0, "113": 0, "114": 0, "115": 28800, "116": 0, "117": 9400, "118": 0, "119": 100, "120": 200, "121": 0, "122": 0, "123": 3400, "124": 0, "125": 0, "126": 0, "127": 0, "128": 4900, "129": 800, "130": 1200, "131": 0, "132": 0, "133": 1000, "134": 0, "135": 2100, "136": 6800, "137": 23800, "138": 200, "139": 6100, "140": 14300, "141": 4500, "142": 100, "143": 0, "144": 1700, "145": 10100, "146": 0, "147": 56700, "148": 61300, "149": 400, "150": 0, "151": 0, "152": 200, "153": 10000, "154": 0, "155": 2300, "156": 208300, "157": 200, "158": 700, "159": 408400, "160": 0, "161": 181500, "162": 23000, "163": 600, "164": 0, "165": 300, "166": 1300, "167": 5400, "168": 0, "169": 5400, "170": 8600, "171": 17100, "172": 5600, "173": 0, "174": 8700, "175": 0, "176": 3100, "177": 1600, "178": 0, "179": 900, "180": 2100, "181": 0, "182": 0, "183": 0, "184": 0, "185": 0, "186": 90900, "187": 0, "188": 0, "189": 0, "190": 0, "191": 0, "192": 0, "193": 0, "194": 0, "195": 400, "196": 0, "197": 700, "198": 0, "199": 1700, "200": 0, "201": 0, "202": 12900, "203": 0, "204": 200, "205": 0, "206": 0, "207": 0, "208": 100, "209": 1000, "210": 1000, "211": 0, "212": 1900, "213": 0, "214": 0, "215": 0, "216": 2800, "217": 3100, "218": 1000, "219": 500, "220": 1600, "221": 400, "222": 4000, "223": 33200, "224": 137900, "225": 0, "226": 4700, "227": 4100, "228": 0, "229": 0, "230": 5000, "231": 1700, "232": 2000, "233": 0, "234": 3400, "235": 5900, "236": 0, "237": 1600, "238": 0, "239": 1600, "240": 0, "241": 1000, "242": 3000, "243": 0, "244": 3400, "245": 11200, "246": 0, "247": 0, "248": 0, "249": 500, "250": 0, "251": 0, "252": 200, "253": 1200, "254": 1200, "255": 1800, "256": 700, "257": 20400, "258": 0, "259": 50800, "260": 83700, "261": 91800, "262": 0, "263": 3100, "264": 0, "265": 2100, "266": 4000, "267": 800, "268": 3600, "269": 1300, "270": 0, "271": 3800, "272": 0, "273": 6400, "274": 4600, "275": 100, "276": 100, "277": 1300, "278": 200, "279": 0, "280": 0, "281": 0, "282": 11700, "283": 100, "284": 19200, "285": 0, "286": 20700, "287": 15700, "288": 7300, "289": 647500, "290": 500, "291": 54700, "292": 62900, "293": 9400, "294": 2100, "295": 14000, "296": 1300, "297": 7000, "298": 0, "299": 700, "300": 15400, "301": 11200, "302": 2900, "303": 495800, "304": 590000, "305": 173200, "306": 127000, "307": 429100, "308": 17300, "309": 11600, "310": 300, "311": 3500, "312": 66400, "313": 38500, "314": 13300, "315": 6200, "316": 32500, "317": 600, "318": 400, "319": 6400, "320": 14800, "321": 4400, "322": 0, "323": 177600, "324": 300, "325": 300, "326": 4800, "327": 700, "328": 1000, "329": 700, "330": 4500, "331": 0, "332": 1300, "333": 0, "334": 0, "335": 2300, "336": 0, "337": 0, "338": 4200, "339": 0, "340": 100, "341": 0, "342": 0, "343": 0, "344": 2900, "345": 0, "346": 0, "347": 2200, "348": 0, "349": 300, "350": 0, "351": 5700, "352": 0, "353": 1300, "354": 9100, "355": 0, "356": 5000, "357": 0, "358": 0, "359": 0, "360": 200, "361": 1700, "362": 300, "363": 0, "364": 1600, "365": 100, "366": 0, "367": 0, "368": 0, "369": 0, "370": 0, "371": 100, "372": 100, "373": 0, "374": 19700, "375": 400, "376": 0, "377": 0, "378": 0, "379": 100700, "380": 0, "381": 0, "382": 200, "383": 0, "384": 35700, "385": 200, "386": 200, "387": 100, "388": 200, "389": 300, "390": 0, "391": 100, "392": 0, "393": 0, "394": 0, "395": 0, "396": 0, "397": 100, "398": 0, "399": 27600, "400": 0, "401": 0, "402": 0, "403": 45800, "404": 0, "405": 315800, "406": 10300, "407": 98500, "408": 65000, "409": 5500}, "adjclose": {"0": 9.75, "1": 9.779999732971191, "2": 9.75, "3": 9.789999961853027, "4": 9.75, "5": 9.78499984741211, "6": 9.800000190734863, "7": 9.800000190734863, "8": 9.800000190734863, "9": 9.800000190734863, "10": 9.789999961853027, "11": 9.34000015258789, "12": 9.78499984741211, "13": 9.78499984741211, "14": 9.779999732971191, "15": 9.774999618530273, "16": 9.779999732971191, "17": 9.770000457763672, "18": 9.770000457763672, "19": 9.770000457763672, "20": 9.760000228881836, "21": 9.760000228881836, "22": 9.75, "23": 9.75, "24": 9.75, "25": 9.75, "26": 9.779999732971191, "27": 9.800000190734863, "28": 9.8149995803833, "29": 9.829999923706055, "30": 9.800000190734863, "31": 9.800000190734863, "32": 9.800000190734863, "33": 9.800000190734863, "34": 9.815999984741211, "35": 9.789999961853027, "36": 9.90999984741211, "37": 9.899999618530273, "38": 9.899999618530273, "39": 9.800000190734863, "40": 9.869999885559082, "41": 9.880000114440918, "42": 9.850000381469727, "43": 9.850000381469727, "44": 9.859999656677246, "45": 9.850000381469727, "46": 9.850000381469727, "47": 9.850000381469727, "48": 9.84000015258789, "49": 9.8100004196167, "50": 9.817000389099121, "51": 9.800000190734863, "52": 9.800000190734863, "53": 9.800000190734863, "54": 9.800000190734863, "55": 9.800000190734863, "56": 9.90999984741211, "57": 9.850000381469727, "58": 9.822999954223633, "59": 9.822999954223633, "60": 9.822999954223633, "61": 9.84000015258789, "62": 9.84000015258789, "63": 9.84000015258789, "64": 9.869999885559082, "65": 9.850000381469727, "66": 9.890000343322754, "67": 9.890000343322754, "68": 9.890000343322754, "69": 9.829999923706055, "70": 9.819999694824219, "71": 9.829999923706055, "72": 9.800000190734863, "73": 9.8100004196167, "74": 9.807999610900879, "75": 9.800000190734863, "76": 9.800000190734863, "77": 9.8100004196167, "78": 9.8100004196167, "79": 9.819999694824219, "80": 9.829999923706055, "81": 9.84000015258789, "82": 9.819999694824219, "83": 9.819999694824219, "84": 9.859999656677246, "85": 9.859999656677246, "86": 9.845000267028809, "87": 9.845000267028809, "88": 9.845000267028809, "89": 9.84000015258789, "90": 9.850000381469727, "91": 9.829999923706055, "92": 9.829999923706055, "93": 9.869999885559082, "94": 9.869999885559082, "95": 9.871000289916992, "96": 9.871000289916992, "97": 9.819999694824219, "98": 9.819999694824219, "99": 9.84000015258789, "100": 9.84000015258789, "101": 9.850000381469727, "102": 9.859999656677246, "103": 9.977999687194824, "104": 9.850000381469727, "105": 9.850000381469727, "106": 9.850000381469727, "107": 9.850000381469727, "108": 9.850000381469727, "109": 9.850000381469727, "110": 9.850000381469727, "111": 9.850000381469727, "112": 9.850000381469727, "113": 9.850000381469727, "114": 9.850000381469727, "115": 9.859999656677246, "116": 9.859999656677246, "117": 9.859999656677246, "118": 9.859999656677246, "119": 9.890000343322754, "120": 9.859999656677246, "121": 9.859999656677246, "122": 9.859999656677246, "123": 9.859999656677246, "124": 9.859999656677246, "125": 9.859999656677246, "126": 9.859999656677246, "127": 9.859999656677246, "128": 9.84000015258789, "129": 9.84000015258789, "130": 9.84000015258789, "131": 9.84000015258789, "132": 9.84000015258789, "133": 9.85099983215332, "134": 9.85099983215332, "135": 9.850000381469727, "136": 9.84000015258789, "137": 9.850000381469727, "138": 9.859999656677246, "139": 9.869999885559082, "140": 9.890000343322754, "141": 9.880000114440918, "142": 9.869999885559082, "143": 9.869999885559082, "144": 9.869999885559082, "145": 9.880000114440918, "146": 9.880000114440918, "147": 9.859999656677246, "148": 9.850000381469727, "149": 9.850000381469727, "150": 9.850000381469727, "151": 9.850000381469727, "152": 9.84000015258789, "153": 9.84000015258789, "154": 9.84000015258789, "155": 9.880000114440918, "156": 9.880000114440918, "157": 9.875, "158": 9.880000114440918, "159": 9.869999885559082, "160": 9.869999885559082, "161": 9.885000228881836, "162": 9.880000114440918, "163": 9.878000259399414, "164": 9.878000259399414, "165": 9.869999885559082, "166": 9.880999565124512, "167": 9.880000114440918, "168": 9.880000114440918, "169": 9.885000228881836, "170": 9.890000343322754, "171": 9.890000343322754, "172": 9.890000343322754, "173": 9.890000343322754, "174": 9.890000343322754, "175": 9.890000343322754, "176": 9.90999984741211, "177": 9.913000106811523, "178": 9.913000106811523, "179": 9.920000076293945, "180": 9.90999984741211, "181": 9.90999984741211, "182": 9.90999984741211, "183": 9.90999984741211, "184": 9.90999984741211, "185": 9.90999984741211, "186": 9.930000305175781, "187": 9.930000305175781, "188": 9.930000305175781, "189": 9.930000305175781, "190": 9.930000305175781, "191": 9.930000305175781, "192": 9.930000305175781, "193": 9.930000305175781, "194": 9.930000305175781, "195": 9.90999984741211, "196": 9.90999984741211, "197": 9.90999984741211, "198": 9.90999984741211, "199": 9.899999618530273, "200": 9.899999618530273, "201": 9.899999618530273, "202": 9.899999618530273, "203": 9.899999618530273, "204": 9.890000343322754, "205": 9.890000343322754, "206": 9.890000343322754, "207": 9.890000343322754, "208": 9.890000343322754, "209": 9.89799976348877, "210": 9.899999618530273, "211": 9.899999618530273, "212": 9.920000076293945, "213": 9.920000076293945, "214": 9.920000076293945, "215": 9.920000076293945, "216": 9.91100025177002, "217": 9.920999526977539, "218": 9.90999984741211, "219": 9.930000305175781, "220": 9.925000190734863, "221": 9.930000305175781, "222": 9.920000076293945, "223": 9.920000076293945, "224": 9.979999542236328, "225": 9.979999542236328, "226": 9.930000305175781, "227": 9.925000190734863, "228": 9.925000190734863, "229": 9.925000190734863, "230": 9.920000076293945, "231": 9.920000076293945, "232": 9.920000076293945, "233": 9.920000076293945, "234": 9.920000076293945, "235": 9.930000305175781, "236": 9.930000305175781, "237": 9.9399995803833, "238": 9.9399995803833, "239": 9.930000305175781, "240": 9.930000305175781, "241": 9.944999694824219, "242": 9.979999542236328, "243": 9.979999542236328, "244": 9.960000038146973, "245": 9.96500015258789, "246": 9.96500015258789, "247": 9.96500015258789, "248": 9.96500015258789, "249": 9.960000038146973, "250": 9.960000038146973, "251": 9.960000038146973, "252": 9.970000267028809, "253": 9.979999542236328, "254": 9.970000267028809, "255": 9.970000267028809, "256": 9.977999687194824, "257": 9.970000267028809, "258": 9.970000267028809, "259": 9.970000267028809, "260": 9.984999656677246, "261": 9.979999542236328, "262": 9.979999542236328, "263": 9.984000205993652, "264": 9.984000205993652, "265": 9.989999771118164, "266": 9.989999771118164, "267": 9.989999771118164, "268": 9.989999771118164, "269": 9.993000030517578, "270": 9.993000030517578, "271": 9.989999771118164, "272": 9.989999771118164, "273": 10.0, "274": 10.017999649047852, "275": 10.017999649047852, "276": 10.017999649047852, "277": 10.0600004196167, "278": 10.0600004196167, "279": 10.0600004196167, "280": 10.0600004196167, "281": 10.0600004196167, "282": 10.0600004196167, "283": 10.0600004196167, "284": 10.100000381469727, "285": 10.100000381469727, "286": 10.119999885559082, "287": 10.130000114440918, "288": 10.140000343322754, "289": 10.149999618530273, "290": 10.15999984741211, "291": 10.15999984741211, "292": 10.164999961853027, "293": 10.170000076293945, "294": 10.170000076293945, "295": 10.180000305175781, "296": 10.170000076293945, "297": 10.09000015258789, "298": 10.09000015258789, "299": 10.130000114440918, "300": 10.145000457763672, "301": 10.140000343322754, "302": 10.0649995803833, "303": 10.300000190734863, "304": 10.5600004196167, "305": 10.449999809265137, "306": 10.020000457763672, "307": 10.329999923706055, "308": 10.15999984741211, "309": 10.270000457763672, "310": 10.225000381469727, "311": 10.25, "312": 10.039999961853027, "313": 10.100000381469727, "314": 10.069999694824219, "315": 10.0649995803833, "316": 10.050000190734863, "317": 10.095000267028809, "318": 10.039999961853027, "319": 10.029999732971191, "320": 10.029999732971191, "321": 10.029999732971191, "322": 10.029999732971191, "323": 10.029999732971191, "324": 10.029999732971191, "325": 10.100000381469727, "326": 10.029999732971191, "327": 10.039999961853027, "328": 10.045000076293945, "329": 10.039999961853027, "330": 10.039999961853027, "331": 10.039999961853027, "332": 10.039999961853027, "333": 10.039999961853027, "334": 10.039999961853027, "335": 10.039999961853027, "336": 10.039999961853027, "337": 10.039999961853027, "338": 10.09000015258789, "339": 10.09000015258789, "340": 10.09000015258789, "341": 10.09000015258789, "342": 10.09000015258789, "343": 10.09000015258789, "344": 10.069999694824219, "345": 10.069999694824219, "346": 10.069999694824219, "347": 10.079999923706055, "348": 10.079999923706055, "349": 10.09000015258789, "350": 10.09000015258789, "351": 10.100000381469727, "352": 10.100000381469727, "353": 10.100000381469727, "354": 10.100000381469727, "355": 10.100000381469727, "356": 10.100000381469727, "357": 10.100000381469727, "358": 10.100000381469727, "359": 10.100000381469727, "360": 10.109999656677246, "361": 10.109999656677246, "362": 10.145000457763672, "363": 10.145000457763672, "364": 10.119999885559082, "365": 10.1899995803833, "366": 10.1899995803833, "367": 10.1899995803833, "368": 10.1899995803833, "369": 10.1899995803833, "370": 10.1899995803833, "371": 10.119999885559082, "372": 10.119999885559082, "373": 10.119999885559082, "374": 10.1899995803833, "375": 10.199999809265137, "376": 10.199999809265137, "377": 10.199999809265137, "378": 10.199999809265137, "379": 10.25, "380": 10.25, "381": 10.25, "382": 10.270000457763672, "383": 10.270000457763672, "384": 10.25, "385": 10.260000228881836, "386": 10.25, "387": 10.199999809265137, "388": 10.220000267028809, "389": 10.25, "390": 10.25, "391": 10.23900032043457, "392": 10.23900032043457, "393": 10.23900032043457, "394": 10.23900032043457, "395": 10.23900032043457, "396": 10.23900032043457, "397": 10.199999809265137, "398": 10.199999809265137, "399": 10.199999809265137, "400": 10.199999809265137, "401": 10.199999809265137, "402": 10.199999809265137, "403": 10.25, "404": 10.25, "405": 10.25, "406": 10.300000190734863, "407": 10.399999618530273, "408": 10.5, "409": 10.449999809265137}}, "profile": {"address1": "1760 Market Street", "address2": "Suite 602", "city": "Philadelphia", "state": "PA", "zip": "19103", "country": "United States", "phone": "212 543 6886", "website": "https://armadaacq.com", "industry": "Shell Companies", "industryDisp": "Shell Companies", "sector": "Financial Services", "longBusinessSummary": "Armada Acquisition Corp. I focuses on effecting a merger, capital stock exchange, asset acquisition, stock purchase, reorganization, or related business combination with one or more businesses. It intends to focus on target businesses that provide technological services to the financial services industry. Armada Acquisition Corp. I was incorporated in 2020 and is based in Philadelphia, Pennsylvania.", "companyOfficers": [{"maxAge": 1, "name": "Mr. Stephen P. Herbert", "age": 60, "title": "CEO & Chairman", "yearBorn": 1962, "exercisedValue": 0, "unexercisedValue": 0}, {"maxAge": 1, "name": "Mr. Douglas M. Lurio Esq.", "age": 66, "title": "Pres, Treasurer, Sec. & Director", "yearBorn": 1956, "exercisedValue": 0, "unexercisedValue": 0}], "maxAge": 86400, "latitude": 39.95307262790864, "longitude": -75.16970448098701}}