{"income_statement": {"annual": {"Year": {"1": "Selling, General & Admin", "2": "Operating Expenses", "3": "Operating Income", "4": "Other Expense / Income", "5": "Pretax Income", "6": "Income Tax", "7": "Net Income", "8": "Shares Outstanding (Basic)", "9": "Shares Outstanding (Diluted)", "10": "Shares Change", "11": "EPS (Basic)", "12": "EPS (Diluted)", "13": "Free Cash Flow Per Share", "14": "Effective Tax Rate", "15": "EBITDA", "16": "EBIT"}, "2022": {"1": "2.05", "2": "2.05", "3": "-2.05", "4": "-3.76", "5": "1.71", "6": "0.82", "7": "0.89", "8": "36", "9": "36", "10": "1747.02%", "11": "0.02", "12": "0.02", "13": "-0.03", "14": "48.16%", "15": "1.71", "16": "1.71"}, "2021": {"1": "0", "2": "0", "3": "-0", "4": "-", "5": "-0", "6": "0", "7": "-0", "8": "2", "9": "2", "10": "-", "11": "-", "12": "-", "13": "-", "14": "-", "15": "-0", "16": "-0"}}, "quarterly": {"Metrics": {"1": "Selling, General & Admin", "2": "Operating Expenses", "3": "Operating Income", "4": "Other Expense / Income", "5": "Pretax Income", "6": "Income Tax", "7": "Net Income", "8": "Shares Outstanding (Basic)", "9": "Shares Outstanding (Diluted)", "10": "Shares Change", "11": "EPS (Basic)", "12": "EPS (Diluted)", "13": "Free Cash Flow Per Share", "14": "Effective Tax Rate", "15": "EBITDA", "16": "EBIT"}, "2022-12-31": {"1": "3.15", "2": "3.15", "3": "-3.15", "4": "-5.14", "5": "1.99", "6": "0.53", "7": "1.46", "8": "38", "9": "38", "10": "1830.92%", "11": "0.04", "12": "0.04", "13": "-0.00", "14": "26.69%", "15": "1.99", "16": "1.99"}, "2022-09-30": {"1": "-0.53", "2": "-0.53", "3": "0.53", "4": "-0.41", "5": "0.94", "6": "0.29", "7": "0.65", "8": "38", "9": "38", "10": "129210.34%", "11": "0.02", "12": "0.02", "13": "-0.00", "14": "30.55%", "15": "0.94", "16": "0.94"}, "2022-06-30": {"1": "0.43", "2": "0.43", "3": "-0.43", "4": "-0.24", "5": "-0.19", "6": "0.01", "7": "-0.2", "8": "38", "9": "38", "10": "-", "11": "-0.01", "12": "-0.01", "13": "-0.00", "14": "-", "15": "-0.19", "16": "-0.19"}, "2022-03-31": {"1": "0.86", "2": "0.86", "3": "-0.86", "4": "0.17", "5": "-1.03", "6": "0", "7": "-1.03", "8": "31", "9": "31", "10": "-", "11": "-0.03", "12": "-0.03", "13": "-0.03", "14": "-", "15": "-1.03", "16": "-1.03"}, "2021-12-31": {"1": "0", "2": "0", "3": "-0", "4": "-0", "5": "-0", "6": "0", "7": "-0", "8": "2", "9": "2", "10": "-", "11": "-", "12": "-", "13": "-", "14": "-", "15": "-0", "16": "-0"}, "2021-09-30": {"1": "-0", "2": "-0", "3": "0", "4": "0", "5": "-0", "6": "0", "7": "-0", "8": "0", "9": "0", "10": "-", "11": "-", "12": "-", "13": "-", "14": "-", "15": "-", "16": "-0"}}}, "balance_sheet": {"annual": {"Year": {"1": "Cash & Equivalents", "2": "Cash & Cash Equivalents", "3": "Other Current Assets", "4": "Total Current Assets", "5": "Long-Term Investments", "6": "Other Long-Term Assets", "7": "Total Long-Term Assets", "8": "Total Assets", "9": "Current Debt", "10": "Other Current Liabilities", "11": "Total Current Liabilities", "12": "Other Long-Term Liabilities", "13": "Total Long-Term Liabilities", "14": "Total Liabilities", "15": "Total Debt", "16": "Common Stock", "17": "Retained Earnings", "18": "Shareholders' Equity", "19": "Total Liabilities and Equity", "20": "Net Cash / Debt", "21": "Net Cash Per Share", "22": "Working Capital", "23": "Book Value Per Share"}, "2022": {"1": "0.39", "2": "0.39", "3": "0.38", "4": "0.77", "5": "309.79", "6": "0", "7": "309.79", "8": "310.56", "9": "0", "10": "2.14", "11": "2.14", "12": "10.5", "13": "10.5", "14": "12.64", "15": "0", "16": "0", "17": "-11.18", "18": "-11.18", "19": "1.46", "20": "0.39", "21": "0.01", "22": "-1.37", "23": "-0.31"}, "2021": {"1": "0", "2": "0", "3": "0", "4": "0", "5": "0", "6": "0.36", "7": "0.36", "8": "0.36", "9": "0.1", "10": "0.24", "11": "0.34", "12": "0", "13": "0", "14": "0.34", "15": "0.1", "16": "0.03", "17": "-0", "18": "0.02", "19": "0.36", "20": "-0.1", "21": "-0.05", "22": "-0.34", "23": "0.01"}}, "quarterly": {"Metrics": {"1": "Cash & Equivalents", "2": "Cash & Cash Equivalents", "3": "Other Current Assets", "4": "Total Current Assets", "5": "Long-Term Investments", "6": "Other Long-Term Assets", "7": "Total Long-Term Assets", "8": "Total Assets", "9": "Current Debt", "10": "Other Current Liabilities", "11": "Total Current Liabilities", "12": "Other Long-Term Liabilities", "13": "Total Long-Term Liabilities", "14": "Total Liabilities", "15": "Total Debt", "16": "Common Stock", "17": "Retained Earnings", "18": "Shareholders' Equity", "19": "Total Liabilities and Equity", "20": "Net Cash / Debt", "21": "Net Cash Per Share", "22": "Working Capital", "23": "Book Value Per Share"}, "2022-12-31": {"1": "0.39", "2": "0.39", "3": "0.38", "4": "0.77", "5": "309.79", "6": "0", "7": "309.79", "8": "310.56", "9": "0", "10": "2.14", "11": "2.14", "12": "10.5", "13": "10.5", "14": "12.64", "15": "0", "16": "0", "17": "-11.18", "18": "-11.18", "19": "1.46", "20": "0.39", "21": "0.01", "22": "-1.37", "23": "-0.30"}, "2022-09-30": {"1": "0.19", "2": "0.19", "3": "0.49", "4": "0.68", "5": "307.55", "6": "0", "7": "307.55", "8": "308.23", "9": "0", "10": "1.26", "11": "1.26", "12": "10.5", "13": "10.5", "14": "11.76", "15": "0", "16": "0", "17": "-10.64", "18": "-10.64", "19": "1.12", "20": "0.19", "21": "0.01", "22": "-0.59", "23": "-0.28"}, "2022-06-30": {"1": "0.3", "2": "0.3", "3": "0.61", "4": "0.9", "5": "306.07", "6": "0", "7": "306.07", "8": "306.98", "9": "0", "10": "0.67", "11": "0.67", "12": "10.5", "13": "10.5", "14": "11.17", "15": "0", "16": "0", "17": "-10.19", "18": "-10.19", "19": "0.98", "20": "0.3", "21": "0.01", "22": "0.23", "23": "-0.27"}, "2022-03-31": {"1": "0.33", "2": "0.33", "3": "0.74", "4": "1.07", "5": "305.83", "6": "0", "7": "305.83", "8": "306.9", "9": "0", "10": "0.39", "11": "0.39", "12": "10.5", "13": "10.5", "14": "10.89", "15": "0", "16": "0", "17": "-9.99", "18": "-9.99", "19": "0.9", "20": "0.33", "21": "0.01", "22": "0.68", "23": "-0.32"}, "2021-12-31": {"1": "0", "2": "0", "3": "0", "4": "0", "5": "0", "6": "0.36", "7": "0.36", "8": "0.36", "9": "0.1", "10": "0.24", "11": "0.34", "12": "0", "13": "0", "14": "0.34", "15": "0.1", "16": "0.03", "17": "-0", "18": "0.02", "19": "0.36", "20": "-0.1", "21": "-0.05", "22": "-0.34", "23": "0.01"}}}, "cash_flow_statement": {"annual": {"Year": {"1": "Net Income", "2": "Share-Based Compensation", "3": "Other Operating Activities", "4": "Operating Cash Flow", "5": "Change in Investments", "6": "Investing Cash Flow", "7": "Share Issuance / Repurchase", "8": "Debt Issued / Paid", "9": "Other Financing Activities", "10": "Financing Cash Flow", "11": "Net Cash Flow", "12": "Free Cash Flow", "13": "Free Cash Flow Per Share"}, "2022": {"1": "0.89", "2": "0.36", "3": "-2.43", "4": "-1.18", "5": "-305.67", "6": "-305.67", "7": "294.24", "8": "-0.1", "9": "13.11", "10": "307.25", "11": "0.39", "12": "-1.18", "13": "-0.03"}}, "quarterly": {"Metrics": {"1": "Net Income", "2": "Share-Based Compensation", "3": "Other Operating Activities", "4": "Operating Cash Flow", "5": "Change in Investments", "6": "Investing Cash Flow", "7": "Share Issuance / Repurchase", "8": "Debt Issued / Paid", "9": "Other Financing Activities", "10": "Financing Cash Flow", "11": "Net Cash Flow", "12": "Free Cash Flow", "13": "Free Cash Flow Per Share"}, "2022-12-31": {"1": "1.46", "2": "0", "3": "-1.59", "4": "-0.13", "5": "0.33", "6": "0.33", "7": "0", "8": "0", "9": "-", "10": "0", "11": "0.2", "12": "-0.13", "13": "-0.00"}, "2022-09-30": {"1": "0.65", "2": "0", "3": "-0.75", "4": "-0.09", "5": "0", "6": "0", "7": "0", "8": "0", "9": "-0.01", "10": "-0.01", "11": "-0.11", "12": "-0.09", "13": "-0.00"}, "2022-06-30": {"1": "-0.2", "2": "0.36", "3": "-0.2", "4": "-0.04", "5": "0", "6": "0", "7": "0", "8": "0", "9": "-", "10": "0", "11": "-0.04", "12": "-0.04", "13": "-0.00"}, "2022-03-31": {"1": "-1.03", "2": "0", "3": "0.1", "4": "-0.93", "5": "-306", "6": "-306", "7": "294.24", "8": "-0.1", "9": "13.12", "10": "307.26", "11": "0.33", "12": "-0.93", "13": "-0.03"}, "2021-12-31": {"1": "-0", "2": "0", "3": "0", "4": "0", "5": "0", "6": "0", "7": "0", "8": "0.07", "9": "-0.07", "10": "0", "11": "0", "12": "0", "13": "-"}}}, "ratios": {"annual": {"Year": {"1": "Market Capitalization", "2": "Enterprise Value", "3": "PE Ratio", "4": "PB Ratio", "5": "P/FCF Ratio", "6": "P/OCF Ratio", "7": "EV/EBITDA Ratio", "8": "EV/EBIT Ratio", "9": "EV/FCF Ratio", "10": "Debt / Equity Ratio", "11": "Debt / EBITDA Ratio", "12": "Current Ratio", "13": "Return on Equity (ROE)", "14": "Return on Assets (ROA)", "15": "Return on Capital (ROIC)", "16": "Earnings Yield", "17": "FCF Yield", "18": "Buyback Yield / Dilution", "19": "Total Shareholder Return"}, "Current": {"1": "113", "2": "113", "3": "516.25", "4": "-34.18", "5": "-322.48", "6": "-322.48", "7": "65.77", "8": "65.77", "9": "-322.15", "10": "-", "11": "-", "12": "0.36", "13": "-8.40%", "14": "0.30%", "15": "0.60%", "16": "0.79%", "17": "-1.05%", "18": "-1747.02%", "19": "-1747.02%"}, "2022": {"1": "382", "2": "382", "3": "430.85", "4": "-34.18", "5": "-322.48", "6": "-322.48", "7": "223.12", "8": "223.12", "9": "-322.15", "10": "-", "11": "-", "12": "0.36", "13": "-8.40%", "14": "0.30%", "15": "0.60%", "16": "0.23%", "17": "-0.31%", "18": "-1747.02%", "19": "-1747.02%"}, "2021": {"1": "-", "2": "0", "3": "-", "4": "-", "5": "-", "6": "-", "7": "-55.93", "8": "-55.93", "9": "-", "10": "4.32", "11": "-55.93", "12": "0", "13": "-", "14": "-", "15": "-", "16": "-", "17": "-", "18": "-", "19": "-"}}, "quarterly": {"Metrics": {"1": "Market Capitalization", "2": "Enterprise Value", "3": "PE Ratio", "4": "PB Ratio", "5": "Debt / Equity Ratio", "6": "Current Ratio", "7": "Buyback Yield / Dilution", "8": "Total Shareholder Return"}, "Current": {"1": "113", "2": "113", "3": "516.25", "4": "-34.18", "5": "-", "6": "0.36", "7": "-1747.02%", "8": "-1747.02%"}, "2022-12-31": {"1": "382", "2": "382", "3": "430.85", "4": "-34.18", "5": "-", "6": "0.36", "7": "-1830.92%", "8": "-1830.92%"}, "2022-09-30": {"1": "376", "2": "376", "3": "-657.92", "4": "-35.31", "5": "-", "6": "0.54", "7": "-129210.34%", "8": "-129210.34%"}, "2022-06-30": {"1": "374", "2": "374", "3": "-305.63", "4": "-36.72", "5": "-", "6": "1.35", "7": "-", "8": "-"}, "2022-03-31": {"1": "372", "2": "372", "3": "-", "4": "-37.23", "5": "-", "6": "2.73", "7": "-", "8": "-"}, "2021-12-31": {"1": "-", "2": "0", "3": "-", "4": "-", "5": "4.32", "6": "0", "7": "-", "8": "-"}}}, "stock_price": {"symbol": {"0": "ACAB", "1": "ACAB", "2": "ACAB", "3": "ACAB", "4": "ACAB", "5": "ACAB", "6": "ACAB", "7": "ACAB", "8": "ACAB", "9": "ACAB", "10": "ACAB", "11": "ACAB", "12": "ACAB", "13": "ACAB", "14": "ACAB", "15": "ACAB", "16": "ACAB", "17": "ACAB", "18": "ACAB", "19": "ACAB", "20": "ACAB", "21": "ACAB", "22": "ACAB", "23": "ACAB", "24": "ACAB", "25": "ACAB", "26": "ACAB", "27": "ACAB", "28": "ACAB", "29": "ACAB", "30": "ACAB", "31": "ACAB", "32": "ACAB", "33": "ACAB", "34": "ACAB", "35": "ACAB", "36": "ACAB", "37": "ACAB", "38": "ACAB", "39": "ACAB", "40": "ACAB", "41": "ACAB", "42": "ACAB", "43": "ACAB", "44": "ACAB", "45": "ACAB", "46": "ACAB", "47": "ACAB", "48": "ACAB", "49": "ACAB", "50": "ACAB", "51": "ACAB", "52": "ACAB", "53": "ACAB", "54": "ACAB", "55": "ACAB", "56": "ACAB", "57": "ACAB", "58": "ACAB", "59": "ACAB", "60": "ACAB", "61": "ACAB", "62": "ACAB", "63": "ACAB", "64": "ACAB", "65": "ACAB", "66": "ACAB", "67": "ACAB", "68": "ACAB", "69": "ACAB", "70": "ACAB", "71": "ACAB", "72": "ACAB", "73": "ACAB", "74": "ACAB", "75": "ACAB", "76": "ACAB", "77": "ACAB", "78": "ACAB", "79": "ACAB", "80": "ACAB", "81": "ACAB", "82": "ACAB", "83": "ACAB", "84": "ACAB", "85": "ACAB", "86": "ACAB", "87": "ACAB", "88": "ACAB", "89": "ACAB", "90": "ACAB", "91": "ACAB", "92": "ACAB", "93": "ACAB", "94": "ACAB", "95": "ACAB", "96": "ACAB", "97": "ACAB", "98": "ACAB", "99": "ACAB", "100": "ACAB", "101": "ACAB", "102": "ACAB", "103": "ACAB", "104": "ACAB", "105": "ACAB", "106": "ACAB", "107": "ACAB", "108": "ACAB", "109": "ACAB", "110": "ACAB", "111": "ACAB", "112": "ACAB", "113": "ACAB", "114": "ACAB", "115": "ACAB", "116": "ACAB", "117": "ACAB", "118": "ACAB", "119": "ACAB", "120": "ACAB", "121": "ACAB", "122": "ACAB", "123": "ACAB", "124": "ACAB", "125": "ACAB", "126": "ACAB", "127": "ACAB", "128": "ACAB", "129": "ACAB", "130": "ACAB", "131": "ACAB", "132": "ACAB", "133": "ACAB", "134": "ACAB", "135": "ACAB", "136": "ACAB", "137": "ACAB", "138": "ACAB", "139": "ACAB", "140": "ACAB", "141": "ACAB", "142": "ACAB", "143": "ACAB", "144": "ACAB", "145": "ACAB", "146": "ACAB", "147": "ACAB", "148": "ACAB", "149": "ACAB", "150": "ACAB", "151": "ACAB", "152": "ACAB", "153": "ACAB", "154": "ACAB", "155": "ACAB", "156": "ACAB", "157": "ACAB", "158": "ACAB", "159": "ACAB", "160": "ACAB", "161": "ACAB", "162": "ACAB", "163": "ACAB", "164": "ACAB", "165": "ACAB", "166": "ACAB", "167": "ACAB", "168": "ACAB", "169": "ACAB", "170": "ACAB", "171": "ACAB", "172": "ACAB", "173": "ACAB", "174": "ACAB", "175": "ACAB", "176": "ACAB", "177": "ACAB", "178": "ACAB", "179": "ACAB", "180": "ACAB", "181": "ACAB", "182": "ACAB", "183": "ACAB", "184": "ACAB", "185": "ACAB", "186": "ACAB", "187": "ACAB", "188": "ACAB", "189": "ACAB", "190": "ACAB", "191": "ACAB", "192": "ACAB", "193": "ACAB", "194": "ACAB", "195": "ACAB", "196": "ACAB", "197": "ACAB", "198": "ACAB", "199": "ACAB", "200": "ACAB", "201": "ACAB", "202": "ACAB", "203": "ACAB", "204": "ACAB", "205": "ACAB", "206": "ACAB", "207": "ACAB", "208": "ACAB", "209": "ACAB", "210": "ACAB", "211": "ACAB", "212": "ACAB", "213": "ACAB", "214": "ACAB", "215": "ACAB", "216": "ACAB", "217": "ACAB", "218": "ACAB", "219": "ACAB", "220": "ACAB", "221": "ACAB", "222": "ACAB", "223": "ACAB", "224": "ACAB", "225": "ACAB", "226": "ACAB", "227": "ACAB", "228": "ACAB", "229": "ACAB", "230": "ACAB", "231": "ACAB", "232": "ACAB", "233": "ACAB", "234": "ACAB", "235": "ACAB", "236": "ACAB", "237": "ACAB", "238": "ACAB", "239": "ACAB", "240": "ACAB", "241": "ACAB", "242": "ACAB", "243": "ACAB", "244": "ACAB", "245": "ACAB", "246": "ACAB", "247": "ACAB", "248": "ACAB", "249": "ACAB", "250": "ACAB", "251": "ACAB", "252": "ACAB", "253": "ACAB", "254": "ACAB", "255": "ACAB", "256": "ACAB", "257": "ACAB", "258": "ACAB", "259": "ACAB", "260": "ACAB", "261": "ACAB", "262": "ACAB", "263": "ACAB", "264": "ACAB", "265": "ACAB", "266": "ACAB", "267": "ACAB", "268": "ACAB", "269": "ACAB", "270": "ACAB", "271": "ACAB", "272": "ACAB", "273": "ACAB", "274": "ACAB", "275": "ACAB", "276": "ACAB", "277": "ACAB", "278": "ACAB", "279": "ACAB", "280": "ACAB", "281": "ACAB", "282": "ACAB", "283": "ACAB", "284": "ACAB", "285": "ACAB", "286": "ACAB", "287": "ACAB", "288": "ACAB", "289": "ACAB", "290": "ACAB", "291": "ACAB", "292": "ACAB", "293": "ACAB", "294": "ACAB", "295": "ACAB", "296": "ACAB", "297": "ACAB", "298": "ACAB", "299": "ACAB", "300": "ACAB", "301": "ACAB", "302": "ACAB", "303": "ACAB", "304": "ACAB", "305": "ACAB", "306": "ACAB", "307": "ACAB", "308": "ACAB", "309": "ACAB", "310": "ACAB", "311": "ACAB", "312": "ACAB", "313": "ACAB", "314": "ACAB", "315": "ACAB", "316": "ACAB", "317": "ACAB", "318": "ACAB", "319": "ACAB", "320": "ACAB", "321": "ACAB", "322": "ACAB", "323": "ACAB", "324": "ACAB", "325": "ACAB", "326": "ACAB", "327": "ACAB"}, "date": {"0": "2022-03-09", "1": "2022-03-10", "2": "2022-03-11", "3": "2022-03-14", "4": "2022-03-15", "5": "2022-03-16", "6": "2022-03-17", "7": "2022-03-18", "8": "2022-03-21", "9": "2022-03-22", "10": "2022-03-23", "11": "2022-03-24", "12": "2022-03-25", "13": "2022-03-28", "14": "2022-03-29", "15": "2022-03-30", "16": "2022-03-31", "17": "2022-04-01", "18": "2022-04-04", "19": "2022-04-05", "20": "2022-04-06", "21": "2022-04-07", "22": "2022-04-08", "23": "2022-04-11", "24": "2022-04-12", "25": "2022-04-13", "26": "2022-04-14", "27": "2022-04-18", "28": "2022-04-19", "29": "2022-04-20", "30": "2022-04-21", "31": "2022-04-22", "32": "2022-04-25", "33": "2022-04-26", "34": "2022-04-27", "35": "2022-04-28", "36": "2022-04-29", "37": "2022-05-02", "38": "2022-05-03", "39": "2022-05-04", "40": "2022-05-05", "41": "2022-05-06", "42": "2022-05-09", "43": "2022-05-10", "44": "2022-05-11", "45": "2022-05-12", "46": "2022-05-13", "47": "2022-05-16", "48": "2022-05-17", "49": "2022-05-18", "50": "2022-05-19", "51": "2022-05-20", "52": "2022-05-23", "53": "2022-05-24", "54": "2022-05-25", "55": "2022-05-26", "56": "2022-05-27", "57": "2022-05-31", "58": "2022-06-01", "59": "2022-06-02", "60": "2022-06-03", "61": "2022-06-06", "62": "2022-06-07", "63": "2022-06-08", "64": "2022-06-09", "65": "2022-06-10", "66": "2022-06-13", "67": "2022-06-14", "68": "2022-06-15", "69": "2022-06-16", "70": "2022-06-17", "71": "2022-06-21", "72": "2022-06-22", "73": "2022-06-23", "74": "2022-06-24", "75": "2022-06-27", "76": "2022-06-28", "77": "2022-06-29", "78": "2022-06-30", "79": "2022-07-01", "80": "2022-07-05", "81": "2022-07-06", "82": "2022-07-07", "83": "2022-07-08", "84": "2022-07-11", "85": "2022-07-12", "86": "2022-07-13", "87": "2022-07-14", "88": "2022-07-15", "89": "2022-07-18", "90": "2022-07-19", "91": "2022-07-20", "92": "2022-07-21", "93": "2022-07-22", "94": "2022-07-25", "95": "2022-07-26", "96": "2022-07-27", "97": "2022-07-28", "98": "2022-07-29", "99": "2022-08-01", "100": "2022-08-02", "101": "2022-08-03", "102": "2022-08-04", "103": "2022-08-05", "104": "2022-08-08", "105": "2022-08-09", "106": "2022-08-10", "107": "2022-08-11", "108": "2022-08-12", "109": "2022-08-15", "110": "2022-08-16", "111": "2022-08-17", "112": "2022-08-18", "113": "2022-08-19", "114": "2022-08-22", "115": "2022-08-23", "116": "2022-08-24", "117": "2022-08-25", "118": "2022-08-26", "119": "2022-08-29", "120": "2022-08-30", "121": "2022-08-31", "122": "2022-09-01", "123": "2022-09-02", "124": "2022-09-06", "125": "2022-09-07", "126": "2022-09-08", "127": "2022-09-09", "128": "2022-09-12", "129": "2022-09-13", "130": "2022-09-14", "131": "2022-09-15", "132": "2022-09-16", "133": "2022-09-19", "134": "2022-09-20", "135": "2022-09-21", "136": "2022-09-22", "137": "2022-09-23", "138": "2022-09-26", "139": "2022-09-27", "140": "2022-09-28", "141": "2022-09-29", "142": "2022-09-30", "143": "2022-10-03", "144": "2022-10-04", "145": "2022-10-05", "146": "2022-10-06", "147": "2022-10-07", "148": "2022-10-10", "149": "2022-10-11", "150": "2022-10-12", "151": "2022-10-13", "152": "2022-10-14", "153": "2022-10-17", "154": "2022-10-18", "155": "2022-10-19", "156": "2022-10-20", "157": "2022-10-21", "158": "2022-10-24", "159": "2022-10-25", "160": "2022-10-26", "161": "2022-10-27", "162": "2022-10-28", "163": "2022-10-31", "164": "2022-11-01", "165": "2022-11-02", "166": "2022-11-03", "167": "2022-11-04", "168": "2022-11-07", "169": "2022-11-08", "170": "2022-11-09", "171": "2022-11-10", "172": "2022-11-11", "173": "2022-11-14", "174": "2022-11-15", "175": "2022-11-16", "176": "2022-11-17", "177": "2022-11-18", "178": "2022-11-21", "179": "2022-11-22", "180": "2022-11-23", "181": "2022-11-25", "182": "2022-11-28", "183": "2022-11-29", "184": "2022-11-30", "185": "2022-12-01", "186": "2022-12-02", "187": "2022-12-05", "188": "2022-12-06", "189": "2022-12-07", "190": "2022-12-08", "191": "2022-12-09", "192": "2022-12-12", "193": "2022-12-13", "194": "2022-12-14", "195": "2022-12-15", "196": "2022-12-16", "197": "2022-12-19", "198": "2022-12-20", "199": "2022-12-21", "200": "2022-12-22", "201": "2022-12-23", "202": "2022-12-27", "203": "2022-12-28", "204": "2022-12-29", "205": "2022-12-30", "206": "2023-01-03", "207": "2023-01-04", "208": "2023-01-05", "209": "2023-01-06", "210": "2023-01-09", "211": "2023-01-10", "212": "2023-01-11", "213": "2023-01-12", "214": "2023-01-13", "215": "2023-01-17", "216": "2023-01-18", "217": "2023-01-19", "218": "2023-01-20", "219": "2023-01-23", "220": "2023-01-24", "221": "2023-01-25", "222": "2023-01-26", "223": "2023-01-27", "224": "2023-01-30", "225": "2023-01-31", "226": "2023-02-01", "227": "2023-02-02", "228": "2023-02-03", "229": "2023-02-06", "230": "2023-02-07", "231": "2023-02-08", "232": "2023-02-09", "233": "2023-02-10", "234": "2023-02-13", "235": "2023-02-14", "236": "2023-02-15", "237": "2023-02-16", "238": "2023-02-17", "239": "2023-02-21", "240": "2023-02-22", "241": "2023-02-23", "242": "2023-02-24", "243": "2023-02-27", "244": "2023-02-28", "245": "2023-03-01", "246": "2023-03-02", "247": "2023-03-03", "248": "2023-03-06", "249": "2023-03-07", "250": "2023-03-08", "251": "2023-03-09", "252": "2023-03-10", "253": "2023-03-13", "254": "2023-03-14", "255": "2023-03-15", "256": "2023-03-16", "257": "2023-03-17", "258": "2023-03-20", "259": "2023-03-21", "260": "2023-03-22", "261": "2023-03-23", "262": "2023-03-24", "263": "2023-03-27", "264": "2023-03-28", "265": "2023-03-29", "266": "2023-03-30", "267": "2023-03-31", "268": "2023-04-03", "269": "2023-04-04", "270": "2023-04-05", "271": "2023-04-06", "272": "2023-04-10", "273": "2023-04-11", "274": "2023-04-12", "275": "2023-04-13", "276": "2023-04-14", "277": "2023-04-17", "278": "2023-04-18", "279": "2023-04-19", "280": "2023-04-20", "281": "2023-04-21", "282": "2023-04-24", "283": "2023-04-25", "284": "2023-04-26", "285": "2023-04-27", "286": "2023-04-28", "287": "2023-05-01", "288": "2023-05-02", "289": "2023-05-03", "290": "2023-05-04", "291": "2023-05-05", "292": "2023-05-08", "293": "2023-05-09", "294": "2023-05-10", "295": "2023-05-11", "296": "2023-05-12", "297": "2023-05-15", "298": "2023-05-16", "299": "2023-05-17", "300": "2023-05-18", "301": "2023-05-19", "302": "2023-05-22", "303": "2023-05-23", "304": "2023-05-24", "305": "2023-05-25", "306": "2023-05-26", "307": "2023-05-30", "308": "2023-05-31", "309": "2023-06-01", "310": "2023-06-02", "311": "2023-06-05", "312": "2023-06-06", "313": "2023-06-07", "314": "2023-06-08", "315": "2023-06-09", "316": "2023-06-12", "317": "2023-06-13", "318": "2023-06-14", "319": "2023-06-15", "320": "2023-06-16", "321": "2023-06-20", "322": "2023-06-21", "323": "2023-06-22", "324": "2023-06-23", "325": "2023-06-26", "326": "2023-06-27", "327": "2023-06-28"}, "open": {"0": 9.920000076293945, "1": 9.920000076293945, "2": 9.880000114440918, "3": 9.880000114440918, "4": 9.880000114440918, "5": 9.904999732971191, "6": 9.880000114440918, "7": 9.899999618530273, "8": 9.890000343322754, "9": 9.890000343322754, "10": 9.890000343322754, "11": 9.899999618530273, "12": 9.90999984741211, "13": 9.949999809265137, "14": 9.920999526977539, "15": 9.920999526977539, "16": 9.920999526977539, "17": 9.920000076293945, "18": 9.920000076293945, "19": 9.930000305175781, "20": 9.949999809265137, "21": 9.930000305175781, "22": 9.930000305175781, "23": 9.970000267028809, "24": 9.970000267028809, "25": 9.970000267028809, "26": 9.989999771118164, "27": 10.010000228881836, "28": 10.010000228881836, "29": 10.010000228881836, "30": 10.0, "31": 10.0, "32": 9.949999809265137, "33": 9.960000038146973, "34": 9.949999809265137, "35": 9.949999809265137, "36": 9.949999809265137, "37": 9.949999809265137, "38": 9.949999809265137, "39": 9.949999809265137, "40": 9.970000267028809, "41": 9.989999771118164, "42": 9.979999542236328, "43": 9.949999809265137, "44": 9.954999923706055, "45": 9.96500015258789, "46": 9.930000305175781, "47": 9.920000076293945, "48": 9.930000305175781, "49": 9.920000076293945, "50": 9.90999984741211, "51": 9.90999984741211, "52": 9.90999984741211, "53": 9.90999984741211, "54": 9.90999984741211, "55": 9.90999984741211, "56": 9.930000305175781, "57": 9.930000305175781, "58": 9.979999542236328, "59": 9.979999542236328, "60": 9.979999542236328, "61": 10.010000228881836, "62": 9.930000305175781, "63": 9.930000305175781, "64": 9.930000305175781, "65": 9.930000305175781, "66": 9.930000305175781, "67": 9.930000305175781, "68": 9.930000305175781, "69": 9.930000305175781, "70": 9.930000305175781, "71": 10.010000228881836, "72": 10.010000228881836, "73": 9.979999542236328, "74": 9.979999542236328, "75": 9.954999923706055, "76": 9.954999923706055, "77": 9.954999923706055, "78": 9.930000305175781, "79": 9.979999542236328, "80": 9.979999542236328, "81": 9.954999923706055, "82": 9.954999923706055, "83": 9.979999542236328, "84": 9.979999542236328, "85": 9.979999542236328, "86": 9.9399995803833, "87": 9.989999771118164, "88": 9.989999771118164, "89": 9.989999771118164, "90": 9.989999771118164, "91": 9.970000267028809, "92": 9.970000267028809, "93": 9.970000267028809, "94": 9.975000381469727, "95": 9.979999542236328, "96": 9.979999542236328, "97": 9.979999542236328, "98": 9.989999771118164, "99": 9.994999885559082, "100": 10.0, "101": 10.0, "102": 9.989999771118164, "103": 10.0, "104": 10.020000457763672, "105": 10.0, "106": 10.0, "107": 10.010000228881836, "108": 10.020000457763672, "109": 10.010000228881836, "110": 10.010000228881836, "111": 10.010000228881836, "112": 10.010000228881836, "113": 10.010000228881836, "114": 10.010000228881836, "115": 10.010000228881836, "116": 10.0, "117": 10.0, "118": 10.0, "119": 10.0, "120": 10.0, "121": 10.0, "122": 9.920000076293945, "123": 10.0, "124": 10.0, "125": 9.979999542236328, "126": 9.970000267028809, "127": 9.970000267028809, "128": 9.979999542236328, "129": 9.979999542236328, "130": 9.970000267028809, "131": 9.989999771118164, "132": 9.979999542236328, "133": 9.979999542236328, "134": 9.960000038146973, "135": 9.989999771118164, "136": 9.989999771118164, "137": 9.989999771118164, "138": 9.970000267028809, "139": 10.0, "140": 10.020000457763672, "141": 10.020000457763672, "142": 10.0649995803833, "143": 10.020000457763672, "144": 10.079999923706055, "145": 10.020000457763672, "146": 10.020000457763672, "147": 10.029999732971191, "148": 10.029999732971191, "149": 10.029999732971191, "150": 10.029999732971191, "151": 10.029999732971191, "152": 10.039999961853027, "153": 10.024999618530273, "154": 10.020000457763672, "155": 10.020000457763672, "156": 10.020000457763672, "157": 10.029999732971191, "158": 10.010000228881836, "159": 10.029999732971191, "160": 10.045000076293945, "161": 10.029999732971191, "162": 10.069999694824219, "163": 10.069999694824219, "164": 10.069999694824219, "165": 10.069999694824219, "166": 10.100000381469727, "167": 10.069999694824219, "168": 10.09000015258789, "169": 10.069999694824219, "170": 10.069999694824219, "171": 10.069999694824219, "172": 10.069999694824219, "173": 10.100000381469727, "174": 10.069999694824219, "175": 10.069999694824219, "176": 10.09000015258789, "177": 10.09000015258789, "178": 10.079999923706055, "179": 10.09000015258789, "180": 10.085000038146973, "181": 10.09000015258789, "182": 10.100000381469727, "183": 10.149999618530273, "184": 10.109999656677246, "185": 10.109999656677246, "186": 10.130000114440918, "187": 10.119999885559082, "188": 10.119999885559082, "189": 10.119999885559082, "190": 10.119999885559082, "191": 10.119999885559082, "192": 10.140000343322754, "193": 10.149999618530273, "194": 10.140000343322754, "195": 10.140000343322754, "196": 10.140000343322754, "197": 10.140000343322754, "198": 10.145000457763672, "199": 10.140000343322754, "200": 10.145000457763672, "201": 10.15999984741211, "202": 10.170000076293945, "203": 10.1850004196167, "204": 10.239999771118164, "205": 10.1899995803833, "206": 10.180000305175781, "207": 10.199999809265137, "208": 10.234999656677246, "209": 10.239999771118164, "210": 10.25, "211": 10.25, "212": 10.255000114440918, "213": 10.229999542236328, "214": 10.239999771118164, "215": 10.239999771118164, "216": 10.239999771118164, "217": 10.251999855041504, "218": 10.25, "219": 10.260000228881836, "220": 10.262999534606934, "221": 10.262999534606934, "222": 10.262999534606934, "223": 10.270000457763672, "224": 10.300000190734863, "225": 10.279999732971191, "226": 10.274999618530273, "227": 10.279999732971191, "228": 10.279999732971191, "229": 10.279999732971191, "230": 10.279999732971191, "231": 10.279999732971191, "232": 10.279999732971191, "233": 10.279999732971191, "234": 10.279999732971191, "235": 10.289999961853027, "236": 10.300000190734863, "237": 10.300000190734863, "238": 10.300000190734863, "239": 10.300000190734863, "240": 10.300000190734863, "241": 10.300000190734863, "242": 10.319999694824219, "243": 10.319999694824219, "244": 10.319999694824219, "245": 10.319999694824219, "246": 10.34000015258789, "247": 10.319999694824219, "248": 10.319999694824219, "249": 10.319999694824219, "250": 10.319999694824219, "251": 10.345000267028809, "252": 10.350000381469727, "253": 10.350000381469727, "254": 10.350000381469727, "255": 10.350000381469727, "256": 10.359999656677246, "257": 10.359999656677246, "258": 10.359999656677246, "259": 10.354999542236328, "260": 10.359999656677246, "261": 10.359999656677246, "262": 10.359999656677246, "263": 10.359999656677246, "264": 10.359999656677246, "265": 10.369999885559082, "266": 10.369999885559082, "267": 10.380000114440918, "268": 10.369999885559082, "269": 10.390000343322754, "270": 10.380000114440918, "271": 10.399999618530273, "272": 10.579999923706055, "273": 10.149999618530273, "274": 10.300000190734863, "275": 10.149999618530273, "276": 10.210000038146973, "277": 10.399999618530273, "278": 10.800000190734863, "279": 10.670000076293945, "280": 10.390000343322754, "281": 10.350000381469727, "282": 10.449999809265137, "283": 10.40999984741211, "284": 10.399999618530273, "285": 10.329999923706055, "286": 10.329999923706055, "287": 10.319999694824219, "288": 10.319999694824219, "289": 10.289999961853027, "290": 10.289999961853027, "291": 10.289999961853027, "292": 10.319999694824219, "293": 10.319999694824219, "294": 10.319999694824219, "295": 10.289999961853027, "296": 10.319999694824219, "297": 10.319999694824219, "298": 10.329999923706055, "299": 10.324999809265137, "300": 10.324999809265137, "301": 10.319999694824219, "302": 10.34000015258789, "303": 10.350000381469727, "304": 10.350000381469727, "305": 10.350000381469727, "306": 10.350000381469727, "307": 10.350000381469727, "308": 10.350000381469727, "309": 10.350000381469727, "310": 10.350000381469727, "311": 10.350000381469727, "312": 10.359999656677246, "313": 10.359999656677246, "314": 10.359999656677246, "315": 10.359999656677246, "316": 10.380000114440918, "317": 10.359999656677246, "318": 10.359999656677246, "319": 10.359999656677246, "320": 10.390000343322754, "321": 10.390000343322754, "322": 10.390000343322754, "323": 10.390000343322754, "324": 10.399999618530273, "325": 10.5, "326": 10.395000457763672, "327": 10.420000076293945}, "high": {"0": 9.920000076293945, "1": 9.920000076293945, "2": 9.895000457763672, "3": 9.880000114440918, "4": 9.880000114440918, "5": 9.904999732971191, "6": 9.899999618530273, "7": 9.899999618530273, "8": 9.890000343322754, "9": 9.890000343322754, "10": 9.890000343322754, "11": 9.90999984741211, "12": 9.949999809265137, "13": 9.949999809265137, "14": 9.920999526977539, "15": 9.920999526977539, "16": 9.920999526977539, "17": 9.920000076293945, "18": 9.920000076293945, "19": 9.949999809265137, "20": 9.949999809265137, "21": 9.930000305175781, "22": 9.970000267028809, "23": 9.970000267028809, "24": 9.970000267028809, "25": 9.970000267028809, "26": 9.989999771118164, "27": 10.010000228881836, "28": 10.010000228881836, "29": 10.010000228881836, "30": 10.0, "31": 10.0, "32": 9.949999809265137, "33": 9.960000038146973, "34": 9.949999809265137, "35": 9.949999809265137, "36": 9.949999809265137, "37": 9.949999809265137, "38": 9.949999809265137, "39": 9.949999809265137, "40": 9.970000267028809, "41": 9.989999771118164, "42": 9.979999542236328, "43": 9.970000267028809, "44": 9.954999923706055, "45": 9.979999542236328, "46": 9.930000305175781, "47": 9.920000076293945, "48": 9.930000305175781, "49": 9.920000076293945, "50": 9.90999984741211, "51": 9.90999984741211, "52": 9.90999984741211, "53": 9.90999984741211, "54": 9.90999984741211, "55": 9.90999984741211, "56": 9.930000305175781, "57": 9.979999542236328, "58": 9.979999542236328, "59": 9.979999542236328, "60": 9.979999542236328, "61": 10.010000228881836, "62": 9.930000305175781, "63": 9.930000305175781, "64": 9.930000305175781, "65": 9.930000305175781, "66": 9.930000305175781, "67": 9.930000305175781, "68": 9.930000305175781, "69": 9.930000305175781, "70": 10.010000228881836, "71": 10.010000228881836, "72": 10.010000228881836, "73": 9.979999542236328, "74": 9.979999542236328, "75": 9.954999923706055, "76": 9.954999923706055, "77": 9.954999923706055, "78": 9.979999542236328, "79": 9.979999542236328, "80": 9.979999542236328, "81": 9.954999923706055, "82": 9.954999923706055, "83": 9.979999542236328, "84": 9.979999542236328, "85": 9.979999542236328, "86": 9.9399995803833, "87": 9.989999771118164, "88": 9.989999771118164, "89": 9.989999771118164, "90": 9.989999771118164, "91": 9.970000267028809, "92": 9.970000267028809, "93": 9.970000267028809, "94": 9.975000381469727, "95": 9.979999542236328, "96": 9.979999542236328, "97": 10.005000114440918, "98": 9.989999771118164, "99": 10.0, "100": 10.0, "101": 10.0, "102": 10.010000228881836, "103": 10.0, "104": 10.020000457763672, "105": 10.0, "106": 10.0, "107": 10.010000228881836, "108": 10.020000457763672, "109": 10.010000228881836, "110": 10.010000228881836, "111": 10.010000228881836, "112": 10.010000228881836, "113": 10.010000228881836, "114": 10.010000228881836, "115": 10.010000228881836, "116": 10.0, "117": 10.0, "118": 10.0, "119": 10.0, "120": 10.0, "121": 10.0, "122": 10.010000228881836, "123": 10.0, "124": 10.0, "125": 9.994999885559082, "126": 9.970000267028809, "127": 9.970000267028809, "128": 9.989999771118164, "129": 9.994999885559082, "130": 9.979999542236328, "131": 9.989999771118164, "132": 9.989999771118164, "133": 9.979999542236328, "134": 9.994999885559082, "135": 9.989999771118164, "136": 9.989999771118164, "137": 10.0, "138": 10.020000457763672, "139": 10.020000457763672, "140": 10.029999732971191, "141": 10.029999732971191, "142": 10.0649995803833, "143": 10.020000457763672, "144": 10.079999923706055, "145": 10.020000457763672, "146": 10.029999732971191, "147": 10.029999732971191, "148": 10.029999732971191, "149": 10.029999732971191, "150": 10.029999732971191, "151": 10.029999732971191, "152": 10.039999961853027, "153": 10.024999618530273, "154": 10.020000457763672, "155": 10.020000457763672, "156": 10.024999618530273, "157": 10.029999732971191, "158": 10.029999732971191, "159": 10.029999732971191, "160": 10.0600004196167, "161": 10.069999694824219, "162": 10.069999694824219, "163": 10.071000099182129, "164": 10.069999694824219, "165": 10.100000381469727, "166": 10.100000381469727, "167": 10.079999923706055, "168": 10.09000015258789, "169": 10.069999694824219, "170": 10.069999694824219, "171": 10.069999694824219, "172": 10.069999694824219, "173": 10.100000381469727, "174": 10.069999694824219, "175": 10.069999694824219, "176": 10.09000015258789, "177": 10.09000015258789, "178": 10.09000015258789, "179": 10.09000015258789, "180": 10.09000015258789, "181": 10.09000015258789, "182": 10.109999656677246, "183": 10.149999618530273, "184": 10.109999656677246, "185": 10.130000114440918, "186": 10.130000114440918, "187": 10.119999885559082, "188": 10.119999885559082, "189": 10.119999885559082, "190": 10.119999885559082, "191": 10.119999885559082, "192": 10.140000343322754, "193": 10.149999618530273, "194": 10.140000343322754, "195": 10.140000343322754, "196": 10.145000457763672, "197": 10.140000343322754, "198": 10.145000457763672, "199": 10.140000343322754, "200": 10.15999984741211, "201": 10.170000076293945, "202": 10.180000305175781, "203": 10.1899995803833, "204": 10.239999771118164, "205": 10.199999809265137, "206": 10.199999809265137, "207": 10.199999809265137, "208": 10.25, "209": 10.239999771118164, "210": 10.25, "211": 10.25, "212": 10.255000114440918, "213": 10.260000228881836, "214": 10.239999771118164, "215": 10.239999771118164, "216": 10.25, "217": 10.251999855041504, "218": 10.25, "219": 10.260000228881836, "220": 10.262999534606934, "221": 10.262999534606934, "222": 10.262999534606934, "223": 10.300000190734863, "224": 10.300000190734863, "225": 10.279999732971191, "226": 10.274999618530273, "227": 10.279999732971191, "228": 10.279999732971191, "229": 10.279999732971191, "230": 10.279999732971191, "231": 10.279999732971191, "232": 10.279999732971191, "233": 10.289999961853027, "234": 10.279999732971191, "235": 10.300000190734863, "236": 10.300000190734863, "237": 10.3100004196167, "238": 10.3100004196167, "239": 10.300000190734863, "240": 10.300000190734863, "241": 10.300000190734863, "242": 10.319999694824219, "243": 10.319999694824219, "244": 10.335000038146973, "245": 10.319999694824219, "246": 10.34000015258789, "247": 10.319999694824219, "248": 10.319999694824219, "249": 10.319999694824219, "250": 10.319999694824219, "251": 10.350000381469727, "252": 10.350000381469727, "253": 10.350000381469727, "254": 10.350000381469727, "255": 10.350000381469727, "256": 10.359999656677246, "257": 10.359999656677246, "258": 10.359999656677246, "259": 10.359999656677246, "260": 10.369999885559082, "261": 10.359999656677246, "262": 10.359999656677246, "263": 10.364999771118164, "264": 10.359999656677246, "265": 10.369999885559082, "266": 10.40999984741211, "267": 10.380000114440918, "268": 10.390000343322754, "269": 10.399999618530273, "270": 10.399999618530273, "271": 10.420000076293945, "272": 10.720000267028809, "273": 10.489999771118164, "274": 10.550000190734863, "275": 10.579999923706055, "276": 10.40999984741211, "277": 10.399999618530273, "278": 10.92300033569336, "279": 10.949000358581543, "280": 10.600000381469727, "281": 10.390000343322754, "282": 11.114999771118164, "283": 10.40999984741211, "284": 10.399999618530273, "285": 10.329999923706055, "286": 10.329999923706055, "287": 10.319999694824219, "288": 10.319999694824219, "289": 10.289999961853027, "290": 10.319999694824219, "291": 10.289999961853027, "292": 10.319999694824219, "293": 10.319999694824219, "294": 10.319999694824219, "295": 10.319999694824219, "296": 10.319999694824219, "297": 10.319999694824219, "298": 10.329999923706055, "299": 10.324999809265137, "300": 10.324999809265137, "301": 10.319999694824219, "302": 10.350000381469727, "303": 10.350000381469727, "304": 10.350000381469727, "305": 10.350000381469727, "306": 10.350000381469727, "307": 10.350000381469727, "308": 10.350000381469727, "309": 10.350000381469727, "310": 10.350000381469727, "311": 10.350000381469727, "312": 10.359999656677246, "313": 10.359999656677246, "314": 10.359999656677246, "315": 10.359999656677246, "316": 10.380000114440918, "317": 10.359999656677246, "318": 10.359999656677246, "319": 10.359999656677246, "320": 10.390000343322754, "321": 10.390000343322754, "322": 10.390000343322754, "323": 10.390000343322754, "324": 10.5, "325": 10.5, "326": 10.40999984741211, "327": 10.420000076293945}, "low": {"0": 9.899999618530273, "1": 9.920000076293945, "2": 9.869999885559082, "3": 9.880000114440918, "4": 9.880000114440918, "5": 9.904999732971191, "6": 9.880000114440918, "7": 9.899999618530273, "8": 9.890000343322754, "9": 9.890000343322754, "10": 9.890000343322754, "11": 9.899999618530273, "12": 9.90999984741211, "13": 9.949999809265137, "14": 9.920999526977539, "15": 9.920999526977539, "16": 9.920999526977539, "17": 9.911999702453613, "18": 9.920000076293945, "19": 9.930000305175781, "20": 9.949999809265137, "21": 9.930000305175781, "22": 9.930000305175781, "23": 9.970000267028809, "24": 9.970000267028809, "25": 9.970000267028809, "26": 9.989999771118164, "27": 10.010000228881836, "28": 10.010000228881836, "29": 10.010000228881836, "30": 10.0, "31": 10.0, "32": 9.949999809265137, "33": 9.960000038146973, "34": 9.949999809265137, "35": 9.949999809265137, "36": 9.949999809265137, "37": 9.949999809265137, "38": 9.949999809265137, "39": 9.949999809265137, "40": 9.949999809265137, "41": 9.979999542236328, "42": 9.979999542236328, "43": 9.9399995803833, "44": 9.954999923706055, "45": 9.930000305175781, "46": 9.920000076293945, "47": 9.920000076293945, "48": 9.920000076293945, "49": 9.920000076293945, "50": 9.90999984741211, "51": 9.90999984741211, "52": 9.90999984741211, "53": 9.90999984741211, "54": 9.90999984741211, "55": 9.90999984741211, "56": 9.930000305175781, "57": 9.920000076293945, "58": 9.979999542236328, "59": 9.979999542236328, "60": 9.979999542236328, "61": 10.010000228881836, "62": 9.930000305175781, "63": 9.930000305175781, "64": 9.930000305175781, "65": 9.930000305175781, "66": 9.930000305175781, "67": 9.930000305175781, "68": 9.930000305175781, "69": 9.930000305175781, "70": 9.930000305175781, "71": 10.010000228881836, "72": 9.920000076293945, "73": 9.979999542236328, "74": 9.979999542236328, "75": 9.954999923706055, "76": 9.954999923706055, "77": 9.954999923706055, "78": 9.930000305175781, "79": 9.979999542236328, "80": 9.979999542236328, "81": 9.954999923706055, "82": 9.954999923706055, "83": 9.979999542236328, "84": 9.979999542236328, "85": 9.979999542236328, "86": 9.9399995803833, "87": 9.989999771118164, "88": 9.989999771118164, "89": 9.989999771118164, "90": 9.989999771118164, "91": 9.970000267028809, "92": 9.949999809265137, "93": 9.970000267028809, "94": 9.975000381469727, "95": 9.970000267028809, "96": 9.979999542236328, "97": 9.975000381469727, "98": 9.989999771118164, "99": 9.989999771118164, "100": 10.0, "101": 10.0, "102": 9.989999771118164, "103": 10.0, "104": 10.010000228881836, "105": 10.0, "106": 9.989999771118164, "107": 10.010000228881836, "108": 10.020000457763672, "109": 10.010000228881836, "110": 10.010000228881836, "111": 10.010000228881836, "112": 10.010000228881836, "113": 10.010000228881836, "114": 10.010000228881836, "115": 10.010000228881836, "116": 10.0, "117": 10.0, "118": 10.0, "119": 10.0, "120": 10.0, "121": 10.0, "122": 9.920000076293945, "123": 10.0, "124": 10.0, "125": 9.975000381469727, "126": 9.970000267028809, "127": 9.970000267028809, "128": 9.970000267028809, "129": 9.979999542236328, "130": 9.970000267028809, "131": 9.989999771118164, "132": 9.979999542236328, "133": 9.979999542236328, "134": 9.960000038146973, "135": 9.989999771118164, "136": 9.970000267028809, "137": 9.989999771118164, "138": 9.970000267028809, "139": 10.0, "140": 10.020000457763672, "141": 10.020000457763672, "142": 10.015000343322754, "143": 10.020000457763672, "144": 10.079999923706055, "145": 10.020000457763672, "146": 10.020000457763672, "147": 10.029999732971191, "148": 10.029999732971191, "149": 10.029999732971191, "150": 10.029999732971191, "151": 10.029999732971191, "152": 10.024999618530273, "153": 10.024999618530273, "154": 10.020000457763672, "155": 10.020000457763672, "156": 10.015000343322754, "157": 10.029999732971191, "158": 10.010000228881836, "159": 10.029999732971191, "160": 10.045000076293945, "161": 10.029999732971191, "162": 10.069999694824219, "163": 10.069999694824219, "164": 10.0649995803833, "165": 10.069999694824219, "166": 10.100000381469727, "167": 10.069999694824219, "168": 10.079999923706055, "169": 10.069999694824219, "170": 10.069999694824219, "171": 10.069999694824219, "172": 10.069999694824219, "173": 10.09000015258789, "174": 10.069999694824219, "175": 10.069999694824219, "176": 10.079999923706055, "177": 10.079999923706055, "178": 10.079999923706055, "179": 10.09000015258789, "180": 10.085000038146973, "181": 10.09000015258789, "182": 10.100000381469727, "183": 10.119999885559082, "184": 10.109999656677246, "185": 10.109999656677246, "186": 10.130000114440918, "187": 10.119999885559082, "188": 10.119999885559082, "189": 10.119999885559082, "190": 10.119999885559082, "191": 10.119999885559082, "192": 10.140000343322754, "193": 10.140000343322754, "194": 10.140000343322754, "195": 10.140000343322754, "196": 10.140000343322754, "197": 10.140000343322754, "198": 10.140000343322754, "199": 10.140000343322754, "200": 10.145000457763672, "201": 10.15999984741211, "202": 10.170000076293945, "203": 10.1850004196167, "204": 10.239999771118164, "205": 10.1899995803833, "206": 10.180000305175781, "207": 10.199999809265137, "208": 10.234999656677246, "209": 10.239999771118164, "210": 10.25, "211": 10.25, "212": 10.25, "213": 10.229999542236328, "214": 10.239999771118164, "215": 10.239999771118164, "216": 10.239999771118164, "217": 10.25, "218": 10.25, "219": 10.260000228881836, "220": 10.262999534606934, "221": 10.262999534606934, "222": 10.262999534606934, "223": 10.270000457763672, "224": 10.300000190734863, "225": 10.279999732971191, "226": 10.274999618530273, "227": 10.279999732971191, "228": 10.279999732971191, "229": 10.279999732971191, "230": 10.279999732971191, "231": 10.279999732971191, "232": 10.279999732971191, "233": 10.279999732971191, "234": 10.279999732971191, "235": 10.289999961853027, "236": 10.300000190734863, "237": 10.300000190734863, "238": 10.289999961853027, "239": 10.300000190734863, "240": 10.300000190734863, "241": 10.300000190734863, "242": 10.319999694824219, "243": 10.319999694824219, "244": 10.319999694824219, "245": 10.319999694824219, "246": 10.319999694824219, "247": 10.319999694824219, "248": 10.319999694824219, "249": 10.319999694824219, "250": 10.319999694824219, "251": 10.345000267028809, "252": 10.350000381469727, "253": 10.350000381469727, "254": 10.350000381469727, "255": 10.350000381469727, "256": 10.350000381469727, "257": 10.359999656677246, "258": 10.350000381469727, "259": 10.350000381469727, "260": 10.350000381469727, "261": 10.359999656677246, "262": 10.350000381469727, "263": 10.359999656677246, "264": 10.359999656677246, "265": 10.359999656677246, "266": 10.359999656677246, "267": 10.380000114440918, "268": 10.359999656677246, "269": 10.390000343322754, "270": 10.369999885559082, "271": 10.380000114440918, "272": 9.9399995803833, "273": 9.789999961853027, "274": 10.300000190734863, "275": 10.149999618530273, "276": 10.210000038146973, "277": 10.399999618530273, "278": 10.260000228881836, "279": 10.25, "280": 10.270000457763672, "281": 10.350000381469727, "282": 10.289999961853027, "283": 10.279999732971191, "284": 10.270000457763672, "285": 10.3100004196167, "286": 10.329999923706055, "287": 10.319999694824219, "288": 10.319999694824219, "289": 10.289999961853027, "290": 10.289999961853027, "291": 10.289999961853027, "292": 10.319999694824219, "293": 10.319999694824219, "294": 10.319999694824219, "295": 10.289999961853027, "296": 10.319999694824219, "297": 10.319999694824219, "298": 10.324999809265137, "299": 10.324999809265137, "300": 10.324999809265137, "301": 10.319999694824219, "302": 10.34000015258789, "303": 10.350000381469727, "304": 10.350000381469727, "305": 10.350000381469727, "306": 10.350000381469727, "307": 10.350000381469727, "308": 10.350000381469727, "309": 10.350000381469727, "310": 10.350000381469727, "311": 10.350000381469727, "312": 10.359999656677246, "313": 10.359999656677246, "314": 10.359999656677246, "315": 10.359999656677246, "316": 10.380000114440918, "317": 10.359999656677246, "318": 10.359999656677246, "319": 10.359999656677246, "320": 10.390000343322754, "321": 10.390000343322754, "322": 10.390000343322754, "323": 10.390000343322754, "324": 10.399999618530273, "325": 10.5, "326": 10.395000457763672, "327": 10.420000076293945}, "close": {"0": 9.899999618530273, "1": 9.920000076293945, "2": 9.871000289916992, "3": 9.880000114440918, "4": 9.880000114440918, "5": 9.904999732971191, "6": 9.899999618530273, "7": 9.899999618530273, "8": 9.890000343322754, "9": 9.890000343322754, "10": 9.890000343322754, "11": 9.90999984741211, "12": 9.949999809265137, "13": 9.949999809265137, "14": 9.920999526977539, "15": 9.920999526977539, "16": 9.920999526977539, "17": 9.920000076293945, "18": 9.920000076293945, "19": 9.949999809265137, "20": 9.949999809265137, "21": 9.930000305175781, "22": 9.970000267028809, "23": 9.970000267028809, "24": 9.970000267028809, "25": 9.970000267028809, "26": 9.989999771118164, "27": 10.010000228881836, "28": 10.010000228881836, "29": 10.010000228881836, "30": 10.0, "31": 10.0, "32": 9.949999809265137, "33": 9.960000038146973, "34": 9.949999809265137, "35": 9.949999809265137, "36": 9.949999809265137, "37": 9.949999809265137, "38": 9.949999809265137, "39": 9.949999809265137, "40": 9.949999809265137, "41": 9.979999542236328, "42": 9.979999542236328, "43": 9.954999923706055, "44": 9.954999923706055, "45": 9.979999542236328, "46": 9.920000076293945, "47": 9.920000076293945, "48": 9.920000076293945, "49": 9.920000076293945, "50": 9.90999984741211, "51": 9.90999984741211, "52": 9.90999984741211, "53": 9.90999984741211, "54": 9.90999984741211, "55": 9.90999984741211, "56": 9.930000305175781, "57": 9.979999542236328, "58": 9.979999542236328, "59": 9.979999542236328, "60": 9.979999542236328, "61": 10.010000228881836, "62": 9.930000305175781, "63": 9.930000305175781, "64": 9.930000305175781, "65": 9.930000305175781, "66": 9.930000305175781, "67": 9.930000305175781, "68": 9.930000305175781, "69": 9.930000305175781, "70": 10.010000228881836, "71": 10.010000228881836, "72": 9.979999542236328, "73": 9.979999542236328, "74": 9.979999542236328, "75": 9.954999923706055, "76": 9.954999923706055, "77": 9.954999923706055, "78": 9.979999542236328, "79": 9.979999542236328, "80": 9.979999542236328, "81": 9.954999923706055, "82": 9.954999923706055, "83": 9.979999542236328, "84": 9.979999542236328, "85": 9.979999542236328, "86": 9.9399995803833, "87": 9.989999771118164, "88": 9.989999771118164, "89": 9.989999771118164, "90": 9.989999771118164, "91": 9.970000267028809, "92": 9.970000267028809, "93": 9.970000267028809, "94": 9.975000381469727, "95": 9.970000267028809, "96": 9.979999542236328, "97": 9.989999771118164, "98": 9.989999771118164, "99": 10.0, "100": 10.0, "101": 10.0, "102": 10.0, "103": 10.0, "104": 10.010000228881836, "105": 10.0, "106": 10.0, "107": 10.010000228881836, "108": 10.020000457763672, "109": 10.010000228881836, "110": 10.010000228881836, "111": 10.010000228881836, "112": 10.010000228881836, "113": 10.010000228881836, "114": 10.010000228881836, "115": 10.010000228881836, "116": 10.0, "117": 10.0, "118": 10.0, "119": 10.0, "120": 10.0, "121": 10.0, "122": 10.0, "123": 10.0, "124": 10.0, "125": 9.975000381469727, "126": 9.970000267028809, "127": 9.970000267028809, "128": 9.979999542236328, "129": 9.989999771118164, "130": 9.979999542236328, "131": 9.989999771118164, "132": 9.989999771118164, "133": 9.979999542236328, "134": 9.994999885559082, "135": 9.989999771118164, "136": 9.970000267028809, "137": 10.0, "138": 10.020000457763672, "139": 10.020000457763672, "140": 10.020000457763672, "141": 10.029999732971191, "142": 10.020000457763672, "143": 10.020000457763672, "144": 10.079999923706055, "145": 10.020000457763672, "146": 10.029999732971191, "147": 10.029999732971191, "148": 10.029999732971191, "149": 10.029999732971191, "150": 10.029999732971191, "151": 10.029999732971191, "152": 10.024999618530273, "153": 10.024999618530273, "154": 10.020000457763672, "155": 10.020000457763672, "156": 10.024999618530273, "157": 10.029999732971191, "158": 10.029999732971191, "159": 10.029999732971191, "160": 10.0600004196167, "161": 10.069999694824219, "162": 10.069999694824219, "163": 10.071000099182129, "164": 10.069999694824219, "165": 10.100000381469727, "166": 10.100000381469727, "167": 10.079999923706055, "168": 10.079999923706055, "169": 10.069999694824219, "170": 10.069999694824219, "171": 10.069999694824219, "172": 10.069999694824219, "173": 10.09000015258789, "174": 10.069999694824219, "175": 10.069999694824219, "176": 10.09000015258789, "177": 10.09000015258789, "178": 10.09000015258789, "179": 10.09000015258789, "180": 10.09000015258789, "181": 10.09000015258789, "182": 10.100000381469727, "183": 10.130000114440918, "184": 10.109999656677246, "185": 10.130000114440918, "186": 10.130000114440918, "187": 10.119999885559082, "188": 10.119999885559082, "189": 10.119999885559082, "190": 10.119999885559082, "191": 10.119999885559082, "192": 10.140000343322754, "193": 10.140000343322754, "194": 10.140000343322754, "195": 10.140000343322754, "196": 10.140000343322754, "197": 10.140000343322754, "198": 10.140000343322754, "199": 10.140000343322754, "200": 10.15999984741211, "201": 10.170000076293945, "202": 10.180000305175781, "203": 10.1899995803833, "204": 10.239999771118164, "205": 10.1899995803833, "206": 10.199999809265137, "207": 10.199999809265137, "208": 10.239999771118164, "209": 10.239999771118164, "210": 10.25, "211": 10.25, "212": 10.25, "213": 10.260000228881836, "214": 10.239999771118164, "215": 10.239999771118164, "216": 10.25, "217": 10.25, "218": 10.25, "219": 10.260000228881836, "220": 10.262999534606934, "221": 10.262999534606934, "222": 10.262999534606934, "223": 10.300000190734863, "224": 10.300000190734863, "225": 10.279999732971191, "226": 10.274999618530273, "227": 10.279999732971191, "228": 10.279999732971191, "229": 10.279999732971191, "230": 10.279999732971191, "231": 10.279999732971191, "232": 10.279999732971191, "233": 10.279999732971191, "234": 10.279999732971191, "235": 10.300000190734863, "236": 10.300000190734863, "237": 10.300000190734863, "238": 10.300000190734863, "239": 10.300000190734863, "240": 10.300000190734863, "241": 10.300000190734863, "242": 10.319999694824219, "243": 10.319999694824219, "244": 10.335000038146973, "245": 10.319999694824219, "246": 10.319999694824219, "247": 10.319999694824219, "248": 10.319999694824219, "249": 10.319999694824219, "250": 10.319999694824219, "251": 10.345000267028809, "252": 10.350000381469727, "253": 10.350000381469727, "254": 10.350000381469727, "255": 10.350000381469727, "256": 10.350000381469727, "257": 10.359999656677246, "258": 10.359999656677246, "259": 10.354999542236328, "260": 10.359999656677246, "261": 10.359999656677246, "262": 10.350000381469727, "263": 10.359999656677246, "264": 10.359999656677246, "265": 10.369999885559082, "266": 10.369999885559082, "267": 10.380000114440918, "268": 10.380000114440918, "269": 10.399999618530273, "270": 10.399999618530273, "271": 10.420000076293945, "272": 10.449999809265137, "273": 10.449999809265137, "274": 10.550000190734863, "275": 10.579999923706055, "276": 10.399999618530273, "277": 10.399999618530273, "278": 10.59000015258789, "279": 10.380000114440918, "280": 10.350000381469727, "281": 10.390000343322754, "282": 10.350000381469727, "283": 10.34000015258789, "284": 10.300000190734863, "285": 10.3100004196167, "286": 10.329999923706055, "287": 10.319999694824219, "288": 10.319999694824219, "289": 10.289999961853027, "290": 10.319999694824219, "291": 10.289999961853027, "292": 10.319999694824219, "293": 10.319999694824219, "294": 10.319999694824219, "295": 10.319999694824219, "296": 10.319999694824219, "297": 10.319999694824219, "298": 10.324999809265137, "299": 10.324999809265137, "300": 10.324999809265137, "301": 10.319999694824219, "302": 10.350000381469727, "303": 10.350000381469727, "304": 10.350000381469727, "305": 10.350000381469727, "306": 10.350000381469727, "307": 10.350000381469727, "308": 10.350000381469727, "309": 10.350000381469727, "310": 10.350000381469727, "311": 10.350000381469727, "312": 10.359999656677246, "313": 10.359999656677246, "314": 10.359999656677246, "315": 10.359999656677246, "316": 10.380000114440918, "317": 10.359999656677246, "318": 10.359999656677246, "319": 10.359999656677246, "320": 10.390000343322754, "321": 10.390000343322754, "322": 10.390000343322754, "323": 10.390000343322754, "324": 10.5, "325": 10.5, "326": 10.40999984741211, "327": 10.420000076293945}, "volume": {"0": 1600, "1": 1700, "2": 1200, "3": 200, "4": 0, "5": 200, "6": 300, "7": 0, "8": 15600, "9": 0, "10": 0, "11": 113600, "12": 8200, "13": 0, "14": 100, "15": 0, "16": 0, "17": 10000, "18": 2000, "19": 3400, "20": 0, "21": 20000, "22": 5700, "23": 0, "24": 0, "25": 0, "26": 300, "27": 1100, "28": 0, "29": 0, "30": 100, "31": 0, "32": 1400, "33": 15000, "34": 200, "35": 0, "36": 0, "37": 5900, "38": 800, "39": 100000, "40": 739100, "41": 42400, "42": 0, "43": 73800, "44": 0, "45": 1200, "46": 6200, "47": 0, "48": 210700, "49": 5000, "50": 65300, "51": 81300, "52": 0, "53": 0, "54": 0, "55": 0, "56": 105000, "57": 375800, "58": 100, "59": 0, "60": 1100, "61": 1000, "62": 934100, "63": 0, "64": 0, "65": 0, "66": 0, "67": 0, "68": 0, "69": 200, "70": 69500, "71": 0, "72": 1101100, "73": 0, "74": 0, "75": 100, "76": 0, "77": 0, "78": 900, "79": 0, "80": 0, "81": 144800, "82": 0, "83": 300, "84": 0, "85": 0, "86": 300, "87": 400, "88": 0, "89": 0, "90": 0, "91": 500, "92": 25600, "93": 200000, "94": 4600, "95": 153700, "96": 66300, "97": 434000, "98": 0, "99": 383000, "100": 0, "101": 4600, "102": 67000, "103": 30500, "104": 400, "105": 4500, "106": 303800, "107": 2300, "108": 44200, "109": 5100, "110": 0, "111": 293400, "112": 0, "113": 0, "114": 0, "115": 0, "116": 800, "117": 0, "118": 0, "119": 0, "120": 0, "121": 0, "122": 353800, "123": 100, "124": 0, "125": 5900, "126": 300, "127": 0, "128": 90400, "129": 70700, "130": 8300, "131": 100, "132": 200, "133": 100, "134": 2100, "135": 200, "136": 14400, "137": 40400, "138": 64500, "139": 400, "140": 37300, "141": 57400, "142": 3000, "143": 2000, "144": 200, "145": 12500, "146": 2600, "147": 10900, "148": 0, "149": 0, "150": 100, "151": 100, "152": 200, "153": 0, "154": 200, "155": 0, "156": 5000, "157": 100, "158": 300, "159": 1900, "160": 7700, "161": 7300, "162": 0, "163": 1000, "164": 38100, "165": 300, "166": 0, "167": 25100, "168": 255100, "169": 13000, "170": 0, "171": 258600, "172": 0, "173": 3700, "174": 52500, "175": 600, "176": 300, "177": 400, "178": 34000, "179": 100, "180": 300, "181": 0, "182": 47500, "183": 4600, "184": 12100, "185": 157800, "186": 0, "187": 10000, "188": 0, "189": 0, "190": 0, "191": 0, "192": 10100, "193": 16400, "194": 0, "195": 100, "196": 25800, "197": 0, "198": 58800, "199": 0, "200": 20600, "201": 6600, "202": 4700, "203": 5000, "204": 200, "205": 1000, "206": 2300, "207": 0, "208": 411700, "209": 600, "210": 175000, "211": 0, "212": 1033200, "213": 5100, "214": 10500, "215": 0, "216": 1200, "217": 7000, "218": 24500, "219": 352100, "220": 1100, "221": 0, "222": 0, "223": 3700, "224": 0, "225": 700, "226": 200, "227": 100, "228": 0, "229": 0, "230": 0, "231": 100, "232": 26200, "233": 6600, "234": 500, "235": 16600, "236": 16000, "237": 34600, "238": 339600, "239": 0, "240": 0, "241": 0, "242": 500, "243": 0, "244": 400, "245": 100, "246": 8900, "247": 0, "248": 0, "249": 0, "250": 0, "251": 4300, "252": 300, "253": 0, "254": 0, "255": 0, "256": 8500, "257": 200, "258": 1800, "259": 259000, "260": 24300, "261": 0, "262": 52300, "263": 14100, "264": 0, "265": 4500, "266": 2508300, "267": 38300, "268": 119200, "269": 4053600, "270": 22000, "271": 232100, "272": 68200, "273": 50800, "274": 8500, "275": 1052100, "276": 2000, "277": 0, "278": 81200, "279": 39700, "280": 16200, "281": 11000, "282": 26600, "283": 2400, "284": 10300, "285": 2000, "286": 32100, "287": 1600, "288": 0, "289": 700, "290": 1000, "291": 1200, "292": 700, "293": 400, "294": 5100, "295": 3800, "296": 0, "297": 400, "298": 10200, "299": 0, "300": 0, "301": 1000, "302": 12000, "303": 0, "304": 0, "305": 200, "306": 0, "307": 100, "308": 0, "309": 2000, "310": 0, "311": 0, "312": 1400, "313": 0, "314": 100, "315": 0, "316": 25300, "317": 200, "318": 0, "319": 0, "320": 28100, "321": 0, "322": 0, "323": 0, "324": 8900, "325": 0, "326": 200, "327": 25000}, "adjclose": {"0": 9.899999618530273, "1": 9.920000076293945, "2": 9.871000289916992, "3": 9.880000114440918, "4": 9.880000114440918, "5": 9.904999732971191, "6": 9.899999618530273, "7": 9.899999618530273, "8": 9.890000343322754, "9": 9.890000343322754, "10": 9.890000343322754, "11": 9.90999984741211, "12": 9.949999809265137, "13": 9.949999809265137, "14": 9.920999526977539, "15": 9.920999526977539, "16": 9.920999526977539, "17": 9.920000076293945, "18": 9.920000076293945, "19": 9.949999809265137, "20": 9.949999809265137, "21": 9.930000305175781, "22": 9.970000267028809, "23": 9.970000267028809, "24": 9.970000267028809, "25": 9.970000267028809, "26": 9.989999771118164, "27": 10.010000228881836, "28": 10.010000228881836, "29": 10.010000228881836, "30": 10.0, "31": 10.0, "32": 9.949999809265137, "33": 9.960000038146973, "34": 9.949999809265137, "35": 9.949999809265137, "36": 9.949999809265137, "37": 9.949999809265137, "38": 9.949999809265137, "39": 9.949999809265137, "40": 9.949999809265137, "41": 9.979999542236328, "42": 9.979999542236328, "43": 9.954999923706055, "44": 9.954999923706055, "45": 9.979999542236328, "46": 9.920000076293945, "47": 9.920000076293945, "48": 9.920000076293945, "49": 9.920000076293945, "50": 9.90999984741211, "51": 9.90999984741211, "52": 9.90999984741211, "53": 9.90999984741211, "54": 9.90999984741211, "55": 9.90999984741211, "56": 9.930000305175781, "57": 9.979999542236328, "58": 9.979999542236328, "59": 9.979999542236328, "60": 9.979999542236328, "61": 10.010000228881836, "62": 9.930000305175781, "63": 9.930000305175781, "64": 9.930000305175781, "65": 9.930000305175781, "66": 9.930000305175781, "67": 9.930000305175781, "68": 9.930000305175781, "69": 9.930000305175781, "70": 10.010000228881836, "71": 10.010000228881836, "72": 9.979999542236328, "73": 9.979999542236328, "74": 9.979999542236328, "75": 9.954999923706055, "76": 9.954999923706055, "77": 9.954999923706055, "78": 9.979999542236328, "79": 9.979999542236328, "80": 9.979999542236328, "81": 9.954999923706055, "82": 9.954999923706055, "83": 9.979999542236328, "84": 9.979999542236328, "85": 9.979999542236328, "86": 9.9399995803833, "87": 9.989999771118164, "88": 9.989999771118164, "89": 9.989999771118164, "90": 9.989999771118164, "91": 9.970000267028809, "92": 9.970000267028809, "93": 9.970000267028809, "94": 9.975000381469727, "95": 9.970000267028809, "96": 9.979999542236328, "97": 9.989999771118164, "98": 9.989999771118164, "99": 10.0, "100": 10.0, "101": 10.0, "102": 10.0, "103": 10.0, "104": 10.010000228881836, "105": 10.0, "106": 10.0, "107": 10.010000228881836, "108": 10.020000457763672, "109": 10.010000228881836, "110": 10.010000228881836, "111": 10.010000228881836, "112": 10.010000228881836, "113": 10.010000228881836, "114": 10.010000228881836, "115": 10.010000228881836, "116": 10.0, "117": 10.0, "118": 10.0, "119": 10.0, "120": 10.0, "121": 10.0, "122": 10.0, "123": 10.0, "124": 10.0, "125": 9.975000381469727, "126": 9.970000267028809, "127": 9.970000267028809, "128": 9.979999542236328, "129": 9.989999771118164, "130": 9.979999542236328, "131": 9.989999771118164, "132": 9.989999771118164, "133": 9.979999542236328, "134": 9.994999885559082, "135": 9.989999771118164, "136": 9.970000267028809, "137": 10.0, "138": 10.020000457763672, "139": 10.020000457763672, "140": 10.020000457763672, "141": 10.029999732971191, "142": 10.020000457763672, "143": 10.020000457763672, "144": 10.079999923706055, "145": 10.020000457763672, "146": 10.029999732971191, "147": 10.029999732971191, "148": 10.029999732971191, "149": 10.029999732971191, "150": 10.029999732971191, "151": 10.029999732971191, "152": 10.024999618530273, "153": 10.024999618530273, "154": 10.020000457763672, "155": 10.020000457763672, "156": 10.024999618530273, "157": 10.029999732971191, "158": 10.029999732971191, "159": 10.029999732971191, "160": 10.0600004196167, "161": 10.069999694824219, "162": 10.069999694824219, "163": 10.071000099182129, "164": 10.069999694824219, "165": 10.100000381469727, "166": 10.100000381469727, "167": 10.079999923706055, "168": 10.079999923706055, "169": 10.069999694824219, "170": 10.069999694824219, "171": 10.069999694824219, "172": 10.069999694824219, "173": 10.09000015258789, "174": 10.069999694824219, "175": 10.069999694824219, "176": 10.09000015258789, "177": 10.09000015258789, "178": 10.09000015258789, "179": 10.09000015258789, "180": 10.09000015258789, "181": 10.09000015258789, "182": 10.100000381469727, "183": 10.130000114440918, "184": 10.109999656677246, "185": 10.130000114440918, "186": 10.130000114440918, "187": 10.119999885559082, "188": 10.119999885559082, "189": 10.119999885559082, "190": 10.119999885559082, "191": 10.119999885559082, "192": 10.140000343322754, "193": 10.140000343322754, "194": 10.140000343322754, "195": 10.140000343322754, "196": 10.140000343322754, "197": 10.140000343322754, "198": 10.140000343322754, "199": 10.140000343322754, "200": 10.15999984741211, "201": 10.170000076293945, "202": 10.180000305175781, "203": 10.1899995803833, "204": 10.239999771118164, "205": 10.1899995803833, "206": 10.199999809265137, "207": 10.199999809265137, "208": 10.239999771118164, "209": 10.239999771118164, "210": 10.25, "211": 10.25, "212": 10.25, "213": 10.260000228881836, "214": 10.239999771118164, "215": 10.239999771118164, "216": 10.25, "217": 10.25, "218": 10.25, "219": 10.260000228881836, "220": 10.262999534606934, "221": 10.262999534606934, "222": 10.262999534606934, "223": 10.300000190734863, "224": 10.300000190734863, "225": 10.279999732971191, "226": 10.274999618530273, "227": 10.279999732971191, "228": 10.279999732971191, "229": 10.279999732971191, "230": 10.279999732971191, "231": 10.279999732971191, "232": 10.279999732971191, "233": 10.279999732971191, "234": 10.279999732971191, "235": 10.300000190734863, "236": 10.300000190734863, "237": 10.300000190734863, "238": 10.300000190734863, "239": 10.300000190734863, "240": 10.300000190734863, "241": 10.300000190734863, "242": 10.319999694824219, "243": 10.319999694824219, "244": 10.335000038146973, "245": 10.319999694824219, "246": 10.319999694824219, "247": 10.319999694824219, "248": 10.319999694824219, "249": 10.319999694824219, "250": 10.319999694824219, "251": 10.345000267028809, "252": 10.350000381469727, "253": 10.350000381469727, "254": 10.350000381469727, "255": 10.350000381469727, "256": 10.350000381469727, "257": 10.359999656677246, "258": 10.359999656677246, "259": 10.354999542236328, "260": 10.359999656677246, "261": 10.359999656677246, "262": 10.350000381469727, "263": 10.359999656677246, "264": 10.359999656677246, "265": 10.369999885559082, "266": 10.369999885559082, "267": 10.380000114440918, "268": 10.380000114440918, "269": 10.399999618530273, "270": 10.399999618530273, "271": 10.420000076293945, "272": 10.449999809265137, "273": 10.449999809265137, "274": 10.550000190734863, "275": 10.579999923706055, "276": 10.399999618530273, "277": 10.399999618530273, "278": 10.59000015258789, "279": 10.380000114440918, "280": 10.350000381469727, "281": 10.390000343322754, "282": 10.350000381469727, "283": 10.34000015258789, "284": 10.300000190734863, "285": 10.3100004196167, "286": 10.329999923706055, "287": 10.319999694824219, "288": 10.319999694824219, "289": 10.289999961853027, "290": 10.319999694824219, "291": 10.289999961853027, "292": 10.319999694824219, "293": 10.319999694824219, "294": 10.319999694824219, "295": 10.319999694824219, "296": 10.319999694824219, "297": 10.319999694824219, "298": 10.324999809265137, "299": 10.324999809265137, "300": 10.324999809265137, "301": 10.319999694824219, "302": 10.350000381469727, "303": 10.350000381469727, "304": 10.350000381469727, "305": 10.350000381469727, "306": 10.350000381469727, "307": 10.350000381469727, "308": 10.350000381469727, "309": 10.350000381469727, "310": 10.350000381469727, "311": 10.350000381469727, "312": 10.359999656677246, "313": 10.359999656677246, "314": 10.359999656677246, "315": 10.359999656677246, "316": 10.380000114440918, "317": 10.359999656677246, "318": 10.359999656677246, "319": 10.359999656677246, "320": 10.390000343322754, "321": 10.390000343322754, "322": 10.390000343322754, "323": 10.390000343322754, "324": 10.5, "325": 10.5, "326": 10.40999984741211, "327": 10.420000076293945}}, "profile": {"address1": "6 St. Johns Lane", "address2": "Floor 5", "city": "New York", "state": "NY", "zip": "10013", "country": "United States", "phone": "248 890 7200", "industry": "Shell Companies", "industryDisp": "Shell Companies", "sector": "Financial Services", "longBusinessSummary": "Atlantic Coastal Acquisition Corp. II does not have significant operations. It focuses on effecting a merger, capital stock exchange, asset acquisition, stock purchase, recapitalization, reorganization, or similar business combination with one or more businesses in financial services industry and mobility sector. Atlantic Coastal Acquisition Corp. II was incorporated in 2021 and is based in New York, New York.", "companyOfficers": [{"maxAge": 1, "name": "Mr. Shahraab  Ahmad", "age": 44, "title": "CEO & Chairman", "yearBorn": 1978, "exercisedValue": 0, "unexercisedValue": 0}, {"maxAge": 1, "name": "Mr. Burt R. Jordan", "age": 55, "title": "Pres & Director", "yearBorn": 1967, "exercisedValue": 0, "unexercisedValue": 0}, {"maxAge": 1, "name": "Mr. Jason  Chryssicas", "age": 37, "title": "CFO & Director", "yearBorn": 1985, "exercisedValue": 0, "unexercisedValue": 0}, {"maxAge": 1, "name": "Mr. Anthony D. Eisenberg", "age": 39, "title": "Chief Strategy Officer & Director", "yearBorn": 1983, "exercisedValue": 0, "unexercisedValue": 0}], "maxAge": 86400, "latitude": 40.72087047655177, "longitude": -74.00594836753139}}