{"income_statement": {"annual": {"Year": {"1": "Selling, General & Admin", "2": "Other Operating Expenses", "3": "Operating Expenses", "4": "Operating Income", "5": "Other Expense / Income", "6": "Pretax Income", "7": "Income Tax", "8": "Net Income", "9": "Shares Outstanding (Basic)", "10": "Shares Outstanding (Diluted)", "11": "EPS (Basic)", "12": "EPS (Diluted)", "13": "Free Cash Flow Per Share", "14": "Effective Tax Rate", "15": "EBITDA", "16": "EBIT"}, "2022": {"1": "0.66", "2": "0.06", "3": "0.71", "4": "-0.71", "5": "-1.17", "6": "0.45", "7": "0.23", "8": "0.22", "9": "7", "10": "7", "11": "-1.25", "12": "-1.25", "13": "-0.11", "14": "51.89%", "15": "0.45", "16": "0.45"}}, "quarterly": {"Metrics": {"1": "Selling, General & Admin", "2": "Other Operating Expenses", "3": "Operating Expenses", "4": "Operating Income", "5": "Other Expense / Income", "6": "Pretax Income", "7": "Income Tax", "8": "Net Income", "9": "Shares Outstanding (Basic)", "10": "Shares Outstanding (Diluted)", "11": "EPS (Basic)", "12": "EPS (Diluted)", "13": "Free Cash Flow Per Share", "14": "Effective Tax Rate", "15": "EBITDA", "16": "EBIT"}, "2022-12-31": {"1": "0.25", "2": "0.03", "3": "0.28", "4": "-0.28", "5": "-0.75", "6": "0.47", "7": "0.23", "8": "0.23", "9": "7", "10": "7", "11": "-1.18", "12": "-1.18", "13": "-0.02", "14": "50.12%", "15": "0.47", "16": "0.47"}, "2022-09-30": {"1": "0.25", "2": "0.02", "3": "0.27", "4": "-0.27", "5": "-0.42", "6": "0.14", "7": "0", "8": "0.14", "9": "11", "10": "11", "11": "-0.02", "12": "-0.02", "13": "-0.04", "14": "-", "15": "0.14", "16": "0.14"}, "2022-06-30": {"1": "0.16", "2": "0", "3": "0.16", "4": "-0.16", "5": "-", "6": "-0.16", "7": "0", "8": "-0.16", "9": "3", "10": "3", "11": "-2.97", "12": "-2.97", "13": "-0.08", "14": "-", "15": "-0.16", "16": "-0.16"}, "2022-03-31": {"1": "0", "2": "0", "3": "0", "4": "-0", "5": "-", "6": "-0", "7": "0", "8": "-0", "9": "2", "10": "2", "11": "-", "12": "-", "13": "-", "14": "-", "15": "-0", "16": "-0"}}}, "balance_sheet": {"annual": {"Year": {"1": "Cash & Equivalents", "2": "Cash & Cash Equivalents", "3": "Other Current Assets", "4": "Total Current Assets", "5": "Long-Term Investments", "6": "Total Long-Term Assets", "7": "Total Assets", "8": "Other Current Liabilities", "9": "Total Current Liabilities", "10": "Other Long-Term Liabilities", "11": "Total Long-Term Liabilities", "12": "Total Liabilities", "13": "Common Stock", "14": "Retained Earnings", "15": "Shareholders' Equity", "16": "Total Liabilities and Equity", "17": "Net Cash / Debt", "18": "Net Cash Per Share", "19": "Working Capital", "20": "Book Value Per Share"}, "2022": {"1": "0.55", "2": "0.55", "3": "0.16", "4": "0.71", "5": "89.14", "6": "89.14", "7": "89.85", "8": "0.31", "9": "0.31", "10": "2.65", "11": "2.65", "12": "2.96", "13": "0", "14": "-1.96", "15": "-1.96", "16": "1", "17": "0.55", "18": "0.08", "19": "0.4", "20": "-0.29"}}, "quarterly": {"Metrics": {"1": "Cash & Equivalents", "2": "Cash & Cash Equivalents", "3": "Other Current Assets", "4": "Total Current Assets", "5": "Long-Term Investments", "6": "Other Long-Term Assets", "7": "Total Long-Term Assets", "8": "Total Assets", "9": "Current Debt", "10": "Other Current Liabilities", "11": "Total Current Liabilities", "12": "Other Long-Term Liabilities", "13": "Total Long-Term Liabilities", "14": "Total Liabilities", "15": "Total Debt", "16": "Common Stock", "17": "Retained Earnings", "18": "Shareholders' Equity", "19": "Total Liabilities and Equity", "20": "Net Cash / Debt", "21": "Net Cash Per Share", "22": "Working Capital", "23": "Book Value Per Share"}, "2022-12-31": {"1": "0.55", "2": "0.55", "3": "0.16", "4": "0.71", "5": "89.14", "6": "0", "7": "89.14", "8": "89.85", "9": "0", "10": "0.31", "11": "0.31", "12": "2.65", "13": "2.65", "14": "2.96", "15": "0", "16": "0", "17": "-1.96", "18": "-1.96", "19": "1", "20": "0.55", "21": "0.08", "22": "0.4", "23": "-0.29"}, "2022-09-30": {"1": "0.69", "2": "0.69", "3": "0.26", "4": "0.95", "5": "88.39", "6": "0", "7": "88.39", "8": "89.34", "9": "0", "10": "0.09", "11": "0.09", "12": "2.59", "13": "2.59", "14": "2.68", "15": "0", "16": "0", "17": "-1.71", "18": "-1.71", "19": "0.97", "20": "0.69", "21": "0.06", "22": "0.86", "23": "-0.16"}, "2022-06-30": {"1": "1.08", "2": "1.08", "3": "0.19", "4": "1.27", "5": "87.98", "6": "0", "7": "87.98", "8": "89.25", "9": "0", "10": "0.14", "11": "0.14", "12": "2.59", "13": "2.59", "14": "2.73", "15": "0", "16": "0", "17": "-1.46", "18": "-1.46", "19": "1.27", "20": "1.08", "21": "0.40", "22": "1.13", "23": "-0.54"}, "2022-03-31": {"1": "0.03", "2": "0.03", "3": "0", "4": "0.03", "5": "0", "6": "0.23", "7": "0.23", "8": "0.26", "9": "0.24", "10": "0", "11": "0.24", "12": "0", "13": "0", "14": "0.24", "15": "0.24", "16": "0.03", "17": "-0", "18": "0.02", "19": "0.26", "20": "-0.21", "21": "-0.10", "22": "-0.21", "23": "0.01"}}}, "cash_flow_statement": {"annual": {"Year": {"1": "Net Income", "2": "Other Operating Activities", "3": "Operating Cash Flow", "4": "Change in Investments", "5": "Investing Cash Flow", "6": "Share Issuance / Repurchase", "7": "Other Financing Activities", "8": "Financing Cash Flow", "9": "Net Cash Flow", "10": "Free Cash Flow", "11": "Free Cash Flow Per Share"}, "2022": {"1": "0.22", "2": "-0.96", "3": "-0.74", "4": "-87.98", "5": "-87.98", "6": "91.52", "7": "-2.25", "8": "89.26", "9": "0.55", "10": "-0.74", "11": "-0.11"}}, "quarterly": {"Metrics": {"1": "Net Income", "2": "Other Operating Activities", "3": "Operating Cash Flow", "4": "Share Issuance / Repurchase", "5": "Debt Issued / Paid", "6": "Other Financing Activities", "7": "Financing Cash Flow", "8": "Net Cash Flow", "9": "Free Cash Flow", "10": "Free Cash Flow Per Share"}, "2022-12-31": {"1": "0.23", "2": "-0.37", "3": "-0.14", "4": "0", "5": "0", "6": "-", "7": "0", "8": "-0.14", "9": "-0.14", "10": "-0.02"}, "2022-09-30": {"1": "0.14", "2": "-0.54", "3": "-0.39", "4": "0", "5": "0", "6": "-", "7": "0", "8": "-0.39", "9": "-0.39", "10": "-0.04"}, "2022-06-30": {"1": "-0.16", "2": "-0.05", "3": "-0.21", "4": "91.49", "5": "-0.24", "6": "-2.02", "7": "89.23", "8": "1.05", "9": "-0.21", "10": "-0.08"}, "2022-03-31": {"1": "-0", "2": "-", "3": "-0", "4": "0.03", "5": "0.24", "6": "-0.23", "7": "0.03", "8": "0.03", "9": "-0", "10": "-"}}}, "ratios": {"annual": {"Year": {"1": "Market Capitalization", "2": "Enterprise Value", "3": "PE Ratio", "4": "PB Ratio", "5": "P/FCF Ratio", "6": "P/OCF Ratio", "7": "EV/EBITDA Ratio", "8": "EV/EBIT Ratio", "9": "EV/FCF Ratio", "10": "Current Ratio", "11": "Return on Equity (ROE)", "12": "Return on Assets (ROA)", "13": "Return on Capital (ROIC)", "14": "Earnings Yield", "15": "FCF Yield"}, "Current": {"1": "115", "2": "114", "3": "507.24", "4": "-56.30", "5": "-148.67", "6": "-148.67", "7": "253.33", "8": "253.33", "9": "-147.93", "10": "2.31", "11": "-17.00%", "12": "0.30%", "13": "0.70%", "14": "0.19%", "15": "-0.64%"}, "2022": {"1": "110", "2": "110", "3": "507.24", "4": "-56.30", "5": "-148.67", "6": "-148.67", "7": "242.83", "8": "242.83", "9": "-147.93", "10": "2.31", "11": "-17.00%", "12": "0.30%", "13": "0.70%", "14": "0.20%", "15": "-0.67%"}}, "quarterly": {"Metrics": {"1": "Market Capitalization", "2": "Enterprise Value", "3": "PE Ratio", "4": "PB Ratio", "5": "Debt / Equity Ratio", "6": "Current Ratio"}, "Current": {"1": "115", "2": "114", "3": "507.24", "4": "-56.30", "5": "-", "6": "2.31"}, "2022-12-31": {"1": "110", "2": "110", "3": "507.24", "4": "-56.30", "5": "-", "6": "2.31"}, "2022-09-30": {"1": "107", "2": "107", "3": "-", "4": "-62.95", "5": "-", "6": "10.29"}, "2022-06-30": {"1": "94", "2": "93", "3": "-", "4": "-64.24", "5": "-", "6": "8.89"}, "2022-03-31": {"1": "-", "2": "0", "3": "-", "4": "-", "5": "9.67", "6": "0.13"}}}, "stock_price": {"index": {}, "high": {}, "low": {}, "volume": {}, "open": {}, "close": {}}, "profile": {"address1": "13284 Pond Springs Road", "address2": "Suite 405", "city": "Austin", "state": "TX", "zip": "78729", "country": "United States", "phone": "512-666-1277", "industry": "Shell Companies", "industryDisp": "Shell Companies", "sector": "Financial Services", "longBusinessSummary": "Acri Capital Acquisition Corporation does not have significant operations. It focuses on effecting a merger, capital stock exchange, asset acquisition, stock purchase, reorganization, or other business combination with one or more businesses. It intends to focus its search on the technology-enabled sectors, including e-commerce, financial services, educational technology services, or health information service in North America. The company was incorporated in 2022 and is based in Austin, Texas.", "companyOfficers": [{"maxAge": 1, "name": "Ms. Yi  Hua", "age": 46, "title": "Chairwoman, CEO & CFO", "yearBorn": 1976, "exercisedValue": 0, "unexercisedValue": 0}], "maxAge": 86400, "latitude": 30.447231182105483, "longitude": -97.78143104993805}}