{"income_statement": {"annual": {"Year": {"1": "Selling, General & Admin", "2": "Other Operating Expenses", "3": "Operating Expenses", "4": "Operating Income", "5": "Other Expense / Income", "6": "Pretax Income", "7": "Income Tax", "8": "Net Income", "9": "Shares Outstanding (Basic)", "10": "Shares Outstanding (Diluted)", "11": "Shares Change", "12": "EPS (Basic)", "13": "EPS (Diluted)", "14": "Free Cash Flow Per Share", "15": "EBITDA", "16": "EBIT"}, "2022": {"1": "4.52", "2": "0", "3": "4.52", "4": "-4.52", "5": "-2.96", "6": "-1.56", "7": "0.69", "8": "-2.25", "9": "31", "10": "31", "11": "102.27%", "12": "-0.07", "13": "-0.07", "14": "-0.03", "15": "-1.56", "16": "-1.56"}, "2021": {"1": "0.16", "2": "0.08", "3": "0.24", "4": "-0.24", "5": "-0", "6": "-0.23", "7": "-0.02", "8": "-0.22", "9": "15", "10": "15", "11": "-", "12": "-0.01", "13": "-0.01", "14": "-0.05", "15": "-0.23", "16": "-0.23"}}, "quarterly": {"Metrics": {"1": "Selling, General & Admin", "2": "Other Operating Expenses", "3": "Operating Expenses", "4": "Operating Income", "5": "Other Expense / Income", "6": "Pretax Income", "7": "Income Tax", "8": "Net Income", "9": "Shares Outstanding (Basic)", "10": "Shares Outstanding (Diluted)", "11": "Shares Change", "12": "EPS (Basic)", "13": "EPS (Diluted)", "14": "Free Cash Flow Per Share", "15": "EBITDA", "16": "EBIT"}, "2022-12-31": {"1": "1.89", "2": "0", "3": "1.89", "4": "-1.89", "5": "-1.69", "6": "-0.2", "7": "0.43", "8": "-0.63", "9": "29", "10": "29", "11": "85.55%", "12": "-0.02", "13": "-0.02", "14": "-0.01", "15": "-0.2", "16": "-0.2"}, "2022-09-30": {"1": "1.27", "2": "0", "3": "1.27", "4": "-1.27", "5": "-0.93", "6": "-0.34", "7": "0.2", "8": "-0.54", "9": "32", "10": "32", "11": "358.71%", "12": "-0.02", "13": "-0.02", "14": "-0.01", "15": "-0.34", "16": "-0.34"}, "2022-06-30": {"1": "1.1", "2": "0", "3": "1.1", "4": "-1.1", "5": "-0.32", "6": "-0.78", "7": "0.07", "8": "-0.85", "9": "32", "10": "32", "11": "358.71%", "12": "-0.03", "13": "-0.03", "14": "-0.01", "15": "-0.78", "16": "-0.78"}, "2022-03-31": {"1": "0.2", "2": "0.05", "3": "0.25", "4": "-0.25", "5": "-0.02", "6": "-0.23", "7": "-0.01", "8": "-0.22", "9": "31", "10": "31", "11": "-", "12": "-0.01", "13": "-0.01", "14": "-0.01", "15": "-0.23", "16": "-0.23"}, "2021-12-31": {"1": "0.23", "2": "0", "3": "0.23", "4": "-0.23", "5": "-0", "6": "-0.23", "7": "-0.02", "8": "-0.21", "9": "15", "10": "15", "11": "-", "12": "-0.01", "13": "-0.01", "14": "-0.05", "15": "-0.23", "16": "-0.23"}, "2021-09-30": {"1": "0", "2": "0", "3": "0", "4": "-0", "5": "-", "6": "-0", "7": "0", "8": "-0", "9": "7", "10": "7", "11": "-", "12": "-", "13": "-", "14": "-", "15": "-0", "16": "-0"}, "2021-06-30": {"1": "0", "2": "0", "3": "0", "4": "-0", "5": "-", "6": "-0", "7": "0", "8": "-0", "9": "7", "10": "7", "11": "-", "12": "-", "13": "-", "14": "-", "15": "-0", "16": "-0"}}}, "balance_sheet": {"annual": {"Year": {"1": "Cash & Equivalents", "2": "Cash & Cash Equivalents", "3": "Cash Growth", "4": "Other Current Assets", "5": "Total Current Assets", "6": "Long-Term Investments", "7": "Other Long-Term Assets", "8": "Total Long-Term Assets", "9": "Total Assets", "10": "Accounts Payable", "11": "Other Current Liabilities", "12": "Total Current Liabilities", "13": "Other Long-Term Liabilities", "14": "Total Long-Term Liabilities", "15": "Total Liabilities", "16": "Common Stock", "17": "Retained Earnings", "18": "Shareholders' Equity", "19": "Total Liabilities and Equity", "20": "Net Cash / Debt", "21": "Net Cash / Debt Growth", "22": "Net Cash Per Share", "23": "Working Capital", "24": "Book Value Per Share"}, "2022": {"1": "0.01", "2": "0.01", "3": "-98.40%", "4": "0.26", "5": "0.27", "6": "21.75", "7": "0", "8": "21.75", "9": "22.03", "10": "3.3", "11": "0.73", "12": "4.04", "13": "10.38", "14": "10.38", "15": "14.42", "16": "0", "17": "-13.45", "18": "-13.45", "19": "0.97", "20": "0.01", "21": "-98.40%", "22": "0.00", "23": "-3.76", "24": "-0.43"}, "2021": {"1": "0.85", "2": "0.85", "3": "-", "4": "0.33", "5": "1.18", "6": "234.6", "7": "0.26", "8": "234.87", "9": "236.05", "10": "0.03", "11": "0.08", "12": "0.11", "13": "8.65", "14": "8.65", "15": "8.76", "16": "0", "17": "-7.31", "18": "-7.31", "19": "1.45", "20": "0.85", "21": "-", "22": "0.06", "23": "1.07", "24": "-0.47"}}, "quarterly": {"Metrics": {"1": "Cash & Equivalents", "2": "Cash & Cash Equivalents", "3": "Cash Growth", "4": "Other Current Assets", "5": "Total Current Assets", "6": "Long-Term Investments", "7": "Other Long-Term Assets", "8": "Total Long-Term Assets", "9": "Total Assets", "10": "Accounts Payable", "11": "Other Current Liabilities", "12": "Total Current Liabilities", "13": "Other Long-Term Liabilities", "14": "Total Long-Term Liabilities", "15": "Total Liabilities", "16": "Common Stock", "17": "Retained Earnings", "18": "Shareholders' Equity", "19": "Total Liabilities and Equity", "20": "Net Cash / Debt", "21": "Net Cash / Debt Growth", "22": "Net Cash Per Share", "23": "Working Capital", "24": "Book Value Per Share"}, "2022-12-31": {"1": "0.01", "2": "0.01", "3": "-98.40%", "4": "0.26", "5": "0.27", "6": "21.75", "7": "0", "8": "21.75", "9": "22.03", "10": "3.3", "11": "0.73", "12": "4.04", "13": "10.38", "14": "10.38", "15": "14.42", "16": "0", "17": "-13.45", "18": "-13.45", "19": "0.97", "20": "0.01", "21": "-98.40%", "22": "0.00", "23": "-3.76", "24": "-0.47"}, "2022-09-30": {"1": "0.26", "2": "0.26", "3": "-", "4": "0.36", "5": "0.62", "6": "235.9", "7": "0.02", "8": "235.92", "9": "236.54", "10": "1.72", "11": "0.37", "12": "2.08", "13": "10.21", "14": "10.21", "15": "12.29", "16": "0", "17": "-11.35", "18": "-11.35", "19": "0.94", "20": "0.26", "21": "-", "22": "0.01", "23": "-1.46", "24": "-0.35"}, "2022-06-30": {"1": "0.41", "2": "0.41", "3": "-", "4": "0.41", "5": "0.82", "6": "234.94", "7": "0.11", "8": "235.05", "9": "235.88", "10": "0.85", "11": "0.16", "12": "1.01", "13": "8.65", "14": "8.65", "15": "9.66", "16": "0", "17": "-8.38", "18": "-8.38", "19": "1.28", "20": "0.41", "21": "-", "22": "0.01", "23": "-0.19", "24": "-0.26"}, "2022-03-31": {"1": "0.63", "2": "0.63", "3": "-", "4": "0.41", "5": "1.04", "6": "234.63", "7": "0.2", "8": "234.82", "9": "235.87", "10": "0.02", "11": "0.13", "12": "0.15", "13": "8.65", "14": "8.65", "15": "8.8", "16": "0", "17": "-7.53", "18": "-7.53", "19": "1.27", "20": "0.63", "21": "-", "22": "0.02", "23": "0.89", "24": "-0.24"}, "2021-12-31": {"1": "0.85", "2": "0.85", "3": "-", "4": "0.33", "5": "1.18", "6": "234.6", "7": "0.26", "8": "234.87", "9": "236.05", "10": "0.03", "11": "0.08", "12": "0.11", "13": "8.65", "14": "8.65", "15": "8.76", "16": "0", "17": "-7.31", "18": "-7.31", "19": "1.45", "20": "0.85", "21": "-", "22": "0.06", "23": "1.07", "24": "-0.47"}, "2021-09-30": {"1": "0", "2": "0", "3": "-", "4": "-", "5": "-", "6": "-", "7": "-", "8": "-", "9": "0.16", "10": "0.09", "11": "0.06", "12": "0.14", "13": "0", "14": "0", "15": "0.14", "16": "0.03", "17": "-0", "18": "0.02", "19": "0.16", "20": "0", "21": "-", "22": "-", "23": "-", "24": "0.00"}, "2021-06-30": {"1": "0", "2": "0", "3": "-", "4": "-", "5": "-", "6": "-", "7": "-", "8": "-", "9": "0.03", "10": "0", "11": "0", "12": "0", "13": "0", "14": "0", "15": "0", "16": "0.03", "17": "-0", "18": "0.02", "19": "0.03", "20": "0", "21": "-", "22": "-", "23": "-", "24": "0.00"}}}, "cash_flow_statement": {"annual": {"Year": {"1": "Net Income", "2": "Other Operating Activities", "3": "Operating Cash Flow", "4": "Change in Investments", "5": "Investing Cash Flow", "6": "Share Issuance / Repurchase", "7": "Other Financing Activities", "8": "Financing Cash Flow", "9": "Net Cash Flow", "10": "Free Cash Flow", "11": "Free Cash Flow Per Share"}, "2022": {"1": "-2.25", "2": "1.3", "3": "-0.94", "4": "216.11", "5": "216.11", "6": "-216", "7": "-", "8": "-216", "9": "-0.84", "10": "-0.94", "11": "-0.03"}, "2021": {"1": "-0.22", "2": "-0.49", "3": "-0.71", "4": "-234.6", "5": "-234.6", "6": "236.63", "7": "-0.47", "8": "236.16", "9": "0.85", "10": "-0.71", "11": "-0.05"}}, "quarterly": {"Metrics": {"1": "Net Income", "2": "Other Operating Activities", "3": "Operating Cash Flow", "4": "Change in Investments", "5": "Investing Cash Flow", "6": "Share Issuance / Repurchase", "7": "Debt Issued / Paid", "8": "Other Financing Activities", "9": "Financing Cash Flow", "10": "Net Cash Flow", "11": "Free Cash Flow", "12": "Free Cash Flow Per Share"}, "2022-12-31": {"1": "-0.63", "2": "0.38", "3": "-0.25", "4": "216.01", "5": "216.01", "6": "-216", "7": "0", "8": "-", "9": "-216", "10": "-0.25", "11": "-0.25", "12": "-0.01"}, "2022-09-30": {"1": "-0.54", "2": "0.29", "3": "-0.25", "4": "0", "5": "0", "6": "0", "7": "0", "8": "-", "9": "0", "10": "-0.15", "11": "-0.25", "12": "-0.01"}, "2022-06-30": {"1": "-0.85", "2": "0.63", "3": "-0.22", "4": "0", "5": "0", "6": "0", "7": "0", "8": "-", "9": "0", "10": "-0.22", "11": "-0.22", "12": "-0.01"}, "2022-03-31": {"1": "-0.22", "2": "0", "3": "-0.22", "4": "0", "5": "0", "6": "0", "7": "0", "8": "-", "9": "0", "10": "-0.22", "11": "-0.22", "12": "-0.01"}, "2021-12-31": {"1": "-0.21", "2": "-0.49", "3": "-0.71", "4": "-234.6", "5": "-234.6", "6": "236.6", "7": "-0.08", "8": "-0.36", "9": "236.16", "10": "0.85", "11": "-0.71", "12": "-0.05"}, "2021-09-30": {"1": "-0", "2": "0", "3": "-0", "4": "0", "5": "0", "6": "0.03", "7": "0.08", "8": "-0.11", "9": "0", "10": "0", "11": "-0", "12": "-"}}}, "ratios": {"annual": {"Year": {"1": "Market Capitalization", "2": "Market Cap Growth", "3": "Enterprise Value", "4": "PE Ratio", "5": "PB Ratio", "6": "P/FCF Ratio", "7": "P/OCF Ratio", "8": "EV/EBITDA Ratio", "9": "EV/EBIT Ratio", "10": "EV/FCF Ratio", "11": "Current Ratio", "12": "Return on Equity (ROE)", "13": "Return on Assets (ROA)", "14": "Return on Capital (ROIC)", "15": "Earnings Yield", "16": "FCF Yield", "17": "Buyback Yield / Dilution", "18": "Total Shareholder Return"}, "Current": {"1": "257", "2": "-", "3": "257", "4": "-148.39", "5": "-24.78", "6": "-353.44", "7": "-353.44", "8": "-214.21", "9": "-214.21", "10": "-353.42", "11": "0.07", "12": "22.10%", "13": "-1.20%", "14": "-0.90%", "15": "-0.87%", "16": "-0.37%", "17": "-102.27%", "18": "-102.27%"}, "2022": {"1": "333", "2": "50.02%", "3": "333", "4": "-148.39", "5": "-24.78", "6": "-353.44", "7": "-353.44", "8": "-214.21", "9": "-214.21", "10": "-353.42", "11": "0.07", "12": "22.10%", "13": "-1.20%", "14": "-0.90%", "15": "-0.67%", "16": "-0.28%", "17": "-102.27%", "18": "-102.27%"}, "2021": {"1": "222", "2": "-", "3": "221", "4": "-1020.10", "5": "-30.39", "6": "-314.00", "7": "-314.00", "8": "-949.50", "9": "-949.50", "10": "-312.80", "11": "11.16", "12": "-", "13": "-", "14": "-", "15": "-0.10%", "16": "-0.32%", "17": "-", "18": "-"}}, "quarterly": {"Metrics": {"1": "Market Capitalization", "2": "Market Cap Growth", "3": "Enterprise Value", "4": "PE Ratio", "5": "PB Ratio", "6": "Current Ratio", "7": "Buyback Yield / Dilution", "8": "Total Shareholder Return"}, "Current": {"1": "257", "2": "-", "3": "257", "4": "-148.39", "5": "-24.78", "6": "0.07", "7": "-102.27%", "8": "-102.27%"}, "2022-12-31": {"1": "333", "2": "50.02%", "3": "333", "4": "-148.39", "5": "-24.78", "6": "0.07", "7": "-85.55%", "8": "-85.55%"}, "2022-09-30": {"1": "323", "2": "-", "3": "323", "4": "-176.78", "5": "-28.45", "6": "0.30", "7": "-358.71%", "8": "-358.71%"}, "2022-06-30": {"1": "322", "2": "-", "3": "321", "4": "-249.13", "5": "-38.38", "6": "0.81", "7": "-358.71%", "8": "-358.71%"}, "2022-03-31": {"1": "320", "2": "-", "3": "320", "4": "-726.47", "5": "-42.55", "6": "6.91", "7": "-", "8": "-"}, "2021-12-31": {"1": "222", "2": "-", "3": "221", "4": "-1020.10", "5": "-30.39", "6": "11.16", "7": "-", "8": "-"}}}, "stock_price": {"symbol": {"0": "ACAQ", "1": "ACAQ", "2": "ACAQ", "3": "ACAQ", "4": "ACAQ", "5": "ACAQ", "6": "ACAQ", "7": "ACAQ", "8": "ACAQ", "9": "ACAQ", "10": "ACAQ", "11": "ACAQ", "12": "ACAQ", "13": "ACAQ", "14": "ACAQ", "15": "ACAQ", "16": "ACAQ", "17": "ACAQ", "18": "ACAQ", "19": "ACAQ", "20": "ACAQ", "21": "ACAQ", "22": "ACAQ", "23": "ACAQ", "24": "ACAQ", "25": "ACAQ", "26": "ACAQ", "27": "ACAQ", "28": "ACAQ", "29": "ACAQ", "30": "ACAQ", "31": "ACAQ", "32": "ACAQ", "33": "ACAQ", "34": "ACAQ", "35": "ACAQ", "36": "ACAQ", "37": "ACAQ", "38": "ACAQ", "39": "ACAQ", "40": "ACAQ", "41": "ACAQ", "42": "ACAQ", "43": "ACAQ", "44": "ACAQ", "45": "ACAQ", "46": "ACAQ", "47": "ACAQ", "48": "ACAQ", "49": "ACAQ", "50": "ACAQ", "51": "ACAQ", "52": "ACAQ", "53": "ACAQ", "54": "ACAQ", "55": "ACAQ", "56": "ACAQ", "57": "ACAQ", "58": "ACAQ", "59": "ACAQ", "60": "ACAQ", "61": "ACAQ", "62": "ACAQ", "63": "ACAQ", "64": "ACAQ", "65": "ACAQ", "66": "ACAQ", "67": "ACAQ", "68": "ACAQ", "69": "ACAQ", "70": "ACAQ", "71": "ACAQ", "72": "ACAQ", "73": "ACAQ", "74": "ACAQ", "75": "ACAQ", "76": "ACAQ", "77": "ACAQ", "78": "ACAQ", "79": "ACAQ", "80": "ACAQ", "81": "ACAQ", "82": "ACAQ", "83": "ACAQ", "84": "ACAQ", "85": "ACAQ", "86": "ACAQ", "87": "ACAQ", "88": "ACAQ", "89": "ACAQ", "90": "ACAQ", "91": "ACAQ", "92": "ACAQ", "93": "ACAQ", "94": "ACAQ", "95": "ACAQ", "96": "ACAQ", "97": "ACAQ", "98": "ACAQ", "99": "ACAQ", "100": "ACAQ", "101": "ACAQ", "102": "ACAQ", "103": "ACAQ", "104": "ACAQ", "105": "ACAQ", "106": "ACAQ", "107": "ACAQ", "108": "ACAQ", "109": "ACAQ", "110": "ACAQ", "111": "ACAQ", "112": "ACAQ", "113": "ACAQ", "114": "ACAQ", "115": "ACAQ", "116": "ACAQ", "117": "ACAQ", "118": "ACAQ", "119": "ACAQ", "120": "ACAQ", "121": "ACAQ", "122": "ACAQ", "123": "ACAQ", "124": "ACAQ", "125": "ACAQ", "126": "ACAQ", "127": "ACAQ", "128": "ACAQ", "129": "ACAQ", "130": "ACAQ", "131": "ACAQ", "132": "ACAQ", "133": "ACAQ", "134": "ACAQ", "135": "ACAQ", "136": "ACAQ", "137": "ACAQ", "138": "ACAQ", "139": "ACAQ", "140": "ACAQ", "141": "ACAQ", "142": "ACAQ", "143": "ACAQ", "144": "ACAQ", "145": "ACAQ", "146": "ACAQ", "147": "ACAQ", "148": "ACAQ", "149": "ACAQ", "150": "ACAQ", "151": "ACAQ", "152": "ACAQ", "153": "ACAQ", "154": "ACAQ", "155": "ACAQ", "156": "ACAQ", "157": "ACAQ", "158": "ACAQ", "159": "ACAQ", "160": "ACAQ", "161": "ACAQ", "162": "ACAQ", "163": "ACAQ", "164": "ACAQ", "165": "ACAQ", "166": "ACAQ", "167": "ACAQ", "168": "ACAQ", "169": "ACAQ", "170": "ACAQ", "171": "ACAQ", "172": "ACAQ", "173": "ACAQ", "174": "ACAQ", "175": "ACAQ", "176": "ACAQ", "177": "ACAQ", "178": "ACAQ", "179": "ACAQ", "180": "ACAQ", "181": "ACAQ", "182": "ACAQ", "183": "ACAQ", "184": "ACAQ", "185": "ACAQ", "186": "ACAQ", "187": "ACAQ", "188": "ACAQ", "189": "ACAQ", "190": "ACAQ", "191": "ACAQ", "192": "ACAQ", "193": "ACAQ", "194": "ACAQ", "195": "ACAQ", "196": "ACAQ", "197": "ACAQ", "198": "ACAQ", "199": "ACAQ", "200": "ACAQ", "201": "ACAQ", "202": "ACAQ", "203": "ACAQ", "204": "ACAQ", "205": "ACAQ", "206": "ACAQ", "207": "ACAQ", "208": "ACAQ", "209": "ACAQ", "210": "ACAQ", "211": "ACAQ", "212": "ACAQ", "213": "ACAQ", "214": "ACAQ", "215": "ACAQ", "216": "ACAQ", "217": "ACAQ", "218": "ACAQ", "219": "ACAQ", "220": "ACAQ", "221": "ACAQ", "222": "ACAQ", "223": "ACAQ", "224": "ACAQ", "225": "ACAQ", "226": "ACAQ", "227": "ACAQ", "228": "ACAQ", "229": "ACAQ", "230": "ACAQ", "231": "ACAQ", "232": "ACAQ", "233": "ACAQ", "234": "ACAQ", "235": "ACAQ", "236": "ACAQ", "237": "ACAQ", "238": "ACAQ", "239": "ACAQ", "240": "ACAQ", "241": "ACAQ", "242": "ACAQ", "243": "ACAQ", "244": "ACAQ", "245": "ACAQ", "246": "ACAQ", "247": "ACAQ", "248": "ACAQ", "249": "ACAQ", "250": "ACAQ", "251": "ACAQ", "252": "ACAQ", "253": "ACAQ", "254": "ACAQ", "255": "ACAQ", "256": "ACAQ", "257": "ACAQ", "258": "ACAQ", "259": "ACAQ", "260": "ACAQ", "261": "ACAQ", "262": "ACAQ", "263": "ACAQ", "264": "ACAQ", "265": "ACAQ", "266": "ACAQ", "267": "ACAQ", "268": "ACAQ", "269": "ACAQ", "270": "ACAQ", "271": "ACAQ", "272": "ACAQ", "273": "ACAQ", "274": "ACAQ", "275": "ACAQ", "276": "ACAQ", "277": "ACAQ", "278": "ACAQ", "279": "ACAQ", "280": "ACAQ", "281": "ACAQ", "282": "ACAQ", "283": "ACAQ", "284": "ACAQ", "285": "ACAQ", "286": "ACAQ", "287": "ACAQ", "288": "ACAQ", "289": "ACAQ", "290": "ACAQ", "291": "ACAQ", "292": "ACAQ", "293": "ACAQ", "294": "ACAQ", "295": "ACAQ", "296": "ACAQ", "297": "ACAQ", "298": "ACAQ", "299": "ACAQ", "300": "ACAQ", "301": "ACAQ", "302": "ACAQ", "303": "ACAQ", "304": "ACAQ", "305": "ACAQ", "306": "ACAQ", "307": "ACAQ", "308": "ACAQ", "309": "ACAQ", "310": "ACAQ", "311": "ACAQ", "312": "ACAQ", "313": "ACAQ", "314": "ACAQ", "315": "ACAQ", "316": "ACAQ", "317": "ACAQ", "318": "ACAQ", "319": "ACAQ", "320": "ACAQ", "321": "ACAQ", "322": "ACAQ", "323": "ACAQ", "324": "ACAQ", "325": "ACAQ", "326": "ACAQ", "327": "ACAQ", "328": "ACAQ", "329": "ACAQ", "330": "ACAQ", "331": "ACAQ", "332": "ACAQ", "333": "ACAQ", "334": "ACAQ", "335": "ACAQ", "336": "ACAQ", "337": "ACAQ", "338": "ACAQ", "339": "ACAQ", "340": "ACAQ", "341": "ACAQ", "342": "ACAQ", "343": "ACAQ", "344": "ACAQ", "345": "ACAQ", "346": "ACAQ", "347": "ACAQ", "348": "ACAQ", "349": "ACAQ", "350": "ACAQ", "351": "ACAQ", "352": "ACAQ", "353": "ACAQ", "354": "ACAQ", "355": "ACAQ", "356": "ACAQ", "357": "ACAQ", "358": "ACAQ", "359": "ACAQ", "360": "ACAQ", "361": "ACAQ", "362": "ACAQ", "363": "ACAQ", "364": "ACAQ", "365": "ACAQ", "366": "ACAQ", "367": "ACAQ", "368": "ACAQ", "369": "ACAQ", "370": "ACAQ", "371": "ACAQ", "372": "ACAQ", "373": "ACAQ", "374": "ACAQ", "375": "ACAQ", "376": "ACAQ", "377": "ACAQ", "378": "ACAQ", "379": "ACAQ", "380": "ACAQ", "381": "ACAQ", "382": "ACAQ", "383": "ACAQ", "384": "ACAQ", "385": "ACAQ", "386": "ACAQ"}, "date": {"0": "2021-12-13", "1": "2021-12-14", "2": "2021-12-15", "3": "2021-12-16", "4": "2021-12-17", "5": "2021-12-20", "6": "2021-12-21", "7": "2021-12-22", "8": "2021-12-23", "9": "2021-12-27", "10": "2021-12-28", "11": "2021-12-29", "12": "2021-12-30", "13": "2021-12-31", "14": "2022-01-03", "15": "2022-01-04", "16": "2022-01-05", "17": "2022-01-06", "18": "2022-01-07", "19": "2022-01-10", "20": "2022-01-11", "21": "2022-01-12", "22": "2022-01-13", "23": "2022-01-14", "24": "2022-01-18", "25": "2022-01-19", "26": "2022-01-20", "27": "2022-01-21", "28": "2022-01-24", "29": "2022-01-25", "30": "2022-01-26", "31": "2022-01-27", "32": "2022-01-28", "33": "2022-01-31", "34": "2022-02-01", "35": "2022-02-02", "36": "2022-02-03", "37": "2022-02-04", "38": "2022-02-07", "39": "2022-02-08", "40": "2022-02-09", "41": "2022-02-10", "42": "2022-02-11", "43": "2022-02-14", "44": "2022-02-15", "45": "2022-02-16", "46": "2022-02-17", "47": "2022-02-18", "48": "2022-02-22", "49": "2022-02-23", "50": "2022-02-24", "51": "2022-02-25", "52": "2022-02-28", "53": "2022-03-01", "54": "2022-03-02", "55": "2022-03-03", "56": "2022-03-04", "57": "2022-03-07", "58": "2022-03-08", "59": "2022-03-09", "60": "2022-03-10", "61": "2022-03-11", "62": "2022-03-14", "63": "2022-03-15", "64": "2022-03-16", "65": "2022-03-17", "66": "2022-03-18", "67": "2022-03-21", "68": "2022-03-22", "69": "2022-03-23", "70": "2022-03-24", "71": "2022-03-25", "72": "2022-03-28", "73": "2022-03-29", "74": "2022-03-30", "75": "2022-03-30", "76": "2022-03-31", "77": "2022-04-03", "78": "2022-04-04", "79": "2022-04-05", "80": "2022-04-06", "81": "2022-04-07", "82": "2022-04-10", "83": "2022-04-11", "84": "2022-04-12", "85": "2022-04-13", "86": "2022-04-17", "87": "2022-04-18", "88": "2022-04-19", "89": "2022-04-20", "90": "2022-04-21", "91": "2022-04-24", "92": "2022-04-25", "93": "2022-04-26", "94": "2022-04-27", "95": "2022-04-28", "96": "2022-05-01", "97": "2022-05-02", "98": "2022-05-03", "99": "2022-05-04", "100": "2022-05-05", "101": "2022-05-08", "102": "2022-05-09", "103": "2022-05-10", "104": "2022-05-11", "105": "2022-05-12", "106": "2022-05-15", "107": "2022-05-16", "108": "2022-05-17", "109": "2022-05-18", "110": "2022-05-19", "111": "2022-05-22", "112": "2022-05-23", "113": "2022-05-24", "114": "2022-05-25", "115": "2022-05-26", "116": "2022-05-30", "117": "2022-05-31", "118": "2022-06-01", "119": "2022-06-02", "120": "2022-06-05", "121": "2022-06-06", "122": "2022-06-07", "123": "2022-06-08", "124": "2022-06-09", "125": "2022-06-12", "126": "2022-06-13", "127": "2022-06-14", "128": "2022-06-15", "129": "2022-06-16", "130": "2022-06-20", "131": "2022-06-21", "132": "2022-06-22", "133": "2022-06-23", "134": "2022-06-26", "135": "2022-06-27", "136": "2022-06-28", "137": "2022-06-29", "138": "2022-06-30", "139": "2022-07-04", "140": "2022-07-05", "141": "2022-07-06", "142": "2022-07-07", "143": "2022-07-10", "144": "2022-07-11", "145": "2022-07-12", "146": "2022-07-13", "147": "2022-07-14", "148": "2022-07-17", "149": "2022-07-18", "150": "2022-07-19", "151": "2022-07-20", "152": "2022-07-21", "153": "2022-07-24", "154": "2022-07-25", "155": "2022-07-26", "156": "2022-07-27", "157": "2022-07-28", "158": "2022-07-31", "159": "2022-08-01", "160": "2022-08-02", "161": "2022-08-03", "162": "2022-08-04", "163": "2022-08-07", "164": "2022-08-08", "165": "2022-08-09", "166": "2022-08-10", "167": "2022-08-11", "168": "2022-08-14", "169": "2022-08-15", "170": "2022-08-16", "171": "2022-08-17", "172": "2022-08-18", "173": "2022-08-21", "174": "2022-08-22", "175": "2022-08-23", "176": "2022-08-24", "177": "2022-08-25", "178": "2022-08-28", "179": "2022-08-29", "180": "2022-08-30", "181": "2022-08-31", "182": "2022-09-01", "183": "2022-09-05", "184": "2022-09-06", "185": "2022-09-07", "186": "2022-09-08", "187": "2022-09-11", "188": "2022-09-12", "189": "2022-09-13", "190": "2022-09-14", "191": "2022-09-15", "192": "2022-09-18", "193": "2022-09-19", "194": "2022-09-20", "195": "2022-09-21", "196": "2022-09-22", "197": "2022-09-25", "198": "2022-09-26", "199": "2022-09-27", "200": "2022-09-28", "201": "2022-09-29", "202": "2022-10-02", "203": "2022-10-03", "204": "2022-10-04", "205": "2022-10-05", "206": "2022-10-06", "207": "2022-10-09", "208": "2022-10-10", "209": "2022-10-11", "210": "2022-10-12", "211": "2022-10-13", "212": "2022-10-16", "213": "2022-10-17", "214": "2022-10-18", "215": "2022-10-19", "216": "2022-10-20", "217": "2022-10-23", "218": "2022-10-24", "219": "2022-10-25", "220": "2022-10-26", "221": "2022-10-27", "222": "2022-10-30", "223": "2022-10-31", "224": "2022-11-01", "225": "2022-11-02", "226": "2022-11-03", "227": "2022-11-06", "228": "2022-11-07", "229": "2022-11-08", "230": "2022-11-09", "231": "2022-11-10", "232": "2022-11-13", "233": "2022-11-14", "234": "2022-11-15", "235": "2022-11-16", "236": "2022-11-17", "237": "2022-11-20", "238": "2022-11-21", "239": "2022-11-22", "240": "2022-11-24", "241": "2022-11-27", "242": "2022-11-28", "243": "2022-11-29", "244": "2022-11-30", "245": "2022-12-01", "246": "2022-12-04", "247": "2022-12-05", "248": "2022-12-06", "249": "2022-12-07", "250": "2022-12-08", "251": "2022-12-11", "252": "2022-12-12", "253": "2022-12-13", "254": "2022-12-14", "255": "2022-12-15", "256": "2022-12-18", "257": "2022-12-19", "258": "2022-12-20", "259": "2022-12-21", "260": "2022-12-22", "261": "2022-12-26", "262": "2022-12-27", "263": "2022-12-28", "264": "2022-12-29", "265": "2023-01-02", "266": "2023-01-03", "267": "2023-01-04", "268": "2023-01-05", "269": "2023-01-08", "270": "2023-01-09", "271": "2023-01-10", "272": "2023-01-11", "273": "2023-01-12", "274": "2023-01-16", "275": "2023-01-17", "276": "2023-01-18", "277": "2023-01-19", "278": "2023-01-22", "279": "2023-01-23", "280": "2023-01-24", "281": "2023-01-25", "282": "2023-01-26", "283": "2023-01-29", "284": "2023-01-30", "285": "2023-01-31", "286": "2023-02-01", "287": "2023-02-02", "288": "2023-02-05", "289": "2023-02-06", "290": "2023-02-07", "291": "2023-02-08", "292": "2023-02-09", "293": "2023-02-12", "294": "2023-02-13", "295": "2023-02-14", "296": "2023-02-15", "297": "2023-02-16", "298": "2023-02-20", "299": "2023-02-21", "300": "2023-02-22", "301": "2023-02-23", "302": "2023-02-26", "303": "2023-02-27", "304": "2023-02-28", "305": "2023-03-01", "306": "2023-03-02", "307": "2023-03-05", "308": "2023-03-06", "309": "2023-03-07", "310": "2023-03-08", "311": "2023-03-09", "312": "2023-03-12", "313": "2023-03-13", "314": "2023-03-14", "315": "2023-03-15", "316": "2023-03-16", "317": "2023-03-19", "318": "2023-03-20", "319": "2023-03-21", "320": "2023-03-22", "321": "2023-03-23", "322": "2023-03-26", "323": "2023-03-27", "324": "2023-03-28", "325": "2023-03-29", "326": "2023-03-30", "327": "2023-04-02", "328": "2023-04-03", "329": "2023-04-04", "330": "2023-04-05", "331": "2023-04-09", "332": "2023-04-10", "333": "2023-04-11", "334": "2023-04-12", "335": "2023-04-13", "336": "2023-04-16", "337": "2023-04-17", "338": "2023-04-18", "339": "2023-04-19", "340": "2023-04-20", "341": "2023-04-23", "342": "2023-04-24", "343": "2023-04-25", "344": "2023-04-26", "345": "2023-04-27", "346": "2023-04-30", "347": "2023-05-01", "348": "2023-05-02", "349": "2023-05-03", "350": "2023-05-04", "351": "2023-05-07", "352": "2023-05-08", "353": "2023-05-09", "354": "2023-05-10", "355": "2023-05-11", "356": "2023-05-14", "357": "2023-05-15", "358": "2023-05-16", "359": "2023-05-17", "360": "2023-05-18", "361": "2023-05-21", "362": "2023-05-22", "363": "2023-05-23", "364": "2023-05-24", "365": "2023-05-25", "366": "2023-05-29", "367": "2023-05-30", "368": "2023-05-31", "369": "2023-06-01", "370": "2023-06-04", "371": "2023-06-05", "372": "2023-06-06", "373": "2023-06-07", "374": "2023-06-08", "375": "2023-06-11", "376": "2023-06-12", "377": "2023-06-13", "378": "2023-06-14", "379": "2023-06-15", "380": "2023-06-19", "381": "2023-06-20", "382": "2023-06-21", "383": "2023-06-22", "384": "2023-06-25", "385": "2023-06-26", "386": "2023-06-29"}, "open": {"0": 9.899999618530273, "1": 9.969900131225586, "2": 9.90999984741211, "3": 9.90999984741211, "4": 9.899999618530273, "5": 9.95989990234375, "6": 9.95989990234375, "7": 9.890000343322754, "8": 9.899999618530273, "9": 10.09000015258789, "10": 9.920000076293945, "11": 9.899999618530273, "12": 9.880000114440918, "13": 9.907600402832031, "14": 10.260000228881836, "15": 9.920000076293945, "16": 9.920000076293945, "17": 9.920000076293945, "18": 9.920000076293945, "19": 9.90999984741211, "20": 9.90999984741211, "21": 9.899999618530273, "22": 9.90999984741211, "23": 9.949999809265137, "24": 9.920000076293945, "25": 9.920000076293945, "26": 9.90999984741211, "27": 9.90999984741211, "28": 9.90999984741211, "29": 9.90999984741211, "30": 9.90999984741211, "31": 9.949999809265137, "32": 9.90999984741211, "33": 9.90999984741211, "34": 9.90999984741211, "35": 9.930000305175781, "36": 9.930000305175781, "37": 9.930000305175781, "38": 9.920000076293945, "39": 9.9399995803833, "40": 9.930000305175781, "41": 9.960000038146973, "42": 9.9399995803833, "43": 9.9399995803833, "44": 9.9399995803833, "45": 9.9399995803833, "46": 9.949999809265137, "47": 9.949999809265137, "48": 9.899999618530273, "49": 9.930000305175781, "50": 9.949999809265137, "51": 9.940099716186523, "52": 9.940099716186523, "53": 9.940099716186523, "54": 9.960000038146973, "55": 9.949999809265137, "56": 9.9399995803833, "57": 9.960000038146973, "58": 9.970000267028809, "59": 9.970000267028809, "60": 9.970000267028809, "61": 9.970000267028809, "62": 10.010000228881836, "63": 9.960000038146973, "64": 9.960000038146973, "65": 9.960000038146973, "66": 9.960000038146973, "67": 9.960000038146973, "68": 9.960000038146973, "69": 9.960000038146973, "70": 10.0, "71": 9.979999542236328, "72": 9.970000267028809, "73": 9.970000267028809, "74": 9.970000267028809, "75": 9.975000381469727, "76": 9.979999542236328, "77": 10.020000457763672, "78": 10.0, "79": 9.989999771118164, "80": 9.989999771118164, "81": 10.0, "82": 10.0, "83": 10.0, "84": 10.020000457763672, "85": 9.994999885559082, "86": 9.989999771118164, "87": 9.989999771118164, "88": 10.029999732971191, "89": 10.029999732971191, "90": 10.029999732971191, "91": 10.029999732971191, "92": 10.020000457763672, "93": 10.039999961853027, "94": 10.010000228881836, "95": 10.039999961853027, "96": 10.020000457763672, "97": 10.010000228881836, "98": 10.024999618530273, "99": 10.010000228881836, "100": 10.010000228881836, "101": 10.010000228881836, "102": 10.029999732971191, "103": 10.029999732971191, "104": 10.029999732971191, "105": 9.989999771118164, "106": 10.010000228881836, "107": 10.010000228881836, "108": 10.010000228881836, "109": 10.010000228881836, "110": 10.010000228881836, "111": 10.010000228881836, "112": 10.010000228881836, "113": 10.010000228881836, "114": 10.010000228881836, "115": 10.010000228881836, "116": 10.010000228881836, "117": 10.010000228881836, "118": 10.0, "119": 9.989999771118164, "120": 9.989999771118164, "121": 10.020000457763672, "122": 10.039999961853027, "123": 10.039999961853027, "124": 10.039999961853027, "125": 10.0600004196167, "126": 10.0600004196167, "127": 10.0600004196167, "128": 10.0600004196167, "129": 10.0, "130": 10.0, "131": 9.989999771118164, "132": 9.989999771118164, "133": 10.039999961853027, "134": 10.029999732971191, "135": 10.130000114440918, "136": 10.029999732971191, "137": 10.020000457763672, "138": 10.0, "139": 10.005000114440918, "140": 10.0600004196167, "141": 10.0600004196167, "142": 10.010000228881836, "143": 10.010000228881836, "144": 10.010000228881836, "145": 10.010000228881836, "146": 10.010000228881836, "147": 10.010000228881836, "148": 10.029999732971191, "149": 10.050000190734863, "150": 10.050000190734863, "151": 10.050000190734863, "152": 10.050000190734863, "153": 10.050000190734863, "154": 10.050000190734863, "155": 10.050000190734863, "156": 10.069999694824219, "157": 10.100000381469727, "158": 10.100000381469727, "159": 10.050000190734863, "160": 10.050000190734863, "161": 10.050000190734863, "162": 10.079999923706055, "163": 10.050000190734863, "164": 10.0600004196167, "165": 10.069999694824219, "166": 10.100000381469727, "167": 10.100000381469727, "168": 10.09000015258789, "169": 10.069999694824219, "170": 10.069999694824219, "171": 10.0600004196167, "172": 10.050000190734863, "173": 10.050000190734863, "174": 10.050000190734863, "175": 10.069999694824219, "176": 10.069999694824219, "177": 10.069999694824219, "178": 10.069999694824219, "179": 10.069999694824219, "180": 10.069999694824219, "181": 10.069999694824219, "182": 10.069999694824219, "183": 10.079999923706055, "184": 10.069999694824219, "185": 10.069999694824219, "186": 10.069999694824219, "187": 10.069999694824219, "188": 10.050000190734863, "189": 10.050000190734863, "190": 10.069999694824219, "191": 10.039999961853027, "192": 10.069999694824219, "193": 10.050000190734863, "194": 10.050000190734863, "195": 10.050000190734863, "196": 10.050000190734863, "197": 10.0600004196167, "198": 10.0600004196167, "199": 10.0600004196167, "200": 10.0600004196167, "201": 10.0600004196167, "202": 10.079999923706055, "203": 10.119999885559082, "204": 10.119999885559082, "205": 10.069999694824219, "206": 10.0600004196167, "207": 10.079999923706055, "208": 10.0600004196167, "209": 10.079999923706055, "210": 10.079999923706055, "211": 10.104999542236328, "212": 10.100000381469727, "213": 10.100000381469727, "214": 10.15999984741211, "215": 10.104999542236328, "216": 10.09000015258789, "217": 10.09000015258789, "218": 10.085000038146973, "219": 10.100000381469727, "220": 10.100000381469727, "221": 10.100000381469727, "222": 10.100000381469727, "223": 10.104999542236328, "224": 10.109999656677246, "225": 10.130000114440918, "226": 10.125, "227": 10.119999885559082, "228": 10.120100021362305, "229": 10.130000114440918, "230": 10.119999885559082, "231": 10.130000114440918, "232": 10.149999618530273, "233": 10.180000305175781, "234": 10.15999984741211, "235": 10.170000076293945, "236": 10.180000305175781, "237": 10.1899995803833, "238": 10.199999809265137, "239": 10.210000038146973, "240": 10.239999771118164, "241": 10.229999542236328, "242": 10.229999542236328, "243": 10.239999771118164, "244": 10.229999542236328, "245": 10.229999542236328, "246": 10.244999885559082, "247": 10.239999771118164, "248": 10.244999885559082, "249": 10.25, "250": 10.25, "251": 10.229999542236328, "252": 10.279899597167969, "253": 9.8100004196167, "254": 9.989999771118164, "255": 10.25, "256": 10.210000038146973, "257": 10.380000114440918, "258": 10.229999542236328, "259": 10.319999694824219, "260": 10.289999961853027, "261": 10.75, "262": 10.449999809265137, "263": 10.300000190734863, "264": 10.380000114440918, "265": 10.65999984741211, "266": 10.819999694824219, "267": 10.5600004196167, "268": 10.519800186157227, "269": 10.5600004196167, "270": 10.449999809265137, "271": 10.359999656677246, "272": 10.319999694824219, "273": 10.3100004196167, "274": 10.3100004196167, "275": 10.399999618530273, "276": 10.430000305175781, "277": 10.430000305175781, "278": 10.40999984741211, "279": 10.40999984741211, "280": 10.40999984741211, "281": 10.40999984741211, "282": 10.399999618530273, "283": 10.890000343322754, "284": 10.600000381469727, "285": 10.600000381469727, "286": 10.600000381469727, "287": 10.600000381469727, "288": 10.600000381469727, "289": 10.600000381469727, "290": 10.600000381469727, "291": 10.600000381469727, "292": 10.600000381469727, "293": 10.600000381469727, "294": 10.699999809265137, "295": 10.568699836730957, "296": 10.568699836730957, "297": 10.568699836730957, "298": 10.568699836730957, "299": 10.568699836730957, "300": 10.568699836730957, "301": 10.568699836730957, "302": 10.6899995803833, "303": 10.65999984741211, "304": 10.65999984741211, "305": 10.65999984741211, "306": 10.65999984741211, "307": 10.65999984741211, "308": 10.65999984741211, "309": 10.699999809265137, "310": 10.569999694824219, "311": 10.647199630737305, "312": 10.647199630737305, "313": 10.647199630737305, "314": 10.647199630737305, "315": 10.647199630737305, "316": 10.647199630737305, "317": 10.699999809265137, "318": 10.699999809265137, "319": 10.699999809265137, "320": 10.699999809265137, "321": 10.699999809265137, "322": 10.699999809265137, "323": 10.699999809265137, "324": 10.699999809265137, "325": 10.699999809265137, "326": 10.699999809265137, "327": 10.699999809265137, "328": 10.699999809265137, "329": 10.699999809265137, "330": 10.699999809265137, "331": 10.699999809265137, "332": 10.699999809265137, "333": 10.699999809265137, "334": 10.699999809265137, "335": 10.699999809265137, "336": 10.699999809265137, "337": 10.699999809265137, "338": 10.479999542236328, "339": 10.479999542236328, "340": 10.699999809265137, "341": 10.699999809265137, "342": 10.539999961853027, "343": 10.899999618530273, "344": 10.899999618530273, "345": 10.899999618530273, "346": 10.880000114440918, "347": 10.890000343322754, "348": 10.479999542236328, "349": 10.880000114440918, "350": 10.880000114440918, "351": 10.880000114440918, "352": 10.880000114440918, "353": 10.880000114440918, "354": 10.880000114440918, "355": 10.880000114440918, "356": 10.880000114440918, "357": 10.880000114440918, "358": 10.720000267028809, "359": 10.710000038146973, "360": 10.699999809265137, "361": 10.760000228881836, "362": 10.649999618530273, "363": 10.78499984741211, "364": 10.760000228881836, "365": 10.760000228881836, "366": 10.65999984741211, "367": 10.65999984741211, "368": 10.670000076293945, "369": 10.699999809265137, "370": 10.699999809265137, "371": 10.710000038146973, "372": 10.699999809265137, "373": 10.6899995803833, "374": 10.850000381469727, "375": 10.800000190734863, "376": 10.84000015258789, "377": 10.779999732971191, "378": 10.739999771118164, "379": 10.779999732971191, "380": 10.640000343322754, "381": 10.699999809265137, "382": 10.699999809265137, "383": 10.699999809265137, "384": 10.699999809265137, "385": 10.789999961853027, "386": 10.819999694824219}, "high": {"0": 9.899999618530273, "1": 9.970000267028809, "2": 9.90999984741211, "3": 9.90999984741211, "4": 9.90999984741211, "5": 9.95989990234375, "6": 9.95989990234375, "7": 9.899999618530273, "8": 9.899999618530273, "9": 10.09000015258789, "10": 9.920000076293945, "11": 9.899999618530273, "12": 9.90999984741211, "13": 9.907600402832031, "14": 10.260000228881836, "15": 9.930000305175781, "16": 9.920000076293945, "17": 9.920000076293945, "18": 9.920000076293945, "19": 9.920000076293945, "20": 9.920000076293945, "21": 9.90999984741211, "22": 9.90999984741211, "23": 9.949999809265137, "24": 9.920000076293945, "25": 9.920000076293945, "26": 9.920000076293945, "27": 9.920000076293945, "28": 9.90999984741211, "29": 9.920000076293945, "30": 9.920000076293945, "31": 9.949999809265137, "32": 9.914999961853027, "33": 9.930000305175781, "34": 9.9399995803833, "35": 9.930000305175781, "36": 9.930000305175781, "37": 9.930000305175781, "38": 9.920000076293945, "39": 9.9399995803833, "40": 9.930000305175781, "41": 9.960000038146973, "42": 9.9399995803833, "43": 9.9399995803833, "44": 9.9399995803833, "45": 9.9399995803833, "46": 9.954999923706055, "47": 9.949999809265137, "48": 9.899999618530273, "49": 9.930000305175781, "50": 9.949999809265137, "51": 9.940099716186523, "52": 9.940099716186523, "53": 9.940099716186523, "54": 9.960000038146973, "55": 9.949999809265137, "56": 9.9399995803833, "57": 9.970000267028809, "58": 9.970000267028809, "59": 9.970000267028809, "60": 9.970000267028809, "61": 9.970000267028809, "62": 10.010000228881836, "63": 9.960000038146973, "64": 9.960000038146973, "65": 9.960000038146973, "66": 9.960000038146973, "67": 9.960000038146973, "68": 9.960000038146973, "69": 9.970000267028809, "70": 10.0, "71": 9.979999542236328, "72": 9.970000267028809, "73": 9.970000267028809, "74": 9.970000267028809, "75": 9.979999542236328, "76": 9.979999542236328, "77": 10.020000457763672, "78": 10.0, "79": 9.989999771118164, "80": 9.989999771118164, "81": 10.0, "82": 10.0, "83": 10.0, "84": 10.020000457763672, "85": 10.0, "86": 9.989999771118164, "87": 10.029999732971191, "88": 10.029999732971191, "89": 10.029999732971191, "90": 10.029999732971191, "91": 10.029999732971191, "92": 10.020000457763672, "93": 10.039999961853027, "94": 10.024999618530273, "95": 10.039999961853027, "96": 10.020000457763672, "97": 10.010000228881836, "98": 10.029999732971191, "99": 10.010000228881836, "100": 10.010000228881836, "101": 10.029999732971191, "102": 10.029999732971191, "103": 10.029999732971191, "104": 10.029999732971191, "105": 10.020000457763672, "106": 10.010000228881836, "107": 10.010000228881836, "108": 10.010000228881836, "109": 10.010000228881836, "110": 10.010000228881836, "111": 10.010000228881836, "112": 10.010000228881836, "113": 10.010000228881836, "114": 10.010000228881836, "115": 10.010000228881836, "116": 10.010000228881836, "117": 10.020000457763672, "118": 10.0, "119": 9.989999771118164, "120": 9.989999771118164, "121": 10.039999961853027, "122": 10.039999961853027, "123": 10.039999961853027, "124": 10.039999961853027, "125": 10.0600004196167, "126": 10.0600004196167, "127": 10.0600004196167, "128": 10.0600004196167, "129": 10.0, "130": 10.0, "131": 9.989999771118164, "132": 9.989999771118164, "133": 10.039999961853027, "134": 10.029999732971191, "135": 10.130000114440918, "136": 10.029999732971191, "137": 10.020000457763672, "138": 10.005000114440918, "139": 10.005000114440918, "140": 10.0600004196167, "141": 10.0600004196167, "142": 10.010000228881836, "143": 10.010000228881836, "144": 10.010000228881836, "145": 10.010000228881836, "146": 10.010000228881836, "147": 10.010000228881836, "148": 10.050000190734863, "149": 10.050000190734863, "150": 10.050000190734863, "151": 10.050000190734863, "152": 10.050000190734863, "153": 10.050000190734863, "154": 10.050000190734863, "155": 10.050000190734863, "156": 10.09000015258789, "157": 10.100000381469727, "158": 10.100000381469727, "159": 10.050000190734863, "160": 10.050000190734863, "161": 10.0600004196167, "162": 10.079999923706055, "163": 10.050000190734863, "164": 10.0600004196167, "165": 10.069999694824219, "166": 10.100000381469727, "167": 10.100000381469727, "168": 10.09000015258789, "169": 10.069999694824219, "170": 10.081600189208984, "171": 10.069999694824219, "172": 10.050000190734863, "173": 10.050000190734863, "174": 10.079999923706055, "175": 10.069999694824219, "176": 10.069999694824219, "177": 10.069999694824219, "178": 10.069999694824219, "179": 10.069999694824219, "180": 10.069999694824219, "181": 10.069999694824219, "182": 10.069999694824219, "183": 10.079999923706055, "184": 10.069999694824219, "185": 10.069999694824219, "186": 10.069999694824219, "187": 10.069999694824219, "188": 10.050000190734863, "189": 10.050000190734863, "190": 10.069999694824219, "191": 10.050000190734863, "192": 10.069999694824219, "193": 10.050000190734863, "194": 10.050000190734863, "195": 10.050000190734863, "196": 10.050000190734863, "197": 10.0600004196167, "198": 10.0600004196167, "199": 10.0600004196167, "200": 10.0600004196167, "201": 10.0600004196167, "202": 10.079999923706055, "203": 10.119999885559082, "204": 10.119999885559082, "205": 10.069999694824219, "206": 10.069899559020996, "207": 10.079999923706055, "208": 10.079999923706055, "209": 10.079999923706055, "210": 10.079999923706055, "211": 10.104999542236328, "212": 10.100000381469727, "213": 10.100000381469727, "214": 10.15999984741211, "215": 10.104999542236328, "216": 10.09000015258789, "217": 10.09000015258789, "218": 10.09000015258789, "219": 10.100000381469727, "220": 10.100000381469727, "221": 10.100000381469727, "222": 10.100000381469727, "223": 10.109999656677246, "224": 10.130000114440918, "225": 10.130000114440918, "226": 10.130000114440918, "227": 10.119999885559082, "228": 10.130000114440918, "229": 10.130000114440918, "230": 10.119999885559082, "231": 10.130000114440918, "232": 10.149999618530273, "233": 10.180000305175781, "234": 10.175000190734863, "235": 10.180000305175781, "236": 10.180000305175781, "237": 10.1899995803833, "238": 10.199999809265137, "239": 10.220000267028809, "240": 10.239999771118164, "241": 10.229999542236328, "242": 10.229999542236328, "243": 10.25, "244": 10.229999542236328, "245": 10.244999885559082, "246": 10.25, "247": 10.244999885559082, "248": 10.25, "249": 10.25, "250": 10.25, "251": 10.239999771118164, "252": 10.279899597167969, "253": 10.6899995803833, "254": 10.300000190734863, "255": 10.630000114440918, "256": 10.399999618530273, "257": 10.380000114440918, "258": 10.399999618530273, "259": 10.899999618530273, "260": 10.380000114440918, "261": 10.75, "262": 10.449999809265137, "263": 10.460000038146973, "264": 10.380000114440918, "265": 10.65999984741211, "266": 10.819999694824219, "267": 10.5600004196167, "268": 10.5600004196167, "269": 10.5600004196167, "270": 10.449999809265137, "271": 10.40999984741211, "272": 10.319999694824219, "273": 10.3100004196167, "274": 10.3100004196167, "275": 10.430000305175781, "276": 10.430000305175781, "277": 10.430000305175781, "278": 10.420000076293945, "279": 10.420000076293945, "280": 10.40999984741211, "281": 10.40999984741211, "282": 10.40999984741211, "283": 10.890000343322754, "284": 10.600000381469727, "285": 10.600000381469727, "286": 10.600000381469727, "287": 10.600000381469727, "288": 10.600000381469727, "289": 10.600000381469727, "290": 10.600000381469727, "291": 10.600000381469727, "292": 10.600000381469727, "293": 10.600000381469727, "294": 10.699999809265137, "295": 10.568699836730957, "296": 10.568699836730957, "297": 10.568699836730957, "298": 10.568699836730957, "299": 10.568699836730957, "300": 10.568699836730957, "301": 10.568699836730957, "302": 10.699999809265137, "303": 10.65999984741211, "304": 10.65999984741211, "305": 10.65999984741211, "306": 10.65999984741211, "307": 10.65999984741211, "308": 10.65999984741211, "309": 10.699999809265137, "310": 10.649999618530273, "311": 10.647199630737305, "312": 10.647199630737305, "313": 10.647199630737305, "314": 10.647199630737305, "315": 10.647199630737305, "316": 10.647199630737305, "317": 10.699999809265137, "318": 10.699999809265137, "319": 10.699999809265137, "320": 10.699999809265137, "321": 10.699999809265137, "322": 10.699999809265137, "323": 10.699999809265137, "324": 10.699999809265137, "325": 10.699999809265137, "326": 10.699999809265137, "327": 10.699999809265137, "328": 10.699999809265137, "329": 10.699999809265137, "330": 10.699999809265137, "331": 10.699999809265137, "332": 10.699999809265137, "333": 10.699999809265137, "334": 10.699999809265137, "335": 10.699999809265137, "336": 10.699999809265137, "337": 10.699999809265137, "338": 10.479999542236328, "339": 10.479999542236328, "340": 10.699999809265137, "341": 10.699999809265137, "342": 10.539999961853027, "343": 10.899999618530273, "344": 10.899999618530273, "345": 10.899999618530273, "346": 10.890000343322754, "347": 10.890000343322754, "348": 10.880000114440918, "349": 10.880000114440918, "350": 10.880000114440918, "351": 10.880000114440918, "352": 10.880000114440918, "353": 10.880000114440918, "354": 10.880000114440918, "355": 10.880000114440918, "356": 10.880000114440918, "357": 10.880000114440918, "358": 10.789999961853027, "359": 10.75, "360": 10.760000228881836, "361": 10.760000228881836, "362": 10.899999618530273, "363": 10.899999618530273, "364": 10.899999618530273, "365": 10.835000038146973, "366": 10.65999984741211, "367": 10.75, "368": 10.699999809265137, "369": 10.699999809265137, "370": 10.699999809265137, "371": 10.829999923706055, "372": 10.880000114440918, "373": 10.890000343322754, "374": 10.850000381469727, "375": 10.800000190734863, "376": 10.84000015258789, "377": 10.779999732971191, "378": 10.8100004196167, "379": 10.779999732971191, "380": 10.699999809265137, "381": 10.699999809265137, "382": 10.699999809265137, "383": 10.699999809265137, "384": 10.699999809265137, "385": 10.789999961853027, "386": 10.819999694824219}, "low": {"0": 9.899999618530273, "1": 9.968199729919434, "2": 9.850000381469727, "3": 9.90999984741211, "4": 9.850000381469727, "5": 9.95989990234375, "6": 9.95989990234375, "7": 9.890000343322754, "8": 9.899999618530273, "9": 9.920000076293945, "10": 9.880000114440918, "11": 9.899999618530273, "12": 9.880000114440918, "13": 9.907600402832031, "14": 9.850000381469727, "15": 9.920000076293945, "16": 9.920000076293945, "17": 9.920000076293945, "18": 9.920000076293945, "19": 9.90999984741211, "20": 9.90999984741211, "21": 9.899999618530273, "22": 9.90999984741211, "23": 9.920000076293945, "24": 9.90999984741211, "25": 9.90999984741211, "26": 9.90999984741211, "27": 9.90999984741211, "28": 9.90999984741211, "29": 9.90999984741211, "30": 9.904999732971191, "31": 9.880000114440918, "32": 9.90999984741211, "33": 9.90999984741211, "34": 9.90999984741211, "35": 9.930000305175781, "36": 9.930000305175781, "37": 9.930000305175781, "38": 9.920000076293945, "39": 9.930000305175781, "40": 9.930000305175781, "41": 9.9399995803833, "42": 9.9399995803833, "43": 9.9399995803833, "44": 9.9399995803833, "45": 9.9399995803833, "46": 9.949999809265137, "47": 9.949999809265137, "48": 9.899999618530273, "49": 9.930000305175781, "50": 9.949899673461914, "51": 9.940099716186523, "52": 9.940099716186523, "53": 9.940099716186523, "54": 9.960000038146973, "55": 9.9399995803833, "56": 9.9399995803833, "57": 9.960000038146973, "58": 9.970000267028809, "59": 9.970000267028809, "60": 9.970000267028809, "61": 9.970000267028809, "62": 9.960000038146973, "63": 9.930000305175781, "64": 9.960000038146973, "65": 9.960000038146973, "66": 9.960000038146973, "67": 9.960000038146973, "68": 9.960000038146973, "69": 9.960000038146973, "70": 9.989999771118164, "71": 9.960000038146973, "72": 9.970000267028809, "73": 9.970000267028809, "74": 9.970000267028809, "75": 9.975000381469727, "76": 9.979999542236328, "77": 10.020000457763672, "78": 9.994999885559082, "79": 9.989999771118164, "80": 9.989999771118164, "81": 10.0, "82": 10.0, "83": 10.0, "84": 9.989999771118164, "85": 9.994999885559082, "86": 9.989999771118164, "87": 9.989999771118164, "88": 10.029999732971191, "89": 10.029999732971191, "90": 10.029999732971191, "91": 10.029999732971191, "92": 10.010000228881836, "93": 10.024999618530273, "94": 10.010000228881836, "95": 10.020000457763672, "96": 10.010000228881836, "97": 10.010000228881836, "98": 10.010000228881836, "99": 10.010000228881836, "100": 10.010000228881836, "101": 10.0, "102": 10.029999732971191, "103": 10.029999732971191, "104": 10.029999732971191, "105": 9.989999771118164, "106": 10.010000228881836, "107": 10.010000228881836, "108": 10.010000228881836, "109": 10.010000228881836, "110": 10.010000228881836, "111": 10.010000228881836, "112": 10.010000228881836, "113": 10.010000228881836, "114": 10.010000228881836, "115": 10.010000228881836, "116": 10.010000228881836, "117": 10.010000228881836, "118": 9.989999771118164, "119": 9.989999771118164, "120": 9.989999771118164, "121": 10.020000457763672, "122": 10.039999961853027, "123": 10.039999961853027, "124": 10.039999961853027, "125": 10.0600004196167, "126": 10.0600004196167, "127": 10.0600004196167, "128": 10.0600004196167, "129": 9.999799728393555, "130": 10.0, "131": 9.989999771118164, "132": 9.989999771118164, "133": 10.029999732971191, "134": 10.029999732971191, "135": 10.029999732971191, "136": 10.029999732971191, "137": 10.020000457763672, "138": 9.989999771118164, "139": 10.005000114440918, "140": 10.0600004196167, "141": 10.0600004196167, "142": 10.010000228881836, "143": 10.010000228881836, "144": 10.010000228881836, "145": 10.010000228881836, "146": 10.010000228881836, "147": 10.010000228881836, "148": 10.029999732971191, "149": 10.050000190734863, "150": 10.050000190734863, "151": 10.050000190734863, "152": 10.050000190734863, "153": 10.050000190734863, "154": 10.050000190734863, "155": 10.050000190734863, "156": 10.050000190734863, "157": 10.050000190734863, "158": 10.050000190734863, "159": 10.050000190734863, "160": 10.050000190734863, "161": 10.050000190734863, "162": 10.050000190734863, "163": 10.050000190734863, "164": 10.050000190734863, "165": 10.069999694824219, "166": 10.0600004196167, "167": 10.069999694824219, "168": 10.069999694824219, "169": 10.069999694824219, "170": 10.0600004196167, "171": 10.0600004196167, "172": 10.050000190734863, "173": 10.050000190734863, "174": 10.050000190734863, "175": 10.0600004196167, "176": 10.069999694824219, "177": 10.069999694824219, "178": 10.069999694824219, "179": 10.069999694824219, "180": 10.069999694824219, "181": 10.069999694824219, "182": 10.069999694824219, "183": 10.069999694824219, "184": 10.069999694824219, "185": 10.069999694824219, "186": 10.069999694824219, "187": 10.069999694824219, "188": 10.050000190734863, "189": 10.050000190734863, "190": 10.069999694824219, "191": 10.039999961853027, "192": 10.050000190734863, "193": 10.050000190734863, "194": 10.050000190734863, "195": 10.050000190734863, "196": 10.050000190734863, "197": 10.0600004196167, "198": 10.0600004196167, "199": 10.059800148010254, "200": 10.0600004196167, "201": 10.0600004196167, "202": 10.059900283813477, "203": 10.119999885559082, "204": 10.119999885559082, "205": 10.0600004196167, "206": 10.0600004196167, "207": 10.0600004196167, "208": 10.0600004196167, "209": 10.079999923706055, "210": 10.079999923706055, "211": 10.100000381469727, "212": 10.100000381469727, "213": 10.100000381469727, "214": 10.15999984741211, "215": 10.09000015258789, "216": 10.09000015258789, "217": 10.09000015258789, "218": 10.085000038146973, "219": 10.100000381469727, "220": 10.100000381469727, "221": 10.100000381469727, "222": 10.100000381469727, "223": 10.104999542236328, "224": 10.109999656677246, "225": 10.130000114440918, "226": 10.119999885559082, "227": 10.119999885559082, "228": 10.119999885559082, "229": 10.130000114440918, "230": 10.119999885559082, "231": 10.130000114440918, "232": 10.119999885559082, "233": 10.135000228881836, "234": 10.15999984741211, "235": 10.170000076293945, "236": 10.180000305175781, "237": 10.1850004196167, "238": 10.1899995803833, "239": 10.210000038146973, "240": 10.21500015258789, "241": 10.225000381469727, "242": 10.229999542236328, "243": 10.239999771118164, "244": 10.229999542236328, "245": 10.229999542236328, "246": 10.244999885559082, "247": 10.239999771118164, "248": 10.244999885559082, "249": 10.25, "250": 10.25, "251": 10.229999542236328, "252": 10.039999961853027, "253": 9.8100004196167, "254": 9.989999771118164, "255": 10.100000381469727, "256": 10.210000038146973, "257": 10.380000114440918, "258": 10.229999542236328, "259": 10.3100004196167, "260": 10.289999961853027, "261": 10.399999618530273, "262": 10.449999809265137, "263": 10.300000190734863, "264": 10.380000114440918, "265": 10.529999732971191, "266": 10.819999694824219, "267": 10.5600004196167, "268": 10.519800186157227, "269": 10.5600004196167, "270": 10.449999809265137, "271": 10.319999694824219, "272": 10.3100004196167, "273": 10.3100004196167, "274": 10.3100004196167, "275": 10.399999618530273, "276": 10.430000305175781, "277": 10.390000343322754, "278": 10.40999984741211, "279": 10.40880012512207, "280": 10.40999984741211, "281": 10.40999984741211, "282": 10.399999618530273, "283": 10.541000366210938, "284": 10.600000381469727, "285": 10.600000381469727, "286": 10.600000381469727, "287": 10.600000381469727, "288": 10.600000381469727, "289": 10.600000381469727, "290": 10.600000381469727, "291": 10.600000381469727, "292": 10.600000381469727, "293": 10.600000381469727, "294": 10.429400444030762, "295": 10.568699836730957, "296": 10.568699836730957, "297": 10.568699836730957, "298": 10.568699836730957, "299": 10.568699836730957, "300": 10.568699836730957, "301": 10.568699836730957, "302": 10.65999984741211, "303": 10.65999984741211, "304": 10.65999984741211, "305": 10.65999984741211, "306": 10.65999984741211, "307": 10.65999984741211, "308": 10.65999984741211, "309": 10.529999732971191, "310": 10.569999694824219, "311": 10.647199630737305, "312": 10.647199630737305, "313": 10.647199630737305, "314": 10.647199630737305, "315": 10.647199630737305, "316": 10.647199630737305, "317": 10.699999809265137, "318": 10.699999809265137, "319": 10.699999809265137, "320": 10.699999809265137, "321": 10.699999809265137, "322": 10.699999809265137, "323": 10.699999809265137, "324": 10.699999809265137, "325": 10.699999809265137, "326": 10.699999809265137, "327": 10.699999809265137, "328": 10.699999809265137, "329": 10.699999809265137, "330": 10.699999809265137, "331": 10.699999809265137, "332": 10.699999809265137, "333": 10.699999809265137, "334": 10.699999809265137, "335": 10.699999809265137, "336": 10.699999809265137, "337": 10.699999809265137, "338": 10.479999542236328, "339": 10.479999542236328, "340": 10.699999809265137, "341": 10.699999809265137, "342": 10.539999961853027, "343": 10.899999618530273, "344": 10.899999618530273, "345": 10.899999618530273, "346": 10.880000114440918, "347": 10.890000343322754, "348": 10.479999542236328, "349": 10.880000114440918, "350": 10.880000114440918, "351": 10.880000114440918, "352": 10.880000114440918, "353": 10.880000114440918, "354": 10.880000114440918, "355": 10.880000114440918, "356": 10.880000114440918, "357": 10.880000114440918, "358": 10.510000228881836, "359": 10.699999809265137, "360": 10.699999809265137, "361": 10.760000228881836, "362": 10.649999618530273, "363": 10.760000228881836, "364": 10.760000228881836, "365": 10.760000228881836, "366": 10.65999984741211, "367": 10.619999885559082, "368": 10.670000076293945, "369": 10.699999809265137, "370": 10.699999809265137, "371": 10.710000038146973, "372": 10.699999809265137, "373": 10.670000076293945, "374": 10.729999542236328, "375": 10.789999961853027, "376": 10.789999961853027, "377": 10.779999732971191, "378": 10.739999771118164, "379": 10.779999732971191, "380": 10.640000343322754, "381": 10.699999809265137, "382": 10.699999809265137, "383": 10.699999809265137, "384": 10.699999809265137, "385": 10.789999961853027, "386": 10.819999694824219}, "close": {"0": 9.899999618530273, "1": 9.968199729919434, "2": 9.90999984741211, "3": 9.90999984741211, "4": 9.899999618530273, "5": 9.95989990234375, "6": 9.95989990234375, "7": 9.899999618530273, "8": 9.899999618530273, "9": 9.920000076293945, "10": 9.890000343322754, "11": 9.899999618530273, "12": 9.907600402832031, "13": 9.907600402832031, "14": 9.925000190734863, "15": 9.920000076293945, "16": 9.920000076293945, "17": 9.920000076293945, "18": 9.920000076293945, "19": 9.90999984741211, "20": 9.90999984741211, "21": 9.90999984741211, "22": 9.90999984741211, "23": 9.920000076293945, "24": 9.90999984741211, "25": 9.920000076293945, "26": 9.920000076293945, "27": 9.90999984741211, "28": 9.90999984741211, "29": 9.920000076293945, "30": 9.904999732971191, "31": 9.899999618530273, "32": 9.90999984741211, "33": 9.90999984741211, "34": 9.9399995803833, "35": 9.930000305175781, "36": 9.930000305175781, "37": 9.930000305175781, "38": 9.920000076293945, "39": 9.930000305175781, "40": 9.930000305175781, "41": 9.9399995803833, "42": 9.9399995803833, "43": 9.9399995803833, "44": 9.9399995803833, "45": 9.9399995803833, "46": 9.949999809265137, "47": 9.949999809265137, "48": 9.899999618530273, "49": 9.930000305175781, "50": 9.949899673461914, "51": 9.940099716186523, "52": 9.940099716186523, "53": 9.940099716186523, "54": 9.960000038146973, "55": 9.9399995803833, "56": 9.9399995803833, "57": 9.970000267028809, "58": 9.970000267028809, "59": 9.970000267028809, "60": 9.970000267028809, "61": 9.970000267028809, "62": 9.960000038146973, "63": 9.949999809265137, "64": 9.960000038146973, "65": 9.960000038146973, "66": 9.960000038146973, "67": 9.960000038146973, "68": 9.960000038146973, "69": 9.970000267028809, "70": 9.989999771118164, "71": 9.970000267028809, "72": 9.970000267028809, "73": 9.970000267028809, "74": 9.970000267028809, "75": 9.979999542236328, "76": 9.979999542236328, "77": 10.020000457763672, "78": 10.0, "79": 9.989999771118164, "80": 9.989999771118164, "81": 10.0, "82": 10.0, "83": 10.0, "84": 9.989999771118164, "85": 10.0, "86": 9.989999771118164, "87": 10.029999732971191, "88": 10.029999732971191, "89": 10.029999732971191, "90": 10.029999732971191, "91": 10.029999732971191, "92": 10.020000457763672, "93": 10.024999618530273, "94": 10.024999618530273, "95": 10.020000457763672, "96": 10.010000228881836, "97": 10.010000228881836, "98": 10.010000228881836, "99": 10.010000228881836, "100": 10.010000228881836, "101": 10.029999732971191, "102": 10.029999732971191, "103": 10.029999732971191, "104": 10.029999732971191, "105": 10.010000228881836, "106": 10.010000228881836, "107": 10.010000228881836, "108": 10.010000228881836, "109": 10.010000228881836, "110": 10.010000228881836, "111": 10.010000228881836, "112": 10.010000228881836, "113": 10.010000228881836, "114": 10.010000228881836, "115": 10.010000228881836, "116": 10.010000228881836, "117": 10.020000457763672, "118": 9.989999771118164, "119": 9.989999771118164, "120": 9.989999771118164, "121": 10.039999961853027, "122": 10.039999961853027, "123": 10.039999961853027, "124": 10.039999961853027, "125": 10.0600004196167, "126": 10.0600004196167, "127": 10.0600004196167, "128": 10.0600004196167, "129": 10.0, "130": 10.0, "131": 9.989999771118164, "132": 9.989999771118164, "133": 10.029999732971191, "134": 10.029999732971191, "135": 10.029999732971191, "136": 10.029999732971191, "137": 10.020000457763672, "138": 10.005000114440918, "139": 10.005000114440918, "140": 10.0600004196167, "141": 10.0600004196167, "142": 10.010000228881836, "143": 10.010000228881836, "144": 10.010000228881836, "145": 10.010000228881836, "146": 10.010000228881836, "147": 10.010000228881836, "148": 10.050000190734863, "149": 10.050000190734863, "150": 10.050000190734863, "151": 10.050000190734863, "152": 10.050000190734863, "153": 10.050000190734863, "154": 10.050000190734863, "155": 10.050000190734863, "156": 10.079999923706055, "157": 10.079999923706055, "158": 10.050000190734863, "159": 10.050000190734863, "160": 10.050000190734863, "161": 10.0600004196167, "162": 10.050000190734863, "163": 10.050000190734863, "164": 10.0600004196167, "165": 10.069999694824219, "166": 10.0600004196167, "167": 10.100000381469727, "168": 10.069999694824219, "169": 10.069999694824219, "170": 10.0600004196167, "171": 10.069999694824219, "172": 10.050000190734863, "173": 10.050000190734863, "174": 10.079999923706055, "175": 10.0600004196167, "176": 10.069999694824219, "177": 10.069999694824219, "178": 10.069999694824219, "179": 10.069999694824219, "180": 10.069999694824219, "181": 10.069999694824219, "182": 10.069999694824219, "183": 10.069999694824219, "184": 10.069999694824219, "185": 10.069999694824219, "186": 10.069999694824219, "187": 10.069999694824219, "188": 10.050000190734863, "189": 10.050000190734863, "190": 10.069999694824219, "191": 10.050000190734863, "192": 10.050000190734863, "193": 10.050000190734863, "194": 10.050000190734863, "195": 10.050000190734863, "196": 10.050000190734863, "197": 10.0600004196167, "198": 10.0600004196167, "199": 10.0600004196167, "200": 10.0600004196167, "201": 10.0600004196167, "202": 10.0600004196167, "203": 10.119999885559082, "204": 10.119999885559082, "205": 10.0600004196167, "206": 10.0600004196167, "207": 10.0600004196167, "208": 10.079999923706055, "209": 10.079999923706055, "210": 10.079999923706055, "211": 10.100000381469727, "212": 10.100000381469727, "213": 10.100000381469727, "214": 10.15999984741211, "215": 10.09000015258789, "216": 10.09000015258789, "217": 10.09000015258789, "218": 10.09000015258789, "219": 10.100000381469727, "220": 10.100000381469727, "221": 10.100000381469727, "222": 10.100000381469727, "223": 10.104999542236328, "224": 10.130000114440918, "225": 10.130000114440918, "226": 10.119999885559082, "227": 10.119999885559082, "228": 10.130000114440918, "229": 10.130000114440918, "230": 10.119999885559082, "231": 10.130000114440918, "232": 10.119999885559082, "233": 10.180000305175781, "234": 10.170000076293945, "235": 10.180000305175781, "236": 10.180000305175781, "237": 10.1899995803833, "238": 10.199999809265137, "239": 10.220000267028809, "240": 10.21500015258789, "241": 10.229999542236328, "242": 10.229999542236328, "243": 10.25, "244": 10.229999542236328, "245": 10.239999771118164, "246": 10.25, "247": 10.239999771118164, "248": 10.25, "249": 10.25, "250": 10.25, "251": 10.239999771118164, "252": 10.119999885559082, "253": 10.40999984741211, "254": 10.119999885559082, "255": 10.579999923706055, "256": 10.399999618530273, "257": 10.380000114440918, "258": 10.399999618530273, "259": 10.37399959564209, "260": 10.380000114440918, "261": 10.475000381469727, "262": 10.449999809265137, "263": 10.380000114440918, "264": 10.380000114440918, "265": 10.5600004196167, "266": 10.819999694824219, "267": 10.5600004196167, "268": 10.5600004196167, "269": 10.5600004196167, "270": 10.449999809265137, "271": 10.319999694824219, "272": 10.3100004196167, "273": 10.3100004196167, "274": 10.3100004196167, "275": 10.430000305175781, "276": 10.430000305175781, "277": 10.390000343322754, "278": 10.40999984741211, "279": 10.40999984741211, "280": 10.40999984741211, "281": 10.40999984741211, "282": 10.40999984741211, "283": 10.600000381469727, "284": 10.600000381469727, "285": 10.600000381469727, "286": 10.600000381469727, "287": 10.600000381469727, "288": 10.600000381469727, "289": 10.600000381469727, "290": 10.600000381469727, "291": 10.600000381469727, "292": 10.600000381469727, "293": 10.600000381469727, "294": 10.568699836730957, "295": 10.568699836730957, "296": 10.568699836730957, "297": 10.568699836730957, "298": 10.568699836730957, "299": 10.568699836730957, "300": 10.568699836730957, "301": 10.568699836730957, "302": 10.65999984741211, "303": 10.65999984741211, "304": 10.65999984741211, "305": 10.65999984741211, "306": 10.65999984741211, "307": 10.65999984741211, "308": 10.65999984741211, "309": 10.600000381469727, "310": 10.647199630737305, "311": 10.647199630737305, "312": 10.647199630737305, "313": 10.647199630737305, "314": 10.647199630737305, "315": 10.647199630737305, "316": 10.647199630737305, "317": 10.699999809265137, "318": 10.699999809265137, "319": 10.699999809265137, "320": 10.699999809265137, "321": 10.699999809265137, "322": 10.699999809265137, "323": 10.699999809265137, "324": 10.699999809265137, "325": 10.699999809265137, "326": 10.699999809265137, "327": 10.699999809265137, "328": 10.699999809265137, "329": 10.699999809265137, "330": 10.699999809265137, "331": 10.699999809265137, "332": 10.699999809265137, "333": 10.699999809265137, "334": 10.699999809265137, "335": 10.699999809265137, "336": 10.699999809265137, "337": 10.699999809265137, "338": 10.479999542236328, "339": 10.479999542236328, "340": 10.699999809265137, "341": 10.699999809265137, "342": 10.539999961853027, "343": 10.899999618530273, "344": 10.899999618530273, "345": 10.899999618530273, "346": 10.890000343322754, "347": 10.890000343322754, "348": 10.880000114440918, "349": 10.880000114440918, "350": 10.880000114440918, "351": 10.880000114440918, "352": 10.880000114440918, "353": 10.880000114440918, "354": 10.880000114440918, "355": 10.880000114440918, "356": 10.880000114440918, "357": 10.880000114440918, "358": 10.680000305175781, "359": 10.729999542236328, "360": 10.760000228881836, "361": 10.760000228881836, "362": 10.760000228881836, "363": 10.760000228881836, "364": 10.760000228881836, "365": 10.78499984741211, "366": 10.65999984741211, "367": 10.664999961853027, "368": 10.699999809265137, "369": 10.699999809265137, "370": 10.699999809265137, "371": 10.829999923706055, "372": 10.819999694824219, "373": 10.729999542236328, "374": 10.779999732971191, "375": 10.789999961853027, "376": 10.789999961853027, "377": 10.779999732971191, "378": 10.779999732971191, "379": 10.779999732971191, "380": 10.699999809265137, "381": 10.699999809265137, "382": 10.699999809265137, "383": 10.699999809265137, "384": 10.699999809265137, "385": 10.789999961853027, "386": 10.819999694824219}, "volume": {"0": 400000.0, "1": 1350.0, "2": 129278.0, "3": 0.0, "4": 8202.0, "5": 121.0, "6": 0.0, "7": 15301.0, "8": 0.0, "9": 800.0, "10": 206174.0, "11": 299.0, "12": 4759.0, "13": 0.0, "14": 15823.0, "15": 2045.0, "16": 0.0, "17": 0.0, "18": 0.0, "19": 102892.0, "20": 92295.0, "21": 15092.0, "22": 25354.0, "23": 17863.0, "24": 11434.0, "25": 5128.0, "26": 66745.0, "27": 353552.0, "28": 194.0, "29": 108900.0, "30": 225650.0, "31": 161150.0, "32": 10414.0, "33": 23099.0, "34": 268757.0, "35": 179000.0, "36": 0.0, "37": 0.0, "38": 790.0, "39": 615.0, "40": 91691.0, "41": 1810.0, "42": 0.0, "43": 0.0, "44": 0.0, "45": 0.0, "46": 12203.0, "47": 0.0, "48": 103.0, "49": 10018.0, "50": 1400.0, "51": 1036.0, "52": 0.0, "53": 0.0, "54": 10143.0, "55": 32973.0, "56": 0.0, "57": 27023.0, "58": 0.0, "59": 0.0, "60": 0.0, "61": 0.0, "62": 1300.0, "63": 48320.0, "64": 3244.0, "65": 0.0, "66": 3218.0, "67": 0.0, "68": 0.0, "69": 117983.0, "70": 654.0, "71": 2732.0, "72": 0.0, "73": 0.0, "74": 2250.0, "75": 4132.0, "76": 246539.0, "77": 202.0, "78": 259642.0, "79": 600.0, "80": 0.0, "81": 50001.0, "82": 0.0, "83": 12821.0, "84": 1617.0, "85": 132417.0, "86": 101.0, "87": 6714.0, "88": 0.0, "89": 0.0, "90": 0.0, "91": 0.0, "92": 402963.0, "93": 420.0, "94": 1479750.0, "95": 200.0, "96": 7500.0, "97": 0.0, "98": 10518.0, "99": 100.0, "100": 0.0, "101": 51284.0, "102": 0.0, "103": 0.0, "104": 0.0, "105": 6420.0, "106": 0.0, "107": 0.0, "108": 0.0, "109": 0.0, "110": 0.0, "111": 0.0, "112": 0.0, "113": 0.0, "114": 0.0, "115": 0.0, "116": 0.0, "117": 92010.0, "118": 3595.0, "119": 100.0, "120": 0.0, "121": 1929.0, "122": 0.0, "123": 0.0, "124": 0.0, "125": 102.0, "126": 0.0, "127": 0.0, "128": 0.0, "129": 292228.0, "130": 0.0, "131": 1548.0, "132": 0.0, "133": 702.0, "134": 102.0, "135": 300.0, "136": 0.0, "137": 187334.0, "138": 15100.0, "139": 0.0, "140": 100.0, "141": 0.0, "142": 72022.0, "143": 100.0, "144": 0.0, "145": 100.0, "146": 0.0, "147": 0.0, "148": 3004.0, "149": 0.0, "150": 0.0, "151": 0.0, "152": 0.0, "153": 0.0, "154": 1000.0, "155": 0.0, "156": 258345.0, "157": 20142.0, "158": 23925.0, "159": 0.0, "160": 0.0, "161": 11665.0, "162": 9048.0, "163": 0.0, "164": 57987.0, "165": 216.0, "166": 531.0, "167": 304.0, "168": 35503.0, "169": 0.0, "170": 84691.0, "171": 20334.0, "172": 101.0, "173": 101.0, "174": 9710.0, "175": 3001.0, "176": 1000.0, "177": 0.0, "178": 0.0, "179": 0.0, "180": 100356.0, "181": 3244.0, "182": 0.0, "183": 15206.0, "184": 0.0, "185": 0.0, "186": 0.0, "187": 0.0, "188": 10001.0, "189": 0.0, "190": 59258.0, "191": 1137.0, "192": 51000.0, "193": 1300.0, "194": 0.0, "195": 0.0, "196": 1700.0, "197": 20100.0, "198": 0.0, "199": 37900.0, "200": 0.0, "201": 0.0, "202": 36354.0, "203": 100.0, "204": 0.0, "205": 20401.0, "206": 37378.0, "207": 51318.0, "208": 20223.0, "209": 20200.0, "210": 0.0, "211": 5100.0, "212": 100.0, "213": 0.0, "214": 200.0, "215": 22000.0, "216": 4000.0, "217": 13700.0, "218": 56099.0, "219": 8601.0, "220": 3816.0, "221": 0.0, "222": 269834.0, "223": 16641.0, "224": 3742.0, "225": 0.0, "226": 2300.0, "227": 0.0, "228": 10312.0, "229": 100.0, "230": 100.0, "231": 100.0, "232": 28409.0, "233": 1139176.0, "234": 132600.0, "235": 30685.0, "236": 0.0, "237": 313100.0, "238": 62661.0, "239": 1200.0, "240": 104926.0, "241": 115444.0, "242": 0.0, "243": 2009.0, "244": 5119.0, "245": 1312012.0, "246": 6253.0, "247": 83907.0, "248": 17000.0, "249": 333879.0, "250": 0.0, "251": 18776.0, "252": 1094.0, "253": 20502.0, "254": 4890.0, "255": 4380.0, "256": 3565.0, "257": 438.0, "258": 1096.0, "259": 7243.0, "260": 653.0, "261": 12480.0, "262": 1691.0, "263": 3117.0, "264": 0.0, "265": 3001.0, "266": 310.0, "267": 157.0, "268": 2232.0, "269": 102.0, "270": 100.0, "271": 1011.0, "272": 8765.0, "273": 0.0, "274": 0.0, "275": 5587.0, "276": 0.0, "277": 2740.0, "278": 7679.0, "279": 6898.0, "280": 0.0, "281": 0.0, "282": 412.0, "283": 30927.0, "284": 0.0, "285": 0.0, "286": 0.0, "287": 0.0, "288": 0.0, "289": 0.0, "290": 0.0, "291": 0.0, "292": 0.0, "293": 0.0, "294": 21800.0, "295": 0.0, "296": 0.0, "297": 0.0, "298": 0.0, "299": 0.0, "300": 0.0, "301": 0.0, "302": 700.0, "303": 0.0, "304": 0.0, "305": 0.0, "306": 0.0, "307": 0.0, "308": 0.0, "309": 2927.0, "310": 1490.0, "311": 0.0, "312": 0.0, "313": 0.0, "314": 0.0, "315": 0.0, "316": 0.0, "317": 401.0, "318": 0.0, "319": 0.0, "320": 0.0, "321": 0.0, "322": 0.0, "323": 0.0, "324": 0.0, "325": 0.0, "326": 0.0, "327": 0.0, "328": 0.0, "329": 0.0, "330": 0.0, "331": 0.0, "332": 0.0, "333": 0.0, "334": 0.0, "335": 0.0, "336": 0.0, "337": 0.0, "338": 503.0, "339": 0.0, "340": 105.0, "341": 0.0, "342": 2000.0, "343": 112.0, "344": 0.0, "345": 0.0, "346": 711.0, "347": 0.0, "348": 701.0, "349": 0.0, "350": 0.0, "351": 0.0, "352": 0.0, "353": 0.0, "354": 257.0, "355": 0.0, "356": 0.0, "357": 0.0, "358": 4151.0, "359": 973.0, "360": 456.0, "361": 0.0, "362": 16391.0, "363": 11536.0, "364": 10383.0, "365": 14630.0, "366": 709.0, "367": 63886.0, "368": 10215.0, "369": 0.0, "370": 0.0, "371": 556.0, "372": 629.0, "373": 36139.0, "374": 1143.0, "375": 329.0, "376": 648.0, "377": 237.0, "378": 697.0, "379": 0.0, "380": 282.0, "381": 0.0, "382": 0.0, "383": 0.0, "384": 0.0, "385": 314.0, "386": 600.0}, "adjclose": {"0": 9.899999618530273, "1": 9.968199729919434, "2": 9.90999984741211, "3": 9.90999984741211, "4": 9.899999618530273, "5": 9.95989990234375, "6": 9.95989990234375, "7": 9.899999618530273, "8": 9.899999618530273, "9": 9.920000076293945, "10": 9.890000343322754, "11": 9.899999618530273, "12": 9.907600402832031, "13": 9.907600402832031, "14": 9.925000190734863, "15": 9.920000076293945, "16": 9.920000076293945, "17": 9.920000076293945, "18": 9.920000076293945, "19": 9.90999984741211, "20": 9.90999984741211, "21": 9.90999984741211, "22": 9.90999984741211, "23": 9.920000076293945, "24": 9.90999984741211, "25": 9.920000076293945, "26": 9.920000076293945, "27": 9.90999984741211, "28": 9.90999984741211, "29": 9.920000076293945, "30": 9.904999732971191, "31": 9.899999618530273, "32": 9.90999984741211, "33": 9.90999984741211, "34": 9.9399995803833, "35": 9.930000305175781, "36": 9.930000305175781, "37": 9.930000305175781, "38": 9.920000076293945, "39": 9.930000305175781, "40": 9.930000305175781, "41": 9.9399995803833, "42": 9.9399995803833, "43": 9.9399995803833, "44": 9.9399995803833, "45": 9.9399995803833, "46": 9.949999809265137, "47": 9.949999809265137, "48": 9.899999618530273, "49": 9.930000305175781, "50": 9.949899673461914, "51": 9.940099716186523, "52": 9.940099716186523, "53": 9.940099716186523, "54": 9.960000038146973, "55": 9.9399995803833, "56": 9.9399995803833, "57": 9.970000267028809, "58": 9.970000267028809, "59": 9.970000267028809, "60": 9.970000267028809, "61": 9.970000267028809, "62": 9.960000038146973, "63": 9.949999809265137, "64": 9.960000038146973, "65": 9.960000038146973, "66": 9.960000038146973, "67": 9.960000038146973, "68": 9.960000038146973, "69": 9.970000267028809, "70": 9.989999771118164, "71": 9.970000267028809, "72": 9.970000267028809, "73": 9.970000267028809, "74": 9.970000267028809, "75": 9.979999542236328, "76": 9.979999542236328, "77": 10.020000457763672, "78": 10.0, "79": 9.989999771118164, "80": 9.989999771118164, "81": 10.0, "82": 10.0, "83": 10.0, "84": 9.989999771118164, "85": 10.0, "86": 9.989999771118164, "87": 10.029999732971191, "88": 10.029999732971191, "89": 10.029999732971191, "90": 10.029999732971191, "91": 10.029999732971191, "92": 10.020000457763672, "93": 10.024999618530273, "94": 10.024999618530273, "95": 10.020000457763672, "96": 10.010000228881836, "97": 10.010000228881836, "98": 10.010000228881836, "99": 10.010000228881836, "100": 10.010000228881836, "101": 10.029999732971191, "102": 10.029999732971191, "103": 10.029999732971191, "104": 10.029999732971191, "105": 10.010000228881836, "106": 10.010000228881836, "107": 10.010000228881836, "108": 10.010000228881836, "109": 10.010000228881836, "110": 10.010000228881836, "111": 10.010000228881836, "112": 10.010000228881836, "113": 10.010000228881836, "114": 10.010000228881836, "115": 10.010000228881836, "116": 10.010000228881836, "117": 10.020000457763672, "118": 9.989999771118164, "119": 9.989999771118164, "120": 9.989999771118164, "121": 10.039999961853027, "122": 10.039999961853027, "123": 10.039999961853027, "124": 10.039999961853027, "125": 10.0600004196167, "126": 10.0600004196167, "127": 10.0600004196167, "128": 10.0600004196167, "129": 10.0, "130": 10.0, "131": 9.989999771118164, "132": 9.989999771118164, "133": 10.029999732971191, "134": 10.029999732971191, "135": 10.029999732971191, "136": 10.029999732971191, "137": 10.020000457763672, "138": 10.005000114440918, "139": 10.005000114440918, "140": 10.0600004196167, "141": 10.0600004196167, "142": 10.010000228881836, "143": 10.010000228881836, "144": 10.010000228881836, "145": 10.010000228881836, "146": 10.010000228881836, "147": 10.010000228881836, "148": 10.050000190734863, "149": 10.050000190734863, "150": 10.050000190734863, "151": 10.050000190734863, "152": 10.050000190734863, "153": 10.050000190734863, "154": 10.050000190734863, "155": 10.050000190734863, "156": 10.079999923706055, "157": 10.079999923706055, "158": 10.050000190734863, "159": 10.050000190734863, "160": 10.050000190734863, "161": 10.0600004196167, "162": 10.050000190734863, "163": 10.050000190734863, "164": 10.0600004196167, "165": 10.069999694824219, "166": 10.0600004196167, "167": 10.100000381469727, "168": 10.069999694824219, "169": 10.069999694824219, "170": 10.0600004196167, "171": 10.069999694824219, "172": 10.050000190734863, "173": 10.050000190734863, "174": 10.079999923706055, "175": 10.0600004196167, "176": 10.069999694824219, "177": 10.069999694824219, "178": 10.069999694824219, "179": 10.069999694824219, "180": 10.069999694824219, "181": 10.069999694824219, "182": 10.069999694824219, "183": 10.069999694824219, "184": 10.069999694824219, "185": 10.069999694824219, "186": 10.069999694824219, "187": 10.069999694824219, "188": 10.050000190734863, "189": 10.050000190734863, "190": 10.069999694824219, "191": 10.050000190734863, "192": 10.050000190734863, "193": 10.050000190734863, "194": 10.050000190734863, "195": 10.050000190734863, "196": 10.050000190734863, "197": 10.0600004196167, "198": 10.0600004196167, "199": 10.0600004196167, "200": 10.0600004196167, "201": 10.0600004196167, "202": 10.0600004196167, "203": 10.119999885559082, "204": 10.119999885559082, "205": 10.0600004196167, "206": 10.0600004196167, "207": 10.0600004196167, "208": 10.079999923706055, "209": 10.079999923706055, "210": 10.079999923706055, "211": 10.100000381469727, "212": 10.100000381469727, "213": 10.100000381469727, "214": 10.15999984741211, "215": 10.09000015258789, "216": 10.09000015258789, "217": 10.09000015258789, "218": 10.09000015258789, "219": 10.100000381469727, "220": 10.100000381469727, "221": 10.100000381469727, "222": 10.100000381469727, "223": 10.104999542236328, "224": 10.130000114440918, "225": 10.130000114440918, "226": 10.119999885559082, "227": 10.119999885559082, "228": 10.130000114440918, "229": 10.130000114440918, "230": 10.119999885559082, "231": 10.130000114440918, "232": 10.119999885559082, "233": 10.180000305175781, "234": 10.170000076293945, "235": 10.180000305175781, "236": 10.180000305175781, "237": 10.1899995803833, "238": 10.199999809265137, "239": 10.220000267028809, "240": 10.21500015258789, "241": 10.229999542236328, "242": 10.229999542236328, "243": 10.25, "244": 10.229999542236328, "245": 10.239999771118164, "246": 10.25, "247": 10.239999771118164, "248": 10.25, "249": 10.25, "250": 10.25, "251": 10.239999771118164, "252": 10.119999885559082, "253": 10.40999984741211, "254": 10.119999885559082, "255": 10.579999923706055, "256": 10.399999618530273, "257": 10.380000114440918, "258": 10.399999618530273, "259": 10.37399959564209, "260": 10.380000114440918, "261": 10.475000381469727, "262": 10.449999809265137, "263": 10.380000114440918, "264": 10.380000114440918, "265": 10.5600004196167, "266": 10.819999694824219, "267": 10.5600004196167, "268": 10.5600004196167, "269": 10.5600004196167, "270": 10.449999809265137, "271": 10.319999694824219, "272": 10.3100004196167, "273": 10.3100004196167, "274": 10.3100004196167, "275": 10.430000305175781, "276": 10.430000305175781, "277": 10.390000343322754, "278": 10.40999984741211, "279": 10.40999984741211, "280": 10.40999984741211, "281": 10.40999984741211, "282": 10.40999984741211, "283": 10.600000381469727, "284": 10.600000381469727, "285": 10.600000381469727, "286": 10.600000381469727, "287": 10.600000381469727, "288": 10.600000381469727, "289": 10.600000381469727, "290": 10.600000381469727, "291": 10.600000381469727, "292": 10.600000381469727, "293": 10.600000381469727, "294": 10.568699836730957, "295": 10.568699836730957, "296": 10.568699836730957, "297": 10.568699836730957, "298": 10.568699836730957, "299": 10.568699836730957, "300": 10.568699836730957, "301": 10.568699836730957, "302": 10.65999984741211, "303": 10.65999984741211, "304": 10.65999984741211, "305": 10.65999984741211, "306": 10.65999984741211, "307": 10.65999984741211, "308": 10.65999984741211, "309": 10.600000381469727, "310": 10.647199630737305, "311": 10.647199630737305, "312": 10.647199630737305, "313": 10.647199630737305, "314": 10.647199630737305, "315": 10.647199630737305, "316": 10.647199630737305, "317": 10.699999809265137, "318": 10.699999809265137, "319": 10.699999809265137, "320": 10.699999809265137, "321": 10.699999809265137, "322": 10.699999809265137, "323": 10.699999809265137, "324": 10.699999809265137, "325": 10.699999809265137, "326": 10.699999809265137, "327": 10.699999809265137, "328": 10.699999809265137, "329": 10.699999809265137, "330": 10.699999809265137, "331": 10.699999809265137, "332": 10.699999809265137, "333": 10.699999809265137, "334": 10.699999809265137, "335": 10.699999809265137, "336": 10.699999809265137, "337": 10.699999809265137, "338": 10.479999542236328, "339": 10.479999542236328, "340": 10.699999809265137, "341": 10.699999809265137, "342": 10.539999961853027, "343": 10.899999618530273, "344": 10.899999618530273, "345": 10.899999618530273, "346": 10.890000343322754, "347": 10.890000343322754, "348": 10.880000114440918, "349": 10.880000114440918, "350": 10.880000114440918, "351": 10.880000114440918, "352": 10.880000114440918, "353": 10.880000114440918, "354": 10.880000114440918, "355": 10.880000114440918, "356": 10.880000114440918, "357": 10.880000114440918, "358": 10.680000305175781, "359": 10.729999542236328, "360": 10.760000228881836, "361": 10.760000228881836, "362": 10.760000228881836, "363": 10.760000228881836, "364": 10.760000228881836, "365": 10.78499984741211, "366": 10.65999984741211, "367": 10.664999961853027, "368": 10.699999809265137, "369": 10.699999809265137, "370": 10.699999809265137, "371": 10.829999923706055, "372": 10.819999694824219, "373": 10.729999542236328, "374": 10.779999732971191, "375": 10.789999961853027, "376": 10.789999961853027, "377": 10.779999732971191, "378": 10.779999732971191, "379": 10.779999732971191, "380": 10.699999809265137, "381": 10.699999809265137, "382": 10.699999809265137, "383": 10.699999809265137, "384": 10.699999809265137, "385": 10.789999961853027, "386": 10.819999694824219}}, "profile": {"address1": "442 5th Avenue", "city": "New York", "state": "NY", "zip": "10018", "country": "United States", "phone": "(970) 925-1572", "website": "https://www.athenaspac.com", "industry": "Shell Companies", "industryDisp": "Shell Companies", "sector": "Financial Services", "longBusinessSummary": "Athena Consumer Acquisition Corp. does not have significant operations. The company focuses on effecting a merger, capital stock exchange, asset acquisition, stock purchase, reorganization, or related business combination with one or more businesses. It intends to identify business opportunities in the field of technology-enabled consumer goods and/or service sectors. The company was incorporated in 2021 and is based in New York, New York.", "companyOfficers": [{"maxAge": 1, "name": "Ms. Hyo-Sung  Park", "age": 52, "title": "CEO & Director", "yearBorn": 1970, "exercisedValue": 0, "unexercisedValue": 0}, {"maxAge": 1, "name": "Ms. Jennifer  Carr-Smith", "age": 50, "title": "COO & Pres", "yearBorn": 1972, "exercisedValue": 0, "unexercisedValue": 0}, {"maxAge": 1, "name": "Ms. Angelina  Smith", "age": 47, "title": "Chief Financial Officer", "yearBorn": 1975, "exercisedValue": 0, "unexercisedValue": 0}], "maxAge": 86400, "latitude": 40.751795173041415, "longitude": -73.98234861622674}}