{"income_statement": {"annual": {"Year": {"1": "Selling, General & Admin", "2": "Operating Expenses", "3": "Operating Income", "4": "Other Expense / Income", "5": "Pretax Income", "6": "Income Tax", "7": "Net Income", "8": "Shares Outstanding (Basic)", "9": "Shares Outstanding (Diluted)", "10": "EPS (Basic)", "11": "EPS (Diluted)", "12": "Free Cash Flow Per Share", "13": "Effective Tax Rate", "14": "EBITDA", "15": "EBIT"}, "2022": {"1": "0.69", "2": "0.69", "3": "-0.69", "4": "-0.99", "5": "0.3", "6": "0.19", "7": "0.11", "8": "10", "9": "10", "10": "0.01", "11": "0.01", "12": "-0.05", "13": "62.21%", "14": "0.3", "15": "0.3"}}, "quarterly": {"Metrics": {"1": "Selling, General & Admin", "2": "Operating Expenses", "3": "Operating Income", "4": "Other Expense / Income", "5": "Pretax Income", "6": "Income Tax", "7": "Net Income", "8": "Shares Outstanding (Basic)", "9": "Shares Outstanding (Diluted)", "10": "Shares Change", "11": "EPS (Basic)", "12": "EPS (Diluted)", "13": "Free Cash Flow Per Share", "14": "Effective Tax Rate", "15": "EBITDA", "16": "EBIT"}, "2023-02-28": {"1": "0.15", "2": "0.15", "3": "-0.15", "4": "-0.89", "5": "0.74", "6": "0.18", "7": "0.56", "8": "11", "9": "11", "10": "158.80%", "11": "0.05", "12": "0.05", "13": "-0.03", "14": "23.80%", "15": "0.74", "16": "0.74"}, "2022-11-30": {"1": "0.35", "2": "0.35", "3": "-0.35", "4": "-0.63", "5": "0.29", "6": "0.19", "7": "0.1", "8": "11", "9": "11", "10": "499.95%", "11": "0.01", "12": "0.01", "13": "-0.03", "14": "65.40%", "15": "0.29", "16": "0.29"}, "2022-08-31": {"1": "0.17", "2": "0.17", "3": "-0.17", "4": "-0.29", "5": "0.12", "6": "0", "7": "0.12", "8": "11", "9": "11", "10": "-", "11": "-0.01", "12": "-0.01", "13": "-0.01", "14": "-", "15": "0.12", "16": "0.12"}, "2022-05-31": {"1": "0.13", "2": "0.13", "3": "-0.13", "4": "-0.07", "5": "-0.06", "6": "0", "7": "-0.06", "8": "11", "9": "11", "10": "-", "11": "-0.01", "12": "-0.01", "13": "-0.01", "14": "-", "15": "-0.06", "16": "-0.06"}, "2022-02-28": {"1": "0.05", "2": "0.05", "3": "-0.05", "4": "-0", "5": "-0.05", "6": "0", "7": "-0.05", "8": "4", "9": "4", "10": "-", "11": "-0.01", "12": "-0.01", "13": "0.00", "14": "-", "15": "-0.05", "16": "-0.05"}, "2021-11-30": {"1": "0.01", "2": "0.01", "3": "-0.01", "4": "-", "5": "-0.01", "6": "0", "7": "-0.01", "8": "2", "9": "2", "10": "-", "11": "-", "12": "-", "13": "-", "14": "-", "15": "-0.01", "16": "-0.01"}}}, "balance_sheet": {"annual": {"Year": {"1": "Cash & Equivalents", "2": "Cash & Cash Equivalents", "3": "Other Current Assets", "4": "Total Current Assets", "5": "Long-Term Investments", "6": "Total Long-Term Assets", "7": "Total Assets", "8": "Accounts Payable", "9": "Total Current Liabilities", "10": "Other Long-Term Liabilities", "11": "Total Long-Term Liabilities", "12": "Total Liabilities", "13": "Common Stock", "14": "Retained Earnings", "15": "Shareholders' Equity", "16": "Total Liabilities and Equity", "17": "Net Cash / Debt", "18": "Net Cash Per Share", "19": "Working Capital", "20": "Book Value Per Share"}, "2022": {"1": "1.17", "2": "1.17", "3": "0.02", "4": "1.19", "5": "88.1", "6": "88.1", "7": "89.3", "8": "0.38", "9": "0.38", "10": "3.02", "11": "3.02", "12": "3.4", "13": "0", "14": "-2.03", "15": "-2.03", "16": "1.36", "17": "1.17", "18": "0.12", "19": "0.82", "20": "-0.21"}}, "quarterly": {"Metrics": {"1": "Cash & Equivalents", "2": "Cash & Cash Equivalents", "3": "Cash Growth", "4": "Other Current Assets", "5": "Total Current Assets", "6": "Long-Term Investments", "7": "Total Long-Term Assets", "8": "Total Assets", "9": "Accounts Payable", "10": "Current Debt", "11": "Other Current Liabilities", "12": "Total Current Liabilities", "13": "Other Long-Term Liabilities", "14": "Total Long-Term Liabilities", "15": "Total Liabilities", "16": "Total Debt", "17": "Common Stock", "18": "Retained Earnings", "19": "Shareholders' Equity", "20": "Total Liabilities and Equity", "21": "Net Cash / Debt", "22": "Net Cash / Debt Growth", "23": "Net Cash Per Share", "24": "Working Capital", "25": "Book Value Per Share"}, "2023-02-28": {"1": "0.85", "2": "0.85", "3": "-50.24%", "4": "0.07", "5": "0.92", "6": "88.99", "7": "88.99", "8": "89.91", "9": "0.43", "10": "0", "11": "0", "12": "0.43", "13": "3.02", "14": "3.02", "15": "3.45", "16": "0", "17": "0", "18": "-2.13", "19": "-2.13", "20": "1.32", "21": "0.85", "22": "-50.24%", "23": "0.08", "24": "0.49", "25": "-0.19"}, "2022-11-30": {"1": "1.17", "2": "1.17", "3": "2245.16%", "4": "0.02", "5": "1.19", "6": "88.1", "7": "88.1", "8": "89.3", "9": "0.38", "10": "0", "11": "0", "12": "0.38", "13": "3.02", "14": "3.02", "15": "3.4", "16": "0", "17": "0", "18": "-2.03", "19": "-2.03", "20": "1.36", "21": "1.17", "22": "-", "23": "0.10", "24": "0.82", "25": "-0.18"}, "2022-08-31": {"1": "1.51", "2": "1.51", "3": "-", "4": "0.09", "5": "1.6", "6": "87.47", "7": "87.47", "8": "89.07", "9": "0.23", "10": "0", "11": "0.02", "12": "0.25", "13": "3.02", "14": "3.02", "15": "3.27", "16": "0", "17": "0", "18": "-1.47", "19": "-1.47", "20": "1.8", "21": "1.51", "22": "-", "23": "0.13", "24": "1.35", "25": "-0.13"}, "2022-05-31": {"1": "1.62", "2": "1.62", "3": "-", "4": "0.04", "5": "1.66", "6": "87.18", "7": "87.18", "8": "88.84", "9": "0.12", "10": "0", "11": "0.02", "12": "0.14", "13": "3.02", "14": "3.02", "15": "3.16", "16": "0", "17": "0", "18": "-1.43", "19": "-1.43", "20": "1.72", "21": "1.62", "22": "-", "23": "0.14", "24": "1.52", "25": "-0.13"}, "2022-02-28": {"1": "1.71", "2": "1.71", "3": "-", "4": "0.05", "5": "1.76", "6": "87.11", "7": "87.11", "8": "88.87", "9": "0.09", "10": "0", "11": "0.02", "12": "0.11", "13": "3.02", "14": "3.02", "15": "3.13", "16": "0", "17": "0", "18": "-1.37", "19": "-1.37", "20": "1.76", "21": "1.71", "22": "-", "23": "0.39", "24": "1.65", "25": "-0.32"}, "2021-11-30": {"1": "0.05", "2": "0.05", "3": "-", "4": "0.09", "5": "0.14", "6": "0", "7": "0", "8": "0.14", "9": "0", "10": "0.08", "11": "0.04", "12": "0.12", "13": "0", "14": "0", "15": "0.12", "16": "0.08", "17": "0.03", "18": "-0.01", "19": "0.02", "20": "0.14", "21": "-0.03", "22": "-", "23": "-0.01", "24": "0.02", "25": "0.01"}}}, "cash_flow_statement": {"annual": {"Year": {"1": "Net Income", "2": "Other Operating Activities", "3": "Operating Cash Flow", "4": "Change in Investments", "5": "Other Investing Activities", "6": "Investing Cash Flow", "7": "Share Issuance / Repurchase", "8": "Debt Issued / Paid", "9": "Other Financing Activities", "10": "Financing Cash Flow", "11": "Net Cash Flow", "12": "Free Cash Flow", "13": "Free Cash Flow Per Share"}, "2022": {"1": "0.11", "2": "-0.63", "3": "-0.51", "4": "-87.11", "5": "-0.01", "6": "-87.13", "7": "89.26", "8": "-0.21", "9": "-0.29", "10": "88.76", "11": "1.12", "12": "-0.51", "13": "-0.05"}}, "quarterly": {"Metrics": {"1": "Net Income", "2": "Other Operating Activities", "3": "Operating Cash Flow", "4": "Change in Investments", "5": "Other Investing Activities", "6": "Investing Cash Flow", "7": "Share Issuance / Repurchase", "8": "Debt Issued / Paid", "9": "Other Financing Activities", "10": "Financing Cash Flow", "11": "Net Cash Flow", "12": "Free Cash Flow", "13": "Free Cash Flow Per Share"}, "2023-02-28": {"1": "0.56", "2": "-0.9", "3": "-0.34", "4": "0", "5": "-", "6": "0", "7": "0", "8": "0.01", "9": "-", "10": "0.01", "11": "-0.32", "12": "-0.34", "13": "-0.03"}, "2022-11-30": {"1": "0.1", "2": "-0.43", "3": "-0.33", "4": "0", "5": "-0.01", "6": "-0.01", "7": "0", "8": "0", "9": "-", "10": "0", "11": "-0.33", "12": "-0.33", "13": "-0.03"}, "2022-08-31": {"1": "0.12", "2": "-0.23", "3": "-0.11", "4": "0", "5": "-0.01", "6": "-0.01", "7": "0", "8": "0", "9": "-", "10": "0", "11": "-0.11", "12": "-0.11", "13": "-0.01"}, "2022-05-31": {"1": "-0.06", "2": "-0.03", "3": "-0.09", "4": "0", "5": "-", "6": "0", "7": "0", "8": "0", "9": "-", "10": "0", "11": "-0.09", "12": "-0.09", "13": "-0.01"}, "2022-02-28": {"1": "-0.05", "2": "0.05", "3": "0.01", "4": "-87.11", "5": "-", "6": "-87.11", "7": "89.26", "8": "-0.21", "9": "-0.29", "10": "88.76", "11": "1.66", "12": "0.01", "13": "0.00"}}}, "ratios": {"annual": {"Year": {"1": "Market Capitalization", "2": "Enterprise Value", "3": "PE Ratio", "4": "PB Ratio", "5": "P/FCF Ratio", "6": "P/OCF Ratio", "7": "EV/EBITDA Ratio", "8": "EV/EBIT Ratio", "9": "EV/FCF Ratio", "10": "Current Ratio", "11": "Return on Equity (ROE)", "12": "Return on Assets (ROA)", "13": "Return on Capital (ROIC)", "14": "Earnings Yield", "15": "FCF Yield", "16": "Buyback Yield / Dilution", "17": "Total Shareholder Return"}, "Current": {"1": "116", "2": "116", "3": "259.00", "4": "-54.15", "5": "-134.38", "6": "-134.38", "7": "106.87", "8": "106.87", "9": "-133.39", "10": "2.14", "11": "-40.80%", "12": "0.80%", "13": "1.20%", "14": "0.62%", "15": "-0.74%", "16": "-158.80%", "17": "-158.80%"}, "2022": {"1": "112", "2": "111", "3": "985.32", "4": "-55.05", "5": "-217.62", "6": "-217.62", "7": "368.44", "8": "368.44", "9": "-215.34", "10": "3.17", "11": "-7.20%", "12": "0.10%", "13": "0.30%", "14": "0.10%", "15": "-0.46%", "16": "-", "17": "-"}}, "quarterly": {"Metrics": {"1": "Market Capitalization", "2": "Market Cap Growth", "3": "Enterprise Value", "4": "PE Ratio", "5": "PB Ratio", "6": "Debt / Equity Ratio", "7": "Current Ratio", "8": "Buyback Yield / Dilution", "9": "Total Shareholder Return"}, "Current": {"1": "116", "2": "-", "3": "116", "4": "259.00", "5": "-54.15", "6": "-", "7": "2.14", "8": "-158.80%", "9": "-158.80%"}, "2023-02-28": {"1": "115", "2": "17.66%", "3": "115", "4": "160.24", "5": "-54.15", "6": "-", "7": "2.14", "8": "-158.80%", "9": "-158.80%"}, "2022-11-30": {"1": "112", "2": "-", "3": "111", "4": "985.32", "5": "-55.05", "6": "-", "7": "3.17", "8": "-499.95%", "9": "-499.95%"}, "2022-08-31": {"1": "112", "2": "-", "3": "110", "4": "11558.24", "5": "-76.07", "6": "-", "7": "6.46", "8": "-", "9": "-"}, "2022-05-31": {"1": "111", "2": "-", "3": "110", "4": "-", "5": "-77.68", "6": "-", "7": "12.15", "8": "-", "9": "-"}, "2022-02-28": {"1": "98", "2": "-", "3": "96", "4": "-", "5": "-71.59", "6": "-", "7": "16.01", "8": "-", "9": "-"}, "2021-11-30": {"1": "-", "2": "-", "3": "0", "4": "-", "5": "-", "6": "3.75", "7": "1.17", "8": "-", "9": "-"}}}, "stock_price": {"symbol": {"0": "ACAX", "1": "ACAX", "2": "ACAX", "3": "ACAX", "4": "ACAX", "5": "ACAX", "6": "ACAX", "7": "ACAX", "8": "ACAX", "9": "ACAX", "10": "ACAX", "11": "ACAX", "12": "ACAX", "13": "ACAX", "14": "ACAX", "15": "ACAX", "16": "ACAX", "17": "ACAX", "18": "ACAX", "19": "ACAX", "20": "ACAX", "21": "ACAX", "22": "ACAX", "23": "ACAX", "24": "ACAX", "25": "ACAX", "26": "ACAX", "27": "ACAX", "28": "ACAX", "29": "ACAX", "30": "ACAX", "31": "ACAX", "32": "ACAX", "33": "ACAX", "34": "ACAX", "35": "ACAX", "36": "ACAX", "37": "ACAX", "38": "ACAX", "39": "ACAX", "40": "ACAX", "41": "ACAX", "42": "ACAX", "43": "ACAX", "44": "ACAX", "45": "ACAX", "46": "ACAX", "47": "ACAX", "48": "ACAX", "49": "ACAX", "50": "ACAX", "51": "ACAX", "52": "ACAX", "53": "ACAX", "54": "ACAX", "55": "ACAX", "56": "ACAX", "57": "ACAX", "58": "ACAX", "59": "ACAX", "60": "ACAX", "61": "ACAX", "62": "ACAX", "63": "ACAX", "64": "ACAX", "65": "ACAX", "66": "ACAX", "67": "ACAX", "68": "ACAX", "69": "ACAX", "70": "ACAX", "71": "ACAX", "72": "ACAX", "73": "ACAX", "74": "ACAX", "75": "ACAX", "76": "ACAX", "77": "ACAX", "78": "ACAX", "79": "ACAX", "80": "ACAX", "81": "ACAX", "82": "ACAX", "83": "ACAX", "84": "ACAX", "85": "ACAX", "86": "ACAX", "87": "ACAX", "88": "ACAX", "89": "ACAX", "90": "ACAX", "91": "ACAX", "92": "ACAX", "93": "ACAX", "94": "ACAX", "95": "ACAX", "96": "ACAX", "97": "ACAX", "98": "ACAX", "99": "ACAX", "100": "ACAX", "101": "ACAX", "102": "ACAX", "103": "ACAX", "104": "ACAX", "105": "ACAX", "106": "ACAX", "107": "ACAX", "108": "ACAX", "109": "ACAX", "110": "ACAX", "111": "ACAX", "112": "ACAX", "113": "ACAX", "114": "ACAX", "115": "ACAX", "116": "ACAX", "117": "ACAX", "118": "ACAX", "119": "ACAX", "120": "ACAX", "121": "ACAX", "122": "ACAX", "123": "ACAX", "124": "ACAX", "125": "ACAX", "126": "ACAX", "127": "ACAX", "128": "ACAX", "129": "ACAX", "130": "ACAX", "131": "ACAX", "132": "ACAX", "133": "ACAX", "134": "ACAX", "135": "ACAX", "136": "ACAX", "137": "ACAX", "138": "ACAX", "139": "ACAX", "140": "ACAX", "141": "ACAX", "142": "ACAX", "143": "ACAX", "144": "ACAX", "145": "ACAX", "146": "ACAX", "147": "ACAX", "148": "ACAX", "149": "ACAX", "150": "ACAX", "151": "ACAX", "152": "ACAX", "153": "ACAX", "154": "ACAX", "155": "ACAX", "156": "ACAX", "157": "ACAX", "158": "ACAX", "159": "ACAX", "160": "ACAX", "161": "ACAX", "162": "ACAX", "163": "ACAX", "164": "ACAX", "165": "ACAX", "166": "ACAX", "167": "ACAX", "168": "ACAX", "169": "ACAX", "170": "ACAX", "171": "ACAX", "172": "ACAX", "173": "ACAX", "174": "ACAX", "175": "ACAX", "176": "ACAX", "177": "ACAX", "178": "ACAX", "179": "ACAX", "180": "ACAX", "181": "ACAX", "182": "ACAX", "183": "ACAX", "184": "ACAX", "185": "ACAX", "186": "ACAX", "187": "ACAX", "188": "ACAX", "189": "ACAX", "190": "ACAX", "191": "ACAX", "192": "ACAX", "193": "ACAX", "194": "ACAX", "195": "ACAX", "196": "ACAX", "197": "ACAX", "198": "ACAX", "199": "ACAX", "200": "ACAX", "201": "ACAX", "202": "ACAX", "203": "ACAX", "204": "ACAX", "205": "ACAX", "206": "ACAX", "207": "ACAX", "208": "ACAX", "209": "ACAX", "210": "ACAX", "211": "ACAX", "212": "ACAX", "213": "ACAX", "214": "ACAX", "215": "ACAX", "216": "ACAX", "217": "ACAX", "218": "ACAX", "219": "ACAX", "220": "ACAX", "221": "ACAX", "222": "ACAX", "223": "ACAX", "224": "ACAX", "225": "ACAX", "226": "ACAX", "227": "ACAX", "228": "ACAX", "229": "ACAX", "230": "ACAX", "231": "ACAX", "232": "ACAX", "233": "ACAX", "234": "ACAX", "235": "ACAX", "236": "ACAX", "237": "ACAX", "238": "ACAX", "239": "ACAX", "240": "ACAX", "241": "ACAX", "242": "ACAX", "243": "ACAX", "244": "ACAX", "245": "ACAX", "246": "ACAX", "247": "ACAX", "248": "ACAX", "249": "ACAX", "250": "ACAX", "251": "ACAX", "252": "ACAX", "253": "ACAX", "254": "ACAX", "255": "ACAX", "256": "ACAX", "257": "ACAX", "258": "ACAX", "259": "ACAX", "260": "ACAX", "261": "ACAX", "262": "ACAX", "263": "ACAX", "264": "ACAX", "265": "ACAX", "266": "ACAX", "267": "ACAX", "268": "ACAX", "269": "ACAX", "270": "ACAX", "271": "ACAX", "272": "ACAX", "273": "ACAX", "274": "ACAX", "275": "ACAX", "276": "ACAX", "277": "ACAX", "278": "ACAX", "279": "ACAX", "280": "ACAX", "281": "ACAX", "282": "ACAX", "283": "ACAX", "284": "ACAX", "285": "ACAX", "286": "ACAX", "287": "ACAX", "288": "ACAX", "289": "ACAX", "290": "ACAX", "291": "ACAX", "292": "ACAX", "293": "ACAX", "294": "ACAX", "295": "ACAX", "296": "ACAX", "297": "ACAX", "298": "ACAX", "299": "ACAX", "300": "ACAX", "301": "ACAX", "302": "ACAX", "303": "ACAX", "304": "ACAX", "305": "ACAX", "306": "ACAX", "307": "ACAX", "308": "ACAX", "309": "ACAX", "310": "ACAX", "311": "ACAX", "312": "ACAX", "313": "ACAX", "314": "ACAX", "315": "ACAX", "316": "ACAX"}, "date": {"0": "2022-03-24", "1": "2022-03-25", "2": "2022-03-28", "3": "2022-03-29", "4": "2022-03-30", "5": "2022-03-31", "6": "2022-04-01", "7": "2022-04-04", "8": "2022-04-05", "9": "2022-04-06", "10": "2022-04-07", "11": "2022-04-08", "12": "2022-04-11", "13": "2022-04-12", "14": "2022-04-13", "15": "2022-04-14", "16": "2022-04-18", "17": "2022-04-19", "18": "2022-04-20", "19": "2022-04-21", "20": "2022-04-22", "21": "2022-04-25", "22": "2022-04-26", "23": "2022-04-27", "24": "2022-04-28", "25": "2022-04-29", "26": "2022-05-02", "27": "2022-05-03", "28": "2022-05-04", "29": "2022-05-05", "30": "2022-05-06", "31": "2022-05-09", "32": "2022-05-10", "33": "2022-05-11", "34": "2022-05-12", "35": "2022-05-13", "36": "2022-05-16", "37": "2022-05-17", "38": "2022-05-18", "39": "2022-05-19", "40": "2022-05-20", "41": "2022-05-23", "42": "2022-05-24", "43": "2022-05-25", "44": "2022-05-26", "45": "2022-05-27", "46": "2022-05-31", "47": "2022-06-01", "48": "2022-06-02", "49": "2022-06-03", "50": "2022-06-06", "51": "2022-06-07", "52": "2022-06-08", "53": "2022-06-09", "54": "2022-06-10", "55": "2022-06-13", "56": "2022-06-14", "57": "2022-06-15", "58": "2022-06-16", "59": "2022-06-17", "60": "2022-06-21", "61": "2022-06-22", "62": "2022-06-23", "63": "2022-06-24", "64": "2022-06-27", "65": "2022-06-28", "66": "2022-06-29", "67": "2022-06-30", "68": "2022-07-01", "69": "2022-07-05", "70": "2022-07-06", "71": "2022-07-07", "72": "2022-07-08", "73": "2022-07-11", "74": "2022-07-12", "75": "2022-07-13", "76": "2022-07-14", "77": "2022-07-15", "78": "2022-07-18", "79": "2022-07-19", "80": "2022-07-20", "81": "2022-07-21", "82": "2022-07-22", "83": "2022-07-25", "84": "2022-07-26", "85": "2022-07-27", "86": "2022-07-28", "87": "2022-07-29", "88": "2022-08-01", "89": "2022-08-02", "90": "2022-08-03", "91": "2022-08-04", "92": "2022-08-05", "93": "2022-08-08", "94": "2022-08-09", "95": "2022-08-10", "96": "2022-08-11", "97": "2022-08-12", "98": "2022-08-15", "99": "2022-08-16", "100": "2022-08-17", "101": "2022-08-18", "102": "2022-08-19", "103": "2022-08-22", "104": "2022-08-23", "105": "2022-08-24", "106": "2022-08-25", "107": "2022-08-26", "108": "2022-08-29", "109": "2022-08-30", "110": "2022-08-31", "111": "2022-09-01", "112": "2022-09-02", "113": "2022-09-06", "114": "2022-09-07", "115": "2022-09-08", "116": "2022-09-09", "117": "2022-09-12", "118": "2022-09-13", "119": "2022-09-14", "120": "2022-09-15", "121": "2022-09-16", "122": "2022-09-19", "123": "2022-09-20", "124": "2022-09-21", "125": "2022-09-22", "126": "2022-09-23", "127": "2022-09-26", "128": "2022-09-27", "129": "2022-09-28", "130": "2022-09-29", "131": "2022-09-30", "132": "2022-10-03", "133": "2022-10-04", "134": "2022-10-05", "135": "2022-10-06", "136": "2022-10-07", "137": "2022-10-10", "138": "2022-10-11", "139": "2022-10-12", "140": "2022-10-13", "141": "2022-10-14", "142": "2022-10-17", "143": "2022-10-18", "144": "2022-10-19", "145": "2022-10-20", "146": "2022-10-21", "147": "2022-10-24", "148": "2022-10-25", "149": "2022-10-26", "150": "2022-10-27", "151": "2022-10-28", "152": "2022-10-31", "153": "2022-11-01", "154": "2022-11-02", "155": "2022-11-03", "156": "2022-11-04", "157": "2022-11-07", "158": "2022-11-08", "159": "2022-11-09", "160": "2022-11-10", "161": "2022-11-11", "162": "2022-11-14", "163": "2022-11-15", "164": "2022-11-16", "165": "2022-11-17", "166": "2022-11-18", "167": "2022-11-21", "168": "2022-11-22", "169": "2022-11-23", "170": "2022-11-25", "171": "2022-11-28", "172": "2022-11-29", "173": "2022-11-30", "174": "2022-12-01", "175": "2022-12-02", "176": "2022-12-05", "177": "2022-12-06", "178": "2022-12-07", "179": "2022-12-08", "180": "2022-12-09", "181": "2022-12-12", "182": "2022-12-13", "183": "2022-12-14", "184": "2022-12-15", "185": "2022-12-16", "186": "2022-12-19", "187": "2022-12-20", "188": "2022-12-21", "189": "2022-12-22", "190": "2022-12-23", "191": "2022-12-27", "192": "2022-12-28", "193": "2022-12-29", "194": "2022-12-30", "195": "2023-01-03", "196": "2023-01-04", "197": "2023-01-05", "198": "2023-01-06", "199": "2023-01-09", "200": "2023-01-10", "201": "2023-01-11", "202": "2023-01-12", "203": "2023-01-13", "204": "2023-01-17", "205": "2023-01-18", "206": "2023-01-19", "207": "2023-01-20", "208": "2023-01-23", "209": "2023-01-24", "210": "2023-01-25", "211": "2023-01-26", "212": "2023-01-27", "213": "2023-01-30", "214": "2023-01-31", "215": "2023-02-01", "216": "2023-02-02", "217": "2023-02-03", "218": "2023-02-06", "219": "2023-02-07", "220": "2023-02-08", "221": "2023-02-09", "222": "2023-02-10", "223": "2023-02-13", "224": "2023-02-14", "225": "2023-02-15", "226": "2023-02-16", "227": "2023-02-17", "228": "2023-02-21", "229": "2023-02-22", "230": "2023-02-23", "231": "2023-02-24", "232": "2023-02-27", "233": "2023-02-28", "234": "2023-03-01", "235": "2023-03-02", "236": "2023-03-03", "237": "2023-03-06", "238": "2023-03-07", "239": "2023-03-08", "240": "2023-03-09", "241": "2023-03-10", "242": "2023-03-13", "243": "2023-03-14", "244": "2023-03-15", "245": "2023-03-16", "246": "2023-03-17", "247": "2023-03-20", "248": "2023-03-21", "249": "2023-03-22", "250": "2023-03-23", "251": "2023-03-24", "252": "2023-03-27", "253": "2023-03-28", "254": "2023-03-29", "255": "2023-03-30", "256": "2023-03-31", "257": "2023-04-03", "258": "2023-04-04", "259": "2023-04-05", "260": "2023-04-06", "261": "2023-04-10", "262": "2023-04-11", "263": "2023-04-12", "264": "2023-04-13", "265": "2023-04-14", "266": "2023-04-17", "267": "2023-04-18", "268": "2023-04-19", "269": "2023-04-20", "270": "2023-04-21", "271": "2023-04-24", "272": "2023-04-25", "273": "2023-04-26", "274": "2023-04-27", "275": "2023-04-28", "276": "2023-05-01", "277": "2023-05-02", "278": "2023-05-03", "279": "2023-05-04", "280": "2023-05-05", "281": "2023-05-08", "282": "2023-05-09", "283": "2023-05-10", "284": "2023-05-11", "285": "2023-05-12", "286": "2023-05-15", "287": "2023-05-16", "288": "2023-05-17", "289": "2023-05-18", "290": "2023-05-19", "291": "2023-05-22", "292": "2023-05-23", "293": "2023-05-24", "294": "2023-05-25", "295": "2023-05-26", "296": "2023-05-30", "297": "2023-05-31", "298": "2023-06-01", "299": "2023-06-02", "300": "2023-06-05", "301": "2023-06-06", "302": "2023-06-07", "303": "2023-06-08", "304": "2023-06-09", "305": "2023-06-12", "306": "2023-06-13", "307": "2023-06-14", "308": "2023-06-15", "309": "2023-06-16", "310": "2023-06-20", "311": "2023-06-21", "312": "2023-06-22", "313": "2023-06-23", "314": "2023-06-26", "315": "2023-06-27", "316": "2023-06-28"}, "open": {"0": 9.850000381469727, "1": 9.800000190734863, "2": 9.800000190734863, "3": 9.829999923706055, "4": 9.920000076293945, "5": 9.862000465393066, "6": 9.862000465393066, "7": 9.880000114440918, "8": 9.880000114440918, "9": 9.869999885559082, "10": 9.869999885559082, "11": 9.892999649047852, "12": 9.892999649047852, "13": 9.892999649047852, "14": 9.880000114440918, "15": 9.90999984741211, "16": 9.90999984741211, "17": 9.90999984741211, "18": 9.90999984741211, "19": 9.90999984741211, "20": 9.90999984741211, "21": 9.90999984741211, "22": 9.90999984741211, "23": 9.90999984741211, "24": 9.899999618530273, "25": 9.930000305175781, "26": 9.930000305175781, "27": 9.930000305175781, "28": 9.930000305175781, "29": 9.930000305175781, "30": 9.930000305175781, "31": 9.899999618530273, "32": 9.829999923706055, "33": 9.829999923706055, "34": 9.829999923706055, "35": 9.869999885559082, "36": 9.859999656677246, "37": 9.859999656677246, "38": 9.859999656677246, "39": 9.859999656677246, "40": 9.859999656677246, "41": 9.890000343322754, "42": 9.850000381469727, "43": 9.850000381469727, "44": 9.850000381469727, "45": 9.880000114440918, "46": 9.880000114440918, "47": 9.880000114440918, "48": 9.880000114440918, "49": 9.880000114440918, "50": 10.399999618530273, "51": 9.899999618530273, "52": 9.899999618530273, "53": 9.899999618530273, "54": 9.899999618530273, "55": 9.890000343322754, "56": 9.859999656677246, "57": 9.880000114440918, "58": 9.84000015258789, "59": 9.859999656677246, "60": 9.859999656677246, "61": 9.859999656677246, "62": 9.859999656677246, "63": 9.859999656677246, "64": 9.880000114440918, "65": 9.880000114440918, "66": 9.880000114440918, "67": 9.880000114440918, "68": 9.880000114440918, "69": 9.890000343322754, "70": 9.890000343322754, "71": 9.890000343322754, "72": 9.890000343322754, "73": 9.890000343322754, "74": 9.890000343322754, "75": 9.84000015258789, "76": 9.829999923706055, "77": 9.899999618530273, "78": 9.864999771118164, "79": 9.899999618530273, "80": 9.899999618530273, "81": 9.899999618530273, "82": 9.90999984741211, "83": 9.90999984741211, "84": 9.920000076293945, "85": 9.904999732971191, "86": 9.899999618530273, "87": 9.899999618530273, "88": 9.90999984741211, "89": 9.90999984741211, "90": 9.90999984741211, "91": 9.90999984741211, "92": 9.90999984741211, "93": 9.90999984741211, "94": 9.899999618530273, "95": 9.989999771118164, "96": 9.989999771118164, "97": 9.989999771118164, "98": 9.90999984741211, "99": 9.90999984741211, "100": 9.90999984741211, "101": 9.90999984741211, "102": 9.90999984741211, "103": 9.930000305175781, "104": 9.930000305175781, "105": 9.930000305175781, "106": 9.920000076293945, "107": 9.90999984741211, "108": 9.899999618530273, "109": 9.90999984741211, "110": 9.90999984741211, "111": 9.90999984741211, "112": 9.9399995803833, "113": 9.9399995803833, "114": 9.9399995803833, "115": 9.930000305175781, "116": 9.930000305175781, "117": 9.9399995803833, "118": 9.880000114440918, "119": 9.880000114440918, "120": 9.869999885559082, "121": 9.880000114440918, "122": 9.880000114440918, "123": 9.880000114440918, "124": 9.880000114440918, "125": 9.880000114440918, "126": 9.880000114440918, "127": 9.880000114440918, "128": 9.880000114440918, "129": 9.880000114440918, "130": 9.880000114440918, "131": 9.880000114440918, "132": 9.880000114440918, "133": 9.880000114440918, "134": 9.880000114440918, "135": 9.890000343322754, "136": 9.890000343322754, "137": 9.890000343322754, "138": 9.890000343322754, "139": 9.890000343322754, "140": 9.890000343322754, "141": 9.890000343322754, "142": 9.899999618530273, "143": 9.899999618530273, "144": 9.899999618530273, "145": 9.899999618530273, "146": 9.899999618530273, "147": 9.90999984741211, "148": 9.90999984741211, "149": 9.90999984741211, "150": 9.90999984741211, "151": 9.90999984741211, "152": 9.90999984741211, "153": 9.90999984741211, "154": 9.899999618530273, "155": 9.90999984741211, "156": 9.90999984741211, "157": 9.890000343322754, "158": 9.890000343322754, "159": 9.890000343322754, "160": 9.90999984741211, "161": 9.899999618530273, "162": 9.899999618530273, "163": 9.899999618530273, "164": 9.90999984741211, "165": 9.920000076293945, "166": 9.9399995803833, "167": 9.949999809265137, "168": 9.949999809265137, "169": 9.949999809265137, "170": 9.949999809265137, "171": 9.930000305175781, "172": 9.899999618530273, "173": 10.399999618530273, "174": 9.920000076293945, "175": 9.920000076293945, "176": 9.920000076293945, "177": 9.920000076293945, "178": 9.920000076293945, "179": 9.930000305175781, "180": 9.930000305175781, "181": 9.930000305175781, "182": 9.960000038146973, "183": 9.960000038146973, "184": 9.960000038146973, "185": 9.979999542236328, "186": 9.970000267028809, "187": 9.970000267028809, "188": 10.010000228881836, "189": 10.020000457763672, "190": 10.020000457763672, "191": 10.020000457763672, "192": 10.050000190734863, "193": 10.050000190734863, "194": 10.050000190734863, "195": 10.020000457763672, "196": 10.069999694824219, "197": 10.039999961853027, "198": 10.029999732971191, "199": 10.109999656677246, "200": 10.100000381469727, "201": 10.119999885559082, "202": 10.149999618530273, "203": 10.140000343322754, "204": 10.170000076293945, "205": 10.15999984741211, "206": 10.109999656677246, "207": 10.109999656677246, "208": 10.130000114440918, "209": 10.149999618530273, "210": 10.149999618530273, "211": 10.130000114440918, "212": 10.140000343322754, "213": 10.130000114440918, "214": 10.140000343322754, "215": 10.149999618530273, "216": 10.149999618530273, "217": 10.149999618530273, "218": 10.149999618530273, "219": 10.180000305175781, "220": 10.173999786376953, "221": 10.173999786376953, "222": 10.149999618530273, "223": 10.180000305175781, "224": 10.180000305175781, "225": 10.180000305175781, "226": 10.180000305175781, "227": 10.1899995803833, "228": 10.1899995803833, "229": 10.1899995803833, "230": 10.199999809265137, "231": 10.220000267028809, "232": 10.220000267028809, "233": 10.234999656677246, "234": 10.25, "235": 10.25, "236": 10.25, "237": 10.270000457763672, "238": 10.270000457763672, "239": 10.289999961853027, "240": 10.289999961853027, "241": 10.289999961853027, "242": 10.289999961853027, "243": 10.289999961853027, "244": 10.289999961853027, "245": 10.289999961853027, "246": 10.289999961853027, "247": 10.289999961853027, "248": 10.289999961853027, "249": 10.289999961853027, "250": 10.289999961853027, "251": 10.289999961853027, "252": 10.289999961853027, "253": 10.279999732971191, "254": 10.279999732971191, "255": 10.279999732971191, "256": 10.279999732971191, "257": 10.279999732971191, "258": 10.279999732971191, "259": 10.3100004196167, "260": 10.300000190734863, "261": 10.300000190734863, "262": 10.300000190734863, "263": 10.300000190734863, "264": 10.300000190734863, "265": 10.300000190734863, "266": 10.300000190734863, "267": 10.3100004196167, "268": 10.3100004196167, "269": 10.3100004196167, "270": 10.300000190734863, "271": 10.319999694824219, "272": 10.3100004196167, "273": 10.329999923706055, "274": 10.319999694824219, "275": 10.319999694824219, "276": 10.319999694824219, "277": 10.319999694824219, "278": 10.319999694824219, "279": 10.34000015258789, "280": 10.329999923706055, "281": 10.329999923706055, "282": 10.329999923706055, "283": 10.329999923706055, "284": 10.329999923706055, "285": 10.34000015258789, "286": 10.34000015258789, "287": 10.399999618530273, "288": 10.359999656677246, "289": 10.359999656677246, "290": 10.359999656677246, "291": 10.359999656677246, "292": 10.359999656677246, "293": 10.359999656677246, "294": 10.359999656677246, "295": 10.359999656677246, "296": 10.359999656677246, "297": 10.399999618530273, "298": 10.399999618530273, "299": 10.399999618530273, "300": 10.399999618530273, "301": 10.399999618530273, "302": 10.399999618530273, "303": 10.359999656677246, "304": 10.359999656677246, "305": 10.359999656677246, "306": 10.359999656677246, "307": 10.399999618530273, "308": 10.399999618530273, "309": 10.399999618530273, "310": 10.899999618530273, "311": 10.899999618530273, "312": 10.899999618530273, "313": 10.899999618530273, "314": 10.899999618530273, "315": 10.899999618530273, "316": 10.899999618530273}, "high": {"0": 9.850000381469727, "1": 9.8100004196167, "2": 9.829999923706055, "3": 9.829999923706055, "4": 9.920000076293945, "5": 9.862000465393066, "6": 9.862000465393066, "7": 9.894000053405762, "8": 9.90999984741211, "9": 9.869999885559082, "10": 9.869999885559082, "11": 9.892999649047852, "12": 9.892999649047852, "13": 9.892999649047852, "14": 9.90999984741211, "15": 9.90999984741211, "16": 9.90999984741211, "17": 9.90999984741211, "18": 9.90999984741211, "19": 9.90999984741211, "20": 9.90999984741211, "21": 9.90999984741211, "22": 9.90999984741211, "23": 9.90999984741211, "24": 9.930000305175781, "25": 9.930000305175781, "26": 9.930000305175781, "27": 9.930000305175781, "28": 9.930000305175781, "29": 9.930000305175781, "30": 9.930000305175781, "31": 9.920000076293945, "32": 9.829999923706055, "33": 9.829999923706055, "34": 9.829999923706055, "35": 9.869999885559082, "36": 9.859999656677246, "37": 9.859999656677246, "38": 9.859999656677246, "39": 9.859999656677246, "40": 9.859999656677246, "41": 9.890000343322754, "42": 9.854999542236328, "43": 9.850000381469727, "44": 9.880000114440918, "45": 9.880000114440918, "46": 9.880000114440918, "47": 9.880000114440918, "48": 9.880000114440918, "49": 9.880000114440918, "50": 10.399999618530273, "51": 9.899999618530273, "52": 9.899999618530273, "53": 9.899999618530273, "54": 9.899999618530273, "55": 9.890000343322754, "56": 9.859999656677246, "57": 9.880000114440918, "58": 9.84000015258789, "59": 9.859999656677246, "60": 9.859999656677246, "61": 9.859999656677246, "62": 9.859999656677246, "63": 9.859999656677246, "64": 9.880000114440918, "65": 9.880000114440918, "66": 9.880000114440918, "67": 9.880000114440918, "68": 9.880000114440918, "69": 9.890000343322754, "70": 9.890000343322754, "71": 9.890000343322754, "72": 9.890000343322754, "73": 9.890000343322754, "74": 9.890000343322754, "75": 9.84000015258789, "76": 9.890000343322754, "77": 9.920000076293945, "78": 9.864999771118164, "79": 9.899999618530273, "80": 9.90999984741211, "81": 9.899999618530273, "82": 9.90999984741211, "83": 9.930000305175781, "84": 9.930000305175781, "85": 9.904999732971191, "86": 9.899999618530273, "87": 9.899999618530273, "88": 9.90999984741211, "89": 9.90999984741211, "90": 9.90999984741211, "91": 9.90999984741211, "92": 9.90999984741211, "93": 9.90999984741211, "94": 9.899999618530273, "95": 9.989999771118164, "96": 9.989999771118164, "97": 9.989999771118164, "98": 9.90999984741211, "99": 9.90999984741211, "100": 9.90999984741211, "101": 9.90999984741211, "102": 9.90999984741211, "103": 9.930000305175781, "104": 9.930000305175781, "105": 9.930000305175781, "106": 9.920000076293945, "107": 9.90999984741211, "108": 9.899999618530273, "109": 9.90999984741211, "110": 9.90999984741211, "111": 9.90999984741211, "112": 9.9399995803833, "113": 9.9399995803833, "114": 9.9399995803833, "115": 9.930000305175781, "116": 9.930000305175781, "117": 9.9399995803833, "118": 9.880000114440918, "119": 9.880000114440918, "120": 9.880000114440918, "121": 9.880000114440918, "122": 9.880000114440918, "123": 9.890000343322754, "124": 9.880000114440918, "125": 9.880000114440918, "126": 9.880000114440918, "127": 9.880000114440918, "128": 9.880000114440918, "129": 9.880000114440918, "130": 9.880000114440918, "131": 9.880000114440918, "132": 9.880000114440918, "133": 9.880000114440918, "134": 9.890000343322754, "135": 9.890000343322754, "136": 9.890000343322754, "137": 9.890000343322754, "138": 9.890000343322754, "139": 9.890000343322754, "140": 9.890000343322754, "141": 9.890000343322754, "142": 9.899999618530273, "143": 9.899999618530273, "144": 9.899999618530273, "145": 9.899999618530273, "146": 9.899999618530273, "147": 9.90999984741211, "148": 9.90999984741211, "149": 9.90999984741211, "150": 9.90999984741211, "151": 9.90999984741211, "152": 9.90999984741211, "153": 9.90999984741211, "154": 9.899999618530273, "155": 9.90999984741211, "156": 9.90999984741211, "157": 9.890000343322754, "158": 9.890000343322754, "159": 9.890000343322754, "160": 9.90999984741211, "161": 9.899999618530273, "162": 9.899999618530273, "163": 9.899999618530273, "164": 9.920000076293945, "165": 9.930000305175781, "166": 9.9399995803833, "167": 9.949999809265137, "168": 9.949999809265137, "169": 9.949999809265137, "170": 9.949999809265137, "171": 9.930000305175781, "172": 9.899999618530273, "173": 10.399999618530273, "174": 9.920000076293945, "175": 9.920000076293945, "176": 9.920000076293945, "177": 9.920000076293945, "178": 9.920000076293945, "179": 9.930000305175781, "180": 9.930000305175781, "181": 9.930000305175781, "182": 9.960000038146973, "183": 9.960000038146973, "184": 9.979999542236328, "185": 9.979999542236328, "186": 9.970000267028809, "187": 9.970000267028809, "188": 10.020000457763672, "189": 10.020000457763672, "190": 10.020000457763672, "191": 10.020000457763672, "192": 10.050000190734863, "193": 10.050000190734863, "194": 10.050000190734863, "195": 10.020000457763672, "196": 10.069999694824219, "197": 10.039999961853027, "198": 10.140000343322754, "199": 10.109999656677246, "200": 10.140000343322754, "201": 10.15999984741211, "202": 10.149999618530273, "203": 10.149999618530273, "204": 10.170000076293945, "205": 10.15999984741211, "206": 10.130000114440918, "207": 10.109999656677246, "208": 10.140000343322754, "209": 10.149999618530273, "210": 10.15999984741211, "211": 10.164999961853027, "212": 10.140000343322754, "213": 10.1899995803833, "214": 10.149999618530273, "215": 10.149999618530273, "216": 10.149999618530273, "217": 10.149999618530273, "218": 10.180000305175781, "219": 10.180000305175781, "220": 10.173999786376953, "221": 10.173999786376953, "222": 10.180000305175781, "223": 10.180000305175781, "224": 10.180000305175781, "225": 10.180000305175781, "226": 10.180000305175781, "227": 10.1899995803833, "228": 10.1899995803833, "229": 10.1899995803833, "230": 10.199999809265137, "231": 10.225000381469727, "232": 10.220000267028809, "233": 10.25, "234": 10.25, "235": 10.25, "236": 10.25, "237": 10.270000457763672, "238": 10.279999732971191, "239": 10.289999961853027, "240": 10.300000190734863, "241": 10.289999961853027, "242": 10.289999961853027, "243": 10.289999961853027, "244": 10.289999961853027, "245": 10.289999961853027, "246": 10.289999961853027, "247": 10.289999961853027, "248": 10.289999961853027, "249": 10.289999961853027, "250": 10.289999961853027, "251": 10.300000190734863, "252": 10.295000076293945, "253": 10.279999732971191, "254": 10.279999732971191, "255": 10.279999732971191, "256": 10.279999732971191, "257": 10.279999732971191, "258": 10.279999732971191, "259": 10.3100004196167, "260": 10.300000190734863, "261": 10.300000190734863, "262": 10.300000190734863, "263": 10.300000190734863, "264": 10.300000190734863, "265": 10.300000190734863, "266": 10.300000190734863, "267": 10.3100004196167, "268": 10.3100004196167, "269": 10.3100004196167, "270": 10.300000190734863, "271": 10.319999694824219, "272": 10.3100004196167, "273": 10.329999923706055, "274": 10.319999694824219, "275": 10.319999694824219, "276": 10.319999694824219, "277": 10.319999694824219, "278": 10.319999694824219, "279": 10.34000015258789, "280": 10.329999923706055, "281": 10.329999923706055, "282": 10.329999923706055, "283": 10.329999923706055, "284": 10.329999923706055, "285": 10.399999618530273, "286": 10.34000015258789, "287": 10.399999618530273, "288": 10.359999656677246, "289": 10.359999656677246, "290": 10.359999656677246, "291": 10.359999656677246, "292": 10.359999656677246, "293": 10.359999656677246, "294": 10.359999656677246, "295": 10.359999656677246, "296": 10.359999656677246, "297": 10.399999618530273, "298": 10.399999618530273, "299": 10.399999618530273, "300": 10.399999618530273, "301": 10.399999618530273, "302": 10.399999618530273, "303": 10.359999656677246, "304": 10.359999656677246, "305": 10.359999656677246, "306": 10.359999656677246, "307": 10.399999618530273, "308": 10.399999618530273, "309": 10.399999618530273, "310": 10.899999618530273, "311": 10.899999618530273, "312": 10.899999618530273, "313": 10.899999618530273, "314": 10.899999618530273, "315": 10.899999618530273, "316": 10.899999618530273}, "low": {"0": 9.800000190734863, "1": 9.800000190734863, "2": 9.800000190734863, "3": 9.817999839782715, "4": 9.920000076293945, "5": 9.862000465393066, "6": 9.862000465393066, "7": 9.859999656677246, "8": 9.880000114440918, "9": 9.869999885559082, "10": 9.869999885559082, "11": 9.892999649047852, "12": 9.892999649047852, "13": 9.892999649047852, "14": 9.880000114440918, "15": 9.90999984741211, "16": 9.90999984741211, "17": 9.90999984741211, "18": 9.90999984741211, "19": 9.90999984741211, "20": 9.90999984741211, "21": 9.90999984741211, "22": 9.90999984741211, "23": 9.90999984741211, "24": 9.899999618530273, "25": 9.930000305175781, "26": 9.930000305175781, "27": 9.930000305175781, "28": 9.930000305175781, "29": 9.930000305175781, "30": 9.930000305175781, "31": 9.829999923706055, "32": 9.829999923706055, "33": 9.829999923706055, "34": 9.829999923706055, "35": 9.859999656677246, "36": 9.859999656677246, "37": 9.859999656677246, "38": 9.859999656677246, "39": 9.859999656677246, "40": 9.859999656677246, "41": 9.869999885559082, "42": 9.850000381469727, "43": 9.850000381469727, "44": 9.850000381469727, "45": 9.880000114440918, "46": 9.880000114440918, "47": 9.880000114440918, "48": 9.880000114440918, "49": 9.880000114440918, "50": 9.899999618530273, "51": 9.899999618530273, "52": 9.899999618530273, "53": 9.899999618530273, "54": 9.899999618530273, "55": 9.829999923706055, "56": 9.859999656677246, "57": 9.84000015258789, "58": 9.84000015258789, "59": 9.859999656677246, "60": 9.859999656677246, "61": 9.859999656677246, "62": 9.859999656677246, "63": 9.859999656677246, "64": 9.854999542236328, "65": 9.880000114440918, "66": 9.880000114440918, "67": 9.880000114440918, "68": 9.880000114440918, "69": 9.890000343322754, "70": 9.890000343322754, "71": 9.890000343322754, "72": 9.890000343322754, "73": 9.890000343322754, "74": 9.890000343322754, "75": 9.84000015258789, "76": 9.829999923706055, "77": 9.890000343322754, "78": 9.850000381469727, "79": 9.899999618530273, "80": 9.899999618530273, "81": 9.899999618530273, "82": 9.90999984741211, "83": 9.90999984741211, "84": 9.90999984741211, "85": 9.899999618530273, "86": 9.899999618530273, "87": 9.899999618530273, "88": 9.90999984741211, "89": 9.90999984741211, "90": 9.899999618530273, "91": 9.90999984741211, "92": 9.90999984741211, "93": 9.90999984741211, "94": 9.899999618530273, "95": 9.989999771118164, "96": 9.989999771118164, "97": 9.989999771118164, "98": 9.90999984741211, "99": 9.90999984741211, "100": 9.90999984741211, "101": 9.90999984741211, "102": 9.90999984741211, "103": 9.930000305175781, "104": 9.930000305175781, "105": 9.920000076293945, "106": 9.920000076293945, "107": 9.899999618530273, "108": 9.899999618530273, "109": 9.90999984741211, "110": 9.90999984741211, "111": 9.90999984741211, "112": 9.9399995803833, "113": 9.9399995803833, "114": 9.9399995803833, "115": 9.930000305175781, "116": 9.930000305175781, "117": 9.869999885559082, "118": 9.880000114440918, "119": 9.880000114440918, "120": 9.869999885559082, "121": 9.880000114440918, "122": 9.880000114440918, "123": 9.880000114440918, "124": 9.880000114440918, "125": 9.880000114440918, "126": 9.880000114440918, "127": 9.880000114440918, "128": 9.880000114440918, "129": 9.880000114440918, "130": 9.880000114440918, "131": 9.880000114440918, "132": 9.880000114440918, "133": 9.880000114440918, "134": 9.880000114440918, "135": 9.890000343322754, "136": 9.890000343322754, "137": 9.890000343322754, "138": 9.890000343322754, "139": 9.890000343322754, "140": 9.890000343322754, "141": 9.890000343322754, "142": 9.899999618530273, "143": 9.899999618530273, "144": 9.899999618530273, "145": 9.899999618530273, "146": 9.899999618530273, "147": 9.90999984741211, "148": 9.90999984741211, "149": 9.90999984741211, "150": 9.90999984741211, "151": 9.90999984741211, "152": 9.90999984741211, "153": 9.90999984741211, "154": 9.890000343322754, "155": 9.90999984741211, "156": 9.90999984741211, "157": 9.890000343322754, "158": 9.890000343322754, "159": 9.890000343322754, "160": 9.899999618530273, "161": 9.899999618530273, "162": 9.899999618530273, "163": 9.899999618530273, "164": 9.90999984741211, "165": 9.920000076293945, "166": 9.9399995803833, "167": 9.949999809265137, "168": 9.949999809265137, "169": 9.949999809265137, "170": 9.949999809265137, "171": 9.930000305175781, "172": 9.899999618530273, "173": 9.930000305175781, "174": 9.920000076293945, "175": 9.920000076293945, "176": 9.920000076293945, "177": 9.920000076293945, "178": 9.920000076293945, "179": 9.930000305175781, "180": 9.930000305175781, "181": 9.930000305175781, "182": 9.960000038146973, "183": 9.960000038146973, "184": 9.9399995803833, "185": 9.979999542236328, "186": 9.970000267028809, "187": 9.970000267028809, "188": 10.010000228881836, "189": 10.020000457763672, "190": 10.020000457763672, "191": 10.020000457763672, "192": 10.050000190734863, "193": 10.050000190734863, "194": 10.050000190734863, "195": 10.020000457763672, "196": 10.050000190734863, "197": 10.039999961853027, "198": 10.029999732971191, "199": 10.109999656677246, "200": 10.085000038146973, "201": 10.119999885559082, "202": 10.140000343322754, "203": 10.140000343322754, "204": 10.140000343322754, "205": 10.130000114440918, "206": 10.109999656677246, "207": 10.109999656677246, "208": 10.130000114440918, "209": 10.130000114440918, "210": 10.140000343322754, "211": 10.130000114440918, "212": 10.140000343322754, "213": 10.130000114440918, "214": 10.140000343322754, "215": 10.149999618530273, "216": 10.149999618530273, "217": 10.149999618530273, "218": 10.149999618530273, "219": 10.180000305175781, "220": 10.173999786376953, "221": 10.173999786376953, "222": 10.149999618530273, "223": 10.180000305175781, "224": 10.180000305175781, "225": 10.180000305175781, "226": 10.180000305175781, "227": 10.180000305175781, "228": 10.1899995803833, "229": 10.1899995803833, "230": 10.199999809265137, "231": 10.220000267028809, "232": 10.220000267028809, "233": 10.234999656677246, "234": 10.25, "235": 10.25, "236": 10.25, "237": 10.270000457763672, "238": 10.270000457763672, "239": 10.260000228881836, "240": 10.289999961853027, "241": 10.289999961853027, "242": 10.289999961853027, "243": 10.289999961853027, "244": 10.289999961853027, "245": 10.289999961853027, "246": 10.289999961853027, "247": 10.289999961853027, "248": 10.289999961853027, "249": 10.289999961853027, "250": 10.289999961853027, "251": 10.289999961853027, "252": 10.289999961853027, "253": 10.279999732971191, "254": 10.279999732971191, "255": 10.279999732971191, "256": 10.279999732971191, "257": 10.279999732971191, "258": 10.279999732971191, "259": 10.300000190734863, "260": 10.300000190734863, "261": 10.300000190734863, "262": 10.260000228881836, "263": 10.300000190734863, "264": 10.300000190734863, "265": 10.300000190734863, "266": 10.300000190734863, "267": 10.3100004196167, "268": 10.3100004196167, "269": 10.3100004196167, "270": 10.300000190734863, "271": 10.300000190734863, "272": 10.3100004196167, "273": 10.300000190734863, "274": 10.319999694824219, "275": 10.319999694824219, "276": 10.319999694824219, "277": 10.319999694824219, "278": 10.319999694824219, "279": 10.34000015258789, "280": 10.329999923706055, "281": 10.329999923706055, "282": 10.329999923706055, "283": 10.329999923706055, "284": 10.329999923706055, "285": 10.34000015258789, "286": 10.34000015258789, "287": 10.359999656677246, "288": 10.359999656677246, "289": 10.359999656677246, "290": 10.359999656677246, "291": 10.359999656677246, "292": 10.359999656677246, "293": 10.359999656677246, "294": 10.359999656677246, "295": 10.359999656677246, "296": 10.359999656677246, "297": 10.399999618530273, "298": 10.399999618530273, "299": 10.399999618530273, "300": 10.399999618530273, "301": 10.399999618530273, "302": 10.399999618530273, "303": 10.359999656677246, "304": 10.359999656677246, "305": 10.359999656677246, "306": 10.359999656677246, "307": 10.399999618530273, "308": 10.399999618530273, "309": 10.399999618530273, "310": 10.899999618530273, "311": 10.899999618530273, "312": 10.899999618530273, "313": 10.899999618530273, "314": 10.899999618530273, "315": 10.899999618530273, "316": 10.899999618530273}, "close": {"0": 9.8100004196167, "1": 9.800000190734863, "2": 9.8100004196167, "3": 9.819999694824219, "4": 9.920000076293945, "5": 9.862000465393066, "6": 9.862000465393066, "7": 9.880000114440918, "8": 9.90999984741211, "9": 9.869999885559082, "10": 9.869999885559082, "11": 9.892999649047852, "12": 9.892999649047852, "13": 9.892999649047852, "14": 9.90999984741211, "15": 9.90999984741211, "16": 9.90999984741211, "17": 9.90999984741211, "18": 9.90999984741211, "19": 9.90999984741211, "20": 9.90999984741211, "21": 9.90999984741211, "22": 9.90999984741211, "23": 9.90999984741211, "24": 9.930000305175781, "25": 9.930000305175781, "26": 9.930000305175781, "27": 9.930000305175781, "28": 9.930000305175781, "29": 9.930000305175781, "30": 9.930000305175781, "31": 9.829999923706055, "32": 9.829999923706055, "33": 9.829999923706055, "34": 9.829999923706055, "35": 9.859999656677246, "36": 9.859999656677246, "37": 9.859999656677246, "38": 9.859999656677246, "39": 9.859999656677246, "40": 9.859999656677246, "41": 9.869999885559082, "42": 9.850000381469727, "43": 9.850000381469727, "44": 9.880000114440918, "45": 9.880000114440918, "46": 9.880000114440918, "47": 9.880000114440918, "48": 9.880000114440918, "49": 9.880000114440918, "50": 9.899999618530273, "51": 9.899999618530273, "52": 9.899999618530273, "53": 9.899999618530273, "54": 9.899999618530273, "55": 9.859999656677246, "56": 9.859999656677246, "57": 9.84000015258789, "58": 9.84000015258789, "59": 9.859999656677246, "60": 9.859999656677246, "61": 9.859999656677246, "62": 9.859999656677246, "63": 9.859999656677246, "64": 9.880000114440918, "65": 9.880000114440918, "66": 9.880000114440918, "67": 9.880000114440918, "68": 9.880000114440918, "69": 9.890000343322754, "70": 9.890000343322754, "71": 9.890000343322754, "72": 9.890000343322754, "73": 9.890000343322754, "74": 9.890000343322754, "75": 9.84000015258789, "76": 9.890000343322754, "77": 9.890000343322754, "78": 9.850000381469727, "79": 9.899999618530273, "80": 9.899999618530273, "81": 9.899999618530273, "82": 9.90999984741211, "83": 9.920000076293945, "84": 9.90999984741211, "85": 9.899999618530273, "86": 9.899999618530273, "87": 9.899999618530273, "88": 9.90999984741211, "89": 9.90999984741211, "90": 9.899999618530273, "91": 9.90999984741211, "92": 9.90999984741211, "93": 9.90999984741211, "94": 9.899999618530273, "95": 9.989999771118164, "96": 9.989999771118164, "97": 9.989999771118164, "98": 9.90999984741211, "99": 9.90999984741211, "100": 9.90999984741211, "101": 9.90999984741211, "102": 9.90999984741211, "103": 9.930000305175781, "104": 9.930000305175781, "105": 9.920000076293945, "106": 9.920000076293945, "107": 9.899999618530273, "108": 9.899999618530273, "109": 9.90999984741211, "110": 9.90999984741211, "111": 9.90999984741211, "112": 9.9399995803833, "113": 9.9399995803833, "114": 9.9399995803833, "115": 9.930000305175781, "116": 9.930000305175781, "117": 9.869999885559082, "118": 9.880000114440918, "119": 9.880000114440918, "120": 9.880000114440918, "121": 9.880000114440918, "122": 9.880000114440918, "123": 9.880000114440918, "124": 9.880000114440918, "125": 9.880000114440918, "126": 9.880000114440918, "127": 9.880000114440918, "128": 9.880000114440918, "129": 9.880000114440918, "130": 9.880000114440918, "131": 9.880000114440918, "132": 9.880000114440918, "133": 9.880000114440918, "134": 9.890000343322754, "135": 9.890000343322754, "136": 9.890000343322754, "137": 9.890000343322754, "138": 9.890000343322754, "139": 9.890000343322754, "140": 9.890000343322754, "141": 9.890000343322754, "142": 9.899999618530273, "143": 9.899999618530273, "144": 9.899999618530273, "145": 9.899999618530273, "146": 9.899999618530273, "147": 9.90999984741211, "148": 9.90999984741211, "149": 9.90999984741211, "150": 9.90999984741211, "151": 9.90999984741211, "152": 9.90999984741211, "153": 9.90999984741211, "154": 9.890000343322754, "155": 9.90999984741211, "156": 9.90999984741211, "157": 9.890000343322754, "158": 9.890000343322754, "159": 9.890000343322754, "160": 9.899999618530273, "161": 9.899999618530273, "162": 9.899999618530273, "163": 9.899999618530273, "164": 9.920000076293945, "165": 9.930000305175781, "166": 9.9399995803833, "167": 9.949999809265137, "168": 9.949999809265137, "169": 9.949999809265137, "170": 9.949999809265137, "171": 9.930000305175781, "172": 9.899999618530273, "173": 9.9399995803833, "174": 9.920000076293945, "175": 9.920000076293945, "176": 9.920000076293945, "177": 9.920000076293945, "178": 9.920000076293945, "179": 9.930000305175781, "180": 9.930000305175781, "181": 9.930000305175781, "182": 9.960000038146973, "183": 9.960000038146973, "184": 9.979999542236328, "185": 9.979999542236328, "186": 9.970000267028809, "187": 9.970000267028809, "188": 10.020000457763672, "189": 10.020000457763672, "190": 10.020000457763672, "191": 10.020000457763672, "192": 10.050000190734863, "193": 10.050000190734863, "194": 10.050000190734863, "195": 10.020000457763672, "196": 10.050000190734863, "197": 10.039999961853027, "198": 10.140000343322754, "199": 10.109999656677246, "200": 10.140000343322754, "201": 10.15999984741211, "202": 10.140000343322754, "203": 10.149999618530273, "204": 10.149999618530273, "205": 10.130000114440918, "206": 10.130000114440918, "207": 10.109999656677246, "208": 10.130000114440918, "209": 10.140000343322754, "210": 10.149999618530273, "211": 10.15999984741211, "212": 10.140000343322754, "213": 10.164999961853027, "214": 10.140000343322754, "215": 10.149999618530273, "216": 10.149999618530273, "217": 10.149999618530273, "218": 10.180000305175781, "219": 10.180000305175781, "220": 10.173999786376953, "221": 10.173999786376953, "222": 10.180000305175781, "223": 10.180000305175781, "224": 10.180000305175781, "225": 10.180000305175781, "226": 10.180000305175781, "227": 10.1899995803833, "228": 10.1899995803833, "229": 10.1899995803833, "230": 10.199999809265137, "231": 10.220000267028809, "232": 10.220000267028809, "233": 10.25, "234": 10.25, "235": 10.25, "236": 10.25, "237": 10.270000457763672, "238": 10.279999732971191, "239": 10.260000228881836, "240": 10.300000190734863, "241": 10.289999961853027, "242": 10.289999961853027, "243": 10.289999961853027, "244": 10.289999961853027, "245": 10.289999961853027, "246": 10.289999961853027, "247": 10.289999961853027, "248": 10.289999961853027, "249": 10.289999961853027, "250": 10.289999961853027, "251": 10.289999961853027, "252": 10.295000076293945, "253": 10.279999732971191, "254": 10.279999732971191, "255": 10.279999732971191, "256": 10.279999732971191, "257": 10.279999732971191, "258": 10.279999732971191, "259": 10.300000190734863, "260": 10.300000190734863, "261": 10.300000190734863, "262": 10.300000190734863, "263": 10.300000190734863, "264": 10.300000190734863, "265": 10.300000190734863, "266": 10.300000190734863, "267": 10.3100004196167, "268": 10.3100004196167, "269": 10.3100004196167, "270": 10.300000190734863, "271": 10.300000190734863, "272": 10.3100004196167, "273": 10.329999923706055, "274": 10.319999694824219, "275": 10.319999694824219, "276": 10.319999694824219, "277": 10.319999694824219, "278": 10.319999694824219, "279": 10.34000015258789, "280": 10.329999923706055, "281": 10.329999923706055, "282": 10.329999923706055, "283": 10.329999923706055, "284": 10.329999923706055, "285": 10.34000015258789, "286": 10.34000015258789, "287": 10.359999656677246, "288": 10.359999656677246, "289": 10.359999656677246, "290": 10.359999656677246, "291": 10.359999656677246, "292": 10.359999656677246, "293": 10.359999656677246, "294": 10.359999656677246, "295": 10.359999656677246, "296": 10.359999656677246, "297": 10.399999618530273, "298": 10.399999618530273, "299": 10.399999618530273, "300": 10.399999618530273, "301": 10.399999618530273, "302": 10.399999618530273, "303": 10.359999656677246, "304": 10.359999656677246, "305": 10.359999656677246, "306": 10.359999656677246, "307": 10.399999618530273, "308": 10.399999618530273, "309": 10.399999618530273, "310": 10.899999618530273, "311": 10.899999618530273, "312": 10.899999618530273, "313": 10.899999618530273, "314": 10.899999618530273, "315": 10.899999618530273, "316": 10.899999618530273}, "volume": {"0": 155000, "1": 175000, "2": 48900, "3": 5100, "4": 1000, "5": 1600, "6": 0, "7": 54300, "8": 300, "9": 231100, "10": 0, "11": 100, "12": 0, "13": 0, "14": 1400, "15": 0, "16": 0, "17": 0, "18": 0, "19": 0, "20": 0, "21": 0, "22": 0, "23": 0, "24": 400, "25": 0, "26": 0, "27": 0, "28": 0, "29": 0, "30": 0, "31": 163100, "32": 0, "33": 0, "34": 0, "35": 7500, "36": 0, "37": 0, "38": 0, "39": 0, "40": 0, "41": 22700, "42": 37800, "43": 0, "44": 22200, "45": 0, "46": 0, "47": 0, "48": 0, "49": 0, "50": 800, "51": 0, "52": 0, "53": 0, "54": 0, "55": 300600, "56": 0, "57": 205000, "58": 0, "59": 108000, "60": 0, "61": 0, "62": 0, "63": 0, "64": 18100, "65": 0, "66": 0, "67": 0, "68": 0, "69": 11200, "70": 0, "71": 0, "72": 0, "73": 0, "74": 0, "75": 200, "76": 400, "77": 58100, "78": 10900, "79": 19200, "80": 20000, "81": 900, "82": 6100, "83": 56900, "84": 19100, "85": 5200, "86": 0, "87": 0, "88": 200, "89": 0, "90": 377100, "91": 300, "92": 0, "93": 0, "94": 100, "95": 200, "96": 100, "97": 0, "98": 400, "99": 400, "100": 0, "101": 0, "102": 0, "103": 800, "104": 0, "105": 10000, "106": 0, "107": 9500, "108": 0, "109": 400, "110": 0, "111": 0, "112": 200, "113": 0, "114": 0, "115": 200, "116": 0, "117": 367700, "118": 100, "119": 0, "120": 900, "121": 600, "122": 200, "123": 8000, "124": 2800, "125": 0, "126": 0, "127": 0, "128": 0, "129": 0, "130": 0, "131": 21300, "132": 0, "133": 0, "134": 7300, "135": 0, "136": 0, "137": 0, "138": 35800, "139": 100, "140": 2600, "141": 100, "142": 1200, "143": 100, "144": 0, "145": 0, "146": 0, "147": 100, "148": 200, "149": 0, "150": 0, "151": 0, "152": 0, "153": 0, "154": 161800, "155": 900, "156": 0, "157": 900, "158": 0, "159": 600, "160": 4500, "161": 0, "162": 300, "163": 100, "164": 2100, "165": 1000, "166": 1100, "167": 5100, "168": 0, "169": 0, "170": 0, "171": 200, "172": 800, "173": 2100, "174": 900, "175": 9400, "176": 0, "177": 0, "178": 0, "179": 900, "180": 0, "181": 0, "182": 100, "183": 100, "184": 15100, "185": 0, "186": 26700, "187": 0, "188": 2800, "189": 100, "190": 0, "191": 0, "192": 100, "193": 0, "194": 100, "195": 600, "196": 20700, "197": 1000, "198": 15300, "199": 1500, "200": 183500, "201": 96200, "202": 107600, "203": 12300, "204": 19400, "205": 8400, "206": 8200, "207": 7300, "208": 349900, "209": 324400, "210": 51700, "211": 76100, "212": 20500, "213": 107900, "214": 30400, "215": 21500, "216": 67300, "217": 17200, "218": 81800, "219": 0, "220": 100, "221": 0, "222": 35100, "223": 800, "224": 0, "225": 25000, "226": 0, "227": 13600, "228": 0, "229": 4500, "230": 20000, "231": 18200, "232": 300, "233": 44500, "234": 5500, "235": 91000, "236": 0, "237": 100000, "238": 17700, "239": 52900, "240": 1100, "241": 200300, "242": 0, "243": 129700, "244": 200, "245": 0, "246": 0, "247": 0, "248": 1100, "249": 100, "250": 1100, "251": 180500, "252": 200, "253": 10100, "254": 0, "255": 0, "256": 0, "257": 0, "258": 0, "259": 600, "260": 4300, "261": 0, "262": 324300, "263": 800, "264": 0, "265": 0, "266": 0, "267": 200, "268": 0, "269": 600, "270": 600, "271": 45300, "272": 83500, "273": 293400, "274": 100, "275": 0, "276": 0, "277": 0, "278": 100, "279": 50000, "280": 297000, "281": 0, "282": 0, "283": 0, "284": 0, "285": 4900, "286": 0, "287": 3300, "288": 0, "289": 0, "290": 0, "291": 0, "292": 0, "293": 100, "294": 0, "295": 0, "296": 200, "297": 100, "298": 0, "299": 400, "300": 0, "301": 0, "302": 0, "303": 700, "304": 0, "305": 200, "306": 300, "307": 100, "308": 0, "309": 0, "310": 600, "311": 0, "312": 100, "313": 0, "314": 0, "315": 100, "316": 0}, "adjclose": {"0": 9.8100004196167, "1": 9.800000190734863, "2": 9.8100004196167, "3": 9.819999694824219, "4": 9.920000076293945, "5": 9.862000465393066, "6": 9.862000465393066, "7": 9.880000114440918, "8": 9.90999984741211, "9": 9.869999885559082, "10": 9.869999885559082, "11": 9.892999649047852, "12": 9.892999649047852, "13": 9.892999649047852, "14": 9.90999984741211, "15": 9.90999984741211, "16": 9.90999984741211, "17": 9.90999984741211, "18": 9.90999984741211, "19": 9.90999984741211, "20": 9.90999984741211, "21": 9.90999984741211, "22": 9.90999984741211, "23": 9.90999984741211, "24": 9.930000305175781, "25": 9.930000305175781, "26": 9.930000305175781, "27": 9.930000305175781, "28": 9.930000305175781, "29": 9.930000305175781, "30": 9.930000305175781, "31": 9.829999923706055, "32": 9.829999923706055, "33": 9.829999923706055, "34": 9.829999923706055, "35": 9.859999656677246, "36": 9.859999656677246, "37": 9.859999656677246, "38": 9.859999656677246, "39": 9.859999656677246, "40": 9.859999656677246, "41": 9.869999885559082, "42": 9.850000381469727, "43": 9.850000381469727, "44": 9.880000114440918, "45": 9.880000114440918, "46": 9.880000114440918, "47": 9.880000114440918, "48": 9.880000114440918, "49": 9.880000114440918, "50": 9.899999618530273, "51": 9.899999618530273, "52": 9.899999618530273, "53": 9.899999618530273, "54": 9.899999618530273, "55": 9.859999656677246, "56": 9.859999656677246, "57": 9.84000015258789, "58": 9.84000015258789, "59": 9.859999656677246, "60": 9.859999656677246, "61": 9.859999656677246, "62": 9.859999656677246, "63": 9.859999656677246, "64": 9.880000114440918, "65": 9.880000114440918, "66": 9.880000114440918, "67": 9.880000114440918, "68": 9.880000114440918, "69": 9.890000343322754, "70": 9.890000343322754, "71": 9.890000343322754, "72": 9.890000343322754, "73": 9.890000343322754, "74": 9.890000343322754, "75": 9.84000015258789, "76": 9.890000343322754, "77": 9.890000343322754, "78": 9.850000381469727, "79": 9.899999618530273, "80": 9.899999618530273, "81": 9.899999618530273, "82": 9.90999984741211, "83": 9.920000076293945, "84": 9.90999984741211, "85": 9.899999618530273, "86": 9.899999618530273, "87": 9.899999618530273, "88": 9.90999984741211, "89": 9.90999984741211, "90": 9.899999618530273, "91": 9.90999984741211, "92": 9.90999984741211, "93": 9.90999984741211, "94": 9.899999618530273, "95": 9.989999771118164, "96": 9.989999771118164, "97": 9.989999771118164, "98": 9.90999984741211, "99": 9.90999984741211, "100": 9.90999984741211, "101": 9.90999984741211, "102": 9.90999984741211, "103": 9.930000305175781, "104": 9.930000305175781, "105": 9.920000076293945, "106": 9.920000076293945, "107": 9.899999618530273, "108": 9.899999618530273, "109": 9.90999984741211, "110": 9.90999984741211, "111": 9.90999984741211, "112": 9.9399995803833, "113": 9.9399995803833, "114": 9.9399995803833, "115": 9.930000305175781, "116": 9.930000305175781, "117": 9.869999885559082, "118": 9.880000114440918, "119": 9.880000114440918, "120": 9.880000114440918, "121": 9.880000114440918, "122": 9.880000114440918, "123": 9.880000114440918, "124": 9.880000114440918, "125": 9.880000114440918, "126": 9.880000114440918, "127": 9.880000114440918, "128": 9.880000114440918, "129": 9.880000114440918, "130": 9.880000114440918, "131": 9.880000114440918, "132": 9.880000114440918, "133": 9.880000114440918, "134": 9.890000343322754, "135": 9.890000343322754, "136": 9.890000343322754, "137": 9.890000343322754, "138": 9.890000343322754, "139": 9.890000343322754, "140": 9.890000343322754, "141": 9.890000343322754, "142": 9.899999618530273, "143": 9.899999618530273, "144": 9.899999618530273, "145": 9.899999618530273, "146": 9.899999618530273, "147": 9.90999984741211, "148": 9.90999984741211, "149": 9.90999984741211, "150": 9.90999984741211, "151": 9.90999984741211, "152": 9.90999984741211, "153": 9.90999984741211, "154": 9.890000343322754, "155": 9.90999984741211, "156": 9.90999984741211, "157": 9.890000343322754, "158": 9.890000343322754, "159": 9.890000343322754, "160": 9.899999618530273, "161": 9.899999618530273, "162": 9.899999618530273, "163": 9.899999618530273, "164": 9.920000076293945, "165": 9.930000305175781, "166": 9.9399995803833, "167": 9.949999809265137, "168": 9.949999809265137, "169": 9.949999809265137, "170": 9.949999809265137, "171": 9.930000305175781, "172": 9.899999618530273, "173": 9.9399995803833, "174": 9.920000076293945, "175": 9.920000076293945, "176": 9.920000076293945, "177": 9.920000076293945, "178": 9.920000076293945, "179": 9.930000305175781, "180": 9.930000305175781, "181": 9.930000305175781, "182": 9.960000038146973, "183": 9.960000038146973, "184": 9.979999542236328, "185": 9.979999542236328, "186": 9.970000267028809, "187": 9.970000267028809, "188": 10.020000457763672, "189": 10.020000457763672, "190": 10.020000457763672, "191": 10.020000457763672, "192": 10.050000190734863, "193": 10.050000190734863, "194": 10.050000190734863, "195": 10.020000457763672, "196": 10.050000190734863, "197": 10.039999961853027, "198": 10.140000343322754, "199": 10.109999656677246, "200": 10.140000343322754, "201": 10.15999984741211, "202": 10.140000343322754, "203": 10.149999618530273, "204": 10.149999618530273, "205": 10.130000114440918, "206": 10.130000114440918, "207": 10.109999656677246, "208": 10.130000114440918, "209": 10.140000343322754, "210": 10.149999618530273, "211": 10.15999984741211, "212": 10.140000343322754, "213": 10.164999961853027, "214": 10.140000343322754, "215": 10.149999618530273, "216": 10.149999618530273, "217": 10.149999618530273, "218": 10.180000305175781, "219": 10.180000305175781, "220": 10.173999786376953, "221": 10.173999786376953, "222": 10.180000305175781, "223": 10.180000305175781, "224": 10.180000305175781, "225": 10.180000305175781, "226": 10.180000305175781, "227": 10.1899995803833, "228": 10.1899995803833, "229": 10.1899995803833, "230": 10.199999809265137, "231": 10.220000267028809, "232": 10.220000267028809, "233": 10.25, "234": 10.25, "235": 10.25, "236": 10.25, "237": 10.270000457763672, "238": 10.279999732971191, "239": 10.260000228881836, "240": 10.300000190734863, "241": 10.289999961853027, "242": 10.289999961853027, "243": 10.289999961853027, "244": 10.289999961853027, "245": 10.289999961853027, "246": 10.289999961853027, "247": 10.289999961853027, "248": 10.289999961853027, "249": 10.289999961853027, "250": 10.289999961853027, "251": 10.289999961853027, "252": 10.295000076293945, "253": 10.279999732971191, "254": 10.279999732971191, "255": 10.279999732971191, "256": 10.279999732971191, "257": 10.279999732971191, "258": 10.279999732971191, "259": 10.300000190734863, "260": 10.300000190734863, "261": 10.300000190734863, "262": 10.300000190734863, "263": 10.300000190734863, "264": 10.300000190734863, "265": 10.300000190734863, "266": 10.300000190734863, "267": 10.3100004196167, "268": 10.3100004196167, "269": 10.3100004196167, "270": 10.300000190734863, "271": 10.300000190734863, "272": 10.3100004196167, "273": 10.329999923706055, "274": 10.319999694824219, "275": 10.319999694824219, "276": 10.319999694824219, "277": 10.319999694824219, "278": 10.319999694824219, "279": 10.34000015258789, "280": 10.329999923706055, "281": 10.329999923706055, "282": 10.329999923706055, "283": 10.329999923706055, "284": 10.329999923706055, "285": 10.34000015258789, "286": 10.34000015258789, "287": 10.359999656677246, "288": 10.359999656677246, "289": 10.359999656677246, "290": 10.359999656677246, "291": 10.359999656677246, "292": 10.359999656677246, "293": 10.359999656677246, "294": 10.359999656677246, "295": 10.359999656677246, "296": 10.359999656677246, "297": 10.399999618530273, "298": 10.399999618530273, "299": 10.399999618530273, "300": 10.399999618530273, "301": 10.399999618530273, "302": 10.399999618530273, "303": 10.359999656677246, "304": 10.359999656677246, "305": 10.359999656677246, "306": 10.359999656677246, "307": 10.399999618530273, "308": 10.399999618530273, "309": 10.399999618530273, "310": 10.899999618530273, "311": 10.899999618530273, "312": 10.899999618530273, "313": 10.899999618530273, "314": 10.899999618530273, "315": 10.899999618530273, "316": 10.899999618530273}}, "profile": {"address1": "4800 Montgomery Lane", "address2": "Suite 210", "city": "Bethesda", "state": "MD", "zip": "20814", "country": "United States", "phone": "301 971 3955", "website": "https://www.alsetcapitalacquisition.com", "industry": "Shell Companies", "industryDisp": "Shell Companies", "sector": "Financial Services", "longBusinessSummary": "Alset Capital Acquisition Corp. does not have any significant operations. The company focuses on effecting a merger, capital stock exchange, asset acquisition, stock purchase, reorganization, or similar business combination with one or more businesses. Alset Capital Acquisition Corp. was incorporated in 2021 and is based in Bethesda, Maryland.", "companyOfficers": [{"maxAge": 1, "name": "Mr. Fai Heng  Chan", "age": 77, "title": "Chairman & CEO", "yearBorn": 1945, "exercisedValue": 0, "unexercisedValue": 0}, {"maxAge": 1, "name": "Mr. Rongguo  Wei CPA", "age": 50, "title": "Chief Financial Officer", "yearBorn": 1972, "exercisedValue": 0, "unexercisedValue": 0}], "maxAge": 86400, "latitude": 38.98316901129817, "longitude": -77.09560898928699}}