{"income_statement": {"annual": {"Year": {"1": "Selling, General & Admin", "2": "Operating Expenses", "3": "Operating Income", "4": "Interest Expense / Income", "5": "Other Expense / Income", "6": "Pretax Income", "7": "Income Tax", "8": "Net Income", "9": "Shares Outstanding (Basic)", "10": "Shares Outstanding (Diluted)", "11": "Shares Change", "12": "EPS (Basic)", "13": "EPS (Diluted)", "14": "Free Cash Flow Per Share", "15": "Effective Tax Rate", "16": "EBITDA", "17": "EBIT"}, "2022": {"1": "2.94", "2": "2.94", "3": "-2.94", "4": "0.01", "5": "-3.93", "6": "0.98", "7": "0.77", "8": "0.21", "9": "43", "10": "43", "11": "79.96%", "12": "-", "13": "-", "14": "-0.06", "15": "79.04%", "16": "0.99", "17": "0.99"}, "2021": {"1": "1.4", "2": "1.4", "3": "-1.4", "4": "0", "5": "-0.07", "6": "-1.33", "7": "0", "8": "-1.33", "9": "24", "10": "24", "11": "-", "12": "-0.06", "13": "-0.06", "14": "-0.09", "15": "-", "16": "-1.33", "17": "-1.33"}}, "quarterly": {"Metrics": {"1": "Selling, General & Admin", "2": "Operating Expenses", "3": "Operating Income", "4": "Interest Expense / Income", "5": "Other Expense / Income", "6": "Pretax Income", "7": "Income Tax", "8": "Net Income", "9": "Shares Outstanding (Basic)", "10": "Shares Outstanding (Diluted)", "11": "Shares Change", "12": "EPS (Basic)", "13": "EPS (Diluted)", "14": "Free Cash Flow Per Share", "15": "Effective Tax Rate", "16": "EBITDA", "17": "EBIT"}, "2023-03-31": {"1": "0.48", "2": "0.48", "3": "-0.48", "4": "0", "5": "-4.86", "6": "4.38", "7": "1", "8": "3.38", "9": "43", "10": "43", "11": "-", "12": "0.08", "13": "0.08", "14": "-0.00", "15": "22.84%", "16": "4.38", "17": "4.38"}, "2022-12-31": {"1": "0.65", "2": "0.65", "3": "-0.65", "4": "0", "5": "-1.72", "6": "1.07", "7": "0.59", "8": "0.47", "9": "43", "10": "43", "11": "79.96%", "12": "0.01", "13": "0.01", "14": "-0.02", "15": "55.78%", "16": "1.07", "17": "1.07"}, "2022-09-30": {"1": "0.47", "2": "0.47", "3": "-0.47", "4": "0", "5": "-1.67", "6": "1.2", "7": "0.18", "8": "1.02", "9": "43", "10": "43", "11": "15.86%", "12": "0.02", "13": "0.02", "14": "-0.01", "15": "14.94%", "16": "1.2", "17": "1.2"}, "2022-06-30": {"1": "0.54", "2": "0.54", "3": "-0.54", "4": "0", "5": "-0.39", "6": "-0.16", "7": "0", "8": "-0.16", "9": "43", "10": "43", "11": "400.00%", "12": "-", "13": "-", "14": "-0.01", "15": "-", "16": "-0.15", "17": "-0.15"}, "2022-03-31": {"1": "1.29", "2": "1.29", "3": "-1.29", "4": "0", "5": "-0.16", "6": "-1.13", "7": "0", "8": "-1.13", "9": "43", "10": "43", "11": "400.00%", "12": "-0.03", "13": "-0.03", "14": "-0.02", "15": "-", "16": "-1.13", "17": "-1.13"}, "2021-12-31": {"1": "0.87", "2": "0.87", "3": "-0.87", "4": "0", "5": "-0.04", "6": "-0.84", "7": "0", "8": "-0.84", "9": "24", "10": "24", "11": "236.34%", "12": "-0.03", "13": "-0.03", "14": "-0.02", "15": "-", "16": "-0.84", "17": "-0.84"}, "2021-09-30": {"1": "0.52", "2": "0.52", "3": "-0.52", "4": "0", "5": "-0.03", "6": "-0.49", "7": "0", "8": "-0.49", "9": "37", "10": "37", "11": "-", "12": "-0.01", "13": "-0.01", "14": "-0.04", "15": "-", "16": "-0.49", "17": "-0.49"}, "2021-06-30": {"1": "0", "2": "0", "3": "0", "4": "0", "5": "-", "6": "0", "7": "0", "8": "0", "9": "9", "10": "9", "11": "-", "12": "-", "13": "-", "14": "-", "15": "-", "16": "0", "17": "0"}, "2021-03-31": {"1": "0", "2": "0", "3": "0", "4": "0", "5": "-", "6": "0", "7": "0", "8": "0", "9": "9", "10": "9", "11": "-", "12": "-", "13": "-", "14": "-", "15": "-", "16": "0", "17": "0"}, "2020-12-31": {"1": "0", "2": "0", "3": "0", "4": "0", "5": "-", "6": "0", "7": "0", "8": "0", "9": "7", "10": "7", "11": "-", "12": "-", "13": "-", "14": "-", "15": "-", "16": "0", "17": "0"}}}, "balance_sheet": {"annual": {"Year": {"1": "Cash & Equivalents", "2": "Cash & Cash Equivalents", "3": "Cash Growth", "4": "Other Current Assets", "5": "Total Current Assets", "6": "Long-Term Investments", "7": "Total Long-Term Assets", "8": "Total Assets", "9": "Accounts Payable", "10": "Current Debt", "11": "Other Current Liabilities", "12": "Total Current Liabilities", "13": "Other Long-Term Liabilities", "14": "Total Long-Term Liabilities", "15": "Total Liabilities", "16": "Total Debt", "17": "Debt Growth", "18": "Common Stock", "19": "Retained Earnings", "20": "Shareholders' Equity", "21": "Total Liabilities and Equity", "22": "Net Cash / Debt", "23": "Net Cash Per Share", "24": "Working Capital", "25": "Book Value Per Share"}, "2022": {"1": "0.11", "2": "0.11", "3": "-75.28%", "4": "0.42", "5": "0.53", "6": "348.01", "7": "348.01", "8": "348.54", "9": "0.79", "10": "3.3", "11": "0.07", "12": "4.15", "13": "12.08", "14": "12.08", "15": "16.23", "16": "3.3", "17": "65.00%", "18": "0", "19": "-15.61", "20": "-15.61", "21": "0.62", "22": "-3.19", "23": "-0.07", "24": "-3.62", "25": "-0.36"}, "2021": {"1": "0.43", "2": "0.43", "3": "-", "4": "1.24", "5": "1.67", "6": "345.07", "7": "345.07", "8": "346.74", "9": "0.49", "10": "2", "11": "0.07", "12": "2.56", "13": "12.08", "14": "12.08", "15": "14.63", "16": "2", "17": "-", "18": "0", "19": "-12.9", "20": "-12.9", "21": "1.74", "22": "-1.57", "23": "-0.07", "24": "-0.89", "25": "-0.54"}}, "quarterly": {"Metrics": {"1": "Cash & Equivalents", "2": "Cash & Cash Equivalents", "3": "Cash Growth", "4": "Other Current Assets", "5": "Total Current Assets", "6": "Long-Term Investments", "7": "Other Long-Term Assets", "8": "Total Long-Term Assets", "9": "Total Assets", "10": "Accounts Payable", "11": "Current Debt", "12": "Other Current Liabilities", "13": "Total Current Liabilities", "14": "Other Long-Term Liabilities", "15": "Total Long-Term Liabilities", "16": "Total Liabilities", "17": "Total Debt", "18": "Debt Growth", "19": "Common Stock", "20": "Retained Earnings", "21": "Shareholders' Equity", "22": "Total Liabilities and Equity", "23": "Net Cash / Debt", "24": "Net Cash Per Share", "25": "Working Capital", "26": "Book Value Per Share"}, "2023-03-31": {"1": "0.12", "2": "0.12", "3": "-69.44%", "4": "0.22", "5": "0.34", "6": "352.76", "7": "0", "8": "352.76", "9": "353.11", "10": "1.98", "11": "3.3", "12": "0.07", "13": "5.35", "14": "12.08", "15": "12.08", "16": "17.42", "17": "3.3", "18": "10.00%", "19": "0", "20": "-16.05", "21": "-16.05", "22": "1.37", "23": "-3.18", "24": "-0.07", "25": "-5", "26": "-0.37"}, "2022-12-31": {"1": "0.11", "2": "0.11", "3": "-75.28%", "4": "0.42", "5": "0.53", "6": "348.01", "7": "0", "8": "348.01", "9": "348.54", "10": "0.79", "11": "3.3", "12": "0.07", "13": "4.15", "14": "12.08", "15": "12.08", "16": "16.23", "17": "3.3", "18": "65.00%", "19": "0", "20": "-15.61", "21": "-15.61", "22": "0.62", "23": "-3.19", "24": "-0.07", "25": "-3.62", "26": "-0.36"}, "2022-09-30": {"1": "0.15", "2": "0.15", "3": "-83.23%", "4": "0.65", "5": "0.8", "6": "347.24", "7": "0", "8": "347.24", "9": "348.04", "10": "0.76", "11": "3.3", "12": "0.07", "13": "4.12", "14": "12.08", "15": "12.08", "16": "16.2", "17": "3.3", "18": "65.00%", "19": "0", "20": "-15.17", "21": "-15.17", "22": "1.03", "23": "-3.15", "24": "-0.07", "25": "-3.33", "26": "-0.35"}, "2022-06-30": {"1": "0.04", "2": "0.04", "3": "46.15%", "4": "0.87", "5": "0.91", "6": "345.61", "7": "0", "8": "345.61", "9": "346.52", "10": "0.56", "11": "3", "12": "0.07", "13": "3.63", "14": "12.08", "15": "12.08", "16": "15.7", "17": "3", "18": "1723.97%", "19": "0", "20": "-14.18", "21": "-14.18", "22": "1.52", "23": "-2.96", "24": "-0.07", "25": "-2.72", "26": "-0.33"}, "2022-03-31": {"1": "0.4", "2": "0.4", "3": "1513.12%", "4": "1.03", "5": "1.44", "6": "345.22", "7": "0", "8": "345.22", "9": "346.66", "10": "0.54", "11": "3", "12": "0.07", "13": "3.61", "14": "12.08", "15": "12.08", "16": "15.69", "17": "3", "18": "1992.40%", "19": "0", "20": "-14.03", "21": "-14.03", "22": "1.66", "23": "-2.6", "24": "-0.06", "25": "-2.17", "26": "-0.33"}, "2021-12-31": {"1": "0.43", "2": "0.43", "3": "-", "4": "1.24", "5": "1.67", "6": "345.07", "7": "0", "8": "345.07", "9": "346.74", "10": "0.49", "11": "2", "12": "0.07", "13": "2.56", "14": "12.08", "15": "12.08", "16": "14.63", "17": "2", "18": "-", "19": "0", "20": "-12.9", "21": "-12.9", "22": "1.74", "23": "-1.57", "24": "-0.07", "25": "-0.89", "26": "-0.54"}, "2021-09-30": {"1": "0.89", "2": "0.89", "3": "-", "4": "1.46", "5": "2.35", "6": "345.03", "7": "0", "8": "345.03", "9": "347.38", "10": "0.29", "11": "2", "12": "0.07", "13": "2.36", "14": "12.08", "15": "12.08", "16": "14.43", "17": "2", "18": "-", "19": "0", "20": "-12.06", "21": "-12.06", "22": "2.38", "23": "-1.11", "24": "-0.03", "25": "-0.01", "26": "-0.32"}, "2021-06-30": {"1": "0.03", "2": "0.03", "3": "-", "4": "1.21", "5": "1.23", "6": "0", "7": "0", "8": "0", "9": "1.23", "10": "0", "11": "0.16", "12": "1.04", "13": "1.21", "14": "0", "15": "0", "16": "1.21", "17": "0.16", "18": "-", "19": "0.03", "20": "-0", "21": "0.03", "22": "1.23", "23": "-0.14", "24": "-0.02", "25": "0.03", "26": "0.00"}, "2021-03-31": {"1": "0.03", "2": "0.03", "3": "-", "4": "0.81", "5": "0.83", "6": "0", "7": "0", "8": "0", "9": "0.83", "10": "0", "11": "-", "12": "-", "13": "-", "14": "-", "15": "-", "16": "0.81", "17": "0.14", "18": "-", "19": "0.03", "20": "-0", "21": "0.03", "22": "0.83", "23": "-0.12", "24": "-0.01", "25": "-", "26": "0.00"}, "2020-12-31": {"1": "0", "2": "0", "3": "-", "4": "0", "5": "0", "6": "0", "7": "0.08", "8": "0.08", "9": "0.08", "10": "0", "11": "0", "12": "0.06", "13": "0.06", "14": "0", "15": "0", "16": "0.06", "17": "0", "18": "-", "19": "0.03", "20": "-0", "21": "0.03", "22": "0.08", "23": "0", "24": "-", "25": "-0.06", "26": "0.00"}}}, "cash_flow_statement": {"annual": {"Year": {"1": "Net Income", "2": "Other Operating Activities", "3": "Operating Cash Flow", "4": "Change in Investments", "5": "Investing Cash Flow", "6": "Share Issuance / Repurchase", "7": "Debt Issued / Paid", "8": "Other Financing Activities", "9": "Financing Cash Flow", "10": "Net Cash Flow", "11": "Free Cash Flow", "12": "Free Cash Flow Per Share"}, "2022": {"1": "0.21", "2": "-2.82", "3": "-2.62", "4": "0.99", "5": "0.99", "6": "0", "7": "1.3", "8": "-", "9": "1.3", "10": "-0.32", "11": "-2.62", "12": "-0.06"}, "2021": {"1": "-1.33", "2": "-0.82", "3": "-2.15", "4": "-345", "5": "-345", "6": "338.1", "7": "1.86", "8": "7.62", "9": "347.58", "10": "0.43", "11": "-2.15", "12": "-0.09"}}, "quarterly": {"Metrics": {"1": "Net Income", "2": "Other Operating Activities", "3": "Operating Cash Flow", "4": "Change in Investments", "5": "Investing Cash Flow", "6": "Share Issuance / Repurchase", "7": "Debt Issued / Paid", "8": "Other Financing Activities", "9": "Financing Cash Flow", "10": "Net Cash Flow", "11": "Free Cash Flow", "12": "Free Cash Flow Per Share"}, "2023-03-31": {"1": "3.38", "2": "-3.47", "3": "-0.09", "4": "0.11", "5": "0.11", "6": "0", "7": "0", "8": "-", "9": "0", "10": "0.02", "11": "-0.09", "12": "-0.00"}, "2022-12-31": {"1": "0.47", "2": "-1.46", "3": "-0.99", "4": "0.95", "5": "0.95", "6": "0", "7": "0", "8": "-", "9": "0", "10": "-0.04", "11": "-0.99", "12": "-0.02"}, "2022-09-30": {"1": "1.02", "2": "-1.25", "3": "-0.23", "4": "0", "5": "0", "6": "0", "7": "0.3", "8": "-", "9": "0.3", "10": "0.11", "11": "-0.23", "12": "-0.01"}, "2022-06-30": {"1": "-0.16", "2": "-0.21", "3": "-0.37", "4": "0", "5": "0", "6": "0", "7": "0", "8": "-", "9": "0", "10": "-0.37", "11": "-0.37", "12": "-0.01"}, "2022-03-31": {"1": "-1.13", "2": "0.1", "3": "-1.03", "4": "0", "5": "0", "6": "0", "7": "1", "8": "-", "9": "1", "10": "-0.03", "11": "-1.03", "12": "-0.02"}, "2021-12-31": {"1": "-0.84", "2": "0.38", "3": "-0.46", "4": "0", "5": "0", "6": "0", "7": "0", "8": "-", "9": "0", "10": "-0.46", "11": "-0.46", "12": "-0.02"}, "2021-09-30": {"1": "-0.49", "2": "-1.2", "3": "-1.69", "4": "0", "5": "0", "6": "338.1", "7": "1.84", "8": "7.62", "9": "347.55", "10": "0.86", "11": "-1.69", "12": "-0.04"}, "2021-06-30": {"1": "0", "2": "-", "3": "0", "4": "0", "5": "0", "6": "0", "7": "0", "8": "-", "9": "0", "10": "0", "11": "0", "12": "-"}, "2021-03-31": {"1": "0", "2": "-", "3": "0", "4": "0", "5": "0", "6": "0", "7": "0.03", "8": "-", "9": "0.03", "10": "0.03", "11": "0", "12": "-"}}}, "ratios": {"annual": {"Year": {"1": "Market Capitalization", "2": "Market Cap Growth", "3": "Enterprise Value", "4": "PE Ratio", "5": "PB Ratio", "6": "P/FCF Ratio", "7": "P/OCF Ratio", "8": "EV/EBITDA Ratio", "9": "EV/EBIT Ratio", "10": "EV/FCF Ratio", "11": "Debt / Equity Ratio", "12": "Debt / EBITDA Ratio", "13": "Debt / FCF Ratio", "14": "Current Ratio", "15": "Return on Equity (ROE)", "16": "Return on Assets (ROA)", "17": "Return on Capital (ROIC)", "18": "Earnings Yield", "19": "FCF Yield", "20": "Buyback Yield / Dilution", "21": "Total Shareholder Return"}, "Current": {"1": "441", "2": "-", "3": "444", "4": "92.55", "5": "-27.22", "6": "-260.07", "7": "-260.07", "8": "68.30", "9": "68.30", "10": "-261.96", "11": "-0.21", "12": "0.51", "13": "-1.96", "14": "0.06", "15": "-30.90%", "16": "1.30%", "17": "1.90%", "18": "1.07%", "19": "-0.38%", "20": "-79.96%", "21": "-79.96%"}, "2022": {"1": "429", "2": "2.37%", "3": "432", "4": "2092.44", "5": "-27.49", "6": "-163.96", "7": "-163.96", "8": "437.10", "9": "437.10", "10": "-165.18", "11": "-0.21", "12": "3.34", "13": "-1.26", "14": "0.13", "15": "-1.40%", "16": "0.10%", "17": "0.30%", "18": "0.05%", "19": "-0.61%", "20": "-", "21": "-"}, "2021": {"1": "419", "2": "-", "3": "421", "4": "-315.10", "5": "-32.50", "6": "-195.31", "7": "-195.31", "8": "-316.28", "9": "-316.28", "10": "-196.05", "11": "-0.16", "12": "-1.50", "13": "-0.93", "14": "0.65", "15": "21.40%", "16": "-0.80%", "17": "-0.80%", "18": "-0.32%", "19": "-0.51%", "20": null, "21": null}}, "quarterly": {"Metrics": {"1": "Market Capitalization", "2": "Market Cap Growth", "3": "Enterprise Value", "4": "PE Ratio", "5": "PB Ratio", "6": "Debt / Equity Ratio", "7": "Current Ratio", "8": "Buyback Yield / Dilution", "9": "Total Shareholder Return"}, "Current": {"1": "441", "2": "-", "3": "444", "4": "92.55", "5": "-27.22", "6": "-0.21", "7": "0.06", "8": "-", "9": "-"}, "2023-03-31": {"1": "437", "2": "4.33%", "3": "440", "4": "92.72", "5": "-27.22", "6": "-0.21", "7": "0.06", "8": "-79.96%", "9": "-79.96%"}, "2022-12-31": {"1": "429", "2": "2.37%", "3": "432", "4": "2092.44", "5": "-27.49", "6": "-0.21", "7": "0.13", "8": "-15.86%", "9": "-15.86%"}, "2022-09-30": {"1": "419", "2": "11.94%", "3": "422", "4": "-378.85", "5": "-27.59", "6": "-0.22", "7": "0.19", "8": "-400.00%", "9": "-400.00%"}, "2022-06-30": {"1": "417", "2": "-", "3": "420", "4": "-159.44", "5": "-29.41", "6": "-0.21", "7": "0.25", "8": "-400.00%", "9": "-400.00%"}, "2022-03-31": {"1": "419", "2": "-", "3": "421", "4": "-170.23", "5": "-29.85", "6": "-0.21", "7": "0.40", "8": "-236.34%", "9": "-236.34%"}, "2021-12-31": {"1": "419", "2": "-", "3": "421", "4": "-315.10", "5": "-32.50", "6": "-0.16", "7": "0.65", "8": "-", "9": "-"}, "2021-09-30": {"1": "374", "2": "-", "3": "375", "4": "-760.26", "5": "-31.01", "6": "-0.17", "7": "0.99", "8": "-", "9": "-"}, "2021-06-30": {"1": "-", "2": "-", "3": "0", "4": "-", "5": "-", "6": "6.58", "7": "1.02", "8": "-", "9": "-"}, "2021-03-31": {"1": "-", "2": "-", "3": "0", "4": "-", "5": "-", "6": "5.74", "7": "-", "8": null, "9": null}}}, "stock_price": {"symbol": {"0": "ACRO", "1": "ACRO", "2": "ACRO", "3": "ACRO", "4": "ACRO", "5": "ACRO", "6": "ACRO", "7": "ACRO", "8": "ACRO", "9": "ACRO", "10": "ACRO", "11": "ACRO", "12": "ACRO", "13": "ACRO", "14": "ACRO", "15": "ACRO", "16": "ACRO", "17": "ACRO", "18": "ACRO", "19": "ACRO", "20": "ACRO", "21": "ACRO", "22": "ACRO", "23": "ACRO", "24": "ACRO", "25": "ACRO", "26": "ACRO", "27": "ACRO", "28": "ACRO", "29": "ACRO", "30": "ACRO", "31": "ACRO", "32": "ACRO", "33": "ACRO", "34": "ACRO", "35": "ACRO", "36": "ACRO", "37": "ACRO", "38": "ACRO", "39": "ACRO", "40": "ACRO", "41": "ACRO", "42": "ACRO", "43": "ACRO", "44": "ACRO", "45": "ACRO", "46": "ACRO", "47": "ACRO", "48": "ACRO", "49": "ACRO", "50": "ACRO", "51": "ACRO", "52": "ACRO", "53": "ACRO", "54": "ACRO", "55": "ACRO", "56": "ACRO", "57": "ACRO", "58": "ACRO", "59": "ACRO", "60": "ACRO", "61": "ACRO", "62": "ACRO", "63": "ACRO", "64": "ACRO", "65": "ACRO", "66": "ACRO", "67": "ACRO", "68": "ACRO", "69": "ACRO", "70": "ACRO", "71": "ACRO", "72": "ACRO", "73": "ACRO", "74": "ACRO", "75": "ACRO", "76": "ACRO", "77": "ACRO", "78": "ACRO", "79": "ACRO", "80": "ACRO", "81": "ACRO", "82": "ACRO", "83": "ACRO", "84": "ACRO", "85": "ACRO", "86": "ACRO", "87": "ACRO", "88": "ACRO", "89": "ACRO", "90": "ACRO", "91": "ACRO", "92": "ACRO", "93": "ACRO", "94": "ACRO", "95": "ACRO", "96": "ACRO", "97": "ACRO", "98": "ACRO", "99": "ACRO", "100": "ACRO", "101": "ACRO", "102": "ACRO", "103": "ACRO", "104": "ACRO", "105": "ACRO", "106": "ACRO", "107": "ACRO", "108": "ACRO", "109": "ACRO", "110": "ACRO", "111": "ACRO", "112": "ACRO", "113": "ACRO", "114": "ACRO", "115": "ACRO", "116": "ACRO", "117": "ACRO", "118": "ACRO", "119": "ACRO", "120": "ACRO", "121": "ACRO", "122": "ACRO", "123": "ACRO", "124": "ACRO", "125": "ACRO", "126": "ACRO", "127": "ACRO", "128": "ACRO", "129": "ACRO", "130": "ACRO", "131": "ACRO", "132": "ACRO", "133": "ACRO", "134": "ACRO", "135": "ACRO", "136": "ACRO", "137": "ACRO", "138": "ACRO", "139": "ACRO", "140": "ACRO", "141": "ACRO", "142": "ACRO", "143": "ACRO", "144": "ACRO", "145": "ACRO", "146": "ACRO", "147": "ACRO", "148": "ACRO", "149": "ACRO", "150": "ACRO", "151": "ACRO", "152": "ACRO", "153": "ACRO", "154": "ACRO", "155": "ACRO", "156": "ACRO", "157": "ACRO", "158": "ACRO", "159": "ACRO", "160": "ACRO", "161": "ACRO", "162": "ACRO", "163": "ACRO", "164": "ACRO", "165": "ACRO", "166": "ACRO", "167": "ACRO", "168": "ACRO", "169": "ACRO", "170": "ACRO", "171": "ACRO", "172": "ACRO", "173": "ACRO", "174": "ACRO", "175": "ACRO", "176": "ACRO", "177": "ACRO", "178": "ACRO", "179": "ACRO", "180": "ACRO", "181": "ACRO", "182": "ACRO", "183": "ACRO", "184": "ACRO", "185": "ACRO", "186": "ACRO", "187": "ACRO", "188": "ACRO", "189": "ACRO", "190": "ACRO", "191": "ACRO", "192": "ACRO", "193": "ACRO", "194": "ACRO", "195": "ACRO", "196": "ACRO", "197": "ACRO", "198": "ACRO", "199": "ACRO", "200": "ACRO", "201": "ACRO", "202": "ACRO", "203": "ACRO", "204": "ACRO", "205": "ACRO", "206": "ACRO", "207": "ACRO", "208": "ACRO", "209": "ACRO", "210": "ACRO", "211": "ACRO", "212": "ACRO", "213": "ACRO", "214": "ACRO", "215": "ACRO", "216": "ACRO", "217": "ACRO", "218": "ACRO", "219": "ACRO", "220": "ACRO", "221": "ACRO", "222": "ACRO", "223": "ACRO", "224": "ACRO", "225": "ACRO", "226": "ACRO", "227": "ACRO", "228": "ACRO", "229": "ACRO", "230": "ACRO", "231": "ACRO", "232": "ACRO", "233": "ACRO", "234": "ACRO", "235": "ACRO", "236": "ACRO", "237": "ACRO", "238": "ACRO", "239": "ACRO", "240": "ACRO", "241": "ACRO", "242": "ACRO", "243": "ACRO", "244": "ACRO", "245": "ACRO", "246": "ACRO", "247": "ACRO", "248": "ACRO", "249": "ACRO", "250": "ACRO", "251": "ACRO", "252": "ACRO", "253": "ACRO", "254": "ACRO", "255": "ACRO", "256": "ACRO", "257": "ACRO", "258": "ACRO", "259": "ACRO", "260": "ACRO", "261": "ACRO", "262": "ACRO", "263": "ACRO", "264": "ACRO", "265": "ACRO", "266": "ACRO", "267": "ACRO", "268": "ACRO", "269": "ACRO", "270": "ACRO", "271": "ACRO", "272": "ACRO", "273": "ACRO", "274": "ACRO", "275": "ACRO", "276": "ACRO", "277": "ACRO", "278": "ACRO", "279": "ACRO", "280": "ACRO", "281": "ACRO", "282": "ACRO", "283": "ACRO", "284": "ACRO", "285": "ACRO", "286": "ACRO", "287": "ACRO", "288": "ACRO", "289": "ACRO", "290": "ACRO", "291": "ACRO", "292": "ACRO", "293": "ACRO", "294": "ACRO", "295": "ACRO", "296": "ACRO", "297": "ACRO", "298": "ACRO", "299": "ACRO", "300": "ACRO", "301": "ACRO", "302": "ACRO", "303": "ACRO", "304": "ACRO", "305": "ACRO", "306": "ACRO", "307": "ACRO", "308": "ACRO", "309": "ACRO", "310": "ACRO", "311": "ACRO", "312": "ACRO", "313": "ACRO", "314": "ACRO", "315": "ACRO", "316": "ACRO", "317": "ACRO", "318": "ACRO", "319": "ACRO", "320": "ACRO", "321": "ACRO", "322": "ACRO", "323": "ACRO", "324": "ACRO", "325": "ACRO", "326": "ACRO", "327": "ACRO", "328": "ACRO", "329": "ACRO", "330": "ACRO", "331": "ACRO", "332": "ACRO", "333": "ACRO", "334": "ACRO", "335": "ACRO", "336": "ACRO", "337": "ACRO", "338": "ACRO", "339": "ACRO", "340": "ACRO", "341": "ACRO", "342": "ACRO", "343": "ACRO", "344": "ACRO", "345": "ACRO", "346": "ACRO", "347": "ACRO", "348": "ACRO", "349": "ACRO", "350": "ACRO", "351": "ACRO", "352": "ACRO", "353": "ACRO", "354": "ACRO", "355": "ACRO", "356": "ACRO", "357": "ACRO", "358": "ACRO", "359": "ACRO", "360": "ACRO", "361": "ACRO", "362": "ACRO", "363": "ACRO", "364": "ACRO", "365": "ACRO", "366": "ACRO", "367": "ACRO", "368": "ACRO", "369": "ACRO", "370": "ACRO", "371": "ACRO", "372": "ACRO", "373": "ACRO", "374": "ACRO", "375": "ACRO", "376": "ACRO", "377": "ACRO", "378": "ACRO", "379": "ACRO", "380": "ACRO", "381": "ACRO", "382": "ACRO", "383": "ACRO", "384": "ACRO", "385": "ACRO", "386": "ACRO", "387": "ACRO", "388": "ACRO", "389": "ACRO", "390": "ACRO", "391": "ACRO", "392": "ACRO", "393": "ACRO", "394": "ACRO", "395": "ACRO", "396": "ACRO", "397": "ACRO", "398": "ACRO", "399": "ACRO", "400": "ACRO", "401": "ACRO", "402": "ACRO", "403": "ACRO", "404": "ACRO", "405": "ACRO", "406": "ACRO", "407": "ACRO", "408": "ACRO", "409": "ACRO", "410": "ACRO", "411": "ACRO", "412": "ACRO", "413": "ACRO", "414": "ACRO", "415": "ACRO", "416": "ACRO", "417": "ACRO", "418": "ACRO", "419": "ACRO", "420": "ACRO", "421": "ACRO", "422": "ACRO", "423": "ACRO", "424": "ACRO", "425": "ACRO", "426": "ACRO", "427": "ACRO", "428": "ACRO", "429": "ACRO", "430": "ACRO", "431": "ACRO", "432": "ACRO", "433": "ACRO", "434": "ACRO", "435": "ACRO", "436": "ACRO", "437": "ACRO", "438": "ACRO", "439": "ACRO", "440": "ACRO", "441": "ACRO", "442": "ACRO", "443": "ACRO", "444": "ACRO", "445": "ACRO", "446": "ACRO", "447": "ACRO", "448": "ACRO", "449": "ACRO", "450": "ACRO", "451": "ACRO", "452": "ACRO", "453": "ACRO", "454": "ACRO", "455": "ACRO", "456": "ACRO", "457": "ACRO", "458": "ACRO", "459": "ACRO", "460": "ACRO", "461": "ACRO"}, "date": {"0": "2021-08-30", "1": "2021-08-31", "2": "2021-09-01", "3": "2021-09-02", "4": "2021-09-03", "5": "2021-09-07", "6": "2021-09-08", "7": "2021-09-09", "8": "2021-09-10", "9": "2021-09-13", "10": "2021-09-14", "11": "2021-09-15", "12": "2021-09-16", "13": "2021-09-17", "14": "2021-09-20", "15": "2021-09-21", "16": "2021-09-22", "17": "2021-09-23", "18": "2021-09-24", "19": "2021-09-27", "20": "2021-09-28", "21": "2021-09-29", "22": "2021-09-30", "23": "2021-10-01", "24": "2021-10-04", "25": "2021-10-05", "26": "2021-10-06", "27": "2021-10-07", "28": "2021-10-08", "29": "2021-10-11", "30": "2021-10-12", "31": "2021-10-13", "32": "2021-10-14", "33": "2021-10-15", "34": "2021-10-18", "35": "2021-10-19", "36": "2021-10-20", "37": "2021-10-21", "38": "2021-10-22", "39": "2021-10-25", "40": "2021-10-26", "41": "2021-10-27", "42": "2021-10-28", "43": "2021-10-29", "44": "2021-11-01", "45": "2021-11-02", "46": "2021-11-03", "47": "2021-11-04", "48": "2021-11-05", "49": "2021-11-08", "50": "2021-11-09", "51": "2021-11-10", "52": "2021-11-11", "53": "2021-11-12", "54": "2021-11-15", "55": "2021-11-16", "56": "2021-11-17", "57": "2021-11-18", "58": "2021-11-19", "59": "2021-11-22", "60": "2021-11-23", "61": "2021-11-24", "62": "2021-11-26", "63": "2021-11-29", "64": "2021-11-30", "65": "2021-12-01", "66": "2021-12-02", "67": "2021-12-03", "68": "2021-12-06", "69": "2021-12-07", "70": "2021-12-08", "71": "2021-12-09", "72": "2021-12-10", "73": "2021-12-13", "74": "2021-12-14", "75": "2021-12-15", "76": "2021-12-16", "77": "2021-12-17", "78": "2021-12-20", "79": "2021-12-21", "80": "2021-12-22", "81": "2021-12-23", "82": "2021-12-27", "83": "2021-12-28", "84": "2021-12-29", "85": "2021-12-30", "86": "2021-12-31", "87": "2022-01-03", "88": "2022-01-04", "89": "2022-01-05", "90": "2022-01-06", "91": "2022-01-07", "92": "2022-01-10", "93": "2022-01-11", "94": "2022-01-12", "95": "2022-01-13", "96": "2022-01-14", "97": "2022-01-18", "98": "2022-01-19", "99": "2022-01-20", "100": "2022-01-21", "101": "2022-01-24", "102": "2022-01-25", "103": "2022-01-26", "104": "2022-01-27", "105": "2022-01-28", "106": "2022-01-31", "107": "2022-02-01", "108": "2022-02-02", "109": "2022-02-03", "110": "2022-02-04", "111": "2022-02-07", "112": "2022-02-08", "113": "2022-02-09", "114": "2022-02-10", "115": "2022-02-11", "116": "2022-02-14", "117": "2022-02-15", "118": "2022-02-16", "119": "2022-02-17", "120": "2022-02-18", "121": "2022-02-22", "122": "2022-02-23", "123": "2022-02-24", "124": "2022-02-25", "125": "2022-02-28", "126": "2022-03-01", "127": "2022-03-02", "128": "2022-03-03", "129": "2022-03-04", "130": "2022-03-07", "131": "2022-03-08", "132": "2022-03-09", "133": "2022-03-10", "134": "2022-03-11", "135": "2022-03-14", "136": "2022-03-15", "137": "2022-03-16", "138": "2022-03-17", "139": "2022-03-18", "140": "2022-03-21", "141": "2022-03-22", "142": "2022-03-23", "143": "2022-03-24", "144": "2022-03-25", "145": "2022-03-28", "146": "2022-03-29", "147": "2022-03-30", "148": "2022-03-31", "149": "2022-04-01", "150": "2022-04-04", "151": "2022-04-05", "152": "2022-04-06", "153": "2022-04-07", "154": "2022-04-08", "155": "2022-04-11", "156": "2022-04-12", "157": "2022-04-13", "158": "2022-04-14", "159": "2022-04-18", "160": "2022-04-19", "161": "2022-04-20", "162": "2022-04-21", "163": "2022-04-22", "164": "2022-04-25", "165": "2022-04-26", "166": "2022-04-27", "167": "2022-04-28", "168": "2022-04-29", "169": "2022-05-02", "170": "2022-05-03", "171": "2022-05-04", "172": "2022-05-05", "173": "2022-05-06", "174": "2022-05-09", "175": "2022-05-10", "176": "2022-05-11", "177": "2022-05-12", "178": "2022-05-13", "179": "2022-05-16", "180": "2022-05-17", "181": "2022-05-18", "182": "2022-05-19", "183": "2022-05-20", "184": "2022-05-23", "185": "2022-05-24", "186": "2022-05-25", "187": "2022-05-26", "188": "2022-05-27", "189": "2022-05-31", "190": "2022-06-01", "191": "2022-06-02", "192": "2022-06-03", "193": "2022-06-06", "194": "2022-06-07", "195": "2022-06-08", "196": "2022-06-09", "197": "2022-06-10", "198": "2022-06-13", "199": "2022-06-14", "200": "2022-06-15", "201": "2022-06-16", "202": "2022-06-17", "203": "2022-06-21", "204": "2022-06-22", "205": "2022-06-23", "206": "2022-06-24", "207": "2022-06-27", "208": "2022-06-28", "209": "2022-06-29", "210": "2022-06-30", "211": "2022-07-01", "212": "2022-07-05", "213": "2022-07-06", "214": "2022-07-07", "215": "2022-07-08", "216": "2022-07-11", "217": "2022-07-12", "218": "2022-07-13", "219": "2022-07-14", "220": "2022-07-15", "221": "2022-07-18", "222": "2022-07-19", "223": "2022-07-20", "224": "2022-07-21", "225": "2022-07-22", "226": "2022-07-25", "227": "2022-07-26", "228": "2022-07-27", "229": "2022-07-28", "230": "2022-07-29", "231": "2022-08-01", "232": "2022-08-02", "233": "2022-08-03", "234": "2022-08-04", "235": "2022-08-05", "236": "2022-08-08", "237": "2022-08-09", "238": "2022-08-10", "239": "2022-08-11", "240": "2022-08-12", "241": "2022-08-15", "242": "2022-08-16", "243": "2022-08-17", "244": "2022-08-18", "245": "2022-08-19", "246": "2022-08-22", "247": "2022-08-23", "248": "2022-08-24", "249": "2022-08-25", "250": "2022-08-26", "251": "2022-08-29", "252": "2022-08-30", "253": "2022-08-31", "254": "2022-09-01", "255": "2022-09-02", "256": "2022-09-06", "257": "2022-09-07", "258": "2022-09-08", "259": "2022-09-09", "260": "2022-09-12", "261": "2022-09-13", "262": "2022-09-14", "263": "2022-09-15", "264": "2022-09-16", "265": "2022-09-19", "266": "2022-09-20", "267": "2022-09-21", "268": "2022-09-22", "269": "2022-09-23", "270": "2022-09-26", "271": "2022-09-27", "272": "2022-09-28", "273": "2022-09-29", "274": "2022-09-30", "275": "2022-10-03", "276": "2022-10-04", "277": "2022-10-05", "278": "2022-10-06", "279": "2022-10-07", "280": "2022-10-10", "281": "2022-10-11", "282": "2022-10-12", "283": "2022-10-13", "284": "2022-10-14", "285": "2022-10-17", "286": "2022-10-18", "287": "2022-10-19", "288": "2022-10-20", "289": "2022-10-21", "290": "2022-10-24", "291": "2022-10-25", "292": "2022-10-26", "293": "2022-10-27", "294": "2022-10-28", "295": "2022-10-31", "296": "2022-11-01", "297": "2022-11-02", "298": "2022-11-03", "299": "2022-11-04", "300": "2022-11-07", "301": "2022-11-08", "302": "2022-11-09", "303": "2022-11-10", "304": "2022-11-11", "305": "2022-11-14", "306": "2022-11-15", "307": "2022-11-16", "308": "2022-11-17", "309": "2022-11-18", "310": "2022-11-21", "311": "2022-11-22", "312": "2022-11-23", "313": "2022-11-25", "314": "2022-11-28", "315": "2022-11-29", "316": "2022-11-30", "317": "2022-12-01", "318": "2022-12-02", "319": "2022-12-05", "320": "2022-12-06", "321": "2022-12-07", "322": "2022-12-08", "323": "2022-12-09", "324": "2022-12-12", "325": "2022-12-13", "326": "2022-12-14", "327": "2022-12-15", "328": "2022-12-16", "329": "2022-12-19", "330": "2022-12-20", "331": "2022-12-21", "332": "2022-12-22", "333": "2022-12-23", "334": "2022-12-27", "335": "2022-12-28", "336": "2022-12-29", "337": "2022-12-30", "338": "2023-01-03", "339": "2023-01-04", "340": "2023-01-05", "341": "2023-01-06", "342": "2023-01-09", "343": "2023-01-10", "344": "2023-01-11", "345": "2023-01-12", "346": "2023-01-13", "347": "2023-01-17", "348": "2023-01-18", "349": "2023-01-19", "350": "2023-01-20", "351": "2023-01-23", "352": "2023-01-24", "353": "2023-01-25", "354": "2023-01-26", "355": "2023-01-27", "356": "2023-01-30", "357": "2023-01-31", "358": "2023-02-01", "359": "2023-02-02", "360": "2023-02-03", "361": "2023-02-06", "362": "2023-02-07", "363": "2023-02-08", "364": "2023-02-09", "365": "2023-02-10", "366": "2023-02-13", "367": "2023-02-14", "368": "2023-02-15", "369": "2023-02-16", "370": "2023-02-17", "371": "2023-02-21", "372": "2023-02-22", "373": "2023-02-23", "374": "2023-02-24", "375": "2023-02-27", "376": "2023-02-28", "377": "2023-03-01", "378": "2023-03-02", "379": "2023-03-03", "380": "2023-03-06", "381": "2023-03-07", "382": "2023-03-08", "383": "2023-03-09", "384": "2023-03-10", "385": "2023-03-13", "386": "2023-03-14", "387": "2023-03-15", "388": "2023-03-16", "389": "2023-03-17", "390": "2023-03-20", "391": "2023-03-21", "392": "2023-03-22", "393": "2023-03-23", "394": "2023-03-24", "395": "2023-03-27", "396": "2023-03-28", "397": "2023-03-29", "398": "2023-03-30", "399": "2023-03-31", "400": "2023-04-03", "401": "2023-04-04", "402": "2023-04-05", "403": "2023-04-06", "404": "2023-04-10", "405": "2023-04-11", "406": "2023-04-12", "407": "2023-04-13", "408": "2023-04-14", "409": "2023-04-17", "410": "2023-04-18", "411": "2023-04-19", "412": "2023-04-20", "413": "2023-04-21", "414": "2023-04-24", "415": "2023-04-25", "416": "2023-04-26", "417": "2023-04-27", "418": "2023-04-28", "419": "2023-05-01", "420": "2023-05-02", "421": "2023-05-03", "422": "2023-05-04", "423": "2023-05-05", "424": "2023-05-08", "425": "2023-05-09", "426": "2023-05-10", "427": "2023-05-11", "428": "2023-05-12", "429": "2023-05-15", "430": "2023-05-16", "431": "2023-05-17", "432": "2023-05-18", "433": "2023-05-19", "434": "2023-05-22", "435": "2023-05-23", "436": "2023-05-24", "437": "2023-05-25", "438": "2023-05-26", "439": "2023-05-30", "440": "2023-05-31", "441": "2023-06-01", "442": "2023-06-02", "443": "2023-06-05", "444": "2023-06-06", "445": "2023-06-07", "446": "2023-06-08", "447": "2023-06-09", "448": "2023-06-12", "449": "2023-06-13", "450": "2023-06-14", "451": "2023-06-15", "452": "2023-06-16", "453": "2023-06-20", "454": "2023-06-21", "455": "2023-06-22", "456": "2023-06-23", "457": "2023-06-26", "458": "2023-06-27", "459": "2023-06-28", "460": "2023-06-29", "461": "2023-06-29"}, "open": {"0": 9.789999961853027, "1": 9.720000267028809, "2": 9.819999694824219, "3": 9.819999694824219, "4": 9.819999694824219, "5": 9.699999809265137, "6": 9.65999984741211, "7": 9.65999984741211, "8": 9.65999984741211, "9": 9.630000114440918, "10": 9.649999618530273, "11": 9.710000038146973, "12": 9.630000114440918, "13": 9.699999809265137, "14": 9.760000228881836, "15": 9.760000228881836, "16": 9.699999809265137, "17": 9.770000457763672, "18": 9.760000228881836, "19": 9.682000160217285, "20": 9.706999778747559, "21": 9.75, "22": 9.680000305175781, "23": 9.699999809265137, "24": 9.75, "25": 9.71500015258789, "26": 9.71500015258789, "27": 9.75, "28": 9.710000038146973, "29": 9.710000038146973, "30": 9.75, "31": 9.75, "32": 9.75, "33": 9.699999809265137, "34": 9.699999809265137, "35": 9.699999809265137, "36": 9.699999809265137, "37": 9.6899995803833, "38": 9.720000267028809, "39": 9.739999771118164, "40": 9.75, "41": 9.720000267028809, "42": 9.729999542236328, "43": 9.699999809265137, "44": 9.699999809265137, "45": 9.699999809265137, "46": 9.6899995803833, "47": 9.710000038146973, "48": 9.699999809265137, "49": 9.699999809265137, "50": 9.720000267028809, "51": 9.739999771118164, "52": 9.720000267028809, "53": 9.710000038146973, "54": 9.6899995803833, "55": 9.699999809265137, "56": 9.699999809265137, "57": 9.699999809265137, "58": 9.699999809265137, "59": 9.710000038146973, "60": 9.699999809265137, "61": 9.6899995803833, "62": 9.680000305175781, "63": 9.720000267028809, "64": 9.729999542236328, "65": 9.729999542236328, "66": 9.729999542236328, "67": 9.729999542236328, "68": 9.720000267028809, "69": 9.699999809265137, "70": 9.699999809265137, "71": 9.699999809265137, "72": 9.699999809265137, "73": 9.699999809265137, "74": 9.699999809265137, "75": 9.720000267028809, "76": 9.739999771118164, "77": 9.720000267028809, "78": 9.720000267028809, "79": 9.720000267028809, "80": 9.720000267028809, "81": 9.6899995803833, "82": 9.739999771118164, "83": 9.710000038146973, "84": 9.6899995803833, "85": 9.720000267028809, "86": 9.720000267028809, "87": 9.720000267028809, "88": 9.720000267028809, "89": 9.720000267028809, "90": 9.720000267028809, "91": 9.720000267028809, "92": 9.720000267028809, "93": 9.720000267028809, "94": 9.699999809265137, "95": 9.699999809265137, "96": 9.699999809265137, "97": 9.699999809265137, "98": 9.699999809265137, "99": 9.699999809265137, "100": 9.680000305175781, "101": 9.649999618530273, "102": 9.680000305175781, "103": 9.640000343322754, "104": 9.640000343322754, "105": 9.619999885559082, "106": 9.670000076293945, "107": 9.710000038146973, "108": 9.670000076293945, "109": 9.600000381469727, "110": 9.600000381469727, "111": 9.619999885559082, "112": 9.640000343322754, "113": 9.680000305175781, "114": 9.630000114440918, "115": 9.630000114440918, "116": 9.630000114440918, "117": 9.630000114440918, "118": 9.670000076293945, "119": 9.65999984741211, "120": 9.640000343322754, "121": 9.680000305175781, "122": 9.6899995803833, "123": 9.640000343322754, "124": 9.729999542236328, "125": 9.680000305175781, "126": 9.65999984741211, "127": 9.65999984741211, "128": 9.65999984741211, "129": 9.699999809265137, "130": 9.65999984741211, "131": 9.65999984741211, "132": 9.65999984741211, "133": 9.670000076293945, "134": 9.65999984741211, "135": 9.65999984741211, "136": 9.65999984741211, "137": 9.680000305175781, "138": 9.649999618530273, "139": 9.670000076293945, "140": 9.640000343322754, "141": 9.670000076293945, "142": 9.680000305175781, "143": 9.699999809265137, "144": 9.687000274658203, "145": 9.680000305175781, "146": 9.670000076293945, "147": 9.699999809265137, "148": 9.710000038146973, "149": 9.710000038146973, "150": 9.6899995803833, "151": 9.6899995803833, "152": 9.699999809265137, "153": 9.6899995803833, "154": 9.720000267028809, "155": 9.6899995803833, "156": 9.699999809265137, "157": 9.729999542236328, "158": 9.729999542236328, "159": 9.720000267028809, "160": 9.729999542236328, "161": 9.739999771118164, "162": 9.739999771118164, "163": 9.739999771118164, "164": 9.729999542236328, "165": 9.729999542236328, "166": 9.720000267028809, "167": 9.710000038146973, "168": 9.720000267028809, "169": 9.710000038146973, "170": 9.729999542236328, "171": 9.710000038146973, "172": 9.670000076293945, "173": 9.699999809265137, "174": 9.6899995803833, "175": 9.6899995803833, "176": 9.65999984741211, "177": 9.65999984741211, "178": 9.65999984741211, "179": 9.6899995803833, "180": 9.6899995803833, "181": 9.6899995803833, "182": 9.6899995803833, "183": 9.6899995803833, "184": 9.6899995803833, "185": 9.670000076293945, "186": 9.670000076293945, "187": 9.670000076293945, "188": 9.680000305175781, "189": 9.670000076293945, "190": 9.65999984741211, "191": 9.649999618530273, "192": 9.649999618530273, "193": 9.65999984741211, "194": 9.649999618530273, "195": 9.670000076293945, "196": 9.65999984741211, "197": 9.6899995803833, "198": 9.670000076293945, "199": 9.65999984741211, "200": 9.670000076293945, "201": 9.680000305175781, "202": 9.65999984741211, "203": 9.65999984741211, "204": 9.630000114440918, "205": 9.720000267028809, "206": 9.720000267028809, "207": 9.720000267028809, "208": 9.720000267028809, "209": 9.720000267028809, "210": 9.65999984741211, "211": 9.680000305175781, "212": 9.6899995803833, "213": 9.6899995803833, "214": 9.680000305175781, "215": 9.670000076293945, "216": 9.670000076293945, "217": 9.670000076293945, "218": 9.670000076293945, "219": 9.65999984741211, "220": 9.6899995803833, "221": 9.6899995803833, "222": 9.720000267028809, "223": 9.710000038146973, "224": 9.699999809265137, "225": 9.710000038146973, "226": 9.720000267028809, "227": 9.699999809265137, "228": 9.720000267028809, "229": 9.720000267028809, "230": 9.729999542236328, "231": 9.729999542236328, "232": 9.720000267028809, "233": 9.710000038146973, "234": 9.729999542236328, "235": 9.729999542236328, "236": 9.739999771118164, "237": 9.729999542236328, "238": 9.805000305175781, "239": 9.800000190734863, "240": 9.720000267028809, "241": 9.770000457763672, "242": 9.770000457763672, "243": 9.75, "244": 9.760000228881836, "245": 9.710000038146973, "246": 9.699999809265137, "247": 9.725000381469727, "248": 9.710000038146973, "249": 9.6899995803833, "250": 9.710000038146973, "251": 9.670000076293945, "252": 9.699999809265137, "253": 9.729999542236328, "254": 9.6899995803833, "255": 9.739999771118164, "256": 9.699999809265137, "257": 9.680000305175781, "258": 9.6899995803833, "259": 9.720000267028809, "260": 9.699999809265137, "261": 9.670000076293945, "262": 9.729999542236328, "263": 9.699999809265137, "264": 9.6899995803833, "265": 9.699999809265137, "266": 9.6899995803833, "267": 9.6899995803833, "268": 9.6899995803833, "269": 9.680000305175781, "270": 9.680000305175781, "271": 9.6899995803833, "272": 9.699999809265137, "273": 9.680000305175781, "274": 9.704999923706055, "275": 9.71500015258789, "276": 9.710000038146973, "277": 9.720000267028809, "278": 9.720000267028809, "279": 9.75, "280": 9.75, "281": 9.75, "282": 9.789999961853027, "283": 9.789999961853027, "284": 9.869999885559082, "285": 9.800000190734863, "286": 9.819999694824219, "287": 9.829999923706055, "288": 9.84000015258789, "289": 9.819999694824219, "290": 9.84000015258789, "291": 9.819999694824219, "292": 9.84000015258789, "293": 9.869999885559082, "294": 9.8100004196167, "295": 9.75, "296": 9.819999694824219, "297": 9.850000381469727, "298": 9.850000381469727, "299": 9.84000015258789, "300": 9.819999694824219, "301": 9.8100004196167, "302": 9.859999656677246, "303": 9.859999656677246, "304": 9.859999656677246, "305": 9.850000381469727, "306": 9.899999618530273, "307": 9.960000038146973, "308": 9.859999656677246, "309": 9.850000381469727, "310": 9.845000267028809, "311": 9.829999923706055, "312": 9.960000038146973, "313": 9.859999656677246, "314": 9.869999885559082, "315": 9.880000114440918, "316": 9.920000076293945, "317": 9.875, "318": 9.869999885559082, "319": 9.869999885559082, "320": 9.880000114440918, "321": 9.880000114440918, "322": 9.895000457763672, "323": 9.90999984741211, "324": 9.890000343322754, "325": 9.90999984741211, "326": 9.880000114440918, "327": 9.90999984741211, "328": 9.890000343322754, "329": 9.880000114440918, "330": 9.880000114440918, "331": 9.890000343322754, "332": 9.895999908447266, "333": 9.899999618530273, "334": 9.880000114440918, "335": 9.880000114440918, "336": 9.9399995803833, "337": 9.949999809265137, "338": 9.916999816894531, "339": 9.949999809265137, "340": 9.96500015258789, "341": 9.970000267028809, "342": 9.9399995803833, "343": 10.0, "344": 9.979999542236328, "345": 9.982999801635742, "346": 9.989999771118164, "347": 10.010000228881836, "348": 10.010000228881836, "349": 10.020000457763672, "350": 10.029999732971191, "351": 10.3100004196167, "352": 9.960000038146973, "353": 10.050000190734863, "354": 10.055000305175781, "355": 10.0600004196167, "356": 10.170000076293945, "357": 10.050000190734863, "358": 10.0600004196167, "359": 10.0600004196167, "360": 10.050000190734863, "361": 10.0600004196167, "362": 10.0600004196167, "363": 10.074999809265137, "364": 10.0600004196167, "365": 10.079999923706055, "366": 10.100000381469727, "367": 10.0600004196167, "368": 10.074999809265137, "369": 10.140000343322754, "370": 10.0600004196167, "371": 10.0600004196167, "372": 10.0600004196167, "373": 10.069999694824219, "374": 10.07800006866455, "375": 10.079999923706055, "376": 10.09000015258789, "377": 10.097000122070312, "378": 10.100000381469727, "379": 10.100000381469727, "380": 10.100000381469727, "381": 10.270000457763672, "382": 10.119999885559082, "383": 10.100000381469727, "384": 10.109999656677246, "385": 10.11299991607666, "386": 10.220000267028809, "387": 10.119999885559082, "388": 10.119999885559082, "389": 10.100000381469727, "390": 10.109999656677246, "391": 10.119999885559082, "392": 10.109999656677246, "393": 10.109999656677246, "394": 10.109999656677246, "395": 10.25, "396": 10.130000114440918, "397": 10.119999885559082, "398": 10.119999885559082, "399": 10.130000114440918, "400": 10.140000343322754, "401": 10.130000114440918, "402": 10.130999565124512, "403": 10.130000114440918, "404": 10.135000228881836, "405": 10.130000114440918, "406": 10.130000114440918, "407": 10.130000114440918, "408": 10.130000114440918, "409": 10.130000114440918, "410": 10.140000343322754, "411": 10.140000343322754, "412": 10.130999565124512, "413": 10.140000343322754, "414": 10.140000343322754, "415": 10.130000114440918, "416": 10.25, "417": 10.130000114440918, "418": 10.140000343322754, "419": 10.260000228881836, "420": 10.1899995803833, "421": 10.175000190734863, "422": 10.149999618530273, "423": 10.15999984741211, "424": 10.180000305175781, "425": 10.149999618530273, "426": 10.180000305175781, "427": 10.199999809265137, "428": 10.140000343322754, "429": 10.149999618530273, "430": 10.210000038146973, "431": 10.1899995803833, "432": 10.15999984741211, "433": 10.199999809265137, "434": 10.199999809265137, "435": 10.210000038146973, "436": 10.220000267028809, "437": 10.220000267028809, "438": 10.220000267028809, "439": 10.25, "440": 10.210000038146973, "441": 10.229999542236328, "442": 10.260000228881836, "443": 10.210000038146973, "444": 10.260000228881836, "445": 10.270000457763672, "446": 10.260000228881836, "447": 10.279999732971191, "448": 10.289999961853027, "449": 10.3100004196167, "450": 10.295000076293945, "451": 10.289999961853027, "452": 10.279999732971191, "453": 10.25, "454": 10.239999771118164, "455": 10.260000228881836, "456": 10.260000228881836, "457": 10.270000457763672, "458": 10.279999732971191, "459": 10.119999885559082, "460": 10.140000343322754, "461": 10.140000343322754}, "high": {"0": 9.789999961853027, "1": 9.720000267028809, "2": 9.819999694824219, "3": 9.819999694824219, "4": 9.819999694824219, "5": 9.819999694824219, "6": 9.6899995803833, "7": 9.65999984741211, "8": 9.65999984741211, "9": 9.65999984741211, "10": 9.75, "11": 9.710000038146973, "12": 9.75, "13": 9.739999771118164, "14": 9.760000228881836, "15": 9.760000228881836, "16": 9.760000228881836, "17": 9.770000457763672, "18": 9.760000228881836, "19": 9.760000228881836, "20": 9.706999778747559, "21": 9.75, "22": 9.680000305175781, "23": 9.699999809265137, "24": 9.75, "25": 9.71500015258789, "26": 9.71500015258789, "27": 9.75, "28": 9.710000038146973, "29": 9.710000038146973, "30": 9.75, "31": 9.75, "32": 9.75, "33": 9.699999809265137, "34": 9.699999809265137, "35": 9.699999809265137, "36": 9.699999809265137, "37": 9.699999809265137, "38": 9.720000267028809, "39": 9.739999771118164, "40": 9.75, "41": 9.75, "42": 9.75, "43": 9.708000183105469, "44": 9.710000038146973, "45": 9.720000267028809, "46": 9.699999809265137, "47": 9.720000267028809, "48": 9.699999809265137, "49": 9.720000267028809, "50": 9.729999542236328, "51": 9.739999771118164, "52": 9.720000267028809, "53": 9.725000381469727, "54": 9.720000267028809, "55": 9.710000038146973, "56": 9.699999809265137, "57": 9.699999809265137, "58": 9.710000038146973, "59": 9.710000038146973, "60": 9.710000038146973, "61": 9.710000038146973, "62": 9.720000267028809, "63": 9.729999542236328, "64": 9.729999542236328, "65": 9.729999542236328, "66": 9.729999542236328, "67": 9.739999771118164, "68": 9.739999771118164, "69": 9.729999542236328, "70": 9.699999809265137, "71": 9.699999809265137, "72": 9.699999809265137, "73": 9.699999809265137, "74": 9.699999809265137, "75": 9.739999771118164, "76": 9.75, "77": 9.720000267028809, "78": 9.720000267028809, "79": 9.720000267028809, "80": 9.720000267028809, "81": 9.699999809265137, "82": 9.739999771118164, "83": 9.710000038146973, "84": 9.720000267028809, "85": 9.720000267028809, "86": 9.720000267028809, "87": 9.720000267028809, "88": 9.739999771118164, "89": 9.75, "90": 9.720000267028809, "91": 9.720000267028809, "92": 9.720000267028809, "93": 9.720000267028809, "94": 9.725000381469727, "95": 9.699999809265137, "96": 9.699999809265137, "97": 9.699999809265137, "98": 9.699999809265137, "99": 9.699999809265137, "100": 9.680000305175781, "101": 9.65999984741211, "102": 9.680000305175781, "103": 9.640000343322754, "104": 9.640000343322754, "105": 9.619999885559082, "106": 9.6899995803833, "107": 9.710000038146973, "108": 9.670000076293945, "109": 9.689000129699707, "110": 9.6850004196167, "111": 9.720000267028809, "112": 9.720000267028809, "113": 9.75, "114": 9.717000007629395, "115": 9.720000267028809, "116": 9.680000305175781, "117": 9.710000038146973, "118": 9.699999809265137, "119": 9.6899995803833, "120": 9.720000267028809, "121": 9.720000267028809, "122": 9.699999809265137, "123": 9.720000267028809, "124": 9.729999542236328, "125": 9.680000305175781, "126": 9.670000076293945, "127": 9.65999984741211, "128": 9.699999809265137, "129": 9.710000038146973, "130": 9.710000038146973, "131": 9.6899995803833, "132": 9.670000076293945, "133": 9.670000076293945, "134": 9.670000076293945, "135": 9.65999984741211, "136": 9.710000038146973, "137": 9.680000305175781, "138": 9.65999984741211, "139": 9.680000305175781, "140": 9.6899995803833, "141": 9.670000076293945, "142": 9.710000038146973, "143": 9.699999809265137, "144": 9.687000274658203, "145": 9.680000305175781, "146": 9.670000076293945, "147": 9.699999809265137, "148": 9.710000038146973, "149": 9.710000038146973, "150": 9.699999809265137, "151": 9.699999809265137, "152": 9.699999809265137, "153": 9.699999809265137, "154": 9.720000267028809, "155": 9.6899995803833, "156": 9.699999809265137, "157": 9.729999542236328, "158": 9.75, "159": 9.720000267028809, "160": 9.75, "161": 9.739999771118164, "162": 9.739999771118164, "163": 9.739999771118164, "164": 9.739999771118164, "165": 9.729999542236328, "166": 9.720000267028809, "167": 9.720000267028809, "168": 9.720000267028809, "169": 9.710000038146973, "170": 9.729999542236328, "171": 9.710000038146973, "172": 9.710000038146973, "173": 9.710000038146973, "174": 9.699999809265137, "175": 9.699999809265137, "176": 9.65999984741211, "177": 9.65999984741211, "178": 9.65999984741211, "179": 9.6899995803833, "180": 9.6899995803833, "181": 9.6899995803833, "182": 9.6899995803833, "183": 9.6899995803833, "184": 9.6899995803833, "185": 9.670000076293945, "186": 9.670000076293945, "187": 9.670000076293945, "188": 9.680000305175781, "189": 9.670000076293945, "190": 9.65999984741211, "191": 9.649999618530273, "192": 9.65999984741211, "193": 9.65999984741211, "194": 9.65999984741211, "195": 9.670000076293945, "196": 9.65999984741211, "197": 9.6899995803833, "198": 9.670000076293945, "199": 9.65999984741211, "200": 9.6899995803833, "201": 9.680000305175781, "202": 9.65999984741211, "203": 9.65999984741211, "204": 9.680000305175781, "205": 9.720000267028809, "206": 9.720000267028809, "207": 9.720000267028809, "208": 9.720000267028809, "209": 9.720000267028809, "210": 9.670000076293945, "211": 9.6899995803833, "212": 9.6899995803833, "213": 9.6899995803833, "214": 9.6899995803833, "215": 9.670000076293945, "216": 9.670000076293945, "217": 9.670000076293945, "218": 9.670000076293945, "219": 9.65999984741211, "220": 9.699999809265137, "221": 9.699999809265137, "222": 9.720000267028809, "223": 9.710000038146973, "224": 9.710000038146973, "225": 9.710000038146973, "226": 9.720000267028809, "227": 9.699999809265137, "228": 9.720000267028809, "229": 9.720000267028809, "230": 9.729999542236328, "231": 9.729999542236328, "232": 9.720000267028809, "233": 9.729999542236328, "234": 9.729999542236328, "235": 9.739999771118164, "236": 9.760000228881836, "237": 9.739999771118164, "238": 9.805000305175781, "239": 9.800000190734863, "240": 9.770000457763672, "241": 9.770000457763672, "242": 9.770000457763672, "243": 9.770000457763672, "244": 9.760000228881836, "245": 9.71500015258789, "246": 9.710000038146973, "247": 9.725000381469727, "248": 9.720000267028809, "249": 9.710000038146973, "250": 9.710000038146973, "251": 9.710000038146973, "252": 9.699999809265137, "253": 9.729999542236328, "254": 9.720000267028809, "255": 9.739999771118164, "256": 9.710000038146973, "257": 9.680000305175781, "258": 9.710000038146973, "259": 9.720000267028809, "260": 9.710000038146973, "261": 9.720000267028809, "262": 9.729999542236328, "263": 9.699999809265137, "264": 9.729999542236328, "265": 9.710000038146973, "266": 9.6899995803833, "267": 9.6899995803833, "268": 9.699999809265137, "269": 9.694999694824219, "270": 9.699999809265137, "271": 9.6899995803833, "272": 9.720000267028809, "273": 9.699999809265137, "274": 9.704999923706055, "275": 9.720000267028809, "276": 9.729999542236328, "277": 9.739999771118164, "278": 9.729999542236328, "279": 9.75, "280": 9.770000457763672, "281": 9.765000343322754, "282": 9.789999961853027, "283": 9.789999961853027, "284": 9.869999885559082, "285": 9.800000190734863, "286": 9.819999694824219, "287": 9.829999923706055, "288": 9.84000015258789, "289": 9.819999694824219, "290": 9.84000015258789, "291": 9.829999923706055, "292": 9.859999656677246, "293": 9.869999885559082, "294": 9.829999923706055, "295": 9.850000381469727, "296": 9.850000381469727, "297": 9.859999656677246, "298": 9.859999656677246, "299": 9.84000015258789, "300": 9.835000038146973, "301": 9.864999771118164, "302": 9.859999656677246, "303": 9.859999656677246, "304": 9.859999656677246, "305": 9.850000381469727, "306": 9.899999618530273, "307": 9.960000038146973, "308": 9.859999656677246, "309": 9.850000381469727, "310": 9.850000381469727, "311": 9.880000114440918, "312": 9.960000038146973, "313": 9.869999885559082, "314": 9.880000114440918, "315": 9.920000076293945, "316": 9.920000076293945, "317": 9.880000114440918, "318": 9.869999885559082, "319": 9.890000343322754, "320": 9.899999618530273, "321": 9.90999984741211, "322": 9.895000457763672, "323": 9.90999984741211, "324": 9.90999984741211, "325": 9.90999984741211, "326": 9.899999618530273, "327": 9.90999984741211, "328": 9.890000343322754, "329": 9.880000114440918, "330": 9.880000114440918, "331": 9.899999618530273, "332": 9.895999908447266, "333": 9.899999618530273, "334": 9.890000343322754, "335": 9.979999542236328, "336": 9.960000038146973, "337": 9.949999809265137, "338": 9.949999809265137, "339": 9.970000267028809, "340": 9.989999771118164, "341": 9.970000267028809, "342": 9.979999542236328, "343": 10.0, "344": 10.0, "345": 9.982999801635742, "346": 10.050000190734863, "347": 10.010000228881836, "348": 10.020000457763672, "349": 10.020000457763672, "350": 10.270000457763672, "351": 10.3100004196167, "352": 10.0600004196167, "353": 10.069999694824219, "354": 10.055000305175781, "355": 10.0600004196167, "356": 10.170000076293945, "357": 10.0600004196167, "358": 10.0600004196167, "359": 10.069999694824219, "360": 10.0600004196167, "361": 10.069999694824219, "362": 10.074999809265137, "363": 10.074999809265137, "364": 10.0600004196167, "365": 10.100000381469727, "366": 10.100000381469727, "367": 10.0600004196167, "368": 10.140000343322754, "369": 10.140000343322754, "370": 10.079999923706055, "371": 10.0600004196167, "372": 10.0600004196167, "373": 10.1899995803833, "374": 10.119999885559082, "375": 10.130000114440918, "376": 10.09000015258789, "377": 10.097000122070312, "378": 10.109999656677246, "379": 10.140000343322754, "380": 10.130000114440918, "381": 10.270000457763672, "382": 10.119999885559082, "383": 10.119999885559082, "384": 10.119999885559082, "385": 10.11299991607666, "386": 10.220000267028809, "387": 10.119999885559082, "388": 10.119999885559082, "389": 10.119999885559082, "390": 10.119999885559082, "391": 10.119999885559082, "392": 10.109999656677246, "393": 10.109999656677246, "394": 10.130000114440918, "395": 10.25, "396": 10.130000114440918, "397": 10.130000114440918, "398": 10.130000114440918, "399": 10.130000114440918, "400": 10.140000343322754, "401": 10.130000114440918, "402": 10.140000343322754, "403": 10.130000114440918, "404": 10.135000228881836, "405": 10.130000114440918, "406": 10.133000373840332, "407": 10.130000114440918, "408": 10.130000114440918, "409": 10.130000114440918, "410": 10.140000343322754, "411": 10.140000343322754, "412": 10.140000343322754, "413": 10.140000343322754, "414": 10.140000343322754, "415": 10.140000343322754, "416": 10.25, "417": 10.130000114440918, "418": 10.140000343322754, "419": 10.270000457763672, "420": 10.1899995803833, "421": 10.175000190734863, "422": 10.149999618530273, "423": 10.15999984741211, "424": 10.180000305175781, "425": 10.210000038146973, "426": 10.225000381469727, "427": 10.199999809265137, "428": 10.152000427246094, "429": 10.199999809265137, "430": 10.210000038146973, "431": 10.210000038146973, "432": 10.210000038146973, "433": 10.199999809265137, "434": 10.199999809265137, "435": 10.239999771118164, "436": 10.239999771118164, "437": 10.25, "438": 10.270000457763672, "439": 10.270000457763672, "440": 10.210000038146973, "441": 10.234999656677246, "442": 10.260000228881836, "443": 10.262999534606934, "444": 10.260000228881836, "445": 10.270000457763672, "446": 10.300000190734863, "447": 10.300000190734863, "448": 10.3100004196167, "449": 10.3100004196167, "450": 10.3100004196167, "451": 10.289999961853027, "452": 10.300000190734863, "453": 10.260000228881836, "454": 10.279999732971191, "455": 10.289999961853027, "456": 10.3100004196167, "457": 10.270000457763672, "458": 10.399999618530273, "459": 10.15999984741211, "460": 10.166999816894531, "461": 10.15999984741211}, "low": {"0": 9.720000267028809, "1": 9.720000267028809, "2": 9.819999694824219, "3": 9.819999694824219, "4": 9.819999694824219, "5": 9.619999885559082, "6": 9.649999618530273, "7": 9.65999984741211, "8": 9.649999618530273, "9": 9.630000114440918, "10": 9.649999618530273, "11": 9.640000343322754, "12": 9.630000114440918, "13": 9.699999809265137, "14": 9.760000228881836, "15": 9.760000228881836, "16": 9.657999992370605, "17": 9.760000228881836, "18": 9.760000228881836, "19": 9.670000076293945, "20": 9.706999778747559, "21": 9.680000305175781, "22": 9.680000305175781, "23": 9.65999984741211, "24": 9.6899995803833, "25": 9.71500015258789, "26": 9.71500015258789, "27": 9.699999809265137, "28": 9.710000038146973, "29": 9.710000038146973, "30": 9.75, "31": 9.699999809265137, "32": 9.699999809265137, "33": 9.699999809265137, "34": 9.699999809265137, "35": 9.699999809265137, "36": 9.699999809265137, "37": 9.6899995803833, "38": 9.680000305175781, "39": 9.699999809265137, "40": 9.720000267028809, "41": 9.71500015258789, "42": 9.640000343322754, "43": 9.680000305175781, "44": 9.680000305175781, "45": 9.6899995803833, "46": 9.6899995803833, "47": 9.680000305175781, "48": 9.6899995803833, "49": 9.699999809265137, "50": 9.699999809265137, "51": 9.699999809265137, "52": 9.71500015258789, "53": 9.6899995803833, "54": 9.680000305175781, "55": 9.6899995803833, "56": 9.699999809265137, "57": 9.699999809265137, "58": 9.6899995803833, "59": 9.699999809265137, "60": 9.699999809265137, "61": 9.6899995803833, "62": 9.680000305175781, "63": 9.710000038146973, "64": 9.729999542236328, "65": 9.729999542236328, "66": 9.699999809265137, "67": 9.710000038146973, "68": 9.720000267028809, "69": 9.699999809265137, "70": 9.699999809265137, "71": 9.699999809265137, "72": 9.699999809265137, "73": 9.699999809265137, "74": 9.699999809265137, "75": 9.699999809265137, "76": 9.699999809265137, "77": 9.720000267028809, "78": 9.720000267028809, "79": 9.720000267028809, "80": 9.720000267028809, "81": 9.6899995803833, "82": 9.6899995803833, "83": 9.699999809265137, "84": 9.6899995803833, "85": 9.720000267028809, "86": 9.720000267028809, "87": 9.720000267028809, "88": 9.720000267028809, "89": 9.720000267028809, "90": 9.720000267028809, "91": 9.720000267028809, "92": 9.720000267028809, "93": 9.720000267028809, "94": 9.699999809265137, "95": 9.699999809265137, "96": 9.699999809265137, "97": 9.699999809265137, "98": 9.699999809265137, "99": 9.680000305175781, "100": 9.680000305175781, "101": 9.649999618530273, "102": 9.640000343322754, "103": 9.640000343322754, "104": 9.640000343322754, "105": 9.619999885559082, "106": 9.649999618530273, "107": 9.65999984741211, "108": 9.670000076293945, "109": 9.600000381469727, "110": 9.600000381469727, "111": 9.619999885559082, "112": 9.640000343322754, "113": 9.680000305175781, "114": 9.630000114440918, "115": 9.630000114440918, "116": 9.630000114440918, "117": 9.630000114440918, "118": 9.649999618530273, "119": 9.65999984741211, "120": 9.640000343322754, "121": 9.680000305175781, "122": 9.680000305175781, "123": 9.640000343322754, "124": 9.652999877929688, "125": 9.680000305175781, "126": 9.65999984741211, "127": 9.65999984741211, "128": 9.65999984741211, "129": 9.670000076293945, "130": 9.649999618530273, "131": 9.649999618530273, "132": 9.65999984741211, "133": 9.670000076293945, "134": 9.654999732971191, "135": 9.65999984741211, "136": 9.654999732971191, "137": 9.65999984741211, "138": 9.645000457763672, "139": 9.664999961853027, "140": 9.640000343322754, "141": 9.670000076293945, "142": 9.680000305175781, "143": 9.6899995803833, "144": 9.670000076293945, "145": 9.680000305175781, "146": 9.670000076293945, "147": 9.699999809265137, "148": 9.710000038146973, "149": 9.670000076293945, "150": 9.6899995803833, "151": 9.6899995803833, "152": 9.680000305175781, "153": 9.6899995803833, "154": 9.6899995803833, "155": 9.6899995803833, "156": 9.699999809265137, "157": 9.729999542236328, "158": 9.729999542236328, "159": 9.710000038146973, "160": 9.729999542236328, "161": 9.739999771118164, "162": 9.739999771118164, "163": 9.739999771118164, "164": 9.729999542236328, "165": 9.720000267028809, "166": 9.704999923706055, "167": 9.710000038146973, "168": 9.720000267028809, "169": 9.710000038146973, "170": 9.710000038146973, "171": 9.710000038146973, "172": 9.670000076293945, "173": 9.699999809265137, "174": 9.680000305175781, "175": 9.680000305175781, "176": 9.65999984741211, "177": 9.65999984741211, "178": 9.65999984741211, "179": 9.6899995803833, "180": 9.6899995803833, "181": 9.6899995803833, "182": 9.6899995803833, "183": 9.670000076293945, "184": 9.6899995803833, "185": 9.670000076293945, "186": 9.670000076293945, "187": 9.670000076293945, "188": 9.670000076293945, "189": 9.670000076293945, "190": 9.65999984741211, "191": 9.649999618530273, "192": 9.649999618530273, "193": 9.65999984741211, "194": 9.649999618530273, "195": 9.65999984741211, "196": 9.65999984741211, "197": 9.670000076293945, "198": 9.670000076293945, "199": 9.65999984741211, "200": 9.670000076293945, "201": 9.65999984741211, "202": 9.65999984741211, "203": 9.65999984741211, "204": 9.630000114440918, "205": 9.720000267028809, "206": 9.720000267028809, "207": 9.720000267028809, "208": 9.720000267028809, "209": 9.720000267028809, "210": 9.65999984741211, "211": 9.670000076293945, "212": 9.6899995803833, "213": 9.6899995803833, "214": 9.670000076293945, "215": 9.670000076293945, "216": 9.670000076293945, "217": 9.670000076293945, "218": 9.670000076293945, "219": 9.65999984741211, "220": 9.6899995803833, "221": 9.6899995803833, "222": 9.6899995803833, "223": 9.710000038146973, "224": 9.699999809265137, "225": 9.710000038146973, "226": 9.710000038146973, "227": 9.680000305175781, "228": 9.699999809265137, "229": 9.699999809265137, "230": 9.710000038146973, "231": 9.729999542236328, "232": 9.6899995803833, "233": 9.704999923706055, "234": 9.720000267028809, "235": 9.729999542236328, "236": 9.720000267028809, "237": 9.729999542236328, "238": 9.805000305175781, "239": 9.800000190734863, "240": 9.720000267028809, "241": 9.75, "242": 9.760000228881836, "243": 9.739999771118164, "244": 9.720000267028809, "245": 9.699999809265137, "246": 9.699999809265137, "247": 9.699999809265137, "248": 9.6899995803833, "249": 9.6899995803833, "250": 9.699999809265137, "251": 9.670000076293945, "252": 9.699999809265137, "253": 9.729999542236328, "254": 9.6899995803833, "255": 9.704999923706055, "256": 9.680000305175781, "257": 9.680000305175781, "258": 9.6899995803833, "259": 9.699999809265137, "260": 9.6899995803833, "261": 9.670000076293945, "262": 9.699999809265137, "263": 9.6899995803833, "264": 9.6899995803833, "265": 9.6899995803833, "266": 9.6899995803833, "267": 9.6899995803833, "268": 9.6899995803833, "269": 9.680000305175781, "270": 9.680000305175781, "271": 9.6899995803833, "272": 9.694999694824219, "273": 9.680000305175781, "274": 9.704999923706055, "275": 9.699999809265137, "276": 9.710000038146973, "277": 9.720000267028809, "278": 9.720000267028809, "279": 9.75, "280": 9.720000267028809, "281": 9.75, "282": 9.789999961853027, "283": 9.770000457763672, "284": 9.760000228881836, "285": 9.718999862670898, "286": 9.78499984741211, "287": 9.789999961853027, "288": 9.8100004196167, "289": 9.8100004196167, "290": 9.789999961853027, "291": 9.819999694824219, "292": 9.800000190734863, "293": 9.8100004196167, "294": 9.8100004196167, "295": 9.75, "296": 9.819999694824219, "297": 9.84000015258789, "298": 9.84000015258789, "299": 9.819999694824219, "300": 9.819999694824219, "301": 9.8100004196167, "302": 9.819999694824219, "303": 9.859999656677246, "304": 9.84000015258789, "305": 9.829999923706055, "306": 9.829999923706055, "307": 9.854999542236328, "308": 9.84000015258789, "309": 9.850000381469727, "310": 9.84000015258789, "311": 9.829999923706055, "312": 9.850000381469727, "313": 9.854999542236328, "314": 9.859999656677246, "315": 9.880000114440918, "316": 9.880000114440918, "317": 9.869999885559082, "318": 9.850000381469727, "319": 9.859999656677246, "320": 9.880000114440918, "321": 9.880000114440918, "322": 9.895000457763672, "323": 9.890000343322754, "324": 9.890000343322754, "325": 9.890000343322754, "326": 9.880000114440918, "327": 9.895000457763672, "328": 9.890000343322754, "329": 9.880000114440918, "330": 9.875, "331": 9.880000114440918, "332": 9.880000114440918, "333": 9.895000457763672, "334": 9.880000114440918, "335": 9.880000114440918, "336": 9.9350004196167, "337": 9.949999809265137, "338": 9.916999816894531, "339": 9.949999809265137, "340": 9.96500015258789, "341": 9.960000038146973, "342": 9.9399995803833, "343": 9.960000038146973, "344": 9.979999542236328, "345": 9.982999801635742, "346": 9.989999771118164, "347": 10.010000228881836, "348": 10.010000228881836, "349": 10.020000457763672, "350": 10.020000457763672, "351": 10.020000457763672, "352": 9.960000038146973, "353": 10.039999961853027, "354": 10.055000305175781, "355": 10.050000190734863, "356": 10.050000190734863, "357": 10.050000190734863, "358": 10.0600004196167, "359": 10.050000190734863, "360": 10.050000190734863, "361": 10.0600004196167, "362": 10.0600004196167, "363": 10.0600004196167, "364": 10.055999755859375, "365": 10.0600004196167, "366": 10.0600004196167, "367": 10.0600004196167, "368": 10.074999809265137, "369": 10.140000343322754, "370": 10.0600004196167, "371": 10.0600004196167, "372": 10.0600004196167, "373": 10.069999694824219, "374": 10.069999694824219, "375": 10.079999923706055, "376": 10.09000015258789, "377": 10.09000015258789, "378": 10.095000267028809, "379": 10.100000381469727, "380": 10.100000381469727, "381": 10.119999885559082, "382": 10.109999656677246, "383": 10.100000381469727, "384": 10.109999656677246, "385": 10.11299991607666, "386": 10.100000381469727, "387": 10.100000381469727, "388": 10.119999885559082, "389": 10.100000381469727, "390": 10.100000381469727, "391": 10.109999656677246, "392": 10.109999656677246, "393": 10.109999656677246, "394": 10.109999656677246, "395": 10.109999656677246, "396": 10.109999656677246, "397": 10.119999885559082, "398": 10.119999885559082, "399": 10.130000114440918, "400": 10.130000114440918, "401": 10.130000114440918, "402": 10.130000114440918, "403": 10.130000114440918, "404": 10.130000114440918, "405": 10.130000114440918, "406": 10.130000114440918, "407": 10.130000114440918, "408": 10.130000114440918, "409": 10.130000114440918, "410": 10.130000114440918, "411": 10.130000114440918, "412": 10.130000114440918, "413": 10.130000114440918, "414": 10.119999885559082, "415": 10.130000114440918, "416": 10.130000114440918, "417": 10.130000114440918, "418": 10.140000343322754, "419": 10.130000114440918, "420": 10.140000343322754, "421": 10.149999618530273, "422": 10.149999618530273, "423": 10.149999618530273, "424": 10.130000114440918, "425": 10.140000343322754, "426": 10.140000343322754, "427": 10.130000114440918, "428": 10.130000114440918, "429": 10.149999618530273, "430": 10.15999984741211, "431": 10.170000076293945, "432": 10.15999984741211, "433": 10.180000305175781, "434": 10.199999809265137, "435": 10.210000038146973, "436": 10.210000038146973, "437": 10.210000038146973, "438": 10.210000038146973, "439": 10.21399974822998, "440": 10.210000038146973, "441": 10.229999542236328, "442": 10.220000267028809, "443": 10.210000038146973, "444": 10.260000228881836, "445": 10.260000228881836, "446": 10.260000228881836, "447": 10.279999732971191, "448": 10.279999732971191, "449": 10.270000457763672, "450": 10.199999809265137, "451": 10.25, "452": 10.180000305175781, "453": 10.239999771118164, "454": 10.239999771118164, "455": 10.239999771118164, "456": 10.260000228881836, "457": 10.270000457763672, "458": 10.069999694824219, "459": 10.119999885559082, "460": 10.140000343322754, "461": 10.140000343322754}, "close": {"0": 9.720000267028809, "1": 9.720000267028809, "2": 9.819999694824219, "3": 9.819999694824219, "4": 9.819999694824219, "5": 9.619999885559082, "6": 9.65999984741211, "7": 9.65999984741211, "8": 9.649999618530273, "9": 9.65999984741211, "10": 9.65999984741211, "11": 9.649999618530273, "12": 9.729999542236328, "13": 9.739999771118164, "14": 9.760000228881836, "15": 9.760000228881836, "16": 9.760000228881836, "17": 9.760000228881836, "18": 9.760000228881836, "19": 9.760000228881836, "20": 9.706999778747559, "21": 9.680000305175781, "22": 9.680000305175781, "23": 9.699999809265137, "24": 9.739999771118164, "25": 9.71500015258789, "26": 9.71500015258789, "27": 9.710000038146973, "28": 9.710000038146973, "29": 9.710000038146973, "30": 9.75, "31": 9.699999809265137, "32": 9.729999542236328, "33": 9.699999809265137, "34": 9.699999809265137, "35": 9.699999809265137, "36": 9.699999809265137, "37": 9.699999809265137, "38": 9.720000267028809, "39": 9.699999809265137, "40": 9.720000267028809, "41": 9.729999542236328, "42": 9.699999809265137, "43": 9.699999809265137, "44": 9.699999809265137, "45": 9.699999809265137, "46": 9.6899995803833, "47": 9.699999809265137, "48": 9.699999809265137, "49": 9.720000267028809, "50": 9.699999809265137, "51": 9.729999542236328, "52": 9.71500015258789, "53": 9.6899995803833, "54": 9.710000038146973, "55": 9.699999809265137, "56": 9.699999809265137, "57": 9.699999809265137, "58": 9.699999809265137, "59": 9.699999809265137, "60": 9.710000038146973, "61": 9.699999809265137, "62": 9.720000267028809, "63": 9.729999542236328, "64": 9.729999542236328, "65": 9.729999542236328, "66": 9.720000267028809, "67": 9.720000267028809, "68": 9.729999542236328, "69": 9.729999542236328, "70": 9.699999809265137, "71": 9.699999809265137, "72": 9.699999809265137, "73": 9.699999809265137, "74": 9.699999809265137, "75": 9.729999542236328, "76": 9.720000267028809, "77": 9.720000267028809, "78": 9.720000267028809, "79": 9.720000267028809, "80": 9.720000267028809, "81": 9.699999809265137, "82": 9.699999809265137, "83": 9.699999809265137, "84": 9.720000267028809, "85": 9.720000267028809, "86": 9.720000267028809, "87": 9.720000267028809, "88": 9.720000267028809, "89": 9.720000267028809, "90": 9.720000267028809, "91": 9.720000267028809, "92": 9.720000267028809, "93": 9.720000267028809, "94": 9.725000381469727, "95": 9.699999809265137, "96": 9.699999809265137, "97": 9.699999809265137, "98": 9.699999809265137, "99": 9.680000305175781, "100": 9.680000305175781, "101": 9.65999984741211, "102": 9.640000343322754, "103": 9.640000343322754, "104": 9.640000343322754, "105": 9.619999885559082, "106": 9.6899995803833, "107": 9.670000076293945, "108": 9.670000076293945, "109": 9.680000305175781, "110": 9.680000305175781, "111": 9.720000267028809, "112": 9.720000267028809, "113": 9.75, "114": 9.649999618530273, "115": 9.720000267028809, "116": 9.640000343322754, "117": 9.699999809265137, "118": 9.699999809265137, "119": 9.6899995803833, "120": 9.720000267028809, "121": 9.720000267028809, "122": 9.6899995803833, "123": 9.720000267028809, "124": 9.680000305175781, "125": 9.680000305175781, "126": 9.65999984741211, "127": 9.65999984741211, "128": 9.699999809265137, "129": 9.710000038146973, "130": 9.6899995803833, "131": 9.680000305175781, "132": 9.670000076293945, "133": 9.670000076293945, "134": 9.670000076293945, "135": 9.65999984741211, "136": 9.710000038146973, "137": 9.65999984741211, "138": 9.649999618530273, "139": 9.675000190734863, "140": 9.680000305175781, "141": 9.670000076293945, "142": 9.710000038146973, "143": 9.699999809265137, "144": 9.680000305175781, "145": 9.680000305175781, "146": 9.670000076293945, "147": 9.699999809265137, "148": 9.710000038146973, "149": 9.694999694824219, "150": 9.6899995803833, "151": 9.6899995803833, "152": 9.6899995803833, "153": 9.699999809265137, "154": 9.6899995803833, "155": 9.6899995803833, "156": 9.699999809265137, "157": 9.729999542236328, "158": 9.75, "159": 9.720000267028809, "160": 9.75, "161": 9.739999771118164, "162": 9.739999771118164, "163": 9.739999771118164, "164": 9.739999771118164, "165": 9.720000267028809, "166": 9.710000038146973, "167": 9.720000267028809, "168": 9.720000267028809, "169": 9.710000038146973, "170": 9.710000038146973, "171": 9.710000038146973, "172": 9.710000038146973, "173": 9.710000038146973, "174": 9.680000305175781, "175": 9.6899995803833, "176": 9.65999984741211, "177": 9.65999984741211, "178": 9.65999984741211, "179": 9.6899995803833, "180": 9.6899995803833, "181": 9.6899995803833, "182": 9.6899995803833, "183": 9.6899995803833, "184": 9.6899995803833, "185": 9.670000076293945, "186": 9.670000076293945, "187": 9.670000076293945, "188": 9.670000076293945, "189": 9.670000076293945, "190": 9.65999984741211, "191": 9.649999618530273, "192": 9.65999984741211, "193": 9.65999984741211, "194": 9.65999984741211, "195": 9.65999984741211, "196": 9.65999984741211, "197": 9.670000076293945, "198": 9.670000076293945, "199": 9.65999984741211, "200": 9.6899995803833, "201": 9.65999984741211, "202": 9.65999984741211, "203": 9.65999984741211, "204": 9.680000305175781, "205": 9.720000267028809, "206": 9.720000267028809, "207": 9.720000267028809, "208": 9.720000267028809, "209": 9.720000267028809, "210": 9.670000076293945, "211": 9.6899995803833, "212": 9.6899995803833, "213": 9.6899995803833, "214": 9.670000076293945, "215": 9.670000076293945, "216": 9.670000076293945, "217": 9.670000076293945, "218": 9.670000076293945, "219": 9.65999984741211, "220": 9.699999809265137, "221": 9.699999809265137, "222": 9.6899995803833, "223": 9.710000038146973, "224": 9.710000038146973, "225": 9.710000038146973, "226": 9.710000038146973, "227": 9.699999809265137, "228": 9.720000267028809, "229": 9.720000267028809, "230": 9.720000267028809, "231": 9.729999542236328, "232": 9.720000267028809, "233": 9.729999542236328, "234": 9.725000381469727, "235": 9.739999771118164, "236": 9.720000267028809, "237": 9.729999542236328, "238": 9.805000305175781, "239": 9.800000190734863, "240": 9.75, "241": 9.75, "242": 9.760000228881836, "243": 9.75, "244": 9.720000267028809, "245": 9.699999809265137, "246": 9.699999809265137, "247": 9.699999809265137, "248": 9.6899995803833, "249": 9.699999809265137, "250": 9.699999809265137, "251": 9.699999809265137, "252": 9.699999809265137, "253": 9.729999542236328, "254": 9.720000267028809, "255": 9.704999923706055, "256": 9.680000305175781, "257": 9.680000305175781, "258": 9.710000038146973, "259": 9.699999809265137, "260": 9.6899995803833, "261": 9.699999809265137, "262": 9.699999809265137, "263": 9.6899995803833, "264": 9.699999809265137, "265": 9.6899995803833, "266": 9.6899995803833, "267": 9.6899995803833, "268": 9.6899995803833, "269": 9.694999694824219, "270": 9.699999809265137, "271": 9.6899995803833, "272": 9.720000267028809, "273": 9.699999809265137, "274": 9.704999923706055, "275": 9.720000267028809, "276": 9.729999542236328, "277": 9.729999542236328, "278": 9.729999542236328, "279": 9.75, "280": 9.770000457763672, "281": 9.760000228881836, "282": 9.789999961853027, "283": 9.770000457763672, "284": 9.760000228881836, "285": 9.779999732971191, "286": 9.819999694824219, "287": 9.800000190734863, "288": 9.8100004196167, "289": 9.8100004196167, "290": 9.819999694824219, "291": 9.824999809265137, "292": 9.859999656677246, "293": 9.819999694824219, "294": 9.819999694824219, "295": 9.850000381469727, "296": 9.850000381469727, "297": 9.859999656677246, "298": 9.84000015258789, "299": 9.819999694824219, "300": 9.824999809265137, "301": 9.84000015258789, "302": 9.850000381469727, "303": 9.859999656677246, "304": 9.84000015258789, "305": 9.84000015258789, "306": 9.84000015258789, "307": 9.859999656677246, "308": 9.84000015258789, "309": 9.850000381469727, "310": 9.850000381469727, "311": 9.850000381469727, "312": 9.850000381469727, "313": 9.859999656677246, "314": 9.880000114440918, "315": 9.920000076293945, "316": 9.880000114440918, "317": 9.869999885559082, "318": 9.854999542236328, "319": 9.890000343322754, "320": 9.885000228881836, "321": 9.90999984741211, "322": 9.895000457763672, "323": 9.890000343322754, "324": 9.899999618530273, "325": 9.890000343322754, "326": 9.899999618530273, "327": 9.899999618530273, "328": 9.890000343322754, "329": 9.880000114440918, "330": 9.880000114440918, "331": 9.880000114440918, "332": 9.880000114440918, "333": 9.899999618530273, "334": 9.890000343322754, "335": 9.90999984741211, "336": 9.949999809265137, "337": 9.949999809265137, "338": 9.949999809265137, "339": 9.970000267028809, "340": 9.970000267028809, "341": 9.960000038146973, "342": 9.975000381469727, "343": 9.987000465393066, "344": 9.982999801635742, "345": 9.982999801635742, "346": 10.010000228881836, "347": 10.010000228881836, "348": 10.020000457763672, "349": 10.020000457763672, "350": 10.270000457763672, "351": 10.029999732971191, "352": 10.050000190734863, "353": 10.055000305175781, "354": 10.055000305175781, "355": 10.0600004196167, "356": 10.0600004196167, "357": 10.0600004196167, "358": 10.0600004196167, "359": 10.0600004196167, "360": 10.0600004196167, "361": 10.0600004196167, "362": 10.0600004196167, "363": 10.0600004196167, "364": 10.055999755859375, "365": 10.100000381469727, "366": 10.0600004196167, "367": 10.0600004196167, "368": 10.140000343322754, "369": 10.140000343322754, "370": 10.079999923706055, "371": 10.0600004196167, "372": 10.0600004196167, "373": 10.1899995803833, "374": 10.100000381469727, "375": 10.09000015258789, "376": 10.09000015258789, "377": 10.09000015258789, "378": 10.100000381469727, "379": 10.119999885559082, "380": 10.130000114440918, "381": 10.121999740600586, "382": 10.109999656677246, "383": 10.118000030517578, "384": 10.11299991607666, "385": 10.11299991607666, "386": 10.100000381469727, "387": 10.109999656677246, "388": 10.119999885559082, "389": 10.109999656677246, "390": 10.119999885559082, "391": 10.109999656677246, "392": 10.109999656677246, "393": 10.109999656677246, "394": 10.130000114440918, "395": 10.170000076293945, "396": 10.130000114440918, "397": 10.119999885559082, "398": 10.130000114440918, "399": 10.130000114440918, "400": 10.130000114440918, "401": 10.130000114440918, "402": 10.130000114440918, "403": 10.130000114440918, "404": 10.130000114440918, "405": 10.130000114440918, "406": 10.130000114440918, "407": 10.130000114440918, "408": 10.130000114440918, "409": 10.130000114440918, "410": 10.130000114440918, "411": 10.130000114440918, "412": 10.140000343322754, "413": 10.135000228881836, "414": 10.130000114440918, "415": 10.130000114440918, "416": 10.130000114440918, "417": 10.130000114440918, "418": 10.140000343322754, "419": 10.270000457763672, "420": 10.149999618530273, "421": 10.15999984741211, "422": 10.149999618530273, "423": 10.149999618530273, "424": 10.130000114440918, "425": 10.170000076293945, "426": 10.170000076293945, "427": 10.130000114440918, "428": 10.130000114440918, "429": 10.170000076293945, "430": 10.180000305175781, "431": 10.180000305175781, "432": 10.180000305175781, "433": 10.199999809265137, "434": 10.199999809265137, "435": 10.239999771118164, "436": 10.220000267028809, "437": 10.210000038146973, "438": 10.220000267028809, "439": 10.220000267028809, "440": 10.210000038146973, "441": 10.229999542236328, "442": 10.239999771118164, "443": 10.25, "444": 10.260000228881836, "445": 10.270000457763672, "446": 10.289999961853027, "447": 10.289999961853027, "448": 10.28499984741211, "449": 10.289999961853027, "450": 10.199999809265137, "451": 10.279999732971191, "452": 10.229999542236328, "453": 10.239999771118164, "454": 10.270000457763672, "455": 10.239999771118164, "456": 10.300000190734863, "457": 10.270000457763672, "458": 10.149999618530273, "459": 10.149999618530273, "460": 10.15999984741211, "461": 10.15999984741211}, "volume": {"0": 300, "1": 100, "2": 100, "3": 0, "4": 100, "5": 120800, "6": 27300, "7": 0, "8": 200, "9": 3500, "10": 2719300, "11": 297600, "12": 112400, "13": 89000, "14": 100, "15": 0, "16": 60100, "17": 1400, "18": 1200, "19": 2300, "20": 100, "21": 3000, "22": 0, "23": 66300, "24": 6400, "25": 100, "26": 0, "27": 29600, "28": 0, "29": 0, "30": 100, "31": 4300, "32": 6500, "33": 236700, "34": 0, "35": 0, "36": 0, "37": 1000, "38": 158600, "39": 34400, "40": 500, "41": 8300, "42": 201900, "43": 194000, "44": 12400, "45": 265000, "46": 8900, "47": 277200, "48": 100500, "49": 51400, "50": 4300, "51": 8000, "52": 1300, "53": 28700, "54": 134000, "55": 3000, "56": 200, "57": 0, "58": 8800, "59": 4500, "60": 49200, "61": 8100, "62": 22500, "63": 5900, "64": 0, "65": 0, "66": 300, "67": 7800, "68": 3400, "69": 600, "70": 400, "71": 0, "72": 0, "73": 0, "74": 23400, "75": 274000, "76": 87500, "77": 0, "78": 0, "79": 0, "80": 40300, "81": 3700, "82": 2700, "83": 1200, "84": 5000, "85": 0, "86": 0, "87": 0, "88": 49000, "89": 17700, "90": 0, "91": 0, "92": 0, "93": 0, "94": 1100, "95": 1000, "96": 0, "97": 200, "98": 2500, "99": 2600, "100": 100, "101": 100200, "102": 8000, "103": 0, "104": 200, "105": 700, "106": 1700, "107": 12900, "108": 0, "109": 12500, "110": 1700, "111": 8400, "112": 500, "113": 400, "114": 491500, "115": 300, "116": 2600, "117": 508500, "118": 291300, "119": 1000, "120": 8500, "121": 61900, "122": 2400, "123": 313900, "124": 18900, "125": 0, "126": 1400, "127": 0, "128": 2100, "129": 3900, "130": 53900, "131": 9900, "132": 700, "133": 421700, "134": 900, "135": 300, "136": 46500, "137": 13700, "138": 140900, "139": 25400, "140": 11200, "141": 200, "142": 7400, "143": 13300, "144": 42900, "145": 0, "146": 300, "147": 300, "148": 2200, "149": 177200, "150": 13300, "151": 25800, "152": 154100, "153": 1600, "154": 7200, "155": 0, "156": 600, "157": 800, "158": 1500, "159": 10000, "160": 4300, "161": 15500, "162": 100, "163": 300, "164": 27900, "165": 21600, "166": 72500, "167": 7000, "168": 0, "169": 7200, "170": 52300, "171": 13900, "172": 166700, "173": 16600, "174": 131200, "175": 60700, "176": 2200, "177": 0, "178": 0, "179": 500, "180": 200, "181": 5900, "182": 1400, "183": 10200, "184": 0, "185": 200, "186": 7800, "187": 0, "188": 328400, "189": 0, "190": 20500, "191": 80700, "192": 4800, "193": 0, "194": 800, "195": 19200, "196": 300, "197": 6000, "198": 0, "199": 200, "200": 600, "201": 13700, "202": 300, "203": 0, "204": 500, "205": 400, "206": 0, "207": 0, "208": 0, "209": 0, "210": 3800, "211": 10600, "212": 0, "213": 0, "214": 5600, "215": 0, "216": 0, "217": 0, "218": 0, "219": 800, "220": 6700, "221": 2100, "222": 500, "223": 430500, "224": 1600, "225": 0, "226": 1400, "227": 300, "228": 26100, "229": 52300, "230": 28500, "231": 200, "232": 2600, "233": 69300, "234": 177300, "235": 195900, "236": 55000, "237": 76700, "238": 300, "239": 300, "240": 34600, "241": 73200, "242": 210300, "243": 723900, "244": 58900, "245": 18400, "246": 29900, "247": 31800, "248": 76700, "249": 5500, "250": 7200, "251": 8500, "252": 0, "253": 100, "254": 400, "255": 300, "256": 73200, "257": 19700, "258": 700, "259": 1350400, "260": 24700, "261": 2100, "262": 684500, "263": 4000, "264": 19400, "265": 20000, "266": 0, "267": 0, "268": 13100, "269": 528100, "270": 4230000, "271": 200, "272": 233200, "273": 125200, "274": 800, "275": 87800, "276": 9800, "277": 29200, "278": 609000, "279": 100, "280": 110000, "281": 10100, "282": 100, "283": 2100, "284": 15700, "285": 12400, "286": 728000, "287": 400, "288": 300, "289": 46300, "290": 54300, "291": 11300, "292": 69400, "293": 55600, "294": 156100, "295": 124700, "296": 107700, "297": 117300, "298": 7300, "299": 33300, "300": 294400, "301": 91600, "302": 7100, "303": 100, "304": 130400, "305": 101600, "306": 272900, "307": 29300, "308": 600, "309": 100, "310": 17700, "311": 467800, "312": 151100, "313": 5100, "314": 59700, "315": 24500, "316": 27000, "317": 11000, "318": 353200, "319": 133200, "320": 7500, "321": 81800, "322": 3100, "323": 2500, "324": 124700, "325": 23100, "326": 400, "327": 27300, "328": 100, "329": 200, "330": 494700, "331": 18300, "332": 400, "333": 30600, "334": 1200, "335": 31800, "336": 50300, "337": 0, "338": 12600, "339": 165600, "340": 32000, "341": 8400, "342": 56400, "343": 2700, "344": 14500, "345": 0, "346": 20400, "347": 150000, "348": 35000, "349": 0, "350": 5300, "351": 5400, "352": 751700, "353": 283400, "354": 1600, "355": 805800, "356": 460000, "357": 3200, "358": 2600, "359": 611500, "360": 231300, "361": 660700, "362": 147200, "363": 250800, "364": 1000, "365": 9500, "366": 5000, "367": 0, "368": 4000, "369": 0, "370": 500, "371": 1500, "372": 0, "373": 2900, "374": 7200, "375": 67100, "376": 0, "377": 700, "378": 1619200, "379": 360800, "380": 51300, "381": 17400, "382": 445800, "383": 17800, "384": 1000, "385": 0, "386": 58200, "387": 38200, "388": 100, "389": 85400, "390": 346700, "391": 82400, "392": 11000, "393": 500, "394": 487400, "395": 21600, "396": 122600, "397": 60500, "398": 133500, "399": 5700, "400": 47000, "401": 3800, "402": 7600, "403": 1100, "404": 1100, "405": 1100, "406": 22500, "407": 100000, "408": 0, "409": 0, "410": 9500, "411": 6700, "412": 777100, "413": 11500, "414": 553600, "415": 25600, "416": 100800, "417": 200, "418": 100100, "419": 1064400, "420": 1006500, "421": 25600, "422": 400, "423": 500, "424": 10900, "425": 21000, "426": 9800, "427": 4200, "428": 8200, "429": 6100, "430": 5200, "431": 1128100, "432": 453800, "433": 161300, "434": 0, "435": 19500, "436": 14100, "437": 127800, "438": 22300, "439": 45800, "440": 400, "441": 125600, "442": 2000, "443": 22600, "444": 191300, "445": 2114400, "446": 4182500, "447": 278100, "448": 4413400, "449": 1142700, "450": 3921900, "451": 31000, "452": 24900, "453": 5000, "454": 900, "455": 2500, "456": 600, "457": 100, "458": 80600, "459": 371900, "460": 492600, "461": 492580}, "adjclose": {"0": 9.720000267028809, "1": 9.720000267028809, "2": 9.819999694824219, "3": 9.819999694824219, "4": 9.819999694824219, "5": 9.619999885559082, "6": 9.65999984741211, "7": 9.65999984741211, "8": 9.649999618530273, "9": 9.65999984741211, "10": 9.65999984741211, "11": 9.649999618530273, "12": 9.729999542236328, "13": 9.739999771118164, "14": 9.760000228881836, "15": 9.760000228881836, "16": 9.760000228881836, "17": 9.760000228881836, "18": 9.760000228881836, "19": 9.760000228881836, "20": 9.706999778747559, "21": 9.680000305175781, "22": 9.680000305175781, "23": 9.699999809265137, "24": 9.739999771118164, "25": 9.71500015258789, "26": 9.71500015258789, "27": 9.710000038146973, "28": 9.710000038146973, "29": 9.710000038146973, "30": 9.75, "31": 9.699999809265137, "32": 9.729999542236328, "33": 9.699999809265137, "34": 9.699999809265137, "35": 9.699999809265137, "36": 9.699999809265137, "37": 9.699999809265137, "38": 9.720000267028809, "39": 9.699999809265137, "40": 9.720000267028809, "41": 9.729999542236328, "42": 9.699999809265137, "43": 9.699999809265137, "44": 9.699999809265137, "45": 9.699999809265137, "46": 9.6899995803833, "47": 9.699999809265137, "48": 9.699999809265137, "49": 9.720000267028809, "50": 9.699999809265137, "51": 9.729999542236328, "52": 9.71500015258789, "53": 9.6899995803833, "54": 9.710000038146973, "55": 9.699999809265137, "56": 9.699999809265137, "57": 9.699999809265137, "58": 9.699999809265137, "59": 9.699999809265137, "60": 9.710000038146973, "61": 9.699999809265137, "62": 9.720000267028809, "63": 9.729999542236328, "64": 9.729999542236328, "65": 9.729999542236328, "66": 9.720000267028809, "67": 9.720000267028809, "68": 9.729999542236328, "69": 9.729999542236328, "70": 9.699999809265137, "71": 9.699999809265137, "72": 9.699999809265137, "73": 9.699999809265137, "74": 9.699999809265137, "75": 9.729999542236328, "76": 9.720000267028809, "77": 9.720000267028809, "78": 9.720000267028809, "79": 9.720000267028809, "80": 9.720000267028809, "81": 9.699999809265137, "82": 9.699999809265137, "83": 9.699999809265137, "84": 9.720000267028809, "85": 9.720000267028809, "86": 9.720000267028809, "87": 9.720000267028809, "88": 9.720000267028809, "89": 9.720000267028809, "90": 9.720000267028809, "91": 9.720000267028809, "92": 9.720000267028809, "93": 9.720000267028809, "94": 9.725000381469727, "95": 9.699999809265137, "96": 9.699999809265137, "97": 9.699999809265137, "98": 9.699999809265137, "99": 9.680000305175781, "100": 9.680000305175781, "101": 9.65999984741211, "102": 9.640000343322754, "103": 9.640000343322754, "104": 9.640000343322754, "105": 9.619999885559082, "106": 9.6899995803833, "107": 9.670000076293945, "108": 9.670000076293945, "109": 9.680000305175781, "110": 9.680000305175781, "111": 9.720000267028809, "112": 9.720000267028809, "113": 9.75, "114": 9.649999618530273, "115": 9.720000267028809, "116": 9.640000343322754, "117": 9.699999809265137, "118": 9.699999809265137, "119": 9.6899995803833, "120": 9.720000267028809, "121": 9.720000267028809, "122": 9.6899995803833, "123": 9.720000267028809, "124": 9.680000305175781, "125": 9.680000305175781, "126": 9.65999984741211, "127": 9.65999984741211, "128": 9.699999809265137, "129": 9.710000038146973, "130": 9.6899995803833, "131": 9.680000305175781, "132": 9.670000076293945, "133": 9.670000076293945, "134": 9.670000076293945, "135": 9.65999984741211, "136": 9.710000038146973, "137": 9.65999984741211, "138": 9.649999618530273, "139": 9.675000190734863, "140": 9.680000305175781, "141": 9.670000076293945, "142": 9.710000038146973, "143": 9.699999809265137, "144": 9.680000305175781, "145": 9.680000305175781, "146": 9.670000076293945, "147": 9.699999809265137, "148": 9.710000038146973, "149": 9.694999694824219, "150": 9.6899995803833, "151": 9.6899995803833, "152": 9.6899995803833, "153": 9.699999809265137, "154": 9.6899995803833, "155": 9.6899995803833, "156": 9.699999809265137, "157": 9.729999542236328, "158": 9.75, "159": 9.720000267028809, "160": 9.75, "161": 9.739999771118164, "162": 9.739999771118164, "163": 9.739999771118164, "164": 9.739999771118164, "165": 9.720000267028809, "166": 9.710000038146973, "167": 9.720000267028809, "168": 9.720000267028809, "169": 9.710000038146973, "170": 9.710000038146973, "171": 9.710000038146973, "172": 9.710000038146973, "173": 9.710000038146973, "174": 9.680000305175781, "175": 9.6899995803833, "176": 9.65999984741211, "177": 9.65999984741211, "178": 9.65999984741211, "179": 9.6899995803833, "180": 9.6899995803833, "181": 9.6899995803833, "182": 9.6899995803833, "183": 9.6899995803833, "184": 9.6899995803833, "185": 9.670000076293945, "186": 9.670000076293945, "187": 9.670000076293945, "188": 9.670000076293945, "189": 9.670000076293945, "190": 9.65999984741211, "191": 9.649999618530273, "192": 9.65999984741211, "193": 9.65999984741211, "194": 9.65999984741211, "195": 9.65999984741211, "196": 9.65999984741211, "197": 9.670000076293945, "198": 9.670000076293945, "199": 9.65999984741211, "200": 9.6899995803833, "201": 9.65999984741211, "202": 9.65999984741211, "203": 9.65999984741211, "204": 9.680000305175781, "205": 9.720000267028809, "206": 9.720000267028809, "207": 9.720000267028809, "208": 9.720000267028809, "209": 9.720000267028809, "210": 9.670000076293945, "211": 9.6899995803833, "212": 9.6899995803833, "213": 9.6899995803833, "214": 9.670000076293945, "215": 9.670000076293945, "216": 9.670000076293945, "217": 9.670000076293945, "218": 9.670000076293945, "219": 9.65999984741211, "220": 9.699999809265137, "221": 9.699999809265137, "222": 9.6899995803833, "223": 9.710000038146973, "224": 9.710000038146973, "225": 9.710000038146973, "226": 9.710000038146973, "227": 9.699999809265137, "228": 9.720000267028809, "229": 9.720000267028809, "230": 9.720000267028809, "231": 9.729999542236328, "232": 9.720000267028809, "233": 9.729999542236328, "234": 9.725000381469727, "235": 9.739999771118164, "236": 9.720000267028809, "237": 9.729999542236328, "238": 9.805000305175781, "239": 9.800000190734863, "240": 9.75, "241": 9.75, "242": 9.760000228881836, "243": 9.75, "244": 9.720000267028809, "245": 9.699999809265137, "246": 9.699999809265137, "247": 9.699999809265137, "248": 9.6899995803833, "249": 9.699999809265137, "250": 9.699999809265137, "251": 9.699999809265137, "252": 9.699999809265137, "253": 9.729999542236328, "254": 9.720000267028809, "255": 9.704999923706055, "256": 9.680000305175781, "257": 9.680000305175781, "258": 9.710000038146973, "259": 9.699999809265137, "260": 9.6899995803833, "261": 9.699999809265137, "262": 9.699999809265137, "263": 9.6899995803833, "264": 9.699999809265137, "265": 9.6899995803833, "266": 9.6899995803833, "267": 9.6899995803833, "268": 9.6899995803833, "269": 9.694999694824219, "270": 9.699999809265137, "271": 9.6899995803833, "272": 9.720000267028809, "273": 9.699999809265137, "274": 9.704999923706055, "275": 9.720000267028809, "276": 9.729999542236328, "277": 9.729999542236328, "278": 9.729999542236328, "279": 9.75, "280": 9.770000457763672, "281": 9.760000228881836, "282": 9.789999961853027, "283": 9.770000457763672, "284": 9.760000228881836, "285": 9.779999732971191, "286": 9.819999694824219, "287": 9.800000190734863, "288": 9.8100004196167, "289": 9.8100004196167, "290": 9.819999694824219, "291": 9.824999809265137, "292": 9.859999656677246, "293": 9.819999694824219, "294": 9.819999694824219, "295": 9.850000381469727, "296": 9.850000381469727, "297": 9.859999656677246, "298": 9.84000015258789, "299": 9.819999694824219, "300": 9.824999809265137, "301": 9.84000015258789, "302": 9.850000381469727, "303": 9.859999656677246, "304": 9.84000015258789, "305": 9.84000015258789, "306": 9.84000015258789, "307": 9.859999656677246, "308": 9.84000015258789, "309": 9.850000381469727, "310": 9.850000381469727, "311": 9.850000381469727, "312": 9.850000381469727, "313": 9.859999656677246, "314": 9.880000114440918, "315": 9.920000076293945, "316": 9.880000114440918, "317": 9.869999885559082, "318": 9.854999542236328, "319": 9.890000343322754, "320": 9.885000228881836, "321": 9.90999984741211, "322": 9.895000457763672, "323": 9.890000343322754, "324": 9.899999618530273, "325": 9.890000343322754, "326": 9.899999618530273, "327": 9.899999618530273, "328": 9.890000343322754, "329": 9.880000114440918, "330": 9.880000114440918, "331": 9.880000114440918, "332": 9.880000114440918, "333": 9.899999618530273, "334": 9.890000343322754, "335": 9.90999984741211, "336": 9.949999809265137, "337": 9.949999809265137, "338": 9.949999809265137, "339": 9.970000267028809, "340": 9.970000267028809, "341": 9.960000038146973, "342": 9.975000381469727, "343": 9.987000465393066, "344": 9.982999801635742, "345": 9.982999801635742, "346": 10.010000228881836, "347": 10.010000228881836, "348": 10.020000457763672, "349": 10.020000457763672, "350": 10.270000457763672, "351": 10.029999732971191, "352": 10.050000190734863, "353": 10.055000305175781, "354": 10.055000305175781, "355": 10.0600004196167, "356": 10.0600004196167, "357": 10.0600004196167, "358": 10.0600004196167, "359": 10.0600004196167, "360": 10.0600004196167, "361": 10.0600004196167, "362": 10.0600004196167, "363": 10.0600004196167, "364": 10.055999755859375, "365": 10.100000381469727, "366": 10.0600004196167, "367": 10.0600004196167, "368": 10.140000343322754, "369": 10.140000343322754, "370": 10.079999923706055, "371": 10.0600004196167, "372": 10.0600004196167, "373": 10.1899995803833, "374": 10.100000381469727, "375": 10.09000015258789, "376": 10.09000015258789, "377": 10.09000015258789, "378": 10.100000381469727, "379": 10.119999885559082, "380": 10.130000114440918, "381": 10.121999740600586, "382": 10.109999656677246, "383": 10.118000030517578, "384": 10.11299991607666, "385": 10.11299991607666, "386": 10.100000381469727, "387": 10.109999656677246, "388": 10.119999885559082, "389": 10.109999656677246, "390": 10.119999885559082, "391": 10.109999656677246, "392": 10.109999656677246, "393": 10.109999656677246, "394": 10.130000114440918, "395": 10.170000076293945, "396": 10.130000114440918, "397": 10.119999885559082, "398": 10.130000114440918, "399": 10.130000114440918, "400": 10.130000114440918, "401": 10.130000114440918, "402": 10.130000114440918, "403": 10.130000114440918, "404": 10.130000114440918, "405": 10.130000114440918, "406": 10.130000114440918, "407": 10.130000114440918, "408": 10.130000114440918, "409": 10.130000114440918, "410": 10.130000114440918, "411": 10.130000114440918, "412": 10.140000343322754, "413": 10.135000228881836, "414": 10.130000114440918, "415": 10.130000114440918, "416": 10.130000114440918, "417": 10.130000114440918, "418": 10.140000343322754, "419": 10.270000457763672, "420": 10.149999618530273, "421": 10.15999984741211, "422": 10.149999618530273, "423": 10.149999618530273, "424": 10.130000114440918, "425": 10.170000076293945, "426": 10.170000076293945, "427": 10.130000114440918, "428": 10.130000114440918, "429": 10.170000076293945, "430": 10.180000305175781, "431": 10.180000305175781, "432": 10.180000305175781, "433": 10.199999809265137, "434": 10.199999809265137, "435": 10.239999771118164, "436": 10.220000267028809, "437": 10.210000038146973, "438": 10.220000267028809, "439": 10.220000267028809, "440": 10.210000038146973, "441": 10.229999542236328, "442": 10.239999771118164, "443": 10.25, "444": 10.260000228881836, "445": 10.270000457763672, "446": 10.289999961853027, "447": 10.289999961853027, "448": 10.28499984741211, "449": 10.289999961853027, "450": 10.199999809265137, "451": 10.279999732971191, "452": 10.229999542236328, "453": 10.239999771118164, "454": 10.270000457763672, "455": 10.239999771118164, "456": 10.300000190734863, "457": 10.270000457763672, "458": 10.149999618530273, "459": 10.149999618530273, "460": 10.15999984741211, "461": 10.15999984741211}}, "profile": {"address1": "9 West 57th Street", "address2": "42nd Floor", "city": "New York", "state": "NY", "zip": "10019", "country": "United States", "phone": "(212) 515-3200", "website": "https://www.acropolisinfrastructure.com", "industry": "Shell Companies", "industryDisp": "Shell Companies", "sector": "Financial Services", "longBusinessSummary": "Acropolis Infrastructure Acquisition Corp. does not have significant operations. The company intends to effect a merger, consolidation, capital stock exchange, asset acquisition, stock purchase, reorganization, or similar business combination with one or more businesses or entities. It intends to focus a business combination target on the infrastructure, infrastructure services, and related sectors in North America. The company was formerly known as Apollo Infrastructure Acquisition Corp. and changed its name to Acropolis Infrastructure Acquisition Corp. in February 2021. Acropolis Infrastructure Acquisition Corp. was incorporated in 2020 and is based in New York, New York.", "companyOfficers": [{"maxAge": 1, "name": "Mr. Sanjay Hiralal Patel", "age": 61, "title": "CEO & Director", "yearBorn": 1961, "exercisedValue": 0, "unexercisedValue": 0}, {"maxAge": 1, "name": "Mr. James R. Crossen", "age": 48, "title": "CFO, Chief Accounting Officer & Sec.", "yearBorn": 1974, "exercisedValue": 0, "unexercisedValue": 0}], "maxAge": 86400, "latitude": 40.76379822602672, "longitude": -73.97518343011625}}