{"income_statement": {"annual": {"Year": {"1": "Selling, General & Admin", "2": "Operating Expenses", "3": "Operating Income", "4": "Interest Expense / Income", "5": "Other Expense / Income", "6": "Pretax Income", "7": "Income Tax", "8": "Net Income", "9": "Shares Outstanding (Basic)", "10": "Shares Outstanding (Diluted)", "11": "Shares Change", "12": "EPS (Basic)", "13": "EPS (Diluted)", "14": "Free Cash Flow Per Share", "15": "Effective Tax Rate", "16": "EBITDA", "17": "EBIT"}, "2022": {"1": "1.4", "2": "1.4", "3": "-1.4", "4": "0.01", "5": "-1.68", "6": "0.28", "7": "0.41", "8": "-0.13", "9": "3", "10": "3", "11": "14.40%", "12": "-0.01", "13": "-0.01", "14": "-0.65", "15": "145.93%", "16": "0.29", "17": "0.29"}, "2021": {"1": "0.03", "2": "0.03", "3": "-0.03", "4": "0", "5": "-0", "6": "-0.03", "7": "0", "8": "-0.03", "9": "3", "10": "3", "11": "-", "12": "-0.01", "13": "-0.01", "14": "0.01", "15": "-", "16": "-0.03", "17": "-0.03"}}, "quarterly": {"Metrics": {"1": "Selling, General & Admin", "2": "Operating Expenses", "3": "Operating Income", "4": "Interest Expense / Income", "5": "Other Expense / Income", "6": "Pretax Income", "7": "Income Tax", "8": "Net Income", "9": "Shares Outstanding (Basic)", "10": "Shares Outstanding (Diluted)", "11": "Shares Change", "12": "EPS (Basic)", "13": "EPS (Diluted)", "14": "Free Cash Flow Per Share", "15": "Effective Tax Rate", "16": "EBITDA", "17": "EBIT"}, "2022-12-31": {"1": "0.3", "2": "0.3", "3": "-0.3", "4": "0", "5": "-0.99", "6": "0.69", "7": "0.25", "8": "0.44", "9": "3", "10": "3", "11": "14.40%", "12": "0.03", "13": "0.03", "14": "-0.09", "15": "36.28%", "16": "0.69", "17": "0.69"}, "2022-09-30": {"1": "0.22", "2": "0.22", "3": "-0.22", "4": "0", "5": "-0.53", "6": "0.31", "7": "0.15", "8": "0.16", "9": "3", "10": "3", "11": "15.00%", "12": "0.01", "13": "0.01", "14": "-0.11", "15": "47.33%", "16": "0.31", "17": "0.31"}, "2022-06-30": {"1": "0.58", "2": "0.58", "3": "-0.58", "4": "0", "5": "-0.16", "6": "-0.43", "7": "0.01", "8": "-0.44", "9": "3", "10": "3", "11": "15.00%", "12": "-0.03", "13": "-0.03", "14": "-0.24", "15": "-", "16": "-0.43", "17": "-0.43"}, "2022-03-31": {"1": "0.3", "2": "0.3", "3": "-0.3", "4": "0", "5": "-0.01", "6": "-0.29", "7": "0", "8": "-0.29", "9": "3", "10": "3", "11": "-", "12": "-0.02", "13": "-0.02", "14": "-0.20", "15": "-", "16": "-0.29", "17": "-0.29"}, "2021-12-31": {"1": "-", "2": "-", "3": "-", "4": "-", "5": "-", "6": "-", "7": "-", "8": "-", "9": "3", "10": "-", "11": "-", "12": "-", "13": "-", "14": "0.02", "15": "-", "16": "-", "17": "-"}, "2021-09-30": {"1": "0.01", "2": "0.01", "3": "-0.01", "4": "0", "5": "-", "6": "-0.01", "7": "0", "8": "-0.01", "9": "3", "10": "3", "11": "-", "12": "-", "13": "-", "14": "-0.00", "15": "-", "16": "-0.01", "17": "-0.01"}, "2021-06-30": {"1": "0", "2": "0", "3": "-0", "4": "0", "5": "-", "6": "-0", "7": "0", "8": "-0", "9": "3", "10": "3", "11": "-", "12": "-", "13": "-", "14": "-", "15": "-", "16": "-0", "17": "-0"}}}, "balance_sheet": {"annual": {"Year": {"1": "Cash & Equivalents", "2": "Cash & Cash Equivalents", "3": "Cash Growth", "4": "Other Current Assets", "5": "Total Current Assets", "6": "Long-Term Investments", "7": "Other Long-Term Assets", "8": "Total Long-Term Assets", "9": "Total Assets", "10": "Accounts Payable", "11": "Other Current Liabilities", "12": "Total Current Liabilities", "13": "Other Long-Term Liabilities", "14": "Total Long-Term Liabilities", "15": "Total Liabilities", "16": "Common Stock", "17": "Retained Earnings", "18": "Shareholders' Equity", "19": "Total Liabilities and Equity", "20": "Net Cash / Debt", "21": "Net Cash / Debt Growth", "22": "Net Cash Per Share", "23": "Working Capital", "24": "Book Value Per Share"}, "2022": {"1": "0.21", "2": "0.21", "3": "-88.83%", "4": "0.39", "5": "0.6", "6": "118.19", "7": "0.04", "8": "118.23", "9": "118.83", "10": "0.06", "11": "0.49", "12": "0.55", "13": "3.45", "14": "3.45", "15": "4", "16": "0", "17": "-2.97", "18": "-2.97", "19": "1.03", "20": "0.21", "21": "-88.83%", "22": "0.07", "23": "0.05", "24": "-1.03"}, "2021": {"1": "1.85", "2": "1.85", "3": "-", "4": "0.4", "5": "2.24", "6": "116.73", "7": "0.38", "8": "117.1", "9": "119.34", "10": "0.17", "11": "0.76", "12": "0.93", "13": "3.45", "14": "3.45", "15": "4.38", "16": "0", "17": "-1.77", "18": "-1.76", "19": "2.62", "20": "1.85", "21": "-", "22": "0.74", "23": "1.31", "24": "-0.70"}}, "quarterly": {"Metrics": {"1": "Cash & Equivalents", "2": "Cash & Cash Equivalents", "3": "Cash Growth", "4": "Receivables", "5": "Other Current Assets", "6": "Total Current Assets", "7": "Long-Term Investments", "8": "Other Long-Term Assets", "9": "Total Long-Term Assets", "10": "Total Assets", "11": "Accounts Payable", "12": "Current Debt", "13": "Other Current Liabilities", "14": "Total Current Liabilities", "15": "Other Long-Term Liabilities", "16": "Total Long-Term Liabilities", "17": "Total Liabilities", "18": "Total Debt", "19": "Common Stock", "20": "Retained Earnings", "21": "Shareholders' Equity", "22": "Total Liabilities and Equity", "23": "Net Cash / Debt", "24": "Net Cash / Debt Growth", "25": "Net Cash Per Share", "26": "Working Capital", "27": "Book Value Per Share"}, "2022-12-31": {"1": "0.21", "2": "0.21", "3": "-88.83%", "4": "0", "5": "0.39", "6": "0.6", "7": "118.19", "8": "0.04", "9": "118.23", "10": "118.83", "11": "0.06", "12": "0", "13": "0.49", "14": "0.55", "15": "3.45", "16": "3.45", "17": "4", "18": "0", "19": "0", "20": "-2.97", "21": "-2.97", "22": "1.03", "23": "0.21", "24": "-88.83%", "25": "0.07", "26": "0.05", "27": "-1.03"}, "2022-09-30": {"1": "0.25", "2": "0.25", "3": "1783.80%", "4": "0", "5": "0.4", "6": "0.65", "7": "117.42", "8": "0.1", "9": "117.52", "10": "118.17", "11": "0.02", "12": "0", "13": "0.31", "14": "0.33", "15": "3.45", "16": "3.45", "17": "3.78", "18": "0", "19": "0", "20": "-2.72", "21": "-2.72", "22": "1.06", "23": "0.25", "24": "-", "25": "0.09", "26": "0.32", "27": "-0.95"}, "2022-06-30": {"1": "0.58", "2": "0.58", "3": "-", "4": "0", "5": "0.32", "6": "0.9", "7": "116.89", "8": "0.2", "9": "117.09", "10": "117.99", "11": "0.01", "12": "0", "13": "0.29", "14": "0.3", "15": "3.45", "16": "3.45", "17": "3.75", "18": "0", "19": "0", "20": "-2.67", "21": "-2.66", "22": "1.09", "23": "0.58", "24": "-", "25": "0.20", "26": "0.59", "27": "-0.93"}, "2022-03-31": {"1": "1.11", "2": "1.11", "3": "-", "4": "0", "5": "0.42", "6": "1.53", "7": "116.74", "8": "0.29", "9": "117.03", "10": "118.56", "11": "0.08", "12": "0", "13": "0.36", "14": "0.44", "15": "3.45", "16": "3.45", "17": "3.89", "18": "0", "19": "0", "20": "-2.05", "21": "-2.05", "22": "1.83", "23": "1.11", "24": "-", "25": "0.39", "26": "1.09", "27": "-0.71"}, "2021-12-31": {"1": "1.85", "2": "1.85", "3": "-", "4": "0", "5": "0.4", "6": "2.24", "7": "116.73", "8": "0.38", "9": "117.1", "10": "119.34", "11": "0.17", "12": "0", "13": "0.76", "14": "0.93", "15": "3.45", "16": "3.45", "17": "4.38", "18": "0", "19": "0", "20": "-1.77", "21": "-1.76", "22": "2.62", "23": "1.85", "24": "-", "25": "-", "26": "1.31", "27": "-0.70"}, "2021-09-30": {"1": "0.01", "2": "0.01", "3": "-", "4": "0", "5": "-", "6": "-", "7": "-", "8": "-", "9": "-", "10": "0.37", "11": "0", "12": "0.28", "13": "0.08", "14": "0.36", "15": "0", "16": "0", "17": "0.36", "18": "0.28", "19": "0.03", "20": "-0.01", "21": "0.02", "22": "0.37", "23": "-0.27", "24": "-", "25": "-0.11", "26": "-", "27": "0.01"}, "2021-06-30": {"1": "-", "2": "0", "3": "-", "4": "-", "5": "-", "6": "-", "7": "-", "8": "-", "9": "-", "10": "-", "11": "-", "12": "-", "13": "-", "14": "-", "15": "-", "16": "-", "17": "-", "18": "-", "19": "-", "20": "-", "21": "-", "22": "-", "23": "0", "24": "-", "25": "-", "26": "-", "27": "-"}, "2021-03-31": {"1": "0", "2": "0", "3": "-", "4": "0.03", "5": "-", "6": "-", "7": "-", "8": "-", "9": "-", "10": "0.08", "11": "0", "12": "0.03", "13": "0.03", "14": "0.05", "15": "0", "16": "0", "17": "0.05", "18": "0.03", "19": "0.03", "20": "-0", "21": "0.02", "22": "0.08", "23": "-0.03", "24": "-", "25": "-", "26": "-", "27": "-"}}}, "cash_flow_statement": {"annual": {"Year": {"1": "Net Income", "2": "Other Operating Activities", "3": "Operating Cash Flow", "4": "Change in Investments", "5": "Investing Cash Flow", "6": "Share Issuance / Repurchase", "7": "Debt Issued / Paid", "8": "Other Financing Activities", "9": "Financing Cash Flow", "10": "Net Cash Flow", "11": "Free Cash Flow", "12": "Free Cash Flow Per Share"}, "2022": {"1": "-0.13", "2": "-1.73", "3": "-1.86", "4": "0.22", "5": "0.22", "6": "0", "7": "0", "8": "-", "9": "0", "10": "-1.64", "11": "-1.86", "12": "-0.65"}, "2021": {"1": "-0.03", "2": "0.06", "3": "0.03", "4": "-116.73", "5": "-116.73", "6": "112.13", "7": "-0.05", "8": "6.47", "9": "118.54", "10": "1.85", "11": "0.03", "12": "0.01"}}, "quarterly": {"Metrics": {"1": "Net Income", "2": "Other Operating Activities", "3": "Operating Cash Flow", "4": "Share Issuance / Repurchase", "5": "Debt Issued / Paid", "6": "Other Financing Activities", "7": "Financing Cash Flow", "8": "Net Cash Flow", "9": "Free Cash Flow", "10": "Free Cash Flow Per Share"}, "2022-12-31": {"1": "0.44", "2": "-0.7", "3": "-0.26", "4": "0", "5": "0", "6": "-", "7": "0", "8": "-0.04", "9": "-0.26", "10": "-0.09"}, "2022-09-30": {"1": "0.16", "2": "-0.49", "3": "-0.33", "4": "0", "5": "0", "6": "-", "7": "0", "8": "-0.33", "9": "-0.33", "10": "-0.11"}, "2022-06-30": {"1": "-0.44", "2": "-0.24", "3": "-0.68", "4": "0", "5": "0", "6": "0.15", "7": "0.15", "8": "-0.53", "9": "-0.68", "10": "-0.24"}, "2022-03-31": {"1": "-0.29", "2": "-0.3", "3": "-0.59", "4": "0", "5": "0", "6": "-0.15", "7": "-0.15", "8": "-0.74", "9": "-0.59", "10": "-0.20"}, "2021-12-31": {"1": "-", "2": "0.04", "3": "0.04", "4": "112.13", "5": "-0.33", "6": "6.72", "7": "118.52", "8": "1.84", "9": "0.04", "10": "0.02"}, "2021-09-30": {"1": "-0.01", "2": "-0", "3": "-0.01", "4": "0", "5": "0.12", "6": "-0.12", "7": "0", "8": "-0", "9": "-0.01", "10": "-0.00"}, "2021-06-30": {"1": "-0", "2": "0", "3": "0", "4": "0", "5": "0.16", "6": "-0.14", "7": "0.02", "8": "0.02", "9": "0", "10": "-"}}}, "ratios": {"annual": {"Year": {"1": "Market Capitalization", "2": "Market Cap Growth", "3": "Enterprise Value", "4": "PE Ratio", "5": "PB Ratio", "6": "P/FCF Ratio", "7": "P/OCF Ratio", "8": "EV/EBITDA Ratio", "9": "EV/EBIT Ratio", "10": "EV/FCF Ratio", "11": "Current Ratio", "12": "Return on Equity (ROE)", "13": "Return on Assets (ROA)", "14": "Return on Capital (ROIC)", "15": "Earnings Yield", "16": "FCF Yield", "17": "Buyback Yield / Dilution", "18": "Total Shareholder Return"}, "Current": {"1": "151", "2": "-", "3": "151", "4": "-1147.61", "5": "-49.66", "6": "-79.30", "7": "-79.30", "8": "526.84", "9": "526.84", "10": "-79.18", "11": "1.10", "12": "4.90%", "13": "-0.10%", "14": "0.20%", "15": "-0.08%", "16": "-1.23%", "17": "-14.40%", "18": "-14.40%"}, "2022": {"1": "147", "2": "16.36%", "3": "147", "4": "-1147.61", "5": "-49.66", "6": "-79.30", "7": "-79.30", "8": "512.81", "9": "512.81", "10": "-79.18", "11": "1.10", "12": "4.90%", "13": "-0.10%", "14": "0.20%", "15": "-0.09%", "16": "-1.26%", "17": "-14.40%", "18": "-14.40%"}, "2021": {"1": "127", "2": "-", "3": "125", "4": "-4287.29", "5": "-71.80", "6": "3832.13", "7": "3832.13", "8": "-4224.66", "9": "-4224.66", "10": "3776.15", "11": "2.40", "12": "-", "13": "-", "14": "-", "15": "-0.02%", "16": "0.03%", "17": "-", "18": "-"}}, "quarterly": {"Metrics": {"1": "Market Capitalization", "2": "Market Cap Growth", "3": "Enterprise Value", "4": "PE Ratio", "5": "PB Ratio", "6": "Debt / Equity Ratio", "7": "Current Ratio", "8": "Buyback Yield / Dilution", "9": "Total Shareholder Return"}, "Current": {"1": "151", "2": "-", "3": "151", "4": "-1147.61", "5": "-49.66", "6": "-", "7": "1.10", "8": "-14.40%", "9": "-14.40%"}, "2022-12-31": {"1": "147", "2": "16.36%", "3": "147", "4": "-1147.61", "5": "-49.66", "6": "-", "7": "1.10", "8": "-14.40%", "9": "-14.40%"}, "2022-09-30": {"1": "145", "2": "-", "3": "145", "4": "-", "5": "-53.25", "6": "-", "7": "1.98", "8": "-15.00%", "9": "-15.00%"}, "2022-06-30": {"1": "144", "2": "-", "3": "143", "4": "-", "5": "-54.09", "6": "-", "7": "2.94", "8": "-15.00%", "9": "-15.00%"}, "2022-03-31": {"1": "125", "2": "-", "3": "124", "4": "-", "5": "-60.74", "6": "-", "7": "3.50", "8": "-", "9": "-"}, "2021-12-31": {"1": "127", "2": "-", "3": "125", "4": "-4287.29", "5": "-71.80", "6": "-", "7": "2.40", "8": "-", "9": "-"}, "2021-09-30": {"1": "-", "2": "-", "3": "0", "4": "-", "5": "-", "6": "17.04", "7": "-", "8": "-", "9": "-"}, "2021-06-30": {"1": "-", "2": "-", "3": "-", "4": "-", "5": "-", "6": "-", "7": "-", "8": "-", "9": "-"}, "2021-03-31": {"1": "-", "2": "-", "3": "0", "4": "-", "5": "-", "6": "1.04", "7": "-", "8": "-", "9": "-"}}}, "stock_price": {"symbol": {"0": "ADRT", "1": "ADRT", "2": "ADRT", "3": "ADRT", "4": "ADRT", "5": "ADRT", "6": "ADRT", "7": "ADRT", "8": "ADRT", "9": "ADRT", "10": "ADRT", "11": "ADRT", "12": "ADRT", "13": "ADRT", "14": "ADRT", "15": "ADRT", "16": "ADRT", "17": "ADRT", "18": "ADRT", "19": "ADRT", "20": "ADRT", "21": "ADRT", "22": "ADRT", "23": "ADRT", "24": "ADRT", "25": "ADRT", "26": "ADRT", "27": "ADRT", "28": "ADRT", "29": "ADRT", "30": "ADRT", "31": "ADRT", "32": "ADRT", "33": "ADRT", "34": "ADRT", "35": "ADRT", "36": "ADRT", "37": "ADRT", "38": "ADRT", "39": "ADRT", "40": "ADRT", "41": "ADRT", "42": "ADRT", "43": "ADRT", "44": "ADRT", "45": "ADRT", "46": "ADRT", "47": "ADRT", "48": "ADRT", "49": "ADRT", "50": "ADRT", "51": "ADRT", "52": "ADRT", "53": "ADRT", "54": "ADRT", "55": "ADRT", "56": "ADRT", "57": "ADRT", "58": "ADRT", "59": "ADRT", "60": "ADRT", "61": "ADRT", "62": "ADRT", "63": "ADRT", "64": "ADRT", "65": "ADRT", "66": "ADRT", "67": "ADRT", "68": "ADRT", "69": "ADRT", "70": "ADRT", "71": "ADRT", "72": "ADRT", "73": "ADRT", "74": "ADRT", "75": "ADRT", "76": "ADRT", "77": "ADRT", "78": "ADRT", "79": "ADRT", "80": "ADRT", "81": "ADRT", "82": "ADRT", "83": "ADRT", "84": "ADRT", "85": "ADRT", "86": "ADRT", "87": "ADRT", "88": "ADRT", "89": "ADRT", "90": "ADRT", "91": "ADRT", "92": "ADRT", "93": "ADRT", "94": "ADRT", "95": "ADRT", "96": "ADRT", "97": "ADRT", "98": "ADRT", "99": "ADRT", "100": "ADRT", "101": "ADRT", "102": "ADRT", "103": "ADRT", "104": "ADRT", "105": "ADRT", "106": "ADRT", "107": "ADRT", "108": "ADRT", "109": "ADRT", "110": "ADRT", "111": "ADRT", "112": "ADRT", "113": "ADRT", "114": "ADRT", "115": "ADRT", "116": "ADRT", "117": "ADRT", "118": "ADRT", "119": "ADRT", "120": "ADRT", "121": "ADRT", "122": "ADRT", "123": "ADRT", "124": "ADRT", "125": "ADRT", "126": "ADRT", "127": "ADRT", "128": "ADRT", "129": "ADRT", "130": "ADRT", "131": "ADRT", "132": "ADRT", "133": "ADRT", "134": "ADRT", "135": "ADRT", "136": "ADRT", "137": "ADRT", "138": "ADRT", "139": "ADRT", "140": "ADRT", "141": "ADRT", "142": "ADRT", "143": "ADRT", "144": "ADRT", "145": "ADRT", "146": "ADRT", "147": "ADRT", "148": "ADRT", "149": "ADRT", "150": "ADRT", "151": "ADRT", "152": "ADRT", "153": "ADRT", "154": "ADRT", "155": "ADRT", "156": "ADRT", "157": "ADRT", "158": "ADRT", "159": "ADRT", "160": "ADRT", "161": "ADRT", "162": "ADRT", "163": "ADRT", "164": "ADRT", "165": "ADRT", "166": "ADRT", "167": "ADRT", "168": "ADRT", "169": "ADRT", "170": "ADRT", "171": "ADRT", "172": "ADRT", "173": "ADRT", "174": "ADRT", "175": "ADRT", "176": "ADRT", "177": "ADRT", "178": "ADRT", "179": "ADRT", "180": "ADRT", "181": "ADRT", "182": "ADRT", "183": "ADRT", "184": "ADRT", "185": "ADRT", "186": "ADRT", "187": "ADRT", "188": "ADRT", "189": "ADRT", "190": "ADRT", "191": "ADRT", "192": "ADRT", "193": "ADRT", "194": "ADRT", "195": "ADRT", "196": "ADRT", "197": "ADRT", "198": "ADRT", "199": "ADRT", "200": "ADRT", "201": "ADRT", "202": "ADRT", "203": "ADRT", "204": "ADRT", "205": "ADRT", "206": "ADRT", "207": "ADRT", "208": "ADRT", "209": "ADRT", "210": "ADRT", "211": "ADRT", "212": "ADRT", "213": "ADRT", "214": "ADRT", "215": "ADRT", "216": "ADRT", "217": "ADRT", "218": "ADRT", "219": "ADRT", "220": "ADRT", "221": "ADRT", "222": "ADRT", "223": "ADRT", "224": "ADRT", "225": "ADRT", "226": "ADRT", "227": "ADRT", "228": "ADRT", "229": "ADRT", "230": "ADRT", "231": "ADRT", "232": "ADRT", "233": "ADRT", "234": "ADRT", "235": "ADRT", "236": "ADRT", "237": "ADRT", "238": "ADRT", "239": "ADRT", "240": "ADRT", "241": "ADRT", "242": "ADRT", "243": "ADRT", "244": "ADRT", "245": "ADRT", "246": "ADRT", "247": "ADRT", "248": "ADRT", "249": "ADRT", "250": "ADRT", "251": "ADRT", "252": "ADRT", "253": "ADRT", "254": "ADRT", "255": "ADRT", "256": "ADRT", "257": "ADRT", "258": "ADRT", "259": "ADRT", "260": "ADRT", "261": "ADRT", "262": "ADRT", "263": "ADRT", "264": "ADRT", "265": "ADRT", "266": "ADRT", "267": "ADRT", "268": "ADRT", "269": "ADRT", "270": "ADRT", "271": "ADRT", "272": "ADRT", "273": "ADRT", "274": "ADRT", "275": "ADRT", "276": "ADRT", "277": "ADRT", "278": "ADRT", "279": "ADRT", "280": "ADRT", "281": "ADRT", "282": "ADRT", "283": "ADRT", "284": "ADRT", "285": "ADRT", "286": "ADRT", "287": "ADRT", "288": "ADRT", "289": "ADRT", "290": "ADRT", "291": "ADRT", "292": "ADRT", "293": "ADRT", "294": "ADRT", "295": "ADRT", "296": "ADRT", "297": "ADRT", "298": "ADRT", "299": "ADRT", "300": "ADRT", "301": "ADRT", "302": "ADRT", "303": "ADRT", "304": "ADRT", "305": "ADRT", "306": "ADRT", "307": "ADRT", "308": "ADRT", "309": "ADRT", "310": "ADRT", "311": "ADRT", "312": "ADRT", "313": "ADRT", "314": "ADRT", "315": "ADRT", "316": "ADRT", "317": "ADRT", "318": "ADRT", "319": "ADRT", "320": "ADRT", "321": "ADRT", "322": "ADRT", "323": "ADRT", "324": "ADRT", "325": "ADRT", "326": "ADRT", "327": "ADRT", "328": "ADRT", "329": "ADRT", "330": "ADRT", "331": "ADRT", "332": "ADRT", "333": "ADRT", "334": "ADRT", "335": "ADRT", "336": "ADRT", "337": "ADRT", "338": "ADRT", "339": "ADRT", "340": "ADRT", "341": "ADRT", "342": "ADRT", "343": "ADRT", "344": "ADRT", "345": "ADRT", "346": "ADRT", "347": "ADRT"}, "date": {"0": "2022-02-09", "1": "2022-02-10", "2": "2022-02-11", "3": "2022-02-14", "4": "2022-02-15", "5": "2022-02-16", "6": "2022-02-17", "7": "2022-02-18", "8": "2022-02-22", "9": "2022-02-23", "10": "2022-02-24", "11": "2022-02-25", "12": "2022-02-28", "13": "2022-03-01", "14": "2022-03-02", "15": "2022-03-03", "16": "2022-03-04", "17": "2022-03-07", "18": "2022-03-08", "19": "2022-03-09", "20": "2022-03-10", "21": "2022-03-11", "22": "2022-03-14", "23": "2022-03-15", "24": "2022-03-16", "25": "2022-03-17", "26": "2022-03-18", "27": "2022-03-21", "28": "2022-03-22", "29": "2022-03-23", "30": "2022-03-24", "31": "2022-03-25", "32": "2022-03-28", "33": "2022-03-29", "34": "2022-03-30", "35": "2022-03-31", "36": "2022-04-01", "37": "2022-04-04", "38": "2022-04-05", "39": "2022-04-06", "40": "2022-04-07", "41": "2022-04-08", "42": "2022-04-11", "43": "2022-04-12", "44": "2022-04-13", "45": "2022-04-14", "46": "2022-04-18", "47": "2022-04-19", "48": "2022-04-20", "49": "2022-04-21", "50": "2022-04-22", "51": "2022-04-25", "52": "2022-04-26", "53": "2022-04-27", "54": "2022-04-28", "55": "2022-04-29", "56": "2022-05-02", "57": "2022-05-03", "58": "2022-05-04", "59": "2022-05-05", "60": "2022-05-06", "61": "2022-05-09", "62": "2022-05-10", "63": "2022-05-11", "64": "2022-05-12", "65": "2022-05-13", "66": "2022-05-16", "67": "2022-05-17", "68": "2022-05-18", "69": "2022-05-19", "70": "2022-05-20", "71": "2022-05-23", "72": "2022-05-24", "73": "2022-05-25", "74": "2022-05-26", "75": "2022-05-27", "76": "2022-05-31", "77": "2022-06-01", "78": "2022-06-02", "79": "2022-06-03", "80": "2022-06-06", "81": "2022-06-07", "82": "2022-06-08", "83": "2022-06-09", "84": "2022-06-10", "85": "2022-06-13", "86": "2022-06-14", "87": "2022-06-15", "88": "2022-06-16", "89": "2022-06-17", "90": "2022-06-21", "91": "2022-06-22", "92": "2022-06-23", "93": "2022-06-24", "94": "2022-06-27", "95": "2022-06-28", "96": "2022-06-29", "97": "2022-06-30", "98": "2022-07-01", "99": "2022-07-05", "100": "2022-07-06", "101": "2022-07-07", "102": "2022-07-08", "103": "2022-07-11", "104": "2022-07-12", "105": "2022-07-13", "106": "2022-07-14", "107": "2022-07-15", "108": "2022-07-18", "109": "2022-07-19", "110": "2022-07-20", "111": "2022-07-21", "112": "2022-07-22", "113": "2022-07-25", "114": "2022-07-26", "115": "2022-07-27", "116": "2022-07-28", "117": "2022-07-29", "118": "2022-08-01", "119": "2022-08-02", "120": "2022-08-03", "121": "2022-08-04", "122": "2022-08-05", "123": "2022-08-08", "124": "2022-08-09", "125": "2022-08-10", "126": "2022-08-11", "127": "2022-08-12", "128": "2022-08-15", "129": "2022-08-16", "130": "2022-08-17", "131": "2022-08-18", "132": "2022-08-19", "133": "2022-08-22", "134": "2022-08-23", "135": "2022-08-24", "136": "2022-08-25", "137": "2022-08-26", "138": "2022-08-29", "139": "2022-08-30", "140": "2022-08-31", "141": "2022-09-01", "142": "2022-09-02", "143": "2022-09-06", "144": "2022-09-07", "145": "2022-09-08", "146": "2022-09-09", "147": "2022-09-12", "148": "2022-09-13", "149": "2022-09-14", "150": "2022-09-15", "151": "2022-09-16", "152": "2022-09-19", "153": "2022-09-20", "154": "2022-09-21", "155": "2022-09-22", "156": "2022-09-23", "157": "2022-09-26", "158": "2022-09-27", "159": "2022-09-28", "160": "2022-09-29", "161": "2022-09-30", "162": "2022-10-03", "163": "2022-10-04", "164": "2022-10-05", "165": "2022-10-06", "166": "2022-10-07", "167": "2022-10-10", "168": "2022-10-11", "169": "2022-10-12", "170": "2022-10-13", "171": "2022-10-14", "172": "2022-10-17", "173": "2022-10-18", "174": "2022-10-19", "175": "2022-10-20", "176": "2022-10-21", "177": "2022-10-24", "178": "2022-10-25", "179": "2022-10-26", "180": "2022-10-27", "181": "2022-10-28", "182": "2022-10-31", "183": "2022-11-01", "184": "2022-11-02", "185": "2022-11-03", "186": "2022-11-04", "187": "2022-11-07", "188": "2022-11-08", "189": "2022-11-09", "190": "2022-11-10", "191": "2022-11-11", "192": "2022-11-14", "193": "2022-11-15", "194": "2022-11-16", "195": "2022-11-17", "196": "2022-11-18", "197": "2022-11-21", "198": "2022-11-22", "199": "2022-11-23", "200": "2022-11-25", "201": "2022-11-28", "202": "2022-11-29", "203": "2022-11-30", "204": "2022-12-01", "205": "2022-12-02", "206": "2022-12-05", "207": "2022-12-06", "208": "2022-12-07", "209": "2022-12-08", "210": "2022-12-09", "211": "2022-12-12", "212": "2022-12-13", "213": "2022-12-14", "214": "2022-12-15", "215": "2022-12-16", "216": "2022-12-19", "217": "2022-12-20", "218": "2022-12-21", "219": "2022-12-22", "220": "2022-12-23", "221": "2022-12-27", "222": "2022-12-28", "223": "2022-12-29", "224": "2022-12-30", "225": "2023-01-03", "226": "2023-01-04", "227": "2023-01-05", "228": "2023-01-06", "229": "2023-01-09", "230": "2023-01-10", "231": "2023-01-11", "232": "2023-01-12", "233": "2023-01-13", "234": "2023-01-17", "235": "2023-01-18", "236": "2023-01-19", "237": "2023-01-20", "238": "2023-01-23", "239": "2023-01-24", "240": "2023-01-25", "241": "2023-01-26", "242": "2023-01-27", "243": "2023-01-30", "244": "2023-01-31", "245": "2023-02-01", "246": "2023-02-02", "247": "2023-02-03", "248": "2023-02-06", "249": "2023-02-07", "250": "2023-02-08", "251": "2023-02-09", "252": "2023-02-10", "253": "2023-02-13", "254": "2023-02-14", "255": "2023-02-15", "256": "2023-02-16", "257": "2023-02-17", "258": "2023-02-21", "259": "2023-02-22", "260": "2023-02-23", "261": "2023-02-24", "262": "2023-02-27", "263": "2023-02-28", "264": "2023-03-01", "265": "2023-03-02", "266": "2023-03-03", "267": "2023-03-06", "268": "2023-03-07", "269": "2023-03-08", "270": "2023-03-09", "271": "2023-03-10", "272": "2023-03-13", "273": "2023-03-14", "274": "2023-03-15", "275": "2023-03-16", "276": "2023-03-17", "277": "2023-03-20", "278": "2023-03-21", "279": "2023-03-22", "280": "2023-03-23", "281": "2023-03-24", "282": "2023-03-27", "283": "2023-03-28", "284": "2023-03-29", "285": "2023-03-30", "286": "2023-03-31", "287": "2023-04-03", "288": "2023-04-04", "289": "2023-04-05", "290": "2023-04-06", "291": "2023-04-10", "292": "2023-04-11", "293": "2023-04-12", "294": "2023-04-13", "295": "2023-04-14", "296": "2023-04-17", "297": "2023-04-18", "298": "2023-04-19", "299": "2023-04-20", "300": "2023-04-21", "301": "2023-04-24", "302": "2023-04-25", "303": "2023-04-26", "304": "2023-04-27", "305": "2023-04-28", "306": "2023-05-01", "307": "2023-05-02", "308": "2023-05-03", "309": "2023-05-04", "310": "2023-05-05", "311": "2023-05-08", "312": "2023-05-09", "313": "2023-05-10", "314": "2023-05-11", "315": "2023-05-12", "316": "2023-05-15", "317": "2023-05-16", "318": "2023-05-17", "319": "2023-05-18", "320": "2023-05-19", "321": "2023-05-22", "322": "2023-05-23", "323": "2023-05-24", "324": "2023-05-25", "325": "2023-05-26", "326": "2023-05-30", "327": "2023-05-31", "328": "2023-06-01", "329": "2023-06-02", "330": "2023-06-05", "331": "2023-06-06", "332": "2023-06-07", "333": "2023-06-08", "334": "2023-06-09", "335": "2023-06-12", "336": "2023-06-13", "337": "2023-06-14", "338": "2023-06-15", "339": "2023-06-16", "340": "2023-06-20", "341": "2023-06-21", "342": "2023-06-22", "343": "2023-06-23", "344": "2023-06-26", "345": "2023-06-27", "346": "2023-06-28", "347": "2023-06-29"}, "open": {"0": 9.800000190734863, "1": 9.920000076293945, "2": 9.899999618530273, "3": 9.930000305175781, "4": 9.899999618530273, "5": 9.899999618530273, "6": 9.899999618530273, "7": 9.899999618530273, "8": 9.899999618530273, "9": 9.899999618530273, "10": 9.899999618530273, "11": 9.899999618530273, "12": 9.920000076293945, "13": 9.930000305175781, "14": 9.930000305175781, "15": 9.920000076293945, "16": 9.930000305175781, "17": 9.930000305175781, "18": 9.930000305175781, "19": 9.920000076293945, "20": 9.920000076293945, "21": 9.920000076293945, "22": 9.920000076293945, "23": 9.9399995803833, "24": 9.9399995803833, "25": 9.9399995803833, "26": 9.9399995803833, "27": 9.9399995803833, "28": 9.949999809265137, "29": 9.960000038146973, "30": 9.960000038146973, "31": 9.960000038146973, "32": 9.960000038146973, "33": 9.960000038146973, "34": 9.9399995803833, "35": 9.970000267028809, "36": 9.970000267028809, "37": 9.949999809265137, "38": 9.949999809265137, "39": 9.949999809265137, "40": 9.949999809265137, "41": 9.949999809265137, "42": 9.949999809265137, "43": 9.960000038146973, "44": 10.020000457763672, "45": 10.010000228881836, "46": 10.0, "47": 10.0, "48": 10.0, "49": 10.0, "50": 10.0, "51": 10.0, "52": 9.979999542236328, "53": 9.989999771118164, "54": 9.979999542236328, "55": 9.979999542236328, "56": 9.979999542236328, "57": 9.989999771118164, "58": 9.989999771118164, "59": 10.010000228881836, "60": 10.0, "61": 9.989999771118164, "62": 9.989999771118164, "63": 9.989999771118164, "64": 9.970000267028809, "65": 9.960000038146973, "66": 9.960000038146973, "67": 9.960000038146973, "68": 9.960000038146973, "69": 9.960000038146973, "70": 9.960000038146973, "71": 9.960000038146973, "72": 9.989999771118164, "73": 9.960000038146973, "74": 9.960000038146973, "75": 9.960000038146973, "76": 10.0, "77": 10.0, "78": 9.970000267028809, "79": 9.979999542236328, "80": 10.010000228881836, "81": 10.010000228881836, "82": 10.010000228881836, "83": 9.979999542236328, "84": 9.979999542236328, "85": 9.979999542236328, "86": 9.979999542236328, "87": 9.979999542236328, "88": 10.010000228881836, "89": 9.970000267028809, "90": 10.020000457763672, "91": 10.020000457763672, "92": 10.0, "93": 9.970000267028809, "94": 10.020000457763672, "95": 10.020000457763672, "96": 10.020000457763672, "97": 10.020000457763672, "98": 10.020000457763672, "99": 9.979999542236328, "100": 9.979999542236328, "101": 9.979999542236328, "102": 9.979999542236328, "103": 9.989999771118164, "104": 10.005000114440918, "105": 10.0, "106": 10.0, "107": 10.020000457763672, "108": 10.039999961853027, "109": 10.039999961853027, "110": 10.010000228881836, "111": 10.010000228881836, "112": 10.020000457763672, "113": 10.020000457763672, "114": 10.020000457763672, "115": 10.020000457763672, "116": 10.020000457763672, "117": 10.0600004196167, "118": 10.020000457763672, "119": 10.029999732971191, "120": 10.029999732971191, "121": 10.029999732971191, "122": 10.039999961853027, "123": 10.0600004196167, "124": 10.0600004196167, "125": 10.0600004196167, "126": 10.069999694824219, "127": 10.069999694824219, "128": 10.039999961853027, "129": 10.039999961853027, "130": 10.039999961853027, "131": 10.0600004196167, "132": 10.029999732971191, "133": 10.029999732971191, "134": 10.029999732971191, "135": 10.029999732971191, "136": 10.050000190734863, "137": 10.050000190734863, "138": 10.039999961853027, "139": 10.029999732971191, "140": 10.039999961853027, "141": 10.100000381469727, "142": 10.100000381469727, "143": 10.039999961853027, "144": 10.039999961853027, "145": 10.039999961853027, "146": 10.09000015258789, "147": 10.079999923706055, "148": 10.029999732971191, "149": 10.050000190734863, "150": 10.069999694824219, "151": 10.050000190734863, "152": 10.050000190734863, "153": 10.050000190734863, "154": 10.050000190734863, "155": 10.050000190734863, "156": 10.050000190734863, "157": 10.0600004196167, "158": 10.119999885559082, "159": 10.100000381469727, "160": 10.079999923706055, "161": 10.079999923706055, "162": 10.100000381469727, "163": 10.119999885559082, "164": 10.119999885559082, "165": 10.119999885559082, "166": 10.119999885559082, "167": 10.119999885559082, "168": 10.100000381469727, "169": 10.100000381469727, "170": 10.109999656677246, "171": 10.085000038146973, "172": 10.085000038146973, "173": 10.119999885559082, "174": 10.109999656677246, "175": 10.109999656677246, "176": 10.100000381469727, "177": 10.079999923706055, "178": 10.119999885559082, "179": 10.100000381469727, "180": 10.100000381469727, "181": 10.109999656677246, "182": 10.109999656677246, "183": 10.109999656677246, "184": 10.119999885559082, "185": 10.119999885559082, "186": 10.119999885559082, "187": 10.109999656677246, "188": 10.100000381469727, "189": 10.119999885559082, "190": 10.109999656677246, "191": 10.109999656677246, "192": 10.109999656677246, "193": 10.119999885559082, "194": 10.170000076293945, "195": 10.170000076293945, "196": 10.170000076293945, "197": 10.170000076293945, "198": 10.170000076293945, "199": 10.170000076293945, "200": 10.170000076293945, "201": 10.170000076293945, "202": 10.170000076293945, "203": 10.170000076293945, "204": 10.119999885559082, "205": 10.119999885559082, "206": 10.149999618530273, "207": 10.180000305175781, "208": 10.199999809265137, "209": 10.199999809265137, "210": 10.199999809265137, "211": 10.199999809265137, "212": 10.199999809265137, "213": 10.180000305175781, "214": 10.15999984741211, "215": 10.15999984741211, "216": 10.15999984741211, "217": 10.15999984741211, "218": 10.15999984741211, "219": 10.170000076293945, "220": 10.199999809265137, "221": 10.220000267028809, "222": 10.239999771118164, "223": 10.260000228881836, "224": 10.25, "225": 10.270000457763672, "226": 10.270000457763672, "227": 10.279999732971191, "228": 10.289999961853027, "229": 10.289999961853027, "230": 10.300000190734863, "231": 10.300000190734863, "232": 10.300000190734863, "233": 10.300000190734863, "234": 10.319999694824219, "235": 10.350000381469727, "236": 10.3100004196167, "237": 10.3100004196167, "238": 10.34000015258789, "239": 10.329999923706055, "240": 10.34000015258789, "241": 10.34000015258789, "242": 10.34000015258789, "243": 10.350000381469727, "244": 10.34000015258789, "245": 10.34000015258789, "246": 10.34000015258789, "247": 10.34000015258789, "248": 10.34000015258789, "249": 10.350000381469727, "250": 10.350000381469727, "251": 10.359999656677246, "252": 10.350000381469727, "253": 10.34000015258789, "254": 10.350000381469727, "255": 10.354999542236328, "256": 10.359999656677246, "257": 10.359999656677246, "258": 10.359999656677246, "259": 10.359999656677246, "260": 10.359999656677246, "261": 10.359999656677246, "262": 10.399999618530273, "263": 10.399999618530273, "264": 10.399999618530273, "265": 10.399999618530273, "266": 10.399999618530273, "267": 10.416999816894531, "268": 10.416999816894531, "269": 10.416999816894531, "270": 10.416999816894531, "271": 10.416999816894531, "272": 10.40999984741211, "273": 10.40999984741211, "274": 10.40999984741211, "275": 10.40999984741211, "276": 10.40999984741211, "277": 10.40999984741211, "278": 10.430000305175781, "279": 10.430000305175781, "280": 10.430000305175781, "281": 10.430000305175781, "282": 10.430000305175781, "283": 10.430000305175781, "284": 10.460000038146973, "285": 10.470000267028809, "286": 10.470000267028809, "287": 10.470000267028809, "288": 10.470000267028809, "289": 10.484999656677246, "290": 10.484999656677246, "291": 10.479999542236328, "292": 10.479999542236328, "293": 10.479999542236328, "294": 10.5, "295": 10.5, "296": 10.510000228881836, "297": 10.479999542236328, "298": 10.479999542236328, "299": 10.484999656677246, "300": 10.489999771118164, "301": 10.489999771118164, "302": 10.489999771118164, "303": 10.5, "304": 10.5, "305": 10.510000228881836, "306": 10.5, "307": 10.505000114440918, "308": 10.505000114440918, "309": 10.5, "310": 10.539999961853027, "311": 10.539999961853027, "312": 10.539999961853027, "313": 10.539999961853027, "314": 10.539999961853027, "315": 10.539999961853027, "316": 10.545000076293945, "317": 10.550000190734863, "318": 10.550000190734863, "319": 10.529999732971191, "320": 10.550000190734863, "321": 10.550000190734863, "322": 10.550000190734863, "323": 10.539999961853027, "324": 10.470000267028809, "325": 10.470000267028809, "326": 10.449999809265137, "327": 10.420000076293945, "328": 10.420000076293945, "329": 10.520000457763672, "330": 10.550000190734863, "331": 10.5600004196167, "332": 10.59000015258789, "333": 10.579999923706055, "334": 10.579999923706055, "335": 10.59000015258789, "336": 10.5600004196167, "337": 10.699999809265137, "338": 10.779999732971191, "339": 14.119999885559082, "340": 10.649999618530273, "341": 10.670000076293945, "342": 11.029999732971191, "343": 11.199999809265137, "344": 10.760000228881836, "345": 11.09000015258789, "346": 11.25, "347": 11.375}, "high": {"0": 9.850000381469727, "1": 9.920000076293945, "2": 9.9399995803833, "3": 9.930000305175781, "4": 9.899999618530273, "5": 9.899999618530273, "6": 9.899999618530273, "7": 9.899999618530273, "8": 9.899999618530273, "9": 9.899999618530273, "10": 9.899999618530273, "11": 9.899999618530273, "12": 9.930000305175781, "13": 9.930000305175781, "14": 9.930000305175781, "15": 9.930000305175781, "16": 9.930000305175781, "17": 9.930000305175781, "18": 9.9399995803833, "19": 9.920000076293945, "20": 9.920000076293945, "21": 9.920000076293945, "22": 9.920000076293945, "23": 9.9399995803833, "24": 9.9399995803833, "25": 9.9399995803833, "26": 9.9399995803833, "27": 9.9399995803833, "28": 9.949999809265137, "29": 9.960000038146973, "30": 9.960000038146973, "31": 9.960000038146973, "32": 9.960000038146973, "33": 9.960000038146973, "34": 9.970000267028809, "35": 9.975000381469727, "36": 9.970000267028809, "37": 9.949999809265137, "38": 9.949999809265137, "39": 9.949999809265137, "40": 9.949999809265137, "41": 9.949999809265137, "42": 9.949999809265137, "43": 9.960000038146973, "44": 10.020000457763672, "45": 10.010000228881836, "46": 10.0, "47": 10.0, "48": 10.0, "49": 10.0, "50": 10.0, "51": 10.0, "52": 9.979999542236328, "53": 9.989999771118164, "54": 9.979999542236328, "55": 9.979999542236328, "56": 9.979999542236328, "57": 9.989999771118164, "58": 10.010000228881836, "59": 10.010000228881836, "60": 10.0, "61": 9.989999771118164, "62": 9.989999771118164, "63": 9.989999771118164, "64": 9.970000267028809, "65": 9.960000038146973, "66": 9.960000038146973, "67": 9.960000038146973, "68": 9.960000038146973, "69": 9.960000038146973, "70": 9.960000038146973, "71": 9.960000038146973, "72": 9.989999771118164, "73": 9.960000038146973, "74": 9.960000038146973, "75": 9.960000038146973, "76": 10.0, "77": 10.0, "78": 9.970000267028809, "79": 9.979999542236328, "80": 10.010000228881836, "81": 10.010000228881836, "82": 10.010000228881836, "83": 9.979999542236328, "84": 9.979999542236328, "85": 9.979999542236328, "86": 9.979999542236328, "87": 9.979999542236328, "88": 10.010000228881836, "89": 10.020000457763672, "90": 10.020000457763672, "91": 10.020000457763672, "92": 10.0, "93": 10.020000457763672, "94": 10.020000457763672, "95": 10.020000457763672, "96": 10.020000457763672, "97": 10.020000457763672, "98": 10.020000457763672, "99": 9.979999542236328, "100": 9.979999542236328, "101": 9.979999542236328, "102": 10.020000457763672, "103": 10.020000457763672, "104": 10.005000114440918, "105": 10.0, "106": 10.0, "107": 10.039999961853027, "108": 10.039999961853027, "109": 10.039999961853027, "110": 10.010000228881836, "111": 10.020000457763672, "112": 10.020000457763672, "113": 10.020000457763672, "114": 10.020000457763672, "115": 10.020000457763672, "116": 10.020000457763672, "117": 10.0600004196167, "118": 10.020000457763672, "119": 10.029999732971191, "120": 10.029999732971191, "121": 10.029999732971191, "122": 10.039999961853027, "123": 10.0600004196167, "124": 10.0600004196167, "125": 10.0600004196167, "126": 10.069999694824219, "127": 10.069999694824219, "128": 10.039999961853027, "129": 10.039999961853027, "130": 10.039999961853027, "131": 10.0600004196167, "132": 10.029999732971191, "133": 10.029999732971191, "134": 10.09000015258789, "135": 10.050000190734863, "136": 10.050000190734863, "137": 10.050000190734863, "138": 10.039999961853027, "139": 10.029999732971191, "140": 10.039999961853027, "141": 10.100000381469727, "142": 10.100000381469727, "143": 10.039999961853027, "144": 10.039999961853027, "145": 10.039999961853027, "146": 10.09000015258789, "147": 10.079999923706055, "148": 10.038000106811523, "149": 10.069999694824219, "150": 10.069999694824219, "151": 10.050000190734863, "152": 10.050000190734863, "153": 10.050000190734863, "154": 10.050000190734863, "155": 10.050000190734863, "156": 10.050000190734863, "157": 10.0600004196167, "158": 10.119999885559082, "159": 10.100000381469727, "160": 10.079999923706055, "161": 10.079999923706055, "162": 10.100000381469727, "163": 10.119999885559082, "164": 10.119999885559082, "165": 10.119999885559082, "166": 10.119999885559082, "167": 10.119999885559082, "168": 10.100000381469727, "169": 10.100000381469727, "170": 10.109999656677246, "171": 10.085000038146973, "172": 10.085000038146973, "173": 10.119999885559082, "174": 10.109999656677246, "175": 10.109999656677246, "176": 10.100000381469727, "177": 10.119999885559082, "178": 10.119999885559082, "179": 10.100000381469727, "180": 10.100000381469727, "181": 10.109999656677246, "182": 10.109999656677246, "183": 10.109999656677246, "184": 10.119999885559082, "185": 10.119999885559082, "186": 10.119999885559082, "187": 10.109999656677246, "188": 10.109999656677246, "189": 10.119999885559082, "190": 10.109999656677246, "191": 10.109999656677246, "192": 10.119999885559082, "193": 10.119999885559082, "194": 10.170000076293945, "195": 10.170000076293945, "196": 10.170000076293945, "197": 10.170000076293945, "198": 10.170000076293945, "199": 10.170000076293945, "200": 10.170000076293945, "201": 10.170000076293945, "202": 10.170000076293945, "203": 10.170000076293945, "204": 10.119999885559082, "205": 10.119999885559082, "206": 10.15999984741211, "207": 10.180000305175781, "208": 10.199999809265137, "209": 10.199999809265137, "210": 10.199999809265137, "211": 10.199999809265137, "212": 10.199999809265137, "213": 10.180000305175781, "214": 10.15999984741211, "215": 10.15999984741211, "216": 10.15999984741211, "217": 10.15999984741211, "218": 10.170000076293945, "219": 10.170000076293945, "220": 10.199999809265137, "221": 10.229999542236328, "222": 10.239999771118164, "223": 10.260000228881836, "224": 10.25, "225": 10.270000457763672, "226": 10.289999961853027, "227": 10.279999732971191, "228": 10.289999961853027, "229": 10.289999961853027, "230": 10.300000190734863, "231": 10.300000190734863, "232": 10.300000190734863, "233": 10.300000190734863, "234": 10.350000381469727, "235": 10.350000381469727, "236": 10.3100004196167, "237": 10.3100004196167, "238": 10.34000015258789, "239": 10.329999923706055, "240": 10.350000381469727, "241": 10.34000015258789, "242": 10.34000015258789, "243": 10.350000381469727, "244": 10.34000015258789, "245": 10.34000015258789, "246": 10.34000015258789, "247": 10.34000015258789, "248": 10.34000015258789, "249": 10.350000381469727, "250": 10.350000381469727, "251": 10.359999656677246, "252": 10.350000381469727, "253": 10.34000015258789, "254": 10.350000381469727, "255": 10.369999885559082, "256": 10.359999656677246, "257": 10.359999656677246, "258": 10.359999656677246, "259": 10.359999656677246, "260": 10.359999656677246, "261": 10.359999656677246, "262": 10.399999618530273, "263": 10.399999618530273, "264": 10.399999618530273, "265": 10.399999618530273, "266": 10.399999618530273, "267": 10.416999816894531, "268": 10.416999816894531, "269": 10.416999816894531, "270": 10.416999816894531, "271": 10.416999816894531, "272": 10.40999984741211, "273": 10.40999984741211, "274": 10.40999984741211, "275": 10.40999984741211, "276": 10.40999984741211, "277": 10.40999984741211, "278": 10.430000305175781, "279": 10.430000305175781, "280": 10.430000305175781, "281": 10.430000305175781, "282": 10.430000305175781, "283": 10.430000305175781, "284": 10.470000267028809, "285": 10.470000267028809, "286": 10.470000267028809, "287": 10.470000267028809, "288": 10.470000267028809, "289": 10.484999656677246, "290": 10.484999656677246, "291": 10.479999542236328, "292": 10.479999542236328, "293": 10.479999542236328, "294": 10.5, "295": 10.510000228881836, "296": 10.510000228881836, "297": 10.484999656677246, "298": 10.479999542236328, "299": 10.489999771118164, "300": 10.491999626159668, "301": 10.489999771118164, "302": 10.494999885559082, "303": 10.5, "304": 10.5, "305": 10.510000228881836, "306": 10.5, "307": 10.505000114440918, "308": 10.510000228881836, "309": 10.5, "310": 10.539999961853027, "311": 10.539999961853027, "312": 10.539999961853027, "313": 10.539999961853027, "314": 10.539999961853027, "315": 10.539999961853027, "316": 10.550000190734863, "317": 10.550000190734863, "318": 10.550000190734863, "319": 10.5600004196167, "320": 10.550000190734863, "321": 10.550000190734863, "322": 10.550000190734863, "323": 10.539999961853027, "324": 10.510000228881836, "325": 10.470000267028809, "326": 10.449999809265137, "327": 10.4399995803833, "328": 10.420000076293945, "329": 10.5600004196167, "330": 10.59000015258789, "331": 10.8100004196167, "332": 10.600000381469727, "333": 10.579999923706055, "334": 11.234999656677246, "335": 10.59000015258789, "336": 11.829999923706055, "337": 11.600000381469727, "338": 12.800000190734863, "339": 15.180000305175781, "340": 10.800000190734863, "341": 10.680000305175781, "342": 12.15999984741211, "343": 11.460000038146973, "344": 11.539999961853027, "345": 11.6899995803833, "346": 11.65999984741211, "347": 11.510000228881836}, "low": {"0": 9.800000190734863, "1": 9.899999618530273, "2": 9.899999618530273, "3": 9.930000305175781, "4": 9.899999618530273, "5": 9.899999618530273, "6": 9.899999618530273, "7": 9.899999618530273, "8": 9.899999618530273, "9": 9.899999618530273, "10": 9.899999618530273, "11": 9.899999618530273, "12": 9.920000076293945, "13": 9.930000305175781, "14": 9.930000305175781, "15": 9.920000076293945, "16": 9.930000305175781, "17": 9.930000305175781, "18": 9.920000076293945, "19": 9.920000076293945, "20": 9.920000076293945, "21": 9.920000076293945, "22": 9.920000076293945, "23": 9.930000305175781, "24": 9.920000076293945, "25": 9.930000305175781, "26": 9.920000076293945, "27": 9.9399995803833, "28": 9.949999809265137, "29": 9.949999809265137, "30": 9.960000038146973, "31": 9.930000305175781, "32": 9.960000038146973, "33": 9.960000038146973, "34": 9.9399995803833, "35": 9.960000038146973, "36": 9.970000267028809, "37": 9.949999809265137, "38": 9.949999809265137, "39": 9.949999809265137, "40": 9.949999809265137, "41": 9.949999809265137, "42": 9.949999809265137, "43": 9.960000038146973, "44": 10.020000457763672, "45": 10.010000228881836, "46": 10.0, "47": 10.0, "48": 10.0, "49": 10.0, "50": 10.0, "51": 9.979999542236328, "52": 9.979999542236328, "53": 9.989999771118164, "54": 9.979999542236328, "55": 9.979999542236328, "56": 9.979999542236328, "57": 9.989999771118164, "58": 9.989999771118164, "59": 10.0, "60": 10.0, "61": 9.989999771118164, "62": 9.989999771118164, "63": 9.989999771118164, "64": 9.970000267028809, "65": 9.960000038146973, "66": 9.960000038146973, "67": 9.960000038146973, "68": 9.960000038146973, "69": 9.960000038146973, "70": 9.960000038146973, "71": 9.960000038146973, "72": 9.960000038146973, "73": 9.960000038146973, "74": 9.960000038146973, "75": 9.960000038146973, "76": 10.0, "77": 9.970000267028809, "78": 9.970000267028809, "79": 9.970000267028809, "80": 10.010000228881836, "81": 10.010000228881836, "82": 9.979999542236328, "83": 9.979999542236328, "84": 9.979999542236328, "85": 9.979999542236328, "86": 9.979999542236328, "87": 9.970000267028809, "88": 10.010000228881836, "89": 9.970000267028809, "90": 9.989999771118164, "91": 10.0, "92": 10.0, "93": 9.970000267028809, "94": 10.020000457763672, "95": 10.020000457763672, "96": 10.020000457763672, "97": 10.020000457763672, "98": 9.979999542236328, "99": 9.979999542236328, "100": 9.979999542236328, "101": 9.979999542236328, "102": 9.979999542236328, "103": 9.989999771118164, "104": 10.005000114440918, "105": 10.0, "106": 10.0, "107": 10.0, "108": 10.039999961853027, "109": 10.039999961853027, "110": 10.010000228881836, "111": 10.010000228881836, "112": 10.020000457763672, "113": 10.020000457763672, "114": 10.020000457763672, "115": 10.020000457763672, "116": 10.020000457763672, "117": 10.020000457763672, "118": 10.020000457763672, "119": 10.029999732971191, "120": 10.029999732971191, "121": 10.029999732971191, "122": 10.039999961853027, "123": 10.0600004196167, "124": 10.0600004196167, "125": 10.0600004196167, "126": 10.069999694824219, "127": 10.039999961853027, "128": 10.039999961853027, "129": 10.039999961853027, "130": 10.029999732971191, "131": 10.0600004196167, "132": 10.029999732971191, "133": 10.029999732971191, "134": 10.029999732971191, "135": 10.029999732971191, "136": 10.050000190734863, "137": 10.050000190734863, "138": 10.039999961853027, "139": 10.029999732971191, "140": 10.020000457763672, "141": 10.100000381469727, "142": 10.100000381469727, "143": 10.029999732971191, "144": 10.039999961853027, "145": 10.039999961853027, "146": 10.079999923706055, "147": 10.079999923706055, "148": 10.029999732971191, "149": 9.979999542236328, "150": 10.069999694824219, "151": 10.050000190734863, "152": 10.050000190734863, "153": 10.050000190734863, "154": 10.050000190734863, "155": 10.050000190734863, "156": 10.050000190734863, "157": 10.0600004196167, "158": 10.09000015258789, "159": 10.069999694824219, "160": 10.079999923706055, "161": 10.079999923706055, "162": 10.100000381469727, "163": 10.119999885559082, "164": 10.119999885559082, "165": 10.119999885559082, "166": 10.119999885559082, "167": 10.119999885559082, "168": 10.100000381469727, "169": 10.100000381469727, "170": 10.085000038146973, "171": 10.085000038146973, "172": 10.085000038146973, "173": 10.100000381469727, "174": 10.109999656677246, "175": 10.109999656677246, "176": 10.09000015258789, "177": 10.079999923706055, "178": 10.100000381469727, "179": 10.100000381469727, "180": 10.100000381469727, "181": 10.109000205993652, "182": 10.109999656677246, "183": 10.109999656677246, "184": 10.109999656677246, "185": 10.119999885559082, "186": 10.119999885559082, "187": 10.109999656677246, "188": 10.100000381469727, "189": 10.109999656677246, "190": 10.109999656677246, "191": 10.109999656677246, "192": 10.100000381469727, "193": 10.119999885559082, "194": 10.170000076293945, "195": 10.170000076293945, "196": 10.170000076293945, "197": 10.170000076293945, "198": 10.170000076293945, "199": 10.170000076293945, "200": 10.170000076293945, "201": 10.170000076293945, "202": 10.170000076293945, "203": 10.170000076293945, "204": 10.119999885559082, "205": 10.119999885559082, "206": 10.149999618530273, "207": 10.180000305175781, "208": 10.199999809265137, "209": 10.180000305175781, "210": 10.199999809265137, "211": 10.199999809265137, "212": 10.199999809265137, "213": 10.15999984741211, "214": 10.15999984741211, "215": 10.15999984741211, "216": 10.15999984741211, "217": 10.15999984741211, "218": 10.15999984741211, "219": 10.170000076293945, "220": 10.1899995803833, "221": 10.194999694824219, "222": 10.239999771118164, "223": 10.25, "224": 10.25, "225": 10.270000457763672, "226": 10.270000457763672, "227": 10.279999732971191, "228": 10.279999732971191, "229": 10.289999961853027, "230": 10.300000190734863, "231": 10.300000190734863, "232": 10.300000190734863, "233": 10.300000190734863, "234": 10.319999694824219, "235": 10.350000381469727, "236": 10.3100004196167, "237": 10.3100004196167, "238": 10.3100004196167, "239": 10.329999923706055, "240": 10.329999923706055, "241": 10.34000015258789, "242": 10.34000015258789, "243": 10.350000381469727, "244": 10.34000015258789, "245": 10.34000015258789, "246": 10.34000015258789, "247": 10.34000015258789, "248": 10.34000015258789, "249": 10.350000381469727, "250": 10.350000381469727, "251": 10.359999656677246, "252": 10.34000015258789, "253": 10.34000015258789, "254": 10.350000381469727, "255": 10.354999542236328, "256": 10.359999656677246, "257": 10.359999656677246, "258": 10.359999656677246, "259": 10.359999656677246, "260": 10.359999656677246, "261": 10.359999656677246, "262": 10.399999618530273, "263": 10.399999618530273, "264": 10.399999618530273, "265": 10.399999618530273, "266": 10.399999618530273, "267": 10.416999816894531, "268": 10.416999816894531, "269": 10.416999816894531, "270": 10.416999816894531, "271": 10.416999816894531, "272": 10.40999984741211, "273": 10.40999984741211, "274": 10.40999984741211, "275": 10.40999984741211, "276": 10.40999984741211, "277": 10.40999984741211, "278": 10.430000305175781, "279": 10.430000305175781, "280": 10.430000305175781, "281": 10.430000305175781, "282": 10.430000305175781, "283": 10.430000305175781, "284": 10.460000038146973, "285": 10.470000267028809, "286": 10.470000267028809, "287": 10.470000267028809, "288": 10.470000267028809, "289": 10.484999656677246, "290": 10.484999656677246, "291": 10.479999542236328, "292": 10.479999542236328, "293": 10.479999542236328, "294": 10.479999542236328, "295": 10.5, "296": 10.510000228881836, "297": 10.479999542236328, "298": 10.479999542236328, "299": 10.484999656677246, "300": 10.489999771118164, "301": 10.489999771118164, "302": 10.489999771118164, "303": 10.5, "304": 10.5, "305": 10.5, "306": 10.5, "307": 10.5, "308": 10.5, "309": 10.5, "310": 10.539999961853027, "311": 10.539999961853027, "312": 10.539999961853027, "313": 10.539999961853027, "314": 10.539999961853027, "315": 10.539999961853027, "316": 10.539999961853027, "317": 10.529999732971191, "318": 10.550000190734863, "319": 10.529999732971191, "320": 10.550000190734863, "321": 10.550000190734863, "322": 10.550000190734863, "323": 10.479999542236328, "324": 10.470000267028809, "325": 10.449999809265137, "326": 10.420000076293945, "327": 10.40999984741211, "328": 10.420000076293945, "329": 10.473999977111816, "330": 10.550000190734863, "331": 10.5600004196167, "332": 10.569999694824219, "333": 10.569999694824219, "334": 10.569999694824219, "335": 10.59000015258789, "336": 10.508999824523926, "337": 10.6899995803833, "338": 10.739999771118164, "339": 10.729999542236328, "340": 10.649999618530273, "341": 10.619999885559082, "342": 11.029999732971191, "343": 10.899999618530273, "344": 10.760000228881836, "345": 11.010000228881836, "346": 11.100000381469727, "347": 10.899999618530273}, "close": {"0": 9.850000381469727, "1": 9.899999618530273, "2": 9.899999618530273, "3": 9.930000305175781, "4": 9.899999618530273, "5": 9.899999618530273, "6": 9.899999618530273, "7": 9.899999618530273, "8": 9.899999618530273, "9": 9.899999618530273, "10": 9.899999618530273, "11": 9.899999618530273, "12": 9.930000305175781, "13": 9.930000305175781, "14": 9.930000305175781, "15": 9.930000305175781, "16": 9.930000305175781, "17": 9.930000305175781, "18": 9.920000076293945, "19": 9.920000076293945, "20": 9.920000076293945, "21": 9.920000076293945, "22": 9.920000076293945, "23": 9.930000305175781, "24": 9.920000076293945, "25": 9.9399995803833, "26": 9.9399995803833, "27": 9.9399995803833, "28": 9.949999809265137, "29": 9.949999809265137, "30": 9.960000038146973, "31": 9.960000038146973, "32": 9.960000038146973, "33": 9.960000038146973, "34": 9.970000267028809, "35": 9.970000267028809, "36": 9.970000267028809, "37": 9.949999809265137, "38": 9.949999809265137, "39": 9.949999809265137, "40": 9.949999809265137, "41": 9.949999809265137, "42": 9.949999809265137, "43": 9.960000038146973, "44": 10.020000457763672, "45": 10.010000228881836, "46": 10.0, "47": 10.0, "48": 10.0, "49": 10.0, "50": 10.0, "51": 9.979999542236328, "52": 9.979999542236328, "53": 9.989999771118164, "54": 9.979999542236328, "55": 9.979999542236328, "56": 9.979999542236328, "57": 9.989999771118164, "58": 10.010000228881836, "59": 10.0, "60": 10.0, "61": 9.989999771118164, "62": 9.989999771118164, "63": 9.989999771118164, "64": 9.970000267028809, "65": 9.960000038146973, "66": 9.960000038146973, "67": 9.960000038146973, "68": 9.960000038146973, "69": 9.960000038146973, "70": 9.960000038146973, "71": 9.960000038146973, "72": 9.960000038146973, "73": 9.960000038146973, "74": 9.960000038146973, "75": 9.960000038146973, "76": 10.0, "77": 9.970000267028809, "78": 9.970000267028809, "79": 9.975000381469727, "80": 10.010000228881836, "81": 10.010000228881836, "82": 9.979999542236328, "83": 9.979999542236328, "84": 9.979999542236328, "85": 9.979999542236328, "86": 9.979999542236328, "87": 9.979999542236328, "88": 10.010000228881836, "89": 10.020000457763672, "90": 10.020000457763672, "91": 10.0, "92": 10.0, "93": 10.020000457763672, "94": 10.020000457763672, "95": 10.020000457763672, "96": 10.020000457763672, "97": 10.020000457763672, "98": 9.979999542236328, "99": 9.979999542236328, "100": 9.979999542236328, "101": 9.979999542236328, "102": 10.010000228881836, "103": 10.005000114440918, "104": 10.005000114440918, "105": 10.0, "106": 10.0, "107": 10.039999961853027, "108": 10.039999961853027, "109": 10.039999961853027, "110": 10.010000228881836, "111": 10.020000457763672, "112": 10.020000457763672, "113": 10.020000457763672, "114": 10.020000457763672, "115": 10.020000457763672, "116": 10.020000457763672, "117": 10.020000457763672, "118": 10.020000457763672, "119": 10.029999732971191, "120": 10.029999732971191, "121": 10.029999732971191, "122": 10.039999961853027, "123": 10.0600004196167, "124": 10.0600004196167, "125": 10.0600004196167, "126": 10.069999694824219, "127": 10.039999961853027, "128": 10.039999961853027, "129": 10.039999961853027, "130": 10.029999732971191, "131": 10.0600004196167, "132": 10.029999732971191, "133": 10.029999732971191, "134": 10.029999732971191, "135": 10.050000190734863, "136": 10.050000190734863, "137": 10.050000190734863, "138": 10.039999961853027, "139": 10.029999732971191, "140": 10.020000457763672, "141": 10.100000381469727, "142": 10.100000381469727, "143": 10.039999961853027, "144": 10.039999961853027, "145": 10.039999961853027, "146": 10.079999923706055, "147": 10.079999923706055, "148": 10.029999732971191, "149": 10.069999694824219, "150": 10.069999694824219, "151": 10.050000190734863, "152": 10.050000190734863, "153": 10.050000190734863, "154": 10.050000190734863, "155": 10.050000190734863, "156": 10.050000190734863, "157": 10.0600004196167, "158": 10.09000015258789, "159": 10.069999694824219, "160": 10.079999923706055, "161": 10.079999923706055, "162": 10.100000381469727, "163": 10.119999885559082, "164": 10.119999885559082, "165": 10.119999885559082, "166": 10.119999885559082, "167": 10.119999885559082, "168": 10.100000381469727, "169": 10.100000381469727, "170": 10.085000038146973, "171": 10.085000038146973, "172": 10.085000038146973, "173": 10.100000381469727, "174": 10.109999656677246, "175": 10.109999656677246, "176": 10.09000015258789, "177": 10.119999885559082, "178": 10.100000381469727, "179": 10.100000381469727, "180": 10.100000381469727, "181": 10.109999656677246, "182": 10.109999656677246, "183": 10.109999656677246, "184": 10.109999656677246, "185": 10.119999885559082, "186": 10.119999885559082, "187": 10.109999656677246, "188": 10.109999656677246, "189": 10.109999656677246, "190": 10.109999656677246, "191": 10.109999656677246, "192": 10.119999885559082, "193": 10.119999885559082, "194": 10.170000076293945, "195": 10.170000076293945, "196": 10.170000076293945, "197": 10.170000076293945, "198": 10.170000076293945, "199": 10.170000076293945, "200": 10.170000076293945, "201": 10.170000076293945, "202": 10.170000076293945, "203": 10.170000076293945, "204": 10.119999885559082, "205": 10.119999885559082, "206": 10.149999618530273, "207": 10.180000305175781, "208": 10.199999809265137, "209": 10.199999809265137, "210": 10.199999809265137, "211": 10.199999809265137, "212": 10.199999809265137, "213": 10.15999984741211, "214": 10.15999984741211, "215": 10.15999984741211, "216": 10.15999984741211, "217": 10.15999984741211, "218": 10.170000076293945, "219": 10.170000076293945, "220": 10.199999809265137, "221": 10.229999542236328, "222": 10.239999771118164, "223": 10.25, "224": 10.25, "225": 10.270000457763672, "226": 10.289999961853027, "227": 10.279999732971191, "228": 10.289999961853027, "229": 10.289999961853027, "230": 10.300000190734863, "231": 10.300000190734863, "232": 10.300000190734863, "233": 10.300000190734863, "234": 10.350000381469727, "235": 10.350000381469727, "236": 10.3100004196167, "237": 10.3100004196167, "238": 10.326000213623047, "239": 10.329999923706055, "240": 10.350000381469727, "241": 10.34000015258789, "242": 10.34000015258789, "243": 10.350000381469727, "244": 10.34000015258789, "245": 10.34000015258789, "246": 10.34000015258789, "247": 10.34000015258789, "248": 10.34000015258789, "249": 10.350000381469727, "250": 10.350000381469727, "251": 10.359999656677246, "252": 10.34000015258789, "253": 10.34000015258789, "254": 10.350000381469727, "255": 10.359999656677246, "256": 10.359999656677246, "257": 10.359999656677246, "258": 10.359999656677246, "259": 10.359999656677246, "260": 10.359999656677246, "261": 10.359999656677246, "262": 10.399999618530273, "263": 10.399999618530273, "264": 10.399999618530273, "265": 10.399999618530273, "266": 10.399999618530273, "267": 10.416999816894531, "268": 10.416999816894531, "269": 10.416999816894531, "270": 10.416999816894531, "271": 10.416999816894531, "272": 10.40999984741211, "273": 10.40999984741211, "274": 10.40999984741211, "275": 10.40999984741211, "276": 10.40999984741211, "277": 10.40999984741211, "278": 10.430000305175781, "279": 10.430000305175781, "280": 10.430000305175781, "281": 10.430000305175781, "282": 10.430000305175781, "283": 10.430000305175781, "284": 10.470000267028809, "285": 10.470000267028809, "286": 10.470000267028809, "287": 10.470000267028809, "288": 10.470000267028809, "289": 10.484999656677246, "290": 10.484999656677246, "291": 10.479999542236328, "292": 10.479999542236328, "293": 10.479999542236328, "294": 10.479999542236328, "295": 10.510000228881836, "296": 10.510000228881836, "297": 10.479999542236328, "298": 10.479999542236328, "299": 10.489999771118164, "300": 10.491999626159668, "301": 10.489999771118164, "302": 10.494999885559082, "303": 10.5, "304": 10.5, "305": 10.5, "306": 10.5, "307": 10.5, "308": 10.5, "309": 10.5, "310": 10.539999961853027, "311": 10.539999961853027, "312": 10.539999961853027, "313": 10.539999961853027, "314": 10.539999961853027, "315": 10.539999961853027, "316": 10.539999961853027, "317": 10.529999732971191, "318": 10.550000190734863, "319": 10.550000190734863, "320": 10.550000190734863, "321": 10.550000190734863, "322": 10.550000190734863, "323": 10.510000228881836, "324": 10.470000267028809, "325": 10.449999809265137, "326": 10.449999809265137, "327": 10.420000076293945, "328": 10.420000076293945, "329": 10.550000190734863, "330": 10.59000015258789, "331": 10.8100004196167, "332": 10.579999923706055, "333": 10.569999694824219, "334": 10.59000015258789, "335": 10.59000015258789, "336": 10.850000381469727, "337": 10.850000381469727, "338": 10.899999618530273, "339": 11.020000457763672, "340": 10.75, "341": 10.640000343322754, "342": 11.319999694824219, "343": 10.979999542236328, "344": 11.289999961853027, "345": 11.25, "346": 11.550000190734863, "347": 10.90999984741211}, "volume": {"0": 2000, "1": 1400, "2": 2000, "3": 1000, "4": 100000, "5": 0, "6": 0, "7": 0, "8": 0, "9": 0, "10": 0, "11": 0, "12": 2500, "13": 0, "14": 0, "15": 2000, "16": 14100, "17": 6800, "18": 591700, "19": 0, "20": 0, "21": 0, "22": 0, "23": 3600, "24": 4400, "25": 9500, "26": 14000, "27": 73600, "28": 61300, "29": 600, "30": 400, "31": 8800, "32": 1000, "33": 0, "34": 59900, "35": 165300, "36": 0, "37": 1000, "38": 0, "39": 0, "40": 0, "41": 0, "42": 200, "43": 200, "44": 600, "45": 700, "46": 386000, "47": 0, "48": 0, "49": 0, "50": 0, "51": 300800, "52": 0, "53": 100, "54": 300, "55": 250600, "56": 0, "57": 2600, "58": 109800, "59": 3200, "60": 400, "61": 100, "62": 0, "63": 0, "64": 100, "65": 5100, "66": 3900, "67": 0, "68": 0, "69": 0, "70": 0, "71": 0, "72": 51300, "73": 1100, "74": 5000, "75": 0, "76": 500, "77": 100100, "78": 0, "79": 49700, "80": 200, "81": 0, "82": 19100, "83": 109900, "84": 291000, "85": 0, "86": 500000, "87": 175600, "88": 200, "89": 3100, "90": 2300, "91": 2200, "92": 0, "93": 3200, "94": 1100, "95": 0, "96": 0, "97": 1200, "98": 400, "99": 0, "100": 0, "101": 0, "102": 55500, "103": 68200, "104": 0, "105": 300, "106": 300, "107": 3900, "108": 200, "109": 0, "110": 57800, "111": 23900, "112": 900, "113": 0, "114": 0, "115": 0, "116": 0, "117": 1700, "118": 0, "119": 8800, "120": 1300, "121": 0, "122": 6500, "123": 200, "124": 0, "125": 37200, "126": 200, "127": 1300, "128": 0, "129": 0, "130": 93400, "131": 100, "132": 200, "133": 100, "134": 9900, "135": 18300, "136": 0, "137": 0, "138": 350200, "139": 300, "140": 96900, "141": 200, "142": 900, "143": 130100, "144": 0, "145": 0, "146": 1200, "147": 0, "148": 1100, "149": 34700, "150": 0, "151": 600, "152": 100, "153": 1000, "154": 2200, "155": 0, "156": 0, "157": 100, "158": 500, "159": 3600, "160": 1000, "161": 21800, "162": 200, "163": 200, "164": 0, "165": 0, "166": 0, "167": 0, "168": 432100, "169": 0, "170": 2000, "171": 0, "172": 0, "173": 2100, "174": 100, "175": 0, "176": 61600, "177": 18200, "178": 137200, "179": 0, "180": 0, "181": 9000, "182": 0, "183": 0, "184": 300, "185": 2700, "186": 0, "187": 900, "188": 400, "189": 3700, "190": 500, "191": 0, "192": 8600, "193": 0, "194": 200, "195": 0, "196": 0, "197": 0, "198": 0, "199": 0, "200": 0, "201": 0, "202": 0, "203": 0, "204": 7300, "205": 0, "206": 5200, "207": 5900, "208": 300, "209": 7700, "210": 0, "211": 0, "212": 0, "213": 1000, "214": 500, "215": 0, "216": 0, "217": 200, "218": 500, "219": 2000, "220": 13600, "221": 54000, "222": 1100, "223": 2500, "224": 0, "225": 50000, "226": 5700, "227": 200, "228": 355700, "229": 2900, "230": 9000, "231": 0, "232": 0, "233": 0, "234": 30100, "235": 0, "236": 250000, "237": 600, "238": 26000, "239": 93900, "240": 95600, "241": 300, "242": 140000, "243": 200, "244": 22600, "245": 100, "246": 0, "247": 0, "248": 0, "249": 200, "250": 0, "251": 200, "252": 2900, "253": 0, "254": 200, "255": 39600, "256": 0, "257": 0, "258": 0, "259": 0, "260": 0, "261": 0, "262": 200, "263": 0, "264": 0, "265": 0, "266": 800, "267": 37000, "268": 0, "269": 0, "270": 0, "271": 0, "272": 500, "273": 0, "274": 0, "275": 0, "276": 0, "277": 0, "278": 200, "279": 0, "280": 0, "281": 0, "282": 0, "283": 0, "284": 17900, "285": 0, "286": 0, "287": 0, "288": 0, "289": 200, "290": 0, "291": 300, "292": 400, "293": 0, "294": 752600, "295": 10900, "296": 0, "297": 47500, "298": 0, "299": 68200, "300": 26000, "301": 25000, "302": 196700, "303": 100, "304": 1000, "305": 1200, "306": 0, "307": 6100, "308": 8100, "309": 0, "310": 600, "311": 0, "312": 7900, "313": 0, "314": 0, "315": 0, "316": 9400, "317": 8100, "318": 5700, "319": 512700, "320": 0, "321": 0, "322": 0, "323": 538400, "324": 32000, "325": 1200, "326": 5000, "327": 19000, "328": 2900, "329": 157600, "330": 261500, "331": 500, "332": 124000, "333": 50400, "334": 677200, "335": 0, "336": 52800, "337": 26400, "338": 40600, "339": 1539800, "340": 67400, "341": 166200, "342": 352400, "343": 111200, "344": 57600, "345": 66200, "346": 40500, "347": 35900}, "adjclose": {"0": 9.850000381469727, "1": 9.899999618530273, "2": 9.899999618530273, "3": 9.930000305175781, "4": 9.899999618530273, "5": 9.899999618530273, "6": 9.899999618530273, "7": 9.899999618530273, "8": 9.899999618530273, "9": 9.899999618530273, "10": 9.899999618530273, "11": 9.899999618530273, "12": 9.930000305175781, "13": 9.930000305175781, "14": 9.930000305175781, "15": 9.930000305175781, "16": 9.930000305175781, "17": 9.930000305175781, "18": 9.920000076293945, "19": 9.920000076293945, "20": 9.920000076293945, "21": 9.920000076293945, "22": 9.920000076293945, "23": 9.930000305175781, "24": 9.920000076293945, "25": 9.9399995803833, "26": 9.9399995803833, "27": 9.9399995803833, "28": 9.949999809265137, "29": 9.949999809265137, "30": 9.960000038146973, "31": 9.960000038146973, "32": 9.960000038146973, "33": 9.960000038146973, "34": 9.970000267028809, "35": 9.970000267028809, "36": 9.970000267028809, "37": 9.949999809265137, "38": 9.949999809265137, "39": 9.949999809265137, "40": 9.949999809265137, "41": 9.949999809265137, "42": 9.949999809265137, "43": 9.960000038146973, "44": 10.020000457763672, "45": 10.010000228881836, "46": 10.0, "47": 10.0, "48": 10.0, "49": 10.0, "50": 10.0, "51": 9.979999542236328, "52": 9.979999542236328, "53": 9.989999771118164, "54": 9.979999542236328, "55": 9.979999542236328, "56": 9.979999542236328, "57": 9.989999771118164, "58": 10.010000228881836, "59": 10.0, "60": 10.0, "61": 9.989999771118164, "62": 9.989999771118164, "63": 9.989999771118164, "64": 9.970000267028809, "65": 9.960000038146973, "66": 9.960000038146973, "67": 9.960000038146973, "68": 9.960000038146973, "69": 9.960000038146973, "70": 9.960000038146973, "71": 9.960000038146973, "72": 9.960000038146973, "73": 9.960000038146973, "74": 9.960000038146973, "75": 9.960000038146973, "76": 10.0, "77": 9.970000267028809, "78": 9.970000267028809, "79": 9.975000381469727, "80": 10.010000228881836, "81": 10.010000228881836, "82": 9.979999542236328, "83": 9.979999542236328, "84": 9.979999542236328, "85": 9.979999542236328, "86": 9.979999542236328, "87": 9.979999542236328, "88": 10.010000228881836, "89": 10.020000457763672, "90": 10.020000457763672, "91": 10.0, "92": 10.0, "93": 10.020000457763672, "94": 10.020000457763672, "95": 10.020000457763672, "96": 10.020000457763672, "97": 10.020000457763672, "98": 9.979999542236328, "99": 9.979999542236328, "100": 9.979999542236328, "101": 9.979999542236328, "102": 10.010000228881836, "103": 10.005000114440918, "104": 10.005000114440918, "105": 10.0, "106": 10.0, "107": 10.039999961853027, "108": 10.039999961853027, "109": 10.039999961853027, "110": 10.010000228881836, "111": 10.020000457763672, "112": 10.020000457763672, "113": 10.020000457763672, "114": 10.020000457763672, "115": 10.020000457763672, "116": 10.020000457763672, "117": 10.020000457763672, "118": 10.020000457763672, "119": 10.029999732971191, "120": 10.029999732971191, "121": 10.029999732971191, "122": 10.039999961853027, "123": 10.0600004196167, "124": 10.0600004196167, "125": 10.0600004196167, "126": 10.069999694824219, "127": 10.039999961853027, "128": 10.039999961853027, "129": 10.039999961853027, "130": 10.029999732971191, "131": 10.0600004196167, "132": 10.029999732971191, "133": 10.029999732971191, "134": 10.029999732971191, "135": 10.050000190734863, "136": 10.050000190734863, "137": 10.050000190734863, "138": 10.039999961853027, "139": 10.029999732971191, "140": 10.020000457763672, "141": 10.100000381469727, "142": 10.100000381469727, "143": 10.039999961853027, "144": 10.039999961853027, "145": 10.039999961853027, "146": 10.079999923706055, "147": 10.079999923706055, "148": 10.029999732971191, "149": 10.069999694824219, "150": 10.069999694824219, "151": 10.050000190734863, "152": 10.050000190734863, "153": 10.050000190734863, "154": 10.050000190734863, "155": 10.050000190734863, "156": 10.050000190734863, "157": 10.0600004196167, "158": 10.09000015258789, "159": 10.069999694824219, "160": 10.079999923706055, "161": 10.079999923706055, "162": 10.100000381469727, "163": 10.119999885559082, "164": 10.119999885559082, "165": 10.119999885559082, "166": 10.119999885559082, "167": 10.119999885559082, "168": 10.100000381469727, "169": 10.100000381469727, "170": 10.085000038146973, "171": 10.085000038146973, "172": 10.085000038146973, "173": 10.100000381469727, "174": 10.109999656677246, "175": 10.109999656677246, "176": 10.09000015258789, "177": 10.119999885559082, "178": 10.100000381469727, "179": 10.100000381469727, "180": 10.100000381469727, "181": 10.109999656677246, "182": 10.109999656677246, "183": 10.109999656677246, "184": 10.109999656677246, "185": 10.119999885559082, "186": 10.119999885559082, "187": 10.109999656677246, "188": 10.109999656677246, "189": 10.109999656677246, "190": 10.109999656677246, "191": 10.109999656677246, "192": 10.119999885559082, "193": 10.119999885559082, "194": 10.170000076293945, "195": 10.170000076293945, "196": 10.170000076293945, "197": 10.170000076293945, "198": 10.170000076293945, "199": 10.170000076293945, "200": 10.170000076293945, "201": 10.170000076293945, "202": 10.170000076293945, "203": 10.170000076293945, "204": 10.119999885559082, "205": 10.119999885559082, "206": 10.149999618530273, "207": 10.180000305175781, "208": 10.199999809265137, "209": 10.199999809265137, "210": 10.199999809265137, "211": 10.199999809265137, "212": 10.199999809265137, "213": 10.15999984741211, "214": 10.15999984741211, "215": 10.15999984741211, "216": 10.15999984741211, "217": 10.15999984741211, "218": 10.170000076293945, "219": 10.170000076293945, "220": 10.199999809265137, "221": 10.229999542236328, "222": 10.239999771118164, "223": 10.25, "224": 10.25, "225": 10.270000457763672, "226": 10.289999961853027, "227": 10.279999732971191, "228": 10.289999961853027, "229": 10.289999961853027, "230": 10.300000190734863, "231": 10.300000190734863, "232": 10.300000190734863, "233": 10.300000190734863, "234": 10.350000381469727, "235": 10.350000381469727, "236": 10.3100004196167, "237": 10.3100004196167, "238": 10.326000213623047, "239": 10.329999923706055, "240": 10.350000381469727, "241": 10.34000015258789, "242": 10.34000015258789, "243": 10.350000381469727, "244": 10.34000015258789, "245": 10.34000015258789, "246": 10.34000015258789, "247": 10.34000015258789, "248": 10.34000015258789, "249": 10.350000381469727, "250": 10.350000381469727, "251": 10.359999656677246, "252": 10.34000015258789, "253": 10.34000015258789, "254": 10.350000381469727, "255": 10.359999656677246, "256": 10.359999656677246, "257": 10.359999656677246, "258": 10.359999656677246, "259": 10.359999656677246, "260": 10.359999656677246, "261": 10.359999656677246, "262": 10.399999618530273, "263": 10.399999618530273, "264": 10.399999618530273, "265": 10.399999618530273, "266": 10.399999618530273, "267": 10.416999816894531, "268": 10.416999816894531, "269": 10.416999816894531, "270": 10.416999816894531, "271": 10.416999816894531, "272": 10.40999984741211, "273": 10.40999984741211, "274": 10.40999984741211, "275": 10.40999984741211, "276": 10.40999984741211, "277": 10.40999984741211, "278": 10.430000305175781, "279": 10.430000305175781, "280": 10.430000305175781, "281": 10.430000305175781, "282": 10.430000305175781, "283": 10.430000305175781, "284": 10.470000267028809, "285": 10.470000267028809, "286": 10.470000267028809, "287": 10.470000267028809, "288": 10.470000267028809, "289": 10.484999656677246, "290": 10.484999656677246, "291": 10.479999542236328, "292": 10.479999542236328, "293": 10.479999542236328, "294": 10.479999542236328, "295": 10.510000228881836, "296": 10.510000228881836, "297": 10.479999542236328, "298": 10.479999542236328, "299": 10.489999771118164, "300": 10.491999626159668, "301": 10.489999771118164, "302": 10.494999885559082, "303": 10.5, "304": 10.5, "305": 10.5, "306": 10.5, "307": 10.5, "308": 10.5, "309": 10.5, "310": 10.539999961853027, "311": 10.539999961853027, "312": 10.539999961853027, "313": 10.539999961853027, "314": 10.539999961853027, "315": 10.539999961853027, "316": 10.539999961853027, "317": 10.529999732971191, "318": 10.550000190734863, "319": 10.550000190734863, "320": 10.550000190734863, "321": 10.550000190734863, "322": 10.550000190734863, "323": 10.510000228881836, "324": 10.470000267028809, "325": 10.449999809265137, "326": 10.449999809265137, "327": 10.420000076293945, "328": 10.420000076293945, "329": 10.550000190734863, "330": 10.59000015258789, "331": 10.8100004196167, "332": 10.579999923706055, "333": 10.569999694824219, "334": 10.59000015258789, "335": 10.59000015258789, "336": 10.850000381469727, "337": 10.850000381469727, "338": 10.899999618530273, "339": 11.020000457763672, "340": 10.75, "341": 10.640000343322754, "342": 11.319999694824219, "343": 10.979999542236328, "344": 11.289999961853027, "345": 11.25, "346": 11.550000190734863, "347": 10.90999984741211}}, "profile": {"address1": "11411 Southern Highlands Parkway", "address2": "Suite 240", "city": "Las Vegas", "state": "NV", "zip": "89141", "country": "United States", "phone": "949-444-5464", "website": "https://aultdisruptive.com", "industry": "Shell Companies", "industryDisp": "Shell Companies", "sector": "Financial Services", "longBusinessSummary": "Ault Disruptive Technologies Corporation does not have significant operations. It focuses on effecting a merger, capital stock exchange, asset acquisition, stock purchase, reorganization, or other business combination with one or more businesses in technology sector. Ault Disruptive Technologies Corporation was incorporated in 2021 and is based in Las Vegas, Nevada.", "companyOfficers": [{"maxAge": 1, "name": "Mr. William B. Horne", "age": 54, "title": "CEO & Director", "yearBorn": 1968, "exercisedValue": 0, "unexercisedValue": 0}, {"maxAge": 1, "name": "Mr. Henry C. W. Nisser Esq.", "age": 53, "title": "Pres, Gen. Counsel & Director", "yearBorn": 1969, "exercisedValue": 0, "unexercisedValue": 0}, {"maxAge": 1, "name": "Mr. Kenneth S. Cragun CPA", "age": 61, "title": "Chief Financial Officer", "yearBorn": 1961, "exercisedValue": 0, "unexercisedValue": 0}, {"maxAge": 1, "name": "Mr. David J. Katzoff", "age": 59, "title": "Sr. VP of Fin.", "yearBorn": 1963, "exercisedValue": 0, "unexercisedValue": 0}], "maxAge": 86400, "latitude": 35.98209701757044, "longitude": -115.19182302765168}}