{"income_statement": {"annual": {"Year": {"1": "Selling, General & Admin", "2": "Operating Expenses", "3": "Operating Income", "4": "Other Expense / Income", "5": "Pretax Income", "6": "Income Tax", "7": "Net Income", "8": "Net Income Growth", "9": "Shares Outstanding (Basic)", "10": "Shares Outstanding (Diluted)", "11": "Shares Change", "12": "EPS (Basic)", "13": "EPS (Diluted)", "14": "EPS Growth", "15": "Free Cash Flow Per Share", "16": "Effective Tax Rate", "17": "EBITDA", "18": "EBIT"}, "2022": {"1": "1.53", "2": "1.53", "3": "-1.53", "4": "-15.97", "5": "14.44", "6": "0.63", "7": "13.81", "8": "18.61%", "9": "29", "10": "29", "11": "189.66%", "12": "0.48", "13": "0.48", "14": "-58.97%", "15": "-0.05", "16": "4.36%", "17": "14.44", "18": "14.44"}, "2021": {"1": "0.64", "2": "0.64", "3": "-0.64", "4": "-12.28", "5": "11.64", "6": "0", "7": "11.64", "8": "-", "9": "10", "10": "10", "11": "-", "12": "1.17", "13": "1.17", "14": "-", "15": "-0.11", "16": "-", "17": "11.64", "18": "11.64"}}, "quarterly": {"Metrics": {"1": "Selling, General & Admin", "2": "Operating Expenses", "3": "Operating Income", "4": "Other Expense / Income", "5": "Pretax Income", "6": "Income Tax", "7": "Net Income", "8": "Net Income Growth", "9": "Shares Outstanding (Basic)", "10": "Shares Outstanding (Diluted)", "11": "Shares Change", "12": "EPS (Basic)", "13": "EPS (Diluted)", "14": "EPS Growth", "15": "Free Cash Flow Per Share", "16": "Effective Tax Rate", "17": "EBITDA", "18": "EBIT"}, "2022-12-31": {"1": "0.43", "2": "0.43", "3": "-0.43", "4": "-4.3", "5": "3.87", "6": "0.15", "7": "3.72", "8": "-68.42%", "9": "29", "10": "29", "11": "189.66%", "12": "0.13", "13": "0.13", "14": "-89.17%", "15": "-0.02", "16": "3.99%", "17": "3.87", "18": "3.87"}, "2022-09-30": {"1": "0.32", "2": "0.32", "3": "-0.32", "4": "-1.27", "5": "0.94", "6": "0.02", "7": "0.92", "8": "-", "9": "29", "10": "29", "11": "475.00%", "12": "0.03", "13": "0.03", "14": "-", "15": "-0.01", "16": "2.43%", "17": "0.94", "18": "0.94"}, "2022-06-30": {"1": "0.39", "2": "0.39", "3": "-0.39", "4": "-1.75", "5": "1.36", "6": "0.45", "7": "0.91", "8": "-", "9": "29", "10": "29", "11": "475.00%", "12": "0.03", "13": "0.03", "14": "-", "15": "-0.01", "16": "33.26%", "17": "1.36", "18": "1.36"}, "2022-03-31": {"1": "0.39", "2": "0.39", "3": "-0.39", "4": "-8.65", "5": "8.26", "6": "0", "7": "8.26", "8": "-", "9": "29", "10": "29", "11": "-", "12": "0.29", "13": "0.29", "14": "-", "15": "-0.02", "16": "-", "17": "8.26", "18": "8.26"}, "2021-12-31": {"1": "0.51", "2": "0.51", "3": "-0.51", "4": "-12.28", "5": "11.77", "6": "0", "7": "11.77", "8": "-", "9": "10", "10": "10", "11": "-", "12": "1.20", "13": "1.20", "14": "-", "15": "-0.10", "16": "-", "17": "11.77", "18": "11.77"}, "2021-09-30": {"1": "0.04", "2": "0.04", "3": "-0.04", "4": "-", "5": "-0.04", "6": "0", "7": "-0.04", "8": "-", "9": "5", "10": "5", "11": "-", "12": "-0.01", "13": "-0.01", "14": "-", "15": "0.00", "16": "-", "17": "-0.04", "18": "-0.04"}, "2021-06-30": {"1": "0.05", "2": "0.05", "3": "-0.05", "4": "-", "5": "-0.05", "6": "0", "7": "-0.05", "8": "-", "9": "5", "10": "5", "11": "-", "12": "-0.01", "13": "-0.01", "14": "-", "15": "-0.02", "16": "-", "17": "-0.05", "18": "-0.05"}}}, "balance_sheet": {"annual": {"Year": {"1": "Cash & Equivalents", "2": "Cash & Cash Equivalents", "3": "Cash Growth", "4": "Other Current Assets", "5": "Total Current Assets", "6": "Long-Term Investments", "7": "Other Long-Term Assets", "8": "Total Long-Term Assets", "9": "Total Assets", "10": "Accounts Payable", "11": "Current Debt", "12": "Other Current Liabilities", "13": "Total Current Liabilities", "14": "Other Long-Term Liabilities", "15": "Total Long-Term Liabilities", "16": "Total Liabilities", "17": "Total Debt", "18": "Common Stock", "19": "Retained Earnings", "20": "Shareholders' Equity", "21": "Total Liabilities and Equity", "22": "Net Cash / Debt", "23": "Net Cash / Debt Growth", "24": "Net Cash Per Share", "25": "Working Capital", "26": "Book Value Per Share"}, "2022": {"1": "0.21", "2": "0.21", "3": "-78.33%", "4": "0.38", "5": "0.59", "6": "237.37", "7": "0", "8": "237.37", "9": "237.97", "10": "0.49", "11": "0.18", "12": "0.01", "13": "0.67", "14": "9.45", "15": "9.45", "16": "10.12", "17": "0.18", "18": "0", "19": "-8.54", "20": "-8.54", "21": "1.58", "22": "0.04", "23": "-96.20%", "24": "0.00", "25": "-0.08", "26": "-0.30"}, "2021": {"1": "0.98", "2": "0.98", "3": "-", "4": "0.46", "5": "1.44", "6": "234.62", "7": "0.37", "8": "234.99", "9": "236.42", "10": "0.34", "11": "0", "12": "0.01", "13": "0.35", "14": "22.04", "15": "22.04", "16": "22.39", "17": "0", "18": "0", "19": "-20.56", "20": "-20.56", "21": "1.82", "22": "0.98", "23": "-", "24": "0.10", "25": "1.09", "26": "-2.07"}}, "quarterly": {"Metrics": {"1": "Cash & Equivalents", "2": "Cash & Cash Equivalents", "3": "Cash Growth", "4": "Other Current Assets", "5": "Total Current Assets", "6": "Long-Term Investments", "7": "Other Long-Term Assets", "8": "Total Long-Term Assets", "9": "Total Assets", "10": "Accounts Payable", "11": "Current Debt", "12": "Other Current Liabilities", "13": "Total Current Liabilities", "14": "Other Long-Term Liabilities", "15": "Total Long-Term Liabilities", "16": "Total Liabilities", "17": "Total Debt", "18": "Common Stock", "19": "Retained Earnings", "20": "Shareholders' Equity", "21": "Total Liabilities and Equity", "22": "Net Cash / Debt", "23": "Net Cash / Debt Growth", "24": "Net Cash Per Share", "25": "Working Capital", "26": "Book Value Per Share"}, "2022-12-31": {"1": "0.21", "2": "0.21", "3": "-78.33%", "4": "0.38", "5": "0.59", "6": "237.37", "7": "0", "8": "237.37", "9": "237.97", "10": "0.49", "11": "0.18", "12": "0.01", "13": "0.67", "14": "9.45", "15": "9.45", "16": "10.12", "17": "0.18", "18": "0", "19": "-8.54", "20": "-8.54", "21": "1.58", "22": "0.04", "23": "-96.20%", "24": "0.00", "25": "-0.08", "26": "-0.30"}, "2022-09-30": {"1": "0.22", "2": "0.22", "3": "345.66%", "4": "0.45", "5": "0.67", "6": "235.8", "7": "0.03", "8": "235.83", "9": "236.5", "10": "0.3", "11": "0", "12": "0", "13": "0.3", "14": "12.07", "15": "12.07", "16": "12.37", "17": "0", "18": "0", "19": "-10.47", "20": "-10.47", "21": "1.9", "22": "0.22", "23": "-", "24": "0.01", "25": "0.37", "26": "-0.36"}, "2022-06-30": {"1": "0.35", "2": "0.35", "3": "4389.95%", "4": "0.45", "5": "0.8", "6": "234.96", "7": "0.15", "8": "235.11", "9": "235.91", "10": "0.4", "11": "0", "12": "0", "13": "0.4", "14": "12.31", "15": "12.31", "16": "12.71", "17": "0", "18": "0", "19": "-11.39", "20": "-11.39", "21": "1.31", "22": "0.35", "23": "-", "24": "0.01", "25": "0.4", "26": "-0.40"}, "2022-03-31": {"1": "0.51", "2": "0.51", "3": "1944.37%", "4": "0.46", "5": "0.97", "6": "234.68", "7": "0.26", "8": "234.94", "9": "235.91", "10": "0.16", "11": "0", "12": "0", "13": "0.16", "14": "13.46", "15": "13.46", "16": "13.61", "17": "0", "18": "0", "19": "-12.3", "20": "-12.3", "21": "1.31", "22": "0.51", "23": "1944.37%", "24": "0.02", "25": "0.81", "26": "-0.43"}, "2021-12-31": {"1": "0.98", "2": "0.98", "3": "-", "4": "0.46", "5": "1.44", "6": "234.62", "7": "0.37", "8": "234.99", "9": "236.42", "10": "0.34", "11": "0", "12": "0.01", "13": "0.35", "14": "22.04", "15": "22.04", "16": "22.39", "17": "0", "18": "0", "19": "-20.56", "20": "-20.56", "21": "1.82", "22": "0.98", "23": "-", "24": "0.10", "25": "1.09", "26": "-2.07"}, "2021-09-30": {"1": "0.05", "2": "0.05", "3": "-", "4": "-", "5": "-", "6": "-", "7": "-", "8": "-", "9": "0.45", "10": "0", "11": "-", "12": "-", "13": "-", "14": "-", "15": "-", "16": "0.55", "17": "0.27", "18": "0.03", "19": "-0.13", "20": "-0.1", "21": "0.45", "22": "-0.22", "23": "-", "24": "-0.04", "25": "-", "26": "-0.02"}, "2021-06-30": {"1": "0.01", "2": "0.01", "3": "-", "4": "-", "5": "-", "6": "-", "7": "-", "8": "-", "9": "0.33", "10": "0.01", "11": "0.1", "12": "0.28", "13": "0.39", "14": "0", "15": "0", "16": "0.39", "17": "0.1", "18": "0.03", "19": "-0.09", "20": "-0.06", "21": "0.33", "22": "-0.09", "23": "-", "24": "-0.02", "25": "-", "26": "-0.01"}, "2021-03-25": {"1": "0.03", "2": "0.03", "3": "-", "4": "-", "5": "-", "6": "-", "7": "-", "8": "-", "9": "0.14", "10": "0.01", "11": "0", "12": "0.14", "13": "0.15", "14": "0", "15": "0", "16": "0.15", "17": "0", "18": "0.03", "19": "-0.03", "20": "-0.01", "21": "0.14", "22": "0.03", "23": "-", "24": "-", "25": "-", "26": "-"}}}, "cash_flow_statement": {"annual": {"Year": {"1": "Net Income", "2": "Other Operating Activities", "3": "Operating Cash Flow", "4": "Change in Investments", "5": "Investing Cash Flow", "6": "Share Issuance / Repurchase", "7": "Debt Issued / Paid", "8": "Other Financing Activities", "9": "Financing Cash Flow", "10": "Net Cash Flow", "11": "Free Cash Flow", "12": "Free Cash Flow Per Share"}, "2022": {"1": "13.81", "2": "-15.35", "3": "-1.55", "4": "0.62", "5": "0.62", "6": "0", "7": "0.17", "8": "-0.01", "9": "0.16", "10": "-0.77", "11": "-1.55", "12": "-0.05"}, "2021": {"1": "11.64", "2": "-12.77", "3": "-1.13", "4": "-234.6", "5": "-234.6", "6": "225.43", "7": "-0.01", "8": "11.29", "9": "236.71", "10": "0.98", "11": "-1.13", "12": "-0.11"}}, "quarterly": {"Metrics": {"1": "Net Income", "2": "Other Operating Activities", "3": "Operating Cash Flow", "4": "Change in Investments", "5": "Investing Cash Flow", "6": "Share Issuance / Repurchase", "7": "Debt Issued / Paid", "8": "Other Financing Activities", "9": "Financing Cash Flow", "10": "Net Cash Flow", "11": "Free Cash Flow", "12": "Free Cash Flow Per Share"}, "2022-12-31": {"1": "3.72", "2": "-4.26", "3": "-0.55", "4": "0.37", "5": "0.37", "6": "0", "7": "0.18", "8": "-", "9": "0.18", "10": "-0", "11": "-0.55", "12": "-0.02"}, "2022-09-30": {"1": "0.92", "2": "-1.25", "3": "-0.33", "4": "0.2", "5": "0.2", "6": "0", "7": "0", "8": "-", "9": "0", "10": "-0.13", "11": "-0.33", "12": "-0.01"}, "2022-06-30": {"1": "0.91", "2": "-1.13", "3": "-0.22", "4": "0", "5": "0", "6": "0", "7": "0", "8": "-", "9": "0", "10": "-0.16", "11": "-0.22", "12": "-0.01"}, "2022-03-31": {"1": "8.26", "2": "-8.72", "3": "-0.46", "4": "0", "5": "0", "6": "0", "7": "-0", "8": "-0.01", "9": "-0.01", "10": "-0.47", "11": "-0.46", "12": "-0.02"}, "2021-12-31": {"1": "11.77", "2": "-12.78", "3": "-1.02", "4": "0", "5": "0", "6": "225.4", "7": "-0.27", "8": "11.42", "9": "236.55", "10": "0.93", "11": "-1.02", "12": "-0.10"}, "2021-09-30": {"1": "-0.04", "2": "0.05", "3": "0.01", "4": "0", "5": "0", "6": "0", "7": "0.16", "8": "-0.13", "9": "0.03", "10": "0.04", "11": "0.01", "12": "0.00"}, "2021-06-30": {"1": "-0.05", "2": "-0.07", "3": "-0.12", "4": "0", "5": "0", "6": "0", "7": "0.1", "8": "-", "9": "0.1", "10": "-0.02", "11": "-0.12", "12": "-0.02"}}}, "ratios": {"annual": {"Year": {"1": "Market Capitalization", "2": "Market Cap Growth", "3": "Enterprise Value", "4": "PE Ratio", "5": "PB Ratio", "6": "P/FCF Ratio", "7": "P/OCF Ratio", "8": "EV/EBITDA Ratio", "9": "EV/EBIT Ratio", "10": "EV/FCF Ratio", "11": "Debt / Equity Ratio", "12": "Debt / EBITDA Ratio", "13": "Debt / FCF Ratio", "14": "Current Ratio", "15": "Return on Equity (ROE)", "16": "Return on Assets (ROA)", "17": "Return on Capital (ROIC)", "18": "Earnings Yield", "19": "FCF Yield", "20": "Buyback Yield / Dilution", "21": "Total Shareholder Return"}, "Current": {"1": "297", "2": "-", "3": "297", "4": "21.50", "5": "-34.23", "6": "-188.71", "7": "-188.71", "8": "20.57", "9": "20.57", "10": "-188.69", "11": "-0.02", "12": "0.01", "13": "-0.11", "14": "0.88", "15": "-129.30%", "16": "5.80%", "17": "6.10%", "18": "4.65%", "19": "-0.52%", "20": "-189.66%", "21": "-189.66%"}, "2022": {"1": "292", "2": "3.25%", "3": "292", "4": "21.18", "5": "-34.23", "6": "-188.71", "7": "-188.71", "8": "20.25", "9": "20.25", "10": "-188.69", "11": "-0.02", "12": "0.01", "13": "-0.11", "14": "0.88", "15": "-129.30%", "16": "5.80%", "17": "6.10%", "18": "4.72%", "19": "-0.53%", "20": "-189.66%", "21": "-189.66%"}, "2021": {"1": "283", "2": "-", "3": "282", "4": "24.33", "5": "-13.77", "6": "-251.04", "7": "-251.04", "8": "24.25", "9": "24.25", "10": "-250.17", "11": "-", "12": "-", "13": "-", "14": "4.14", "15": "-224.60%", "16": "19.60%", "17": "19.70%", "18": "4.11%", "19": "-0.40%", "20": "-", "21": "-"}}, "quarterly": {"Metrics": {"1": "Market Capitalization", "2": "Market Cap Growth", "3": "Enterprise Value", "4": "PE Ratio", "5": "PB Ratio", "6": "Debt / Equity Ratio", "7": "Current Ratio", "8": "Buyback Yield / Dilution", "9": "Total Shareholder Return"}, "Current": {"1": "297", "2": "-", "3": "297", "4": "21.50", "5": "-34.23", "6": "-0.02", "7": "0.88", "8": "-189.66%", "9": "-189.66%"}, "2022-12-31": {"1": "292", "2": "3.25%", "3": "292", "4": "21.18", "5": "-34.23", "6": "-0.02", "7": "0.88", "8": "-189.66%", "9": "-189.66%"}, "2022-09-30": {"1": "288", "2": "-", "3": "288", "4": "13.19", "5": "-27.53", "6": "-", "7": "2.22", "8": "-475.00%", "9": "-475.00%"}, "2022-06-30": {"1": "285", "2": "-", "3": "285", "4": "13.66", "5": "-25.06", "6": "-", "7": "2.01", "8": "-475.00%", "9": "-475.00%"}, "2022-03-31": {"1": "286", "2": "-", "3": "286", "4": "14.35", "5": "-23.25", "6": "-", "7": "6.20", "8": "-", "9": "-"}, "2021-12-31": {"1": "283", "2": "-", "3": "282", "4": "24.33", "5": "-13.77", "6": "-", "7": "4.14", "8": "-", "9": "-"}, "2021-09-30": {"1": "-", "2": "-", "3": "0", "4": "-", "5": "-", "6": "-2.67", "7": "-", "8": "-", "9": "-"}, "2021-06-30": {"1": "-", "2": "-", "3": "0", "4": "-", "5": "-", "6": "-1.66", "7": "-", "8": "-", "9": "-"}}}, "stock_price": {"symbol": {"0": "AEAE", "1": "AEAE", "2": "AEAE", "3": "AEAE", "4": "AEAE", "5": "AEAE", "6": "AEAE", "7": "AEAE", "8": "AEAE", "9": "AEAE", "10": "AEAE", "11": "AEAE", "12": "AEAE", "13": "AEAE", "14": "AEAE", "15": "AEAE", "16": "AEAE", "17": "AEAE", "18": "AEAE", "19": "AEAE", "20": "AEAE", "21": "AEAE", "22": "AEAE", "23": "AEAE", "24": "AEAE", "25": "AEAE", "26": "AEAE", "27": "AEAE", "28": "AEAE", "29": "AEAE", "30": "AEAE", "31": "AEAE", "32": "AEAE", "33": "AEAE", "34": "AEAE", "35": "AEAE", "36": "AEAE", "37": "AEAE", "38": "AEAE", "39": "AEAE", "40": "AEAE", "41": "AEAE", "42": "AEAE", "43": "AEAE", "44": "AEAE", "45": "AEAE", "46": "AEAE", "47": "AEAE", "48": "AEAE", "49": "AEAE", "50": "AEAE", "51": "AEAE", "52": "AEAE", "53": "AEAE", "54": "AEAE", "55": "AEAE", "56": "AEAE", "57": "AEAE", "58": "AEAE", "59": "AEAE", "60": "AEAE", "61": "AEAE", "62": "AEAE", "63": "AEAE", "64": "AEAE", "65": "AEAE", "66": "AEAE", "67": "AEAE", "68": "AEAE", "69": "AEAE", "70": "AEAE", "71": "AEAE", "72": "AEAE", "73": "AEAE", "74": "AEAE", "75": "AEAE", "76": "AEAE", "77": "AEAE", "78": "AEAE", "79": "AEAE", "80": "AEAE", "81": "AEAE", "82": "AEAE", "83": "AEAE", "84": "AEAE", "85": "AEAE", "86": "AEAE", "87": "AEAE", "88": "AEAE", "89": "AEAE", "90": "AEAE", "91": "AEAE", "92": "AEAE", "93": "AEAE", "94": "AEAE", "95": "AEAE", "96": "AEAE", "97": "AEAE", "98": "AEAE", "99": "AEAE", "100": "AEAE", "101": "AEAE", "102": "AEAE", "103": "AEAE", "104": "AEAE", "105": "AEAE", "106": "AEAE", "107": "AEAE", "108": "AEAE", "109": "AEAE", "110": "AEAE", "111": "AEAE", "112": "AEAE", "113": "AEAE", "114": "AEAE", "115": "AEAE", "116": "AEAE", "117": "AEAE", "118": "AEAE", "119": "AEAE", "120": "AEAE", "121": "AEAE", "122": "AEAE", "123": "AEAE", "124": "AEAE", "125": "AEAE", "126": "AEAE", "127": "AEAE", "128": "AEAE", "129": "AEAE", "130": "AEAE", "131": "AEAE", "132": "AEAE", "133": "AEAE", "134": "AEAE", "135": "AEAE", "136": "AEAE", "137": "AEAE", "138": "AEAE", "139": "AEAE", "140": "AEAE", "141": "AEAE", "142": "AEAE", "143": "AEAE", "144": "AEAE", "145": "AEAE", "146": "AEAE", "147": "AEAE", "148": "AEAE", "149": "AEAE", "150": "AEAE", "151": "AEAE", "152": "AEAE", "153": "AEAE", "154": "AEAE", "155": "AEAE", "156": "AEAE", "157": "AEAE", "158": "AEAE", "159": "AEAE", "160": "AEAE", "161": "AEAE", "162": "AEAE", "163": "AEAE", "164": "AEAE", "165": "AEAE", "166": "AEAE", "167": "AEAE", "168": "AEAE", "169": "AEAE", "170": "AEAE", "171": "AEAE", "172": "AEAE", "173": "AEAE", "174": "AEAE", "175": "AEAE", "176": "AEAE", "177": "AEAE", "178": "AEAE", "179": "AEAE", "180": "AEAE", "181": "AEAE", "182": "AEAE", "183": "AEAE", "184": "AEAE", "185": "AEAE", "186": "AEAE", "187": "AEAE", "188": "AEAE", "189": "AEAE", "190": "AEAE", "191": "AEAE", "192": "AEAE", "193": "AEAE", "194": "AEAE", "195": "AEAE", "196": "AEAE", "197": "AEAE", "198": "AEAE", "199": "AEAE", "200": "AEAE", "201": "AEAE", "202": "AEAE", "203": "AEAE", "204": "AEAE", "205": "AEAE", "206": "AEAE", "207": "AEAE", "208": "AEAE", "209": "AEAE", "210": "AEAE", "211": "AEAE", "212": "AEAE", "213": "AEAE", "214": "AEAE", "215": "AEAE", "216": "AEAE", "217": "AEAE", "218": "AEAE", "219": "AEAE", "220": "AEAE", "221": "AEAE", "222": "AEAE", "223": "AEAE", "224": "AEAE", "225": "AEAE", "226": "AEAE", "227": "AEAE", "228": "AEAE", "229": "AEAE", "230": "AEAE", "231": "AEAE", "232": "AEAE", "233": "AEAE", "234": "AEAE", "235": "AEAE", "236": "AEAE", "237": "AEAE", "238": "AEAE", "239": "AEAE", "240": "AEAE", "241": "AEAE", "242": "AEAE", "243": "AEAE", "244": "AEAE", "245": "AEAE", "246": "AEAE", "247": "AEAE", "248": "AEAE", "249": "AEAE", "250": "AEAE", "251": "AEAE", "252": "AEAE", "253": "AEAE", "254": "AEAE", "255": "AEAE", "256": "AEAE", "257": "AEAE", "258": "AEAE", "259": "AEAE", "260": "AEAE", "261": "AEAE", "262": "AEAE", "263": "AEAE", "264": "AEAE", "265": "AEAE", "266": "AEAE", "267": "AEAE", "268": "AEAE", "269": "AEAE", "270": "AEAE", "271": "AEAE", "272": "AEAE", "273": "AEAE", "274": "AEAE", "275": "AEAE", "276": "AEAE", "277": "AEAE", "278": "AEAE", "279": "AEAE", "280": "AEAE", "281": "AEAE", "282": "AEAE", "283": "AEAE", "284": "AEAE", "285": "AEAE", "286": "AEAE", "287": "AEAE", "288": "AEAE", "289": "AEAE", "290": "AEAE", "291": "AEAE", "292": "AEAE", "293": "AEAE", "294": "AEAE", "295": "AEAE", "296": "AEAE", "297": "AEAE", "298": "AEAE", "299": "AEAE", "300": "AEAE", "301": "AEAE", "302": "AEAE", "303": "AEAE", "304": "AEAE", "305": "AEAE", "306": "AEAE", "307": "AEAE", "308": "AEAE", "309": "AEAE", "310": "AEAE", "311": "AEAE", "312": "AEAE", "313": "AEAE", "314": "AEAE", "315": "AEAE", "316": "AEAE", "317": "AEAE", "318": "AEAE", "319": "AEAE", "320": "AEAE", "321": "AEAE", "322": "AEAE", "323": "AEAE", "324": "AEAE", "325": "AEAE", "326": "AEAE", "327": "AEAE", "328": "AEAE", "329": "AEAE", "330": "AEAE", "331": "AEAE", "332": "AEAE", "333": "AEAE", "334": "AEAE", "335": "AEAE", "336": "AEAE", "337": "AEAE", "338": "AEAE", "339": "AEAE", "340": "AEAE", "341": "AEAE", "342": "AEAE", "343": "AEAE", "344": "AEAE", "345": "AEAE", "346": "AEAE", "347": "AEAE", "348": "AEAE", "349": "AEAE", "350": "AEAE", "351": "AEAE", "352": "AEAE", "353": "AEAE", "354": "AEAE", "355": "AEAE", "356": "AEAE", "357": "AEAE", "358": "AEAE", "359": "AEAE", "360": "AEAE", "361": "AEAE", "362": "AEAE", "363": "AEAE", "364": "AEAE", "365": "AEAE", "366": "AEAE", "367": "AEAE", "368": "AEAE", "369": "AEAE", "370": "AEAE", "371": "AEAE", "372": "AEAE", "373": "AEAE", "374": "AEAE", "375": "AEAE", "376": "AEAE", "377": "AEAE", "378": "AEAE", "379": "AEAE", "380": "AEAE", "381": "AEAE", "382": "AEAE", "383": "AEAE", "384": "AEAE", "385": "AEAE", "386": "AEAE"}, "date": {"0": "2021-12-13", "1": "2021-12-14", "2": "2021-12-15", "3": "2021-12-16", "4": "2021-12-17", "5": "2021-12-20", "6": "2021-12-21", "7": "2021-12-22", "8": "2021-12-23", "9": "2021-12-27", "10": "2021-12-28", "11": "2021-12-29", "12": "2021-12-30", "13": "2021-12-31", "14": "2022-01-03", "15": "2022-01-04", "16": "2022-01-05", "17": "2022-01-06", "18": "2022-01-07", "19": "2022-01-10", "20": "2022-01-11", "21": "2022-01-12", "22": "2022-01-13", "23": "2022-01-14", "24": "2022-01-18", "25": "2022-01-19", "26": "2022-01-20", "27": "2022-01-21", "28": "2022-01-24", "29": "2022-01-25", "30": "2022-01-26", "31": "2022-01-27", "32": "2022-01-28", "33": "2022-01-31", "34": "2022-02-01", "35": "2022-02-02", "36": "2022-02-03", "37": "2022-02-04", "38": "2022-02-07", "39": "2022-02-08", "40": "2022-02-09", "41": "2022-02-10", "42": "2022-02-11", "43": "2022-02-14", "44": "2022-02-15", "45": "2022-02-16", "46": "2022-02-17", "47": "2022-02-18", "48": "2022-02-22", "49": "2022-02-23", "50": "2022-02-24", "51": "2022-02-25", "52": "2022-02-28", "53": "2022-03-01", "54": "2022-03-02", "55": "2022-03-03", "56": "2022-03-04", "57": "2022-03-07", "58": "2022-03-08", "59": "2022-03-09", "60": "2022-03-10", "61": "2022-03-11", "62": "2022-03-14", "63": "2022-03-15", "64": "2022-03-16", "65": "2022-03-17", "66": "2022-03-18", "67": "2022-03-21", "68": "2022-03-22", "69": "2022-03-23", "70": "2022-03-24", "71": "2022-03-25", "72": "2022-03-28", "73": "2022-03-29", "74": "2022-03-30", "75": "2022-03-31", "76": "2022-04-01", "77": "2022-04-04", "78": "2022-04-05", "79": "2022-04-06", "80": "2022-04-07", "81": "2022-04-08", "82": "2022-04-11", "83": "2022-04-12", "84": "2022-04-13", "85": "2022-04-14", "86": "2022-04-18", "87": "2022-04-19", "88": "2022-04-20", "89": "2022-04-21", "90": "2022-04-22", "91": "2022-04-25", "92": "2022-04-26", "93": "2022-04-27", "94": "2022-04-28", "95": "2022-04-29", "96": "2022-05-02", "97": "2022-05-03", "98": "2022-05-04", "99": "2022-05-05", "100": "2022-05-06", "101": "2022-05-09", "102": "2022-05-10", "103": "2022-05-11", "104": "2022-05-12", "105": "2022-05-13", "106": "2022-05-16", "107": "2022-05-17", "108": "2022-05-18", "109": "2022-05-19", "110": "2022-05-20", "111": "2022-05-23", "112": "2022-05-24", "113": "2022-05-25", "114": "2022-05-26", "115": "2022-05-27", "116": "2022-05-31", "117": "2022-06-01", "118": "2022-06-02", "119": "2022-06-03", "120": "2022-06-06", "121": "2022-06-07", "122": "2022-06-08", "123": "2022-06-09", "124": "2022-06-10", "125": "2022-06-13", "126": "2022-06-14", "127": "2022-06-15", "128": "2022-06-16", "129": "2022-06-17", "130": "2022-06-21", "131": "2022-06-22", "132": "2022-06-23", "133": "2022-06-24", "134": "2022-06-27", "135": "2022-06-28", "136": "2022-06-29", "137": "2022-06-30", "138": "2022-07-01", "139": "2022-07-05", "140": "2022-07-06", "141": "2022-07-07", "142": "2022-07-08", "143": "2022-07-11", "144": "2022-07-12", "145": "2022-07-13", "146": "2022-07-14", "147": "2022-07-15", "148": "2022-07-18", "149": "2022-07-19", "150": "2022-07-20", "151": "2022-07-21", "152": "2022-07-22", "153": "2022-07-25", "154": "2022-07-26", "155": "2022-07-27", "156": "2022-07-28", "157": "2022-07-29", "158": "2022-08-01", "159": "2022-08-02", "160": "2022-08-03", "161": "2022-08-04", "162": "2022-08-05", "163": "2022-08-08", "164": "2022-08-09", "165": "2022-08-10", "166": "2022-08-11", "167": "2022-08-12", "168": "2022-08-15", "169": "2022-08-16", "170": "2022-08-17", "171": "2022-08-18", "172": "2022-08-19", "173": "2022-08-22", "174": "2022-08-23", "175": "2022-08-24", "176": "2022-08-25", "177": "2022-08-26", "178": "2022-08-29", "179": "2022-08-30", "180": "2022-08-31", "181": "2022-09-01", "182": "2022-09-02", "183": "2022-09-06", "184": "2022-09-07", "185": "2022-09-08", "186": "2022-09-09", "187": "2022-09-12", "188": "2022-09-13", "189": "2022-09-14", "190": "2022-09-15", "191": "2022-09-16", "192": "2022-09-19", "193": "2022-09-20", "194": "2022-09-21", "195": "2022-09-22", "196": "2022-09-23", "197": "2022-09-26", "198": "2022-09-27", "199": "2022-09-28", "200": "2022-09-29", "201": "2022-09-30", "202": "2022-10-03", "203": "2022-10-04", "204": "2022-10-05", "205": "2022-10-06", "206": "2022-10-07", "207": "2022-10-10", "208": "2022-10-11", "209": "2022-10-12", "210": "2022-10-13", "211": "2022-10-14", "212": "2022-10-17", "213": "2022-10-18", "214": "2022-10-19", "215": "2022-10-20", "216": "2022-10-21", "217": "2022-10-24", "218": "2022-10-25", "219": "2022-10-26", "220": "2022-10-27", "221": "2022-10-28", "222": "2022-10-31", "223": "2022-11-01", "224": "2022-11-02", "225": "2022-11-03", "226": "2022-11-04", "227": "2022-11-07", "228": "2022-11-08", "229": "2022-11-09", "230": "2022-11-10", "231": "2022-11-11", "232": "2022-11-14", "233": "2022-11-15", "234": "2022-11-16", "235": "2022-11-17", "236": "2022-11-18", "237": "2022-11-21", "238": "2022-11-22", "239": "2022-11-23", "240": "2022-11-25", "241": "2022-11-28", "242": "2022-11-29", "243": "2022-11-30", "244": "2022-12-01", "245": "2022-12-02", "246": "2022-12-05", "247": "2022-12-06", "248": "2022-12-07", "249": "2022-12-08", "250": "2022-12-09", "251": "2022-12-12", "252": "2022-12-13", "253": "2022-12-14", "254": "2022-12-15", "255": "2022-12-16", "256": "2022-12-19", "257": "2022-12-20", "258": "2022-12-21", "259": "2022-12-22", "260": "2022-12-23", "261": "2022-12-27", "262": "2022-12-28", "263": "2022-12-29", "264": "2022-12-30", "265": "2023-01-03", "266": "2023-01-04", "267": "2023-01-05", "268": "2023-01-06", "269": "2023-01-09", "270": "2023-01-10", "271": "2023-01-11", "272": "2023-01-12", "273": "2023-01-13", "274": "2023-01-17", "275": "2023-01-18", "276": "2023-01-19", "277": "2023-01-20", "278": "2023-01-23", "279": "2023-01-24", "280": "2023-01-25", "281": "2023-01-26", "282": "2023-01-27", "283": "2023-01-30", "284": "2023-01-31", "285": "2023-02-01", "286": "2023-02-02", "287": "2023-02-03", "288": "2023-02-06", "289": "2023-02-07", "290": "2023-02-08", "291": "2023-02-09", "292": "2023-02-10", "293": "2023-02-13", "294": "2023-02-14", "295": "2023-02-15", "296": "2023-02-16", "297": "2023-02-17", "298": "2023-02-21", "299": "2023-02-22", "300": "2023-02-23", "301": "2023-02-24", "302": "2023-02-27", "303": "2023-02-28", "304": "2023-03-01", "305": "2023-03-02", "306": "2023-03-03", "307": "2023-03-06", "308": "2023-03-07", "309": "2023-03-08", "310": "2023-03-09", "311": "2023-03-10", "312": "2023-03-13", "313": "2023-03-14", "314": "2023-03-15", "315": "2023-03-16", "316": "2023-03-17", "317": "2023-03-20", "318": "2023-03-21", "319": "2023-03-22", "320": "2023-03-23", "321": "2023-03-24", "322": "2023-03-27", "323": "2023-03-28", "324": "2023-03-29", "325": "2023-03-30", "326": "2023-03-31", "327": "2023-04-03", "328": "2023-04-04", "329": "2023-04-05", "330": "2023-04-06", "331": "2023-04-10", "332": "2023-04-11", "333": "2023-04-12", "334": "2023-04-13", "335": "2023-04-14", "336": "2023-04-17", "337": "2023-04-18", "338": "2023-04-19", "339": "2023-04-20", "340": "2023-04-21", "341": "2023-04-24", "342": "2023-04-25", "343": "2023-04-26", "344": "2023-04-27", "345": "2023-04-28", "346": "2023-05-01", "347": "2023-05-02", "348": "2023-05-03", "349": "2023-05-04", "350": "2023-05-05", "351": "2023-05-08", "352": "2023-05-09", "353": "2023-05-10", "354": "2023-05-11", "355": "2023-05-12", "356": "2023-05-15", "357": "2023-05-16", "358": "2023-05-17", "359": "2023-05-18", "360": "2023-05-19", "361": "2023-05-22", "362": "2023-05-23", "363": "2023-05-24", "364": "2023-05-25", "365": "2023-05-26", "366": "2023-05-30", "367": "2023-05-31", "368": "2023-06-01", "369": "2023-06-02", "370": "2023-06-05", "371": "2023-06-06", "372": "2023-06-07", "373": "2023-06-08", "374": "2023-06-09", "375": "2023-06-12", "376": "2023-06-13", "377": "2023-06-14", "378": "2023-06-15", "379": "2023-06-16", "380": "2023-06-20", "381": "2023-06-21", "382": "2023-06-22", "383": "2023-06-23", "384": "2023-06-26", "385": "2023-06-27", "386": "2023-06-28"}, "open": {"0": 10.0, "1": 9.800000190734863, "2": 9.819999694824219, "3": 10.739999771118164, "4": 9.829999923706055, "5": 3.8499999046325684, "6": 9.9399995803833, "7": 9.90999984741211, "8": 9.949999809265137, "9": 9.84000015258789, "10": 9.819999694824219, "11": 9.899999618530273, "12": 9.84000015258789, "13": 9.850000381469727, "14": 9.850000381469727, "15": 9.869999885559082, "16": 9.989999771118164, "17": 9.890000343322754, "18": 9.899999618530273, "19": 9.890000343322754, "20": 9.890000343322754, "21": 9.890000343322754, "22": 9.880000114440918, "23": 9.90999984741211, "24": 9.90999984741211, "25": 9.869999885559082, "26": 9.899999618530273, "27": 9.890000343322754, "28": 9.869999885559082, "29": 9.800000190734863, "30": 9.800000190734863, "31": 9.84000015258789, "32": 9.850000381469727, "33": 9.829999923706055, "34": 9.84000015258789, "35": 9.84000015258789, "36": 9.890000343322754, "37": 9.859999656677246, "38": 9.868000030517578, "39": 9.930000305175781, "40": 9.829999923706055, "41": 9.84000015258789, "42": 9.84000015258789, "43": 9.84000015258789, "44": 9.84000015258789, "45": 9.84000015258789, "46": 9.829999923706055, "47": 9.829999923706055, "48": 9.850000381469727, "49": 9.850000381469727, "50": 9.850000381469727, "51": 9.850000381469727, "52": 9.850000381469727, "53": 9.979999542236328, "54": 9.920000076293945, "55": 9.899999618530273, "56": 9.899999618530273, "57": 9.899999618530273, "58": 9.90999984741211, "59": 9.90999984741211, "60": 9.90999984741211, "61": 9.920000076293945, "62": 9.9350004196167, "63": 9.9350004196167, "64": 9.920000076293945, "65": 9.90999984741211, "66": 9.914999961853027, "67": 9.920000076293945, "68": 9.9399995803833, "69": 9.9399995803833, "70": 9.930000305175781, "71": 9.930000305175781, "72": 9.930000305175781, "73": 9.930000305175781, "74": 9.930000305175781, "75": 9.90999984741211, "76": 9.920000076293945, "77": 9.90999984741211, "78": 9.90999984741211, "79": 9.90999984741211, "80": 9.9399995803833, "81": 9.9399995803833, "82": 9.9399995803833, "83": 9.930000305175781, "84": 9.9399995803833, "85": 9.930000305175781, "86": 9.9399995803833, "87": 9.989999771118164, "88": 9.949999809265137, "89": 9.960000038146973, "90": 9.960000038146973, "91": 9.989999771118164, "92": 9.989999771118164, "93": 9.949999809265137, "94": 9.9399995803833, "95": 9.949999809265137, "96": 9.949999809265137, "97": 9.970000267028809, "98": 9.949999809265137, "99": 9.960000038146973, "100": 9.960000038146973, "101": 9.960000038146973, "102": 9.960000038146973, "103": 9.960000038146973, "104": 9.90999984741211, "105": 9.9399995803833, "106": 9.9399995803833, "107": 9.880000114440918, "108": 9.880000114440918, "109": 9.899999618530273, "110": 9.880000114440918, "111": 9.979999542236328, "112": 9.899999618530273, "113": 9.9399995803833, "114": 9.90999984741211, "115": 9.90999984741211, "116": 9.920000076293945, "117": 9.949999809265137, "118": 9.949999809265137, "119": 9.949999809265137, "120": 9.949999809265137, "121": 9.930000305175781, "122": 9.930000305175781, "123": 9.9399995803833, "124": 9.9399995803833, "125": 9.9399995803833, "126": 9.930000305175781, "127": 9.920000076293945, "128": 9.920000076293945, "129": 9.920000076293945, "130": 9.9399995803833, "131": 9.920000076293945, "132": 9.920000076293945, "133": 9.930000305175781, "134": 9.930000305175781, "135": 9.9399995803833, "136": 9.9399995803833, "137": 9.9399995803833, "138": 9.930000305175781, "139": 9.944999694824219, "140": 9.9399995803833, "141": 9.9399995803833, "142": 9.9399995803833, "143": 9.970000267028809, "144": 9.979999542236328, "145": 9.949999809265137, "146": 9.9399995803833, "147": 9.960000038146973, "148": 9.960000038146973, "149": 9.960000038146973, "150": 9.960000038146973, "151": 9.970000267028809, "152": 9.970000267028809, "153": 9.979999542236328, "154": 9.970000267028809, "155": 9.970000267028809, "156": 9.989999771118164, "157": 9.979999542236328, "158": 9.979999542236328, "159": 9.994999885559082, "160": 10.0, "161": 10.0, "162": 10.0, "163": 10.0, "164": 9.979999542236328, "165": 9.979999542236328, "166": 10.0, "167": 10.0, "168": 10.0, "169": 10.0, "170": 9.989999771118164, "171": 10.0, "172": 9.960000038146973, "173": 9.979999542236328, "174": 9.979999542236328, "175": 9.984999656677246, "176": 9.979999542236328, "177": 9.979999542236328, "178": 9.960000038146973, "179": 9.960000038146973, "180": 9.960000038146973, "181": 9.960000038146973, "182": 9.960000038146973, "183": 9.979999542236328, "184": 9.979999542236328, "185": 9.979999542236328, "186": 9.979999542236328, "187": 9.979999542236328, "188": 9.989999771118164, "189": 9.970000267028809, "190": 9.970000267028809, "191": 9.949999809265137, "192": 9.960000038146973, "193": 9.984999656677246, "194": 9.979999542236328, "195": 9.989999771118164, "196": 9.989999771118164, "197": 10.0, "198": 10.010000228881836, "199": 10.020000457763672, "200": 10.029999732971191, "201": 10.029999732971191, "202": 10.010000228881836, "203": 10.0, "204": 9.979999542236328, "205": 9.989999771118164, "206": 9.979999542236328, "207": 9.979999542236328, "208": 9.979999542236328, "209": 9.989999771118164, "210": 9.989999771118164, "211": 9.989999771118164, "212": 10.0, "213": 10.010000228881836, "214": 10.020000457763672, "215": 10.015000343322754, "216": 10.020000457763672, "217": 10.029999732971191, "218": 10.039999961853027, "219": 10.039999961853027, "220": 10.050000190734863, "221": 10.020000457763672, "222": 10.038000106811523, "223": 10.039999961853027, "224": 10.050000190734863, "225": 10.050000190734863, "226": 10.0600004196167, "227": 10.0600004196167, "228": 10.050000190734863, "229": 10.0600004196167, "230": 10.055000305175781, "231": 10.055000305175781, "232": 10.0600004196167, "233": 10.0600004196167, "234": 10.079999923706055, "235": 10.079999923706055, "236": 10.079999923706055, "237": 10.079999923706055, "238": 10.100000381469727, "239": 10.100000381469727, "240": 10.100000381469727, "241": 10.085000038146973, "242": 10.119999885559082, "243": 10.119999885559082, "244": 10.140000343322754, "245": 10.109999656677246, "246": 10.149999618530273, "247": 10.154999732971191, "248": 10.154999732971191, "249": 10.154999732971191, "250": 10.154999732971191, "251": 10.149999618530273, "252": 10.149999618530273, "253": 10.149999618530273, "254": 10.149999618530273, "255": 10.180000305175781, "256": 10.149999618530273, "257": 10.140000343322754, "258": 10.149999618530273, "259": 10.149999618530273, "260": 10.149999618530273, "261": 10.154999732971191, "262": 10.180000305175781, "263": 10.170000076293945, "264": 10.170000076293945, "265": 10.170000076293945, "266": 10.229999542236328, "267": 10.220000267028809, "268": 10.199999809265137, "269": 10.220000267028809, "270": 10.220000267028809, "271": 10.229999542236328, "272": 10.25, "273": 10.239999771118164, "274": 10.25, "275": 10.25, "276": 10.25, "277": 10.260000228881836, "278": 10.270000457763672, "279": 10.25, "280": 10.239999771118164, "281": 10.270000457763672, "282": 10.270000457763672, "283": 10.255000114440918, "284": 10.274999618530273, "285": 10.279999732971191, "286": 10.265000343322754, "287": 10.279999732971191, "288": 10.279999732971191, "289": 10.28499984741211, "290": 10.300000190734863, "291": 10.295000076293945, "292": 10.300000190734863, "293": 10.289999961853027, "294": 10.289999961853027, "295": 10.305000305175781, "296": 10.300000190734863, "297": 10.3100004196167, "298": 10.305000305175781, "299": 10.305000305175781, "300": 10.3100004196167, "301": 10.3149995803833, "302": 10.3149995803833, "303": 10.3149995803833, "304": 10.3149995803833, "305": 10.34000015258789, "306": 10.350000381469727, "307": 10.34000015258789, "308": 10.34000015258789, "309": 10.350000381469727, "310": 10.350000381469727, "311": 10.350000381469727, "312": 10.350000381469727, "313": 10.350000381469727, "314": 10.350000381469727, "315": 10.350000381469727, "316": 10.350000381469727, "317": 10.354999542236328, "318": 10.354999542236328, "319": 10.359999656677246, "320": 10.359999656677246, "321": 10.350000381469727, "322": 10.380000114440918, "323": 10.369999885559082, "324": 10.369999885559082, "325": 10.380000114440918, "326": 10.375, "327": 10.375, "328": 10.375, "329": 10.385000228881836, "330": 10.390000343322754, "331": 10.369999885559082, "332": 10.369999885559082, "333": 10.369999885559082, "334": 10.380000114440918, "335": 10.380000114440918, "336": 10.399999618530273, "337": 10.369999885559082, "338": 10.380000114440918, "339": 10.399999618530273, "340": 10.380000114440918, "341": 10.25, "342": 10.399999618530273, "343": 10.800000190734863, "344": 10.460000038146973, "345": 10.390000343322754, "346": 10.25, "347": 10.15999984741211, "348": 10.300000190734863, "349": 10.300000190734863, "350": 10.329999923706055, "351": 10.329999923706055, "352": 10.329999923706055, "353": 10.329999923706055, "354": 10.329999923706055, "355": 10.329999923706055, "356": 10.329999923706055, "357": 10.329999923706055, "358": 10.270999908447266, "359": 10.270999908447266, "360": 10.3100004196167, "361": 10.3100004196167, "362": 10.3100004196167, "363": 10.3100004196167, "364": 10.3100004196167, "365": 10.3100004196167, "366": 10.3100004196167, "367": 10.3100004196167, "368": 10.3100004196167, "369": 10.329999923706055, "370": 10.479999542236328, "371": 10.34000015258789, "372": 10.34000015258789, "373": 10.402999877929688, "374": 10.319999694824219, "375": 10.319999694824219, "376": 10.270000457763672, "377": 10.270000457763672, "378": 10.270000457763672, "379": 10.270000457763672, "380": 10.3100004196167, "381": 10.350000381469727, "382": 10.324999809265137, "383": 10.324999809265137, "384": 10.34000015258789, "385": 10.34000015258789, "386": 10.350000381469727}, "high": {"0": 10.0, "1": 9.850000381469727, "2": 9.819999694824219, "3": 10.779999732971191, "4": 10.029999732971191, "5": 10.0, "6": 9.9399995803833, "7": 9.90999984741211, "8": 10.260000228881836, "9": 9.84000015258789, "10": 9.899999618530273, "11": 9.899999618530273, "12": 9.84000015258789, "13": 9.850000381469727, "14": 9.880000114440918, "15": 9.869999885559082, "16": 9.989999771118164, "17": 9.899999618530273, "18": 10.0, "19": 9.890000343322754, "20": 9.890000343322754, "21": 9.899999618530273, "22": 9.90999984741211, "23": 9.90999984741211, "24": 9.90999984741211, "25": 9.869999885559082, "26": 9.899999618530273, "27": 9.890000343322754, "28": 9.869999885559082, "29": 9.800000190734863, "30": 9.84000015258789, "31": 9.845000267028809, "32": 9.850000381469727, "33": 9.829999923706055, "34": 9.970000267028809, "35": 9.949999809265137, "36": 9.90999984741211, "37": 9.880000114440918, "38": 9.930000305175781, "39": 9.930000305175781, "40": 9.829999923706055, "41": 9.84000015258789, "42": 9.84000015258789, "43": 9.84000015258789, "44": 9.84000015258789, "45": 9.84000015258789, "46": 9.829999923706055, "47": 9.881999969482422, "48": 9.850000381469727, "49": 9.850000381469727, "50": 9.850000381469727, "51": 9.850000381469727, "52": 9.850000381469727, "53": 9.979999542236328, "54": 9.920000076293945, "55": 9.899999618530273, "56": 9.899999618530273, "57": 9.899999618530273, "58": 9.90999984741211, "59": 9.90999984741211, "60": 9.90999984741211, "61": 9.920000076293945, "62": 9.9350004196167, "63": 9.9350004196167, "64": 9.920000076293945, "65": 9.90999984741211, "66": 9.920000076293945, "67": 9.9399995803833, "68": 9.9399995803833, "69": 9.9399995803833, "70": 9.930000305175781, "71": 9.930000305175781, "72": 9.930000305175781, "73": 9.930000305175781, "74": 9.930000305175781, "75": 9.949999809265137, "76": 9.920000076293945, "77": 9.90999984741211, "78": 9.90999984741211, "79": 9.9399995803833, "80": 9.9399995803833, "81": 9.9399995803833, "82": 9.9399995803833, "83": 9.9399995803833, "84": 9.9399995803833, "85": 9.9399995803833, "86": 9.9399995803833, "87": 9.989999771118164, "88": 9.960000038146973, "89": 9.960000038146973, "90": 9.960000038146973, "91": 9.989999771118164, "92": 9.989999771118164, "93": 9.949999809265137, "94": 9.949999809265137, "95": 9.949999809265137, "96": 9.970000267028809, "97": 9.970000267028809, "98": 9.960000038146973, "99": 9.960000038146973, "100": 9.960000038146973, "101": 9.960000038146973, "102": 9.960000038146973, "103": 9.960000038146973, "104": 9.9399995803833, "105": 9.9399995803833, "106": 9.9399995803833, "107": 9.880000114440918, "108": 9.880000114440918, "109": 9.899999618530273, "110": 9.979999542236328, "111": 9.979999542236328, "112": 9.9399995803833, "113": 9.9399995803833, "114": 9.930000305175781, "115": 9.914999961853027, "116": 9.920000076293945, "117": 9.949999809265137, "118": 9.949999809265137, "119": 9.949999809265137, "120": 9.949999809265137, "121": 9.930000305175781, "122": 9.930000305175781, "123": 9.9399995803833, "124": 9.9399995803833, "125": 9.9399995803833, "126": 9.930000305175781, "127": 9.920000076293945, "128": 9.930000305175781, "129": 9.920000076293945, "130": 9.9399995803833, "131": 9.920000076293945, "132": 9.920000076293945, "133": 9.970000267028809, "134": 9.9399995803833, "135": 9.9399995803833, "136": 9.9399995803833, "137": 9.9399995803833, "138": 9.930000305175781, "139": 9.944999694824219, "140": 9.9399995803833, "141": 9.9399995803833, "142": 9.960000038146973, "143": 9.970000267028809, "144": 9.979999542236328, "145": 9.979999542236328, "146": 9.960000038146973, "147": 9.960000038146973, "148": 9.960000038146973, "149": 9.960000038146973, "150": 9.960000038146973, "151": 9.970000267028809, "152": 9.979999542236328, "153": 9.979999542236328, "154": 9.970000267028809, "155": 9.970000267028809, "156": 9.989999771118164, "157": 9.979999542236328, "158": 9.979999542236328, "159": 10.0, "160": 10.0, "161": 10.0, "162": 10.0, "163": 10.0, "164": 9.979999542236328, "165": 9.979999542236328, "166": 10.0, "167": 10.0, "168": 10.0, "169": 10.0, "170": 10.0, "171": 10.0, "172": 9.960000038146973, "173": 9.979999542236328, "174": 10.0, "175": 9.984999656677246, "176": 9.979999542236328, "177": 9.979999542236328, "178": 9.960000038146973, "179": 9.960000038146973, "180": 9.960000038146973, "181": 9.960000038146973, "182": 9.960000038146973, "183": 9.979999542236328, "184": 9.979999542236328, "185": 9.984999656677246, "186": 9.979999542236328, "187": 9.979999542236328, "188": 9.989999771118164, "189": 9.979999542236328, "190": 9.979999542236328, "191": 9.984999656677246, "192": 9.984999656677246, "193": 9.984999656677246, "194": 9.979999542236328, "195": 9.989999771118164, "196": 10.010000228881836, "197": 10.010000228881836, "198": 10.020000457763672, "199": 10.039999961853027, "200": 10.029999732971191, "201": 10.029999732971191, "202": 10.010000228881836, "203": 10.0, "204": 9.979999542236328, "205": 9.989999771118164, "206": 9.979999542236328, "207": 9.979999542236328, "208": 9.989999771118164, "209": 9.989999771118164, "210": 9.989999771118164, "211": 9.989999771118164, "212": 10.0, "213": 10.015000343322754, "214": 10.020000457763672, "215": 10.015000343322754, "216": 10.029999732971191, "217": 10.029999732971191, "218": 10.050000190734863, "219": 10.050000190734863, "220": 10.069999694824219, "221": 10.020000457763672, "222": 10.038000106811523, "223": 10.050000190734863, "224": 10.050000190734863, "225": 10.0600004196167, "226": 10.0600004196167, "227": 10.0600004196167, "228": 10.0600004196167, "229": 10.0600004196167, "230": 10.055000305175781, "231": 10.055000305175781, "232": 10.0600004196167, "233": 10.0600004196167, "234": 10.09000015258789, "235": 10.079999923706055, "236": 10.079999923706055, "237": 10.079999923706055, "238": 10.109999656677246, "239": 10.100000381469727, "240": 10.100000381469727, "241": 10.109999656677246, "242": 10.119999885559082, "243": 10.119999885559082, "244": 10.140000343322754, "245": 10.109999656677246, "246": 10.149999618530273, "247": 10.154999732971191, "248": 10.15999984741211, "249": 10.154999732971191, "250": 10.154999732971191, "251": 10.149999618530273, "252": 10.149999618530273, "253": 10.149999618530273, "254": 10.149999618530273, "255": 10.180000305175781, "256": 10.154999732971191, "257": 10.149999618530273, "258": 10.149999618530273, "259": 10.149999618530273, "260": 10.149999618530273, "261": 10.170000076293945, "262": 10.199999809265137, "263": 10.170000076293945, "264": 10.170000076293945, "265": 10.170000076293945, "266": 10.239999771118164, "267": 10.220000267028809, "268": 10.220000267028809, "269": 10.220000267028809, "270": 10.234999656677246, "271": 10.25, "272": 10.25, "273": 10.239999771118164, "274": 10.25, "275": 10.255000114440918, "276": 10.260000228881836, "277": 10.260000228881836, "278": 10.270000457763672, "279": 10.25, "280": 10.270000457763672, "281": 10.270000457763672, "282": 10.270000457763672, "283": 10.270000457763672, "284": 10.279999732971191, "285": 10.279999732971191, "286": 10.265000343322754, "287": 10.279999732971191, "288": 10.28499984741211, "289": 10.300000190734863, "290": 10.300000190734863, "291": 10.305000305175781, "292": 10.305000305175781, "293": 10.289999961853027, "294": 10.3100004196167, "295": 10.305000305175781, "296": 10.3100004196167, "297": 10.3100004196167, "298": 10.305000305175781, "299": 10.305000305175781, "300": 10.319999694824219, "301": 10.3149995803833, "302": 10.3149995803833, "303": 10.3149995803833, "304": 10.3149995803833, "305": 10.345000267028809, "306": 10.399999618530273, "307": 10.34000015258789, "308": 10.350000381469727, "309": 10.350000381469727, "310": 10.369999885559082, "311": 10.359999656677246, "312": 10.350000381469727, "313": 10.359999656677246, "314": 10.350000381469727, "315": 10.350000381469727, "316": 10.350000381469727, "317": 10.354999542236328, "318": 10.359999656677246, "319": 10.369999885559082, "320": 10.359999656677246, "321": 10.359999656677246, "322": 10.380000114440918, "323": 10.369999885559082, "324": 10.369999885559082, "325": 10.380000114440918, "326": 10.375, "327": 10.375, "328": 10.380000114440918, "329": 10.385000228881836, "330": 10.40999984741211, "331": 10.390000343322754, "332": 10.369999885559082, "333": 10.369999885559082, "334": 10.380000114440918, "335": 10.380000114440918, "336": 10.399999618530273, "337": 10.369999885559082, "338": 10.380000114440918, "339": 10.399999618530273, "340": 10.390000343322754, "341": 10.468999862670898, "342": 10.399999618530273, "343": 10.800000190734863, "344": 10.460000038146973, "345": 10.40999984741211, "346": 10.329999923706055, "347": 10.260000228881836, "348": 10.300000190734863, "349": 10.300000190734863, "350": 10.329999923706055, "351": 10.329999923706055, "352": 10.329999923706055, "353": 10.329999923706055, "354": 10.329999923706055, "355": 10.329999923706055, "356": 10.329999923706055, "357": 10.329999923706055, "358": 10.270999908447266, "359": 10.270999908447266, "360": 10.3100004196167, "361": 10.3100004196167, "362": 10.3100004196167, "363": 10.3100004196167, "364": 10.3100004196167, "365": 10.3100004196167, "366": 10.3100004196167, "367": 10.3100004196167, "368": 10.3100004196167, "369": 10.649999618530273, "370": 10.479999542236328, "371": 10.34000015258789, "372": 10.350000381469727, "373": 10.449999809265137, "374": 10.319999694824219, "375": 10.319999694824219, "376": 10.270000457763672, "377": 10.270000457763672, "378": 10.270000457763672, "379": 10.270000457763672, "380": 10.319999694824219, "381": 10.350000381469727, "382": 10.324999809265137, "383": 10.324999809265137, "384": 10.34000015258789, "385": 10.34000015258789, "386": 10.350000381469727}, "low": {"0": 10.0, "1": 9.800000190734863, "2": 9.819999694824219, "3": 9.805000305175781, "4": 9.829999923706055, "5": 3.8499999046325684, "6": 9.890000343322754, "7": 9.890000343322754, "8": 9.949999809265137, "9": 9.84000015258789, "10": 9.819999694824219, "11": 9.899999618530273, "12": 9.8100004196167, "13": 9.84000015258789, "14": 9.829999923706055, "15": 9.869999885559082, "16": 9.989999771118164, "17": 9.890000343322754, "18": 9.880000114440918, "19": 9.890000343322754, "20": 9.890000343322754, "21": 9.880000114440918, "22": 9.869999885559082, "23": 9.90999984741211, "24": 9.760000228881836, "25": 9.850000381469727, "26": 9.890000343322754, "27": 9.890000343322754, "28": 9.800000190734863, "29": 9.800000190734863, "30": 9.800000190734863, "31": 9.829999923706055, "32": 9.800000190734863, "33": 9.829999923706055, "34": 9.84000015258789, "35": 9.84000015258789, "36": 9.885000228881836, "37": 9.850000381469727, "38": 9.819999694824219, "39": 9.930000305175781, "40": 9.829999923706055, "41": 9.84000015258789, "42": 9.84000015258789, "43": 9.84000015258789, "44": 9.84000015258789, "45": 9.84000015258789, "46": 9.829999923706055, "47": 9.829999923706055, "48": 9.850000381469727, "49": 9.850000381469727, "50": 9.850000381469727, "51": 9.850000381469727, "52": 9.829999923706055, "53": 9.850000381469727, "54": 9.920000076293945, "55": 9.899999618530273, "56": 9.899999618530273, "57": 9.899999618530273, "58": 9.90999984741211, "59": 9.90999984741211, "60": 9.90999984741211, "61": 9.920000076293945, "62": 9.9350004196167, "63": 9.9350004196167, "64": 9.890000343322754, "65": 9.90999984741211, "66": 9.90999984741211, "67": 9.920000076293945, "68": 9.9399995803833, "69": 9.9399995803833, "70": 9.930000305175781, "71": 9.930000305175781, "72": 9.930000305175781, "73": 9.930000305175781, "74": 9.930000305175781, "75": 9.90999984741211, "76": 9.920000076293945, "77": 9.90999984741211, "78": 9.90999984741211, "79": 9.90999984741211, "80": 9.9399995803833, "81": 9.9399995803833, "82": 9.930000305175781, "83": 9.930000305175781, "84": 9.930000305175781, "85": 9.930000305175781, "86": 9.930000305175781, "87": 9.989999771118164, "88": 9.9399995803833, "89": 9.960000038146973, "90": 9.960000038146973, "91": 9.989999771118164, "92": 9.989999771118164, "93": 9.9399995803833, "94": 9.9399995803833, "95": 9.949999809265137, "96": 9.949999809265137, "97": 9.970000267028809, "98": 9.949999809265137, "99": 9.960000038146973, "100": 9.960000038146973, "101": 9.960000038146973, "102": 9.960000038146973, "103": 9.960000038146973, "104": 9.90999984741211, "105": 9.9399995803833, "106": 9.880000114440918, "107": 9.880000114440918, "108": 9.880000114440918, "109": 9.880000114440918, "110": 9.880000114440918, "111": 9.979999542236328, "112": 9.890000343322754, "113": 9.9399995803833, "114": 9.890000343322754, "115": 9.90999984741211, "116": 9.920000076293945, "117": 9.949999809265137, "118": 9.949999809265137, "119": 9.949999809265137, "120": 9.949999809265137, "121": 9.920000076293945, "122": 9.930000305175781, "123": 9.9399995803833, "124": 9.9399995803833, "125": 9.9399995803833, "126": 9.920000076293945, "127": 9.920000076293945, "128": 9.920000076293945, "129": 9.920000076293945, "130": 9.9399995803833, "131": 9.920000076293945, "132": 9.920000076293945, "133": 9.930000305175781, "134": 9.930000305175781, "135": 9.9399995803833, "136": 9.9399995803833, "137": 9.930000305175781, "138": 9.930000305175781, "139": 9.944999694824219, "140": 9.9399995803833, "141": 9.9399995803833, "142": 9.9399995803833, "143": 9.970000267028809, "144": 9.979999542236328, "145": 9.949999809265137, "146": 9.9399995803833, "147": 9.960000038146973, "148": 9.960000038146973, "149": 9.960000038146973, "150": 9.960000038146973, "151": 9.970000267028809, "152": 9.960000038146973, "153": 9.970000267028809, "154": 9.970000267028809, "155": 9.970000267028809, "156": 9.989999771118164, "157": 9.979999542236328, "158": 9.979999542236328, "159": 9.989999771118164, "160": 10.0, "161": 10.0, "162": 10.0, "163": 10.0, "164": 9.979999542236328, "165": 9.979999542236328, "166": 10.0, "167": 10.0, "168": 9.979999542236328, "169": 10.0, "170": 9.989999771118164, "171": 10.0, "172": 9.960000038146973, "173": 9.979999542236328, "174": 9.979999542236328, "175": 9.984999656677246, "176": 9.979999542236328, "177": 9.979999542236328, "178": 9.960000038146973, "179": 9.960000038146973, "180": 9.960000038146973, "181": 9.960000038146973, "182": 9.960000038146973, "183": 9.979999542236328, "184": 9.979999542236328, "185": 9.970000267028809, "186": 9.979999542236328, "187": 9.979999542236328, "188": 9.989999771118164, "189": 9.970000267028809, "190": 9.970000267028809, "191": 9.949999809265137, "192": 9.960000038146973, "193": 9.984999656677246, "194": 9.979999542236328, "195": 9.989999771118164, "196": 9.989999771118164, "197": 9.979999542236328, "198": 10.010000228881836, "199": 10.020000457763672, "200": 10.029999732971191, "201": 10.029999732971191, "202": 10.0, "203": 10.0, "204": 9.979999542236328, "205": 9.989999771118164, "206": 9.979999542236328, "207": 9.979999542236328, "208": 9.960000038146973, "209": 9.989999771118164, "210": 9.989999771118164, "211": 9.989999771118164, "212": 10.0, "213": 9.989999771118164, "214": 10.015000343322754, "215": 10.015000343322754, "216": 10.010000228881836, "217": 10.029999732971191, "218": 10.039999961853027, "219": 10.039999961853027, "220": 10.050000190734863, "221": 10.020000457763672, "222": 10.038000106811523, "223": 10.039999961853027, "224": 10.050000190734863, "225": 10.050000190734863, "226": 10.0600004196167, "227": 10.0600004196167, "228": 10.050000190734863, "229": 10.0600004196167, "230": 10.055000305175781, "231": 10.055000305175781, "232": 10.050000190734863, "233": 10.0600004196167, "234": 10.079999923706055, "235": 10.079999923706055, "236": 10.079999923706055, "237": 10.079999923706055, "238": 10.100000381469727, "239": 10.100000381469727, "240": 10.100000381469727, "241": 10.085000038146973, "242": 10.119999885559082, "243": 10.119999885559082, "244": 10.119999885559082, "245": 10.109999656677246, "246": 10.140000343322754, "247": 10.149999618530273, "248": 10.149999618530273, "249": 10.154999732971191, "250": 10.145000457763672, "251": 10.149999618530273, "252": 10.149999618530273, "253": 10.149999618530273, "254": 10.149999618530273, "255": 10.180000305175781, "256": 10.149999618530273, "257": 10.140000343322754, "258": 10.149999618530273, "259": 10.149999618530273, "260": 10.149999618530273, "261": 10.154999732971191, "262": 10.180000305175781, "263": 10.170000076293945, "264": 10.170000076293945, "265": 10.170000076293945, "266": 10.220000267028809, "267": 10.220000267028809, "268": 10.199999809265137, "269": 10.220000267028809, "270": 10.210000038146973, "271": 10.220000267028809, "272": 10.234999656677246, "273": 10.239999771118164, "274": 10.25, "275": 10.25, "276": 10.25, "277": 10.260000228881836, "278": 10.25, "279": 10.25, "280": 10.239999771118164, "281": 10.270000457763672, "282": 10.260000228881836, "283": 10.255000114440918, "284": 10.274999618530273, "285": 10.279999732971191, "286": 10.265000343322754, "287": 10.279999732971191, "288": 10.279999732971191, "289": 10.28499984741211, "290": 10.300000190734863, "291": 10.295000076293945, "292": 10.300000190734863, "293": 10.289999961853027, "294": 10.289999961853027, "295": 10.305000305175781, "296": 10.300000190734863, "297": 10.3100004196167, "298": 10.305000305175781, "299": 10.305000305175781, "300": 10.3100004196167, "301": 10.3149995803833, "302": 10.3149995803833, "303": 10.3149995803833, "304": 10.3149995803833, "305": 10.329999923706055, "306": 10.329999923706055, "307": 10.34000015258789, "308": 10.34000015258789, "309": 10.350000381469727, "310": 10.350000381469727, "311": 10.350000381469727, "312": 10.350000381469727, "313": 10.350000381469727, "314": 10.350000381469727, "315": 10.350000381469727, "316": 10.350000381469727, "317": 10.350000381469727, "318": 10.350000381469727, "319": 10.354999542236328, "320": 10.359999656677246, "321": 10.350000381469727, "322": 10.359999656677246, "323": 10.359999656677246, "324": 10.369999885559082, "325": 10.380000114440918, "326": 10.375, "327": 10.369999885559082, "328": 10.375, "329": 10.369999885559082, "330": 10.369999885559082, "331": 10.369999885559082, "332": 10.369999885559082, "333": 10.369999885559082, "334": 10.380000114440918, "335": 10.380000114440918, "336": 10.369999885559082, "337": 10.369999885559082, "338": 10.380000114440918, "339": 10.369999885559082, "340": 10.369999885559082, "341": 10.25, "342": 10.319999694824219, "343": 10.329999923706055, "344": 10.25, "345": 10.260000228881836, "346": 10.21399974822998, "347": 10.15999984741211, "348": 10.289999961853027, "349": 10.300000190734863, "350": 10.329999923706055, "351": 10.329999923706055, "352": 10.329999923706055, "353": 10.329999923706055, "354": 10.329999923706055, "355": 10.329999923706055, "356": 10.329999923706055, "357": 10.329999923706055, "358": 10.270999908447266, "359": 10.270999908447266, "360": 10.3100004196167, "361": 10.3100004196167, "362": 10.3100004196167, "363": 10.3100004196167, "364": 10.3100004196167, "365": 10.3100004196167, "366": 10.3100004196167, "367": 10.3100004196167, "368": 10.3100004196167, "369": 10.319999694824219, "370": 10.364999771118164, "371": 10.335000038146973, "372": 10.329999923706055, "373": 10.319999694824219, "374": 10.319999694824219, "375": 10.270000457763672, "376": 10.270000457763672, "377": 10.270000457763672, "378": 10.270000457763672, "379": 10.270000457763672, "380": 10.270000457763672, "381": 10.324999809265137, "382": 10.324999809265137, "383": 10.324999809265137, "384": 10.335000038146973, "385": 10.34000015258789, "386": 10.350000381469727}, "close": {"0": 10.0, "1": 9.819999694824219, "2": 9.819999694824219, "3": 9.833000183105469, "4": 10.029999732971191, "5": 9.899999618530273, "6": 9.890000343322754, "7": 9.890000343322754, "8": 10.149999618530273, "9": 9.84000015258789, "10": 9.899999618530273, "11": 9.899999618530273, "12": 9.84000015258789, "13": 9.850000381469727, "14": 9.880000114440918, "15": 9.869999885559082, "16": 9.989999771118164, "17": 9.899999618530273, "18": 10.0, "19": 9.890000343322754, "20": 9.890000343322754, "21": 9.899999618530273, "22": 9.90999984741211, "23": 9.90999984741211, "24": 9.854999542236328, "25": 9.850000381469727, "26": 9.890000343322754, "27": 9.890000343322754, "28": 9.800000190734863, "29": 9.800000190734863, "30": 9.84000015258789, "31": 9.84000015258789, "32": 9.819999694824219, "33": 9.829999923706055, "34": 9.930000305175781, "35": 9.859999656677246, "36": 9.90999984741211, "37": 9.850000381469727, "38": 9.930000305175781, "39": 9.930000305175781, "40": 9.829999923706055, "41": 9.84000015258789, "42": 9.84000015258789, "43": 9.84000015258789, "44": 9.84000015258789, "45": 9.84000015258789, "46": 9.829999923706055, "47": 9.84000015258789, "48": 9.850000381469727, "49": 9.850000381469727, "50": 9.850000381469727, "51": 9.850000381469727, "52": 9.829999923706055, "53": 9.90999984741211, "54": 9.920000076293945, "55": 9.899999618530273, "56": 9.899999618530273, "57": 9.899999618530273, "58": 9.90999984741211, "59": 9.90999984741211, "60": 9.90999984741211, "61": 9.920000076293945, "62": 9.9350004196167, "63": 9.9350004196167, "64": 9.890000343322754, "65": 9.90999984741211, "66": 9.90999984741211, "67": 9.9399995803833, "68": 9.9399995803833, "69": 9.9399995803833, "70": 9.930000305175781, "71": 9.930000305175781, "72": 9.930000305175781, "73": 9.930000305175781, "74": 9.930000305175781, "75": 9.949999809265137, "76": 9.920000076293945, "77": 9.90999984741211, "78": 9.90999984741211, "79": 9.9399995803833, "80": 9.9399995803833, "81": 9.9399995803833, "82": 9.930000305175781, "83": 9.9399995803833, "84": 9.930000305175781, "85": 9.9399995803833, "86": 9.930000305175781, "87": 9.989999771118164, "88": 9.960000038146973, "89": 9.960000038146973, "90": 9.960000038146973, "91": 9.989999771118164, "92": 9.989999771118164, "93": 9.9399995803833, "94": 9.949999809265137, "95": 9.949999809265137, "96": 9.970000267028809, "97": 9.970000267028809, "98": 9.960000038146973, "99": 9.960000038146973, "100": 9.960000038146973, "101": 9.960000038146973, "102": 9.960000038146973, "103": 9.960000038146973, "104": 9.9399995803833, "105": 9.9399995803833, "106": 9.880000114440918, "107": 9.880000114440918, "108": 9.880000114440918, "109": 9.880000114440918, "110": 9.979999542236328, "111": 9.979999542236328, "112": 9.9399995803833, "113": 9.9399995803833, "114": 9.899999618530273, "115": 9.90999984741211, "116": 9.920000076293945, "117": 9.949999809265137, "118": 9.949999809265137, "119": 9.949999809265137, "120": 9.949999809265137, "121": 9.920000076293945, "122": 9.930000305175781, "123": 9.9399995803833, "124": 9.9399995803833, "125": 9.9399995803833, "126": 9.920000076293945, "127": 9.920000076293945, "128": 9.920000076293945, "129": 9.920000076293945, "130": 9.9399995803833, "131": 9.920000076293945, "132": 9.920000076293945, "133": 9.930000305175781, "134": 9.9399995803833, "135": 9.9399995803833, "136": 9.9399995803833, "137": 9.930000305175781, "138": 9.930000305175781, "139": 9.944999694824219, "140": 9.9399995803833, "141": 9.9399995803833, "142": 9.960000038146973, "143": 9.970000267028809, "144": 9.979999542236328, "145": 9.979999542236328, "146": 9.960000038146973, "147": 9.960000038146973, "148": 9.960000038146973, "149": 9.960000038146973, "150": 9.960000038146973, "151": 9.970000267028809, "152": 9.970000267028809, "153": 9.970000267028809, "154": 9.970000267028809, "155": 9.970000267028809, "156": 9.989999771118164, "157": 9.979999542236328, "158": 9.979999542236328, "159": 10.0, "160": 10.0, "161": 10.0, "162": 10.0, "163": 10.0, "164": 9.979999542236328, "165": 9.979999542236328, "166": 10.0, "167": 10.0, "168": 10.0, "169": 10.0, "170": 9.994999885559082, "171": 10.0, "172": 9.960000038146973, "173": 9.979999542236328, "174": 9.989999771118164, "175": 9.984999656677246, "176": 9.979999542236328, "177": 9.979999542236328, "178": 9.960000038146973, "179": 9.960000038146973, "180": 9.960000038146973, "181": 9.960000038146973, "182": 9.960000038146973, "183": 9.979999542236328, "184": 9.979999542236328, "185": 9.979999542236328, "186": 9.979999542236328, "187": 9.979999542236328, "188": 9.989999771118164, "189": 9.979999542236328, "190": 9.979999542236328, "191": 9.970000267028809, "192": 9.984999656677246, "193": 9.984999656677246, "194": 9.979999542236328, "195": 9.989999771118164, "196": 10.010000228881836, "197": 10.005000114440918, "198": 10.010000228881836, "199": 10.029999732971191, "200": 10.029999732971191, "201": 10.029999732971191, "202": 10.0, "203": 10.0, "204": 9.979999542236328, "205": 9.989999771118164, "206": 9.979999542236328, "207": 9.979999542236328, "208": 9.989999771118164, "209": 9.989999771118164, "210": 9.989999771118164, "211": 9.989999771118164, "212": 10.0, "213": 9.989999771118164, "214": 10.015000343322754, "215": 10.015000343322754, "216": 10.029999732971191, "217": 10.029999732971191, "218": 10.050000190734863, "219": 10.050000190734863, "220": 10.069999694824219, "221": 10.020000457763672, "222": 10.038000106811523, "223": 10.050000190734863, "224": 10.050000190734863, "225": 10.0600004196167, "226": 10.0600004196167, "227": 10.0600004196167, "228": 10.0600004196167, "229": 10.0600004196167, "230": 10.055000305175781, "231": 10.055000305175781, "232": 10.0600004196167, "233": 10.0600004196167, "234": 10.09000015258789, "235": 10.079999923706055, "236": 10.079999923706055, "237": 10.079999923706055, "238": 10.109999656677246, "239": 10.100000381469727, "240": 10.100000381469727, "241": 10.109999656677246, "242": 10.119999885559082, "243": 10.119999885559082, "244": 10.140000343322754, "245": 10.109999656677246, "246": 10.140000343322754, "247": 10.154999732971191, "248": 10.154999732971191, "249": 10.154999732971191, "250": 10.149999618530273, "251": 10.149999618530273, "252": 10.149999618530273, "253": 10.149999618530273, "254": 10.149999618530273, "255": 10.180000305175781, "256": 10.154999732971191, "257": 10.149999618530273, "258": 10.149999618530273, "259": 10.149999618530273, "260": 10.149999618530273, "261": 10.170000076293945, "262": 10.199999809265137, "263": 10.170000076293945, "264": 10.170000076293945, "265": 10.170000076293945, "266": 10.239999771118164, "267": 10.220000267028809, "268": 10.220000267028809, "269": 10.220000267028809, "270": 10.234999656677246, "271": 10.244999885559082, "272": 10.25, "273": 10.239999771118164, "274": 10.25, "275": 10.255000114440918, "276": 10.260000228881836, "277": 10.260000228881836, "278": 10.25, "279": 10.25, "280": 10.270000457763672, "281": 10.270000457763672, "282": 10.260000228881836, "283": 10.270000457763672, "284": 10.279999732971191, "285": 10.279999732971191, "286": 10.265000343322754, "287": 10.279999732971191, "288": 10.279999732971191, "289": 10.300000190734863, "290": 10.300000190734863, "291": 10.300000190734863, "292": 10.300000190734863, "293": 10.289999961853027, "294": 10.305000305175781, "295": 10.305000305175781, "296": 10.3100004196167, "297": 10.3100004196167, "298": 10.305000305175781, "299": 10.305000305175781, "300": 10.3149995803833, "301": 10.3149995803833, "302": 10.3149995803833, "303": 10.3149995803833, "304": 10.3149995803833, "305": 10.345000267028809, "306": 10.34000015258789, "307": 10.34000015258789, "308": 10.350000381469727, "309": 10.350000381469727, "310": 10.350000381469727, "311": 10.359999656677246, "312": 10.350000381469727, "313": 10.350000381469727, "314": 10.350000381469727, "315": 10.350000381469727, "316": 10.350000381469727, "317": 10.350000381469727, "318": 10.359999656677246, "319": 10.359999656677246, "320": 10.359999656677246, "321": 10.354999542236328, "322": 10.380000114440918, "323": 10.369999885559082, "324": 10.369999885559082, "325": 10.380000114440918, "326": 10.375, "327": 10.369999885559082, "328": 10.380000114440918, "329": 10.369999885559082, "330": 10.369999885559082, "331": 10.369999885559082, "332": 10.369999885559082, "333": 10.369999885559082, "334": 10.380000114440918, "335": 10.380000114440918, "336": 10.369999885559082, "337": 10.369999885559082, "338": 10.380000114440918, "339": 10.390000343322754, "340": 10.390000343322754, "341": 10.329999923706055, "342": 10.329999923706055, "343": 10.329999923706055, "344": 10.270000457763672, "345": 10.260000228881836, "346": 10.300000190734863, "347": 10.260000228881836, "348": 10.300000190734863, "349": 10.300000190734863, "350": 10.329999923706055, "351": 10.329999923706055, "352": 10.329999923706055, "353": 10.329999923706055, "354": 10.329999923706055, "355": 10.329999923706055, "356": 10.329999923706055, "357": 10.329999923706055, "358": 10.270999908447266, "359": 10.270999908447266, "360": 10.3100004196167, "361": 10.3100004196167, "362": 10.3100004196167, "363": 10.3100004196167, "364": 10.3100004196167, "365": 10.3100004196167, "366": 10.3100004196167, "367": 10.3100004196167, "368": 10.3100004196167, "369": 10.329999923706055, "370": 10.399999618530273, "371": 10.34000015258789, "372": 10.329999923706055, "373": 10.319999694824219, "374": 10.319999694824219, "375": 10.270000457763672, "376": 10.270000457763672, "377": 10.270000457763672, "378": 10.270000457763672, "379": 10.270000457763672, "380": 10.319999694824219, "381": 10.324999809265137, "382": 10.324999809265137, "383": 10.324999809265137, "384": 10.34000015258789, "385": 10.34000015258789, "386": 10.350000381469727}, "volume": {"0": 100, "1": 709000, "2": 100, "3": 4800, "4": 17700, "5": 29200, "6": 2400, "7": 900, "8": 3200, "9": 400, "10": 6100, "11": 0, "12": 800, "13": 2000, "14": 90400, "15": 100, "16": 200, "17": 53800, "18": 1900, "19": 1500, "20": 4900, "21": 6700, "22": 312100, "23": 0, "24": 54900, "25": 7300, "26": 1800, "27": 200, "28": 5200, "29": 0, "30": 34400, "31": 30900, "32": 3100, "33": 9300, "34": 18900, "35": 19800, "36": 1300, "37": 2500, "38": 7400, "39": 0, "40": 1800, "41": 100500, "42": 100, "43": 0, "44": 0, "45": 0, "46": 2500, "47": 2200, "48": 100, "49": 0, "50": 0, "51": 0, "52": 41000, "53": 8400, "54": 526600, "55": 5000, "56": 0, "57": 0, "58": 400, "59": 4900, "60": 0, "61": 6900, "62": 250000, "63": 0, "64": 23000, "65": 17600, "66": 6700, "67": 7700, "68": 0, "69": 0, "70": 1700, "71": 100, "72": 0, "73": 100, "74": 181800, "75": 125300, "76": 115000, "77": 7000, "78": 7800, "79": 9900, "80": 0, "81": 250000, "82": 103000, "83": 238400, "84": 639600, "85": 250300, "86": 52800, "87": 4000, "88": 18900, "89": 0, "90": 0, "91": 5600, "92": 250000, "93": 26300, "94": 4300, "95": 13300, "96": 8600, "97": 0, "98": 50800, "99": 0, "100": 0, "101": 0, "102": 0, "103": 0, "104": 400, "105": 83400, "106": 188900, "107": 0, "108": 0, "109": 100400, "110": 317300, "111": 0, "112": 53600, "113": 0, "114": 180100, "115": 12200, "116": 5100, "117": 2000, "118": 0, "119": 0, "120": 0, "121": 1100, "122": 1800, "123": 400, "124": 100, "125": 0, "126": 105000, "127": 0, "128": 55900, "129": 0, "130": 200, "131": 200, "132": 0, "133": 101700, "134": 600, "135": 0, "136": 0, "137": 364500, "138": 200, "139": 165400, "140": 12800, "141": 200, "142": 136500, "143": 200, "144": 100, "145": 200, "146": 46100, "147": 28200, "148": 0, "149": 0, "150": 8100, "151": 300, "152": 75800, "153": 122600, "154": 0, "155": 265500, "156": 200, "157": 667900, "158": 50100, "159": 50300, "160": 5300, "161": 0, "162": 0, "163": 0, "164": 95600, "165": 100, "166": 300, "167": 0, "168": 101500, "169": 200, "170": 750300, "171": 200000, "172": 200, "173": 400, "174": 1258500, "175": 200, "176": 12500, "177": 0, "178": 100, "179": 0, "180": 0, "181": 0, "182": 0, "183": 400, "184": 0, "185": 11900, "186": 0, "187": 0, "188": 300, "189": 5800, "190": 1700, "191": 700, "192": 200, "193": 0, "194": 83100, "195": 200, "196": 144600, "197": 37900, "198": 16700, "199": 61800, "200": 0, "201": 34900, "202": 3100, "203": 36900, "204": 33500, "205": 3800, "206": 100, "207": 0, "208": 56100, "209": 0, "210": 100, "211": 0, "212": 700, "213": 15800, "214": 1600, "215": 0, "216": 144400, "217": 0, "218": 43900, "219": 65200, "220": 6500, "221": 5000, "222": 1500, "223": 34500, "224": 200, "225": 11700, "226": 0, "227": 0, "228": 18900, "229": 0, "230": 639900, "231": 220900, "232": 10500, "233": 700, "234": 3900, "235": 400, "236": 0, "237": 0, "238": 11100, "239": 1100, "240": 0, "241": 53600, "242": 3000, "243": 0, "244": 172200, "245": 600, "246": 9400, "247": 161300, "248": 170900, "249": 300, "250": 162300, "251": 7300, "252": 0, "253": 0, "254": 0, "255": 700, "256": 4500, "257": 3700, "258": 0, "259": 227500, "260": 100, "261": 7100, "262": 6400, "263": 200, "264": 100, "265": 0, "266": 6100, "267": 100, "268": 3600, "269": 3800, "270": 4700, "271": 1005300, "272": 3500, "273": 100, "274": 800, "275": 16000, "276": 6700, "277": 2000, "278": 114300, "279": 32700, "280": 19600, "281": 11100, "282": 173900, "283": 252100, "284": 2600, "285": 0, "286": 200, "287": 5500, "288": 52200, "289": 13900, "290": 0, "291": 1082100, "292": 5400, "293": 500, "294": 2800, "295": 0, "296": 631800, "297": 100, "298": 1000, "299": 0, "300": 2900, "301": 0, "302": 0, "303": 0, "304": 0, "305": 12600, "306": 83400, "307": 1800, "308": 94800, "309": 90600, "310": 107000, "311": 5700, "312": 53000, "313": 27200, "314": 1800, "315": 0, "316": 15000, "317": 4700, "318": 24600, "319": 293700, "320": 0, "321": 986300, "322": 6600, "323": 8500, "324": 0, "325": 300, "326": 149800, "327": 156800, "328": 17100, "329": 18300, "330": 36800, "331": 31800, "332": 26700, "333": 0, "334": 300, "335": 0, "336": 621800, "337": 7600, "338": 106000, "339": 861400, "340": 60800, "341": 54200, "342": 12700, "343": 2500, "344": 510100, "345": 4100, "346": 8500, "347": 7900, "348": 8200, "349": 0, "350": 300, "351": 0, "352": 0, "353": 0, "354": 0, "355": 0, "356": 0, "357": 0, "358": 100, "359": 0, "360": 100, "361": 0, "362": 0, "363": 0, "364": 0, "365": 0, "366": 0, "367": 0, "368": 0, "369": 10000, "370": 2500, "371": 900, "372": 1100, "373": 5100, "374": 0, "375": 1200, "376": 0, "377": 0, "378": 0, "379": 100, "380": 36100, "381": 1400, "382": 0, "383": 0, "384": 2900, "385": 6200, "386": 3300}, "adjclose": {"0": 10.0, "1": 9.819999694824219, "2": 9.819999694824219, "3": 9.833000183105469, "4": 10.029999732971191, "5": 9.899999618530273, "6": 9.890000343322754, "7": 9.890000343322754, "8": 10.149999618530273, "9": 9.84000015258789, "10": 9.899999618530273, "11": 9.899999618530273, "12": 9.84000015258789, "13": 9.850000381469727, "14": 9.880000114440918, "15": 9.869999885559082, "16": 9.989999771118164, "17": 9.899999618530273, "18": 10.0, "19": 9.890000343322754, "20": 9.890000343322754, "21": 9.899999618530273, "22": 9.90999984741211, "23": 9.90999984741211, "24": 9.854999542236328, "25": 9.850000381469727, "26": 9.890000343322754, "27": 9.890000343322754, "28": 9.800000190734863, "29": 9.800000190734863, "30": 9.84000015258789, "31": 9.84000015258789, "32": 9.819999694824219, "33": 9.829999923706055, "34": 9.930000305175781, "35": 9.859999656677246, "36": 9.90999984741211, "37": 9.850000381469727, "38": 9.930000305175781, "39": 9.930000305175781, "40": 9.829999923706055, "41": 9.84000015258789, "42": 9.84000015258789, "43": 9.84000015258789, "44": 9.84000015258789, "45": 9.84000015258789, "46": 9.829999923706055, "47": 9.84000015258789, "48": 9.850000381469727, "49": 9.850000381469727, "50": 9.850000381469727, "51": 9.850000381469727, "52": 9.829999923706055, "53": 9.90999984741211, "54": 9.920000076293945, "55": 9.899999618530273, "56": 9.899999618530273, "57": 9.899999618530273, "58": 9.90999984741211, "59": 9.90999984741211, "60": 9.90999984741211, "61": 9.920000076293945, "62": 9.9350004196167, "63": 9.9350004196167, "64": 9.890000343322754, "65": 9.90999984741211, "66": 9.90999984741211, "67": 9.9399995803833, "68": 9.9399995803833, "69": 9.9399995803833, "70": 9.930000305175781, "71": 9.930000305175781, "72": 9.930000305175781, "73": 9.930000305175781, "74": 9.930000305175781, "75": 9.949999809265137, "76": 9.920000076293945, "77": 9.90999984741211, "78": 9.90999984741211, "79": 9.9399995803833, "80": 9.9399995803833, "81": 9.9399995803833, "82": 9.930000305175781, "83": 9.9399995803833, "84": 9.930000305175781, "85": 9.9399995803833, "86": 9.930000305175781, "87": 9.989999771118164, "88": 9.960000038146973, "89": 9.960000038146973, "90": 9.960000038146973, "91": 9.989999771118164, "92": 9.989999771118164, "93": 9.9399995803833, "94": 9.949999809265137, "95": 9.949999809265137, "96": 9.970000267028809, "97": 9.970000267028809, "98": 9.960000038146973, "99": 9.960000038146973, "100": 9.960000038146973, "101": 9.960000038146973, "102": 9.960000038146973, "103": 9.960000038146973, "104": 9.9399995803833, "105": 9.9399995803833, "106": 9.880000114440918, "107": 9.880000114440918, "108": 9.880000114440918, "109": 9.880000114440918, "110": 9.979999542236328, "111": 9.979999542236328, "112": 9.9399995803833, "113": 9.9399995803833, "114": 9.899999618530273, "115": 9.90999984741211, "116": 9.920000076293945, "117": 9.949999809265137, "118": 9.949999809265137, "119": 9.949999809265137, "120": 9.949999809265137, "121": 9.920000076293945, "122": 9.930000305175781, "123": 9.9399995803833, "124": 9.9399995803833, "125": 9.9399995803833, "126": 9.920000076293945, "127": 9.920000076293945, "128": 9.920000076293945, "129": 9.920000076293945, "130": 9.9399995803833, "131": 9.920000076293945, "132": 9.920000076293945, "133": 9.930000305175781, "134": 9.9399995803833, "135": 9.9399995803833, "136": 9.9399995803833, "137": 9.930000305175781, "138": 9.930000305175781, "139": 9.944999694824219, "140": 9.9399995803833, "141": 9.9399995803833, "142": 9.960000038146973, "143": 9.970000267028809, "144": 9.979999542236328, "145": 9.979999542236328, "146": 9.960000038146973, "147": 9.960000038146973, "148": 9.960000038146973, "149": 9.960000038146973, "150": 9.960000038146973, "151": 9.970000267028809, "152": 9.970000267028809, "153": 9.970000267028809, "154": 9.970000267028809, "155": 9.970000267028809, "156": 9.989999771118164, "157": 9.979999542236328, "158": 9.979999542236328, "159": 10.0, "160": 10.0, "161": 10.0, "162": 10.0, "163": 10.0, "164": 9.979999542236328, "165": 9.979999542236328, "166": 10.0, "167": 10.0, "168": 10.0, "169": 10.0, "170": 9.994999885559082, "171": 10.0, "172": 9.960000038146973, "173": 9.979999542236328, "174": 9.989999771118164, "175": 9.984999656677246, "176": 9.979999542236328, "177": 9.979999542236328, "178": 9.960000038146973, "179": 9.960000038146973, "180": 9.960000038146973, "181": 9.960000038146973, "182": 9.960000038146973, "183": 9.979999542236328, "184": 9.979999542236328, "185": 9.979999542236328, "186": 9.979999542236328, "187": 9.979999542236328, "188": 9.989999771118164, "189": 9.979999542236328, "190": 9.979999542236328, "191": 9.970000267028809, "192": 9.984999656677246, "193": 9.984999656677246, "194": 9.979999542236328, "195": 9.989999771118164, "196": 10.010000228881836, "197": 10.005000114440918, "198": 10.010000228881836, "199": 10.029999732971191, "200": 10.029999732971191, "201": 10.029999732971191, "202": 10.0, "203": 10.0, "204": 9.979999542236328, "205": 9.989999771118164, "206": 9.979999542236328, "207": 9.979999542236328, "208": 9.989999771118164, "209": 9.989999771118164, "210": 9.989999771118164, "211": 9.989999771118164, "212": 10.0, "213": 9.989999771118164, "214": 10.015000343322754, "215": 10.015000343322754, "216": 10.029999732971191, "217": 10.029999732971191, "218": 10.050000190734863, "219": 10.050000190734863, "220": 10.069999694824219, "221": 10.020000457763672, "222": 10.038000106811523, "223": 10.050000190734863, "224": 10.050000190734863, "225": 10.0600004196167, "226": 10.0600004196167, "227": 10.0600004196167, "228": 10.0600004196167, "229": 10.0600004196167, "230": 10.055000305175781, "231": 10.055000305175781, "232": 10.0600004196167, "233": 10.0600004196167, "234": 10.09000015258789, "235": 10.079999923706055, "236": 10.079999923706055, "237": 10.079999923706055, "238": 10.109999656677246, "239": 10.100000381469727, "240": 10.100000381469727, "241": 10.109999656677246, "242": 10.119999885559082, "243": 10.119999885559082, "244": 10.140000343322754, "245": 10.109999656677246, "246": 10.140000343322754, "247": 10.154999732971191, "248": 10.154999732971191, "249": 10.154999732971191, "250": 10.149999618530273, "251": 10.149999618530273, "252": 10.149999618530273, "253": 10.149999618530273, "254": 10.149999618530273, "255": 10.180000305175781, "256": 10.154999732971191, "257": 10.149999618530273, "258": 10.149999618530273, "259": 10.149999618530273, "260": 10.149999618530273, "261": 10.170000076293945, "262": 10.199999809265137, "263": 10.170000076293945, "264": 10.170000076293945, "265": 10.170000076293945, "266": 10.239999771118164, "267": 10.220000267028809, "268": 10.220000267028809, "269": 10.220000267028809, "270": 10.234999656677246, "271": 10.244999885559082, "272": 10.25, "273": 10.239999771118164, "274": 10.25, "275": 10.255000114440918, "276": 10.260000228881836, "277": 10.260000228881836, "278": 10.25, "279": 10.25, "280": 10.270000457763672, "281": 10.270000457763672, "282": 10.260000228881836, "283": 10.270000457763672, "284": 10.279999732971191, "285": 10.279999732971191, "286": 10.265000343322754, "287": 10.279999732971191, "288": 10.279999732971191, "289": 10.300000190734863, "290": 10.300000190734863, "291": 10.300000190734863, "292": 10.300000190734863, "293": 10.289999961853027, "294": 10.305000305175781, "295": 10.305000305175781, "296": 10.3100004196167, "297": 10.3100004196167, "298": 10.305000305175781, "299": 10.305000305175781, "300": 10.3149995803833, "301": 10.3149995803833, "302": 10.3149995803833, "303": 10.3149995803833, "304": 10.3149995803833, "305": 10.345000267028809, "306": 10.34000015258789, "307": 10.34000015258789, "308": 10.350000381469727, "309": 10.350000381469727, "310": 10.350000381469727, "311": 10.359999656677246, "312": 10.350000381469727, "313": 10.350000381469727, "314": 10.350000381469727, "315": 10.350000381469727, "316": 10.350000381469727, "317": 10.350000381469727, "318": 10.359999656677246, "319": 10.359999656677246, "320": 10.359999656677246, "321": 10.354999542236328, "322": 10.380000114440918, "323": 10.369999885559082, "324": 10.369999885559082, "325": 10.380000114440918, "326": 10.375, "327": 10.369999885559082, "328": 10.380000114440918, "329": 10.369999885559082, "330": 10.369999885559082, "331": 10.369999885559082, "332": 10.369999885559082, "333": 10.369999885559082, "334": 10.380000114440918, "335": 10.380000114440918, "336": 10.369999885559082, "337": 10.369999885559082, "338": 10.380000114440918, "339": 10.390000343322754, "340": 10.390000343322754, "341": 10.329999923706055, "342": 10.329999923706055, "343": 10.329999923706055, "344": 10.270000457763672, "345": 10.260000228881836, "346": 10.300000190734863, "347": 10.260000228881836, "348": 10.300000190734863, "349": 10.300000190734863, "350": 10.329999923706055, "351": 10.329999923706055, "352": 10.329999923706055, "353": 10.329999923706055, "354": 10.329999923706055, "355": 10.329999923706055, "356": 10.329999923706055, "357": 10.329999923706055, "358": 10.270999908447266, "359": 10.270999908447266, "360": 10.3100004196167, "361": 10.3100004196167, "362": 10.3100004196167, "363": 10.3100004196167, "364": 10.3100004196167, "365": 10.3100004196167, "366": 10.3100004196167, "367": 10.3100004196167, "368": 10.3100004196167, "369": 10.329999923706055, "370": 10.399999618530273, "371": 10.34000015258789, "372": 10.329999923706055, "373": 10.319999694824219, "374": 10.319999694824219, "375": 10.270000457763672, "376": 10.270000457763672, "377": 10.270000457763672, "378": 10.270000457763672, "379": 10.270000457763672, "380": 10.319999694824219, "381": 10.324999809265137, "382": 10.324999809265137, "383": 10.324999809265137, "384": 10.34000015258789, "385": 10.34000015258789, "386": 10.350000381469727}}, "profile": {"address1": "600 Lexington Avenue", "address2": "9th Floor", "city": "New York", "state": "NY", "zip": "10022", "country": "United States", "phone": "203 299 1400", "website": "https://altenergyacquisition.com", "industry": "Shell Companies", "industryDisp": "Shell Companies", "sector": "Financial Services", "longBusinessSummary": "AltEnergy Acquisition Corp. does not have significant operations. The company intends to effect a merger, capital stock exchange, asset acquisition, stock purchase, reorganization, or similar business combination with one or more businesses in the renewable energy or related clean technology sectors. AltEnergy Acquisition Corp. was incorporated in 2021 and is based in New York, New York.", "companyOfficers": [{"maxAge": 1, "name": "Mr. Russell M. Stidolph", "age": 46, "title": "Chairman & CEO", "yearBorn": 1976, "exercisedValue": 0, "unexercisedValue": 0}, {"maxAge": 1, "name": "Mr. Jonathan R. Darnell", "age": 61, "title": "Chief Financial Officer", "yearBorn": 1961, "exercisedValue": 0, "unexercisedValue": 0}, {"maxAge": 1, "name": "Mr. Arul  Gupta", "age": 42, "title": "Chief Operating Officer", "yearBorn": 1980, "exercisedValue": 0, "unexercisedValue": 0}], "maxAge": 86400, "latitude": 40.757959140817604, "longitude": -73.97162707241793}}