{"income_statement": {"annual": {"Year": {"1": "Selling, General & Admin", "2": "Other Operating Expenses", "3": "Operating Expenses", "4": "Operating Income", "5": "Other Expense / Income", "6": "Pretax Income", "7": "Net Income", "8": "Shares Outstanding (Basic)", "9": "Shares Outstanding (Diluted)", "10": "Shares Change", "11": "EPS (Basic)", "12": "EPS (Diluted)", "13": "Free Cash Flow Per Share", "14": "EBITDA", "15": "EBIT"}, "2022": {"1": "0.67", "2": "0", "3": "0.67", "4": "-0.67", "5": "-1.49", "6": "0.82", "7": "0.82", "8": "10", "9": "10", "10": "293.29%", "11": "0.08", "12": "0.08", "13": "-0.07", "14": "0.82", "15": "0.82"}, "2021": {"1": "0", "2": "0.01", "3": "0.01", "4": "-0.01", "5": "-", "6": "-0.01", "7": "-0.01", "8": "3", "9": "3", "10": "-", "11": "-", "12": "-", "13": "-", "14": "-0.01", "15": "-0.01"}}, "quarterly": {"Metrics": {"1": "Selling, General & Admin", "2": "Operating Expenses", "3": "Operating Income", "4": "Other Expense / Income", "5": "Pretax Income", "6": "Net Income", "7": "Shares Outstanding (Basic)", "8": "Shares Outstanding (Diluted)", "9": "Shares Change", "10": "EPS (Basic)", "11": "EPS (Diluted)", "12": "Free Cash Flow Per Share", "13": "EBITDA", "14": "EBIT"}, "2023-02-28": {"1": "0.26", "2": "0.26", "3": "-0.26", "4": "-1.25", "5": "0.98", "6": "0.98", "7": "14", "8": "14", "9": "479.60%", "10": "0.07", "11": "0.07", "12": "-0.01", "13": "0.98", "14": "0.98"}, "2022-11-30": {"1": "0.25", "2": "0.25", "3": "-0.25", "4": "-0.92", "5": "0.67", "6": "0.67", "7": "10", "8": "10", "9": "293.29%", "10": "0.06", "11": "0.06", "12": "-", "13": "-", "14": "0.67"}, "2022-08-31": {"1": "0.18", "2": "0.18", "3": "-0.18", "4": "-0.46", "5": "0.28", "6": "0.28", "7": "14", "8": "14", "9": "-", "10": "0.02", "11": "0.02", "12": "-", "13": "-", "14": "0.28"}, "2022-05-31": {"1": "0.21", "2": "0.21", "3": "-0.21", "4": "-0.11", "5": "-0.1", "6": "-0.1", "7": "8", "8": "8", "9": "-", "10": "-0.01", "11": "-0.01", "12": "-0.04", "13": "-0.1", "14": "-0.1"}, "2022-02-28": {"1": "0.03", "2": "0.03", "3": "-0.03", "4": "-", "5": "-0.03", "6": "-0.03", "7": "3", "8": "3", "9": "-", "10": "-0.01", "11": "-0.01", "12": "-0.01", "13": "-0.03", "14": "-0.03"}, "2022-01-07": {"1": "-", "2": "-", "3": "-", "4": "-", "5": "-", "6": "-", "7": "3", "8": "-", "9": "-", "10": "-", "11": "-", "12": "-", "13": "-", "14": "-"}}}, "balance_sheet": {"annual": {"Year": {"1": "Cash & Equivalents", "2": "Cash & Cash Equivalents", "3": "Other Current Assets", "4": "Total Current Assets", "5": "Long-Term Investments", "6": "Total Long-Term Assets", "7": "Total Assets", "8": "Accounts Payable", "9": "Current Debt", "10": "Other Current Liabilities", "11": "Total Current Liabilities", "12": "Other Long-Term Liabilities", "13": "Total Long-Term Liabilities", "14": "Total Liabilities", "15": "Total Debt", "16": "Common Stock", "17": "Retained Earnings", "18": "Shareholders' Equity", "19": "Total Liabilities and Equity", "20": "Net Cash / Debt", "21": "Net Cash Per Share", "22": "Working Capital", "23": "Book Value Per Share"}, "2022": {"1": "0.36", "2": "0.36", "3": "0.12", "4": "0.48", "5": "118.79", "6": "118.79", "7": "119.27", "8": "0.12", "9": "0", "10": "0", "11": "0.12", "12": "4.03", "13": "4.03", "14": "4.15", "15": "0", "16": "0", "17": "-3.67", "18": "-3.67", "19": "0.48", "20": "0.36", "21": "0.04", "22": "0.36", "23": "-0.37"}, "2021": {"1": "0", "2": "0", "3": "-", "4": "-", "5": "-", "6": "-", "7": "0.09", "8": "0", "9": "0", "10": "0.07", "11": "0.07", "12": "0", "13": "0", "14": "0.07", "15": "0", "16": "0.03", "17": "-0.01", "18": "0.02", "19": "0.09", "20": "-0", "21": "-0.00", "22": "-", "23": "0.01"}}, "quarterly": {"Metrics": {"1": "Cash & Equivalents", "2": "Cash & Cash Equivalents", "3": "Other Current Assets", "4": "Total Current Assets", "5": "Long-Term Investments", "6": "Total Long-Term Assets", "7": "Total Assets", "8": "Accounts Payable", "9": "Current Debt", "10": "Other Current Liabilities", "11": "Total Current Liabilities", "12": "Other Long-Term Liabilities", "13": "Total Long-Term Liabilities", "14": "Total Liabilities", "15": "Total Debt", "16": "Common Stock", "17": "Retained Earnings", "18": "Shareholders' Equity", "19": "Total Liabilities and Equity", "20": "Net Cash / Debt", "21": "Net Cash Per Share", "22": "Working Capital", "23": "Book Value Per Share"}, "2023-02-28": {"1": "0.14", "2": "0.14", "3": "0.12", "4": "0.25", "5": "120.03", "6": "120.03", "7": "120.29", "8": "0.16", "9": "0", "10": "0", "11": "0.16", "12": "4.03", "13": "4.03", "14": "4.19", "15": "0", "16": "0", "17": "-3.93", "18": "-3.93", "19": "0.25", "20": "0.14", "21": "0.01", "22": "0.09", "23": "-0.27"}, "2022-11-30": {"1": "0.36", "2": "0.36", "3": "0.12", "4": "0.48", "5": "118.79", "6": "118.79", "7": "119.27", "8": "0.12", "9": "0", "10": "0", "11": "0.12", "12": "4.03", "13": "4.03", "14": "4.15", "15": "0", "16": "0", "17": "-3.67", "18": "-3.67", "19": "0.48", "20": "0.36", "21": "0.04", "22": "0.36", "23": "-0.37"}, "2022-08-31": {"1": "0.53", "2": "0.53", "3": "0.21", "4": "0.74", "5": "117.87", "6": "117.87", "7": "118.6", "8": "0.13", "9": "0", "10": "0.01", "11": "0.13", "12": "4.03", "13": "4.03", "14": "4.16", "15": "0", "16": "0", "17": "-3.42", "18": "-3.42", "19": "0.74", "20": "0.53", "21": "0.04", "22": "0.61", "23": "-0.24"}, "2022-05-31": {"1": "0.78", "2": "0.78", "3": "0.29", "4": "1.07", "5": "117.41", "6": "117.41", "7": "118.47", "8": "0", "9": "0.08", "10": "0.19", "11": "0.28", "12": "4.03", "13": "4.03", "14": "4.3", "15": "0.08", "16": "0", "17": "-3.24", "18": "-3.24", "19": "1.07", "20": "0.7", "21": "0.09", "22": "0.79", "23": "-0.40"}, "2022-02-28": {"1": "0", "2": "0", "3": "-", "4": "-", "5": "-", "6": "-", "7": "0.16", "8": "0", "9": "0.07", "10": "0.1", "11": "0.17", "12": "0", "13": "0", "14": "0.17", "15": "0.07", "16": "0.03", "17": "-0.03", "18": "-0", "19": "0.16", "20": "-0.07", "21": "-0.03", "22": "-", "23": "-0.00"}, "2022-01-07": {"1": "0", "2": "0", "3": "-", "4": "-", "5": "-", "6": "-", "7": "0.09", "8": "0", "9": "0", "10": "0.07", "11": "0.07", "12": "0", "13": "0", "14": "0.07", "15": "0", "16": "0.03", "17": "-0.01", "18": "0.02", "19": "0.09", "20": "-0", "21": "-", "22": "-", "23": "0.01"}}}, "cash_flow_statement": {"annual": {"Year": {"1": "Net Income", "2": "Other Operating Activities", "3": "Operating Cash Flow", "4": "Change in Investments", "5": "Investing Cash Flow", "6": "Share Issuance / Repurchase", "7": "Other Financing Activities", "8": "Financing Cash Flow", "9": "Net Cash Flow", "10": "Free Cash Flow", "11": "Free Cash Flow Per Share"}, "2022": {"1": "0.82", "2": "-1.48", "3": "-0.66", "4": "-117.3", "5": "-117.3", "6": "113.85", "7": "4.48", "8": "118.33", "9": "0.36", "10": "-0.66", "11": "-0.07"}}, "quarterly": {"Metrics": {"1": "Net Income", "2": "Other Operating Activities", "3": "Operating Cash Flow", "4": "Share Issuance / Repurchase", "5": "Debt Issued / Paid", "6": "Other Financing Activities", "7": "Financing Cash Flow", "8": "Net Cash Flow", "9": "Free Cash Flow", "10": "Free Cash Flow Per Share"}, "2023-02-28": {"1": "0.98", "2": "-1.2", "3": "-0.22", "4": "0", "5": "0", "6": "-", "7": "0", "8": "-0.22", "9": "-0.22", "10": "-0.01"}, "2022-11-30": {"1": "0.67", "2": "-0.67", "3": "-", "4": "-", "5": "-", "6": "-", "7": "-", "8": "-", "9": "-", "10": "-"}, "2022-08-31": {"1": "0.28", "2": "-0.28", "3": "-", "4": "-", "5": "-", "6": "-", "7": "-", "8": "-", "9": "-", "10": "-"}, "2022-05-31": {"1": "-0.1", "2": "-0.22", "3": "-0.32", "4": "113.85", "5": "0.02", "6": "4.53", "7": "118.4", "8": "0.78", "9": "-0.32", "10": "-0.04"}, "2022-02-28": {"1": "-0.03", "2": "0.01", "3": "-0.02", "4": "0", "5": "0.06", "6": "-0.04", "7": "0.02", "8": "0", "9": "-0.02", "10": "-0.01"}}}, "ratios": {"annual": {"Year": {"1": "Market Capitalization", "2": "Enterprise Value", "3": "PE Ratio", "4": "PB Ratio", "5": "P/FCF Ratio", "6": "P/OCF Ratio", "7": "EV/EBITDA Ratio", "8": "EV/EBIT Ratio", "9": "EV/FCF Ratio", "10": "Debt / Equity Ratio", "11": "Debt / EBITDA Ratio", "12": "Current Ratio", "13": "Return on Equity (ROE)", "14": "Return on Assets (ROA)", "15": "Return on Capital (ROIC)", "16": "Earnings Yield", "17": "FCF Yield", "18": "Buyback Yield / Dilution", "19": "Total Shareholder Return"}, "Current": {"1": "153", "2": "153", "3": "75.64", "4": "-37.53", "5": "-", "6": "-", "7": "-", "8": "83.65", "9": "-", "10": "-", "11": "-", "12": "1.59", "13": "-51.30%", "14": "1.50%", "15": "1.50%", "16": "1.19%", "17": "-0.45%", "18": "-479.60%", "19": "-479.60%"}, "2022": {"1": "147", "2": "147", "3": "180.17", "4": "-40.13", "5": "-221.49", "6": "-221.49", "7": "179.73", "8": "179.73", "9": "-220.94", "10": "-", "11": "-", "12": "3.88", "13": "-31.60%", "14": "0.90%", "15": "0.90%", "16": "0.56%", "17": "-", "18": "-293.29%", "19": "-293.29%"}, "2021": {"1": "-", "2": "0", "3": "-", "4": "-", "5": "-", "6": "-", "7": "-0.47", "8": "-0.47", "9": "-", "10": "0.15", "11": "-0.47", "12": "-", "13": "-", "14": "-", "15": "-", "16": "-", "17": null, "18": "-", "19": "-"}}, "quarterly": {"Metrics": {"1": "Market Capitalization", "2": "Enterprise Value", "3": "PE Ratio", "4": "PB Ratio", "5": "Debt / Equity Ratio", "6": "Current Ratio", "7": "Buyback Yield / Dilution", "8": "Total Shareholder Return"}, "Current": {"1": "153", "2": "153", "3": "75.64", "4": "-37.53", "5": "-", "6": "1.59", "7": "-479.60%", "8": "-479.60%"}, "2023-02-28": {"1": "148", "2": "147", "3": "80.64", "4": "-37.53", "5": "-", "6": "1.59", "7": "-479.60%", "8": "-479.60%"}, "2022-11-30": {"1": "147", "2": "147", "3": "180.17", "4": "-40.13", "5": "-", "6": "3.88", "7": "-293.29%", "8": "-293.29%"}, "2022-08-31": {"1": "144", "2": "144", "3": "-", "4": "-42.16", "5": "-", "6": "5.59", "7": "-", "8": "-"}, "2022-05-31": {"1": "144", "2": "143", "3": "-", "4": "-44.51", "5": "-0.03", "6": "3.86", "7": "-", "8": "-"}, "2022-02-28": {"1": "-", "2": "0", "3": "-", "4": "-", "5": "-18.34", "6": "-", "7": "-", "8": "-"}, "2022-01-07": {"1": "-", "2": "0", "3": "-", "4": "-", "5": "0.15", "6": "-", "7": "-", "8": "-"}}}, "stock_price": {"index": {}, "high": {}, "low": {}, "volume": {}, "open": {}, "close": {}}, "profile": {"address1": "Royal One Phillip", "address2": "No. 09-00, 1 Phillip Street", "city": "Singapore", "zip": "048692", "country": "Singapore", "phone": "65 3135 1511", "website": "https://www.aurafatprojects.com", "industry": "Shell Companies", "industryDisp": "Shell Companies", "sector": "Financial Services", "longBusinessSummary": "Aura FAT Projects Acquisition Corp does not have significant operations. The company intends to effect a merger, share exchange, asset acquisition, share purchase, reorganization, or similar business combination with one or more businesses. It focuses on acquiring technology companies with Web 3.0, blockchain, cryptocurrency, digital ledger, e-gaming, and other new financial technology and services application in Southeast Asia, Australia, and New Zealand. The company was incorporated in 2021 and is based in Singapore.", "companyOfficers": [{"maxAge": 1, "name": "Mr. Tristan  Lo", "age": 38, "title": "Co-CEO & Chairman", "yearBorn": 1984, "exercisedValue": 0, "unexercisedValue": 0}, {"maxAge": 1, "name": "Mr. David  Andrada", "age": 40, "title": "Co-CEO, CFO & Director", "yearBorn": 1982, "exercisedValue": 0, "unexercisedValue": 0}, {"maxAge": 1, "name": "Mr. Nils  Michaelis", "age": 49, "title": "Pres, COO, Head of Mergers & Acquisition & Director", "yearBorn": 1973, "exercisedValue": 0, "unexercisedValue": 0}, {"maxAge": 1, "name": "Mr. Kar Wing  Ng B.Com., L.L.B.", "age": 38, "title": "Non-Exec. Director & Chief Advisor", "yearBorn": 1984, "exercisedValue": 0, "unexercisedValue": 0}], "maxAge": 86400, "latitude": 1.284981379883817, "longitude": 103.8500148634659}}