{"income_statement": {"annual": {"Year": {"1": "Selling, General & Admin", "2": "Operating Expenses", "3": "Operating Income", "4": "Other Expense / Income", "5": "Pretax Income", "6": "Net Income", "7": "Shares Outstanding (Basic)", "8": "Shares Outstanding (Diluted)", "9": "EPS (Basic)", "10": "EPS (Diluted)", "11": "Free Cash Flow Per Share", "12": "EBITDA", "13": "EBIT"}, "2022": {"1": "1.47", "2": "1.47", "3": "-1.47", "4": "-11.7", "5": "10.23", "6": "10.23", "7": "31", "8": "31", "9": "0.33", "10": "0.33", "11": "-0.03", "12": "10.23", "13": "10.23"}}, "quarterly": {"Metrics": {"1": "Selling, General & Admin", "2": "Operating Expenses", "3": "Operating Income", "4": "Other Expense / Income", "5": "Pretax Income", "6": "Net Income", "7": "Net Income Growth", "8": "Shares Outstanding (Basic)", "9": "Shares Outstanding (Diluted)", "10": "Shares Change", "11": "EPS (Basic)", "12": "EPS (Diluted)", "13": "EPS Growth", "14": "Free Cash Flow Per Share", "15": "EBITDA", "16": "EBIT"}, "2023-03-31": {"1": "0.39", "2": "0.39", "3": "-0.39", "4": "-1.54", "5": "1.15", "6": "1.15", "7": "-64.25%", "8": "31", "9": "31", "10": "-", "11": "0.04", "12": "0.04", "13": "-60.00%", "14": "-0.01", "15": "1.15", "16": "1.15"}, "2022-12-31": {"1": "0.37", "2": "0.37", "3": "-0.37", "4": "-3.2", "5": "2.83", "6": "2.83", "7": "-56.33%", "8": "31", "9": "31", "10": "29.19%", "11": "0.09", "12": "0.09", "13": "-62.50%", "14": "-0.01", "15": "2.83", "16": "2.83"}, "2022-09-30": {"1": "0.34", "2": "0.34", "3": "-0.34", "4": "-1.52", "5": "1.18", "6": "1.18", "7": "-55.87%", "8": "31", "9": "31", "10": "23.34%", "11": "0.04", "12": "0.04", "13": "-76.47%", "14": "-0.01", "15": "1.18", "16": "1.18"}, "2022-06-30": {"1": "0.34", "2": "0.34", "3": "-0.34", "4": "-3.34", "5": "2.99", "6": "2.99", "7": "-", "8": "31", "9": "31", "10": "111.86%", "11": "0.10", "12": "0.10", "13": "-", "14": "-0.01", "15": "2.99", "16": "2.99"}, "2022-03-31": {"1": "0.42", "2": "0.42", "3": "-0.42", "4": "-3.64", "5": "3.22", "6": "3.22", "7": "-", "8": "31", "9": "31", "10": "3337.50%", "11": "0.10", "12": "0.10", "13": "-", "14": "-0.01", "15": "3.22", "16": "3.22"}, "2021-12-31": {"1": "0.27", "2": "0.27", "3": "-0.27", "4": "-6.75", "5": "6.48", "6": "6.48", "7": "-", "8": "24", "9": "24", "10": "-", "11": "0.24", "12": "0.24", "13": "-", "14": "-0.08", "15": "6.48", "16": "6.48"}, "2021-09-30": {"1": "0.97", "2": "0.97", "3": "-0.97", "4": "-3.65", "5": "2.68", "6": "2.68", "7": "-", "8": "25", "9": "25", "10": "-", "11": "0.17", "12": "0.17", "13": "-", "14": "0.01", "15": "2.68", "16": "2.68"}, "2021-06-30": {"1": "0.04", "2": "0.04", "3": "-0.04", "4": "-", "5": "-0.04", "6": "-0.04", "7": "-", "8": "15", "9": "15", "10": "-", "11": "-", "12": "-", "13": "-", "14": "-", "15": "-0.04", "16": "-0.04"}, "2021-05-03": {"1": "0.01", "2": "0.01", "3": "-0.01", "4": "-", "5": "-0.01", "6": "-0.01", "7": "-", "8": "1", "9": "1", "10": "-", "11": "-0.01", "12": "-0.01", "13": "-", "14": "-", "15": "-0.01", "16": "-0.01"}}}, "balance_sheet": {"annual": {"Year": {"1": "Cash & Equivalents", "2": "Cash & Cash Equivalents", "3": "Other Current Assets", "4": "Total Current Assets", "5": "Long-Term Investments", "6": "Total Long-Term Assets", "7": "Total Assets", "8": "Current Debt", "9": "Other Current Liabilities", "10": "Total Current Liabilities", "11": "Total Liabilities", "12": "Total Debt", "13": "Common Stock", "14": "Retained Earnings", "15": "Shareholders' Equity", "16": "Total Liabilities and Equity", "17": "Net Cash / Debt", "18": "Net Cash Per Share", "19": "Working Capital", "20": "Book Value Per Share"}, "2022": {"1": "0.68", "2": "0.68", "3": "0.31", "4": "0.99", "5": "253.64", "6": "253.64", "7": "254.62", "8": "2", "9": "9.94", "10": "11.94", "11": "11.94", "12": "2", "13": "0", "14": "-10.96", "15": "-10.96", "16": "0.99", "17": "-1.32", "18": "-0.04", "19": "-10.96", "20": "-0.35"}}, "quarterly": {"Metrics": {"1": "Cash & Equivalents", "2": "Cash & Cash Equivalents", "3": "Cash Growth", "4": "Other Current Assets", "5": "Total Current Assets", "6": "Long-Term Investments", "7": "Total Long-Term Assets", "8": "Total Assets", "9": "Current Debt", "10": "Other Current Liabilities", "11": "Total Current Liabilities", "12": "Other Long-Term Liabilities", "13": "Total Long-Term Liabilities", "14": "Total Liabilities", "15": "Total Debt", "16": "Common Stock", "17": "Retained Earnings", "18": "Shareholders' Equity", "19": "Total Liabilities and Equity", "20": "Net Cash / Debt", "21": "Net Cash Per Share", "22": "Working Capital", "23": "Book Value Per Share"}, "2023-03-31": {"1": "0.34", "2": "0.34", "3": "-77.73%", "4": "0.26", "5": "0.6", "6": "256.35", "7": "256.35", "8": "256.95", "9": "2", "10": "11.11", "11": "13.11", "12": "0", "13": "0", "14": "13.11", "15": "2", "16": "0", "17": "-12.52", "18": "-12.52", "19": "0.6", "20": "-1.66", "21": "-0.05", "22": "-12.52", "23": "-0.40"}, "2022-12-31": {"1": "0.68", "2": "0.68", "3": "-60.98%", "4": "0.31", "5": "0.99", "6": "253.64", "7": "253.64", "8": "254.62", "9": "2", "10": "9.94", "11": "11.94", "12": "0", "13": "0", "14": "11.94", "15": "2", "16": "0", "17": "-10.96", "18": "-10.96", "19": "0.99", "20": "-1.32", "21": "-0.04", "22": "-10.96", "23": "-0.35"}, "2022-09-30": {"1": "0.94", "2": "0.94", "3": "-51.96%", "4": "0.48", "5": "1.41", "6": "251.48", "7": "251.48", "8": "252.89", "9": "2", "10": "11.04", "11": "13.04", "12": "0", "13": "0", "14": "13.04", "15": "2", "16": "0", "17": "-11.63", "18": "-11.63", "19": "1.41", "20": "-1.06", "21": "-0.03", "22": "-11.63", "23": "-0.37"}, "2022-06-30": {"1": "1.17", "2": "1.17", "3": "4564.56%", "4": "0.58", "5": "1.75", "6": "250.35", "7": "250.35", "8": "252.1", "9": "2", "10": "2.68", "11": "4.68", "12": "8.75", "13": "8.75", "14": "13.43", "15": "2", "16": "0", "17": "-11.68", "18": "-11.68", "19": "1.75", "20": "-0.83", "21": "-0.03", "22": "-2.93", "23": "-0.37"}, "2022-03-31": {"1": "1.52", "2": "1.52", "3": "5990.22%", "4": "0.62", "5": "2.14", "6": "250", "7": "250", "8": "252.14", "9": "2", "10": "5.72", "11": "7.72", "12": "8.75", "13": "8.75", "14": "16.47", "15": "2", "16": "0", "17": "-14.33", "18": "-14.33", "19": "2.14", "20": "-0.48", "21": "-0.02", "22": "-5.58", "23": "-0.46"}, "2021-12-31": {"1": "1.74", "2": "1.74", "3": "-", "4": "0.75", "5": "2.49", "6": "250", "7": "250", "8": "252.49", "9": "2", "10": "9.29", "11": "11.29", "12": "8.75", "13": "8.75", "14": "20.04", "15": "2", "16": "0", "17": "-17.55", "18": "-17.55", "19": "2.49", "20": "-0.26", "21": "-0.01", "22": "-8.8", "23": "-0.72"}, "2021-09-30": {"1": "1.95", "2": "1.95", "3": "-", "4": "0.84", "5": "2.79", "6": "250", "7": "250", "8": "252.79", "9": "0", "10": "18.07", "11": "18.07", "12": "8.75", "13": "8.75", "14": "26.82", "15": "0", "16": "0", "17": "-24.03", "18": "-24.03", "19": "2.79", "20": "1.95", "21": "0.08", "22": "-15.28", "23": "-0.95"}, "2021-06-30": {"1": "0.03", "2": "0.03", "3": "-", "4": "0.41", "5": "0.43", "6": "0", "7": "0", "8": "0.43", "9": "0", "10": "0.45", "11": "0.45", "12": "0", "13": "0", "14": "0.45", "15": "0", "16": "0.03", "17": "-0.04", "18": "-0.02", "19": "0.43", "20": "0.03", "21": "0.00", "22": "-0.02", "23": "-0.00"}, "2021-05-03": {"1": "0.03", "2": "0.03", "3": "-", "4": "0.03", "5": "0.06", "6": "0", "7": "0", "8": "0.06", "9": "0", "10": "0.04", "11": "0.04", "12": "0", "13": "0", "14": "0.04", "15": "0", "16": "0.03", "17": "-0.01", "18": "0.02", "19": "0.06", "20": "0.03", "21": "0.03", "22": "0.02", "23": "0.02"}}}, "cash_flow_statement": {"annual": {"Year": {"1": "Net Income", "2": "Other Operating Activities", "3": "Operating Cash Flow", "4": "Net Cash Flow", "5": "Free Cash Flow", "6": "Free Cash Flow Per Share"}, "2022": {"1": "10.23", "2": "-11.29", "3": "-1.06", "4": "-1.06", "5": "-1.06", "6": "-0.03"}}, "quarterly": {"Metrics": {"1": "Net Income", "2": "Other Operating Activities", "3": "Operating Cash Flow", "4": "Share Issuance / Repurchase", "5": "Debt Issued / Paid", "6": "Other Financing Activities", "7": "Financing Cash Flow", "8": "Net Cash Flow", "9": "Free Cash Flow", "10": "Free Cash Flow Per Share"}, "2023-03-31": {"1": "1.15", "2": "-1.49", "3": "-0.34", "4": "0", "5": "0", "6": "-", "7": "0", "8": "-0.34", "9": "-0.34", "10": "-0.01"}, "2022-12-31": {"1": "2.83", "2": "-3.09", "3": "-0.26", "4": "0", "5": "0", "6": "-", "7": "0", "8": "-0.26", "9": "-0.26", "10": "-0.01"}, "2022-09-30": {"1": "1.18", "2": "-1.41", "3": "-0.23", "4": "0", "5": "0", "6": "-", "7": "0", "8": "-0.23", "9": "-0.23", "10": "-0.01"}, "2022-06-30": {"1": "2.99", "2": "-3.35", "3": "-0.36", "4": "0", "5": "0", "6": "-", "7": "0", "8": "-0.36", "9": "-0.36", "10": "-0.01"}, "2022-03-31": {"1": "3.22", "2": "-3.44", "3": "-0.22", "4": "0", "5": "0", "6": "-", "7": "0", "8": "-0.22", "9": "-0.22", "10": "-0.01"}, "2021-12-31": {"1": "6.48", "2": "-8.49", "3": "-2.01", "4": "0", "5": "2", "6": "-0.2", "7": "1.8", "8": "-0.21", "9": "-2.01", "10": "-0.08"}, "2021-09-30": {"1": "2.68", "2": "-2.33", "3": "0.35", "4": "257", "5": "0", "6": "-5.42", "7": "251.58", "8": "1.93", "9": "0.35", "10": "0.01"}, "2021-06-30": {"1": "-0.04", "2": "0.04", "3": "0", "4": "0.03", "5": "0", "6": "-", "7": "0.03", "8": "0.03", "9": "0", "10": "-"}}}, "ratios": {"annual": {"Year": {"1": "Market Capitalization", "2": "Enterprise Value", "3": "PE Ratio", "4": "PB Ratio", "5": "P/FCF Ratio", "6": "P/OCF Ratio", "7": "EV/EBITDA Ratio", "8": "EV/EBIT Ratio", "9": "EV/FCF Ratio", "10": "Debt / Equity Ratio", "11": "Debt / EBITDA Ratio", "12": "Debt / FCF Ratio", "13": "Current Ratio", "14": "Return on Equity (ROE)", "15": "Return on Assets (ROA)", "16": "Return on Capital (ROIC)", "17": "Earnings Yield", "18": "FCF Yield"}, "Current": {"1": "321", "2": "323", "3": "38.11", "4": "-25.52", "5": "-269.86", "6": "-269.86", "7": "39.58", "8": "39.58", "9": "-271.26", "10": "-0.16", "11": "0.25", "12": "-1.69", "13": "0.05", "14": "-69.80%", "15": "3.20%", "16": "3.30%", "17": "2.54%", "18": "-0.37%"}, "2022": {"1": "313", "2": "314", "3": "30.62", "4": "-28.58", "5": "-295.44", "6": "-295.44", "7": "30.75", "8": "30.75", "9": "-296.69", "10": "-0.18", "11": "0.20", "12": "-1.89", "13": "0.08", "14": "-84.20%", "15": "4.00%", "16": "4.20%", "17": "3.27%", "18": "-0.34%"}}, "quarterly": {"Metrics": {"1": "Market Capitalization", "2": "Market Cap Growth", "3": "Enterprise Value", "4": "PE Ratio", "5": "PB Ratio", "6": "Debt / Equity Ratio", "7": "Current Ratio", "8": "Buyback Yield / Dilution", "9": "Total Shareholder Return"}, "Current": {"1": "321", "2": "-", "3": "323", "4": "38.11", "5": "-25.52", "6": "-0.16", "7": "0.05", "8": "-", "9": "-"}, "2023-03-31": {"1": "319", "2": "5.58%", "3": "321", "4": "39.15", "5": "-25.52", "6": "-0.16", "7": "0.05", "8": "-29.19%", "9": "-29.19%"}, "2022-12-31": {"1": "313", "2": "2.77%", "3": "314", "4": "30.62", "5": "-28.58", "6": "-0.18", "7": "0.08", "8": "-23.34%", "9": "-23.34%"}, "2022-09-30": {"1": "305", "2": "-4.76%", "3": "306", "4": "22.00", "5": "-26.26", "6": "-0.17", "7": "0.11", "8": "-111.86%", "9": "-111.86%"}, "2022-06-30": {"1": "303", "2": "-", "3": "304", "4": "19.74", "5": "-25.98", "6": "-0.17", "7": "0.37", "8": "-3337.50%", "9": "-3337.50%"}, "2022-03-31": {"1": "303", "2": "-", "3": "303", "4": "24.52", "5": "-21.12", "6": "-0.14", "7": "0.28", "8": "-", "9": "-"}, "2021-12-31": {"1": "305", "2": "-", "3": "305", "4": "-", "5": "-17.36", "6": "-0.11", "7": "0.22", "8": "-", "9": "-"}, "2021-09-30": {"1": "321", "2": "-", "3": "319", "4": "-", "5": "-13.34", "6": "-", "7": "0.15", "8": null, "9": null}}}, "stock_price": {"symbol": {"0": "AFTR", "1": "AFTR", "2": "AFTR", "3": "AFTR", "4": "AFTR", "5": "AFTR", "6": "AFTR", "7": "AFTR", "8": "AFTR", "9": "AFTR", "10": "AFTR", "11": "AFTR", "12": "AFTR", "13": "AFTR", "14": "AFTR", "15": "AFTR", "16": "AFTR", "17": "AFTR", "18": "AFTR", "19": "AFTR", "20": "AFTR", "21": "AFTR", "22": "AFTR", "23": "AFTR", "24": "AFTR", "25": "AFTR", "26": "AFTR", "27": "AFTR", "28": "AFTR", "29": "AFTR", "30": "AFTR", "31": "AFTR", "32": "AFTR", "33": "AFTR", "34": "AFTR", "35": "AFTR", "36": "AFTR", "37": "AFTR", "38": "AFTR", "39": "AFTR", "40": "AFTR", "41": "AFTR", "42": "AFTR", "43": "AFTR", "44": "AFTR", "45": "AFTR", "46": "AFTR", "47": "AFTR", "48": "AFTR", "49": "AFTR", "50": "AFTR", "51": "AFTR", "52": "AFTR", "53": "AFTR", "54": "AFTR", "55": "AFTR", "56": "AFTR", "57": "AFTR", "58": "AFTR", "59": "AFTR", "60": "AFTR", "61": "AFTR", "62": "AFTR", "63": "AFTR", "64": "AFTR", "65": "AFTR", "66": "AFTR", "67": "AFTR", "68": "AFTR", "69": "AFTR", "70": "AFTR", "71": "AFTR", "72": "AFTR", "73": "AFTR", "74": "AFTR", "75": "AFTR", "76": "AFTR", "77": "AFTR", "78": "AFTR", "79": "AFTR", "80": "AFTR", "81": "AFTR", "82": "AFTR", "83": "AFTR", "84": "AFTR", "85": "AFTR", "86": "AFTR", "87": "AFTR", "88": "AFTR", "89": "AFTR", "90": "AFTR", "91": "AFTR", "92": "AFTR", "93": "AFTR", "94": "AFTR", "95": "AFTR", "96": "AFTR", "97": "AFTR", "98": "AFTR", "99": "AFTR", "100": "AFTR", "101": "AFTR", "102": "AFTR", "103": "AFTR", "104": "AFTR", "105": "AFTR", "106": "AFTR", "107": "AFTR", "108": "AFTR", "109": "AFTR", "110": "AFTR", "111": "AFTR", "112": "AFTR", "113": "AFTR", "114": "AFTR", "115": "AFTR", "116": "AFTR", "117": "AFTR", "118": "AFTR", "119": "AFTR", "120": "AFTR", "121": "AFTR", "122": "AFTR", "123": "AFTR", "124": "AFTR", "125": "AFTR", "126": "AFTR", "127": "AFTR", "128": "AFTR", "129": "AFTR", "130": "AFTR", "131": "AFTR", "132": "AFTR", "133": "AFTR", "134": "AFTR", "135": "AFTR", "136": "AFTR", "137": "AFTR", "138": "AFTR", "139": "AFTR", "140": "AFTR", "141": "AFTR", "142": "AFTR", "143": "AFTR", "144": "AFTR", "145": "AFTR", "146": "AFTR", "147": "AFTR", "148": "AFTR", "149": "AFTR", "150": "AFTR", "151": "AFTR", "152": "AFTR", "153": "AFTR", "154": "AFTR", "155": "AFTR", "156": "AFTR", "157": "AFTR", "158": "AFTR", "159": "AFTR", "160": "AFTR", "161": "AFTR", "162": "AFTR", "163": "AFTR", "164": "AFTR", "165": "AFTR", "166": "AFTR", "167": "AFTR", "168": "AFTR", "169": "AFTR", "170": "AFTR", "171": "AFTR", "172": "AFTR", "173": "AFTR", "174": "AFTR", "175": "AFTR", "176": "AFTR", "177": "AFTR", "178": "AFTR", "179": "AFTR", "180": "AFTR", "181": "AFTR", "182": "AFTR", "183": "AFTR", "184": "AFTR", "185": "AFTR", "186": "AFTR", "187": "AFTR", "188": "AFTR", "189": "AFTR", "190": "AFTR", "191": "AFTR", "192": "AFTR", "193": "AFTR", "194": "AFTR", "195": "AFTR", "196": "AFTR", "197": "AFTR", "198": "AFTR", "199": "AFTR", "200": "AFTR", "201": "AFTR", "202": "AFTR", "203": "AFTR", "204": "AFTR", "205": "AFTR", "206": "AFTR", "207": "AFTR", "208": "AFTR", "209": "AFTR", "210": "AFTR", "211": "AFTR", "212": "AFTR", "213": "AFTR", "214": "AFTR", "215": "AFTR", "216": "AFTR", "217": "AFTR", "218": "AFTR", "219": "AFTR", "220": "AFTR", "221": "AFTR", "222": "AFTR", "223": "AFTR", "224": "AFTR", "225": "AFTR", "226": "AFTR", "227": "AFTR", "228": "AFTR", "229": "AFTR", "230": "AFTR", "231": "AFTR", "232": "AFTR", "233": "AFTR", "234": "AFTR", "235": "AFTR", "236": "AFTR", "237": "AFTR", "238": "AFTR", "239": "AFTR", "240": "AFTR", "241": "AFTR", "242": "AFTR", "243": "AFTR", "244": "AFTR", "245": "AFTR", "246": "AFTR", "247": "AFTR", "248": "AFTR", "249": "AFTR", "250": "AFTR", "251": "AFTR", "252": "AFTR", "253": "AFTR", "254": "AFTR", "255": "AFTR", "256": "AFTR", "257": "AFTR", "258": "AFTR", "259": "AFTR", "260": "AFTR", "261": "AFTR", "262": "AFTR", "263": "AFTR", "264": "AFTR", "265": "AFTR", "266": "AFTR", "267": "AFTR", "268": "AFTR", "269": "AFTR", "270": "AFTR", "271": "AFTR", "272": "AFTR", "273": "AFTR", "274": "AFTR", "275": "AFTR", "276": "AFTR", "277": "AFTR", "278": "AFTR", "279": "AFTR", "280": "AFTR", "281": "AFTR", "282": "AFTR", "283": "AFTR", "284": "AFTR", "285": "AFTR", "286": "AFTR", "287": "AFTR", "288": "AFTR", "289": "AFTR", "290": "AFTR", "291": "AFTR", "292": "AFTR", "293": "AFTR", "294": "AFTR", "295": "AFTR", "296": "AFTR", "297": "AFTR", "298": "AFTR", "299": "AFTR", "300": "AFTR", "301": "AFTR", "302": "AFTR", "303": "AFTR", "304": "AFTR", "305": "AFTR", "306": "AFTR", "307": "AFTR", "308": "AFTR", "309": "AFTR", "310": "AFTR", "311": "AFTR", "312": "AFTR", "313": "AFTR", "314": "AFTR", "315": "AFTR", "316": "AFTR", "317": "AFTR", "318": "AFTR", "319": "AFTR", "320": "AFTR", "321": "AFTR", "322": "AFTR", "323": "AFTR", "324": "AFTR", "325": "AFTR", "326": "AFTR", "327": "AFTR", "328": "AFTR", "329": "AFTR", "330": "AFTR", "331": "AFTR", "332": "AFTR", "333": "AFTR", "334": "AFTR", "335": "AFTR", "336": "AFTR", "337": "AFTR", "338": "AFTR", "339": "AFTR", "340": "AFTR", "341": "AFTR", "342": "AFTR", "343": "AFTR", "344": "AFTR", "345": "AFTR", "346": "AFTR", "347": "AFTR", "348": "AFTR", "349": "AFTR", "350": "AFTR", "351": "AFTR", "352": "AFTR", "353": "AFTR", "354": "AFTR", "355": "AFTR", "356": "AFTR", "357": "AFTR", "358": "AFTR", "359": "AFTR", "360": "AFTR", "361": "AFTR", "362": "AFTR", "363": "AFTR", "364": "AFTR", "365": "AFTR", "366": "AFTR", "367": "AFTR", "368": "AFTR", "369": "AFTR", "370": "AFTR", "371": "AFTR", "372": "AFTR", "373": "AFTR", "374": "AFTR", "375": "AFTR", "376": "AFTR", "377": "AFTR", "378": "AFTR", "379": "AFTR", "380": "AFTR", "381": "AFTR", "382": "AFTR", "383": "AFTR", "384": "AFTR", "385": "AFTR", "386": "AFTR", "387": "AFTR", "388": "AFTR", "389": "AFTR", "390": "AFTR", "391": "AFTR", "392": "AFTR", "393": "AFTR", "394": "AFTR", "395": "AFTR", "396": "AFTR", "397": "AFTR", "398": "AFTR", "399": "AFTR", "400": "AFTR", "401": "AFTR", "402": "AFTR", "403": "AFTR", "404": "AFTR", "405": "AFTR", "406": "AFTR", "407": "AFTR", "408": "AFTR", "409": "AFTR", "410": "AFTR", "411": "AFTR", "412": "AFTR", "413": "AFTR", "414": "AFTR", "415": "AFTR", "416": "AFTR", "417": "AFTR", "418": "AFTR", "419": "AFTR", "420": "AFTR", "421": "AFTR", "422": "AFTR", "423": "AFTR", "424": "AFTR", "425": "AFTR", "426": "AFTR", "427": "AFTR", "428": "AFTR", "429": "AFTR", "430": "AFTR", "431": "AFTR", "432": "AFTR", "433": "AFTR", "434": "AFTR", "435": "AFTR", "436": "AFTR"}, "date": {"0": "2021-10-04", "1": "2021-10-05", "2": "2021-10-06", "3": "2021-10-07", "4": "2021-10-08", "5": "2021-10-11", "6": "2021-10-12", "7": "2021-10-13", "8": "2021-10-14", "9": "2021-10-15", "10": "2021-10-18", "11": "2021-10-19", "12": "2021-10-20", "13": "2021-10-21", "14": "2021-10-22", "15": "2021-10-25", "16": "2021-10-26", "17": "2021-10-27", "18": "2021-10-28", "19": "2021-10-29", "20": "2021-11-01", "21": "2021-11-02", "22": "2021-11-03", "23": "2021-11-04", "24": "2021-11-05", "25": "2021-11-08", "26": "2021-11-09", "27": "2021-11-10", "28": "2021-11-11", "29": "2021-11-12", "30": "2021-11-15", "31": "2021-11-16", "32": "2021-11-17", "33": "2021-11-18", "34": "2021-11-19", "35": "2021-11-22", "36": "2021-11-23", "37": "2021-11-24", "38": "2021-11-26", "39": "2021-11-29", "40": "2021-11-30", "41": "2021-12-01", "42": "2021-12-02", "43": "2021-12-03", "44": "2021-12-06", "45": "2021-12-07", "46": "2021-12-08", "47": "2021-12-09", "48": "2021-12-10", "49": "2021-12-13", "50": "2021-12-14", "51": "2021-12-15", "52": "2021-12-16", "53": "2021-12-17", "54": "2021-12-20", "55": "2021-12-21", "56": "2021-12-22", "57": "2021-12-23", "58": "2021-12-27", "59": "2021-12-28", "60": "2021-12-29", "61": "2021-12-30", "62": "2021-12-31", "63": "2022-01-03", "64": "2022-01-04", "65": "2022-01-05", "66": "2022-01-06", "67": "2022-01-07", "68": "2022-01-10", "69": "2022-01-11", "70": "2022-01-12", "71": "2022-01-13", "72": "2022-01-14", "73": "2022-01-18", "74": "2022-01-19", "75": "2022-01-20", "76": "2022-01-21", "77": "2022-01-24", "78": "2022-01-25", "79": "2022-01-26", "80": "2022-01-27", "81": "2022-01-28", "82": "2022-01-31", "83": "2022-02-01", "84": "2022-02-02", "85": "2022-02-03", "86": "2022-02-04", "87": "2022-02-07", "88": "2022-02-08", "89": "2022-02-09", "90": "2022-02-10", "91": "2022-02-11", "92": "2022-02-14", "93": "2022-02-15", "94": "2022-02-16", "95": "2022-02-17", "96": "2022-02-18", "97": "2022-02-22", "98": "2022-02-23", "99": "2022-02-24", "100": "2022-02-25", "101": "2022-02-28", "102": "2022-03-01", "103": "2022-03-02", "104": "2022-03-03", "105": "2022-03-04", "106": "2022-03-07", "107": "2022-03-08", "108": "2022-03-09", "109": "2022-03-10", "110": "2022-03-11", "111": "2022-03-14", "112": "2022-03-15", "113": "2022-03-16", "114": "2022-03-17", "115": "2022-03-18", "116": "2022-03-21", "117": "2022-03-22", "118": "2022-03-23", "119": "2022-03-24", "120": "2022-03-25", "121": "2022-03-28", "122": "2022-03-29", "123": "2022-03-30", "124": "2022-03-31", "125": "2022-04-01", "126": "2022-04-04", "127": "2022-04-05", "128": "2022-04-06", "129": "2022-04-07", "130": "2022-04-08", "131": "2022-04-11", "132": "2022-04-12", "133": "2022-04-13", "134": "2022-04-14", "135": "2022-04-18", "136": "2022-04-19", "137": "2022-04-20", "138": "2022-04-21", "139": "2022-04-22", "140": "2022-04-25", "141": "2022-04-26", "142": "2022-04-27", "143": "2022-04-28", "144": "2022-04-29", "145": "2022-05-02", "146": "2022-05-03", "147": "2022-05-04", "148": "2022-05-05", "149": "2022-05-06", "150": "2022-05-09", "151": "2022-05-10", "152": "2022-05-11", "153": "2022-05-12", "154": "2022-05-13", "155": "2022-05-16", "156": "2022-05-17", "157": "2022-05-18", "158": "2022-05-19", "159": "2022-05-20", "160": "2022-05-23", "161": "2022-05-24", "162": "2022-05-25", "163": "2022-05-26", "164": "2022-05-27", "165": "2022-05-31", "166": "2022-06-01", "167": "2022-06-02", "168": "2022-06-03", "169": "2022-06-06", "170": "2022-06-07", "171": "2022-06-08", "172": "2022-06-09", "173": "2022-06-10", "174": "2022-06-13", "175": "2022-06-14", "176": "2022-06-15", "177": "2022-06-16", "178": "2022-06-17", "179": "2022-06-21", "180": "2022-06-22", "181": "2022-06-23", "182": "2022-06-24", "183": "2022-06-27", "184": "2022-06-28", "185": "2022-06-29", "186": "2022-06-30", "187": "2022-07-01", "188": "2022-07-05", "189": "2022-07-06", "190": "2022-07-07", "191": "2022-07-08", "192": "2022-07-11", "193": "2022-07-12", "194": "2022-07-13", "195": "2022-07-14", "196": "2022-07-15", "197": "2022-07-18", "198": "2022-07-19", "199": "2022-07-20", "200": "2022-07-21", "201": "2022-07-22", "202": "2022-07-25", "203": "2022-07-26", "204": "2022-07-27", "205": "2022-07-28", "206": "2022-07-29", "207": "2022-08-01", "208": "2022-08-02", "209": "2022-08-03", "210": "2022-08-04", "211": "2022-08-05", "212": "2022-08-08", "213": "2022-08-09", "214": "2022-08-10", "215": "2022-08-11", "216": "2022-08-12", "217": "2022-08-15", "218": "2022-08-16", "219": "2022-08-17", "220": "2022-08-18", "221": "2022-08-19", "222": "2022-08-22", "223": "2022-08-23", "224": "2022-08-24", "225": "2022-08-25", "226": "2022-08-26", "227": "2022-08-29", "228": "2022-08-30", "229": "2022-08-31", "230": "2022-09-01", "231": "2022-09-02", "232": "2022-09-06", "233": "2022-09-07", "234": "2022-09-08", "235": "2022-09-09", "236": "2022-09-12", "237": "2022-09-13", "238": "2022-09-14", "239": "2022-09-15", "240": "2022-09-16", "241": "2022-09-19", "242": "2022-09-20", "243": "2022-09-21", "244": "2022-09-22", "245": "2022-09-23", "246": "2022-09-26", "247": "2022-09-27", "248": "2022-09-28", "249": "2022-09-29", "250": "2022-09-30", "251": "2022-10-03", "252": "2022-10-04", "253": "2022-10-05", "254": "2022-10-06", "255": "2022-10-07", "256": "2022-10-10", "257": "2022-10-11", "258": "2022-10-12", "259": "2022-10-13", "260": "2022-10-14", "261": "2022-10-17", "262": "2022-10-18", "263": "2022-10-19", "264": "2022-10-20", "265": "2022-10-21", "266": "2022-10-24", "267": "2022-10-25", "268": "2022-10-26", "269": "2022-10-27", "270": "2022-10-28", "271": "2022-10-31", "272": "2022-11-01", "273": "2022-11-02", "274": "2022-11-03", "275": "2022-11-04", "276": "2022-11-07", "277": "2022-11-08", "278": "2022-11-09", "279": "2022-11-10", "280": "2022-11-11", "281": "2022-11-14", "282": "2022-11-15", "283": "2022-11-16", "284": "2022-11-17", "285": "2022-11-18", "286": "2022-11-21", "287": "2022-11-22", "288": "2022-11-23", "289": "2022-11-25", "290": "2022-11-28", "291": "2022-11-29", "292": "2022-11-30", "293": "2022-12-01", "294": "2022-12-02", "295": "2022-12-05", "296": "2022-12-06", "297": "2022-12-07", "298": "2022-12-08", "299": "2022-12-09", "300": "2022-12-12", "301": "2022-12-13", "302": "2022-12-14", "303": "2022-12-15", "304": "2022-12-16", "305": "2022-12-19", "306": "2022-12-20", "307": "2022-12-21", "308": "2022-12-22", "309": "2022-12-23", "310": "2022-12-27", "311": "2022-12-28", "312": "2022-12-29", "313": "2022-12-30", "314": "2023-01-03", "315": "2023-01-04", "316": "2023-01-05", "317": "2023-01-06", "318": "2023-01-09", "319": "2023-01-10", "320": "2023-01-11", "321": "2023-01-12", "322": "2023-01-13", "323": "2023-01-17", "324": "2023-01-18", "325": "2023-01-19", "326": "2023-01-20", "327": "2023-01-23", "328": "2023-01-24", "329": "2023-01-25", "330": "2023-01-26", "331": "2023-01-27", "332": "2023-01-30", "333": "2023-01-31", "334": "2023-02-01", "335": "2023-02-02", "336": "2023-02-03", "337": "2023-02-06", "338": "2023-02-07", "339": "2023-02-08", "340": "2023-02-09", "341": "2023-02-10", "342": "2023-02-13", "343": "2023-02-14", "344": "2023-02-15", "345": "2023-02-16", "346": "2023-02-17", "347": "2023-02-21", "348": "2023-02-22", "349": "2023-02-23", "350": "2023-02-24", "351": "2023-02-27", "352": "2023-02-28", "353": "2023-03-01", "354": "2023-03-02", "355": "2023-03-03", "356": "2023-03-06", "357": "2023-03-07", "358": "2023-03-08", "359": "2023-03-09", "360": "2023-03-10", "361": "2023-03-13", "362": "2023-03-14", "363": "2023-03-15", "364": "2023-03-16", "365": "2023-03-17", "366": "2023-03-20", "367": "2023-03-21", "368": "2023-03-22", "369": "2023-03-23", "370": "2023-03-24", "371": "2023-03-27", "372": "2023-03-28", "373": "2023-03-29", "374": "2023-03-30", "375": "2023-03-31", "376": "2023-04-03", "377": "2023-04-04", "378": "2023-04-05", "379": "2023-04-06", "380": "2023-04-10", "381": "2023-04-11", "382": "2023-04-12", "383": "2023-04-13", "384": "2023-04-14", "385": "2023-04-17", "386": "2023-04-18", "387": "2023-04-19", "388": "2023-04-20", "389": "2023-04-21", "390": "2023-04-24", "391": "2023-04-25", "392": "2023-04-26", "393": "2023-04-27", "394": "2023-04-28", "395": "2023-05-01", "396": "2023-05-02", "397": "2023-05-03", "398": "2023-05-04", "399": "2023-05-05", "400": "2023-05-08", "401": "2023-05-09", "402": "2023-05-10", "403": "2023-05-11", "404": "2023-05-12", "405": "2023-05-15", "406": "2023-05-16", "407": "2023-05-17", "408": "2023-05-18", "409": "2023-05-19", "410": "2023-05-22", "411": "2023-05-23", "412": "2023-05-24", "413": "2023-05-25", "414": "2023-05-26", "415": "2023-05-30", "416": "2023-05-31", "417": "2023-06-01", "418": "2023-06-02", "419": "2023-06-05", "420": "2023-06-06", "421": "2023-06-07", "422": "2023-06-08", "423": "2023-06-09", "424": "2023-06-12", "425": "2023-06-13", "426": "2023-06-14", "427": "2023-06-15", "428": "2023-06-16", "429": "2023-06-20", "430": "2023-06-21", "431": "2023-06-22", "432": "2023-06-23", "433": "2023-06-26", "434": "2023-06-27", "435": "2023-06-28", "436": "2023-06-29"}, "open": {"0": 9.710000038146973, "1": 9.649999618530273, "2": 9.710000038146973, "3": 9.800000190734863, "4": 9.729999542236328, "5": 9.649999618530273, "6": 9.65999984741211, "7": 9.729999542236328, "8": 9.699999809265137, "9": 9.6899995803833, "10": 9.699999809265137, "11": 9.699999809265137, "12": 9.699999809265137, "13": 9.670000076293945, "14": 9.680000305175781, "15": 9.699999809265137, "16": 9.710000038146973, "17": 9.699999809265137, "18": 9.729999542236328, "19": 9.699999809265137, "20": 9.6899995803833, "21": 9.6899995803833, "22": 9.699999809265137, "23": 9.710000038146973, "24": 9.727999687194824, "25": 9.710000038146973, "26": 9.720000267028809, "27": 9.710000038146973, "28": 9.710000038146973, "29": 9.699999809265137, "30": 9.710000038146973, "31": 9.710000038146973, "32": 9.720999717712402, "33": 9.734999656677246, "34": 9.720000267028809, "35": 9.729999542236328, "36": 9.720000267028809, "37": 9.71399974822998, "38": 9.75, "39": 9.800000190734863, "40": 9.779999732971191, "41": 9.710000038146973, "42": 9.699999809265137, "43": 9.699999809265137, "44": 9.699999809265137, "45": 9.699999809265137, "46": 9.699999809265137, "47": 9.699999809265137, "48": 9.739999771118164, "49": 9.699999809265137, "50": 9.670000076293945, "51": 9.65999984741211, "52": 9.670000076293945, "53": 9.670000076293945, "54": 9.649999618530273, "55": 9.680000305175781, "56": 9.649999618530273, "57": 9.649999618530273, "58": 9.649999618530273, "59": 9.65999984741211, "60": 9.6899995803833, "61": 9.699999809265137, "62": 9.699999809265137, "63": 9.739999771118164, "64": 9.680000305175781, "65": 9.694999694824219, "66": 9.6899995803833, "67": 9.678999900817871, "68": 9.699999809265137, "69": 9.704000473022461, "70": 9.729999542236328, "71": 9.680000305175781, "72": 9.680000305175781, "73": 9.649999618530273, "74": 9.649999618530273, "75": 9.640000343322754, "76": 9.630000114440918, "77": 9.569999694824219, "78": 9.609999656677246, "79": 9.649999618530273, "80": 9.649999618530273, "81": 9.59000015258789, "82": 9.619999885559082, "83": 9.619999885559082, "84": 9.710000038146973, "85": 9.619999885559082, "86": 9.729999542236328, "87": 9.619999885559082, "88": 9.619999885559082, "89": 9.65999984741211, "90": 9.619999885559082, "91": 9.640000343322754, "92": 9.640000343322754, "93": 9.619999885559082, "94": 9.640000343322754, "95": 9.640000343322754, "96": 9.640000343322754, "97": 9.619999885559082, "98": 9.619999885559082, "99": 9.609999656677246, "100": 9.619999885559082, "101": 9.619999885559082, "102": 9.645000457763672, "103": 9.630000114440918, "104": 9.649999618530273, "105": 9.649999618530273, "106": 9.640000343322754, "107": 9.640000343322754, "108": 9.649999618530273, "109": 9.630000114440918, "110": 9.630000114440918, "111": 9.649999618530273, "112": 9.640000343322754, "113": 9.654999732971191, "114": 9.664999961853027, "115": 9.670000076293945, "116": 9.6899995803833, "117": 9.65999984741211, "118": 9.680000305175781, "119": 9.670000076293945, "120": 9.670000076293945, "121": 9.6899995803833, "122": 9.65999984741211, "123": 9.670000076293945, "124": 9.65999984741211, "125": 9.680000305175781, "126": 9.670000076293945, "127": 9.699999809265137, "128": 9.680000305175781, "129": 9.680000305175781, "130": 9.670000076293945, "131": 9.670000076293945, "132": 9.690999984741211, "133": 9.67300033569336, "134": 9.6899995803833, "135": 9.729999542236328, "136": 9.710000038146973, "137": 9.710000038146973, "138": 9.710000038146973, "139": 9.710000038146973, "140": 9.710000038146973, "141": 9.699999809265137, "142": 9.710000038146973, "143": 9.699999809265137, "144": 9.699999809265137, "145": 9.710000038146973, "146": 9.699999809265137, "147": 9.710000038146973, "148": 9.710000038146973, "149": 9.699999809265137, "150": 9.729999542236328, "151": 9.6899995803833, "152": 9.670000076293945, "153": 9.649999618530273, "154": 9.680000305175781, "155": 9.664999961853027, "156": 9.630000114440918, "157": 9.640000343322754, "158": 9.640000343322754, "159": 9.640000343322754, "160": 9.642000198364258, "161": 9.640000343322754, "162": 9.640000343322754, "163": 9.640000343322754, "164": 9.640000343322754, "165": 9.640000343322754, "166": 9.779999732971191, "167": 9.649999618530273, "168": 9.649999618530273, "169": 9.65999984741211, "170": 9.649999618530273, "171": 9.65999984741211, "172": 9.680000305175781, "173": 9.65999984741211, "174": 9.670000076293945, "175": 9.670000076293945, "176": 9.670000076293945, "177": 9.670000076293945, "178": 9.65999984741211, "179": 9.6899995803833, "180": 9.661999702453613, "181": 9.65999984741211, "182": 9.680000305175781, "183": 9.65999984741211, "184": 9.66100025177002, "185": 9.670000076293945, "186": 9.680000305175781, "187": 9.670000076293945, "188": 9.670000076293945, "189": 9.710000038146973, "190": 9.670000076293945, "191": 9.680000305175781, "192": 9.680000305175781, "193": 9.70300006866455, "194": 9.6899995803833, "195": 9.6899995803833, "196": 9.710000038146973, "197": 9.729999542236328, "198": 9.729999542236328, "199": 9.680000305175781, "200": 9.680000305175781, "201": 9.699999809265137, "202": 9.6899995803833, "203": 9.6899995803833, "204": 9.6899995803833, "205": 9.6899995803833, "206": 9.729999542236328, "207": 9.720000267028809, "208": 9.729999542236328, "209": 9.739999771118164, "210": 9.770000457763672, "211": 9.710000038146973, "212": 9.75, "213": 9.729999542236328, "214": 9.729999542236328, "215": 9.729999542236328, "216": 9.744999885559082, "217": 9.729999542236328, "218": 9.739999771118164, "219": 9.729999542236328, "220": 9.720000267028809, "221": 9.720000267028809, "222": 9.720000267028809, "223": 9.739999771118164, "224": 9.770000457763672, "225": 9.760000228881836, "226": 9.760000228881836, "227": 9.760000228881836, "228": 9.789999961853027, "229": 9.77400016784668, "230": 9.760000228881836, "231": 9.760000228881836, "232": 9.75, "233": 9.699999809265137, "234": 9.756999969482422, "235": 9.739999771118164, "236": 9.760000228881836, "237": 9.729999542236328, "238": 9.789999961853027, "239": 9.765000343322754, "240": 9.75, "241": 9.779999732971191, "242": 9.770000457763672, "243": 9.770000457763672, "244": 9.770000457763672, "245": 9.770000457763672, "246": 9.770000457763672, "247": 9.789999961853027, "248": 9.779999732971191, "249": 9.770000457763672, "250": 9.770000457763672, "251": 9.800000190734863, "252": 9.770000457763672, "253": 9.779999732971191, "254": 9.782999992370605, "255": 9.784000396728516, "256": 9.819999694824219, "257": 9.789999961853027, "258": 9.789999961853027, "259": 9.800000190734863, "260": 9.800000190734863, "261": 9.859999656677246, "262": 9.859999656677246, "263": 9.8100004196167, "264": 9.829999923706055, "265": 9.84000015258789, "266": 9.84000015258789, "267": 9.84000015258789, "268": 9.845000267028809, "269": 9.850000381469727, "270": 9.859999656677246, "271": 9.880000114440918, "272": 9.890000343322754, "273": 9.899999618530273, "274": 9.90999984741211, "275": 9.890000343322754, "276": 9.890000343322754, "277": 9.920000076293945, "278": 9.899999618530273, "279": 9.890000343322754, "280": 9.899999618530273, "281": 9.920000076293945, "282": 9.899999618530273, "283": 9.920000076293945, "284": 9.930000305175781, "285": 9.90999984741211, "286": 9.9399995803833, "287": 9.949999809265137, "288": 9.9399995803833, "289": 9.9399995803833, "290": 9.949999809265137, "291": 9.960000038146973, "292": 9.95300006866455, "293": 9.960000038146973, "294": 9.979999542236328, "295": 9.967000007629395, "296": 9.975000381469727, "297": 9.960000038146973, "298": 9.960000038146973, "299": 9.970999717712402, "300": 9.960000038146973, "301": 9.970000267028809, "302": 9.970000267028809, "303": 9.979999542236328, "304": 9.984999656677246, "305": 9.970000267028809, "306": 9.970000267028809, "307": 9.970000267028809, "308": 9.984999656677246, "309": 10.0, "310": 9.989999771118164, "311": 10.0, "312": 10.0, "313": 10.020000457763672, "314": 10.020000457763672, "315": 10.024999618530273, "316": 10.010000228881836, "317": 10.050000190734863, "318": 10.050000190734863, "319": 10.03499984741211, "320": 10.039999961853027, "321": 10.029999732971191, "322": 10.050000190734863, "323": 10.050000190734863, "324": 10.0600004196167, "325": 10.0600004196167, "326": 10.0600004196167, "327": 10.069999694824219, "328": 10.079999923706055, "329": 10.100000381469727, "330": 10.100000381469727, "331": 10.104999542236328, "332": 10.100000381469727, "333": 10.100000381469727, "334": 10.104999542236328, "335": 10.100000381469727, "336": 10.109999656677246, "337": 10.100000381469727, "338": 10.119999885559082, "339": 10.180000305175781, "340": 10.109999656677246, "341": 10.130000114440918, "342": 10.130000114440918, "343": 10.137999534606934, "344": 10.130000114440918, "345": 10.130000114440918, "346": 10.130000114440918, "347": 10.142000198364258, "348": 10.140000343322754, "349": 10.15999984741211, "350": 10.15999984741211, "351": 10.170000076293945, "352": 10.15999984741211, "353": 10.170000076293945, "354": 10.15999984741211, "355": 10.15999984741211, "356": 10.170000076293945, "357": 10.180000305175781, "358": 10.180000305175781, "359": 10.180000305175781, "360": 10.199999809265137, "361": 10.170000076293945, "362": 10.220000267028809, "363": 10.170000076293945, "364": 10.170000076293945, "365": 10.170000076293945, "366": 10.180000305175781, "367": 10.220000267028809, "368": 10.1899995803833, "369": 10.1899995803833, "370": 10.199999809265137, "371": 10.199999809265137, "372": 10.210000038146973, "373": 10.210000038146973, "374": 10.220000267028809, "375": 10.220000267028809, "376": 10.229999542236328, "377": 10.220000267028809, "378": 10.220000267028809, "379": 10.220000267028809, "380": 10.222999572753906, "381": 10.239999771118164, "382": 10.239999771118164, "383": 10.229999542236328, "384": 10.239999771118164, "385": 10.25, "386": 10.229999542236328, "387": 10.241999626159668, "388": 10.239999771118164, "389": 10.241000175476074, "390": 10.25, "391": 10.229999542236328, "392": 10.279999732971191, "393": 10.25, "394": 10.279999732971191, "395": 10.279999732971191, "396": 10.267000198364258, "397": 10.25, "398": 10.300000190734863, "399": 10.329999923706055, "400": 10.319999694824219, "401": 10.27299976348877, "402": 10.279999732971191, "403": 10.279999732971191, "404": 10.300000190734863, "405": 10.300000190734863, "406": 10.289999961853027, "407": 10.279999732971191, "408": 10.300000190734863, "409": 10.295000076293945, "410": 10.279999732971191, "411": 10.289999961853027, "412": 10.279999732971191, "413": 10.300000190734863, "414": 10.289999961853027, "415": 10.300000190734863, "416": 10.300000190734863, "417": 10.3100004196167, "418": 10.3100004196167, "419": 10.319999694824219, "420": 10.359999656677246, "421": 10.331999778747559, "422": 10.399999618530273, "423": 10.359999656677246, "424": 10.350000381469727, "425": 10.359999656677246, "426": 10.319999694824219, "427": 10.350000381469727, "428": 10.319999694824219, "429": 10.350000381469727, "430": 10.380000114440918, "431": 10.350000381469727, "432": 10.350000381469727, "433": 10.350000381469727, "434": 10.359999656677246, "435": 10.359999656677246, "436": 10.359999656677246}, "high": {"0": 9.710000038146973, "1": 9.956999778747559, "2": 9.720000267028809, "3": 9.989999771118164, "4": 9.729999542236328, "5": 9.739999771118164, "6": 9.75, "7": 9.729999542236328, "8": 9.720000267028809, "9": 9.720000267028809, "10": 9.699999809265137, "11": 9.699999809265137, "12": 9.699999809265137, "13": 9.6899995803833, "14": 9.699999809265137, "15": 9.710000038146973, "16": 9.739999771118164, "17": 9.710000038146973, "18": 9.729999542236328, "19": 9.699999809265137, "20": 9.704999923706055, "21": 9.699999809265137, "22": 9.699999809265137, "23": 9.710000038146973, "24": 9.729999542236328, "25": 9.720000267028809, "26": 9.739999771118164, "27": 9.739999771118164, "28": 9.725000381469727, "29": 9.710000038146973, "30": 9.710000038146973, "31": 9.729999542236328, "32": 9.75, "33": 9.739999771118164, "34": 9.75, "35": 9.729999542236328, "36": 9.800000190734863, "37": 9.789999961853027, "38": 9.75, "39": 9.800000190734863, "40": 9.779999732971191, "41": 9.729999542236328, "42": 9.710000038146973, "43": 9.699999809265137, "44": 9.720000267028809, "45": 9.699999809265137, "46": 9.710000038146973, "47": 9.706999778747559, "48": 9.739999771118164, "49": 9.699999809265137, "50": 9.6899995803833, "51": 9.670000076293945, "52": 9.670000076293945, "53": 9.670000076293945, "54": 9.65999984741211, "55": 9.680000305175781, "56": 9.670000076293945, "57": 9.65999984741211, "58": 9.670000076293945, "59": 9.65999984741211, "60": 9.6899995803833, "61": 9.720000267028809, "62": 9.75, "63": 9.739999771118164, "64": 9.710000038146973, "65": 9.694999694824219, "66": 9.723999977111816, "67": 9.722000122070312, "68": 9.699999809265137, "69": 9.720000267028809, "70": 9.729999542236328, "71": 9.680000305175781, "72": 9.694000244140625, "73": 9.680000305175781, "74": 9.649999618530273, "75": 9.65999984741211, "76": 9.659000396728516, "77": 9.649999618530273, "78": 9.649999618530273, "79": 9.649999618530273, "80": 9.649999618530273, "81": 9.715999603271484, "82": 9.640000343322754, "83": 9.729999542236328, "84": 9.710000038146973, "85": 9.699999809265137, "86": 9.729999542236328, "87": 9.670000076293945, "88": 9.6899995803833, "89": 9.670000076293945, "90": 9.680000305175781, "91": 9.680000305175781, "92": 9.680000305175781, "93": 9.680999755859375, "94": 9.680000305175781, "95": 9.699999809265137, "96": 9.640000343322754, "97": 9.640000343322754, "98": 9.649999618530273, "99": 9.65999984741211, "100": 9.649999618530273, "101": 9.649999618530273, "102": 9.65999984741211, "103": 9.670000076293945, "104": 9.649999618530273, "105": 9.656999588012695, "106": 9.65999984741211, "107": 9.649999618530273, "108": 9.65999984741211, "109": 9.649999618530273, "110": 9.670000076293945, "111": 9.670000076293945, "112": 9.670000076293945, "113": 9.680999755859375, "114": 9.678000450134277, "115": 9.699999809265137, "116": 9.6899995803833, "117": 9.670000076293945, "118": 9.6899995803833, "119": 9.699999809265137, "120": 9.6899995803833, "121": 9.6899995803833, "122": 9.680000305175781, "123": 9.680000305175781, "124": 9.685999870300293, "125": 9.6899995803833, "126": 9.699999809265137, "127": 9.699999809265137, "128": 9.699999809265137, "129": 9.680000305175781, "130": 9.699999809265137, "131": 9.680000305175781, "132": 9.690999984741211, "133": 9.699999809265137, "134": 9.710000038146973, "135": 9.729999542236328, "136": 9.710000038146973, "137": 9.725000381469727, "138": 9.729999542236328, "139": 9.71500015258789, "140": 9.710000038146973, "141": 9.720000267028809, "142": 9.720000267028809, "143": 9.708999633789062, "144": 9.710000038146973, "145": 9.710000038146973, "146": 9.720000267028809, "147": 9.725000381469727, "148": 9.720000267028809, "149": 9.711999893188477, "150": 9.729999542236328, "151": 9.6899995803833, "152": 9.682000160217285, "153": 9.670000076293945, "154": 9.680000305175781, "155": 9.664999961853027, "156": 9.675999641418457, "157": 9.699999809265137, "158": 9.66100025177002, "159": 9.664999961853027, "160": 9.680000305175781, "161": 9.640999794006348, "162": 9.649999618530273, "163": 9.649999618530273, "164": 9.640999794006348, "165": 10.0, "166": 9.779999732971191, "167": 9.664999961853027, "168": 9.65999984741211, "169": 9.65999984741211, "170": 9.670000076293945, "171": 9.680000305175781, "172": 9.680000305175781, "173": 9.680000305175781, "174": 9.670000076293945, "175": 9.680000305175781, "176": 9.680000305175781, "177": 9.670000076293945, "178": 9.6899995803833, "179": 9.6899995803833, "180": 9.675000190734863, "181": 9.680000305175781, "182": 9.680000305175781, "183": 9.65999984741211, "184": 9.66100025177002, "185": 9.699999809265137, "186": 9.710000038146973, "187": 9.670000076293945, "188": 9.710000038146973, "189": 9.710000038146973, "190": 9.670000076293945, "191": 9.680000305175781, "192": 9.70300006866455, "193": 9.70300006866455, "194": 9.6899995803833, "195": 9.710000038146973, "196": 9.710000038146973, "197": 9.729999542236328, "198": 9.729999542236328, "199": 9.696999549865723, "200": 9.710000038146973, "201": 9.710000038146973, "202": 9.699999809265137, "203": 9.699999809265137, "204": 9.710000038146973, "205": 9.710000038146973, "206": 9.729999542236328, "207": 9.729999542236328, "208": 9.729999542236328, "209": 9.75, "210": 9.770000457763672, "211": 9.770000457763672, "212": 9.755000114440918, "213": 9.74899959564209, "214": 9.739999771118164, "215": 9.739999771118164, "216": 9.744999885559082, "217": 9.739999771118164, "218": 9.739999771118164, "219": 9.75, "220": 9.739999771118164, "221": 9.720000267028809, "222": 9.739999771118164, "223": 9.755000114440918, "224": 9.770000457763672, "225": 9.779999732971191, "226": 9.770000457763672, "227": 9.770000457763672, "228": 9.789999961853027, "229": 9.77400016784668, "230": 9.760000228881836, "231": 9.770000457763672, "232": 9.765000343322754, "233": 9.756999969482422, "234": 9.756999969482422, "235": 9.755000114440918, "236": 9.760000228881836, "237": 9.774999618530273, "238": 9.789999961853027, "239": 9.765000343322754, "240": 9.789999961853027, "241": 9.78499984741211, "242": 9.779999732971191, "243": 9.779999732971191, "244": 9.779999732971191, "245": 9.78499984741211, "246": 9.789999961853027, "247": 9.789999961853027, "248": 9.78499984741211, "249": 9.770000457763672, "250": 9.770000457763672, "251": 9.800000190734863, "252": 9.795000076293945, "253": 9.789999961853027, "254": 9.789999961853027, "255": 9.789999961853027, "256": 9.819999694824219, "257": 9.800000190734863, "258": 9.807000160217285, "259": 9.800000190734863, "260": 9.819999694824219, "261": 9.859999656677246, "262": 9.859999656677246, "263": 9.8149995803833, "264": 9.84000015258789, "265": 9.859999656677246, "266": 9.859999656677246, "267": 9.84000015258789, "268": 9.869999885559082, "269": 9.869999885559082, "270": 9.869999885559082, "271": 9.885000228881836, "272": 9.890000343322754, "273": 9.916999816894531, "274": 9.90999984741211, "275": 9.890000343322754, "276": 9.895000457763672, "277": 9.920000076293945, "278": 9.90999984741211, "279": 9.90999984741211, "280": 9.90999984741211, "281": 9.920000076293945, "282": 9.90999984741211, "283": 9.930000305175781, "284": 9.9399995803833, "285": 9.9399995803833, "286": 9.960000038146973, "287": 9.960000038146973, "288": 9.954999923706055, "289": 9.954999923706055, "290": 9.970000267028809, "291": 9.970000267028809, "292": 9.970000267028809, "293": 9.970000267028809, "294": 9.979999542236328, "295": 9.979999542236328, "296": 9.975000381469727, "297": 9.960000038146973, "298": 9.96500015258789, "299": 9.970999717712402, "300": 9.979999542236328, "301": 9.979999542236328, "302": 9.989999771118164, "303": 9.989999771118164, "304": 10.0, "305": 9.970000267028809, "306": 9.979999542236328, "307": 9.989999771118164, "308": 9.996999740600586, "309": 10.0, "310": 10.010000228881836, "311": 10.020000457763672, "312": 10.020000457763672, "313": 10.045000076293945, "314": 10.024999618530273, "315": 10.029999732971191, "316": 10.069999694824219, "317": 10.079999923706055, "318": 10.0600004196167, "319": 10.03499984741211, "320": 10.039999961853027, "321": 10.0600004196167, "322": 10.0600004196167, "323": 10.050000190734863, "324": 10.0600004196167, "325": 10.069999694824219, "326": 10.079999923706055, "327": 10.079999923706055, "328": 10.09000015258789, "329": 10.100000381469727, "330": 10.119999885559082, "331": 10.104999542236328, "332": 10.104999542236328, "333": 10.104999542236328, "334": 10.104999542236328, "335": 10.104999542236328, "336": 10.109999656677246, "337": 10.130000114440918, "338": 10.140000343322754, "339": 10.180000305175781, "340": 10.130000114440918, "341": 10.130000114440918, "342": 10.140000343322754, "343": 10.137999534606934, "344": 10.130000114440918, "345": 10.140000343322754, "346": 10.130000114440918, "347": 10.144000053405762, "348": 10.140000343322754, "349": 10.170000076293945, "350": 10.170000076293945, "351": 10.170000076293945, "352": 10.170999526977539, "353": 10.170000076293945, "354": 10.170000076293945, "355": 10.180000305175781, "356": 10.180000305175781, "357": 10.1850004196167, "358": 10.1899995803833, "359": 10.1899995803833, "360": 10.199999809265137, "361": 10.180000305175781, "362": 10.220000267028809, "363": 10.210000038146973, "364": 10.199999809265137, "365": 10.170000076293945, "366": 10.180000305175781, "367": 10.220000267028809, "368": 10.1899995803833, "369": 10.199999809265137, "370": 10.206999778747559, "371": 10.210000038146973, "372": 10.223999977111816, "373": 10.220000267028809, "374": 10.220000267028809, "375": 10.220000267028809, "376": 10.229999542236328, "377": 10.220000267028809, "378": 10.220000267028809, "379": 10.239999771118164, "380": 10.239999771118164, "381": 10.239999771118164, "382": 10.239999771118164, "383": 10.229999542236328, "384": 10.239999771118164, "385": 10.25, "386": 10.244999885559082, "387": 10.241999626159668, "388": 10.244999885559082, "389": 10.241000175476074, "390": 10.25, "391": 10.260000228881836, "392": 10.279999732971191, "393": 10.265000343322754, "394": 10.279999732971191, "395": 10.279999732971191, "396": 10.267000198364258, "397": 10.270000457763672, "398": 10.600000381469727, "399": 10.45199966430664, "400": 10.319999694824219, "401": 10.274999618530273, "402": 10.319999694824219, "403": 10.279999732971191, "404": 10.300000190734863, "405": 10.300000190734863, "406": 10.289999961853027, "407": 10.289999961853027, "408": 10.300000190734863, "409": 10.295000076293945, "410": 10.279999732971191, "411": 10.289999961853027, "412": 10.300000190734863, "413": 10.3100004196167, "414": 10.354999542236328, "415": 10.3100004196167, "416": 10.3100004196167, "417": 10.329999923706055, "418": 10.319999694824219, "419": 10.319999694824219, "420": 10.380000114440918, "421": 10.331999778747559, "422": 10.399999618530273, "423": 10.359999656677246, "424": 10.359999656677246, "425": 10.369999885559082, "426": 10.350000381469727, "427": 10.354000091552734, "428": 10.345000267028809, "429": 10.380000114440918, "430": 10.380000114440918, "431": 10.359999656677246, "432": 10.354999542236328, "433": 10.359999656677246, "434": 10.359999656677246, "435": 10.359999656677246, "436": 10.359999656677246}, "low": {"0": 9.710000038146973, "1": 9.649999618530273, "2": 9.649999618530273, "3": 9.670000076293945, "4": 9.675000190734863, "5": 9.649999618530273, "6": 9.65999984741211, "7": 9.670999526977539, "8": 9.649999618530273, "9": 9.66100025177002, "10": 9.65999984741211, "11": 9.680000305175781, "12": 9.670000076293945, "13": 9.670000076293945, "14": 9.670000076293945, "15": 9.680000305175781, "16": 9.6899995803833, "17": 9.6899995803833, "18": 9.690999984741211, "19": 9.6899995803833, "20": 9.6899995803833, "21": 9.6899995803833, "22": 9.6899995803833, "23": 9.699999809265137, "24": 9.710000038146973, "25": 9.710000038146973, "26": 9.710000038146973, "27": 9.710000038146973, "28": 9.710000038146973, "29": 9.699999809265137, "30": 9.699999809265137, "31": 9.710000038146973, "32": 9.720999717712402, "33": 9.725000381469727, "34": 9.699999809265137, "35": 9.699999809265137, "36": 9.699999809265137, "37": 9.71399974822998, "38": 9.75, "39": 9.720000267028809, "40": 9.739999771118164, "41": 9.710000038146973, "42": 9.699999809265137, "43": 9.699999809265137, "44": 9.699999809265137, "45": 9.699999809265137, "46": 9.6899995803833, "47": 9.699999809265137, "48": 9.6899995803833, "49": 9.670000076293945, "50": 9.664999961853027, "51": 9.65999984741211, "52": 9.670000076293945, "53": 9.670000076293945, "54": 9.649999618530273, "55": 9.664999961853027, "56": 9.649999618530273, "57": 9.649999618530273, "58": 9.649999618530273, "59": 9.65999984741211, "60": 9.6899995803833, "61": 9.694999694824219, "62": 9.699999809265137, "63": 9.670000076293945, "64": 9.680000305175781, "65": 9.694000244140625, "66": 9.6899995803833, "67": 9.670000076293945, "68": 9.699999809265137, "69": 9.704000473022461, "70": 9.680000305175781, "71": 9.65999984741211, "72": 9.649999618530273, "73": 9.649999618530273, "74": 9.635000228881836, "75": 9.640000343322754, "76": 9.619999885559082, "77": 9.569999694824219, "78": 9.609999656677246, "79": 9.649999618530273, "80": 9.649999618530273, "81": 9.579999923706055, "82": 9.609999656677246, "83": 9.619999885559082, "84": 9.619999885559082, "85": 9.619999885559082, "86": 9.612000465393066, "87": 9.619999885559082, "88": 9.619999885559082, "89": 9.630000114440918, "90": 9.619999885559082, "91": 9.640000343322754, "92": 9.640000343322754, "93": 9.619999885559082, "94": 9.640000343322754, "95": 9.640000343322754, "96": 9.609999656677246, "97": 9.619999885559082, "98": 9.619999885559082, "99": 9.609999656677246, "100": 9.619999885559082, "101": 9.619999885559082, "102": 9.645000457763672, "103": 9.630000114440918, "104": 9.649999618530273, "105": 9.630000114440918, "106": 9.640000343322754, "107": 9.640000343322754, "108": 9.649999618530273, "109": 9.630000114440918, "110": 9.630000114440918, "111": 9.649999618530273, "112": 9.640000343322754, "113": 9.654999732971191, "114": 9.664999961853027, "115": 9.670000076293945, "116": 9.649999618530273, "117": 9.65999984741211, "118": 9.680000305175781, "119": 9.670000076293945, "120": 9.670000076293945, "121": 9.630000114440918, "122": 9.649999618530273, "123": 9.65999984741211, "124": 9.65999984741211, "125": 9.649999618530273, "126": 9.670000076293945, "127": 9.680000305175781, "128": 9.670000076293945, "129": 9.67300033569336, "130": 9.670000076293945, "131": 9.670000076293945, "132": 9.670000076293945, "133": 9.670000076293945, "134": 9.6899995803833, "135": 9.699999809265137, "136": 9.70199966430664, "137": 9.710000038146973, "138": 9.710000038146973, "139": 9.710000038146973, "140": 9.699999809265137, "141": 9.699999809265137, "142": 9.710000038146973, "143": 9.699999809265137, "144": 9.699999809265137, "145": 9.699999809265137, "146": 9.699999809265137, "147": 9.710000038146973, "148": 9.699999809265137, "149": 9.697999954223633, "150": 9.6899995803833, "151": 9.670000076293945, "152": 9.670000076293945, "153": 9.645000457763672, "154": 9.640000343322754, "155": 9.664999961853027, "156": 9.630000114440918, "157": 9.640000343322754, "158": 9.640000343322754, "159": 9.630000114440918, "160": 9.642000198364258, "161": 9.630000114440918, "162": 9.640000343322754, "163": 9.640000343322754, "164": 9.640000343322754, "165": 9.631999969482422, "166": 9.640000343322754, "167": 9.649999618530273, "168": 9.649999618530273, "169": 9.649999618530273, "170": 9.640000343322754, "171": 9.65999984741211, "172": 9.680000305175781, "173": 9.65999984741211, "174": 9.670000076293945, "175": 9.670000076293945, "176": 9.670000076293945, "177": 9.65999984741211, "178": 9.65999984741211, "179": 9.65999984741211, "180": 9.65999984741211, "181": 9.65999984741211, "182": 9.65999984741211, "183": 9.65999984741211, "184": 9.65999984741211, "185": 9.670000076293945, "186": 9.680000305175781, "187": 9.670000076293945, "188": 9.670000076293945, "189": 9.710000038146973, "190": 9.670000076293945, "191": 9.680000305175781, "192": 9.680000305175781, "193": 9.70300006866455, "194": 9.6899995803833, "195": 9.6899995803833, "196": 9.6899995803833, "197": 9.6899995803833, "198": 9.680000305175781, "199": 9.670000076293945, "200": 9.680000305175781, "201": 9.699999809265137, "202": 9.6899995803833, "203": 9.6899995803833, "204": 9.6899995803833, "205": 9.6899995803833, "206": 9.710000038146973, "207": 9.720000267028809, "208": 9.720000267028809, "209": 9.739999771118164, "210": 9.739999771118164, "211": 9.710000038146973, "212": 9.720000267028809, "213": 9.729999542236328, "214": 9.729999542236328, "215": 9.729999542236328, "216": 9.729999542236328, "217": 9.729999542236328, "218": 9.729999542236328, "219": 9.729999542236328, "220": 9.720000267028809, "221": 9.720000267028809, "222": 9.720000267028809, "223": 9.739999771118164, "224": 9.739999771118164, "225": 9.760000228881836, "226": 9.760000228881836, "227": 9.760000228881836, "228": 9.770000457763672, "229": 9.760000228881836, "230": 9.760000228881836, "231": 9.760000228881836, "232": 9.75, "233": 9.699999809265137, "234": 9.756999969482422, "235": 9.739999771118164, "236": 9.760000228881836, "237": 9.729999542236328, "238": 9.760000228881836, "239": 9.760000228881836, "240": 9.75, "241": 9.779999732971191, "242": 9.770000457763672, "243": 9.770000457763672, "244": 9.770000457763672, "245": 9.770000457763672, "246": 9.770000457763672, "247": 9.770000457763672, "248": 9.779999732971191, "249": 9.770000457763672, "250": 9.770000457763672, "251": 9.770000457763672, "252": 9.770000457763672, "253": 9.779999732971191, "254": 9.779999732971191, "255": 9.779999732971191, "256": 9.789999961853027, "257": 9.789999961853027, "258": 9.789999961853027, "259": 9.800000190734863, "260": 9.800000190734863, "261": 9.800000190734863, "262": 9.819999694824219, "263": 9.8100004196167, "264": 9.829999923706055, "265": 9.84000015258789, "266": 9.84000015258789, "267": 9.84000015258789, "268": 9.845000267028809, "269": 9.850000381469727, "270": 9.850000381469727, "271": 9.86299991607666, "272": 9.869999885559082, "273": 9.892999649047852, "274": 9.899999618530273, "275": 9.880000114440918, "276": 9.880000114440918, "277": 9.890000343322754, "278": 9.899999618530273, "279": 9.890000343322754, "280": 9.899999618530273, "281": 9.899999618530273, "282": 9.899999618530273, "283": 9.920000076293945, "284": 9.930000305175781, "285": 9.90999984741211, "286": 9.9399995803833, "287": 9.9399995803833, "288": 9.9399995803833, "289": 9.9399995803833, "290": 9.949999809265137, "291": 9.949999809265137, "292": 9.95300006866455, "293": 9.960000038146973, "294": 9.979999542236328, "295": 9.967000007629395, "296": 9.970000267028809, "297": 9.960000038146973, "298": 9.960000038146973, "299": 9.960000038146973, "300": 9.960000038146973, "301": 9.970000267028809, "302": 9.970000267028809, "303": 9.979999542236328, "304": 9.984999656677246, "305": 9.970000267028809, "306": 9.970000267028809, "307": 9.970000267028809, "308": 9.984999656677246, "309": 10.0, "310": 9.989999771118164, "311": 10.0, "312": 10.0, "313": 10.020000457763672, "314": 10.020000457763672, "315": 10.024999618530273, "316": 10.010000228881836, "317": 10.050000190734863, "318": 10.020000457763672, "319": 10.03499984741211, "320": 10.029999732971191, "321": 10.029999732971191, "322": 10.050000190734863, "323": 10.050000190734863, "324": 10.050000190734863, "325": 10.050000190734863, "326": 10.0600004196167, "327": 10.069999694824219, "328": 10.079999923706055, "329": 10.09000015258789, "330": 10.100000381469727, "331": 10.100000381469727, "332": 10.100000381469727, "333": 10.100000381469727, "334": 10.104999542236328, "335": 10.100000381469727, "336": 10.102999687194824, "337": 10.100000381469727, "338": 10.109999656677246, "339": 10.109999656677246, "340": 10.109999656677246, "341": 10.119999885559082, "342": 10.130000114440918, "343": 10.130000114440918, "344": 10.130000114440918, "345": 10.130000114440918, "346": 10.130000114440918, "347": 10.130000114440918, "348": 10.140000343322754, "349": 10.149999618530273, "350": 10.152999877929688, "351": 10.170000076293945, "352": 10.15999984741211, "353": 10.170000076293945, "354": 10.15999984741211, "355": 10.15999984741211, "356": 10.170000076293945, "357": 10.180000305175781, "358": 10.180000305175781, "359": 10.180000305175781, "360": 10.180000305175781, "361": 10.170000076293945, "362": 10.170000076293945, "363": 10.170000076293945, "364": 10.170000076293945, "365": 10.170000076293945, "366": 10.170000076293945, "367": 10.180000305175781, "368": 10.180000305175781, "369": 10.1899995803833, "370": 10.199999809265137, "371": 10.199999809265137, "372": 10.210000038146973, "373": 10.210000038146973, "374": 10.210000038146973, "375": 10.220000267028809, "376": 10.220000267028809, "377": 10.220000267028809, "378": 10.220000267028809, "379": 10.220000267028809, "380": 10.220000267028809, "381": 10.239999771118164, "382": 10.239999771118164, "383": 10.229999542236328, "384": 10.239999771118164, "385": 10.239999771118164, "386": 10.229999542236328, "387": 10.229999542236328, "388": 10.239999771118164, "389": 10.241000175476074, "390": 10.244999885559082, "391": 10.229999542236328, "392": 10.25, "393": 10.25, "394": 10.260000228881836, "395": 10.239999771118164, "396": 10.267000198364258, "397": 10.25, "398": 10.270000457763672, "399": 10.270000457763672, "400": 10.319999694824219, "401": 10.270000457763672, "402": 10.279999732971191, "403": 10.279999732971191, "404": 10.300000190734863, "405": 10.289999961853027, "406": 10.289999961853027, "407": 10.279999732971191, "408": 10.28499984741211, "409": 10.279999732971191, "410": 10.279999732971191, "411": 10.289999961853027, "412": 10.279999732971191, "413": 10.289999961853027, "414": 10.289999961853027, "415": 10.289999961853027, "416": 10.300000190734863, "417": 10.3100004196167, "418": 10.3100004196167, "419": 10.319999694824219, "420": 10.34000015258789, "421": 10.331999778747559, "422": 10.354999542236328, "423": 10.34000015258789, "424": 10.34000015258789, "425": 10.350000381469727, "426": 10.319999694824219, "427": 10.350000381469727, "428": 10.319999694824219, "429": 10.350000381469727, "430": 10.350000381469727, "431": 10.350000381469727, "432": 10.350000381469727, "433": 10.350000381469727, "434": 10.359999656677246, "435": 10.359999656677246, "436": 10.359999656677246}, "close": {"0": 9.710000038146973, "1": 9.704999923706055, "2": 9.670000076293945, "3": 9.729999542236328, "4": 9.6899995803833, "5": 9.739999771118164, "6": 9.720000267028809, "7": 9.6899995803833, "8": 9.6899995803833, "9": 9.699999809265137, "10": 9.670000076293945, "11": 9.680000305175781, "12": 9.6899995803833, "13": 9.6899995803833, "14": 9.670000076293945, "15": 9.708000183105469, "16": 9.710000038146973, "17": 9.710000038146973, "18": 9.690999984741211, "19": 9.699999809265137, "20": 9.6899995803833, "21": 9.692999839782715, "22": 9.6899995803833, "23": 9.710000038146973, "24": 9.710000038146973, "25": 9.710000038146973, "26": 9.729999542236328, "27": 9.739999771118164, "28": 9.725000381469727, "29": 9.710000038146973, "30": 9.710000038146973, "31": 9.720000267028809, "32": 9.75, "33": 9.739999771118164, "34": 9.699999809265137, "35": 9.720000267028809, "36": 9.800000190734863, "37": 9.789999961853027, "38": 9.75, "39": 9.77299976348877, "40": 9.739999771118164, "41": 9.720000267028809, "42": 9.699999809265137, "43": 9.699999809265137, "44": 9.699999809265137, "45": 9.699999809265137, "46": 9.699999809265137, "47": 9.699999809265137, "48": 9.6899995803833, "49": 9.670000076293945, "50": 9.664999961853027, "51": 9.670000076293945, "52": 9.670000076293945, "53": 9.670000076293945, "54": 9.65999984741211, "55": 9.664999961853027, "56": 9.670000076293945, "57": 9.649999618530273, "58": 9.649999618530273, "59": 9.65999984741211, "60": 9.6899995803833, "61": 9.699999809265137, "62": 9.75, "63": 9.710000038146973, "64": 9.710000038146973, "65": 9.694999694824219, "66": 9.720000267028809, "67": 9.720000267028809, "68": 9.699999809265137, "69": 9.710000038146973, "70": 9.6899995803833, "71": 9.675000190734863, "72": 9.694000244140625, "73": 9.649999618530273, "74": 9.640000343322754, "75": 9.649999618530273, "76": 9.630000114440918, "77": 9.649999618530273, "78": 9.649999618530273, "79": 9.649999618530273, "80": 9.649999618530273, "81": 9.609999656677246, "82": 9.640000343322754, "83": 9.6899995803833, "84": 9.640000343322754, "85": 9.699999809265137, "86": 9.640000343322754, "87": 9.649999618530273, "88": 9.65999984741211, "89": 9.649999618530273, "90": 9.680000305175781, "91": 9.670000076293945, "92": 9.649999618530273, "93": 9.670000076293945, "94": 9.670000076293945, "95": 9.649999618530273, "96": 9.619999885559082, "97": 9.630000114440918, "98": 9.640000343322754, "99": 9.65999984741211, "100": 9.649999618530273, "101": 9.645000457763672, "102": 9.649999618530273, "103": 9.649999618530273, "104": 9.649999618530273, "105": 9.649999618530273, "106": 9.649999618530273, "107": 9.649999618530273, "108": 9.65999984741211, "109": 9.649999618530273, "110": 9.670000076293945, "111": 9.670000076293945, "112": 9.670000076293945, "113": 9.680000305175781, "114": 9.670000076293945, "115": 9.699999809265137, "116": 9.6899995803833, "117": 9.670000076293945, "118": 9.680000305175781, "119": 9.6899995803833, "120": 9.6899995803833, "121": 9.680000305175781, "122": 9.680000305175781, "123": 9.680000305175781, "124": 9.680000305175781, "125": 9.680000305175781, "126": 9.699999809265137, "127": 9.6899995803833, "128": 9.699999809265137, "129": 9.67300033569336, "130": 9.6899995803833, "131": 9.680000305175781, "132": 9.6850004196167, "133": 9.699999809265137, "134": 9.710000038146973, "135": 9.71500015258789, "136": 9.710000038146973, "137": 9.725000381469727, "138": 9.729999542236328, "139": 9.71500015258789, "140": 9.710000038146973, "141": 9.710000038146973, "142": 9.720000267028809, "143": 9.699999809265137, "144": 9.710000038146973, "145": 9.704999923706055, "146": 9.710000038146973, "147": 9.720000267028809, "148": 9.699999809265137, "149": 9.711999893188477, "150": 9.6899995803833, "151": 9.680000305175781, "152": 9.680000305175781, "153": 9.65999984741211, "154": 9.640000343322754, "155": 9.664999961853027, "156": 9.640000343322754, "157": 9.656999588012695, "158": 9.649999618530273, "159": 9.630000114440918, "160": 9.680000305175781, "161": 9.630000114440918, "162": 9.645999908447266, "163": 9.640000343322754, "164": 9.640000343322754, "165": 10.0, "166": 9.65999984741211, "167": 9.649999618530273, "168": 9.65999984741211, "169": 9.649999618530273, "170": 9.670000076293945, "171": 9.680000305175781, "172": 9.680000305175781, "173": 9.680000305175781, "174": 9.670000076293945, "175": 9.680000305175781, "176": 9.680000305175781, "177": 9.670000076293945, "178": 9.6899995803833, "179": 9.65999984741211, "180": 9.65999984741211, "181": 9.680000305175781, "182": 9.65999984741211, "183": 9.65999984741211, "184": 9.65999984741211, "185": 9.699999809265137, "186": 9.710000038146973, "187": 9.670000076293945, "188": 9.710000038146973, "189": 9.710000038146973, "190": 9.670000076293945, "191": 9.680000305175781, "192": 9.70300006866455, "193": 9.70300006866455, "194": 9.6899995803833, "195": 9.699999809265137, "196": 9.6899995803833, "197": 9.6899995803833, "198": 9.680000305175781, "199": 9.680000305175781, "200": 9.699999809265137, "201": 9.710000038146973, "202": 9.6899995803833, "203": 9.699999809265137, "204": 9.710000038146973, "205": 9.710000038146973, "206": 9.729999542236328, "207": 9.720000267028809, "208": 9.720000267028809, "209": 9.739999771118164, "210": 9.75, "211": 9.75, "212": 9.720000267028809, "213": 9.729999542236328, "214": 9.729999542236328, "215": 9.739999771118164, "216": 9.729999542236328, "217": 9.739999771118164, "218": 9.739999771118164, "219": 9.739999771118164, "220": 9.739999771118164, "221": 9.720000267028809, "222": 9.720000267028809, "223": 9.755000114440918, "224": 9.770000457763672, "225": 9.760000228881836, "226": 9.770000457763672, "227": 9.770000457763672, "228": 9.770000457763672, "229": 9.760000228881836, "230": 9.760000228881836, "231": 9.770000457763672, "232": 9.75, "233": 9.756999969482422, "234": 9.756999969482422, "235": 9.75, "236": 9.760000228881836, "237": 9.770000457763672, "238": 9.770000457763672, "239": 9.760000228881836, "240": 9.789999961853027, "241": 9.779999732971191, "242": 9.779999732971191, "243": 9.779999732971191, "244": 9.779999732971191, "245": 9.779999732971191, "246": 9.779999732971191, "247": 9.78499984741211, "248": 9.779999732971191, "249": 9.770000457763672, "250": 9.770000457763672, "251": 9.774999618530273, "252": 9.789999961853027, "253": 9.789999961853027, "254": 9.789999961853027, "255": 9.789999961853027, "256": 9.789999961853027, "257": 9.789999961853027, "258": 9.807000160217285, "259": 9.800000190734863, "260": 9.819999694824219, "261": 9.8100004196167, "262": 9.819999694824219, "263": 9.8100004196167, "264": 9.84000015258789, "265": 9.84000015258789, "266": 9.84000015258789, "267": 9.84000015258789, "268": 9.869999885559082, "269": 9.854999542236328, "270": 9.869999885559082, "271": 9.885000228881836, "272": 9.880000114440918, "273": 9.90999984741211, "274": 9.899999618530273, "275": 9.880000114440918, "276": 9.880000114440918, "277": 9.899999618530273, "278": 9.899999618530273, "279": 9.90999984741211, "280": 9.90999984741211, "281": 9.90999984741211, "282": 9.90999984741211, "283": 9.930000305175781, "284": 9.9399995803833, "285": 9.9399995803833, "286": 9.949999809265137, "287": 9.949999809265137, "288": 9.949999809265137, "289": 9.949999809265137, "290": 9.949999809265137, "291": 9.960000038146973, "292": 9.960000038146973, "293": 9.970000267028809, "294": 9.979999542236328, "295": 9.979999542236328, "296": 9.970000267028809, "297": 9.960000038146973, "298": 9.960000038146973, "299": 9.960000038146973, "300": 9.979999542236328, "301": 9.970000267028809, "302": 9.984999656677246, "303": 9.979999542236328, "304": 9.989999771118164, "305": 9.970000267028809, "306": 9.979999542236328, "307": 9.989999771118164, "308": 9.994999885559082, "309": 10.0, "310": 10.0, "311": 10.010000228881836, "312": 10.020000457763672, "313": 10.020000457763672, "314": 10.020000457763672, "315": 10.029999732971191, "316": 10.0600004196167, "317": 10.079999923706055, "318": 10.039999961853027, "319": 10.03499984741211, "320": 10.039999961853027, "321": 10.0600004196167, "322": 10.050000190734863, "323": 10.050000190734863, "324": 10.055000305175781, "325": 10.069999694824219, "326": 10.069999694824219, "327": 10.079999923706055, "328": 10.09000015258789, "329": 10.100000381469727, "330": 10.104999542236328, "331": 10.104999542236328, "332": 10.104999542236328, "333": 10.104999542236328, "334": 10.104999542236328, "335": 10.104999542236328, "336": 10.109999656677246, "337": 10.119999885559082, "338": 10.109999656677246, "339": 10.119999885559082, "340": 10.125, "341": 10.119999885559082, "342": 10.140000343322754, "343": 10.130000114440918, "344": 10.130000114440918, "345": 10.130000114440918, "346": 10.130000114440918, "347": 10.144000053405762, "348": 10.140000343322754, "349": 10.15999984741211, "350": 10.170000076293945, "351": 10.170000076293945, "352": 10.170999526977539, "353": 10.170000076293945, "354": 10.170000076293945, "355": 10.170000076293945, "356": 10.180000305175781, "357": 10.1850004196167, "358": 10.1850004196167, "359": 10.180000305175781, "360": 10.180000305175781, "361": 10.180000305175781, "362": 10.170000076293945, "363": 10.170000076293945, "364": 10.170000076293945, "365": 10.170000076293945, "366": 10.180000305175781, "367": 10.180000305175781, "368": 10.1899995803833, "369": 10.199999809265137, "370": 10.199999809265137, "371": 10.210000038146973, "372": 10.210000038146973, "373": 10.220000267028809, "374": 10.21500015258789, "375": 10.220000267028809, "376": 10.220000267028809, "377": 10.220000267028809, "378": 10.220000267028809, "379": 10.220000267028809, "380": 10.239999771118164, "381": 10.239999771118164, "382": 10.239999771118164, "383": 10.229999542236328, "384": 10.239999771118164, "385": 10.239999771118164, "386": 10.239999771118164, "387": 10.229999542236328, "388": 10.244999885559082, "389": 10.241000175476074, "390": 10.244999885559082, "391": 10.260000228881836, "392": 10.25, "393": 10.260000228881836, "394": 10.279999732971191, "395": 10.260000228881836, "396": 10.267000198364258, "397": 10.270000457763672, "398": 10.34000015258789, "399": 10.270000457763672, "400": 10.319999694824219, "401": 10.274999618530273, "402": 10.289999961853027, "403": 10.279999732971191, "404": 10.300000190734863, "405": 10.289999961853027, "406": 10.289999961853027, "407": 10.289999961853027, "408": 10.28499984741211, "409": 10.279999732971191, "410": 10.279999732971191, "411": 10.289999961853027, "412": 10.289999961853027, "413": 10.289999961853027, "414": 10.289999961853027, "415": 10.300000190734863, "416": 10.3100004196167, "417": 10.329999923706055, "418": 10.319999694824219, "419": 10.319999694824219, "420": 10.34000015258789, "421": 10.331999778747559, "422": 10.354999542236328, "423": 10.34000015258789, "424": 10.350000381469727, "425": 10.354000091552734, "426": 10.350000381469727, "427": 10.354000091552734, "428": 10.34000015258789, "429": 10.380000114440918, "430": 10.369999885559082, "431": 10.359999656677246, "432": 10.354999542236328, "433": 10.359999656677246, "434": 10.359999656677246, "435": 10.359999656677246, "436": 10.359999656677246}, "volume": {"0": 100, "1": 15200, "2": 34700, "3": 92700, "4": 20700, "5": 117200, "6": 3400, "7": 34500, "8": 27100, "9": 77800, "10": 9800, "11": 14300, "12": 1100, "13": 218500, "14": 126600, "15": 164700, "16": 42500, "17": 3500, "18": 700, "19": 4700, "20": 2000, "21": 24300, "22": 2400, "23": 4400, "24": 2600, "25": 1400, "26": 36400, "27": 1400, "28": 20400, "29": 1500, "30": 4600, "31": 3700, "32": 1900, "33": 1400, "34": 13000, "35": 202500, "36": 51500, "37": 300, "38": 400, "39": 1500, "40": 1100, "41": 327900, "42": 1800, "43": 423400, "44": 5400, "45": 2100, "46": 390200, "47": 14500, "48": 19100, "49": 1500, "50": 13800, "51": 10600, "52": 100, "53": 400, "54": 5200, "55": 600, "56": 700, "57": 1300, "58": 800, "59": 400, "60": 1100, "61": 2300, "62": 34600, "63": 32600, "64": 1400, "65": 4300, "66": 6300, "67": 5500, "68": 2200, "69": 15700, "70": 159200, "71": 36300, "72": 175300, "73": 6200, "74": 2500, "75": 3600, "76": 2300, "77": 47000, "78": 3000, "79": 600, "80": 300, "81": 10200, "82": 4800, "83": 28700, "84": 19200, "85": 9300, "86": 6100, "87": 7000, "88": 2900, "89": 26000, "90": 524700, "91": 8100, "92": 1500, "93": 8900, "94": 1000, "95": 6500, "96": 2900, "97": 1200, "98": 8400, "99": 2700, "100": 300, "101": 600, "102": 14200, "103": 28700, "104": 10200, "105": 48500, "106": 29100, "107": 39800, "108": 12900, "109": 18000, "110": 5400, "111": 800, "112": 11100, "113": 2400, "114": 6700, "115": 14400, "116": 42900, "117": 600, "118": 3500, "119": 57200, "120": 5900, "121": 85000, "122": 22000, "123": 700, "124": 7700, "125": 47200, "126": 689800, "127": 223700, "128": 604300, "129": 800, "130": 15900, "131": 1800, "132": 6700, "133": 22400, "134": 8800, "135": 3000, "136": 5600, "137": 700, "138": 500, "139": 1500, "140": 166300, "141": 86400, "142": 6100, "143": 6100, "144": 25100, "145": 22000, "146": 1758200, "147": 471200, "148": 212100, "149": 289500, "150": 122900, "151": 15700, "152": 2500, "153": 6100, "154": 2700, "155": 170400, "156": 1100, "157": 21400, "158": 2900, "159": 19900, "160": 9000, "161": 6900, "162": 16900, "163": 25600, "164": 222000, "165": 22300, "166": 21800, "167": 127000, "168": 73900, "169": 105500, "170": 860100, "171": 3600, "172": 100, "173": 3100, "174": 2200, "175": 14600, "176": 400, "177": 304500, "178": 8100, "179": 621700, "180": 1800, "181": 700, "182": 800, "183": 4700, "184": 300, "185": 1400, "186": 352400, "187": 500, "188": 2400, "189": 0, "190": 100, "191": 6200, "192": 600, "193": 0, "194": 300, "195": 196700, "196": 11200, "197": 700, "198": 15300, "199": 76500, "200": 30700, "201": 5200, "202": 3000, "203": 4000, "204": 109200, "205": 123400, "206": 3500, "207": 800, "208": 531400, "209": 25500, "210": 329500, "211": 1030100, "212": 13600, "213": 290600, "214": 67000, "215": 2000, "216": 3800, "217": 152000, "218": 161700, "219": 4500, "220": 4300, "221": 200, "222": 40600, "223": 3600, "224": 38400, "225": 1898200, "226": 2900, "227": 500, "228": 9100, "229": 1100, "230": 3000, "231": 2600, "232": 16200, "233": 3500, "234": 0, "235": 4900, "236": 800, "237": 334300, "238": 214500, "239": 6200, "240": 464600, "241": 402200, "242": 6400, "243": 29800, "244": 18000, "245": 9600, "246": 80500, "247": 27400, "248": 1100, "249": 2300, "250": 0, "251": 6400, "252": 101300, "253": 3400, "254": 2800, "255": 12900, "256": 400, "257": 3300, "258": 129300, "259": 100, "260": 400, "261": 1103700, "262": 800, "263": 1000, "264": 5900, "265": 500, "266": 18600, "267": 100, "268": 10600, "269": 784100, "270": 19700, "271": 72200, "272": 26500, "273": 12300, "274": 6200, "275": 1100, "276": 400, "277": 21000, "278": 1100, "279": 400, "280": 1096700, "281": 6100, "282": 800, "283": 31200, "284": 33400, "285": 20700, "286": 58400, "287": 60500, "288": 106300, "289": 593700, "290": 68300, "291": 102700, "292": 900, "293": 87900, "294": 9400, "295": 500, "296": 1700, "297": 100, "298": 2400, "299": 700, "300": 1200, "301": 4900, "302": 3000, "303": 2500, "304": 13900, "305": 6500, "306": 400, "307": 1100, "308": 6500, "309": 2200, "310": 126900, "311": 172100, "312": 23800, "313": 5900, "314": 60700, "315": 5300, "316": 1100, "317": 577100, "318": 40000, "319": 800, "320": 16300, "321": 215900, "322": 19800, "323": 0, "324": 3700, "325": 20500, "326": 43500, "327": 3000, "328": 33400, "329": 19100, "330": 4200, "331": 3700, "332": 600, "333": 3800, "334": 700, "335": 1400, "336": 4200, "337": 781200, "338": 300200, "339": 1300, "340": 251200, "341": 2400, "342": 12900, "343": 700, "344": 4200, "345": 127200, "346": 0, "347": 4700, "348": 400, "349": 15400, "350": 31200, "351": 1500, "352": 3900, "353": 900, "354": 4500, "355": 23600, "356": 61400, "357": 1100, "358": 1900, "359": 2400, "360": 4400, "361": 600, "362": 14100, "363": 1700, "364": 1900, "365": 300, "366": 1800, "367": 1900, "368": 6400, "369": 9500, "370": 900, "371": 41900, "372": 1700, "373": 400, "374": 28400, "375": 23200, "376": 20600, "377": 0, "378": 900, "379": 20900, "380": 13300, "381": 0, "382": 0, "383": 100, "384": 20600, "385": 2600, "386": 4500, "387": 14800, "388": 1900, "389": 1200, "390": 300, "391": 33900, "392": 1500, "393": 1500, "394": 1600, "395": 634800, "396": 400, "397": 4700, "398": 286800, "399": 7300, "400": 200, "401": 4400, "402": 13800, "403": 400, "404": 300, "405": 4000, "406": 900, "407": 2500, "408": 500, "409": 4400, "410": 1100, "411": 300, "412": 24400, "413": 8900, "414": 8000, "415": 3800, "416": 1700, "417": 1000, "418": 2100, "419": 100, "420": 1300, "421": 300, "422": 1700, "423": 8300, "424": 286800, "425": 53900, "426": 3500, "427": 7400, "428": 194700, "429": 203000, "430": 1900, "431": 2000, "432": 1800, "433": 18600, "434": 200, "435": 300, "436": 1600}, "adjclose": {"0": 9.710000038146973, "1": 9.704999923706055, "2": 9.670000076293945, "3": 9.729999542236328, "4": 9.6899995803833, "5": 9.739999771118164, "6": 9.720000267028809, "7": 9.6899995803833, "8": 9.6899995803833, "9": 9.699999809265137, "10": 9.670000076293945, "11": 9.680000305175781, "12": 9.6899995803833, "13": 9.6899995803833, "14": 9.670000076293945, "15": 9.708000183105469, "16": 9.710000038146973, "17": 9.710000038146973, "18": 9.690999984741211, "19": 9.699999809265137, "20": 9.6899995803833, "21": 9.692999839782715, "22": 9.6899995803833, "23": 9.710000038146973, "24": 9.710000038146973, "25": 9.710000038146973, "26": 9.729999542236328, "27": 9.739999771118164, "28": 9.725000381469727, "29": 9.710000038146973, "30": 9.710000038146973, "31": 9.720000267028809, "32": 9.75, "33": 9.739999771118164, "34": 9.699999809265137, "35": 9.720000267028809, "36": 9.800000190734863, "37": 9.789999961853027, "38": 9.75, "39": 9.77299976348877, "40": 9.739999771118164, "41": 9.720000267028809, "42": 9.699999809265137, "43": 9.699999809265137, "44": 9.699999809265137, "45": 9.699999809265137, "46": 9.699999809265137, "47": 9.699999809265137, "48": 9.6899995803833, "49": 9.670000076293945, "50": 9.664999961853027, "51": 9.670000076293945, "52": 9.670000076293945, "53": 9.670000076293945, "54": 9.65999984741211, "55": 9.664999961853027, "56": 9.670000076293945, "57": 9.649999618530273, "58": 9.649999618530273, "59": 9.65999984741211, "60": 9.6899995803833, "61": 9.699999809265137, "62": 9.75, "63": 9.710000038146973, "64": 9.710000038146973, "65": 9.694999694824219, "66": 9.720000267028809, "67": 9.720000267028809, "68": 9.699999809265137, "69": 9.710000038146973, "70": 9.6899995803833, "71": 9.675000190734863, "72": 9.694000244140625, "73": 9.649999618530273, "74": 9.640000343322754, "75": 9.649999618530273, "76": 9.630000114440918, "77": 9.649999618530273, "78": 9.649999618530273, "79": 9.649999618530273, "80": 9.649999618530273, "81": 9.609999656677246, "82": 9.640000343322754, "83": 9.6899995803833, "84": 9.640000343322754, "85": 9.699999809265137, "86": 9.640000343322754, "87": 9.649999618530273, "88": 9.65999984741211, "89": 9.649999618530273, "90": 9.680000305175781, "91": 9.670000076293945, "92": 9.649999618530273, "93": 9.670000076293945, "94": 9.670000076293945, "95": 9.649999618530273, "96": 9.619999885559082, "97": 9.630000114440918, "98": 9.640000343322754, "99": 9.65999984741211, "100": 9.649999618530273, "101": 9.645000457763672, "102": 9.649999618530273, "103": 9.649999618530273, "104": 9.649999618530273, "105": 9.649999618530273, "106": 9.649999618530273, "107": 9.649999618530273, "108": 9.65999984741211, "109": 9.649999618530273, "110": 9.670000076293945, "111": 9.670000076293945, "112": 9.670000076293945, "113": 9.680000305175781, "114": 9.670000076293945, "115": 9.699999809265137, "116": 9.6899995803833, "117": 9.670000076293945, "118": 9.680000305175781, "119": 9.6899995803833, "120": 9.6899995803833, "121": 9.680000305175781, "122": 9.680000305175781, "123": 9.680000305175781, "124": 9.680000305175781, "125": 9.680000305175781, "126": 9.699999809265137, "127": 9.6899995803833, "128": 9.699999809265137, "129": 9.67300033569336, "130": 9.6899995803833, "131": 9.680000305175781, "132": 9.6850004196167, "133": 9.699999809265137, "134": 9.710000038146973, "135": 9.71500015258789, "136": 9.710000038146973, "137": 9.725000381469727, "138": 9.729999542236328, "139": 9.71500015258789, "140": 9.710000038146973, "141": 9.710000038146973, "142": 9.720000267028809, "143": 9.699999809265137, "144": 9.710000038146973, "145": 9.704999923706055, "146": 9.710000038146973, "147": 9.720000267028809, "148": 9.699999809265137, "149": 9.711999893188477, "150": 9.6899995803833, "151": 9.680000305175781, "152": 9.680000305175781, "153": 9.65999984741211, "154": 9.640000343322754, "155": 9.664999961853027, "156": 9.640000343322754, "157": 9.656999588012695, "158": 9.649999618530273, "159": 9.630000114440918, "160": 9.680000305175781, "161": 9.630000114440918, "162": 9.645999908447266, "163": 9.640000343322754, "164": 9.640000343322754, "165": 10.0, "166": 9.65999984741211, "167": 9.649999618530273, "168": 9.65999984741211, "169": 9.649999618530273, "170": 9.670000076293945, "171": 9.680000305175781, "172": 9.680000305175781, "173": 9.680000305175781, "174": 9.670000076293945, "175": 9.680000305175781, "176": 9.680000305175781, "177": 9.670000076293945, "178": 9.6899995803833, "179": 9.65999984741211, "180": 9.65999984741211, "181": 9.680000305175781, "182": 9.65999984741211, "183": 9.65999984741211, "184": 9.65999984741211, "185": 9.699999809265137, "186": 9.710000038146973, "187": 9.670000076293945, "188": 9.710000038146973, "189": 9.710000038146973, "190": 9.670000076293945, "191": 9.680000305175781, "192": 9.70300006866455, "193": 9.70300006866455, "194": 9.6899995803833, "195": 9.699999809265137, "196": 9.6899995803833, "197": 9.6899995803833, "198": 9.680000305175781, "199": 9.680000305175781, "200": 9.699999809265137, "201": 9.710000038146973, "202": 9.6899995803833, "203": 9.699999809265137, "204": 9.710000038146973, "205": 9.710000038146973, "206": 9.729999542236328, "207": 9.720000267028809, "208": 9.720000267028809, "209": 9.739999771118164, "210": 9.75, "211": 9.75, "212": 9.720000267028809, "213": 9.729999542236328, "214": 9.729999542236328, "215": 9.739999771118164, "216": 9.729999542236328, "217": 9.739999771118164, "218": 9.739999771118164, "219": 9.739999771118164, "220": 9.739999771118164, "221": 9.720000267028809, "222": 9.720000267028809, "223": 9.755000114440918, "224": 9.770000457763672, "225": 9.760000228881836, "226": 9.770000457763672, "227": 9.770000457763672, "228": 9.770000457763672, "229": 9.760000228881836, "230": 9.760000228881836, "231": 9.770000457763672, "232": 9.75, "233": 9.756999969482422, "234": 9.756999969482422, "235": 9.75, "236": 9.760000228881836, "237": 9.770000457763672, "238": 9.770000457763672, "239": 9.760000228881836, "240": 9.789999961853027, "241": 9.779999732971191, "242": 9.779999732971191, "243": 9.779999732971191, "244": 9.779999732971191, "245": 9.779999732971191, "246": 9.779999732971191, "247": 9.78499984741211, "248": 9.779999732971191, "249": 9.770000457763672, "250": 9.770000457763672, "251": 9.774999618530273, "252": 9.789999961853027, "253": 9.789999961853027, "254": 9.789999961853027, "255": 9.789999961853027, "256": 9.789999961853027, "257": 9.789999961853027, "258": 9.807000160217285, "259": 9.800000190734863, "260": 9.819999694824219, "261": 9.8100004196167, "262": 9.819999694824219, "263": 9.8100004196167, "264": 9.84000015258789, "265": 9.84000015258789, "266": 9.84000015258789, "267": 9.84000015258789, "268": 9.869999885559082, "269": 9.854999542236328, "270": 9.869999885559082, "271": 9.885000228881836, "272": 9.880000114440918, "273": 9.90999984741211, "274": 9.899999618530273, "275": 9.880000114440918, "276": 9.880000114440918, "277": 9.899999618530273, "278": 9.899999618530273, "279": 9.90999984741211, "280": 9.90999984741211, "281": 9.90999984741211, "282": 9.90999984741211, "283": 9.930000305175781, "284": 9.9399995803833, "285": 9.9399995803833, "286": 9.949999809265137, "287": 9.949999809265137, "288": 9.949999809265137, "289": 9.949999809265137, "290": 9.949999809265137, "291": 9.960000038146973, "292": 9.960000038146973, "293": 9.970000267028809, "294": 9.979999542236328, "295": 9.979999542236328, "296": 9.970000267028809, "297": 9.960000038146973, "298": 9.960000038146973, "299": 9.960000038146973, "300": 9.979999542236328, "301": 9.970000267028809, "302": 9.984999656677246, "303": 9.979999542236328, "304": 9.989999771118164, "305": 9.970000267028809, "306": 9.979999542236328, "307": 9.989999771118164, "308": 9.994999885559082, "309": 10.0, "310": 10.0, "311": 10.010000228881836, "312": 10.020000457763672, "313": 10.020000457763672, "314": 10.020000457763672, "315": 10.029999732971191, "316": 10.0600004196167, "317": 10.079999923706055, "318": 10.039999961853027, "319": 10.03499984741211, "320": 10.039999961853027, "321": 10.0600004196167, "322": 10.050000190734863, "323": 10.050000190734863, "324": 10.055000305175781, "325": 10.069999694824219, "326": 10.069999694824219, "327": 10.079999923706055, "328": 10.09000015258789, "329": 10.100000381469727, "330": 10.104999542236328, "331": 10.104999542236328, "332": 10.104999542236328, "333": 10.104999542236328, "334": 10.104999542236328, "335": 10.104999542236328, "336": 10.109999656677246, "337": 10.119999885559082, "338": 10.109999656677246, "339": 10.119999885559082, "340": 10.125, "341": 10.119999885559082, "342": 10.140000343322754, "343": 10.130000114440918, "344": 10.130000114440918, "345": 10.130000114440918, "346": 10.130000114440918, "347": 10.144000053405762, "348": 10.140000343322754, "349": 10.15999984741211, "350": 10.170000076293945, "351": 10.170000076293945, "352": 10.170999526977539, "353": 10.170000076293945, "354": 10.170000076293945, "355": 10.170000076293945, "356": 10.180000305175781, "357": 10.1850004196167, "358": 10.1850004196167, "359": 10.180000305175781, "360": 10.180000305175781, "361": 10.180000305175781, "362": 10.170000076293945, "363": 10.170000076293945, "364": 10.170000076293945, "365": 10.170000076293945, "366": 10.180000305175781, "367": 10.180000305175781, "368": 10.1899995803833, "369": 10.199999809265137, "370": 10.199999809265137, "371": 10.210000038146973, "372": 10.210000038146973, "373": 10.220000267028809, "374": 10.21500015258789, "375": 10.220000267028809, "376": 10.220000267028809, "377": 10.220000267028809, "378": 10.220000267028809, "379": 10.220000267028809, "380": 10.239999771118164, "381": 10.239999771118164, "382": 10.239999771118164, "383": 10.229999542236328, "384": 10.239999771118164, "385": 10.239999771118164, "386": 10.239999771118164, "387": 10.229999542236328, "388": 10.244999885559082, "389": 10.241000175476074, "390": 10.244999885559082, "391": 10.260000228881836, "392": 10.25, "393": 10.260000228881836, "394": 10.279999732971191, "395": 10.260000228881836, "396": 10.267000198364258, "397": 10.270000457763672, "398": 10.34000015258789, "399": 10.270000457763672, "400": 10.319999694824219, "401": 10.274999618530273, "402": 10.289999961853027, "403": 10.279999732971191, "404": 10.300000190734863, "405": 10.289999961853027, "406": 10.289999961853027, "407": 10.289999961853027, "408": 10.28499984741211, "409": 10.279999732971191, "410": 10.279999732971191, "411": 10.289999961853027, "412": 10.289999961853027, "413": 10.289999961853027, "414": 10.289999961853027, "415": 10.300000190734863, "416": 10.3100004196167, "417": 10.329999923706055, "418": 10.319999694824219, "419": 10.319999694824219, "420": 10.34000015258789, "421": 10.331999778747559, "422": 10.354999542236328, "423": 10.34000015258789, "424": 10.350000381469727, "425": 10.354000091552734, "426": 10.350000381469727, "427": 10.354000091552734, "428": 10.34000015258789, "429": 10.380000114440918, "430": 10.369999885559082, "431": 10.359999656677246, "432": 10.354999542236328, "433": 10.359999656677246, "434": 10.359999656677246, "435": 10.359999656677246, "436": 10.359999656677246}}, "profile": {"address1": "301 Commerce Street", "address2": "Suite 3300", "city": "Fort Worth", "state": "TX", "zip": "76102", "country": "United States", "phone": "212 405 8458", "website": "https://www.afternexthealthtech.com", "industry": "Shell Companies", "industryDisp": "Shell Companies", "sector": "Financial Services", "longBusinessSummary": "AfterNext HealthTech Acquisition Corp. does not have significant operations. It intends to effect a merger, capital stock exchange, asset acquisition, stock purchase, reorganization, or other similar business combination with one or more operating businesses or assets in the healthcare and technology industry. The company was incorporated in 2021 and is based in Fort Worth, Texas.", "companyOfficers": [{"maxAge": 1, "name": "Mr. R. Halsey Wise M.B.A.", "age": 57, "title": "CEO & Chairman", "yearBorn": 1965, "exercisedValue": 0, "unexercisedValue": 0}, {"maxAge": 1, "name": "Mr. Anthony  Colaluca Jr.", "age": 55, "title": "Pres & Director", "yearBorn": 1967, "exercisedValue": 0, "unexercisedValue": 0}, {"maxAge": 1, "name": "Mr. Martin Louis Davidson CPA", "age": 45, "title": "Chief Financial Officer", "yearBorn": 1977, "exercisedValue": 0, "unexercisedValue": 0}, {"maxAge": 1, "name": "Mr. Art  Heidrich", "age": 34, "title": "Sec.", "yearBorn": 1988, "exercisedValue": 0, "unexercisedValue": 0}], "maxAge": 86400, "latitude": 32.75601999962517, "longitude": -97.33059496494504}}