{"income_statement": {"annual": {"Year": {"1": "Revenue", "2": "Revenue Growth (YoY)", "3": "Gross Profit", "4": "Selling, General & Admin", "5": "Other Operating Expenses", "6": "Operating Expenses", "7": "Operating Income", "8": "Other Expense / Income", "9": "Pretax Income", "10": "Income Tax", "11": "Net Income", "12": "Preferred Dividends", "13": "Net Income Common", "14": "Net Income Growth", "15": "Shares Outstanding (Basic)", "16": "Shares Change", "17": "EPS (Basic)", "18": "EPS (Diluted)", "19": "EPS Growth", "20": "Free Cash Flow Per Share", "21": "Dividend Per Share", "22": "Dividend Growth", "23": "Gross Margin", "24": "Operating Margin", "25": "Profit Margin", "26": "Free Cash Flow Margin", "27": "Effective Tax Rate", "28": "EBITDA", "29": "EBITDA Margin", "30": "EBIT", "31": "EBIT Margin"}, "2022": {"1": "308.31", "2": "25.39%", "3": "308.31", "4": "81.81", "5": "0.82", "6": "82.63", "7": "225.68", "8": "-", "9": "225.68", "10": "47.54", "11": "178.14", "12": "27.17", "13": "150.98", "14": "35.51%", "15": "11", "16": "0.32%", "17": "14.00", "18": "13.87", "19": "35.05%", "20": "74.93", "21": "3.800", "22": "7.95%", "23": "100.00%", "24": "73.20%", "25": "48.97%", "26": "262.49%", "27": "21.06%", "28": "225.68", "29": "73.20%", "30": "225.68", "31": "73.20%"}, "2021": {"1": "245.88", "2": "19.31%", "3": "245.88", "4": "73.42", "5": "0", "6": "73.42", "7": "172.46", "8": "-", "9": "172.46", "10": "36.37", "11": "136.09", "12": "24.68", "13": "111.41", "14": "17.39%", "15": "11", "16": "0.28%", "17": "10.36", "18": "10.27", "19": "16.70%", "20": "40.53", "21": "3.520", "22": "10.00%", "23": "100.00%", "24": "70.14%", "25": "45.31%", "26": "177.49%", "27": "21.09%", "28": "172.46", "29": "70.14%", "30": "172.46", "31": "70.14%"}, "2020": {"1": "206.09", "2": "8.14%", "3": "206.09", "4": "61.4", "5": "0", "6": "61.4", "7": "144.68", "8": "-", "9": "144.68", "10": "30.31", "11": "114.38", "12": "19.47", "13": "94.9", "14": "1.34%", "15": "11", "16": "0.23%", "17": "8.85", "18": "8.80", "19": "1.27%", "20": "-8.81", "21": "3.200", "22": "14.29%", "23": "100.00%", "24": "70.21%", "25": "46.05%", "26": "-45.88%", "27": "20.95%", "28": "144.68", "29": "70.21%", "30": "144.68", "31": "70.21%"}, "2019": {"1": "190.58", "2": "2.55%", "3": "190.58", "4": "51.86", "5": "0.06", "6": "51.93", "7": "138.65", "8": "-", "9": "138.65", "10": "29.11", "11": "109.55", "12": "15.9", "13": "93.65", "14": "-1.32%", "15": "11", "16": "0.40%", "17": "8.76", "18": "8.69", "19": "-1.59%", "20": "-1.84", "21": "2.800", "22": "20.69%", "23": "100.00%", "24": "72.75%", "25": "49.14%", "26": "-10.34%", "27": "20.99%", "28": "138.65", "29": "72.75%", "30": "138.65", "31": "72.75%"}, "2018": {"1": "185.84", "2": "7.14%", "3": "185.84", "4": "49.8", "5": "0.02", "6": "49.82", "7": "136.02", "8": "-", "9": "136.02", "10": "27.94", "11": "108.08", "12": "13.18", "13": "94.9", "14": "33.10%", "15": "11", "16": "0.48%", "17": "8.91", "18": "8.83", "19": "33.79%", "20": "18.75", "21": "2.320", "22": "61.11%", "23": "100.00%", "24": "73.19%", "25": "51.06%", "26": "107.64%", "27": "20.54%", "28": "136.02", "29": "73.19%", "30": "136.02", "31": "73.19%"}, "2017": {"1": "173.45", "2": "8.63%", "3": "173.45", "4": "42.69", "5": "0.07", "6": "42.77", "7": "130.69", "8": "-0.17", "9": "130.85", "10": "46.37", "11": "84.48", "12": "13.18", "13": "71.3", "14": "11.14%", "15": "11", "16": "1.28%", "17": "6.73", "18": "6.60", "19": "10.55%", "20": "16.48", "21": "1.440", "22": "38.46%", "23": "100.00%", "24": "75.34%", "25": "41.11%", "26": "100.90%", "27": "35.44%", "28": "130.85", "29": "75.44%", "30": "130.85", "31": "75.44%"}, "2016": {"1": "159.68", "2": "11.23%", "3": "159.68", "4": "40.34", "5": "-0.02", "6": "40.32", "7": "119.36", "8": "-0.03", "9": "119.39", "10": "42.06", "11": "77.33", "12": "13.18", "13": "64.15", "14": "35.42%", "15": "10", "16": "-3.63%", "17": "6.12", "18": "5.97", "19": "42.48%", "20": "20.29", "21": "1.040", "22": "62.50%", "23": "100.00%", "24": "74.75%", "25": "40.18%", "26": "133.20%", "27": "35.23%", "28": "119.39", "29": "74.77%", "30": "119.39", "31": "74.77%"}, "2015": {"1": "143.56", "2": "37.25%", "3": "143.56", "4": "37.57", "5": "-2.09", "6": "35.48", "7": "108.08", "8": "5.14", "9": "102.94", "10": "34.24", "11": "68.7", "12": "21.33", "13": "47.37", "14": "23.84%", "15": "11", "16": "-0.53%", "17": "4.33", "18": "4.19", "19": "24.33%", "20": "17.00", "21": "0.640", "22": "14.29%", "23": "100.00%", "24": "75.28%", "25": "33.00%", "26": "128.79%", "27": "33.26%", "28": "102.94", "29": "71.70%", "30": "102.94", "31": "71.70%"}, "2014": {"1": "104.6", "2": "-36.37%", "3": "104.6", "4": "33.59", "5": "-2.1", "6": "31.49", "7": "73.11", "8": "22.19", "9": "50.91", "10": "2.82", "11": "48.09", "12": "9.84", "13": "38.25", "14": "-46.75%", "15": "11", "16": "0.66%", "17": "3.50", "18": "3.37", "19": "-47.43%", "20": "14.18", "21": "0.560", "22": "16.67%", "23": "100.00%", "24": "69.89%", "25": "36.57%", "26": "148.24%", "27": "5.55%", "28": "50.91", "29": "48.68%", "30": "50.91", "31": "48.68%"}, "2013": {"1": "164.37", "2": "34.71%", "3": "164.37", "4": "31.76", "5": "1.35", "6": "33.11", "7": "131.27", "8": "22.19", "9": "109.08", "10": "33.75", "11": "75.33", "12": "3.5", "13": "71.83", "14": "63.65%", "15": "11", "16": "3.38%", "17": "6.64", "18": "6.41", "19": "61.06%", "20": "28.90", "21": "0.480", "22": "20.00%", "23": "100.00%", "24": "79.86%", "25": "43.70%", "26": "191.02%", "27": "30.94%", "28": "109.08", "29": "66.36%", "30": "109.08", "31": "66.36%"}, "2012 - 1994": {"1": "Upgrade", "2": "Upgrade", "3": "Upgrade", "4": "Upgrade", "5": "Upgrade", "6": "Upgrade", "7": "Upgrade", "8": "Upgrade", "9": "Upgrade", "10": "Upgrade", "11": "Upgrade", "12": "Upgrade", "13": "Upgrade", "14": "Upgrade", "15": "Upgrade", "16": "Upgrade", "17": "Upgrade", "18": "Upgrade", "19": "Upgrade", "20": "Upgrade", "21": "Upgrade", "22": "Upgrade", "23": "Upgrade", "24": "Upgrade", "25": "Upgrade", "26": "Upgrade", "27": "Upgrade", "28": "Upgrade", "29": "Upgrade", "30": "Upgrade", "31": "Upgrade"}}, "quarterly": {"Metrics": {"1": "Revenue", "2": "Revenue Growth (YoY)", "3": "Gross Profit", "4": "Selling, General & Admin", "5": "Other Operating Expenses", "6": "Operating Expenses", "7": "Operating Income", "8": "Other Expense / Income", "9": "Pretax Income", "10": "Income Tax", "11": "Net Income", "12": "Preferred Dividends", "13": "Net Income Common", "14": "Net Income Growth", "15": "Shares Outstanding (Basic)", "16": "Shares Change", "17": "EPS (Basic)", "18": "EPS (Diluted)", "19": "EPS Growth", "20": "Free Cash Flow Per Share", "21": "Dividend Per Share", "22": "Dividend Growth", "23": "Gross Margin", "24": "Operating Margin", "25": "Profit Margin", "26": "Free Cash Flow Margin", "27": "Effective Tax Rate", "28": "EBITDA", "29": "EBITDA Margin", "30": "EBIT", "31": "EBIT Margin"}, "2023-03-31": {"1": "83.87", "2": "-3.48%", "3": "83.87", "4": "23.71", "5": "0", "6": "23.71", "7": "60.15", "8": "-", "9": "60.15", "10": "13.12", "11": "47.04", "12": "6.79", "13": "40.24", "14": "-9.89%", "15": "11", "16": "0.33%", "17": "3.73", "18": "3.69", "19": "-10.00%", "20": "5.61", "21": "1.100", "22": "15.79%", "23": "100.00%", "24": "71.73%", "25": "47.99%", "26": "72.21%", "27": "21.81%", "28": "60.15", "29": "71.73%", "30": "60.15", "31": "71.73%"}, "2022-12-31": {"1": "77.03", "2": "21.45%", "3": "77.03", "4": "20.99", "5": "0.82", "6": "21.81", "7": "55.22", "8": "-", "9": "55.22", "10": "11.8", "11": "43.42", "12": "6.79", "13": "36.63", "14": "35.35%", "15": "11", "16": "0.32%", "17": "3.39", "18": "3.36", "19": "35.48%", "20": "9.54", "21": "0.950", "22": "7.95%", "23": "100.00%", "24": "71.68%", "25": "47.55%", "26": "133.73%", "27": "21.37%", "28": "55.22", "29": "71.68%", "30": "55.22", "31": "71.68%"}, "2022-09-30": {"1": "71.43", "2": "15.58%", "3": "71.43", "4": "19.38", "5": "0", "6": "19.38", "7": "52.05", "8": "-", "9": "52.05", "10": "10.63", "11": "41.42", "12": "6.79", "13": "34.63", "14": "21.37%", "15": "11", "16": "0.29%", "17": "3.21", "18": "3.18", "19": "20.91%", "20": "16.69", "21": "0.950", "22": "7.95%", "23": "100.00%", "24": "72.87%", "25": "48.48%", "26": "252.35%", "27": "20.42%", "28": "52.05", "29": "72.87%", "30": "52.05", "31": "72.87%"}, "2022-06-30": {"1": "78.08", "2": "38.39%", "3": "78.08", "4": "20.05", "5": "0", "6": "20.05", "7": "58.03", "8": "-", "9": "58.03", "10": "12.13", "11": "45.9", "12": "6.79", "13": "39.1", "14": "53.69%", "15": "11", "16": "0.31%", "17": "3.62", "18": "3.60", "19": "53.19%", "20": "23.78", "21": "0.950", "22": "7.95%", "23": "100.00%", "24": "74.32%", "25": "50.08%", "26": "328.79%", "27": "20.91%", "28": "58.03", "29": "74.32%", "30": "58.03", "31": "74.32%"}, "2022-03-31": {"1": "86.89", "2": "42.03%", "3": "86.89", "4": "21.39", "5": "0", "6": "21.39", "7": "65.5", "8": "-", "9": "65.5", "10": "14.05", "11": "51.45", "12": "6.79", "13": "44.66", "14": "59.75%", "15": "11", "16": "0.27%", "17": "4.15", "18": "4.10", "19": "58.91%", "20": "25.01", "21": "0.950", "22": "7.95%", "23": "100.00%", "24": "75.38%", "25": "51.40%", "26": "309.95%", "27": "21.44%", "28": "65.5", "29": "75.38%", "30": "65.5", "31": "75.38%"}, "2021-12-31": {"1": "63.43", "2": "-6.37%", "3": "63.43", "4": "20.55", "5": "0", "6": "20.55", "7": "42.88", "8": "-", "9": "42.88", "10": "9.02", "11": "33.85", "12": "6.79", "13": "27.06", "14": "-23.03%", "15": "11", "16": "0.28%", "17": "2.52", "18": "2.48", "19": "-23.93%", "20": "0.30", "21": "0.880", "22": "10.00%", "23": "100.00%", "24": "67.60%", "25": "42.67%", "26": "5.03%", "27": "21.04%", "28": "42.88", "29": "67.60%", "30": "42.88", "31": "67.60%"}, "2021-09-30": {"1": "61.8", "2": "33.21%", "3": "61.8", "4": "17.11", "5": "0", "6": "17.11", "7": "44.69", "8": "-", "9": "44.69", "10": "9.39", "11": "35.31", "12": "6.77", "13": "28.53", "14": "52.91%", "15": "11", "16": "0.31%", "17": "2.65", "18": "2.63", "19": "52.02%", "20": "11.84", "21": "0.880", "22": "10.00%", "23": "100.00%", "24": "72.32%", "25": "46.17%", "26": "206.22%", "27": "21.01%", "28": "44.69", "29": "72.32%", "30": "44.69", "31": "72.32%"}, "2021-06-30": {"1": "56.42", "2": "-4.65%", "3": "56.42", "4": "16.88", "5": "0", "6": "16.88", "7": "39.54", "8": "-", "9": "39.54", "10": "8.25", "11": "31.29", "12": "5.84", "13": "25.44", "14": "-19.70%", "15": "11", "16": "0.31%", "17": "2.36", "18": "2.35", "19": "-20.07%", "20": "-8.55", "21": "0.880", "22": "10.00%", "23": "100.00%", "24": "70.08%", "25": "45.10%", "26": "-163.12%", "27": "20.87%", "28": "39.54", "29": "70.08%", "30": "39.54", "31": "70.08%"}, "2021-03-31": {"1": "61.18", "2": "86.59%", "3": "61.18", "4": "18.88", "5": "0", "6": "18.88", "7": "42.29", "8": "-", "9": "42.29", "10": "9.07", "11": "33.23", "12": "5.27", "13": "27.96", "14": "197.46%", "15": "11", "16": "0.23%", "17": "2.60", "18": "2.58", "19": "196.55%", "20": "37.05", "21": "0.880", "22": "10.00%", "23": "100.00%", "24": "69.14%", "25": "45.70%", "26": "650.26%", "27": "21.44%", "28": "42.29", "29": "69.14%", "30": "42.29", "31": "69.14%"}, "2020-12-31": {"1": "67.74", "2": "24.36%", "3": "67.74", "4": "16.52", "5": "0", "6": "16.52", "7": "51.22", "8": "-", "9": "51.22", "10": "10.79", "11": "40.43", "12": "5.27", "13": "35.16", "14": "20.96%", "15": "11", "16": "0.23%", "17": "3.28", "18": "3.26", "19": "20.74%", "20": "12.19", "21": "0.800", "22": "14.29%", "23": "100.00%", "24": "75.61%", "25": "51.90%", "26": "193.18%", "27": "21.07%", "28": "51.22", "29": "75.61%", "30": "51.22", "31": "75.61%"}, "2020-09-30": {"1": "46.39", "2": "28.66%", "3": "46.39", "4": "14.56", "5": "0", "6": "14.56", "7": "31.83", "8": "-", "9": "31.83", "10": "6.34", "11": "25.49", "12": "6.83", "13": "18.66", "14": "29.52%", "15": "11", "16": "0.30%", "17": "1.74", "18": "1.73", "19": "30.08%", "20": "7.60", "21": "0.800", "22": "14.29%", "23": "100.00%", "24": "68.62%", "25": "40.22%", "26": "175.75%", "27": "19.92%", "28": "31.83", "29": "68.62%", "30": "31.83", "31": "68.62%"}, "2020-06-30": {"1": "59.17", "2": "6.87%", "3": "59.17", "4": "14.11", "5": "0", "6": "14.11", "7": "45.06", "8": "-", "9": "45.06", "10": "9.44", "11": "35.63", "12": "3.94", "13": "31.69", "14": "11.95%", "15": "11", "16": "0.28%", "17": "2.95", "18": "2.94", "19": "11.79%", "20": "2.18", "21": "0.800", "22": "14.29%", "23": "100.00%", "24": "76.16%", "25": "53.55%", "26": "39.49%", "27": "20.94%", "28": "45.06", "29": "76.16%", "30": "45.06", "31": "76.16%"}, "2020-03-31": {"1": "32.79", "2": "-26.62%", "3": "32.79", "4": "16.22", "5": "0", "6": "16.22", "7": "16.57", "8": "-", "9": "16.57", "10": "3.74", "11": "12.83", "12": "3.43", "13": "9.4", "14": "-57.03%", "15": "11", "16": "0.41%", "17": "0.88", "18": "0.87", "19": "-57.14%", "20": "-30.84", "21": "0.800", "22": "14.29%", "23": "100.00%", "24": "50.54%", "25": "28.67%", "26": "-1007.48%", "27": "22.58%", "28": "16.57", "29": "50.54%", "30": "16.57", "31": "50.54%"}, "2019-12-31": {"1": "54.47", "2": "27.70%", "3": "54.47", "4": "13.23", "5": "0", "6": "13.23", "7": "41.24", "8": "-", "9": "41.24", "10": "8.74", "11": "32.5", "12": "3.43", "13": "29.07", "14": "48.60%", "15": "11", "16": "0.40%", "17": "2.72", "18": "2.70", "19": "48.35%", "20": "11.05", "21": "0.700", "22": "20.69%", "23": "100.00%", "24": "75.71%", "25": "53.36%", "26": "217.32%", "27": "21.20%", "28": "41.24", "29": "75.71%", "30": "41.24", "31": "75.71%"}, "2019-09-30": {"1": "36.06", "2": "-27.01%", "3": "36.06", "4": "13.6", "5": "0", "6": "13.6", "7": "22.46", "8": "-", "9": "22.46", "10": "4.63", "11": "17.83", "12": "3.43", "13": "14.41", "14": "-45.58%", "15": "11", "16": "0.30%", "17": "1.34", "18": "1.33", "19": "-45.93%", "20": "-3.50", "21": "0.700", "22": "20.69%", "23": "100.00%", "24": "62.30%", "25": "39.95%", "26": "-103.74%", "27": "20.61%", "28": "22.46", "29": "62.30%", "30": "22.46", "31": "62.30%"}, "2019-06-30": {"1": "55.37", "2": "10.98%", "3": "55.37", "4": "12.15", "5": "0.06", "6": "12.21", "7": "43.16", "8": "-", "9": "43.16", "10": "9.11", "11": "34.05", "12": "5.74", "13": "28.3", "14": "7.46%", "15": "11", "16": "0.44%", "17": "2.65", "18": "2.63", "19": "7.35%", "20": "-11.14", "21": "0.700", "22": "20.69%", "23": "100.00%", "24": "77.95%", "25": "51.12%", "26": "-215.27%", "27": "21.11%", "28": "43.16", "29": "77.95%", "30": "43.16", "31": "77.95%"}, "2019-03-31": {"1": "44.68", "2": "1.78%", "3": "44.68", "4": "12.89", "5": "0", "6": "12.89", "7": "31.79", "8": "-", "9": "31.79", "10": "6.62", "11": "25.17", "12": "3.3", "13": "21.87", "14": "-2.89%", "15": "11", "16": "0.44%", "17": "2.05", "18": "2.03", "19": "-3.33%", "20": "1.74", "21": "0.700", "22": "20.69%", "23": "100.00%", "24": "71.15%", "25": "48.95%", "26": "41.45%", "27": "20.83%", "28": "31.79", "29": "71.15%", "30": "31.79", "31": "71.15%"}, "2018-12-31": {"1": "42.66", "2": "-1.90%", "3": "42.66", "4": "13.68", "5": "-0.08", "6": "13.61", "7": "29.05", "8": "-", "9": "29.05", "10": "6.19", "11": "22.86", "12": "3.3", "13": "19.56", "14": "17.06%", "15": "11", "16": "0.48%", "17": "1.84", "18": "1.82", "19": "18.18%", "20": "-4.89", "21": "0.580", "22": "61.11%", "23": "100.00%", "24": "68.10%", "25": "45.86%", "26": "-122.36%", "27": "21.32%", "28": "29.05", "29": "68.10%", "30": "29.05", "31": "68.10%"}, "2018-09-30": {"1": "49.4", "2": "13.32%", "3": "49.4", "4": "11.75", "5": "-0.1", "6": "11.65", "7": "37.75", "8": "-", "9": "37.75", "10": "7.98", "11": "29.77", "12": "3.3", "13": "26.47", "14": "43.20%", "15": "11", "16": "0.61%", "17": "2.48", "18": "2.46", "19": "43.86%", "20": "8.44", "21": "0.580", "22": "61.11%", "23": "100.00%", "24": "76.42%", "25": "53.59%", "26": "182.34%", "27": "21.14%", "28": "37.75", "29": "76.42%", "30": "37.75", "31": "76.42%"}, "2018-06-30": {"1": "49.89", "2": "15.62%", "3": "49.89", "4": "12.76", "5": "0.16", "6": "12.92", "7": "36.97", "8": "-", "9": "36.97", "10": "7.33", "11": "29.64", "12": "3.3", "13": "26.34", "14": "50.62%", "15": "11", "16": "0.51%", "17": "2.47", "18": "2.45", "19": "51.23%", "20": "4.16", "21": "0.580", "22": "61.11%", "23": "100.00%", "24": "74.10%", "25": "52.80%", "26": "88.85%", "27": "19.83%", "28": "36.97", "29": "74.10%", "30": "36.97", "31": "74.10%"}, "2018-03-31": {"1": "43.9", "2": "1.55%", "3": "43.9", "4": "11.61", "5": "0.04", "6": "11.64", "7": "32.26", "8": "-", "9": "32.26", "10": "6.44", "11": "25.82", "12": "3.3", "13": "22.52", "14": "21.00%", "15": "11", "16": "0.67%", "17": "2.12", "18": "2.10", "19": "21.39%", "20": "11.09", "21": "0.580", "22": "61.11%", "23": "100.00%", "24": "73.48%", "25": "51.31%", "26": "268.41%", "27": "19.96%", "28": "32.26", "29": "73.48%", "30": "32.26", "31": "73.48%"}, "2017-12-31": {"1": "43.48", "2": "-21.74%", "3": "43.48", "4": "10.22", "5": "-0.01", "6": "10.21", "7": "33.27", "8": "-", "9": "33.27", "10": "13.27", "11": "20.01", "12": "3.3", "13": "16.71", "14": "-34.38%", "15": "11", "16": "1.28%", "17": "1.57", "18": "1.54", "19": "-35.02%", "20": "1.67", "21": "0.360", "22": "38.46%", "23": "100.00%", "24": "76.52%", "25": "38.43%", "26": "40.71%", "27": "39.87%", "28": "33.27", "29": "76.52%", "30": "33.27", "31": "76.52%"}, "2017-09-30": {"1": "43.59", "2": "10.43%", "3": "43.59", "4": "10.5", "5": "0.11", "6": "10.62", "7": "32.98", "8": "-", "9": "32.98", "10": "11.19", "11": "21.78", "12": "3.3", "13": "18.49", "14": "12.97%", "15": "11", "16": "1.28%", "17": "1.74", "18": "1.71", "19": "11.04%", "20": "6.29", "21": "0.360", "22": "38.46%", "23": "100.00%", "24": "75.65%", "25": "42.41%", "26": "153.05%", "27": "33.94%", "28": "32.98", "29": "75.65%", "30": "32.98", "31": "75.65%"}, "2017-06-30": {"1": "43.15", "2": "27.81%", "3": "43.15", "4": "11.23", "5": "0.16", "6": "11.39", "7": "31.76", "8": "-0.15", "9": "31.91", "10": "11.12", "11": "20.78", "12": "3.3", "13": "17.49", "14": "45.66%", "15": "11", "16": "1.40%", "17": "1.65", "18": "1.62", "19": "43.36%", "20": "-1.14", "21": "0.360", "22": "38.46%", "23": "100.00%", "24": "73.60%", "25": "40.53%", "26": "-27.91%", "27": "34.86%", "28": "31.91", "29": "73.95%", "30": "31.91", "31": "73.95%"}, "2017-03-31": {"1": "43.23", "2": "39.97%", "3": "43.23", "4": "10.74", "5": "-0.19", "6": "10.55", "7": "32.68", "8": "-0.02", "9": "32.7", "10": "10.79", "11": "21.91", "12": "3.3", "13": "18.62", "14": "80.43%", "15": "11", "16": "1.65%", "17": "1.76", "18": "1.73", "19": "84.04%", "20": "9.73", "21": "0.360", "22": "38.46%", "23": "100.00%", "24": "75.60%", "25": "43.06%", "26": "237.41%", "27": "32.99%", "28": "32.7", "29": "75.63%", "30": "32.7", "31": "75.63%"}, "2016-12-31": {"1": "55.56", "2": "63.19%", "3": "55.56", "4": "10.93", "5": "0.05", "6": "10.98", "7": "44.58", "8": "0.03", "9": "44.55", "10": "15.79", "11": "28.76", "12": "3.3", "13": "25.47", "14": "69.41%", "15": "10", "16": "-3.63%", "17": "2.42", "18": "2.37", "19": "76.87%", "20": "8.76", "21": "0.260", "22": "62.50%", "23": "100.00%", "24": "80.24%", "25": "45.83%", "26": "165.32%", "27": "35.45%", "28": "44.55", "29": "80.19%", "30": "44.55", "31": "80.19%"}, "2016-09-30": {"1": "39.47", "2": "39.16%", "3": "39.47", "4": "9.53", "5": "-0.22", "6": "9.3", "7": "30.17", "8": "-0.02", "9": "30.19", "10": "10.53", "11": "19.66", "12": "3.3", "13": "16.36", "14": "95.77%", "15": "10", "16": "-5.15%", "17": "1.56", "18": "1.54", "19": "108.11%", "20": "7.83", "21": "0.260", "22": "62.50%", "23": "100.00%", "24": "76.43%", "25": "41.46%", "26": "207.65%", "27": "34.88%", "28": "30.19", "29": "76.48%", "30": "30.19", "31": "76.48%"}, "2016-06-30": {"1": "33.76", "2": "-32.43%", "3": "33.76", "4": "9.98", "5": "0.09", "6": "10.07", "7": "23.69", "8": "-0.02", "9": "23.7", "10": "8.4", "11": "15.3", "12": "3.3", "13": "12.01", "14": "-45.83%", "15": "10", "16": "-4.76%", "17": "1.15", "18": "1.13", "19": "-41.75%", "20": "-1.39", "21": "0.260", "22": "62.50%", "23": "100.00%", "24": "70.16%", "25": "35.56%", "26": "-43.06%", "27": "35.44%", "28": "23.7", "29": "70.21%", "30": "23.7", "31": "70.21%"}, "2016-03-31": {"1": "30.89", "2": "-0.97%", "3": "30.89", "4": "9.91", "5": "0.05", "6": "9.97", "7": "20.92", "8": "-0.03", "9": "20.95", "10": "7.34", "11": "13.61", "12": "3.3", "13": "10.32", "14": "467.49%", "15": "10", "16": "-5.09%", "17": "0.99", "18": "0.94", "19": "487.50%", "20": "5.14", "21": "0.260", "22": "62.50%", "23": "100.00%", "24": "67.73%", "25": "33.40%", "26": "172.94%", "27": "35.02%", "28": "20.95", "29": "67.82%", "30": "20.95", "31": "67.82%"}, "2015-12-31": {"1": "34.05", "2": "32.37%", "3": "34.05", "4": "9.24", "5": "-3.37", "6": "5.87", "7": "28.18", "8": "-0.06", "9": "28.24", "10": "9.91", "11": "18.33", "12": "3.3", "13": "15.03", "14": "166.19%", "15": "11", "16": "-0.53%", "17": "1.39", "18": "1.34", "19": "168.00%", "20": "1.79", "21": "0.160", "22": "14.29%", "23": "100.00%", "24": "82.77%", "25": "44.15%", "26": "57.22%", "27": "35.10%", "28": "28.24", "29": "82.95%", "30": "28.24", "31": "82.95%"}, "2015-09-30": {"1": "28.37", "2": "-18.82%", "3": "28.37", "4": "9.51", "5": "0.91", "6": "10.42", "7": "17.95", "8": "-0.04", "9": "17.98", "10": "6.33", "11": "11.65", "12": "3.3", "13": "8.36", "14": "-27.85%", "15": "11", "16": "1.05%", "17": "0.76", "18": "0.74", "19": "-27.45%", "20": "4.71", "21": "0.160", "22": "14.29%", "23": "100.00%", "24": "63.26%", "25": "29.47%", "26": "183.51%", "27": "35.19%", "28": "17.98", "29": "63.39%", "30": "17.98", "31": "63.39%"}, "2015-06-30": {"1": "49.96", "2": "67.54%", "3": "49.96", "4": "9.71", "5": "1.15", "6": "10.85", "7": "39.11", "8": "-0.12", "9": "39.23", "10": "13.77", "11": "25.46", "12": "3.3", "13": "22.16", "14": "9.69%", "15": "11", "16": "0.45%", "17": "2.01", "18": "1.94", "19": "8.99%", "20": "2.22", "21": "0.160", "22": "14.29%", "23": "100.00%", "24": "78.28%", "25": "44.36%", "26": "48.69%", "27": "35.10%", "28": "39.23", "29": "78.52%", "30": "39.23", "31": "78.52%"}, "2015-03-31": {"1": "31.19", "2": "120.91%", "3": "31.19", "4": "9.12", "5": "-0.77", "6": "8.34", "7": "22.85", "8": "5.35", "9": "17.49", "10": "4.23", "11": "13.26", "12": "11.44", "13": "1.82", "14": "123.62%", "15": "11", "16": "0.47%", "17": "0.17", "18": "0.16", "19": "128.57%", "20": "8.14", "21": "0.160", "22": "14.29%", "23": "100.00%", "24": "73.25%", "25": "5.83%", "26": "285.48%", "27": "24.19%", "28": "17.49", "29": "56.08%", "30": "17.49", "31": "56.08%"}, "2014-12-31": {"1": "25.72", "2": "-15.14%", "3": "25.72", "4": "8.56", "5": "0.03", "6": "8.59", "7": "17.13", "8": "5.41", "9": "11.71", "10": "2.77", "11": "8.94", "12": "3.3", "13": "5.65", "14": "-54.77%", "15": "11", "16": "0.66%", "17": "0.51", "18": "0.50", "19": "-54.95%", "20": "-153.22", "21": "0.140", "22": "16.67%", "23": "100.00%", "24": "66.59%", "25": "21.96%", "26": "-6514.77%", "27": "23.64%", "28": "11.71", "29": "45.54%", "30": "11.71", "31": "45.54%"}, "2014-09-30": {"1": "34.94", "2": "-9.27%", "3": "34.94", "4": "8.41", "5": "-1.31", "6": "7.1", "7": "27.85", "8": "5.41", "9": "22.43", "10": "7.56", "11": "14.87", "12": "3.28", "13": "11.59", "14": "-24.83%", "15": "11", "16": "0.86%", "17": "1.06", "18": "1.02", "19": "-25.55%", "20": "5.66", "21": "0.140", "22": "16.67%", "23": "100.00%", "24": "79.69%", "25": "33.16%", "26": "177.08%", "27": "33.72%", "28": "22.43", "29": "64.20%", "30": "22.43", "31": "64.20%"}, "2014-06-30": {"1": "29.82", "2": "-45.95%", "3": "29.82", "4": "8.77", "5": "-0.92", "6": "7.86", "7": "21.96", "8": "5.82", "9": "16.15", "10": "-6.37", "11": "22.51", "12": "2.31", "13": "20.21", "14": "-27.18%", "15": "11", "16": "1.06%", "17": "1.85", "18": "1.78", "19": "-28.23%", "20": "153.44", "21": "0.140", "22": "16.67%", "23": "100.00%", "24": "73.66%", "25": "67.76%", "26": "5620.82%", "27": "-39.44%", "28": "16.15", "29": "54.14%", "30": "16.15", "31": "54.14%"}, "2014-03-31": {"1": "14.12", "2": "-65.04%", "3": "14.12", "4": "7.84", "5": "0.1", "6": "7.95", "7": "6.17", "8": "5.55", "9": "0.62", "10": "-1.14", "11": "1.77", "12": "0.95", "13": "0.81", "14": "-94.98%", "15": "11", "16": "1.22%", "17": "0.07", "18": "0.07", "19": "-95.17%", "20": "8.51", "21": "0.140", "22": "16.67%", "23": "100.00%", "24": "43.71%", "25": "5.76%", "26": "656.26%", "27": "-182.85%", "28": "0.62", "29": "4.42%", "30": "0.62", "31": "4.42%"}, "2013-12-31": {"1": "30.31", "2": "13.03%", "3": "30.31", "4": "7.72", "5": "-0.1", "6": "7.62", "7": "22.69", "8": "5.55", "9": "17.14", "10": "3.77", "11": "13.37", "12": "0.88", "13": "12.49", "14": "30.04%", "15": "11", "16": "3.38%", "17": "1.14", "18": "1.11", "19": "29.07%", "20": "2.38", "21": "0.120", "22": "20.00%", "23": "100.00%", "24": "74.85%", "25": "41.19%", "26": "85.31%", "27": "22.02%", "28": "17.14", "29": "56.56%", "30": "17.14", "31": "56.56%"}, "2013-09-30": {"1": "38.51", "2": "-0.47%", "3": "38.51", "4": "7.94", "5": "0.5", "6": "8.44", "7": "30.07", "8": "5.55", "9": "24.52", "10": "8.23", "11": "16.29", "12": "0.88", "13": "15.41", "14": "-5.91%", "15": "11", "16": "3.24%", "17": "1.42", "18": "1.37", "19": "-8.05%", "20": "10.56", "21": "0.120", "22": "20.00%", "23": "100.00%", "24": "78.08%", "25": "40.03%", "26": "297.03%", "27": "33.55%", "28": "24.52", "29": "63.68%", "30": "24.52", "31": "63.68%"}, "2013-06-30": {"1": "55.17", "2": "544.85%", "3": "55.17", "4": "7.88", "5": "0.08", "6": "7.96", "7": "47.21", "8": "5.55", "9": "41.66", "10": "13.04", "11": "28.63", "12": "0.88", "13": "27.75", "14": "-", "15": "11", "16": "3.49%", "17": "2.57", "18": "2.48", "19": "-", "20": "2.93", "21": "0.120", "22": "20.00%", "23": "100.00%", "24": "85.57%", "25": "50.29%", "26": "57.44%", "27": "31.29%", "28": "41.66", "29": "75.51%", "30": "41.66", "31": "75.51%"}, "+69 Quarters": {"1": "Upgrade", "2": "Upgrade", "3": "Upgrade", "4": "Upgrade", "5": "Upgrade", "6": "Upgrade", "7": "Upgrade", "8": "Upgrade", "9": "Upgrade", "10": "Upgrade", "11": "Upgrade", "12": "Upgrade", "13": "Upgrade", "14": "Upgrade", "15": "Upgrade", "16": "Upgrade", "17": "Upgrade", "18": "Upgrade", "19": "Upgrade", "20": "Upgrade", "21": "Upgrade", "22": "Upgrade", "23": "Upgrade", "24": "Upgrade", "25": "Upgrade", "26": "Upgrade", "27": "Upgrade", "28": "Upgrade", "29": "Upgrade", "30": "Upgrade", "31": "Upgrade"}}}, "balance_sheet": {"annual": {"Year": {"1": "Cash & Equivalents", "2": "Cash & Cash Equivalents", "3": "Cash Growth", "4": "Receivables", "5": "Total Assets", "6": "Accounts Payable", "7": "Total Liabilities", "8": "Total Debt", "9": "Debt Growth", "10": "Common Stock", "11": "Retained Earnings", "12": "Comprehensive Income", "13": "Shareholders' Equity", "14": "Total Liabilities and Equity", "15": "Net Cash / Debt", "16": "Book Value Per Share"}, "2022": {"1": "861", "2": "861", "3": "-5.26%", "4": "47.15", "5": "27,333.11", "6": "186.75", "7": "26,061.15", "8": "25,651.06", "9": "8.25%", "10": "624.27", "11": "698.53", "12": "-50.84", "13": "1,271.96", "14": "27,333.11", "15": "-24,790.06", "16": "117.77"}, "2021": {"1": "908.79", "2": "908.79", "3": "-12.10%", "4": "45.54", "5": "25,121.01", "6": "130.73", "7": "23,907.31", "8": "23,695.15", "9": "2.25%", "10": "621.29", "11": "588.56", "12": "3.85", "13": "1,213.7", "14": "25,121.01", "15": "-22,786.37", "16": "112.73"}, "2020": {"1": "1,033.94", "2": "1,033.94", "3": "71.07%", "4": "223.54", "5": "24,355.5", "6": "121.62", "7": "23,363.02", "8": "23,172.7", "9": "11.86%", "10": "496.84", "11": "509.56", "12": "-13.92", "13": "992.48", "14": "24,355.5", "15": "-22,138.76", "16": "92.44"}, "2019": {"1": "604.38", "2": "604.38", "3": "42.12%", "4": "237.64", "5": "21,709.37", "6": "129.04", "7": "20,910.1", "8": "20,715.15", "9": "16.56%", "10": "358.39", "11": "457.05", "12": "-16.16", "13": "799.28", "14": "21,709.37", "15": "-20,110.77", "16": "74.62"}, "2018": {"1": "425.26", "2": "425.26", "3": "40.80%", "4": "220.45", "5": "18,694.33", "6": "108.63", "7": "17,941.77", "8": "17,772.65", "9": "4.99%", "10": "334.25", "11": "393.35", "12": "24.96", "13": "752.56", "14": "18,694.33", "15": "-17,347.4", "16": "70.54"}, "2017": {"1": "302.02", "2": "302.02", "3": "13.87%", "4": "195.17", "5": "17,792.27", "6": "89.5", "7": "17,084.13", "8": "16,927.56", "9": "14.33%", "10": "334.36", "11": "322.7", "12": "51.09", "13": "708.15", "14": "17,792.27", "15": "-16,625.54", "16": "66.69"}, "2016": {"1": "265.23", "2": "265.23", "3": "-78.08%", "4": "161.65", "5": "15,606.02", "6": "59.12", "7": "14,962.37", "8": "14,805.8", "9": "0.09%", "10": "333.95", "11": "275.71", "12": "33.76", "13": "643.43", "14": "15,605.8", "15": "-14,540.58", "16": "61.38"}, "2015": {"1": "1,210.08", "2": "1,210.08", "3": "-11.24%", "4": "152.89", "5": "15,540.35", "6": "76.71", "7": "14,986.63", "8": "14,792.03", "9": "11.64%", "10": "333.31", "11": "231.23", "12": "-11.02", "13": "553.52", "14": "15,540.15", "15": "-13,581.95", "16": "50.88"}, "2014": {"1": "1,363.39", "2": "1,363.39", "3": "81.95%", "4": "146.34", "5": "14,287.82", "6": "129.61", "7": "13,505.99", "8": "13,249.35", "9": "5.14%", "10": "329.26", "11": "201.01", "12": "15.53", "13": "545.8", "14": "14,051.79", "15": "-11,885.97", "16": "49.91"}, "2013": {"1": "749.31", "2": "749.31", "3": "-4.61%", "4": "151.11", "5": "13,361.78", "6": "63.76", "7": "12,787.31", "8": "12,601.71", "9": "7.07%", "10": "179.94", "11": "168.88", "12": "-16.2", "13": "332.62", "14": "13,119.93", "15": "-11,852.4", "16": "30.62"}, "2012 - 1995": {"1": "Upgrade", "2": "Upgrade", "3": "Upgrade", "4": "Upgrade", "5": "Upgrade", "6": "Upgrade", "7": "Upgrade", "8": "Upgrade", "9": "Upgrade", "10": "Upgrade", "11": "Upgrade", "12": "Upgrade", "13": "Upgrade", "14": "Upgrade", "15": "Upgrade", "16": "Upgrade"}}, "quarterly": {"Metrics": {"1": "Cash & Equivalents", "2": "Cash & Cash Equivalents", "3": "Cash Growth", "4": "Receivables", "5": "Total Assets", "6": "Accounts Payable", "7": "Total Liabilities", "8": "Total Debt", "9": "Debt Growth", "10": "Common Stock", "11": "Retained Earnings", "12": "Comprehensive Income", "13": "Shareholders' Equity", "14": "Total Liabilities and Equity", "15": "Net Cash / Debt", "16": "Book Value Per Share"}, "2023-03-31": {"1": "864.59", "2": "864.59", "3": "-2.86%", "4": "46.67", "5": "27,939.95", "6": "221.13", "7": "26,647.56", "8": "26,211.72", "9": "9.51%", "10": "625.36", "11": "726.89", "12": "-59.86", "13": "1,292.39", "14": "27,939.95", "15": "-25,347.13", "16": "119.64"}, "2022-12-31": {"1": "861", "2": "861", "3": "-5.26%", "4": "47.15", "5": "27,333.11", "6": "186.75", "7": "26,061.15", "8": "25,651.06", "9": "8.25%", "10": "624.27", "11": "698.53", "12": "-50.84", "13": "1,271.96", "14": "27,333.11", "15": "-24,790.06", "16": "117.77"}, "2022-09-30": {"1": "868.23", "2": "868.23", "3": "-3.43%", "4": "46.35", "5": "26,441.59", "6": "386.58", "7": "25,209.57", "8": "24,591.2", "9": "5.29%", "10": "623.45", "11": "672.16", "12": "-63.59", "13": "1,232.02", "14": "26,441.59", "15": "-23,722.96", "16": "114.10"}, "2022-06-30": {"1": "909.43", "2": "909.43", "3": "9.78%", "4": "222.34", "5": "25,916.4", "6": "191.2", "7": "24,704.06", "8": "24,340.2", "9": "6.63%", "10": "622.9", "11": "638.94", "12": "-49.48", "13": "1,212.35", "14": "25,916.4", "15": "-23,430.77", "16": "112.31"}, "2022-03-31": {"1": "890.05", "2": "890.05", "3": "-12.10%", "4": "193.25", "5": "25,789.41", "6": "510.76", "7": "24,596.57", "8": "23,935.11", "9": "5.21%", "10": "622.42", "11": "610.09", "12": "-39.67", "13": "1,192.84", "14": "25,789.41", "15": "-23,045.07", "16": "110.79"}, "2021-12-31": {"1": "908.79", "2": "908.79", "3": "-12.10%", "4": "45.54", "5": "25,121.01", "6": "130.73", "7": "23,907.31", "8": "23,695.15", "9": "2.25%", "10": "621.29", "11": "588.56", "12": "3.85", "13": "1,213.7", "14": "25,121.01", "15": "-22,786.37", "16": "112.73"}, "2021-09-30": {"1": "899.05", "2": "899.05", "3": "-1.27%", "4": "183.12", "5": "24,744.37", "6": "125.83", "7": "23,547.07", "8": "23,356.08", "9": "2.07%", "10": "620.24", "11": "558.85", "12": "18.21", "13": "1,197.3", "14": "24,744.37", "15": "-22,457.03", "16": "111.21"}, "2021-06-30": {"1": "828.4", "2": "828.4", "3": "0.10%", "4": "198.54", "5": "24,181.25", "6": "112.2", "7": "23,001.03", "8": "22,826.55", "9": "-0.31%", "10": "619.44", "11": "544.04", "12": "16.73", "13": "1,180.22", "14": "24,181.25", "15": "-21,998.14", "16": "109.67"}, "2021-03-31": {"1": "1,012.54", "2": "1,012.54", "3": "-17.79%", "4": "177.64", "5": "24,013.91", "6": "121.99", "7": "22,936.42", "8": "22,748.83", "9": "2.41%", "10": "497.68", "11": "528.07", "12": "51.74", "13": "1,077.49", "14": "24,013.91", "15": "-21,736.29", "16": "100.35"}, "2020-12-31": {"1": "1,033.94", "2": "1,033.94", "3": "71.07%", "4": "223.54", "5": "24,355.5", "6": "121.62", "7": "23,363.02", "8": "23,172.7", "9": "11.86%", "10": "496.84", "11": "509.56", "12": "-13.92", "13": "992.48", "14": "24,355.5", "15": "-22,138.76", "16": "92.44"}, "2020-09-30": {"1": "910.59", "2": "910.59", "3": "54.88%", "4": "189.83", "5": "23,998.84", "6": "110.73", "7": "23,068.49", "8": "22,881.7", "9": "12.39%", "10": "495.47", "11": "488.72", "12": "-53.84", "13": "930.35", "14": "23,998.84", "15": "-21,971.11", "16": "86.68"}, "2020-06-30": {"1": "827.6", "2": "827.6", "3": "108.67%", "4": "212.27", "5": "23,932.66", "6": "124.3", "7": "23,108.54", "8": "22,898.51", "9": "15.89%", "10": "436.97", "11": "478.65", "12": "-91.5", "13": "824.12", "14": "23,932.66", "15": "-22,070.91", "16": "76.81"}, "2020-03-31": {"1": "1,231.59", "2": "1,231.59", "3": "227.44%", "4": "192.36", "5": "23,180.11", "6": "178.79", "7": "22,486.49", "8": "22,214.55", "9": "18.05%", "10": "359.51", "11": "455.55", "12": "-121.44", "13": "693.62", "14": "23,180.11", "15": "-20,982.96", "16": "64.75"}, "2019-12-31": {"1": "604.38", "2": "604.38", "3": "42.12%", "4": "237.64", "5": "21,709.37", "6": "129.04", "7": "20,910.1", "8": "20,715.15", "9": "16.56%", "10": "358.39", "11": "457.05", "12": "-16.16", "13": "799.28", "14": "21,709.37", "15": "-20,110.77", "16": "74.62"}, "2019-09-30": {"1": "587.94", "2": "587.94", "3": "34.80%", "4": "197.86", "5": "21,315.23", "6": "136.22", "7": "20,564.98", "8": "20,359.02", "9": "17.78%", "10": "357.8", "11": "435.48", "12": "-43.02", "13": "750.26", "14": "21,315.23", "15": "-19,771.08", "16": "70.12"}, "2019-06-30": {"1": "396.6", "2": "396.6", "3": "-7.94%", "4": "223.5", "5": "20,738.16", "6": "139.58", "7": "19,964.42", "8": "19,758.28", "9": "12.00%", "10": "358.02", "11": "428.57", "12": "-12.84", "13": "773.74", "14": "20,738.16", "15": "-19,361.68", "16": "72.32"}, "2019-03-31": {"1": "376.12", "2": "376.12", "3": "-23.75%", "4": "183.79", "5": "19,797.78", "6": "153.85", "7": "19,034.48", "8": "18,818.1", "9": "7.61%", "10": "334.29", "11": "407.76", "12": "21.25", "13": "763.3", "14": "19,797.78", "15": "-18,441.98", "16": "71.55"}, "2018-12-31": {"1": "425.26", "2": "425.26", "3": "40.80%", "4": "220.45", "5": "18,694.33", "6": "108.63", "7": "17,941.77", "8": "17,772.65", "9": "4.99%", "10": "334.25", "11": "393.35", "12": "24.96", "13": "752.56", "14": "18,694.33", "15": "-17,347.4", "16": "70.54"}, "2018-09-30": {"1": "436.15", "2": "436.15", "3": "18.92%", "4": "175.86", "5": "18,474.03", "6": "348.19", "7": "17,696.44", "8": "17,285.08", "9": "2.60%", "10": "333.61", "11": "379.98", "12": "64", "13": "777.59", "14": "18,474.03", "15": "-16,848.93", "16": "72.89"}, "2018-06-30": {"1": "430.81", "2": "430.81", "3": "34.63%", "4": "196.11", "5": "18,626.77", "6": "155.8", "7": "17,860.56", "8": "17,641.09", "9": "7.63%", "10": "333.11", "11": "359.69", "12": "73.41", "13": "766.21", "14": "18,626.77", "15": "-17,210.27", "16": "71.93"}, "2018-03-31": {"1": "493.26", "2": "493.26", "3": "57.27%", "4": "154.07", "5": "18,397.24", "6": "96.99", "7": "17,651.97", "8": "17,487.61", "9": "15.58%", "10": "333.62", "11": "339.54", "12": "72.11", "13": "745.27", "14": "18,397.24", "15": "-16,994.35", "16": "70.16"}, "2017-12-31": {"1": "302.02", "2": "302.02", "3": "13.87%", "4": "195.17", "5": "17,792.27", "6": "89.5", "7": "17,084.13", "8": "16,927.56", "9": "14.33%", "10": "334.36", "11": "322.7", "12": "51.09", "13": "708.15", "14": "17,792.27", "15": "-16,625.54", "16": "66.69"}, "2017-09-30": {"1": "366.76", "2": "366.76", "3": "16.96%", "4": "146.85", "5": "17,690.24", "6": "81.78", "7": "16,996.07", "8": "16,846.31", "9": "11.12%", "10": "334.5", "11": "318.87", "12": "40.8", "13": "694.17", "14": "17,690.24", "15": "-16,479.54", "16": "65.46"}, "2017-06-30": {"1": "319.99", "2": "319.99", "3": "-81.87%", "4": "163.59", "5": "17,267.39", "6": "124.37", "7": "16,586.46", "8": "16,390.2", "9": "3.89%", "10": "334.3", "11": "304.2", "12": "42.43", "13": "680.93", "14": "17,267.39", "15": "-16,070.2", "16": "64.25"}, "2017-03-31": {"1": "313.64", "2": "313.64", "3": "-81.87%", "4": "124.27", "5": "15,931.76", "6": "65.08", "7": "15,265.74", "8": "15,129.97", "9": "-1.78%", "10": "333.74", "11": "290.53", "12": "41.54", "13": "665.82", "14": "15,931.55", "15": "-14,816.33", "16": "63.10"}, "2016-12-31": {"1": "265.23", "2": "265.23", "3": "-78.08%", "4": "161.65", "5": "15,606.02", "6": "59.12", "7": "14,962.37", "8": "14,805.8", "9": "0.09%", "10": "333.95", "11": "275.71", "12": "33.76", "13": "643.43", "14": "15,605.8", "15": "-14,540.58", "16": "61.38"}, "2016-09-30": {"1": "313.58", "2": "313.58", "3": "-79.32%", "4": "126.35", "5": "16,000.91", "6": "75.85", "7": "15,400.02", "8": "15,160.65", "9": "7.44%", "10": "334.14", "11": "252.99", "12": "13.56", "13": "600.69", "14": "16,000.71", "15": "-14,847.07", "16": "57.37"}, "2016-06-30": {"1": "1,764.63", "2": "1,764.63", "3": "4.84%", "4": "146.05", "5": "16,823.19", "6": "280.84", "7": "16,238.04", "8": "15,776.13", "9": "11.40%", "10": "333.21", "11": "239.35", "12": "12.38", "13": "584.94", "14": "16,822.98", "15": "-14,011.51", "16": "55.97"}, "2016-03-31": {"1": "1,729.56", "2": "1,729.56", "3": "11.14%", "4": "114.46", "5": "16,156.03", "6": "50.61", "7": "15,612.01", "8": "15,403.81", "9": "9.53%", "10": "332.64", "11": "230.06", "12": "-18.92", "13": "543.79", "14": "16,155.8", "15": "-13,674.25", "16": "52.39"}, "2015-12-31": {"1": "1,210.08", "2": "1,210.08", "3": "-11.24%", "4": "152.89", "5": "15,540.35", "6": "76.71", "7": "14,986.63", "8": "14,792.03", "9": "11.64%", "10": "333.31", "11": "231.23", "12": "-11.02", "13": "553.52", "14": "15,540.15", "15": "-13,581.95", "16": "50.88"}, "2015-09-30": {"1": "1,516.54", "2": "1,516.54", "3": "141.61%", "4": "114.12", "5": "14,853.85", "6": "64.28", "7": "14,313.3", "8": "14,110.39", "9": "3.93%", "10": "332.78", "11": "225.39", "12": "-17.81", "13": "540.35", "14": "14,853.65", "15": "-12,593.85", "16": "48.95"}, "2015-06-30": {"1": "1,683.16", "2": "1,683.16", "3": "338.18%", "4": "138.97", "5": "15,144.6", "6": "295.97", "7": "14,568.3", "8": "14,161.91", "9": "3.24%", "10": "331.9", "11": "221.48", "12": "22.73", "13": "576.11", "14": "15,144.41", "15": "-12,478.75", "16": "52.50"}, "2015-03-31": {"1": "1,556.25", "2": "1,556.25", "3": "79.58%", "4": "104.65", "5": "14,849.69", "6": "67.82", "7": "14,267.19", "8": "14,063.85", "9": "10.71%", "10": "330.06", "11": "201.08", "12": "51.18", "13": "582.33", "14": "14,849.51", "15": "-12,507.6", "16": "53.24"}, "2014-12-31": {"1": "1,363.39", "2": "1,363.39", "3": "81.95%", "4": "146.34", "5": "14,287.82", "6": "129.61", "7": "13,505.99", "8": "13,249.35", "9": "5.14%", "10": "329.26", "11": "201.01", "12": "15.53", "13": "545.8", "14": "14,051.79", "15": "-11,885.97", "16": "49.91"}, "2014-09-30": {"1": "627.67", "2": "627.67", "3": "-3.69%", "4": "107.6", "5": "14,525.7", "6": "52.87", "7": "13,743.3", "8": "13,577.19", "9": "10.95%", "10": "328.57", "11": "196.9", "12": "21.08", "13": "546.55", "14": "14,289.84", "15": "-12,949.52", "16": "50.03"}, "2014-06-30": {"1": "384.12", "2": "384.12", "3": "-40.97%", "4": "137.77", "5": "14,670.1", "6": "57.25", "7": "13,897.83", "8": "13,717.19", "9": "13.11%", "10": "327.66", "11": "186.84", "12": "21.92", "13": "536.42", "14": "14,434.25", "15": "-13,333.06", "16": "49.11"}, "2014-03-31": {"1": "866.59", "2": "866.59", "3": "-3.00%", "4": "109.1", "5": "13,554.35", "6": "50.99", "7": "12,875.38", "8": "12,703.29", "9": "8.67%", "10": "254", "11": "168.17", "12": "14.95", "13": "437.12", "14": "13,312.5", "15": "-11,836.7", "16": "40.15"}, "2013-12-31": {"1": "749.31", "2": "749.31", "3": "-4.61%", "4": "151.11", "5": "13,361.78", "6": "63.76", "7": "12,787.31", "8": "12,601.71", "9": "7.07%", "10": "179.94", "11": "168.88", "12": "-16.2", "13": "332.62", "14": "13,119.93", "15": "-11,852.4", "16": "30.62"}, "2013-09-30": {"1": "651.71", "2": "651.71", "3": "-25.09%", "4": "114.12", "5": "13,085.01", "6": "104.85", "7": "12,479.76", "8": "12,236.79", "9": "5.13%", "10": "178.87", "11": "157.7", "12": "26.83", "13": "363.4", "14": "12,843.15", "15": "-11,585.08", "16": "33.55"}, "2013-06-30": {"1": "650.72", "2": "650.72", "3": "-13.53%", "4": "137.26", "5": "12,935.95", "6": "62.11", "7": "12,333.63", "8": "12,127.32", "9": "8.41%", "10": "178.16", "11": "143.59", "12": "38.72", "13": "360.47", "14": "12,694.1", "15": "-11,476.6", "16": "33.35"}, "+70 Quarters": {"1": "Upgrade", "2": "Upgrade", "3": "Upgrade", "4": "Upgrade", "5": "Upgrade", "6": "Upgrade", "7": "Upgrade", "8": "Upgrade", "9": "Upgrade", "10": "Upgrade", "11": "Upgrade", "12": "Upgrade", "13": "Upgrade", "14": "Upgrade", "15": "Upgrade", "16": "Upgrade"}}}, "cash_flow_statement": {"annual": {"Year": {"1": "Net Income", "2": "Share-Based Compensation", "3": "Other Operating Activities", "4": "Operating Cash Flow", "5": "Operating Cash Flow Growth", "6": "Change in Investments", "7": "Other Investing Activities", "8": "Investing Cash Flow", "9": "Dividends Paid", "10": "Share Issuance / Repurchase", "11": "Debt Issued / Paid", "12": "Other Financing Activities", "13": "Financing Cash Flow", "14": "Net Cash Flow", "15": "Free Cash Flow", "16": "Free Cash Flow Growth", "17": "Free Cash Flow Margin", "18": "Free Cash Flow Per Share"}, "2022": {"1": "150.98", "2": "4.73", "3": "626.4", "4": "809.27", "5": "85.44%", "6": "-3,042.96", "7": "-", "8": "-3,042.96", "9": "-68.17", "10": "0.19", "11": "2,255.72", "12": "-1.84", "13": "2,185.91", "14": "-47.78", "15": "809.27", "16": "85.44%", "17": "262.49%", "18": "74.93"}, "2021": {"1": "111.41", "2": "4.6", "3": "295.72", "4": "436.41", "5": "-", "6": "-1,096.2", "7": "-", "8": "-1,096.2", "9": "-61.32", "10": "0.12", "11": "475.8", "12": "120.02", "13": "534.63", "14": "-125.16", "15": "436.41", "16": "-", "17": "177.49%", "18": "40.53"}, "2020": {"1": "94.9", "2": "3.69", "3": "-212.61", "4": "-94.55", "5": "-", "6": "-1,736.09", "7": "-", "8": "-1,736.09", "9": "-50.65", "10": "-0.18", "11": "2,178.42", "12": "132.6", "13": "2,260.2", "14": "429.56", "15": "-94.55", "16": "-", "17": "-45.88%", "18": "-8.81"}, "2019": {"1": "93.65", "2": "2.71", "3": "-131.95", "4": "-19.7", "5": "-", "6": "-2,384.59", "7": "-", "8": "-2,384.59", "9": "-43.89", "10": "0.04", "11": "2,607.38", "12": "19.88", "13": "2,583.41", "14": "179.13", "15": "-19.7", "16": "-", "17": "-10.34%", "18": "-1.84"}, "2018": {"1": "94.9", "2": "3.46", "3": "88.49", "4": "200.03", "5": "14.30%", "6": "-591.46", "7": "-", "8": "-591.46", "9": "-37.91", "10": "0.01", "11": "555.19", "12": "-2.63", "13": "514.67", "14": "123.23", "15": "200.03", "16": "14.30%", "17": "107.64%", "18": "18.75"}, "2017": {"1": "71.3", "2": "3.56", "3": "86.97", "4": "175.01", "5": "-17.72%", "6": "-1,842.61", "7": "-", "8": "-1,842.61", "9": "-28.44", "10": "0.24", "11": "1,735.12", "12": "-2.54", "13": "1,704.39", "14": "36.79", "15": "175.01", "16": "-17.72%", "17": "100.90%", "18": "16.48"}, "2016": {"1": "64.15", "2": "3.34", "3": "132.01", "4": "212.69", "5": "15.03%", "6": "-593.41", "7": "-", "8": "-593.41", "9": "-24.07", "10": "-8.73", "11": "-528.72", "12": "-2.62", "13": "-564.14", "14": "-944.86", "15": "212.69", "16": "15.03%", "17": "133.20%", "18": "20.29"}, "2015": {"1": "47.37", "2": "3.27", "3": "112.93", "4": "184.9", "5": "19.25%", "6": "-1,250.53", "7": "-", "8": "-1,250.53", "9": "-20.18", "10": "-8.63", "11": "1,190.71", "12": "-249.56", "13": "912.33", "14": "-153.3", "15": "184.9", "16": "19.25%", "17": "128.79%", "18": "17.00"}, "2014": {"1": "38.25", "2": "2.86", "3": "104.1", "4": "155.05", "5": "-50.62%", "6": "-85.59", "7": "1.93", "8": "-83.66", "9": "-14", "10": "0.24", "11": "437.98", "12": "118.46", "13": "542.68", "14": "614.07", "15": "155.05", "16": "-50.62%", "17": "148.24%", "18": "14.18"}, "2013": {"1": "71.83", "2": "2.97", "3": "235.7", "4": "313.99", "5": "842.83%", "6": "-999.14", "7": "4.04", "8": "-995.09", "9": "-7.98", "10": "1.91", "11": "671.19", "12": "-20.27", "13": "644.85", "14": "-36.25", "15": "313.99", "16": "842.83%", "17": "191.02%", "18": "28.90"}, "2012 - 1994": {"1": "Upgrade", "2": "Upgrade", "3": "Upgrade", "4": "Upgrade", "5": "Upgrade", "6": "Upgrade", "7": "Upgrade", "8": "Upgrade", "9": "Upgrade", "10": "Upgrade", "11": "Upgrade", "12": "Upgrade", "13": "Upgrade", "14": "Upgrade", "15": "Upgrade", "16": "Upgrade", "17": "Upgrade", "18": "Upgrade"}}, "quarterly": {"Metrics": {"1": "Net Income", "2": "Share-Based Compensation", "3": "Other Operating Activities", "4": "Operating Cash Flow", "5": "Operating Cash Flow Growth", "6": "Change in Investments", "7": "Other Investing Activities", "8": "Investing Cash Flow", "9": "Dividends Paid", "10": "Share Issuance / Repurchase", "11": "Debt Issued / Paid", "12": "Other Financing Activities", "13": "Financing Cash Flow", "14": "Net Cash Flow", "15": "Free Cash Flow", "16": "Free Cash Flow Growth", "17": "Free Cash Flow Margin", "18": "Free Cash Flow Per Share"}, "2023-03-31": {"1": "40.24", "2": "2.05", "3": "11.47", "4": "60.56", "5": "-77.51%", "6": "-461.32", "7": "-", "8": "-461.32", "9": "-18.67", "10": "0.05", "11": "422.95", "12": "0.02", "13": "404.35", "14": "3.59", "15": "60.56", "16": "-77.51%", "17": "72.21%", "18": "5.61"}, "2022-12-31": {"1": "36.63", "2": "0.83", "3": "58.76", "4": "103.01", "5": "3126.21%", "6": "-992.07", "7": "-", "8": "-992.07", "9": "-17.05", "10": "0.05", "11": "898.87", "12": "-0.05", "13": "881.82", "14": "-7.23", "15": "103.01", "16": "3126.21%", "17": "133.73%", "18": "9.54"}, "2022-09-30": {"1": "34.63", "2": "0.98", "3": "137.85", "4": "180.25", "5": "41.43%", "6": "-628.77", "7": "-", "8": "-628.77", "9": "-17.05", "10": "0.05", "11": "424.66", "12": "-0.33", "13": "407.32", "14": "-41.2", "15": "180.25", "16": "41.43%", "17": "252.35%", "18": "16.69"}, "2022-06-30": {"1": "39.1", "2": "0.94", "3": "209.87", "4": "256.71", "5": "-", "6": "-705.3", "7": "-", "8": "-705.3", "9": "-17.05", "10": "0.05", "11": "486.33", "12": "-1.34", "13": "467.98", "14": "19.38", "15": "256.71", "16": "-", "17": "328.79%", "18": "23.78"}, "2022-03-31": {"1": "44.66", "2": "1.98", "3": "215.88", "4": "269.31", "5": "-32.30%", "6": "-716.82", "7": "-", "8": "-716.82", "9": "-17.02", "10": "0.05", "11": "445.87", "12": "-0.12", "13": "428.78", "14": "-18.74", "15": "269.31", "16": "-32.30%", "17": "309.95%", "18": "25.01"}, "2021-12-31": {"1": "27.06", "2": "1.01", "3": "-31.67", "4": "3.19", "5": "-97.56%", "6": "-344.49", "7": "-", "8": "-344.49", "9": "-16.27", "10": "0.05", "11": "367.25", "12": "-", "13": "351.03", "14": "9.73", "15": "3.19", "16": "-97.56%", "17": "5.03%", "18": "0.30"}, "2021-09-30": {"1": "28.53", "2": "0.75", "3": "91.39", "4": "127.45", "5": "56.31%", "6": "-541.77", "7": "-", "8": "-541.77", "9": "-15.59", "10": "0.05", "11": "500.52", "12": "-", "13": "484.98", "14": "70.65", "15": "127.45", "16": "56.31%", "17": "206.22%", "18": "11.84"}, "2021-06-30": {"1": "25.44", "2": "0.99", "3": "-124.3", "4": "-92.02", "5": "-", "6": "-274.53", "7": "-", "8": "-274.53", "9": "-14.74", "10": "0.01", "11": "77", "12": "120.15", "13": "182.42", "14": "-184.14", "15": "-92.02", "16": "-", "17": "-163.12%", "18": "-8.55"}, "2021-03-31": {"1": "27.96", "2": "1.86", "3": "362.71", "4": "397.8", "5": "-", "6": "64.6", "7": "-", "8": "64.6", "9": "-14.72", "10": "0.01", "11": "-468.96", "12": "-0.13", "13": "-483.79", "14": "-21.4", "15": "397.8", "16": "-", "17": "650.26%", "18": "37.05"}, "2020-12-31": {"1": "35.16", "2": "1.34", "3": "89.09", "4": "130.86", "5": "10.55%", "6": "-185.25", "7": "-", "8": "-185.25", "9": "-13.28", "10": "0.01", "11": "191.01", "12": "-", "13": "177.74", "14": "123.35", "15": "130.86", "16": "10.55%", "17": "193.18%", "18": "12.19"}, "2020-09-30": {"1": "18.66", "2": "0.81", "3": "55.24", "4": "81.54", "5": "-", "6": "41.53", "7": "-", "8": "41.53", "9": "-13.35", "10": "0.01", "11": "-82.8", "12": "56.07", "13": "-40.08", "14": "82.99", "15": "81.54", "16": "-", "17": "175.75%", "18": "7.60"}, "2020-06-30": {"1": "31.69", "2": "0.75", "3": "-13.01", "4": "23.37", "5": "-", "6": "-1,165.47", "7": "-", "8": "-1,165.47", "9": "-12.02", "10": "0.02", "11": "673.4", "12": "76.72", "13": "738.12", "14": "-403.99", "15": "23.37", "16": "-", "17": "39.49%", "18": "2.18"}, "2020-03-31": {"1": "9.4", "2": "0.79", "3": "-343.93", "4": "-330.31", "5": "-", "6": "-426.9", "7": "-", "8": "-426.9", "9": "-12", "10": "-0.22", "11": "1,396.82", "12": "-0.19", "13": "1,384.41", "14": "627.2", "15": "-330.31", "16": "-", "17": "-1007.48%", "18": "-30.84"}, "2019-12-31": {"1": "29.07", "2": "0.6", "3": "85.28", "4": "118.38", "5": "-", "6": "-321.62", "7": "-", "8": "-321.62", "9": "-10.93", "10": "0.02", "11": "230.62", "12": "-0.03", "13": "219.68", "14": "16.44", "15": "118.38", "16": "-", "17": "217.32%", "18": "11.05"}, "2019-09-30": {"1": "14.41", "2": "0.59", "3": "-55.83", "4": "-37.41", "5": "-", "6": "-321.44", "7": "-", "8": "-321.44", "9": "-10.92", "10": "0.02", "11": "561.73", "12": "-0.64", "13": "550.19", "14": "191.34", "15": "-37.41", "16": "-", "17": "-103.74%", "18": "-3.50"}, "2019-06-30": {"1": "28.3", "2": "0.67", "3": "-153.9", "4": "-119.19", "5": "-", "6": "-761.41", "7": "-", "8": "-761.41", "9": "-11.28", "10": "0", "11": "891.11", "12": "21.24", "13": "901.08", "14": "20.48", "15": "-119.19", "16": "-", "17": "-215.27%", "18": "-11.14"}, "2019-03-31": {"1": "21.87", "2": "0.85", "3": "-7.5", "4": "18.52", "5": "-84.28%", "6": "-980.12", "7": "-", "8": "-980.12", "9": "-10.77", "10": "0", "11": "923.92", "12": "-0.69", "13": "912.47", "14": "-49.13", "15": "18.52", "16": "-84.28%", "17": "41.45%", "18": "1.74"}, "2018-12-31": {"1": "19.56", "2": "0.48", "3": "-75.53", "4": "-52.19", "5": "-", "6": "-357.94", "7": "-", "8": "-357.94", "9": "-9.48", "10": "0", "11": "408.72", "12": "0", "13": "399.24", "14": "-10.9", "15": "-52.19", "16": "-", "17": "-122.36%", "18": "-4.89"}, "2018-09-30": {"1": "26.47", "2": "0.82", "3": "59.49", "4": "90.07", "5": "35.00%", "6": "374.84", "7": "-", "8": "374.84", "9": "-9.48", "10": "0", "11": "-449.97", "12": "-0.11", "13": "-459.57", "14": "5.34", "15": "90.07", "16": "35.00%", "17": "182.34%", "18": "8.44"}, "2018-06-30": {"1": "26.34", "2": "1.07", "3": "13.62", "4": "44.32", "5": "-", "6": "-225.08", "7": "-", "8": "-225.08", "9": "-9.48", "10": "0", "11": "128.91", "12": "-1.12", "13": "118.31", "14": "-62.45", "15": "44.32", "16": "-", "17": "88.85%", "18": "4.16"}, "2018-03-31": {"1": "22.52", "2": "1.1", "3": "90.91", "4": "117.83", "5": "14.81%", "6": "-383.28", "7": "-", "8": "-383.28", "9": "-9.46", "10": "0", "11": "467.54", "12": "-1.41", "13": "456.68", "14": "191.24", "15": "117.83", "16": "14.81%", "17": "268.41%", "18": "11.09"}, "2017-12-31": {"1": "16.71", "2": "-0.21", "3": "-2.1", "4": "17.7", "5": "-80.73%", "6": "-65.36", "7": "-", "8": "-65.36", "9": "-7.12", "10": "0", "11": "-9.72", "12": "-0.25", "13": "-17.09", "14": "-64.74", "15": "17.7", "16": "-80.73%", "17": "40.71%", "18": "1.67"}, "2017-09-30": {"1": "18.49", "2": "1.15", "3": "43.79", "4": "66.72", "5": "-18.60%", "6": "-349.24", "7": "-", "8": "-349.24", "9": "-7.11", "10": "0", "11": "337.02", "12": "-0.61", "13": "329.3", "14": "46.77", "15": "66.72", "16": "-18.60%", "17": "153.05%", "18": "6.29"}, "2017-06-30": {"1": "17.49", "2": "0.96", "3": "-33.78", "4": "-12.04", "5": "-", "6": "-1,182.09", "7": "-", "8": "-1,182.09", "9": "-7.11", "10": "0.08", "11": "1,207.84", "12": "-0.33", "13": "1,200.49", "14": "6.35", "15": "-12.04", "16": "-", "17": "-27.91%", "18": "-1.14"}, "2017-03-31": {"1": "18.62", "2": "1.66", "3": "79.06", "4": "102.63", "5": "92.16%", "6": "-245.91", "7": "-", "8": "-245.91", "9": "-7.09", "10": "0.15", "11": "199.98", "12": "-1.34", "13": "191.69", "14": "48.41", "15": "102.63", "16": "92.16%", "17": "237.41%", "18": "9.73"}, "2016-12-31": {"1": "25.47", "2": "0.78", "3": "62.31", "4": "91.85", "5": "371.48%", "6": "336.64", "7": "-", "8": "336.64", "9": "-6.04", "10": "0.15", "11": "-469.84", "12": "-1.11", "13": "-476.84", "14": "-48.35", "15": "91.85", "16": "371.48%", "17": "165.32%", "18": "8.76"}, "2016-09-30": {"1": "16.36", "2": "0.78", "3": "61.53", "4": "81.97", "5": "57.47%", "6": "-756.22", "7": "-", "8": "-756.22", "9": "-6.02", "10": "0.27", "11": "-770.95", "12": "-0.1", "13": "-776.8", "14": "-1,451.05", "15": "81.97", "16": "57.47%", "17": "207.65%", "18": "7.83"}, "2016-06-30": {"1": "12.01", "2": "0.76", "3": "-30.6", "4": "-14.54", "5": "-", "6": "-188.07", "7": "-", "8": "-188.07", "9": "-6.02", "10": "0.04", "11": "243.85", "12": "-0.2", "13": "237.67", "14": "35.06", "15": "-14.54", "16": "-", "17": "-43.06%", "18": "-1.39"}, "2016-03-31": {"1": "10.32", "2": "1.03", "3": "38.77", "4": "53.41", "5": "-40.01%", "6": "14.24", "7": "-", "8": "14.24", "9": "-6", "10": "-9.19", "11": "468.22", "12": "-1.21", "13": "451.83", "14": "519.48", "15": "53.41", "16": "-40.01%", "17": "172.94%", "18": "5.14"}, "2015-12-31": {"1": "15.03", "2": "0.81", "3": "0.34", "4": "19.48", "5": "-", "6": "-882.64", "7": "0", "8": "-882.63", "9": "-5.02", "10": "-8.32", "11": "570.52", "12": "-0.48", "13": "556.7", "14": "-306.45", "15": "19.48", "16": "-", "17": "57.22%", "18": "1.79"}, "2015-09-30": {"1": "8.36", "2": "0.81", "3": "39.59", "4": "52.05", "5": "-15.87%", "6": "-37.81", "7": "-", "8": "-37.81", "9": "-5.06", "10": "-1.8", "11": "-174.05", "12": "0.04", "13": "-180.87", "14": "-166.62", "15": "52.05", "16": "-15.87%", "17": "183.51%", "18": "4.71"}, "2015-06-30": {"1": "22.16", "2": "0.81", "3": "-1.94", "4": "24.33", "5": "-98.55%", "6": "73.83", "7": "-", "8": "73.83", "9": "-5.06", "10": "1.48", "11": "32.07", "12": "0.26", "13": "28.75", "14": "126.91", "15": "24.33", "16": "-98.55%", "17": "48.69%", "18": "2.22"}, "2015-03-31": {"1": "1.82", "2": "0.84", "3": "74.94", "4": "89.04", "5": "-3.90%", "6": "-403.92", "7": "-0", "8": "-403.92", "9": "-5.05", "10": "0", "11": "762.18", "12": "-249.39", "13": "507.75", "14": "192.86", "15": "89.04", "16": "-3.90%", "17": "285.48%", "18": "8.14"}, "2014-12-31": {"1": "5.65", "2": "0.68", "3": "-1,685.22", "4": "-1,675.6", "5": "-", "6": "1,120.88", "7": "0.7", "8": "1,121.59", "9": "-5.16", "10": "0.04", "11": "1,300.12", "12": "-5.26", "13": "1,289.73", "14": "735.72", "15": "-1,675.6", "16": "-", "17": "-6514.77%", "18": "-153.22"}, "2014-09-30": {"1": "11.59", "2": "0.76", "3": "46.25", "4": "61.87", "5": "-45.91%", "6": "359.37", "7": "0.76", "8": "360.14", "9": "-3.7", "10": "0.2", "11": "-169.57", "12": "-5.39", "13": "-178.46", "14": "243.55", "15": "61.87", "16": "-45.91%", "17": "177.08%", "18": "5.66"}, "2014-06-30": {"1": "20.21", "2": "0.71", "3": "1,652.9", "4": "1,676.13", "5": "5188.48%", "6": "-1,488.89", "7": "0.45", "8": "-1,488.44", "9": "-2.73", "10": "0.01", "11": "-728.75", "12": "61.32", "13": "-670.15", "14": "-482.46", "15": "1,676.13", "16": "5188.48%", "17": "5620.82%", "18": "153.44"}, "2014-03-31": {"1": "0.81", "2": "0.71", "3": "90.17", "4": "92.65", "5": "-34.78%", "6": "-76.96", "7": "0.01", "8": "-76.95", "9": "-2.41", "10": "0.01", "11": "36.17", "12": "67.8", "13": "101.57", "14": "117.27", "15": "92.65", "16": "-34.78%", "17": "656.26%", "18": "8.51"}, "2013-12-31": {"1": "12.49", "2": "0.68", "3": "11.81", "4": "25.86", "5": "-", "6": "-203.02", "7": "4.04", "8": "-198.98", "9": "-2.19", "10": "0.44", "11": "277.86", "12": "-5.38", "13": "270.72", "14": "97.6", "15": "25.86", "16": "-", "17": "85.31%", "18": "2.38"}, "2013-09-30": {"1": "15.41", "2": "0.75", "3": "97.34", "4": "114.38", "5": "27.33%", "6": "-184.19", "7": "-", "8": "-184.19", "9": "-2.18", "10": "0.27", "11": "77.92", "12": "-5.21", "13": "70.8", "14": "0.99", "15": "114.38", "16": "27.33%", "17": "297.03%", "18": "10.56"}, "2013-06-30": {"1": "27.75", "2": "0.67", "3": "2.39", "4": "31.69", "5": "-", "6": "-691.12", "7": "-", "8": "-691.12", "9": "-2.18", "10": "0.32", "11": "424.13", "12": "-5.5", "13": "416.76", "14": "-242.66", "15": "31.69", "16": "-", "17": "57.44%", "18": "2.93"}, "+69 Quarters": {"1": "Upgrade", "2": "Upgrade", "3": "Upgrade", "4": "Upgrade", "5": "Upgrade", "6": "Upgrade", "7": "Upgrade", "8": "Upgrade", "9": "Upgrade", "10": "Upgrade", "11": "Upgrade", "12": "Upgrade", "13": "Upgrade", "14": "Upgrade", "15": "Upgrade", "16": "Upgrade", "17": "Upgrade", "18": "Upgrade"}}}, "ratios": {"annual": {"Year": {"1": "Market Capitalization", "2": "Market Cap Growth", "3": "Enterprise Value", "4": "PE Ratio", "5": "PS Ratio", "6": "PB Ratio", "7": "P/FCF Ratio", "8": "P/OCF Ratio", "9": "EV/Sales Ratio", "10": "EV/EBITDA Ratio", "11": "EV/EBIT Ratio", "12": "EV/FCF Ratio", "13": "Debt / Equity Ratio", "14": "Debt / EBITDA Ratio", "15": "Debt / FCF Ratio", "16": "Asset Turnover", "17": "Return on Equity (ROE)", "18": "Return on Assets (ROA)", "19": "Return on Capital (ROIC)", "20": "Earnings Yield", "21": "FCF Yield", "22": "Dividend Yield", "23": "Payout Ratio", "24": "Buyback Yield / Dilution", "25": "Total Shareholder Return"}, "Current": {"1": "1,465", "2": "-", "3": "26,662", "4": "7.78", "5": "4.24", "6": "1.02", "7": "2.19", "8": "2.19", "9": "85.90", "10": "118.26", "11": "118.26", "12": "44.40", "13": "20.28", "14": "116.27", "15": "43.65", "16": "0.01", "17": "12.00%", "18": "0.60%", "19": "0.40%", "20": "11.45%", "21": "45.67%", "22": "2.97%", "23": "28.30%", "24": "-0.33%", "25": "-0.33%"}, "2022": {"1": "1,217", "2": "-8.76%", "3": "26,007", "4": "8.06", "5": "3.95", "6": "0.96", "7": "1.50", "8": "1.50", "9": "84.36", "10": "115.24", "11": "115.24", "12": "32.14", "13": "20.17", "14": "113.66", "15": "31.70", "16": "0.01", "17": "12.30%", "18": "0.60%", "19": "0.50%", "20": "12.40%", "21": "66.48%", "22": "3.37%", "23": "27.10%", "24": "-0.32%", "25": "3.05%"}, "2021": {"1": "1,334", "2": "67.38%", "3": "24,121", "4": "11.98", "5": "5.43", "6": "1.10", "7": "3.06", "8": "3.06", "9": "98.10", "10": "139.86", "11": "139.86", "12": "55.27", "13": "19.52", "14": "137.39", "15": "54.30", "16": "0.01", "17": "9.50%", "18": "0.50%", "19": "0.40%", "20": "8.35%", "21": "32.71%", "22": "2.84%", "23": "34.00%", "24": "-0.28%", "25": "2.56%"}, "2020": {"1": "797", "2": "-10.87%", "3": "22,936", "4": "8.40", "5": "3.87", "6": "0.80", "7": "-8.43", "8": "-8.43", "9": "111.29", "10": "158.53", "11": "158.53", "12": "-242.59", "13": "23.35", "14": "160.16", "15": "-245.09", "16": "0.01", "17": "11.00%", "18": "0.40%", "19": "0.30%", "20": "11.91%", "21": "-11.86%", "22": "4.31%", "23": "36.20%", "24": "-0.23%", "25": "4.08%"}, "2019": {"1": "894", "2": "38.70%", "3": "21,005", "4": "9.55", "5": "4.69", "6": "1.12", "7": "-45.40", "8": "-45.40", "9": "110.22", "10": "151.50", "11": "151.50", "12": "-1066.30", "13": "25.92", "14": "149.40", "15": "-1051.58", "16": "0.01", "17": "12.10%", "18": "0.40%", "19": "0.30%", "20": "10.47%", "21": "-2.20%", "22": "3.35%", "23": "32.00%", "24": "-0.40%", "25": "2.96%"}, "2018": {"1": "645", "2": "-22.38%", "3": "17,992", "4": "6.80", "5": "3.47", "6": "0.86", "7": "3.22", "8": "3.22", "9": "96.82", "10": "132.27", "11": "132.27", "12": "89.95", "13": "23.62", "14": "130.66", "15": "88.85", "16": "0.01", "17": "12.50%", "18": "0.50%", "19": "0.40%", "20": "14.72%", "21": "31.02%", "22": "3.84%", "23": "26.00%", "24": "-0.48%", "25": "3.36%"}, "2017": {"1": "831", "2": "38.37%", "3": "17,456", "4": "11.65", "5": "4.79", "6": "1.17", "7": "4.75", "8": "4.75", "9": "100.64", "10": "133.41", "11": "133.41", "12": "99.74", "13": "23.90", "14": "129.37", "15": "96.72", "16": "0.01", "17": "10.40%", "18": "0.40%", "19": "0.40%", "20": "8.58%", "21": "21.07%", "22": "1.84%", "23": "21.40%", "24": "-1.28%", "25": "0.56%"}, "2016": {"1": "600", "2": "74.83%", "3": "15,141", "4": "9.36", "5": "3.76", "6": "0.93", "7": "2.82", "8": "2.82", "9": "94.82", "10": "126.82", "11": "126.82", "12": "71.19", "13": "23.01", "14": "124.01", "15": "69.61", "16": "0.01", "17": "10.80%", "18": "0.40%", "19": "0.40%", "20": "10.68%", "21": "35.43%", "22": "1.82%", "23": "17.00%", "24": "3.63%", "25": "5.44%"}, "2015": {"1": "343", "2": "3.51%", "3": "13,925", "4": "7.25", "5": "2.39", "6": "0.62", "7": "1.86", "8": "1.86", "9": "97.00", "10": "135.28", "11": "135.28", "12": "75.31", "13": "26.72", "14": "143.70", "15": "80.00", "16": "0.01", "17": "8.40%", "18": "0.30%", "19": "0.40%", "20": "13.79%", "21": "53.84%", "22": "2.03%", "23": "14.80%", "24": "0.53%", "25": "2.55%"}, "2014": {"1": "332", "2": "-10.83%", "3": "12,218", "4": "8.67", "5": "3.17", "6": "0.61", "7": "2.14", "8": "2.14", "9": "116.81", "10": "239.97", "11": "239.97", "12": "78.80", "13": "24.28", "14": "260.23", "15": "85.45", "16": "0.01", "17": "7.40%", "18": "0.30%", "19": "0.20%", "20": "11.53%", "21": "46.73%", "22": "1.85%", "23": "16.00%", "24": "-0.66%", "25": "1.19%"}, "2013": {"1": "372", "2": "8.95%", "3": "12,224", "4": "5.18", "5": "2.26", "6": "1.12", "7": "1.19", "8": "1.19", "9": "74.37", "10": "112.07", "11": "112.07", "12": "38.93", "13": "37.89", "14": "115.53", "15": "40.13", "16": "0.01", "17": "19.90%", "18": "0.50%", "19": "0.40%", "20": "19.30%", "21": "84.38%", "22": "1.40%", "23": "7.20%", "24": "-3.38%", "25": "-1.98%"}, "2012 - 1995": {"1": "Upgrade", "2": "Upgrade", "3": "Upgrade", "4": "Upgrade", "5": "Upgrade", "6": "Upgrade", "7": "Upgrade", "8": "Upgrade", "9": "Upgrade", "10": "Upgrade", "11": "Upgrade", "12": "Upgrade", "13": "Upgrade", "14": "Upgrade", "15": "Upgrade", "16": "Upgrade", "17": "Upgrade", "18": "Upgrade", "19": "Upgrade", "20": "Upgrade", "21": "Upgrade", "22": "Upgrade", "23": "Upgrade", "24": "Upgrade", "25": "Upgrade"}}, "quarterly": {"Metrics": {"1": "Market Capitalization", "2": "Market Cap Growth", "3": "Enterprise Value", "4": "PE Ratio", "5": "PS Ratio", "6": "PB Ratio", "7": "Debt / Equity Ratio", "8": "Dividend Yield", "9": "Payout Ratio", "10": "Buyback Yield / Dilution", "11": "Total Shareholder Return"}, "Current": {"1": "1,465", "2": "-", "3": "26,662", "4": "7.78", "5": "4.24", "6": "1.02", "7": "20.28", "8": "2.97%", "9": "28.30%", "10": "-0.33%", "11": "-0.33%"}, "2023-03-31": {"1": "1,439", "2": "23.18%", "3": "26,786", "4": "9.55", "5": "4.64", "6": "1.11", "7": "20.28", "8": "0.83%", "9": "29.50%", "10": "-0.33%", "11": "0.50%"}, "2022-12-31": {"1": "1,217", "2": "-8.76%", "3": "26,007", "4": "8.06", "5": "3.95", "6": "0.96", "7": "20.17", "8": "0.84%", "9": "28.00%", "10": "-0.32%", "11": "0.52%"}, "2022-09-30": {"1": "1,070", "2": "-8.37%", "3": "24,793", "4": "7.36", "5": "3.57", "6": "0.87", "7": "19.96", "8": "0.96%", "9": "29.60%", "10": "-0.29%", "11": "0.66%"}, "2022-06-30": {"1": "1,054", "2": "-0.96%", "3": "24,485", "4": "7.56", "5": "3.63", "6": "0.87", "7": "20.08", "8": "0.97%", "9": "26.20%", "10": "-0.31%", "11": "0.67%"}, "2022-03-31": {"1": "1,168", "2": "8.00%", "3": "24,213", "4": "9.29", "5": "4.35", "6": "0.98", "7": "20.07", "8": "0.88%", "9": "22.90%", "10": "-0.27%", "11": "0.60%"}, "2021-12-31": {"1": "1,334", "2": "67.38%", "3": "24,121", "4": "11.98", "5": "5.43", "6": "1.10", "7": "19.52", "8": "0.71%", "9": "34.90%", "10": "-0.28%", "11": "0.43%"}, "2021-09-30": {"1": "1,168", "2": "70.99%", "3": "23,625", "4": "9.98", "5": "4.73", "6": "0.98", "7": "19.51", "8": "0.81%", "9": "33.20%", "10": "-0.31%", "11": "0.50%"}, "2021-06-30": {"1": "1,064", "2": "54.98%", "3": "23,062", "4": "9.93", "5": "4.59", "6": "0.90", "7": "19.34", "8": "0.89%", "9": "37.30%", "10": "-0.31%", "11": "0.58%"}, "2021-03-31": {"1": "1,081", "2": "81.48%", "3": "22,818", "4": "9.53", "5": "4.61", "6": "1.00", "7": "21.11", "8": "0.87%", "9": "33.80%", "10": "-0.23%", "11": "0.64%"}, "2020-12-31": {"1": "797", "2": "-10.87%", "3": "22,936", "4": "8.40", "5": "3.87", "6": "0.80", "7": "23.35", "8": "1.08%", "9": "24.40%", "10": "-0.23%", "11": "0.84%"}, "2020-09-30": {"1": "683", "2": "-21.81%", "3": "22,654", "4": "7.69", "5": "3.54", "6": "0.73", "7": "24.59", "8": "1.26%", "9": "46.00%", "10": "-0.30%", "11": "0.95%"}, "2020-06-30": {"1": "687", "2": "-11.65%", "3": "22,758", "4": "8.12", "5": "3.76", "6": "0.83", "7": "27.79", "8": "1.25%", "9": "27.10%", "10": "-0.28%", "11": "0.97%"}, "2020-03-31": {"1": "596", "2": "-22.88%", "3": "21,579", "4": "7.34", "5": "3.34", "6": "0.86", "7": "32.03", "8": "1.44%", "9": "90.90%", "10": "-0.41%", "11": "1.03%"}, "2019-12-31": {"1": "894", "2": "38.70%", "3": "21,005", "4": "9.55", "5": "4.69", "6": "1.12", "7": "25.92", "8": "0.84%", "9": "25.70%", "10": "-0.40%", "11": "0.44%"}, "2019-09-30": {"1": "874", "2": "13.47%", "3": "20,645", "4": "10.38", "5": "4.89", "6": "1.17", "7": "27.14", "8": "0.86%", "9": "52.20%", "10": "-0.30%", "11": "0.56%"}, "2019-06-30": {"1": "777", "2": "-18.44%", "3": "20,139", "4": "8.08", "5": "4.05", "6": "1.00", "7": "25.54", "8": "0.96%", "9": "26.40%", "10": "-0.44%", "11": "0.53%"}, "2019-03-31": {"1": "773", "2": "-16.40%", "3": "19,215", "4": "8.20", "5": "4.14", "6": "1.01", "7": "24.65", "8": "0.97%", "9": "34.10%", "10": "-0.44%", "11": "0.53%"}, "2018-12-31": {"1": "645", "2": "-22.38%", "3": "17,992", "4": "6.80", "5": "3.47", "6": "0.86", "7": "23.62", "8": "0.96%", "9": "31.50%", "10": "-0.48%", "11": "0.48%"}, "2018-09-30": {"1": "770", "2": "-0.17%", "3": "17,619", "4": "8.37", "5": "4.13", "6": "0.99", "7": "22.23", "8": "0.80%", "9": "23.40%", "10": "-0.61%", "11": "0.20%"}, "2018-06-30": {"1": "953", "2": "39.01%", "3": "18,163", "4": "11.34", "5": "5.27", "6": "1.24", "7": "23.02", "8": "0.65%", "9": "23.50%", "10": "-0.51%", "11": "0.13%"}, "2018-03-31": {"1": "924", "2": "52.17%", "3": "17,919", "4": "12.29", "5": "5.31", "6": "1.24", "7": "23.46", "8": "0.67%", "9": "27.40%", "10": "-0.67%", "11": "-0.01%"}, "2017-12-31": {"1": "831", "2": "38.37%", "3": "17,456", "4": "11.65", "5": "4.79", "6": "1.17", "7": "23.90", "8": "0.46%", "9": "22.90%", "10": "-1.28%", "11": "-0.82%"}, "2017-09-30": {"1": "771", "2": "86.50%", "3": "17,251", "4": "9.64", "5": "4.16", "6": "1.11", "7": "24.27", "8": "0.49%", "9": "20.70%", "10": "-1.28%", "11": "-0.78%"}, "2017-06-30": {"1": "686", "2": "88.42%", "3": "16,756", "4": "8.80", "5": "3.78", "6": "1.01", "7": "24.07", "8": "0.56%", "9": "21.80%", "10": "-1.40%", "11": "-0.85%"}, "2017-03-31": {"1": "607", "2": "55.10%", "3": "15,424", "4": "8.38", "5": "3.53", "6": "0.91", "7": "22.72", "8": "0.63%", "9": "20.50%", "10": "-1.65%", "11": "-1.02%"}, "2016-12-31": {"1": "600", "2": "74.83%", "3": "15,141", "4": "9.36", "5": "3.76", "6": "0.93", "7": "23.01", "8": "0.45%", "9": "10.70%", "10": "3.63%", "11": "4.08%"}, "2016-09-30": {"1": "414", "2": "44.49%", "3": "15,261", "4": "7.70", "5": "2.99", "6": "0.69", "7": "25.24", "8": "0.66%", "9": "16.70%", "10": "5.15%", "11": "5.81%"}, "2016-06-30": {"1": "364", "2": "14.12%", "3": "14,375", "4": "7.96", "5": "2.86", "6": "0.62", "7": "26.97", "8": "0.75%", "9": "22.60%", "10": "4.76%", "11": "5.50%"}, "2016-03-31": {"1": "392", "2": "27.03%", "3": "14,066", "4": "7.01", "5": "2.73", "6": "0.72", "7": "28.33", "8": "0.69%", "9": "26.30%", "10": "5.09%", "11": "5.78%"}, "2015-12-31": {"1": "343", "2": "3.51%", "3": "13,925", "4": "7.25", "5": "2.39", "6": "0.62", "7": "26.72", "8": "0.51%", "9": "11.50%", "10": "0.53%", "11": "1.03%"}, "2015-09-30": {"1": "286", "2": "-18.47%", "3": "12,880", "4": "7.54", "5": "2.12", "6": "0.53", "7": "26.11", "8": "0.62%", "9": "21.10%", "10": "-1.05%", "11": "-0.43%"}, "2015-06-30": {"1": "319", "2": "-6.08%", "3": "12,798", "4": "7.74", "5": "2.25", "6": "0.55", "7": "24.58", "8": "0.55%", "9": "8.00%", "10": "-0.45%", "11": "0.10%"}, "2015-03-31": {"1": "308", "2": "-14.82%", "3": "12,816", "4": "7.85", "5": "2.53", "6": "0.53", "7": "24.15", "8": "0.57%", "9": "94.10%", "10": "-0.47%", "11": "0.10%"}, "2014-12-31": {"1": "332", "2": "-10.83%", "3": "12,218", "4": "8.67", "5": "3.17", "6": "0.61", "7": "24.28", "8": "0.46%", "9": "27.50%", "10": "-0.66%", "11": "-0.20%"}, "2014-09-30": {"1": "351", "2": "-2.89%", "3": "13,301", "4": "7.79", "5": "3.22", "6": "0.64", "7": "24.84", "8": "0.44%", "9": "13.20%", "10": "-0.86%", "11": "-0.42%"}, "2014-06-30": {"1": "340", "2": "8.75%", "3": "13,673", "4": "6.94", "5": "3.01", "6": "0.63", "7": "25.57", "8": "0.45%", "9": "7.60%", "10": "-1.06%", "11": "-0.61%"}, "2014-03-31": {"1": "362", "2": "9.31%", "3": "12,199", "4": "6.41", "5": "2.62", "6": "0.83", "7": "29.06", "8": "0.42%", "9": "200.00%", "10": "-1.22%", "11": "-0.80%"}, "2013-12-31": {"1": "372", "2": "8.95%", "3": "12,224", "4": "5.18", "5": "2.26", "6": "1.12", "7": "37.89", "8": "0.35%", "9": "10.50%", "10": "-3.38%", "11": "-3.03%"}, "2013-09-30": {"1": "362", "2": "33.88%", "3": "11,947", "4": "5.24", "5": "2.25", "6": "1.00", "7": "33.67", "8": "0.36%", "9": "8.50%", "10": "-3.24%", "11": "-2.88%"}, "2013-06-30": {"1": "312", "2": "13.94%", "3": "11,789", "4": "4.47", "5": "1.94", "6": "0.87", "7": "33.64", "8": "0.42%", "9": "4.70%", "10": "-3.49%", "11": "-3.07%"}, "+70 Quarters": {"1": "Upgrade", "2": "Upgrade", "3": "Upgrade", "4": "Upgrade", "5": "Upgrade", "6": "Upgrade", "7": "Upgrade", "8": "Upgrade", "9": "Upgrade", "10": "Upgrade", "11": "Upgrade"}}}, "stock_price": {"index": {}, "high": {}, "low": {}, "volume": {}, "open": {}, "close": {}}, "profile": "Quote not found for ticker symbol: AGM.A"}