{"income_statement": {"annual": {"Year": {"1": "Selling, General & Admin", "2": "Other Operating Expenses", "3": "Operating Expenses", "4": "Operating Income", "5": "Other Expense / Income", "6": "Pretax Income", "7": "Net Income", "8": "Shares Outstanding (Basic)", "9": "Shares Outstanding (Diluted)", "10": "Shares Change", "11": "EPS (Basic)", "12": "EPS (Diluted)", "13": "Free Cash Flow Per Share", "14": "EBITDA", "15": "EBIT"}, "2022": {"1": "2.43", "2": "1.47", "3": "3.9", "4": "-3.9", "5": "-17.66", "6": "13.76", "7": "13.76", "8": "37", "9": "37", "10": "330.86%", "11": "0.26", "12": "0.26", "13": "0.04", "14": "13.76", "15": "13.76"}, "2021": {"1": "0.1", "2": "0.66", "3": "0.76", "4": "-0.76", "5": "1.9", "6": "-2.67", "7": "-2.67", "8": "9", "9": "9", "10": "-", "11": "-0.46", "12": "-0.46", "13": "-0.00", "14": "-2.67", "15": "-2.67"}}, "quarterly": {"Metrics": {"1": "Selling, General & Admin", "2": "Other Operating Expenses", "3": "Operating Expenses", "4": "Operating Income", "5": "Other Expense / Income", "6": "Pretax Income", "7": "Net Income", "8": "Net Income Growth", "9": "Shares Outstanding (Basic)", "10": "Shares Outstanding (Diluted)", "11": "Shares Change", "12": "EPS (Basic)", "13": "EPS (Diluted)", "14": "Free Cash Flow Per Share", "15": "EBITDA", "16": "EBIT"}, "2023-03-31": {"1": "0.28", "2": "0.51", "3": "0.79", "4": "-0.79", "5": "-1.98", "6": "1.19", "7": "1.19", "8": "-78.74%", "9": "37", "10": "37", "11": "-", "12": "-0.04", "13": "-0.04", "14": "0.04", "15": "1.19", "16": "1.19"}, "2022-12-31": {"1": "1.32", "2": "0.33", "3": "1.65", "4": "-1.65", "5": "-3.97", "6": "2.32", "7": "2.32", "8": "-", "9": "37", "10": "37", "11": "330.86%", "12": "-0.02", "13": "-0.02", "14": "0.07", "15": "2.32", "16": "2.32"}, "2022-09-30": {"1": "0.53", "2": "0.44", "3": "0.97", "4": "-0.97", "5": "-1.43", "6": "0.46", "7": "0.46", "8": "-", "9": "37", "10": "37", "11": "500.00%", "12": "-0.01", "13": "-0.01", "14": "-0.00", "15": "0.46", "16": "0.46"}, "2022-06-30": {"1": "0.3", "2": "0.35", "3": "0.65", "4": "-0.65", "5": "-6.02", "6": "5.37", "7": "5.37", "8": "-", "9": "37", "10": "37", "11": "438.11%", "12": "0.14", "13": "0.14", "14": "-0.01", "15": "5.37", "16": "5.37"}, "2022-03-31": {"1": "0.28", "2": "0.35", "3": "0.63", "4": "-0.63", "5": "-6.23", "6": "5.6", "7": "5.6", "8": "-", "9": "37", "10": "37", "11": "-", "12": "0.15", "13": "0.15", "14": "-0.02", "15": "5.6", "16": "5.6"}, "2021-12-31": {"1": "0.09", "2": "0.66", "3": "0.74", "4": "-0.74", "5": "1.9", "6": "-2.65", "7": "-2.65", "8": "-", "9": "9", "10": "9", "11": "-", "12": "-0.46", "13": "-0.46", "14": "-0.00", "15": "-2.65", "16": "-2.65"}, "2021-09-30": {"1": "0", "2": "0", "3": "0", "4": "0", "5": "-", "6": "0", "7": "0", "8": "-", "9": "6", "10": "6", "11": "-", "12": "-", "13": "-", "14": "-", "15": "0", "16": "0"}, "2021-06-30": {"1": "0.02", "2": "0", "3": "0.02", "4": "-0.02", "5": "-", "6": "-0.02", "7": "-0.02", "8": "-", "9": "7", "10": "7", "11": "-", "12": "-", "13": "-", "14": "-", "15": "-0.02", "16": "-0.02"}}}, "balance_sheet": {"annual": {"Year": {"1": "Cash & Equivalents", "2": "Short-Term Investments", "3": "Cash & Cash Equivalents", "4": "Cash Growth", "5": "Other Current Assets", "6": "Total Current Assets", "7": "Long-Term Investments", "8": "Other Long-Term Assets", "9": "Total Long-Term Assets", "10": "Total Assets", "11": "Accounts Payable", "12": "Other Current Liabilities", "13": "Total Current Liabilities", "14": "Other Long-Term Liabilities", "15": "Total Long-Term Liabilities", "16": "Total Liabilities", "17": "Common Stock", "18": "Retained Earnings", "19": "Shareholders' Equity", "20": "Total Liabilities and Equity", "21": "Net Cash / Debt", "22": "Net Cash / Debt Growth", "23": "Net Cash Per Share", "24": "Working Capital", "25": "Book Value Per Share"}, "2022": {"1": "0.73", "2": "310.03", "3": "310.76", "4": "14312.75%", "5": "0.22", "6": "310.97", "7": "0", "8": "0", "9": "0", "10": "310.97", "11": "0.21", "12": "3.76", "13": "3.97", "14": "0", "15": "0", "16": "3.97", "17": "0", "18": "-2.87", "19": "-2.87", "20": "1.1", "21": "310.76", "22": "14312.75%", "23": "8.29", "24": "307.01", "25": "-0.08"}, "2021": {"1": "2.16", "2": "0", "3": "2.16", "4": "-", "5": "0.47", "6": "2.62", "7": "306", "8": "0.21", "9": "306.21", "10": "308.83", "11": "0.7", "12": "0.15", "13": "0.86", "14": "26.7", "15": "26.7", "16": "27.56", "17": "0", "18": "-24.72", "19": "-24.72", "20": "2.84", "21": "2.16", "22": "-", "23": "0.25", "24": "1.77", "25": "-2.84"}}, "quarterly": {"Metrics": {"1": "Cash & Equivalents", "2": "Short-Term Investments", "3": "Cash & Cash Equivalents", "4": "Cash Growth", "5": "Other Current Assets", "6": "Total Current Assets", "7": "Long-Term Investments", "8": "Other Long-Term Assets", "9": "Total Long-Term Assets", "10": "Total Assets", "11": "Accounts Payable", "12": "Current Debt", "13": "Other Current Liabilities", "14": "Total Current Liabilities", "15": "Other Long-Term Liabilities", "16": "Total Long-Term Liabilities", "17": "Total Liabilities", "18": "Total Debt", "19": "Common Stock", "20": "Retained Earnings", "21": "Shareholders' Equity", "22": "Total Liabilities and Equity", "23": "Net Cash / Debt", "24": "Net Cash / Debt Growth", "25": "Net Cash Per Share", "26": "Working Capital", "27": "Book Value Per Share"}, "2023-03-31": {"1": "0.45", "2": "312.89", "3": "313.34", "4": "25091.01%", "5": "0.18", "6": "313.52", "7": "0", "8": "0", "9": "0", "10": "313.52", "11": "0.26", "12": "0", "13": "5.06", "14": "5.32", "15": "0", "16": "0", "17": "5.32", "18": "0", "19": "0", "20": "-4.51", "21": "-4.51", "22": "0.81", "23": "313.34", "24": "25091.01%", "25": "8.36", "26": "308.2", "27": "-0.12"}, "2022-12-31": {"1": "0.73", "2": "310.03", "3": "310.76", "4": "14312.75%", "5": "0.22", "6": "310.97", "7": "0", "8": "0", "9": "0", "10": "310.97", "11": "0.21", "12": "0", "13": "3.76", "14": "3.97", "15": "0", "16": "0", "17": "3.97", "18": "0", "19": "0", "20": "-2.87", "21": "-2.87", "22": "1.1", "23": "310.76", "24": "14312.75%", "25": "8.29", "26": "307.01", "27": "-0.08"}, "2022-09-30": {"1": "0.91", "2": "307.12", "3": "308.03", "4": "-", "5": "0.4", "6": "308.43", "7": "0", "8": "0", "9": "0", "10": "308.43", "11": "0.02", "12": "0", "13": "14.56", "14": "14.58", "15": "0", "16": "0", "17": "14.58", "18": "0", "19": "0", "20": "-13.26", "21": "-13.26", "22": "1.32", "23": "308.03", "24": "-", "25": "8.21", "26": "293.86", "27": "-0.35"}, "2022-06-30": {"1": "1", "2": "306.29", "3": "307.29", "4": "-", "5": "0.54", "6": "307.83", "7": "0", "8": "0", "9": "0", "10": "307.83", "11": "0.02", "12": "0", "13": "14.85", "14": "14.88", "15": "0", "16": "0", "17": "14.88", "18": "0", "19": "0.41", "20": "-13.74", "21": "-13.34", "22": "1.54", "23": "307.29", "24": "-", "25": "8.19", "26": "292.95", "27": "-0.36"}, "2022-03-31": {"1": "1.24", "2": "0", "3": "1.24", "4": "-", "5": "0.55", "6": "1.8", "7": "306.02", "8": "0.1", "9": "306.11", "10": "307.91", "11": "0", "12": "0", "13": "0.2", "14": "0.2", "15": "20.48", "16": "20.48", "17": "20.68", "18": "0", "19": "0.33", "20": "-19.12", "21": "-18.79", "22": "1.89", "23": "1.24", "24": "-", "25": "0.03", "26": "1.6", "27": "-0.50"}, "2021-12-31": {"1": "2.16", "2": "0", "3": "2.16", "4": "-", "5": "0.47", "6": "2.62", "7": "306", "8": "0.21", "9": "306.21", "10": "308.83", "11": "0.7", "12": "0", "13": "0.15", "14": "0.86", "15": "26.7", "16": "26.7", "17": "27.56", "18": "0", "19": "0", "20": "-24.72", "21": "-24.72", "22": "2.84", "23": "2.16", "24": "-", "25": "0.25", "26": "1.77", "27": "-2.84"}, "2021-09-30": {"1": "0", "2": "-", "3": "0", "4": "-", "5": "-", "6": "-", "7": "-", "8": "-", "9": "-", "10": "0.93", "11": "0", "12": "0.2", "13": "0.72", "14": "0.92", "15": "0", "16": "0", "17": "0.92", "18": "0.2", "19": "0.03", "20": "-0.02", "21": "0.01", "22": "0.93", "23": "-0.2", "24": "-", "25": "-0.03", "26": "-", "27": "0.00"}, "2021-06-30": {"1": "-", "2": "-", "3": "0", "4": "-", "5": "-", "6": "-", "7": "-", "8": "-", "9": "-", "10": "-", "11": "-", "12": "-", "13": "-", "14": "-", "15": "-", "16": "-", "17": "-", "18": "-", "19": "-", "20": "-", "21": "-", "22": "-", "23": "0", "24": "-", "25": "-", "26": "-", "27": "-"}, "2021-04-12": {"1": "0", "2": "-", "3": "0", "4": "-", "5": "-", "6": "-", "7": "-", "8": "-", "9": "-", "10": "0.33", "11": "0", "12": "0", "13": "0.32", "14": "0.32", "15": "0", "16": "0", "17": "0.32", "18": "0", "19": "0.03", "20": "-0.02", "21": "0.01", "22": "0.33", "23": "0", "24": "-", "25": "-", "26": "-", "27": "-"}}}, "cash_flow_statement": {"annual": {"Year": {"1": "Net Income", "2": "Share-Based Compensation", "3": "Other Operating Activities", "4": "Operating Cash Flow", "5": "Change in Investments", "6": "Investing Cash Flow", "7": "Share Issuance / Repurchase", "8": "Other Financing Activities", "9": "Financing Cash Flow", "10": "Net Cash Flow", "11": "Free Cash Flow", "12": "Free Cash Flow Per Share"}, "2022": {"1": "13.76", "2": "1.47", "3": "-13.64", "4": "1.59", "5": "-3.01", "6": "-3.01", "7": "0", "8": "-", "9": "0", "10": "-1.43", "11": "1.59", "12": "0.04"}, "2021": {"1": "-2.67", "2": "0.66", "3": "1.97", "4": "-0.04", "5": "-306", "6": "-306", "7": "300", "8": "8.19", "9": "308.19", "10": "2.16", "11": "-0.04", "12": "-0.00"}}, "quarterly": {"Metrics": {"1": "Net Income", "2": "Share-Based Compensation", "3": "Other Operating Activities", "4": "Operating Cash Flow", "5": "Change in Investments", "6": "Investing Cash Flow", "7": "Other Financing Activities", "8": "Financing Cash Flow", "9": "Net Cash Flow", "10": "Free Cash Flow", "11": "Free Cash Flow Per Share"}, "2023-03-31": {"1": "1.19", "2": "0", "3": "0.19", "4": "1.38", "5": "-1.66", "6": "-1.66", "7": "-", "8": "0", "9": "-0.28", "10": "1.38", "11": "0.04"}, "2022-12-31": {"1": "2.32", "2": "0.33", "3": "0.18", "4": "2.83", "5": "0", "6": "0", "7": "-", "8": "0", "9": "-0.19", "10": "2.83", "11": "0.07"}, "2022-09-30": {"1": "0.46", "2": "0.44", "3": "-0.99", "4": "-0.09", "5": "0", "6": "0", "7": "-", "8": "0", "9": "-0.09", "10": "-0.09", "11": "-0.00"}, "2022-06-30": {"1": "5.37", "2": "0.35", "3": "-5.98", "4": "-0.25", "5": "0", "6": "0", "7": "-", "8": "0", "9": "-0.24", "10": "-0.25", "11": "-0.01"}, "2022-03-31": {"1": "5.6", "2": "0.35", "3": "-6.85", "4": "-0.9", "5": "0", "6": "0", "7": "-0.01", "8": "-0.01", "9": "-0.91", "10": "-0.9", "11": "-0.02"}, "2021-12-31": {"1": "-2.65", "2": "0.66", "3": "1.95", "4": "-0.04", "5": "0", "6": "0", "7": "-", "8": "0", "9": "2.16", "10": "-0.04", "11": "-0.00"}, "2021-09-30": {"1": "0", "2": "0", "3": "-", "4": "0", "5": "0", "6": "0", "7": "-", "8": "0", "9": "0", "10": "0", "11": "-"}, "2021-06-30": {"1": "-0.02", "2": "0", "3": "0.02", "4": "0", "5": "0", "6": "0", "7": "-", "8": "0", "9": "0", "10": "0", "11": "-"}}}, "ratios": {"annual": {"Year": {"1": "Market Capitalization", "2": "Market Cap Growth", "3": "Enterprise Value", "4": "PE Ratio", "5": "PB Ratio", "6": "P/FCF Ratio", "7": "P/OCF Ratio", "8": "EV/EBITDA Ratio", "9": "EV/EBIT Ratio", "10": "EV/FCF Ratio", "11": "Current Ratio", "12": "Return on Equity (ROE)", "13": "Return on Assets (ROA)", "14": "Return on Capital (ROIC)", "15": "Earnings Yield", "16": "FCF Yield", "17": "Buyback Yield / Dilution", "18": "Total Shareholder Return"}, "Current": {"1": "394", "2": "-", "3": "80", "4": "150.00", "5": "-86.51", "6": "101.89", "7": "101.89", "8": "8.60", "9": "8.60", "10": "20.81", "11": "58.90", "12": "-110.00%", "13": "3.00%", "14": "3.10%", "15": "2.37%", "16": "0.98%", "17": "-330.86%", "18": "-330.86%"}, "2022": {"1": "384", "2": "22.57%", "3": "73", "4": "27.90", "5": "-133.76", "6": "242.12", "7": "242.12", "8": "5.31", "9": "5.31", "10": "46.08", "11": "78.35", "12": "-114.00%", "13": "4.50%", "14": "4.60%", "15": "3.58%", "16": "0.41%", "17": "-", "18": "-"}, "2021": {"1": "313", "2": "-", "3": "311", "4": "-117.42", "5": "-12.67", "6": "-8554.39", "7": "-8554.39", "8": "-116.61", "9": "-116.61", "10": "-8495.49", "11": "3.06", "12": "-", "13": "-", "14": "-", "15": "-0.85%", "16": "-0.01%", "17": null, "18": null}}, "quarterly": {"Metrics": {"1": "Market Capitalization", "2": "Market Cap Growth", "3": "Enterprise Value", "4": "PE Ratio", "5": "PB Ratio", "6": "Debt / Equity Ratio", "7": "Current Ratio", "8": "Buyback Yield / Dilution", "9": "Total Shareholder Return"}, "Current": {"1": "394", "2": "-", "3": "80", "4": "150.00", "5": "-86.51", "6": "-", "7": "58.90", "8": "-", "9": "-"}, "2023-03-31": {"1": "390", "2": "25.93%", "3": "77", "4": "41.76", "5": "-86.51", "6": "-", "7": "58.90", "8": "-330.86%", "9": "-330.86%"}, "2022-12-31": {"1": "384", "2": "22.57%", "3": "73", "4": "27.90", "5": "-133.76", "6": "-", "7": "78.35", "8": "-500.00%", "9": "-500.00%"}, "2022-09-30": {"1": "377", "2": "-", "3": "69", "4": "42.88", "5": "-28.42", "6": "-", "7": "21.16", "8": "-438.11%", "9": "-438.11%"}, "2022-06-30": {"1": "372", "2": "-", "3": "65", "4": "44.68", "5": "-27.89", "6": "-", "7": "20.69", "8": "-", "9": "-"}, "2022-03-31": {"1": "310", "2": "-", "3": "309", "4": "105.63", "5": "-16.50", "6": "-", "7": "9.08", "8": "-", "9": "-"}, "2021-12-31": {"1": "313", "2": "-", "3": "311", "4": "-117.42", "5": "-12.67", "6": "-", "7": "3.06", "8": "-", "9": "-"}, "2021-09-30": {"1": "-", "2": "-", "3": "0", "4": "-", "5": "-", "6": "28.89", "7": "-", "8": null, "9": null}}}, "stock_price": {"symbol": {"0": "AHRN", "1": "AHRN", "2": "AHRN", "3": "AHRN", "4": "AHRN", "5": "AHRN", "6": "AHRN", "7": "AHRN", "8": "AHRN", "9": "AHRN", "10": "AHRN", "11": "AHRN", "12": "AHRN", "13": "AHRN", "14": "AHRN", "15": "AHRN", "16": "AHRN", "17": "AHRN", "18": "AHRN", "19": "AHRN", "20": "AHRN", "21": "AHRN", "22": "AHRN", "23": "AHRN", "24": "AHRN", "25": "AHRN", "26": "AHRN", "27": "AHRN", "28": "AHRN", "29": "AHRN", "30": "AHRN", "31": "AHRN", "32": "AHRN", "33": "AHRN", "34": "AHRN", "35": "AHRN", "36": "AHRN", "37": "AHRN", "38": "AHRN", "39": "AHRN", "40": "AHRN", "41": "AHRN", "42": "AHRN", "43": "AHRN", "44": "AHRN", "45": "AHRN", "46": "AHRN", "47": "AHRN", "48": "AHRN", "49": "AHRN", "50": "AHRN", "51": "AHRN", "52": "AHRN", "53": "AHRN", "54": "AHRN", "55": "AHRN", "56": "AHRN", "57": "AHRN", "58": "AHRN", "59": "AHRN", "60": "AHRN", "61": "AHRN", "62": "AHRN", "63": "AHRN", "64": "AHRN", "65": "AHRN", "66": "AHRN", "67": "AHRN", "68": "AHRN", "69": "AHRN", "70": "AHRN", "71": "AHRN", "72": "AHRN", "73": "AHRN", "74": "AHRN", "75": "AHRN", "76": "AHRN", "77": "AHRN", "78": "AHRN", "79": "AHRN", "80": "AHRN", "81": "AHRN", "82": "AHRN", "83": "AHRN", "84": "AHRN", "85": "AHRN", "86": "AHRN", "87": "AHRN", "88": "AHRN", "89": "AHRN", "90": "AHRN", "91": "AHRN", "92": "AHRN", "93": "AHRN", "94": "AHRN", "95": "AHRN", "96": "AHRN", "97": "AHRN", "98": "AHRN", "99": "AHRN", "100": "AHRN", "101": "AHRN", "102": "AHRN", "103": "AHRN", "104": "AHRN", "105": "AHRN", "106": "AHRN", "107": "AHRN", "108": "AHRN", "109": "AHRN", "110": "AHRN", "111": "AHRN", "112": "AHRN", "113": "AHRN", "114": "AHRN", "115": "AHRN", "116": "AHRN", "117": "AHRN", "118": "AHRN", "119": "AHRN", "120": "AHRN", "121": "AHRN", "122": "AHRN", "123": "AHRN", "124": "AHRN", "125": "AHRN", "126": "AHRN", "127": "AHRN", "128": "AHRN", "129": "AHRN", "130": "AHRN", "131": "AHRN", "132": "AHRN", "133": "AHRN", "134": "AHRN", "135": "AHRN", "136": "AHRN", "137": "AHRN", "138": "AHRN", "139": "AHRN", "140": "AHRN", "141": "AHRN", "142": "AHRN", "143": "AHRN", "144": "AHRN", "145": "AHRN", "146": "AHRN", "147": "AHRN", "148": "AHRN", "149": "AHRN", "150": "AHRN", "151": "AHRN", "152": "AHRN", "153": "AHRN", "154": "AHRN", "155": "AHRN", "156": "AHRN", "157": "AHRN", "158": "AHRN", "159": "AHRN", "160": "AHRN", "161": "AHRN", "162": "AHRN", "163": "AHRN", "164": "AHRN", "165": "AHRN", "166": "AHRN", "167": "AHRN", "168": "AHRN", "169": "AHRN", "170": "AHRN", "171": "AHRN", "172": "AHRN", "173": "AHRN", "174": "AHRN", "175": "AHRN", "176": "AHRN", "177": "AHRN", "178": "AHRN", "179": "AHRN", "180": "AHRN", "181": "AHRN", "182": "AHRN", "183": "AHRN", "184": "AHRN", "185": "AHRN", "186": "AHRN", "187": "AHRN", "188": "AHRN", "189": "AHRN", "190": "AHRN", "191": "AHRN", "192": "AHRN", "193": "AHRN", "194": "AHRN", "195": "AHRN", "196": "AHRN", "197": "AHRN", "198": "AHRN", "199": "AHRN", "200": "AHRN", "201": "AHRN", "202": "AHRN", "203": "AHRN", "204": "AHRN", "205": "AHRN", "206": "AHRN", "207": "AHRN", "208": "AHRN", "209": "AHRN", "210": "AHRN", "211": "AHRN", "212": "AHRN", "213": "AHRN", "214": "AHRN", "215": "AHRN", "216": "AHRN", "217": "AHRN", "218": "AHRN", "219": "AHRN", "220": "AHRN", "221": "AHRN", "222": "AHRN", "223": "AHRN", "224": "AHRN", "225": "AHRN", "226": "AHRN", "227": "AHRN", "228": "AHRN", "229": "AHRN", "230": "AHRN", "231": "AHRN", "232": "AHRN", "233": "AHRN", "234": "AHRN", "235": "AHRN", "236": "AHRN", "237": "AHRN", "238": "AHRN", "239": "AHRN", "240": "AHRN", "241": "AHRN", "242": "AHRN", "243": "AHRN", "244": "AHRN", "245": "AHRN", "246": "AHRN", "247": "AHRN", "248": "AHRN", "249": "AHRN", "250": "AHRN", "251": "AHRN", "252": "AHRN", "253": "AHRN", "254": "AHRN", "255": "AHRN", "256": "AHRN", "257": "AHRN", "258": "AHRN", "259": "AHRN", "260": "AHRN", "261": "AHRN", "262": "AHRN", "263": "AHRN", "264": "AHRN", "265": "AHRN", "266": "AHRN", "267": "AHRN", "268": "AHRN", "269": "AHRN", "270": "AHRN", "271": "AHRN", "272": "AHRN", "273": "AHRN", "274": "AHRN", "275": "AHRN", "276": "AHRN", "277": "AHRN", "278": "AHRN", "279": "AHRN", "280": "AHRN", "281": "AHRN", "282": "AHRN", "283": "AHRN", "284": "AHRN", "285": "AHRN", "286": "AHRN", "287": "AHRN", "288": "AHRN", "289": "AHRN", "290": "AHRN", "291": "AHRN", "292": "AHRN", "293": "AHRN", "294": "AHRN", "295": "AHRN", "296": "AHRN", "297": "AHRN", "298": "AHRN", "299": "AHRN", "300": "AHRN", "301": "AHRN", "302": "AHRN", "303": "AHRN", "304": "AHRN", "305": "AHRN", "306": "AHRN", "307": "AHRN", "308": "AHRN", "309": "AHRN", "310": "AHRN", "311": "AHRN", "312": "AHRN", "313": "AHRN", "314": "AHRN", "315": "AHRN", "316": "AHRN", "317": "AHRN", "318": "AHRN", "319": "AHRN", "320": "AHRN", "321": "AHRN", "322": "AHRN", "323": "AHRN", "324": "AHRN", "325": "AHRN", "326": "AHRN", "327": "AHRN", "328": "AHRN", "329": "AHRN", "330": "AHRN", "331": "AHRN", "332": "AHRN", "333": "AHRN", "334": "AHRN", "335": "AHRN", "336": "AHRN", "337": "AHRN", "338": "AHRN", "339": "AHRN", "340": "AHRN", "341": "AHRN", "342": "AHRN", "343": "AHRN"}, "date": {"0": "2022-02-08", "1": "2022-02-09", "2": "2022-02-10", "3": "2022-02-11", "4": "2022-02-14", "5": "2022-02-15", "6": "2022-02-16", "7": "2022-02-17", "8": "2022-02-18", "9": "2022-02-22", "10": "2022-02-23", "11": "2022-02-24", "12": "2022-02-25", "13": "2022-02-28", "14": "2022-03-01", "15": "2022-03-02", "16": "2022-03-03", "17": "2022-03-04", "18": "2022-03-07", "19": "2022-03-08", "20": "2022-03-09", "21": "2022-03-10", "22": "2022-03-11", "23": "2022-03-14", "24": "2022-03-15", "25": "2022-03-16", "26": "2022-03-17", "27": "2022-03-18", "28": "2022-03-21", "29": "2022-03-22", "30": "2022-03-23", "31": "2022-03-24", "32": "2022-03-25", "33": "2022-03-28", "34": "2022-03-29", "35": "2022-03-30", "36": "2022-03-31", "37": "2022-04-01", "38": "2022-04-04", "39": "2022-04-05", "40": "2022-04-06", "41": "2022-04-07", "42": "2022-04-08", "43": "2022-04-11", "44": "2022-04-12", "45": "2022-04-13", "46": "2022-04-14", "47": "2022-04-18", "48": "2022-04-19", "49": "2022-04-20", "50": "2022-04-21", "51": "2022-04-22", "52": "2022-04-25", "53": "2022-04-26", "54": "2022-04-27", "55": "2022-04-28", "56": "2022-04-29", "57": "2022-05-02", "58": "2022-05-03", "59": "2022-05-04", "60": "2022-05-05", "61": "2022-05-06", "62": "2022-05-09", "63": "2022-05-10", "64": "2022-05-11", "65": "2022-05-12", "66": "2022-05-13", "67": "2022-05-16", "68": "2022-05-17", "69": "2022-05-18", "70": "2022-05-19", "71": "2022-05-20", "72": "2022-05-23", "73": "2022-05-24", "74": "2022-05-25", "75": "2022-05-26", "76": "2022-05-27", "77": "2022-05-31", "78": "2022-06-01", "79": "2022-06-02", "80": "2022-06-03", "81": "2022-06-06", "82": "2022-06-07", "83": "2022-06-08", "84": "2022-06-09", "85": "2022-06-10", "86": "2022-06-13", "87": "2022-06-14", "88": "2022-06-15", "89": "2022-06-16", "90": "2022-06-17", "91": "2022-06-21", "92": "2022-06-22", "93": "2022-06-23", "94": "2022-06-24", "95": "2022-06-27", "96": "2022-06-28", "97": "2022-06-29", "98": "2022-06-30", "99": "2022-07-01", "100": "2022-07-05", "101": "2022-07-06", "102": "2022-07-07", "103": "2022-07-08", "104": "2022-07-11", "105": "2022-07-12", "106": "2022-07-13", "107": "2022-07-14", "108": "2022-07-15", "109": "2022-07-18", "110": "2022-07-19", "111": "2022-07-20", "112": "2022-07-21", "113": "2022-07-22", "114": "2022-07-25", "115": "2022-07-26", "116": "2022-07-27", "117": "2022-07-28", "118": "2022-07-29", "119": "2022-08-01", "120": "2022-08-02", "121": "2022-08-03", "122": "2022-08-04", "123": "2022-08-05", "124": "2022-08-08", "125": "2022-08-09", "126": "2022-08-10", "127": "2022-08-11", "128": "2022-08-12", "129": "2022-08-15", "130": "2022-08-16", "131": "2022-08-17", "132": "2022-08-18", "133": "2022-08-19", "134": "2022-08-22", "135": "2022-08-23", "136": "2022-08-24", "137": "2022-08-25", "138": "2022-08-26", "139": "2022-08-29", "140": "2022-08-30", "141": "2022-08-31", "142": "2022-09-01", "143": "2022-09-02", "144": "2022-09-06", "145": "2022-09-07", "146": "2022-09-08", "147": "2022-09-09", "148": "2022-09-12", "149": "2022-09-13", "150": "2022-09-14", "151": "2022-09-15", "152": "2022-09-16", "153": "2022-09-19", "154": "2022-09-20", "155": "2022-09-21", "156": "2022-09-22", "157": "2022-09-23", "158": "2022-09-26", "159": "2022-09-27", "160": "2022-09-28", "161": "2022-09-29", "162": "2022-09-30", "163": "2022-10-03", "164": "2022-10-04", "165": "2022-10-05", "166": "2022-10-06", "167": "2022-10-07", "168": "2022-10-10", "169": "2022-10-11", "170": "2022-10-12", "171": "2022-10-13", "172": "2022-10-14", "173": "2022-10-17", "174": "2022-10-18", "175": "2022-10-19", "176": "2022-10-20", "177": "2022-10-21", "178": "2022-10-24", "179": "2022-10-25", "180": "2022-10-26", "181": "2022-10-27", "182": "2022-10-28", "183": "2022-10-31", "184": "2022-11-01", "185": "2022-11-02", "186": "2022-11-03", "187": "2022-11-04", "188": "2022-11-07", "189": "2022-11-08", "190": "2022-11-09", "191": "2022-11-10", "192": "2022-11-11", "193": "2022-11-14", "194": "2022-11-15", "195": "2022-11-16", "196": "2022-11-17", "197": "2022-11-18", "198": "2022-11-21", "199": "2022-11-22", "200": "2022-11-23", "201": "2022-11-25", "202": "2022-11-28", "203": "2022-11-29", "204": "2022-11-30", "205": "2022-12-01", "206": "2022-12-02", "207": "2022-12-05", "208": "2022-12-06", "209": "2022-12-07", "210": "2022-12-08", "211": "2022-12-09", "212": "2022-12-12", "213": "2022-12-13", "214": "2022-12-14", "215": "2022-12-15", "216": "2022-12-16", "217": "2022-12-19", "218": "2022-12-20", "219": "2022-12-21", "220": "2022-12-22", "221": "2022-12-23", "222": "2022-12-27", "223": "2022-12-28", "224": "2022-12-29", "225": "2022-12-30", "226": "2023-01-03", "227": "2023-01-04", "228": "2023-01-05", "229": "2023-01-06", "230": "2023-01-09", "231": "2023-01-10", "232": "2023-01-11", "233": "2023-01-12", "234": "2023-01-13", "235": "2023-01-17", "236": "2023-01-18", "237": "2023-01-19", "238": "2023-01-20", "239": "2023-01-23", "240": "2023-01-24", "241": "2023-01-25", "242": "2023-01-26", "243": "2023-01-27", "244": "2023-01-30", "245": "2023-01-31", "246": "2023-02-01", "247": "2023-02-02", "248": "2023-02-03", "249": "2023-02-06", "250": "2023-02-07", "251": "2023-02-08", "252": "2023-02-09", "253": "2023-02-10", "254": "2023-02-13", "255": "2023-02-14", "256": "2023-02-15", "257": "2023-02-16", "258": "2023-02-17", "259": "2023-02-21", "260": "2023-02-22", "261": "2023-02-23", "262": "2023-02-24", "263": "2023-02-27", "264": "2023-02-28", "265": "2023-03-01", "266": "2023-03-02", "267": "2023-03-03", "268": "2023-03-06", "269": "2023-03-07", "270": "2023-03-08", "271": "2023-03-09", "272": "2023-03-10", "273": "2023-03-13", "274": "2023-03-14", "275": "2023-03-15", "276": "2023-03-16", "277": "2023-03-17", "278": "2023-03-20", "279": "2023-03-21", "280": "2023-03-22", "281": "2023-03-23", "282": "2023-03-24", "283": "2023-03-27", "284": "2023-03-28", "285": "2023-03-29", "286": "2023-03-30", "287": "2023-03-31", "288": "2023-04-03", "289": "2023-04-04", "290": "2023-04-05", "291": "2023-04-06", "292": "2023-04-10", "293": "2023-04-11", "294": "2023-04-12", "295": "2023-04-13", "296": "2023-04-14", "297": "2023-04-17", "298": "2023-04-18", "299": "2023-04-19", "300": "2023-04-20", "301": "2023-04-21", "302": "2023-04-24", "303": "2023-04-25", "304": "2023-04-26", "305": "2023-04-27", "306": "2023-04-28", "307": "2023-05-01", "308": "2023-05-02", "309": "2023-05-03", "310": "2023-05-04", "311": "2023-05-05", "312": "2023-05-08", "313": "2023-05-09", "314": "2023-05-10", "315": "2023-05-11", "316": "2023-05-12", "317": "2023-05-15", "318": "2023-05-16", "319": "2023-05-17", "320": "2023-05-18", "321": "2023-05-19", "322": "2023-05-22", "323": "2023-05-23", "324": "2023-05-24", "325": "2023-05-25", "326": "2023-05-26", "327": "2023-05-30", "328": "2023-05-31", "329": "2023-06-01", "330": "2023-06-02", "331": "2023-06-05", "332": "2023-06-06", "333": "2023-06-07", "334": "2023-06-08", "335": "2023-06-09", "336": "2023-06-12", "337": "2023-06-13", "338": "2023-06-14", "339": "2023-06-15", "340": "2023-06-16", "341": "2023-06-20", "342": "2023-06-21", "343": "2023-06-22"}, "open": {"0": 9.760000228881836, "1": 9.760000228881836, "2": 9.760000228881836, "3": 9.880000114440918, "4": 9.880000114440918, "5": 9.880000114440918, "6": 9.880000114440918, "7": 9.880000114440918, "8": 9.880000114440918, "9": 9.829999923706055, "10": 9.850000381469727, "11": 9.850000381469727, "12": 9.84000015258789, "13": 9.859999656677246, "14": 9.854999542236328, "15": 9.859999656677246, "16": 9.859999656677246, "17": 9.869999885559082, "18": 9.869999885559082, "19": 9.869999885559082, "20": 9.869999885559082, "21": 9.869999885559082, "22": 9.869999885559082, "23": 9.869999885559082, "24": 9.869999885559082, "25": 9.869999885559082, "26": 9.880000114440918, "27": 9.90999984741211, "28": 9.920000076293945, "29": 9.920000076293945, "30": 9.920000076293945, "31": 9.869999885559082, "32": 9.920000076293945, "33": 9.920000076293945, "34": 9.899999618530273, "35": 9.920000076293945, "36": 9.920000076293945, "37": 9.920000076293945, "38": 9.899999618530273, "39": 9.914999961853027, "40": 9.90999984741211, "41": 9.90999984741211, "42": 9.90999984741211, "43": 9.90999984741211, "44": 9.90999984741211, "45": 9.930000305175781, "46": 9.930000305175781, "47": 9.930000305175781, "48": 9.930000305175781, "49": 9.949999809265137, "50": 9.930000305175781, "51": 9.930000305175781, "52": 9.9399995803833, "53": 9.9399995803833, "54": 9.960000038146973, "55": 9.970000267028809, "56": 9.960000038146973, "57": 9.960000038146973, "58": 9.949999809265137, "59": 9.979999542236328, "60": 9.979999542236328, "61": 9.9399995803833, "62": 9.920000076293945, "63": 9.920000076293945, "64": 10.010000228881836, "65": 10.010000228881836, "66": 10.010000228881836, "67": 10.010000228881836, "68": 9.9399995803833, "69": 9.960000038146973, "70": 9.960000038146973, "71": 9.859999656677246, "72": 9.859999656677246, "73": 9.859999656677246, "74": 9.859999656677246, "75": 9.880000114440918, "76": 9.880000114440918, "77": 9.899999618530273, "78": 9.899999618530273, "79": 9.920000076293945, "80": 9.930000305175781, "81": 9.930000305175781, "82": 9.920000076293945, "83": 9.899999618530273, "84": 9.899999618530273, "85": 9.9399995803833, "86": 9.925000190734863, "87": 9.930000305175781, "88": 9.930000305175781, "89": 9.920000076293945, "90": 9.920000076293945, "91": 9.920000076293945, "92": 9.930000305175781, "93": 9.930000305175781, "94": 9.930000305175781, "95": 9.930000305175781, "96": 9.930000305175781, "97": 9.920000076293945, "98": 9.9350004196167, "99": 9.920000076293945, "100": 9.920000076293945, "101": 9.9399995803833, "102": 9.930000305175781, "103": 9.930000305175781, "104": 9.949999809265137, "105": 9.949999809265137, "106": 9.930000305175781, "107": 9.930000305175781, "108": 9.930000305175781, "109": 9.960000038146973, "110": 9.949999809265137, "111": 9.949999809265137, "112": 9.954999923706055, "113": 9.954999923706055, "114": 9.949999809265137, "115": 9.960000038146973, "116": 9.960000038146973, "117": 9.96500015258789, "118": 9.960000038146973, "119": 9.960000038146973, "120": 9.970000267028809, "121": 9.970000267028809, "122": 9.970000267028809, "123": 9.970000267028809, "124": 9.970000267028809, "125": 9.960000038146973, "126": 9.960000038146973, "127": 9.979999542236328, "128": 9.970000267028809, "129": 9.989999771118164, "130": 9.989999771118164, "131": 9.989999771118164, "132": 9.989999771118164, "133": 9.989999771118164, "134": 10.0, "135": 10.0, "136": 10.050000190734863, "137": 10.020000457763672, "138": 10.020000457763672, "139": 10.020000457763672, "140": 10.029999732971191, "141": 10.020000457763672, "142": 10.020000457763672, "143": 10.0, "144": 10.020000457763672, "145": 10.029999732971191, "146": 10.029999732971191, "147": 10.020000457763672, "148": 10.005000114440918, "149": 10.050000190734863, "150": 10.029999732971191, "151": 10.050000190734863, "152": 10.029999732971191, "153": 10.050000190734863, "154": 10.0600004196167, "155": 10.0600004196167, "156": 10.0600004196167, "157": 10.0600004196167, "158": 10.050000190734863, "159": 10.039999961853027, "160": 10.045000076293945, "161": 10.050000190734863, "162": 10.050000190734863, "163": 10.069999694824219, "164": 10.069999694824219, "165": 10.062199592590332, "166": 10.069999694824219, "167": 10.069999694824219, "168": 10.069999694824219, "169": 10.085000038146973, "170": 10.09000015258789, "171": 10.09000015258789, "172": 10.09000015258789, "173": 10.09000015258789, "174": 10.09000015258789, "175": 10.09000015258789, "176": 10.09000015258789, "177": 10.069999694824219, "178": 10.069999694824219, "179": 10.069999694824219, "180": 10.119999885559082, "181": 10.119999885559082, "182": 10.119999885559082, "183": 10.119999885559082, "184": 10.114999771118164, "185": 10.140000343322754, "186": 10.140000343322754, "187": 10.140000343322754, "188": 10.119999885559082, "189": 10.135000228881836, "190": 10.135000228881836, "191": 10.149999618530273, "192": 10.140000343322754, "193": 10.140000343322754, "194": 10.15999984741211, "195": 10.15999984741211, "196": 10.14009952545166, "197": 10.15999984741211, "198": 10.15999984741211, "199": 10.15999984741211, "200": 10.154999732971191, "201": 10.15999984741211, "202": 10.15999984741211, "203": 10.15999984741211, "204": 10.170000076293945, "205": 10.180000305175781, "206": 10.1850004196167, "207": 10.1899995803833, "208": 10.1899995803833, "209": 10.1899995803833, "210": 10.1899995803833, "211": 10.1899995803833, "212": 10.210000038146973, "213": 10.210000038146973, "214": 10.210000038146973, "215": 10.210000038146973, "216": 10.210000038146973, "217": 10.220000267028809, "218": 10.220000267028809, "219": 10.220000267028809, "220": 10.220000267028809, "221": 10.220000267028809, "222": 10.220000267028809, "223": 10.220000267028809, "224": 10.234999656677246, "225": 10.234999656677246, "226": 10.260000228881836, "227": 10.229999542236328, "228": 10.229999542236328, "229": 10.229999542236328, "230": 10.229999542236328, "231": 10.229999542236328, "232": 10.229999542236328, "233": 10.229999542236328, "234": 10.260000228881836, "235": 10.270000457763672, "236": 10.279999732971191, "237": 10.289999961853027, "238": 10.289999961853027, "239": 10.300000190734863, "240": 10.289999961853027, "241": 10.300000190734863, "242": 10.300000190734863, "243": 10.3100004196167, "244": 10.319999694824219, "245": 10.3100004196167, "246": 10.3100004196167, "247": 10.329999923706055, "248": 10.319999694824219, "249": 10.319999694824219, "250": 10.324999809265137, "251": 10.329999923706055, "252": 10.329999923706055, "253": 10.329999923706055, "254": 10.329999923706055, "255": 10.335000038146973, "256": 10.34000015258789, "257": 10.350000381469727, "258": 10.345000267028809, "259": 10.350000381469727, "260": 10.35990047454834, "261": 10.350000381469727, "262": 10.354999542236328, "263": 10.354999542236328, "264": 10.359999656677246, "265": 10.369999885559082, "266": 10.369999885559082, "267": 10.369999885559082, "268": 10.369999885559082, "269": 10.369999885559082, "270": 10.380000114440918, "271": 10.380000114440918, "272": 10.380000114440918, "273": 10.369999885559082, "274": 10.390000343322754, "275": 10.369999885559082, "276": 10.385000228881836, "277": 10.385000228881836, "278": 10.385000228881836, "279": 10.390000343322754, "280": 10.390000343322754, "281": 10.390000343322754, "282": 10.390000343322754, "283": 10.390000343322754, "284": 10.40999984741211, "285": 10.40999984741211, "286": 10.420000076293945, "287": 10.425000190734863, "288": 10.40999984741211, "289": 10.40999984741211, "290": 10.420000076293945, "291": 10.420000076293945, "292": 10.4399995803833, "293": 10.4350004196167, "294": 10.4399995803833, "295": 10.4399995803833, "296": 10.444999694824219, "297": 10.699999809265137, "298": 10.470000267028809, "299": 10.470000267028809, "300": 10.454999923706055, "301": 10.454999923706055, "302": 10.460000038146973, "303": 10.46500015258789, "304": 10.479999542236328, "305": 10.470000267028809, "306": 10.470000267028809, "307": 10.470000267028809, "308": 10.479999542236328, "309": 10.479999542236328, "310": 10.479999542236328, "311": 10.479999542236328, "312": 10.479999542236328, "313": 10.479999542236328, "314": 10.489999771118164, "315": 10.489999771118164, "316": 10.489999771118164, "317": 10.5, "318": 10.5, "319": 10.494999885559082, "320": 10.494999885559082, "321": 10.550000190734863, "322": 10.510000228881836, "323": 10.510000228881836, "324": 10.510000228881836, "325": 10.510000228881836, "326": 10.510000228881836, "327": 10.510000228881836, "328": 10.510000228881836, "329": 10.510000228881836, "330": 10.489999771118164, "331": 10.5, "332": 10.489999771118164, "333": 10.489999771118164, "334": 10.489999771118164, "335": 10.489999771118164, "336": 10.489999771118164, "337": 10.490400314331055, "338": 10.489999771118164, "339": 10.490099906921387, "340": 10.489999771118164, "341": 10.489999771118164, "342": 10.489999771118164, "343": 10.489999771118164}, "high": {"0": 9.760000228881836, "1": 9.760000228881836, "2": 9.760000228881836, "3": 9.880000114440918, "4": 9.880000114440918, "5": 9.880000114440918, "6": 9.880000114440918, "7": 9.880000114440918, "8": 9.880000114440918, "9": 9.829999923706055, "10": 9.850000381469727, "11": 9.850000381469727, "12": 9.859999656677246, "13": 9.859999656677246, "14": 9.864999771118164, "15": 9.859999656677246, "16": 9.869999885559082, "17": 9.869999885559082, "18": 9.869999885559082, "19": 9.869999885559082, "20": 9.869999885559082, "21": 9.869999885559082, "22": 9.869999885559082, "23": 9.869999885559082, "24": 9.869999885559082, "25": 9.869999885559082, "26": 9.880000114440918, "27": 9.920000076293945, "28": 9.920000076293945, "29": 9.920000076293945, "30": 9.920000076293945, "31": 9.920000076293945, "32": 9.920000076293945, "33": 9.920000076293945, "34": 9.899999618530273, "35": 9.920000076293945, "36": 9.920000076293945, "37": 9.920000076293945, "38": 9.90999984741211, "39": 9.914999961853027, "40": 9.90999984741211, "41": 9.90999984741211, "42": 9.90999984741211, "43": 9.90999984741211, "44": 9.930000305175781, "45": 9.930000305175781, "46": 9.930000305175781, "47": 9.930000305175781, "48": 9.930000305175781, "49": 9.949999809265137, "50": 9.930000305175781, "51": 9.930000305175781, "52": 9.9399995803833, "53": 9.960000038146973, "54": 9.960000038146973, "55": 9.970000267028809, "56": 9.960000038146973, "57": 9.960000038146973, "58": 9.949999809265137, "59": 9.979999542236328, "60": 9.979999542236328, "61": 9.9399995803833, "62": 9.920000076293945, "63": 9.920000076293945, "64": 10.010000228881836, "65": 10.010000228881836, "66": 10.010000228881836, "67": 10.010000228881836, "68": 9.9399995803833, "69": 9.960000038146973, "70": 9.960000038146973, "71": 9.859999656677246, "72": 9.859999656677246, "73": 9.859999656677246, "74": 9.859999656677246, "75": 9.880000114440918, "76": 9.880000114440918, "77": 9.899999618530273, "78": 9.899999618530273, "79": 9.930000305175781, "80": 9.930000305175781, "81": 9.930000305175781, "82": 9.920000076293945, "83": 9.899999618530273, "84": 9.899999618530273, "85": 9.9399995803833, "86": 9.949999809265137, "87": 9.930000305175781, "88": 9.930000305175781, "89": 9.93019962310791, "90": 9.949999809265137, "91": 9.930000305175781, "92": 9.930000305175781, "93": 9.930000305175781, "94": 9.930000305175781, "95": 9.930000305175781, "96": 9.930000305175781, "97": 9.920000076293945, "98": 9.9350004196167, "99": 9.920000076293945, "100": 9.920000076293945, "101": 9.9399995803833, "102": 9.949999809265137, "103": 9.930000305175781, "104": 9.970000267028809, "105": 9.949999809265137, "106": 9.930000305175781, "107": 9.930000305175781, "108": 9.930000305175781, "109": 9.960000038146973, "110": 9.960000038146973, "111": 9.954999923706055, "112": 9.954999923706055, "113": 9.960000038146973, "114": 9.970000267028809, "115": 9.970000267028809, "116": 9.96500015258789, "117": 9.96500015258789, "118": 9.960000038146973, "119": 9.960000038146973, "120": 9.975000381469727, "121": 9.970000267028809, "122": 9.970000267028809, "123": 9.979999542236328, "124": 9.970000267028809, "125": 9.960000038146973, "126": 9.960000038146973, "127": 9.989999771118164, "128": 9.979999542236328, "129": 9.989999771118164, "130": 9.989999771118164, "131": 9.989999771118164, "132": 9.989999771118164, "133": 10.0, "134": 10.0, "135": 10.020000457763672, "136": 10.050000190734863, "137": 10.020000457763672, "138": 10.020000457763672, "139": 10.020000457763672, "140": 10.029999732971191, "141": 10.020000457763672, "142": 10.020000457763672, "143": 10.0, "144": 10.020000457763672, "145": 10.029999732971191, "146": 10.039999961853027, "147": 10.020000457763672, "148": 10.005000114440918, "149": 10.050000190734863, "150": 10.050000190734863, "151": 10.050000190734863, "152": 10.029999732971191, "153": 10.0600004196167, "154": 10.0600004196167, "155": 10.0600004196167, "156": 10.0600004196167, "157": 10.0600004196167, "158": 10.055000305175781, "159": 10.039999961853027, "160": 10.050000190734863, "161": 10.050000190734863, "162": 10.050000190734863, "163": 10.069999694824219, "164": 10.069999694824219, "165": 10.062199592590332, "166": 10.069999694824219, "167": 10.069999694824219, "168": 10.069999694824219, "169": 10.085000038146973, "170": 10.09000015258789, "171": 10.09000015258789, "172": 10.09000015258789, "173": 10.09000015258789, "174": 10.09000015258789, "175": 10.09000015258789, "176": 10.09000015258789, "177": 10.069999694824219, "178": 10.069999694824219, "179": 10.069999694824219, "180": 10.119999885559082, "181": 10.119999885559082, "182": 10.119999885559082, "183": 10.119999885559082, "184": 10.114999771118164, "185": 10.140000343322754, "186": 10.140000343322754, "187": 10.140000343322754, "188": 10.135000228881836, "189": 10.135000228881836, "190": 10.135000228881836, "191": 10.149999618530273, "192": 10.140000343322754, "193": 10.149999618530273, "194": 10.15999984741211, "195": 10.15999984741211, "196": 10.15999984741211, "197": 10.15999984741211, "198": 10.15999984741211, "199": 10.15999984741211, "200": 10.15999984741211, "201": 10.15999984741211, "202": 10.15999984741211, "203": 10.15999984741211, "204": 10.180000305175781, "205": 10.180000305175781, "206": 10.1850004196167, "207": 10.1899995803833, "208": 10.1899995803833, "209": 10.1899995803833, "210": 10.1899995803833, "211": 10.1899995803833, "212": 10.210000038146973, "213": 10.210000038146973, "214": 10.210000038146973, "215": 10.210000038146973, "216": 10.210000038146973, "217": 10.220000267028809, "218": 10.229999542236328, "219": 10.220000267028809, "220": 10.220000267028809, "221": 10.220000267028809, "222": 10.220000267028809, "223": 10.220000267028809, "224": 10.234999656677246, "225": 10.234999656677246, "226": 10.260000228881836, "227": 10.229999542236328, "228": 10.229999542236328, "229": 10.229999542236328, "230": 10.229999542236328, "231": 10.229999542236328, "232": 10.229999542236328, "233": 10.229999542236328, "234": 10.260000228881836, "235": 10.300000190734863, "236": 10.300000190734863, "237": 10.295000076293945, "238": 10.300000190734863, "239": 10.300000190734863, "240": 10.3100004196167, "241": 10.300000190734863, "242": 10.319999694824219, "243": 10.3100004196167, "244": 10.319999694824219, "245": 10.319999694824219, "246": 10.34000015258789, "247": 10.329999923706055, "248": 10.329999923706055, "249": 10.329999923706055, "250": 10.34000015258789, "251": 10.350000381469727, "252": 10.329999923706055, "253": 10.329999923706055, "254": 10.34000015258789, "255": 10.335000038146973, "256": 10.350000381469727, "257": 10.350099563598633, "258": 10.354999542236328, "259": 10.359999656677246, "260": 10.35990047454834, "261": 10.354999542236328, "262": 10.354999542236328, "263": 10.354999542236328, "264": 10.36989974975586, "265": 10.369999885559082, "266": 10.369999885559082, "267": 10.369999885559082, "268": 10.369999885559082, "269": 10.369999885559082, "270": 10.380000114440918, "271": 10.385000228881836, "272": 10.380000114440918, "273": 10.390000343322754, "274": 10.390000343322754, "275": 10.385000228881836, "276": 10.385000228881836, "277": 10.385000228881836, "278": 10.385000228881836, "279": 10.390000343322754, "280": 10.390000343322754, "281": 10.390000343322754, "282": 10.390000343322754, "283": 10.390000343322754, "284": 10.40999984741211, "285": 10.420000076293945, "286": 10.420000076293945, "287": 10.425000190734863, "288": 10.420000076293945, "289": 10.420000076293945, "290": 10.430000305175781, "291": 10.4399995803833, "292": 10.4399995803833, "293": 10.4399995803833, "294": 10.444999694824219, "295": 10.444999694824219, "296": 10.460000038146973, "297": 10.699999809265137, "298": 10.470000267028809, "299": 10.470000267028809, "300": 10.454999923706055, "301": 10.470000267028809, "302": 10.470000267028809, "303": 10.46500015258789, "304": 10.479999542236328, "305": 10.470000267028809, "306": 10.470000267028809, "307": 10.479999542236328, "308": 10.479999542236328, "309": 10.479999542236328, "310": 10.479999542236328, "311": 10.479999542236328, "312": 10.489999771118164, "313": 10.489999771118164, "314": 10.494999885559082, "315": 10.489999771118164, "316": 10.510000228881836, "317": 10.5, "318": 10.5, "319": 10.5, "320": 10.520000457763672, "321": 10.550000190734863, "322": 10.510000228881836, "323": 10.510000228881836, "324": 10.510000228881836, "325": 10.510000228881836, "326": 10.510000228881836, "327": 10.510000228881836, "328": 10.510000228881836, "329": 10.510000228881836, "330": 10.510000228881836, "331": 10.5, "332": 10.489999771118164, "333": 10.489999771118164, "334": 10.489999771118164, "335": 10.489999771118164, "336": 10.489999771118164, "337": 10.490400314331055, "338": 10.489999771118164, "339": 10.490099906921387, "340": 10.489999771118164, "341": 10.489999771118164, "342": 10.489999771118164, "343": 10.489999771118164}, "low": {"0": 9.760000228881836, "1": 9.760000228881836, "2": 9.760000228881836, "3": 9.880000114440918, "4": 9.880000114440918, "5": 9.880000114440918, "6": 9.880000114440918, "7": 9.880000114440918, "8": 9.880000114440918, "9": 9.829999923706055, "10": 9.850000381469727, "11": 9.850000381469727, "12": 9.84000015258789, "13": 9.859999656677246, "14": 9.854999542236328, "15": 9.859999656677246, "16": 9.850000381469727, "17": 9.869999885559082, "18": 9.869999885559082, "19": 9.869999885559082, "20": 9.869999885559082, "21": 9.869999885559082, "22": 9.869999885559082, "23": 9.869999885559082, "24": 9.859999656677246, "25": 9.869999885559082, "26": 9.880000114440918, "27": 9.90999984741211, "28": 9.920000076293945, "29": 9.920000076293945, "30": 9.920000076293945, "31": 9.869999885559082, "32": 9.920000076293945, "33": 9.920000076293945, "34": 9.899999618530273, "35": 9.899999618530273, "36": 9.920000076293945, "37": 9.899999618530273, "38": 9.899999618530273, "39": 9.899999618530273, "40": 9.90999984741211, "41": 9.90999984741211, "42": 9.90999984741211, "43": 9.90999984741211, "44": 9.90999984741211, "45": 9.90999984741211, "46": 9.930000305175781, "47": 9.930000305175781, "48": 9.930000305175781, "49": 9.949999809265137, "50": 9.930000305175781, "51": 9.930000305175781, "52": 9.9399995803833, "53": 9.90999984741211, "54": 9.949999809265137, "55": 9.960000038146973, "56": 9.960000038146973, "57": 9.960000038146973, "58": 9.930000305175781, "59": 9.979999542236328, "60": 9.979999542236328, "61": 9.9399995803833, "62": 9.920000076293945, "63": 9.920000076293945, "64": 10.010000228881836, "65": 10.010000228881836, "66": 10.010000228881836, "67": 10.010000228881836, "68": 9.9399995803833, "69": 9.880000114440918, "70": 9.960000038146973, "71": 9.859999656677246, "72": 9.859999656677246, "73": 9.859999656677246, "74": 9.859999656677246, "75": 9.880000114440918, "76": 9.880000114440918, "77": 9.899999618530273, "78": 9.899999618530273, "79": 9.920000076293945, "80": 9.930000305175781, "81": 9.920000076293945, "82": 9.920000076293945, "83": 9.899999618530273, "84": 9.899999618530273, "85": 9.9399995803833, "86": 9.90999984741211, "87": 9.920000076293945, "88": 9.930000305175781, "89": 9.920000076293945, "90": 9.920000076293945, "91": 9.920000076293945, "92": 9.920000076293945, "93": 9.930000305175781, "94": 9.930000305175781, "95": 9.930000305175781, "96": 9.930000305175781, "97": 9.920000076293945, "98": 9.920000076293945, "99": 9.920000076293945, "100": 9.920000076293945, "101": 9.9350004196167, "102": 9.930000305175781, "103": 9.930000305175781, "104": 9.949999809265137, "105": 9.949999809265137, "106": 9.930000305175781, "107": 9.930000305175781, "108": 9.930000305175781, "109": 9.960000038146973, "110": 9.930000305175781, "111": 9.949999809265137, "112": 9.954999923706055, "113": 9.954999923706055, "114": 9.949999809265137, "115": 9.960000038146973, "116": 9.960000038146973, "117": 9.960000038146973, "118": 9.960000038146973, "119": 9.960000038146973, "120": 9.970000267028809, "121": 9.970000267028809, "122": 9.970000267028809, "123": 9.970000267028809, "124": 9.960000038146973, "125": 9.960000038146973, "126": 9.960000038146973, "127": 9.979999542236328, "128": 9.970000267028809, "129": 9.989999771118164, "130": 9.989999771118164, "131": 9.989999771118164, "132": 9.989999771118164, "133": 9.989999771118164, "134": 10.0, "135": 9.989999771118164, "136": 10.050000190734863, "137": 10.010000228881836, "138": 10.020000457763672, "139": 10.020000457763672, "140": 10.029999732971191, "141": 9.979999542236328, "142": 9.994999885559082, "143": 10.0, "144": 10.0, "145": 10.010000228881836, "146": 10.0, "147": 10.020000457763672, "148": 10.005000114440918, "149": 10.050000190734863, "150": 10.010000228881836, "151": 10.039999961853027, "152": 10.001500129699707, "153": 10.050000190734863, "154": 10.0600004196167, "155": 10.0600004196167, "156": 10.0600004196167, "157": 10.0600004196167, "158": 10.050000190734863, "159": 10.039999961853027, "160": 10.045000076293945, "161": 10.050000190734863, "162": 10.050000190734863, "163": 10.069999694824219, "164": 10.069999694824219, "165": 10.062199592590332, "166": 10.069999694824219, "167": 10.069999694824219, "168": 10.069999694824219, "169": 10.085000038146973, "170": 10.09000015258789, "171": 10.09000015258789, "172": 10.09000015258789, "173": 10.09000015258789, "174": 10.09000015258789, "175": 10.09000015258789, "176": 10.09000015258789, "177": 10.069999694824219, "178": 10.069999694824219, "179": 10.069999694824219, "180": 10.109999656677246, "181": 10.119999885559082, "182": 10.119999885559082, "183": 10.109999656677246, "184": 10.114999771118164, "185": 10.140000343322754, "186": 10.140000343322754, "187": 10.140000343322754, "188": 10.119999885559082, "189": 10.135000228881836, "190": 10.135000228881836, "191": 10.140000343322754, "192": 10.140000343322754, "193": 10.140000343322754, "194": 10.15999984741211, "195": 10.15999984741211, "196": 10.14009952545166, "197": 10.15999984741211, "198": 10.15999984741211, "199": 10.15999984741211, "200": 10.154999732971191, "201": 10.15999984741211, "202": 10.15999984741211, "203": 10.15999984741211, "204": 10.170000076293945, "205": 10.180000305175781, "206": 10.180000305175781, "207": 10.1899995803833, "208": 10.1899995803833, "209": 10.1899995803833, "210": 10.1899995803833, "211": 10.1899995803833, "212": 10.210000038146973, "213": 10.210000038146973, "214": 10.210000038146973, "215": 10.210000038146973, "216": 10.210000038146973, "217": 10.220000267028809, "218": 10.220000267028809, "219": 10.220000267028809, "220": 10.220000267028809, "221": 10.220000267028809, "222": 10.220000267028809, "223": 10.220000267028809, "224": 10.234999656677246, "225": 10.234999656677246, "226": 10.229999542236328, "227": 10.229999542236328, "228": 10.229999542236328, "229": 10.229999542236328, "230": 10.229999542236328, "231": 10.229999542236328, "232": 10.229999542236328, "233": 10.229999542236328, "234": 10.260000228881836, "235": 10.270000457763672, "236": 10.279999732971191, "237": 10.289999961853027, "238": 10.289999961853027, "239": 10.300000190734863, "240": 10.289999961853027, "241": 10.300000190734863, "242": 10.300000190734863, "243": 10.3100004196167, "244": 10.319999694824219, "245": 10.300000190734863, "246": 10.300000190734863, "247": 10.319999694824219, "248": 10.319999694824219, "249": 10.319999694824219, "250": 10.324999809265137, "251": 10.329999923706055, "252": 10.329999923706055, "253": 10.329999923706055, "254": 10.329999923706055, "255": 10.335000038146973, "256": 10.34000015258789, "257": 10.350000381469727, "258": 10.345000267028809, "259": 10.350000381469727, "260": 10.35990047454834, "261": 10.350000381469727, "262": 10.354999542236328, "263": 10.354999542236328, "264": 10.359999656677246, "265": 10.350000381469727, "266": 10.359999656677246, "267": 10.369999885559082, "268": 10.369999885559082, "269": 10.369999885559082, "270": 10.380000114440918, "271": 10.380000114440918, "272": 10.380000114440918, "273": 10.369999885559082, "274": 10.390000343322754, "275": 10.369999885559082, "276": 10.385000228881836, "277": 10.385000228881836, "278": 10.385000228881836, "279": 10.390000343322754, "280": 10.390000343322754, "281": 10.390000343322754, "282": 10.390000343322754, "283": 10.390000343322754, "284": 10.399999618530273, "285": 10.40999984741211, "286": 10.420000076293945, "287": 10.40999984741211, "288": 10.40999984741211, "289": 10.40999984741211, "290": 10.40999984741211, "291": 10.414999961853027, "292": 10.430000305175781, "293": 10.430000305175781, "294": 10.4399995803833, "295": 10.4399995803833, "296": 10.444999694824219, "297": 10.449999809265137, "298": 10.470000267028809, "299": 10.449999809265137, "300": 10.449999809265137, "301": 10.449999809265137, "302": 10.460000038146973, "303": 10.46500015258789, "304": 10.470000267028809, "305": 10.470000267028809, "306": 10.470000267028809, "307": 10.470000267028809, "308": 10.479999542236328, "309": 10.479999542236328, "310": 10.479999542236328, "311": 10.479999542236328, "312": 10.479999542236328, "313": 10.479999542236328, "314": 10.489999771118164, "315": 10.489999771118164, "316": 10.489999771118164, "317": 10.489999771118164, "318": 10.5, "319": 10.489999771118164, "320": 10.494999885559082, "321": 10.489999771118164, "322": 10.510000228881836, "323": 10.510000228881836, "324": 10.510000228881836, "325": 10.510000228881836, "326": 10.510000228881836, "327": 10.510000228881836, "328": 10.510000228881836, "329": 10.510000228881836, "330": 10.489999771118164, "331": 10.5, "332": 10.489999771118164, "333": 10.489999771118164, "334": 10.489999771118164, "335": 10.489999771118164, "336": 10.489999771118164, "337": 10.489999771118164, "338": 10.489999771118164, "339": 10.489999771118164, "340": 10.489999771118164, "341": 10.489999771118164, "342": 10.489999771118164, "343": 10.489999771118164}, "close": {"0": 9.760000228881836, "1": 9.760000228881836, "2": 9.760000228881836, "3": 9.880000114440918, "4": 9.880000114440918, "5": 9.880000114440918, "6": 9.880000114440918, "7": 9.880000114440918, "8": 9.880000114440918, "9": 9.829999923706055, "10": 9.850000381469727, "11": 9.850000381469727, "12": 9.859999656677246, "13": 9.859999656677246, "14": 9.864999771118164, "15": 9.859999656677246, "16": 9.869999885559082, "17": 9.869999885559082, "18": 9.869999885559082, "19": 9.869999885559082, "20": 9.869999885559082, "21": 9.869999885559082, "22": 9.869999885559082, "23": 9.869999885559082, "24": 9.869999885559082, "25": 9.869999885559082, "26": 9.880000114440918, "27": 9.920000076293945, "28": 9.920000076293945, "29": 9.920000076293945, "30": 9.920000076293945, "31": 9.920000076293945, "32": 9.920000076293945, "33": 9.920000076293945, "34": 9.899999618530273, "35": 9.899999618530273, "36": 9.920000076293945, "37": 9.90999984741211, "38": 9.90250015258789, "39": 9.90999984741211, "40": 9.90999984741211, "41": 9.90999984741211, "42": 9.90999984741211, "43": 9.90999984741211, "44": 9.90999984741211, "45": 9.930000305175781, "46": 9.930000305175781, "47": 9.930000305175781, "48": 9.930000305175781, "49": 9.949999809265137, "50": 9.930000305175781, "51": 9.930000305175781, "52": 9.9399995803833, "53": 9.9399995803833, "54": 9.960000038146973, "55": 9.960000038146973, "56": 9.960000038146973, "57": 9.960000038146973, "58": 9.930000305175781, "59": 9.979999542236328, "60": 9.979999542236328, "61": 9.9399995803833, "62": 9.920000076293945, "63": 9.920000076293945, "64": 10.010000228881836, "65": 10.010000228881836, "66": 10.010000228881836, "67": 10.010000228881836, "68": 9.9399995803833, "69": 9.960000038146973, "70": 9.960000038146973, "71": 9.859999656677246, "72": 9.859999656677246, "73": 9.859999656677246, "74": 9.859999656677246, "75": 9.880000114440918, "76": 9.880000114440918, "77": 9.899999618530273, "78": 9.899999618530273, "79": 9.930000305175781, "80": 9.930000305175781, "81": 9.920000076293945, "82": 9.920000076293945, "83": 9.899999618530273, "84": 9.899999618530273, "85": 9.9399995803833, "86": 9.949999809265137, "87": 9.930000305175781, "88": 9.930000305175781, "89": 9.930000305175781, "90": 9.949999809265137, "91": 9.930000305175781, "92": 9.930000305175781, "93": 9.930000305175781, "94": 9.930000305175781, "95": 9.930000305175781, "96": 9.930000305175781, "97": 9.920000076293945, "98": 9.920000076293945, "99": 9.920000076293945, "100": 9.920000076293945, "101": 9.9350004196167, "102": 9.930000305175781, "103": 9.930000305175781, "104": 9.949999809265137, "105": 9.949999809265137, "106": 9.930000305175781, "107": 9.930000305175781, "108": 9.930000305175781, "109": 9.960000038146973, "110": 9.960000038146973, "111": 9.954999923706055, "112": 9.954999923706055, "113": 9.954999923706055, "114": 9.970000267028809, "115": 9.960000038146973, "116": 9.96500015258789, "117": 9.960000038146973, "118": 9.960000038146973, "119": 9.960000038146973, "120": 9.975000381469727, "121": 9.970000267028809, "122": 9.970000267028809, "123": 9.979999542236328, "124": 9.960000038146973, "125": 9.960000038146973, "126": 9.960000038146973, "127": 9.989999771118164, "128": 9.979999542236328, "129": 9.989999771118164, "130": 9.989999771118164, "131": 9.989999771118164, "132": 9.989999771118164, "133": 9.989999771118164, "134": 10.0, "135": 10.0, "136": 10.050000190734863, "137": 10.020000457763672, "138": 10.020000457763672, "139": 10.020000457763672, "140": 10.029999732971191, "141": 10.020000457763672, "142": 10.0, "143": 10.0, "144": 10.010000228881836, "145": 10.020000457763672, "146": 10.020000457763672, "147": 10.020000457763672, "148": 10.005000114440918, "149": 10.050000190734863, "150": 10.045000076293945, "151": 10.050000190734863, "152": 10.001500129699707, "153": 10.0600004196167, "154": 10.0600004196167, "155": 10.0600004196167, "156": 10.0600004196167, "157": 10.0600004196167, "158": 10.050000190734863, "159": 10.039999961853027, "160": 10.050000190734863, "161": 10.050000190734863, "162": 10.050000190734863, "163": 10.069999694824219, "164": 10.069999694824219, "165": 10.062199592590332, "166": 10.069999694824219, "167": 10.069999694824219, "168": 10.069999694824219, "169": 10.085000038146973, "170": 10.09000015258789, "171": 10.09000015258789, "172": 10.09000015258789, "173": 10.09000015258789, "174": 10.09000015258789, "175": 10.09000015258789, "176": 10.09000015258789, "177": 10.069999694824219, "178": 10.069999694824219, "179": 10.069999694824219, "180": 10.119999885559082, "181": 10.119999885559082, "182": 10.119999885559082, "183": 10.109999656677246, "184": 10.114999771118164, "185": 10.140000343322754, "186": 10.140000343322754, "187": 10.140000343322754, "188": 10.135000228881836, "189": 10.135000228881836, "190": 10.135000228881836, "191": 10.140000343322754, "192": 10.140000343322754, "193": 10.149999618530273, "194": 10.15999984741211, "195": 10.15999984741211, "196": 10.15999984741211, "197": 10.15999984741211, "198": 10.15999984741211, "199": 10.15999984741211, "200": 10.15999984741211, "201": 10.15999984741211, "202": 10.15999984741211, "203": 10.15999984741211, "204": 10.180000305175781, "205": 10.180000305175781, "206": 10.180000305175781, "207": 10.1899995803833, "208": 10.1899995803833, "209": 10.1899995803833, "210": 10.1899995803833, "211": 10.1899995803833, "212": 10.210000038146973, "213": 10.210000038146973, "214": 10.210000038146973, "215": 10.210000038146973, "216": 10.210000038146973, "217": 10.220000267028809, "218": 10.220000267028809, "219": 10.220000267028809, "220": 10.220000267028809, "221": 10.220000267028809, "222": 10.220000267028809, "223": 10.220000267028809, "224": 10.234999656677246, "225": 10.234999656677246, "226": 10.229999542236328, "227": 10.229999542236328, "228": 10.229999542236328, "229": 10.229999542236328, "230": 10.229999542236328, "231": 10.229999542236328, "232": 10.229999542236328, "233": 10.229999542236328, "234": 10.260000228881836, "235": 10.279999732971191, "236": 10.289999961853027, "237": 10.289999961853027, "238": 10.289999961853027, "239": 10.300000190734863, "240": 10.3100004196167, "241": 10.300000190734863, "242": 10.319999694824219, "243": 10.3100004196167, "244": 10.319999694824219, "245": 10.300000190734863, "246": 10.329999923706055, "247": 10.319999694824219, "248": 10.319999694824219, "249": 10.324999809265137, "250": 10.329999923706055, "251": 10.350000381469727, "252": 10.329999923706055, "253": 10.329999923706055, "254": 10.34000015258789, "255": 10.335000038146973, "256": 10.350000381469727, "257": 10.350099563598633, "258": 10.354999542236328, "259": 10.35990047454834, "260": 10.35990047454834, "261": 10.350000381469727, "262": 10.354999542236328, "263": 10.354999542236328, "264": 10.359999656677246, "265": 10.350000381469727, "266": 10.359999656677246, "267": 10.369999885559082, "268": 10.369999885559082, "269": 10.369999885559082, "270": 10.380000114440918, "271": 10.380000114440918, "272": 10.380000114440918, "273": 10.390000343322754, "274": 10.390000343322754, "275": 10.385000228881836, "276": 10.385000228881836, "277": 10.385000228881836, "278": 10.385000228881836, "279": 10.390000343322754, "280": 10.390000343322754, "281": 10.390000343322754, "282": 10.390000343322754, "283": 10.390000343322754, "284": 10.404999732971191, "285": 10.420000076293945, "286": 10.420000076293945, "287": 10.40999984741211, "288": 10.40999984741211, "289": 10.420000076293945, "290": 10.414999961853027, "291": 10.4399995803833, "292": 10.4399995803833, "293": 10.4399995803833, "294": 10.4399995803833, "295": 10.444999694824219, "296": 10.460000038146973, "297": 10.463000297546387, "298": 10.470000267028809, "299": 10.449999809265137, "300": 10.449999809265137, "301": 10.470000267028809, "302": 10.470000267028809, "303": 10.46500015258789, "304": 10.470000267028809, "305": 10.470000267028809, "306": 10.470000267028809, "307": 10.479999542236328, "308": 10.479999542236328, "309": 10.479999542236328, "310": 10.479999542236328, "311": 10.479999542236328, "312": 10.479999542236328, "313": 10.489999771118164, "314": 10.494999885559082, "315": 10.489999771118164, "316": 10.494999885559082, "317": 10.489999771118164, "318": 10.5, "319": 10.489999771118164, "320": 10.515000343322754, "321": 10.510000228881836, "322": 10.510000228881836, "323": 10.510000228881836, "324": 10.510000228881836, "325": 10.510000228881836, "326": 10.510000228881836, "327": 10.510000228881836, "328": 10.510000228881836, "329": 10.510000228881836, "330": 10.505000114440918, "331": 10.5, "332": 10.489999771118164, "333": 10.489999771118164, "334": 10.489999771118164, "335": 10.489999771118164, "336": 10.489999771118164, "337": 10.489999771118164, "338": 10.489999771118164, "339": 10.489999771118164, "340": 10.489999771118164, "341": 10.489999771118164, "342": 10.489999771118164, "343": 10.489999771118164}, "volume": {"0": 100.0, "1": 0.0, "2": 0.0, "3": 100.0, "4": 0.0, "5": 0.0, "6": 0.0, "7": 0.0, "8": 0.0, "9": 500.0, "10": 500.0, "11": 0.0, "12": 275500.0, "13": 0.0, "14": 11700.0, "15": 1000.0, "16": 57700.0, "17": 500.0, "18": 0.0, "19": 0.0, "20": 1600.0, "21": 0.0, "22": 24800.0, "23": 0.0, "24": 297200.0, "25": 0.0, "26": 11000.0, "27": 4900.0, "28": 300.0, "29": 0.0, "30": 0.0, "31": 71100.0, "32": 100.0, "33": 0.0, "34": 9000.0, "35": 32900.0, "36": 2544.0, "37": 91400.0, "38": 133222.0, "39": 550887.0, "40": 0.0, "41": 0.0, "42": 0.0, "43": 0.0, "44": 10066.0, "45": 24113.0, "46": 0.0, "47": 0.0, "48": 0.0, "49": 241.0, "50": 252.0, "51": 0.0, "52": 102189.0, "53": 2125129.0, "54": 143778.0, "55": 2528.0, "56": 0.0, "57": 9615.0, "58": 4716.0, "59": 100.0, "60": 100.0, "61": 200.0, "62": 250.0, "63": 0.0, "64": 155.0, "65": 0.0, "66": 0.0, "67": 106.0, "68": 2000009.0, "69": 4738.0, "70": 0.0, "71": 29285.0, "72": 0.0, "73": 0.0, "74": 0.0, "75": 771.0, "76": 0.0, "77": 149958.0, "78": 0.0, "79": 102055.0, "80": 0.0, "81": 10600.0, "82": 24415.0, "83": 500004.0, "84": 0.0, "85": 10073.0, "86": 25549.0, "87": 3280.0, "88": 2880.0, "89": 117805.0, "90": 78636.0, "91": 9600.0, "92": 11516.0, "93": 0.0, "94": 0.0, "95": 0.0, "96": 133333.0, "97": 200.0, "98": 456.0, "99": 0.0, "100": 0.0, "101": 223091.0, "102": 7994.0, "103": 0.0, "104": 514188.0, "105": 0.0, "106": 410.0, "107": 1452.0, "108": 0.0, "109": 100.0, "110": 203266.0, "111": 109781.0, "112": 2087.0, "113": 28101.0, "114": 153118.0, "115": 83935.0, "116": 325910.0, "117": 103515.0, "118": 0.0, "119": 0.0, "120": 1119.0, "121": 5915.0, "122": 1001.0, "123": 318.0, "124": 2864.0, "125": 37490.0, "126": 0.0, "127": 30043.0, "128": 16905.0, "129": 25900.0, "130": 0.0, "131": 0.0, "132": 0.0, "133": 6007.0, "134": 20591.0, "135": 20342.0, "136": 232.0, "137": 4141.0, "138": 0.0, "139": 0.0, "140": 9384.0, "141": 1111914.0, "142": 1130001.0, "143": 0.0, "144": 24410.0, "145": 204322.0, "146": 427414.0, "147": 0.0, "148": 115.0, "149": 300.0, "150": 13882.0, "151": 5394.0, "152": 600.0, "153": 4805.0, "154": 119802.0, "155": 0.0, "156": 0.0, "157": 0.0, "158": 10748.0, "159": 104.0, "160": 1084.0, "161": 0.0, "162": 0.0, "163": 4104.0, "164": 0.0, "165": 135.0, "166": 617.0, "167": 0.0, "168": 0.0, "169": 915.0, "170": 442864.0, "171": 0.0, "172": 0.0, "173": 0.0, "174": 0.0, "175": 29981.0, "176": 0.0, "177": 1900.0, "178": 0.0, "179": 0.0, "180": 84800.0, "181": 1023875.0, "182": 0.0, "183": 687284.0, "184": 29466.0, "185": 1795.0, "186": 0.0, "187": 0.0, "188": 36437.0, "189": 0.0, "190": 0.0, "191": 709.0, "192": 0.0, "193": 2598.0, "194": 201.0, "195": 0.0, "196": 490.0, "197": 166.0, "198": 0.0, "199": 0.0, "200": 6726.0, "201": 0.0, "202": 300.0, "203": 0.0, "204": 189671.0, "205": 49096.0, "206": 344461.0, "207": 7818.0, "208": 135957.0, "209": 0.0, "210": 0.0, "211": 0.0, "212": 13949.0, "213": 5010.0, "214": 0.0, "215": 0.0, "216": 0.0, "217": 100.0, "218": 53461.0, "219": 802.0, "220": 134.0, "221": 0.0, "222": 0.0, "223": 0.0, "224": 629.0, "225": 138.0, "226": 11909.0, "227": 5042.0, "228": 8728.0, "229": 799.0, "230": 0.0, "231": 0.0, "232": 0.0, "233": 0.0, "234": 304.0, "235": 1117294.0, "236": 3048746.0, "237": 649493.0, "238": 36754.0, "239": 3920.0, "240": 53749.0, "241": 340.0, "242": 2205.0, "243": 359.0, "244": 533.0, "245": 30726.0, "246": 18395.0, "247": 472.0, "248": 442.0, "249": 781311.0, "250": 712894.0, "251": 38340.0, "252": 133.0, "253": 0.0, "254": 2629.0, "255": 100.0, "256": 135861.0, "257": 8043.0, "258": 5649.0, "259": 415.0, "260": 0.0, "261": 2924.0, "262": 283.0, "263": 0.0, "264": 4053.0, "265": 2969.0, "266": 22724.0, "267": 984.0, "268": 5201.0, "269": 0.0, "270": 12407.0, "271": 14569.0, "272": 105047.0, "273": 8290.0, "274": 3054.0, "275": 447.0, "276": 0.0, "277": 0.0, "278": 0.0, "279": 2141.0, "280": 220.0, "281": 2033.0, "282": 0.0, "283": 895.0, "284": 507301.0, "285": 1001797.0, "286": 0.0, "287": 344769.0, "288": 5122.0, "289": 322.0, "290": 6951.0, "291": 686248.0, "292": 492471.0, "293": 196411.0, "294": 277663.0, "295": 276890.0, "296": 28141.0, "297": 12463.0, "298": 5300.0, "299": 986026.0, "300": 298903.0, "301": 199228.0, "302": 73950.0, "303": 3926.0, "304": 849.0, "305": 100154.0, "306": 100420.0, "307": 232474.0, "308": 0.0, "309": 153.0, "310": 0.0, "311": 0.0, "312": 264936.0, "313": 200.0, "314": 7028.0, "315": 352.0, "316": 8792.0, "317": 2424.0, "318": 1014.0, "319": 62609.0, "320": 1591173.0, "321": 2425.0, "322": 0.0, "323": 0.0, "324": 0.0, "325": 0.0, "326": 0.0, "327": 0.0, "328": 0.0, "329": 0.0, "330": 8935.0, "331": 122.0, "332": 164.0, "333": 0.0, "334": 0.0, "335": 0.0, "336": 1458.0, "337": 4048.0, "338": 31869.0, "339": 1144.0, "340": 0.0, "341": 0.0, "342": 0.0, "343": 0.0}, "adjclose": {"0": 9.760000228881836, "1": 9.760000228881836, "2": 9.760000228881836, "3": 9.880000114440918, "4": 9.880000114440918, "5": 9.880000114440918, "6": 9.880000114440918, "7": 9.880000114440918, "8": 9.880000114440918, "9": 9.829999923706055, "10": 9.850000381469727, "11": 9.850000381469727, "12": 9.859999656677246, "13": 9.859999656677246, "14": 9.864999771118164, "15": 9.859999656677246, "16": 9.869999885559082, "17": 9.869999885559082, "18": 9.869999885559082, "19": 9.869999885559082, "20": 9.869999885559082, "21": 9.869999885559082, "22": 9.869999885559082, "23": 9.869999885559082, "24": 9.869999885559082, "25": 9.869999885559082, "26": 9.880000114440918, "27": 9.920000076293945, "28": 9.920000076293945, "29": 9.920000076293945, "30": 9.920000076293945, "31": 9.920000076293945, "32": 9.920000076293945, "33": 9.920000076293945, "34": 9.899999618530273, "35": 9.899999618530273, "36": 9.920000076293945, "37": 9.90999984741211, "38": 9.90250015258789, "39": 9.90999984741211, "40": 9.90999984741211, "41": 9.90999984741211, "42": 9.90999984741211, "43": 9.90999984741211, "44": 9.90999984741211, "45": 9.930000305175781, "46": 9.930000305175781, "47": 9.930000305175781, "48": 9.930000305175781, "49": 9.949999809265137, "50": 9.930000305175781, "51": 9.930000305175781, "52": 9.9399995803833, "53": 9.9399995803833, "54": 9.960000038146973, "55": 9.960000038146973, "56": 9.960000038146973, "57": 9.960000038146973, "58": 9.930000305175781, "59": 9.979999542236328, "60": 9.979999542236328, "61": 9.9399995803833, "62": 9.920000076293945, "63": 9.920000076293945, "64": 10.010000228881836, "65": 10.010000228881836, "66": 10.010000228881836, "67": 10.010000228881836, "68": 9.9399995803833, "69": 9.960000038146973, "70": 9.960000038146973, "71": 9.859999656677246, "72": 9.859999656677246, "73": 9.859999656677246, "74": 9.859999656677246, "75": 9.880000114440918, "76": 9.880000114440918, "77": 9.899999618530273, "78": 9.899999618530273, "79": 9.930000305175781, "80": 9.930000305175781, "81": 9.920000076293945, "82": 9.920000076293945, "83": 9.899999618530273, "84": 9.899999618530273, "85": 9.9399995803833, "86": 9.949999809265137, "87": 9.930000305175781, "88": 9.930000305175781, "89": 9.930000305175781, "90": 9.949999809265137, "91": 9.930000305175781, "92": 9.930000305175781, "93": 9.930000305175781, "94": 9.930000305175781, "95": 9.930000305175781, "96": 9.930000305175781, "97": 9.920000076293945, "98": 9.920000076293945, "99": 9.920000076293945, "100": 9.920000076293945, "101": 9.9350004196167, "102": 9.930000305175781, "103": 9.930000305175781, "104": 9.949999809265137, "105": 9.949999809265137, "106": 9.930000305175781, "107": 9.930000305175781, "108": 9.930000305175781, "109": 9.960000038146973, "110": 9.960000038146973, "111": 9.954999923706055, "112": 9.954999923706055, "113": 9.954999923706055, "114": 9.970000267028809, "115": 9.960000038146973, "116": 9.96500015258789, "117": 9.960000038146973, "118": 9.960000038146973, "119": 9.960000038146973, "120": 9.975000381469727, "121": 9.970000267028809, "122": 9.970000267028809, "123": 9.979999542236328, "124": 9.960000038146973, "125": 9.960000038146973, "126": 9.960000038146973, "127": 9.989999771118164, "128": 9.979999542236328, "129": 9.989999771118164, "130": 9.989999771118164, "131": 9.989999771118164, "132": 9.989999771118164, "133": 9.989999771118164, "134": 10.0, "135": 10.0, "136": 10.050000190734863, "137": 10.020000457763672, "138": 10.020000457763672, "139": 10.020000457763672, "140": 10.029999732971191, "141": 10.020000457763672, "142": 10.0, "143": 10.0, "144": 10.010000228881836, "145": 10.020000457763672, "146": 10.020000457763672, "147": 10.020000457763672, "148": 10.005000114440918, "149": 10.050000190734863, "150": 10.045000076293945, "151": 10.050000190734863, "152": 10.001500129699707, "153": 10.0600004196167, "154": 10.0600004196167, "155": 10.0600004196167, "156": 10.0600004196167, "157": 10.0600004196167, "158": 10.050000190734863, "159": 10.039999961853027, "160": 10.050000190734863, "161": 10.050000190734863, "162": 10.050000190734863, "163": 10.069999694824219, "164": 10.069999694824219, "165": 10.062199592590332, "166": 10.069999694824219, "167": 10.069999694824219, "168": 10.069999694824219, "169": 10.085000038146973, "170": 10.09000015258789, "171": 10.09000015258789, "172": 10.09000015258789, "173": 10.09000015258789, "174": 10.09000015258789, "175": 10.09000015258789, "176": 10.09000015258789, "177": 10.069999694824219, "178": 10.069999694824219, "179": 10.069999694824219, "180": 10.119999885559082, "181": 10.119999885559082, "182": 10.119999885559082, "183": 10.109999656677246, "184": 10.114999771118164, "185": 10.140000343322754, "186": 10.140000343322754, "187": 10.140000343322754, "188": 10.135000228881836, "189": 10.135000228881836, "190": 10.135000228881836, "191": 10.140000343322754, "192": 10.140000343322754, "193": 10.149999618530273, "194": 10.15999984741211, "195": 10.15999984741211, "196": 10.15999984741211, "197": 10.15999984741211, "198": 10.15999984741211, "199": 10.15999984741211, "200": 10.15999984741211, "201": 10.15999984741211, "202": 10.15999984741211, "203": 10.15999984741211, "204": 10.180000305175781, "205": 10.180000305175781, "206": 10.180000305175781, "207": 10.1899995803833, "208": 10.1899995803833, "209": 10.1899995803833, "210": 10.1899995803833, "211": 10.1899995803833, "212": 10.210000038146973, "213": 10.210000038146973, "214": 10.210000038146973, "215": 10.210000038146973, "216": 10.210000038146973, "217": 10.220000267028809, "218": 10.220000267028809, "219": 10.220000267028809, "220": 10.220000267028809, "221": 10.220000267028809, "222": 10.220000267028809, "223": 10.220000267028809, "224": 10.234999656677246, "225": 10.234999656677246, "226": 10.229999542236328, "227": 10.229999542236328, "228": 10.229999542236328, "229": 10.229999542236328, "230": 10.229999542236328, "231": 10.229999542236328, "232": 10.229999542236328, "233": 10.229999542236328, "234": 10.260000228881836, "235": 10.279999732971191, "236": 10.289999961853027, "237": 10.289999961853027, "238": 10.289999961853027, "239": 10.300000190734863, "240": 10.3100004196167, "241": 10.300000190734863, "242": 10.319999694824219, "243": 10.3100004196167, "244": 10.319999694824219, "245": 10.300000190734863, "246": 10.329999923706055, "247": 10.319999694824219, "248": 10.319999694824219, "249": 10.324999809265137, "250": 10.329999923706055, "251": 10.350000381469727, "252": 10.329999923706055, "253": 10.329999923706055, "254": 10.34000015258789, "255": 10.335000038146973, "256": 10.350000381469727, "257": 10.350099563598633, "258": 10.354999542236328, "259": 10.35990047454834, "260": 10.35990047454834, "261": 10.350000381469727, "262": 10.354999542236328, "263": 10.354999542236328, "264": 10.359999656677246, "265": 10.350000381469727, "266": 10.359999656677246, "267": 10.369999885559082, "268": 10.369999885559082, "269": 10.369999885559082, "270": 10.380000114440918, "271": 10.380000114440918, "272": 10.380000114440918, "273": 10.390000343322754, "274": 10.390000343322754, "275": 10.385000228881836, "276": 10.385000228881836, "277": 10.385000228881836, "278": 10.385000228881836, "279": 10.390000343322754, "280": 10.390000343322754, "281": 10.390000343322754, "282": 10.390000343322754, "283": 10.390000343322754, "284": 10.404999732971191, "285": 10.420000076293945, "286": 10.420000076293945, "287": 10.40999984741211, "288": 10.40999984741211, "289": 10.420000076293945, "290": 10.414999961853027, "291": 10.4399995803833, "292": 10.4399995803833, "293": 10.4399995803833, "294": 10.4399995803833, "295": 10.444999694824219, "296": 10.460000038146973, "297": 10.463000297546387, "298": 10.470000267028809, "299": 10.449999809265137, "300": 10.449999809265137, "301": 10.470000267028809, "302": 10.470000267028809, "303": 10.46500015258789, "304": 10.470000267028809, "305": 10.470000267028809, "306": 10.470000267028809, "307": 10.479999542236328, "308": 10.479999542236328, "309": 10.479999542236328, "310": 10.479999542236328, "311": 10.479999542236328, "312": 10.479999542236328, "313": 10.489999771118164, "314": 10.494999885559082, "315": 10.489999771118164, "316": 10.494999885559082, "317": 10.489999771118164, "318": 10.5, "319": 10.489999771118164, "320": 10.515000343322754, "321": 10.510000228881836, "322": 10.510000228881836, "323": 10.510000228881836, "324": 10.510000228881836, "325": 10.510000228881836, "326": 10.510000228881836, "327": 10.510000228881836, "328": 10.510000228881836, "329": 10.510000228881836, "330": 10.505000114440918, "331": 10.5, "332": 10.489999771118164, "333": 10.489999771118164, "334": 10.489999771118164, "335": 10.489999771118164, "336": 10.489999771118164, "337": 10.489999771118164, "338": 10.489999771118164, "339": 10.489999771118164, "340": 10.489999771118164, "341": 10.489999771118164, "342": 10.489999771118164, "343": 10.489999771118164}}, "profile": {"address1": "Boundary Hall", "address2": "Cricket Square", "city": "Grand Cayman", "zip": "KY1-1102", "country": "Cayman Islands", "website": "https://ahrenacq.com", "industry": "Shell Companies", "industryDisp": "Shell Companies", "sector": "Financial Services", "longBusinessSummary": "Ahren Acquisition Corp. does not have significant operations. The company focuses on effecting a merger, asset acquisition, share exchange, share purchase, reorganization, or similar business combination with one or more businesses. It intends to identify and complete a business combination with a company fueled by deep technology and/or deep science. The company was incorporated in 2021 and is based in Grand Cayman, the Cayman Islands.", "companyOfficers": [{"maxAge": 1, "name": "Ms. Alice  Newcombe-Ellis", "age": 38, "title": "CEO & Director", "yearBorn": 1984, "exercisedValue": 0, "unexercisedValue": 0}, {"maxAge": 1, "name": "Mr. Elliot  Richmond", "age": 42, "title": "CFO & Director", "yearBorn": 1980, "exercisedValue": 0, "unexercisedValue": 0}, {"maxAge": 1, "name": "Sir Shankar  Balasubramanian", "age": 55, "title": "Science Partner", "yearBorn": 1967, "exercisedValue": 0, "unexercisedValue": 0}], "maxAge": 86400, "latitude": 19.29281590900007, "longitude": -81.36769499999997}}