{"income_statement": {"annual": {"Year": {"1": "Selling, General & Admin", "2": "Operating Expenses", "3": "Operating Income", "4": "Other Expense / Income", "5": "Pretax Income", "6": "Net Income", "7": "Shares Outstanding (Basic)", "8": "Shares Outstanding (Diluted)", "9": "Shares Change", "10": "EPS (Basic)", "11": "EPS (Diluted)", "12": "Free Cash Flow Per Share", "13": "EBITDA", "14": "EBIT"}, "2022": {"1": "0.82", "2": "0.82", "3": "-0.82", "4": "-1.41", "5": "0.59", "6": "0.59", "7": "11", "8": "11", "9": "397.57%", "10": "-1.26", "11": "-1.26", "12": "-0.07", "13": "0.59", "14": "0.59"}, "2021": {"1": "0.02", "2": "0.02", "3": "-0.02", "4": "-", "5": "-0.02", "6": "-0.02", "7": "2", "8": "2", "9": "-", "10": "-0.01", "11": "-0.01", "12": "-0.00", "13": "-0.02", "14": "-0.02"}}, "quarterly": {"Metrics": {"1": "Selling, General & Admin", "2": "Operating Expenses", "3": "Operating Income", "4": "Other Expense / Income", "5": "Pretax Income", "6": "Net Income", "7": "Shares Outstanding (Basic)", "8": "Shares Outstanding (Diluted)", "9": "Shares Change", "10": "EPS (Basic)", "11": "EPS (Diluted)", "12": "Free Cash Flow Per Share", "13": "EBITDA", "14": "EBIT"}, "2023-03-31": {"1": "0.29", "2": "0.29", "3": "-0.29", "4": "-0.28", "5": "-0.01", "6": "-0.01", "7": "5", "8": "5", "9": "-45.09%", "10": "-0.09", "11": "-0.09", "12": "-0.05", "13": "-0.01", "14": "-0.01"}, "2022-12-31": {"1": "0.23", "2": "0.23", "3": "-0.23", "4": "-0.81", "5": "0.57", "6": "0.57", "7": "11", "8": "11", "9": "422.11%", "10": "-0.01", "11": "-0.01", "12": "-0.01", "13": "0.57", "14": "0.57"}, "2022-09-30": {"1": "0.17", "2": "0.17", "3": "-0.17", "4": "-0.46", "5": "0.29", "6": "0.29", "7": "11", "8": "11", "9": "500.12%", "10": "-0.02", "11": "-0.02", "12": "-0.01", "13": "0.29", "14": "0.29"}, "2022-06-30": {"1": "0.19", "2": "0.19", "3": "-0.19", "4": "-0.12", "5": "-0.07", "6": "-0.07", "7": "11", "8": "11", "9": "-", "10": "-0.02", "11": "-0.02", "12": "-0.01", "13": "-0.07", "14": "-0.07"}, "2022-03-31": {"1": "0.23", "2": "0.23", "3": "-0.23", "4": "-0.03", "5": "-0.2", "6": "-0.2", "7": "9", "8": "9", "9": "-", "10": "-1.39", "11": "-1.39", "12": "-0.04", "13": "-0.2", "14": "-0.2"}, "2021-12-31": {"1": "0.02", "2": "0.02", "3": "-0.02", "4": "-", "5": "-0.02", "6": "-0.02", "7": "2", "8": "-", "9": "-", "10": "-0.01", "11": "-0.01", "12": "-0.00", "13": "-0.02", "14": "-0.02"}, "2021-09-30": {"1": "0.01", "2": "0.01", "3": "-0.01", "4": "-", "5": "-0.01", "6": "-0.01", "7": "2", "8": "2", "9": "-", "10": "-", "11": "-", "12": "-0.00", "13": "-0.01", "14": "-0.01"}}}, "balance_sheet": {"annual": {"Year": {"1": "Cash & Equivalents", "2": "Cash & Cash Equivalents", "3": "Cash Growth", "4": "Other Current Assets", "5": "Total Current Assets", "6": "Long-Term Investments", "7": "Other Long-Term Assets", "8": "Total Long-Term Assets", "9": "Total Assets", "10": "Accounts Payable", "11": "Current Debt", "12": "Other Current Liabilities", "13": "Total Current Liabilities", "14": "Other Long-Term Liabilities", "15": "Total Long-Term Liabilities", "16": "Total Liabilities", "17": "Total Debt", "18": "Common Stock", "19": "Retained Earnings", "20": "Shareholders' Equity", "21": "Total Liabilities and Equity", "22": "Net Cash / Debt", "23": "Net Cash Per Share", "24": "Working Capital", "25": "Book Value Per Share"}, "2022": {"1": "0.04", "2": "0.04", "3": "-2.54%", "4": "0.07", "5": "0.11", "6": "88.53", "7": "0", "8": "88.53", "9": "88.64", "10": "0.13", "11": "0", "12": "0.04", "13": "0.17", "14": "3.02", "15": "3.02", "16": "3.19", "17": "0", "18": "0", "19": "-3.08", "20": "-3.08", "21": "0.11", "22": "0.04", "23": "0.00", "24": "-0.06", "25": "-0.29"}, "2021": {"1": "0.05", "2": "0.05", "3": "-", "4": "0", "5": "0.05", "6": "0", "7": "0.28", "8": "0.28", "9": "0.32", "10": "0.02", "11": "0.27", "12": "0.03", "13": "0.32", "14": "0", "15": "0", "16": "0.32", "17": "0.27", "18": "0.03", "19": "-0.02", "20": "0", "21": "0.32", "22": "-0.23", "23": "-0.11", "24": "-0.28", "25": "0.00"}}, "quarterly": {"Metrics": {"1": "Cash & Equivalents", "2": "Short-Term Investments", "3": "Cash & Cash Equivalents", "4": "Cash Growth", "5": "Receivables", "6": "Other Current Assets", "7": "Total Current Assets", "8": "Long-Term Investments", "9": "Other Long-Term Assets", "10": "Total Long-Term Assets", "11": "Total Assets", "12": "Accounts Payable", "13": "Current Debt", "14": "Other Current Liabilities", "15": "Total Current Liabilities", "16": "Other Long-Term Liabilities", "17": "Total Long-Term Liabilities", "18": "Total Liabilities", "19": "Total Debt", "20": "Common Stock", "21": "Retained Earnings", "22": "Shareholders' Equity", "23": "Total Liabilities and Equity", "24": "Net Cash / Debt", "25": "Net Cash / Debt Growth", "26": "Net Cash Per Share", "27": "Working Capital", "28": "Book Value Per Share"}, "2023-03-31": {"1": "0.52", "2": "10.63", "3": "11.15", "4": "2636.21%", "5": "0", "6": "0.11", "7": "11.26", "8": "0", "9": "0", "10": "0", "11": "11.26", "12": "0.21", "13": "0.65", "14": "3.29", "15": "4.14", "16": "0", "17": "0", "18": "4.14", "19": "0.65", "20": "0", "21": "-3.52", "22": "-3.52", "23": "0.63", "24": "10.5", "25": "2476.72%", "26": "2.07", "27": "7.11", "28": "-0.69"}, "2022-12-31": {"1": "0.04", "2": "0", "3": "0.04", "4": "-2.54%", "5": "0", "6": "0.07", "7": "0.11", "8": "88.53", "9": "0", "10": "88.53", "11": "88.64", "12": "0.13", "13": "0", "14": "0.04", "15": "0.17", "16": "3.02", "17": "3.02", "18": "3.19", "19": "0", "20": "0", "21": "-3.08", "22": "-3.08", "23": "0.11", "24": "0.04", "25": "-", "26": "0.00", "27": "-0.06", "28": "-0.27"}, "2022-09-30": {"1": "0.13", "2": "0", "3": "0.13", "4": "6.03%", "5": "0.03", "6": "0.07", "7": "0.23", "8": "87.72", "9": "0", "10": "87.72", "11": "87.95", "12": "0.06", "13": "0", "14": "0", "15": "0.06", "16": "3.02", "17": "3.02", "18": "3.08", "19": "0", "20": "0", "21": "-2.85", "22": "-2.85", "23": "0.23", "24": "0.13", "25": "-", "26": "0.01", "27": "0.17", "28": "-0.25"}, "2022-06-30": {"1": "0.28", "2": "0", "3": "0.28", "4": "1019.85%", "5": "0.03", "6": "0.09", "7": "0.39", "8": "87.26", "9": "0.02", "10": "87.28", "11": "87.67", "12": "0.07", "13": "0", "14": "0", "15": "0.07", "16": "3.02", "17": "3.02", "18": "3.09", "19": "0", "20": "0", "21": "-2.53", "22": "-2.53", "23": "0.56", "24": "0.28", "25": "-", "26": "0.02", "27": "0.32", "28": "-0.23"}, "2022-03-31": {"1": "0.41", "2": "0", "3": "0.41", "4": "-", "5": "0.03", "6": "0.11", "7": "0.54", "8": "87.14", "9": "0.08", "10": "87.22", "11": "87.76", "12": "0.09", "13": "0", "14": "0", "15": "0.09", "16": "3.02", "17": "3.02", "18": "3.11", "19": "0", "20": "0", "21": "-2.46", "22": "-2.46", "23": "0.65", "24": "0.41", "25": "-", "26": "0.04", "27": "0.45", "28": "-0.27"}, "2021-12-31": {"1": "0.05", "2": "0", "3": "0.05", "4": "-", "5": "0", "6": "0", "7": "0.05", "8": "0", "9": "0.28", "10": "0.28", "11": "0.32", "12": "0.02", "13": "0.27", "14": "0.03", "15": "0.32", "16": "0", "17": "0", "18": "0.32", "19": "0.27", "20": "0.03", "21": "-0.02", "22": "0", "23": "0.32", "24": "-0.23", "25": "-", "26": "-", "27": "-0.28", "28": "0.00"}, "2021-09-30": {"1": "0.12", "2": "0", "3": "0.12", "4": "-", "5": "0", "6": "0.01", "7": "0.13", "8": "0", "9": "0.21", "10": "0.21", "11": "0.34", "12": "0", "13": "0.27", "14": "0.05", "15": "0.32", "16": "0", "17": "0", "18": "0.32", "19": "0.27", "20": "0.03", "21": "-0.01", "22": "0.02", "23": "0.34", "24": "-0.15", "25": "-", "26": "-0.08", "27": "-0.19", "28": "0.01"}, "2021-07-31": {"1": "0.02", "2": "0", "3": "0.02", "4": "-", "5": "0", "6": "0.07", "7": "0.1", "8": "0", "9": "0.05", "10": "0.05", "11": "0.15", "12": "0", "13": "0.07", "14": "0.05", "15": "0.13", "16": "0", "17": "0", "18": "0.13", "19": "0.07", "20": "0.03", "21": "-0", "22": "0.02", "23": "0.15", "24": "-0.05", "25": "-", "26": "-", "27": "-0.03", "28": "-"}}}, "cash_flow_statement": {"annual": {"Year": {"1": "Net Income", "2": "Other Operating Activities", "3": "Operating Cash Flow", "4": "Change in Investments", "5": "Investing Cash Flow", "6": "Share Issuance / Repurchase", "7": "Debt Issued / Paid", "8": "Other Financing Activities", "9": "Financing Cash Flow", "10": "Net Cash Flow", "11": "Free Cash Flow", "12": "Free Cash Flow Per Share"}, "2022": {"1": "0.59", "2": "-1.37", "3": "-0.78", "4": "-87.11", "5": "-87.11", "6": "88.39", "7": "-0.2", "8": "-0.29", "9": "87.89", "10": "-0", "11": "-0.78", "12": "-0.07"}, "2021": {"1": "-0.02", "2": "0.02", "3": "-0.01", "4": "0", "5": "0", "6": "0", "7": "0.23", "8": "-0.17", "9": "0.05", "10": "0.05", "11": "-0.01", "12": "-0.00"}}, "quarterly": {"Metrics": {"1": "Net Income", "2": "Other Operating Activities", "3": "Operating Cash Flow", "4": "Change in Investments", "5": "Investing Cash Flow", "6": "Share Issuance / Repurchase", "7": "Debt Issued / Paid", "8": "Other Financing Activities", "9": "Financing Cash Flow", "10": "Net Cash Flow", "11": "Free Cash Flow", "12": "Free Cash Flow Per Share"}, "2023-03-31": {"1": "-0.01", "2": "-0.24", "3": "-0.25", "4": "78.17", "5": "78.17", "6": "-78.32", "7": "0.88", "8": "-", "9": "-77.45", "10": "0.48", "11": "-0.25", "12": "-0.05"}, "2022-12-31": {"1": "0.57", "2": "-0.72", "3": "-0.15", "4": "0", "5": "0", "6": "0", "7": "0.07", "8": "-", "9": "0.07", "10": "-0.08", "11": "-0.15", "12": "-0.01"}, "2022-09-30": {"1": "0.29", "2": "-0.44", "3": "-0.15", "4": "0", "5": "0", "6": "0", "7": "0", "8": "-", "9": "0", "10": "-0.15", "11": "-0.15", "12": "-0.01"}, "2022-06-30": {"1": "-0.07", "2": "-0.06", "3": "-0.13", "4": "0", "5": "0", "6": "0", "7": "0", "8": "-", "9": "0", "10": "-0.13", "11": "-0.13", "12": "-0.01"}, "2022-03-31": {"1": "-0.2", "2": "-0.15", "3": "-0.35", "4": "-87.11", "5": "-87.11", "6": "88.39", "7": "-0.27", "8": "-0.29", "9": "87.82", "10": "0.36", "11": "-0.35", "12": "-0.04"}, "2021-12-31": {"1": "-0.02", "2": "0.01", "3": "-0", "4": "0", "5": "0", "6": "0", "7": "0", "8": "-0.07", "9": "-0.07", "10": "-0.08", "11": "-0", "12": "-0.00"}, "2021-09-30": {"1": "-0.01", "2": "0", "3": "-0", "4": "0", "5": "0", "6": "0", "7": "0.23", "8": "-0.1", "9": "0.12", "10": "0.12", "11": "-0", "12": "-0.00"}}}, "ratios": {"annual": {"Year": {"1": "Market Capitalization", "2": "Enterprise Value", "3": "PE Ratio", "4": "PB Ratio", "5": "P/FCF Ratio", "6": "P/OCF Ratio", "7": "EV/EBITDA Ratio", "8": "EV/EBIT Ratio", "9": "EV/FCF Ratio", "10": "Debt / Equity Ratio", "11": "Debt / EBITDA Ratio", "12": "Debt / FCF Ratio", "13": "Current Ratio", "14": "Return on Equity (ROE)", "15": "Return on Assets (ROA)", "16": "Return on Capital (ROIC)", "17": "Earnings Yield", "18": "FCF Yield", "19": "Buyback Yield / Dilution", "20": "Total Shareholder Return"}, "Current": {"1": "38", "2": "28", "3": "48.75", "4": "-10.83", "5": "-55.86", "6": "-55.86", "7": "35.64", "8": "35.64", "9": "-40.46", "10": "-0.18", "11": "0.83", "12": "-0.95", "13": "2.72", "14": "-26.10%", "15": "1.10%", "16": "1.20%", "17": "2.04%", "18": "-1.78%", "19": "45.09%", "20": "45.09%"}, "2022": {"1": "115", "2": "115", "3": "195.06", "4": "-37.28", "5": "-147.38", "6": "-147.38", "7": "194.98", "8": "194.98", "9": "-147.32", "10": "-", "11": "-", "12": "-", "13": "0.65", "14": "-21.60%", "15": "0.70%", "16": "0.70%", "17": "0.51%", "18": "-0.68%", "19": "-397.57%", "20": "-397.57%"}, "2021": {"1": "-", "2": "0", "3": "-", "4": "-", "5": "-", "6": "-", "7": "-9.76", "8": "-9.76", "9": "-34.23", "10": "158.15", "11": "-11.71", "12": "-41.07", "13": "0.14", "14": "-", "15": "-", "16": "-", "17": "-", "18": "-", "19": "-", "20": "-"}}, "quarterly": null}, "stock_price": {"symbol": {"0": "AIB", "1": "AIB", "2": "AIB", "3": "AIB", "4": "AIB", "5": "AIB", "6": "AIB", "7": "AIB", "8": "AIB", "9": "AIB", "10": "AIB", "11": "AIB", "12": "AIB", "13": "AIB", "14": "AIB", "15": "AIB", "16": "AIB", "17": "AIB", "18": "AIB", "19": "AIB", "20": "AIB", "21": "AIB", "22": "AIB", "23": "AIB", "24": "AIB", "25": "AIB", "26": "AIB", "27": "AIB", "28": "AIB", "29": "AIB", "30": "AIB", "31": "AIB", "32": "AIB", "33": "AIB", "34": "AIB", "35": "AIB", "36": "AIB", "37": "AIB", "38": "AIB", "39": "AIB", "40": "AIB", "41": "AIB", "42": "AIB", "43": "AIB", "44": "AIB", "45": "AIB", "46": "AIB", "47": "AIB", "48": "AIB", "49": "AIB", "50": "AIB", "51": "AIB", "52": "AIB", "53": "AIB", "54": "AIB", "55": "AIB", "56": "AIB", "57": "AIB", "58": "AIB", "59": "AIB", "60": "AIB", "61": "AIB", "62": "AIB", "63": "AIB", "64": "AIB", "65": "AIB", "66": "AIB", "67": "AIB", "68": "AIB", "69": "AIB", "70": "AIB", "71": "AIB", "72": "AIB", "73": "AIB", "74": "AIB", "75": "AIB", "76": "AIB", "77": "AIB", "78": "AIB", "79": "AIB", "80": "AIB", "81": "AIB", "82": "AIB", "83": "AIB", "84": "AIB", "85": "AIB", "86": "AIB", "87": "AIB", "88": "AIB", "89": "AIB", "90": "AIB", "91": "AIB", "92": "AIB", "93": "AIB", "94": "AIB", "95": "AIB", "96": "AIB", "97": "AIB", "98": "AIB", "99": "AIB", "100": "AIB", "101": "AIB", "102": "AIB", "103": "AIB", "104": "AIB", "105": "AIB", "106": "AIB", "107": "AIB", "108": "AIB", "109": "AIB", "110": "AIB", "111": "AIB", "112": "AIB", "113": "AIB", "114": "AIB", "115": "AIB", "116": "AIB", "117": "AIB", "118": "AIB", "119": "AIB", "120": "AIB", "121": "AIB", "122": "AIB", "123": "AIB", "124": "AIB", "125": "AIB", "126": "AIB", "127": "AIB", "128": "AIB", "129": "AIB", "130": "AIB", "131": "AIB", "132": "AIB", "133": "AIB", "134": "AIB", "135": "AIB", "136": "AIB", "137": "AIB", "138": "AIB", "139": "AIB", "140": "AIB", "141": "AIB", "142": "AIB", "143": "AIB", "144": "AIB", "145": "AIB", "146": "AIB", "147": "AIB", "148": "AIB", "149": "AIB", "150": "AIB", "151": "AIB", "152": "AIB", "153": "AIB", "154": "AIB", "155": "AIB", "156": "AIB", "157": "AIB", "158": "AIB", "159": "AIB", "160": "AIB", "161": "AIB", "162": "AIB", "163": "AIB", "164": "AIB", "165": "AIB", "166": "AIB", "167": "AIB", "168": "AIB", "169": "AIB", "170": "AIB", "171": "AIB", "172": "AIB", "173": "AIB", "174": "AIB", "175": "AIB", "176": "AIB", "177": "AIB", "178": "AIB", "179": "AIB", "180": "AIB", "181": "AIB", "182": "AIB", "183": "AIB", "184": "AIB", "185": "AIB", "186": "AIB", "187": "AIB", "188": "AIB", "189": "AIB", "190": "AIB", "191": "AIB", "192": "AIB", "193": "AIB", "194": "AIB", "195": "AIB", "196": "AIB", "197": "AIB", "198": "AIB", "199": "AIB", "200": "AIB", "201": "AIB", "202": "AIB", "203": "AIB", "204": "AIB", "205": "AIB", "206": "AIB", "207": "AIB", "208": "AIB", "209": "AIB", "210": "AIB", "211": "AIB", "212": "AIB", "213": "AIB", "214": "AIB", "215": "AIB", "216": "AIB", "217": "AIB", "218": "AIB", "219": "AIB", "220": "AIB", "221": "AIB", "222": "AIB", "223": "AIB", "224": "AIB", "225": "AIB", "226": "AIB", "227": "AIB", "228": "AIB", "229": "AIB", "230": "AIB", "231": "AIB", "232": "AIB", "233": "AIB", "234": "AIB", "235": "AIB", "236": "AIB", "237": "AIB", "238": "AIB", "239": "AIB", "240": "AIB", "241": "AIB", "242": "AIB", "243": "AIB", "244": "AIB", "245": "AIB", "246": "AIB", "247": "AIB", "248": "AIB", "249": "AIB", "250": "AIB", "251": "AIB", "252": "AIB", "253": "AIB", "254": "AIB", "255": "AIB", "256": "AIB", "257": "AIB", "258": "AIB", "259": "AIB", "260": "AIB", "261": "AIB", "262": "AIB", "263": "AIB", "264": "AIB", "265": "AIB", "266": "AIB", "267": "AIB", "268": "AIB", "269": "AIB", "270": "AIB", "271": "AIB", "272": "AIB", "273": "AIB", "274": "AIB", "275": "AIB", "276": "AIB", "277": "AIB", "278": "AIB", "279": "AIB", "280": "AIB", "281": "AIB", "282": "AIB", "283": "AIB", "284": "AIB", "285": "AIB", "286": "AIB", "287": "AIB", "288": "AIB", "289": "AIB", "290": "AIB", "291": "AIB", "292": "AIB", "293": "AIB", "294": "AIB", "295": "AIB", "296": "AIB", "297": "AIB", "298": "AIB", "299": "AIB", "300": "AIB", "301": "AIB", "302": "AIB", "303": "AIB", "304": "AIB", "305": "AIB", "306": "AIB", "307": "AIB", "308": "AIB", "309": "AIB", "310": "AIB", "311": "AIB", "312": "AIB", "313": "AIB", "314": "AIB", "315": "AIB", "316": "AIB", "317": "AIB", "318": "AIB", "319": "AIB", "320": "AIB", "321": "AIB", "322": "AIB", "323": "AIB", "324": "AIB", "325": "AIB", "326": "AIB", "327": "AIB", "328": "AIB", "329": "AIB", "330": "AIB", "331": "AIB", "332": "AIB", "333": "AIB", "334": "AIB", "335": "AIB", "336": "AIB", "337": "AIB", "338": "AIB"}, "date": {"0": "2022-02-23", "1": "2022-02-24", "2": "2022-02-25", "3": "2022-02-28", "4": "2022-03-01", "5": "2022-03-02", "6": "2022-03-03", "7": "2022-03-04", "8": "2022-03-07", "9": "2022-03-08", "10": "2022-03-09", "11": "2022-03-10", "12": "2022-03-11", "13": "2022-03-14", "14": "2022-03-15", "15": "2022-03-16", "16": "2022-03-17", "17": "2022-03-18", "18": "2022-03-21", "19": "2022-03-22", "20": "2022-03-23", "21": "2022-03-24", "22": "2022-03-25", "23": "2022-03-28", "24": "2022-03-29", "25": "2022-03-30", "26": "2022-03-31", "27": "2022-04-01", "28": "2022-04-04", "29": "2022-04-05", "30": "2022-04-06", "31": "2022-04-07", "32": "2022-04-08", "33": "2022-04-11", "34": "2022-04-12", "35": "2022-04-13", "36": "2022-04-14", "37": "2022-04-18", "38": "2022-04-19", "39": "2022-04-20", "40": "2022-04-21", "41": "2022-04-22", "42": "2022-04-25", "43": "2022-04-26", "44": "2022-04-27", "45": "2022-04-28", "46": "2022-04-29", "47": "2022-05-02", "48": "2022-05-03", "49": "2022-05-04", "50": "2022-05-05", "51": "2022-05-06", "52": "2022-05-09", "53": "2022-05-10", "54": "2022-05-11", "55": "2022-05-12", "56": "2022-05-13", "57": "2022-05-16", "58": "2022-05-17", "59": "2022-05-18", "60": "2022-05-19", "61": "2022-05-20", "62": "2022-05-23", "63": "2022-05-24", "64": "2022-05-25", "65": "2022-05-26", "66": "2022-05-27", "67": "2022-05-31", "68": "2022-06-01", "69": "2022-06-02", "70": "2022-06-03", "71": "2022-06-06", "72": "2022-06-07", "73": "2022-06-08", "74": "2022-06-09", "75": "2022-06-10", "76": "2022-06-13", "77": "2022-06-14", "78": "2022-06-15", "79": "2022-06-16", "80": "2022-06-17", "81": "2022-06-21", "82": "2022-06-22", "83": "2022-06-23", "84": "2022-06-24", "85": "2022-06-27", "86": "2022-06-28", "87": "2022-06-29", "88": "2022-06-30", "89": "2022-07-01", "90": "2022-07-05", "91": "2022-07-06", "92": "2022-07-07", "93": "2022-07-08", "94": "2022-07-11", "95": "2022-07-12", "96": "2022-07-13", "97": "2022-07-14", "98": "2022-07-15", "99": "2022-07-18", "100": "2022-07-19", "101": "2022-07-20", "102": "2022-07-21", "103": "2022-07-22", "104": "2022-07-25", "105": "2022-07-26", "106": "2022-07-27", "107": "2022-07-28", "108": "2022-07-29", "109": "2022-08-01", "110": "2022-08-02", "111": "2022-08-03", "112": "2022-08-04", "113": "2022-08-05", "114": "2022-08-08", "115": "2022-08-09", "116": "2022-08-10", "117": "2022-08-11", "118": "2022-08-12", "119": "2022-08-15", "120": "2022-08-16", "121": "2022-08-17", "122": "2022-08-18", "123": "2022-08-19", "124": "2022-08-22", "125": "2022-08-23", "126": "2022-08-24", "127": "2022-08-25", "128": "2022-08-26", "129": "2022-08-29", "130": "2022-08-30", "131": "2022-08-31", "132": "2022-09-01", "133": "2022-09-02", "134": "2022-09-06", "135": "2022-09-07", "136": "2022-09-08", "137": "2022-09-09", "138": "2022-09-12", "139": "2022-09-13", "140": "2022-09-14", "141": "2022-09-15", "142": "2022-09-16", "143": "2022-09-19", "144": "2022-09-20", "145": "2022-09-21", "146": "2022-09-22", "147": "2022-09-23", "148": "2022-09-26", "149": "2022-09-27", "150": "2022-09-28", "151": "2022-09-29", "152": "2022-09-30", "153": "2022-10-03", "154": "2022-10-04", "155": "2022-10-05", "156": "2022-10-06", "157": "2022-10-07", "158": "2022-10-10", "159": "2022-10-11", "160": "2022-10-12", "161": "2022-10-13", "162": "2022-10-14", "163": "2022-10-17", "164": "2022-10-18", "165": "2022-10-19", "166": "2022-10-20", "167": "2022-10-21", "168": "2022-10-24", "169": "2022-10-25", "170": "2022-10-26", "171": "2022-10-27", "172": "2022-10-28", "173": "2022-10-31", "174": "2022-11-01", "175": "2022-11-02", "176": "2022-11-03", "177": "2022-11-04", "178": "2022-11-07", "179": "2022-11-08", "180": "2022-11-09", "181": "2022-11-10", "182": "2022-11-11", "183": "2022-11-14", "184": "2022-11-15", "185": "2022-11-16", "186": "2022-11-17", "187": "2022-11-18", "188": "2022-11-21", "189": "2022-11-22", "190": "2022-11-23", "191": "2022-11-25", "192": "2022-11-28", "193": "2022-11-29", "194": "2022-11-30", "195": "2022-12-01", "196": "2022-12-02", "197": "2022-12-05", "198": "2022-12-06", "199": "2022-12-07", "200": "2022-12-08", "201": "2022-12-09", "202": "2022-12-12", "203": "2022-12-13", "204": "2022-12-14", "205": "2022-12-15", "206": "2022-12-16", "207": "2022-12-19", "208": "2022-12-20", "209": "2022-12-21", "210": "2022-12-22", "211": "2022-12-23", "212": "2022-12-27", "213": "2022-12-28", "214": "2022-12-29", "215": "2022-12-30", "216": "2023-01-03", "217": "2023-01-04", "218": "2023-01-05", "219": "2023-01-06", "220": "2023-01-09", "221": "2023-01-10", "222": "2023-01-11", "223": "2023-01-12", "224": "2023-01-13", "225": "2023-01-17", "226": "2023-01-18", "227": "2023-01-19", "228": "2023-01-20", "229": "2023-01-23", "230": "2023-01-24", "231": "2023-01-25", "232": "2023-01-26", "233": "2023-01-27", "234": "2023-01-30", "235": "2023-01-31", "236": "2023-02-01", "237": "2023-02-02", "238": "2023-02-03", "239": "2023-02-06", "240": "2023-02-07", "241": "2023-02-08", "242": "2023-02-09", "243": "2023-02-10", "244": "2023-02-13", "245": "2023-02-14", "246": "2023-02-15", "247": "2023-02-16", "248": "2023-02-17", "249": "2023-02-21", "250": "2023-02-22", "251": "2023-02-23", "252": "2023-02-24", "253": "2023-02-27", "254": "2023-02-28", "255": "2023-03-01", "256": "2023-03-02", "257": "2023-03-03", "258": "2023-03-06", "259": "2023-03-07", "260": "2023-03-08", "261": "2023-03-09", "262": "2023-03-10", "263": "2023-03-13", "264": "2023-03-14", "265": "2023-03-15", "266": "2023-03-16", "267": "2023-03-17", "268": "2023-03-20", "269": "2023-03-21", "270": "2023-03-22", "271": "2023-03-23", "272": "2023-03-24", "273": "2023-03-27", "274": "2023-03-28", "275": "2023-03-29", "276": "2023-03-30", "277": "2023-03-31", "278": "2023-04-03", "279": "2023-04-04", "280": "2023-04-05", "281": "2023-04-06", "282": "2023-04-10", "283": "2023-04-11", "284": "2023-04-12", "285": "2023-04-13", "286": "2023-04-14", "287": "2023-04-17", "288": "2023-04-18", "289": "2023-04-19", "290": "2023-04-20", "291": "2023-04-21", "292": "2023-04-24", "293": "2023-04-25", "294": "2023-04-26", "295": "2023-04-27", "296": "2023-04-28", "297": "2023-05-01", "298": "2023-05-02", "299": "2023-05-03", "300": "2023-05-04", "301": "2023-05-05", "302": "2023-05-08", "303": "2023-05-09", "304": "2023-05-10", "305": "2023-05-11", "306": "2023-05-12", "307": "2023-05-15", "308": "2023-05-16", "309": "2023-05-17", "310": "2023-05-18", "311": "2023-05-19", "312": "2023-05-22", "313": "2023-05-23", "314": "2023-05-24", "315": "2023-05-25", "316": "2023-05-26", "317": "2023-05-30", "318": "2023-05-31", "319": "2023-06-01", "320": "2023-06-02", "321": "2023-06-05", "322": "2023-06-06", "323": "2023-06-07", "324": "2023-06-08", "325": "2023-06-09", "326": "2023-06-12", "327": "2023-06-13", "328": "2023-06-14", "329": "2023-06-15", "330": "2023-06-16", "331": "2023-06-20", "332": "2023-06-21", "333": "2023-06-22", "334": "2023-06-23", "335": "2023-06-26", "336": "2023-06-27", "337": "2023-06-28", "338": "2023-06-29"}, "open": {"0": 9.819999694824219, "1": 9.819999694824219, "2": 9.829999923706055, "3": 9.859999656677246, "4": 9.869999885559082, "5": 9.859999656677246, "6": 9.869999885559082, "7": 9.869999885559082, "8": 9.869999885559082, "9": 9.850000381469727, "10": 9.869999885559082, "11": 9.880000114440918, "12": 9.880000114440918, "13": 9.880000114440918, "14": 9.890000343322754, "15": 9.880000114440918, "16": 9.869999885559082, "17": 9.869999885559082, "18": 9.869999885559082, "19": 9.869999885559082, "20": 9.869999885559082, "21": 9.880000114440918, "22": 9.880000114440918, "23": 9.859999656677246, "24": 9.850000381469727, "25": 9.890000343322754, "26": 9.880000114440918, "27": 9.880000114440918, "28": 9.90999984741211, "29": 9.899999618530273, "30": 9.899999618530273, "31": 9.899999618530273, "32": 9.899999618530273, "33": 9.899999618530273, "34": 9.904999732971191, "35": 9.90999984741211, "36": 9.899999618530273, "37": 9.899999618530273, "38": 9.920000076293945, "39": 9.9399995803833, "40": 9.9399995803833, "41": 9.934000015258789, "42": 9.934000015258789, "43": 9.934000015258789, "44": 9.9399995803833, "45": 9.9399995803833, "46": 9.9399995803833, "47": 9.9399995803833, "48": 9.9399995803833, "49": 9.9399995803833, "50": 9.9399995803833, "51": 9.9399995803833, "52": 9.9399995803833, "53": 9.9399995803833, "54": 9.930000305175781, "55": 9.930000305175781, "56": 9.90999984741211, "57": 9.899999618530273, "58": 9.899999618530273, "59": 9.899999618530273, "60": 9.899999618530273, "61": 9.892000198364258, "62": 9.892000198364258, "63": 9.892000198364258, "64": 9.890000343322754, "65": 9.899999618530273, "66": 9.930000305175781, "67": 9.930000305175781, "68": 9.930000305175781, "69": 9.930000305175781, "70": 9.930000305175781, "71": 9.930000305175781, "72": 9.930000305175781, "73": 9.930000305175781, "74": 9.930000305175781, "75": 9.930000305175781, "76": 9.930000305175781, "77": 9.930000305175781, "78": 9.925000190734863, "79": 9.930000305175781, "80": 9.930000305175781, "81": 9.930000305175781, "82": 9.90999984741211, "83": 9.90999984741211, "84": 9.90999984741211, "85": 9.90999984741211, "86": 9.930000305175781, "87": 9.9399995803833, "88": 9.9399995803833, "89": 9.9399995803833, "90": 9.930000305175781, "91": 9.930000305175781, "92": 9.930000305175781, "93": 9.930000305175781, "94": 9.930000305175781, "95": 9.9399995803833, "96": 9.9399995803833, "97": 9.9399995803833, "98": 9.9399995803833, "99": 9.9399995803833, "100": 9.9399995803833, "101": 9.9399995803833, "102": 9.9399995803833, "103": 9.9399995803833, "104": 9.9399995803833, "105": 9.9399995803833, "106": 9.970000267028809, "107": 9.970000267028809, "108": 9.970000267028809, "109": 9.970000267028809, "110": 9.989999771118164, "111": 9.989999771118164, "112": 9.989999771118164, "113": 9.989999771118164, "114": 9.989999771118164, "115": 9.979999542236328, "116": 9.979999542236328, "117": 9.989999771118164, "118": 9.989999771118164, "119": 9.989999771118164, "120": 9.979999542236328, "121": 9.979999542236328, "122": 9.979999542236328, "123": 9.979999542236328, "124": 9.979999542236328, "125": 9.979999542236328, "126": 9.979999542236328, "127": 10.010000228881836, "128": 10.0, "129": 10.0, "130": 10.039999961853027, "131": 10.039999961853027, "132": 10.039999961853027, "133": 10.039999961853027, "134": 10.010000228881836, "135": 10.010000228881836, "136": 10.039999961853027, "137": 10.02400016784668, "138": 10.02400016784668, "139": 10.02400016784668, "140": 10.020000457763672, "141": 10.020000457763672, "142": 10.020000457763672, "143": 10.100000381469727, "144": 10.100000381469727, "145": 10.100000381469727, "146": 10.100000381469727, "147": 10.039999961853027, "148": 10.539999961853027, "149": 10.039999961853027, "150": 10.039999961853027, "151": 10.039999961853027, "152": 10.050000190734863, "153": 10.050000190734863, "154": 10.069999694824219, "155": 10.050000190734863, "156": 10.0600004196167, "157": 10.0600004196167, "158": 10.201000213623047, "159": 10.201000213623047, "160": 10.201000213623047, "161": 10.201000213623047, "162": 10.201000213623047, "163": 10.201000213623047, "164": 10.079999923706055, "165": 10.09000015258789, "166": 10.09000015258789, "167": 10.079999923706055, "168": 10.079999923706055, "169": 10.079999923706055, "170": 10.079999923706055, "171": 10.079999923706055, "172": 10.079999923706055, "173": 10.100000381469727, "174": 10.079999923706055, "175": 10.079999923706055, "176": 10.109999656677246, "177": 10.109999656677246, "178": 10.100000381469727, "179": 10.109999656677246, "180": 10.109999656677246, "181": 10.130000114440918, "182": 10.130000114440918, "183": 10.135000228881836, "184": 10.130000114440918, "185": 10.130000114440918, "186": 10.130000114440918, "187": 10.130000114440918, "188": 10.130000114440918, "189": 10.14900016784668, "190": 10.15999984741211, "191": 10.15999984741211, "192": 10.15999984741211, "193": 10.170000076293945, "194": 10.170000076293945, "195": 10.170000076293945, "196": 10.170000076293945, "197": 10.170000076293945, "198": 10.170000076293945, "199": 10.170000076293945, "200": 10.170000076293945, "201": 10.170000076293945, "202": 10.170000076293945, "203": 10.180000305175781, "204": 10.180000305175781, "205": 10.170000076293945, "206": 10.170000076293945, "207": 10.170000076293945, "208": 10.170000076293945, "209": 10.170000076293945, "210": 10.1899995803833, "211": 10.204999923706055, "212": 10.199999809265137, "213": 10.199999809265137, "214": 10.199999809265137, "215": 10.199999809265137, "216": 10.229999542236328, "217": 10.229999542236328, "218": 10.229999542236328, "219": 10.25, "220": 10.25, "221": 10.260000228881836, "222": 10.270000457763672, "223": 10.350000381469727, "224": 10.270000457763672, "225": 10.345000267028809, "226": 10.300000190734863, "227": 10.300000190734863, "228": 10.300000190734863, "229": 10.300000190734863, "230": 10.319999694824219, "231": 10.380000114440918, "232": 10.399999618530273, "233": 10.420000076293945, "234": 10.399999618530273, "235": 10.420000076293945, "236": 10.40999984741211, "237": 10.420000076293945, "238": 10.420000076293945, "239": 10.420000076293945, "240": 10.420000076293945, "241": 10.420000076293945, "242": 10.40999984741211, "243": 10.399999618530273, "244": 10.3100004196167, "245": 10.380000114440918, "246": 10.380000114440918, "247": 10.380000114440918, "248": 10.380000114440918, "249": 10.380000114440918, "250": 10.380000114440918, "251": 10.380000114440918, "252": 10.420000076293945, "253": 10.430000305175781, "254": 10.484999656677246, "255": 10.460000038146973, "256": 10.470000267028809, "257": 10.470000267028809, "258": 10.5, "259": 10.630000114440918, "260": 10.449999809265137, "261": 10.62399959564209, "262": 10.479999542236328, "263": 10.598999977111816, "264": 10.470000267028809, "265": 10.751999855041504, "266": 10.751999855041504, "267": 10.491999626159668, "268": 10.470000267028809, "269": 10.5, "270": 10.489999771118164, "271": 10.489999771118164, "272": 10.489999771118164, "273": 10.489999771118164, "274": 10.5, "275": 10.5, "276": 10.5, "277": 10.5, "278": 10.5, "279": 10.5, "280": 10.5, "281": 10.5, "282": 10.5, "283": 10.510000228881836, "284": 10.510000228881836, "285": 10.510000228881836, "286": 10.520000457763672, "287": 10.520000457763672, "288": 10.529999732971191, "289": 10.548999786376953, "290": 10.550000190734863, "291": 10.550000190734863, "292": 10.550000190734863, "293": 10.550000190734863, "294": 10.609999656677246, "295": 10.59000015258789, "296": 10.609999656677246, "297": 10.630000114440918, "298": 10.630000114440918, "299": 10.630000114440918, "300": 10.5600004196167, "301": 10.579999923706055, "302": 10.59000015258789, "303": 10.59000015258789, "304": 10.59000015258789, "305": 10.59000015258789, "306": 10.59000015258789, "307": 10.569999694824219, "308": 10.569999694824219, "309": 10.600000381469727, "310": 10.600000381469727, "311": 10.649999618530273, "312": 10.619999885559082, "313": 10.619999885559082, "314": 10.770000457763672, "315": 10.725000381469727, "316": 10.779999732971191, "317": 10.8100004196167, "318": 10.8100004196167, "319": 10.8100004196167, "320": 10.8100004196167, "321": 10.772000312805176, "322": 10.779999732971191, "323": 10.75, "324": 10.75, "325": 10.75, "326": 10.75, "327": 10.812999725341797, "328": 10.75, "329": 10.819999694824219, "330": 10.829999923706055, "331": 10.829999923706055, "332": 10.829999923706055, "333": 10.880000114440918, "334": 10.880000114440918, "335": 10.880000114440918, "336": 10.85099983215332, "337": 10.850000381469727, "338": 10.850000381469727}, "high": {"0": 9.819999694824219, "1": 9.829999923706055, "2": 9.829999923706055, "3": 9.869999885559082, "4": 9.869999885559082, "5": 9.869999885559082, "6": 9.869999885559082, "7": 9.869999885559082, "8": 9.869999885559082, "9": 9.880000114440918, "10": 9.890000343322754, "11": 9.880000114440918, "12": 9.890000343322754, "13": 9.880000114440918, "14": 9.890000343322754, "15": 9.880000114440918, "16": 9.869999885559082, "17": 9.869999885559082, "18": 9.869999885559082, "19": 9.869999885559082, "20": 9.880000114440918, "21": 9.880000114440918, "22": 9.880000114440918, "23": 9.869999885559082, "24": 9.890000343322754, "25": 9.890000343322754, "26": 9.90999984741211, "27": 9.90999984741211, "28": 9.90999984741211, "29": 9.899999618530273, "30": 9.920000076293945, "31": 9.899999618530273, "32": 9.899999618530273, "33": 9.899999618530273, "34": 9.904999732971191, "35": 9.90999984741211, "36": 9.899999618530273, "37": 9.899999618530273, "38": 9.930000305175781, "39": 9.9399995803833, "40": 9.960000038146973, "41": 9.934000015258789, "42": 9.934000015258789, "43": 9.934000015258789, "44": 9.9399995803833, "45": 9.9399995803833, "46": 9.9399995803833, "47": 9.949999809265137, "48": 9.9399995803833, "49": 9.9399995803833, "50": 9.9399995803833, "51": 9.9399995803833, "52": 9.9399995803833, "53": 9.9399995803833, "54": 9.930000305175781, "55": 9.930000305175781, "56": 9.90999984741211, "57": 9.899999618530273, "58": 9.899999618530273, "59": 9.899999618530273, "60": 9.899999618530273, "61": 9.892000198364258, "62": 9.892000198364258, "63": 9.892000198364258, "64": 9.899999618530273, "65": 9.899999618530273, "66": 9.930000305175781, "67": 9.930000305175781, "68": 9.930000305175781, "69": 9.930000305175781, "70": 9.930000305175781, "71": 9.930000305175781, "72": 9.930000305175781, "73": 9.930000305175781, "74": 9.930000305175781, "75": 9.930000305175781, "76": 9.930000305175781, "77": 9.930000305175781, "78": 9.930000305175781, "79": 9.930000305175781, "80": 9.930000305175781, "81": 9.930000305175781, "82": 9.90999984741211, "83": 9.90999984741211, "84": 9.90999984741211, "85": 9.90999984741211, "86": 9.9399995803833, "87": 9.9399995803833, "88": 9.9399995803833, "89": 9.9399995803833, "90": 9.930000305175781, "91": 9.930000305175781, "92": 9.930000305175781, "93": 9.930000305175781, "94": 9.930000305175781, "95": 9.9399995803833, "96": 9.9399995803833, "97": 9.9399995803833, "98": 9.9399995803833, "99": 9.9399995803833, "100": 9.9399995803833, "101": 9.9399995803833, "102": 9.9399995803833, "103": 9.9399995803833, "104": 9.9399995803833, "105": 9.9399995803833, "106": 9.970000267028809, "107": 9.970000267028809, "108": 9.970000267028809, "109": 9.970000267028809, "110": 9.989999771118164, "111": 9.989999771118164, "112": 9.989999771118164, "113": 9.989999771118164, "114": 9.989999771118164, "115": 9.979999542236328, "116": 9.989999771118164, "117": 9.989999771118164, "118": 9.989999771118164, "119": 9.989999771118164, "120": 9.979999542236328, "121": 9.979999542236328, "122": 9.979999542236328, "123": 9.979999542236328, "124": 9.979999542236328, "125": 9.979999542236328, "126": 9.979999542236328, "127": 10.010000228881836, "128": 10.0, "129": 10.039999961853027, "130": 10.039999961853027, "131": 10.039999961853027, "132": 10.039999961853027, "133": 10.039999961853027, "134": 10.020000457763672, "135": 10.010000228881836, "136": 10.039999961853027, "137": 10.02400016784668, "138": 10.02400016784668, "139": 10.02400016784668, "140": 10.020000457763672, "141": 10.020000457763672, "142": 10.020000457763672, "143": 10.100000381469727, "144": 10.100000381469727, "145": 10.100000381469727, "146": 10.100000381469727, "147": 10.039999961853027, "148": 10.539999961853027, "149": 10.039999961853027, "150": 10.039999961853027, "151": 10.050000190734863, "152": 10.050000190734863, "153": 10.050000190734863, "154": 10.069999694824219, "155": 10.050000190734863, "156": 10.0600004196167, "157": 10.0600004196167, "158": 10.201000213623047, "159": 10.201000213623047, "160": 10.201000213623047, "161": 10.201000213623047, "162": 10.201000213623047, "163": 10.201000213623047, "164": 10.079999923706055, "165": 10.09000015258789, "166": 10.09000015258789, "167": 10.09000015258789, "168": 10.079999923706055, "169": 10.079999923706055, "170": 10.079999923706055, "171": 10.079999923706055, "172": 10.079999923706055, "173": 10.100000381469727, "174": 10.079999923706055, "175": 10.100000381469727, "176": 10.109999656677246, "177": 10.109999656677246, "178": 10.100000381469727, "179": 10.109999656677246, "180": 10.109999656677246, "181": 10.130000114440918, "182": 10.130000114440918, "183": 10.135000228881836, "184": 10.130000114440918, "185": 10.130000114440918, "186": 10.130000114440918, "187": 10.130000114440918, "188": 10.130000114440918, "189": 10.149999618530273, "190": 10.15999984741211, "191": 10.15999984741211, "192": 10.15999984741211, "193": 10.170000076293945, "194": 10.170000076293945, "195": 10.170000076293945, "196": 10.170000076293945, "197": 10.170000076293945, "198": 10.170000076293945, "199": 10.170000076293945, "200": 10.170000076293945, "201": 10.170000076293945, "202": 10.180000305175781, "203": 10.180000305175781, "204": 10.180000305175781, "205": 10.180000305175781, "206": 10.170000076293945, "207": 10.170000076293945, "208": 10.170000076293945, "209": 10.170000076293945, "210": 10.1899995803833, "211": 10.204999923706055, "212": 10.199999809265137, "213": 10.199999809265137, "214": 10.199999809265137, "215": 10.199999809265137, "216": 10.229999542236328, "217": 10.229999542236328, "218": 10.229999542236328, "219": 10.25, "220": 10.420000076293945, "221": 10.270000457763672, "222": 10.270000457763672, "223": 10.350000381469727, "224": 10.270000457763672, "225": 10.765000343322754, "226": 10.449999809265137, "227": 10.300000190734863, "228": 10.300000190734863, "229": 10.300000190734863, "230": 10.399999618530273, "231": 10.380000114440918, "232": 10.425000190734863, "233": 10.420000076293945, "234": 10.399999618530273, "235": 10.420000076293945, "236": 10.420000076293945, "237": 10.420000076293945, "238": 10.420000076293945, "239": 10.420000076293945, "240": 10.420000076293945, "241": 10.420000076293945, "242": 10.40999984741211, "243": 10.399999618530273, "244": 10.380000114440918, "245": 10.380000114440918, "246": 10.380000114440918, "247": 10.380000114440918, "248": 10.380000114440918, "249": 10.380000114440918, "250": 10.380000114440918, "251": 10.380000114440918, "252": 10.420000076293945, "253": 10.489999771118164, "254": 10.5, "255": 10.470000267028809, "256": 10.470000267028809, "257": 10.470000267028809, "258": 10.5, "259": 10.979999542236328, "260": 10.489999771118164, "261": 10.960000038146973, "262": 11.027999877929688, "263": 10.937999725341797, "264": 10.774999618530273, "265": 11.069999694824219, "266": 11.152000427246094, "267": 10.5, "268": 10.491999626159668, "269": 10.503999710083008, "270": 10.489999771118164, "271": 10.489999771118164, "272": 10.491000175476074, "273": 10.520000457763672, "274": 10.5, "275": 10.5, "276": 10.5, "277": 10.5, "278": 10.5, "279": 10.5, "280": 10.5, "281": 10.5, "282": 10.5, "283": 10.510000228881836, "284": 10.510000228881836, "285": 10.510000228881836, "286": 10.520000457763672, "287": 10.520000457763672, "288": 10.529999732971191, "289": 10.5600004196167, "290": 10.550000190734863, "291": 10.550000190734863, "292": 10.550000190734863, "293": 10.550000190734863, "294": 10.609999656677246, "295": 10.609999656677246, "296": 10.609999656677246, "297": 10.630000114440918, "298": 10.630000114440918, "299": 10.630000114440918, "300": 10.569999694824219, "301": 10.59000015258789, "302": 10.59000015258789, "303": 10.59000015258789, "304": 10.59000015258789, "305": 10.59000015258789, "306": 10.59000015258789, "307": 10.569999694824219, "308": 10.569999694824219, "309": 10.600000381469727, "310": 10.600000381469727, "311": 10.649999618530273, "312": 10.619999885559082, "313": 10.619999885559082, "314": 10.779999732971191, "315": 10.725000381469727, "316": 10.8100004196167, "317": 10.8100004196167, "318": 10.8100004196167, "319": 10.8100004196167, "320": 10.8100004196167, "321": 10.819999694824219, "322": 10.779999732971191, "323": 10.75, "324": 10.75, "325": 10.75, "326": 10.75, "327": 10.812999725341797, "328": 10.75, "329": 10.829999923706055, "330": 10.829999923706055, "331": 10.829999923706055, "332": 10.829999923706055, "333": 10.880000114440918, "334": 10.880000114440918, "335": 10.880000114440918, "336": 10.85099983215332, "337": 10.850000381469727, "338": 10.850000381469727}, "low": {"0": 9.819999694824219, "1": 9.770000457763672, "2": 9.829999923706055, "3": 9.859999656677246, "4": 9.869999885559082, "5": 9.850000381469727, "6": 9.859999656677246, "7": 9.850000381469727, "8": 9.869999885559082, "9": 9.850000381469727, "10": 9.869999885559082, "11": 9.869999885559082, "12": 9.880000114440918, "13": 9.880000114440918, "14": 9.880000114440918, "15": 9.869999885559082, "16": 9.869999885559082, "17": 9.869999885559082, "18": 9.869999885559082, "19": 9.869999885559082, "20": 9.869999885559082, "21": 9.880000114440918, "22": 9.880000114440918, "23": 9.850000381469727, "24": 9.850000381469727, "25": 9.890000343322754, "26": 9.880000114440918, "27": 9.880000114440918, "28": 9.899999618530273, "29": 9.899999618530273, "30": 9.899999618530273, "31": 9.899999618530273, "32": 9.899999618530273, "33": 9.899999618530273, "34": 9.899999618530273, "35": 9.899999618530273, "36": 9.899999618530273, "37": 9.899999618530273, "38": 9.920000076293945, "39": 9.9399995803833, "40": 9.9399995803833, "41": 9.934000015258789, "42": 9.934000015258789, "43": 9.934000015258789, "44": 9.9399995803833, "45": 9.930000305175781, "46": 9.9399995803833, "47": 9.930000305175781, "48": 9.9399995803833, "49": 9.9399995803833, "50": 9.9399995803833, "51": 9.9399995803833, "52": 9.9399995803833, "53": 9.9399995803833, "54": 9.930000305175781, "55": 9.920000076293945, "56": 9.890000343322754, "57": 9.899999618530273, "58": 9.899999618530273, "59": 9.899999618530273, "60": 9.899999618530273, "61": 9.892000198364258, "62": 9.892000198364258, "63": 9.892000198364258, "64": 9.890000343322754, "65": 9.899999618530273, "66": 9.930000305175781, "67": 9.930000305175781, "68": 9.930000305175781, "69": 9.930000305175781, "70": 9.930000305175781, "71": 9.930000305175781, "72": 9.930000305175781, "73": 9.930000305175781, "74": 9.930000305175781, "75": 9.930000305175781, "76": 9.930000305175781, "77": 9.930000305175781, "78": 9.925000190734863, "79": 9.930000305175781, "80": 9.930000305175781, "81": 9.930000305175781, "82": 9.90999984741211, "83": 9.90999984741211, "84": 9.90999984741211, "85": 9.90999984741211, "86": 9.930000305175781, "87": 9.9399995803833, "88": 9.9399995803833, "89": 9.9399995803833, "90": 9.930000305175781, "91": 9.930000305175781, "92": 9.930000305175781, "93": 9.930000305175781, "94": 9.930000305175781, "95": 9.9399995803833, "96": 9.9399995803833, "97": 9.9399995803833, "98": 9.9399995803833, "99": 9.9399995803833, "100": 9.9399995803833, "101": 9.9399995803833, "102": 9.9399995803833, "103": 9.9399995803833, "104": 9.9399995803833, "105": 9.9399995803833, "106": 9.970000267028809, "107": 9.970000267028809, "108": 9.970000267028809, "109": 9.970000267028809, "110": 9.989999771118164, "111": 9.989999771118164, "112": 9.989999771118164, "113": 9.989999771118164, "114": 9.989999771118164, "115": 9.979999542236328, "116": 9.979999542236328, "117": 9.989999771118164, "118": 9.989999771118164, "119": 9.979999542236328, "120": 9.979999542236328, "121": 9.979999542236328, "122": 9.979999542236328, "123": 9.979999542236328, "124": 9.979999542236328, "125": 9.979999542236328, "126": 9.979999542236328, "127": 10.0, "128": 9.989999771118164, "129": 10.0, "130": 10.039999961853027, "131": 10.039999961853027, "132": 10.039999961853027, "133": 10.039999961853027, "134": 10.010000228881836, "135": 10.0, "136": 10.039999961853027, "137": 10.02400016784668, "138": 10.02400016784668, "139": 10.02400016784668, "140": 10.020000457763672, "141": 10.020000457763672, "142": 10.020000457763672, "143": 10.100000381469727, "144": 10.100000381469727, "145": 10.100000381469727, "146": 10.100000381469727, "147": 10.039999961853027, "148": 10.039999961853027, "149": 10.039999961853027, "150": 10.039999961853027, "151": 10.039999961853027, "152": 10.050000190734863, "153": 10.050000190734863, "154": 10.050000190734863, "155": 10.050000190734863, "156": 10.0600004196167, "157": 10.0600004196167, "158": 10.201000213623047, "159": 10.201000213623047, "160": 10.201000213623047, "161": 10.201000213623047, "162": 10.201000213623047, "163": 10.201000213623047, "164": 10.079999923706055, "165": 10.09000015258789, "166": 10.09000015258789, "167": 10.079999923706055, "168": 10.079999923706055, "169": 10.079999923706055, "170": 10.079999923706055, "171": 10.079999923706055, "172": 10.079999923706055, "173": 10.079999923706055, "174": 10.079999923706055, "175": 10.079999923706055, "176": 10.109999656677246, "177": 10.109999656677246, "178": 10.100000381469727, "179": 10.109999656677246, "180": 10.109999656677246, "181": 10.130000114440918, "182": 10.130000114440918, "183": 10.135000228881836, "184": 10.130000114440918, "185": 10.130000114440918, "186": 10.130000114440918, "187": 10.130000114440918, "188": 10.130000114440918, "189": 10.14900016784668, "190": 10.15999984741211, "191": 10.15999984741211, "192": 10.15999984741211, "193": 10.170000076293945, "194": 10.170000076293945, "195": 10.170000076293945, "196": 10.170000076293945, "197": 10.170000076293945, "198": 10.170000076293945, "199": 10.170000076293945, "200": 10.170000076293945, "201": 10.170000076293945, "202": 10.170000076293945, "203": 10.180000305175781, "204": 10.180000305175781, "205": 10.170000076293945, "206": 10.170000076293945, "207": 10.170000076293945, "208": 10.170000076293945, "209": 10.170000076293945, "210": 10.1899995803833, "211": 10.199999809265137, "212": 10.199999809265137, "213": 10.199999809265137, "214": 10.199999809265137, "215": 10.199999809265137, "216": 10.229999542236328, "217": 10.229999542236328, "218": 10.229999542236328, "219": 10.239999771118164, "220": 10.244999885559082, "221": 10.25, "222": 10.260000228881836, "223": 10.279999732971191, "224": 10.270000457763672, "225": 10.270000457763672, "226": 10.300000190734863, "227": 10.300000190734863, "228": 10.300000190734863, "229": 10.300000190734863, "230": 10.319999694824219, "231": 10.380000114440918, "232": 10.399999618530273, "233": 10.390000343322754, "234": 10.399999618530273, "235": 10.399999618530273, "236": 10.40999984741211, "237": 10.420000076293945, "238": 10.420000076293945, "239": 10.420000076293945, "240": 10.420000076293945, "241": 10.420000076293945, "242": 10.40999984741211, "243": 10.399999618530273, "244": 10.3100004196167, "245": 10.380000114440918, "246": 10.380000114440918, "247": 10.380000114440918, "248": 10.380000114440918, "249": 10.380000114440918, "250": 10.380000114440918, "251": 10.380000114440918, "252": 10.420000076293945, "253": 10.430000305175781, "254": 10.484999656677246, "255": 10.460000038146973, "256": 10.470000267028809, "257": 10.470000267028809, "258": 10.484999656677246, "259": 10.4399995803833, "260": 10.4399995803833, "261": 10.460000038146973, "262": 10.470000267028809, "263": 10.470000267028809, "264": 10.470000267028809, "265": 10.470000267028809, "266": 10.470000267028809, "267": 10.470000267028809, "268": 10.470000267028809, "269": 10.489999771118164, "270": 10.489999771118164, "271": 10.489999771118164, "272": 10.489999771118164, "273": 10.489999771118164, "274": 10.5, "275": 10.5, "276": 10.5, "277": 10.5, "278": 10.5, "279": 10.5, "280": 10.5, "281": 10.5, "282": 10.5, "283": 10.510000228881836, "284": 10.510000228881836, "285": 10.510000228881836, "286": 10.520000457763672, "287": 10.520000457763672, "288": 10.529999732971191, "289": 10.545000076293945, "290": 10.550000190734863, "291": 10.550000190734863, "292": 10.550000190734863, "293": 10.550000190734863, "294": 10.609999656677246, "295": 10.59000015258789, "296": 10.609999656677246, "297": 10.630000114440918, "298": 10.630000114440918, "299": 10.630000114440918, "300": 10.5600004196167, "301": 10.579999923706055, "302": 10.59000015258789, "303": 10.59000015258789, "304": 10.59000015258789, "305": 10.59000015258789, "306": 10.59000015258789, "307": 10.569999694824219, "308": 10.569999694824219, "309": 10.600000381469727, "310": 10.600000381469727, "311": 10.619999885559082, "312": 10.619999885559082, "313": 10.619999885559082, "314": 10.65999984741211, "315": 10.725000381469727, "316": 10.699999809265137, "317": 10.8100004196167, "318": 10.8100004196167, "319": 10.8100004196167, "320": 10.8100004196167, "321": 10.739999771118164, "322": 10.779999732971191, "323": 10.75, "324": 10.75, "325": 10.75, "326": 10.75, "327": 10.75, "328": 10.75, "329": 10.819999694824219, "330": 10.829999923706055, "331": 10.829999923706055, "332": 10.829999923706055, "333": 10.880000114440918, "334": 10.880000114440918, "335": 10.880000114440918, "336": 10.85099983215332, "337": 10.850000381469727, "338": 10.835000038146973}, "close": {"0": 9.819999694824219, "1": 9.800000190734863, "2": 9.829999923706055, "3": 9.869999885559082, "4": 9.869999885559082, "5": 9.859999656677246, "6": 9.859999656677246, "7": 9.864999771118164, "8": 9.869999885559082, "9": 9.869999885559082, "10": 9.880000114440918, "11": 9.880000114440918, "12": 9.880000114440918, "13": 9.880000114440918, "14": 9.880000114440918, "15": 9.869999885559082, "16": 9.869999885559082, "17": 9.869999885559082, "18": 9.869999885559082, "19": 9.869999885559082, "20": 9.880000114440918, "21": 9.880000114440918, "22": 9.880000114440918, "23": 9.850000381469727, "24": 9.890000343322754, "25": 9.890000343322754, "26": 9.880000114440918, "27": 9.90999984741211, "28": 9.899999618530273, "29": 9.899999618530273, "30": 9.899999618530273, "31": 9.899999618530273, "32": 9.899999618530273, "33": 9.899999618530273, "34": 9.899999618530273, "35": 9.899999618530273, "36": 9.899999618530273, "37": 9.899999618530273, "38": 9.930000305175781, "39": 9.9399995803833, "40": 9.960000038146973, "41": 9.934000015258789, "42": 9.934000015258789, "43": 9.934000015258789, "44": 9.9399995803833, "45": 9.9399995803833, "46": 9.9399995803833, "47": 9.949999809265137, "48": 9.9399995803833, "49": 9.9399995803833, "50": 9.9399995803833, "51": 9.9399995803833, "52": 9.9399995803833, "53": 9.9399995803833, "54": 9.930000305175781, "55": 9.920000076293945, "56": 9.890000343322754, "57": 9.899999618530273, "58": 9.899999618530273, "59": 9.899999618530273, "60": 9.899999618530273, "61": 9.892000198364258, "62": 9.892000198364258, "63": 9.892000198364258, "64": 9.899999618530273, "65": 9.899999618530273, "66": 9.930000305175781, "67": 9.930000305175781, "68": 9.930000305175781, "69": 9.930000305175781, "70": 9.930000305175781, "71": 9.930000305175781, "72": 9.930000305175781, "73": 9.930000305175781, "74": 9.930000305175781, "75": 9.930000305175781, "76": 9.930000305175781, "77": 9.930000305175781, "78": 9.930000305175781, "79": 9.930000305175781, "80": 9.930000305175781, "81": 9.930000305175781, "82": 9.90999984741211, "83": 9.90999984741211, "84": 9.90999984741211, "85": 9.90999984741211, "86": 9.9399995803833, "87": 9.9399995803833, "88": 9.9399995803833, "89": 9.9399995803833, "90": 9.930000305175781, "91": 9.930000305175781, "92": 9.930000305175781, "93": 9.930000305175781, "94": 9.930000305175781, "95": 9.9399995803833, "96": 9.9399995803833, "97": 9.9399995803833, "98": 9.9399995803833, "99": 9.9399995803833, "100": 9.9399995803833, "101": 9.9399995803833, "102": 9.9399995803833, "103": 9.9399995803833, "104": 9.9399995803833, "105": 9.9399995803833, "106": 9.970000267028809, "107": 9.970000267028809, "108": 9.970000267028809, "109": 9.970000267028809, "110": 9.989999771118164, "111": 9.989999771118164, "112": 9.989999771118164, "113": 9.989999771118164, "114": 9.989999771118164, "115": 9.979999542236328, "116": 9.989999771118164, "117": 9.989999771118164, "118": 9.989999771118164, "119": 9.979999542236328, "120": 9.979999542236328, "121": 9.979999542236328, "122": 9.979999542236328, "123": 9.979999542236328, "124": 9.979999542236328, "125": 9.979999542236328, "126": 9.979999542236328, "127": 10.0, "128": 10.0, "129": 10.039999961853027, "130": 10.039999961853027, "131": 10.039999961853027, "132": 10.039999961853027, "133": 10.039999961853027, "134": 10.020000457763672, "135": 10.010000228881836, "136": 10.039999961853027, "137": 10.02400016784668, "138": 10.02400016784668, "139": 10.02400016784668, "140": 10.020000457763672, "141": 10.020000457763672, "142": 10.020000457763672, "143": 10.100000381469727, "144": 10.100000381469727, "145": 10.100000381469727, "146": 10.100000381469727, "147": 10.039999961853027, "148": 10.039999961853027, "149": 10.039999961853027, "150": 10.039999961853027, "151": 10.050000190734863, "152": 10.050000190734863, "153": 10.050000190734863, "154": 10.050000190734863, "155": 10.050000190734863, "156": 10.0600004196167, "157": 10.0600004196167, "158": 10.201000213623047, "159": 10.201000213623047, "160": 10.201000213623047, "161": 10.201000213623047, "162": 10.201000213623047, "163": 10.201000213623047, "164": 10.079999923706055, "165": 10.09000015258789, "166": 10.09000015258789, "167": 10.079999923706055, "168": 10.079999923706055, "169": 10.079999923706055, "170": 10.079999923706055, "171": 10.079999923706055, "172": 10.079999923706055, "173": 10.079999923706055, "174": 10.079999923706055, "175": 10.100000381469727, "176": 10.109999656677246, "177": 10.109999656677246, "178": 10.100000381469727, "179": 10.109999656677246, "180": 10.109999656677246, "181": 10.130000114440918, "182": 10.130000114440918, "183": 10.135000228881836, "184": 10.130000114440918, "185": 10.130000114440918, "186": 10.130000114440918, "187": 10.130000114440918, "188": 10.130000114440918, "189": 10.149999618530273, "190": 10.15999984741211, "191": 10.15999984741211, "192": 10.15999984741211, "193": 10.170000076293945, "194": 10.170000076293945, "195": 10.170000076293945, "196": 10.170000076293945, "197": 10.170000076293945, "198": 10.170000076293945, "199": 10.170000076293945, "200": 10.170000076293945, "201": 10.170000076293945, "202": 10.180000305175781, "203": 10.180000305175781, "204": 10.180000305175781, "205": 10.180000305175781, "206": 10.170000076293945, "207": 10.170000076293945, "208": 10.170000076293945, "209": 10.170000076293945, "210": 10.1899995803833, "211": 10.199999809265137, "212": 10.199999809265137, "213": 10.199999809265137, "214": 10.199999809265137, "215": 10.199999809265137, "216": 10.229999542236328, "217": 10.229999542236328, "218": 10.229999542236328, "219": 10.239999771118164, "220": 10.260000228881836, "221": 10.265000343322754, "222": 10.260000228881836, "223": 10.281000137329102, "224": 10.270000457763672, "225": 10.5, "226": 10.359999656677246, "227": 10.300000190734863, "228": 10.300000190734863, "229": 10.300000190734863, "230": 10.399999618530273, "231": 10.380000114440918, "232": 10.420000076293945, "233": 10.399999618530273, "234": 10.399999618530273, "235": 10.399999618530273, "236": 10.420000076293945, "237": 10.420000076293945, "238": 10.420000076293945, "239": 10.420000076293945, "240": 10.420000076293945, "241": 10.420000076293945, "242": 10.40999984741211, "243": 10.399999618530273, "244": 10.380000114440918, "245": 10.380000114440918, "246": 10.380000114440918, "247": 10.380000114440918, "248": 10.380000114440918, "249": 10.380000114440918, "250": 10.380000114440918, "251": 10.380000114440918, "252": 10.420000076293945, "253": 10.4399995803833, "254": 10.489999771118164, "255": 10.470000267028809, "256": 10.470000267028809, "257": 10.470000267028809, "258": 10.5, "259": 10.460000038146973, "260": 10.470000267028809, "261": 10.510000228881836, "262": 10.520000457763672, "263": 10.520000457763672, "264": 10.5, "265": 10.470000267028809, "266": 10.5, "267": 10.470000267028809, "268": 10.491999626159668, "269": 10.5, "270": 10.489999771118164, "271": 10.489999771118164, "272": 10.489999771118164, "273": 10.5, "274": 10.5, "275": 10.5, "276": 10.5, "277": 10.5, "278": 10.5, "279": 10.5, "280": 10.5, "281": 10.5, "282": 10.5, "283": 10.510000228881836, "284": 10.510000228881836, "285": 10.510000228881836, "286": 10.520000457763672, "287": 10.520000457763672, "288": 10.529999732971191, "289": 10.550000190734863, "290": 10.550000190734863, "291": 10.550000190734863, "292": 10.550000190734863, "293": 10.550000190734863, "294": 10.609999656677246, "295": 10.609999656677246, "296": 10.609999656677246, "297": 10.630000114440918, "298": 10.630000114440918, "299": 10.630000114440918, "300": 10.569999694824219, "301": 10.59000015258789, "302": 10.59000015258789, "303": 10.59000015258789, "304": 10.59000015258789, "305": 10.59000015258789, "306": 10.59000015258789, "307": 10.569999694824219, "308": 10.569999694824219, "309": 10.600000381469727, "310": 10.600000381469727, "311": 10.619999885559082, "312": 10.619999885559082, "313": 10.619999885559082, "314": 10.725000381469727, "315": 10.725000381469727, "316": 10.8100004196167, "317": 10.8100004196167, "318": 10.8100004196167, "319": 10.8100004196167, "320": 10.8100004196167, "321": 10.779999732971191, "322": 10.779999732971191, "323": 10.75, "324": 10.75, "325": 10.75, "326": 10.75, "327": 10.75, "328": 10.75, "329": 10.829999923706055, "330": 10.829999923706055, "331": 10.829999923706055, "332": 10.829999923706055, "333": 10.880000114440918, "334": 10.880000114440918, "335": 10.880000114440918, "336": 10.85099983215332, "337": 10.850000381469727, "338": 10.84000015258789}, "volume": {"0": 35000, "1": 716500, "2": 592500, "3": 7200, "4": 0, "5": 55100, "6": 108500, "7": 92200, "8": 1500, "9": 201600, "10": 101600, "11": 50900, "12": 146300, "13": 16100, "14": 247600, "15": 20100, "16": 700, "17": 109000, "18": 0, "19": 0, "20": 7700, "21": 1500, "22": 100, "23": 39400, "24": 2500, "25": 0, "26": 60700, "27": 2100, "28": 1300, "29": 0, "30": 25900, "31": 0, "32": 0, "33": 0, "34": 141700, "35": 21700, "36": 1000, "37": 0, "38": 11000, "39": 10000, "40": 6100, "41": 100, "42": 0, "43": 0, "44": 1000, "45": 10200, "46": 0, "47": 20100, "48": 358000, "49": 51800, "50": 0, "51": 0, "52": 10000, "53": 0, "54": 1000, "55": 210000, "56": 82300, "57": 10000, "58": 0, "59": 0, "60": 0, "61": 1500, "62": 0, "63": 0, "64": 1500, "65": 0, "66": 300, "67": 0, "68": 0, "69": 0, "70": 0, "71": 0, "72": 0, "73": 0, "74": 0, "75": 0, "76": 1400, "77": 0, "78": 1200, "79": 0, "80": 0, "81": 0, "82": 100, "83": 0, "84": 0, "85": 0, "86": 2500, "87": 0, "88": 0, "89": 0, "90": 300, "91": 0, "92": 1700, "93": 2100, "94": 0, "95": 100, "96": 293100, "97": 0, "98": 2000, "99": 0, "100": 0, "101": 0, "102": 0, "103": 0, "104": 0, "105": 0, "106": 1000, "107": 0, "108": 0, "109": 0, "110": 200, "111": 0, "112": 23500, "113": 10100, "114": 0, "115": 79500, "116": 400, "117": 100, "118": 0, "119": 6700, "120": 100, "121": 0, "122": 0, "123": 0, "124": 0, "125": 0, "126": 0, "127": 3000, "128": 22100, "129": 20300, "130": 0, "131": 0, "132": 0, "133": 0, "134": 600, "135": 21900, "136": 600, "137": 2000, "138": 0, "139": 0, "140": 35000, "141": 0, "142": 0, "143": 1300, "144": 0, "145": 0, "146": 0, "147": 100, "148": 3800, "149": 0, "150": 8200, "151": 16700, "152": 0, "153": 0, "154": 400, "155": 0, "156": 1500, "157": 0, "158": 200, "159": 0, "160": 0, "161": 0, "162": 100, "163": 160000, "164": 200, "165": 11400, "166": 0, "167": 39600, "168": 700, "169": 200, "170": 0, "171": 0, "172": 0, "173": 30200, "174": 100, "175": 6500, "176": 40000, "177": 0, "178": 1400, "179": 60000, "180": 4000, "181": 9400, "182": 0, "183": 388200, "184": 2200, "185": 0, "186": 200, "187": 0, "188": 0, "189": 2500, "190": 400, "191": 0, "192": 0, "193": 1300, "194": 0, "195": 0, "196": 10000, "197": 100, "198": 0, "199": 0, "200": 0, "201": 0, "202": 1000, "203": 300, "204": 100, "205": 1300, "206": 6000, "207": 0, "208": 0, "209": 0, "210": 2100, "211": 9600, "212": 9200, "213": 0, "214": 2200, "215": 100, "216": 9200, "217": 0, "218": 0, "219": 33900, "220": 46800, "221": 44700, "222": 4700, "223": 11100, "224": 4500, "225": 25100, "226": 1000, "227": 1000, "228": 0, "229": 0, "230": 11300, "231": 100, "232": 1100, "233": 82500, "234": 0, "235": 1100, "236": 20700, "237": 0, "238": 0, "239": 0, "240": 0, "241": 0, "242": 100, "243": 1000, "244": 800, "245": 0, "246": 0, "247": 0, "248": 100, "249": 0, "250": 100, "251": 100, "252": 20700, "253": 1600, "254": 25700, "255": 1000, "256": 0, "257": 0, "258": 4900, "259": 4600, "260": 9200, "261": 21900, "262": 11100, "263": 26400, "264": 22700, "265": 12600, "266": 24900, "267": 50000, "268": 21300, "269": 4500, "270": 400, "271": 0, "272": 900, "273": 13100, "274": 0, "275": 0, "276": 100, "277": 0, "278": 0, "279": 0, "280": 100, "281": 100, "282": 0, "283": 1500, "284": 600, "285": 0, "286": 300, "287": 0, "288": 300, "289": 10900, "290": 0, "291": 0, "292": 0, "293": 0, "294": 200, "295": 800, "296": 0, "297": 1400, "298": 0, "299": 100, "300": 2500, "301": 1900, "302": 0, "303": 0, "304": 0, "305": 0, "306": 0, "307": 200, "308": 0, "309": 1500, "310": 0, "311": 5200, "312": 0, "313": 0, "314": 1100, "315": 0, "316": 1800, "317": 100, "318": 0, "319": 0, "320": 0, "321": 10200, "322": 0, "323": 100, "324": 0, "325": 0, "326": 0, "327": 2200, "328": 0, "329": 1800, "330": 0, "331": 0, "332": 1200, "333": 700, "334": 0, "335": 0, "336": 2000, "337": 100, "338": 29700}, "adjclose": {"0": 9.819999694824219, "1": 9.800000190734863, "2": 9.829999923706055, "3": 9.869999885559082, "4": 9.869999885559082, "5": 9.859999656677246, "6": 9.859999656677246, "7": 9.864999771118164, "8": 9.869999885559082, "9": 9.869999885559082, "10": 9.880000114440918, "11": 9.880000114440918, "12": 9.880000114440918, "13": 9.880000114440918, "14": 9.880000114440918, "15": 9.869999885559082, "16": 9.869999885559082, "17": 9.869999885559082, "18": 9.869999885559082, "19": 9.869999885559082, "20": 9.880000114440918, "21": 9.880000114440918, "22": 9.880000114440918, "23": 9.850000381469727, "24": 9.890000343322754, "25": 9.890000343322754, "26": 9.880000114440918, "27": 9.90999984741211, "28": 9.899999618530273, "29": 9.899999618530273, "30": 9.899999618530273, "31": 9.899999618530273, "32": 9.899999618530273, "33": 9.899999618530273, "34": 9.899999618530273, "35": 9.899999618530273, "36": 9.899999618530273, "37": 9.899999618530273, "38": 9.930000305175781, "39": 9.9399995803833, "40": 9.960000038146973, "41": 9.934000015258789, "42": 9.934000015258789, "43": 9.934000015258789, "44": 9.9399995803833, "45": 9.9399995803833, "46": 9.9399995803833, "47": 9.949999809265137, "48": 9.9399995803833, "49": 9.9399995803833, "50": 9.9399995803833, "51": 9.9399995803833, "52": 9.9399995803833, "53": 9.9399995803833, "54": 9.930000305175781, "55": 9.920000076293945, "56": 9.890000343322754, "57": 9.899999618530273, "58": 9.899999618530273, "59": 9.899999618530273, "60": 9.899999618530273, "61": 9.892000198364258, "62": 9.892000198364258, "63": 9.892000198364258, "64": 9.899999618530273, "65": 9.899999618530273, "66": 9.930000305175781, "67": 9.930000305175781, "68": 9.930000305175781, "69": 9.930000305175781, "70": 9.930000305175781, "71": 9.930000305175781, "72": 9.930000305175781, "73": 9.930000305175781, "74": 9.930000305175781, "75": 9.930000305175781, "76": 9.930000305175781, "77": 9.930000305175781, "78": 9.930000305175781, "79": 9.930000305175781, "80": 9.930000305175781, "81": 9.930000305175781, "82": 9.90999984741211, "83": 9.90999984741211, "84": 9.90999984741211, "85": 9.90999984741211, "86": 9.9399995803833, "87": 9.9399995803833, "88": 9.9399995803833, "89": 9.9399995803833, "90": 9.930000305175781, "91": 9.930000305175781, "92": 9.930000305175781, "93": 9.930000305175781, "94": 9.930000305175781, "95": 9.9399995803833, "96": 9.9399995803833, "97": 9.9399995803833, "98": 9.9399995803833, "99": 9.9399995803833, "100": 9.9399995803833, "101": 9.9399995803833, "102": 9.9399995803833, "103": 9.9399995803833, "104": 9.9399995803833, "105": 9.9399995803833, "106": 9.970000267028809, "107": 9.970000267028809, "108": 9.970000267028809, "109": 9.970000267028809, "110": 9.989999771118164, "111": 9.989999771118164, "112": 9.989999771118164, "113": 9.989999771118164, "114": 9.989999771118164, "115": 9.979999542236328, "116": 9.989999771118164, "117": 9.989999771118164, "118": 9.989999771118164, "119": 9.979999542236328, "120": 9.979999542236328, "121": 9.979999542236328, "122": 9.979999542236328, "123": 9.979999542236328, "124": 9.979999542236328, "125": 9.979999542236328, "126": 9.979999542236328, "127": 10.0, "128": 10.0, "129": 10.039999961853027, "130": 10.039999961853027, "131": 10.039999961853027, "132": 10.039999961853027, "133": 10.039999961853027, "134": 10.020000457763672, "135": 10.010000228881836, "136": 10.039999961853027, "137": 10.02400016784668, "138": 10.02400016784668, "139": 10.02400016784668, "140": 10.020000457763672, "141": 10.020000457763672, "142": 10.020000457763672, "143": 10.100000381469727, "144": 10.100000381469727, "145": 10.100000381469727, "146": 10.100000381469727, "147": 10.039999961853027, "148": 10.039999961853027, "149": 10.039999961853027, "150": 10.039999961853027, "151": 10.050000190734863, "152": 10.050000190734863, "153": 10.050000190734863, "154": 10.050000190734863, "155": 10.050000190734863, "156": 10.0600004196167, "157": 10.0600004196167, "158": 10.201000213623047, "159": 10.201000213623047, "160": 10.201000213623047, "161": 10.201000213623047, "162": 10.201000213623047, "163": 10.201000213623047, "164": 10.079999923706055, "165": 10.09000015258789, "166": 10.09000015258789, "167": 10.079999923706055, "168": 10.079999923706055, "169": 10.079999923706055, "170": 10.079999923706055, "171": 10.079999923706055, "172": 10.079999923706055, "173": 10.079999923706055, "174": 10.079999923706055, "175": 10.100000381469727, "176": 10.109999656677246, "177": 10.109999656677246, "178": 10.100000381469727, "179": 10.109999656677246, "180": 10.109999656677246, "181": 10.130000114440918, "182": 10.130000114440918, "183": 10.135000228881836, "184": 10.130000114440918, "185": 10.130000114440918, "186": 10.130000114440918, "187": 10.130000114440918, "188": 10.130000114440918, "189": 10.149999618530273, "190": 10.15999984741211, "191": 10.15999984741211, "192": 10.15999984741211, "193": 10.170000076293945, "194": 10.170000076293945, "195": 10.170000076293945, "196": 10.170000076293945, "197": 10.170000076293945, "198": 10.170000076293945, "199": 10.170000076293945, "200": 10.170000076293945, "201": 10.170000076293945, "202": 10.180000305175781, "203": 10.180000305175781, "204": 10.180000305175781, "205": 10.180000305175781, "206": 10.170000076293945, "207": 10.170000076293945, "208": 10.170000076293945, "209": 10.170000076293945, "210": 10.1899995803833, "211": 10.199999809265137, "212": 10.199999809265137, "213": 10.199999809265137, "214": 10.199999809265137, "215": 10.199999809265137, "216": 10.229999542236328, "217": 10.229999542236328, "218": 10.229999542236328, "219": 10.239999771118164, "220": 10.260000228881836, "221": 10.265000343322754, "222": 10.260000228881836, "223": 10.281000137329102, "224": 10.270000457763672, "225": 10.5, "226": 10.359999656677246, "227": 10.300000190734863, "228": 10.300000190734863, "229": 10.300000190734863, "230": 10.399999618530273, "231": 10.380000114440918, "232": 10.420000076293945, "233": 10.399999618530273, "234": 10.399999618530273, "235": 10.399999618530273, "236": 10.420000076293945, "237": 10.420000076293945, "238": 10.420000076293945, "239": 10.420000076293945, "240": 10.420000076293945, "241": 10.420000076293945, "242": 10.40999984741211, "243": 10.399999618530273, "244": 10.380000114440918, "245": 10.380000114440918, "246": 10.380000114440918, "247": 10.380000114440918, "248": 10.380000114440918, "249": 10.380000114440918, "250": 10.380000114440918, "251": 10.380000114440918, "252": 10.420000076293945, "253": 10.4399995803833, "254": 10.489999771118164, "255": 10.470000267028809, "256": 10.470000267028809, "257": 10.470000267028809, "258": 10.5, "259": 10.460000038146973, "260": 10.470000267028809, "261": 10.510000228881836, "262": 10.520000457763672, "263": 10.520000457763672, "264": 10.5, "265": 10.470000267028809, "266": 10.5, "267": 10.470000267028809, "268": 10.491999626159668, "269": 10.5, "270": 10.489999771118164, "271": 10.489999771118164, "272": 10.489999771118164, "273": 10.5, "274": 10.5, "275": 10.5, "276": 10.5, "277": 10.5, "278": 10.5, "279": 10.5, "280": 10.5, "281": 10.5, "282": 10.5, "283": 10.510000228881836, "284": 10.510000228881836, "285": 10.510000228881836, "286": 10.520000457763672, "287": 10.520000457763672, "288": 10.529999732971191, "289": 10.550000190734863, "290": 10.550000190734863, "291": 10.550000190734863, "292": 10.550000190734863, "293": 10.550000190734863, "294": 10.609999656677246, "295": 10.609999656677246, "296": 10.609999656677246, "297": 10.630000114440918, "298": 10.630000114440918, "299": 10.630000114440918, "300": 10.569999694824219, "301": 10.59000015258789, "302": 10.59000015258789, "303": 10.59000015258789, "304": 10.59000015258789, "305": 10.59000015258789, "306": 10.59000015258789, "307": 10.569999694824219, "308": 10.569999694824219, "309": 10.600000381469727, "310": 10.600000381469727, "311": 10.619999885559082, "312": 10.619999885559082, "313": 10.619999885559082, "314": 10.725000381469727, "315": 10.725000381469727, "316": 10.8100004196167, "317": 10.8100004196167, "318": 10.8100004196167, "319": 10.8100004196167, "320": 10.8100004196167, "321": 10.779999732971191, "322": 10.779999732971191, "323": 10.75, "324": 10.75, "325": 10.75, "326": 10.75, "327": 10.75, "328": 10.75, "329": 10.829999923706055, "330": 10.829999923706055, "331": 10.829999923706055, "332": 10.829999923706055, "333": 10.880000114440918, "334": 10.880000114440918, "335": 10.880000114440918, "336": 10.85099983215332, "337": 10.850000381469727, "338": 10.84000015258789}}, "profile": {"address1": "875 Third Avenue", "address2": "Suite M204A", "city": "New York", "state": "NY", "zip": "10022", "country": "United States", "phone": "212 380 8128", "website": "https://www.aibspac.com", "industry": "Shell Companies", "industryDisp": "Shell Companies", "sector": "Financial Services", "longBusinessSummary": "AIB Acquisition Corporation does not have significant operations. It intends to effect a merger, share exchange, asset acquisition, share purchase, recapitalization, reorganization, or similar business combination with one or more businesses in the fintech industries. The company was incorporated in 2021 and is based in New York, New York.", "companyOfficers": [{"maxAge": 1, "name": "Mr. Eric  Chen", "age": 47, "title": "CEO & Director", "yearBorn": 1975, "exercisedValue": 0, "unexercisedValue": 0}, {"maxAge": 1, "name": "Ms. Jie  Gao", "age": 37, "title": "Chief Financial Officer", "yearBorn": 1985, "exercisedValue": 0, "unexercisedValue": 0}], "maxAge": 86400, "latitude": 40.75711592135818, "longitude": -73.96957241649254}}