{"income_statement": {"annual": {"Year": {"1": "Selling, General & Admin", "2": "Operating Expenses", "3": "Operating Income", "4": "Other Expense / Income", "5": "Pretax Income", "6": "Income Tax", "7": "Net Income", "8": "Shares Outstanding (Basic)", "9": "Shares Outstanding (Diluted)", "10": "EPS (Basic)", "11": "EPS (Diluted)", "12": "Free Cash Flow Per Share", "13": "Effective Tax Rate", "14": "EBITDA", "15": "EBIT"}, "2022": {"1": "1.15", "2": "1.15", "3": "-1.15", "4": "-2.14", "5": "1", "6": "0.64", "7": "0.35", "8": "22", "9": "22", "10": "-0.05", "11": "-0.05", "12": "-0.04", "13": "64.51%", "14": "1", "15": "1"}}, "quarterly": {"Metrics": {"1": "Selling, General & Admin", "2": "Operating Expenses", "3": "Operating Income", "4": "Other Expense / Income", "5": "Pretax Income", "6": "Income Tax", "7": "Net Income", "8": "Shares Outstanding (Basic)", "9": "Shares Outstanding (Diluted)", "10": "Shares Change", "11": "EPS (Basic)", "12": "EPS (Diluted)", "13": "Free Cash Flow Per Share", "14": "Effective Tax Rate", "15": "EBITDA", "16": "EBIT"}, "2022-12-31": {"1": "0.3", "2": "0.3", "3": "-0.3", "4": "-1.33", "5": "1.03", "6": "0.4", "7": "0.63", "8": "25", "9": "25", "10": "171.19%", "11": "-0.01", "12": "-0.01", "13": "-0.01", "14": "38.85%", "15": "1.03", "16": "1.03"}, "2022-09-30": {"1": "0.21", "2": "0.21", "3": "-0.21", "4": "-0.69", "5": "0.48", "6": "0.21", "7": "0.27", "8": "22", "9": "22", "10": "475.00%", "11": "-0.01", "12": "-0.01", "13": "-0.01", "14": "43.34%", "15": "0.48", "16": "0.48"}, "2022-06-30": {"1": "0.28", "2": "0.28", "3": "-0.28", "4": "-0.08", "5": "-0.19", "6": "0", "7": "-0.19", "8": "22", "9": "22", "10": "-", "11": "-0.01", "12": "-0.01", "13": "-0.01", "14": "-", "15": "-0.19", "16": "-0.19"}, "2022-03-31": {"1": "0.35", "2": "0.35", "3": "-0.35", "4": "-0", "5": "-0.35", "6": "0", "7": "-0.35", "8": "22", "9": "22", "10": "-", "11": "-0.07", "12": "-0.07", "13": "-0.01", "14": "-", "15": "-0.35", "16": "-0.35"}, "2021-12-31": {"1": "0.15", "2": "0.15", "3": "-0.15", "4": "-0.01", "5": "-0.14", "6": "0", "7": "-0.14", "8": "9", "9": "9", "10": "-", "11": "-1.46", "12": "-1.46", "13": "-0.04", "14": "-", "15": "-0.14", "16": "-0.14"}, "2021-09-24": {"1": "0", "2": "0", "3": "-0", "4": "-", "5": "-0", "6": "0", "7": "-0", "8": "4", "9": "4", "10": "-", "11": "-", "12": "-", "13": "-", "14": "-", "15": "-0", "16": "-0"}}}, "balance_sheet": {"annual": {"Year": {"1": "Cash & Equivalents", "2": "Cash & Cash Equivalents", "3": "Other Current Assets", "4": "Total Current Assets", "5": "Other Long-Term Assets", "6": "Total Long-Term Assets", "7": "Total Assets", "8": "Accounts Payable", "9": "Total Current Liabilities", "10": "Other Long-Term Liabilities", "11": "Total Long-Term Liabilities", "12": "Total Liabilities", "13": "Common Stock", "14": "Retained Earnings", "15": "Shareholders' Equity", "16": "Total Liabilities and Equity", "17": "Net Cash / Debt", "18": "Net Cash Per Share", "19": "Working Capital", "20": "Book Value Per Share"}, "2022": {"1": "177.67", "2": "177.67", "3": "-177.17", "4": "0.5", "5": "177.45", "6": "177.45", "7": "177.95", "8": "0.04", "9": "0.04", "10": "6.04", "11": "6.04", "12": "6.08", "13": "0", "14": "-5.58", "15": "-5.58", "16": "0.5", "17": "177.67", "18": "7.90", "19": "0.45", "20": "-0.25"}}, "quarterly": {"Metrics": {"1": "Cash & Equivalents", "2": "Cash & Cash Equivalents", "3": "Cash Growth", "4": "Other Current Assets", "5": "Total Current Assets", "6": "Other Long-Term Assets", "7": "Total Long-Term Assets", "8": "Total Assets", "9": "Accounts Payable", "10": "Other Current Liabilities", "11": "Total Current Liabilities", "12": "Other Long-Term Liabilities", "13": "Total Long-Term Liabilities", "14": "Total Liabilities", "15": "Common Stock", "16": "Retained Earnings", "17": "Shareholders' Equity", "18": "Total Liabilities and Equity", "19": "Net Cash / Debt", "20": "Net Cash / Debt Growth", "21": "Net Cash Per Share", "22": "Working Capital", "23": "Book Value Per Share"}, "2022-12-31": {"1": "177.67", "2": "177.67", "3": "0.35%", "4": "-177.17", "5": "0.5", "6": "177.45", "7": "177.45", "8": "177.95", "9": "0.04", "10": "0", "11": "0.04", "12": "6.04", "13": "6.04", "14": "6.08", "15": "0", "16": "-5.58", "17": "-5.58", "18": "0.5", "19": "177.67", "20": "0.35%", "21": "7.04", "22": "0.45", "23": "-0.22"}, "2022-09-30": {"1": "176.95", "2": "176.95", "3": "353803.77%", "4": "-176.21", "5": "0.74", "6": "176.57", "7": "176.57", "8": "177.31", "9": "0.03", "10": "0", "11": "0.03", "12": "6.04", "13": "6.04", "14": "6.07", "15": "0", "16": "-5.28", "17": "-5.28", "18": "0.79", "19": "176.95", "20": "353803.77%", "21": "8.21", "22": "0.71", "23": "-0.24"}, "2022-06-30": {"1": "176.64", "2": "176.64", "3": "-", "4": "-175.74", "5": "0.9", "6": "176.16", "7": "176.16", "8": "177.07", "9": "0.06", "10": "0", "11": "0.06", "12": "6.04", "13": "6.04", "14": "6.09", "15": "0", "16": "-4.98", "17": "-4.98", "18": "1.12", "19": "176.64", "20": "-", "21": "8.19", "22": "0.85", "23": "-0.23"}, "2022-03-31": {"1": "176.83", "2": "176.83", "3": "-", "4": "-175.66", "5": "1.18", "6": "176.15", "7": "176.15", "8": "177.33", "9": "0.13", "10": "0", "11": "0.13", "12": "6.04", "13": "6.04", "14": "6.16", "15": "0", "16": "-4.78", "17": "-4.78", "18": "1.38", "19": "176.83", "20": "-", "21": "7.87", "22": "1.05", "23": "-0.21"}, "2021-12-31": {"1": "177.04", "2": "177.04", "3": "-", "4": "-175.65", "5": "1.38", "6": "176.22", "7": "176.22", "8": "177.61", "9": "0.05", "10": "0", "11": "0.05", "12": "6.04", "13": "6.04", "14": "6.09", "15": "0", "16": "-4.43", "17": "-4.43", "18": "1.66", "19": "177.04", "20": "-", "21": "19.03", "22": "1.33", "23": "-0.48"}, "2021-09-24": {"1": "0.05", "2": "0.05", "3": "-", "4": "0", "5": "0.05", "6": "0.54", "7": "0.54", "8": "0.59", "9": "0.54", "10": "0.02", "11": "0.56", "12": "0", "13": "0", "14": "0.56", "15": "0.05", "16": "-0.02", "17": "0.03", "18": "0.59", "19": "0.05", "20": "-", "21": "0.01", "22": "-0.51", "23": "0.01"}}}, "cash_flow_statement": {"annual": {"Year": {"1": "Net Income", "2": "Other Operating Activities", "3": "Operating Cash Flow", "4": "Net Cash Flow", "5": "Free Cash Flow", "6": "Free Cash Flow Per Share"}, "2022": {"1": "0.35", "2": "-1.23", "3": "-0.87", "4": "-0.87", "5": "-0.87", "6": "-0.04"}}, "quarterly": {"Metrics": {"1": "Net Income", "2": "Other Operating Activities", "3": "Operating Cash Flow", "4": "Change in Investments", "5": "Other Investing Activities", "6": "Investing Cash Flow", "7": "Share Issuance / Repurchase", "8": "Other Financing Activities", "9": "Financing Cash Flow", "10": "Net Cash Flow", "11": "Free Cash Flow", "12": "Free Cash Flow Per Share"}, "2022-12-31": {"1": "0.63", "2": "-0.85", "3": "-0.22", "4": "0", "5": "-", "6": "0", "7": "0", "8": "-", "9": "0", "10": "-0.22", "11": "-0.22", "12": "-0.01"}, "2022-09-30": {"1": "0.27", "2": "-0.44", "3": "-0.17", "4": "0", "5": "-", "6": "0", "7": "0", "8": "-", "9": "0", "10": "-0.17", "11": "-0.17", "12": "-0.01"}, "2022-06-30": {"1": "-0.19", "2": "-0.08", "3": "-0.27", "4": "0", "5": "-", "6": "0", "7": "0", "8": "-", "9": "0", "10": "-0.27", "11": "-0.27", "12": "-0.01"}, "2022-03-31": {"1": "-0.35", "2": "0.14", "3": "-0.21", "4": "0", "5": "-", "6": "0", "7": "0", "8": "-", "9": "0", "10": "-0.21", "11": "-0.21", "12": "-0.01"}, "2021-12-31": {"1": "-0.14", "2": "-0.25", "3": "-0.4", "4": "-175.95", "5": "-0.27", "6": "-176.22", "7": "181.68", "8": "-180.19", "9": "1.48", "10": "1.08", "11": "-0.4", "12": "-0.04"}}}, "ratios": {"annual": {"Year": {"1": "Market Capitalization", "2": "Enterprise Value", "3": "PE Ratio", "4": "PB Ratio", "5": "P/FCF Ratio", "6": "P/OCF Ratio", "7": "EV/EBITDA Ratio", "8": "EV/EBIT Ratio", "9": "EV/FCF Ratio", "10": "Current Ratio", "11": "Return on Equity (ROE)", "12": "Return on Assets (ROA)", "13": "Return on Capital (ROIC)", "14": "Earnings Yield", "15": "FCF Yield", "16": "Buyback Yield / Dilution", "17": "Total Shareholder Return"}, "Current": {"1": "75", "2": "-103", "3": "650.93", "4": "-41.19", "5": "-263.65", "6": "-263.65", "7": "52.52", "8": "52.52", "9": "-59.94", "10": "11.33", "11": "-6.90%", "12": "0.20%", "13": "304.80%", "14": "0.47%", "15": "-1.17%", "16": "-141.67%", "17": "-141.67%"}, "2022": {"1": "230", "2": "52", "3": "650.93", "4": "-41.19", "5": "-263.65", "6": "-263.65", "7": "52.52", "8": "52.52", "9": "-59.94", "10": "11.33", "11": "-6.90%", "12": "0.20%", "13": "304.80%", "14": "0.15%", "15": "-0.38%", "16": "-", "17": "-"}}, "quarterly": {"Metrics": {"1": "Market Capitalization", "2": "Market Cap Growth", "3": "Enterprise Value", "4": "PE Ratio", "5": "PB Ratio", "6": "Current Ratio", "7": "Buyback Yield / Dilution", "8": "Total Shareholder Return"}, "Current": {"1": "75", "2": "-", "3": "-103", "4": "650.93", "5": "-41.19", "6": "11.33", "7": "-141.67%", "8": "-141.67%"}, "2022-12-31": {"1": "230", "2": "16.31%", "3": "52", "4": "650.93", "5": "-41.19", "6": "11.33", "7": "-171.19%", "8": "-171.19%"}, "2022-09-30": {"1": "225", "2": "-", "3": "48", "4": "-534.65", "5": "-42.71", "6": "24.90", "7": "-475.00%", "8": "-475.00%"}, "2022-06-30": {"1": "224", "2": "-", "3": "47", "4": "-322.62", "5": "-45.02", "6": "15.86", "7": "-", "8": "-"}, "2022-03-31": {"1": "224", "2": "-", "3": "47", "4": "-", "5": "-46.89", "6": "9.28", "7": "-", "8": "-"}, "2021-12-31": {"1": "198", "2": "-", "3": "21", "4": "-", "5": "-44.61", "6": "25.80", "7": "-", "8": "-"}}}, "stock_price": {"symbol": {"0": "ALOR", "1": "ALOR", "2": "ALOR", "3": "ALOR", "4": "ALOR", "5": "ALOR", "6": "ALOR", "7": "ALOR", "8": "ALOR", "9": "ALOR", "10": "ALOR", "11": "ALOR", "12": "ALOR", "13": "ALOR", "14": "ALOR", "15": "ALOR", "16": "ALOR", "17": "ALOR", "18": "ALOR", "19": "ALOR", "20": "ALOR", "21": "ALOR", "22": "ALOR", "23": "ALOR", "24": "ALOR", "25": "ALOR", "26": "ALOR", "27": "ALOR", "28": "ALOR", "29": "ALOR", "30": "ALOR", "31": "ALOR", "32": "ALOR", "33": "ALOR", "34": "ALOR", "35": "ALOR", "36": "ALOR", "37": "ALOR", "38": "ALOR", "39": "ALOR", "40": "ALOR", "41": "ALOR", "42": "ALOR", "43": "ALOR", "44": "ALOR", "45": "ALOR", "46": "ALOR", "47": "ALOR", "48": "ALOR", "49": "ALOR", "50": "ALOR", "51": "ALOR", "52": "ALOR", "53": "ALOR", "54": "ALOR", "55": "ALOR", "56": "ALOR", "57": "ALOR", "58": "ALOR", "59": "ALOR", "60": "ALOR", "61": "ALOR", "62": "ALOR", "63": "ALOR", "64": "ALOR", "65": "ALOR", "66": "ALOR", "67": "ALOR", "68": "ALOR", "69": "ALOR", "70": "ALOR", "71": "ALOR", "72": "ALOR", "73": "ALOR", "74": "ALOR", "75": "ALOR", "76": "ALOR", "77": "ALOR", "78": "ALOR", "79": "ALOR", "80": "ALOR", "81": "ALOR", "82": "ALOR", "83": "ALOR", "84": "ALOR", "85": "ALOR", "86": "ALOR", "87": "ALOR", "88": "ALOR", "89": "ALOR", "90": "ALOR", "91": "ALOR", "92": "ALOR", "93": "ALOR", "94": "ALOR", "95": "ALOR", "96": "ALOR", "97": "ALOR", "98": "ALOR", "99": "ALOR", "100": "ALOR", "101": "ALOR", "102": "ALOR", "103": "ALOR", "104": "ALOR", "105": "ALOR", "106": "ALOR", "107": "ALOR", "108": "ALOR", "109": "ALOR", "110": "ALOR", "111": "ALOR", "112": "ALOR", "113": "ALOR", "114": "ALOR", "115": "ALOR", "116": "ALOR", "117": "ALOR", "118": "ALOR", "119": "ALOR", "120": "ALOR", "121": "ALOR", "122": "ALOR", "123": "ALOR", "124": "ALOR", "125": "ALOR", "126": "ALOR", "127": "ALOR", "128": "ALOR", "129": "ALOR", "130": "ALOR", "131": "ALOR", "132": "ALOR", "133": "ALOR", "134": "ALOR", "135": "ALOR", "136": "ALOR", "137": "ALOR", "138": "ALOR", "139": "ALOR", "140": "ALOR", "141": "ALOR", "142": "ALOR", "143": "ALOR", "144": "ALOR", "145": "ALOR", "146": "ALOR", "147": "ALOR", "148": "ALOR", "149": "ALOR", "150": "ALOR", "151": "ALOR", "152": "ALOR", "153": "ALOR", "154": "ALOR", "155": "ALOR", "156": "ALOR", "157": "ALOR", "158": "ALOR", "159": "ALOR", "160": "ALOR", "161": "ALOR", "162": "ALOR", "163": "ALOR", "164": "ALOR", "165": "ALOR", "166": "ALOR", "167": "ALOR", "168": "ALOR", "169": "ALOR", "170": "ALOR", "171": "ALOR", "172": "ALOR", "173": "ALOR", "174": "ALOR", "175": "ALOR", "176": "ALOR", "177": "ALOR", "178": "ALOR", "179": "ALOR", "180": "ALOR", "181": "ALOR", "182": "ALOR", "183": "ALOR", "184": "ALOR", "185": "ALOR", "186": "ALOR", "187": "ALOR", "188": "ALOR", "189": "ALOR", "190": "ALOR", "191": "ALOR", "192": "ALOR", "193": "ALOR", "194": "ALOR", "195": "ALOR", "196": "ALOR", "197": "ALOR", "198": "ALOR", "199": "ALOR", "200": "ALOR", "201": "ALOR", "202": "ALOR", "203": "ALOR", "204": "ALOR", "205": "ALOR", "206": "ALOR", "207": "ALOR", "208": "ALOR", "209": "ALOR", "210": "ALOR", "211": "ALOR", "212": "ALOR", "213": "ALOR", "214": "ALOR", "215": "ALOR", "216": "ALOR", "217": "ALOR", "218": "ALOR", "219": "ALOR", "220": "ALOR", "221": "ALOR", "222": "ALOR", "223": "ALOR", "224": "ALOR", "225": "ALOR", "226": "ALOR", "227": "ALOR", "228": "ALOR", "229": "ALOR", "230": "ALOR", "231": "ALOR", "232": "ALOR", "233": "ALOR", "234": "ALOR", "235": "ALOR", "236": "ALOR", "237": "ALOR", "238": "ALOR", "239": "ALOR", "240": "ALOR", "241": "ALOR", "242": "ALOR", "243": "ALOR", "244": "ALOR", "245": "ALOR", "246": "ALOR", "247": "ALOR", "248": "ALOR", "249": "ALOR", "250": "ALOR", "251": "ALOR", "252": "ALOR", "253": "ALOR", "254": "ALOR", "255": "ALOR", "256": "ALOR", "257": "ALOR", "258": "ALOR", "259": "ALOR", "260": "ALOR", "261": "ALOR", "262": "ALOR", "263": "ALOR", "264": "ALOR", "265": "ALOR", "266": "ALOR", "267": "ALOR", "268": "ALOR", "269": "ALOR", "270": "ALOR", "271": "ALOR", "272": "ALOR", "273": "ALOR", "274": "ALOR", "275": "ALOR", "276": "ALOR", "277": "ALOR", "278": "ALOR", "279": "ALOR", "280": "ALOR", "281": "ALOR", "282": "ALOR", "283": "ALOR", "284": "ALOR", "285": "ALOR", "286": "ALOR", "287": "ALOR", "288": "ALOR", "289": "ALOR", "290": "ALOR", "291": "ALOR", "292": "ALOR", "293": "ALOR", "294": "ALOR", "295": "ALOR", "296": "ALOR", "297": "ALOR", "298": "ALOR", "299": "ALOR", "300": "ALOR", "301": "ALOR", "302": "ALOR", "303": "ALOR", "304": "ALOR", "305": "ALOR", "306": "ALOR", "307": "ALOR", "308": "ALOR", "309": "ALOR", "310": "ALOR", "311": "ALOR", "312": "ALOR", "313": "ALOR", "314": "ALOR", "315": "ALOR", "316": "ALOR", "317": "ALOR", "318": "ALOR", "319": "ALOR", "320": "ALOR", "321": "ALOR", "322": "ALOR", "323": "ALOR", "324": "ALOR", "325": "ALOR", "326": "ALOR", "327": "ALOR", "328": "ALOR", "329": "ALOR", "330": "ALOR", "331": "ALOR", "332": "ALOR", "333": "ALOR", "334": "ALOR", "335": "ALOR", "336": "ALOR", "337": "ALOR", "338": "ALOR", "339": "ALOR", "340": "ALOR", "341": "ALOR", "342": "ALOR", "343": "ALOR", "344": "ALOR", "345": "ALOR", "346": "ALOR", "347": "ALOR", "348": "ALOR", "349": "ALOR", "350": "ALOR", "351": "ALOR", "352": "ALOR", "353": "ALOR", "354": "ALOR", "355": "ALOR", "356": "ALOR", "357": "ALOR", "358": "ALOR", "359": "ALOR", "360": "ALOR", "361": "ALOR", "362": "ALOR", "363": "ALOR", "364": "ALOR"}, "date": {"0": "2022-01-13", "1": "2022-01-14", "2": "2022-01-18", "3": "2022-01-19", "4": "2022-01-20", "5": "2022-01-21", "6": "2022-01-24", "7": "2022-01-25", "8": "2022-01-26", "9": "2022-01-27", "10": "2022-01-28", "11": "2022-01-31", "12": "2022-02-01", "13": "2022-02-02", "14": "2022-02-03", "15": "2022-02-04", "16": "2022-02-07", "17": "2022-02-08", "18": "2022-02-09", "19": "2022-02-10", "20": "2022-02-11", "21": "2022-02-14", "22": "2022-02-15", "23": "2022-02-16", "24": "2022-02-17", "25": "2022-02-18", "26": "2022-02-22", "27": "2022-02-23", "28": "2022-02-24", "29": "2022-02-25", "30": "2022-02-28", "31": "2022-03-01", "32": "2022-03-02", "33": "2022-03-03", "34": "2022-03-04", "35": "2022-03-07", "36": "2022-03-08", "37": "2022-03-09", "38": "2022-03-10", "39": "2022-03-11", "40": "2022-03-14", "41": "2022-03-15", "42": "2022-03-16", "43": "2022-03-17", "44": "2022-03-18", "45": "2022-03-21", "46": "2022-03-22", "47": "2022-03-23", "48": "2022-03-24", "49": "2022-03-25", "50": "2022-03-28", "51": "2022-03-29", "52": "2022-03-30", "53": "2022-03-31", "54": "2022-04-01", "55": "2022-04-04", "56": "2022-04-05", "57": "2022-04-06", "58": "2022-04-07", "59": "2022-04-08", "60": "2022-04-11", "61": "2022-04-12", "62": "2022-04-13", "63": "2022-04-14", "64": "2022-04-18", "65": "2022-04-19", "66": "2022-04-20", "67": "2022-04-21", "68": "2022-04-22", "69": "2022-04-25", "70": "2022-04-26", "71": "2022-04-27", "72": "2022-04-28", "73": "2022-04-29", "74": "2022-05-02", "75": "2022-05-03", "76": "2022-05-04", "77": "2022-05-05", "78": "2022-05-06", "79": "2022-05-09", "80": "2022-05-10", "81": "2022-05-11", "82": "2022-05-12", "83": "2022-05-13", "84": "2022-05-16", "85": "2022-05-17", "86": "2022-05-18", "87": "2022-05-19", "88": "2022-05-20", "89": "2022-05-23", "90": "2022-05-24", "91": "2022-05-25", "92": "2022-05-26", "93": "2022-05-27", "94": "2022-05-31", "95": "2022-06-01", "96": "2022-06-02", "97": "2022-06-03", "98": "2022-06-06", "99": "2022-06-07", "100": "2022-06-08", "101": "2022-06-09", "102": "2022-06-10", "103": "2022-06-13", "104": "2022-06-14", "105": "2022-06-15", "106": "2022-06-16", "107": "2022-06-17", "108": "2022-06-21", "109": "2022-06-22", "110": "2022-06-23", "111": "2022-06-24", "112": "2022-06-27", "113": "2022-06-28", "114": "2022-06-29", "115": "2022-06-30", "116": "2022-07-01", "117": "2022-07-05", "118": "2022-07-06", "119": "2022-07-07", "120": "2022-07-08", "121": "2022-07-11", "122": "2022-07-12", "123": "2022-07-13", "124": "2022-07-14", "125": "2022-07-15", "126": "2022-07-18", "127": "2022-07-19", "128": "2022-07-20", "129": "2022-07-21", "130": "2022-07-22", "131": "2022-07-25", "132": "2022-07-26", "133": "2022-07-27", "134": "2022-07-28", "135": "2022-07-29", "136": "2022-08-01", "137": "2022-08-02", "138": "2022-08-03", "139": "2022-08-04", "140": "2022-08-05", "141": "2022-08-08", "142": "2022-08-09", "143": "2022-08-10", "144": "2022-08-11", "145": "2022-08-12", "146": "2022-08-15", "147": "2022-08-16", "148": "2022-08-17", "149": "2022-08-18", "150": "2022-08-19", "151": "2022-08-22", "152": "2022-08-23", "153": "2022-08-24", "154": "2022-08-25", "155": "2022-08-26", "156": "2022-08-29", "157": "2022-08-30", "158": "2022-08-31", "159": "2022-09-01", "160": "2022-09-02", "161": "2022-09-06", "162": "2022-09-07", "163": "2022-09-08", "164": "2022-09-09", "165": "2022-09-12", "166": "2022-09-13", "167": "2022-09-14", "168": "2022-09-15", "169": "2022-09-16", "170": "2022-09-19", "171": "2022-09-20", "172": "2022-09-21", "173": "2022-09-22", "174": "2022-09-23", "175": "2022-09-26", "176": "2022-09-27", "177": "2022-09-28", "178": "2022-09-29", "179": "2022-09-30", "180": "2022-10-03", "181": "2022-10-04", "182": "2022-10-05", "183": "2022-10-06", "184": "2022-10-07", "185": "2022-10-10", "186": "2022-10-11", "187": "2022-10-12", "188": "2022-10-13", "189": "2022-10-14", "190": "2022-10-17", "191": "2022-10-18", "192": "2022-10-19", "193": "2022-10-20", "194": "2022-10-21", "195": "2022-10-24", "196": "2022-10-25", "197": "2022-10-26", "198": "2022-10-27", "199": "2022-10-28", "200": "2022-10-31", "201": "2022-11-01", "202": "2022-11-02", "203": "2022-11-03", "204": "2022-11-04", "205": "2022-11-07", "206": "2022-11-08", "207": "2022-11-09", "208": "2022-11-10", "209": "2022-11-11", "210": "2022-11-14", "211": "2022-11-15", "212": "2022-11-16", "213": "2022-11-17", "214": "2022-11-18", "215": "2022-11-21", "216": "2022-11-22", "217": "2022-11-23", "218": "2022-11-25", "219": "2022-11-28", "220": "2022-11-29", "221": "2022-11-30", "222": "2022-12-01", "223": "2022-12-02", "224": "2022-12-05", "225": "2022-12-06", "226": "2022-12-07", "227": "2022-12-08", "228": "2022-12-09", "229": "2022-12-12", "230": "2022-12-13", "231": "2022-12-14", "232": "2022-12-15", "233": "2022-12-16", "234": "2022-12-19", "235": "2022-12-20", "236": "2022-12-21", "237": "2022-12-22", "238": "2022-12-23", "239": "2022-12-27", "240": "2022-12-28", "241": "2022-12-29", "242": "2022-12-30", "243": "2023-01-03", "244": "2023-01-04", "245": "2023-01-05", "246": "2023-01-06", "247": "2023-01-09", "248": "2023-01-10", "249": "2023-01-11", "250": "2023-01-12", "251": "2023-01-13", "252": "2023-01-17", "253": "2023-01-18", "254": "2023-01-19", "255": "2023-01-20", "256": "2023-01-23", "257": "2023-01-24", "258": "2023-01-25", "259": "2023-01-26", "260": "2023-01-27", "261": "2023-01-30", "262": "2023-01-31", "263": "2023-02-01", "264": "2023-02-02", "265": "2023-02-03", "266": "2023-02-06", "267": "2023-02-07", "268": "2023-02-08", "269": "2023-02-09", "270": "2023-02-10", "271": "2023-02-13", "272": "2023-02-14", "273": "2023-02-15", "274": "2023-02-16", "275": "2023-02-17", "276": "2023-02-21", "277": "2023-02-22", "278": "2023-02-23", "279": "2023-02-24", "280": "2023-02-27", "281": "2023-02-28", "282": "2023-03-01", "283": "2023-03-02", "284": "2023-03-03", "285": "2023-03-06", "286": "2023-03-07", "287": "2023-03-08", "288": "2023-03-09", "289": "2023-03-10", "290": "2023-03-13", "291": "2023-03-14", "292": "2023-03-15", "293": "2023-03-16", "294": "2023-03-17", "295": "2023-03-20", "296": "2023-03-21", "297": "2023-03-22", "298": "2023-03-23", "299": "2023-03-24", "300": "2023-03-27", "301": "2023-03-28", "302": "2023-03-29", "303": "2023-03-30", "304": "2023-03-31", "305": "2023-04-03", "306": "2023-04-04", "307": "2023-04-05", "308": "2023-04-06", "309": "2023-04-10", "310": "2023-04-11", "311": "2023-04-12", "312": "2023-04-13", "313": "2023-04-14", "314": "2023-04-17", "315": "2023-04-18", "316": "2023-04-19", "317": "2023-04-20", "318": "2023-04-21", "319": "2023-04-24", "320": "2023-04-25", "321": "2023-04-26", "322": "2023-04-27", "323": "2023-04-28", "324": "2023-05-01", "325": "2023-05-02", "326": "2023-05-03", "327": "2023-05-04", "328": "2023-05-05", "329": "2023-05-08", "330": "2023-05-09", "331": "2023-05-10", "332": "2023-05-11", "333": "2023-05-12", "334": "2023-05-15", "335": "2023-05-16", "336": "2023-05-17", "337": "2023-05-18", "338": "2023-05-19", "339": "2023-05-22", "340": "2023-05-23", "341": "2023-05-24", "342": "2023-05-25", "343": "2023-05-26", "344": "2023-05-30", "345": "2023-05-31", "346": "2023-06-01", "347": "2023-06-02", "348": "2023-06-05", "349": "2023-06-06", "350": "2023-06-07", "351": "2023-06-08", "352": "2023-06-09", "353": "2023-06-12", "354": "2023-06-13", "355": "2023-06-14", "356": "2023-06-15", "357": "2023-06-16", "358": "2023-06-20", "359": "2023-06-21", "360": "2023-06-22", "361": "2023-06-23", "362": "2023-06-26", "363": "2023-06-27", "364": "2023-06-28"}, "open": {"0": 9.859999656677246, "1": 9.880000114440918, "2": 9.859999656677246, "3": 10.5600004196167, "4": 9.880000114440918, "5": 9.869999885559082, "6": 9.859999656677246, "7": 9.880000114440918, "8": 9.878000259399414, "9": 9.859999656677246, "10": 9.890000343322754, "11": 9.930000305175781, "12": 10.470000267028809, "13": 9.949999809265137, "14": 10.25, "15": 9.960000038146973, "16": 9.875, "17": 9.875, "18": 9.880000114440918, "19": 9.880000114440918, "20": 9.899999618530273, "21": 9.890000343322754, "22": 9.899999618530273, "23": 9.890000343322754, "24": 9.890000343322754, "25": 9.9399995803833, "26": 9.930000305175781, "27": 9.890000343322754, "28": 9.930000305175781, "29": 9.920000076293945, "30": 9.9399995803833, "31": 9.9399995803833, "32": 9.949999809265137, "33": 9.949999809265137, "34": 9.923999786376953, "35": 9.949999809265137, "36": 9.949999809265137, "37": 9.949999809265137, "38": 9.960000038146973, "39": 9.960000038146973, "40": 9.960000038146973, "41": 9.960000038146973, "42": 9.960000038146973, "43": 9.913999557495117, "44": 9.899999618530273, "45": 9.925000190734863, "46": 9.968999862670898, "47": 9.9399995803833, "48": 9.949999809265137, "49": 9.90999984741211, "50": 9.90999984741211, "51": 9.960000038146973, "52": 9.960000038146973, "53": 9.989999771118164, "54": 9.979999542236328, "55": 9.979999542236328, "56": 9.970000267028809, "57": 9.960000038146973, "58": 9.989999771118164, "59": 10.0, "60": 9.994999885559082, "61": 10.0, "62": 10.010000228881836, "63": 10.020000457763672, "64": 10.020000457763672, "65": 10.020000457763672, "66": 10.0, "67": 10.010000228881836, "68": 10.020000457763672, "69": 10.020000457763672, "70": 10.020000457763672, "71": 10.020000457763672, "72": 10.010000228881836, "73": 10.020000457763672, "74": 10.020000457763672, "75": 10.010000228881836, "76": 9.989999771118164, "77": 10.020000457763672, "78": 9.979999542236328, "79": 9.960000038146973, "80": 9.949999809265137, "81": 9.949999809265137, "82": 9.949999809265137, "83": 9.949999809265137, "84": 9.949999809265137, "85": 9.949999809265137, "86": 9.949999809265137, "87": 9.949999809265137, "88": 9.949999809265137, "89": 9.949999809265137, "90": 9.970000267028809, "91": 9.979999542236328, "92": 9.949999809265137, "93": 9.9399995803833, "94": 9.9399995803833, "95": 9.949999809265137, "96": 9.960000038146973, "97": 9.970000267028809, "98": 9.960000038146973, "99": 9.960000038146973, "100": 9.960000038146973, "101": 9.970000267028809, "102": 9.970000267028809, "103": 9.970000267028809, "104": 9.960000038146973, "105": 9.960000038146973, "106": 9.960000038146973, "107": 9.960000038146973, "108": 9.960000038146973, "109": 9.960000038146973, "110": 9.960000038146973, "111": 9.949999809265137, "112": 9.949999809265137, "113": 9.949999809265137, "114": 9.970000267028809, "115": 9.970000267028809, "116": 9.970000267028809, "117": 9.970000267028809, "118": 9.979999542236328, "119": 10.0, "120": 9.984999656677246, "121": 9.979999542236328, "122": 10.5, "123": 9.979999542236328, "124": 9.998000144958496, "125": 10.0, "126": 10.039999961853027, "127": 10.039999961853027, "128": 10.020000457763672, "129": 10.020000457763672, "130": 10.010000228881836, "131": 10.010000228881836, "132": 10.029999732971191, "133": 10.029999732971191, "134": 10.029999732971191, "135": 10.020000457763672, "136": 10.0, "137": 10.029999732971191, "138": 10.010000228881836, "139": 10.020000457763672, "140": 9.989999771118164, "141": 10.020000457763672, "142": 10.029999732971191, "143": 10.029999732971191, "144": 10.020000457763672, "145": 10.029999732971191, "146": 10.029999732971191, "147": 10.029999732971191, "148": 10.029999732971191, "149": 10.029999732971191, "150": 10.020000457763672, "151": 10.029999732971191, "152": 10.029999732971191, "153": 10.020000457763672, "154": 10.029999732971191, "155": 10.029999732971191, "156": 10.029999732971191, "157": 10.029999732971191, "158": 10.050000190734863, "159": 10.050000190734863, "160": 10.0600004196167, "161": 10.029999732971191, "162": 10.029999732971191, "163": 10.050000190734863, "164": 10.039999961853027, "165": 10.050000190734863, "166": 10.0600004196167, "167": 10.0600004196167, "168": 10.069999694824219, "169": 10.069999694824219, "170": 10.130000114440918, "171": 10.069999694824219, "172": 10.0600004196167, "173": 10.079999923706055, "174": 10.069999694824219, "175": 10.069999694824219, "176": 10.069999694824219, "177": 10.029999732971191, "178": 10.029999732971191, "179": 10.029999732971191, "180": 10.039999961853027, "181": 10.039999961853027, "182": 10.039999961853027, "183": 10.039999961853027, "184": 10.039999961853027, "185": 10.039999961853027, "186": 10.029999732971191, "187": 10.039999961853027, "188": 10.055000305175781, "189": 10.069999694824219, "190": 10.029999732971191, "191": 10.029999732971191, "192": 10.039999961853027, "193": 10.039999961853027, "194": 10.09000015258789, "195": 10.100000381469727, "196": 10.100000381469727, "197": 10.100000381469727, "198": 10.100000381469727, "199": 10.100000381469727, "200": 10.100000381469727, "201": 10.130000114440918, "202": 10.130000114440918, "203": 10.130000114440918, "204": 10.130000114440918, "205": 10.130000114440918, "206": 10.130000114440918, "207": 10.145000457763672, "208": 10.145000457763672, "209": 10.145000457763672, "210": 10.140000343322754, "211": 10.140000343322754, "212": 10.170000076293945, "213": 10.149999618530273, "214": 10.149999618530273, "215": 10.149999618530273, "216": 10.149999618530273, "217": 10.1850004196167, "218": 10.1850004196167, "219": 10.1850004196167, "220": 10.1899995803833, "221": 10.1899995803833, "222": 10.1899995803833, "223": 10.210000038146973, "224": 10.220000267028809, "225": 10.220000267028809, "226": 10.229999542236328, "227": 10.25, "228": 10.279999732971191, "229": 10.229999542236328, "230": 10.239999771118164, "231": 10.239999771118164, "232": 10.239999771118164, "233": 10.229999542236328, "234": 10.229999542236328, "235": 10.239999771118164, "236": 10.239999771118164, "237": 10.300000190734863, "238": 10.300000190734863, "239": 10.239999771118164, "240": 10.239999771118164, "241": 10.229999542236328, "242": 10.229999542236328, "243": 10.229999542236328, "244": 10.229999542236328, "245": 10.270000457763672, "246": 10.270000457763672, "247": 10.270000457763672, "248": 10.270000457763672, "249": 10.289999961853027, "250": 10.300000190734863, "251": 10.300000190734863, "252": 10.300000190734863, "253": 10.300000190734863, "254": 10.3100004196167, "255": 10.3100004196167, "256": 10.319999694824219, "257": 10.319999694824219, "258": 10.699999809265137, "259": 10.319999694824219, "260": 10.319999694824219, "261": 10.319999694824219, "262": 10.34000015258789, "263": 10.329999923706055, "264": 10.34000015258789, "265": 10.335000038146973, "266": 10.34000015258789, "267": 10.34000015258789, "268": 10.319999694824219, "269": 10.335000038146973, "270": 10.350000381469727, "271": 10.34000015258789, "272": 10.3100004196167, "273": 10.3100004196167, "274": 10.520000457763672, "275": 10.4399995803833, "276": 10.579999923706055, "277": 10.359999656677246, "278": 10.359999656677246, "279": 10.359999656677246, "280": 10.34000015258789, "281": 10.34000015258789, "282": 10.319999694824219, "283": 10.329999923706055, "284": 10.319999694824219, "285": 10.335000038146973, "286": 10.324999809265137, "287": 10.350000381469727, "288": 10.350000381469727, "289": 10.350000381469727, "290": 10.350000381469727, "291": 10.350000381469727, "292": 10.329999923706055, "293": 10.329999923706055, "294": 10.345000267028809, "295": 10.34000015258789, "296": 10.350000381469727, "297": 10.350000381469727, "298": 10.34000015258789, "299": 10.34000015258789, "300": 10.345000267028809, "301": 10.350000381469727, "302": 10.34000015258789, "303": 10.319999694824219, "304": 10.350000381469727, "305": 10.34000015258789, "306": 10.319999694824219, "307": 10.319999694824219, "308": 10.319999694824219, "309": 10.319999694824219, "310": 10.319999694824219, "311": 10.319999694824219, "312": 10.319999694824219, "313": 10.319999694824219, "314": 10.319999694824219, "315": 10.319999694824219, "316": 10.319999694824219, "317": 10.319999694824219, "318": 10.329999923706055, "319": 10.329999923706055, "320": 10.324999809265137, "321": 10.34000015258789, "322": 10.34000015258789, "323": 10.34000015258789, "324": 10.34000015258789, "325": 10.34000015258789, "326": 10.350000381469727, "327": 10.350000381469727, "328": 10.350000381469727, "329": 10.359999656677246, "330": 10.359999656677246, "331": 10.359999656677246, "332": 10.369999885559082, "333": 10.369999885559082, "334": 10.369999885559082, "335": 10.369999885559082, "336": 10.369999885559082, "337": 10.399999618530273, "338": 10.399999618530273, "339": 10.399999618530273, "340": 10.449999809265137, "341": 10.5, "342": 10.5, "343": 10.5, "344": 10.5, "345": 10.550000190734863, "346": 10.5, "347": 10.539999961853027, "348": 10.539999961853027, "349": 10.529999732971191, "350": 10.539999961853027, "351": 10.539999961853027, "352": 10.539999961853027, "353": 10.539999961853027, "354": 10.539999961853027, "355": 10.539999961853027, "356": 10.550000190734863, "357": 10.550000190734863, "358": 10.550000190734863, "359": 10.579999923706055, "360": 10.579999923706055, "361": 10.579999923706055, "362": 10.579999923706055, "363": 10.579999923706055, "364": 10.579999923706055}, "high": {"0": 9.930000305175781, "1": 9.90999984741211, "2": 9.859999656677246, "3": 10.5600004196167, "4": 9.899999618530273, "5": 9.869999885559082, "6": 9.890000343322754, "7": 9.880000114440918, "8": 9.878000259399414, "9": 9.989999771118164, "10": 9.989999771118164, "11": 9.949999809265137, "12": 10.6899995803833, "13": 9.960000038146973, "14": 10.25, "15": 10.010000228881836, "16": 9.875, "17": 9.875, "18": 9.880000114440918, "19": 9.880000114440918, "20": 10.020000457763672, "21": 9.899999618530273, "22": 9.899999618530273, "23": 9.890000343322754, "24": 9.890000343322754, "25": 10.020000457763672, "26": 9.9399995803833, "27": 9.890000343322754, "28": 9.930000305175781, "29": 9.920000076293945, "30": 9.9399995803833, "31": 9.949999809265137, "32": 9.949999809265137, "33": 9.949999809265137, "34": 9.949999809265137, "35": 9.949999809265137, "36": 9.949999809265137, "37": 9.949999809265137, "38": 9.960000038146973, "39": 9.960000038146973, "40": 9.960000038146973, "41": 9.960000038146973, "42": 9.960000038146973, "43": 9.913999557495117, "44": 9.899999618530273, "45": 9.9399995803833, "46": 9.968999862670898, "47": 9.9399995803833, "48": 9.949999809265137, "49": 9.90999984741211, "50": 9.90999984741211, "51": 9.960000038146973, "52": 9.960000038146973, "53": 9.989999771118164, "54": 9.979999542236328, "55": 9.979999542236328, "56": 10.0, "57": 9.989999771118164, "58": 9.989999771118164, "59": 10.0, "60": 10.0, "61": 10.0, "62": 10.010000228881836, "63": 10.020000457763672, "64": 10.020000457763672, "65": 10.020000457763672, "66": 10.0, "67": 10.020000457763672, "68": 10.020000457763672, "69": 10.020000457763672, "70": 10.020000457763672, "71": 10.020000457763672, "72": 10.010000228881836, "73": 10.020000457763672, "74": 10.020000457763672, "75": 10.010000228881836, "76": 10.020000457763672, "77": 10.020000457763672, "78": 9.979999542236328, "79": 9.975000381469727, "80": 9.949999809265137, "81": 9.949999809265137, "82": 9.949999809265137, "83": 9.949999809265137, "84": 9.949999809265137, "85": 9.949999809265137, "86": 9.949999809265137, "87": 9.949999809265137, "88": 9.949999809265137, "89": 9.949999809265137, "90": 9.979999542236328, "91": 9.979999542236328, "92": 9.960000038146973, "93": 9.9399995803833, "94": 9.960000038146973, "95": 9.960000038146973, "96": 9.970000267028809, "97": 9.970000267028809, "98": 9.960000038146973, "99": 9.979999542236328, "100": 9.960000038146973, "101": 9.970000267028809, "102": 9.970000267028809, "103": 9.970000267028809, "104": 9.960000038146973, "105": 9.960000038146973, "106": 9.960000038146973, "107": 9.960000038146973, "108": 9.960000038146973, "109": 9.960000038146973, "110": 9.960000038146973, "111": 9.949999809265137, "112": 9.949999809265137, "113": 9.949999809265137, "114": 9.970000267028809, "115": 9.970000267028809, "116": 9.970000267028809, "117": 9.970000267028809, "118": 9.979999542236328, "119": 10.0, "120": 9.984999656677246, "121": 9.979999542236328, "122": 10.5, "123": 10.020000457763672, "124": 10.0, "125": 10.0, "126": 10.039999961853027, "127": 10.039999961853027, "128": 10.020000457763672, "129": 10.020000457763672, "130": 10.010000228881836, "131": 10.020000457763672, "132": 10.029999732971191, "133": 10.029999732971191, "134": 10.029999732971191, "135": 10.024999618530273, "136": 10.029999732971191, "137": 10.029999732971191, "138": 10.010000228881836, "139": 10.020000457763672, "140": 10.020000457763672, "141": 10.029999732971191, "142": 10.029999732971191, "143": 10.029999732971191, "144": 10.029999732971191, "145": 10.050000190734863, "146": 10.029999732971191, "147": 10.029999732971191, "148": 10.029999732971191, "149": 10.029999732971191, "150": 10.039999961853027, "151": 10.029999732971191, "152": 10.029999732971191, "153": 10.029999732971191, "154": 10.029999732971191, "155": 10.029999732971191, "156": 10.029999732971191, "157": 10.029999732971191, "158": 10.050000190734863, "159": 10.0600004196167, "160": 10.0600004196167, "161": 10.029999732971191, "162": 10.029999732971191, "163": 10.0600004196167, "164": 10.0600004196167, "165": 10.0600004196167, "166": 10.079999923706055, "167": 10.069999694824219, "168": 10.069999694824219, "169": 10.069999694824219, "170": 10.130000114440918, "171": 10.069999694824219, "172": 10.0600004196167, "173": 10.079999923706055, "174": 10.069999694824219, "175": 10.069999694824219, "176": 10.069999694824219, "177": 10.029999732971191, "178": 10.029999732971191, "179": 10.029999732971191, "180": 10.039999961853027, "181": 10.039999961853027, "182": 10.039999961853027, "183": 10.039999961853027, "184": 10.039999961853027, "185": 10.039999961853027, "186": 10.029999732971191, "187": 10.039999961853027, "188": 10.069999694824219, "189": 10.069999694824219, "190": 10.029999732971191, "191": 10.029999732971191, "192": 10.039999961853027, "193": 10.039999961853027, "194": 10.09000015258789, "195": 10.100000381469727, "196": 10.100000381469727, "197": 10.100000381469727, "198": 10.100000381469727, "199": 10.100000381469727, "200": 10.100000381469727, "201": 10.130000114440918, "202": 10.130000114440918, "203": 10.130000114440918, "204": 10.130000114440918, "205": 10.130000114440918, "206": 10.130000114440918, "207": 10.145000457763672, "208": 10.145000457763672, "209": 10.145000457763672, "210": 10.149999618530273, "211": 10.170000076293945, "212": 10.170000076293945, "213": 10.149999618530273, "214": 10.149999618530273, "215": 10.149999618530273, "216": 10.149999618530273, "217": 10.1850004196167, "218": 10.1850004196167, "219": 10.1850004196167, "220": 10.1899995803833, "221": 10.229999542236328, "222": 10.210000038146973, "223": 10.210000038146973, "224": 10.220000267028809, "225": 10.225000381469727, "226": 10.229999542236328, "227": 10.25, "228": 10.279999732971191, "229": 10.239999771118164, "230": 10.239999771118164, "231": 10.239999771118164, "232": 10.239999771118164, "233": 10.229999542236328, "234": 10.239999771118164, "235": 10.239999771118164, "236": 10.239999771118164, "237": 10.300000190734863, "238": 10.300000190734863, "239": 10.239999771118164, "240": 10.239999771118164, "241": 10.229999542236328, "242": 10.229999542236328, "243": 10.229999542236328, "244": 10.229999542236328, "245": 10.270000457763672, "246": 10.270000457763672, "247": 10.270000457763672, "248": 10.270000457763672, "249": 10.3149995803833, "250": 10.3100004196167, "251": 10.3100004196167, "252": 10.319999694824219, "253": 10.3100004196167, "254": 10.34000015258789, "255": 10.319999694824219, "256": 10.319999694824219, "257": 10.335000038146973, "258": 11.569999694824219, "259": 10.800000190734863, "260": 10.319999694824219, "261": 10.34000015258789, "262": 10.34000015258789, "263": 10.329999923706055, "264": 10.34000015258789, "265": 10.335000038146973, "266": 10.34000015258789, "267": 10.34000015258789, "268": 10.34000015258789, "269": 10.34000015258789, "270": 10.350000381469727, "271": 10.34000015258789, "272": 10.3100004196167, "273": 10.3100004196167, "274": 10.850000381469727, "275": 10.470000267028809, "276": 10.579999923706055, "277": 10.359999656677246, "278": 10.359999656677246, "279": 10.390000343322754, "280": 10.34000015258789, "281": 10.34000015258789, "282": 10.329999923706055, "283": 10.329999923706055, "284": 10.329999923706055, "285": 10.350000381469727, "286": 10.324999809265137, "287": 10.359999656677246, "288": 10.350000381469727, "289": 10.350000381469727, "290": 10.350000381469727, "291": 10.350000381469727, "292": 10.329999923706055, "293": 10.350000381469727, "294": 10.345000267028809, "295": 10.34000015258789, "296": 10.350000381469727, "297": 10.350000381469727, "298": 10.34000015258789, "299": 10.34000015258789, "300": 10.350000381469727, "301": 10.350000381469727, "302": 10.34000015258789, "303": 10.329999923706055, "304": 10.350000381469727, "305": 10.34000015258789, "306": 10.319999694824219, "307": 10.319999694824219, "308": 10.319999694824219, "309": 10.319999694824219, "310": 10.319999694824219, "311": 10.319999694824219, "312": 10.319999694824219, "313": 10.319999694824219, "314": 10.319999694824219, "315": 10.319999694824219, "316": 10.319999694824219, "317": 10.319999694824219, "318": 10.329999923706055, "319": 10.329999923706055, "320": 10.34000015258789, "321": 10.34000015258789, "322": 10.34000015258789, "323": 10.34000015258789, "324": 10.34000015258789, "325": 10.34000015258789, "326": 10.350000381469727, "327": 10.350000381469727, "328": 10.350000381469727, "329": 10.359999656677246, "330": 10.359999656677246, "331": 10.359999656677246, "332": 10.369999885559082, "333": 10.369999885559082, "334": 10.369999885559082, "335": 10.369999885559082, "336": 10.369999885559082, "337": 10.399999618530273, "338": 10.399999618530273, "339": 10.399999618530273, "340": 10.5600004196167, "341": 10.5, "342": 10.5, "343": 10.5, "344": 10.5, "345": 10.5600004196167, "346": 10.539999961853027, "347": 10.539999961853027, "348": 10.539999961853027, "349": 10.529999732971191, "350": 10.550000190734863, "351": 10.539999961853027, "352": 10.539999961853027, "353": 10.539999961853027, "354": 10.539999961853027, "355": 10.539999961853027, "356": 10.550000190734863, "357": 10.550000190734863, "358": 10.550000190734863, "359": 10.579999923706055, "360": 10.579999923706055, "361": 10.579999923706055, "362": 10.579999923706055, "363": 10.579999923706055, "364": 10.579999923706055}, "low": {"0": 9.859999656677246, "1": 9.869999885559082, "2": 9.859999656677246, "3": 9.859999656677246, "4": 9.880000114440918, "5": 9.869999885559082, "6": 9.859999656677246, "7": 9.869999885559082, "8": 9.878000259399414, "9": 9.470000267028809, "10": 9.850000381469727, "11": 9.930000305175781, "12": 9.930000305175781, "13": 9.880000114440918, "14": 9.864999771118164, "15": 9.869999885559082, "16": 9.875, "17": 9.875, "18": 9.880000114440918, "19": 9.880000114440918, "20": 9.850000381469727, "21": 9.890000343322754, "22": 9.890000343322754, "23": 9.890000343322754, "24": 9.890000343322754, "25": 9.9399995803833, "26": 9.850000381469727, "27": 9.890000343322754, "28": 9.920000076293945, "29": 9.920000076293945, "30": 9.9399995803833, "31": 9.9399995803833, "32": 9.949999809265137, "33": 9.949999809265137, "34": 9.869999885559082, "35": 9.949999809265137, "36": 9.949999809265137, "37": 9.949999809265137, "38": 9.960000038146973, "39": 9.960000038146973, "40": 9.960000038146973, "41": 9.960000038146973, "42": 9.960000038146973, "43": 9.899999618530273, "44": 9.899999618530273, "45": 9.925000190734863, "46": 9.9399995803833, "47": 9.9399995803833, "48": 9.949999809265137, "49": 9.90999984741211, "50": 9.90999984741211, "51": 9.960000038146973, "52": 9.960000038146973, "53": 9.975000381469727, "54": 9.970000267028809, "55": 9.979999542236328, "56": 9.970000267028809, "57": 9.960000038146973, "58": 9.989999771118164, "59": 10.0, "60": 9.989999771118164, "61": 10.0, "62": 10.010000228881836, "63": 10.010000228881836, "64": 10.020000457763672, "65": 10.020000457763672, "66": 10.0, "67": 10.010000228881836, "68": 10.020000457763672, "69": 10.020000457763672, "70": 10.020000457763672, "71": 10.020000457763672, "72": 10.010000228881836, "73": 10.020000457763672, "74": 10.020000457763672, "75": 9.960000038146973, "76": 9.979999542236328, "77": 10.020000457763672, "78": 9.960000038146973, "79": 9.960000038146973, "80": 9.949999809265137, "81": 9.949999809265137, "82": 9.949999809265137, "83": 9.949999809265137, "84": 9.949999809265137, "85": 9.949999809265137, "86": 9.949999809265137, "87": 9.949999809265137, "88": 9.949999809265137, "89": 9.949999809265137, "90": 9.970000267028809, "91": 9.970000267028809, "92": 9.949999809265137, "93": 9.9399995803833, "94": 9.9399995803833, "95": 9.949999809265137, "96": 9.960000038146973, "97": 9.960000038146973, "98": 9.960000038146973, "99": 9.960000038146973, "100": 9.960000038146973, "101": 9.970000267028809, "102": 9.970000267028809, "103": 9.970000267028809, "104": 9.960000038146973, "105": 9.960000038146973, "106": 9.960000038146973, "107": 9.960000038146973, "108": 9.960000038146973, "109": 9.960000038146973, "110": 9.960000038146973, "111": 9.949999809265137, "112": 9.949999809265137, "113": 9.949999809265137, "114": 9.970000267028809, "115": 9.970000267028809, "116": 9.970000267028809, "117": 9.970000267028809, "118": 9.979999542236328, "119": 9.979999542236328, "120": 9.984999656677246, "121": 9.970000267028809, "122": 9.979999542236328, "123": 9.979999542236328, "124": 9.998000144958496, "125": 10.0, "126": 10.039999961853027, "127": 10.039999961853027, "128": 10.020000457763672, "129": 10.020000457763672, "130": 10.010000228881836, "131": 10.010000228881836, "132": 10.029999732971191, "133": 10.029999732971191, "134": 10.020000457763672, "135": 10.020000457763672, "136": 10.0, "137": 10.029999732971191, "138": 10.010000228881836, "139": 10.020000457763672, "140": 9.989999771118164, "141": 10.020000457763672, "142": 10.029999732971191, "143": 10.020000457763672, "144": 10.020000457763672, "145": 10.029999732971191, "146": 10.029999732971191, "147": 10.029999732971191, "148": 10.029999732971191, "149": 10.020000457763672, "150": 10.020000457763672, "151": 10.029999732971191, "152": 10.029999732971191, "153": 10.020000457763672, "154": 10.029999732971191, "155": 10.029999732971191, "156": 10.029999732971191, "157": 10.0, "158": 10.050000190734863, "159": 10.050000190734863, "160": 10.0600004196167, "161": 10.029999732971191, "162": 10.029999732971191, "163": 10.050000190734863, "164": 10.039999961853027, "165": 10.050000190734863, "166": 10.0, "167": 10.0600004196167, "168": 10.069999694824219, "169": 10.069999694824219, "170": 10.029999732971191, "171": 10.050000190734863, "172": 10.0600004196167, "173": 10.069999694824219, "174": 10.069999694824219, "175": 10.069999694824219, "176": 10.020000457763672, "177": 10.029999732971191, "178": 10.029999732971191, "179": 10.029999732971191, "180": 10.039999961853027, "181": 10.039999961853027, "182": 10.039999961853027, "183": 10.039999961853027, "184": 10.039999961853027, "185": 10.039999961853027, "186": 10.029999732971191, "187": 10.039999961853027, "188": 10.055000305175781, "189": 10.069999694824219, "190": 10.029999732971191, "191": 10.029999732971191, "192": 10.039999961853027, "193": 10.039999961853027, "194": 10.085000038146973, "195": 10.100000381469727, "196": 10.100000381469727, "197": 10.100000381469727, "198": 10.100000381469727, "199": 10.100000381469727, "200": 10.100000381469727, "201": 10.130000114440918, "202": 10.130000114440918, "203": 10.130000114440918, "204": 10.130000114440918, "205": 10.130000114440918, "206": 10.130000114440918, "207": 10.145000457763672, "208": 10.145000457763672, "209": 10.145000457763672, "210": 10.140000343322754, "211": 10.140000343322754, "212": 10.170000076293945, "213": 10.149999618530273, "214": 10.149999618530273, "215": 10.149999618530273, "216": 10.149999618530273, "217": 10.1850004196167, "218": 10.1850004196167, "219": 10.1850004196167, "220": 10.1899995803833, "221": 10.1899995803833, "222": 10.1899995803833, "223": 10.210000038146973, "224": 10.220000267028809, "225": 10.220000267028809, "226": 10.229999542236328, "227": 10.25, "228": 10.227999687194824, "229": 10.229999542236328, "230": 10.239999771118164, "231": 10.239999771118164, "232": 10.239999771118164, "233": 10.229999542236328, "234": 10.229999542236328, "235": 10.239999771118164, "236": 10.239999771118164, "237": 10.300000190734863, "238": 10.300000190734863, "239": 10.239999771118164, "240": 10.239999771118164, "241": 10.229999542236328, "242": 10.229999542236328, "243": 10.229999542236328, "244": 10.229999542236328, "245": 10.260000228881836, "246": 10.270000457763672, "247": 10.270000457763672, "248": 10.270000457763672, "249": 10.289999961853027, "250": 10.300000190734863, "251": 10.289999961853027, "252": 10.300000190734863, "253": 10.300000190734863, "254": 10.300000190734863, "255": 10.305000305175781, "256": 10.319999694824219, "257": 10.3100004196167, "258": 10.319999694824219, "259": 10.319999694824219, "260": 10.319999694824219, "261": 10.319999694824219, "262": 10.34000015258789, "263": 10.329999923706055, "264": 10.34000015258789, "265": 10.329999923706055, "266": 10.319999694824219, "267": 10.319999694824219, "268": 10.319999694824219, "269": 10.329999923706055, "270": 10.34000015258789, "271": 10.319999694824219, "272": 10.3100004196167, "273": 10.3100004196167, "274": 10.319999694824219, "275": 10.350000381469727, "276": 10.350000381469727, "277": 10.359999656677246, "278": 10.359999656677246, "279": 10.350000381469727, "280": 10.34000015258789, "281": 10.300000190734863, "282": 10.319999694824219, "283": 10.329999923706055, "284": 10.319999694824219, "285": 10.319999694824219, "286": 10.324999809265137, "287": 10.350000381469727, "288": 10.345000267028809, "289": 10.350000381469727, "290": 10.350000381469727, "291": 10.324999809265137, "292": 10.329999923706055, "293": 10.329999923706055, "294": 10.345000267028809, "295": 10.329999923706055, "296": 10.329999923706055, "297": 10.350000381469727, "298": 10.34000015258789, "299": 10.34000015258789, "300": 10.34000015258789, "301": 10.329999923706055, "302": 10.319999694824219, "303": 10.319999694824219, "304": 10.319999694824219, "305": 10.329999923706055, "306": 10.319999694824219, "307": 10.319999694824219, "308": 10.319999694824219, "309": 10.319999694824219, "310": 10.319999694824219, "311": 10.319999694824219, "312": 10.319999694824219, "313": 10.319999694824219, "314": 10.319999694824219, "315": 10.319999694824219, "316": 10.319999694824219, "317": 10.319999694824219, "318": 10.329999923706055, "319": 10.324999809265137, "320": 10.324999809265137, "321": 10.34000015258789, "322": 10.34000015258789, "323": 10.34000015258789, "324": 10.34000015258789, "325": 10.34000015258789, "326": 10.350000381469727, "327": 10.350000381469727, "328": 10.350000381469727, "329": 10.359999656677246, "330": 10.359999656677246, "331": 10.359999656677246, "332": 10.369999885559082, "333": 10.369999885559082, "334": 10.369999885559082, "335": 10.369999885559082, "336": 10.369999885559082, "337": 10.399999618530273, "338": 10.399999618530273, "339": 10.399999618530273, "340": 10.449999809265137, "341": 10.5, "342": 10.5, "343": 10.5, "344": 10.5, "345": 10.539999961853027, "346": 10.5, "347": 10.539999961853027, "348": 10.529999732971191, "349": 10.529999732971191, "350": 10.539999961853027, "351": 10.539999961853027, "352": 10.539999961853027, "353": 10.539999961853027, "354": 10.539999961853027, "355": 10.539999961853027, "356": 10.550000190734863, "357": 10.550000190734863, "358": 10.550000190734863, "359": 10.579999923706055, "360": 10.579999923706055, "361": 10.579999923706055, "362": 10.579999923706055, "363": 10.579999923706055, "364": 10.579999923706055}, "close": {"0": 9.880000114440918, "1": 9.90999984741211, "2": 9.859999656677246, "3": 9.868000030517578, "4": 9.899999618530273, "5": 9.869999885559082, "6": 9.880000114440918, "7": 9.878000259399414, "8": 9.878000259399414, "9": 9.989999771118164, "10": 9.890000343322754, "11": 9.949999809265137, "12": 9.958000183105469, "13": 9.960000038146973, "14": 9.864999771118164, "15": 9.875, "16": 9.875, "17": 9.875, "18": 9.880000114440918, "19": 9.880000114440918, "20": 9.869999885559082, "21": 9.890000343322754, "22": 9.890000343322754, "23": 9.890000343322754, "24": 9.890000343322754, "25": 10.0, "26": 9.890000343322754, "27": 9.890000343322754, "28": 9.920000076293945, "29": 9.920000076293945, "30": 9.9399995803833, "31": 9.949999809265137, "32": 9.949999809265137, "33": 9.949999809265137, "34": 9.949999809265137, "35": 9.949999809265137, "36": 9.949999809265137, "37": 9.949999809265137, "38": 9.960000038146973, "39": 9.960000038146973, "40": 9.960000038146973, "41": 9.960000038146973, "42": 9.960000038146973, "43": 9.899999618530273, "44": 9.899999618530273, "45": 9.9399995803833, "46": 9.9399995803833, "47": 9.9399995803833, "48": 9.949999809265137, "49": 9.90999984741211, "50": 9.90999984741211, "51": 9.960000038146973, "52": 9.960000038146973, "53": 9.979999542236328, "54": 9.970000267028809, "55": 9.979999542236328, "56": 10.0, "57": 9.989999771118164, "58": 9.989999771118164, "59": 10.0, "60": 10.0, "61": 10.0, "62": 10.010000228881836, "63": 10.020000457763672, "64": 10.020000457763672, "65": 10.020000457763672, "66": 10.0, "67": 10.020000457763672, "68": 10.020000457763672, "69": 10.020000457763672, "70": 10.020000457763672, "71": 10.020000457763672, "72": 10.010000228881836, "73": 10.020000457763672, "74": 10.020000457763672, "75": 9.979999542236328, "76": 10.020000457763672, "77": 10.020000457763672, "78": 9.960000038146973, "79": 9.975000381469727, "80": 9.949999809265137, "81": 9.949999809265137, "82": 9.949999809265137, "83": 9.949999809265137, "84": 9.949999809265137, "85": 9.949999809265137, "86": 9.949999809265137, "87": 9.949999809265137, "88": 9.949999809265137, "89": 9.949999809265137, "90": 9.979999542236328, "91": 9.970000267028809, "92": 9.960000038146973, "93": 9.9399995803833, "94": 9.9399995803833, "95": 9.960000038146973, "96": 9.970000267028809, "97": 9.960000038146973, "98": 9.960000038146973, "99": 9.979999542236328, "100": 9.960000038146973, "101": 9.970000267028809, "102": 9.970000267028809, "103": 9.970000267028809, "104": 9.960000038146973, "105": 9.960000038146973, "106": 9.960000038146973, "107": 9.960000038146973, "108": 9.960000038146973, "109": 9.960000038146973, "110": 9.960000038146973, "111": 9.949999809265137, "112": 9.949999809265137, "113": 9.949999809265137, "114": 9.970000267028809, "115": 9.970000267028809, "116": 9.970000267028809, "117": 9.970000267028809, "118": 9.979999542236328, "119": 9.984999656677246, "120": 9.984999656677246, "121": 9.979999542236328, "122": 9.979999542236328, "123": 10.020000457763672, "124": 10.0, "125": 10.0, "126": 10.039999961853027, "127": 10.039999961853027, "128": 10.020000457763672, "129": 10.020000457763672, "130": 10.010000228881836, "131": 10.020000457763672, "132": 10.029999732971191, "133": 10.029999732971191, "134": 10.029999732971191, "135": 10.020000457763672, "136": 10.029999732971191, "137": 10.029999732971191, "138": 10.010000228881836, "139": 10.020000457763672, "140": 10.020000457763672, "141": 10.029999732971191, "142": 10.029999732971191, "143": 10.020000457763672, "144": 10.029999732971191, "145": 10.029999732971191, "146": 10.029999732971191, "147": 10.029999732971191, "148": 10.029999732971191, "149": 10.020000457763672, "150": 10.020000457763672, "151": 10.029999732971191, "152": 10.029999732971191, "153": 10.029999732971191, "154": 10.029999732971191, "155": 10.029999732971191, "156": 10.029999732971191, "157": 10.0, "158": 10.050000190734863, "159": 10.0600004196167, "160": 10.0600004196167, "161": 10.029999732971191, "162": 10.029999732971191, "163": 10.0600004196167, "164": 10.0600004196167, "165": 10.0600004196167, "166": 10.069999694824219, "167": 10.069999694824219, "168": 10.069999694824219, "169": 10.069999694824219, "170": 10.069999694824219, "171": 10.0600004196167, "172": 10.0600004196167, "173": 10.069999694824219, "174": 10.069999694824219, "175": 10.069999694824219, "176": 10.029999732971191, "177": 10.029999732971191, "178": 10.029999732971191, "179": 10.029999732971191, "180": 10.039999961853027, "181": 10.039999961853027, "182": 10.039999961853027, "183": 10.039999961853027, "184": 10.039999961853027, "185": 10.039999961853027, "186": 10.029999732971191, "187": 10.039999961853027, "188": 10.069999694824219, "189": 10.069999694824219, "190": 10.029999732971191, "191": 10.029999732971191, "192": 10.039999961853027, "193": 10.039999961853027, "194": 10.09000015258789, "195": 10.100000381469727, "196": 10.100000381469727, "197": 10.100000381469727, "198": 10.100000381469727, "199": 10.100000381469727, "200": 10.100000381469727, "201": 10.130000114440918, "202": 10.130000114440918, "203": 10.130000114440918, "204": 10.130000114440918, "205": 10.130000114440918, "206": 10.130000114440918, "207": 10.145000457763672, "208": 10.145000457763672, "209": 10.145000457763672, "210": 10.149999618530273, "211": 10.170000076293945, "212": 10.170000076293945, "213": 10.149999618530273, "214": 10.149999618530273, "215": 10.149999618530273, "216": 10.149999618530273, "217": 10.1850004196167, "218": 10.1850004196167, "219": 10.1850004196167, "220": 10.1899995803833, "221": 10.210000038146973, "222": 10.210000038146973, "223": 10.210000038146973, "224": 10.220000267028809, "225": 10.225000381469727, "226": 10.229999542236328, "227": 10.25, "228": 10.227999687194824, "229": 10.239999771118164, "230": 10.239999771118164, "231": 10.239999771118164, "232": 10.239999771118164, "233": 10.229999542236328, "234": 10.239999771118164, "235": 10.239999771118164, "236": 10.239999771118164, "237": 10.300000190734863, "238": 10.300000190734863, "239": 10.239999771118164, "240": 10.239999771118164, "241": 10.229999542236328, "242": 10.229999542236328, "243": 10.229999542236328, "244": 10.229999542236328, "245": 10.260000228881836, "246": 10.270000457763672, "247": 10.270000457763672, "248": 10.270000457763672, "249": 10.300000190734863, "250": 10.300000190734863, "251": 10.289999961853027, "252": 10.300000190734863, "253": 10.300000190734863, "254": 10.300000190734863, "255": 10.319999694824219, "256": 10.319999694824219, "257": 10.319999694824219, "258": 10.319999694824219, "259": 10.319999694824219, "260": 10.319999694824219, "261": 10.34000015258789, "262": 10.34000015258789, "263": 10.329999923706055, "264": 10.34000015258789, "265": 10.329999923706055, "266": 10.319999694824219, "267": 10.321000099182129, "268": 10.34000015258789, "269": 10.34000015258789, "270": 10.34000015258789, "271": 10.319999694824219, "272": 10.3100004196167, "273": 10.3100004196167, "274": 10.350000381469727, "275": 10.359999656677246, "276": 10.359999656677246, "277": 10.359999656677246, "278": 10.359999656677246, "279": 10.359999656677246, "280": 10.34000015258789, "281": 10.300000190734863, "282": 10.329999923706055, "283": 10.329999923706055, "284": 10.329999923706055, "285": 10.324999809265137, "286": 10.324999809265137, "287": 10.350000381469727, "288": 10.345000267028809, "289": 10.350000381469727, "290": 10.350000381469727, "291": 10.324999809265137, "292": 10.329999923706055, "293": 10.34000015258789, "294": 10.345000267028809, "295": 10.329999923706055, "296": 10.350000381469727, "297": 10.350000381469727, "298": 10.34000015258789, "299": 10.34000015258789, "300": 10.34000015258789, "301": 10.34000015258789, "302": 10.319999694824219, "303": 10.329999923706055, "304": 10.319999694824219, "305": 10.329999923706055, "306": 10.319999694824219, "307": 10.319999694824219, "308": 10.319999694824219, "309": 10.319999694824219, "310": 10.319999694824219, "311": 10.319999694824219, "312": 10.319999694824219, "313": 10.319999694824219, "314": 10.319999694824219, "315": 10.319999694824219, "316": 10.319999694824219, "317": 10.319999694824219, "318": 10.329999923706055, "319": 10.324999809265137, "320": 10.34000015258789, "321": 10.34000015258789, "322": 10.34000015258789, "323": 10.34000015258789, "324": 10.34000015258789, "325": 10.34000015258789, "326": 10.350000381469727, "327": 10.350000381469727, "328": 10.350000381469727, "329": 10.359999656677246, "330": 10.359999656677246, "331": 10.359999656677246, "332": 10.369999885559082, "333": 10.369999885559082, "334": 10.369999885559082, "335": 10.369999885559082, "336": 10.369999885559082, "337": 10.399999618530273, "338": 10.399999618530273, "339": 10.399999618530273, "340": 10.5, "341": 10.5, "342": 10.5, "343": 10.5, "344": 10.5, "345": 10.539999961853027, "346": 10.539999961853027, "347": 10.539999961853027, "348": 10.529999732971191, "349": 10.529999732971191, "350": 10.550000190734863, "351": 10.539999961853027, "352": 10.539999961853027, "353": 10.539999961853027, "354": 10.539999961853027, "355": 10.539999961853027, "356": 10.550000190734863, "357": 10.550000190734863, "358": 10.550000190734863, "359": 10.579999923706055, "360": 10.579999923706055, "361": 10.579999923706055, "362": 10.579999923706055, "363": 10.579999923706055, "364": 10.579999923706055}, "volume": {"0": 5000, "1": 2400, "2": 100, "3": 1600, "4": 76800, "5": 1000, "6": 715500, "7": 26400, "8": 0, "9": 44300, "10": 14100, "11": 200, "12": 8100, "13": 12500, "14": 6900, "15": 2700, "16": 0, "17": 0, "18": 500, "19": 0, "20": 18700, "21": 14800, "22": 50700, "23": 100, "24": 0, "25": 900, "26": 3000, "27": 0, "28": 500000, "29": 0, "30": 341600, "31": 112500, "32": 0, "33": 0, "34": 1700, "35": 100, "36": 0, "37": 0, "38": 1200, "39": 0, "40": 0, "41": 0, "42": 0, "43": 300, "44": 0, "45": 700, "46": 800, "47": 0, "48": 131000, "49": 300, "50": 0, "51": 800, "52": 100, "53": 8400, "54": 3100, "55": 4500, "56": 82800, "57": 95000, "58": 200, "59": 5400, "60": 600, "61": 0, "62": 53000, "63": 1400, "64": 0, "65": 0, "66": 1000, "67": 700, "68": 0, "69": 110100, "70": 0, "71": 10000, "72": 30200, "73": 201900, "74": 6100, "75": 1704800, "76": 1100, "77": 0, "78": 68500, "79": 136000, "80": 500, "81": 0, "82": 0, "83": 0, "84": 0, "85": 0, "86": 0, "87": 0, "88": 25300, "89": 0, "90": 3500, "91": 1600, "92": 2000, "93": 1900, "94": 134600, "95": 98100, "96": 203900, "97": 38500, "98": 0, "99": 775100, "100": 1000, "101": 150100, "102": 2600, "103": 0, "104": 3000, "105": 0, "106": 0, "107": 24900, "108": 0, "109": 0, "110": 0, "111": 500, "112": 0, "113": 0, "114": 600, "115": 0, "116": 0, "117": 0, "118": 90500, "119": 100300, "120": 0, "121": 256700, "122": 700, "123": 1300, "124": 6300, "125": 0, "126": 100, "127": 200, "128": 19100, "129": 0, "130": 100, "131": 123500, "132": 100, "133": 0, "134": 7800, "135": 800, "136": 27300, "137": 3600, "138": 10000, "139": 100, "140": 5100, "141": 44700, "142": 0, "143": 21500, "144": 45300, "145": 20600, "146": 4700, "147": 0, "148": 800, "149": 1000, "150": 21300, "151": 300, "152": 0, "153": 54600, "154": 0, "155": 0, "156": 0, "157": 50800, "158": 1200, "159": 2000, "160": 0, "161": 50000, "162": 30100, "163": 15700, "164": 441700, "165": 35900, "166": 711900, "167": 502100, "168": 3200, "169": 100, "170": 15300, "171": 22400, "172": 0, "173": 400, "174": 100, "175": 100, "176": 4100, "177": 0, "178": 0, "179": 0, "180": 2100, "181": 0, "182": 0, "183": 100, "184": 100, "185": 0, "186": 100, "187": 100, "188": 7300, "189": 100, "190": 100, "191": 0, "192": 1500, "193": 200, "194": 17100, "195": 7200, "196": 0, "197": 0, "198": 0, "199": 0, "200": 0, "201": 2700, "202": 0, "203": 0, "204": 0, "205": 0, "206": 0, "207": 16500, "208": 0, "209": 0, "210": 1400, "211": 1500, "212": 0, "213": 2700, "214": 5200, "215": 5100, "216": 0, "217": 200, "218": 0, "219": 0, "220": 5100, "221": 5800, "222": 32100, "223": 0, "224": 100, "225": 406300, "226": 900, "227": 300, "228": 255300, "229": 6500, "230": 700, "231": 200, "232": 0, "233": 400, "234": 5300, "235": 200, "236": 0, "237": 100, "238": 0, "239": 200, "240": 0, "241": 10900, "242": 0, "243": 0, "244": 0, "245": 5300, "246": 1900, "247": 0, "248": 0, "249": 365100, "250": 1489200, "251": 65700, "252": 435700, "253": 130000, "254": 530000, "255": 753000, "256": 300, "257": 815600, "258": 805500, "259": 15100, "260": 5500, "261": 66000, "262": 0, "263": 49700, "264": 400, "265": 58100, "266": 25200, "267": 175100, "268": 69700, "269": 184200, "270": 2000, "271": 124200, "272": 100, "273": 0, "274": 137100, "275": 22800, "276": 6400, "277": 0, "278": 0, "279": 366500, "280": 1300, "281": 101500, "282": 900, "283": 0, "284": 500, "285": 6500, "286": 0, "287": 75100, "288": 50200, "289": 500, "290": 0, "291": 1100, "292": 42100, "293": 123600, "294": 800, "295": 9300, "296": 5300, "297": 0, "298": 200, "299": 8000, "300": 51200, "301": 23100, "302": 7000, "303": 223400, "304": 3800, "305": 2500, "306": 8600, "307": 24800, "308": 0, "309": 0, "310": 0, "311": 0, "312": 0, "313": 100, "314": 0, "315": 0, "316": 0, "317": 200, "318": 100, "319": 2100, "320": 50200, "321": 100, "322": 7600, "323": 0, "324": 0, "325": 0, "326": 11000, "327": 2000, "328": 8300, "329": 30300, "330": 37500, "331": 0, "332": 5000, "333": 0, "334": 0, "335": 0, "336": 0, "337": 11700, "338": 12000, "339": 0, "340": 2000, "341": 0, "342": 0, "343": 0, "344": 100, "345": 4700, "346": 800, "347": 0, "348": 9000, "349": 0, "350": 700, "351": 200, "352": 0, "353": 0, "354": 0, "355": 0, "356": 200, "357": 0, "358": 800, "359": 800, "360": 0, "361": 0, "362": 0, "363": 100, "364": 0}, "adjclose": {"0": 9.880000114440918, "1": 9.90999984741211, "2": 9.859999656677246, "3": 9.868000030517578, "4": 9.899999618530273, "5": 9.869999885559082, "6": 9.880000114440918, "7": 9.878000259399414, "8": 9.878000259399414, "9": 9.989999771118164, "10": 9.890000343322754, "11": 9.949999809265137, "12": 9.958000183105469, "13": 9.960000038146973, "14": 9.864999771118164, "15": 9.875, "16": 9.875, "17": 9.875, "18": 9.880000114440918, "19": 9.880000114440918, "20": 9.869999885559082, "21": 9.890000343322754, "22": 9.890000343322754, "23": 9.890000343322754, "24": 9.890000343322754, "25": 10.0, "26": 9.890000343322754, "27": 9.890000343322754, "28": 9.920000076293945, "29": 9.920000076293945, "30": 9.9399995803833, "31": 9.949999809265137, "32": 9.949999809265137, "33": 9.949999809265137, "34": 9.949999809265137, "35": 9.949999809265137, "36": 9.949999809265137, "37": 9.949999809265137, "38": 9.960000038146973, "39": 9.960000038146973, "40": 9.960000038146973, "41": 9.960000038146973, "42": 9.960000038146973, "43": 9.899999618530273, "44": 9.899999618530273, "45": 9.9399995803833, "46": 9.9399995803833, "47": 9.9399995803833, "48": 9.949999809265137, "49": 9.90999984741211, "50": 9.90999984741211, "51": 9.960000038146973, "52": 9.960000038146973, "53": 9.979999542236328, "54": 9.970000267028809, "55": 9.979999542236328, "56": 10.0, "57": 9.989999771118164, "58": 9.989999771118164, "59": 10.0, "60": 10.0, "61": 10.0, "62": 10.010000228881836, "63": 10.020000457763672, "64": 10.020000457763672, "65": 10.020000457763672, "66": 10.0, "67": 10.020000457763672, "68": 10.020000457763672, "69": 10.020000457763672, "70": 10.020000457763672, "71": 10.020000457763672, "72": 10.010000228881836, "73": 10.020000457763672, "74": 10.020000457763672, "75": 9.979999542236328, "76": 10.020000457763672, "77": 10.020000457763672, "78": 9.960000038146973, "79": 9.975000381469727, "80": 9.949999809265137, "81": 9.949999809265137, "82": 9.949999809265137, "83": 9.949999809265137, "84": 9.949999809265137, "85": 9.949999809265137, "86": 9.949999809265137, "87": 9.949999809265137, "88": 9.949999809265137, "89": 9.949999809265137, "90": 9.979999542236328, "91": 9.970000267028809, "92": 9.960000038146973, "93": 9.9399995803833, "94": 9.9399995803833, "95": 9.960000038146973, "96": 9.970000267028809, "97": 9.960000038146973, "98": 9.960000038146973, "99": 9.979999542236328, "100": 9.960000038146973, "101": 9.970000267028809, "102": 9.970000267028809, "103": 9.970000267028809, "104": 9.960000038146973, "105": 9.960000038146973, "106": 9.960000038146973, "107": 9.960000038146973, "108": 9.960000038146973, "109": 9.960000038146973, "110": 9.960000038146973, "111": 9.949999809265137, "112": 9.949999809265137, "113": 9.949999809265137, "114": 9.970000267028809, "115": 9.970000267028809, "116": 9.970000267028809, "117": 9.970000267028809, "118": 9.979999542236328, "119": 9.984999656677246, "120": 9.984999656677246, "121": 9.979999542236328, "122": 9.979999542236328, "123": 10.020000457763672, "124": 10.0, "125": 10.0, "126": 10.039999961853027, "127": 10.039999961853027, "128": 10.020000457763672, "129": 10.020000457763672, "130": 10.010000228881836, "131": 10.020000457763672, "132": 10.029999732971191, "133": 10.029999732971191, "134": 10.029999732971191, "135": 10.020000457763672, "136": 10.029999732971191, "137": 10.029999732971191, "138": 10.010000228881836, "139": 10.020000457763672, "140": 10.020000457763672, "141": 10.029999732971191, "142": 10.029999732971191, "143": 10.020000457763672, "144": 10.029999732971191, "145": 10.029999732971191, "146": 10.029999732971191, "147": 10.029999732971191, "148": 10.029999732971191, "149": 10.020000457763672, "150": 10.020000457763672, "151": 10.029999732971191, "152": 10.029999732971191, "153": 10.029999732971191, "154": 10.029999732971191, "155": 10.029999732971191, "156": 10.029999732971191, "157": 10.0, "158": 10.050000190734863, "159": 10.0600004196167, "160": 10.0600004196167, "161": 10.029999732971191, "162": 10.029999732971191, "163": 10.0600004196167, "164": 10.0600004196167, "165": 10.0600004196167, "166": 10.069999694824219, "167": 10.069999694824219, "168": 10.069999694824219, "169": 10.069999694824219, "170": 10.069999694824219, "171": 10.0600004196167, "172": 10.0600004196167, "173": 10.069999694824219, "174": 10.069999694824219, "175": 10.069999694824219, "176": 10.029999732971191, "177": 10.029999732971191, "178": 10.029999732971191, "179": 10.029999732971191, "180": 10.039999961853027, "181": 10.039999961853027, "182": 10.039999961853027, "183": 10.039999961853027, "184": 10.039999961853027, "185": 10.039999961853027, "186": 10.029999732971191, "187": 10.039999961853027, "188": 10.069999694824219, "189": 10.069999694824219, "190": 10.029999732971191, "191": 10.029999732971191, "192": 10.039999961853027, "193": 10.039999961853027, "194": 10.09000015258789, "195": 10.100000381469727, "196": 10.100000381469727, "197": 10.100000381469727, "198": 10.100000381469727, "199": 10.100000381469727, "200": 10.100000381469727, "201": 10.130000114440918, "202": 10.130000114440918, "203": 10.130000114440918, "204": 10.130000114440918, "205": 10.130000114440918, "206": 10.130000114440918, "207": 10.145000457763672, "208": 10.145000457763672, "209": 10.145000457763672, "210": 10.149999618530273, "211": 10.170000076293945, "212": 10.170000076293945, "213": 10.149999618530273, "214": 10.149999618530273, "215": 10.149999618530273, "216": 10.149999618530273, "217": 10.1850004196167, "218": 10.1850004196167, "219": 10.1850004196167, "220": 10.1899995803833, "221": 10.210000038146973, "222": 10.210000038146973, "223": 10.210000038146973, "224": 10.220000267028809, "225": 10.225000381469727, "226": 10.229999542236328, "227": 10.25, "228": 10.227999687194824, "229": 10.239999771118164, "230": 10.239999771118164, "231": 10.239999771118164, "232": 10.239999771118164, "233": 10.229999542236328, "234": 10.239999771118164, "235": 10.239999771118164, "236": 10.239999771118164, "237": 10.300000190734863, "238": 10.300000190734863, "239": 10.239999771118164, "240": 10.239999771118164, "241": 10.229999542236328, "242": 10.229999542236328, "243": 10.229999542236328, "244": 10.229999542236328, "245": 10.260000228881836, "246": 10.270000457763672, "247": 10.270000457763672, "248": 10.270000457763672, "249": 10.300000190734863, "250": 10.300000190734863, "251": 10.289999961853027, "252": 10.300000190734863, "253": 10.300000190734863, "254": 10.300000190734863, "255": 10.319999694824219, "256": 10.319999694824219, "257": 10.319999694824219, "258": 10.319999694824219, "259": 10.319999694824219, "260": 10.319999694824219, "261": 10.34000015258789, "262": 10.34000015258789, "263": 10.329999923706055, "264": 10.34000015258789, "265": 10.329999923706055, "266": 10.319999694824219, "267": 10.321000099182129, "268": 10.34000015258789, "269": 10.34000015258789, "270": 10.34000015258789, "271": 10.319999694824219, "272": 10.3100004196167, "273": 10.3100004196167, "274": 10.350000381469727, "275": 10.359999656677246, "276": 10.359999656677246, "277": 10.359999656677246, "278": 10.359999656677246, "279": 10.359999656677246, "280": 10.34000015258789, "281": 10.300000190734863, "282": 10.329999923706055, "283": 10.329999923706055, "284": 10.329999923706055, "285": 10.324999809265137, "286": 10.324999809265137, "287": 10.350000381469727, "288": 10.345000267028809, "289": 10.350000381469727, "290": 10.350000381469727, "291": 10.324999809265137, "292": 10.329999923706055, "293": 10.34000015258789, "294": 10.345000267028809, "295": 10.329999923706055, "296": 10.350000381469727, "297": 10.350000381469727, "298": 10.34000015258789, "299": 10.34000015258789, "300": 10.34000015258789, "301": 10.34000015258789, "302": 10.319999694824219, "303": 10.329999923706055, "304": 10.319999694824219, "305": 10.329999923706055, "306": 10.319999694824219, "307": 10.319999694824219, "308": 10.319999694824219, "309": 10.319999694824219, "310": 10.319999694824219, "311": 10.319999694824219, "312": 10.319999694824219, "313": 10.319999694824219, "314": 10.319999694824219, "315": 10.319999694824219, "316": 10.319999694824219, "317": 10.319999694824219, "318": 10.329999923706055, "319": 10.324999809265137, "320": 10.34000015258789, "321": 10.34000015258789, "322": 10.34000015258789, "323": 10.34000015258789, "324": 10.34000015258789, "325": 10.34000015258789, "326": 10.350000381469727, "327": 10.350000381469727, "328": 10.350000381469727, "329": 10.359999656677246, "330": 10.359999656677246, "331": 10.359999656677246, "332": 10.369999885559082, "333": 10.369999885559082, "334": 10.369999885559082, "335": 10.369999885559082, "336": 10.369999885559082, "337": 10.399999618530273, "338": 10.399999618530273, "339": 10.399999618530273, "340": 10.5, "341": 10.5, "342": 10.5, "343": 10.5, "344": 10.5, "345": 10.539999961853027, "346": 10.539999961853027, "347": 10.539999961853027, "348": 10.529999732971191, "349": 10.529999732971191, "350": 10.550000190734863, "351": 10.539999961853027, "352": 10.539999961853027, "353": 10.539999961853027, "354": 10.539999961853027, "355": 10.539999961853027, "356": 10.550000190734863, "357": 10.550000190734863, "358": 10.550000190734863, "359": 10.579999923706055, "360": 10.579999923706055, "361": 10.579999923706055, "362": 10.579999923706055, "363": 10.579999923706055, "364": 10.579999923706055}}, "profile": {"address1": "2815 Eastlake Avenue East", "address2": "Suite 300", "city": "Seattle", "state": "WA", "zip": "98102", "country": "United States", "phone": "206 957 7300", "website": "https://alsporchidacquisition1.com", "industry": "Shell Companies", "industryDisp": "Shell Companies", "sector": "Financial Services", "longBusinessSummary": "ALSP Orchid Acquisition Corporation I does not have significant operations. It focuses on effecting a merger, share exchange, asset acquisition, share purchase, reorganization, or similar business combination with one or more businesses. It intends to target life science companies in North America and Singapore. ALSP Orchid Acquisition Corporation I was incorporated in 2021 and is based in Seattle, Washington.", "companyOfficers": [{"maxAge": 1, "name": "Mr. Thong Q. Le M.D.", "age": 45, "title": "CEO, Pres & Director", "yearBorn": 1977, "exercisedValue": 0, "unexercisedValue": 0}, {"maxAge": 1, "name": "Mr. Ian A. W. Howes A.C.A., M.B.A.", "age": 63, "title": "CFO & Director", "yearBorn": 1959, "exercisedValue": 0, "unexercisedValue": 0}, {"maxAge": 1, "name": "Mr. Andras T. Forgacs MBA", "age": 45, "title": "Chief Operating Officer", "yearBorn": 1977, "exercisedValue": 0, "unexercisedValue": 0}, {"maxAge": 1, "name": "Dr. Kendall M. Mohler Ph.D.", "age": 66, "title": "Chief Devel. Officer", "yearBorn": 1956, "exercisedValue": 0, "unexercisedValue": 0}, {"maxAge": 1, "name": "Dr. Kevin T. Chow Ph.D.", "age": 51, "title": "Chief Bus. Officer", "yearBorn": 1971, "exercisedValue": 0, "unexercisedValue": 0}], "maxAge": 86400, "latitude": 47.64591300750428, "longitude": -122.32610296566324}}