{"income_statement": {"annual": {"Year": {"1": "Selling, General & Admin", "2": "Operating Expenses", "3": "Operating Income", "4": "Other Expense / Income", "5": "Pretax Income", "6": "Income Tax", "7": "Net Income", "8": "Shares Outstanding (Basic)", "9": "Shares Outstanding (Diluted)", "10": "Shares Change", "11": "EPS (Basic)", "12": "EPS (Diluted)", "13": "Free Cash Flow Per Share", "14": "Effective Tax Rate", "15": "EBITDA", "16": "EBIT"}, "2022": {"1": "1.65", "2": "1.65", "3": "-1.65", "4": "-2.25", "5": "0.6", "6": "0.39", "7": "0.2", "8": "20", "9": "20", "10": "80.04%", "11": "0.01", "12": "0.01", "13": "-0.03", "14": "65.62%", "15": "0.6", "16": "0.6"}, "2021": {"1": "0.47", "2": "0.47", "3": "-0.47", "4": "-0.14", "5": "-0.33", "6": "0", "7": "-0.33", "8": "11", "9": "11", "10": "-", "11": "-0.03", "12": "-0.03", "13": "-0.04", "14": "-", "15": "-0.33", "16": "-0.33"}}, "quarterly": {"Metrics": {"1": "Selling, General & Admin", "2": "Other Operating Expenses", "3": "Operating Expenses", "4": "Operating Income", "5": "Other Expense / Income", "6": "Pretax Income", "7": "Income Tax", "8": "Net Income", "9": "Net Income Growth", "10": "Shares Outstanding (Basic)", "11": "Shares Outstanding (Diluted)", "12": "Shares Change", "13": "EPS (Basic)", "14": "EPS (Diluted)", "15": "Free Cash Flow Per Share", "16": "Effective Tax Rate", "17": "EBITDA", "18": "EBIT"}, "2022-12-31": {"1": "0.71", "2": "0", "3": "0.71", "4": "-0.71", "5": "-1.34", "6": "0.63", "7": "0.39", "8": "0.24", "9": "-", "10": "20", "11": "20", "12": "80.04%", "13": "0.01", "14": "0.01", "15": "-0.01", "16": "62.11%", "17": "0.63", "18": "0.63"}, "2022-09-30": {"1": "0.12", "2": "0", "3": "0.12", "4": "-0.12", "5": "-0.7", "6": "0.57", "7": "-0.27", "8": "0.84", "9": "1871.21%", "10": "20", "11": "20", "12": "33.17%", "13": "-0.04", "14": "-0.04", "15": "-0.01", "16": "-46.38%", "17": "0.57", "18": "0.57"}, "2022-06-30": {"1": "0.29", "2": "0", "3": "0.29", "4": "-0.29", "5": "-0.21", "6": "-0.08", "7": "0.27", "8": "-0.35", "9": "-", "10": "20", "11": "20", "12": "427.17%", "13": "-0.02", "14": "-0.02", "15": "-0.00", "16": "-", "17": "-0.08", "18": "-0.08"}, "2022-03-31": {"1": "0.54", "2": "0", "3": "0.54", "4": "-0.54", "5": "-0.01", "6": "-0.53", "7": "0", "8": "-0.53", "9": "-", "10": "20", "11": "20", "12": "427.17%", "13": "-0.03", "14": "-0.03", "15": "-0.01", "16": "-", "17": "-0.53", "18": "-0.53"}, "2021-12-31": {"1": "0.37", "2": "0", "3": "0.37", "4": "-0.37", "5": "-0.01", "6": "-0.36", "7": "0", "8": "-0.36", "9": "-", "10": "11", "11": "11", "12": "-", "13": "-0.03", "14": "-0.03", "15": "-0.01", "16": "-", "17": "-0.36", "18": "-0.36"}, "2021-09-30": {"1": "0.09", "2": "0", "3": "0.09", "4": "-0.09", "5": "-0.13", "6": "0.04", "7": "0", "8": "0.04", "9": "-", "10": "15", "11": "15", "12": "-", "13": "-", "14": "-", "15": "-0.03", "16": "-", "17": "0.04", "18": "0.04"}, "2021-06-30": {"1": "0.01", "2": "0", "3": "0.01", "4": "-0.01", "5": "-", "6": "-0.01", "7": "0", "8": "-0.01", "9": "-", "10": "4", "11": "4", "12": "-", "13": "-", "14": "-", "15": "-0.00", "16": "-", "17": "-0.01", "18": "-0.01"}, "2021-03-31": {"1": "0", "2": "0", "3": "0", "4": "-0", "5": "-", "6": "-0", "7": "0", "8": "-0", "9": "-", "10": "4", "11": "4", "12": "-", "13": "-", "14": "-", "15": "-", "16": "-", "17": "-0", "18": "-0"}}}, "balance_sheet": {"annual": {"Year": {"1": "Cash & Equivalents", "2": "Cash & Cash Equivalents", "3": "Cash Growth", "4": "Other Current Assets", "5": "Total Current Assets", "6": "Long-Term Investments", "7": "Total Long-Term Assets", "8": "Total Assets", "9": "Accounts Payable", "10": "Other Current Liabilities", "11": "Total Current Liabilities", "12": "Other Long-Term Liabilities", "13": "Total Long-Term Liabilities", "14": "Total Liabilities", "15": "Common Stock", "16": "Retained Earnings", "17": "Shareholders' Equity", "18": "Total Liabilities and Equity", "19": "Net Cash / Debt", "20": "Net Cash / Debt Growth", "21": "Net Cash Per Share", "22": "Working Capital", "23": "Book Value Per Share"}, "2022": {"1": "0.19", "2": "0.19", "3": "-75.76%", "4": "0.1", "5": "0.29", "6": "156.69", "7": "156.69", "8": "156.98", "9": "1.29", "10": "0.39", "11": "1.68", "12": "5.41", "13": "5.41", "14": "7.09", "15": "0", "16": "-6.02", "17": "-6.02", "18": "1.07", "19": "0.19", "20": "-75.76%", "21": "0.01", "22": "-1.4", "23": "-0.30"}, "2021": {"1": "0.77", "2": "0.77", "3": "-", "4": "0.2", "5": "0.97", "6": "154.45", "7": "154.45", "8": "155.42", "9": "0.22", "10": "0.11", "11": "0.33", "12": "5.41", "13": "5.41", "14": "5.74", "15": "0", "16": "-4.76", "17": "-4.76", "18": "0.97", "19": "0.77", "20": "-", "21": "0.07", "22": "0.64", "23": "-0.43"}}, "quarterly": {"Metrics": {"1": "Cash & Equivalents", "2": "Cash & Cash Equivalents", "3": "Cash Growth", "4": "Other Current Assets", "5": "Total Current Assets", "6": "Long-Term Investments", "7": "Total Long-Term Assets", "8": "Total Assets", "9": "Accounts Payable", "10": "Other Current Liabilities", "11": "Total Current Liabilities", "12": "Other Long-Term Liabilities", "13": "Total Long-Term Liabilities", "14": "Total Liabilities", "15": "Common Stock", "16": "Retained Earnings", "17": "Shareholders' Equity", "18": "Total Liabilities and Equity", "19": "Net Cash / Debt", "20": "Net Cash / Debt Growth", "21": "Net Cash Per Share", "22": "Working Capital", "23": "Book Value Per Share"}, "2022-12-31": {"1": "0.19", "2": "0.19", "3": "-75.76%", "4": "0.1", "5": "0.29", "6": "156.69", "7": "156.69", "8": "156.98", "9": "1.29", "10": "0.39", "11": "1.68", "12": "5.41", "13": "5.41", "14": "7.09", "15": "0", "16": "-6.02", "17": "-6.02", "18": "1.07", "19": "0.19", "20": "-75.76%", "21": "0.01", "22": "-1.4", "23": "-0.30"}, "2022-09-30": {"1": "0.38", "2": "0.38", "3": "-55.65%", "4": "0.15", "5": "0.53", "6": "155.36", "7": "155.36", "8": "155.89", "9": "0", "10": "0.83", "11": "0.83", "12": "5.41", "13": "5.41", "14": "6.24", "15": "0", "16": "-5.37", "17": "-5.37", "18": "0.86", "19": "0.38", "20": "-55.65%", "21": "0.02", "22": "-0.3", "23": "-0.27"}, "2022-06-30": {"1": "0.55", "2": "0.55", "3": "-", "4": "0.06", "5": "0.62", "6": "154.66", "7": "154.66", "8": "155.28", "9": "0", "10": "1.06", "11": "1.06", "12": "5.41", "13": "5.41", "14": "6.47", "15": "0", "16": "-5.64", "17": "-5.64", "18": "0.82", "19": "0.55", "20": "-", "21": "0.03", "22": "-0.44", "23": "-0.29"}, "2022-03-31": {"1": "0.59", "2": "0.59", "3": "-", "4": "0.16", "5": "0.76", "6": "154.46", "7": "154.46", "8": "155.21", "9": "0", "10": "0.65", "11": "0.65", "12": "5.41", "13": "5.41", "14": "6.05", "15": "0", "16": "-5.3", "17": "-5.3", "18": "0.76", "19": "0.59", "20": "-", "21": "0.03", "22": "0.11", "23": "-0.27"}, "2021-12-31": {"1": "0.77", "2": "0.77", "3": "-", "4": "0.2", "5": "0.97", "6": "154.45", "7": "154.45", "8": "155.42", "9": "0.22", "10": "0.11", "11": "0.33", "12": "5.41", "13": "5.41", "14": "5.74", "15": "0", "16": "-4.76", "17": "-4.76", "18": "0.97", "19": "0.77", "20": "-", "21": "0.07", "22": "0.64", "23": "-0.43"}, "2021-09-30": {"1": "0.85", "2": "0.85", "3": "-", "4": "0.28", "5": "1.13", "6": "154.44", "7": "154.44", "8": "155.58", "9": "0", "10": "0.12", "11": "0.12", "12": "5.41", "13": "5.41", "14": "5.53", "15": "0", "16": "-4.39", "17": "-4.39", "18": "1.13", "19": "0.85", "20": "-", "21": "0.06", "22": "1.01", "23": "-0.30"}, "2021-06-30": {"1": "0", "2": "0", "3": "-", "4": "-", "5": "-", "6": "-", "7": "-", "8": "0.32", "9": "0.06", "10": "0.24", "11": "0.3", "12": "0", "13": "0", "14": "0.3", "15": "0.03", "16": "-0.01", "17": "0.02", "18": "0.32", "19": "0", "20": "-", "21": "-", "22": "-", "23": "0.01"}, "2021-03-31": {"1": "0", "2": "0", "3": "-", "4": "-", "5": "-", "6": "-", "7": "-", "8": "0.08", "9": "0.05", "10": "0.01", "11": "0.06", "12": "0", "13": "0", "14": "0.06", "15": "0.03", "16": "-0", "17": "0.02", "18": "0.08", "19": "0", "20": "-", "21": "-", "22": "-", "23": "0.01"}, "2021-01-25": {"1": "0", "2": "0", "3": "-", "4": "-", "5": "-", "6": "-", "7": "-", "8": "0.03", "9": "0", "10": "0.01", "11": "0.01", "12": "0", "13": "0", "14": "0.01", "15": "0.03", "16": "-0", "17": "0.02", "18": "0.03", "19": "0", "20": "-", "21": "-", "22": "-", "23": "-"}}}, "cash_flow_statement": {"annual": {"Year": {"1": "Net Income", "2": "Other Operating Activities", "3": "Operating Cash Flow", "4": "Change in Investments", "5": "Investing Cash Flow", "6": "Share Issuance / Repurchase", "7": "Debt Issued / Paid", "8": "Other Financing Activities", "9": "Financing Cash Flow", "10": "Net Cash Flow", "11": "Free Cash Flow", "12": "Free Cash Flow Per Share"}, "2022": {"1": "0.2", "2": "-0.69", "3": "-0.49", "4": "0", "5": "0", "6": "0", "7": "0", "8": "-0.1", "9": "-0.1", "10": "-0.59", "11": "-0.49", "12": "-0.03"}, "2021": {"1": "-0.33", "2": "-0.12", "3": "-0.45", "4": "-154.44", "5": "-154.44", "6": "159.08", "7": "0.06", "8": "-3.47", "9": "155.67", "10": "0.77", "11": "-0.45", "12": "-0.04"}}, "quarterly": {"Metrics": {"1": "Net Income", "2": "Other Operating Activities", "3": "Operating Cash Flow", "4": "Share Issuance / Repurchase", "5": "Debt Issued / Paid", "6": "Other Financing Activities", "7": "Financing Cash Flow", "8": "Net Cash Flow", "9": "Free Cash Flow", "10": "Free Cash Flow Per Share"}, "2022-12-31": {"1": "0.24", "2": "-0.43", "3": "-0.19", "4": "0", "5": "0", "6": "-", "7": "0", "8": "-0.19", "9": "-0.19", "10": "-0.01"}, "2022-09-30": {"1": "0.84", "2": "-0.95", "3": "-0.1", "4": "0", "5": "0", "6": "-0.07", "7": "-0.07", "8": "-0.17", "9": "-0.1", "10": "-0.01"}, "2022-06-30": {"1": "-0.35", "2": "0.3", "3": "-0.04", "4": "0", "5": "0", "6": "-", "7": "0", "8": "-0.4", "9": "-0.04", "10": "-0.00"}, "2022-03-31": {"1": "-0.53", "2": "0.38", "3": "-0.15", "4": "0", "5": "0", "6": "-0.03", "7": "-0.03", "8": "0.18", "9": "-0.15", "10": "-0.01"}, "2021-12-31": {"1": "-0.36", "2": "0.29", "3": "-0.07", "4": "0", "5": "0", "6": "-0.01", "7": "-0", "8": "-0.08", "9": "-0.07", "10": "-0.01"}, "2021-09-30": {"1": "0.04", "2": "-0.42", "3": "-0.37", "4": "159.08", "5": "-0", "6": "-3.41", "7": "155.66", "8": "0.85", "9": "-0.37", "10": "-0.03"}, "2021-06-30": {"1": "-0.01", "2": "-", "3": "-0.01", "4": "0", "5": "0", "6": "0.01", "7": "0.01", "8": "0", "9": "-0.01", "10": "-0.00"}, "2021-03-31": {"1": "-0", "2": "0", "3": "0", "4": "0", "5": "0", "6": "-", "7": "0", "8": "0", "9": "0", "10": "-"}}}, "ratios": {"annual": {"Year": {"1": "Market Capitalization", "2": "Market Cap Growth", "3": "Enterprise Value", "4": "PE Ratio", "5": "PB Ratio", "6": "P/FCF Ratio", "7": "P/OCF Ratio", "8": "EV/EBITDA Ratio", "9": "EV/EBIT Ratio", "10": "EV/FCF Ratio", "11": "Current Ratio", "12": "Return on Equity (ROE)", "13": "Return on Assets (ROA)", "14": "Return on Capital (ROIC)", "15": "Earnings Yield", "16": "FCF Yield", "17": "Buyback Yield / Dilution", "18": "Total Shareholder Return"}, "Current": {"1": "202", "2": "-", "3": "202", "4": "1023.00", "5": "-32.58", "6": "-401.14", "7": "-401.14", "8": "338.56", "9": "338.56", "10": "-400.76", "11": "0.17", "12": "-3.70%", "13": "0.10%", "14": "0.40%", "15": "0.10%", "16": "-0.24%", "17": "-80.04%", "18": "-80.04%"}, "2022": {"1": "196", "2": "3.09%", "3": "196", "4": "956.38", "5": "-32.58", "6": "-401.14", "7": "-401.14", "8": "328.53", "9": "328.53", "10": "-400.76", "11": "0.17", "12": "-3.70%", "13": "0.10%", "14": "0.40%", "15": "0.10%", "16": "-0.25%", "17": "-80.04%", "18": "-80.04%"}, "2021": {"1": "190", "2": "-", "3": "189", "4": "-577.38", "5": "-39.93", "6": "-421.52", "7": "-421.52", "8": "-575.03", "9": "-575.03", "10": "-419.81", "11": "2.95", "12": "14.50%", "13": "-0.40%", "14": "-0.40%", "15": "-0.17%", "16": "-0.24%", "17": "-", "18": "-"}}, "quarterly": {"Metrics": {"1": "Market Capitalization", "2": "Market Cap Growth", "3": "Enterprise Value", "4": "PE Ratio", "5": "PB Ratio", "6": "Current Ratio", "7": "Buyback Yield / Dilution", "8": "Total Shareholder Return"}, "Current": {"1": "202", "2": "-", "3": "202", "4": "1023.00", "5": "-32.58", "6": "0.17", "7": "-80.04%", "8": "-80.04%"}, "2022-12-31": {"1": "196", "2": "3.09%", "3": "196", "4": "956.38", "5": "-32.58", "6": "0.17", "7": "-80.04%", "8": "-80.04%"}, "2022-09-30": {"1": "193", "2": "3.00%", "3": "192", "4": "-483.60", "5": "-35.84", "6": "0.64", "7": "-33.17%", "8": "-33.17%"}, "2022-06-30": {"1": "191", "2": "-", "3": "191", "4": "-159.96", "5": "-33.90", "6": "0.58", "7": "-427.17%", "8": "-427.17%"}, "2022-03-31": {"1": "193", "2": "-", "3": "192", "4": "-225.02", "5": "-36.35", "6": "1.17", "7": "-427.17%", "8": "-427.17%"}, "2021-12-31": {"1": "190", "2": "-", "3": "189", "4": "-577.38", "5": "-39.93", "6": "2.95", "7": "-", "8": "-"}, "2021-09-30": {"1": "187", "2": "-", "3": "186", "4": "-", "5": "-42.56", "6": "9.47", "7": "-", "8": "-"}}}, "stock_price": {"symbol": {"0": "ALPA", "1": "ALPA", "2": "ALPA", "3": "ALPA", "4": "ALPA", "5": "ALPA", "6": "ALPA", "7": "ALPA", "8": "ALPA", "9": "ALPA", "10": "ALPA", "11": "ALPA", "12": "ALPA", "13": "ALPA", "14": "ALPA", "15": "ALPA", "16": "ALPA", "17": "ALPA", "18": "ALPA", "19": "ALPA", "20": "ALPA", "21": "ALPA", "22": "ALPA", "23": "ALPA", "24": "ALPA", "25": "ALPA", "26": "ALPA", "27": "ALPA", "28": "ALPA", "29": "ALPA", "30": "ALPA", "31": "ALPA", "32": "ALPA", "33": "ALPA", "34": "ALPA", "35": "ALPA", "36": "ALPA", "37": "ALPA", "38": "ALPA", "39": "ALPA", "40": "ALPA", "41": "ALPA", "42": "ALPA", "43": "ALPA", "44": "ALPA", "45": "ALPA", "46": "ALPA", "47": "ALPA", "48": "ALPA", "49": "ALPA", "50": "ALPA", "51": "ALPA", "52": "ALPA", "53": "ALPA", "54": "ALPA", "55": "ALPA", "56": "ALPA", "57": "ALPA", "58": "ALPA", "59": "ALPA", "60": "ALPA", "61": "ALPA", "62": "ALPA", "63": "ALPA", "64": "ALPA", "65": "ALPA", "66": "ALPA", "67": "ALPA", "68": "ALPA", "69": "ALPA", "70": "ALPA", "71": "ALPA", "72": "ALPA", "73": "ALPA", "74": "ALPA", "75": "ALPA", "76": "ALPA", "77": "ALPA", "78": "ALPA", "79": "ALPA", "80": "ALPA", "81": "ALPA", "82": "ALPA", "83": "ALPA", "84": "ALPA", "85": "ALPA", "86": "ALPA", "87": "ALPA", "88": "ALPA", "89": "ALPA", "90": "ALPA", "91": "ALPA", "92": "ALPA", "93": "ALPA", "94": "ALPA", "95": "ALPA", "96": "ALPA", "97": "ALPA", "98": "ALPA", "99": "ALPA", "100": "ALPA", "101": "ALPA", "102": "ALPA", "103": "ALPA", "104": "ALPA", "105": "ALPA", "106": "ALPA", "107": "ALPA", "108": "ALPA", "109": "ALPA", "110": "ALPA", "111": "ALPA", "112": "ALPA", "113": "ALPA", "114": "ALPA", "115": "ALPA", "116": "ALPA", "117": "ALPA", "118": "ALPA", "119": "ALPA", "120": "ALPA", "121": "ALPA", "122": "ALPA", "123": "ALPA", "124": "ALPA", "125": "ALPA", "126": "ALPA", "127": "ALPA", "128": "ALPA", "129": "ALPA", "130": "ALPA", "131": "ALPA", "132": "ALPA", "133": "ALPA", "134": "ALPA", "135": "ALPA", "136": "ALPA", "137": "ALPA", "138": "ALPA", "139": "ALPA", "140": "ALPA", "141": "ALPA", "142": "ALPA", "143": "ALPA", "144": "ALPA", "145": "ALPA", "146": "ALPA", "147": "ALPA", "148": "ALPA", "149": "ALPA", "150": "ALPA", "151": "ALPA", "152": "ALPA", "153": "ALPA", "154": "ALPA", "155": "ALPA", "156": "ALPA", "157": "ALPA", "158": "ALPA", "159": "ALPA", "160": "ALPA", "161": "ALPA", "162": "ALPA", "163": "ALPA", "164": "ALPA", "165": "ALPA", "166": "ALPA", "167": "ALPA", "168": "ALPA", "169": "ALPA", "170": "ALPA", "171": "ALPA", "172": "ALPA", "173": "ALPA", "174": "ALPA", "175": "ALPA", "176": "ALPA", "177": "ALPA", "178": "ALPA", "179": "ALPA", "180": "ALPA", "181": "ALPA", "182": "ALPA", "183": "ALPA", "184": "ALPA", "185": "ALPA", "186": "ALPA", "187": "ALPA", "188": "ALPA", "189": "ALPA", "190": "ALPA", "191": "ALPA", "192": "ALPA", "193": "ALPA", "194": "ALPA", "195": "ALPA", "196": "ALPA", "197": "ALPA", "198": "ALPA", "199": "ALPA", "200": "ALPA", "201": "ALPA", "202": "ALPA", "203": "ALPA", "204": "ALPA", "205": "ALPA", "206": "ALPA", "207": "ALPA", "208": "ALPA", "209": "ALPA", "210": "ALPA", "211": "ALPA", "212": "ALPA", "213": "ALPA", "214": "ALPA", "215": "ALPA", "216": "ALPA", "217": "ALPA", "218": "ALPA", "219": "ALPA", "220": "ALPA", "221": "ALPA", "222": "ALPA", "223": "ALPA", "224": "ALPA", "225": "ALPA", "226": "ALPA", "227": "ALPA", "228": "ALPA", "229": "ALPA", "230": "ALPA", "231": "ALPA", "232": "ALPA", "233": "ALPA", "234": "ALPA", "235": "ALPA", "236": "ALPA", "237": "ALPA", "238": "ALPA", "239": "ALPA", "240": "ALPA", "241": "ALPA", "242": "ALPA", "243": "ALPA", "244": "ALPA", "245": "ALPA", "246": "ALPA", "247": "ALPA", "248": "ALPA", "249": "ALPA", "250": "ALPA", "251": "ALPA", "252": "ALPA", "253": "ALPA", "254": "ALPA", "255": "ALPA", "256": "ALPA", "257": "ALPA", "258": "ALPA", "259": "ALPA", "260": "ALPA", "261": "ALPA", "262": "ALPA", "263": "ALPA", "264": "ALPA", "265": "ALPA", "266": "ALPA", "267": "ALPA", "268": "ALPA", "269": "ALPA", "270": "ALPA", "271": "ALPA", "272": "ALPA", "273": "ALPA", "274": "ALPA", "275": "ALPA", "276": "ALPA", "277": "ALPA", "278": "ALPA", "279": "ALPA", "280": "ALPA", "281": "ALPA", "282": "ALPA", "283": "ALPA", "284": "ALPA", "285": "ALPA", "286": "ALPA", "287": "ALPA", "288": "ALPA", "289": "ALPA", "290": "ALPA", "291": "ALPA", "292": "ALPA", "293": "ALPA", "294": "ALPA", "295": "ALPA", "296": "ALPA", "297": "ALPA", "298": "ALPA", "299": "ALPA", "300": "ALPA", "301": "ALPA", "302": "ALPA", "303": "ALPA", "304": "ALPA", "305": "ALPA", "306": "ALPA", "307": "ALPA", "308": "ALPA", "309": "ALPA", "310": "ALPA", "311": "ALPA", "312": "ALPA", "313": "ALPA", "314": "ALPA", "315": "ALPA", "316": "ALPA", "317": "ALPA", "318": "ALPA", "319": "ALPA", "320": "ALPA", "321": "ALPA", "322": "ALPA", "323": "ALPA", "324": "ALPA", "325": "ALPA", "326": "ALPA", "327": "ALPA", "328": "ALPA", "329": "ALPA", "330": "ALPA", "331": "ALPA", "332": "ALPA", "333": "ALPA", "334": "ALPA", "335": "ALPA", "336": "ALPA", "337": "ALPA", "338": "ALPA", "339": "ALPA", "340": "ALPA", "341": "ALPA", "342": "ALPA", "343": "ALPA", "344": "ALPA", "345": "ALPA", "346": "ALPA", "347": "ALPA", "348": "ALPA", "349": "ALPA", "350": "ALPA", "351": "ALPA", "352": "ALPA", "353": "ALPA", "354": "ALPA", "355": "ALPA", "356": "ALPA", "357": "ALPA", "358": "ALPA", "359": "ALPA", "360": "ALPA", "361": "ALPA", "362": "ALPA", "363": "ALPA", "364": "ALPA", "365": "ALPA", "366": "ALPA", "367": "ALPA", "368": "ALPA", "369": "ALPA", "370": "ALPA", "371": "ALPA", "372": "ALPA", "373": "ALPA", "374": "ALPA", "375": "ALPA", "376": "ALPA", "377": "ALPA", "378": "ALPA", "379": "ALPA", "380": "ALPA", "381": "ALPA", "382": "ALPA", "383": "ALPA", "384": "ALPA", "385": "ALPA", "386": "ALPA", "387": "ALPA", "388": "ALPA", "389": "ALPA", "390": "ALPA", "391": "ALPA", "392": "ALPA", "393": "ALPA", "394": "ALPA", "395": "ALPA", "396": "ALPA", "397": "ALPA", "398": "ALPA", "399": "ALPA", "400": "ALPA", "401": "ALPA", "402": "ALPA", "403": "ALPA", "404": "ALPA", "405": "ALPA", "406": "ALPA", "407": "ALPA", "408": "ALPA", "409": "ALPA", "410": "ALPA", "411": "ALPA", "412": "ALPA", "413": "ALPA", "414": "ALPA", "415": "ALPA", "416": "ALPA", "417": "ALPA", "418": "ALPA", "419": "ALPA", "420": "ALPA", "421": "ALPA", "422": "ALPA", "423": "ALPA", "424": "ALPA", "425": "ALPA", "426": "ALPA", "427": "ALPA", "428": "ALPA", "429": "ALPA", "430": "ALPA", "431": "ALPA", "432": "ALPA", "433": "ALPA", "434": "ALPA", "435": "ALPA", "436": "ALPA", "437": "ALPA", "438": "ALPA", "439": "ALPA", "440": "ALPA", "441": "ALPA", "442": "ALPA", "443": "ALPA"}, "date": {"0": "2021-09-23", "1": "2021-09-24", "2": "2021-09-27", "3": "2021-09-28", "4": "2021-09-29", "5": "2021-09-30", "6": "2021-10-01", "7": "2021-10-04", "8": "2021-10-05", "9": "2021-10-06", "10": "2021-10-07", "11": "2021-10-08", "12": "2021-10-11", "13": "2021-10-12", "14": "2021-10-13", "15": "2021-10-14", "16": "2021-10-15", "17": "2021-10-18", "18": "2021-10-19", "19": "2021-10-20", "20": "2021-10-21", "21": "2021-10-22", "22": "2021-10-25", "23": "2021-10-26", "24": "2021-10-27", "25": "2021-10-28", "26": "2021-10-29", "27": "2021-11-01", "28": "2021-11-02", "29": "2021-11-03", "30": "2021-11-04", "31": "2021-11-05", "32": "2021-11-08", "33": "2021-11-09", "34": "2021-11-10", "35": "2021-11-11", "36": "2021-11-12", "37": "2021-11-15", "38": "2021-11-16", "39": "2021-11-17", "40": "2021-11-18", "41": "2021-11-19", "42": "2021-11-22", "43": "2021-11-23", "44": "2021-11-24", "45": "2021-11-26", "46": "2021-11-29", "47": "2021-11-30", "48": "2021-12-01", "49": "2021-12-02", "50": "2021-12-03", "51": "2021-12-06", "52": "2021-12-07", "53": "2021-12-08", "54": "2021-12-09", "55": "2021-12-10", "56": "2021-12-13", "57": "2021-12-14", "58": "2021-12-15", "59": "2021-12-16", "60": "2021-12-17", "61": "2021-12-20", "62": "2021-12-21", "63": "2021-12-22", "64": "2021-12-23", "65": "2021-12-27", "66": "2021-12-28", "67": "2021-12-29", "68": "2021-12-30", "69": "2021-12-31", "70": "2022-01-03", "71": "2022-01-04", "72": "2022-01-05", "73": "2022-01-06", "74": "2022-01-07", "75": "2022-01-10", "76": "2022-01-11", "77": "2022-01-12", "78": "2022-01-13", "79": "2022-01-14", "80": "2022-01-18", "81": "2022-01-19", "82": "2022-01-20", "83": "2022-01-21", "84": "2022-01-24", "85": "2022-01-25", "86": "2022-01-26", "87": "2022-01-27", "88": "2022-01-28", "89": "2022-01-31", "90": "2022-02-01", "91": "2022-02-02", "92": "2022-02-03", "93": "2022-02-04", "94": "2022-02-07", "95": "2022-02-08", "96": "2022-02-09", "97": "2022-02-10", "98": "2022-02-11", "99": "2022-02-14", "100": "2022-02-15", "101": "2022-02-16", "102": "2022-02-17", "103": "2022-02-18", "104": "2022-02-22", "105": "2022-02-23", "106": "2022-02-24", "107": "2022-02-25", "108": "2022-02-28", "109": "2022-03-01", "110": "2022-03-02", "111": "2022-03-03", "112": "2022-03-04", "113": "2022-03-07", "114": "2022-03-08", "115": "2022-03-09", "116": "2022-03-10", "117": "2022-03-11", "118": "2022-03-14", "119": "2022-03-15", "120": "2022-03-16", "121": "2022-03-17", "122": "2022-03-18", "123": "2022-03-21", "124": "2022-03-22", "125": "2022-03-23", "126": "2022-03-24", "127": "2022-03-25", "128": "2022-03-28", "129": "2022-03-29", "130": "2022-03-30", "131": "2022-03-31", "132": "2022-04-01", "133": "2022-04-04", "134": "2022-04-05", "135": "2022-04-06", "136": "2022-04-07", "137": "2022-04-08", "138": "2022-04-11", "139": "2022-04-12", "140": "2022-04-13", "141": "2022-04-14", "142": "2022-04-18", "143": "2022-04-19", "144": "2022-04-20", "145": "2022-04-21", "146": "2022-04-22", "147": "2022-04-25", "148": "2022-04-26", "149": "2022-04-27", "150": "2022-04-28", "151": "2022-04-29", "152": "2022-05-02", "153": "2022-05-03", "154": "2022-05-04", "155": "2022-05-05", "156": "2022-05-06", "157": "2022-05-09", "158": "2022-05-10", "159": "2022-05-11", "160": "2022-05-12", "161": "2022-05-13", "162": "2022-05-16", "163": "2022-05-17", "164": "2022-05-18", "165": "2022-05-19", "166": "2022-05-20", "167": "2022-05-23", "168": "2022-05-24", "169": "2022-05-25", "170": "2022-05-26", "171": "2022-05-27", "172": "2022-05-31", "173": "2022-06-01", "174": "2022-06-02", "175": "2022-06-03", "176": "2022-06-06", "177": "2022-06-07", "178": "2022-06-08", "179": "2022-06-09", "180": "2022-06-10", "181": "2022-06-13", "182": "2022-06-14", "183": "2022-06-15", "184": "2022-06-16", "185": "2022-06-17", "186": "2022-06-21", "187": "2022-06-22", "188": "2022-06-23", "189": "2022-06-24", "190": "2022-06-27", "191": "2022-06-28", "192": "2022-06-29", "193": "2022-06-30", "194": "2022-07-01", "195": "2022-07-05", "196": "2022-07-06", "197": "2022-07-07", "198": "2022-07-08", "199": "2022-07-11", "200": "2022-07-12", "201": "2022-07-13", "202": "2022-07-14", "203": "2022-07-15", "204": "2022-07-18", "205": "2022-07-19", "206": "2022-07-20", "207": "2022-07-21", "208": "2022-07-22", "209": "2022-07-25", "210": "2022-07-26", "211": "2022-07-27", "212": "2022-07-28", "213": "2022-07-29", "214": "2022-08-01", "215": "2022-08-02", "216": "2022-08-03", "217": "2022-08-04", "218": "2022-08-05", "219": "2022-08-08", "220": "2022-08-09", "221": "2022-08-10", "222": "2022-08-11", "223": "2022-08-12", "224": "2022-08-15", "225": "2022-08-16", "226": "2022-08-17", "227": "2022-08-18", "228": "2022-08-19", "229": "2022-08-22", "230": "2022-08-23", "231": "2022-08-24", "232": "2022-08-25", "233": "2022-08-26", "234": "2022-08-29", "235": "2022-08-30", "236": "2022-08-31", "237": "2022-09-01", "238": "2022-09-02", "239": "2022-09-06", "240": "2022-09-07", "241": "2022-09-08", "242": "2022-09-09", "243": "2022-09-12", "244": "2022-09-13", "245": "2022-09-14", "246": "2022-09-15", "247": "2022-09-16", "248": "2022-09-19", "249": "2022-09-20", "250": "2022-09-21", "251": "2022-09-22", "252": "2022-09-23", "253": "2022-09-26", "254": "2022-09-27", "255": "2022-09-28", "256": "2022-09-29", "257": "2022-09-30", "258": "2022-10-03", "259": "2022-10-04", "260": "2022-10-05", "261": "2022-10-06", "262": "2022-10-07", "263": "2022-10-10", "264": "2022-10-11", "265": "2022-10-12", "266": "2022-10-13", "267": "2022-10-14", "268": "2022-10-17", "269": "2022-10-18", "270": "2022-10-19", "271": "2022-10-20", "272": "2022-10-21", "273": "2022-10-24", "274": "2022-10-25", "275": "2022-10-26", "276": "2022-10-27", "277": "2022-10-28", "278": "2022-10-31", "279": "2022-11-01", "280": "2022-11-02", "281": "2022-11-03", "282": "2022-11-04", "283": "2022-11-07", "284": "2022-11-08", "285": "2022-11-09", "286": "2022-11-10", "287": "2022-11-11", "288": "2022-11-14", "289": "2022-11-15", "290": "2022-11-16", "291": "2022-11-17", "292": "2022-11-18", "293": "2022-11-21", "294": "2022-11-22", "295": "2022-11-23", "296": "2022-11-25", "297": "2022-11-28", "298": "2022-11-29", "299": "2022-11-30", "300": "2022-12-01", "301": "2022-12-02", "302": "2022-12-05", "303": "2022-12-06", "304": "2022-12-07", "305": "2022-12-08", "306": "2022-12-09", "307": "2022-12-12", "308": "2022-12-13", "309": "2022-12-14", "310": "2022-12-15", "311": "2022-12-16", "312": "2022-12-19", "313": "2022-12-20", "314": "2022-12-21", "315": "2022-12-22", "316": "2022-12-23", "317": "2022-12-27", "318": "2022-12-28", "319": "2022-12-29", "320": "2022-12-30", "321": "2023-01-03", "322": "2023-01-04", "323": "2023-01-05", "324": "2023-01-06", "325": "2023-01-09", "326": "2023-01-10", "327": "2023-01-11", "328": "2023-01-12", "329": "2023-01-13", "330": "2023-01-17", "331": "2023-01-18", "332": "2023-01-19", "333": "2023-01-20", "334": "2023-01-23", "335": "2023-01-24", "336": "2023-01-25", "337": "2023-01-26", "338": "2023-01-27", "339": "2023-01-30", "340": "2023-01-31", "341": "2023-02-01", "342": "2023-02-02", "343": "2023-02-03", "344": "2023-02-06", "345": "2023-02-07", "346": "2023-02-08", "347": "2023-02-09", "348": "2023-02-10", "349": "2023-02-13", "350": "2023-02-14", "351": "2023-02-15", "352": "2023-02-16", "353": "2023-02-17", "354": "2023-02-21", "355": "2023-02-22", "356": "2023-02-23", "357": "2023-02-24", "358": "2023-02-27", "359": "2023-02-28", "360": "2023-03-01", "361": "2023-03-02", "362": "2023-03-03", "363": "2023-03-06", "364": "2023-03-07", "365": "2023-03-08", "366": "2023-03-09", "367": "2023-03-10", "368": "2023-03-13", "369": "2023-03-14", "370": "2023-03-15", "371": "2023-03-16", "372": "2023-03-17", "373": "2023-03-20", "374": "2023-03-21", "375": "2023-03-22", "376": "2023-03-23", "377": "2023-03-24", "378": "2023-03-27", "379": "2023-03-28", "380": "2023-03-29", "381": "2023-03-30", "382": "2023-03-31", "383": "2023-04-03", "384": "2023-04-04", "385": "2023-04-05", "386": "2023-04-06", "387": "2023-04-10", "388": "2023-04-11", "389": "2023-04-12", "390": "2023-04-13", "391": "2023-04-14", "392": "2023-04-17", "393": "2023-04-18", "394": "2023-04-19", "395": "2023-04-20", "396": "2023-04-21", "397": "2023-04-24", "398": "2023-04-25", "399": "2023-04-26", "400": "2023-04-27", "401": "2023-04-28", "402": "2023-05-01", "403": "2023-05-02", "404": "2023-05-03", "405": "2023-05-04", "406": "2023-05-05", "407": "2023-05-08", "408": "2023-05-09", "409": "2023-05-10", "410": "2023-05-11", "411": "2023-05-12", "412": "2023-05-15", "413": "2023-05-16", "414": "2023-05-17", "415": "2023-05-18", "416": "2023-05-19", "417": "2023-05-22", "418": "2023-05-23", "419": "2023-05-24", "420": "2023-05-25", "421": "2023-05-26", "422": "2023-05-30", "423": "2023-05-31", "424": "2023-06-01", "425": "2023-06-02", "426": "2023-06-05", "427": "2023-06-06", "428": "2023-06-07", "429": "2023-06-08", "430": "2023-06-09", "431": "2023-06-12", "432": "2023-06-13", "433": "2023-06-14", "434": "2023-06-15", "435": "2023-06-16", "436": "2023-06-20", "437": "2023-06-21", "438": "2023-06-22", "439": "2023-06-23", "440": "2023-06-26", "441": "2023-06-27", "442": "2023-06-28", "443": "2023-06-29"}, "open": {"0": 10.039999961853027, "1": 9.75, "2": 9.869999885559082, "3": 9.663999557495117, "4": 9.65999984741211, "5": 9.680000305175781, "6": 9.654999732971191, "7": 9.65999984741211, "8": 9.65999984741211, "9": 9.675000190734863, "10": 9.670000076293945, "11": 9.729999542236328, "12": 9.729999542236328, "13": 9.729999542236328, "14": 9.789999961853027, "15": 9.717000007629395, "16": 9.71500015258789, "17": 9.71500015258789, "18": 9.668999671936035, "19": 9.710000038146973, "20": 9.710000038146973, "21": 9.710000038146973, "22": 9.699999809265137, "23": 9.710000038146973, "24": 9.699999809265137, "25": 9.710000038146973, "26": 9.65999984741211, "27": 9.699999809265137, "28": 9.779999732971191, "29": 9.710000038146973, "30": 9.789999961853027, "31": 9.789999961853027, "32": 9.789999961853027, "33": 9.710000038146973, "34": 9.75, "35": 9.699999809265137, "36": 9.75, "37": 9.729999542236328, "38": 9.710000038146973, "39": 9.720000267028809, "40": 9.739999771118164, "41": 9.729999542236328, "42": 9.710000038146973, "43": 9.710000038146973, "44": 9.710000038146973, "45": 9.710000038146973, "46": 9.720000267028809, "47": 9.729000091552734, "48": 9.710000038146973, "49": 9.710000038146973, "50": 9.680000305175781, "51": 9.680000305175781, "52": 9.680000305175781, "53": 9.680000305175781, "54": 9.680000305175781, "55": 9.789999961853027, "56": 9.779999732971191, "57": 9.779999732971191, "58": 9.779999732971191, "59": 9.779999732971191, "60": 9.779999732971191, "61": 9.779999732971191, "62": 9.779999732971191, "63": 9.75, "64": 9.760000228881836, "65": 9.704000473022461, "66": 9.699999809265137, "67": 9.6899995803833, "68": 9.649999618530273, "69": 9.619999885559082, "70": 9.619999885559082, "71": 9.619999885559082, "72": 9.630000114440918, "73": 9.630000114440918, "74": 9.630000114440918, "75": 9.649999618530273, "76": 9.649999618530273, "77": 9.649999618530273, "78": 9.642999649047852, "79": 9.65999984741211, "80": 9.6899995803833, "81": 9.6899995803833, "82": 9.6899995803833, "83": 9.630000114440918, "84": 9.630000114440918, "85": 9.670000076293945, "86": 9.670000076293945, "87": 9.649999618530273, "88": 9.621999740600586, "89": 9.619999885559082, "90": 9.739999771118164, "91": 9.619999885559082, "92": 9.649999618530273, "93": 9.649999618530273, "94": 9.600000381469727, "95": 9.645999908447266, "96": 9.649999618530273, "97": 9.649999618530273, "98": 9.619999885559082, "99": 9.635000228881836, "100": 9.649999618530273, "101": 9.619999885559082, "102": 9.609999656677246, "103": 9.640000343322754, "104": 9.640000343322754, "105": 9.640000343322754, "106": 9.640000343322754, "107": 9.640000343322754, "108": 9.640000343322754, "109": 9.640000343322754, "110": 9.649999618530273, "111": 9.65999984741211, "112": 9.65999984741211, "113": 9.619999885559082, "114": 9.619999885559082, "115": 9.65999984741211, "116": 9.65999984741211, "117": 9.670000076293945, "118": 9.670000076293945, "119": 9.670000076293945, "120": 9.619999885559082, "121": 9.680000305175781, "122": 9.680000305175781, "123": 9.694000244140625, "124": 9.680000305175781, "125": 9.680000305175781, "126": 9.680000305175781, "127": 9.680000305175781, "128": 9.680000305175781, "129": 9.699999809265137, "130": 9.699999809265137, "131": 9.720000267028809, "132": 9.739999771118164, "133": 9.739999771118164, "134": 9.739999771118164, "135": 9.739999771118164, "136": 9.6899995803833, "137": 9.6899995803833, "138": 9.6899995803833, "139": 9.6899995803833, "140": 9.704999923706055, "141": 9.680000305175781, "142": 9.710000038146973, "143": 9.680000305175781, "144": 9.699999809265137, "145": 9.699999809265137, "146": 9.710000038146973, "147": 9.710000038146973, "148": 9.6899995803833, "149": 9.710000038146973, "150": 9.710000038146973, "151": 9.699999809265137, "152": 9.699999809265137, "153": 9.699999809265137, "154": 9.699999809265137, "155": 9.699999809265137, "156": 9.699999809265137, "157": 9.699999809265137, "158": 9.710000038146973, "159": 9.680000305175781, "160": 9.680000305175781, "161": 9.680000305175781, "162": 9.680000305175781, "163": 9.680000305175781, "164": 9.65999984741211, "165": 9.65999984741211, "166": 9.65999984741211, "167": 9.649999618530273, "168": 9.649999618530273, "169": 9.649999618530273, "170": 9.649999618530273, "171": 9.649999618530273, "172": 9.649999618530273, "173": 9.649999618530273, "174": 9.649999618530273, "175": 9.649999618530273, "176": 9.649999618530273, "177": 9.649999618530273, "178": 9.65999984741211, "179": 9.670000076293945, "180": 9.670000076293945, "181": 9.680000305175781, "182": 9.670000076293945, "183": 9.6899995803833, "184": 9.6899995803833, "185": 9.670000076293945, "186": 9.670000076293945, "187": 9.6899995803833, "188": 9.670000076293945, "189": 9.670000076293945, "190": 9.6899995803833, "191": 9.699999809265137, "192": 9.6899995803833, "193": 9.6899995803833, "194": 9.699999809265137, "195": 9.699999809265137, "196": 9.680000305175781, "197": 9.6899995803833, "198": 9.680000305175781, "199": 9.710000038146973, "200": 9.710000038146973, "201": 9.680000305175781, "202": 9.694999694824219, "203": 9.694999694824219, "204": 9.694999694824219, "205": 9.694999694824219, "206": 9.694999694824219, "207": 9.694999694824219, "208": 9.699999809265137, "209": 9.710000038146973, "210": 9.720000267028809, "211": 9.720000267028809, "212": 9.720000267028809, "213": 9.729999542236328, "214": 9.729999542236328, "215": 9.720000267028809, "216": 9.699999809265137, "217": 9.739999771118164, "218": 9.729999542236328, "219": 9.729999542236328, "220": 9.729999542236328, "221": 9.729999542236328, "222": 9.739999771118164, "223": 9.739999771118164, "224": 9.739999771118164, "225": 9.739999771118164, "226": 9.729999542236328, "227": 9.729999542236328, "228": 9.739999771118164, "229": 9.729999542236328, "230": 9.739999771118164, "231": 9.699999809265137, "232": 9.710000038146973, "233": 9.75, "234": 9.739999771118164, "235": 9.739999771118164, "236": 9.739999771118164, "237": 9.739999771118164, "238": 9.739999771118164, "239": 9.739999771118164, "240": 9.739999771118164, "241": 9.739999771118164, "242": 9.739999771118164, "243": 9.739999771118164, "244": 9.739999771118164, "245": 9.680000305175781, "246": 9.739999771118164, "247": 9.739999771118164, "248": 9.739999771118164, "249": 9.720000267028809, "250": 9.720000267028809, "251": 9.739999771118164, "252": 9.739999771118164, "253": 9.720000267028809, "254": 9.720000267028809, "255": 9.734999656677246, "256": 9.739999771118164, "257": 9.739999771118164, "258": 9.739999771118164, "259": 9.75, "260": 9.734999656677246, "261": 9.734999656677246, "262": 9.75, "263": 9.75, "264": 9.729999542236328, "265": 9.755000114440918, "266": 9.755000114440918, "267": 9.755000114440918, "268": 9.770000457763672, "269": 9.760000228881836, "270": 9.770000457763672, "271": 9.755000114440918, "272": 9.774999618530273, "273": 9.774999618530273, "274": 9.770000457763672, "275": 9.789999961853027, "276": 9.800000190734863, "277": 9.800000190734863, "278": 9.779999732971191, "279": 9.800000190734863, "280": 9.800000190734863, "281": 9.800000190734863, "282": 9.8100004196167, "283": 9.829999923706055, "284": 9.819999694824219, "285": 9.770000457763672, "286": 9.829999923706055, "287": 9.800000190734863, "288": 9.829999923706055, "289": 9.829999923706055, "290": 9.84000015258789, "291": 9.829999923706055, "292": 9.835000038146973, "293": 9.789999961853027, "294": 9.850000381469727, "295": 9.850000381469727, "296": 9.859999656677246, "297": 9.831000328063965, "298": 9.829999923706055, "299": 9.880000114440918, "300": 9.880000114440918, "301": 9.890000343322754, "302": 9.880000114440918, "303": 9.890000343322754, "304": 9.899999618530273, "305": 9.890000343322754, "306": 9.880000114440918, "307": 9.880000114440918, "308": 9.880000114440918, "309": 9.869999885559082, "310": 9.859999656677246, "311": 9.890000343322754, "312": 9.880000114440918, "313": 9.880000114440918, "314": 9.890000343322754, "315": 9.9399995803833, "316": 9.9399995803833, "317": 9.899999618530273, "318": 9.90999984741211, "319": 9.9399995803833, "320": 9.899999618530273, "321": 9.930000305175781, "322": 9.949999809265137, "323": 9.979999542236328, "324": 9.979999542236328, "325": 9.960000038146973, "326": 9.960000038146973, "327": 9.960000038146973, "328": 10.0, "329": 9.984000205993652, "330": 10.020000457763672, "331": 9.970000267028809, "332": 9.979999542236328, "333": 9.979999542236328, "334": 10.0, "335": 10.0, "336": 10.020000457763672, "337": 10.050000190734863, "338": 10.050000190734863, "339": 10.050000190734863, "340": 10.050000190734863, "341": 10.050000190734863, "342": 10.029999732971191, "343": 10.029999732971191, "344": 10.0600004196167, "345": 10.039999961853027, "346": 10.039999961853027, "347": 10.03499984741211, "348": 10.039999961853027, "349": 10.029999732971191, "350": 10.039999961853027, "351": 10.039999961853027, "352": 10.039999961853027, "353": 10.039999961853027, "354": 10.039999961853027, "355": 10.039999961853027, "356": 10.039999961853027, "357": 10.079999923706055, "358": 10.09000015258789, "359": 10.079999923706055, "360": 10.069999694824219, "361": 10.079999923706055, "362": 10.079999923706055, "363": 10.100000381469727, "364": 10.079999923706055, "365": 10.100000381469727, "366": 10.09000015258789, "367": 10.079999923706055, "368": 10.079999923706055, "369": 10.109999656677246, "370": 10.109999656677246, "371": 10.199999809265137, "372": 10.149999618530273, "373": 10.140000343322754, "374": 10.140000343322754, "375": 10.119999885559082, "376": 10.119999885559082, "377": 10.135000228881836, "378": 10.649999618530273, "379": 10.149999618530273, "380": 10.5, "381": 10.199999809265137, "382": 10.25, "383": 10.149999618530273, "384": 10.149999618530273, "385": 10.15999984741211, "386": 10.149999618530273, "387": 10.149999618530273, "388": 10.152999877929688, "389": 10.149999618530273, "390": 10.149999618530273, "391": 10.149999618530273, "392": 10.199999809265137, "393": 10.15999984741211, "394": 10.15999984741211, "395": 10.15999984741211, "396": 10.15999984741211, "397": 10.199999809265137, "398": 10.170000076293945, "399": 10.1899995803833, "400": 10.170000076293945, "401": 10.170000076293945, "402": 10.170000076293945, "403": 10.170000076293945, "404": 10.180000305175781, "405": 10.170000076293945, "406": 10.180000305175781, "407": 10.180000305175781, "408": 10.180000305175781, "409": 10.180000305175781, "410": 10.1899995803833, "411": 10.1899995803833, "412": 10.199999809265137, "413": 10.210000038146973, "414": 10.210000038146973, "415": 10.210000038146973, "416": 10.220000267028809, "417": 10.229999542236328, "418": 10.229999542236328, "419": 10.229999542236328, "420": 10.229999542236328, "421": 10.229999542236328, "422": 10.229999542236328, "423": 10.229999542236328, "424": 10.239999771118164, "425": 10.239999771118164, "426": 10.260000228881836, "427": 10.260000228881836, "428": 10.260000228881836, "429": 10.260000228881836, "430": 10.260000228881836, "431": 10.270000457763672, "432": 10.265000343322754, "433": 10.270000457763672, "434": 10.270000457763672, "435": 10.270000457763672, "436": 10.279999732971191, "437": 10.279999732971191, "438": 10.279999732971191, "439": 10.350000381469727, "440": 10.3100004196167, "441": 10.3100004196167, "442": 10.300000190734863, "443": 10.3100004196167}, "high": {"0": 10.079999923706055, "1": 9.75, "2": 9.869999885559082, "3": 9.680000305175781, "4": 9.65999984741211, "5": 9.680000305175781, "6": 9.654999732971191, "7": 9.65999984741211, "8": 9.6899995803833, "9": 9.699999809265137, "10": 9.729999542236328, "11": 9.729999542236328, "12": 9.729999542236328, "13": 9.729999542236328, "14": 9.789999961853027, "15": 9.720000267028809, "16": 9.71500015258789, "17": 9.71500015258789, "18": 9.710000038146973, "19": 9.710000038146973, "20": 9.710000038146973, "21": 9.710000038146973, "22": 9.699999809265137, "23": 9.710000038146973, "24": 9.710000038146973, "25": 9.710000038146973, "26": 9.65999984741211, "27": 9.850000381469727, "28": 9.8100004196167, "29": 9.800000190734863, "30": 9.789999961853027, "31": 9.789999961853027, "32": 9.789999961853027, "33": 9.789999961853027, "34": 9.760000228881836, "35": 9.699999809265137, "36": 9.75, "37": 9.729999542236328, "38": 9.710000038146973, "39": 9.720000267028809, "40": 9.739999771118164, "41": 9.729999542236328, "42": 9.710000038146973, "43": 9.710000038146973, "44": 9.710000038146973, "45": 9.710000038146973, "46": 9.720000267028809, "47": 9.729000091552734, "48": 9.710000038146973, "49": 9.710000038146973, "50": 9.680000305175781, "51": 9.680000305175781, "52": 9.680000305175781, "53": 9.680000305175781, "54": 9.680000305175781, "55": 9.789999961853027, "56": 9.779999732971191, "57": 9.779999732971191, "58": 9.779999732971191, "59": 9.779999732971191, "60": 9.779999732971191, "61": 9.779999732971191, "62": 9.779999732971191, "63": 9.75, "64": 9.760000228881836, "65": 9.704000473022461, "66": 9.699999809265137, "67": 9.6899995803833, "68": 9.649999618530273, "69": 9.619999885559082, "70": 9.619999885559082, "71": 9.619999885559082, "72": 9.630000114440918, "73": 9.630000114440918, "74": 9.630000114440918, "75": 9.680000305175781, "76": 9.649999618530273, "77": 9.649999618530273, "78": 9.651000022888184, "79": 9.65999984741211, "80": 9.6899995803833, "81": 9.6899995803833, "82": 9.6899995803833, "83": 9.630000114440918, "84": 9.670000076293945, "85": 9.670000076293945, "86": 9.670000076293945, "87": 9.649999618530273, "88": 9.630000114440918, "89": 9.699999809265137, "90": 9.739999771118164, "91": 9.619999885559082, "92": 9.649999618530273, "93": 9.649999618530273, "94": 9.699999809265137, "95": 9.649999618530273, "96": 9.654999732971191, "97": 9.649999618530273, "98": 9.680000305175781, "99": 9.649999618530273, "100": 9.66100025177002, "101": 9.619999885559082, "102": 9.609999656677246, "103": 9.640000343322754, "104": 9.640000343322754, "105": 9.640000343322754, "106": 9.640000343322754, "107": 9.640000343322754, "108": 9.640000343322754, "109": 9.75, "110": 9.649999618530273, "111": 9.715999603271484, "112": 9.65999984741211, "113": 9.65999984741211, "114": 9.678000450134277, "115": 9.65999984741211, "116": 9.65999984741211, "117": 9.670000076293945, "118": 9.670000076293945, "119": 9.670000076293945, "120": 9.680000305175781, "121": 9.680000305175781, "122": 9.680000305175781, "123": 9.694000244140625, "124": 9.680000305175781, "125": 9.680000305175781, "126": 9.680000305175781, "127": 9.680000305175781, "128": 9.680000305175781, "129": 9.699999809265137, "130": 9.699999809265137, "131": 9.739999771118164, "132": 9.739999771118164, "133": 9.739999771118164, "134": 9.739999771118164, "135": 9.739999771118164, "136": 9.6899995803833, "137": 9.6899995803833, "138": 9.6899995803833, "139": 9.6899995803833, "140": 9.75, "141": 9.739999771118164, "142": 9.720000267028809, "143": 9.710000038146973, "144": 9.720000267028809, "145": 9.699999809265137, "146": 9.710000038146973, "147": 9.710000038146973, "148": 9.699999809265137, "149": 9.710000038146973, "150": 9.710000038146973, "151": 9.699999809265137, "152": 9.699999809265137, "153": 9.699999809265137, "154": 9.699999809265137, "155": 9.699999809265137, "156": 9.699999809265137, "157": 9.699999809265137, "158": 9.710000038146973, "159": 9.680000305175781, "160": 9.680000305175781, "161": 9.680000305175781, "162": 9.680000305175781, "163": 9.680000305175781, "164": 9.65999984741211, "165": 9.65999984741211, "166": 9.65999984741211, "167": 9.649999618530273, "168": 9.649999618530273, "169": 9.649999618530273, "170": 9.649999618530273, "171": 9.649999618530273, "172": 9.649999618530273, "173": 9.649999618530273, "174": 9.649999618530273, "175": 9.649999618530273, "176": 9.649999618530273, "177": 9.65999984741211, "178": 9.670000076293945, "179": 9.670000076293945, "180": 9.670000076293945, "181": 9.680000305175781, "182": 9.670000076293945, "183": 9.6899995803833, "184": 9.6899995803833, "185": 9.670000076293945, "186": 9.670000076293945, "187": 9.6899995803833, "188": 9.670000076293945, "189": 9.670000076293945, "190": 9.699999809265137, "191": 9.699999809265137, "192": 9.6899995803833, "193": 9.6899995803833, "194": 9.78499984741211, "195": 9.699999809265137, "196": 9.680000305175781, "197": 9.6899995803833, "198": 9.680000305175781, "199": 9.710000038146973, "200": 9.710000038146973, "201": 9.694999694824219, "202": 9.694999694824219, "203": 9.694999694824219, "204": 9.694999694824219, "205": 9.694999694824219, "206": 9.694999694824219, "207": 9.694999694824219, "208": 9.699999809265137, "209": 9.710000038146973, "210": 9.720000267028809, "211": 9.720000267028809, "212": 9.720000267028809, "213": 9.729999542236328, "214": 9.729999542236328, "215": 9.720000267028809, "216": 9.729999542236328, "217": 9.739999771118164, "218": 9.729999542236328, "219": 9.729999542236328, "220": 9.729999542236328, "221": 9.729999542236328, "222": 9.739999771118164, "223": 9.739999771118164, "224": 9.739999771118164, "225": 9.739999771118164, "226": 9.729999542236328, "227": 9.729999542236328, "228": 9.739999771118164, "229": 9.739999771118164, "230": 9.739999771118164, "231": 9.699999809265137, "232": 9.720000267028809, "233": 9.829999923706055, "234": 9.739999771118164, "235": 9.739999771118164, "236": 9.739999771118164, "237": 9.739999771118164, "238": 9.739999771118164, "239": 9.739999771118164, "240": 9.739999771118164, "241": 9.739999771118164, "242": 9.739999771118164, "243": 9.739999771118164, "244": 9.739999771118164, "245": 9.739999771118164, "246": 9.739999771118164, "247": 9.739999771118164, "248": 9.739999771118164, "249": 9.720000267028809, "250": 9.739999771118164, "251": 9.739999771118164, "252": 9.739999771118164, "253": 9.720000267028809, "254": 9.720000267028809, "255": 9.739999771118164, "256": 9.739999771118164, "257": 9.739999771118164, "258": 9.739999771118164, "259": 9.75, "260": 9.734999656677246, "261": 9.734999656677246, "262": 9.75, "263": 9.75, "264": 9.760000228881836, "265": 9.755000114440918, "266": 9.755000114440918, "267": 9.755000114440918, "268": 9.770000457763672, "269": 9.760000228881836, "270": 9.770000457763672, "271": 9.770000457763672, "272": 9.779999732971191, "273": 9.774999618530273, "274": 9.779999732971191, "275": 9.789999961853027, "276": 9.800000190734863, "277": 9.800000190734863, "278": 9.800000190734863, "279": 9.8100004196167, "280": 9.8100004196167, "281": 9.800000190734863, "282": 9.819999694824219, "283": 9.829999923706055, "284": 9.819999694824219, "285": 9.84000015258789, "286": 9.84000015258789, "287": 9.829999923706055, "288": 9.829999923706055, "289": 9.829999923706055, "290": 9.84000015258789, "291": 9.829999923706055, "292": 9.835000038146973, "293": 9.84000015258789, "294": 9.859999656677246, "295": 9.859999656677246, "296": 9.869999885559082, "297": 9.831000328063965, "298": 9.869999885559082, "299": 9.890000343322754, "300": 9.890000343322754, "301": 9.890000343322754, "302": 9.90999984741211, "303": 9.890000343322754, "304": 9.899999618530273, "305": 9.890000343322754, "306": 9.880000114440918, "307": 9.880000114440918, "308": 9.880000114440918, "309": 9.869999885559082, "310": 9.880000114440918, "311": 9.890000343322754, "312": 9.899999618530273, "313": 9.880000114440918, "314": 9.9399995803833, "315": 9.9399995803833, "316": 9.9399995803833, "317": 9.90999984741211, "318": 9.930000305175781, "319": 9.9399995803833, "320": 9.916999816894531, "321": 9.949999809265137, "322": 9.949999809265137, "323": 10.020000457763672, "324": 9.979999542236328, "325": 9.960000038146973, "326": 9.960000038146973, "327": 10.0, "328": 10.0, "329": 9.984000205993652, "330": 10.020000457763672, "331": 9.970000267028809, "332": 9.989999771118164, "333": 9.989999771118164, "334": 10.0, "335": 10.0, "336": 10.050000190734863, "337": 10.050000190734863, "338": 10.050000190734863, "339": 10.050000190734863, "340": 10.050000190734863, "341": 10.050000190734863, "342": 10.029999732971191, "343": 10.039999961853027, "344": 10.0600004196167, "345": 10.039999961853027, "346": 10.039999961853027, "347": 10.039999961853027, "348": 10.039999961853027, "349": 10.039999961853027, "350": 10.0600004196167, "351": 10.039999961853027, "352": 10.039999961853027, "353": 10.039999961853027, "354": 10.039999961853027, "355": 10.039999961853027, "356": 10.039999961853027, "357": 10.079999923706055, "358": 10.09000015258789, "359": 10.079999923706055, "360": 10.069999694824219, "361": 10.079999923706055, "362": 10.079999923706055, "363": 10.100000381469727, "364": 10.09000015258789, "365": 10.100000381469727, "366": 10.09000015258789, "367": 10.079999923706055, "368": 10.079999923706055, "369": 10.109999656677246, "370": 10.109999656677246, "371": 10.199999809265137, "372": 10.149999618530273, "373": 10.140000343322754, "374": 10.140000343322754, "375": 10.119999885559082, "376": 10.753999710083008, "377": 10.135000228881836, "378": 11.829999923706055, "379": 10.149999618530273, "380": 10.850000381469727, "381": 10.199999809265137, "382": 10.25, "383": 10.149999618530273, "384": 10.149999618530273, "385": 10.15999984741211, "386": 10.149999618530273, "387": 10.149999618530273, "388": 10.152999877929688, "389": 10.149999618530273, "390": 10.149999618530273, "391": 10.149999618530273, "392": 10.199999809265137, "393": 10.15999984741211, "394": 10.15999984741211, "395": 10.15999984741211, "396": 10.15999984741211, "397": 10.199999809265137, "398": 10.170000076293945, "399": 10.1899995803833, "400": 10.170000076293945, "401": 10.170000076293945, "402": 10.170000076293945, "403": 10.170000076293945, "404": 10.180000305175781, "405": 10.170000076293945, "406": 10.180000305175781, "407": 10.1899995803833, "408": 10.180000305175781, "409": 10.1899995803833, "410": 10.1899995803833, "411": 10.199999809265137, "412": 10.210000038146973, "413": 10.210000038146973, "414": 10.210000038146973, "415": 10.220000267028809, "416": 10.25, "417": 10.229999542236328, "418": 10.234999656677246, "419": 10.229999542236328, "420": 10.229999542236328, "421": 10.229999542236328, "422": 10.229999542236328, "423": 10.229999542236328, "424": 10.25, "425": 10.260000228881836, "426": 10.260000228881836, "427": 10.260000228881836, "428": 10.260000228881836, "429": 10.260000228881836, "430": 10.260000228881836, "431": 10.270000457763672, "432": 10.270000457763672, "433": 10.270000457763672, "434": 10.270000457763672, "435": 10.270000457763672, "436": 10.279999732971191, "437": 10.279999732971191, "438": 10.279999732971191, "439": 10.350000381469727, "440": 10.329999923706055, "441": 10.324999809265137, "442": 10.319999694824219, "443": 10.3100004196167}, "low": {"0": 9.649999618530273, "1": 9.75, "2": 9.619999885559082, "3": 9.65999984741211, "4": 9.649999618530273, "5": 9.680000305175781, "6": 9.654999732971191, "7": 9.65999984741211, "8": 9.642000198364258, "9": 9.675000190734863, "10": 9.670000076293945, "11": 9.729999542236328, "12": 9.729999542236328, "13": 9.729999542236328, "14": 9.789999961853027, "15": 9.699999809265137, "16": 9.71500015258789, "17": 9.71500015258789, "18": 9.668999671936035, "19": 9.710000038146973, "20": 9.710000038146973, "21": 9.710000038146973, "22": 9.680000305175781, "23": 9.699999809265137, "24": 9.699999809265137, "25": 9.710000038146973, "26": 9.65999984741211, "27": 9.699999809265137, "28": 9.720000267028809, "29": 9.710000038146973, "30": 9.789999961853027, "31": 9.789999961853027, "32": 9.789999961853027, "33": 9.710000038146973, "34": 9.710000038146973, "35": 9.699999809265137, "36": 9.75, "37": 9.729999542236328, "38": 9.710000038146973, "39": 9.720000267028809, "40": 9.710000038146973, "41": 9.710000038146973, "42": 9.710000038146973, "43": 9.710000038146973, "44": 9.710000038146973, "45": 9.710000038146973, "46": 9.720000267028809, "47": 9.710000038146973, "48": 9.710000038146973, "49": 9.670000076293945, "50": 9.680000305175781, "51": 9.680000305175781, "52": 9.680000305175781, "53": 9.680000305175781, "54": 9.680000305175781, "55": 9.770000457763672, "56": 9.779999732971191, "57": 9.779999732971191, "58": 9.779999732971191, "59": 9.779999732971191, "60": 9.779999732971191, "61": 9.779999732971191, "62": 9.739999771118164, "63": 9.75, "64": 9.75, "65": 9.699999809265137, "66": 9.6899995803833, "67": 9.6899995803833, "68": 9.600000381469727, "69": 9.619999885559082, "70": 9.619999885559082, "71": 9.619999885559082, "72": 9.630000114440918, "73": 9.630000114440918, "74": 9.630000114440918, "75": 9.649999618530273, "76": 9.609999656677246, "77": 9.628999710083008, "78": 9.642999649047852, "79": 9.65999984741211, "80": 9.6899995803833, "81": 9.6899995803833, "82": 9.6899995803833, "83": 9.619999885559082, "84": 9.630000114440918, "85": 9.670000076293945, "86": 9.670000076293945, "87": 9.600000381469727, "88": 9.609999656677246, "89": 9.619000434875488, "90": 9.600000381469727, "91": 9.619999885559082, "92": 9.649999618530273, "93": 9.649999618530273, "94": 9.600000381469727, "95": 9.609999656677246, "96": 9.649999618530273, "97": 9.649999618530273, "98": 9.619999885559082, "99": 9.635000228881836, "100": 9.649999618530273, "101": 9.600000381469727, "102": 9.609999656677246, "103": 9.640000343322754, "104": 9.640000343322754, "105": 9.640000343322754, "106": 9.640000343322754, "107": 9.640000343322754, "108": 9.640000343322754, "109": 9.619999885559082, "110": 9.640000343322754, "111": 9.65999984741211, "112": 9.65999984741211, "113": 9.619999885559082, "114": 9.619999885559082, "115": 9.65999984741211, "116": 9.65999984741211, "117": 9.670000076293945, "118": 9.670000076293945, "119": 9.670000076293945, "120": 9.619999885559082, "121": 9.680000305175781, "122": 9.649999618530273, "123": 9.630000114440918, "124": 9.680000305175781, "125": 9.680000305175781, "126": 9.680000305175781, "127": 9.680000305175781, "128": 9.680000305175781, "129": 9.680000305175781, "130": 9.699999809265137, "131": 9.720000267028809, "132": 9.739999771118164, "133": 9.739999771118164, "134": 9.739999771118164, "135": 9.739999771118164, "136": 9.6899995803833, "137": 9.6899995803833, "138": 9.6899995803833, "139": 9.6899995803833, "140": 9.704999923706055, "141": 9.649999618530273, "142": 9.6899995803833, "143": 9.680000305175781, "144": 9.699999809265137, "145": 9.699999809265137, "146": 9.710000038146973, "147": 9.710000038146973, "148": 9.6899995803833, "149": 9.710000038146973, "150": 9.710000038146973, "151": 9.699999809265137, "152": 9.699999809265137, "153": 9.699999809265137, "154": 9.699999809265137, "155": 9.699999809265137, "156": 9.699999809265137, "157": 9.699999809265137, "158": 9.710000038146973, "159": 9.680000305175781, "160": 9.680000305175781, "161": 9.680000305175781, "162": 9.680000305175781, "163": 9.680000305175781, "164": 9.65999984741211, "165": 9.65999984741211, "166": 9.649999618530273, "167": 9.649999618530273, "168": 9.649999618530273, "169": 9.649999618530273, "170": 9.649999618530273, "171": 9.649999618530273, "172": 9.649999618530273, "173": 9.649999618530273, "174": 9.649999618530273, "175": 9.649999618530273, "176": 9.649999618530273, "177": 9.649999618530273, "178": 9.649999618530273, "179": 9.670000076293945, "180": 9.670000076293945, "181": 9.680000305175781, "182": 9.670000076293945, "183": 9.65999984741211, "184": 9.6899995803833, "185": 9.670000076293945, "186": 9.670000076293945, "187": 9.6899995803833, "188": 9.670000076293945, "189": 9.670000076293945, "190": 9.6899995803833, "191": 9.699999809265137, "192": 9.6899995803833, "193": 9.680000305175781, "194": 9.699999809265137, "195": 9.699999809265137, "196": 9.680000305175781, "197": 9.6899995803833, "198": 9.680000305175781, "199": 9.710000038146973, "200": 9.710000038146973, "201": 9.680000305175781, "202": 9.694999694824219, "203": 9.694999694824219, "204": 9.694999694824219, "205": 9.694999694824219, "206": 9.694999694824219, "207": 9.694999694824219, "208": 9.6899995803833, "209": 9.680000305175781, "210": 9.720000267028809, "211": 9.699999809265137, "212": 9.720000267028809, "213": 9.729999542236328, "214": 9.720000267028809, "215": 9.720000267028809, "216": 9.699999809265137, "217": 9.739999771118164, "218": 9.729999542236328, "219": 9.729999542236328, "220": 9.729999542236328, "221": 9.729999542236328, "222": 9.739999771118164, "223": 9.739999771118164, "224": 9.739999771118164, "225": 9.739999771118164, "226": 9.720000267028809, "227": 9.729999542236328, "228": 9.739999771118164, "229": 9.720000267028809, "230": 9.739999771118164, "231": 9.699999809265137, "232": 9.710000038146973, "233": 9.729999542236328, "234": 9.739999771118164, "235": 9.739999771118164, "236": 9.739999771118164, "237": 9.739999771118164, "238": 9.739999771118164, "239": 9.739999771118164, "240": 9.739999771118164, "241": 9.739999771118164, "242": 9.739999771118164, "243": 9.739999771118164, "244": 9.739999771118164, "245": 9.670000076293945, "246": 9.739999771118164, "247": 9.739999771118164, "248": 9.739999771118164, "249": 9.720000267028809, "250": 9.720000267028809, "251": 9.739999771118164, "252": 9.739999771118164, "253": 9.699999809265137, "254": 9.699999809265137, "255": 9.729999542236328, "256": 9.739999771118164, "257": 9.739999771118164, "258": 9.739999771118164, "259": 9.734999656677246, "260": 9.734999656677246, "261": 9.734999656677246, "262": 9.75, "263": 9.75, "264": 9.729999542236328, "265": 9.755000114440918, "266": 9.755000114440918, "267": 9.755000114440918, "268": 9.760000228881836, "269": 9.760000228881836, "270": 9.770000457763672, "271": 9.755000114440918, "272": 9.774999618530273, "273": 9.774999618530273, "274": 9.770000457763672, "275": 9.789999961853027, "276": 9.800000190734863, "277": 9.800000190734863, "278": 9.779999732971191, "279": 9.800000190734863, "280": 9.800000190734863, "281": 9.800000190734863, "282": 9.8100004196167, "283": 9.819999694824219, "284": 9.819999694824219, "285": 9.770000457763672, "286": 9.829999923706055, "287": 9.779999732971191, "288": 9.829999923706055, "289": 9.829999923706055, "290": 9.824999809265137, "291": 9.829999923706055, "292": 9.819999694824219, "293": 9.789999961853027, "294": 9.850000381469727, "295": 9.850000381469727, "296": 9.859999656677246, "297": 9.831000328063965, "298": 9.829999923706055, "299": 9.880000114440918, "300": 9.880000114440918, "301": 9.890000343322754, "302": 9.880000114440918, "303": 9.880000114440918, "304": 9.859999656677246, "305": 9.880000114440918, "306": 9.880000114440918, "307": 9.880000114440918, "308": 9.880000114440918, "309": 9.869999885559082, "310": 9.859999656677246, "311": 9.890000343322754, "312": 9.880000114440918, "313": 9.880000114440918, "314": 9.880000114440918, "315": 9.9399995803833, "316": 9.9399995803833, "317": 9.890000343322754, "318": 9.90999984741211, "319": 9.9399995803833, "320": 9.899999618530273, "321": 9.930000305175781, "322": 9.949999809265137, "323": 9.949999809265137, "324": 9.979999542236328, "325": 9.960000038146973, "326": 9.960000038146973, "327": 9.960000038146973, "328": 10.0, "329": 9.970000267028809, "330": 9.970000267028809, "331": 9.970000267028809, "332": 9.970000267028809, "333": 9.979999542236328, "334": 9.989999771118164, "335": 10.0, "336": 10.020000457763672, "337": 10.050000190734863, "338": 10.050000190734863, "339": 10.050000190734863, "340": 10.050000190734863, "341": 10.050000190734863, "342": 10.029999732971191, "343": 10.029999732971191, "344": 10.029999732971191, "345": 10.039999961853027, "346": 10.039999961853027, "347": 10.03499984741211, "348": 10.039999961853027, "349": 10.029999732971191, "350": 10.039999961853027, "351": 10.039999961853027, "352": 10.039999961853027, "353": 10.039999961853027, "354": 10.039999961853027, "355": 10.039999961853027, "356": 10.039999961853027, "357": 10.079999923706055, "358": 10.079999923706055, "359": 10.069999694824219, "360": 10.069999694824219, "361": 10.079999923706055, "362": 10.079999923706055, "363": 10.100000381469727, "364": 10.079999923706055, "365": 10.100000381469727, "366": 10.09000015258789, "367": 10.079999923706055, "368": 10.079999923706055, "369": 10.109999656677246, "370": 10.109999656677246, "371": 10.149999618530273, "372": 10.149999618530273, "373": 10.100000381469727, "374": 10.119999885559082, "375": 10.119999885559082, "376": 10.119999885559082, "377": 10.119999885559082, "378": 10.130000114440918, "379": 10.130000114440918, "380": 10.15999984741211, "381": 10.199999809265137, "382": 10.149999618530273, "383": 10.149999618530273, "384": 10.149999618530273, "385": 10.149999618530273, "386": 10.149999618530273, "387": 10.149999618530273, "388": 10.149999618530273, "389": 10.149999618530273, "390": 10.140000343322754, "391": 10.149999618530273, "392": 10.149999618530273, "393": 10.15999984741211, "394": 10.15999984741211, "395": 10.15999984741211, "396": 10.15999984741211, "397": 10.170000076293945, "398": 10.170000076293945, "399": 10.170000076293945, "400": 10.170000076293945, "401": 10.170000076293945, "402": 10.170000076293945, "403": 10.170000076293945, "404": 10.180000305175781, "405": 10.170000076293945, "406": 10.170000076293945, "407": 10.170000076293945, "408": 10.180000305175781, "409": 10.180000305175781, "410": 10.1899995803833, "411": 10.1899995803833, "412": 10.199999809265137, "413": 10.210000038146973, "414": 10.210000038146973, "415": 10.210000038146973, "416": 10.220000267028809, "417": 10.229999542236328, "418": 10.229999542236328, "419": 10.229999542236328, "420": 10.229999542236328, "421": 10.229999542236328, "422": 10.229999542236328, "423": 10.229999542236328, "424": 10.239999771118164, "425": 10.239999771118164, "426": 10.260000228881836, "427": 10.260000228881836, "428": 10.260000228881836, "429": 10.260000228881836, "430": 10.260000228881836, "431": 10.270000457763672, "432": 10.260000228881836, "433": 10.270000457763672, "434": 10.270000457763672, "435": 10.270000457763672, "436": 10.260000228881836, "437": 10.279999732971191, "438": 10.265000343322754, "439": 10.350000381469727, "440": 10.300000190734863, "441": 10.300000190734863, "442": 10.289999961853027, "443": 10.289999961853027}, "close": {"0": 9.75, "1": 9.75, "2": 9.65999984741211, "3": 9.65999984741211, "4": 9.649999618530273, "5": 9.680000305175781, "6": 9.654999732971191, "7": 9.65999984741211, "8": 9.6899995803833, "9": 9.699999809265137, "10": 9.729999542236328, "11": 9.729999542236328, "12": 9.729999542236328, "13": 9.729999542236328, "14": 9.789999961853027, "15": 9.699999809265137, "16": 9.71500015258789, "17": 9.71500015258789, "18": 9.710000038146973, "19": 9.710000038146973, "20": 9.710000038146973, "21": 9.710000038146973, "22": 9.699999809265137, "23": 9.710000038146973, "24": 9.710000038146973, "25": 9.710000038146973, "26": 9.65999984741211, "27": 9.75, "28": 9.765000343322754, "29": 9.789999961853027, "30": 9.789999961853027, "31": 9.789999961853027, "32": 9.789999961853027, "33": 9.789999961853027, "34": 9.760000228881836, "35": 9.699999809265137, "36": 9.75, "37": 9.729999542236328, "38": 9.710000038146973, "39": 9.720000267028809, "40": 9.710000038146973, "41": 9.710000038146973, "42": 9.710000038146973, "43": 9.710000038146973, "44": 9.710000038146973, "45": 9.710000038146973, "46": 9.720000267028809, "47": 9.710000038146973, "48": 9.710000038146973, "49": 9.680000305175781, "50": 9.680000305175781, "51": 9.680000305175781, "52": 9.680000305175781, "53": 9.680000305175781, "54": 9.680000305175781, "55": 9.770000457763672, "56": 9.779999732971191, "57": 9.779999732971191, "58": 9.779999732971191, "59": 9.779999732971191, "60": 9.779999732971191, "61": 9.779999732971191, "62": 9.75, "63": 9.75, "64": 9.75, "65": 9.699999809265137, "66": 9.6899995803833, "67": 9.6899995803833, "68": 9.619999885559082, "69": 9.619999885559082, "70": 9.619999885559082, "71": 9.619999885559082, "72": 9.630000114440918, "73": 9.630000114440918, "74": 9.630000114440918, "75": 9.680000305175781, "76": 9.649999618530273, "77": 9.628999710083008, "78": 9.649999618530273, "79": 9.65999984741211, "80": 9.6899995803833, "81": 9.6899995803833, "82": 9.6899995803833, "83": 9.619999885559082, "84": 9.670000076293945, "85": 9.670000076293945, "86": 9.670000076293945, "87": 9.649999618530273, "88": 9.619999885559082, "89": 9.699999809265137, "90": 9.619999885559082, "91": 9.619999885559082, "92": 9.649999618530273, "93": 9.649999618530273, "94": 9.699999809265137, "95": 9.619999885559082, "96": 9.649999618530273, "97": 9.649999618530273, "98": 9.680000305175781, "99": 9.649999618530273, "100": 9.66100025177002, "101": 9.600000381469727, "102": 9.609999656677246, "103": 9.640000343322754, "104": 9.640000343322754, "105": 9.640000343322754, "106": 9.640000343322754, "107": 9.640000343322754, "108": 9.640000343322754, "109": 9.619999885559082, "110": 9.642000198364258, "111": 9.65999984741211, "112": 9.65999984741211, "113": 9.65999984741211, "114": 9.65999984741211, "115": 9.65999984741211, "116": 9.65999984741211, "117": 9.670000076293945, "118": 9.670000076293945, "119": 9.670000076293945, "120": 9.680000305175781, "121": 9.680000305175781, "122": 9.680000305175781, "123": 9.680000305175781, "124": 9.680000305175781, "125": 9.680000305175781, "126": 9.680000305175781, "127": 9.680000305175781, "128": 9.680000305175781, "129": 9.699999809265137, "130": 9.699999809265137, "131": 9.739999771118164, "132": 9.739999771118164, "133": 9.739999771118164, "134": 9.739999771118164, "135": 9.739999771118164, "136": 9.6899995803833, "137": 9.6899995803833, "138": 9.6899995803833, "139": 9.6899995803833, "140": 9.75, "141": 9.739999771118164, "142": 9.720000267028809, "143": 9.710000038146973, "144": 9.720000267028809, "145": 9.699999809265137, "146": 9.710000038146973, "147": 9.710000038146973, "148": 9.699999809265137, "149": 9.710000038146973, "150": 9.710000038146973, "151": 9.699999809265137, "152": 9.699999809265137, "153": 9.699999809265137, "154": 9.699999809265137, "155": 9.699999809265137, "156": 9.699999809265137, "157": 9.699999809265137, "158": 9.710000038146973, "159": 9.680000305175781, "160": 9.680000305175781, "161": 9.680000305175781, "162": 9.680000305175781, "163": 9.680000305175781, "164": 9.65999984741211, "165": 9.65999984741211, "166": 9.649999618530273, "167": 9.649999618530273, "168": 9.649999618530273, "169": 9.649999618530273, "170": 9.649999618530273, "171": 9.649999618530273, "172": 9.649999618530273, "173": 9.649999618530273, "174": 9.649999618530273, "175": 9.649999618530273, "176": 9.649999618530273, "177": 9.65999984741211, "178": 9.670000076293945, "179": 9.670000076293945, "180": 9.670000076293945, "181": 9.680000305175781, "182": 9.670000076293945, "183": 9.6899995803833, "184": 9.6899995803833, "185": 9.670000076293945, "186": 9.670000076293945, "187": 9.6899995803833, "188": 9.670000076293945, "189": 9.670000076293945, "190": 9.699999809265137, "191": 9.699999809265137, "192": 9.6899995803833, "193": 9.680000305175781, "194": 9.699999809265137, "195": 9.699999809265137, "196": 9.680000305175781, "197": 9.6899995803833, "198": 9.680000305175781, "199": 9.710000038146973, "200": 9.710000038146973, "201": 9.694999694824219, "202": 9.694999694824219, "203": 9.694999694824219, "204": 9.694999694824219, "205": 9.694999694824219, "206": 9.694999694824219, "207": 9.694999694824219, "208": 9.699999809265137, "209": 9.710000038146973, "210": 9.720000267028809, "211": 9.720000267028809, "212": 9.720000267028809, "213": 9.729999542236328, "214": 9.720000267028809, "215": 9.720000267028809, "216": 9.729999542236328, "217": 9.739999771118164, "218": 9.729999542236328, "219": 9.729999542236328, "220": 9.729999542236328, "221": 9.729999542236328, "222": 9.739999771118164, "223": 9.739999771118164, "224": 9.739999771118164, "225": 9.739999771118164, "226": 9.720000267028809, "227": 9.729999542236328, "228": 9.739999771118164, "229": 9.739999771118164, "230": 9.739999771118164, "231": 9.699999809265137, "232": 9.720000267028809, "233": 9.739999771118164, "234": 9.739999771118164, "235": 9.739999771118164, "236": 9.739999771118164, "237": 9.739999771118164, "238": 9.739999771118164, "239": 9.739999771118164, "240": 9.739999771118164, "241": 9.739999771118164, "242": 9.739999771118164, "243": 9.739999771118164, "244": 9.739999771118164, "245": 9.739999771118164, "246": 9.739999771118164, "247": 9.739999771118164, "248": 9.739999771118164, "249": 9.720000267028809, "250": 9.729999542236328, "251": 9.739999771118164, "252": 9.739999771118164, "253": 9.699999809265137, "254": 9.710000038146973, "255": 9.739999771118164, "256": 9.739999771118164, "257": 9.739999771118164, "258": 9.739999771118164, "259": 9.734999656677246, "260": 9.734999656677246, "261": 9.734999656677246, "262": 9.75, "263": 9.75, "264": 9.755000114440918, "265": 9.755000114440918, "266": 9.755000114440918, "267": 9.755000114440918, "268": 9.760000228881836, "269": 9.760000228881836, "270": 9.770000457763672, "271": 9.770000457763672, "272": 9.774999618530273, "273": 9.774999618530273, "274": 9.779999732971191, "275": 9.789999961853027, "276": 9.800000190734863, "277": 9.800000190734863, "278": 9.800000190734863, "279": 9.8100004196167, "280": 9.800000190734863, "281": 9.800000190734863, "282": 9.819999694824219, "283": 9.819999694824219, "284": 9.819999694824219, "285": 9.84000015258789, "286": 9.829999923706055, "287": 9.829999923706055, "288": 9.829999923706055, "289": 9.829999923706055, "290": 9.84000015258789, "291": 9.829999923706055, "292": 9.819999694824219, "293": 9.84000015258789, "294": 9.859999656677246, "295": 9.859999656677246, "296": 9.869999885559082, "297": 9.831000328063965, "298": 9.869999885559082, "299": 9.890000343322754, "300": 9.890000343322754, "301": 9.890000343322754, "302": 9.90999984741211, "303": 9.880000114440918, "304": 9.859999656677246, "305": 9.880000114440918, "306": 9.880000114440918, "307": 9.880000114440918, "308": 9.880000114440918, "309": 9.869999885559082, "310": 9.880000114440918, "311": 9.890000343322754, "312": 9.899999618530273, "313": 9.880000114440918, "314": 9.9399995803833, "315": 9.9399995803833, "316": 9.9399995803833, "317": 9.90999984741211, "318": 9.930000305175781, "319": 9.9399995803833, "320": 9.916999816894531, "321": 9.949999809265137, "322": 9.949999809265137, "323": 10.010000228881836, "324": 9.979999542236328, "325": 9.960000038146973, "326": 9.960000038146973, "327": 10.0, "328": 10.0, "329": 9.970000267028809, "330": 9.979999542236328, "331": 9.970000267028809, "332": 9.970000267028809, "333": 9.989999771118164, "334": 10.0, "335": 10.0, "336": 10.050000190734863, "337": 10.050000190734863, "338": 10.050000190734863, "339": 10.050000190734863, "340": 10.050000190734863, "341": 10.050000190734863, "342": 10.029999732971191, "343": 10.039999961853027, "344": 10.050000190734863, "345": 10.039999961853027, "346": 10.039999961853027, "347": 10.039999961853027, "348": 10.039999961853027, "349": 10.039999961853027, "350": 10.0600004196167, "351": 10.039999961853027, "352": 10.039999961853027, "353": 10.039999961853027, "354": 10.039999961853027, "355": 10.039999961853027, "356": 10.039999961853027, "357": 10.079999923706055, "358": 10.079999923706055, "359": 10.069999694824219, "360": 10.069999694824219, "361": 10.079999923706055, "362": 10.079999923706055, "363": 10.100000381469727, "364": 10.079999923706055, "365": 10.100000381469727, "366": 10.09000015258789, "367": 10.079999923706055, "368": 10.079999923706055, "369": 10.109999656677246, "370": 10.109999656677246, "371": 10.149999618530273, "372": 10.149999618530273, "373": 10.100000381469727, "374": 10.130000114440918, "375": 10.119999885559082, "376": 10.119999885559082, "377": 10.119999885559082, "378": 10.140000343322754, "379": 10.149999618530273, "380": 10.170000076293945, "381": 10.199999809265137, "382": 10.149999618530273, "383": 10.149999618530273, "384": 10.149999618530273, "385": 10.149999618530273, "386": 10.149999618530273, "387": 10.149999618530273, "388": 10.149999618530273, "389": 10.149999618530273, "390": 10.149999618530273, "391": 10.149999618530273, "392": 10.149999618530273, "393": 10.15999984741211, "394": 10.15999984741211, "395": 10.15999984741211, "396": 10.15999984741211, "397": 10.170000076293945, "398": 10.170000076293945, "399": 10.170000076293945, "400": 10.170000076293945, "401": 10.170000076293945, "402": 10.170000076293945, "403": 10.170000076293945, "404": 10.180000305175781, "405": 10.170000076293945, "406": 10.170000076293945, "407": 10.189000129699707, "408": 10.180000305175781, "409": 10.1899995803833, "410": 10.1899995803833, "411": 10.199999809265137, "412": 10.210000038146973, "413": 10.210000038146973, "414": 10.210000038146973, "415": 10.220000267028809, "416": 10.25, "417": 10.229999542236328, "418": 10.229999542236328, "419": 10.229999542236328, "420": 10.229999542236328, "421": 10.229999542236328, "422": 10.229999542236328, "423": 10.229999542236328, "424": 10.25, "425": 10.260000228881836, "426": 10.260000228881836, "427": 10.260000228881836, "428": 10.260000228881836, "429": 10.260000228881836, "430": 10.260000228881836, "431": 10.270000457763672, "432": 10.270000457763672, "433": 10.270000457763672, "434": 10.270000457763672, "435": 10.270000457763672, "436": 10.279999732971191, "437": 10.279999732971191, "438": 10.270000457763672, "439": 10.350000381469727, "440": 10.3100004196167, "441": 10.319999694824219, "442": 10.300000190734863, "443": 10.300000190734863}, "volume": {"0": 14900, "1": 400, "2": 17000, "3": 3600, "4": 76200, "5": 500, "6": 200, "7": 1000, "8": 6100, "9": 34000, "10": 1600, "11": 0, "12": 0, "13": 0, "14": 300, "15": 20100, "16": 500, "17": 0, "18": 300, "19": 0, "20": 0, "21": 0, "22": 14300, "23": 6800, "24": 4400, "25": 200, "26": 300, "27": 26500, "28": 2900, "29": 5200, "30": 0, "31": 100, "32": 0, "33": 1300, "34": 600, "35": 100, "36": 1100, "37": 2200, "38": 100, "39": 1000, "40": 2500, "41": 2400, "42": 0, "43": 100, "44": 0, "45": 1000, "46": 12000, "47": 600, "48": 10100, "49": 31900, "50": 0, "51": 0, "52": 0, "53": 0, "54": 0, "55": 4000, "56": 100, "57": 4100, "58": 0, "59": 0, "60": 0, "61": 0, "62": 1700, "63": 0, "64": 3300, "65": 6700, "66": 10400, "67": 0, "68": 3800, "69": 0, "70": 0, "71": 0, "72": 100, "73": 0, "74": 0, "75": 5200, "76": 22000, "77": 5300, "78": 9100, "79": 3000, "80": 500, "81": 0, "82": 0, "83": 300, "84": 1600, "85": 0, "86": 0, "87": 4500, "88": 3200, "89": 4500, "90": 8200, "91": 0, "92": 100, "93": 0, "94": 11900, "95": 1400, "96": 11300, "97": 0, "98": 300, "99": 2700, "100": 400, "101": 8000, "102": 1100, "103": 2500, "104": 0, "105": 0, "106": 0, "107": 0, "108": 0, "109": 18600, "110": 1600, "111": 6000, "112": 0, "113": 4700, "114": 2500, "115": 13300, "116": 0, "117": 2500, "118": 0, "119": 0, "120": 12100, "121": 0, "122": 15500, "123": 44700, "124": 0, "125": 0, "126": 0, "127": 100, "128": 0, "129": 102700, "130": 0, "131": 1600, "132": 20300, "133": 0, "134": 0, "135": 0, "136": 300, "137": 1900, "138": 0, "139": 0, "140": 7900, "141": 3500, "142": 4500, "143": 4200, "144": 2100, "145": 300, "146": 2600, "147": 0, "148": 9400, "149": 5000, "150": 0, "151": 14300, "152": 0, "153": 0, "154": 0, "155": 100, "156": 0, "157": 0, "158": 300, "159": 300, "160": 0, "161": 0, "162": 300, "163": 0, "164": 200, "165": 0, "166": 400, "167": 0, "168": 0, "169": 0, "170": 0, "171": 0, "172": 0, "173": 0, "174": 0, "175": 0, "176": 636000, "177": 15200, "178": 100100, "179": 2200, "180": 0, "181": 300, "182": 4600, "183": 3300, "184": 400, "185": 300, "186": 0, "187": 200, "188": 15000, "189": 0, "190": 2800, "191": 0, "192": 300000, "193": 5900, "194": 15600, "195": 0, "196": 300, "197": 3000, "198": 300, "199": 1100, "200": 0, "201": 2100, "202": 0, "203": 0, "204": 0, "205": 0, "206": 0, "207": 0, "208": 4400, "209": 62700, "210": 1400, "211": 124000, "212": 358200, "213": 1600, "214": 2600, "215": 64200, "216": 4700, "217": 9400, "218": 400, "219": 300, "220": 0, "221": 0, "222": 1600, "223": 100, "224": 0, "225": 0, "226": 1000, "227": 700, "228": 600, "229": 5500, "230": 0, "231": 100, "232": 23600, "233": 6500, "234": 0, "235": 5000, "236": 0, "237": 700, "238": 0, "239": 0, "240": 0, "241": 0, "242": 0, "243": 0, "244": 0, "245": 23900, "246": 200, "247": 0, "248": 0, "249": 1100, "250": 9600, "251": 18100, "252": 0, "253": 5200, "254": 2400, "255": 49800, "256": 0, "257": 44100, "258": 0, "259": 3400, "260": 0, "261": 0, "262": 300, "263": 0, "264": 6700, "265": 0, "266": 0, "267": 0, "268": 800, "269": 0, "270": 1400, "271": 1600, "272": 169600, "273": 0, "274": 300, "275": 5700, "276": 1800, "277": 0, "278": 47600, "279": 15100, "280": 10200, "281": 0, "282": 4200, "283": 38700, "284": 0, "285": 400, "286": 24600, "287": 16600, "288": 10800, "289": 0, "290": 41900, "291": 13300, "292": 2700, "293": 500, "294": 53000, "295": 600, "296": 5500, "297": 200, "298": 4900, "299": 4500, "300": 2100, "301": 0, "302": 15200, "303": 37400, "304": 3200, "305": 28500, "306": 0, "307": 0, "308": 0, "309": 100, "310": 1900, "311": 400, "312": 1100, "313": 3000, "314": 2900, "315": 100, "316": 0, "317": 116000, "318": 92700, "319": 200, "320": 400, "321": 400, "322": 400, "323": 21500, "324": 200, "325": 100, "326": 300, "327": 123700, "328": 0, "329": 200, "330": 2700, "331": 100, "332": 4600, "333": 2800, "334": 25800, "335": 1500, "336": 2800, "337": 300, "338": 0, "339": 0, "340": 0, "341": 0, "342": 115200, "343": 700, "344": 41300, "345": 300, "346": 0, "347": 8100, "348": 56300, "349": 200, "350": 17800, "351": 6100, "352": 0, "353": 100, "354": 0, "355": 0, "356": 0, "357": 11200, "358": 400, "359": 2600, "360": 400, "361": 500, "362": 0, "363": 4100, "364": 93600, "365": 500, "366": 200, "367": 300, "368": 400, "369": 500, "370": 100, "371": 1300, "372": 0, "373": 200, "374": 10100, "375": 300, "376": 506800, "377": 352500, "378": 1057800, "379": 6700, "380": 75200, "381": 100, "382": 18700, "383": 3000, "384": 500, "385": 32800, "386": 7800, "387": 800, "388": 210200, "389": 600, "390": 87900, "391": 0, "392": 6700, "393": 75200, "394": 300, "395": 0, "396": 0, "397": 2400, "398": 0, "399": 27600, "400": 0, "401": 0, "402": 785000, "403": 200, "404": 25000, "405": 1150200, "406": 139600, "407": 353400, "408": 30000, "409": 5400, "410": 100, "411": 131700, "412": 38000, "413": 0, "414": 1300, "415": 572500, "416": 171700, "417": 1300, "418": 1200, "419": 0, "420": 0, "421": 0, "422": 100, "423": 0, "424": 17200, "425": 5500, "426": 0, "427": 100000, "428": 200, "429": 100, "430": 0, "431": 121800, "432": 8700, "433": 0, "434": 0, "435": 0, "436": 304900, "437": 0, "438": 92700, "439": 1000, "440": 535000, "441": 47300, "442": 209800, "443": 2676300}, "adjclose": {"0": 9.75, "1": 9.75, "2": 9.65999984741211, "3": 9.65999984741211, "4": 9.649999618530273, "5": 9.680000305175781, "6": 9.654999732971191, "7": 9.65999984741211, "8": 9.6899995803833, "9": 9.699999809265137, "10": 9.729999542236328, "11": 9.729999542236328, "12": 9.729999542236328, "13": 9.729999542236328, "14": 9.789999961853027, "15": 9.699999809265137, "16": 9.71500015258789, "17": 9.71500015258789, "18": 9.710000038146973, "19": 9.710000038146973, "20": 9.710000038146973, "21": 9.710000038146973, "22": 9.699999809265137, "23": 9.710000038146973, "24": 9.710000038146973, "25": 9.710000038146973, "26": 9.65999984741211, "27": 9.75, "28": 9.765000343322754, "29": 9.789999961853027, "30": 9.789999961853027, "31": 9.789999961853027, "32": 9.789999961853027, "33": 9.789999961853027, "34": 9.760000228881836, "35": 9.699999809265137, "36": 9.75, "37": 9.729999542236328, "38": 9.710000038146973, "39": 9.720000267028809, "40": 9.710000038146973, "41": 9.710000038146973, "42": 9.710000038146973, "43": 9.710000038146973, "44": 9.710000038146973, "45": 9.710000038146973, "46": 9.720000267028809, "47": 9.710000038146973, "48": 9.710000038146973, "49": 9.680000305175781, "50": 9.680000305175781, "51": 9.680000305175781, "52": 9.680000305175781, "53": 9.680000305175781, "54": 9.680000305175781, "55": 9.770000457763672, "56": 9.779999732971191, "57": 9.779999732971191, "58": 9.779999732971191, "59": 9.779999732971191, "60": 9.779999732971191, "61": 9.779999732971191, "62": 9.75, "63": 9.75, "64": 9.75, "65": 9.699999809265137, "66": 9.6899995803833, "67": 9.6899995803833, "68": 9.619999885559082, "69": 9.619999885559082, "70": 9.619999885559082, "71": 9.619999885559082, "72": 9.630000114440918, "73": 9.630000114440918, "74": 9.630000114440918, "75": 9.680000305175781, "76": 9.649999618530273, "77": 9.628999710083008, "78": 9.649999618530273, "79": 9.65999984741211, "80": 9.6899995803833, "81": 9.6899995803833, "82": 9.6899995803833, "83": 9.619999885559082, "84": 9.670000076293945, "85": 9.670000076293945, "86": 9.670000076293945, "87": 9.649999618530273, "88": 9.619999885559082, "89": 9.699999809265137, "90": 9.619999885559082, "91": 9.619999885559082, "92": 9.649999618530273, "93": 9.649999618530273, "94": 9.699999809265137, "95": 9.619999885559082, "96": 9.649999618530273, "97": 9.649999618530273, "98": 9.680000305175781, "99": 9.649999618530273, "100": 9.66100025177002, "101": 9.600000381469727, "102": 9.609999656677246, "103": 9.640000343322754, "104": 9.640000343322754, "105": 9.640000343322754, "106": 9.640000343322754, "107": 9.640000343322754, "108": 9.640000343322754, "109": 9.619999885559082, "110": 9.642000198364258, "111": 9.65999984741211, "112": 9.65999984741211, "113": 9.65999984741211, "114": 9.65999984741211, "115": 9.65999984741211, "116": 9.65999984741211, "117": 9.670000076293945, "118": 9.670000076293945, "119": 9.670000076293945, "120": 9.680000305175781, "121": 9.680000305175781, "122": 9.680000305175781, "123": 9.680000305175781, "124": 9.680000305175781, "125": 9.680000305175781, "126": 9.680000305175781, "127": 9.680000305175781, "128": 9.680000305175781, "129": 9.699999809265137, "130": 9.699999809265137, "131": 9.739999771118164, "132": 9.739999771118164, "133": 9.739999771118164, "134": 9.739999771118164, "135": 9.739999771118164, "136": 9.6899995803833, "137": 9.6899995803833, "138": 9.6899995803833, "139": 9.6899995803833, "140": 9.75, "141": 9.739999771118164, "142": 9.720000267028809, "143": 9.710000038146973, "144": 9.720000267028809, "145": 9.699999809265137, "146": 9.710000038146973, "147": 9.710000038146973, "148": 9.699999809265137, "149": 9.710000038146973, "150": 9.710000038146973, "151": 9.699999809265137, "152": 9.699999809265137, "153": 9.699999809265137, "154": 9.699999809265137, "155": 9.699999809265137, "156": 9.699999809265137, "157": 9.699999809265137, "158": 9.710000038146973, "159": 9.680000305175781, "160": 9.680000305175781, "161": 9.680000305175781, "162": 9.680000305175781, "163": 9.680000305175781, "164": 9.65999984741211, "165": 9.65999984741211, "166": 9.649999618530273, "167": 9.649999618530273, "168": 9.649999618530273, "169": 9.649999618530273, "170": 9.649999618530273, "171": 9.649999618530273, "172": 9.649999618530273, "173": 9.649999618530273, "174": 9.649999618530273, "175": 9.649999618530273, "176": 9.649999618530273, "177": 9.65999984741211, "178": 9.670000076293945, "179": 9.670000076293945, "180": 9.670000076293945, "181": 9.680000305175781, "182": 9.670000076293945, "183": 9.6899995803833, "184": 9.6899995803833, "185": 9.670000076293945, "186": 9.670000076293945, "187": 9.6899995803833, "188": 9.670000076293945, "189": 9.670000076293945, "190": 9.699999809265137, "191": 9.699999809265137, "192": 9.6899995803833, "193": 9.680000305175781, "194": 9.699999809265137, "195": 9.699999809265137, "196": 9.680000305175781, "197": 9.6899995803833, "198": 9.680000305175781, "199": 9.710000038146973, "200": 9.710000038146973, "201": 9.694999694824219, "202": 9.694999694824219, "203": 9.694999694824219, "204": 9.694999694824219, "205": 9.694999694824219, "206": 9.694999694824219, "207": 9.694999694824219, "208": 9.699999809265137, "209": 9.710000038146973, "210": 9.720000267028809, "211": 9.720000267028809, "212": 9.720000267028809, "213": 9.729999542236328, "214": 9.720000267028809, "215": 9.720000267028809, "216": 9.729999542236328, "217": 9.739999771118164, "218": 9.729999542236328, "219": 9.729999542236328, "220": 9.729999542236328, "221": 9.729999542236328, "222": 9.739999771118164, "223": 9.739999771118164, "224": 9.739999771118164, "225": 9.739999771118164, "226": 9.720000267028809, "227": 9.729999542236328, "228": 9.739999771118164, "229": 9.739999771118164, "230": 9.739999771118164, "231": 9.699999809265137, "232": 9.720000267028809, "233": 9.739999771118164, "234": 9.739999771118164, "235": 9.739999771118164, "236": 9.739999771118164, "237": 9.739999771118164, "238": 9.739999771118164, "239": 9.739999771118164, "240": 9.739999771118164, "241": 9.739999771118164, "242": 9.739999771118164, "243": 9.739999771118164, "244": 9.739999771118164, "245": 9.739999771118164, "246": 9.739999771118164, "247": 9.739999771118164, "248": 9.739999771118164, "249": 9.720000267028809, "250": 9.729999542236328, "251": 9.739999771118164, "252": 9.739999771118164, "253": 9.699999809265137, "254": 9.710000038146973, "255": 9.739999771118164, "256": 9.739999771118164, "257": 9.739999771118164, "258": 9.739999771118164, "259": 9.734999656677246, "260": 9.734999656677246, "261": 9.734999656677246, "262": 9.75, "263": 9.75, "264": 9.755000114440918, "265": 9.755000114440918, "266": 9.755000114440918, "267": 9.755000114440918, "268": 9.760000228881836, "269": 9.760000228881836, "270": 9.770000457763672, "271": 9.770000457763672, "272": 9.774999618530273, "273": 9.774999618530273, "274": 9.779999732971191, "275": 9.789999961853027, "276": 9.800000190734863, "277": 9.800000190734863, "278": 9.800000190734863, "279": 9.8100004196167, "280": 9.800000190734863, "281": 9.800000190734863, "282": 9.819999694824219, "283": 9.819999694824219, "284": 9.819999694824219, "285": 9.84000015258789, "286": 9.829999923706055, "287": 9.829999923706055, "288": 9.829999923706055, "289": 9.829999923706055, "290": 9.84000015258789, "291": 9.829999923706055, "292": 9.819999694824219, "293": 9.84000015258789, "294": 9.859999656677246, "295": 9.859999656677246, "296": 9.869999885559082, "297": 9.831000328063965, "298": 9.869999885559082, "299": 9.890000343322754, "300": 9.890000343322754, "301": 9.890000343322754, "302": 9.90999984741211, "303": 9.880000114440918, "304": 9.859999656677246, "305": 9.880000114440918, "306": 9.880000114440918, "307": 9.880000114440918, "308": 9.880000114440918, "309": 9.869999885559082, "310": 9.880000114440918, "311": 9.890000343322754, "312": 9.899999618530273, "313": 9.880000114440918, "314": 9.9399995803833, "315": 9.9399995803833, "316": 9.9399995803833, "317": 9.90999984741211, "318": 9.930000305175781, "319": 9.9399995803833, "320": 9.916999816894531, "321": 9.949999809265137, "322": 9.949999809265137, "323": 10.010000228881836, "324": 9.979999542236328, "325": 9.960000038146973, "326": 9.960000038146973, "327": 10.0, "328": 10.0, "329": 9.970000267028809, "330": 9.979999542236328, "331": 9.970000267028809, "332": 9.970000267028809, "333": 9.989999771118164, "334": 10.0, "335": 10.0, "336": 10.050000190734863, "337": 10.050000190734863, "338": 10.050000190734863, "339": 10.050000190734863, "340": 10.050000190734863, "341": 10.050000190734863, "342": 10.029999732971191, "343": 10.039999961853027, "344": 10.050000190734863, "345": 10.039999961853027, "346": 10.039999961853027, "347": 10.039999961853027, "348": 10.039999961853027, "349": 10.039999961853027, "350": 10.0600004196167, "351": 10.039999961853027, "352": 10.039999961853027, "353": 10.039999961853027, "354": 10.039999961853027, "355": 10.039999961853027, "356": 10.039999961853027, "357": 10.079999923706055, "358": 10.079999923706055, "359": 10.069999694824219, "360": 10.069999694824219, "361": 10.079999923706055, "362": 10.079999923706055, "363": 10.100000381469727, "364": 10.079999923706055, "365": 10.100000381469727, "366": 10.09000015258789, "367": 10.079999923706055, "368": 10.079999923706055, "369": 10.109999656677246, "370": 10.109999656677246, "371": 10.149999618530273, "372": 10.149999618530273, "373": 10.100000381469727, "374": 10.130000114440918, "375": 10.119999885559082, "376": 10.119999885559082, "377": 10.119999885559082, "378": 10.140000343322754, "379": 10.149999618530273, "380": 10.170000076293945, "381": 10.199999809265137, "382": 10.149999618530273, "383": 10.149999618530273, "384": 10.149999618530273, "385": 10.149999618530273, "386": 10.149999618530273, "387": 10.149999618530273, "388": 10.149999618530273, "389": 10.149999618530273, "390": 10.149999618530273, "391": 10.149999618530273, "392": 10.149999618530273, "393": 10.15999984741211, "394": 10.15999984741211, "395": 10.15999984741211, "396": 10.15999984741211, "397": 10.170000076293945, "398": 10.170000076293945, "399": 10.170000076293945, "400": 10.170000076293945, "401": 10.170000076293945, "402": 10.170000076293945, "403": 10.170000076293945, "404": 10.180000305175781, "405": 10.170000076293945, "406": 10.170000076293945, "407": 10.189000129699707, "408": 10.180000305175781, "409": 10.1899995803833, "410": 10.1899995803833, "411": 10.199999809265137, "412": 10.210000038146973, "413": 10.210000038146973, "414": 10.210000038146973, "415": 10.220000267028809, "416": 10.25, "417": 10.229999542236328, "418": 10.229999542236328, "419": 10.229999542236328, "420": 10.229999542236328, "421": 10.229999542236328, "422": 10.229999542236328, "423": 10.229999542236328, "424": 10.25, "425": 10.260000228881836, "426": 10.260000228881836, "427": 10.260000228881836, "428": 10.260000228881836, "429": 10.260000228881836, "430": 10.260000228881836, "431": 10.270000457763672, "432": 10.270000457763672, "433": 10.270000457763672, "434": 10.270000457763672, "435": 10.270000457763672, "436": 10.279999732971191, "437": 10.279999732971191, "438": 10.270000457763672, "439": 10.350000381469727, "440": 10.3100004196167, "441": 10.319999694824219, "442": 10.300000190734863, "443": 10.300000190734863}}, "profile": {"address1": "1177 Avenue of the Americas", "address2": "5th Floor", "city": "New York", "state": "NY", "zip": "10036", "country": "United States", "phone": "646 494 3296", "website": "https://alphaspac.com", "industry": "Shell Companies", "industryDisp": "Shell Companies", "sector": "Financial Services", "longBusinessSummary": "Alpha Healthcare Acquisition Corp. III does not have significant operations. It focuses on effecting a merger, capital stock exchange, asset acquisition, stock purchase, reorganization, or other business combination with one or more businesses or entities. The company was incorporated in 2021 and is based in New York, New York.", "companyOfficers": [{"maxAge": 1, "name": "Mr. Rajiv Sarman Shukla", "age": 47, "title": "Chairman & CEO", "yearBorn": 1975, "exercisedValue": 0, "unexercisedValue": 0}, {"maxAge": 1, "name": "Mr. Patrick  Sturgeon", "title": "CFO & Sec.", "exercisedValue": 0, "unexercisedValue": 0}], "maxAge": 86400, "latitude": 40.75716260855884, "longitude": -73.98265128675041}}