{"income_statement": {"annual": {"Year": {"1": "Selling, General & Admin", "2": "Operating Expenses", "3": "Operating Income", "4": "Other Expense / Income", "5": "Pretax Income", "6": "Net Income", "7": "Shares Outstanding (Basic)", "8": "Shares Outstanding (Diluted)", "9": "Shares Change", "10": "EPS (Basic)", "11": "EPS (Diluted)", "12": "Free Cash Flow Per Share", "13": "EBITDA", "14": "EBIT"}, "2022": {"1": "0.59", "2": "0.59", "3": "-0.59", "4": "-1.69", "5": "1.11", "6": "1.11", "7": "15", "8": "15", "9": "313.71%", "10": "0.14", "11": "0.14", "12": "-0.02", "13": "1.11", "14": "1.11"}, "2021": {"1": "0.05", "2": "0.05", "3": "-0.05", "4": "-0", "5": "-0.05", "6": "-0.05", "7": "4", "8": "4", "9": "-", "10": "-24.46", "11": "-24.46", "12": "-0.04", "13": "-0.05", "14": "-0.05"}}, "quarterly": {"Metrics": {"1": "Selling, General & Admin", "2": "Operating Expenses", "3": "Operating Income", "4": "Other Expense / Income", "5": "Pretax Income", "6": "Net Income", "7": "Shares Outstanding (Basic)", "8": "Shares Outstanding (Diluted)", "9": "Shares Change", "10": "EPS (Basic)", "11": "EPS (Diluted)", "12": "EPS Growth", "13": "Free Cash Flow Per Share", "14": "EBITDA", "15": "EBIT"}, "2022-12-31": {"1": "0.12", "2": "0.12", "3": "-0.12", "4": "-1", "5": "0.89", "6": "0.89", "7": "15", "8": "15", "9": "313.71%", "10": "0.10", "11": "0.10", "12": "-99.59%", "13": "-0.00", "14": "0.89", "15": "0.89"}, "2022-09-30": {"1": "0.1", "2": "0.1", "3": "-0.1", "4": "-0.52", "5": "0.42", "6": "0.42", "7": "15", "8": "15", "9": "411.48%", "10": "0.05", "11": "0.05", "12": "-", "13": "-0.00", "14": "0.42", "15": "0.42"}, "2022-06-30": {"1": "0.18", "2": "0.18", "3": "-0.18", "4": "-0.16", "5": "-0.02", "6": "-0.02", "7": "15", "8": "15", "9": "411.48%", "10": "-", "11": "-", "12": "-", "13": "-0.00", "14": "-0.02", "15": "-0.02"}, "2022-03-31": {"1": "0.19", "2": "0.19", "3": "-0.19", "4": "-0.01", "5": "-0.18", "6": "-0.18", "7": "15", "8": "15", "9": "-", "10": "-0.01", "11": "-0.01", "12": "-", "13": "-0.01", "14": "-0.18", "15": "-0.18"}, "2021-12-31": {"1": "0.04", "2": "0.04", "3": "-0.04", "4": "-0", "5": "-0.04", "6": "-0.04", "7": "4", "8": "4", "9": "-", "10": "24.46", "11": "24.46", "12": "-", "13": "0.02", "14": "-0.04", "15": "-0.04"}, "2021-09-30": {"1": "0", "2": "0", "3": "-0", "4": "-", "5": "-0", "6": "-0", "7": "3", "8": "3", "9": "-", "10": "-", "11": "-", "12": "-", "13": "-0.04", "14": "-0", "15": "-0"}, "2021-06-30": {"1": "0.01", "2": "0.01", "3": "-0.01", "4": "-", "5": "-0.01", "6": "-0.01", "7": "3", "8": "3", "9": "-", "10": "-", "11": "-", "12": "-", "13": "-0.03", "14": "-0.01", "15": "-0.01"}}}, "balance_sheet": {"annual": {"Year": {"1": "Cash & Equivalents", "2": "Short-Term Investments", "3": "Cash & Cash Equivalents", "4": "Cash Growth", "5": "Other Current Assets", "6": "Total Current Assets", "7": "Total Assets", "8": "Accounts Payable", "9": "Current Debt", "10": "Other Current Liabilities", "11": "Total Current Liabilities", "12": "Total Liabilities", "13": "Total Debt", "14": "Common Stock", "15": "Retained Earnings", "16": "Shareholders' Equity", "17": "Total Liabilities and Equity", "18": "Net Cash / Debt", "19": "Net Cash / Debt Growth", "20": "Net Cash Per Share", "21": "Working Capital", "22": "Book Value Per Share"}, "2022": {"1": "0.11", "2": "118.23", "3": "118.34", "4": "2.56%", "5": "0", "6": "118.34", "7": "118.34", "8": "0.02", "9": "1.53", "10": "3.07", "11": "4.63", "12": "4.63", "13": "1.53", "14": "0", "15": "-4.52", "16": "-4.52", "17": "0.11", "18": "116.81", "19": "1.23%", "20": "7.94", "21": "113.71", "22": "-0.31"}, "2021": {"1": "0.39", "2": "115", "3": "115.39", "4": "-", "5": "0.14", "6": "115.53", "7": "115.53", "8": "0", "9": "0", "10": "2.93", "11": "2.93", "12": "2.93", "13": "0", "14": "0", "15": "-2.4", "16": "-2.4", "17": "0.53", "18": "115.39", "19": "-", "20": "32.46", "21": "112.6", "22": "-0.67"}}, "quarterly": {"Metrics": {"1": "Cash & Equivalents", "2": "Short-Term Investments", "3": "Cash & Cash Equivalents", "4": "Cash Growth", "5": "Other Current Assets", "6": "Total Current Assets", "7": "Total Assets", "8": "Accounts Payable", "9": "Current Debt", "10": "Other Current Liabilities", "11": "Total Current Liabilities", "12": "Total Liabilities", "13": "Total Debt", "14": "Debt Growth", "15": "Common Stock", "16": "Retained Earnings", "17": "Shareholders' Equity", "18": "Total Liabilities and Equity", "19": "Net Cash / Debt", "20": "Net Cash / Debt Growth", "21": "Net Cash Per Share", "22": "Working Capital", "23": "Book Value Per Share"}, "2022-12-31": {"1": "0.11", "2": "118.23", "3": "118.34", "4": "2.56%", "5": "0", "6": "118.34", "7": "118.34", "8": "0.02", "9": "1.53", "10": "3.07", "11": "4.63", "12": "4.63", "13": "1.53", "14": "-", "15": "0", "16": "-4.52", "17": "-4.52", "18": "0.11", "19": "116.81", "20": "1.23%", "21": "7.94", "22": "113.71", "23": "-0.31"}, "2022-09-30": {"1": "0.13", "2": "116.08", "3": "116.21", "4": "97681.47%", "5": "0.03", "6": "116.24", "7": "116.24", "8": "0", "9": "0.38", "10": "3.03", "11": "3.41", "12": "3.41", "13": "0.38", "14": "27.78%", "15": "0", "16": "-3.26", "17": "-3.25", "18": "0.16", "19": "115.82", "20": "-", "21": "7.88", "22": "112.82", "23": "-0.22"}, "2022-06-30": {"1": "0.18", "2": "115.17", "3": "115.35", "4": "-", "5": "0.07", "6": "115.42", "7": "115.42", "8": "0", "9": "0", "10": "3.01", "11": "3.01", "12": "3.01", "13": "0", "14": "-", "15": "0", "16": "-2.77", "17": "-2.77", "18": "0.24", "19": "115.35", "20": "-", "21": "7.84", "22": "112.41", "23": "-0.19"}, "2022-03-31": {"1": "0.19", "2": "115.01", "3": "115.2", "4": "-", "5": "0.11", "6": "115.3", "7": "115.3", "8": "0", "9": "0", "10": "2.88", "11": "2.88", "12": "2.88", "13": "0", "14": "-", "15": "0", "16": "-2.58", "17": "-2.58", "18": "0.3", "19": "115.2", "20": "-", "21": "7.83", "22": "112.42", "23": "-0.17"}, "2021-12-31": {"1": "0.39", "2": "115", "3": "115.39", "4": "-", "5": "0.14", "6": "115.53", "7": "115.53", "8": "0", "9": "0", "10": "2.93", "11": "2.93", "12": "2.93", "13": "0", "14": "-", "15": "0", "16": "-2.4", "17": "-2.4", "18": "0.53", "19": "115.39", "20": "-", "21": "32.46", "22": "112.6", "23": "-0.67"}, "2021-09-30": {"1": "0.12", "2": "0", "3": "0.12", "4": "-", "5": "0.19", "6": "0.31", "7": "0.31", "8": "0", "9": "0.3", "10": "0", "11": "0.3", "12": "0.3", "13": "0.3", "14": "-", "15": "0.03", "16": "-0.01", "17": "0.01", "18": "0.31", "19": "-0.18", "20": "-", "21": "-0.06", "22": "0.01", "23": "0.01"}}}, "cash_flow_statement": {"annual": {"Year": {"1": "Net Income", "2": "Other Operating Activities", "3": "Operating Cash Flow", "4": "Change in Investments", "5": "Investing Cash Flow", "6": "Share Issuance / Repurchase", "7": "Debt Issued / Paid", "8": "Other Financing Activities", "9": "Financing Cash Flow", "10": "Net Cash Flow", "11": "Free Cash Flow", "12": "Free Cash Flow Per Share"}, "2022": {"1": "1.11", "2": "-1.38", "3": "-0.28", "4": "-1.53", "5": "-1.53", "6": "0", "7": "1.53", "8": "-", "9": "1.53", "10": "-0.28", "11": "-0.28", "12": "-0.02"}, "2021": {"1": "-0.05", "2": "-0.09", "3": "-0.14", "4": "-115", "5": "-115", "6": "118.33", "7": "0", "8": "-2.79", "9": "115.53", "10": "0.39", "11": "-0.14", "12": "-0.04"}}, "quarterly": {"Metrics": {"1": "Net Income", "2": "Other Operating Activities", "3": "Operating Cash Flow", "4": "Change in Investments", "5": "Investing Cash Flow", "6": "Share Issuance / Repurchase", "7": "Debt Issued / Paid", "8": "Other Financing Activities", "9": "Financing Cash Flow", "10": "Net Cash Flow", "11": "Free Cash Flow", "12": "Free Cash Flow Per Share"}, "2022-12-31": {"1": "0.89", "2": "-0.91", "3": "-0.02", "4": "-1.15", "5": "-1.15", "6": "0", "7": "1.15", "8": "-", "9": "1.15", "10": "-0.02", "11": "-0.02", "12": "-0.00"}, "2022-09-30": {"1": "0.42", "2": "-0.46", "3": "-0.05", "4": "0", "5": "0", "6": "0", "7": "0.38", "8": "-", "9": "0.38", "10": "-0.05", "11": "-0.05", "12": "-0.00"}, "2022-06-30": {"1": "-0.02", "2": "0", "3": "-0.01", "4": "0", "5": "0", "6": "0", "7": "0", "8": "-", "9": "0", "10": "-0.01", "11": "-0.01", "12": "-0.00"}, "2022-03-31": {"1": "-0.18", "2": "-0.02", "3": "-0.2", "4": "0", "5": "0", "6": "0", "7": "0", "8": "-", "9": "0", "10": "-0.2", "11": "-0.2", "12": "-0.01"}, "2021-12-31": {"1": "-0.04", "2": "0.1", "3": "0.06", "4": "-115", "5": "-115", "6": "118.3", "7": "-0.3", "8": "-2.79", "9": "115.21", "10": "0.27", "11": "0.06", "12": "0.02"}, "2021-09-30": {"1": "-0", "2": "-0.12", "3": "-0.12", "4": "0", "5": "0", "6": "0", "7": "0", "8": "-", "9": "0", "10": "-0.12", "11": "-0.12", "12": "-0.04"}, "2021-06-30": {"1": "-0.01", "2": "-0.08", "3": "-0.09", "4": "0", "5": "0", "6": "0.03", "7": "0.3", "8": "-", "9": "0.33", "10": "0.24", "11": "-0.09", "12": "-0.03"}}}, "ratios": {"annual": {"Year": {"1": "Market Capitalization", "2": "Market Cap Growth", "3": "Enterprise Value", "4": "PE Ratio", "5": "PB Ratio", "6": "P/FCF Ratio", "7": "P/OCF Ratio", "8": "EV/EBITDA Ratio", "9": "EV/EBIT Ratio", "10": "EV/FCF Ratio", "11": "Debt / Equity Ratio", "12": "Debt / EBITDA Ratio", "13": "Debt / FCF Ratio", "14": "Current Ratio", "15": "Return on Equity (ROE)", "16": "Return on Assets (ROA)", "17": "Return on Capital (ROIC)", "18": "Earnings Yield", "19": "FCF Yield", "20": "Buyback Yield / Dilution", "21": "Total Shareholder Return"}, "Current": {"1": "155", "2": "-", "3": "38", "4": "75.50", "5": "-33.39", "6": "-544.93", "7": "-544.93", "8": "34.60", "9": "34.60", "10": "-123.04", "11": "-0.34", "12": "1.38", "13": "-5.54", "14": "25.56", "15": "-33.80%", "16": "1.00%", "17": "1.00%", "18": "0.71%", "19": "-0.18%", "20": "-313.71%", "21": "-313.71%"}, "2022": {"1": "151", "2": "15.02%", "3": "34", "4": "136.27", "5": "-33.39", "6": "-544.93", "7": "-544.93", "8": "30.77", "9": "30.77", "10": "-123.04", "11": "-0.34", "12": "1.38", "13": "-5.54", "14": "25.56", "15": "-33.80%", "16": "1.00%", "17": "1.00%", "18": "0.73%", "19": "-0.18%", "20": "-313.71%", "21": "-313.71%"}, "2021": {"1": "131", "2": "-", "3": "16", "4": "-2498.03", "5": "-54.72", "6": "-920.80", "7": "-920.80", "8": "-300.53", "9": "-300.53", "10": "-110.78", "11": "-", "12": "-", "13": "-", "14": "39.46", "15": "-", "16": "-", "17": "-", "18": "-0.04%", "19": "-0.11%", "20": "-", "21": "-"}}, "quarterly": {"Metrics": {"1": "Market Capitalization", "2": "Market Cap Growth", "3": "Enterprise Value", "4": "PE Ratio", "5": "PB Ratio", "6": "Debt / Equity Ratio", "7": "Current Ratio", "8": "Buyback Yield / Dilution", "9": "Total Shareholder Return"}, "Current": {"1": "155", "2": "-", "3": "38", "4": "75.50", "5": "-33.39", "6": "-0.34", "7": "25.56", "8": "-313.71%", "9": "-313.71%"}, "2022-12-31": {"1": "151", "2": "15.02%", "3": "34", "4": "136.27", "5": "-33.39", "6": "-0.34", "7": "25.56", "8": "-313.71%", "9": "-313.71%"}, "2022-09-30": {"1": "148", "2": "-", "3": "32", "4": "823.44", "5": "-45.55", "6": "-0.12", "7": "34.05", "8": "-411.48%", "9": "-411.48%"}, "2022-06-30": {"1": "146", "2": "-", "3": "31", "4": "-618.06", "5": "-52.80", "6": "-", "7": "38.36", "8": "-411.48%", "9": "-411.48%"}, "2022-03-31": {"1": "145", "2": "-", "3": "30", "4": "-625.62", "5": "-56.33", "6": "-", "7": "40.03", "8": "-", "9": "-"}, "2021-12-31": {"1": "131", "2": "-", "3": "16", "4": "-2498.03", "5": "-54.72", "6": "-", "7": "39.46", "8": "-", "9": "-"}, "2021-09-30": {"1": "-", "2": "-", "3": "0", "4": "-", "5": "-", "6": "22.81", "7": "1.04", "8": "-", "9": "-"}}}, "stock_price": {"symbol": {"0": "ALSA", "1": "ALSA", "2": "ALSA", "3": "ALSA", "4": "ALSA", "5": "ALSA", "6": "ALSA", "7": "ALSA", "8": "ALSA", "9": "ALSA", "10": "ALSA", "11": "ALSA", "12": "ALSA", "13": "ALSA", "14": "ALSA", "15": "ALSA", "16": "ALSA", "17": "ALSA", "18": "ALSA", "19": "ALSA", "20": "ALSA", "21": "ALSA", "22": "ALSA", "23": "ALSA", "24": "ALSA", "25": "ALSA", "26": "ALSA", "27": "ALSA", "28": "ALSA", "29": "ALSA", "30": "ALSA", "31": "ALSA", "32": "ALSA", "33": "ALSA", "34": "ALSA", "35": "ALSA", "36": "ALSA", "37": "ALSA", "38": "ALSA", "39": "ALSA", "40": "ALSA", "41": "ALSA", "42": "ALSA", "43": "ALSA", "44": "ALSA", "45": "ALSA", "46": "ALSA", "47": "ALSA", "48": "ALSA", "49": "ALSA", "50": "ALSA", "51": "ALSA", "52": "ALSA", "53": "ALSA", "54": "ALSA", "55": "ALSA", "56": "ALSA", "57": "ALSA", "58": "ALSA", "59": "ALSA", "60": "ALSA", "61": "ALSA", "62": "ALSA", "63": "ALSA", "64": "ALSA", "65": "ALSA", "66": "ALSA", "67": "ALSA", "68": "ALSA", "69": "ALSA", "70": "ALSA", "71": "ALSA", "72": "ALSA", "73": "ALSA", "74": "ALSA", "75": "ALSA", "76": "ALSA", "77": "ALSA", "78": "ALSA", "79": "ALSA", "80": "ALSA", "81": "ALSA", "82": "ALSA", "83": "ALSA", "84": "ALSA", "85": "ALSA", "86": "ALSA", "87": "ALSA", "88": "ALSA", "89": "ALSA", "90": "ALSA", "91": "ALSA", "92": "ALSA", "93": "ALSA", "94": "ALSA", "95": "ALSA", "96": "ALSA", "97": "ALSA", "98": "ALSA", "99": "ALSA", "100": "ALSA", "101": "ALSA", "102": "ALSA", "103": "ALSA", "104": "ALSA", "105": "ALSA", "106": "ALSA", "107": "ALSA", "108": "ALSA", "109": "ALSA", "110": "ALSA", "111": "ALSA", "112": "ALSA", "113": "ALSA", "114": "ALSA", "115": "ALSA", "116": "ALSA", "117": "ALSA", "118": "ALSA", "119": "ALSA", "120": "ALSA", "121": "ALSA", "122": "ALSA", "123": "ALSA", "124": "ALSA", "125": "ALSA", "126": "ALSA", "127": "ALSA", "128": "ALSA", "129": "ALSA", "130": "ALSA", "131": "ALSA", "132": "ALSA", "133": "ALSA", "134": "ALSA", "135": "ALSA", "136": "ALSA", "137": "ALSA", "138": "ALSA", "139": "ALSA", "140": "ALSA", "141": "ALSA", "142": "ALSA", "143": "ALSA", "144": "ALSA", "145": "ALSA", "146": "ALSA", "147": "ALSA", "148": "ALSA", "149": "ALSA", "150": "ALSA", "151": "ALSA", "152": "ALSA", "153": "ALSA", "154": "ALSA", "155": "ALSA", "156": "ALSA", "157": "ALSA", "158": "ALSA", "159": "ALSA", "160": "ALSA", "161": "ALSA", "162": "ALSA", "163": "ALSA", "164": "ALSA", "165": "ALSA", "166": "ALSA", "167": "ALSA", "168": "ALSA", "169": "ALSA", "170": "ALSA", "171": "ALSA", "172": "ALSA", "173": "ALSA", "174": "ALSA", "175": "ALSA", "176": "ALSA", "177": "ALSA", "178": "ALSA", "179": "ALSA", "180": "ALSA", "181": "ALSA", "182": "ALSA", "183": "ALSA", "184": "ALSA", "185": "ALSA", "186": "ALSA", "187": "ALSA", "188": "ALSA", "189": "ALSA", "190": "ALSA", "191": "ALSA", "192": "ALSA", "193": "ALSA", "194": "ALSA", "195": "ALSA", "196": "ALSA", "197": "ALSA", "198": "ALSA", "199": "ALSA", "200": "ALSA", "201": "ALSA", "202": "ALSA", "203": "ALSA", "204": "ALSA", "205": "ALSA", "206": "ALSA", "207": "ALSA", "208": "ALSA", "209": "ALSA", "210": "ALSA", "211": "ALSA", "212": "ALSA", "213": "ALSA", "214": "ALSA", "215": "ALSA", "216": "ALSA", "217": "ALSA", "218": "ALSA", "219": "ALSA", "220": "ALSA", "221": "ALSA", "222": "ALSA", "223": "ALSA", "224": "ALSA", "225": "ALSA", "226": "ALSA", "227": "ALSA", "228": "ALSA", "229": "ALSA", "230": "ALSA", "231": "ALSA", "232": "ALSA", "233": "ALSA", "234": "ALSA", "235": "ALSA", "236": "ALSA", "237": "ALSA", "238": "ALSA", "239": "ALSA", "240": "ALSA", "241": "ALSA", "242": "ALSA", "243": "ALSA", "244": "ALSA", "245": "ALSA", "246": "ALSA", "247": "ALSA", "248": "ALSA", "249": "ALSA", "250": "ALSA", "251": "ALSA", "252": "ALSA", "253": "ALSA", "254": "ALSA", "255": "ALSA", "256": "ALSA", "257": "ALSA", "258": "ALSA", "259": "ALSA", "260": "ALSA", "261": "ALSA", "262": "ALSA", "263": "ALSA", "264": "ALSA", "265": "ALSA", "266": "ALSA", "267": "ALSA", "268": "ALSA", "269": "ALSA", "270": "ALSA", "271": "ALSA", "272": "ALSA", "273": "ALSA", "274": "ALSA", "275": "ALSA", "276": "ALSA", "277": "ALSA", "278": "ALSA", "279": "ALSA", "280": "ALSA", "281": "ALSA", "282": "ALSA", "283": "ALSA", "284": "ALSA", "285": "ALSA", "286": "ALSA", "287": "ALSA", "288": "ALSA", "289": "ALSA", "290": "ALSA", "291": "ALSA", "292": "ALSA", "293": "ALSA", "294": "ALSA", "295": "ALSA", "296": "ALSA", "297": "ALSA", "298": "ALSA", "299": "ALSA", "300": "ALSA", "301": "ALSA", "302": "ALSA", "303": "ALSA", "304": "ALSA", "305": "ALSA", "306": "ALSA", "307": "ALSA", "308": "ALSA", "309": "ALSA", "310": "ALSA", "311": "ALSA", "312": "ALSA", "313": "ALSA", "314": "ALSA", "315": "ALSA", "316": "ALSA", "317": "ALSA", "318": "ALSA", "319": "ALSA", "320": "ALSA", "321": "ALSA", "322": "ALSA", "323": "ALSA", "324": "ALSA", "325": "ALSA", "326": "ALSA", "327": "ALSA", "328": "ALSA", "329": "ALSA", "330": "ALSA", "331": "ALSA", "332": "ALSA", "333": "ALSA", "334": "ALSA", "335": "ALSA", "336": "ALSA", "337": "ALSA", "338": "ALSA", "339": "ALSA", "340": "ALSA", "341": "ALSA", "342": "ALSA", "343": "ALSA", "344": "ALSA", "345": "ALSA", "346": "ALSA", "347": "ALSA", "348": "ALSA", "349": "ALSA", "350": "ALSA", "351": "ALSA", "352": "ALSA", "353": "ALSA", "354": "ALSA", "355": "ALSA", "356": "ALSA", "357": "ALSA", "358": "ALSA", "359": "ALSA", "360": "ALSA", "361": "ALSA"}, "date": {"0": "2022-01-20", "1": "2022-01-21", "2": "2022-01-24", "3": "2022-01-25", "4": "2022-01-26", "5": "2022-01-27", "6": "2022-01-28", "7": "2022-01-31", "8": "2022-02-01", "9": "2022-02-02", "10": "2022-02-03", "11": "2022-02-04", "12": "2022-02-07", "13": "2022-02-08", "14": "2022-02-09", "15": "2022-02-10", "16": "2022-02-11", "17": "2022-02-14", "18": "2022-02-15", "19": "2022-02-16", "20": "2022-02-17", "21": "2022-02-18", "22": "2022-02-22", "23": "2022-02-23", "24": "2022-02-24", "25": "2022-02-25", "26": "2022-02-28", "27": "2022-03-01", "28": "2022-03-02", "29": "2022-03-03", "30": "2022-03-04", "31": "2022-03-07", "32": "2022-03-08", "33": "2022-03-09", "34": "2022-03-10", "35": "2022-03-11", "36": "2022-03-14", "37": "2022-03-15", "38": "2022-03-16", "39": "2022-03-17", "40": "2022-03-18", "41": "2022-03-21", "42": "2022-03-22", "43": "2022-03-23", "44": "2022-03-24", "45": "2022-03-25", "46": "2022-03-28", "47": "2022-03-29", "48": "2022-03-30", "49": "2022-03-31", "50": "2022-04-01", "51": "2022-04-04", "52": "2022-04-05", "53": "2022-04-06", "54": "2022-04-07", "55": "2022-04-08", "56": "2022-04-11", "57": "2022-04-12", "58": "2022-04-13", "59": "2022-04-14", "60": "2022-04-18", "61": "2022-04-19", "62": "2022-04-20", "63": "2022-04-21", "64": "2022-04-22", "65": "2022-04-25", "66": "2022-04-26", "67": "2022-04-27", "68": "2022-04-28", "69": "2022-04-29", "70": "2022-05-02", "71": "2022-05-03", "72": "2022-05-04", "73": "2022-05-05", "74": "2022-05-06", "75": "2022-05-09", "76": "2022-05-10", "77": "2022-05-11", "78": "2022-05-12", "79": "2022-05-13", "80": "2022-05-16", "81": "2022-05-17", "82": "2022-05-18", "83": "2022-05-19", "84": "2022-05-20", "85": "2022-05-23", "86": "2022-05-24", "87": "2022-05-25", "88": "2022-05-26", "89": "2022-05-27", "90": "2022-05-31", "91": "2022-06-01", "92": "2022-06-02", "93": "2022-06-03", "94": "2022-06-06", "95": "2022-06-07", "96": "2022-06-08", "97": "2022-06-09", "98": "2022-06-10", "99": "2022-06-13", "100": "2022-06-14", "101": "2022-06-15", "102": "2022-06-16", "103": "2022-06-17", "104": "2022-06-21", "105": "2022-06-22", "106": "2022-06-23", "107": "2022-06-24", "108": "2022-06-27", "109": "2022-06-28", "110": "2022-06-29", "111": "2022-06-30", "112": "2022-07-01", "113": "2022-07-05", "114": "2022-07-06", "115": "2022-07-07", "116": "2022-07-08", "117": "2022-07-11", "118": "2022-07-12", "119": "2022-07-13", "120": "2022-07-14", "121": "2022-07-15", "122": "2022-07-18", "123": "2022-07-19", "124": "2022-07-20", "125": "2022-07-21", "126": "2022-07-22", "127": "2022-07-25", "128": "2022-07-26", "129": "2022-07-27", "130": "2022-07-28", "131": "2022-07-29", "132": "2022-08-01", "133": "2022-08-02", "134": "2022-08-03", "135": "2022-08-04", "136": "2022-08-05", "137": "2022-08-08", "138": "2022-08-09", "139": "2022-08-10", "140": "2022-08-11", "141": "2022-08-12", "142": "2022-08-15", "143": "2022-08-16", "144": "2022-08-17", "145": "2022-08-18", "146": "2022-08-19", "147": "2022-08-22", "148": "2022-08-23", "149": "2022-08-24", "150": "2022-08-25", "151": "2022-08-26", "152": "2022-08-29", "153": "2022-08-30", "154": "2022-08-31", "155": "2022-09-01", "156": "2022-09-02", "157": "2022-09-06", "158": "2022-09-07", "159": "2022-09-08", "160": "2022-09-09", "161": "2022-09-12", "162": "2022-09-13", "163": "2022-09-14", "164": "2022-09-15", "165": "2022-09-16", "166": "2022-09-19", "167": "2022-09-20", "168": "2022-09-21", "169": "2022-09-22", "170": "2022-09-23", "171": "2022-09-26", "172": "2022-09-27", "173": "2022-09-28", "174": "2022-09-29", "175": "2022-09-30", "176": "2022-10-03", "177": "2022-10-04", "178": "2022-10-05", "179": "2022-10-06", "180": "2022-10-07", "181": "2022-10-10", "182": "2022-10-11", "183": "2022-10-12", "184": "2022-10-13", "185": "2022-10-14", "186": "2022-10-17", "187": "2022-10-18", "188": "2022-10-19", "189": "2022-10-20", "190": "2022-10-21", "191": "2022-10-24", "192": "2022-10-25", "193": "2022-10-26", "194": "2022-10-27", "195": "2022-10-28", "196": "2022-10-31", "197": "2022-11-01", "198": "2022-11-02", "199": "2022-11-03", "200": "2022-11-04", "201": "2022-11-07", "202": "2022-11-08", "203": "2022-11-09", "204": "2022-11-10", "205": "2022-11-11", "206": "2022-11-14", "207": "2022-11-15", "208": "2022-11-16", "209": "2022-11-17", "210": "2022-11-18", "211": "2022-11-21", "212": "2022-11-22", "213": "2022-11-23", "214": "2022-11-25", "215": "2022-11-28", "216": "2022-11-29", "217": "2022-11-30", "218": "2022-12-01", "219": "2022-12-02", "220": "2022-12-05", "221": "2022-12-06", "222": "2022-12-07", "223": "2022-12-08", "224": "2022-12-09", "225": "2022-12-12", "226": "2022-12-13", "227": "2022-12-14", "228": "2022-12-15", "229": "2022-12-16", "230": "2022-12-19", "231": "2022-12-20", "232": "2022-12-21", "233": "2022-12-22", "234": "2022-12-23", "235": "2022-12-27", "236": "2022-12-28", "237": "2022-12-29", "238": "2022-12-30", "239": "2023-01-03", "240": "2023-01-04", "241": "2023-01-05", "242": "2023-01-06", "243": "2023-01-09", "244": "2023-01-10", "245": "2023-01-11", "246": "2023-01-12", "247": "2023-01-13", "248": "2023-01-17", "249": "2023-01-18", "250": "2023-01-19", "251": "2023-01-20", "252": "2023-01-23", "253": "2023-01-24", "254": "2023-01-25", "255": "2023-01-26", "256": "2023-01-27", "257": "2023-01-30", "258": "2023-01-31", "259": "2023-02-01", "260": "2023-02-02", "261": "2023-02-03", "262": "2023-02-06", "263": "2023-02-07", "264": "2023-02-08", "265": "2023-02-09", "266": "2023-02-10", "267": "2023-02-13", "268": "2023-02-14", "269": "2023-02-15", "270": "2023-02-16", "271": "2023-02-17", "272": "2023-02-21", "273": "2023-02-22", "274": "2023-02-23", "275": "2023-02-24", "276": "2023-02-27", "277": "2023-02-28", "278": "2023-03-01", "279": "2023-03-02", "280": "2023-03-03", "281": "2023-03-06", "282": "2023-03-07", "283": "2023-03-08", "284": "2023-03-09", "285": "2023-03-10", "286": "2023-03-13", "287": "2023-03-14", "288": "2023-03-15", "289": "2023-03-16", "290": "2023-03-17", "291": "2023-03-20", "292": "2023-03-21", "293": "2023-03-22", "294": "2023-03-23", "295": "2023-03-24", "296": "2023-03-27", "297": "2023-03-28", "298": "2023-03-29", "299": "2023-03-30", "300": "2023-03-31", "301": "2023-04-03", "302": "2023-04-04", "303": "2023-04-05", "304": "2023-04-06", "305": "2023-04-10", "306": "2023-04-11", "307": "2023-04-12", "308": "2023-04-13", "309": "2023-04-14", "310": "2023-04-17", "311": "2023-04-18", "312": "2023-04-19", "313": "2023-04-20", "314": "2023-04-21", "315": "2023-04-24", "316": "2023-04-25", "317": "2023-04-26", "318": "2023-04-27", "319": "2023-04-28", "320": "2023-05-01", "321": "2023-05-02", "322": "2023-05-03", "323": "2023-05-04", "324": "2023-05-05", "325": "2023-05-08", "326": "2023-05-09", "327": "2023-05-10", "328": "2023-05-11", "329": "2023-05-12", "330": "2023-05-15", "331": "2023-05-16", "332": "2023-05-17", "333": "2023-05-18", "334": "2023-05-19", "335": "2023-05-22", "336": "2023-05-23", "337": "2023-05-24", "338": "2023-05-25", "339": "2023-05-26", "340": "2023-05-30", "341": "2023-05-31", "342": "2023-06-01", "343": "2023-06-02", "344": "2023-06-05", "345": "2023-06-06", "346": "2023-06-07", "347": "2023-06-08", "348": "2023-06-09", "349": "2023-06-12", "350": "2023-06-13", "351": "2023-06-14", "352": "2023-06-15", "353": "2023-06-16", "354": "2023-06-20", "355": "2023-06-21", "356": "2023-06-22", "357": "2023-06-23", "358": "2023-06-26", "359": "2023-06-27", "360": "2023-06-28", "361": "2023-06-29"}, "open": {"0": 9.779999732971191, "1": 9.819999694824219, "2": 9.8100004196167, "3": 9.8100004196167, "4": 9.800000190734863, "5": 9.800000190734863, "6": 9.819999694824219, "7": 9.819999694824219, "8": 9.819999694824219, "9": 9.800000190734863, "10": 9.8100004196167, "11": 9.819999694824219, "12": 9.850000381469727, "13": 9.829999923706055, "14": 9.84000015258789, "15": 9.84000015258789, "16": 9.829999923706055, "17": 9.8100004196167, "18": 9.84000015258789, "19": 9.829999923706055, "20": 9.829999923706055, "21": 9.84000015258789, "22": 9.84000015258789, "23": 9.850000381469727, "24": 9.84000015258789, "25": 9.850000381469727, "26": 9.850000381469727, "27": 9.845000267028809, "28": 9.850000381469727, "29": 9.850000381469727, "30": 9.859999656677246, "31": 9.869999885559082, "32": 9.859999656677246, "33": 9.859999656677246, "34": 9.850000381469727, "35": 9.864999771118164, "36": 9.869999885559082, "37": 9.869999885559082, "38": 9.869999885559082, "39": 9.869999885559082, "40": 9.869999885559082, "41": 9.864999771118164, "42": 9.869999885559082, "43": 9.869999885559082, "44": 9.880000114440918, "45": 9.869999885559082, "46": 9.869999885559082, "47": 9.880000114440918, "48": 9.890000343322754, "49": 9.899999618530273, "50": 9.890000343322754, "51": 9.890999794006348, "52": 9.890999794006348, "53": 9.899999618530273, "54": 9.890000343322754, "55": 9.899999618530273, "56": 9.899999618530273, "57": 9.90999984741211, "58": 9.899999618530273, "59": 9.91100025177002, "60": 9.90999984741211, "61": 9.90999984741211, "62": 9.920000076293945, "63": 9.930000305175781, "64": 9.90999984741211, "65": 9.920000076293945, "66": 9.925000190734863, "67": 9.920000076293945, "68": 9.930000305175781, "69": 9.930000305175781, "70": 9.930000305175781, "71": 9.930000305175781, "72": 9.930999755859375, "73": 9.930999755859375, "74": 9.930999755859375, "75": 9.9399995803833, "76": 9.920000076293945, "77": 9.920000076293945, "78": 9.899999618530273, "79": 9.899999618530273, "80": 9.899999618530273, "81": 9.90999984741211, "82": 9.899999618530273, "83": 9.890000343322754, "84": 9.895000457763672, "85": 9.895000457763672, "86": 9.899999618530273, "87": 9.9399995803833, "88": 9.899999618530273, "89": 9.920000076293945, "90": 9.920000076293945, "91": 9.920000076293945, "92": 9.920000076293945, "93": 9.920000076293945, "94": 9.9399995803833, "95": 9.90999984741211, "96": 9.920000076293945, "97": 9.9399995803833, "98": 9.9399995803833, "99": 9.920000076293945, "100": 9.920000076293945, "101": 9.930000305175781, "102": 9.920000076293945, "103": 9.920000076293945, "104": 9.920000076293945, "105": 9.920000076293945, "106": 9.930000305175781, "107": 9.930000305175781, "108": 9.9399995803833, "109": 9.9399995803833, "110": 9.9399995803833, "111": 9.930000305175781, "112": 9.930000305175781, "113": 9.930000305175781, "114": 9.930000305175781, "115": 9.930000305175781, "116": 9.949999809265137, "117": 9.9399995803833, "118": 9.949999809265137, "119": 9.949999809265137, "120": 9.949999809265137, "121": 9.960000038146973, "122": 10.0, "123": 10.0, "124": 9.989999771118164, "125": 9.970000267028809, "126": 9.979999542236328, "127": 9.970000267028809, "128": 9.960000038146973, "129": 9.979999542236328, "130": 9.960000038146973, "131": 9.960000038146973, "132": 9.970000267028809, "133": 9.970000267028809, "134": 10.010000228881836, "135": 9.989999771118164, "136": 9.979999542236328, "137": 9.989999771118164, "138": 9.989999771118164, "139": 9.979999542236328, "140": 9.989999771118164, "141": 9.98900032043457, "142": 9.989999771118164, "143": 10.0, "144": 10.0, "145": 10.0, "146": 10.008999824523926, "147": 10.010000228881836, "148": 10.010000228881836, "149": 10.010000228881836, "150": 10.010000228881836, "151": 10.020000457763672, "152": 10.020000457763672, "153": 10.020000457763672, "154": 10.020000457763672, "155": 10.020000457763672, "156": 10.029000282287598, "157": 10.029000282287598, "158": 10.029999732971191, "159": 10.029999732971191, "160": 10.079999923706055, "161": 10.03499984741211, "162": 10.029999732971191, "163": 10.069999694824219, "164": 10.039999961853027, "165": 10.039999961853027, "166": 10.039999961853027, "167": 10.0600004196167, "168": 10.050000190734863, "169": 10.0600004196167, "170": 10.069999694824219, "171": 10.069000244140625, "172": 10.069999694824219, "173": 10.079999923706055, "174": 10.069999694824219, "175": 10.079000473022461, "176": 10.079999923706055, "177": 10.09000015258789, "178": 10.079999923706055, "179": 10.09000015258789, "180": 10.09000015258789, "181": 10.100000381469727, "182": 10.100000381469727, "183": 10.100000381469727, "184": 10.09000015258789, "185": 10.100000381469727, "186": 10.109999656677246, "187": 10.109999656677246, "188": 10.109999656677246, "189": 10.109999656677246, "190": 10.119999885559082, "191": 10.130000114440918, "192": 10.130000114440918, "193": 10.119999885559082, "194": 10.130000114440918, "195": 10.130000114440918, "196": 10.130000114440918, "197": 10.140000343322754, "198": 10.140000343322754, "199": 10.140000343322754, "200": 10.140000343322754, "201": 10.140000343322754, "202": 10.14900016784668, "203": 10.15999984741211, "204": 10.170000076293945, "205": 10.15999984741211, "206": 10.15999984741211, "207": 10.180000305175781, "208": 10.180000305175781, "209": 10.170000076293945, "210": 10.170000076293945, "211": 10.170000076293945, "212": 10.178999900817871, "213": 10.170000076293945, "214": 10.170000076293945, "215": 10.170000076293945, "216": 10.189000129699707, "217": 10.1899995803833, "218": 10.199000358581543, "219": 10.210000038146973, "220": 10.1899995803833, "221": 10.199999809265137, "222": 10.210000038146973, "223": 10.229999542236328, "224": 10.210000038146973, "225": 10.210000038146973, "226": 10.218999862670898, "227": 10.210000038146973, "228": 10.210000038146973, "229": 10.210000038146973, "230": 10.220000267028809, "231": 10.239999771118164, "232": 10.220000267028809, "233": 10.239999771118164, "234": 10.260000228881836, "235": 10.270000457763672, "236": 10.260000228881836, "237": 10.260000228881836, "238": 10.260000228881836, "239": 10.260000228881836, "240": 10.25, "241": 10.289999961853027, "242": 10.300000190734863, "243": 10.295000076293945, "244": 10.295000076293945, "245": 10.25, "246": 10.25, "247": 10.25, "248": 10.25, "249": 10.289999961853027, "250": 10.300000190734863, "251": 10.3100004196167, "252": 10.3100004196167, "253": 10.319999694824219, "254": 10.319999694824219, "255": 10.324999809265137, "256": 10.329999923706055, "257": 10.350000381469727, "258": 10.359999656677246, "259": 10.319999694824219, "260": 10.319999694824219, "261": 10.329999923706055, "262": 10.350000381469727, "263": 10.350000381469727, "264": 10.350000381469727, "265": 10.345000267028809, "266": 10.34000015258789, "267": 10.34000015258789, "268": 10.350000381469727, "269": 10.369999885559082, "270": 10.369999885559082, "271": 10.390000343322754, "272": 10.390000343322754, "273": 10.390000343322754, "274": 10.470000267028809, "275": 10.460000038146973, "276": 10.460000038146973, "277": 10.460000038146973, "278": 10.460000038146973, "279": 10.460000038146973, "280": 10.449999809265137, "281": 10.449999809265137, "282": 10.449999809265137, "283": 10.449999809265137, "284": 10.449999809265137, "285": 10.449999809265137, "286": 10.449999809265137, "287": 10.449999809265137, "288": 10.470000267028809, "289": 10.477999687194824, "290": 10.470000267028809, "291": 10.470000267028809, "292": 10.470000267028809, "293": 10.470000267028809, "294": 10.475000381469727, "295": 10.475000381469727, "296": 10.475000381469727, "297": 10.470000267028809, "298": 10.470000267028809, "299": 10.470000267028809, "300": 10.489999771118164, "301": 10.489999771118164, "302": 10.5, "303": 10.5, "304": 10.5, "305": 10.494999885559082, "306": 10.5, "307": 10.489999771118164, "308": 10.489999771118164, "309": 10.520000457763672, "310": 10.524999618530273, "311": 10.520000457763672, "312": 10.529999732971191, "313": 10.529999732971191, "314": 10.539999961853027, "315": 10.539999961853027, "316": 10.550000190734863, "317": 10.539999961853027, "318": 10.53499984741211, "319": 10.550000190734863, "320": 10.550000190734863, "321": 10.550000190734863, "322": 10.5600004196167, "323": 10.5600004196167, "324": 10.5600004196167, "325": 10.5600004196167, "326": 10.5600004196167, "327": 10.5600004196167, "328": 10.569999694824219, "329": 10.569999694824219, "330": 10.569999694824219, "331": 10.569999694824219, "332": 10.579999923706055, "333": 10.579999923706055, "334": 10.579999923706055, "335": 10.579999923706055, "336": 10.609999656677246, "337": 10.609999656677246, "338": 10.609999656677246, "339": 10.619999885559082, "340": 10.619999885559082, "341": 10.630000114440918, "342": 10.630000114440918, "343": 10.640000343322754, "344": 10.640000343322754, "345": 10.664999961853027, "346": 10.670000076293945, "347": 10.675000190734863, "348": 10.675000190734863, "349": 10.65999984741211, "350": 10.680000305175781, "351": 10.680000305175781, "352": 10.699999809265137, "353": 10.699999809265137, "354": 10.699999809265137, "355": 10.720000267028809, "356": 10.699999809265137, "357": 10.699999809265137, "358": 10.699999809265137, "359": 10.6899995803833, "360": 10.720000267028809, "361": 10.729999542236328}, "high": {"0": 9.800000190734863, "1": 9.819999694824219, "2": 9.8100004196167, "3": 9.8100004196167, "4": 9.8100004196167, "5": 9.819999694824219, "6": 9.824999809265137, "7": 9.819999694824219, "8": 9.819999694824219, "9": 9.819999694824219, "10": 9.819999694824219, "11": 9.850000381469727, "12": 9.850000381469727, "13": 9.850000381469727, "14": 9.850000381469727, "15": 9.84000015258789, "16": 9.84000015258789, "17": 9.84000015258789, "18": 9.84000015258789, "19": 9.829999923706055, "20": 9.84000015258789, "21": 9.84000015258789, "22": 9.84000015258789, "23": 9.850000381469727, "24": 9.84000015258789, "25": 9.850000381469727, "26": 9.850000381469727, "27": 9.850000381469727, "28": 9.850000381469727, "29": 9.850000381469727, "30": 9.859999656677246, "31": 9.869999885559082, "32": 9.859999656677246, "33": 9.859999656677246, "34": 9.859999656677246, "35": 9.869999885559082, "36": 9.869999885559082, "37": 9.869999885559082, "38": 9.869999885559082, "39": 9.869999885559082, "40": 9.869999885559082, "41": 9.869999885559082, "42": 9.869999885559082, "43": 9.869999885559082, "44": 9.880000114440918, "45": 9.890000343322754, "46": 9.880000114440918, "47": 9.890000343322754, "48": 9.890000343322754, "49": 9.899999618530273, "50": 9.890000343322754, "51": 9.890999794006348, "52": 9.890999794006348, "53": 9.899999618530273, "54": 9.90999984741211, "55": 9.904999732971191, "56": 9.904999732971191, "57": 9.90999984741211, "58": 9.920000076293945, "59": 9.913999557495117, "60": 9.90999984741211, "61": 9.90999984741211, "62": 9.920000076293945, "63": 9.930000305175781, "64": 9.90999984741211, "65": 9.930000305175781, "66": 9.925000190734863, "67": 9.920000076293945, "68": 9.930000305175781, "69": 9.930000305175781, "70": 9.930000305175781, "71": 9.930999755859375, "72": 9.930999755859375, "73": 9.930999755859375, "74": 9.930999755859375, "75": 9.9399995803833, "76": 9.930000305175781, "77": 9.920000076293945, "78": 9.906999588012695, "79": 9.899999618530273, "80": 9.899999618530273, "81": 9.90999984741211, "82": 9.899999618530273, "83": 9.899999618530273, "84": 9.895000457763672, "85": 9.895000457763672, "86": 9.899999618530273, "87": 9.9399995803833, "88": 9.909000396728516, "89": 9.920000076293945, "90": 9.920000076293945, "91": 9.920000076293945, "92": 9.920000076293945, "93": 9.920000076293945, "94": 9.9399995803833, "95": 9.90999984741211, "96": 9.920000076293945, "97": 9.9399995803833, "98": 9.9399995803833, "99": 9.920000076293945, "100": 9.920000076293945, "101": 9.930000305175781, "102": 9.920000076293945, "103": 9.920000076293945, "104": 9.920000076293945, "105": 9.920000076293945, "106": 9.930000305175781, "107": 9.930000305175781, "108": 9.9399995803833, "109": 9.9399995803833, "110": 9.9399995803833, "111": 9.930999755859375, "112": 9.930000305175781, "113": 9.9399995803833, "114": 9.930000305175781, "115": 9.930000305175781, "116": 9.949999809265137, "117": 9.949999809265137, "118": 9.949999809265137, "119": 9.949999809265137, "120": 9.949999809265137, "121": 9.960000038146973, "122": 10.0, "123": 10.0, "124": 9.989999771118164, "125": 9.970000267028809, "126": 9.989999771118164, "127": 9.970000267028809, "128": 9.960000038146973, "129": 9.979999542236328, "130": 9.960000038146973, "131": 9.979999542236328, "132": 9.970000267028809, "133": 9.970000267028809, "134": 10.010000228881836, "135": 9.989999771118164, "136": 9.989999771118164, "137": 9.989999771118164, "138": 9.989999771118164, "139": 9.979999542236328, "140": 9.989999771118164, "141": 10.0, "142": 9.989999771118164, "143": 10.0, "144": 10.0, "145": 10.0, "146": 10.010000228881836, "147": 10.010000228881836, "148": 10.010000228881836, "149": 10.010000228881836, "150": 10.010000228881836, "151": 10.020000457763672, "152": 10.020000457763672, "153": 10.020000457763672, "154": 10.020000457763672, "155": 10.020000457763672, "156": 10.029999732971191, "157": 10.029999732971191, "158": 10.029999732971191, "159": 10.029999732971191, "160": 10.079999923706055, "161": 10.03499984741211, "162": 10.029999732971191, "163": 10.069999694824219, "164": 10.041999816894531, "165": 10.039999961853027, "166": 10.050000190734863, "167": 10.0600004196167, "168": 10.0600004196167, "169": 10.0600004196167, "170": 10.069999694824219, "171": 10.069999694824219, "172": 10.069999694824219, "173": 10.079999923706055, "174": 10.069999694824219, "175": 10.079999923706055, "176": 10.079999923706055, "177": 10.09000015258789, "178": 10.079999923706055, "179": 10.09000015258789, "180": 10.09000015258789, "181": 10.100000381469727, "182": 10.100000381469727, "183": 10.100000381469727, "184": 10.09000015258789, "185": 10.100000381469727, "186": 10.109999656677246, "187": 10.109999656677246, "188": 10.109999656677246, "189": 10.109999656677246, "190": 10.130000114440918, "191": 10.130000114440918, "192": 10.130000114440918, "193": 10.119999885559082, "194": 10.130000114440918, "195": 10.130000114440918, "196": 10.130000114440918, "197": 10.140000343322754, "198": 10.140000343322754, "199": 10.140000343322754, "200": 10.140000343322754, "201": 10.140000343322754, "202": 10.149999618530273, "203": 10.170000076293945, "204": 10.170000076293945, "205": 10.170000076293945, "206": 10.15999984741211, "207": 10.180000305175781, "208": 10.180000305175781, "209": 10.170000076293945, "210": 10.170000076293945, "211": 10.170000076293945, "212": 10.180000305175781, "213": 10.170000076293945, "214": 10.170000076293945, "215": 10.170000076293945, "216": 10.1899995803833, "217": 10.1899995803833, "218": 10.25, "219": 10.210000038146973, "220": 10.199999809265137, "221": 10.199999809265137, "222": 10.210000038146973, "223": 10.229999542236328, "224": 10.210000038146973, "225": 10.210000038146973, "226": 10.218999862670898, "227": 10.210000038146973, "228": 10.210000038146973, "229": 10.210000038146973, "230": 10.220000267028809, "231": 10.239999771118164, "232": 10.239999771118164, "233": 10.260000228881836, "234": 10.270000457763672, "235": 10.270000457763672, "236": 10.260000228881836, "237": 10.260000228881836, "238": 10.260000228881836, "239": 10.260000228881836, "240": 10.25, "241": 10.300000190734863, "242": 10.300000190734863, "243": 10.295000076293945, "244": 10.295000076293945, "245": 10.25, "246": 10.25, "247": 10.25, "248": 10.25, "249": 10.300000190734863, "250": 10.300000190734863, "251": 10.319999694824219, "252": 10.3100004196167, "253": 10.329999923706055, "254": 10.324999809265137, "255": 10.324999809265137, "256": 10.350000381469727, "257": 10.350000381469727, "258": 10.359999656677246, "259": 10.319999694824219, "260": 10.319999694824219, "261": 10.34000015258789, "262": 10.350000381469727, "263": 10.350000381469727, "264": 10.350000381469727, "265": 10.350000381469727, "266": 10.34000015258789, "267": 10.34000015258789, "268": 10.359999656677246, "269": 10.369999885559082, "270": 10.390000343322754, "271": 10.390000343322754, "272": 10.390000343322754, "273": 10.390000343322754, "274": 10.479999542236328, "275": 10.460000038146973, "276": 10.460000038146973, "277": 10.460000038146973, "278": 10.460000038146973, "279": 10.460000038146973, "280": 10.449999809265137, "281": 10.449999809265137, "282": 10.449999809265137, "283": 10.449999809265137, "284": 10.449999809265137, "285": 10.449999809265137, "286": 10.449999809265137, "287": 10.449999809265137, "288": 10.470000267028809, "289": 10.482000350952148, "290": 10.470000267028809, "291": 10.470000267028809, "292": 10.470000267028809, "293": 10.470000267028809, "294": 10.475000381469727, "295": 10.475000381469727, "296": 10.475000381469727, "297": 10.470000267028809, "298": 10.470000267028809, "299": 10.470000267028809, "300": 10.489999771118164, "301": 10.489999771118164, "302": 10.505000114440918, "303": 10.510000228881836, "304": 10.5, "305": 10.494999885559082, "306": 10.5, "307": 10.489999771118164, "308": 10.520000457763672, "309": 10.529999732971191, "310": 10.524999618530273, "311": 10.529999732971191, "312": 10.529999732971191, "313": 10.550000190734863, "314": 10.539999961853027, "315": 10.539999961853027, "316": 10.550000190734863, "317": 10.539999961853027, "318": 10.550000190734863, "319": 10.550000190734863, "320": 10.5600004196167, "321": 10.5600004196167, "322": 10.5600004196167, "323": 10.5600004196167, "324": 10.569999694824219, "325": 10.5649995803833, "326": 10.5600004196167, "327": 10.579999923706055, "328": 10.569999694824219, "329": 10.569999694824219, "330": 10.569999694824219, "331": 10.569999694824219, "332": 10.59000015258789, "333": 10.579999923706055, "334": 10.579999923706055, "335": 10.609999656677246, "336": 10.609999656677246, "337": 10.609999656677246, "338": 10.609999656677246, "339": 10.619999885559082, "340": 10.625, "341": 10.630000114440918, "342": 10.640000343322754, "343": 10.640000343322754, "344": 10.65999984741211, "345": 10.670000076293945, "346": 10.670000076293945, "347": 10.675000190734863, "348": 10.675000190734863, "349": 10.65999984741211, "350": 10.680000305175781, "351": 10.680000305175781, "352": 10.699999809265137, "353": 10.699999809265137, "354": 10.699999809265137, "355": 10.720000267028809, "356": 10.699999809265137, "357": 10.699999809265137, "358": 10.699999809265137, "359": 10.699999809265137, "360": 10.720000267028809, "361": 10.729999542236328}, "low": {"0": 9.779999732971191, "1": 9.8100004196167, "2": 9.77400016784668, "3": 9.777999877929688, "4": 9.800000190734863, "5": 9.795999526977539, "6": 9.8100004196167, "7": 9.8100004196167, "8": 9.819999694824219, "9": 9.800000190734863, "10": 9.800000190734863, "11": 9.819999694824219, "12": 9.850000381469727, "13": 9.829999923706055, "14": 9.829999923706055, "15": 9.819999694824219, "16": 9.8100004196167, "17": 9.8100004196167, "18": 9.819999694824219, "19": 9.829999923706055, "20": 9.829999923706055, "21": 9.829999923706055, "22": 9.84000015258789, "23": 9.829999923706055, "24": 9.84000015258789, "25": 9.850000381469727, "26": 9.84000015258789, "27": 9.840999603271484, "28": 9.850000381469727, "29": 9.850000381469727, "30": 9.859999656677246, "31": 9.859999656677246, "32": 9.859999656677246, "33": 9.859999656677246, "34": 9.850000381469727, "35": 9.864999771118164, "36": 9.869999885559082, "37": 9.864999771118164, "38": 9.869999885559082, "39": 9.869999885559082, "40": 9.869999885559082, "41": 9.859999656677246, "42": 9.869999885559082, "43": 9.869999885559082, "44": 9.880000114440918, "45": 9.869999885559082, "46": 9.869999885559082, "47": 9.880000114440918, "48": 9.887999534606934, "49": 9.880000114440918, "50": 9.890000343322754, "51": 9.890999794006348, "52": 9.890999794006348, "53": 9.895999908447266, "54": 9.890000343322754, "55": 9.899999618530273, "56": 9.899999618530273, "57": 9.90999984741211, "58": 9.899999618530273, "59": 9.91100025177002, "60": 9.90999984741211, "61": 9.90999984741211, "62": 9.920000076293945, "63": 9.90999984741211, "64": 9.90999984741211, "65": 9.920000076293945, "66": 9.925000190734863, "67": 9.920000076293945, "68": 9.920000076293945, "69": 9.920000076293945, "70": 9.930000305175781, "71": 9.930000305175781, "72": 9.930999755859375, "73": 9.930999755859375, "74": 9.930999755859375, "75": 9.920000076293945, "76": 9.914999961853027, "77": 9.90999984741211, "78": 9.899999618530273, "79": 9.899999618530273, "80": 9.899999618530273, "81": 9.899999618530273, "82": 9.899999618530273, "83": 9.890000343322754, "84": 9.895000457763672, "85": 9.895000457763672, "86": 9.899999618530273, "87": 9.9399995803833, "88": 9.899999618530273, "89": 9.899999618530273, "90": 9.90999984741211, "91": 9.90999984741211, "92": 9.920000076293945, "93": 9.920000076293945, "94": 9.9399995803833, "95": 9.90999984741211, "96": 9.920000076293945, "97": 9.9399995803833, "98": 9.9399995803833, "99": 9.920000076293945, "100": 9.920000076293945, "101": 9.90999984741211, "102": 9.920000076293945, "103": 9.920000076293945, "104": 9.920000076293945, "105": 9.920000076293945, "106": 9.920000076293945, "107": 9.930000305175781, "108": 9.9350004196167, "109": 9.9399995803833, "110": 9.9399995803833, "111": 9.930000305175781, "112": 9.930000305175781, "113": 9.930000305175781, "114": 9.930000305175781, "115": 9.930000305175781, "116": 9.949999809265137, "117": 9.9399995803833, "118": 9.949999809265137, "119": 9.949999809265137, "120": 9.949999809265137, "121": 9.960000038146973, "122": 10.0, "123": 9.970000267028809, "124": 9.989999771118164, "125": 9.960000038146973, "126": 9.979999542236328, "127": 9.960000038146973, "128": 9.960000038146973, "129": 9.960000038146973, "130": 9.960000038146973, "131": 9.960000038146973, "132": 9.970000267028809, "133": 9.970000267028809, "134": 9.970000267028809, "135": 9.989999771118164, "136": 9.979999542236328, "137": 9.989999771118164, "138": 9.989999771118164, "139": 9.979999542236328, "140": 9.989999771118164, "141": 9.98900032043457, "142": 9.989999771118164, "143": 10.0, "144": 9.989999771118164, "145": 10.0, "146": 10.008999824523926, "147": 10.010000228881836, "148": 10.010000228881836, "149": 10.008999824523926, "150": 10.0, "151": 10.020000457763672, "152": 10.020000457763672, "153": 10.020000457763672, "154": 10.020000457763672, "155": 10.020000457763672, "156": 10.020000457763672, "157": 10.029000282287598, "158": 10.029999732971191, "159": 10.029999732971191, "160": 10.079999923706055, "161": 10.029999732971191, "162": 10.029999732971191, "163": 10.039999961853027, "164": 10.039999961853027, "165": 10.039999961853027, "166": 10.039999961853027, "167": 10.0600004196167, "168": 10.050000190734863, "169": 10.0600004196167, "170": 10.069999694824219, "171": 10.069000244140625, "172": 10.069999694824219, "173": 10.069999694824219, "174": 10.069999694824219, "175": 10.079000473022461, "176": 10.079999923706055, "177": 10.085000038146973, "178": 10.079999923706055, "179": 10.09000015258789, "180": 10.09000015258789, "181": 10.100000381469727, "182": 10.09000015258789, "183": 10.09000015258789, "184": 10.09000015258789, "185": 10.100000381469727, "186": 10.109999656677246, "187": 10.109999656677246, "188": 10.109999656677246, "189": 10.109999656677246, "190": 10.119999885559082, "191": 10.130000114440918, "192": 10.130000114440918, "193": 10.119999885559082, "194": 10.128999710083008, "195": 10.130000114440918, "196": 10.130000114440918, "197": 10.140000343322754, "198": 10.140000343322754, "199": 10.140000343322754, "200": 10.140000343322754, "201": 10.140000343322754, "202": 10.140000343322754, "203": 10.149999618530273, "204": 10.170000076293945, "205": 10.15999984741211, "206": 10.15999984741211, "207": 10.180000305175781, "208": 10.180000305175781, "209": 10.170000076293945, "210": 10.170000076293945, "211": 10.170000076293945, "212": 10.170000076293945, "213": 10.170000076293945, "214": 10.170000076293945, "215": 10.170000076293945, "216": 10.180000305175781, "217": 10.1899995803833, "218": 10.199000358581543, "219": 10.210000038146973, "220": 10.1899995803833, "221": 10.199999809265137, "222": 10.210000038146973, "223": 10.229999542236328, "224": 10.210000038146973, "225": 10.210000038146973, "226": 10.210000038146973, "227": 10.199999809265137, "228": 10.210000038146973, "229": 10.210000038146973, "230": 10.220000267028809, "231": 10.239999771118164, "232": 10.220000267028809, "233": 10.229999542236328, "234": 10.25, "235": 10.270000457763672, "236": 10.260000228881836, "237": 10.260000228881836, "238": 10.260000228881836, "239": 10.25, "240": 10.25, "241": 10.279999732971191, "242": 10.300000190734863, "243": 10.295000076293945, "244": 10.295000076293945, "245": 10.25, "246": 10.25, "247": 10.25, "248": 10.25, "249": 10.289999961853027, "250": 10.300000190734863, "251": 10.3100004196167, "252": 10.3100004196167, "253": 10.3100004196167, "254": 10.319999694824219, "255": 10.324999809265137, "256": 10.329999923706055, "257": 10.350000381469727, "258": 10.350000381469727, "259": 10.319999694824219, "260": 10.319999694824219, "261": 10.329999923706055, "262": 10.350000381469727, "263": 10.34000015258789, "264": 10.350000381469727, "265": 10.34000015258789, "266": 10.34000015258789, "267": 10.34000015258789, "268": 10.350000381469727, "269": 10.359999656677246, "270": 10.369999885559082, "271": 10.390000343322754, "272": 10.390000343322754, "273": 10.390000343322754, "274": 10.460000038146973, "275": 10.460000038146973, "276": 10.460000038146973, "277": 10.460000038146973, "278": 10.430000305175781, "279": 10.460000038146973, "280": 10.449999809265137, "281": 10.449999809265137, "282": 10.449999809265137, "283": 10.449999809265137, "284": 10.449999809265137, "285": 10.449999809265137, "286": 10.449999809265137, "287": 10.449999809265137, "288": 10.470000267028809, "289": 10.470000267028809, "290": 10.470000267028809, "291": 10.470000267028809, "292": 10.470000267028809, "293": 10.470000267028809, "294": 10.475000381469727, "295": 10.475000381469727, "296": 10.475000381469727, "297": 10.470000267028809, "298": 10.470000267028809, "299": 10.470000267028809, "300": 10.489999771118164, "301": 10.489999771118164, "302": 10.5, "303": 10.5, "304": 10.479999542236328, "305": 10.494999885559082, "306": 10.489999771118164, "307": 10.489999771118164, "308": 10.489999771118164, "309": 10.520000457763672, "310": 10.524999618530273, "311": 10.520000457763672, "312": 10.529999732971191, "313": 10.529999732971191, "314": 10.539999961853027, "315": 10.539999961853027, "316": 10.550000190734863, "317": 10.539999961853027, "318": 10.520000457763672, "319": 10.539999961853027, "320": 10.550000190734863, "321": 10.550000190734863, "322": 10.5600004196167, "323": 10.5600004196167, "324": 10.5600004196167, "325": 10.5600004196167, "326": 10.5600004196167, "327": 10.5600004196167, "328": 10.569999694824219, "329": 10.569999694824219, "330": 10.569999694824219, "331": 10.569999694824219, "332": 10.579999923706055, "333": 10.579999923706055, "334": 10.579999923706055, "335": 10.579999923706055, "336": 10.609999656677246, "337": 10.609999656677246, "338": 10.609999656677246, "339": 10.619999885559082, "340": 10.619999885559082, "341": 10.630000114440918, "342": 10.630000114440918, "343": 10.640000343322754, "344": 10.640000343322754, "345": 10.664999961853027, "346": 10.670000076293945, "347": 10.675000190734863, "348": 10.675000190734863, "349": 10.640000343322754, "350": 10.680000305175781, "351": 10.670000076293945, "352": 10.6899995803833, "353": 10.699999809265137, "354": 10.699999809265137, "355": 10.699999809265137, "356": 10.699999809265137, "357": 10.699999809265137, "358": 10.699999809265137, "359": 10.680000305175781, "360": 10.720000267028809, "361": 10.729999542236328}, "close": {"0": 9.800000190734863, "1": 9.8100004196167, "2": 9.8100004196167, "3": 9.777999877929688, "4": 9.800000190734863, "5": 9.805000305175781, "6": 9.8100004196167, "7": 9.819999694824219, "8": 9.819999694824219, "9": 9.819999694824219, "10": 9.800000190734863, "11": 9.84000015258789, "12": 9.850000381469727, "13": 9.829999923706055, "14": 9.829999923706055, "15": 9.819999694824219, "16": 9.8100004196167, "17": 9.829999923706055, "18": 9.819999694824219, "19": 9.829999923706055, "20": 9.829999923706055, "21": 9.829999923706055, "22": 9.84000015258789, "23": 9.84000015258789, "24": 9.84000015258789, "25": 9.850000381469727, "26": 9.850000381469727, "27": 9.850000381469727, "28": 9.850000381469727, "29": 9.850000381469727, "30": 9.859999656677246, "31": 9.859999656677246, "32": 9.859999656677246, "33": 9.859999656677246, "34": 9.859999656677246, "35": 9.869999885559082, "36": 9.869999885559082, "37": 9.869999885559082, "38": 9.869999885559082, "39": 9.869999885559082, "40": 9.869999885559082, "41": 9.859999656677246, "42": 9.869999885559082, "43": 9.869999885559082, "44": 9.880000114440918, "45": 9.890000343322754, "46": 9.880000114440918, "47": 9.890000343322754, "48": 9.887999534606934, "49": 9.890000343322754, "50": 9.890000343322754, "51": 9.890999794006348, "52": 9.890999794006348, "53": 9.895999908447266, "54": 9.90999984741211, "55": 9.899999618530273, "56": 9.904999732971191, "57": 9.90999984741211, "58": 9.920000076293945, "59": 9.913000106811523, "60": 9.90999984741211, "61": 9.90999984741211, "62": 9.920000076293945, "63": 9.90999984741211, "64": 9.90999984741211, "65": 9.925000190734863, "66": 9.925000190734863, "67": 9.920000076293945, "68": 9.930000305175781, "69": 9.930000305175781, "70": 9.930000305175781, "71": 9.930999755859375, "72": 9.930999755859375, "73": 9.930999755859375, "74": 9.930999755859375, "75": 9.920000076293945, "76": 9.914999961853027, "77": 9.90999984741211, "78": 9.906999588012695, "79": 9.899999618530273, "80": 9.899999618530273, "81": 9.899999618530273, "82": 9.899999618530273, "83": 9.895000457763672, "84": 9.895000457763672, "85": 9.895000457763672, "86": 9.899999618530273, "87": 9.9399995803833, "88": 9.909000396728516, "89": 9.909000396728516, "90": 9.920000076293945, "91": 9.920000076293945, "92": 9.920000076293945, "93": 9.920000076293945, "94": 9.9399995803833, "95": 9.90999984741211, "96": 9.920000076293945, "97": 9.9399995803833, "98": 9.9399995803833, "99": 9.920000076293945, "100": 9.920000076293945, "101": 9.90999984741211, "102": 9.920000076293945, "103": 9.920000076293945, "104": 9.920000076293945, "105": 9.920000076293945, "106": 9.920000076293945, "107": 9.930000305175781, "108": 9.9399995803833, "109": 9.9399995803833, "110": 9.9399995803833, "111": 9.930000305175781, "112": 9.930000305175781, "113": 9.9399995803833, "114": 9.930000305175781, "115": 9.930000305175781, "116": 9.949999809265137, "117": 9.949999809265137, "118": 9.949999809265137, "119": 9.949999809265137, "120": 9.949999809265137, "121": 9.960000038146973, "122": 10.0, "123": 9.970000267028809, "124": 9.989999771118164, "125": 9.960000038146973, "126": 9.989999771118164, "127": 9.960000038146973, "128": 9.960000038146973, "129": 9.960000038146973, "130": 9.960000038146973, "131": 9.979999542236328, "132": 9.970000267028809, "133": 9.970000267028809, "134": 9.989999771118164, "135": 9.989999771118164, "136": 9.989999771118164, "137": 9.989999771118164, "138": 9.989999771118164, "139": 9.979999542236328, "140": 9.989999771118164, "141": 10.0, "142": 9.989999771118164, "143": 10.0, "144": 10.0, "145": 10.0, "146": 10.010000228881836, "147": 10.010000228881836, "148": 10.010000228881836, "149": 10.010000228881836, "150": 10.010000228881836, "151": 10.020000457763672, "152": 10.020000457763672, "153": 10.020000457763672, "154": 10.020000457763672, "155": 10.020000457763672, "156": 10.020000457763672, "157": 10.029999732971191, "158": 10.029999732971191, "159": 10.029999732971191, "160": 10.079999923706055, "161": 10.029999732971191, "162": 10.029999732971191, "163": 10.039999961853027, "164": 10.039999961853027, "165": 10.039999961853027, "166": 10.050000190734863, "167": 10.0600004196167, "168": 10.0600004196167, "169": 10.0600004196167, "170": 10.069999694824219, "171": 10.069999694824219, "172": 10.069999694824219, "173": 10.069999694824219, "174": 10.069999694824219, "175": 10.079999923706055, "176": 10.079999923706055, "177": 10.09000015258789, "178": 10.079999923706055, "179": 10.09000015258789, "180": 10.09000015258789, "181": 10.100000381469727, "182": 10.09000015258789, "183": 10.09000015258789, "184": 10.09000015258789, "185": 10.100000381469727, "186": 10.109999656677246, "187": 10.109999656677246, "188": 10.109999656677246, "189": 10.109999656677246, "190": 10.130000114440918, "191": 10.130000114440918, "192": 10.130000114440918, "193": 10.119999885559082, "194": 10.130000114440918, "195": 10.130000114440918, "196": 10.130000114440918, "197": 10.140000343322754, "198": 10.140000343322754, "199": 10.140000343322754, "200": 10.140000343322754, "201": 10.140000343322754, "202": 10.140000343322754, "203": 10.15999984741211, "204": 10.170000076293945, "205": 10.15999984741211, "206": 10.15999984741211, "207": 10.180000305175781, "208": 10.180000305175781, "209": 10.170000076293945, "210": 10.170000076293945, "211": 10.170000076293945, "212": 10.170000076293945, "213": 10.170000076293945, "214": 10.170000076293945, "215": 10.170000076293945, "216": 10.180000305175781, "217": 10.1899995803833, "218": 10.210000038146973, "219": 10.210000038146973, "220": 10.199999809265137, "221": 10.199999809265137, "222": 10.210000038146973, "223": 10.229999542236328, "224": 10.210000038146973, "225": 10.210000038146973, "226": 10.210000038146973, "227": 10.210000038146973, "228": 10.210000038146973, "229": 10.210000038146973, "230": 10.220000267028809, "231": 10.239999771118164, "232": 10.239999771118164, "233": 10.260000228881836, "234": 10.270000457763672, "235": 10.270000457763672, "236": 10.260000228881836, "237": 10.260000228881836, "238": 10.260000228881836, "239": 10.25, "240": 10.25, "241": 10.300000190734863, "242": 10.300000190734863, "243": 10.295000076293945, "244": 10.295000076293945, "245": 10.25, "246": 10.25, "247": 10.25, "248": 10.25, "249": 10.300000190734863, "250": 10.300000190734863, "251": 10.3100004196167, "252": 10.3100004196167, "253": 10.329999923706055, "254": 10.324999809265137, "255": 10.324999809265137, "256": 10.350000381469727, "257": 10.350000381469727, "258": 10.350000381469727, "259": 10.319999694824219, "260": 10.319999694824219, "261": 10.34000015258789, "262": 10.350000381469727, "263": 10.350000381469727, "264": 10.350000381469727, "265": 10.34000015258789, "266": 10.34000015258789, "267": 10.34000015258789, "268": 10.359999656677246, "269": 10.359999656677246, "270": 10.390000343322754, "271": 10.390000343322754, "272": 10.390000343322754, "273": 10.390000343322754, "274": 10.460000038146973, "275": 10.460000038146973, "276": 10.460000038146973, "277": 10.460000038146973, "278": 10.460000038146973, "279": 10.460000038146973, "280": 10.449999809265137, "281": 10.449999809265137, "282": 10.449999809265137, "283": 10.449999809265137, "284": 10.449999809265137, "285": 10.449999809265137, "286": 10.449999809265137, "287": 10.449999809265137, "288": 10.470000267028809, "289": 10.482000350952148, "290": 10.470000267028809, "291": 10.470000267028809, "292": 10.470000267028809, "293": 10.470000267028809, "294": 10.475000381469727, "295": 10.475000381469727, "296": 10.475000381469727, "297": 10.470000267028809, "298": 10.470000267028809, "299": 10.470000267028809, "300": 10.489999771118164, "301": 10.489999771118164, "302": 10.505000114440918, "303": 10.5, "304": 10.494999885559082, "305": 10.494999885559082, "306": 10.489999771118164, "307": 10.489999771118164, "308": 10.510000228881836, "309": 10.529999732971191, "310": 10.524999618530273, "311": 10.529999732971191, "312": 10.529999732971191, "313": 10.550000190734863, "314": 10.539999961853027, "315": 10.539999961853027, "316": 10.550000190734863, "317": 10.539999961853027, "318": 10.550000190734863, "319": 10.550000190734863, "320": 10.5600004196167, "321": 10.5600004196167, "322": 10.5600004196167, "323": 10.5600004196167, "324": 10.569999694824219, "325": 10.5600004196167, "326": 10.5600004196167, "327": 10.579999923706055, "328": 10.569999694824219, "329": 10.569999694824219, "330": 10.569999694824219, "331": 10.569999694824219, "332": 10.579999923706055, "333": 10.579999923706055, "334": 10.579999923706055, "335": 10.609999656677246, "336": 10.609999656677246, "337": 10.609999656677246, "338": 10.609999656677246, "339": 10.619999885559082, "340": 10.625, "341": 10.630000114440918, "342": 10.640000343322754, "343": 10.640000343322754, "344": 10.65999984741211, "345": 10.670000076293945, "346": 10.670000076293945, "347": 10.675000190734863, "348": 10.675000190734863, "349": 10.640000343322754, "350": 10.680000305175781, "351": 10.680000305175781, "352": 10.699999809265137, "353": 10.699999809265137, "354": 10.699999809265137, "355": 10.699999809265137, "356": 10.699999809265137, "357": 10.699999809265137, "358": 10.699999809265137, "359": 10.699999809265137, "360": 10.720000267028809, "361": 10.729999542236328}, "volume": {"0": 500100, "1": 19500, "2": 75300, "3": 6600, "4": 17700, "5": 524600, "6": 56700, "7": 168500, "8": 100, "9": 42500, "10": 296900, "11": 420900, "12": 180500, "13": 161400, "14": 11100, "15": 123500, "16": 349800, "17": 143300, "18": 86300, "19": 64400, "20": 3800, "21": 2800, "22": 3200, "23": 19100, "24": 0, "25": 2200, "26": 6500, "27": 7100, "28": 8000, "29": 0, "30": 1000, "31": 1700, "32": 1100, "33": 2000, "34": 500, "35": 19800, "36": 1000, "37": 3100, "38": 45200, "39": 0, "40": 0, "41": 4800, "42": 1000, "43": 0, "44": 500, "45": 152500, "46": 1600, "47": 502800, "48": 2500, "49": 9600, "50": 0, "51": 1000, "52": 0, "53": 1500, "54": 104200, "55": 4000, "56": 400, "57": 1100, "58": 11400, "59": 12700, "60": 12900, "61": 2000, "62": 16300, "63": 2000, "64": 0, "65": 6100, "66": 2900, "67": 12200, "68": 16500, "69": 12600, "70": 9800, "71": 20100, "72": 500, "73": 0, "74": 0, "75": 19400, "76": 12400, "77": 13000, "78": 9200, "79": 400, "80": 4700, "81": 1100, "82": 7200, "83": 14400, "84": 0, "85": 0, "86": 5500, "87": 300, "88": 9400, "89": 6500, "90": 3600, "91": 7300, "92": 0, "93": 0, "94": 200, "95": 300, "96": 600, "97": 2100, "98": 0, "99": 200, "100": 1800, "101": 385700, "102": 3000, "103": 0, "104": 0, "105": 11100, "106": 10600, "107": 5400, "108": 41300, "109": 0, "110": 0, "111": 8200, "112": 0, "113": 5500, "114": 1800, "115": 4900, "116": 20100, "117": 800, "118": 300, "119": 0, "120": 500, "121": 11100, "122": 200, "123": 600, "124": 1300, "125": 300, "126": 1100, "127": 300, "128": 0, "129": 3000, "130": 0, "131": 1300, "132": 400, "133": 0, "134": 500, "135": 0, "136": 800, "137": 0, "138": 0, "139": 600, "140": 100, "141": 1400, "142": 5100, "143": 100, "144": 6000, "145": 5000, "146": 1300, "147": 2800, "148": 0, "149": 85200, "150": 21100, "151": 1000, "152": 50100, "153": 3900, "154": 0, "155": 0, "156": 21400, "157": 12800, "158": 0, "159": 1000, "160": 100, "161": 50100, "162": 0, "163": 43400, "164": 16300, "165": 0, "166": 17400, "167": 300, "168": 3100, "169": 11300, "170": 10000, "171": 19000, "172": 189800, "173": 5200, "174": 1500, "175": 5700, "176": 0, "177": 2800, "178": 300, "179": 500, "180": 13100, "181": 2500, "182": 29800, "183": 70000, "184": 500, "185": 3400, "186": 16100, "187": 0, "188": 11400, "189": 0, "190": 68300, "191": 0, "192": 0, "193": 700, "194": 43900, "195": 0, "196": 0, "197": 2700, "198": 0, "199": 0, "200": 100, "201": 100, "202": 6100, "203": 1223700, "204": 400, "205": 8200, "206": 0, "207": 400, "208": 0, "209": 200, "210": 200, "211": 100, "212": 1600, "213": 400, "214": 0, "215": 0, "216": 2300, "217": 500, "218": 6900, "219": 0, "220": 400, "221": 0, "222": 1400, "223": 100, "224": 100, "225": 100, "226": 400, "227": 65800, "228": 0, "229": 0, "230": 3900, "231": 1300, "232": 3400, "233": 18700, "234": 800, "235": 0, "236": 2000, "237": 0, "238": 100, "239": 104300, "240": 0, "241": 55400, "242": 0, "243": 100, "244": 100, "245": 12000, "246": 0, "247": 0, "248": 0, "249": 4700, "250": 400, "251": 1400, "252": 0, "253": 6900, "254": 7900, "255": 0, "256": 2600, "257": 0, "258": 500, "259": 25000, "260": 0, "261": 2200, "262": 800, "263": 175400, "264": 200, "265": 1100, "266": 200, "267": 0, "268": 9300, "269": 3700, "270": 10700, "271": 0, "272": 0, "273": 0, "274": 7900, "275": 0, "276": 0, "277": 0, "278": 53000, "279": 0, "280": 1400, "281": 0, "282": 2200, "283": 0, "284": 100, "285": 0, "286": 0, "287": 1800, "288": 170700, "289": 6800, "290": 1900, "291": 3200, "292": 9500, "293": 79200, "294": 4000, "295": 0, "296": 0, "297": 3000, "298": 0, "299": 500, "300": 200, "301": 0, "302": 300, "303": 400, "304": 3200, "305": 0, "306": 800, "307": 0, "308": 586800, "309": 236500, "310": 600, "311": 120500, "312": 0, "313": 264900, "314": 100, "315": 100, "316": 3600, "317": 200, "318": 180100, "319": 257700, "320": 100700, "321": 237300, "322": 100, "323": 0, "324": 700, "325": 3200, "326": 0, "327": 9900, "328": 100, "329": 3500, "330": 0, "331": 0, "332": 11500, "333": 0, "334": 0, "335": 13500, "336": 0, "337": 0, "338": 0, "339": 100, "340": 200, "341": 3000, "342": 11500, "343": 400, "344": 5400, "345": 10600, "346": 0, "347": 200, "348": 0, "349": 2900, "350": 5200, "351": 5200, "352": 10400, "353": 0, "354": 0, "355": 2500, "356": 100, "357": 1700, "358": 0, "359": 6500, "360": 140000, "361": 11200}, "adjclose": {"0": 9.800000190734863, "1": 9.8100004196167, "2": 9.8100004196167, "3": 9.777999877929688, "4": 9.800000190734863, "5": 9.805000305175781, "6": 9.8100004196167, "7": 9.819999694824219, "8": 9.819999694824219, "9": 9.819999694824219, "10": 9.800000190734863, "11": 9.84000015258789, "12": 9.850000381469727, "13": 9.829999923706055, "14": 9.829999923706055, "15": 9.819999694824219, "16": 9.8100004196167, "17": 9.829999923706055, "18": 9.819999694824219, "19": 9.829999923706055, "20": 9.829999923706055, "21": 9.829999923706055, "22": 9.84000015258789, "23": 9.84000015258789, "24": 9.84000015258789, "25": 9.850000381469727, "26": 9.850000381469727, "27": 9.850000381469727, "28": 9.850000381469727, "29": 9.850000381469727, "30": 9.859999656677246, "31": 9.859999656677246, "32": 9.859999656677246, "33": 9.859999656677246, "34": 9.859999656677246, "35": 9.869999885559082, "36": 9.869999885559082, "37": 9.869999885559082, "38": 9.869999885559082, "39": 9.869999885559082, "40": 9.869999885559082, "41": 9.859999656677246, "42": 9.869999885559082, "43": 9.869999885559082, "44": 9.880000114440918, "45": 9.890000343322754, "46": 9.880000114440918, "47": 9.890000343322754, "48": 9.887999534606934, "49": 9.890000343322754, "50": 9.890000343322754, "51": 9.890999794006348, "52": 9.890999794006348, "53": 9.895999908447266, "54": 9.90999984741211, "55": 9.899999618530273, "56": 9.904999732971191, "57": 9.90999984741211, "58": 9.920000076293945, "59": 9.913000106811523, "60": 9.90999984741211, "61": 9.90999984741211, "62": 9.920000076293945, "63": 9.90999984741211, "64": 9.90999984741211, "65": 9.925000190734863, "66": 9.925000190734863, "67": 9.920000076293945, "68": 9.930000305175781, "69": 9.930000305175781, "70": 9.930000305175781, "71": 9.930999755859375, "72": 9.930999755859375, "73": 9.930999755859375, "74": 9.930999755859375, "75": 9.920000076293945, "76": 9.914999961853027, "77": 9.90999984741211, "78": 9.906999588012695, "79": 9.899999618530273, "80": 9.899999618530273, "81": 9.899999618530273, "82": 9.899999618530273, "83": 9.895000457763672, "84": 9.895000457763672, "85": 9.895000457763672, "86": 9.899999618530273, "87": 9.9399995803833, "88": 9.909000396728516, "89": 9.909000396728516, "90": 9.920000076293945, "91": 9.920000076293945, "92": 9.920000076293945, "93": 9.920000076293945, "94": 9.9399995803833, "95": 9.90999984741211, "96": 9.920000076293945, "97": 9.9399995803833, "98": 9.9399995803833, "99": 9.920000076293945, "100": 9.920000076293945, "101": 9.90999984741211, "102": 9.920000076293945, "103": 9.920000076293945, "104": 9.920000076293945, "105": 9.920000076293945, "106": 9.920000076293945, "107": 9.930000305175781, "108": 9.9399995803833, "109": 9.9399995803833, "110": 9.9399995803833, "111": 9.930000305175781, "112": 9.930000305175781, "113": 9.9399995803833, "114": 9.930000305175781, "115": 9.930000305175781, "116": 9.949999809265137, "117": 9.949999809265137, "118": 9.949999809265137, "119": 9.949999809265137, "120": 9.949999809265137, "121": 9.960000038146973, "122": 10.0, "123": 9.970000267028809, "124": 9.989999771118164, "125": 9.960000038146973, "126": 9.989999771118164, "127": 9.960000038146973, "128": 9.960000038146973, "129": 9.960000038146973, "130": 9.960000038146973, "131": 9.979999542236328, "132": 9.970000267028809, "133": 9.970000267028809, "134": 9.989999771118164, "135": 9.989999771118164, "136": 9.989999771118164, "137": 9.989999771118164, "138": 9.989999771118164, "139": 9.979999542236328, "140": 9.989999771118164, "141": 10.0, "142": 9.989999771118164, "143": 10.0, "144": 10.0, "145": 10.0, "146": 10.010000228881836, "147": 10.010000228881836, "148": 10.010000228881836, "149": 10.010000228881836, "150": 10.010000228881836, "151": 10.020000457763672, "152": 10.020000457763672, "153": 10.020000457763672, "154": 10.020000457763672, "155": 10.020000457763672, "156": 10.020000457763672, "157": 10.029999732971191, "158": 10.029999732971191, "159": 10.029999732971191, "160": 10.079999923706055, "161": 10.029999732971191, "162": 10.029999732971191, "163": 10.039999961853027, "164": 10.039999961853027, "165": 10.039999961853027, "166": 10.050000190734863, "167": 10.0600004196167, "168": 10.0600004196167, "169": 10.0600004196167, "170": 10.069999694824219, "171": 10.069999694824219, "172": 10.069999694824219, "173": 10.069999694824219, "174": 10.069999694824219, "175": 10.079999923706055, "176": 10.079999923706055, "177": 10.09000015258789, "178": 10.079999923706055, "179": 10.09000015258789, "180": 10.09000015258789, "181": 10.100000381469727, "182": 10.09000015258789, "183": 10.09000015258789, "184": 10.09000015258789, "185": 10.100000381469727, "186": 10.109999656677246, "187": 10.109999656677246, "188": 10.109999656677246, "189": 10.109999656677246, "190": 10.130000114440918, "191": 10.130000114440918, "192": 10.130000114440918, "193": 10.119999885559082, "194": 10.130000114440918, "195": 10.130000114440918, "196": 10.130000114440918, "197": 10.140000343322754, "198": 10.140000343322754, "199": 10.140000343322754, "200": 10.140000343322754, "201": 10.140000343322754, "202": 10.140000343322754, "203": 10.15999984741211, "204": 10.170000076293945, "205": 10.15999984741211, "206": 10.15999984741211, "207": 10.180000305175781, "208": 10.180000305175781, "209": 10.170000076293945, "210": 10.170000076293945, "211": 10.170000076293945, "212": 10.170000076293945, "213": 10.170000076293945, "214": 10.170000076293945, "215": 10.170000076293945, "216": 10.180000305175781, "217": 10.1899995803833, "218": 10.210000038146973, "219": 10.210000038146973, "220": 10.199999809265137, "221": 10.199999809265137, "222": 10.210000038146973, "223": 10.229999542236328, "224": 10.210000038146973, "225": 10.210000038146973, "226": 10.210000038146973, "227": 10.210000038146973, "228": 10.210000038146973, "229": 10.210000038146973, "230": 10.220000267028809, "231": 10.239999771118164, "232": 10.239999771118164, "233": 10.260000228881836, "234": 10.270000457763672, "235": 10.270000457763672, "236": 10.260000228881836, "237": 10.260000228881836, "238": 10.260000228881836, "239": 10.25, "240": 10.25, "241": 10.300000190734863, "242": 10.300000190734863, "243": 10.295000076293945, "244": 10.295000076293945, "245": 10.25, "246": 10.25, "247": 10.25, "248": 10.25, "249": 10.300000190734863, "250": 10.300000190734863, "251": 10.3100004196167, "252": 10.3100004196167, "253": 10.329999923706055, "254": 10.324999809265137, "255": 10.324999809265137, "256": 10.350000381469727, "257": 10.350000381469727, "258": 10.350000381469727, "259": 10.319999694824219, "260": 10.319999694824219, "261": 10.34000015258789, "262": 10.350000381469727, "263": 10.350000381469727, "264": 10.350000381469727, "265": 10.34000015258789, "266": 10.34000015258789, "267": 10.34000015258789, "268": 10.359999656677246, "269": 10.359999656677246, "270": 10.390000343322754, "271": 10.390000343322754, "272": 10.390000343322754, "273": 10.390000343322754, "274": 10.460000038146973, "275": 10.460000038146973, "276": 10.460000038146973, "277": 10.460000038146973, "278": 10.460000038146973, "279": 10.460000038146973, "280": 10.449999809265137, "281": 10.449999809265137, "282": 10.449999809265137, "283": 10.449999809265137, "284": 10.449999809265137, "285": 10.449999809265137, "286": 10.449999809265137, "287": 10.449999809265137, "288": 10.470000267028809, "289": 10.482000350952148, "290": 10.470000267028809, "291": 10.470000267028809, "292": 10.470000267028809, "293": 10.470000267028809, "294": 10.475000381469727, "295": 10.475000381469727, "296": 10.475000381469727, "297": 10.470000267028809, "298": 10.470000267028809, "299": 10.470000267028809, "300": 10.489999771118164, "301": 10.489999771118164, "302": 10.505000114440918, "303": 10.5, "304": 10.494999885559082, "305": 10.494999885559082, "306": 10.489999771118164, "307": 10.489999771118164, "308": 10.510000228881836, "309": 10.529999732971191, "310": 10.524999618530273, "311": 10.529999732971191, "312": 10.529999732971191, "313": 10.550000190734863, "314": 10.539999961853027, "315": 10.539999961853027, "316": 10.550000190734863, "317": 10.539999961853027, "318": 10.550000190734863, "319": 10.550000190734863, "320": 10.5600004196167, "321": 10.5600004196167, "322": 10.5600004196167, "323": 10.5600004196167, "324": 10.569999694824219, "325": 10.5600004196167, "326": 10.5600004196167, "327": 10.579999923706055, "328": 10.569999694824219, "329": 10.569999694824219, "330": 10.569999694824219, "331": 10.569999694824219, "332": 10.579999923706055, "333": 10.579999923706055, "334": 10.579999923706055, "335": 10.609999656677246, "336": 10.609999656677246, "337": 10.609999656677246, "338": 10.609999656677246, "339": 10.619999885559082, "340": 10.625, "341": 10.630000114440918, "342": 10.640000343322754, "343": 10.640000343322754, "344": 10.65999984741211, "345": 10.670000076293945, "346": 10.670000076293945, "347": 10.675000190734863, "348": 10.675000190734863, "349": 10.640000343322754, "350": 10.680000305175781, "351": 10.680000305175781, "352": 10.699999809265137, "353": 10.699999809265137, "354": 10.699999809265137, "355": 10.699999809265137, "356": 10.699999809265137, "357": 10.699999809265137, "358": 10.699999809265137, "359": 10.699999809265137, "360": 10.720000267028809, "361": 10.729999542236328}}, "profile": {"address1": "80 Broad Street", "address2": "5th Floor", "city": "New York", "state": "NY", "zip": "10004", "country": "United States", "phone": "212 837 7977", "industry": "Shell Companies", "industryDisp": "Shell Companies", "sector": "Financial Services", "longBusinessSummary": "Alpha Star Acquisition Corporation does not have significant operations. The company focuses on effecting a merger, share exchange, asset acquisition, stock purchase, reorganization, or similar business combination with one or more businesses. It intends to focus on businesses in clean energy, internet and high technology, financial technology, health care, consumer and retail, energy and resources, manufacturing, and education sectors in Asia. The company was incorporated in 2021 and is based in New York, New York.", "companyOfficers": [{"maxAge": 1, "name": "Dr. Zhe  Zhang", "age": 47, "title": "Chairman & CEO", "yearBorn": 1975, "exercisedValue": 0, "unexercisedValue": 0}, {"maxAge": 1, "name": "Mr. Guojian  Chen", "age": 29, "title": "CFO & Director", "yearBorn": 1993, "exercisedValue": 0, "unexercisedValue": 0}], "maxAge": 86400, "latitude": 40.70427766102566, "longitude": -74.01171360817352}}