{"income_statement": {"annual": {"Year": {"1": "Selling, General & Admin", "2": "Operating Expenses", "3": "Operating Income", "4": "Other Expense / Income", "5": "Pretax Income", "6": "Net Income", "7": "Net Income Growth", "8": "Shares Outstanding (Basic)", "9": "Shares Outstanding (Diluted)", "10": "Shares Change", "11": "EPS (Basic)", "12": "EPS (Diluted)", "13": "EPS Growth", "14": "Free Cash Flow Per Share", "15": "EBITDA", "16": "EBIT"}, "2022": {"1": "1.37", "2": "1.37", "3": "-1.37", "4": "-11.37", "5": "10.01", "6": "10.01", "7": "15.96%", "8": "25", "9": "25", "10": "68.02%", "11": "0.43", "12": "0.43", "13": "-25.86%", "14": "-0.02", "15": "10.01", "16": "10.01"}, "2021": {"1": "0.62", "2": "0.62", "3": "-0.62", "4": "-9.25", "5": "8.63", "6": "8.63", "7": "-", "8": "15", "9": "15", "10": "-", "11": "0.58", "12": "0.58", "13": "-", "14": "-0.05", "15": "8.63", "16": "8.63"}}, "quarterly": {"Metrics": {"1": "Selling, General & Admin", "2": "Other Operating Expenses", "3": "Operating Expenses", "4": "Operating Income", "5": "Other Expense / Income", "6": "Pretax Income", "7": "Net Income", "8": "Net Income Growth", "9": "Shares Outstanding (Basic)", "10": "Shares Outstanding (Diluted)", "11": "Shares Change", "12": "EPS (Basic)", "13": "EPS (Diluted)", "14": "EPS Growth", "15": "Free Cash Flow Per Share", "16": "EBITDA", "17": "EBIT"}, "2022-12-31": {"1": "0.6", "2": "0", "3": "0.6", "4": "-0.6", "5": "-1.98", "6": "1.37", "7": "1.37", "8": "458.98%", "9": "25", "10": "25", "11": "68.02%", "12": "0.07", "13": "0.07", "14": "-", "15": "-0.00", "16": "1.37", "17": "1.37"}, "2022-09-30": {"1": "0.29", "2": "0", "3": "0.29", "4": "-0.29", "5": "-1.53", "6": "1.24", "7": "1.24", "8": "-85.23%", "9": "25", "10": "25", "11": "20.05%", "12": "0.06", "13": "0.06", "14": "-85.00%", "15": "-0.01", "16": "1.24", "17": "1.24"}, "2022-06-30": {"1": "0.15", "2": "0", "3": "0.15", "4": "-0.15", "5": "-4.39", "6": "4.25", "7": "4.25", "8": "-", "9": "25", "10": "25", "11": "400.00%", "12": "0.17", "13": "0.17", "14": "-", "15": "-0.01", "16": "4.25", "17": "4.25"}, "2022-03-31": {"1": "0.33", "2": "0", "3": "0.33", "4": "-0.33", "5": "-3.47", "6": "3.15", "7": "3.15", "8": "-", "9": "25", "10": "25", "11": "400.00%", "12": "0.13", "13": "0.13", "14": "-", "15": "-0.01", "16": "3.15", "17": "3.15"}, "2021-12-31": {"1": "0.2", "2": "0", "3": "0.2", "4": "-0.2", "5": "-0.44", "6": "0.25", "7": "0.25", "8": "-", "9": "15", "10": "15", "11": "-", "12": "-0.18", "13": "-0.18", "14": "-", "15": "0.00", "16": "0.25", "17": "0.25"}, "2021-09-30": {"1": "0.41", "2": "0", "3": "0.41", "4": "-0.41", "5": "-8.8", "6": "8.39", "7": "8.39", "8": "-", "9": "21", "10": "21", "11": "-", "12": "0.40", "13": "0.40", "14": "-", "15": "-0.04", "16": "8.39", "17": "8.39"}, "2021-06-30": {"1": "0", "2": "0", "3": "0", "4": "0", "5": "-", "6": "0", "7": "0", "8": "-", "9": "5", "10": "5", "11": "-", "12": "-", "13": "-", "14": "-", "15": "-", "16": "0", "17": "0"}, "2021-03-31": {"1": "0", "2": "0.01", "3": "0.01", "4": "-0.01", "5": "-", "6": "-0.01", "7": "-0.01", "8": "-", "9": "5", "10": "5", "11": "-", "12": "-", "13": "-", "14": "-", "15": "-", "16": "-", "17": "-0.01"}}}, "balance_sheet": {"annual": {"Year": {"1": "Cash & Equivalents", "2": "Cash & Cash Equivalents", "3": "Cash Growth", "4": "Other Current Assets", "5": "Total Current Assets", "6": "Long-Term Investments", "7": "Other Long-Term Assets", "8": "Total Long-Term Assets", "9": "Total Assets", "10": "Accounts Payable", "11": "Current Debt", "12": "Total Current Liabilities", "13": "Other Long-Term Liabilities", "14": "Total Long-Term Liabilities", "15": "Total Liabilities", "16": "Total Debt", "17": "Common Stock", "18": "Retained Earnings", "19": "Shareholders' Equity", "20": "Total Liabilities and Equity", "21": "Net Cash / Debt", "22": "Net Cash Per Share", "23": "Working Capital", "24": "Book Value Per Share"}, "2022": {"1": "0.09", "2": "0.09", "3": "-86.08%", "4": "0.18", "5": "0.27", "6": "205.93", "7": "0", "8": "205.93", "9": "206.2", "10": "0.81", "11": "1", "12": "1.81", "13": "9.54", "14": "9.54", "15": "11.35", "16": "1", "17": "0", "18": "-11.08", "19": "-11.08", "20": "0.27", "21": "-0.91", "22": "-0.04", "23": "-1.54", "24": "-0.44"}, "2021": {"1": "0.67", "2": "0.67", "3": "-", "4": "0.32", "5": "0.99", "6": "202.01", "7": "0.18", "8": "202.18", "9": "203.18", "10": "0.34", "11": "0", "12": "0.34", "13": "17.99", "14": "17.99", "15": "18.33", "16": "0", "17": "0", "18": "-17.16", "19": "-17.16", "20": "1.17", "21": "0.67", "22": "0.05", "23": "0.65", "24": "-1.15"}}, "quarterly": {"Metrics": {"1": "Cash & Equivalents", "2": "Cash & Cash Equivalents", "3": "Cash Growth", "4": "Other Current Assets", "5": "Total Current Assets", "6": "Long-Term Investments", "7": "Other Long-Term Assets", "8": "Total Long-Term Assets", "9": "Total Assets", "10": "Accounts Payable", "11": "Current Debt", "12": "Other Current Liabilities", "13": "Total Current Liabilities", "14": "Other Long-Term Liabilities", "15": "Total Long-Term Liabilities", "16": "Total Liabilities", "17": "Total Debt", "18": "Common Stock", "19": "Retained Earnings", "20": "Shareholders' Equity", "21": "Total Liabilities and Equity", "22": "Net Cash / Debt", "23": "Net Cash / Debt Growth", "24": "Net Cash Per Share", "25": "Working Capital", "26": "Book Value Per Share"}, "2022-12-31": {"1": "0.09", "2": "0.09", "3": "-86.08%", "4": "0.18", "5": "0.27", "6": "205.93", "7": "0", "8": "205.93", "9": "206.2", "10": "0.81", "11": "1", "12": "0", "13": "1.81", "14": "9.54", "15": "9.54", "16": "11.35", "17": "1", "18": "0", "19": "-11.08", "20": "-11.08", "21": "0.27", "22": "-0.91", "23": "-", "24": "-0.04", "25": "-1.54", "26": "-0.44"}, "2022-09-30": {"1": "0.17", "2": "0.17", "3": "-75.61%", "4": "0.27", "5": "0.44", "6": "203.21", "7": "0", "8": "203.21", "9": "203.65", "10": "0.38", "11": "0", "12": "0", "13": "0.38", "14": "9.8", "15": "9.8", "16": "10.18", "17": "0", "18": "0", "19": "-9.74", "20": "-9.74", "21": "0.44", "22": "0.17", "23": "-75.61%", "24": "0.01", "25": "0.06", "26": "-0.39"}, "2022-06-30": {"1": "0.29", "2": "0.29", "3": "-", "4": "0.35", "5": "0.65", "6": "202.3", "7": "0.01", "8": "202.31", "9": "202.96", "10": "0.31", "11": "0", "12": "0", "13": "0.31", "14": "10.42", "15": "10.42", "16": "10.73", "17": "0", "18": "0", "19": "-10.06", "20": "-10.06", "21": "0.66", "22": "0.29", "23": "-", "24": "0.01", "25": "0.34", "26": "-0.40"}, "2022-03-31": {"1": "0.44", "2": "0.44", "3": "-", "4": "0.37", "5": "0.81", "6": "202.03", "7": "0.1", "8": "202.12", "9": "202.93", "10": "0.4", "11": "0", "12": "0", "13": "0.4", "14": "14.54", "15": "14.54", "16": "14.94", "17": "0", "18": "0", "19": "-14.04", "20": "-14.04", "21": "0.9", "22": "0.44", "23": "-", "24": "0.02", "25": "0.41", "26": "-0.56"}, "2021-12-31": {"1": "0.67", "2": "0.67", "3": "-", "4": "0.32", "5": "0.99", "6": "202.01", "7": "0.18", "8": "202.18", "9": "203.18", "10": "0.34", "11": "0", "12": "0", "13": "0.34", "14": "17.99", "15": "17.99", "16": "18.33", "17": "0", "18": "0", "19": "-17.16", "20": "-17.16", "21": "1.17", "22": "0.67", "23": "-", "24": "0.05", "25": "0.65", "26": "-1.15"}, "2021-09-30": {"1": "0.7", "2": "0.7", "3": "-", "4": "0.58", "5": "1.28", "6": "202", "7": "0", "8": "202", "9": "203.29", "10": "0.26", "11": "0", "12": "-0", "13": "0.26", "14": "18.43", "15": "18.43", "16": "18.69", "17": "0", "18": "0", "19": "-17.41", "20": "-17.41", "21": "1.28", "22": "0.7", "23": "-", "24": "0.03", "25": "1.03", "26": "-0.84"}, "2021-06-30": {"1": "0", "2": "0", "3": "-", "4": "-", "5": "-", "6": "-", "7": "-", "8": "-", "9": "0.22", "10": "0.09", "11": "0", "12": "0.12", "13": "0.2", "14": "0", "15": "0", "16": "0.2", "17": "0", "18": "0.03", "19": "-0.01", "20": "0.02", "21": "0.22", "22": "0", "23": "-", "24": "-", "25": "-", "26": "0.00"}, "2021-03-31": {"1": "0", "2": "0", "3": "-", "4": "-", "5": "-", "6": "-", "7": "-", "8": "-", "9": "0.15", "10": "0.08", "11": "0", "12": "0.06", "13": "0.13", "14": "0", "15": "0", "16": "0.13", "17": "0", "18": "0.03", "19": "-0.01", "20": "0.02", "21": "0.15", "22": "0", "23": "-", "24": "-", "25": "-", "26": "0.00"}}}, "cash_flow_statement": {"annual": {"Year": {"1": "Net Income", "2": "Other Operating Activities", "3": "Operating Cash Flow", "4": "Change in Investments", "5": "Investing Cash Flow", "6": "Share Issuance / Repurchase", "7": "Debt Issued / Paid", "8": "Other Financing Activities", "9": "Financing Cash Flow", "10": "Net Cash Flow", "11": "Free Cash Flow", "12": "Free Cash Flow Per Share"}, "2022": {"1": "10.01", "2": "-10.58", "3": "-0.58", "4": "-1", "5": "-1", "6": "0", "7": "1", "8": "-", "9": "1", "10": "-0.58", "11": "-0.58", "12": "-0.02"}, "2021": {"1": "8.63", "2": "-9.41", "3": "-0.78", "4": "-202", "5": "-202", "6": "204.03", "7": "0", "8": "-0.58", "9": "203.45", "10": "0.67", "11": "-0.78", "12": "-0.05"}}, "quarterly": {"Metrics": {"1": "Net Income", "2": "Other Operating Activities", "3": "Operating Cash Flow", "4": "Change in Investments", "5": "Investing Cash Flow", "6": "Debt Issued / Paid", "7": "Other Financing Activities", "8": "Financing Cash Flow", "9": "Net Cash Flow", "10": "Free Cash Flow", "11": "Free Cash Flow Per Share"}, "2022-12-31": {"1": "1.37", "2": "-1.45", "3": "-0.08", "4": "-1", "5": "-1", "6": "1", "7": "-", "8": "1", "9": "-0.08", "10": "-0.08", "11": "-0.00"}, "2022-09-30": {"1": "1.24", "2": "-1.36", "3": "-0.12", "4": "0", "5": "0", "6": "0", "7": "-", "8": "0", "9": "-0.12", "10": "-0.12", "11": "-0.01"}, "2022-06-30": {"1": "4.25", "2": "-4.39", "3": "-0.15", "4": "0", "5": "0", "6": "0", "7": "-", "8": "0", "9": "-0.15", "10": "-0.15", "11": "-0.01"}, "2022-03-31": {"1": "3.15", "2": "-3.38", "3": "-0.23", "4": "0", "5": "0", "6": "0", "7": "-", "8": "0", "9": "-0.23", "10": "-0.23", "11": "-0.01"}, "2021-12-31": {"1": "0.25", "2": "-0.19", "3": "0.06", "4": "0", "5": "0", "6": "0", "7": "-0.09", "8": "-0.09", "9": "-0.03", "10": "0.06", "11": "0.00"}, "2021-09-30": {"1": "8.39", "2": "-9.22", "3": "-0.83", "4": "0", "5": "0", "6": "0", "7": "-", "8": "0", "9": "0.7", "10": "-0.83", "11": "-0.04"}, "2021-06-30": {"1": "0", "2": "-", "3": "0", "4": "0", "5": "0", "6": "0", "7": "-", "8": "0", "9": "0", "10": "0", "11": "-"}}}, "ratios": {"annual": {"Year": {"1": "Market Capitalization", "2": "Market Cap Growth", "3": "Enterprise Value", "4": "PE Ratio", "5": "PB Ratio", "6": "P/FCF Ratio", "7": "P/OCF Ratio", "8": "EV/EBITDA Ratio", "9": "EV/EBIT Ratio", "10": "EV/FCF Ratio", "11": "Debt / Equity Ratio", "12": "Debt / EBITDA Ratio", "13": "Debt / FCF Ratio", "14": "Current Ratio", "15": "Return on Equity (ROE)", "16": "Return on Assets (ROA)", "17": "Return on Capital (ROIC)", "18": "Earnings Yield", "19": "FCF Yield", "20": "Buyback Yield / Dilution", "21": "Total Shareholder Return"}, "Current": {"1": "85", "2": "-", "3": "86", "4": "24.95", "5": "-23.18", "6": "-444.84", "7": "-444.84", "8": "8.63", "9": "8.63", "10": "-446.41", "11": "-0.09", "12": "0.10", "13": "-1.73", "14": "0.15", "15": "-89.10%", "16": "4.90%", "17": "4.90%", "18": "11.72%", "19": "-0.68%", "20": "-68.02%", "21": "-68.02%"}, "2022": {"1": "257", "2": "4.26%", "3": "258", "4": "25.66", "5": "-23.18", "6": "-444.84", "7": "-444.84", "8": "25.75", "9": "25.75", "10": "-446.41", "11": "-0.09", "12": "0.10", "13": "-1.73", "14": "0.15", "15": "-89.10%", "16": "4.90%", "17": "4.90%", "18": "3.90%", "19": "-0.22%", "20": "-68.02%", "21": "-68.02%"}, "2021": {"1": "246", "2": "-", "3": "246", "4": "28.54", "5": "-14.35", "6": "-317.06", "7": "-317.06", "8": "28.46", "9": "28.46", "10": "-316.20", "11": "-", "12": "-", "13": "-", "14": "2.91", "15": "-99.90%", "16": "8.50%", "17": "8.50%", "18": "3.50%", "19": "-0.32%", "20": "-", "21": "-"}}, "quarterly": {"Metrics": {"1": "Market Capitalization", "2": "Market Cap Growth", "3": "Enterprise Value", "4": "PE Ratio", "5": "PB Ratio", "6": "Debt / Equity Ratio", "7": "Current Ratio", "8": "Buyback Yield / Dilution", "9": "Total Shareholder Return"}, "Current": {"1": "85", "2": "-", "3": "86", "4": "24.95", "5": "-23.18", "6": "-0.09", "7": "0.15", "8": "-68.02%", "9": "-68.02%"}, "2022-12-31": {"1": "257", "2": "4.26%", "3": "258", "4": "25.66", "5": "-23.18", "6": "-0.09", "7": "0.15", "8": "-68.02%", "9": "-68.02%"}, "2022-09-30": {"1": "253", "2": "-1.25%", "3": "252", "4": "28.44", "5": "-25.93", "6": "-", "7": "1.17", "8": "-20.05%", "9": "-20.05%"}, "2022-06-30": {"1": "250", "2": "-", "3": "249", "4": "15.58", "5": "-24.81", "6": "-", "7": "2.12", "8": "-400.00%", "9": "-400.00%"}, "2022-03-31": {"1": "249", "2": "-", "3": "248", "4": "21.11", "5": "-17.72", "6": "-", "7": "2.01", "8": "-400.00%", "9": "-400.00%"}, "2021-12-31": {"1": "246", "2": "-", "3": "246", "4": "28.54", "5": "-14.35", "6": "-", "7": "2.91", "8": "-", "9": "-"}, "2021-09-30": {"1": "256", "2": "-", "3": "255", "4": "-", "5": "-14.69", "6": "-", "7": "4.98", "8": "-", "9": "-"}}}, "stock_price": {"symbol": {"0": "APAC", "1": "APAC", "2": "APAC", "3": "APAC", "4": "APAC", "5": "APAC", "6": "APAC", "7": "APAC", "8": "APAC", "9": "APAC", "10": "APAC", "11": "APAC", "12": "APAC", "13": "APAC", "14": "APAC", "15": "APAC", "16": "APAC", "17": "APAC", "18": "APAC", "19": "APAC", "20": "APAC", "21": "APAC", "22": "APAC", "23": "APAC", "24": "APAC", "25": "APAC", "26": "APAC", "27": "APAC", "28": "APAC", "29": "APAC", "30": "APAC", "31": "APAC", "32": "APAC", "33": "APAC", "34": "APAC", "35": "APAC", "36": "APAC", "37": "APAC", "38": "APAC", "39": "APAC", "40": "APAC", "41": "APAC", "42": "APAC", "43": "APAC", "44": "APAC", "45": "APAC", "46": "APAC", "47": "APAC", "48": "APAC", "49": "APAC", "50": "APAC", "51": "APAC", "52": "APAC", "53": "APAC", "54": "APAC", "55": "APAC", "56": "APAC", "57": "APAC", "58": "APAC", "59": "APAC", "60": "APAC", "61": "APAC", "62": "APAC", "63": "APAC", "64": "APAC", "65": "APAC", "66": "APAC", "67": "APAC", "68": "APAC", "69": "APAC", "70": "APAC", "71": "APAC", "72": "APAC", "73": "APAC", "74": "APAC", "75": "APAC", "76": "APAC", "77": "APAC", "78": "APAC", "79": "APAC", "80": "APAC", "81": "APAC", "82": "APAC", "83": "APAC", "84": "APAC", "85": "APAC", "86": "APAC", "87": "APAC", "88": "APAC", "89": "APAC", "90": "APAC", "91": "APAC", "92": "APAC", "93": "APAC", "94": "APAC", "95": "APAC", "96": "APAC", "97": "APAC", "98": "APAC", "99": "APAC", "100": "APAC", "101": "APAC", "102": "APAC", "103": "APAC", "104": "APAC", "105": "APAC", "106": "APAC", "107": "APAC", "108": "APAC", "109": "APAC", "110": "APAC", "111": "APAC", "112": "APAC", "113": "APAC", "114": "APAC", "115": "APAC", "116": "APAC", "117": "APAC", "118": "APAC", "119": "APAC", "120": "APAC", "121": "APAC", "122": "APAC", "123": "APAC", "124": "APAC", "125": "APAC", "126": "APAC", "127": "APAC", "128": "APAC", "129": "APAC", "130": "APAC", "131": "APAC", "132": "APAC", "133": "APAC", "134": "APAC", "135": "APAC", "136": "APAC", "137": "APAC", "138": "APAC", "139": "APAC", "140": "APAC", "141": "APAC", "142": "APAC", "143": "APAC", "144": "APAC", "145": "APAC", "146": "APAC", "147": "APAC", "148": "APAC", "149": "APAC", "150": "APAC", "151": "APAC", "152": "APAC", "153": "APAC", "154": "APAC", "155": "APAC", "156": "APAC", "157": "APAC", "158": "APAC", "159": "APAC", "160": "APAC", "161": "APAC", "162": "APAC", "163": "APAC", "164": "APAC", "165": "APAC", "166": "APAC", "167": "APAC", "168": "APAC", "169": "APAC", "170": "APAC", "171": "APAC", "172": "APAC", "173": "APAC", "174": "APAC", "175": "APAC", "176": "APAC", "177": "APAC", "178": "APAC", "179": "APAC", "180": "APAC", "181": "APAC", "182": "APAC", "183": "APAC", "184": "APAC", "185": "APAC", "186": "APAC", "187": "APAC", "188": "APAC", "189": "APAC", "190": "APAC", "191": "APAC", "192": "APAC", "193": "APAC", "194": "APAC", "195": "APAC", "196": "APAC", "197": "APAC", "198": "APAC", "199": "APAC", "200": "APAC", "201": "APAC", "202": "APAC", "203": "APAC", "204": "APAC", "205": "APAC", "206": "APAC", "207": "APAC", "208": "APAC", "209": "APAC", "210": "APAC", "211": "APAC", "212": "APAC", "213": "APAC", "214": "APAC", "215": "APAC", "216": "APAC", "217": "APAC", "218": "APAC", "219": "APAC", "220": "APAC", "221": "APAC", "222": "APAC", "223": "APAC", "224": "APAC", "225": "APAC", "226": "APAC", "227": "APAC", "228": "APAC", "229": "APAC", "230": "APAC", "231": "APAC", "232": "APAC", "233": "APAC", "234": "APAC", "235": "APAC", "236": "APAC", "237": "APAC", "238": "APAC", "239": "APAC", "240": "APAC", "241": "APAC", "242": "APAC", "243": "APAC", "244": "APAC", "245": "APAC", "246": "APAC", "247": "APAC", "248": "APAC", "249": "APAC", "250": "APAC", "251": "APAC", "252": "APAC", "253": "APAC", "254": "APAC", "255": "APAC", "256": "APAC", "257": "APAC", "258": "APAC", "259": "APAC", "260": "APAC", "261": "APAC", "262": "APAC", "263": "APAC", "264": "APAC", "265": "APAC", "266": "APAC", "267": "APAC", "268": "APAC", "269": "APAC", "270": "APAC", "271": "APAC", "272": "APAC", "273": "APAC", "274": "APAC", "275": "APAC", "276": "APAC", "277": "APAC", "278": "APAC", "279": "APAC", "280": "APAC", "281": "APAC", "282": "APAC", "283": "APAC", "284": "APAC", "285": "APAC", "286": "APAC", "287": "APAC", "288": "APAC", "289": "APAC", "290": "APAC", "291": "APAC", "292": "APAC", "293": "APAC", "294": "APAC", "295": "APAC", "296": "APAC", "297": "APAC", "298": "APAC", "299": "APAC", "300": "APAC", "301": "APAC", "302": "APAC", "303": "APAC", "304": "APAC", "305": "APAC", "306": "APAC", "307": "APAC", "308": "APAC", "309": "APAC", "310": "APAC", "311": "APAC", "312": "APAC", "313": "APAC", "314": "APAC", "315": "APAC", "316": "APAC", "317": "APAC", "318": "APAC", "319": "APAC", "320": "APAC", "321": "APAC", "322": "APAC", "323": "APAC", "324": "APAC", "325": "APAC", "326": "APAC", "327": "APAC", "328": "APAC", "329": "APAC", "330": "APAC", "331": "APAC", "332": "APAC", "333": "APAC", "334": "APAC", "335": "APAC", "336": "APAC", "337": "APAC", "338": "APAC", "339": "APAC", "340": "APAC", "341": "APAC", "342": "APAC", "343": "APAC", "344": "APAC", "345": "APAC", "346": "APAC", "347": "APAC", "348": "APAC", "349": "APAC", "350": "APAC", "351": "APAC", "352": "APAC", "353": "APAC", "354": "APAC", "355": "APAC", "356": "APAC", "357": "APAC", "358": "APAC", "359": "APAC", "360": "APAC", "361": "APAC", "362": "APAC", "363": "APAC", "364": "APAC", "365": "APAC", "366": "APAC", "367": "APAC", "368": "APAC", "369": "APAC", "370": "APAC", "371": "APAC", "372": "APAC", "373": "APAC", "374": "APAC", "375": "APAC", "376": "APAC", "377": "APAC", "378": "APAC", "379": "APAC", "380": "APAC", "381": "APAC", "382": "APAC", "383": "APAC", "384": "APAC", "385": "APAC", "386": "APAC", "387": "APAC", "388": "APAC", "389": "APAC", "390": "APAC", "391": "APAC", "392": "APAC", "393": "APAC", "394": "APAC", "395": "APAC", "396": "APAC", "397": "APAC", "398": "APAC", "399": "APAC", "400": "APAC", "401": "APAC", "402": "APAC", "403": "APAC", "404": "APAC", "405": "APAC", "406": "APAC", "407": "APAC", "408": "APAC", "409": "APAC", "410": "APAC", "411": "APAC", "412": "APAC", "413": "APAC", "414": "APAC", "415": "APAC", "416": "APAC", "417": "APAC", "418": "APAC", "419": "APAC", "420": "APAC", "421": "APAC", "422": "APAC", "423": "APAC", "424": "APAC", "425": "APAC", "426": "APAC", "427": "APAC", "428": "APAC", "429": "APAC", "430": "APAC", "431": "APAC", "432": "APAC", "433": "APAC", "434": "APAC", "435": "APAC", "436": "APAC", "437": "APAC", "438": "APAC", "439": "APAC", "440": "APAC", "441": "APAC", "442": "APAC", "443": "APAC", "444": "APAC", "445": "APAC", "446": "APAC", "447": "APAC", "448": "APAC", "449": "APAC", "450": "APAC"}, "date": {"0": "2021-09-14", "1": "2021-09-15", "2": "2021-09-16", "3": "2021-09-17", "4": "2021-09-20", "5": "2021-09-21", "6": "2021-09-22", "7": "2021-09-23", "8": "2021-09-24", "9": "2021-09-27", "10": "2021-09-28", "11": "2021-09-29", "12": "2021-09-30", "13": "2021-10-01", "14": "2021-10-04", "15": "2021-10-05", "16": "2021-10-06", "17": "2021-10-07", "18": "2021-10-08", "19": "2021-10-11", "20": "2021-10-12", "21": "2021-10-13", "22": "2021-10-14", "23": "2021-10-15", "24": "2021-10-18", "25": "2021-10-19", "26": "2021-10-20", "27": "2021-10-21", "28": "2021-10-22", "29": "2021-10-25", "30": "2021-10-26", "31": "2021-10-27", "32": "2021-10-28", "33": "2021-10-29", "34": "2021-11-01", "35": "2021-11-02", "36": "2021-11-03", "37": "2021-11-04", "38": "2021-11-05", "39": "2021-11-08", "40": "2021-11-09", "41": "2021-11-10", "42": "2021-11-11", "43": "2021-11-12", "44": "2021-11-15", "45": "2021-11-16", "46": "2021-11-17", "47": "2021-11-18", "48": "2021-11-19", "49": "2021-11-22", "50": "2021-11-23", "51": "2021-11-24", "52": "2021-11-26", "53": "2021-11-29", "54": "2021-11-30", "55": "2021-12-01", "56": "2021-12-02", "57": "2021-12-03", "58": "2021-12-06", "59": "2021-12-07", "60": "2021-12-08", "61": "2021-12-09", "62": "2021-12-10", "63": "2021-12-13", "64": "2021-12-14", "65": "2021-12-15", "66": "2021-12-16", "67": "2021-12-17", "68": "2021-12-20", "69": "2021-12-21", "70": "2021-12-22", "71": "2021-12-23", "72": "2021-12-27", "73": "2021-12-28", "74": "2021-12-29", "75": "2021-12-30", "76": "2021-12-31", "77": "2022-01-03", "78": "2022-01-04", "79": "2022-01-05", "80": "2022-01-06", "81": "2022-01-07", "82": "2022-01-10", "83": "2022-01-11", "84": "2022-01-12", "85": "2022-01-13", "86": "2022-01-14", "87": "2022-01-18", "88": "2022-01-19", "89": "2022-01-20", "90": "2022-01-21", "91": "2022-01-24", "92": "2022-01-25", "93": "2022-01-26", "94": "2022-01-27", "95": "2022-01-28", "96": "2022-01-31", "97": "2022-02-01", "98": "2022-02-02", "99": "2022-02-03", "100": "2022-02-04", "101": "2022-02-07", "102": "2022-02-08", "103": "2022-02-09", "104": "2022-02-10", "105": "2022-02-11", "106": "2022-02-14", "107": "2022-02-15", "108": "2022-02-16", "109": "2022-02-17", "110": "2022-02-18", "111": "2022-02-22", "112": "2022-02-23", "113": "2022-02-24", "114": "2022-02-25", "115": "2022-02-28", "116": "2022-03-01", "117": "2022-03-02", "118": "2022-03-03", "119": "2022-03-04", "120": "2022-03-07", "121": "2022-03-08", "122": "2022-03-09", "123": "2022-03-10", "124": "2022-03-11", "125": "2022-03-14", "126": "2022-03-15", "127": "2022-03-16", "128": "2022-03-17", "129": "2022-03-18", "130": "2022-03-21", "131": "2022-03-22", "132": "2022-03-23", "133": "2022-03-24", "134": "2022-03-25", "135": "2022-03-28", "136": "2022-03-29", "137": "2022-03-30", "138": "2022-03-31", "139": "2022-04-01", "140": "2022-04-04", "141": "2022-04-05", "142": "2022-04-06", "143": "2022-04-07", "144": "2022-04-08", "145": "2022-04-11", "146": "2022-04-12", "147": "2022-04-13", "148": "2022-04-14", "149": "2022-04-18", "150": "2022-04-19", "151": "2022-04-20", "152": "2022-04-21", "153": "2022-04-22", "154": "2022-04-25", "155": "2022-04-26", "156": "2022-04-27", "157": "2022-04-28", "158": "2022-04-29", "159": "2022-05-02", "160": "2022-05-03", "161": "2022-05-04", "162": "2022-05-05", "163": "2022-05-06", "164": "2022-05-09", "165": "2022-05-10", "166": "2022-05-11", "167": "2022-05-12", "168": "2022-05-13", "169": "2022-05-16", "170": "2022-05-17", "171": "2022-05-18", "172": "2022-05-19", "173": "2022-05-20", "174": "2022-05-23", "175": "2022-05-24", "176": "2022-05-25", "177": "2022-05-26", "178": "2022-05-27", "179": "2022-05-31", "180": "2022-06-01", "181": "2022-06-02", "182": "2022-06-03", "183": "2022-06-06", "184": "2022-06-07", "185": "2022-06-08", "186": "2022-06-09", "187": "2022-06-10", "188": "2022-06-13", "189": "2022-06-14", "190": "2022-06-15", "191": "2022-06-16", "192": "2022-06-17", "193": "2022-06-21", "194": "2022-06-22", "195": "2022-06-23", "196": "2022-06-24", "197": "2022-06-27", "198": "2022-06-28", "199": "2022-06-29", "200": "2022-06-30", "201": "2022-07-01", "202": "2022-07-05", "203": "2022-07-06", "204": "2022-07-07", "205": "2022-07-08", "206": "2022-07-11", "207": "2022-07-12", "208": "2022-07-13", "209": "2022-07-14", "210": "2022-07-15", "211": "2022-07-18", "212": "2022-07-19", "213": "2022-07-20", "214": "2022-07-21", "215": "2022-07-22", "216": "2022-07-25", "217": "2022-07-26", "218": "2022-07-27", "219": "2022-07-28", "220": "2022-07-29", "221": "2022-08-01", "222": "2022-08-02", "223": "2022-08-03", "224": "2022-08-04", "225": "2022-08-05", "226": "2022-08-08", "227": "2022-08-09", "228": "2022-08-10", "229": "2022-08-11", "230": "2022-08-12", "231": "2022-08-15", "232": "2022-08-16", "233": "2022-08-17", "234": "2022-08-18", "235": "2022-08-19", "236": "2022-08-22", "237": "2022-08-23", "238": "2022-08-24", "239": "2022-08-25", "240": "2022-08-26", "241": "2022-08-29", "242": "2022-08-30", "243": "2022-08-31", "244": "2022-09-01", "245": "2022-09-02", "246": "2022-09-06", "247": "2022-09-07", "248": "2022-09-08", "249": "2022-09-09", "250": "2022-09-12", "251": "2022-09-13", "252": "2022-09-14", "253": "2022-09-15", "254": "2022-09-16", "255": "2022-09-19", "256": "2022-09-20", "257": "2022-09-21", "258": "2022-09-22", "259": "2022-09-23", "260": "2022-09-26", "261": "2022-09-27", "262": "2022-09-28", "263": "2022-09-29", "264": "2022-09-30", "265": "2022-10-03", "266": "2022-10-04", "267": "2022-10-05", "268": "2022-10-06", "269": "2022-10-07", "270": "2022-10-10", "271": "2022-10-11", "272": "2022-10-12", "273": "2022-10-13", "274": "2022-10-14", "275": "2022-10-17", "276": "2022-10-18", "277": "2022-10-19", "278": "2022-10-20", "279": "2022-10-21", "280": "2022-10-24", "281": "2022-10-25", "282": "2022-10-26", "283": "2022-10-27", "284": "2022-10-28", "285": "2022-10-31", "286": "2022-11-01", "287": "2022-11-02", "288": "2022-11-03", "289": "2022-11-04", "290": "2022-11-07", "291": "2022-11-08", "292": "2022-11-09", "293": "2022-11-10", "294": "2022-11-11", "295": "2022-11-14", "296": "2022-11-15", "297": "2022-11-16", "298": "2022-11-17", "299": "2022-11-18", "300": "2022-11-21", "301": "2022-11-22", "302": "2022-11-23", "303": "2022-11-25", "304": "2022-11-28", "305": "2022-11-29", "306": "2022-11-30", "307": "2022-12-01", "308": "2022-12-02", "309": "2022-12-05", "310": "2022-12-06", "311": "2022-12-07", "312": "2022-12-08", "313": "2022-12-09", "314": "2022-12-12", "315": "2022-12-13", "316": "2022-12-14", "317": "2022-12-15", "318": "2022-12-16", "319": "2022-12-19", "320": "2022-12-20", "321": "2022-12-21", "322": "2022-12-22", "323": "2022-12-23", "324": "2022-12-27", "325": "2022-12-28", "326": "2022-12-29", "327": "2022-12-30", "328": "2023-01-03", "329": "2023-01-04", "330": "2023-01-05", "331": "2023-01-06", "332": "2023-01-09", "333": "2023-01-10", "334": "2023-01-11", "335": "2023-01-12", "336": "2023-01-13", "337": "2023-01-17", "338": "2023-01-18", "339": "2023-01-19", "340": "2023-01-20", "341": "2023-01-23", "342": "2023-01-24", "343": "2023-01-25", "344": "2023-01-26", "345": "2023-01-27", "346": "2023-01-30", "347": "2023-01-31", "348": "2023-02-01", "349": "2023-02-02", "350": "2023-02-03", "351": "2023-02-06", "352": "2023-02-07", "353": "2023-02-08", "354": "2023-02-09", "355": "2023-02-10", "356": "2023-02-13", "357": "2023-02-14", "358": "2023-02-15", "359": "2023-02-16", "360": "2023-02-17", "361": "2023-02-21", "362": "2023-02-22", "363": "2023-02-23", "364": "2023-02-24", "365": "2023-02-27", "366": "2023-02-28", "367": "2023-03-01", "368": "2023-03-02", "369": "2023-03-03", "370": "2023-03-06", "371": "2023-03-07", "372": "2023-03-08", "373": "2023-03-09", "374": "2023-03-10", "375": "2023-03-13", "376": "2023-03-14", "377": "2023-03-15", "378": "2023-03-16", "379": "2023-03-17", "380": "2023-03-20", "381": "2023-03-21", "382": "2023-03-22", "383": "2023-03-23", "384": "2023-03-24", "385": "2023-03-27", "386": "2023-03-28", "387": "2023-03-29", "388": "2023-03-30", "389": "2023-03-31", "390": "2023-04-03", "391": "2023-04-04", "392": "2023-04-05", "393": "2023-04-06", "394": "2023-04-10", "395": "2023-04-11", "396": "2023-04-12", "397": "2023-04-13", "398": "2023-04-14", "399": "2023-04-17", "400": "2023-04-18", "401": "2023-04-19", "402": "2023-04-20", "403": "2023-04-21", "404": "2023-04-24", "405": "2023-04-25", "406": "2023-04-26", "407": "2023-04-27", "408": "2023-04-28", "409": "2023-05-01", "410": "2023-05-02", "411": "2023-05-03", "412": "2023-05-04", "413": "2023-05-05", "414": "2023-05-08", "415": "2023-05-09", "416": "2023-05-10", "417": "2023-05-11", "418": "2023-05-12", "419": "2023-05-15", "420": "2023-05-16", "421": "2023-05-17", "422": "2023-05-18", "423": "2023-05-19", "424": "2023-05-22", "425": "2023-05-23", "426": "2023-05-24", "427": "2023-05-25", "428": "2023-05-26", "429": "2023-05-30", "430": "2023-05-31", "431": "2023-06-01", "432": "2023-06-02", "433": "2023-06-05", "434": "2023-06-06", "435": "2023-06-07", "436": "2023-06-08", "437": "2023-06-09", "438": "2023-06-12", "439": "2023-06-13", "440": "2023-06-14", "441": "2023-06-15", "442": "2023-06-16", "443": "2023-06-20", "444": "2023-06-21", "445": "2023-06-22", "446": "2023-06-23", "447": "2023-06-26", "448": "2023-06-27", "449": "2023-06-28", "450": "2023-06-29"}, "open": {"0": 9.75, "1": 9.800000190734863, "2": 9.779999732971191, "3": 9.800000190734863, "4": 9.819999694824219, "5": 9.84000015258789, "6": 9.84000015258789, "7": 9.84000015258789, "8": 9.850000381469727, "9": 9.869999885559082, "10": 9.899999618530273, "11": 9.930000305175781, "12": 9.930000305175781, "13": 9.859999656677246, "14": 9.859999656677246, "15": 9.859999656677246, "16": 9.8100004196167, "17": 9.819999694824219, "18": 9.899999618530273, "19": 9.899999618530273, "20": 9.819999694824219, "21": 9.854999542236328, "22": 9.904999732971191, "23": 9.8100004196167, "24": 9.819999694824219, "25": 9.84000015258789, "26": 9.84000015258789, "27": 9.869000434875488, "28": 9.890000343322754, "29": 9.890000343322754, "30": 9.850000381469727, "31": 9.859999656677246, "32": 9.899999618530273, "33": 9.869999885559082, "34": 9.880000114440918, "35": 9.90999984741211, "36": 9.90999984741211, "37": 9.90999984741211, "38": 9.90999984741211, "39": 9.90999984741211, "40": 9.90999984741211, "41": 9.829999923706055, "42": 9.829999923706055, "43": 9.890000343322754, "44": 9.890000343322754, "45": 9.890000343322754, "46": 9.9399995803833, "47": 9.890000343322754, "48": 9.890000343322754, "49": 9.890000343322754, "50": 9.9350004196167, "51": 9.880000114440918, "52": 9.880000114440918, "53": 9.899999618530273, "54": 9.914999961853027, "55": 9.914999961853027, "56": 10.0, "57": 9.899999618530273, "58": 9.901000022888184, "59": 9.869999885559082, "60": 9.899999618530273, "61": 9.899999618530273, "62": 9.880000114440918, "63": 9.880000114440918, "64": 9.869999885559082, "65": 9.880000114440918, "66": 9.869999885559082, "67": 9.880000114440918, "68": 9.880000114440918, "69": 9.899999618530273, "70": 9.869999885559082, "71": 9.869999885559082, "72": 9.859999656677246, "73": 9.850000381469727, "74": 9.850000381469727, "75": 9.850000381469727, "76": 9.850000381469727, "77": 9.949999809265137, "78": 9.890000343322754, "79": 9.880000114440918, "80": 9.880000114440918, "81": 9.890000343322754, "82": 9.880000114440918, "83": 9.880000114440918, "84": 9.890000343322754, "85": 9.850000381469727, "86": 9.850000381469727, "87": 9.850000381469727, "88": 9.850000381469727, "89": 9.890000343322754, "90": 9.890000343322754, "91": 9.880000114440918, "92": 9.880000114440918, "93": 9.880000114440918, "94": 9.869999885559082, "95": 9.869999885559082, "96": 9.90999984741211, "97": 9.90999984741211, "98": 9.90999984741211, "99": 9.880000114440918, "100": 9.899999618530273, "101": 9.890000343322754, "102": 9.880000114440918, "103": 9.890000343322754, "104": 9.930000305175781, "105": 9.920000076293945, "106": 9.90999984741211, "107": 9.9399995803833, "108": 9.9399995803833, "109": 9.920000076293945, "110": 9.899999618530273, "111": 9.920000076293945, "112": 9.90999984741211, "113": 9.899999618530273, "114": 9.880000114440918, "115": 9.880000114440918, "116": 9.930000305175781, "117": 9.930000305175781, "118": 9.920000076293945, "119": 9.920000076293945, "120": 9.920000076293945, "121": 9.949999809265137, "122": 9.949999809265137, "123": 9.90999984741211, "124": 9.930000305175781, "125": 9.930000305175781, "126": 9.930000305175781, "127": 9.930000305175781, "128": 9.970000267028809, "129": 9.9399995803833, "130": 9.949999809265137, "131": 9.949999809265137, "132": 9.954999923706055, "133": 9.954999923706055, "134": 9.954999923706055, "135": 9.960000038146973, "136": 9.949999809265137, "137": 9.960000038146973, "138": 9.960000038146973, "139": 9.96500015258789, "140": 9.949999809265137, "141": 9.9399995803833, "142": 9.949999809265137, "143": 9.979999542236328, "144": 9.979999542236328, "145": 9.970000267028809, "146": 9.960000038146973, "147": 9.960000038146973, "148": 9.960000038146973, "149": 9.968999862670898, "150": 9.979999542236328, "151": 9.979999542236328, "152": 9.979999542236328, "153": 9.970000267028809, "154": 9.979999542236328, "155": 9.970000267028809, "156": 9.979999542236328, "157": 9.970000267028809, "158": 9.979999542236328, "159": 9.979999542236328, "160": 9.979999542236328, "161": 9.979999542236328, "162": 9.979999542236328, "163": 10.0, "164": 9.979999542236328, "165": 9.989999771118164, "166": 9.984999656677246, "167": 9.970000267028809, "168": 9.949999809265137, "169": 9.949999809265137, "170": 9.960000038146973, "171": 9.979999542236328, "172": 9.960000038146973, "173": 9.960000038146973, "174": 9.960000038146973, "175": 9.96500015258789, "176": 9.960000038146973, "177": 9.970000267028809, "178": 9.954999923706055, "179": 9.975000381469727, "180": 9.979999542236328, "181": 9.979999542236328, "182": 9.979999542236328, "183": 10.0, "184": 9.970000267028809, "185": 9.949999809265137, "186": 9.9399995803833, "187": 9.9399995803833, "188": 9.949999809265137, "189": 9.970000267028809, "190": 9.989999771118164, "191": 9.930000305175781, "192": 9.930000305175781, "193": 9.979999542236328, "194": 9.970000267028809, "195": 9.960000038146973, "196": 9.9399995803833, "197": 9.949999809265137, "198": 9.960000038146973, "199": 9.979999542236328, "200": 9.989999771118164, "201": 9.979999542236328, "202": 9.970000267028809, "203": 9.984999656677246, "204": 9.979999542236328, "205": 9.989999771118164, "206": 10.0, "207": 9.989999771118164, "208": 9.989999771118164, "209": 9.989999771118164, "210": 10.100000381469727, "211": 10.0, "212": 10.010000228881836, "213": 10.0, "214": 10.010000228881836, "215": 10.020000457763672, "216": 10.020000457763672, "217": 10.020000457763672, "218": 10.039999961853027, "219": 10.039999961853027, "220": 10.039999961853027, "221": 10.039999961853027, "222": 10.029999732971191, "223": 10.029999732971191, "224": 10.029999732971191, "225": 10.020000457763672, "226": 10.020000457763672, "227": 10.029999732971191, "228": 10.020000457763672, "229": 10.020000457763672, "230": 10.020000457763672, "231": 10.039999961853027, "232": 10.029999732971191, "233": 10.029999732971191, "234": 10.029999732971191, "235": 10.050000190734863, "236": 10.050000190734863, "237": 10.050000190734863, "238": 10.050000190734863, "239": 10.039999961853027, "240": 10.039999961853027, "241": 10.020000457763672, "242": 10.050000190734863, "243": 10.050000190734863, "244": 10.050000190734863, "245": 10.069999694824219, "246": 10.069999694824219, "247": 10.069999694824219, "248": 10.069999694824219, "249": 10.069999694824219, "250": 10.0600004196167, "251": 10.0600004196167, "252": 10.060999870300293, "253": 10.050000190734863, "254": 10.050000190734863, "255": 10.079999923706055, "256": 10.09000015258789, "257": 10.079999923706055, "258": 10.079999923706055, "259": 10.079999923706055, "260": 10.079999923706055, "261": 10.079999923706055, "262": 10.09000015258789, "263": 10.100000381469727, "264": 10.100000381469727, "265": 10.600000381469727, "266": 10.100000381469727, "267": 10.100000381469727, "268": 10.100000381469727, "269": 10.109999656677246, "270": 10.114999771118164, "271": 10.11400032043457, "272": 10.109999656677246, "273": 10.100000381469727, "274": 10.100000381469727, "275": 10.100000381469727, "276": 10.100000381469727, "277": 10.100000381469727, "278": 10.109999656677246, "279": 10.109999656677246, "280": 10.119999885559082, "281": 10.130000114440918, "282": 10.130000114440918, "283": 10.135000228881836, "284": 10.145000457763672, "285": 10.149999618530273, "286": 10.149999618530273, "287": 10.15999984741211, "288": 10.15999984741211, "289": 10.170000076293945, "290": 10.1899995803833, "291": 10.175000190734863, "292": 10.170000076293945, "293": 10.175000190734863, "294": 10.149999618530273, "295": 10.180000305175781, "296": 10.1899995803833, "297": 10.09000015258789, "298": 10.15999984741211, "299": 10.15999984741211, "300": 10.15999984741211, "301": 10.170000076293945, "302": 10.1899995803833, "303": 10.170000076293945, "304": 10.170000076293945, "305": 10.180000305175781, "306": 10.1899995803833, "307": 10.1899995803833, "308": 10.1899995803833, "309": 10.1899995803833, "310": 10.1899995803833, "311": 10.1899995803833, "312": 10.1899995803833, "313": 10.1899995803833, "314": 10.1899995803833, "315": 10.180000305175781, "316": 10.180000305175781, "317": 10.1899995803833, "318": 10.199999809265137, "319": 10.204999923706055, "320": 10.199999809265137, "321": 10.25, "322": 10.260000228881836, "323": 10.260000228881836, "324": 10.239999771118164, "325": 10.260000228881836, "326": 10.270000457763672, "327": 10.279999732971191, "328": 10.300000190734863, "329": 10.270000457763672, "330": 10.300000190734863, "331": 10.289999961853027, "332": 10.300000190734863, "333": 10.270000457763672, "334": 10.270000457763672, "335": 10.289999961853027, "336": 10.305000305175781, "337": 10.279999732971191, "338": 10.289999961853027, "339": 10.289999961853027, "340": 10.350000381469727, "341": 10.359999656677246, "342": 10.369999885559082, "343": 10.37399959564209, "344": 10.390000343322754, "345": 10.4399995803833, "346": 10.4399995803833, "347": 10.449999809265137, "348": 10.449999809265137, "349": 10.470000267028809, "350": 10.470000267028809, "351": 10.470000267028809, "352": 10.479999542236328, "353": 10.484999656677246, "354": 10.484999656677246, "355": 10.489999771118164, "356": 10.489999771118164, "357": 10.489999771118164, "358": 10.489999771118164, "359": 10.489999771118164, "360": 10.5, "361": 10.489999771118164, "362": 10.489999771118164, "363": 10.489999771118164, "364": 10.494999885559082, "365": 10.494999885559082, "366": 10.489999771118164, "367": 10.489999771118164, "368": 10.489999771118164, "369": 10.489999771118164, "370": 10.489999771118164, "371": 10.489999771118164, "372": 10.489999771118164, "373": 10.489999771118164, "374": 10.489999771118164, "375": 10.489999771118164, "376": 10.390000343322754, "377": 10.390000343322754, "378": 10.40999984741211, "379": 10.449999809265137, "380": 10.479999542236328, "381": 10.479999542236328, "382": 10.479999542236328, "383": 10.479999542236328, "384": 10.479999542236328, "385": 10.479999542236328, "386": 10.5, "387": 10.420000076293945, "388": 10.5, "389": 10.520000457763672, "390": 10.550000190734863, "391": 10.555000305175781, "392": 10.555000305175781, "393": 10.555000305175781, "394": 10.555000305175781, "395": 10.555000305175781, "396": 10.555000305175781, "397": 10.5600004196167, "398": 10.5600004196167, "399": 10.569999694824219, "400": 10.579999923706055, "401": 10.569999694824219, "402": 10.569999694824219, "403": 10.569999694824219, "404": 10.600000381469727, "405": 10.59000015258789, "406": 10.529999732971191, "407": 10.600000381469727, "408": 10.59000015258789, "409": 10.619999885559082, "410": 10.630000114440918, "411": 10.640000343322754, "412": 10.630000114440918, "413": 10.630000114440918, "414": 10.630000114440918, "415": 10.630000114440918, "416": 10.630000114440918, "417": 10.699999809265137, "418": 10.699999809265137, "419": 10.699999809265137, "420": 10.729999542236328, "421": 10.729999542236328, "422": 10.729999542236328, "423": 10.729999542236328, "424": 10.729999542236328, "425": 10.729999542236328, "426": 10.729999542236328, "427": 10.729999542236328, "428": 10.989999771118164, "429": 10.800000190734863, "430": 10.75, "431": 10.779999732971191, "432": 10.770000457763672, "433": 10.779999732971191, "434": 10.779999732971191, "435": 10.779999732971191, "436": 10.779999732971191, "437": 10.779999732971191, "438": 10.770000457763672, "439": 10.789999961853027, "440": 10.789999961853027, "441": 10.779999732971191, "442": 10.760000228881836, "443": 10.789999961853027, "444": 10.789999961853027, "445": 10.800000190734863, "446": 10.800000190734863, "447": 10.800000190734863, "448": 10.805000305175781, "449": 10.84000015258789, "450": 10.84000015258789}, "high": {"0": 9.779999732971191, "1": 9.8100004196167, "2": 9.8100004196167, "3": 9.829999923706055, "4": 9.899999618530273, "5": 9.84000015258789, "6": 9.850000381469727, "7": 9.850000381469727, "8": 9.880000114440918, "9": 9.880000114440918, "10": 9.9399995803833, "11": 9.930000305175781, "12": 9.930000305175781, "13": 9.859999656677246, "14": 9.930000305175781, "15": 9.899999618530273, "16": 9.899999618530273, "17": 9.899999618530273, "18": 9.899999618530273, "19": 9.899999618530273, "20": 9.819999694824219, "21": 9.854999542236328, "22": 9.904999732971191, "23": 9.8100004196167, "24": 9.890000343322754, "25": 9.899999618530273, "26": 9.899999618530273, "27": 9.890000343322754, "28": 9.890000343322754, "29": 9.890000343322754, "30": 9.899999618530273, "31": 9.899999618530273, "32": 9.899999618530273, "33": 9.899999618530273, "34": 9.90999984741211, "35": 9.90999984741211, "36": 9.90999984741211, "37": 9.90999984741211, "38": 9.90999984741211, "39": 9.90999984741211, "40": 9.90999984741211, "41": 9.829999923706055, "42": 9.829999923706055, "43": 9.890000343322754, "44": 9.890000343322754, "45": 9.890000343322754, "46": 9.9399995803833, "47": 9.890000343322754, "48": 9.890000343322754, "49": 9.890000343322754, "50": 9.9350004196167, "51": 9.880000114440918, "52": 9.880000114440918, "53": 9.899999618530273, "54": 9.914999961853027, "55": 9.914999961853027, "56": 10.0, "57": 9.899999618530273, "58": 9.90999984741211, "59": 9.890000343322754, "60": 9.90999984741211, "61": 9.899999618530273, "62": 9.899999618530273, "63": 9.880000114440918, "64": 9.880000114440918, "65": 9.880000114440918, "66": 9.880000114440918, "67": 9.880000114440918, "68": 9.880000114440918, "69": 9.899999618530273, "70": 9.890000343322754, "71": 9.869999885559082, "72": 9.859999656677246, "73": 9.850000381469727, "74": 9.850000381469727, "75": 9.850000381469727, "76": 9.850000381469727, "77": 9.949999809265137, "78": 9.899999618530273, "79": 9.880000114440918, "80": 9.890000343322754, "81": 9.890000343322754, "82": 9.880000114440918, "83": 9.880000114440918, "84": 9.899999618530273, "85": 9.859999656677246, "86": 9.850000381469727, "87": 9.850000381469727, "88": 9.850000381469727, "89": 9.890000343322754, "90": 9.890000343322754, "91": 9.880000114440918, "92": 9.930000305175781, "93": 9.880000114440918, "94": 9.869999885559082, "95": 9.90999984741211, "96": 9.90999984741211, "97": 9.9399995803833, "98": 9.90999984741211, "99": 9.899999618530273, "100": 9.920000076293945, "101": 9.890000343322754, "102": 9.880000114440918, "103": 9.899999618530273, "104": 9.930000305175781, "105": 9.920000076293945, "106": 9.914999961853027, "107": 9.9399995803833, "108": 9.9399995803833, "109": 9.920000076293945, "110": 9.899999618530273, "111": 9.920000076293945, "112": 10.0, "113": 9.949999809265137, "114": 9.880000114440918, "115": 9.880000114440918, "116": 9.930000305175781, "117": 9.930000305175781, "118": 9.930000305175781, "119": 9.920000076293945, "120": 9.920000076293945, "121": 9.949999809265137, "122": 9.949999809265137, "123": 9.930000305175781, "124": 9.930000305175781, "125": 9.930000305175781, "126": 9.930000305175781, "127": 9.930000305175781, "128": 9.970000267028809, "129": 9.970000267028809, "130": 9.949999809265137, "131": 9.954999923706055, "132": 9.954999923706055, "133": 9.954999923706055, "134": 9.960000038146973, "135": 9.960000038146973, "136": 9.949999809265137, "137": 9.960000038146973, "138": 9.975000381469727, "139": 9.970000267028809, "140": 9.949999809265137, "141": 9.9399995803833, "142": 9.979999542236328, "143": 9.979999542236328, "144": 9.979999542236328, "145": 9.970000267028809, "146": 9.960000038146973, "147": 9.960000038146973, "148": 9.960000038146973, "149": 9.970000267028809, "150": 9.979999542236328, "151": 9.979999542236328, "152": 9.979999542236328, "153": 9.970000267028809, "154": 9.979999542236328, "155": 9.970000267028809, "156": 9.979999542236328, "157": 9.979999542236328, "158": 9.979999542236328, "159": 9.979999542236328, "160": 9.979999542236328, "161": 9.979999542236328, "162": 9.984999656677246, "163": 10.0, "164": 9.979999542236328, "165": 9.989999771118164, "166": 9.984999656677246, "167": 9.970000267028809, "168": 9.960000038146973, "169": 9.960000038146973, "170": 9.960000038146973, "171": 9.979999542236328, "172": 9.960000038146973, "173": 9.960000038146973, "174": 9.960000038146973, "175": 9.970000267028809, "176": 9.960000038146973, "177": 9.970000267028809, "178": 9.954999923706055, "179": 9.984999656677246, "180": 9.979999542236328, "181": 9.979999542236328, "182": 9.979999542236328, "183": 10.0, "184": 9.970000267028809, "185": 9.96500015258789, "186": 9.9399995803833, "187": 9.9399995803833, "188": 9.979999542236328, "189": 9.970000267028809, "190": 9.989999771118164, "191": 9.989999771118164, "192": 10.199999809265137, "193": 9.979999542236328, "194": 9.970000267028809, "195": 9.970000267028809, "196": 9.970000267028809, "197": 9.960000038146973, "198": 9.960000038146973, "199": 10.010000228881836, "200": 9.989999771118164, "201": 9.979999542236328, "202": 9.979999542236328, "203": 9.989999771118164, "204": 9.979999542236328, "205": 9.989999771118164, "206": 10.0, "207": 9.989999771118164, "208": 9.989999771118164, "209": 9.989999771118164, "210": 10.100000381469727, "211": 10.010000228881836, "212": 10.010000228881836, "213": 10.010000228881836, "214": 10.010000228881836, "215": 10.020000457763672, "216": 10.050000190734863, "217": 10.020000457763672, "218": 10.039999961853027, "219": 10.039999961853027, "220": 10.039999961853027, "221": 10.039999961853027, "222": 10.029999732971191, "223": 10.029999732971191, "224": 10.029999732971191, "225": 10.020000457763672, "226": 10.039999961853027, "227": 10.029999732971191, "228": 10.020000457763672, "229": 10.020000457763672, "230": 10.020000457763672, "231": 10.039999961853027, "232": 10.029999732971191, "233": 10.029999732971191, "234": 10.029999732971191, "235": 10.050000190734863, "236": 10.050000190734863, "237": 10.050000190734863, "238": 10.050000190734863, "239": 10.039999961853027, "240": 10.039999961853027, "241": 10.050000190734863, "242": 10.050000190734863, "243": 10.050000190734863, "244": 10.0600004196167, "245": 10.069999694824219, "246": 10.069999694824219, "247": 10.069999694824219, "248": 10.079999923706055, "249": 10.069999694824219, "250": 10.0600004196167, "251": 10.069999694824219, "252": 10.060999870300293, "253": 10.050000190734863, "254": 10.050000190734863, "255": 10.09000015258789, "256": 10.092000007629395, "257": 10.079999923706055, "258": 10.079999923706055, "259": 10.09000015258789, "260": 10.079999923706055, "261": 10.09000015258789, "262": 10.100000381469727, "263": 10.100000381469727, "264": 10.119999885559082, "265": 10.600000381469727, "266": 10.100000381469727, "267": 10.100000381469727, "268": 10.114999771118164, "269": 10.119999885559082, "270": 10.114999771118164, "271": 10.114999771118164, "272": 10.109999656677246, "273": 10.100000381469727, "274": 10.100000381469727, "275": 10.100000381469727, "276": 10.100000381469727, "277": 10.100000381469727, "278": 10.109999656677246, "279": 10.119999885559082, "280": 10.119999885559082, "281": 10.130000114440918, "282": 10.130000114440918, "283": 10.140000343322754, "284": 10.149999618530273, "285": 10.152999877929688, "286": 10.15999984741211, "287": 10.15999984741211, "288": 10.170000076293945, "289": 10.170000076293945, "290": 10.1899995803833, "291": 10.175000190734863, "292": 10.170000076293945, "293": 10.175000190734863, "294": 10.149999618530273, "295": 10.199999809265137, "296": 10.199999809265137, "297": 10.09000015258789, "298": 10.15999984741211, "299": 10.15999984741211, "300": 10.170000076293945, "301": 10.170000076293945, "302": 10.1899995803833, "303": 10.170000076293945, "304": 10.170000076293945, "305": 10.1899995803833, "306": 10.1899995803833, "307": 10.1899995803833, "308": 10.1899995803833, "309": 10.1899995803833, "310": 10.1899995803833, "311": 10.1899995803833, "312": 10.1899995803833, "313": 10.1899995803833, "314": 10.1899995803833, "315": 10.1899995803833, "316": 10.180000305175781, "317": 10.1899995803833, "318": 10.220000267028809, "319": 10.210000038146973, "320": 10.199999809265137, "321": 10.25, "322": 10.260000228881836, "323": 10.265000343322754, "324": 10.239999771118164, "325": 10.270000457763672, "326": 10.279999732971191, "327": 10.289999961853027, "328": 10.300000190734863, "329": 10.300000190734863, "330": 10.300000190734863, "331": 10.289999961853027, "332": 10.300000190734863, "333": 10.270000457763672, "334": 10.270000457763672, "335": 10.305000305175781, "336": 10.3100004196167, "337": 10.3100004196167, "338": 10.373000144958496, "339": 10.444999694824219, "340": 10.520000457763672, "341": 10.369999885559082, "342": 10.399999618530273, "343": 10.378999710083008, "344": 10.4399995803833, "345": 10.4399995803833, "346": 10.449999809265137, "347": 10.46500015258789, "348": 10.479999542236328, "349": 10.470000267028809, "350": 10.479999542236328, "351": 10.479999542236328, "352": 10.5, "353": 10.484999656677246, "354": 10.484999656677246, "355": 10.489999771118164, "356": 10.489999771118164, "357": 10.489999771118164, "358": 10.489999771118164, "359": 10.489999771118164, "360": 10.5, "361": 10.494999885559082, "362": 10.489999771118164, "363": 10.494999885559082, "364": 10.494999885559082, "365": 10.494999885559082, "366": 10.489999771118164, "367": 10.494999885559082, "368": 10.489999771118164, "369": 10.489999771118164, "370": 10.489999771118164, "371": 10.489999771118164, "372": 10.489999771118164, "373": 10.489999771118164, "374": 10.489999771118164, "375": 10.494999885559082, "376": 10.390000343322754, "377": 10.390000343322754, "378": 10.449999809265137, "379": 10.449999809265137, "380": 10.479999542236328, "381": 10.479999542236328, "382": 10.479999542236328, "383": 10.479999542236328, "384": 10.479999542236328, "385": 10.479999542236328, "386": 10.5, "387": 10.437999725341797, "388": 10.539999961853027, "389": 10.520000457763672, "390": 10.555000305175781, "391": 10.555000305175781, "392": 10.555000305175781, "393": 10.555000305175781, "394": 10.555000305175781, "395": 10.555000305175781, "396": 10.555000305175781, "397": 10.618000030517578, "398": 10.569999694824219, "399": 10.579999923706055, "400": 10.579999923706055, "401": 10.569999694824219, "402": 10.569999694824219, "403": 10.569999694824219, "404": 10.600000381469727, "405": 10.59000015258789, "406": 10.529999732971191, "407": 10.600000381469727, "408": 10.59000015258789, "409": 10.630000114440918, "410": 10.630000114440918, "411": 10.680000305175781, "412": 10.630000114440918, "413": 10.630000114440918, "414": 10.630000114440918, "415": 10.630000114440918, "416": 10.630000114440918, "417": 10.699999809265137, "418": 10.699999809265137, "419": 10.699999809265137, "420": 10.729999542236328, "421": 10.75, "422": 10.729999542236328, "423": 10.729999542236328, "424": 10.729999542236328, "425": 10.729999542236328, "426": 10.729999542236328, "427": 10.729999542236328, "428": 10.989999771118164, "429": 10.800000190734863, "430": 10.75, "431": 10.779999732971191, "432": 10.770000457763672, "433": 10.779999732971191, "434": 10.779999732971191, "435": 10.789999961853027, "436": 10.779999732971191, "437": 10.779999732971191, "438": 10.779999732971191, "439": 10.789999961853027, "440": 10.789999961853027, "441": 10.779999732971191, "442": 10.789999961853027, "443": 10.789999961853027, "444": 10.789999961853027, "445": 10.800000190734863, "446": 10.800000190734863, "447": 10.800000190734863, "448": 10.8100004196167, "449": 10.84000015258789, "450": 10.869999885559082}, "low": {"0": 9.699999809265137, "1": 9.760000228881836, "2": 9.779999732971191, "3": 9.800000190734863, "4": 9.819999694824219, "5": 9.84000015258789, "6": 9.8100004196167, "7": 9.829999923706055, "8": 9.850000381469727, "9": 9.869999885559082, "10": 9.890000343322754, "11": 9.930000305175781, "12": 9.930000305175781, "13": 9.859999656677246, "14": 9.859999656677246, "15": 9.859999656677246, "16": 9.8100004196167, "17": 9.819999694824219, "18": 9.899999618530273, "19": 9.899999618530273, "20": 9.819999694824219, "21": 9.854999542236328, "22": 9.854999542236328, "23": 9.8100004196167, "24": 9.819999694824219, "25": 9.84000015258789, "26": 9.84000015258789, "27": 9.845000267028809, "28": 9.890000343322754, "29": 9.890000343322754, "30": 9.819999694824219, "31": 9.850000381469727, "32": 9.899999618530273, "33": 9.869999885559082, "34": 9.880000114440918, "35": 9.90999984741211, "36": 9.90999984741211, "37": 9.90999984741211, "38": 9.90999984741211, "39": 9.90999984741211, "40": 9.90999984741211, "41": 9.829999923706055, "42": 9.829999923706055, "43": 9.890000343322754, "44": 9.890000343322754, "45": 9.890000343322754, "46": 9.890000343322754, "47": 9.890000343322754, "48": 9.890000343322754, "49": 9.890000343322754, "50": 9.880000114440918, "51": 9.880000114440918, "52": 9.880000114440918, "53": 9.899999618530273, "54": 9.914999961853027, "55": 9.914999961853027, "56": 9.890000343322754, "57": 9.899999618530273, "58": 9.890000343322754, "59": 9.859999656677246, "60": 9.899999618530273, "61": 9.890000343322754, "62": 9.779999732971191, "63": 9.880000114440918, "64": 9.869999885559082, "65": 9.880000114440918, "66": 9.869999885559082, "67": 9.859999656677246, "68": 9.880000114440918, "69": 9.880000114440918, "70": 9.869999885559082, "71": 9.869999885559082, "72": 9.859999656677246, "73": 9.850000381469727, "74": 9.850000381469727, "75": 9.850000381469727, "76": 9.850000381469727, "77": 9.890000343322754, "78": 9.890000343322754, "79": 9.880000114440918, "80": 9.880000114440918, "81": 9.890000343322754, "82": 9.880000114440918, "83": 9.880000114440918, "84": 9.890000343322754, "85": 9.850000381469727, "86": 9.850000381469727, "87": 9.850000381469727, "88": 9.850000381469727, "89": 9.890000343322754, "90": 9.890000343322754, "91": 9.880000114440918, "92": 9.880000114440918, "93": 9.880000114440918, "94": 9.869999885559082, "95": 9.869999885559082, "96": 9.90999984741211, "97": 9.90999984741211, "98": 9.90999984741211, "99": 9.880000114440918, "100": 9.899999618530273, "101": 9.880000114440918, "102": 9.880000114440918, "103": 9.890000343322754, "104": 9.920000076293945, "105": 9.920000076293945, "106": 9.90999984741211, "107": 9.9399995803833, "108": 9.9399995803833, "109": 9.899999618530273, "110": 9.899999618530273, "111": 9.899999618530273, "112": 9.899999618530273, "113": 9.885000228881836, "114": 9.880000114440918, "115": 9.880000114440918, "116": 9.930000305175781, "117": 9.930000305175781, "118": 9.920000076293945, "119": 9.920000076293945, "120": 9.914999961853027, "121": 9.949999809265137, "122": 9.949999809265137, "123": 9.90999984741211, "124": 9.930000305175781, "125": 9.930000305175781, "126": 9.930000305175781, "127": 9.930000305175781, "128": 9.920000076293945, "129": 9.9399995803833, "130": 9.944999694824219, "131": 9.9399995803833, "132": 9.954999923706055, "133": 9.954999923706055, "134": 9.954999923706055, "135": 9.960000038146973, "136": 9.949999809265137, "137": 9.960000038146973, "138": 9.9399995803833, "139": 9.949999809265137, "140": 9.930000305175781, "141": 9.9399995803833, "142": 9.949999809265137, "143": 9.979999542236328, "144": 9.979999542236328, "145": 9.949999809265137, "146": 9.960000038146973, "147": 9.960000038146973, "148": 9.960000038146973, "149": 9.960000038146973, "150": 9.979000091552734, "151": 9.960000038146973, "152": 9.979999542236328, "153": 9.970000267028809, "154": 9.970000267028809, "155": 9.970000267028809, "156": 9.979999542236328, "157": 9.970000267028809, "158": 9.979999542236328, "159": 9.979999542236328, "160": 9.979999542236328, "161": 9.979999542236328, "162": 9.970000267028809, "163": 9.979999542236328, "164": 9.979999542236328, "165": 9.970000267028809, "166": 9.970000267028809, "167": 9.970000267028809, "168": 9.949999809265137, "169": 9.949999809265137, "170": 9.960000038146973, "171": 9.979999542236328, "172": 9.960000038146973, "173": 9.960000038146973, "174": 9.960000038146973, "175": 9.960000038146973, "176": 9.960000038146973, "177": 9.970000267028809, "178": 9.954999923706055, "179": 9.975000381469727, "180": 9.979999542236328, "181": 9.970000267028809, "182": 9.979999542236328, "183": 9.970000267028809, "184": 9.970000267028809, "185": 9.934000015258789, "186": 9.9399995803833, "187": 9.9399995803833, "188": 9.9399995803833, "189": 9.960000038146973, "190": 9.989999771118164, "191": 9.930000305175781, "192": 9.890000343322754, "193": 9.979999542236328, "194": 9.949999809265137, "195": 9.960000038146973, "196": 9.9399995803833, "197": 9.949999809265137, "198": 9.960000038146973, "199": 9.970000267028809, "200": 9.989999771118164, "201": 9.960000038146973, "202": 9.970000267028809, "203": 9.970000267028809, "204": 9.979999542236328, "205": 9.979999542236328, "206": 9.979999542236328, "207": 9.960000038146973, "208": 9.970000267028809, "209": 9.989999771118164, "210": 9.979999542236328, "211": 9.979999542236328, "212": 10.010000228881836, "213": 10.0, "214": 10.010000228881836, "215": 9.989999771118164, "216": 10.010000228881836, "217": 10.020000457763672, "218": 10.039999961853027, "219": 10.039999961853027, "220": 10.039999961853027, "221": 10.039999961853027, "222": 10.029999732971191, "223": 10.029999732971191, "224": 10.029999732971191, "225": 10.020000457763672, "226": 10.020000457763672, "227": 10.029999732971191, "228": 10.020000457763672, "229": 10.020000457763672, "230": 10.020000457763672, "231": 10.039999961853027, "232": 10.029999732971191, "233": 10.029999732971191, "234": 10.029999732971191, "235": 10.039999961853027, "236": 10.050000190734863, "237": 10.050000190734863, "238": 10.050000190734863, "239": 10.039999961853027, "240": 10.039999961853027, "241": 10.020000457763672, "242": 10.050000190734863, "243": 10.050000190734863, "244": 10.050000190734863, "245": 10.0600004196167, "246": 10.069999694824219, "247": 10.069999694824219, "248": 10.069999694824219, "249": 10.0600004196167, "250": 10.0600004196167, "251": 10.0600004196167, "252": 10.029999732971191, "253": 10.050000190734863, "254": 10.050000190734863, "255": 10.079999923706055, "256": 10.079999923706055, "257": 10.079999923706055, "258": 10.079999923706055, "259": 10.079999923706055, "260": 10.079999923706055, "261": 10.079999923706055, "262": 10.09000015258789, "263": 10.079999923706055, "264": 10.100000381469727, "265": 10.100000381469727, "266": 10.100000381469727, "267": 10.100000381469727, "268": 10.100000381469727, "269": 10.109999656677246, "270": 10.114999771118164, "271": 10.109999656677246, "272": 10.100000381469727, "273": 10.100000381469727, "274": 10.100000381469727, "275": 10.100000381469727, "276": 10.09000015258789, "277": 10.100000381469727, "278": 10.100000381469727, "279": 10.109999656677246, "280": 10.119999885559082, "281": 10.119999885559082, "282": 10.119999885559082, "283": 10.135000228881836, "284": 10.140000343322754, "285": 10.149999618530273, "286": 10.149999618530273, "287": 10.15999984741211, "288": 10.15999984741211, "289": 10.15999984741211, "290": 10.149999618530273, "291": 10.15999984741211, "292": 10.15999984741211, "293": 10.149999618530273, "294": 10.149999618530273, "295": 10.15999984741211, "296": 10.175000190734863, "297": 10.09000015258789, "298": 10.15999984741211, "299": 10.15999984741211, "300": 10.15999984741211, "301": 10.170000076293945, "302": 10.175000190734863, "303": 10.170000076293945, "304": 10.170000076293945, "305": 10.170000076293945, "306": 10.1899995803833, "307": 10.180000305175781, "308": 10.1850004196167, "309": 10.1899995803833, "310": 10.1899995803833, "311": 10.1899995803833, "312": 10.1899995803833, "313": 10.1899995803833, "314": 10.1899995803833, "315": 10.180000305175781, "316": 10.180000305175781, "317": 10.1899995803833, "318": 10.1899995803833, "319": 10.204999923706055, "320": 10.199999809265137, "321": 10.220000267028809, "322": 10.220000267028809, "323": 10.239999771118164, "324": 10.239999771118164, "325": 10.260000228881836, "326": 10.239999771118164, "327": 10.270000457763672, "328": 10.279999732971191, "329": 10.270000457763672, "330": 10.289999961853027, "331": 10.270000457763672, "332": 10.270000457763672, "333": 10.270000457763672, "334": 10.270000457763672, "335": 10.279999732971191, "336": 10.289999961853027, "337": 10.279999732971191, "338": 10.279999732971191, "339": 10.289999961853027, "340": 10.289999961853027, "341": 10.359999656677246, "342": 10.338000297546387, "343": 10.369999885559082, "344": 10.390000343322754, "345": 10.4399995803833, "346": 10.4399995803833, "347": 10.4399995803833, "348": 10.449999809265137, "349": 10.470000267028809, "350": 10.470000267028809, "351": 10.470000267028809, "352": 10.479999542236328, "353": 10.484999656677246, "354": 10.484999656677246, "355": 10.489999771118164, "356": 10.489999771118164, "357": 10.4399995803833, "358": 10.4399995803833, "359": 10.489999771118164, "360": 10.489999771118164, "361": 10.489999771118164, "362": 10.489999771118164, "363": 10.489999771118164, "364": 10.494999885559082, "365": 10.489999771118164, "366": 10.489999771118164, "367": 10.489999771118164, "368": 10.489999771118164, "369": 10.489999771118164, "370": 10.489999771118164, "371": 10.489999771118164, "372": 10.489999771118164, "373": 10.489999771118164, "374": 10.489999771118164, "375": 10.390000343322754, "376": 10.390000343322754, "377": 10.390000343322754, "378": 10.399999618530273, "379": 10.449999809265137, "380": 10.479999542236328, "381": 10.479999542236328, "382": 10.479999542236328, "383": 10.479999542236328, "384": 10.479999542236328, "385": 10.479999542236328, "386": 10.420000076293945, "387": 10.40999984741211, "388": 10.489999771118164, "389": 10.520000457763672, "390": 10.539999961853027, "391": 10.555000305175781, "392": 10.555000305175781, "393": 10.555000305175781, "394": 10.555000305175781, "395": 10.555000305175781, "396": 10.555000305175781, "397": 10.5600004196167, "398": 10.5600004196167, "399": 10.569999694824219, "400": 10.569999694824219, "401": 10.569999694824219, "402": 10.569999694824219, "403": 10.569999694824219, "404": 10.59000015258789, "405": 10.59000015258789, "406": 10.529999732971191, "407": 10.59000015258789, "408": 10.59000015258789, "409": 10.619999885559082, "410": 10.630000114440918, "411": 10.640000343322754, "412": 10.630000114440918, "413": 10.630000114440918, "414": 10.630000114440918, "415": 10.630000114440918, "416": 10.630000114440918, "417": 10.699999809265137, "418": 10.699999809265137, "419": 10.699999809265137, "420": 10.729999542236328, "421": 10.729999542236328, "422": 10.729999542236328, "423": 10.729999542236328, "424": 10.729999542236328, "425": 10.729999542236328, "426": 10.729999542236328, "427": 10.729999542236328, "428": 10.760000228881836, "429": 10.75, "430": 10.75, "431": 10.779999732971191, "432": 10.75, "433": 10.779999732971191, "434": 10.779999732971191, "435": 10.765999794006348, "436": 10.779999732971191, "437": 10.779999732971191, "438": 10.770000457763672, "439": 10.789999961853027, "440": 10.789999961853027, "441": 10.779999732971191, "442": 10.760000228881836, "443": 10.789999961853027, "444": 10.789999961853027, "445": 10.789999961853027, "446": 10.800000190734863, "447": 10.800000190734863, "448": 10.805000305175781, "449": 10.84000015258789, "450": 10.84000015258789}, "close": {"0": 9.760000228881836, "1": 9.770000457763672, "2": 9.800000190734863, "3": 9.8100004196167, "4": 9.880000114440918, "5": 9.84000015258789, "6": 9.829999923706055, "7": 9.850000381469727, "8": 9.869999885559082, "9": 9.880000114440918, "10": 9.930000305175781, "11": 9.930000305175781, "12": 9.930000305175781, "13": 9.859999656677246, "14": 9.930000305175781, "15": 9.899999618530273, "16": 9.899999618530273, "17": 9.899999618530273, "18": 9.899999618530273, "19": 9.899999618530273, "20": 9.819999694824219, "21": 9.854999542236328, "22": 9.854999542236328, "23": 9.8100004196167, "24": 9.869999885559082, "25": 9.890000343322754, "26": 9.899999618530273, "27": 9.890000343322754, "28": 9.890000343322754, "29": 9.890000343322754, "30": 9.899999618530273, "31": 9.899999618530273, "32": 9.899999618530273, "33": 9.899999618530273, "34": 9.90999984741211, "35": 9.90999984741211, "36": 9.90999984741211, "37": 9.90999984741211, "38": 9.90999984741211, "39": 9.90999984741211, "40": 9.90999984741211, "41": 9.829999923706055, "42": 9.829999923706055, "43": 9.890000343322754, "44": 9.890000343322754, "45": 9.890000343322754, "46": 9.890000343322754, "47": 9.890000343322754, "48": 9.890000343322754, "49": 9.890000343322754, "50": 9.880000114440918, "51": 9.880000114440918, "52": 9.880000114440918, "53": 9.899999618530273, "54": 9.914999961853027, "55": 9.914999961853027, "56": 9.899999618530273, "57": 9.899999618530273, "58": 9.899999618530273, "59": 9.869999885559082, "60": 9.90999984741211, "61": 9.890000343322754, "62": 9.880000114440918, "63": 9.880000114440918, "64": 9.880000114440918, "65": 9.880000114440918, "66": 9.880000114440918, "67": 9.869999885559082, "68": 9.880000114440918, "69": 9.880000114440918, "70": 9.869999885559082, "71": 9.869999885559082, "72": 9.859999656677246, "73": 9.850000381469727, "74": 9.850000381469727, "75": 9.850000381469727, "76": 9.850000381469727, "77": 9.899999618530273, "78": 9.890000343322754, "79": 9.880000114440918, "80": 9.890000343322754, "81": 9.890000343322754, "82": 9.880000114440918, "83": 9.880000114440918, "84": 9.890000343322754, "85": 9.850000381469727, "86": 9.850000381469727, "87": 9.850000381469727, "88": 9.850000381469727, "89": 9.890000343322754, "90": 9.890000343322754, "91": 9.880000114440918, "92": 9.930000305175781, "93": 9.880000114440918, "94": 9.869999885559082, "95": 9.90999984741211, "96": 9.90999984741211, "97": 9.90999984741211, "98": 9.90999984741211, "99": 9.899999618530273, "100": 9.920000076293945, "101": 9.880000114440918, "102": 9.880000114440918, "103": 9.899999618530273, "104": 9.920000076293945, "105": 9.920000076293945, "106": 9.914999961853027, "107": 9.9399995803833, "108": 9.9399995803833, "109": 9.899999618530273, "110": 9.899999618530273, "111": 9.899999618530273, "112": 9.920000076293945, "113": 9.899999618530273, "114": 9.880000114440918, "115": 9.880000114440918, "116": 9.930000305175781, "117": 9.930000305175781, "118": 9.920000076293945, "119": 9.920000076293945, "120": 9.914999961853027, "121": 9.949999809265137, "122": 9.949999809265137, "123": 9.930000305175781, "124": 9.930000305175781, "125": 9.930000305175781, "126": 9.930000305175781, "127": 9.930000305175781, "128": 9.9399995803833, "129": 9.970000267028809, "130": 9.944999694824219, "131": 9.954999923706055, "132": 9.954999923706055, "133": 9.954999923706055, "134": 9.960000038146973, "135": 9.960000038146973, "136": 9.949999809265137, "137": 9.960000038146973, "138": 9.949999809265137, "139": 9.970000267028809, "140": 9.9399995803833, "141": 9.9399995803833, "142": 9.979999542236328, "143": 9.979999542236328, "144": 9.979999542236328, "145": 9.970000267028809, "146": 9.960000038146973, "147": 9.960000038146973, "148": 9.960000038146973, "149": 9.960000038146973, "150": 9.979999542236328, "151": 9.970000267028809, "152": 9.979999542236328, "153": 9.970000267028809, "154": 9.970000267028809, "155": 9.970000267028809, "156": 9.979999542236328, "157": 9.979999542236328, "158": 9.979999542236328, "159": 9.979999542236328, "160": 9.979999542236328, "161": 9.979999542236328, "162": 9.979999542236328, "163": 9.979999542236328, "164": 9.979999542236328, "165": 9.970000267028809, "166": 9.970000267028809, "167": 9.970000267028809, "168": 9.960000038146973, "169": 9.960000038146973, "170": 9.960000038146973, "171": 9.979999542236328, "172": 9.960000038146973, "173": 9.960000038146973, "174": 9.960000038146973, "175": 9.960000038146973, "176": 9.960000038146973, "177": 9.970000267028809, "178": 9.954999923706055, "179": 9.984999656677246, "180": 9.979999542236328, "181": 9.970000267028809, "182": 9.979999542236328, "183": 9.970000267028809, "184": 9.970000267028809, "185": 9.9399995803833, "186": 9.9399995803833, "187": 9.9399995803833, "188": 9.949999809265137, "189": 9.960000038146973, "190": 9.989999771118164, "191": 9.989999771118164, "192": 9.9399995803833, "193": 9.979999542236328, "194": 9.970000267028809, "195": 9.970000267028809, "196": 9.9399995803833, "197": 9.960000038146973, "198": 9.960000038146973, "199": 9.989999771118164, "200": 9.989999771118164, "201": 9.979999542236328, "202": 9.970000267028809, "203": 9.979999542236328, "204": 9.979999542236328, "205": 9.979999542236328, "206": 9.979999542236328, "207": 9.979999542236328, "208": 9.989999771118164, "209": 9.989999771118164, "210": 9.979999542236328, "211": 9.989999771118164, "212": 10.010000228881836, "213": 10.010000228881836, "214": 10.010000228881836, "215": 9.989999771118164, "216": 10.020000457763672, "217": 10.020000457763672, "218": 10.039999961853027, "219": 10.039999961853027, "220": 10.039999961853027, "221": 10.039999961853027, "222": 10.029999732971191, "223": 10.029999732971191, "224": 10.029999732971191, "225": 10.020000457763672, "226": 10.029999732971191, "227": 10.029999732971191, "228": 10.020000457763672, "229": 10.020000457763672, "230": 10.020000457763672, "231": 10.039999961853027, "232": 10.029999732971191, "233": 10.029999732971191, "234": 10.029999732971191, "235": 10.039999961853027, "236": 10.050000190734863, "237": 10.050000190734863, "238": 10.050000190734863, "239": 10.039999961853027, "240": 10.039999961853027, "241": 10.050000190734863, "242": 10.050000190734863, "243": 10.050000190734863, "244": 10.0600004196167, "245": 10.0600004196167, "246": 10.069999694824219, "247": 10.069999694824219, "248": 10.079999923706055, "249": 10.0600004196167, "250": 10.0600004196167, "251": 10.0600004196167, "252": 10.039999961853027, "253": 10.050000190734863, "254": 10.050000190734863, "255": 10.079999923706055, "256": 10.079999923706055, "257": 10.079999923706055, "258": 10.079999923706055, "259": 10.079999923706055, "260": 10.079999923706055, "261": 10.09000015258789, "262": 10.100000381469727, "263": 10.100000381469727, "264": 10.100000381469727, "265": 10.100000381469727, "266": 10.100000381469727, "267": 10.100000381469727, "268": 10.114999771118164, "269": 10.109999656677246, "270": 10.114999771118164, "271": 10.109999656677246, "272": 10.100000381469727, "273": 10.100000381469727, "274": 10.100000381469727, "275": 10.100000381469727, "276": 10.100000381469727, "277": 10.100000381469727, "278": 10.100000381469727, "279": 10.119999885559082, "280": 10.119999885559082, "281": 10.119999885559082, "282": 10.130000114440918, "283": 10.140000343322754, "284": 10.149999618530273, "285": 10.149999618530273, "286": 10.154999732971191, "287": 10.15999984741211, "288": 10.15999984741211, "289": 10.15999984741211, "290": 10.1899995803833, "291": 10.15999984741211, "292": 10.170000076293945, "293": 10.149999618530273, "294": 10.149999618530273, "295": 10.15999984741211, "296": 10.1899995803833, "297": 10.09000015258789, "298": 10.15999984741211, "299": 10.15999984741211, "300": 10.170000076293945, "301": 10.170000076293945, "302": 10.175000190734863, "303": 10.170000076293945, "304": 10.170000076293945, "305": 10.180000305175781, "306": 10.1899995803833, "307": 10.1899995803833, "308": 10.1899995803833, "309": 10.1899995803833, "310": 10.1899995803833, "311": 10.1899995803833, "312": 10.1899995803833, "313": 10.1899995803833, "314": 10.1899995803833, "315": 10.185999870300293, "316": 10.180000305175781, "317": 10.1899995803833, "318": 10.199999809265137, "319": 10.210000038146973, "320": 10.199999809265137, "321": 10.220000267028809, "322": 10.220000267028809, "323": 10.25, "324": 10.239999771118164, "325": 10.270000457763672, "326": 10.239999771118164, "327": 10.270000457763672, "328": 10.279999732971191, "329": 10.300000190734863, "330": 10.289999961853027, "331": 10.274999618530273, "332": 10.270000457763672, "333": 10.270000457763672, "334": 10.270000457763672, "335": 10.305000305175781, "336": 10.307999610900879, "337": 10.3100004196167, "338": 10.289999961853027, "339": 10.350000381469727, "340": 10.3100004196167, "341": 10.369999885559082, "342": 10.380000114440918, "343": 10.378999710083008, "344": 10.4399995803833, "345": 10.4399995803833, "346": 10.449999809265137, "347": 10.460000038146973, "348": 10.470000267028809, "349": 10.470000267028809, "350": 10.470000267028809, "351": 10.479999542236328, "352": 10.484999656677246, "353": 10.484999656677246, "354": 10.484999656677246, "355": 10.489999771118164, "356": 10.489999771118164, "357": 10.4399995803833, "358": 10.4399995803833, "359": 10.489999771118164, "360": 10.494999885559082, "361": 10.489999771118164, "362": 10.489999771118164, "363": 10.494999885559082, "364": 10.494999885559082, "365": 10.489999771118164, "366": 10.489999771118164, "367": 10.489999771118164, "368": 10.489999771118164, "369": 10.489999771118164, "370": 10.489999771118164, "371": 10.489999771118164, "372": 10.489999771118164, "373": 10.489999771118164, "374": 10.489999771118164, "375": 10.390000343322754, "376": 10.390000343322754, "377": 10.390000343322754, "378": 10.449999809265137, "379": 10.449999809265137, "380": 10.479999542236328, "381": 10.479999542236328, "382": 10.479999542236328, "383": 10.479999542236328, "384": 10.479999542236328, "385": 10.479999542236328, "386": 10.5, "387": 10.418000221252441, "388": 10.539999961853027, "389": 10.520000457763672, "390": 10.555000305175781, "391": 10.555000305175781, "392": 10.555000305175781, "393": 10.555000305175781, "394": 10.555000305175781, "395": 10.555000305175781, "396": 10.555000305175781, "397": 10.618000030517578, "398": 10.569999694824219, "399": 10.579999923706055, "400": 10.569999694824219, "401": 10.569999694824219, "402": 10.569999694824219, "403": 10.569999694824219, "404": 10.59000015258789, "405": 10.59000015258789, "406": 10.529999732971191, "407": 10.59000015258789, "408": 10.59000015258789, "409": 10.630000114440918, "410": 10.630000114440918, "411": 10.680000305175781, "412": 10.630000114440918, "413": 10.630000114440918, "414": 10.630000114440918, "415": 10.630000114440918, "416": 10.630000114440918, "417": 10.699999809265137, "418": 10.699999809265137, "419": 10.699999809265137, "420": 10.729999542236328, "421": 10.729999542236328, "422": 10.729999542236328, "423": 10.729999542236328, "424": 10.729999542236328, "425": 10.729999542236328, "426": 10.729999542236328, "427": 10.729999542236328, "428": 10.760000228881836, "429": 10.760000228881836, "430": 10.75, "431": 10.779999732971191, "432": 10.75, "433": 10.779999732971191, "434": 10.779999732971191, "435": 10.765999794006348, "436": 10.779999732971191, "437": 10.779999732971191, "438": 10.770000457763672, "439": 10.789999961853027, "440": 10.789999961853027, "441": 10.779999732971191, "442": 10.789999961853027, "443": 10.789999961853027, "444": 10.789999961853027, "445": 10.800000190734863, "446": 10.800000190734863, "447": 10.800000190734863, "448": 10.8100004196167, "449": 10.84000015258789, "450": 10.850000381469727}, "volume": {"0": 340500, "1": 178500, "2": 21500, "3": 26500, "4": 3700, "5": 300, "6": 67700, "7": 15700, "8": 3300, "9": 500, "10": 247300, "11": 600, "12": 100, "13": 250100, "14": 101700, "15": 51200, "16": 8800, "17": 1000, "18": 0, "19": 0, "20": 100, "21": 200, "22": 400, "23": 200, "24": 8000, "25": 10700, "26": 124400, "27": 100000, "28": 0, "29": 0, "30": 232800, "31": 2900, "32": 0, "33": 304600, "34": 101000, "35": 0, "36": 0, "37": 0, "38": 100, "39": 0, "40": 0, "41": 400, "42": 0, "43": 200, "44": 0, "45": 0, "46": 700, "47": 0, "48": 0, "49": 100200, "50": 9300, "51": 0, "52": 0, "53": 300, "54": 100, "55": 0, "56": 6500, "57": 300, "58": 6100, "59": 7500, "60": 1300, "61": 51200, "62": 77900, "63": 0, "64": 4800, "65": 0, "66": 3100, "67": 61700, "68": 200, "69": 1200, "70": 25700, "71": 0, "72": 100, "73": 100, "74": 0, "75": 0, "76": 0, "77": 28000, "78": 111200, "79": 40800, "80": 600, "81": 1300, "82": 100, "83": 0, "84": 3000, "85": 6100, "86": 0, "87": 0, "88": 0, "89": 1000, "90": 0, "91": 2000, "92": 106500, "93": 31700, "94": 200, "95": 2300, "96": 100, "97": 5500, "98": 500, "99": 1900, "100": 12200, "101": 300, "102": 0, "103": 400, "104": 10800, "105": 0, "106": 500, "107": 600, "108": 0, "109": 12600, "110": 0, "111": 400, "112": 41800, "113": 81700, "114": 280000, "115": 0, "116": 225000, "117": 0, "118": 4300, "119": 0, "120": 2700, "121": 200, "122": 0, "123": 4300, "124": 0, "125": 0, "126": 0, "127": 400, "128": 252900, "129": 295800, "130": 700, "131": 7700, "132": 2000, "133": 0, "134": 400, "135": 0, "136": 1000, "137": 201800, "138": 767500, "139": 38000, "140": 108000, "141": 0, "142": 25500, "143": 0, "144": 300, "145": 5400, "146": 12400, "147": 0, "148": 92300, "149": 47300, "150": 247100, "151": 811800, "152": 700, "153": 6700, "154": 600, "155": 2000, "156": 50000, "157": 120200, "158": 400, "159": 200, "160": 0, "161": 69100, "162": 9600, "163": 2100, "164": 800, "165": 3200, "166": 4300, "167": 0, "168": 2500, "169": 1500, "170": 5600, "171": 300, "172": 4200, "173": 6900, "174": 5700, "175": 12100, "176": 0, "177": 46500, "178": 195000, "179": 5200, "180": 5700, "181": 24700, "182": 500, "183": 6100, "184": 0, "185": 4400, "186": 200, "187": 8400, "188": 27600, "189": 6100, "190": 200, "191": 50400, "192": 632200, "193": 100, "194": 1500, "195": 2300, "196": 10600, "197": 2200, "198": 15700, "199": 22600, "200": 500, "201": 1200, "202": 2000, "203": 85900, "204": 0, "205": 55700, "206": 10300, "207": 2500, "208": 11100, "209": 0, "210": 10200, "211": 39700, "212": 100, "213": 29600, "214": 0, "215": 2100, "216": 74300, "217": 0, "218": 100, "219": 0, "220": 0, "221": 0, "222": 500, "223": 0, "224": 0, "225": 9700, "226": 1300, "227": 0, "228": 23800, "229": 100, "230": 400, "231": 3400, "232": 2000, "233": 0, "234": 0, "235": 700, "236": 15400, "237": 0, "238": 22100, "239": 1000, "240": 20100, "241": 1300, "242": 0, "243": 0, "244": 61000, "245": 800, "246": 400, "247": 0, "248": 173500, "249": 515600, "250": 0, "251": 4200, "252": 7800, "253": 3100, "254": 0, "255": 52400, "256": 77700, "257": 70000, "258": 4700, "259": 29900, "260": 0, "261": 15200, "262": 17400, "263": 46400, "264": 208500, "265": 62000, "266": 300, "267": 10100, "268": 1900, "269": 1000, "270": 300, "271": 10100, "272": 15800, "273": 200, "274": 19200, "275": 0, "276": 3198000, "277": 0, "278": 19300, "279": 113800, "280": 0, "281": 3400, "282": 24200, "283": 18100, "284": 14200, "285": 1900, "286": 30400, "287": 1600, "288": 105100, "289": 2900, "290": 1345600, "291": 504300, "292": 1367000, "293": 3200, "294": 500, "295": 5200, "296": 9900, "297": 200, "298": 100, "299": 100, "300": 1100, "301": 100, "302": 1400, "303": 100, "304": 0, "305": 4200, "306": 700, "307": 2500, "308": 54300, "309": 10900, "310": 0, "311": 0, "312": 0, "313": 1200, "314": 1500, "315": 21900, "316": 100, "317": 300, "318": 78900, "319": 800, "320": 2600, "321": 8900, "322": 6900, "323": 247200, "324": 1900, "325": 224900, "326": 57300, "327": 341400, "328": 200200, "329": 239900, "330": 355900, "331": 173000, "332": 400, "333": 0, "334": 800, "335": 436800, "336": 141700, "337": 43400, "338": 108600, "339": 34700, "340": 39300, "341": 300, "342": 196500, "343": 14700, "344": 26500, "345": 0, "346": 12700, "347": 21300, "348": 83800, "349": 600, "350": 3500, "351": 3700, "352": 14400, "353": 0, "354": 0, "355": 100, "356": 5000, "357": 4600, "358": 3800, "359": 1400, "360": 1500, "361": 1600, "362": 0, "363": 400, "364": 0, "365": 4600, "366": 0, "367": 700, "368": 600, "369": 0, "370": 0, "371": 100, "372": 100, "373": 7600, "374": 0, "375": 13700, "376": 0, "377": 0, "378": 1900, "379": 0, "380": 600, "381": 0, "382": 0, "383": 0, "384": 0, "385": 0, "386": 500, "387": 21200, "388": 18400, "389": 1100, "390": 2200, "391": 0, "392": 0, "393": 0, "394": 0, "395": 300, "396": 0, "397": 1800, "398": 3200, "399": 3000, "400": 700, "401": 200, "402": 0, "403": 0, "404": 300, "405": 0, "406": 200, "407": 900, "408": 0, "409": 8200, "410": 0, "411": 400, "412": 1200, "413": 0, "414": 0, "415": 0, "416": 0, "417": 100, "418": 0, "419": 300, "420": 237400, "421": 100800, "422": 300, "423": 100, "424": 4000, "425": 0, "426": 0, "427": 100, "428": 900, "429": 1500, "430": 10500, "431": 100, "432": 600, "433": 200, "434": 0, "435": 700, "436": 100, "437": 200, "438": 2200, "439": 100, "440": 100, "441": 100, "442": 1600, "443": 0, "444": 5500, "445": 4100, "446": 0, "447": 0, "448": 1700, "449": 100, "450": 33000}, "adjclose": {"0": 9.760000228881836, "1": 9.770000457763672, "2": 9.800000190734863, "3": 9.8100004196167, "4": 9.880000114440918, "5": 9.84000015258789, "6": 9.829999923706055, "7": 9.850000381469727, "8": 9.869999885559082, "9": 9.880000114440918, "10": 9.930000305175781, "11": 9.930000305175781, "12": 9.930000305175781, "13": 9.859999656677246, "14": 9.930000305175781, "15": 9.899999618530273, "16": 9.899999618530273, "17": 9.899999618530273, "18": 9.899999618530273, "19": 9.899999618530273, "20": 9.819999694824219, "21": 9.854999542236328, "22": 9.854999542236328, "23": 9.8100004196167, "24": 9.869999885559082, "25": 9.890000343322754, "26": 9.899999618530273, "27": 9.890000343322754, "28": 9.890000343322754, "29": 9.890000343322754, "30": 9.899999618530273, "31": 9.899999618530273, "32": 9.899999618530273, "33": 9.899999618530273, "34": 9.90999984741211, "35": 9.90999984741211, "36": 9.90999984741211, "37": 9.90999984741211, "38": 9.90999984741211, "39": 9.90999984741211, "40": 9.90999984741211, "41": 9.829999923706055, "42": 9.829999923706055, "43": 9.890000343322754, "44": 9.890000343322754, "45": 9.890000343322754, "46": 9.890000343322754, "47": 9.890000343322754, "48": 9.890000343322754, "49": 9.890000343322754, "50": 9.880000114440918, "51": 9.880000114440918, "52": 9.880000114440918, "53": 9.899999618530273, "54": 9.914999961853027, "55": 9.914999961853027, "56": 9.899999618530273, "57": 9.899999618530273, "58": 9.899999618530273, "59": 9.869999885559082, "60": 9.90999984741211, "61": 9.890000343322754, "62": 9.880000114440918, "63": 9.880000114440918, "64": 9.880000114440918, "65": 9.880000114440918, "66": 9.880000114440918, "67": 9.869999885559082, "68": 9.880000114440918, "69": 9.880000114440918, "70": 9.869999885559082, "71": 9.869999885559082, "72": 9.859999656677246, "73": 9.850000381469727, "74": 9.850000381469727, "75": 9.850000381469727, "76": 9.850000381469727, "77": 9.899999618530273, "78": 9.890000343322754, "79": 9.880000114440918, "80": 9.890000343322754, "81": 9.890000343322754, "82": 9.880000114440918, "83": 9.880000114440918, "84": 9.890000343322754, "85": 9.850000381469727, "86": 9.850000381469727, "87": 9.850000381469727, "88": 9.850000381469727, "89": 9.890000343322754, "90": 9.890000343322754, "91": 9.880000114440918, "92": 9.930000305175781, "93": 9.880000114440918, "94": 9.869999885559082, "95": 9.90999984741211, "96": 9.90999984741211, "97": 9.90999984741211, "98": 9.90999984741211, "99": 9.899999618530273, "100": 9.920000076293945, "101": 9.880000114440918, "102": 9.880000114440918, "103": 9.899999618530273, "104": 9.920000076293945, "105": 9.920000076293945, "106": 9.914999961853027, "107": 9.9399995803833, "108": 9.9399995803833, "109": 9.899999618530273, "110": 9.899999618530273, "111": 9.899999618530273, "112": 9.920000076293945, "113": 9.899999618530273, "114": 9.880000114440918, "115": 9.880000114440918, "116": 9.930000305175781, "117": 9.930000305175781, "118": 9.920000076293945, "119": 9.920000076293945, "120": 9.914999961853027, "121": 9.949999809265137, "122": 9.949999809265137, "123": 9.930000305175781, "124": 9.930000305175781, "125": 9.930000305175781, "126": 9.930000305175781, "127": 9.930000305175781, "128": 9.9399995803833, "129": 9.970000267028809, "130": 9.944999694824219, "131": 9.954999923706055, "132": 9.954999923706055, "133": 9.954999923706055, "134": 9.960000038146973, "135": 9.960000038146973, "136": 9.949999809265137, "137": 9.960000038146973, "138": 9.949999809265137, "139": 9.970000267028809, "140": 9.9399995803833, "141": 9.9399995803833, "142": 9.979999542236328, "143": 9.979999542236328, "144": 9.979999542236328, "145": 9.970000267028809, "146": 9.960000038146973, "147": 9.960000038146973, "148": 9.960000038146973, "149": 9.960000038146973, "150": 9.979999542236328, "151": 9.970000267028809, "152": 9.979999542236328, "153": 9.970000267028809, "154": 9.970000267028809, "155": 9.970000267028809, "156": 9.979999542236328, "157": 9.979999542236328, "158": 9.979999542236328, "159": 9.979999542236328, "160": 9.979999542236328, "161": 9.979999542236328, "162": 9.979999542236328, "163": 9.979999542236328, "164": 9.979999542236328, "165": 9.970000267028809, "166": 9.970000267028809, "167": 9.970000267028809, "168": 9.960000038146973, "169": 9.960000038146973, "170": 9.960000038146973, "171": 9.979999542236328, "172": 9.960000038146973, "173": 9.960000038146973, "174": 9.960000038146973, "175": 9.960000038146973, "176": 9.960000038146973, "177": 9.970000267028809, "178": 9.954999923706055, "179": 9.984999656677246, "180": 9.979999542236328, "181": 9.970000267028809, "182": 9.979999542236328, "183": 9.970000267028809, "184": 9.970000267028809, "185": 9.9399995803833, "186": 9.9399995803833, "187": 9.9399995803833, "188": 9.949999809265137, "189": 9.960000038146973, "190": 9.989999771118164, "191": 9.989999771118164, "192": 9.9399995803833, "193": 9.979999542236328, "194": 9.970000267028809, "195": 9.970000267028809, "196": 9.9399995803833, "197": 9.960000038146973, "198": 9.960000038146973, "199": 9.989999771118164, "200": 9.989999771118164, "201": 9.979999542236328, "202": 9.970000267028809, "203": 9.979999542236328, "204": 9.979999542236328, "205": 9.979999542236328, "206": 9.979999542236328, "207": 9.979999542236328, "208": 9.989999771118164, "209": 9.989999771118164, "210": 9.979999542236328, "211": 9.989999771118164, "212": 10.010000228881836, "213": 10.010000228881836, "214": 10.010000228881836, "215": 9.989999771118164, "216": 10.020000457763672, "217": 10.020000457763672, "218": 10.039999961853027, "219": 10.039999961853027, "220": 10.039999961853027, "221": 10.039999961853027, "222": 10.029999732971191, "223": 10.029999732971191, "224": 10.029999732971191, "225": 10.020000457763672, "226": 10.029999732971191, "227": 10.029999732971191, "228": 10.020000457763672, "229": 10.020000457763672, "230": 10.020000457763672, "231": 10.039999961853027, "232": 10.029999732971191, "233": 10.029999732971191, "234": 10.029999732971191, "235": 10.039999961853027, "236": 10.050000190734863, "237": 10.050000190734863, "238": 10.050000190734863, "239": 10.039999961853027, "240": 10.039999961853027, "241": 10.050000190734863, "242": 10.050000190734863, "243": 10.050000190734863, "244": 10.0600004196167, "245": 10.0600004196167, "246": 10.069999694824219, "247": 10.069999694824219, "248": 10.079999923706055, "249": 10.0600004196167, "250": 10.0600004196167, "251": 10.0600004196167, "252": 10.039999961853027, "253": 10.050000190734863, "254": 10.050000190734863, "255": 10.079999923706055, "256": 10.079999923706055, "257": 10.079999923706055, "258": 10.079999923706055, "259": 10.079999923706055, "260": 10.079999923706055, "261": 10.09000015258789, "262": 10.100000381469727, "263": 10.100000381469727, "264": 10.100000381469727, "265": 10.100000381469727, "266": 10.100000381469727, "267": 10.100000381469727, "268": 10.114999771118164, "269": 10.109999656677246, "270": 10.114999771118164, "271": 10.109999656677246, "272": 10.100000381469727, "273": 10.100000381469727, "274": 10.100000381469727, "275": 10.100000381469727, "276": 10.100000381469727, "277": 10.100000381469727, "278": 10.100000381469727, "279": 10.119999885559082, "280": 10.119999885559082, "281": 10.119999885559082, "282": 10.130000114440918, "283": 10.140000343322754, "284": 10.149999618530273, "285": 10.149999618530273, "286": 10.154999732971191, "287": 10.15999984741211, "288": 10.15999984741211, "289": 10.15999984741211, "290": 10.1899995803833, "291": 10.15999984741211, "292": 10.170000076293945, "293": 10.149999618530273, "294": 10.149999618530273, "295": 10.15999984741211, "296": 10.1899995803833, "297": 10.09000015258789, "298": 10.15999984741211, "299": 10.15999984741211, "300": 10.170000076293945, "301": 10.170000076293945, "302": 10.175000190734863, "303": 10.170000076293945, "304": 10.170000076293945, "305": 10.180000305175781, "306": 10.1899995803833, "307": 10.1899995803833, "308": 10.1899995803833, "309": 10.1899995803833, "310": 10.1899995803833, "311": 10.1899995803833, "312": 10.1899995803833, "313": 10.1899995803833, "314": 10.1899995803833, "315": 10.185999870300293, "316": 10.180000305175781, "317": 10.1899995803833, "318": 10.199999809265137, "319": 10.210000038146973, "320": 10.199999809265137, "321": 10.220000267028809, "322": 10.220000267028809, "323": 10.25, "324": 10.239999771118164, "325": 10.270000457763672, "326": 10.239999771118164, "327": 10.270000457763672, "328": 10.279999732971191, "329": 10.300000190734863, "330": 10.289999961853027, "331": 10.274999618530273, "332": 10.270000457763672, "333": 10.270000457763672, "334": 10.270000457763672, "335": 10.305000305175781, "336": 10.307999610900879, "337": 10.3100004196167, "338": 10.289999961853027, "339": 10.350000381469727, "340": 10.3100004196167, "341": 10.369999885559082, "342": 10.380000114440918, "343": 10.378999710083008, "344": 10.4399995803833, "345": 10.4399995803833, "346": 10.449999809265137, "347": 10.460000038146973, "348": 10.470000267028809, "349": 10.470000267028809, "350": 10.470000267028809, "351": 10.479999542236328, "352": 10.484999656677246, "353": 10.484999656677246, "354": 10.484999656677246, "355": 10.489999771118164, "356": 10.489999771118164, "357": 10.4399995803833, "358": 10.4399995803833, "359": 10.489999771118164, "360": 10.494999885559082, "361": 10.489999771118164, "362": 10.489999771118164, "363": 10.494999885559082, "364": 10.494999885559082, "365": 10.489999771118164, "366": 10.489999771118164, "367": 10.489999771118164, "368": 10.489999771118164, "369": 10.489999771118164, "370": 10.489999771118164, "371": 10.489999771118164, "372": 10.489999771118164, "373": 10.489999771118164, "374": 10.489999771118164, "375": 10.390000343322754, "376": 10.390000343322754, "377": 10.390000343322754, "378": 10.449999809265137, "379": 10.449999809265137, "380": 10.479999542236328, "381": 10.479999542236328, "382": 10.479999542236328, "383": 10.479999542236328, "384": 10.479999542236328, "385": 10.479999542236328, "386": 10.5, "387": 10.418000221252441, "388": 10.539999961853027, "389": 10.520000457763672, "390": 10.555000305175781, "391": 10.555000305175781, "392": 10.555000305175781, "393": 10.555000305175781, "394": 10.555000305175781, "395": 10.555000305175781, "396": 10.555000305175781, "397": 10.618000030517578, "398": 10.569999694824219, "399": 10.579999923706055, "400": 10.569999694824219, "401": 10.569999694824219, "402": 10.569999694824219, "403": 10.569999694824219, "404": 10.59000015258789, "405": 10.59000015258789, "406": 10.529999732971191, "407": 10.59000015258789, "408": 10.59000015258789, "409": 10.630000114440918, "410": 10.630000114440918, "411": 10.680000305175781, "412": 10.630000114440918, "413": 10.630000114440918, "414": 10.630000114440918, "415": 10.630000114440918, "416": 10.630000114440918, "417": 10.699999809265137, "418": 10.699999809265137, "419": 10.699999809265137, "420": 10.729999542236328, "421": 10.729999542236328, "422": 10.729999542236328, "423": 10.729999542236328, "424": 10.729999542236328, "425": 10.729999542236328, "426": 10.729999542236328, "427": 10.729999542236328, "428": 10.760000228881836, "429": 10.760000228881836, "430": 10.75, "431": 10.779999732971191, "432": 10.75, "433": 10.779999732971191, "434": 10.779999732971191, "435": 10.765999794006348, "436": 10.779999732971191, "437": 10.779999732971191, "438": 10.770000457763672, "439": 10.789999961853027, "440": 10.789999961853027, "441": 10.779999732971191, "442": 10.789999961853027, "443": 10.789999961853027, "444": 10.789999961853027, "445": 10.800000190734863, "446": 10.800000190734863, "447": 10.800000190734863, "448": 10.8100004196167, "449": 10.84000015258789, "450": 10.850000381469727}}, "profile": {"address1": "One World Trade Center", "address2": "Suite 8500", "city": "New York", "state": "NY", "zip": "10007", "country": "United States", "phone": "646 314 3555", "website": "https://stonebridgespac.com", "industry": "Shell Companies", "industryDisp": "Shell Companies", "sector": "Financial Services", "longBusinessSummary": "StoneBridge Acquisition Corporation does not have significant operations. It intends to effect a merger, capital share exchange, asset acquisition, share purchase, reorganization, or similar Business Combination with one or more businesses. The company was incorporated in 2021 and is based in New York, New York.", "companyOfficers": [{"maxAge": 1, "name": "Mr. Bhargava  Marepally", "age": 50, "title": "CEO & Director", "yearBorn": 1972, "exercisedValue": 0, "unexercisedValue": 0}, {"maxAge": 1, "name": "Mr. Prabhu  Antony", "age": 43, "title": "Pres, CFO & Director", "yearBorn": 1979, "exercisedValue": 0, "unexercisedValue": 0}], "maxAge": 86400, "latitude": 40.713130000000035, "longitude": -74.01387999999997}}