{"income_statement": {"annual": {"Year": {"1": "Selling, General & Admin", "2": "Operating Expenses", "3": "Operating Income", "4": "Other Expense / Income", "5": "Pretax Income", "6": "Net Income", "7": "Shares Outstanding (Basic)", "8": "Shares Outstanding (Diluted)", "9": "Shares Change", "10": "EPS (Basic)", "11": "EPS (Diluted)", "12": "Free Cash Flow Per Share", "13": "EBITDA", "14": "EBIT"}, "2022": {"1": "0.96", "2": "0.96", "3": "-0.96", "4": "-2.18", "5": "1.23", "6": "1.23", "7": "22", "8": "22", "9": "326.17%", "10": "0.06", "11": "0.06", "12": "-0.04", "13": "1.23", "14": "1.23"}, "2021": {"1": "0.04", "2": "0.04", "3": "-0.04", "4": "0.02", "5": "-0.05", "6": "-0.05", "7": "5", "8": "5", "9": "-", "10": "-0.01", "11": "-0.01", "12": "-0.01", "13": "-0.05", "14": "-0.05"}}, "quarterly": {"Metrics": {"1": "Selling, General & Admin", "2": "Operating Expenses", "3": "Operating Income", "4": "Other Expense / Income", "5": "Pretax Income", "6": "Net Income", "7": "Shares Outstanding (Basic)", "8": "Shares Outstanding (Diluted)", "9": "Shares Change", "10": "EPS (Basic)", "11": "EPS (Diluted)", "12": "Free Cash Flow Per Share", "13": "EBITDA", "14": "EBIT"}, "2023-03-31": {"1": "1.6", "2": "1.6", "3": "-1.6", "4": "-1.82", "5": "0.22", "6": "0.22", "7": "22", "8": "22", "9": "-", "10": "0.01", "11": "0.01", "12": "-0.01", "13": "0.22", "14": "0.22"}, "2022-12-31": {"1": "0.28", "2": "0.28", "3": "-0.28", "4": "-1.41", "5": "1.12", "6": "1.12", "7": "22", "8": "22", "9": "326.17%", "10": "0.06", "11": "0.06", "12": "-0.00", "13": "1.12", "14": "1.12"}, "2022-09-30": {"1": "0.23", "2": "0.23", "3": "-0.23", "4": "-0.71", "5": "0.48", "6": "0.48", "7": "22", "8": "22", "9": "475.00%", "10": "0.02", "11": "0.02", "12": "-0.01", "13": "0.48", "14": "0.48"}, "2022-06-30": {"1": "0.25", "2": "0.25", "3": "-0.25", "4": "-0.15", "5": "-0.1", "6": "-0.1", "7": "22", "8": "22", "9": "475.00%", "10": "-", "11": "-", "12": "-0.01", "13": "-0.1", "14": "-0.1"}, "2022-03-31": {"1": "0.2", "2": "0.2", "3": "-0.2", "4": "0.08", "5": "-0.27", "6": "-0.27", "7": "22", "8": "22", "9": "-", "10": "-0.01", "11": "-0.01", "12": "-0.02", "13": "-0.27", "14": "-0.27"}, "2021-12-31": {"1": "0.01", "2": "0.01", "3": "-0.01", "4": "0.02", "5": "-0.03", "6": "-0.03", "7": "5", "8": "5", "9": "-", "10": "-", "11": "-", "12": "-0.01", "13": "-0.03", "14": "-0.03"}, "2021-09-30": {"1": "0.02", "2": "0.02", "3": "-0.02", "4": "-", "5": "-0.02", "6": "-0.02", "7": "4", "8": "4", "9": "-", "10": "-0.01", "11": "-0.01", "12": "-", "13": "-0.02", "14": "-0.02"}, "2021-06-30": {"1": "0.01", "2": "0.01", "3": "-0.01", "4": "-", "5": "-0.01", "6": "-0.01", "7": "4", "8": "4", "9": "-", "10": "-", "11": "-", "12": "-", "13": "-0.01", "14": "-0.01"}}}, "balance_sheet": {"annual": {"Year": {"1": "Cash & Equivalents", "2": "Cash & Cash Equivalents", "3": "Cash Growth", "4": "Other Current Assets", "5": "Total Current Assets", "6": "Long-Term Investments", "7": "Other Long-Term Assets", "8": "Total Long-Term Assets", "9": "Total Assets", "10": "Accounts Payable", "11": "Other Current Liabilities", "12": "Total Current Liabilities", "13": "Other Long-Term Liabilities", "14": "Total Long-Term Liabilities", "15": "Total Liabilities", "16": "Common Stock", "17": "Retained Earnings", "18": "Shareholders' Equity", "19": "Total Liabilities and Equity", "20": "Net Cash / Debt", "21": "Net Cash / Debt Growth", "22": "Net Cash Per Share", "23": "Working Capital", "24": "Book Value Per Share"}, "2022": {"1": "0.31", "2": "0.31", "3": "-70.69%", "4": "0.14", "5": "0.46", "6": "180.24", "7": "0", "8": "180.24", "9": "180.7", "10": "0.13", "11": "0.29", "12": "0.41", "13": "6.04", "14": "6.04", "15": "6.45", "16": "0", "17": "-6", "18": "-5.99", "19": "0.46", "20": "0.31", "21": "-70.69%", "22": "0.01", "23": "0.04", "24": "-0.28"}, "2021": {"1": "1.07", "2": "1.07", "3": "-", "4": "0.17", "5": "1.24", "6": "177.68", "7": "0.14", "8": "177.82", "9": "179.06", "10": "0.01", "11": "0.38", "12": "0.38", "13": "6.04", "14": "6.04", "15": "6.42", "16": "0", "17": "-5.04", "18": "-5.04", "19": "1.38", "20": "1.07", "21": "-", "22": "0.21", "23": "0.86", "24": "-0.99"}}, "quarterly": {"Metrics": {"1": "Cash & Equivalents", "2": "Cash & Cash Equivalents", "3": "Cash Growth", "4": "Other Current Assets", "5": "Total Current Assets", "6": "Long-Term Investments", "7": "Other Long-Term Assets", "8": "Total Long-Term Assets", "9": "Total Assets", "10": "Accounts Payable", "11": "Current Debt", "12": "Other Current Liabilities", "13": "Total Current Liabilities", "14": "Other Long-Term Liabilities", "15": "Total Long-Term Liabilities", "16": "Total Liabilities", "17": "Total Debt", "18": "Common Stock", "19": "Retained Earnings", "20": "Shareholders' Equity", "21": "Total Liabilities and Equity", "22": "Net Cash / Debt", "23": "Net Cash / Debt Growth", "24": "Net Cash Per Share", "25": "Working Capital", "26": "Book Value Per Share"}, "2023-03-31": {"1": "0.15", "2": "0.15", "3": "-79.82%", "4": "0.18", "5": "0.33", "6": "182.15", "7": "0", "8": "182.15", "9": "182.48", "10": "0.16", "11": "0", "12": "1.73", "13": "1.89", "14": "6.04", "15": "6.04", "16": "7.92", "17": "0", "18": "0", "19": "-7.59", "20": "-7.59", "21": "0.33", "22": "0.15", "23": "-79.82%", "24": "0.01", "25": "-1.55", "26": "-0.35"}, "2022-12-31": {"1": "0.31", "2": "0.31", "3": "-70.69%", "4": "0.14", "5": "0.46", "6": "180.24", "7": "0", "8": "180.24", "9": "180.7", "10": "0.13", "11": "0", "12": "0.29", "13": "0.41", "14": "6.04", "15": "6.04", "16": "6.45", "17": "0", "18": "0", "19": "-6", "20": "-5.99", "21": "0.46", "22": "0.31", "23": "-70.69%", "24": "0.01", "25": "0.04", "26": "-0.28"}, "2022-09-30": {"1": "0.37", "2": "0.37", "3": "-", "4": "0.17", "5": "0.54", "6": "178.73", "7": "0.03", "8": "178.77", "9": "179.3", "10": "0.1", "11": "0", "12": "0.15", "13": "0.24", "14": "6.04", "15": "6.04", "16": "6.28", "17": "0", "18": "0", "19": "-5.71", "20": "-5.71", "21": "0.57", "22": "0.37", "23": "-", "24": "0.02", "25": "0.3", "26": "-0.27"}, "2022-06-30": {"1": "0.47", "2": "0.47", "3": "-", "4": "0.2", "5": "0.67", "6": "177.93", "7": "0.07", "8": "178", "9": "178.67", "10": "0.07", "11": "0", "12": "0.11", "13": "0.18", "14": "6.04", "15": "6.04", "16": "6.22", "17": "0", "18": "0", "19": "-5.48", "20": "-5.48", "21": "0.73", "22": "0.47", "23": "-", "24": "0.02", "25": "0.49", "26": "-0.25"}, "2022-03-31": {"1": "0.73", "2": "0.73", "3": "-", "4": "0.16", "5": "0.89", "6": "177.69", "7": "0.1", "8": "177.8", "9": "178.69", "10": "0.04", "11": "0", "12": "0.16", "13": "0.19", "14": "6.04", "15": "6.04", "16": "6.23", "17": "0", "18": "0", "19": "-5.24", "20": "-5.24", "21": "0.99", "22": "0.73", "23": "-", "24": "0.03", "25": "0.7", "26": "-0.24"}, "2021-12-31": {"1": "1.07", "2": "1.07", "3": "-", "4": "0.17", "5": "1.24", "6": "177.68", "7": "0.14", "8": "177.82", "9": "179.06", "10": "0.01", "11": "0", "12": "0.38", "13": "0.38", "14": "6.04", "15": "6.04", "16": "6.42", "17": "0", "18": "0", "19": "-5.04", "20": "-5.04", "21": "1.38", "22": "1.07", "23": "-", "24": "0.21", "25": "0.86", "26": "-0.99"}, "2021-09-30": {"1": "0", "2": "0", "3": "-", "4": "-", "5": "-", "6": "-", "7": "-", "8": "-", "9": "0.43", "10": "0", "11": "0.13", "12": "0.31", "13": "0.43", "14": "0", "15": "0", "16": "0.43", "17": "0.13", "18": "0.03", "19": "-0.03", "20": "-0", "21": "0.43", "22": "-0.13", "23": "-", "24": "-0.03", "25": "-", "26": "-"}, "2021-06-30": {"1": "-", "2": "0", "3": "-", "4": "-", "5": "-", "6": "-", "7": "-", "8": "-", "9": "-", "10": "-", "11": "-", "12": "-", "13": "-", "14": "-", "15": "-", "16": "-", "17": "-", "18": "-", "19": "-", "20": "-", "21": "-", "22": "0", "23": "-", "24": "-", "25": "-", "26": "-"}, "2021-04-29": {"1": "0", "2": "0", "3": "-", "4": "-", "5": "-", "6": "-", "7": "-", "8": "-", "9": "0.07", "10": "0", "11": "0", "12": "0.06", "13": "0.06", "14": "0", "15": "0", "16": "0.06", "17": "0", "18": "0.03", "19": "-0.01", "20": "0.02", "21": "0.07", "22": "0", "23": "-", "24": "-", "25": "-", "26": "-"}}}, "cash_flow_statement": {"annual": {"Year": {"1": "Net Income", "2": "Share-Based Compensation", "3": "Other Operating Activities", "4": "Operating Cash Flow", "5": "Change in Investments", "6": "Investing Cash Flow", "7": "Share Issuance / Repurchase", "8": "Other Financing Activities", "9": "Financing Cash Flow", "10": "Net Cash Flow", "11": "Free Cash Flow", "12": "Free Cash Flow Per Share"}, "2022": {"1": "1.23", "2": "0.38", "3": "-2.36", "4": "-0.76", "5": "0", "6": "0", "7": "0", "8": "-", "9": "0", "10": "-0.76", "11": "-0.76", "12": "-0.04"}, "2021": {"1": "-0.05", "2": "0.02", "3": "0.01", "4": "-0.03", "5": "-177.68", "6": "-177.68", "7": "169.05", "8": "9.72", "9": "178.77", "10": "1.07", "11": "-0.03", "12": "-0.01"}}, "quarterly": {"Metrics": {"1": "Net Income", "2": "Share-Based Compensation", "3": "Other Operating Activities", "4": "Operating Cash Flow", "5": "Net Cash Flow", "6": "Free Cash Flow", "7": "Free Cash Flow Per Share"}, "2023-03-31": {"1": "0.22", "2": "0.09", "3": "-0.48", "4": "-0.17", "5": "-0.17", "6": "-0.17", "7": "-0.01"}, "2022-12-31": {"1": "1.12", "2": "0.1", "3": "-1.27", "4": "-0.05", "5": "-0.05", "6": "-0.05", "7": "-0.00"}, "2022-09-30": {"1": "0.48", "2": "0.1", "3": "-0.68", "4": "-0.1", "5": "-0.1", "6": "-0.1", "7": "-0.01"}, "2022-06-30": {"1": "-0.1", "2": "0.09", "3": "-0.25", "4": "-0.26", "5": "-0.26", "6": "-0.26", "7": "-0.01"}, "2022-03-31": {"1": "-0.27", "2": "0.09", "3": "-0.16", "4": "-0.34", "5": "-0.34", "6": "-0.34", "7": "-0.02"}, "2021-12-31": {"1": "-0.03", "2": "-0.01", "3": "0.01", "4": "-0.03", "5": "1.07", "6": "-0.03", "7": "-0.01"}, "2021-09-30": {"1": "-0.02", "2": "0.02", "3": "-", "4": "0", "5": "0", "6": "0", "7": "-"}, "2021-06-30": {"1": "-0.01", "2": "0.01", "3": "-", "4": "0", "5": "0", "6": "0", "7": "-"}}}, "ratios": {"annual": {"Year": {"1": "Market Capitalization", "2": "Market Cap Growth", "3": "Enterprise Value", "4": "PE Ratio", "5": "PB Ratio", "6": "P/FCF Ratio", "7": "P/OCF Ratio", "8": "EV/EBITDA Ratio", "9": "EV/EBIT Ratio", "10": "EV/FCF Ratio", "11": "Current Ratio", "12": "Return on Equity (ROE)", "13": "Return on Assets (ROA)", "14": "Return on Capital (ROIC)", "15": "Earnings Yield", "16": "FCF Yield", "17": "Buyback Yield / Dilution", "18": "Total Shareholder Return"}, "Current": {"1": "233", "2": "-", "3": "233", "4": "118.78", "5": "-29.96", "6": "-390.91", "7": "-390.91", "8": "135.20", "9": "135.20", "10": "-390.65", "11": "0.18", "12": "-27.80%", "13": "1.00%", "14": "1.00%", "15": "0.74%", "16": "-0.25%", "17": "-326.17%", "18": "-326.17%"}, "2022": {"1": "223", "2": "17.16%", "3": "222", "4": "181.44", "5": "-37.12", "6": "-293.61", "7": "-293.61", "8": "181.18", "9": "181.18", "10": "-293.19", "11": "1.10", "12": "-21.90%", "13": "0.70%", "14": "0.70%", "15": "0.55%", "16": "-0.34%", "17": "-", "18": "-"}, "2021": {"1": "190", "2": "-", "3": "189", "4": "-3551.56", "5": "-37.71", "6": "-7064.02", "7": "-7064.02", "8": "-3531.51", "9": "-3531.51", "10": "-7024.15", "11": "3.26", "12": "-", "13": "-", "14": "-", "15": "-0.03%", "16": "-0.01%", "17": null, "18": null}}, "quarterly": {"Metrics": {"1": "Market Capitalization", "2": "Market Cap Growth", "3": "Enterprise Value", "4": "PE Ratio", "5": "PB Ratio", "6": "Debt / Equity Ratio", "7": "Current Ratio", "8": "Buyback Yield / Dilution", "9": "Total Shareholder Return"}, "Current": {"1": "233", "2": "-", "3": "233", "4": "118.78", "5": "-29.96", "6": "-", "7": "0.18", "8": "-", "9": "-"}, "2023-03-31": {"1": "227", "2": "5.39%", "3": "227", "4": "132.02", "5": "-29.96", "6": "-", "7": "0.18", "8": "-326.17%", "9": "-326.17%"}, "2022-12-31": {"1": "223", "2": "17.16%", "3": "222", "4": "181.44", "5": "-37.12", "6": "-", "7": "1.10", "8": "-475.00%", "9": "-475.00%"}, "2022-09-30": {"1": "219", "2": "-", "3": "219", "4": "2909.21", "5": "-38.40", "6": "-", "7": "2.23", "8": "-475.00%", "9": "-475.00%"}, "2022-06-30": {"1": "216", "2": "-", "3": "216", "4": "-510.98", "5": "-39.40", "6": "-", "7": "3.72", "8": "-", "9": "-"}, "2022-03-31": {"1": "216", "2": "-", "3": "215", "4": "-658.56", "5": "-41.23", "6": "-", "7": "4.62", "8": "-", "9": "-"}, "2021-12-31": {"1": "190", "2": "-", "3": "189", "4": "-3551.56", "5": "-37.71", "6": "-", "7": "3.26", "8": "-", "9": "-"}, "2021-09-30": {"1": "-", "2": "-", "3": "0", "4": "-", "5": "-", "6": "-85.05", "7": "-", "8": null, "9": null}}}, "stock_price": {"symbol": {"0": "APCA", "1": "APCA", "2": "APCA", "3": "APCA", "4": "APCA", "5": "APCA", "6": "APCA", "7": "APCA", "8": "APCA", "9": "APCA", "10": "APCA", "11": "APCA", "12": "APCA", "13": "APCA", "14": "APCA", "15": "APCA", "16": "APCA", "17": "APCA", "18": "APCA", "19": "APCA", "20": "APCA", "21": "APCA", "22": "APCA", "23": "APCA", "24": "APCA", "25": "APCA", "26": "APCA", "27": "APCA", "28": "APCA", "29": "APCA", "30": "APCA", "31": "APCA", "32": "APCA", "33": "APCA", "34": "APCA", "35": "APCA", "36": "APCA", "37": "APCA", "38": "APCA", "39": "APCA", "40": "APCA", "41": "APCA", "42": "APCA", "43": "APCA", "44": "APCA", "45": "APCA", "46": "APCA", "47": "APCA", "48": "APCA", "49": "APCA", "50": "APCA", "51": "APCA", "52": "APCA", "53": "APCA", "54": "APCA", "55": "APCA", "56": "APCA", "57": "APCA", "58": "APCA", "59": "APCA", "60": "APCA", "61": "APCA", "62": "APCA", "63": "APCA", "64": "APCA", "65": "APCA", "66": "APCA", "67": "APCA", "68": "APCA", "69": "APCA", "70": "APCA", "71": "APCA", "72": "APCA", "73": "APCA", "74": "APCA", "75": "APCA", "76": "APCA", "77": "APCA", "78": "APCA", "79": "APCA", "80": "APCA", "81": "APCA", "82": "APCA", "83": "APCA", "84": "APCA", "85": "APCA", "86": "APCA", "87": "APCA", "88": "APCA", "89": "APCA", "90": "APCA", "91": "APCA", "92": "APCA", "93": "APCA", "94": "APCA", "95": "APCA", "96": "APCA", "97": "APCA", "98": "APCA", "99": "APCA", "100": "APCA", "101": "APCA", "102": "APCA", "103": "APCA", "104": "APCA", "105": "APCA", "106": "APCA", "107": "APCA", "108": "APCA", "109": "APCA", "110": "APCA", "111": "APCA", "112": "APCA", "113": "APCA", "114": "APCA", "115": "APCA", "116": "APCA", "117": "APCA", "118": "APCA", "119": "APCA", "120": "APCA", "121": "APCA", "122": "APCA", "123": "APCA", "124": "APCA", "125": "APCA", "126": "APCA", "127": "APCA", "128": "APCA", "129": "APCA", "130": "APCA", "131": "APCA", "132": "APCA", "133": "APCA", "134": "APCA", "135": "APCA", "136": "APCA", "137": "APCA", "138": "APCA", "139": "APCA", "140": "APCA", "141": "APCA", "142": "APCA", "143": "APCA", "144": "APCA", "145": "APCA", "146": "APCA", "147": "APCA", "148": "APCA", "149": "APCA", "150": "APCA", "151": "APCA", "152": "APCA", "153": "APCA", "154": "APCA", "155": "APCA", "156": "APCA", "157": "APCA", "158": "APCA", "159": "APCA", "160": "APCA", "161": "APCA", "162": "APCA", "163": "APCA", "164": "APCA", "165": "APCA", "166": "APCA", "167": "APCA", "168": "APCA", "169": "APCA", "170": "APCA", "171": "APCA", "172": "APCA", "173": "APCA", "174": "APCA", "175": "APCA", "176": "APCA", "177": "APCA", "178": "APCA", "179": "APCA", "180": "APCA", "181": "APCA", "182": "APCA", "183": "APCA", "184": "APCA", "185": "APCA", "186": "APCA", "187": "APCA", "188": "APCA", "189": "APCA", "190": "APCA", "191": "APCA", "192": "APCA", "193": "APCA", "194": "APCA", "195": "APCA", "196": "APCA", "197": "APCA", "198": "APCA", "199": "APCA", "200": "APCA", "201": "APCA", "202": "APCA", "203": "APCA", "204": "APCA", "205": "APCA", "206": "APCA", "207": "APCA", "208": "APCA", "209": "APCA", "210": "APCA", "211": "APCA", "212": "APCA", "213": "APCA", "214": "APCA", "215": "APCA", "216": "APCA", "217": "APCA", "218": "APCA", "219": "APCA", "220": "APCA", "221": "APCA", "222": "APCA", "223": "APCA", "224": "APCA", "225": "APCA", "226": "APCA", "227": "APCA", "228": "APCA", "229": "APCA", "230": "APCA", "231": "APCA", "232": "APCA", "233": "APCA", "234": "APCA", "235": "APCA", "236": "APCA", "237": "APCA", "238": "APCA", "239": "APCA", "240": "APCA", "241": "APCA", "242": "APCA", "243": "APCA", "244": "APCA", "245": "APCA", "246": "APCA", "247": "APCA", "248": "APCA", "249": "APCA", "250": "APCA", "251": "APCA", "252": "APCA", "253": "APCA", "254": "APCA", "255": "APCA", "256": "APCA", "257": "APCA", "258": "APCA", "259": "APCA", "260": "APCA", "261": "APCA", "262": "APCA", "263": "APCA", "264": "APCA", "265": "APCA", "266": "APCA", "267": "APCA", "268": "APCA", "269": "APCA", "270": "APCA", "271": "APCA", "272": "APCA", "273": "APCA", "274": "APCA", "275": "APCA", "276": "APCA", "277": "APCA", "278": "APCA", "279": "APCA", "280": "APCA", "281": "APCA", "282": "APCA", "283": "APCA", "284": "APCA", "285": "APCA", "286": "APCA", "287": "APCA", "288": "APCA", "289": "APCA", "290": "APCA", "291": "APCA", "292": "APCA", "293": "APCA", "294": "APCA", "295": "APCA", "296": "APCA", "297": "APCA", "298": "APCA", "299": "APCA", "300": "APCA", "301": "APCA", "302": "APCA", "303": "APCA", "304": "APCA", "305": "APCA", "306": "APCA", "307": "APCA", "308": "APCA", "309": "APCA", "310": "APCA", "311": "APCA", "312": "APCA", "313": "APCA", "314": "APCA", "315": "APCA", "316": "APCA", "317": "APCA", "318": "APCA", "319": "APCA", "320": "APCA", "321": "APCA", "322": "APCA", "323": "APCA", "324": "APCA", "325": "APCA", "326": "APCA", "327": "APCA", "328": "APCA", "329": "APCA", "330": "APCA", "331": "APCA", "332": "APCA", "333": "APCA", "334": "APCA", "335": "APCA", "336": "APCA", "337": "APCA", "338": "APCA", "339": "APCA", "340": "APCA", "341": "APCA", "342": "APCA", "343": "APCA", "344": "APCA", "345": "APCA", "346": "APCA", "347": "APCA", "348": "APCA", "349": "APCA"}, "date": {"0": "2022-02-07", "1": "2022-02-08", "2": "2022-02-09", "3": "2022-02-10", "4": "2022-02-11", "5": "2022-02-14", "6": "2022-02-15", "7": "2022-02-16", "8": "2022-02-17", "9": "2022-02-18", "10": "2022-02-22", "11": "2022-02-23", "12": "2022-02-24", "13": "2022-02-25", "14": "2022-02-28", "15": "2022-03-01", "16": "2022-03-02", "17": "2022-03-03", "18": "2022-03-04", "19": "2022-03-07", "20": "2022-03-08", "21": "2022-03-09", "22": "2022-03-10", "23": "2022-03-11", "24": "2022-03-14", "25": "2022-03-15", "26": "2022-03-16", "27": "2022-03-17", "28": "2022-03-18", "29": "2022-03-21", "30": "2022-03-22", "31": "2022-03-23", "32": "2022-03-24", "33": "2022-03-25", "34": "2022-03-28", "35": "2022-03-29", "36": "2022-03-30", "37": "2022-03-31", "38": "2022-04-01", "39": "2022-04-04", "40": "2022-04-05", "41": "2022-04-06", "42": "2022-04-07", "43": "2022-04-08", "44": "2022-04-11", "45": "2022-04-12", "46": "2022-04-13", "47": "2022-04-14", "48": "2022-04-18", "49": "2022-04-19", "50": "2022-04-20", "51": "2022-04-21", "52": "2022-04-22", "53": "2022-04-25", "54": "2022-04-26", "55": "2022-04-27", "56": "2022-04-28", "57": "2022-04-29", "58": "2022-05-02", "59": "2022-05-03", "60": "2022-05-04", "61": "2022-05-05", "62": "2022-05-06", "63": "2022-05-09", "64": "2022-05-10", "65": "2022-05-11", "66": "2022-05-12", "67": "2022-05-13", "68": "2022-05-16", "69": "2022-05-17", "70": "2022-05-18", "71": "2022-05-19", "72": "2022-05-20", "73": "2022-05-23", "74": "2022-05-24", "75": "2022-05-25", "76": "2022-05-26", "77": "2022-05-27", "78": "2022-05-31", "79": "2022-06-01", "80": "2022-06-02", "81": "2022-06-03", "82": "2022-06-06", "83": "2022-06-07", "84": "2022-06-08", "85": "2022-06-09", "86": "2022-06-10", "87": "2022-06-13", "88": "2022-06-14", "89": "2022-06-15", "90": "2022-06-16", "91": "2022-06-17", "92": "2022-06-21", "93": "2022-06-22", "94": "2022-06-23", "95": "2022-06-24", "96": "2022-06-27", "97": "2022-06-28", "98": "2022-06-29", "99": "2022-06-30", "100": "2022-07-01", "101": "2022-07-05", "102": "2022-07-06", "103": "2022-07-07", "104": "2022-07-08", "105": "2022-07-11", "106": "2022-07-12", "107": "2022-07-13", "108": "2022-07-14", "109": "2022-07-15", "110": "2022-07-18", "111": "2022-07-19", "112": "2022-07-20", "113": "2022-07-21", "114": "2022-07-22", "115": "2022-07-25", "116": "2022-07-26", "117": "2022-07-27", "118": "2022-07-28", "119": "2022-07-29", "120": "2022-08-01", "121": "2022-08-02", "122": "2022-08-03", "123": "2022-08-04", "124": "2022-08-05", "125": "2022-08-08", "126": "2022-08-09", "127": "2022-08-10", "128": "2022-08-11", "129": "2022-08-12", "130": "2022-08-15", "131": "2022-08-16", "132": "2022-08-17", "133": "2022-08-18", "134": "2022-08-19", "135": "2022-08-22", "136": "2022-08-23", "137": "2022-08-24", "138": "2022-08-25", "139": "2022-08-26", "140": "2022-08-29", "141": "2022-08-30", "142": "2022-08-31", "143": "2022-09-01", "144": "2022-09-02", "145": "2022-09-06", "146": "2022-09-07", "147": "2022-09-08", "148": "2022-09-09", "149": "2022-09-12", "150": "2022-09-13", "151": "2022-09-14", "152": "2022-09-15", "153": "2022-09-16", "154": "2022-09-19", "155": "2022-09-20", "156": "2022-09-21", "157": "2022-09-22", "158": "2022-09-23", "159": "2022-09-26", "160": "2022-09-27", "161": "2022-09-28", "162": "2022-09-29", "163": "2022-09-30", "164": "2022-10-03", "165": "2022-10-04", "166": "2022-10-05", "167": "2022-10-06", "168": "2022-10-07", "169": "2022-10-10", "170": "2022-10-11", "171": "2022-10-12", "172": "2022-10-13", "173": "2022-10-14", "174": "2022-10-17", "175": "2022-10-18", "176": "2022-10-19", "177": "2022-10-20", "178": "2022-10-21", "179": "2022-10-24", "180": "2022-10-25", "181": "2022-10-26", "182": "2022-10-27", "183": "2022-10-28", "184": "2022-10-31", "185": "2022-11-01", "186": "2022-11-02", "187": "2022-11-03", "188": "2022-11-04", "189": "2022-11-07", "190": "2022-11-08", "191": "2022-11-09", "192": "2022-11-10", "193": "2022-11-11", "194": "2022-11-14", "195": "2022-11-15", "196": "2022-11-16", "197": "2022-11-17", "198": "2022-11-18", "199": "2022-11-21", "200": "2022-11-22", "201": "2022-11-23", "202": "2022-11-25", "203": "2022-11-28", "204": "2022-11-29", "205": "2022-11-30", "206": "2022-12-01", "207": "2022-12-02", "208": "2022-12-05", "209": "2022-12-06", "210": "2022-12-07", "211": "2022-12-08", "212": "2022-12-09", "213": "2022-12-12", "214": "2022-12-13", "215": "2022-12-14", "216": "2022-12-15", "217": "2022-12-16", "218": "2022-12-19", "219": "2022-12-20", "220": "2022-12-21", "221": "2022-12-22", "222": "2022-12-23", "223": "2022-12-27", "224": "2022-12-28", "225": "2022-12-29", "226": "2022-12-30", "227": "2023-01-03", "228": "2023-01-04", "229": "2023-01-05", "230": "2023-01-06", "231": "2023-01-09", "232": "2023-01-10", "233": "2023-01-11", "234": "2023-01-12", "235": "2023-01-13", "236": "2023-01-17", "237": "2023-01-18", "238": "2023-01-19", "239": "2023-01-20", "240": "2023-01-23", "241": "2023-01-24", "242": "2023-01-25", "243": "2023-01-26", "244": "2023-01-27", "245": "2023-01-30", "246": "2023-01-31", "247": "2023-02-01", "248": "2023-02-02", "249": "2023-02-03", "250": "2023-02-06", "251": "2023-02-07", "252": "2023-02-08", "253": "2023-02-09", "254": "2023-02-10", "255": "2023-02-13", "256": "2023-02-14", "257": "2023-02-15", "258": "2023-02-16", "259": "2023-02-17", "260": "2023-02-21", "261": "2023-02-22", "262": "2023-02-23", "263": "2023-02-24", "264": "2023-02-27", "265": "2023-02-28", "266": "2023-03-01", "267": "2023-03-02", "268": "2023-03-03", "269": "2023-03-06", "270": "2023-03-07", "271": "2023-03-08", "272": "2023-03-09", "273": "2023-03-10", "274": "2023-03-13", "275": "2023-03-14", "276": "2023-03-15", "277": "2023-03-16", "278": "2023-03-17", "279": "2023-03-20", "280": "2023-03-21", "281": "2023-03-22", "282": "2023-03-23", "283": "2023-03-24", "284": "2023-03-27", "285": "2023-03-28", "286": "2023-03-29", "287": "2023-03-30", "288": "2023-03-31", "289": "2023-04-03", "290": "2023-04-04", "291": "2023-04-05", "292": "2023-04-06", "293": "2023-04-10", "294": "2023-04-11", "295": "2023-04-12", "296": "2023-04-13", "297": "2023-04-14", "298": "2023-04-17", "299": "2023-04-18", "300": "2023-04-19", "301": "2023-04-20", "302": "2023-04-21", "303": "2023-04-24", "304": "2023-04-25", "305": "2023-04-26", "306": "2023-04-27", "307": "2023-04-28", "308": "2023-05-01", "309": "2023-05-02", "310": "2023-05-03", "311": "2023-05-04", "312": "2023-05-05", "313": "2023-05-08", "314": "2023-05-09", "315": "2023-05-10", "316": "2023-05-11", "317": "2023-05-12", "318": "2023-05-15", "319": "2023-05-16", "320": "2023-05-17", "321": "2023-05-18", "322": "2023-05-19", "323": "2023-05-22", "324": "2023-05-23", "325": "2023-05-24", "326": "2023-05-25", "327": "2023-05-26", "328": "2023-05-30", "329": "2023-05-31", "330": "2023-06-01", "331": "2023-06-02", "332": "2023-06-05", "333": "2023-06-06", "334": "2023-06-07", "335": "2023-06-08", "336": "2023-06-09", "337": "2023-06-12", "338": "2023-06-13", "339": "2023-06-14", "340": "2023-06-15", "341": "2023-06-16", "342": "2023-06-20", "343": "2023-06-21", "344": "2023-06-22", "345": "2023-06-23", "346": "2023-06-26", "347": "2023-06-27", "348": "2023-06-28", "349": "2023-06-29"}, "open": {"0": 9.859999656677246, "1": 10.0, "2": 9.989999771118164, "3": 9.930000305175781, "4": 9.930000305175781, "5": 9.869999885559082, "6": 9.920000076293945, "7": 9.920000076293945, "8": 9.920000076293945, "9": 9.920000076293945, "10": 9.920000076293945, "11": 9.920000076293945, "12": 9.920000076293945, "13": 9.970000267028809, "14": 9.90999984741211, "15": 9.949999809265137, "16": 9.979999542236328, "17": 9.979999542236328, "18": 9.979999542236328, "19": 9.979999542236328, "20": 9.979999542236328, "21": 9.979999542236328, "22": 9.979999542236328, "23": 9.979999542236328, "24": 9.920000076293945, "25": 9.960000038146973, "26": 9.989999771118164, "27": 9.989999771118164, "28": 9.979999542236328, "29": 9.970000267028809, "30": 9.979999542236328, "31": 9.960000038146973, "32": 9.960000038146973, "33": 9.960000038146973, "34": 10.010000228881836, "35": 9.960000038146973, "36": 9.949999809265137, "37": 10.010000228881836, "38": 10.010000228881836, "39": 9.960000038146973, "40": 9.960000038146973, "41": 10.0, "42": 10.0, "43": 10.0, "44": 9.979999542236328, "45": 9.970000267028809, "46": 10.029999732971191, "47": 10.029999732971191, "48": 10.029999732971191, "49": 10.029999732971191, "50": 10.029999732971191, "51": 10.0600004196167, "52": 10.020000457763672, "53": 10.010000228881836, "54": 10.010000228881836, "55": 10.010000228881836, "56": 10.010000228881836, "57": 10.050000190734863, "58": 10.010000228881836, "59": 10.010000228881836, "60": 10.010000228881836, "61": 10.039999961853027, "62": 10.010000228881836, "63": 10.010000228881836, "64": 10.010000228881836, "65": 10.010000228881836, "66": 10.010000228881836, "67": 10.010000228881836, "68": 10.010000228881836, "69": 10.010000228881836, "70": 10.010000228881836, "71": 10.010000228881836, "72": 9.979999542236328, "73": 9.960000038146973, "74": 9.970000267028809, "75": 9.970000267028809, "76": 10.0, "77": 9.970000267028809, "78": 9.970000267028809, "79": 10.020000457763672, "80": 10.0, "81": 9.979999542236328, "82": 9.979999542236328, "83": 10.010000228881836, "84": 10.010000228881836, "85": 10.010000228881836, "86": 10.029999732971191, "87": 10.020000457763672, "88": 10.020000457763672, "89": 10.020000457763672, "90": 10.020000457763672, "91": 10.020000457763672, "92": 10.079999923706055, "93": 10.039999961853027, "94": 10.039999961853027, "95": 10.029999732971191, "96": 10.039999961853027, "97": 10.039999961853027, "98": 10.039999961853027, "99": 10.029999732971191, "100": 10.029999732971191, "101": 10.024999618530273, "102": 10.020000457763672, "103": 10.020000457763672, "104": 10.020000457763672, "105": 10.020000457763672, "106": 10.079999923706055, "107": 10.020000457763672, "108": 10.020000457763672, "109": 10.020000457763672, "110": 10.029999732971191, "111": 10.029999732971191, "112": 10.029999732971191, "113": 10.029999732971191, "114": 10.050000190734863, "115": 10.0600004196167, "116": 10.0600004196167, "117": 10.0600004196167, "118": 10.050000190734863, "119": 10.039999961853027, "120": 10.039999961853027, "121": 10.0600004196167, "122": 10.050000190734863, "123": 10.0600004196167, "124": 10.0600004196167, "125": 10.0600004196167, "126": 10.0600004196167, "127": 10.069999694824219, "128": 10.069999694824219, "129": 10.069999694824219, "130": 10.079999923706055, "131": 10.09000015258789, "132": 10.069999694824219, "133": 10.067999839782715, "134": 10.079999923706055, "135": 10.09000015258789, "136": 10.09000015258789, "137": 10.09000015258789, "138": 10.09000015258789, "139": 10.109999656677246, "140": 10.130000114440918, "141": 10.069999694824219, "142": 10.069999694824219, "143": 10.109999656677246, "144": 10.100000381469727, "145": 10.130000114440918, "146": 10.130000114440918, "147": 10.119999885559082, "148": 10.119999885559082, "149": 10.130000114440918, "150": 10.130000114440918, "151": 10.119999885559082, "152": 10.140000343322754, "153": 10.140000343322754, "154": 10.119999885559082, "155": 10.130000114440918, "156": 10.15999984741211, "157": 10.15999984741211, "158": 10.149999618530273, "159": 10.15999984741211, "160": 10.180000305175781, "161": 10.170000076293945, "162": 10.15999984741211, "163": 10.170000076293945, "164": 10.1899995803833, "165": 10.15999984741211, "166": 10.15999984741211, "167": 10.15999984741211, "168": 10.15999984741211, "169": 10.15999984741211, "170": 10.149999618530273, "171": 10.15999984741211, "172": 10.15999984741211, "173": 10.15999984741211, "174": 10.15999984741211, "175": 10.15999984741211, "176": 10.15999984741211, "177": 10.15999984741211, "178": 10.180000305175781, "179": 10.180000305175781, "180": 10.180000305175781, "181": 10.180000305175781, "182": 10.180000305175781, "183": 10.180000305175781, "184": 10.1899995803833, "185": 10.21500015258789, "186": 10.21500015258789, "187": 10.210000038146973, "188": 10.25, "189": 10.234999656677246, "190": 10.239999771118164, "191": 10.239999771118164, "192": 10.260000228881836, "193": 10.220000267028809, "194": 10.229999542236328, "195": 10.229999542236328, "196": 10.260000228881836, "197": 10.279999732971191, "198": 10.279999732971191, "199": 10.279999732971191, "200": 10.270000457763672, "201": 10.289999961853027, "202": 10.3100004196167, "203": 10.3100004196167, "204": 10.300000190734863, "205": 10.28499984741211, "206": 10.289999961853027, "207": 10.289999961853027, "208": 10.260000228881836, "209": 10.260000228881836, "210": 10.3100004196167, "211": 10.289999961853027, "212": 10.289999961853027, "213": 10.289999961853027, "214": 10.300000190734863, "215": 10.300000190734863, "216": 10.350000381469727, "217": 10.3100004196167, "218": 10.300000190734863, "219": 10.3100004196167, "220": 10.319999694824219, "221": 10.329999923706055, "222": 10.319999694824219, "223": 10.319999694824219, "224": 10.319999694824219, "225": 10.319999694824219, "226": 10.319999694824219, "227": 10.359999656677246, "228": 10.359999656677246, "229": 10.359999656677246, "230": 10.359999656677246, "231": 10.359999656677246, "232": 10.359999656677246, "233": 10.364999771118164, "234": 10.369999885559082, "235": 10.380000114440918, "236": 10.380000114440918, "237": 10.390000343322754, "238": 10.390000343322754, "239": 10.390000343322754, "240": 10.390000343322754, "241": 10.399999618530273, "242": 10.40999984741211, "243": 10.399999618530273, "244": 10.40999984741211, "245": 10.420000076293945, "246": 10.420000076293945, "247": 10.430000305175781, "248": 10.430000305175781, "249": 10.430000305175781, "250": 10.430000305175781, "251": 10.430000305175781, "252": 10.449999809265137, "253": 10.449999809265137, "254": 10.449999809265137, "255": 10.449999809265137, "256": 10.449999809265137, "257": 10.465999603271484, "258": 10.460000038146973, "259": 10.460000038146973, "260": 10.460000038146973, "261": 10.470000267028809, "262": 10.470000267028809, "263": 10.479999542236328, "264": 10.479999542236328, "265": 10.489999771118164, "266": 10.484999656677246, "267": 10.800000190734863, "268": 10.489999771118164, "269": 10.489999771118164, "270": 10.489999771118164, "271": 10.510000228881836, "272": 10.510000228881836, "273": 10.505000114440918, "274": 10.5, "275": 10.5, "276": 10.5, "277": 10.510000228881836, "278": 10.510000228881836, "279": 10.520000457763672, "280": 10.520000457763672, "281": 10.520000457763672, "282": 10.520000457763672, "283": 10.529999732971191, "284": 10.529999732971191, "285": 10.529999732971191, "286": 10.529999732971191, "287": 10.555000305175781, "288": 10.550000190734863, "289": 10.539999961853027, "290": 10.539999961853027, "291": 10.539999961853027, "292": 10.539999961853027, "293": 10.539999961853027, "294": 10.550000190734863, "295": 10.550000190734863, "296": 10.550000190734863, "297": 10.555000305175781, "298": 10.569999694824219, "299": 10.569999694824219, "300": 10.550000190734863, "301": 10.5600004196167, "302": 10.5600004196167, "303": 10.5600004196167, "304": 10.5600004196167, "305": 10.699999809265137, "306": 10.699999809265137, "307": 10.619999885559082, "308": 10.630000114440918, "309": 10.630000114440918, "310": 10.630000114440918, "311": 10.630000114440918, "312": 10.630000114440918, "313": 10.720000267028809, "314": 10.720000267028809, "315": 10.720000267028809, "316": 10.720000267028809, "317": 10.600000381469727, "318": 10.6899995803833, "319": 10.6899995803833, "320": 10.6899995803833, "321": 10.6899995803833, "322": 10.609999656677246, "323": 10.640000343322754, "324": 10.630000114440918, "325": 10.630000114440918, "326": 10.640000343322754, "327": 10.640000343322754, "328": 10.640000343322754, "329": 10.640000343322754, "330": 10.640000343322754, "331": 10.640000343322754, "332": 10.630000114440918, "333": 10.640000343322754, "334": 10.649999618530273, "335": 10.640000343322754, "336": 10.649999618530273, "337": 10.649999618530273, "338": 10.65999984741211, "339": 10.65999984741211, "340": 10.65999984741211, "341": 10.710000038146973, "342": 10.720000267028809, "343": 10.720000267028809, "344": 10.75, "345": 10.760000228881836, "346": 10.779999732971191, "347": 11.109999656677246, "348": 11.180000305175781, "349": 10.760000228881836}, "high": {"0": 9.859999656677246, "1": 10.0, "2": 9.989999771118164, "3": 9.930000305175781, "4": 9.930000305175781, "5": 9.920000076293945, "6": 9.920000076293945, "7": 9.920000076293945, "8": 9.920000076293945, "9": 9.920000076293945, "10": 9.920000076293945, "11": 9.920000076293945, "12": 9.920000076293945, "13": 9.970000267028809, "14": 9.90999984741211, "15": 9.949999809265137, "16": 9.989999771118164, "17": 9.979999542236328, "18": 9.979999542236328, "19": 9.979999542236328, "20": 9.979999542236328, "21": 9.979999542236328, "22": 9.979999542236328, "23": 9.979999542236328, "24": 9.960000038146973, "25": 9.989999771118164, "26": 9.989999771118164, "27": 9.989999771118164, "28": 9.979999542236328, "29": 9.970000267028809, "30": 9.979999542236328, "31": 9.960000038146973, "32": 9.960000038146973, "33": 10.0, "34": 10.029999732971191, "35": 9.960000038146973, "36": 9.949999809265137, "37": 10.010000228881836, "38": 10.010000228881836, "39": 9.960000038146973, "40": 10.010000228881836, "41": 10.0, "42": 10.0, "43": 10.0, "44": 10.005000114440918, "45": 10.020000457763672, "46": 10.039999961853027, "47": 10.029999732971191, "48": 10.029999732971191, "49": 10.029999732971191, "50": 10.029999732971191, "51": 10.0600004196167, "52": 10.020000457763672, "53": 10.010000228881836, "54": 10.010000228881836, "55": 10.010000228881836, "56": 10.010000228881836, "57": 10.050000190734863, "58": 10.010000228881836, "59": 10.010000228881836, "60": 10.010000228881836, "61": 10.039999961853027, "62": 10.010000228881836, "63": 10.010000228881836, "64": 10.010000228881836, "65": 10.010000228881836, "66": 10.010000228881836, "67": 10.010000228881836, "68": 10.010000228881836, "69": 10.010000228881836, "70": 10.010000228881836, "71": 10.010000228881836, "72": 9.979999542236328, "73": 9.960000038146973, "74": 10.0, "75": 10.010000228881836, "76": 10.0, "77": 9.970000267028809, "78": 9.970000267028809, "79": 10.020000457763672, "80": 10.0, "81": 9.979999542236328, "82": 9.979999542236328, "83": 10.010000228881836, "84": 10.010000228881836, "85": 10.010000228881836, "86": 10.029999732971191, "87": 10.020000457763672, "88": 10.020000457763672, "89": 10.020000457763672, "90": 10.020000457763672, "91": 10.020000457763672, "92": 10.109999656677246, "93": 10.039999961853027, "94": 10.039999961853027, "95": 10.029999732971191, "96": 10.039999961853027, "97": 10.039999961853027, "98": 10.039999961853027, "99": 10.029999732971191, "100": 10.029999732971191, "101": 10.024999618530273, "102": 10.020000457763672, "103": 10.020000457763672, "104": 10.020000457763672, "105": 10.020000457763672, "106": 10.079999923706055, "107": 10.020000457763672, "108": 10.020000457763672, "109": 10.020000457763672, "110": 10.039999961853027, "111": 10.029999732971191, "112": 10.029999732971191, "113": 10.029999732971191, "114": 10.050000190734863, "115": 10.0600004196167, "116": 10.0600004196167, "117": 10.0600004196167, "118": 10.050000190734863, "119": 10.039999961853027, "120": 10.039999961853027, "121": 10.0600004196167, "122": 10.0600004196167, "123": 10.0600004196167, "124": 10.0600004196167, "125": 10.0600004196167, "126": 10.069999694824219, "127": 10.069999694824219, "128": 10.069999694824219, "129": 10.069999694824219, "130": 10.09000015258789, "131": 10.09000015258789, "132": 10.069999694824219, "133": 10.067999839782715, "134": 10.09000015258789, "135": 10.09000015258789, "136": 10.09000015258789, "137": 10.09000015258789, "138": 10.09000015258789, "139": 10.109999656677246, "140": 10.130000114440918, "141": 10.069999694824219, "142": 10.069999694824219, "143": 10.119999885559082, "144": 10.130000114440918, "145": 10.130000114440918, "146": 10.140000343322754, "147": 10.119999885559082, "148": 10.130000114440918, "149": 10.130000114440918, "150": 10.130000114440918, "151": 10.140000343322754, "152": 10.140000343322754, "153": 10.140000343322754, "154": 10.130000114440918, "155": 10.149999618530273, "156": 10.15999984741211, "157": 10.15999984741211, "158": 10.149999618530273, "159": 10.164999961853027, "160": 10.180000305175781, "161": 10.170000076293945, "162": 10.170000076293945, "163": 10.170000076293945, "164": 10.1899995803833, "165": 10.15999984741211, "166": 10.15999984741211, "167": 10.15999984741211, "168": 10.15999984741211, "169": 10.15999984741211, "170": 10.15999984741211, "171": 10.15999984741211, "172": 10.15999984741211, "173": 10.15999984741211, "174": 10.15999984741211, "175": 10.15999984741211, "176": 10.15999984741211, "177": 10.180000305175781, "178": 10.180000305175781, "179": 10.180000305175781, "180": 10.180000305175781, "181": 10.180000305175781, "182": 10.180000305175781, "183": 10.180000305175781, "184": 10.1899995803833, "185": 10.21500015258789, "186": 10.21500015258789, "187": 10.25, "188": 10.25, "189": 10.25, "190": 10.239999771118164, "191": 10.239999771118164, "192": 10.260000228881836, "193": 10.220000267028809, "194": 10.260000228881836, "195": 10.229999542236328, "196": 10.279999732971191, "197": 10.279999732971191, "198": 10.279999732971191, "199": 10.279999732971191, "200": 10.293000221252441, "201": 10.300000190734863, "202": 10.3100004196167, "203": 10.3100004196167, "204": 10.300000190734863, "205": 10.28499984741211, "206": 10.289999961853027, "207": 10.289999961853027, "208": 10.260000228881836, "209": 10.260000228881836, "210": 10.3100004196167, "211": 10.289999961853027, "212": 10.289999961853027, "213": 10.289999961853027, "214": 10.300000190734863, "215": 10.300000190734863, "216": 10.350000381469727, "217": 10.3100004196167, "218": 10.300000190734863, "219": 10.3100004196167, "220": 10.319999694824219, "221": 10.329999923706055, "222": 10.319999694824219, "223": 10.319999694824219, "224": 10.319999694824219, "225": 10.319999694824219, "226": 10.319999694824219, "227": 10.359999656677246, "228": 10.359999656677246, "229": 10.359999656677246, "230": 10.359999656677246, "231": 10.359999656677246, "232": 10.359999656677246, "233": 10.369999885559082, "234": 10.369999885559082, "235": 10.380000114440918, "236": 10.380000114440918, "237": 10.390000343322754, "238": 10.390000343322754, "239": 10.390000343322754, "240": 10.390000343322754, "241": 10.40999984741211, "242": 10.40999984741211, "243": 10.399999618530273, "244": 10.420000076293945, "245": 10.420000076293945, "246": 10.430000305175781, "247": 10.4350004196167, "248": 10.4350004196167, "249": 10.4399995803833, "250": 10.430000305175781, "251": 10.449999809265137, "252": 10.539999961853027, "253": 10.460000038146973, "254": 10.449999809265137, "255": 10.449999809265137, "256": 10.460000038146973, "257": 10.465999603271484, "258": 10.460000038146973, "259": 10.460000038146973, "260": 10.460000038146973, "261": 10.470000267028809, "262": 10.470000267028809, "263": 10.479999542236328, "264": 10.479999542236328, "265": 10.489999771118164, "266": 10.484999656677246, "267": 10.800000190734863, "268": 10.5, "269": 10.489999771118164, "270": 10.5, "271": 10.510000228881836, "272": 10.550000190734863, "273": 10.505000114440918, "274": 10.505000114440918, "275": 10.510000228881836, "276": 10.505000114440918, "277": 10.510000228881836, "278": 10.510000228881836, "279": 10.520000457763672, "280": 10.520000457763672, "281": 10.520000457763672, "282": 10.520000457763672, "283": 10.529999732971191, "284": 10.529999732971191, "285": 10.529999732971191, "286": 10.529999732971191, "287": 10.555000305175781, "288": 10.550000190734863, "289": 10.550000190734863, "290": 10.539999961853027, "291": 10.539999961853027, "292": 10.539999961853027, "293": 10.539999961853027, "294": 10.550000190734863, "295": 10.550000190734863, "296": 10.550000190734863, "297": 10.569999694824219, "298": 10.569999694824219, "299": 10.569999694824219, "300": 10.550000190734863, "301": 10.5600004196167, "302": 10.5600004196167, "303": 10.5600004196167, "304": 10.579999923706055, "305": 10.699999809265137, "306": 10.699999809265137, "307": 10.630000114440918, "308": 10.630000114440918, "309": 10.630000114440918, "310": 10.630000114440918, "311": 10.630000114440918, "312": 10.630000114440918, "313": 10.720000267028809, "314": 10.720000267028809, "315": 10.720000267028809, "316": 10.720000267028809, "317": 10.600000381469727, "318": 10.6899995803833, "319": 10.6899995803833, "320": 10.6899995803833, "321": 10.6899995803833, "322": 10.640000343322754, "323": 10.640000343322754, "324": 10.630000114440918, "325": 10.630000114440918, "326": 10.640000343322754, "327": 10.640000343322754, "328": 10.640000343322754, "329": 10.640000343322754, "330": 10.640000343322754, "331": 10.640000343322754, "332": 10.630000114440918, "333": 10.640000343322754, "334": 10.649999618530273, "335": 10.651000022888184, "336": 10.649999618530273, "337": 10.65999984741211, "338": 10.65999984741211, "339": 10.65999984741211, "340": 10.65999984741211, "341": 10.720000267028809, "342": 10.720000267028809, "343": 10.729999542236328, "344": 10.760000228881836, "345": 10.760000228881836, "346": 10.800000190734863, "347": 11.109999656677246, "348": 11.180000305175781, "349": 11.050000190734863}, "low": {"0": 9.859999656677246, "1": 10.0, "2": 9.899999618530273, "3": 9.930000305175781, "4": 9.920000076293945, "5": 9.864999771118164, "6": 9.920000076293945, "7": 9.920000076293945, "8": 9.920000076293945, "9": 9.920000076293945, "10": 9.920000076293945, "11": 9.920000076293945, "12": 9.920000076293945, "13": 9.930000305175781, "14": 9.90999984741211, "15": 9.949999809265137, "16": 9.979999542236328, "17": 9.979999542236328, "18": 9.979999542236328, "19": 9.979999542236328, "20": 9.979999542236328, "21": 9.979999542236328, "22": 9.979999542236328, "23": 9.979999542236328, "24": 9.920000076293945, "25": 9.949999809265137, "26": 9.989999771118164, "27": 9.989999771118164, "28": 9.979999542236328, "29": 9.970000267028809, "30": 9.970000267028809, "31": 9.960000038146973, "32": 9.960000038146973, "33": 9.960000038146973, "34": 10.005000114440918, "35": 9.949999809265137, "36": 9.949999809265137, "37": 10.0, "38": 10.010000228881836, "39": 9.960000038146973, "40": 9.960000038146973, "41": 10.0, "42": 10.0, "43": 10.0, "44": 9.979999542236328, "45": 9.970000267028809, "46": 10.029999732971191, "47": 10.024999618530273, "48": 10.029999732971191, "49": 10.029999732971191, "50": 10.029999732971191, "51": 10.0600004196167, "52": 10.020000457763672, "53": 10.010000228881836, "54": 10.010000228881836, "55": 10.010000228881836, "56": 10.010000228881836, "57": 10.010000228881836, "58": 10.010000228881836, "59": 10.010000228881836, "60": 10.010000228881836, "61": 10.010000228881836, "62": 10.010000228881836, "63": 10.010000228881836, "64": 10.010000228881836, "65": 10.010000228881836, "66": 10.010000228881836, "67": 10.010000228881836, "68": 10.010000228881836, "69": 10.010000228881836, "70": 10.010000228881836, "71": 10.010000228881836, "72": 9.960000038146973, "73": 9.949999809265137, "74": 9.970000267028809, "75": 9.970000267028809, "76": 9.949999809265137, "77": 9.970000267028809, "78": 9.970000267028809, "79": 9.979999542236328, "80": 9.979999542236328, "81": 9.979999542236328, "82": 9.979999542236328, "83": 10.010000228881836, "84": 9.989999771118164, "85": 10.010000228881836, "86": 10.029999732971191, "87": 10.010000228881836, "88": 10.020000457763672, "89": 10.020000457763672, "90": 10.020000457763672, "91": 10.020000457763672, "92": 10.010000228881836, "93": 10.039999961853027, "94": 10.010000228881836, "95": 10.029999732971191, "96": 10.039999961853027, "97": 10.039999961853027, "98": 10.039999961853027, "99": 10.020000457763672, "100": 10.029999732971191, "101": 10.020000457763672, "102": 10.020000457763672, "103": 10.020000457763672, "104": 10.020000457763672, "105": 10.020000457763672, "106": 10.020000457763672, "107": 10.020000457763672, "108": 10.020000457763672, "109": 10.020000457763672, "110": 10.029999732971191, "111": 10.029999732971191, "112": 10.029999732971191, "113": 10.029999732971191, "114": 10.050000190734863, "115": 10.0600004196167, "116": 10.039999961853027, "117": 10.0600004196167, "118": 10.039999961853027, "119": 10.039999961853027, "120": 10.039999961853027, "121": 10.0600004196167, "122": 10.050000190734863, "123": 10.0600004196167, "124": 10.0600004196167, "125": 10.0600004196167, "126": 10.0600004196167, "127": 10.069999694824219, "128": 10.069999694824219, "129": 10.069999694824219, "130": 10.079999923706055, "131": 10.09000015258789, "132": 10.067999839782715, "133": 10.067999839782715, "134": 10.039999961853027, "135": 10.09000015258789, "136": 10.09000015258789, "137": 10.09000015258789, "138": 10.09000015258789, "139": 10.109999656677246, "140": 10.130000114440918, "141": 10.069999694824219, "142": 10.069999694824219, "143": 10.109999656677246, "144": 10.100000381469727, "145": 10.100000381469727, "146": 10.130000114440918, "147": 10.079999923706055, "148": 10.119999885559082, "149": 10.130000114440918, "150": 10.130000114440918, "151": 10.119999885559082, "152": 10.140000343322754, "153": 10.140000343322754, "154": 10.100000381469727, "155": 10.130000114440918, "156": 10.15999984741211, "157": 10.15999984741211, "158": 10.149999618530273, "159": 10.149999618530273, "160": 10.149999618530273, "161": 10.170000076293945, "162": 10.15999984741211, "163": 10.170000076293945, "164": 10.15999984741211, "165": 10.15999984741211, "166": 10.15999984741211, "167": 10.15999984741211, "168": 10.15999984741211, "169": 10.15999984741211, "170": 10.149999618530273, "171": 10.15999984741211, "172": 10.15999984741211, "173": 10.15999984741211, "174": 10.15999984741211, "175": 10.15999984741211, "176": 10.15999984741211, "177": 10.15999984741211, "178": 10.180000305175781, "179": 10.180000305175781, "180": 10.180000305175781, "181": 10.180000305175781, "182": 10.180000305175781, "183": 10.180000305175781, "184": 10.1899995803833, "185": 10.21500015258789, "186": 10.21500015258789, "187": 10.210000038146973, "188": 10.25, "189": 10.220000267028809, "190": 10.239999771118164, "191": 10.239999771118164, "192": 10.220000267028809, "193": 10.220000267028809, "194": 10.229999542236328, "195": 10.229999542236328, "196": 10.260000228881836, "197": 10.279999732971191, "198": 10.279999732971191, "199": 10.279999732971191, "200": 10.270000457763672, "201": 10.289999961853027, "202": 10.279999732971191, "203": 10.3100004196167, "204": 10.28499984741211, "205": 10.28499984741211, "206": 10.279999732971191, "207": 10.289999961853027, "208": 10.260000228881836, "209": 10.260000228881836, "210": 10.289999961853027, "211": 10.279999732971191, "212": 10.289999961853027, "213": 10.289999961853027, "214": 10.300000190734863, "215": 10.300000190734863, "216": 10.3100004196167, "217": 10.3100004196167, "218": 10.300000190734863, "219": 10.3100004196167, "220": 10.319999694824219, "221": 10.319999694824219, "222": 10.319999694824219, "223": 10.319999694824219, "224": 10.319999694824219, "225": 10.319999694824219, "226": 10.319999694824219, "227": 10.350000381469727, "228": 10.359999656677246, "229": 10.359999656677246, "230": 10.359999656677246, "231": 10.359999656677246, "232": 10.359999656677246, "233": 10.350000381469727, "234": 10.369999885559082, "235": 10.380000114440918, "236": 10.380000114440918, "237": 10.390000343322754, "238": 10.390000343322754, "239": 10.390000343322754, "240": 10.390000343322754, "241": 10.390000343322754, "242": 10.40999984741211, "243": 10.399999618530273, "244": 10.40999984741211, "245": 10.414999961853027, "246": 10.420000076293945, "247": 10.425000190734863, "248": 10.430000305175781, "249": 10.430000305175781, "250": 10.430000305175781, "251": 10.430000305175781, "252": 10.449999809265137, "253": 10.449999809265137, "254": 10.4399995803833, "255": 10.4399995803833, "256": 10.449999809265137, "257": 10.449999809265137, "258": 10.460000038146973, "259": 10.460000038146973, "260": 10.460000038146973, "261": 10.470000267028809, "262": 10.470000267028809, "263": 10.479999542236328, "264": 10.479999542236328, "265": 10.484999656677246, "266": 10.484999656677246, "267": 10.479999542236328, "268": 10.489999771118164, "269": 10.489999771118164, "270": 10.489999771118164, "271": 10.510000228881836, "272": 10.510000228881836, "273": 10.5, "274": 10.489999771118164, "275": 10.5, "276": 10.5, "277": 10.510000228881836, "278": 10.510000228881836, "279": 10.520000457763672, "280": 10.520000457763672, "281": 10.520000457763672, "282": 10.520000457763672, "283": 10.529999732971191, "284": 10.529999732971191, "285": 10.529999732971191, "286": 10.529999732971191, "287": 10.550000190734863, "288": 10.550000190734863, "289": 10.539999961853027, "290": 10.539999961853027, "291": 10.539999961853027, "292": 10.539999961853027, "293": 10.539999961853027, "294": 10.539999961853027, "295": 10.550000190734863, "296": 10.550000190734863, "297": 10.555000305175781, "298": 10.569999694824219, "299": 10.569999694824219, "300": 10.550000190734863, "301": 10.5600004196167, "302": 10.5600004196167, "303": 10.5600004196167, "304": 10.5600004196167, "305": 10.699999809265137, "306": 10.699999809265137, "307": 10.609999656677246, "308": 10.630000114440918, "309": 10.630000114440918, "310": 10.630000114440918, "311": 10.630000114440918, "312": 10.630000114440918, "313": 10.720000267028809, "314": 10.720000267028809, "315": 10.720000267028809, "316": 10.720000267028809, "317": 10.600000381469727, "318": 10.6899995803833, "319": 10.6899995803833, "320": 10.6899995803833, "321": 10.6899995803833, "322": 10.609999656677246, "323": 10.640000343322754, "324": 10.630000114440918, "325": 10.630000114440918, "326": 10.640000343322754, "327": 10.640000343322754, "328": 10.640000343322754, "329": 10.640000343322754, "330": 10.640000343322754, "331": 10.630000114440918, "332": 10.630000114440918, "333": 10.640000343322754, "334": 10.645000457763672, "335": 10.640000343322754, "336": 10.649999618530273, "337": 10.649999618530273, "338": 10.65999984741211, "339": 10.65999984741211, "340": 10.65999984741211, "341": 10.710000038146973, "342": 10.720000267028809, "343": 10.720000267028809, "344": 10.75, "345": 10.760000228881836, "346": 10.770000457763672, "347": 10.850000381469727, "348": 10.75, "349": 10.75}, "close": {"0": 9.859999656677246, "1": 10.0, "2": 9.930000305175781, "3": 9.930000305175781, "4": 9.920000076293945, "5": 9.920000076293945, "6": 9.920000076293945, "7": 9.920000076293945, "8": 9.920000076293945, "9": 9.920000076293945, "10": 9.920000076293945, "11": 9.920000076293945, "12": 9.920000076293945, "13": 9.930000305175781, "14": 9.90999984741211, "15": 9.949999809265137, "16": 9.979999542236328, "17": 9.979999542236328, "18": 9.979999542236328, "19": 9.979999542236328, "20": 9.979999542236328, "21": 9.979999542236328, "22": 9.979999542236328, "23": 9.979999542236328, "24": 9.954999923706055, "25": 9.989999771118164, "26": 9.989999771118164, "27": 9.989999771118164, "28": 9.979999542236328, "29": 9.970000267028809, "30": 9.970000267028809, "31": 9.960000038146973, "32": 9.960000038146973, "33": 10.0, "34": 10.005000114440918, "35": 9.949999809265137, "36": 9.949999809265137, "37": 10.010000228881836, "38": 10.010000228881836, "39": 9.960000038146973, "40": 10.010000228881836, "41": 10.0, "42": 10.0, "43": 10.0, "44": 10.005000114440918, "45": 10.020000457763672, "46": 10.039999961853027, "47": 10.029999732971191, "48": 10.029999732971191, "49": 10.029999732971191, "50": 10.029999732971191, "51": 10.0600004196167, "52": 10.020000457763672, "53": 10.010000228881836, "54": 10.010000228881836, "55": 10.010000228881836, "56": 10.010000228881836, "57": 10.010000228881836, "58": 10.010000228881836, "59": 10.010000228881836, "60": 10.010000228881836, "61": 10.010000228881836, "62": 10.010000228881836, "63": 10.010000228881836, "64": 10.010000228881836, "65": 10.010000228881836, "66": 10.010000228881836, "67": 10.010000228881836, "68": 10.010000228881836, "69": 10.010000228881836, "70": 10.010000228881836, "71": 10.010000228881836, "72": 9.960000038146973, "73": 9.949999809265137, "74": 9.970000267028809, "75": 10.010000228881836, "76": 9.970000267028809, "77": 9.970000267028809, "78": 9.970000267028809, "79": 9.979999542236328, "80": 9.979999542236328, "81": 9.979999542236328, "82": 9.979999542236328, "83": 10.010000228881836, "84": 10.010000228881836, "85": 10.010000228881836, "86": 10.029999732971191, "87": 10.010000228881836, "88": 10.020000457763672, "89": 10.020000457763672, "90": 10.020000457763672, "91": 10.020000457763672, "92": 10.039999961853027, "93": 10.039999961853027, "94": 10.020000457763672, "95": 10.029999732971191, "96": 10.039999961853027, "97": 10.039999961853027, "98": 10.039999961853027, "99": 10.020000457763672, "100": 10.029999732971191, "101": 10.020000457763672, "102": 10.020000457763672, "103": 10.020000457763672, "104": 10.020000457763672, "105": 10.020000457763672, "106": 10.020000457763672, "107": 10.020000457763672, "108": 10.020000457763672, "109": 10.020000457763672, "110": 10.029999732971191, "111": 10.029999732971191, "112": 10.029999732971191, "113": 10.029999732971191, "114": 10.050000190734863, "115": 10.0600004196167, "116": 10.0600004196167, "117": 10.0600004196167, "118": 10.039999961853027, "119": 10.039999961853027, "120": 10.039999961853027, "121": 10.0600004196167, "122": 10.0600004196167, "123": 10.0600004196167, "124": 10.0600004196167, "125": 10.0600004196167, "126": 10.069999694824219, "127": 10.069999694824219, "128": 10.069999694824219, "129": 10.069999694824219, "130": 10.09000015258789, "131": 10.09000015258789, "132": 10.067999839782715, "133": 10.067999839782715, "134": 10.09000015258789, "135": 10.09000015258789, "136": 10.09000015258789, "137": 10.09000015258789, "138": 10.09000015258789, "139": 10.109999656677246, "140": 10.130000114440918, "141": 10.069999694824219, "142": 10.069999694824219, "143": 10.109999656677246, "144": 10.130000114440918, "145": 10.130000114440918, "146": 10.130000114440918, "147": 10.119999885559082, "148": 10.130000114440918, "149": 10.130000114440918, "150": 10.130000114440918, "151": 10.140000343322754, "152": 10.140000343322754, "153": 10.140000343322754, "154": 10.130000114440918, "155": 10.130000114440918, "156": 10.15999984741211, "157": 10.15999984741211, "158": 10.149999618530273, "159": 10.15999984741211, "160": 10.149999618530273, "161": 10.170000076293945, "162": 10.170000076293945, "163": 10.170000076293945, "164": 10.15999984741211, "165": 10.15999984741211, "166": 10.15999984741211, "167": 10.15999984741211, "168": 10.15999984741211, "169": 10.15999984741211, "170": 10.15999984741211, "171": 10.15999984741211, "172": 10.15999984741211, "173": 10.15999984741211, "174": 10.15999984741211, "175": 10.15999984741211, "176": 10.15999984741211, "177": 10.180000305175781, "178": 10.180000305175781, "179": 10.180000305175781, "180": 10.180000305175781, "181": 10.180000305175781, "182": 10.180000305175781, "183": 10.180000305175781, "184": 10.1899995803833, "185": 10.21500015258789, "186": 10.21500015258789, "187": 10.25, "188": 10.25, "189": 10.25, "190": 10.239999771118164, "191": 10.239999771118164, "192": 10.220000267028809, "193": 10.220000267028809, "194": 10.229999542236328, "195": 10.229999542236328, "196": 10.279999732971191, "197": 10.279999732971191, "198": 10.279999732971191, "199": 10.279999732971191, "200": 10.289999961853027, "201": 10.300000190734863, "202": 10.279999732971191, "203": 10.3100004196167, "204": 10.28499984741211, "205": 10.28499984741211, "206": 10.289999961853027, "207": 10.289999961853027, "208": 10.260000228881836, "209": 10.260000228881836, "210": 10.289999961853027, "211": 10.289999961853027, "212": 10.289999961853027, "213": 10.289999961853027, "214": 10.300000190734863, "215": 10.300000190734863, "216": 10.3100004196167, "217": 10.3100004196167, "218": 10.300000190734863, "219": 10.3100004196167, "220": 10.319999694824219, "221": 10.319999694824219, "222": 10.319999694824219, "223": 10.319999694824219, "224": 10.319999694824219, "225": 10.319999694824219, "226": 10.319999694824219, "227": 10.359999656677246, "228": 10.359999656677246, "229": 10.359999656677246, "230": 10.359999656677246, "231": 10.359999656677246, "232": 10.359999656677246, "233": 10.359999656677246, "234": 10.369999885559082, "235": 10.380000114440918, "236": 10.380000114440918, "237": 10.390000343322754, "238": 10.390000343322754, "239": 10.390000343322754, "240": 10.390000343322754, "241": 10.390000343322754, "242": 10.40999984741211, "243": 10.399999618530273, "244": 10.420000076293945, "245": 10.420000076293945, "246": 10.420000076293945, "247": 10.430000305175781, "248": 10.430000305175781, "249": 10.430000305175781, "250": 10.430000305175781, "251": 10.4399995803833, "252": 10.449999809265137, "253": 10.460000038146973, "254": 10.4399995803833, "255": 10.449999809265137, "256": 10.460000038146973, "257": 10.449999809265137, "258": 10.460000038146973, "259": 10.460000038146973, "260": 10.460000038146973, "261": 10.470000267028809, "262": 10.470000267028809, "263": 10.479999542236328, "264": 10.479999542236328, "265": 10.484999656677246, "266": 10.484999656677246, "267": 10.489999771118164, "268": 10.494999885559082, "269": 10.489999771118164, "270": 10.5, "271": 10.510000228881836, "272": 10.543999671936035, "273": 10.5, "274": 10.5, "275": 10.510000228881836, "276": 10.505000114440918, "277": 10.510000228881836, "278": 10.510000228881836, "279": 10.520000457763672, "280": 10.520000457763672, "281": 10.520000457763672, "282": 10.520000457763672, "283": 10.529999732971191, "284": 10.529999732971191, "285": 10.529999732971191, "286": 10.529999732971191, "287": 10.550000190734863, "288": 10.550000190734863, "289": 10.539999961853027, "290": 10.539999961853027, "291": 10.539999961853027, "292": 10.539999961853027, "293": 10.539999961853027, "294": 10.539999961853027, "295": 10.550000190734863, "296": 10.550000190734863, "297": 10.569999694824219, "298": 10.569999694824219, "299": 10.569999694824219, "300": 10.550000190734863, "301": 10.5600004196167, "302": 10.5600004196167, "303": 10.5600004196167, "304": 10.579999923706055, "305": 10.699999809265137, "306": 10.699999809265137, "307": 10.630000114440918, "308": 10.630000114440918, "309": 10.630000114440918, "310": 10.630000114440918, "311": 10.630000114440918, "312": 10.630000114440918, "313": 10.720000267028809, "314": 10.720000267028809, "315": 10.720000267028809, "316": 10.720000267028809, "317": 10.600000381469727, "318": 10.6899995803833, "319": 10.6899995803833, "320": 10.6899995803833, "321": 10.6899995803833, "322": 10.640000343322754, "323": 10.640000343322754, "324": 10.630000114440918, "325": 10.630000114440918, "326": 10.640000343322754, "327": 10.640000343322754, "328": 10.640000343322754, "329": 10.640000343322754, "330": 10.640000343322754, "331": 10.640000343322754, "332": 10.630000114440918, "333": 10.640000343322754, "334": 10.645000457763672, "335": 10.649999618530273, "336": 10.649999618530273, "337": 10.65999984741211, "338": 10.65999984741211, "339": 10.65999984741211, "340": 10.65999984741211, "341": 10.720000267028809, "342": 10.720000267028809, "343": 10.729999542236328, "344": 10.760000228881836, "345": 10.760000228881836, "346": 10.770000457763672, "347": 10.850000381469727, "348": 10.805000305175781, "349": 10.760000228881836}, "volume": {"0": 100, "1": 800, "2": 21600, "3": 21100, "4": 56700, "5": 34000, "6": 300, "7": 0, "8": 50100, "9": 100, "10": 500, "11": 400, "12": 2000, "13": 25800, "14": 25000, "15": 22800, "16": 1200, "17": 0, "18": 0, "19": 0, "20": 0, "21": 0, "22": 0, "23": 0, "24": 23900, "25": 293800, "26": 0, "27": 0, "28": 3700, "29": 2000, "30": 5100, "31": 15300, "32": 0, "33": 2600, "34": 1000, "35": 1700, "36": 0, "37": 12000, "38": 0, "39": 800, "40": 1700, "41": 3400, "42": 0, "43": 0, "44": 1800, "45": 1800, "46": 2200, "47": 8100, "48": 0, "49": 0, "50": 0, "51": 70100, "52": 2400, "53": 1400, "54": 0, "55": 0, "56": 0, "57": 200, "58": 2300, "59": 0, "60": 0, "61": 2500, "62": 0, "63": 0, "64": 0, "65": 0, "66": 0, "67": 0, "68": 0, "69": 0, "70": 0, "71": 0, "72": 517700, "73": 2600, "74": 300, "75": 4700, "76": 79600, "77": 0, "78": 0, "79": 42300, "80": 4500, "81": 0, "82": 0, "83": 200, "84": 226500, "85": 0, "86": 10000, "87": 11500, "88": 10600, "89": 30200, "90": 104700, "91": 0, "92": 2700, "93": 0, "94": 33800, "95": 100, "96": 100, "97": 0, "98": 0, "99": 800, "100": 100, "101": 508200, "102": 4100, "103": 100, "104": 0, "105": 129500, "106": 8500, "107": 200, "108": 0, "109": 0, "110": 4000, "111": 0, "112": 0, "113": 0, "114": 1300, "115": 4500, "116": 230400, "117": 0, "118": 3200, "119": 0, "120": 0, "121": 300, "122": 3200, "123": 0, "124": 0, "125": 200, "126": 31900, "127": 300, "128": 800, "129": 0, "130": 1000, "131": 0, "132": 500, "133": 0, "134": 8100, "135": 0, "136": 0, "137": 0, "138": 0, "139": 100, "140": 400, "141": 300, "142": 0, "143": 9500, "144": 51200, "145": 101300, "146": 16200, "147": 101500, "148": 72900, "149": 100, "150": 0, "151": 6400, "152": 0, "153": 0, "154": 15600, "155": 52300, "156": 1600, "157": 0, "158": 200, "159": 408400, "160": 300, "161": 73800, "162": 14800, "163": 0, "164": 1000, "165": 0, "166": 0, "167": 0, "168": 0, "169": 0, "170": 50000, "171": 0, "172": 0, "173": 0, "174": 0, "175": 74300, "176": 0, "177": 40800, "178": 0, "179": 20000, "180": 0, "181": 0, "182": 0, "183": 0, "184": 260600, "185": 1000, "186": 0, "187": 162800, "188": 200, "189": 8100, "190": 200, "191": 0, "192": 55700, "193": 0, "194": 29800, "195": 0, "196": 328800, "197": 0, "198": 0, "199": 300100, "200": 74900, "201": 41200, "202": 3000, "203": 100, "204": 500, "205": 600, "206": 5800, "207": 0, "208": 100, "209": 0, "210": 300, "211": 24300, "212": 0, "213": 0, "214": 1400, "215": 0, "216": 1300, "217": 0, "218": 100, "219": 200, "220": 300, "221": 22300, "222": 0, "223": 0, "224": 0, "225": 0, "226": 0, "227": 2800, "228": 0, "229": 1500, "230": 1100, "231": 0, "232": 0, "233": 167800, "234": 100, "235": 6900, "236": 0, "237": 1900, "238": 0, "239": 5400, "240": 0, "241": 66300, "242": 20200, "243": 100, "244": 102200, "245": 383600, "246": 789400, "247": 530800, "248": 101300, "249": 181600, "250": 253300, "251": 970100, "252": 624100, "253": 550500, "254": 9400, "255": 1500, "256": 300, "257": 6600, "258": 100, "259": 4800, "260": 0, "261": 200, "262": 0, "263": 100, "264": 300, "265": 300, "266": 0, "267": 32700, "268": 11500, "269": 200, "270": 10300, "271": 9100, "272": 412000, "273": 68400, "274": 87100, "275": 103200, "276": 103400, "277": 6000, "278": 100, "279": 100, "280": 0, "281": 500, "282": 0, "283": 128400, "284": 26100, "285": 0, "286": 0, "287": 6300, "288": 123800, "289": 9400, "290": 14000, "291": 20000, "292": 200, "293": 0, "294": 800, "295": 1100, "296": 1100, "297": 7000, "298": 0, "299": 0, "300": 100, "301": 500, "302": 0, "303": 0, "304": 1211700, "305": 100, "306": 0, "307": 8200, "308": 0, "309": 0, "310": 0, "311": 0, "312": 0, "313": 100, "314": 0, "315": 0, "316": 0, "317": 2300, "318": 200, "319": 0, "320": 0, "321": 0, "322": 600, "323": 0, "324": 100, "325": 0, "326": 1200, "327": 0, "328": 100, "329": 2700, "330": 52500, "331": 4500, "332": 200, "333": 66100, "334": 1100, "335": 47600, "336": 0, "337": 600, "338": 0, "339": 26800, "340": 0, "341": 45700, "342": 0, "343": 150500, "344": 1000, "345": 0, "346": 10800, "347": 400, "348": 3000, "349": 4100}, "adjclose": {"0": 9.859999656677246, "1": 10.0, "2": 9.930000305175781, "3": 9.930000305175781, "4": 9.920000076293945, "5": 9.920000076293945, "6": 9.920000076293945, "7": 9.920000076293945, "8": 9.920000076293945, "9": 9.920000076293945, "10": 9.920000076293945, "11": 9.920000076293945, "12": 9.920000076293945, "13": 9.930000305175781, "14": 9.90999984741211, "15": 9.949999809265137, "16": 9.979999542236328, "17": 9.979999542236328, "18": 9.979999542236328, "19": 9.979999542236328, "20": 9.979999542236328, "21": 9.979999542236328, "22": 9.979999542236328, "23": 9.979999542236328, "24": 9.954999923706055, "25": 9.989999771118164, "26": 9.989999771118164, "27": 9.989999771118164, "28": 9.979999542236328, "29": 9.970000267028809, "30": 9.970000267028809, "31": 9.960000038146973, "32": 9.960000038146973, "33": 10.0, "34": 10.005000114440918, "35": 9.949999809265137, "36": 9.949999809265137, "37": 10.010000228881836, "38": 10.010000228881836, "39": 9.960000038146973, "40": 10.010000228881836, "41": 10.0, "42": 10.0, "43": 10.0, "44": 10.005000114440918, "45": 10.020000457763672, "46": 10.039999961853027, "47": 10.029999732971191, "48": 10.029999732971191, "49": 10.029999732971191, "50": 10.029999732971191, "51": 10.0600004196167, "52": 10.020000457763672, "53": 10.010000228881836, "54": 10.010000228881836, "55": 10.010000228881836, "56": 10.010000228881836, "57": 10.010000228881836, "58": 10.010000228881836, "59": 10.010000228881836, "60": 10.010000228881836, "61": 10.010000228881836, "62": 10.010000228881836, "63": 10.010000228881836, "64": 10.010000228881836, "65": 10.010000228881836, "66": 10.010000228881836, "67": 10.010000228881836, "68": 10.010000228881836, "69": 10.010000228881836, "70": 10.010000228881836, "71": 10.010000228881836, "72": 9.960000038146973, "73": 9.949999809265137, "74": 9.970000267028809, "75": 10.010000228881836, "76": 9.970000267028809, "77": 9.970000267028809, "78": 9.970000267028809, "79": 9.979999542236328, "80": 9.979999542236328, "81": 9.979999542236328, "82": 9.979999542236328, "83": 10.010000228881836, "84": 10.010000228881836, "85": 10.010000228881836, "86": 10.029999732971191, "87": 10.010000228881836, "88": 10.020000457763672, "89": 10.020000457763672, "90": 10.020000457763672, "91": 10.020000457763672, "92": 10.039999961853027, "93": 10.039999961853027, "94": 10.020000457763672, "95": 10.029999732971191, "96": 10.039999961853027, "97": 10.039999961853027, "98": 10.039999961853027, "99": 10.020000457763672, "100": 10.029999732971191, "101": 10.020000457763672, "102": 10.020000457763672, "103": 10.020000457763672, "104": 10.020000457763672, "105": 10.020000457763672, "106": 10.020000457763672, "107": 10.020000457763672, "108": 10.020000457763672, "109": 10.020000457763672, "110": 10.029999732971191, "111": 10.029999732971191, "112": 10.029999732971191, "113": 10.029999732971191, "114": 10.050000190734863, "115": 10.0600004196167, "116": 10.0600004196167, "117": 10.0600004196167, "118": 10.039999961853027, "119": 10.039999961853027, "120": 10.039999961853027, "121": 10.0600004196167, "122": 10.0600004196167, "123": 10.0600004196167, "124": 10.0600004196167, "125": 10.0600004196167, "126": 10.069999694824219, "127": 10.069999694824219, "128": 10.069999694824219, "129": 10.069999694824219, "130": 10.09000015258789, "131": 10.09000015258789, "132": 10.067999839782715, "133": 10.067999839782715, "134": 10.09000015258789, "135": 10.09000015258789, "136": 10.09000015258789, "137": 10.09000015258789, "138": 10.09000015258789, "139": 10.109999656677246, "140": 10.130000114440918, "141": 10.069999694824219, "142": 10.069999694824219, "143": 10.109999656677246, "144": 10.130000114440918, "145": 10.130000114440918, "146": 10.130000114440918, "147": 10.119999885559082, "148": 10.130000114440918, "149": 10.130000114440918, "150": 10.130000114440918, "151": 10.140000343322754, "152": 10.140000343322754, "153": 10.140000343322754, "154": 10.130000114440918, "155": 10.130000114440918, "156": 10.15999984741211, "157": 10.15999984741211, "158": 10.149999618530273, "159": 10.15999984741211, "160": 10.149999618530273, "161": 10.170000076293945, "162": 10.170000076293945, "163": 10.170000076293945, "164": 10.15999984741211, "165": 10.15999984741211, "166": 10.15999984741211, "167": 10.15999984741211, "168": 10.15999984741211, "169": 10.15999984741211, "170": 10.15999984741211, "171": 10.15999984741211, "172": 10.15999984741211, "173": 10.15999984741211, "174": 10.15999984741211, "175": 10.15999984741211, "176": 10.15999984741211, "177": 10.180000305175781, "178": 10.180000305175781, "179": 10.180000305175781, "180": 10.180000305175781, "181": 10.180000305175781, "182": 10.180000305175781, "183": 10.180000305175781, "184": 10.1899995803833, "185": 10.21500015258789, "186": 10.21500015258789, "187": 10.25, "188": 10.25, "189": 10.25, "190": 10.239999771118164, "191": 10.239999771118164, "192": 10.220000267028809, "193": 10.220000267028809, "194": 10.229999542236328, "195": 10.229999542236328, "196": 10.279999732971191, "197": 10.279999732971191, "198": 10.279999732971191, "199": 10.279999732971191, "200": 10.289999961853027, "201": 10.300000190734863, "202": 10.279999732971191, "203": 10.3100004196167, "204": 10.28499984741211, "205": 10.28499984741211, "206": 10.289999961853027, "207": 10.289999961853027, "208": 10.260000228881836, "209": 10.260000228881836, "210": 10.289999961853027, "211": 10.289999961853027, "212": 10.289999961853027, "213": 10.289999961853027, "214": 10.300000190734863, "215": 10.300000190734863, "216": 10.3100004196167, "217": 10.3100004196167, "218": 10.300000190734863, "219": 10.3100004196167, "220": 10.319999694824219, "221": 10.319999694824219, "222": 10.319999694824219, "223": 10.319999694824219, "224": 10.319999694824219, "225": 10.319999694824219, "226": 10.319999694824219, "227": 10.359999656677246, "228": 10.359999656677246, "229": 10.359999656677246, "230": 10.359999656677246, "231": 10.359999656677246, "232": 10.359999656677246, "233": 10.359999656677246, "234": 10.369999885559082, "235": 10.380000114440918, "236": 10.380000114440918, "237": 10.390000343322754, "238": 10.390000343322754, "239": 10.390000343322754, "240": 10.390000343322754, "241": 10.390000343322754, "242": 10.40999984741211, "243": 10.399999618530273, "244": 10.420000076293945, "245": 10.420000076293945, "246": 10.420000076293945, "247": 10.430000305175781, "248": 10.430000305175781, "249": 10.430000305175781, "250": 10.430000305175781, "251": 10.4399995803833, "252": 10.449999809265137, "253": 10.460000038146973, "254": 10.4399995803833, "255": 10.449999809265137, "256": 10.460000038146973, "257": 10.449999809265137, "258": 10.460000038146973, "259": 10.460000038146973, "260": 10.460000038146973, "261": 10.470000267028809, "262": 10.470000267028809, "263": 10.479999542236328, "264": 10.479999542236328, "265": 10.484999656677246, "266": 10.484999656677246, "267": 10.489999771118164, "268": 10.494999885559082, "269": 10.489999771118164, "270": 10.5, "271": 10.510000228881836, "272": 10.543999671936035, "273": 10.5, "274": 10.5, "275": 10.510000228881836, "276": 10.505000114440918, "277": 10.510000228881836, "278": 10.510000228881836, "279": 10.520000457763672, "280": 10.520000457763672, "281": 10.520000457763672, "282": 10.520000457763672, "283": 10.529999732971191, "284": 10.529999732971191, "285": 10.529999732971191, "286": 10.529999732971191, "287": 10.550000190734863, "288": 10.550000190734863, "289": 10.539999961853027, "290": 10.539999961853027, "291": 10.539999961853027, "292": 10.539999961853027, "293": 10.539999961853027, "294": 10.539999961853027, "295": 10.550000190734863, "296": 10.550000190734863, "297": 10.569999694824219, "298": 10.569999694824219, "299": 10.569999694824219, "300": 10.550000190734863, "301": 10.5600004196167, "302": 10.5600004196167, "303": 10.5600004196167, "304": 10.579999923706055, "305": 10.699999809265137, "306": 10.699999809265137, "307": 10.630000114440918, "308": 10.630000114440918, "309": 10.630000114440918, "310": 10.630000114440918, "311": 10.630000114440918, "312": 10.630000114440918, "313": 10.720000267028809, "314": 10.720000267028809, "315": 10.720000267028809, "316": 10.720000267028809, "317": 10.600000381469727, "318": 10.6899995803833, "319": 10.6899995803833, "320": 10.6899995803833, "321": 10.6899995803833, "322": 10.640000343322754, "323": 10.640000343322754, "324": 10.630000114440918, "325": 10.630000114440918, "326": 10.640000343322754, "327": 10.640000343322754, "328": 10.640000343322754, "329": 10.640000343322754, "330": 10.640000343322754, "331": 10.640000343322754, "332": 10.630000114440918, "333": 10.640000343322754, "334": 10.645000457763672, "335": 10.649999618530273, "336": 10.649999618530273, "337": 10.65999984741211, "338": 10.65999984741211, "339": 10.65999984741211, "340": 10.65999984741211, "341": 10.720000267028809, "342": 10.720000267028809, "343": 10.729999542236328, "344": 10.760000228881836, "345": 10.760000228881836, "346": 10.770000457763672, "347": 10.850000381469727, "348": 10.805000305175781, "349": 10.760000228881836}}, "profile": {"address1": "10 Collyer Quay", "address2": "No 37-00 Ocean Financial Center", "city": "Singapore", "country": "Singapore", "phone": "852 2918 0050", "website": "https://www.apacquisitioncorp.com", "industry": "Shell Companies", "industryDisp": "Shell Companies", "sector": "Financial Services", "longBusinessSummary": "AP Acquisition Corp. does not have significant operations. It focuses on effecting a merger, share exchange, asset acquisition, share purchase, reorganization, or similar business combination with one or more businesses in the de-carbonization/renewable energy sectors with a focus in Japan/Asia (excluding China) and European markets. The company was incorporated in 2021 and is based in Singapore.", "fullTimeEmployees": 1, "companyOfficers": [{"maxAge": 1, "name": "Mr. Keiichi  Suzuki", "age": 52, "title": "CEO & Director", "yearBorn": 1970, "exercisedValue": 0, "unexercisedValue": 0}], "maxAge": 86400, "latitude": 1.2832042906820789, "longitude": 103.8519771508183}}