{"income_statement": {"annual": {"Year": {"1": "Revenue", "2": "Revenue Growth (YoY)", "3": "Cost of Revenue", "4": "Gross Profit", "5": "Selling, General & Admin", "6": "Research & Development", "7": "Other Operating Expenses", "8": "Operating Expenses", "9": "Operating Income", "10": "Interest Expense / Income", "11": "Other Expense / Income", "12": "Pretax Income", "13": "Income Tax", "14": "Net Income", "15": "Shares Outstanding (Basic)", "16": "Shares Outstanding (Diluted)", "17": "Shares Change", "18": "EPS (Basic)", "19": "EPS (Diluted)", "20": "Free Cash Flow Per Share", "21": "Gross Margin", "22": "Operating Margin", "23": "Profit Margin", "24": "Free Cash Flow Margin", "25": "EBITDA", "26": "EBITDA Margin", "27": "Depreciation & Amortization", "28": "EBIT", "29": "EBIT Margin"}, "2022": {"1": "8.55", "2": "-", "3": "9.51", "4": "-0.96", "5": "7.56", "6": "0", "7": "12.39", "8": "19.94", "9": "-20.9", "10": "0.11", "11": "1.97", "12": "-22.98", "13": "0.54", "14": "-23.52", "15": "57", "16": "57", "17": "3680.20%", "18": "-0.41", "19": "-0.41", "20": "-0.98", "21": "-11.19%", "22": "-244.45%", "23": "-275.12%", "24": "-653.25%", "25": "-21.75", "26": "-254.39%", "27": "1.12", "28": "-22.87", "29": "-267.49%"}, "2021": {"1": "0", "2": "-", "3": "0", "4": "0", "5": "0.33", "6": "0", "7": "0", "8": "0.33", "9": "-0.33", "10": "0.24", "11": "-", "12": "-0.57", "13": "0", "14": "-0.57", "15": "2", "16": "2", "17": "-0.00%", "18": "-0.38", "19": "-0.38", "20": "-2.24", "21": "-", "22": "-", "23": "-", "24": "-", "25": "-0.33", "26": "-", "27": "0", "28": "-0.33", "29": "-"}, "2020": {"1": "0", "2": "-", "3": "0", "4": "0", "5": "0", "6": "0", "7": "0", "8": "0", "9": "0", "10": "0.26", "11": "-", "12": "-0.26", "13": "0", "14": "-0.26", "15": "2", "16": "2", "17": "8.92%", "18": "-0.18", "19": "-0.18", "20": "-", "21": "-", "22": "-", "23": "-", "24": "-", "25": "0", "26": "-", "27": "0", "28": "0", "29": "-"}, "2008": {"1": "0.34", "2": "-78.21%", "3": "0.15", "4": "0.19", "5": "2.95", "6": "0.28", "7": "32,301.81", "8": "32,305.05", "9": "-32,304.85", "10": "0", "11": "-32,301.57", "12": "-3.28", "13": "0.01", "14": "-3.29", "15": "1", "16": "1", "17": "1.31%", "18": "-2.34", "19": "-2.34", "20": "-1.67", "21": "56.85%", "22": "-9586152.24%", "23": "-975.18%", "24": "-688.32%", "25": "-3.28", "26": "-973.06%", "27": "0", "28": "-3.28", "29": "-973.06%"}, "2007": {"1": "1.55", "2": "-60.03%", "3": "1.34", "4": "0.21", "5": "3.04", "6": "0.13", "7": "0", "8": "3.17", "9": "-2.96", "10": "0", "11": "-0.16", "12": "-2.8", "13": "-0.01", "14": "-2.79", "15": "1", "16": "1", "17": "0.02%", "18": "-2.04", "19": "-2.04", "20": "-2.00", "21": "13.50%", "22": "-191.62%", "23": "-180.26%", "24": "-177.22%", "25": "-2.8", "26": "-181.14%", "27": "0", "28": "-2.8", "29": "-181.14%"}, "2006": {"1": "3.87", "2": "16.89%", "3": "2.37", "4": "1.5", "5": "2.59", "6": "1.05", "7": "0.11", "8": "3.76", "9": "-2.25", "10": "0", "11": "-0.02", "12": "-2.23", "13": "0.03", "14": "-2.26", "15": "1", "16": "1", "17": "-0.03%", "18": "-1.62", "19": "-1.62", "20": "-1.26", "21": "38.79%", "22": "-58.24%", "23": "-58.32%", "24": "-44.65%", "25": "-2.12", "26": "-54.88%", "27": "0.11", "28": "-2.23", "29": "-57.67%"}, "2005": {"1": "3.31", "2": "-7.87%", "3": "2.23", "4": "1.08", "5": "2", "6": "0.56", "7": "0.13", "8": "2.68", "9": "-1.61", "10": "0", "11": "-0.22", "12": "-1.38", "13": "0.03", "14": "-1.41", "15": "1", "16": "1", "17": "32.68%", "18": "-1.02", "19": "-1.02", "20": "-1.07", "21": "32.53%", "22": "-48.55%", "23": "-42.64%", "24": "-44.19%", "25": "-1.26", "26": "-38.01%", "27": "0.13", "28": "-1.38", "29": "-41.80%"}, "2004": {"1": "3.59", "2": "228.77%", "3": "2.39", "4": "1.2", "5": "1.39", "6": "0.17", "7": "0.09", "8": "1.65", "9": "-0.45", "10": "0", "11": "-0.04", "12": "-0.41", "13": "0.02", "14": "-0.42", "15": "1", "16": "1", "17": "56.89%", "18": "-0.42", "19": "-0.42", "20": "-0.63", "21": "33.44%", "22": "-12.47%", "23": "-11.80%", "24": "-18.08%", "25": "-0.32", "26": "-8.91%", "27": "0.09", "28": "-0.41", "29": "-11.36%"}, "2003": {"1": "1.09", "2": "123.07%", "3": "0.8", "4": "0.29", "5": "1.14", "6": "0.04", "7": "0.06", "8": "1.24", "9": "-0.95", "10": "0", "11": "-0.01", "12": "-0.94", "13": "0", "14": "-0.94", "15": "1", "16": "-", "17": "347.75%", "18": "-1.44", "19": "-", "20": "-1.31", "21": "26.88%", "22": "-86.71%", "23": "-86.36%", "24": "-78.74%", "25": "-0.88", "26": "-80.58%", "27": "0.06", "28": "-0.94", "29": "-85.99%"}, "2002": {"1": "0.49", "2": "8834.02%", "3": "0.46", "4": "0.03", "5": "0.76", "6": "0.05", "7": "0.04", "8": "0.85", "9": "-0.82", "10": "0.01", "11": "-0.02", "12": "-0.81", "13": "0", "14": "-0.81", "15": "0", "16": "-", "17": "-56.27%", "18": "-5.58", "19": "-", "20": "-3.65", "21": "6.08%", "22": "-167.97%", "23": "-165.11%", "24": "-109.41%", "25": "-0.76", "26": "-154.63%", "27": "0.04", "28": "-0.8", "29": "-163.71%"}, "2001": {"1": "Upgrade", "2": "Upgrade", "3": "Upgrade", "4": "Upgrade", "5": "Upgrade", "6": "Upgrade", "7": "Upgrade", "8": "Upgrade", "9": "Upgrade", "10": "Upgrade", "11": "Upgrade", "12": "Upgrade", "13": "Upgrade", "14": "Upgrade", "15": "Upgrade", "16": "Upgrade", "17": "Upgrade", "18": "Upgrade", "19": "Upgrade", "20": "Upgrade", "21": "Upgrade", "22": "Upgrade", "23": "Upgrade", "24": "Upgrade", "25": "Upgrade", "26": "Upgrade", "27": "Upgrade", "28": "Upgrade", "29": "Upgrade"}}, "quarterly": {"Metrics": {"1": "Revenue", "2": "Revenue Growth (YoY)", "3": "Cost of Revenue", "4": "Gross Profit", "5": "Selling, General & Admin", "6": "Research & Development", "7": "Other Operating Expenses", "8": "Operating Expenses", "9": "Operating Income", "10": "Interest Expense / Income", "11": "Other Expense / Income", "12": "Pretax Income", "13": "Income Tax", "14": "Net Income", "15": "Preferred Dividends", "16": "Net Income Common", "17": "Shares Outstanding (Basic)", "18": "Shares Outstanding (Diluted)", "19": "Shares Change", "20": "EPS (Basic)", "21": "EPS (Diluted)", "22": "Free Cash Flow Per Share", "23": "Gross Margin", "24": "Operating Margin", "25": "Profit Margin", "26": "Free Cash Flow Margin", "27": "Effective Tax Rate", "28": "EBITDA", "29": "EBITDA Margin", "30": "Depreciation & Amortization", "31": "EBIT", "32": "EBIT Margin"}, "2023-02-28": {"1": "14.09", "2": "1273.29%", "3": "10.53", "4": "3.56", "5": "10.51", "6": "0", "7": "0", "8": "10.51", "9": "-6.96", "10": "0.38", "11": "-0.32", "12": "-7.03", "13": "0", "14": "-7.03", "15": "0", "16": "-7.03", "17": "94", "18": "94", "19": "76.26%", "20": "-0.08", "21": "-0.08", "22": "0.00", "23": "25.24%", "24": "-49.38%", "25": "-49.86%", "26": "1.82%", "27": "-", "28": "-4.71", "29": "-33.46%", "30": "1.93", "31": "-6.64", "32": "-47.13%"}, "2022-11-30": {"1": "12.34", "2": "-", "3": "11.81", "4": "0.53", "5": "26.5", "6": "0", "7": "0.7", "8": "27.21", "9": "-26.68", "10": "0.39", "11": "-0.13", "12": "-26.93", "13": "-0.31", "14": "-26.62", "15": "0", "16": "-26.62", "17": "93", "18": "93", "19": "74.96%", "20": "-0.29", "21": "-0.29", "22": "-0.30", "23": "4.28%", "24": "-216.18%", "25": "-215.70%", "26": "-226.47%", "27": "-", "28": "-24.98", "29": "-202.40%", "30": "1.57", "31": "-26.54", "32": "-215.11%"}, "2022-08-31": {"1": "6.92", "2": "-", "3": "6.09", "4": "0.83", "5": "4.13", "6": "0", "7": "0.88", "8": "5.01", "9": "-4.18", "10": "0.36", "11": "-0.03", "12": "-4.5", "13": "0.03", "14": "-4.53", "15": "0", "16": "-4.53", "17": "93", "18": "93", "19": "107.19%", "20": "-0.05", "21": "-0.05", "22": "-0.15", "23": "12.00%", "24": "-60.33%", "25": "-65.44%", "26": "-207.67%", "27": "-", "28": "-3.01", "29": "-43.43%", "30": "1.14", "31": "-4.14", "32": "-59.84%"}, "2022-05-31": {"1": "7.52", "2": "-", "3": "7.43", "4": "0.09", "5": "4.32", "6": "0", "7": "0.04", "8": "4.36", "9": "-4.27", "10": "0.11", "11": "-1.84", "12": "-2.54", "13": "0.27", "14": "-2.81", "15": "0", "16": "-2.81", "17": "57", "18": "57", "19": "3680.20%", "20": "-", "21": "-", "22": "-0.56", "23": "1.20%", "24": "-56.71%", "25": "-37.31%", "26": "-422.42%", "27": "-", "28": "-1.46", "29": "-19.39%", "30": "0.97", "31": "-2.43", "32": "-32.29%"}, "2022-02-28": {"1": "1.03", "2": "-", "3": "2.07", "4": "-1.05", "5": "1.37", "6": "0", "7": "0", "8": "1.37", "9": "-2.42", "10": "0", "11": "3.97", "12": "-6.39", "13": "0.06", "14": "-6.45", "15": "0", "16": "-6.45", "17": "53", "18": "53", "19": "3433.74%", "20": "-0.12", "21": "-0.12", "22": "0.14", "23": "-102.05%", "24": "-235.58%", "25": "-628.17%", "26": "707.41%", "27": "-", "28": "-6.32", "29": "-615.69%", "30": "0.07", "31": "-6.39", "32": "-622.32%"}, "2021-11-30": {"1": "0", "2": "-", "3": "0", "4": "0", "5": "1.18", "6": "0", "7": "0.17", "8": "1.36", "9": "-1.36", "10": "0", "11": "-1.4", "12": "0.04", "13": "0.21", "14": "-0.17", "15": "0", "16": "-0.17", "17": "53", "18": "53", "19": "3433.73%", "20": "-", "21": "-", "22": "-0.35", "23": "-", "24": "-", "25": "-", "26": "-", "27": "497.67%", "28": "0.22", "29": "-", "30": "0.17", "31": "0.04", "32": "-"}, "2021-08-31": {"1": "0", "2": "-", "3": "0", "4": "0", "5": "0.7", "6": "0", "7": "12.34", "8": "13.04", "9": "-13.04", "10": "0", "11": "1.06", "12": "-14.1", "13": "0", "14": "-14.1", "15": "0", "16": "-14.1", "17": "45", "18": "45", "19": "2914.21%", "20": "-0.31", "21": "-0.31", "22": "-0.28", "23": "-", "24": "-", "25": "-", "26": "-", "27": "-", "28": "-14.09", "29": "-", "30": "0", "31": "-14.1", "32": "-"}, "2021-05-31": {"1": "0", "2": "-", "3": "0", "4": "0", "5": "0.33", "6": "0", "7": "0", "8": "0.33", "9": "-0.33", "10": "0.01", "11": "-", "12": "-0.35", "13": "0", "14": "-0.35", "15": "0", "16": "-0.35", "17": "2", "18": "2", "19": "-0.00%", "20": "-0.23", "21": "-0.23", "22": "-2.24", "23": "-", "24": "-", "25": "-", "26": "-", "27": "-", "28": "-0.33", "29": "-", "30": "0", "31": "-0.33", "32": "-"}, "2021-02-28": {"1": "0", "2": "-", "3": "0", "4": "0", "5": "0", "6": "0", "7": "0", "8": "0", "9": "0", "10": "0.08", "11": "-", "12": "-0.08", "13": "0", "14": "-0.08", "15": "0", "16": "-0.08", "17": "2", "18": "2", "19": "1.36%", "20": "-0.05", "21": "-0.05", "22": "-", "23": "-", "24": "-", "25": "-", "26": "-", "27": "-", "28": "0", "29": "-", "30": "0", "31": "0", "32": "-"}, "2020-11-30": {"1": "0", "2": "-", "3": "0", "4": "0", "5": "0", "6": "0", "7": "0", "8": "0", "9": "0", "10": "0.07", "11": "-", "12": "-0.07", "13": "0", "14": "-0.07", "15": "0", "16": "-0.07", "17": "2", "18": "2", "19": "1.65%", "20": "-0.06", "21": "-0.06", "22": "-", "23": "-", "24": "-", "25": "-", "26": "-", "27": "-", "28": "0", "29": "-", "30": "0", "31": "0", "32": "-"}, "2020-08-31": {"1": "0", "2": "-", "3": "0", "4": "0", "5": "0", "6": "0", "7": "0", "8": "0", "9": "0", "10": "0.07", "11": "-", "12": "-0.07", "13": "0", "14": "-0.07", "15": "0", "16": "-0.07", "17": "1", "18": "-", "19": "6.39%", "20": "-", "21": "-", "22": "-", "23": "-", "24": "-", "25": "-", "26": "-", "27": "-", "28": "0", "29": "-", "30": "0", "31": "0", "32": "-"}, "2020-05-31": {"1": "-", "2": "-", "3": "-", "4": "-", "5": "-", "6": "-", "7": "0", "8": "-", "9": "-", "10": "-", "11": "-", "12": "-", "13": "-", "14": "-", "15": "-", "16": "-", "17": "2", "18": "-", "19": "8.00%", "20": "-", "21": "-", "22": "-", "23": "-", "24": "-", "25": "-", "26": "-", "27": "-", "28": "-", "29": "-", "30": "-", "31": "-", "32": "-"}, "2009-02-28": {"1": "1.53", "2": "1116.83%", "3": "1.32", "4": "0.21", "5": "0.45", "6": "0.08", "7": "0.11", "8": "0.64", "9": "-0.43", "10": "0", "11": "-", "12": "-0.43", "13": "0", "14": "-0.43", "15": "0.03", "16": "-0.47", "17": "1", "18": "1", "19": "6.84%", "20": "-0.30", "21": "-0.30", "22": "-0.30", "23": "13.64%", "24": "-28.10%", "25": "-30.42%", "26": "-29.22%", "27": "-", "28": "-0.33", "29": "-21.23%", "30": "0.11", "31": "-0.43", "32": "-28.10%"}, "2008-11-30": {"1": "0.08", "2": "10.27%", "3": "0.04", "4": "0.05", "5": "0.43", "6": "0.07", "7": "-0.01", "8": "0.49", "9": "-0.44", "10": "0", "11": "-0", "12": "-0.44", "13": "0", "14": "-0.44", "15": "0", "16": "-0.44", "17": "1", "18": "1", "19": "7.75%", "20": "-0.30", "21": "-0.30", "22": "-0.37", "23": "56.56%", "24": "-536.33%", "25": "-533.52%", "26": "-666.28%", "27": "-", "28": "-0.42", "29": "-510.88%", "30": "0.02", "31": "-0.44", "32": "-533.52%"}, "2008-08-31": {"1": "0.05", "2": "18.73%", "3": "0.03", "4": "0.03", "5": "0.34", "6": "0.02", "7": "0.01", "8": "0.37", "9": "-0.34", "10": "0", "11": "-0", "12": "-0.33", "13": "0", "14": "-0.33", "15": "0", "16": "-0.33", "17": "1", "18": "1", "19": "1.90%", "20": "-0.24", "21": "-0.24", "22": "-0.27", "23": "54.35%", "24": "-614.08%", "25": "-608.37%", "26": "-680.85%", "27": "-", "28": "-0.33", "29": "-595.27%", "30": "0.01", "31": "-0.33", "32": "-608.37%"}, "2008-05-31": {"1": "0.09", "2": "-13.79%", "3": "0.04", "4": "0.05", "5": "0.61", "6": "0.05", "7": "32,301.73", "8": "32,302.39", "9": "-32,302.34", "10": "0", "11": "-32,301.49", "12": "-0.84", "13": "0", "14": "-0.85", "15": "0", "16": "-0.85", "17": "1", "18": "1", "19": "2.13%", "20": "-0.60", "21": "-0.60", "22": "-0.27", "23": "59.74%", "24": "-35985446.08%", "25": "-942.09%", "26": "-412.86%", "27": "-", "28": "-0.93", "29": "-1031.41%", "30": "-0.08", "31": "-0.84", "32": "-940.34%"}, "2008-02-29": {"1": "0.13", "2": "-31.10%", "3": "0.03", "4": "0.09", "5": "0.79", "6": "0.04", "7": "0.03", "8": "0.86", "9": "-0.76", "10": "-0.01", "11": "-", "12": "-0.75", "13": "0", "14": "-0.75", "15": "0", "16": "-0.75", "17": "1", "18": "1", "19": "1.91%", "20": "-0.54", "21": "-0.54", "22": "-0.51", "23": "75.16%", "24": "-604.35%", "25": "-594.64%", "26": "-561.52%", "27": "-", "28": "-0.73", "29": "-582.70%", "30": "0.03", "31": "-0.76", "32": "-604.35%"}, "2007-11-30": {"1": "0.08", "2": "-88.52%", "3": "0.04", "4": "0.04", "5": "0.74", "6": "0.08", "7": "0.03", "8": "0.85", "9": "-0.81", "10": "0", "11": "-0.03", "12": "-0.78", "13": "0", "14": "-0.78", "15": "0", "16": "-0.78", "17": "1", "18": "1", "19": "0.77%", "20": "-0.54", "21": "-0.54", "22": "-0.49", "23": "53.07%", "24": "-1084.17%", "25": "-1043.19%", "26": "-907.94%", "27": "-", "28": "-0.76", "29": "-1006.93%", "30": "0.03", "31": "-0.78", "32": "-1043.19%"}, "2007-08-31": {"1": "0.05", "2": "-92.37%", "3": "0.04", "4": "0", "5": "0.81", "6": "0.11", "7": "0.03", "8": "0.95", "9": "-0.95", "10": "0", "11": "-0.04", "12": "-0.91", "13": "0", "14": "-0.91", "15": "0", "16": "-0.91", "17": "1", "18": "1", "19": "0.43%", "20": "-0.66", "21": "-0.66", "22": "-0.41", "23": "7.47%", "24": "-2052.23%", "25": "-1965.69%", "26": "-1211.80%", "27": "-", "28": "-0.88", "29": "-1906.71%", "30": "0.03", "31": "-0.91", "32": "-1965.69%"}, "2007-05-31": {"1": "0.1", "2": "-52.19%", "3": "0.16", "4": "-0.05", "5": "0.76", "6": "0.08", "7": "-0.08", "8": "0.76", "9": "-0.81", "10": "0", "11": "0.04", "12": "-0.85", "13": "-0.01", "14": "-0.85", "15": "0", "16": "-0.85", "17": "1", "18": "1", "19": "0.06%", "20": "-0.60", "21": "-0.60", "22": "-0.47", "23": "-49.62%", "24": "-778.54%", "25": "-812.76%", "26": "-613.41%", "27": "-", "28": "-0.93", "29": "-896.99%", "30": "-0.08", "31": "-0.85", "32": "-819.13%"}, "2007-02-28": {"1": "0.18", "2": "-80.02%", "3": "0.33", "4": "-0.15", "5": "0.6", "6": "0.02", "7": "0.03", "8": "0.65", "9": "-0.8", "10": "0", "11": "-0.06", "12": "-0.74", "13": "-0.02", "14": "-0.72", "15": "0", "16": "-0.72", "17": "1", "18": "1", "19": "-", "20": "-0.54", "21": "-0.54", "22": "-0.69", "23": "-82.91%", "24": "-436.74%", "25": "-394.59%", "26": "-518.23%", "27": "-", "28": "-0.71", "29": "-389.61%", "30": "0.03", "31": "-0.74", "32": "-404.40%"}, "2006-11-30": {"1": "0.65", "2": "-56.92%", "3": "0.47", "4": "0.19", "5": "0.85", "6": "0.02", "7": "0.03", "8": "0.9", "9": "-0.71", "10": "0", "11": "-0.07", "12": "-0.64", "13": "0.01", "14": "-0.64", "15": "0", "16": "-0.64", "17": "1", "18": "1", "19": "-", "20": "-0.48", "21": "-0.48", "22": "-0.45", "23": "28.42%", "24": "-108.38%", "25": "-98.09%", "26": "-94.07%", "27": "-", "28": "-0.61", "29": "-93.13%", "30": "0.03", "31": "-0.64", "32": "-97.25%"}, "2006-08-31": {"1": "0.61", "2": "-50.32%", "3": "0.38", "4": "0.23", "5": "0.83", "6": "0.01", "7": "0.03", "8": "0.87", "9": "-0.65", "10": "0", "11": "-0.07", "12": "-0.57", "13": "0.01", "14": "-0.58", "15": "0", "16": "-0.58", "17": "1", "18": "1", "19": "0.00%", "20": "-0.42", "21": "-0.42", "22": "-0.39", "23": "37.32%", "24": "-106.70%", "25": "-95.65%", "26": "-89.19%", "27": "-", "28": "-0.55", "29": "-90.28%", "30": "0.03", "31": "-0.57", "32": "-94.74%"}, "2006-05-31": {"1": "0.22", "2": "-72.97%", "3": "0.2", "4": "0.02", "5": "0.78", "6": "0.2", "7": "0.02", "8": "1", "9": "-0.98", "10": "0", "11": "0.02", "12": "-1", "13": "0.01", "14": "-1.01", "15": "0", "16": "-1.01", "17": "1", "18": "1", "19": "0.00%", "20": "-0.72", "21": "-0.72", "22": "-0.57", "23": "9.40%", "24": "-451.05%", "25": "-463.28%", "26": "-357.99%", "27": "-", "28": "-0.98", "29": "-450.61%", "30": "0.02", "31": "-1", "32": "-460.34%"}, "2006-02-28": {"1": "0.91", "2": "44.85%", "3": "0.47", "4": "0.44", "5": "0.69", "6": "0.18", "7": "0.02", "8": "0.89", "9": "-0.44", "10": "0", "11": "-0.08", "12": "-0.36", "13": "0.01", "14": "-0.36", "15": "0", "16": "-0.36", "17": "1", "18": "1", "19": "0.00%", "20": "-0.24", "21": "-0.24", "22": "0.05", "23": "48.67%", "24": "-48.23%", "25": "-39.82%", "26": "7.12%", "27": "-", "28": "-0.33", "29": "-36.52%", "30": "0.02", "31": "-0.36", "32": "-39.14%"}, "2005-11-30": {"1": "1.52", "2": "246.93%", "3": "0.92", "4": "0.6", "5": "0.6", "6": "0.28", "7": "0.03", "8": "0.91", "9": "-0.31", "10": "0", "11": "-0.07", "12": "-0.25", "13": "0.01", "14": "-0.25", "15": "0", "16": "-0.25", "17": "1", "18": "1", "19": "-", "20": "-0.18", "21": "-0.18", "22": "-0.30", "23": "39.43%", "24": "-20.72%", "25": "-16.63%", "26": "-26.76%", "27": "-", "28": "-0.22", "29": "-14.16%", "30": "0.03", "31": "-0.25", "32": "-16.22%"}, "2005-08-31": {"1": "1.22", "2": "-15.15%", "3": "0.78", "4": "0.44", "5": "0.52", "6": "0.4", "7": "0.03", "8": "0.95", "9": "-0.52", "10": "0", "11": "0.11", "12": "-0.63", "13": "0.01", "14": "-0.63", "15": "0", "16": "-0.63", "17": "1", "18": "1", "19": "-0.14%", "20": "-0.48", "21": "-0.48", "22": "-0.44", "23": "35.83%", "24": "-42.35%", "25": "-51.82%", "26": "-49.80%", "27": "-", "28": "-0.59", "29": "-48.73%", "30": "0.03", "31": "-0.63", "32": "-51.31%"}, "2005-05-31": {"1": "0.81", "2": "-37.56%", "3": "0.56", "4": "0.25", "5": "0.52", "6": "0.21", "7": "0.04", "8": "0.77", "9": "-0.52", "10": "0", "11": "-0.07", "12": "-0.46", "13": "0.01", "14": "-0.46", "15": "0", "16": "-0.46", "17": "1", "18": "1", "19": "32.63%", "20": "-0.30", "21": "-0.30", "22": "-0.19", "23": "30.47%", "24": "-65.10%", "25": "-57.63%", "26": "-32.59%", "27": "-", "28": "-0.42", "29": "-52.14%", "30": "0.04", "31": "-0.46", "32": "-56.77%"}, "2005-02-28": {"1": "0.63", "2": "-37.44%", "3": "0.37", "4": "0.26", "5": "0.53", "6": "0.16", "7": "0.03", "8": "0.72", "9": "-0.46", "10": "0", "11": "-0.05", "12": "-0.41", "13": "0.01", "14": "-0.41", "15": "0", "16": "-0.41", "17": "1", "18": "1", "19": "34.72%", "20": "-0.30", "21": "-0.30", "22": "-0.28", "23": "41.36%", "24": "-73.00%", "25": "-65.45%", "26": "-60.21%", "27": "-", "28": "-0.38", "29": "-59.69%", "30": "0.03", "31": "-0.41", "32": "-64.36%"}, "2004-11-30": {"1": "0.44", "2": "-42.54%", "3": "0.29", "4": "0.15", "5": "0.55", "6": "0.1", "7": "0.02", "8": "0.68", "9": "-0.53", "10": "0", "11": "-0.05", "12": "-0.48", "13": "0.01", "14": "-0.48", "15": "0", "16": "-0.48", "17": "1", "18": "1", "19": "29.16%", "20": "-0.36", "21": "-0.36", "22": "-0.47", "23": "33.44%", "24": "-121.37%", "25": "-110.70%", "26": "-146.75%", "27": "-", "28": "-0.45", "29": "-102.39%", "30": "0.03", "31": "-0.48", "32": "-109.12%"}, "2004-08-31": {"1": "1.44", "2": "169.81%", "3": "1.01", "4": "0.42", "5": "0.41", "6": "0.08", "7": "0.02", "8": "0.51", "9": "-0.09", "10": "0", "11": "-0.05", "12": "-0.04", "13": "0.01", "14": "-0.05", "15": "0", "16": "-0.05", "17": "1", "18": "1", "19": "62.00%", "20": "-0.06", "21": "-0.06", "22": "-0.13", "23": "29.53%", "24": "-6.31%", "25": "-3.44%", "26": "-12.36%", "27": "-", "28": "-0.01", "29": "-0.90%", "30": "0.03", "31": "-0.04", "32": "-2.95%"}, "2004-05-31": {"1": "1.29", "2": "128.00%", "3": "0.86", "4": "0.43", "5": "0.38", "6": "0.03", "7": "0.03", "8": "0.44", "9": "-0.01", "10": "0", "11": "-0.03", "12": "0.02", "13": "0.01", "14": "0.01", "15": "0", "16": "0.01", "17": "1", "18": "1", "19": "56.89%", "20": "0.06", "21": "0.06", "22": "-0.17", "23": "33.47%", "24": "-0.98%", "25": "0.91%", "26": "-13.39%", "27": "40.21%", "28": "0.05", "29": "3.58%", "30": "0.03", "31": "0.02", "32": "1.52%"}, "2004-02-29": {"1": "1.01", "2": "107.04%", "3": "0.62", "4": "0.39", "5": "0.29", "6": "0.06", "7": "0.02", "8": "0.38", "9": "0.01", "10": "0", "11": "-0", "12": "0.01", "13": "0.01", "14": "0.01", "15": "0", "16": "0.01", "17": "1", "18": "1", "19": "23.94%", "20": "-", "21": "-", "22": "0.34", "23": "38.36%", "24": "0.90%", "25": "0.64%", "26": "33.81%", "27": "53.41%", "28": "0.04", "29": "3.70%", "30": "0.02", "31": "0.01", "32": "1.36%"}, "2003-11-30": {"1": "0.76", "2": "1813.67%", "3": "0.55", "4": "0.21", "5": "0.35", "6": "0.06", "7": "0.02", "8": "0.43", "9": "-0.22", "10": "0", "11": "-0", "12": "-0.22", "13": "0", "14": "-0.22", "15": "0", "16": "-0.22", "17": "1", "18": "-", "19": "31.08%", "20": "-0.18", "21": "-", "22": "-0.33", "23": "27.46%", "24": "-28.51%", "25": "-28.30%", "26": "-46.30%", "27": "-", "28": "-0.2", "29": "-25.79%", "30": "0.02", "31": "-0.22", "32": "-28.27%"}, "2003-08-31": {"1": "0.53", "2": "-", "3": "0.36", "4": "0.17", "5": "0.35", "6": "0.03", "7": "0.02", "8": "0.4", "9": "-0.23", "10": "0", "11": "-0", "12": "-0.23", "13": "0", "14": "-0.23", "15": "0", "16": "-0.23", "17": "1", "18": "-", "19": "444.87%", "20": "-0.24", "21": "-", "22": "-0.55", "23": "32.57%", "24": "-42.68%", "25": "-42.58%", "26": "-87.40%", "27": "-", "28": "-0.21", "29": "-38.94%", "30": "0.02", "31": "-0.23", "32": "-42.50%"}, "2003-05-31": {"1": "0.57", "2": "-", "3": "0.42", "4": "0.14", "5": "0.33", "6": "0.02", "7": "0.02", "8": "0.37", "9": "-0.22", "10": "0", "11": "-0", "12": "-0.22", "13": "0", "14": "-0.23", "15": "0", "16": "-0.23", "17": "1", "18": "-", "19": "323.61%", "20": "-0.24", "21": "-", "22": "-0.27", "23": "24.91%", "24": "-39.66%", "25": "-39.79%", "26": "-31.72%", "27": "-", "28": "-0.21", "29": "-36.48%", "30": "0.02", "31": "-0.22", "32": "-39.61%"}, "2003-02-28": {"1": "0.49", "2": "-", "3": "0.35", "4": "0.14", "5": "0.27", "6": "0.01", "7": "0.01", "8": "0.29", "9": "-0.16", "10": "0", "11": "-0", "12": "-0.15", "13": "0", "14": "-0.15", "15": "0", "16": "-0.15", "17": "1", "18": "-", "19": "468.79%", "20": "-0.18", "21": "-", "22": "-0.18", "23": "28.14%", "24": "-32.01%", "25": "-31.80%", "26": "-30.96%", "27": "-", "28": "-0.14", "29": "-28.80%", "30": "0.01", "31": "-0.15", "32": "-31.63%"}, "2002-11-30": {"1": "0.04", "2": "-", "3": "0.02", "4": "0.02", "5": "0.3", "6": "0.01", "7": "0.01", "8": "0.33", "9": "-0.31", "10": "0", "11": "-0", "12": "-0.31", "13": "0", "14": "-0.31", "15": "0", "16": "-0.31", "17": "1", "18": "-", "19": "140.63%", "20": "-0.36", "21": "-", "22": "-0.34", "23": "39.52%", "24": "-788.16%", "25": "-777.76%", "26": "-690.10%", "27": "-", "28": "-0.3", "29": "-742.58%", "30": "0.01", "31": "-0.31", "32": "-777.24%"}, "2002-08-31": {"1": "0", "2": "-", "3": "0", "4": "0", "5": "0.24", "6": "0", "7": "0.01", "8": "0.25", "9": "-0.25", "10": "0", "11": "-0", "12": "-0.25", "13": "0", "14": "-0.25", "15": "0", "16": "-0.25", "17": "0", "18": "-", "19": "-54.27%", "20": "-1.62", "21": "-", "22": "-1.64", "23": "-", "24": "-", "25": "-", "26": "-", "27": "-", "28": "-0.24", "29": "-", "30": "0.01", "31": "-0.25", "32": "-"}, "2002-05-31": {"1": "-0.04", "2": "-", "3": "0", "4": "-0.04", "5": "0.17", "6": "0", "7": "0.01", "8": "0.18", "9": "-0.22", "10": "0", "11": "-0", "12": "-0.21", "13": "0", "14": "-0.21", "15": "0", "16": "-0.21", "17": "0", "18": "-", "19": "-50.87%", "20": "-1.44", "21": "-", "22": "-1.26", "23": "-", "24": "-", "25": "-", "26": "-", "27": "-", "28": "-0.21", "29": "-", "30": "0.01", "31": "-0.21", "32": "-"}, "+4 Quarters": {"1": "Upgrade", "2": "Upgrade", "3": "Upgrade", "4": "Upgrade", "5": "Upgrade", "6": "Upgrade", "7": "Upgrade", "8": "Upgrade", "9": "Upgrade", "10": "Upgrade", "11": "Upgrade", "12": "Upgrade", "13": "Upgrade", "14": "Upgrade", "15": "Upgrade", "16": "Upgrade", "17": "Upgrade", "18": "Upgrade", "19": "Upgrade", "20": "Upgrade", "21": "Upgrade", "22": "Upgrade", "23": "Upgrade", "24": "Upgrade", "25": "Upgrade", "26": "Upgrade", "27": "Upgrade", "28": "Upgrade", "29": "Upgrade", "30": "Upgrade", "31": "Upgrade", "32": "Upgrade"}}}, "balance_sheet": {"annual": {"Year": {"1": "Cash & Equivalents", "2": "Short-Term Investments", "3": "Cash & Cash Equivalents", "4": "Cash Growth", "5": "Receivables", "6": "Inventory", "7": "Other Current Assets", "8": "Total Current Assets", "9": "Property, Plant & Equipment", "10": "Long-Term Investments", "11": "Goodwill and Intangibles", "12": "Other Long-Term Assets", "13": "Total Long-Term Assets", "14": "Total Assets", "15": "Accounts Payable", "16": "Deferred Revenue", "17": "Current Debt", "18": "Other Current Liabilities", "19": "Total Current Liabilities", "20": "Long-Term Debt", "21": "Other Long-Term Liabilities", "22": "Total Long-Term Liabilities", "23": "Total Liabilities", "24": "Total Debt", "25": "Debt Growth", "26": "Common Stock", "27": "Retained Earnings", "28": "Comprehensive Income", "29": "Shareholders' Equity", "30": "Total Liabilities and Equity", "31": "Net Cash / Debt", "32": "Net Cash / Debt Growth", "33": "Net Cash Per Share", "34": "Working Capital", "35": "Book Value Per Share"}, "2022": {"1": "46.3", "2": "0", "3": "46.3", "4": "294.03%", "5": "0.23", "6": "0", "7": "1.34", "8": "47.86", "9": "70.67", "10": "0", "11": "0", "12": "1.45", "13": "72.12", "14": "119.98", "15": "13.26", "16": "3.88", "17": "2.34", "18": "9.52", "19": "29", "20": "11.21", "21": "0.54", "22": "11.75", "23": "40.75", "24": "13.54", "25": "534.38%", "26": "128.33", "27": "-56.07", "28": "0", "29": "72.26", "30": "113", "31": "32.76", "32": "240.67%", "33": "0.57", "34": "18.86", "35": "1.26"}, "2021": {"1": "11.75", "2": "0", "3": "11.75", "4": "-", "5": "0", "6": "0", "7": "0.01", "8": "11.76", "9": "3.3", "10": "0", "11": "0", "12": "0", "13": "3.3", "14": "15.05", "15": "0.25", "16": "0", "17": "2.14", "18": "0.12", "19": "2.5", "20": "0", "21": "0", "22": "0", "23": "2.5", "24": "2.14", "25": "12.43%", "26": "19.04", "27": "-21.62", "28": "0", "29": "-2.58", "30": "-0.08", "31": "9.62", "32": "-", "33": "6.36", "34": "9.26", "35": "-1.71"}, "2020": {"1": "0", "2": "0", "3": "0", "4": "-", "5": "0", "6": "0", "7": "0", "8": "0", "9": "0", "10": "0", "11": "0", "12": "0", "13": "0", "14": "0", "15": "0", "16": "0", "17": "1.9", "18": "0.12", "19": "2.02", "20": "0", "21": "0", "22": "0", "23": "2.02", "24": "1.9", "25": "-", "26": "19.04", "27": "-21.06", "28": "0", "29": "-2.02", "30": "-", "31": "-1.9", "32": "-", "33": "-1.26", "34": "-2.02", "35": "-1.33"}, "2008": {"1": "0.88", "2": "0.13", "3": "1", "4": "-70.42%", "5": "0.09", "6": "0", "7": "0.03", "8": "1.13", "9": "0.04", "10": "0", "11": "0.07", "12": "0.03", "13": "0.14", "14": "1.27", "15": "0.19", "16": "0", "17": "0", "18": "0.29", "19": "0.48", "20": "0", "21": "0", "22": "0", "23": "0.48", "24": "0", "25": "-", "26": "13.42", "27": "-12.63", "28": "0", "29": "0.79", "30": "1.27", "31": "1", "32": "-70.42%", "33": "0.72", "34": "0.65", "35": "0.57"}, "2007": {"1": "2.44", "2": "0.95", "3": "3.39", "4": "-44.84%", "5": "0.14", "6": "0.11", "7": "0.15", "8": "3.79", "9": "0.13", "10": "0", "11": "0.28", "12": "0.03", "13": "0.43", "14": "4.22", "15": "0.32", "16": "0", "17": "0", "18": "0.27", "19": "0.59", "20": "0", "21": "0", "22": "0", "23": "0.59", "24": "0", "25": "-", "26": "12.97", "27": "-9.34", "28": "0", "29": "3.63", "30": "4.22", "31": "3.39", "32": "-44.84%", "33": "2.48", "34": "3.19", "35": "2.65"}, "2006": {"1": "0.15", "2": "6", "3": "6.15", "4": "-16.83%", "5": "0.23", "6": "0.11", "7": "0.17", "8": "6.65", "9": "0.18", "10": "0", "11": "0.23", "12": "0.1", "13": "0.51", "14": "7.16", "15": "0.6", "16": "0", "17": "0", "18": "0.23", "19": "0.83", "20": "0", "21": "0", "22": "0", "23": "0.83", "24": "0", "25": "-", "26": "12.88", "27": "-6.55", "28": "0", "29": "6.33", "30": "7.16", "31": "6.15", "32": "-16.83%", "33": "4.49", "34": "5.82", "35": "4.62"}, "2005": {"1": "0.49", "2": "6.89", "3": "7.39", "4": "-18.38%", "5": "0.75", "6": "0.11", "7": "-0.28", "8": "7.96", "9": "0.21", "10": "0.5", "11": "0.18", "12": "0.33", "13": "1.22", "14": "9.18", "15": "0.59", "16": "0", "17": "0", "18": "0.18", "19": "0.77", "20": "0", "21": "0", "22": "0", "23": "0.77", "24": "0", "25": "-", "26": "12.87", "27": "-4.3", "28": "-0.16", "29": "8.41", "30": "9.18", "31": "7.39", "32": "-18.38%", "33": "5.39", "34": "7.19", "35": "6.14"}, "2004": {"1": "2.18", "2": "6.87", "3": "9.05", "4": "770.67%", "5": "0.73", "6": "0", "7": "0.03", "8": "9.81", "9": "0.26", "10": "0.5", "11": "0.15", "12": "0", "13": "0.91", "14": "10.72", "15": "0.62", "16": "0", "17": "0", "18": "0.14", "19": "0.76", "20": "0", "21": "0", "22": "0", "23": "0.76", "24": "0", "25": "-", "26": "12.96", "27": "-2.88", "28": "-0.12", "29": "9.96", "30": "10.72", "31": "9.05", "32": "770.67%", "33": "8.77", "34": "9.05", "35": "9.65"}, "2003": {"1": "1.04", "2": "0", "3": "1.04", "4": "109.92%", "5": "0.21", "6": "0", "7": "0.02", "8": "1.28", "9": "0.11", "10": "0", "11": "0.13", "12": "0", "13": "0.24", "14": "1.52", "15": "0.25", "16": "0", "17": "0", "18": "0.13", "19": "0.37", "20": "0", "21": "0", "22": "0", "23": "0.37", "24": "0", "25": "-", "26": "3.61", "27": "-2.46", "28": "0", "29": "1.15", "30": "1.52", "31": "1.04", "32": "156.54%", "33": "-", "34": "0.9", "35": "1.74"}, "2002": {"1": "0.48", "2": "0.02", "3": "0.5", "4": "19983.94%", "5": "0.06", "6": "0", "7": "0.01", "8": "0.56", "9": "0.16", "10": "0", "11": "0.11", "12": "0", "13": "0.26", "14": "0.83", "15": "0.07", "16": "0", "17": "0.09", "18": "0.14", "19": "0.3", "20": "0", "21": "0", "22": "0", "23": "0.3", "24": "0.09", "25": "-", "26": "1.97", "27": "-1.44", "28": "0", "29": "0.53", "30": "0.83", "31": "0.41", "32": "16334.31%", "33": "-", "34": "0.26", "35": "3.59"}, "2001": {"1": "Upgrade", "2": "Upgrade", "3": "Upgrade", "4": "Upgrade", "5": "Upgrade", "6": "Upgrade", "7": "Upgrade", "8": "Upgrade", "9": "Upgrade", "10": "Upgrade", "11": "Upgrade", "12": "Upgrade", "13": "Upgrade", "14": "Upgrade", "15": "Upgrade", "16": "Upgrade", "17": "Upgrade", "18": "Upgrade", "19": "Upgrade", "20": "Upgrade", "21": "Upgrade", "22": "Upgrade", "23": "Upgrade", "24": "Upgrade", "25": "Upgrade", "26": "Upgrade", "27": "Upgrade", "28": "Upgrade", "29": "Upgrade", "30": "Upgrade", "31": "Upgrade", "32": "Upgrade", "33": "Upgrade", "34": "Upgrade", "35": "Upgrade"}}, "quarterly": {"Metrics": {"1": "Cash & Equivalents", "2": "Short-Term Investments", "3": "Cash & Cash Equivalents", "4": "Cash Growth", "5": "Receivables", "6": "Inventory", "7": "Other Current Assets", "8": "Total Current Assets", "9": "Property, Plant & Equipment", "10": "Long-Term Investments", "11": "Goodwill and Intangibles", "12": "Other Long-Term Assets", "13": "Total Long-Term Assets", "14": "Total Assets", "15": "Accounts Payable", "16": "Deferred Revenue", "17": "Current Debt", "18": "Other Current Liabilities", "19": "Total Current Liabilities", "20": "Long-Term Debt", "21": "Other Long-Term Liabilities", "22": "Total Long-Term Liabilities", "23": "Total Liabilities", "24": "Total Debt", "25": "Debt Growth", "26": "Common Stock", "27": "Retained Earnings", "28": "Comprehensive Income", "29": "Shareholders' Equity", "30": "Total Liabilities and Equity", "31": "Net Cash / Debt", "32": "Net Cash / Debt Growth", "33": "Net Cash Per Share", "34": "Working Capital", "35": "Book Value Per Share"}, "2023-02-28": {"1": "22.92", "2": "0", "3": "22.92", "4": "91.63%", "5": "0.08", "6": "0", "7": "1.39", "8": "24.39", "9": "180.19", "10": "0", "11": "0", "12": "3.03", "13": "183.22", "14": "207.61", "15": "14", "16": "47.62", "17": "9.05", "18": "37.93", "19": "108.6", "20": "27.35", "21": "0.26", "22": "27.61", "23": "136.21", "24": "36.4", "25": "2883.61%", "26": "155.09", "27": "-94.24", "28": "0", "29": "60.85", "30": "197.06", "31": "-13.48", "32": "-", "33": "-0.14", "34": "-84.21", "35": "0.65"}, "2022-11-30": {"1": "18.07", "2": "0", "3": "18.07", "4": "28.69%", "5": "0.28", "6": "0", "7": "2.4", "8": "20.75", "9": "145.25", "10": "0", "11": "0", "12": "1.45", "13": "146.7", "14": "167.44", "15": "7.47", "16": "29.39", "17": "7.79", "18": "25.55", "19": "70.21", "20": "25.01", "21": "0.26", "22": "25.27", "23": "95.47", "24": "32.79", "25": "2632.75%", "26": "150.73", "27": "-87.22", "28": "0", "29": "63.51", "30": "158.98", "31": "-14.72", "32": "-", "33": "-0.16", "34": "-49.46", "35": "0.68"}, "2022-08-31": {"1": "40.83", "2": "0", "3": "40.83", "4": "39.04%", "5": "0.05", "6": "0", "7": "1.5", "8": "42.38", "9": "102.09", "10": "0", "11": "0", "12": "1.45", "13": "103.54", "14": "145.92", "15": "13.46", "16": "19.19", "17": "3.96", "18": "12.06", "19": "48.67", "20": "17.73", "21": "2.62", "22": "20.35", "23": "69.02", "24": "21.69", "25": "1614.39%", "26": "128.91", "27": "-60.6", "28": "0", "29": "68.31", "30": "137.33", "31": "19.14", "32": "-31.88%", "33": "0.21", "34": "-6.29", "35": "0.73"}, "2022-05-31": {"1": "46.3", "2": "0", "3": "46.3", "4": "294.03%", "5": "0.23", "6": "0", "7": "1.34", "8": "47.86", "9": "70.67", "10": "0", "11": "0", "12": "1.45", "13": "72.12", "14": "119.98", "15": "13.26", "16": "3.88", "17": "2.34", "18": "9.52", "19": "29", "20": "11.21", "21": "0.54", "22": "11.75", "23": "40.75", "24": "13.54", "25": "534.38%", "26": "128.33", "27": "-56.07", "28": "0", "29": "72.26", "30": "113", "31": "32.76", "32": "240.67%", "33": "0.57", "34": "18.86", "35": "1.26"}, "2022-02-28": {"1": "11.96", "2": "0", "3": "11.96", "4": "-", "5": "1.04", "6": "0", "7": "5.67", "8": "18.67", "9": "44.83", "10": "0", "11": "0", "12": "0", "13": "44.83", "14": "63.49", "15": "13.04", "16": "3.91", "17": "0.21", "18": "5.66", "19": "22.82", "20": "1.01", "21": "0.32", "22": "1.33", "23": "24.15", "24": "1.22", "25": "-", "26": "43.92", "27": "-52.52", "28": "0", "29": "-8.61", "30": "15.54", "31": "10.74", "32": "-", "33": "0.20", "34": "-4.15", "35": "-0.16"}, "2021-11-30": {"1": "14.05", "2": "0", "3": "14.05", "4": "-", "5": "0", "6": "0", "7": "1.65", "8": "15.69", "9": "37.86", "10": "0", "11": "0", "12": "0", "13": "37.86", "14": "53.55", "15": "5.32", "16": "0.53", "17": "0.19", "18": "0.5", "19": "6.54", "20": "1.01", "21": "0.21", "22": "1.22", "23": "7.76", "24": "1.2", "25": "-", "26": "43.92", "27": "-44.84", "28": "0", "29": "-0.92", "30": "6.84", "31": "12.85", "32": "-", "33": "0.24", "34": "9.16", "35": "-0.02"}, "2021-08-31": {"1": "28.93", "2": "0.44", "3": "29.37", "4": "-", "5": "0", "6": "0", "7": "0.16", "8": "29.53", "9": "20.06", "10": "0", "11": "0", "12": "0.77", "13": "20.84", "14": "50.37", "15": "4.81", "16": "0", "17": "0.17", "18": "0.01", "19": "4.98", "20": "1.1", "21": "0", "22": "1.1", "23": "6.08", "24": "1.27", "25": "-", "26": "43.92", "27": "-44.67", "28": "0", "29": "-0.75", "30": "5.33", "31": "28.1", "32": "-", "33": "0.63", "34": "24.55", "35": "-0.02"}, "2021-05-31": {"1": "11.75", "2": "0", "3": "11.75", "4": "-", "5": "0", "6": "0", "7": "0.01", "8": "11.76", "9": "3.3", "10": "0", "11": "0", "12": "0", "13": "3.3", "14": "15.05", "15": "0.25", "16": "0", "17": "2.14", "18": "0.12", "19": "2.5", "20": "0", "21": "0", "22": "0", "23": "2.5", "24": "2.14", "25": "12.43%", "26": "19.04", "27": "-21.62", "28": "0", "29": "-2.58", "30": "-0.08", "31": "9.62", "32": "-", "33": "6.36", "34": "9.26", "35": "-1.71"}, "2021-02-28": {"1": "-", "2": "-", "3": "0", "4": "-", "5": "-", "6": "-", "7": "-", "8": "-", "9": "-", "10": "-", "11": "-", "12": "-", "13": "-", "14": "-", "15": "-", "16": "-", "17": "-", "18": "-", "19": "-", "20": "-", "21": "-", "22": "-", "23": "-", "24": "-", "25": "-", "26": "-", "27": "-", "28": "-", "29": "-", "30": "-", "31": "0", "32": "-", "33": "-", "34": "-", "35": "-"}, "2020-11-30": {"1": "-", "2": "-", "3": "0", "4": "-", "5": "-", "6": "-", "7": "-", "8": "-", "9": "-", "10": "-", "11": "-", "12": "-", "13": "-", "14": "-", "15": "-", "16": "-", "17": "-", "18": "-", "19": "-", "20": "-", "21": "-", "22": "-", "23": "-", "24": "-", "25": "-", "26": "-", "27": "-", "28": "-", "29": "-", "30": "-", "31": "0", "32": "-", "33": "-", "34": "-", "35": "-"}, "2020-08-31": {"1": "-", "2": "-", "3": "0", "4": "-", "5": "-", "6": "-", "7": "-", "8": "-", "9": "-", "10": "-", "11": "-", "12": "-", "13": "-", "14": "-", "15": "-", "16": "-", "17": "-", "18": "-", "19": "-", "20": "-", "21": "-", "22": "-", "23": "-", "24": "-", "25": "-", "26": "-", "27": "-", "28": "-", "29": "-", "30": "-", "31": "0", "32": "-", "33": "-", "34": "-", "35": "-"}, "2020-05-31": {"1": "0", "2": "0", "3": "0", "4": "-", "5": "0", "6": "0", "7": "0", "8": "0", "9": "0", "10": "0", "11": "0", "12": "0", "13": "0", "14": "0", "15": "0", "16": "0", "17": "1.9", "18": "0.12", "19": "2.02", "20": "0", "21": "0", "22": "0", "23": "2.02", "24": "1.9", "25": "-", "26": "19.04", "27": "-21.06", "28": "0", "29": "-2.02", "30": "-", "31": "-1.9", "32": "-", "33": "-", "34": "-2.02", "35": "-1.33"}, "2009-02-28": {"1": "0.39", "2": "0", "3": "0.39", "4": "-71.88%", "5": "1.08", "6": "0.12", "7": "0.09", "8": "1.68", "9": "0.27", "10": "0", "11": "2.52", "12": "0", "13": "2.8", "14": "4.48", "15": "1.57", "16": "0", "17": "0.14", "18": "0.32", "19": "2.03", "20": "0.11", "21": "0", "22": "0.11", "23": "2.13", "24": "0.25", "25": "-", "26": "16.21", "27": "-13.87", "28": "0", "29": "2.34", "30": "4.48", "31": "0.14", "32": "-89.55%", "33": "0.10", "34": "-0.35", "35": "1.57"}, "2008-11-30": {"1": "0.07", "2": "0", "3": "0.07", "4": "-96.79%", "5": "0.11", "6": "0", "7": "0.12", "8": "0.3", "9": "0.23", "10": "0", "11": "0.31", "12": "0", "13": "0.54", "14": "0.84", "15": "0.21", "16": "0", "17": "0.09", "18": "0.16", "19": "0.46", "20": "0", "21": "0", "22": "0", "23": "0.46", "24": "0.09", "25": "-", "26": "13.79", "27": "-13.4", "28": "0", "29": "0.39", "30": "0.84", "31": "-0.02", "32": "-", "33": "-0.01", "34": "-0.16", "35": "0.26"}, "2008-08-31": {"1": "0.41", "2": "0.13", "3": "0.54", "4": "-80.70%", "5": "0.07", "6": "0", "7": "0.05", "8": "0.66", "9": "0.27", "10": "0", "11": "0.16", "12": "0", "13": "0.42", "14": "1.08", "15": "0.23", "16": "0", "17": "0", "18": "0.19", "19": "0.42", "20": "0", "21": "0", "22": "0", "23": "0.42", "24": "0", "25": "-", "26": "13.63", "27": "-12.96", "28": "0", "29": "0.67", "30": "1.08", "31": "0.54", "32": "-80.70%", "33": "0.38", "34": "0.24", "35": "0.47"}, "2008-05-31": {"1": "0.88", "2": "0.13", "3": "1", "4": "-70.42%", "5": "0.09", "6": "0", "7": "0.03", "8": "1.13", "9": "0.04", "10": "0", "11": "0.07", "12": "0.03", "13": "0.14", "14": "1.27", "15": "0.19", "16": "0", "17": "0", "18": "0.29", "19": "0.48", "20": "0", "21": "0", "22": "0", "23": "0.48", "24": "0", "25": "-", "26": "13.42", "27": "-12.63", "28": "0", "29": "0.79", "30": "1.27", "31": "1", "32": "-70.42%", "33": "0.72", "34": "0.65", "35": "0.56"}, "2008-02-29": {"1": "0.99", "2": "0.4", "3": "1.39", "4": "-65.77%", "5": "0.13", "6": "0.11", "7": "0.06", "8": "1.68", "9": "0.05", "10": "0", "11": "0.31", "12": "0.03", "13": "0.4", "14": "2.07", "15": "0.28", "16": "0", "17": "0", "18": "0.28", "19": "0.56", "20": "0", "21": "0", "22": "0", "23": "0.56", "24": "0", "25": "-", "26": "13.3", "27": "-11.78", "28": "0", "29": "1.51", "30": "2.07", "31": "1.39", "32": "-65.77%", "33": "0.99", "34": "1.12", "35": "1.08"}, "2007-11-30": {"1": "1.7", "2": "0.4", "3": "2.1", "4": "-58.05%", "5": "0.14", "6": "0.11", "7": "0.1", "8": "2.45", "9": "0.08", "10": "0", "11": "0.31", "12": "0.03", "13": "0.43", "14": "2.88", "15": "0.52", "16": "0", "17": "0", "18": "0.27", "19": "0.79", "20": "0", "21": "0", "22": "0", "23": "0.79", "24": "0", "25": "-", "26": "13.12", "27": "-11.03", "28": "0", "29": "2.09", "30": "2.88", "31": "2.1", "32": "-58.05%", "33": "1.52", "34": "1.66", "35": "1.51"}, "2007-08-31": {"1": "2.09", "2": "0.7", "3": "2.79", "4": "-50.50%", "5": "0.08", "6": "0.11", "7": "0.12", "8": "3.1", "9": "0.11", "10": "0", "11": "0.3", "12": "0.03", "13": "0.44", "14": "3.54", "15": "0.48", "16": "0", "17": "0", "18": "0.26", "19": "0.74", "20": "0", "21": "0", "22": "0", "23": "0.74", "24": "0", "25": "-", "26": "13.05", "27": "-10.25", "28": "0", "29": "2.8", "30": "3.54", "31": "2.79", "32": "-50.50%", "33": "2.03", "34": "2.36", "35": "2.04"}, "2007-05-31": {"1": "2.44", "2": "0.95", "3": "3.39", "4": "-44.84%", "5": "0.14", "6": "0.11", "7": "0.15", "8": "3.79", "9": "0.13", "10": "0", "11": "0.28", "12": "0.03", "13": "0.43", "14": "4.22", "15": "0.32", "16": "0", "17": "0", "18": "0.27", "19": "0.59", "20": "0", "21": "0", "22": "0", "23": "0.59", "24": "0", "25": "-", "26": "12.97", "27": "-9.34", "28": "0", "29": "3.63", "30": "4.22", "31": "3.39", "32": "-44.84%", "33": "2.47", "34": "3.19", "35": "2.65"}, "2007-02-28": {"1": "2.8", "2": "1.25", "3": "4.05", "4": "-41.36%", "5": "0.24", "6": "0.11", "7": "0.15", "8": "4.55", "9": "0.13", "10": "0", "11": "0.26", "12": "0.03", "13": "0.42", "14": "4.97", "15": "0.35", "16": "0", "17": "0", "18": "0.23", "19": "0.59", "20": "0", "21": "0", "22": "0", "23": "0.59", "24": "0", "25": "-", "26": "12.88", "27": "-8.5", "28": "0", "29": "4.38", "30": "4.97", "31": "4.05", "32": "-41.36%", "33": "2.96", "34": "3.96", "35": "3.20"}, "2006-11-30": {"1": "3.75", "2": "1.25", "3": "5", "4": "-21.10%", "5": "0.46", "6": "0.11", "7": "0.13", "8": "5.69", "9": "0.15", "10": "0", "11": "0.26", "12": "0.03", "13": "0.44", "14": "6.13", "15": "0.81", "16": "0", "17": "0", "18": "0.21", "19": "1.03", "20": "0", "21": "0", "22": "0", "23": "1.03", "24": "0", "25": "-", "26": "12.88", "27": "-7.77", "28": "0", "29": "5.1", "30": "6.13", "31": "5", "32": "-21.10%", "33": "3.65", "34": "4.67", "35": "3.73"}, "2006-08-31": {"1": "3.84", "2": "1.81", "3": "5.65", "4": "-16.98%", "5": "0.38", "6": "0.11", "7": "0.22", "8": "6.35", "9": "0.16", "10": "0", "11": "0.24", "12": "0.12", "13": "0.52", "14": "6.87", "15": "0.92", "16": "0", "17": "0", "18": "0.19", "19": "1.11", "20": "0", "21": "0", "22": "0", "23": "1.11", "24": "0", "25": "-", "26": "12.88", "27": "-7.13", "28": "0.02", "29": "5.76", "30": "6.87", "31": "5.65", "32": "-16.98%", "33": "4.12", "34": "5.24", "35": "4.21"}, "2006-05-31": {"1": "0.15", "2": "6", "3": "6.15", "4": "-16.83%", "5": "0.23", "6": "0.11", "7": "0.17", "8": "6.65", "9": "0.18", "10": "0", "11": "0.23", "12": "0.1", "13": "0.51", "14": "7.16", "15": "0.6", "16": "0", "17": "0", "18": "0.23", "19": "0.83", "20": "0", "21": "0", "22": "0", "23": "0.83", "24": "0", "25": "-", "26": "12.88", "27": "-6.55", "28": "0", "29": "6.33", "30": "7.16", "31": "6.15", "32": "-16.83%", "33": "4.49", "34": "5.82", "35": "4.62"}, "2006-02-28": {"1": "0.31", "2": "6.6", "3": "6.9", "4": "-9.49%", "5": "0.5", "6": "0.11", "7": "0.04", "8": "7.56", "9": "0.2", "10": "0", "11": "0.22", "12": "0.22", "13": "0.64", "14": "8.19", "15": "0.74", "16": "0", "17": "0", "18": "0.17", "19": "0.92", "20": "0", "21": "0", "22": "0", "23": "0.92", "24": "0", "25": "-", "26": "12.88", "27": "-5.54", "28": "-0.06", "29": "7.28", "30": "8.19", "31": "6.9", "32": "-9.49%", "33": "5.04", "34": "6.64", "35": "5.32"}, "2005-11-30": {"1": "1.79", "2": "4.55", "3": "6.34", "4": "-20.83%", "5": "0.97", "6": "0.11", "7": "-0.11", "8": "7.31", "9": "0.21", "10": "0.5", "11": "0.21", "12": "0.14", "13": "1.05", "14": "8.36", "15": "0.57", "16": "0", "17": "0", "18": "0.15", "19": "0.72", "20": "0", "21": "0", "22": "0", "23": "0.72", "24": "0", "25": "-", "26": "12.88", "27": "-5.18", "28": "-0.06", "29": "7.64", "30": "8.36", "31": "6.34", "32": "-20.83%", "33": "4.63", "34": "6.59", "35": "5.58"}, "2005-08-31": {"1": "1.97", "2": "4.83", "3": "6.8", "4": "-20.96%", "5": "1", "6": "0.11", "7": "-0.31", "8": "7.6", "9": "0.23", "10": "0.5", "11": "0.18", "12": "0.34", "13": "1.25", "14": "8.86", "15": "0.74", "16": "0", "17": "0", "18": "0.17", "19": "0.9", "20": "0", "21": "0", "22": "0", "23": "0.9", "24": "0", "25": "-", "26": "12.88", "27": "-4.93", "28": "0", "29": "7.95", "30": "8.86", "31": "6.8", "32": "-20.96%", "33": "4.97", "34": "6.7", "35": "5.81"}, "2005-05-31": {"1": "0.49", "2": "6.89", "3": "7.39", "4": "-18.38%", "5": "0.75", "6": "0.11", "7": "-0.28", "8": "7.96", "9": "0.21", "10": "0.5", "11": "0.18", "12": "0.33", "13": "1.22", "14": "9.18", "15": "0.59", "16": "0", "17": "0", "18": "0.18", "19": "0.77", "20": "0", "21": "0", "22": "0", "23": "0.77", "24": "0", "25": "-", "26": "12.87", "27": "-4.3", "28": "-0.16", "29": "8.41", "30": "9.18", "31": "7.39", "32": "-18.38%", "33": "5.40", "34": "7.19", "35": "6.14"}, "2005-02-28": {"1": "1.73", "2": "5.9", "3": "7.63", "4": "-22.39%", "5": "0.71", "6": "0.11", "7": "-0.4", "8": "8.05", "9": "0.24", "10": "0.5", "11": "0.17", "12": "0.43", "13": "1.34", "14": "9.38", "15": "0.35", "16": "0", "17": "0", "18": "0.17", "19": "0.52", "20": "0", "21": "0", "22": "0", "23": "0.52", "24": "0", "25": "-", "26": "12.81", "27": "-3.83", "28": "-0.12", "29": "8.86", "30": "9.38", "31": "7.63", "32": "-22.39%", "33": "5.57", "34": "7.53", "35": "6.47"}, "2004-11-30": {"1": "2.15", "2": "5.85", "3": "8.01", "4": "320.42%", "5": "0.52", "6": "0.11", "7": "0.03", "8": "8.66", "9": "0.26", "10": "0.5", "11": "0.15", "12": "0", "13": "0.91", "14": "9.57", "15": "0.19", "16": "0", "17": "0", "18": "0.15", "19": "0.34", "20": "0", "21": "0", "22": "0", "23": "0.34", "24": "0", "25": "-", "26": "12.8", "27": "-3.42", "28": "-0.14", "29": "9.23", "30": "9.57", "31": "8.01", "32": "320.42%", "33": "5.85", "34": "8.32", "35": "6.74"}, "2004-08-31": {"1": "2.76", "2": "5.84", "3": "8.6", "4": "280.38%", "5": "0.66", "6": "0", "7": "0.02", "8": "9.29", "9": "0.29", "10": "0.5", "11": "0.15", "12": "0", "13": "0.94", "14": "10.22", "15": "0.38", "16": "0", "17": "0", "18": "0.14", "19": "0.51", "20": "0", "21": "0", "22": "0", "23": "0.51", "24": "0", "25": "-", "26": "12.78", "27": "-2.93", "28": "-0.13", "29": "9.71", "30": "10.22", "31": "8.6", "32": "280.38%", "33": "6.27", "34": "8.77", "35": "7.08"}, "2004-05-31": {"1": "2.18", "2": "6.87", "3": "9.05", "4": "770.67%", "5": "0.73", "6": "0", "7": "0.03", "8": "9.81", "9": "0.26", "10": "0.5", "11": "0.15", "12": "0", "13": "0.91", "14": "10.72", "15": "0.62", "16": "0", "17": "0", "18": "0.14", "19": "0.76", "20": "0", "21": "0", "22": "0", "23": "0.76", "24": "0", "25": "-", "26": "12.96", "27": "-2.88", "28": "-0.12", "29": "9.96", "30": "10.72", "31": "9.05", "32": "770.67%", "33": "8.77", "34": "9.05", "35": "9.65"}, "2004-02-29": {"1": "9.83", "2": "0", "3": "9.83", "4": "700.37%", "5": "0.51", "6": "0", "7": "0.05", "8": "10.38", "9": "0.27", "10": "0", "11": "0.15", "12": "0", "13": "0.42", "14": "10.8", "15": "0.62", "16": "0", "17": "0", "18": "0.15", "19": "0.77", "20": "0", "21": "0", "22": "0", "23": "0.77", "24": "0", "25": "-", "26": "12.93", "27": "-2.9", "28": "0", "29": "10.03", "30": "10.8", "31": "9.83", "32": "700.37%", "33": "9.67", "34": "9.61", "35": "9.87"}, "2003-11-30": {"1": "1.9", "2": "0", "3": "1.9", "4": "-", "5": "0.43", "6": "0", "7": "0.24", "8": "2.58", "9": "0.3", "10": "0", "11": "0.14", "12": "0", "13": "0.44", "14": "3.02", "15": "0.47", "16": "0", "17": "0", "18": "0.13", "19": "0.6", "20": "0", "21": "0", "22": "0", "23": "0.6", "24": "0", "25": "-", "26": "5.32", "27": "-2.9", "28": "0", "29": "2.42", "30": "3.02", "31": "1.9", "32": "-", "33": "-", "34": "1.98", "35": "2.29"}, "2003-08-31": {"1": "2.26", "2": "0", "3": "2.26", "4": "-", "5": "0.29", "6": "0", "7": "0.08", "8": "2.63", "9": "0.25", "10": "0", "11": "0.14", "12": "0", "13": "0.39", "14": "3.02", "15": "0.29", "16": "0", "17": "0", "18": "0.1", "19": "0.39", "20": "0", "21": "0", "22": "0", "23": "0.39", "24": "0", "25": "-", "26": "5.32", "27": "-2.69", "28": "0", "29": "2.63", "30": "3.02", "31": "2.26", "32": "-", "33": "-", "34": "2.24", "35": "3.11"}, "2003-05-31": {"1": "1.04", "2": "0", "3": "1.04", "4": "109.92%", "5": "0.21", "6": "0", "7": "0.02", "8": "1.28", "9": "0.11", "10": "0", "11": "0.13", "12": "0", "13": "0.24", "14": "1.52", "15": "0.25", "16": "0", "17": "0", "18": "0.13", "19": "0.37", "20": "0", "21": "0", "22": "0", "23": "0.37", "24": "0", "25": "-", "26": "3.61", "27": "-2.46", "28": "0", "29": "1.15", "30": "1.52", "31": "1.04", "32": "156.54%", "33": "-", "34": "0.9", "35": "1.74"}, "2003-02-28": {"1": "1.23", "2": "0", "3": "1.23", "4": "-", "5": "0.22", "6": "0", "7": "0.03", "8": "1.48", "9": "0.12", "10": "0", "11": "0.13", "12": "0", "13": "0.25", "14": "1.73", "15": "0.3", "16": "0", "17": "0", "18": "0.1", "19": "0.41", "20": "0", "21": "0", "22": "0", "23": "0.41", "24": "0", "25": "-", "26": "3.56", "27": "-2.23", "28": "0", "29": "1.32", "30": "1.73", "31": "1.23", "32": "-", "33": "-", "34": "1.08", "35": "1.61"}, "2002-11-30": {"1": "-", "2": "-", "3": "0", "4": "-", "5": "-", "6": "-", "7": "-", "8": "-", "9": "-", "10": "-", "11": "-", "12": "-", "13": "-", "14": "-", "15": "-", "16": "-", "17": "-", "18": "-", "19": "-", "20": "-", "21": "-", "22": "-", "23": "-", "24": "-", "25": "-", "26": "-", "27": "-", "28": "-", "29": "-", "30": "-", "31": "0", "32": "-", "33": "-", "34": "-", "35": "-"}, "2002-08-31": {"1": "-", "2": "-", "3": "0", "4": "-", "5": "-", "6": "-", "7": "-", "8": "-", "9": "-", "10": "-", "11": "-", "12": "-", "13": "-", "14": "-", "15": "-", "16": "-", "17": "-", "18": "-", "19": "-", "20": "-", "21": "-", "22": "-", "23": "-", "24": "-", "25": "-", "26": "-", "27": "-", "28": "-", "29": "-", "30": "-", "31": "0", "32": "-", "33": "-", "34": "-", "35": "-"}, "2002-05-31": {"1": "0.48", "2": "0.02", "3": "0.5", "4": "-", "5": "0.06", "6": "0", "7": "0.01", "8": "0.56", "9": "0.16", "10": "0", "11": "0.11", "12": "0", "13": "0.26", "14": "0.83", "15": "0.07", "16": "0", "17": "0.09", "18": "0.14", "19": "0.3", "20": "0", "21": "0", "22": "0", "23": "0.3", "24": "0.09", "25": "-", "26": "1.97", "27": "-1.44", "28": "0", "29": "0.53", "30": "0.83", "31": "0.41", "32": "-", "33": "-", "34": "0.26", "35": "3.40"}, "+3 Quarters": {"1": "Upgrade", "2": "Upgrade", "3": "Upgrade", "4": "Upgrade", "5": "Upgrade", "6": "Upgrade", "7": "Upgrade", "8": "Upgrade", "9": "Upgrade", "10": "Upgrade", "11": "Upgrade", "12": "Upgrade", "13": "Upgrade", "14": "Upgrade", "15": "Upgrade", "16": "Upgrade", "17": "Upgrade", "18": "Upgrade", "19": "Upgrade", "20": "Upgrade", "21": "Upgrade", "22": "Upgrade", "23": "Upgrade", "24": "Upgrade", "25": "Upgrade", "26": "Upgrade", "27": "Upgrade", "28": "Upgrade", "29": "Upgrade", "30": "Upgrade", "31": "Upgrade", "32": "Upgrade", "33": "Upgrade", "34": "Upgrade", "35": "Upgrade"}}}, "cash_flow_statement": {"annual": {"Year": {"1": "Net Income", "2": "Depreciation & Amortization", "3": "Share-Based Compensation", "4": "Other Operating Activities", "5": "Operating Cash Flow", "6": "Capital Expenditures", "7": "Change in Investments", "8": "Other Investing Activities", "9": "Investing Cash Flow", "10": "Share Issuance / Repurchase", "11": "Debt Issued / Paid", "12": "Other Financing Activities", "13": "Financing Cash Flow", "14": "Net Cash Flow", "15": "Free Cash Flow", "16": "Free Cash Flow Margin", "17": "Free Cash Flow Per Share"}, "2022": {"1": "-23.52", "2": "1.12", "3": "12.34", "4": "9.19", "5": "-0.87", "6": "-54.97", "7": "0", "8": "9.1", "9": "-45.87", "10": "35.72", "11": "7.01", "12": "38.56", "13": "81.29", "14": "34.55", "15": "-55.85", "16": "-653.25%", "17": "-0.98"}, "2021": {"1": "-0.57", "2": "0", "3": "0", "4": "0.48", "5": "-0.08", "6": "-3.3", "7": "0", "8": "-", "9": "-3.3", "10": "0", "11": "0", "12": "15.14", "13": "15.14", "14": "11.75", "15": "-3.39", "16": "-", "17": "-2.24"}, "2020": {"1": "-0.26", "2": "0", "3": "0", "4": "0.26", "5": "0", "6": "0", "7": "0", "8": "-", "9": "0", "10": "0", "11": "0", "12": "-", "13": "0", "14": "0", "15": "0", "16": "-", "17": "-"}, "2008": {"1": "-3.29", "2": "0", "3": "0", "4": "0.95", "5": "-2.34", "6": "0.02", "7": "0.83", "8": "-0.07", "9": "0.78", "10": "0", "11": "0", "12": "-", "13": "0", "14": "-1.56", "15": "-2.32", "16": "-688.32%", "17": "-1.67"}, "2007": {"1": "-2.79", "2": "0", "3": "0", "4": "0.06", "5": "-2.73", "6": "-0.01", "7": "5.1", "8": "-0.07", "9": "5.02", "10": "0", "11": "0", "12": "-", "13": "0", "14": "2.29", "15": "-2.74", "16": "-177.22%", "17": "-2.00"}, "2006": {"1": "-2.26", "2": "0.11", "3": "0", "4": "0.48", "5": "-1.66", "6": "-0.06", "7": "1.45", "8": "-0.07", "9": "1.32", "10": "0", "11": "0", "12": "-", "13": "0", "14": "-0.35", "15": "-1.73", "16": "-44.65%", "17": "-1.26"}, "2005": {"1": "-1.41", "2": "0.13", "3": "0", "4": "-0.12", "5": "-1.4", "6": "-0.06", "7": "0.02", "8": "-0.04", "9": "-0.08", "10": "-0.2", "11": "0", "12": "-", "13": "-0.2", "14": "-1.69", "15": "-1.46", "16": "-44.19%", "17": "-1.07"}, "2004": {"1": "-0.42", "2": "0.09", "3": "0.06", "4": "-0.15", "5": "-0.42", "6": "-0.22", "7": "-7.47", "8": "-0.03", "9": "-7.73", "10": "9.29", "11": "0", "12": "-", "13": "9.29", "14": "1.14", "15": "-0.65", "16": "-18.08%", "17": "-0.63"}, "2003": {"1": "-0.94", "2": "0.06", "3": "0.07", "4": "-0.04", "5": "-0.86", "6": "-0", "7": "0", "8": "-0.03", "9": "-0.04", "10": "1.53", "11": "-0.07", "12": "0.2", "13": "1.66", "14": "0.76", "15": "-0.86", "16": "-78.74%", "17": "-1.31"}, "2002": {"1": "-0.81", "2": "0.04", "3": "0.02", "4": "0.21", "5": "-0.53", "6": "-0.01", "7": "0", "8": "-0.04", "9": "-0.05", "10": "0", "11": "0.01", "12": "-", "13": "0.01", "14": "-0.56", "15": "-0.54", "16": "-109.41%", "17": "-3.65"}, "2001": {"1": "Upgrade", "2": "Upgrade", "3": "Upgrade", "4": "Upgrade", "5": "Upgrade", "6": "Upgrade", "7": "Upgrade", "8": "Upgrade", "9": "Upgrade", "10": "Upgrade", "11": "Upgrade", "12": "Upgrade", "13": "Upgrade", "14": "Upgrade", "15": "Upgrade", "16": "Upgrade", "17": "Upgrade"}}, "quarterly": {"Metrics": {"1": "Net Income", "2": "Depreciation & Amortization", "3": "Share-Based Compensation", "4": "Other Operating Activities", "5": "Operating Cash Flow", "6": "Operating Cash Flow Growth", "7": "Capital Expenditures", "8": "Acquisitions", "9": "Change in Investments", "10": "Other Investing Activities", "11": "Investing Cash Flow", "12": "Share Issuance / Repurchase", "13": "Debt Issued / Paid", "14": "Other Financing Activities", "15": "Financing Cash Flow", "16": "Net Cash Flow", "17": "Free Cash Flow", "18": "Free Cash Flow Growth", "19": "Free Cash Flow Margin", "20": "Free Cash Flow Per Share"}, "2023-02-28": {"1": "-7.03", "2": "1.93", "3": "4.48", "4": "26.78", "5": "26.17", "6": "1281.47%", "7": "-25.91", "8": "0", "9": "-0.1", "10": "-", "11": "-26.01", "12": "0", "13": "2.32", "14": "2.37", "15": "4.69", "16": "4.85", "17": "0.26", "18": "-96.47%", "19": "1.82%", "20": "0.00"}, "2022-11-30": {"1": "-26.62", "2": "1.57", "3": "21.82", "4": "13.92", "5": "10.69", "6": "183.50%", "7": "-38.63", "8": "0", "9": "0", "10": "-", "11": "-38.63", "12": "0", "13": "5.47", "14": "-0.28", "15": "5.19", "16": "-22.76", "17": "-27.95", "18": "-", "19": "-226.47%", "20": "-0.30"}, "2022-08-31": {"1": "-4.53", "2": "1.14", "3": "0.58", "4": "20.11", "5": "17.29", "6": "-", "7": "-31.67", "8": "0", "9": "0", "10": "-", "11": "-31.67", "12": "0", "13": "7.3", "14": "1.61", "15": "8.91", "16": "-5.47", "17": "-14.38", "18": "-", "19": "-207.67%", "20": "-0.15"}, "2022-05-31": {"1": "-2.81", "2": "0.97", "3": "0", "4": "-3.15", "5": "-4.99", "6": "-", "7": "-26.79", "8": "0", "9": "0", "10": "16.51", "11": "-10.28", "12": "35.72", "13": "7.01", "14": "6.87", "15": "49.61", "16": "34.34", "17": "-31.78", "18": "-", "19": "-422.42%", "20": "-0.56"}, "2022-02-28": {"1": "-6.45", "2": "0.07", "3": "0", "4": "8.27", "5": "1.89", "6": "-", "7": "5.36", "8": "0", "9": "0", "10": "-9.34", "11": "-3.98", "12": "0", "13": "-0", "14": "-0", "15": "-0", "16": "-2.08", "17": "7.26", "18": "-", "19": "707.41%", "20": "0.14"}, "2021-11-30": {"1": "-0.17", "2": "0.17", "3": "0", "4": "3.77", "5": "3.77", "6": "-", "7": "-22.26", "8": "0", "9": "0", "10": "1.93", "11": "-20.33", "12": "0", "13": "0", "14": "1.67", "15": "1.67", "16": "-14.88", "17": "-18.49", "18": "-", "19": "-", "20": "-0.35"}, "2021-08-31": {"1": "-14.1", "2": "0", "3": "12.34", "4": "0.32", "5": "-1.44", "6": "-", "7": "-11.29", "8": "0", "9": "0", "10": "-", "11": "-11.29", "12": "0", "13": "0", "14": "29.9", "15": "29.9", "16": "17.18", "17": "-12.72", "18": "-", "19": "-", "20": "-0.28"}, "2021-05-31": {"1": "-0.35", "2": "0", "3": "0", "4": "0.26", "5": "-0.08", "6": "-", "7": "-3.3", "8": "0", "9": "0", "10": "-", "11": "-3.3", "12": "0", "13": "0", "14": "15.14", "15": "15.14", "16": "11.75", "17": "-3.39", "18": "-", "19": "-", "20": "-2.24"}, "2021-02-28": {"1": "-0.08", "2": "0", "3": "0", "4": "0.08", "5": "0", "6": "-", "7": "0", "8": "0", "9": "0", "10": "-", "11": "0", "12": "0", "13": "0", "14": "-", "15": "0", "16": "0", "17": "0", "18": "-", "19": "-", "20": "-"}, "2020-11-30": {"1": "-0.07", "2": "0", "3": "0", "4": "0.07", "5": "0", "6": "-", "7": "0", "8": "0", "9": "0", "10": "-", "11": "0", "12": "0", "13": "0", "14": "-", "15": "0", "16": "0", "17": "0", "18": "-", "19": "-", "20": "-"}, "2020-08-31": {"1": "-0.07", "2": "0", "3": "0", "4": "0.07", "5": "0", "6": "-", "7": "0", "8": "0", "9": "0", "10": "-", "11": "0", "12": "0", "13": "0", "14": "-", "15": "0", "16": "0", "17": "0", "18": "-", "19": "-", "20": "-"}, "2020-05-31": {"1": "-", "2": "-", "3": "-", "4": "-", "5": "-", "6": "-", "7": "-", "8": "-", "9": "-", "10": "-", "11": "-", "12": "-", "13": "-", "14": "-", "15": "-", "16": "-", "17": "-", "18": "-", "19": "-", "20": "-"}, "2009-02-28": {"1": "-0.47", "2": "0.11", "3": "0.01", "4": "-0.13", "5": "-0.45", "6": "-", "7": "-0", "8": "0.49", "9": "0", "10": "-", "11": "0.49", "12": "0", "13": "-0.13", "14": "0.41", "15": "0.28", "16": "0.32", "17": "-0.45", "18": "-", "19": "-29.22%", "20": "-0.30"}, "2008-11-30": {"1": "-0.44", "2": "0.02", "3": "0.01", "4": "-0.18", "5": "-0.59", "6": "-", "7": "0.04", "8": "0", "9": "0.13", "10": "-0.01", "11": "0.16", "12": "0", "13": "0.09", "14": "-", "15": "0.09", "16": "-0.35", "17": "-0.55", "18": "-", "19": "-666.28%", "20": "-0.37"}, "2008-08-31": {"1": "-0.33", "2": "0.01", "3": "0.01", "4": "-0.02", "5": "-0.34", "6": "-", "7": "-0.04", "8": "0", "9": "0", "10": "-0.09", "11": "-0.13", "12": "0", "13": "0", "14": "-", "15": "0", "16": "-0.46", "17": "-0.37", "18": "-", "19": "-680.85%", "20": "-0.27"}, "2008-05-31": {"1": "-0.85", "2": "-0.08", "3": "0", "4": "0.54", "5": "-0.39", "6": "-", "7": "0.02", "8": "0", "9": "0.83", "10": "-0.56", "11": "0.28", "12": "0", "13": "0", "14": "-", "15": "0", "16": "-0.11", "17": "-0.37", "18": "-", "19": "-412.86%", "20": "-0.27"}, "2008-02-29": {"1": "-0.75", "2": "0.03", "3": "-0.01", "4": "0.02", "5": "-0.71", "6": "-", "7": "0", "8": "0", "9": "0", "10": "-0", "11": "-0", "12": "0", "13": "0", "14": "-", "15": "0", "16": "-0.71", "17": "-0.71", "18": "-", "19": "-561.52%", "20": "-0.51"}, "2007-11-30": {"1": "-0.78", "2": "0.03", "3": "0.07", "4": "0.01", "5": "-0.68", "6": "-", "7": "0", "8": "0", "9": "0.3", "10": "-0.01", "11": "0.29", "12": "0", "13": "0", "14": "-", "15": "0", "16": "-0.4", "17": "-0.68", "18": "-", "19": "-907.94%", "20": "-0.49"}, "2007-08-31": {"1": "-0.91", "2": "0.03", "3": "0.09", "4": "0.24", "5": "-0.56", "6": "-", "7": "0", "8": "0", "9": "0.25", "10": "-0.04", "11": "0.21", "12": "0", "13": "0", "14": "-", "15": "0", "16": "-0.34", "17": "-0.56", "18": "-", "19": "-1211.80%", "20": "-0.41"}, "2007-05-31": {"1": "-0.85", "2": "-0.08", "3": "0", "4": "0.29", "5": "-0.64", "6": "-", "7": "-0", "8": "0", "9": "8.77", "10": "-8.49", "11": "0.28", "12": "0", "13": "0", "14": "-", "15": "0", "16": "-0.36", "17": "-0.64", "18": "-", "19": "-613.41%", "20": "-0.47"}, "2007-02-28": {"1": "-0.72", "2": "0.03", "3": "0", "4": "-0.25", "5": "-0.95", "6": "-", "7": "-0", "8": "0", "9": "0", "10": "-0", "11": "-0.01", "12": "0", "13": "0", "14": "-", "15": "0", "16": "-0.95", "17": "-0.95", "18": "-", "19": "-518.23%", "20": "-0.69"}, "2006-11-30": {"1": "-0.64", "2": "0.03", "3": "0", "4": "0.01", "5": "-0.6", "6": "-", "7": "-0.01", "8": "0", "9": "0", "10": "0.53", "11": "0.51", "12": "0", "13": "0", "14": "-", "15": "0", "16": "-0.09", "17": "-0.62", "18": "-", "19": "-94.07%", "20": "-0.45"}, "2006-08-31": {"1": "-0.58", "2": "0.03", "3": "0", "4": "0.01", "5": "-0.54", "6": "-", "7": "-0", "8": "0", "9": "-3.67", "10": "7.9", "11": "4.23", "12": "0", "13": "0", "14": "-", "15": "0", "16": "3.69", "17": "-0.54", "18": "-", "19": "-89.19%", "20": "-0.39"}, "2006-05-31": {"1": "-1.01", "2": "0.02", "3": "0", "4": "0.21", "5": "-0.78", "6": "-", "7": "-0", "8": "0", "9": "14.07", "10": "-13.45", "11": "0.61", "12": "0", "13": "0", "14": "-", "15": "0", "16": "-0.16", "17": "-0.78", "18": "-", "19": "-357.99%", "20": "-0.57"}, "2006-02-28": {"1": "-0.36", "2": "0.02", "3": "0", "4": "0.41", "5": "0.07", "6": "-", "7": "-0", "8": "0", "9": "-3.8", "10": "4.28", "11": "0.48", "12": "0", "13": "0", "14": "-", "15": "0", "16": "0.54", "17": "0.07", "18": "-", "19": "7.12%", "20": "0.05"}, "2005-11-30": {"1": "-0.25", "2": "0.03", "3": "0", "4": "-0.18", "5": "-0.4", "6": "-", "7": "-0.01", "8": "0", "9": "-3.77", "10": "4.01", "11": "0.22", "12": "0", "13": "0", "14": "-", "15": "0", "16": "-0.18", "17": "-0.41", "18": "-", "19": "-26.76%", "20": "-0.30"}, "2005-08-31": {"1": "-0.63", "2": "0.03", "3": "0", "4": "0.05", "5": "-0.55", "6": "-", "7": "-0.05", "8": "0", "9": "-5.05", "10": "5.1", "11": "0", "12": "0", "13": "0", "14": "-", "15": "0", "16": "-0.55", "17": "-0.61", "18": "-", "19": "-49.80%", "20": "-0.44"}, "2005-05-31": {"1": "-0.46", "2": "0.04", "3": "0", "4": "0.17", "5": "-0.26", "6": "-", "7": "-0", "8": "0", "9": "-0.43", "10": "-0.02", "11": "-0.45", "12": "0", "13": "0", "14": "-", "15": "0", "16": "-0.71", "17": "-0.26", "18": "-", "19": "-32.59%", "20": "-0.19"}, "2005-02-28": {"1": "-0.41", "2": "0.03", "3": "0", "4": "0.01", "5": "-0.38", "6": "-", "7": "-0", "8": "0", "9": "-0.55", "10": "-0.02", "11": "-0.57", "12": "0", "13": "0", "14": "-", "15": "0", "16": "-0.95", "17": "-0.38", "18": "-", "19": "-60.21%", "20": "-0.28"}, "2004-11-30": {"1": "-0.48", "2": "0.03", "3": "-0.02", "4": "-0.11", "5": "-0.59", "6": "-", "7": "-0.06", "8": "0", "9": "5.97", "10": "-5.93", "11": "-0.02", "12": "0", "13": "0", "14": "-", "15": "0", "16": "-0.61", "17": "-0.64", "18": "-", "19": "-146.75%", "20": "-0.47"}, "2004-08-31": {"1": "-0.05", "2": "0.03", "3": "0.02", "4": "-0.17", "5": "-0.18", "6": "-", "7": "0", "8": "0", "9": "-4.97", "10": "5.93", "11": "0.96", "12": "-0.2", "13": "0", "14": "-", "15": "-0.2", "16": "0.58", "17": "-0.18", "18": "-", "19": "-12.36%", "20": "-0.13"}, "2004-05-31": {"1": "0.01", "2": "0.03", "3": "0.04", "4": "-0.23", "5": "-0.16", "6": "-", "7": "-0.02", "8": "0", "9": "-7.47", "10": "-0", "11": "-7.49", "12": "-0", "13": "0", "14": "-", "15": "-0", "16": "-7.65", "17": "-0.17", "18": "-", "19": "-13.39%", "20": "-0.17"}, "2004-02-29": {"1": "0.01", "2": "0.02", "3": "0.01", "4": "0.29", "5": "0.33", "6": "-", "7": "0.01", "8": "0", "9": "0", "10": "-0.01", "11": "0", "12": "7.59", "13": "0", "14": "-", "15": "7.59", "16": "7.93", "17": "0.34", "18": "-", "19": "33.81%", "20": "0.34"}, "2003-11-30": {"1": "-0.22", "2": "0.02", "3": "0.01", "4": "-0.1", "5": "-0.29", "6": "-", "7": "-0.07", "8": "0", "9": "0", "10": "-0", "11": "-0.07", "12": "0", "13": "0", "14": "-", "15": "0", "16": "-0.36", "17": "-0.35", "18": "-", "19": "-46.30%", "20": "-0.33"}, "2003-08-31": {"1": "-0.23", "2": "0.02", "3": "0.01", "4": "-0.11", "5": "-0.31", "6": "-", "7": "-0.15", "8": "0", "9": "0", "10": "-0.01", "11": "-0.17", "12": "1.7", "13": "0", "14": "-", "15": "1.7", "16": "1.22", "17": "-0.47", "18": "-", "19": "-87.40%", "20": "-0.55"}, "2003-05-31": {"1": "-0.23", "2": "0.02", "3": "0.05", "4": "-0.02", "5": "-0.18", "6": "-", "7": "-0", "8": "0", "9": "0", "10": "-0.01", "11": "-0.01", "12": "0", "13": "0", "14": "-", "15": "0", "16": "-0.19", "17": "-0.18", "18": "-", "19": "-31.72%", "20": "-0.27"}, "2003-02-28": {"1": "-0.15", "2": "0.01", "3": "0.01", "4": "-0.02", "5": "-0.15", "6": "-", "7": "0", "8": "0", "9": "0", "10": "-0.01", "11": "-0.01", "12": "0", "13": "0.01", "14": "0.2", "15": "0.21", "16": "0.04", "17": "-0.15", "18": "-", "19": "-30.96%", "20": "-0.18"}, "2002-11-30": {"1": "-0.31", "2": "0.01", "3": "0.01", "4": "0.01", "5": "-0.27", "6": "-", "7": "0", "8": "0", "9": "0", "10": "-0", "11": "-0", "12": "1.53", "13": "-0.19", "14": "-", "15": "1.34", "16": "1.06", "17": "-0.27", "18": "-", "19": "-690.10%", "20": "-0.34"}, "2002-08-31": {"1": "-0.25", "2": "0.01", "3": "0.01", "4": "-0.02", "5": "-0.26", "6": "-", "7": "-0", "8": "0", "9": "0", "10": "-0.01", "11": "-0.01", "12": "0", "13": "0.11", "14": "-", "15": "0.11", "16": "-0.15", "17": "-0.26", "18": "-", "19": "-", "20": "-1.64"}, "2002-05-31": {"1": "-0.21", "2": "0.01", "3": "-0.02", "4": "0.05", "5": "-0.19", "6": "-", "7": "-0.01", "8": "0", "9": "0", "10": "0", "11": "-0.01", "12": "0", "13": "0.01", "14": "-", "15": "0.01", "16": "-0.19", "17": "-0.2", "18": "-", "19": "-", "20": "-1.26"}, "+3 Quarters": {"1": "Upgrade", "2": "Upgrade", "3": "Upgrade", "4": "Upgrade", "5": "Upgrade", "6": "Upgrade", "7": "Upgrade", "8": "Upgrade", "9": "Upgrade", "10": "Upgrade", "11": "Upgrade", "12": "Upgrade", "13": "Upgrade", "14": "Upgrade", "15": "Upgrade", "16": "Upgrade", "17": "Upgrade", "18": "Upgrade", "19": "Upgrade", "20": "Upgrade"}}}, "ratios": {"annual": {"Year": {"1": "Market Capitalization", "2": "Market Cap Growth", "3": "Enterprise Value", "4": "PE Ratio", "5": "PS Ratio", "6": "PB Ratio", "7": "P/FCF Ratio", "8": "P/OCF Ratio", "9": "EV/Sales Ratio", "10": "EV/EBITDA Ratio", "11": "EV/EBIT Ratio", "12": "EV/FCF Ratio", "13": "Debt / Equity Ratio", "14": "Debt / EBITDA Ratio", "15": "Debt / FCF Ratio", "16": "Current Ratio", "17": "Asset Turnover", "18": "Return on Equity (ROE)", "19": "Return on Assets (ROA)", "20": "Return on Capital (ROIC)", "21": "Earnings Yield", "22": "FCF Yield", "23": "Buyback Yield / Dilution", "24": "Total Shareholder Return"}, "Current": {"1": "608", "2": "-", "3": "758", "4": "-6.11", "5": "18.22", "6": "12.24", "7": "-3.39", "8": "15.15", "9": "18.55", "10": "-7.72", "11": "-6.64", "12": "-3.57", "13": "0.60", "14": "-1.07", "15": "-0.49", "16": "0.23", "17": "0.26", "18": "-61.90%", "19": "-25.60%", "20": "-44.10%", "21": "-5.50%", "22": "-9.92%", "23": "-76.26%", "24": "-76.26%"}, "2022": {"1": "479", "2": "5310.76%", "3": "446", "4": "-20.37", "5": "56.05", "6": "6.63", "7": "-8.58", "8": "-549.49", "9": "52.22", "10": "-20.53", "11": "-19.52", "12": "-7.99", "13": "0.19", "14": "-0.62", "15": "-0.24", "16": "1.65", "17": "0.12", "18": "-151.80%", "19": "-32.70%", "20": "-65.30%", "21": "-4.91%", "22": "-11.66%", "23": "-3680.20%", "24": "-3680.20%"}, "2021": {"1": "9", "2": "13714.04%", "3": "-1", "4": "-15.59", "5": "-", "6": "-3.43", "7": "-2.62", "8": "-106.69", "9": "-", "10": "2.29", "11": "2.29", "12": "0.22", "13": "-0.83", "14": "-6.45", "15": "-0.63", "16": "4.70", "17": "0", "18": "24.70%", "19": "-7.50%", "20": "-23.50%", "21": "-6.41%", "22": "-38.22%", "23": "0.00%", "24": "0.00%"}, "2020": {"1": "0", "2": "-99.58%", "3": "2", "4": "-0.24", "5": "-", "6": "-0.03", "7": "-", "8": "-", "9": "-", "10": "-", "11": "-", "12": "-", "13": "-0.94", "14": "-", "15": "-", "16": "0", "17": "-", "18": "-", "19": "-", "20": "-", "21": "-410.26%", "22": "-", "23": "-8.92%", "24": "-8.92%"}, "2008": {"1": "15", "2": "3.33%", "3": "14", "4": "-4.65", "5": "45.34", "6": "19.39", "7": "-6.59", "8": "-6.53", "9": "42.36", "10": "-4.35", "11": "-4.35", "12": "-6.15", "13": "-", "14": "-", "15": "-", "16": "2.36", "17": "0.14", "18": "-182.80%", "19": "-134.70%", "20": "-2443.40%", "21": "-21.51%", "22": "-15.18%", "23": "-1.31%", "24": "-1.31%"}, "2007": {"1": "15", "2": "-21.74%", "3": "11", "4": "-5.30", "5": "9.56", "6": "4.08", "7": "-5.39", "8": "-5.42", "9": "7.37", "10": "-4.07", "11": "-4.07", "12": "-4.16", "13": "-", "14": "-", "15": "-", "16": "6.39", "17": "0.28", "18": "-59.10%", "19": "-50.30%", "20": "-223.80%", "21": "-18.86%", "22": "-18.54%", "23": "-0.02%", "24": "-0.02%"}, "2006": {"1": "19", "2": "43.75%", "3": "13", "4": "-8.37", "5": "4.88", "6": "2.99", "7": "-10.94", "8": "-11.35", "9": "3.29", "10": "-6.00", "11": "-5.71", "12": "-7.38", "13": "-", "14": "-", "15": "-", "16": "7.99", "17": "0.48", "18": "-30.90%", "19": "-27.70%", "20": "-37.00%", "21": "-11.94%", "22": "-9.14%", "23": "0.03%", "24": "0.03%"}, "2005": {"1": "13", "2": "-3.80%", "3": "6", "4": "-9.31", "5": "3.97", "6": "1.56", "7": "-8.98", "8": "-9.38", "9": "1.74", "10": "-4.57", "11": "-4.16", "12": "-3.93", "13": "-", "14": "-", "15": "-", "16": "10.35", "17": "0.35", "18": "-15.60%", "19": "-14.70%", "20": "-19.50%", "21": "-10.74%", "22": "-11.13%", "23": "-32.68%", "24": "-32.68%"}, "2004": {"1": "14", "2": "14.31%", "3": "5", "4": "-32.21", "5": "3.80", "6": "1.37", "7": "-21.03", "8": "-32.15", "9": "1.28", "10": "-14.40", "11": "-11.29", "12": "-7.10", "13": "-", "14": "-", "15": "-", "16": "12.95", "17": "0.52", "18": "-6.80%", "19": "-6.20%", "20": "-19.70%", "21": "-3.10%", "22": "-4.76%", "23": "-56.89%", "24": "-56.89%"}, "2003": {"1": "12", "2": "-", "3": "11", "4": "-12.66", "5": "10.94", "6": "10.43", "7": "-13.89", "8": "-13.94", "9": "9.98", "10": "-12.39", "11": "-11.61", "12": "-12.68", "13": "-", "14": "-", "15": "-", "16": "3.43", "17": "0.93", "18": "-112.80%", "19": "-80.50%", "20": "-17000.10%", "21": "-7.90%", "22": "-7.20%", "23": "-347.75%", "24": "-347.75%"}, "2002": {"1": "-", "2": "-", "3": "-0", "4": "-", "5": "-", "6": "-", "7": "-", "8": "-", "9": "-0.83", "10": "0.53", "11": "0.51", "12": "0.76", "13": "0.17", "14": "-0.12", "15": "-0.17", "16": "1.89", "17": "-", "18": "-", "19": "-", "20": "-", "21": "-", "22": "-", "23": "56.27%", "24": "56.27%"}}, "quarterly": {"Metrics": {"1": "Market Capitalization", "2": "Market Cap Growth", "3": "Enterprise Value", "4": "PE Ratio", "5": "PS Ratio", "6": "PB Ratio", "7": "Debt / Equity Ratio", "8": "Current Ratio", "9": "Buyback Yield / Dilution", "10": "Total Shareholder Return"}, "Current": {"1": "608", "2": "-", "3": "758", "4": "-6.11", "5": "18.22", "6": "12.24", "7": "0.60", "8": "0.23", "9": "-76.26%", "10": "-76.26%"}, "2023-02-28": {"1": "250", "2": "-58.43%", "3": "264", "4": "-6.11", "5": "6.13", "6": "4.11", "7": "0.60", "8": "0.23", "9": "-76.26%", "10": "-76.26%"}, "2022-11-30": {"1": "184", "2": "-81.50%", "3": "198", "4": "-4.55", "5": "6.61", "6": "2.89", "7": "0.52", "8": "0.30", "9": "-74.96%", "10": "-74.96%"}, "2022-08-31": {"1": "223", "2": "-53.83%", "3": "204", "4": "-16.01", "5": "14.44", "6": "3.27", "7": "0.32", "8": "0.87", "9": "-107.19%", "10": "-107.19%"}, "2022-05-31": {"1": "479", "2": "5310.76%", "3": "446", "4": "-20.37", "5": "56.05", "6": "6.63", "7": "0.19", "8": "1.65", "9": "-3680.20%", "10": "-3680.20%"}, "2022-02-28": {"1": "602", "2": "33567.58%", "3": "592", "4": "-28.60", "5": "587.05", "6": "-69.96", "7": "-0.14", "8": "0.82", "9": "-3433.74%", "10": "-3433.74%"}, "2021-11-30": {"1": "993", "2": "731975.37%", "3": "980", "4": "-67.61", "5": "-", "6": "-1077.21", "7": "-1.30", "8": "2.40", "9": "-3433.73%", "10": "-3433.73%"}, "2021-08-31": {"1": "484", "2": "540729.13%", "3": "456", "4": "-33.15", "5": "-", "6": "-644.18", "7": "-1.68", "8": "5.93", "9": "-2914.21%", "10": "-2914.21%"}, "2021-05-31": {"1": "9", "2": "13714.04%", "3": "-1", "4": "-15.59", "5": "-", "6": "-3.43", "7": "-0.83", "8": "4.70", "9": "0.00%", "10": "0.00%"}, "2021-02-28": {"1": "2", "2": "566.67%", "3": "2", "4": "-", "5": "-", "6": "-", "7": "-", "8": "-", "9": "-1.36%", "10": "-1.36%"}, "2020-11-30": {"1": "0", "2": "-60.95%", "3": "0", "4": "-", "5": "-", "6": "-", "7": "-", "8": "-", "9": "-1.65%", "10": "-1.65%"}, "2020-08-31": {"1": "0", "2": "-97.95%", "3": "0", "4": "-", "5": "-", "6": "-", "7": "-", "8": "-", "9": "-6.39%", "10": "-6.39%"}, "2020-05-31": {"1": "0", "2": "-99.58%", "3": "2", "4": "-0.24", "5": "-", "6": "-0.03", "7": "-0.94", "8": "0", "9": "-8.00%", "10": "-8.00%"}, "2009-02-28": {"1": "0", "2": "-98.50%", "3": "0", "4": "-0.13", "5": "0.15", "6": "0.12", "7": "0.10", "8": "0.83", "9": "-6.84%", "10": "-6.84%"}, "2008-11-30": {"1": "0", "2": "-97.72%", "3": "0", "4": "-0.15", "5": "0.98", "6": "0.90", "7": "0.22", "8": "0.66", "9": "-7.75%", "10": "-7.75%"}, "2008-08-31": {"1": "4", "2": "-76.57%", "3": "4", "4": "-1.61", "5": "12.63", "6": "6.56", "7": "-", "8": "1.58", "9": "-1.90%", "10": "-1.90%"}, "2008-05-31": {"1": "15", "2": "3.33%", "3": "14", "4": "-4.65", "5": "45.34", "6": "19.39", "7": "-", "8": "2.36", "9": "-2.13%", "10": "-2.13%"}, "2008-02-29": {"1": "18", "2": "28.46%", "3": "16", "4": "-5.43", "5": "50.76", "6": "11.79", "7": "-", "8": "3.00", "9": "-1.91%", "10": "-1.91%"}, "2007-11-30": {"1": "15", "2": "44.96%", "3": "13", "4": "-4.68", "5": "37.35", "6": "7.31", "7": "-", "8": "3.09", "9": "-0.77%", "10": "-0.77%"}, "2007-08-31": {"1": "19", "2": "-13.45%", "3": "16", "4": "-5.98", "5": "18.86", "6": "6.65", "7": "-", "8": "4.20", "9": "-0.43%", "10": "-0.43%"}, "2007-05-31": {"1": "15", "2": "-21.74%", "3": "11", "4": "-5.30", "5": "9.56", "6": "4.08", "7": "-", "8": "6.39", "9": "-0.06%", "10": "-0.06%"}, "2007-02-28": {"1": "14", "2": "-36.49%", "3": "10", "4": "-4.70", "5": "8.36", "6": "3.17", "7": "-", "8": "7.76", "9": "-", "10": "-"}, "2006-11-30": {"1": "11", "2": "-51.51%", "3": "6", "4": "-4.05", "5": "4.40", "6": "2.06", "7": "-", "8": "5.54", "9": "-", "10": "-"}, "2006-08-31": {"1": "22", "2": "64.78%", "3": "16", "4": "-9.76", "5": "6.61", "6": "3.73", "7": "-", "8": "5.73", "9": "-0.00%", "10": "-0.00%"}, "2006-05-31": {"1": "19", "2": "43.75%", "3": "13", "4": "-8.37", "5": "4.88", "6": "2.99", "7": "-", "8": "7.99", "9": "-0.00%", "10": "-0.00%"}, "2006-02-28": {"1": "22", "2": "59.34%", "3": "15", "4": "-12.76", "5": "4.90", "6": "3.00", "7": "-", "8": "8.25", "9": "-0.00%", "10": "-0.00%"}, "2005-11-30": {"1": "22", "2": "77.18%", "3": "15", "4": "-12.31", "5": "5.20", "6": "2.84", "7": "-", "8": "10.16", "9": "-", "10": "-"}, "2005-08-31": {"1": "13", "2": "3.15%", "3": "6", "4": "-6.55", "5": "4.22", "6": "1.64", "7": "-", "8": "8.41", "9": "0.14%", "10": "0.14%"}, "2005-05-31": {"1": "13", "2": "-3.80%", "3": "6", "4": "-9.31", "5": "3.97", "6": "1.56", "7": "-", "8": "10.35", "9": "-32.63%", "10": "-32.63%"}, "2005-02-28": {"1": "14", "2": "-5.54%", "3": "6", "4": "-14.66", "5": "3.62", "6": "1.55", "7": "-", "8": "15.52", "9": "-34.72%", "10": "-34.72%"}, "2004-11-30": {"1": "12", "2": "-69.57%", "3": "4", "4": "-23.72", "5": "2.93", "6": "1.33", "7": "-", "8": "25.63", "9": "-29.16%", "10": "-29.16%"}, "2004-08-31": {"1": "13", "2": "-74.72%", "3": "4", "4": "-51.29", "5": "2.82", "6": "1.30", "7": "-", "8": "18.09", "9": "-62.00%", "10": "-62.00%"}, "2004-05-31": {"1": "14", "2": "14.31%", "3": "5", "4": "-32.21", "5": "3.80", "6": "1.37", "7": "-", "8": "12.95", "9": "-56.89%", "10": "-56.89%"}, "2004-02-29": {"1": "15", "2": "-11.67%", "3": "5", "4": "-21.97", "5": "5.06", "6": "1.45", "7": "-", "8": "13.48", "9": "-23.94%", "10": "-23.94%"}, "2003-11-30": {"1": "40", "2": "23.70%", "3": "38", "4": "-48.91", "5": "17.14", "6": "16.61", "7": "-", "8": "4.28", "9": "-31.08%", "10": "-31.08%"}, "2003-08-31": {"1": "50", "2": "30.54%", "3": "48", "4": "-54.65", "5": "30.82", "6": "19.05", "7": "-", "8": "6.72", "9": "-444.87%", "10": "-444.87%"}, "2003-05-31": {"1": "12", "2": "-", "3": "11", "4": "-12.66", "5": "10.94", "6": "10.43", "7": "-", "8": "3.43", "9": "-323.61%", "10": "-323.61%"}, "2003-02-28": {"1": "16", "2": "-", "3": "15", "4": "-17.61", "5": "33.43", "6": "12.41", "7": "-", "8": "3.65", "9": "-468.79%", "10": "-468.79%"}, "2002-11-30": {"1": "33", "2": "-", "3": "33", "4": "-32.48", "5": "7099.49", "6": "-", "7": "-", "8": "-", "9": "-140.63%", "10": "-140.63%"}, "2002-08-31": {"1": "38", "2": "-", "3": "38", "4": "-", "5": "-", "6": "-", "7": "-", "8": "-", "9": "54.27%", "10": "54.27%"}, "2002-05-31": {"1": "-", "2": "-", "3": "-0", "4": "-", "5": "-", "6": "-", "7": "0.17", "8": "1.89", "9": "50.87%", "10": "50.87%"}}}, "stock_price": {"index": {}, "high": {}, "low": {}, "volume": {}, "open": {}, "close": {}}, "profile": {"address1": "3811 Turtle Creek Boulevard", "address2": "Suite 2100", "city": "Dallas", "state": "TX", "zip": "75219", "country": "United States", "phone": "214 427 1704", "website": "https://www.applieddigital.com", "industry": "Capital Markets", "industryDisp": "Capital Markets", "sector": "Financial Services", "longBusinessSummary": "Applied Digital Corporation designs, develops, and operates datacenters in North America. Its datacenters provide digital infrastructure solutions to the performance computing industry. The company was formerly known as Applied Blockchain, Inc. and changed its name to Applied Digital Corporation in November 2022. Applied Digital Corporation was incorporated in 2001 and is based in Dallas, Texas.", "fullTimeEmployees": 55, "companyOfficers": [{"maxAge": 1, "name": "Mr. Wesley  Cummins", "age": 44, "title": "Chairman, CEO, Pres, Sec. & Treasurer", "yearBorn": 1978, "fiscalYear": 2022, "totalPay": 579167, "exercisedValue": 0, "unexercisedValue": 0}, {"maxAge": 1, "name": "Mr. David  Rench", "age": 44, "title": "Chief Financial Officer", "yearBorn": 1978, "fiscalYear": 2022, "totalPay": 434707, "exercisedValue": 0, "unexercisedValue": 0}, {"maxAge": 1, "name": "Ms. Regina  Ingel", "age": 35, "title": "Chief Marketing Officer", "yearBorn": 1987, "fiscalYear": 2022, "totalPay": 165000, "exercisedValue": 0, "unexercisedValue": 0}, {"maxAge": 1, "name": "Mr. Jason  Zhang", "age": 28, "title": "Co-Founder", "yearBorn": 1994, "exercisedValue": 0, "unexercisedValue": 0}, {"maxAge": 1, "name": "Mr. Michael  Maniscalco", "title": "Exec. VP of Technology", "exercisedValue": 0, "unexercisedValue": 0}, {"maxAge": 1, "name": "Mr. Nick  Phillips", "title": "Exec. VP of Hosting Operations & Public Affairs", "exercisedValue": 0, "unexercisedValue": 0}, {"maxAge": 1, "name": "Mr. John  Browder", "title": "Director of HR and Recruiting", "exercisedValue": 0, "unexercisedValue": 0}, {"maxAge": 1, "name": "Mr. Etienne  Snyman", "title": "Exec. VP of Power", "exercisedValue": 0, "unexercisedValue": 0}, {"maxAge": 1, "name": "Mr. Saidal  Mohmand", "title": "Exec. VP of Fin.", "exercisedValue": 0, "unexercisedValue": 0}, {"maxAge": 1, "name": "Mr. Jeff  Nicholas", "title": "Exec. VP of Real Estate Devel.", "exercisedValue": 0, "unexercisedValue": 0}], "auditRisk": 9, "boardRisk": 7, "compensationRisk": 9, "shareHolderRightsRisk": 5, "overallRisk": 8, "governanceEpochDate": "2023-04-30 20:00:00", "compensationAsOfEpochDate": "2022-12-30 19:00:00", "maxAge": 86400, "latitude": 32.813893981656946, "longitude": -96.8007030323151}}