{"income_statement": {"annual": {"Year": {"1": "Selling, General & Admin", "2": "Other Operating Expenses", "3": "Operating Expenses", "4": "Operating Income", "5": "Other Expense / Income", "6": "Pretax Income", "7": "Income Tax", "8": "Net Income", "9": "Net Income Growth", "10": "Shares Outstanding (Basic)", "11": "Shares Outstanding (Diluted)", "12": "Shares Change", "13": "EPS (Basic)", "14": "EPS (Diluted)", "15": "EPS Growth", "16": "Free Cash Flow Per Share", "17": "Effective Tax Rate", "18": "EBITDA", "19": "EBIT"}, "2022": {"1": "1.45", "2": "0.2", "3": "1.65", "4": "-1.65", "5": "-8.04", "6": "6.39", "7": "0.46", "8": "5.93", "9": "1028.50%", "10": "19", "11": "19", "12": "63.48%", "13": "0.32", "14": "0.32", "15": "540.00%", "16": "-0.02", "17": "7.14%", "18": "6.39", "19": "6.39"}, "2021": {"1": "1.18", "2": "0.15", "3": "1.33", "4": "-1.33", "5": "-1.85", "6": "0.53", "7": "0", "8": "0.53", "9": "-", "10": "11", "11": "11", "12": "-", "13": "0.05", "14": "0.05", "15": "-", "16": "-0.10", "17": "-", "18": "0.53", "19": "0.53"}}, "quarterly": {"Metrics": {"1": "Selling, General & Admin", "2": "Other Operating Expenses", "3": "Operating Expenses", "4": "Operating Income", "5": "Other Expense / Income", "6": "Pretax Income", "7": "Income Tax", "8": "Net Income", "9": "Net Income Growth", "10": "Shares Outstanding (Basic)", "11": "Shares Outstanding (Diluted)", "12": "Shares Change", "13": "EPS (Basic)", "14": "EPS (Diluted)", "15": "EPS Growth", "16": "Free Cash Flow Per Share", "17": "Effective Tax Rate", "18": "EBITDA", "19": "EBIT"}, "2022-12-31": {"1": "0.31", "2": "0.05", "3": "0.36", "4": "-0.36", "5": "-1.76", "6": "1.4", "7": "0.3", "8": "1.11", "9": "-38.88%", "10": "19", "11": "19", "12": "63.48%", "13": "0.06", "14": "0.06", "15": "-72.73%", "16": "-", "17": "21.16%", "18": "1.4", "19": "1.4"}, "2022-09-30": {"1": "0.22", "2": "0.05", "3": "0.27", "4": "-0.27", "5": "-1.77", "6": "1.5", "7": "0.16", "8": "1.34", "9": "-", "10": "19", "11": "19", "12": "70.41%", "13": "0.07", "14": "0.07", "15": "-", "16": "-", "17": "10.64%", "18": "1.5", "19": "1.5"}, "2022-06-30": {"1": "0.48", "2": "0.05", "3": "0.53", "4": "-0.53", "5": "-2.08", "6": "1.55", "7": "0", "8": "1.55", "9": "-", "10": "19", "11": "19", "12": "371.90%", "13": "0.08", "14": "0.08", "15": "-", "16": "-0.02", "17": "-", "18": "1.55", "19": "1.55"}, "2022-03-31": {"1": "0", "2": "0.49", "3": "0.49", "4": "-0.49", "5": "-2.43", "6": "1.94", "7": "0", "8": "1.94", "9": "-", "10": "19", "11": "19", "12": "400.00%", "13": "0.10", "14": "0.10", "15": "-", "16": "-0.00", "17": "-", "18": "1.94", "19": "1.94"}, "2021-12-31": {"1": "1.11", "2": "0.15", "3": "1.26", "4": "-1.26", "5": "-3.07", "6": "1.81", "7": "0", "8": "1.81", "9": "-", "10": "11", "11": "11", "12": "-", "13": "0.22", "14": "0.22", "15": "-", "16": "-0.03", "17": "-", "18": "1.81", "19": "1.81"}, "2021-09-30": {"1": "0.07", "2": "0", "3": "0.07", "4": "-0.07", "5": "1.21", "6": "-1.28", "7": "0", "8": "-1.28", "9": "-", "10": "11", "11": "11", "12": "-", "13": "-0.12", "14": "-0.12", "15": "-", "16": "-0.07", "17": "-", "18": "-1.28", "19": "-1.28"}, "2021-06-30": {"1": "0", "2": "0", "3": "0", "4": "-0", "5": "-", "6": "-0", "7": "0", "8": "-0", "9": "-", "10": "4", "11": "4", "12": "-", "13": "-", "14": "-", "15": "-", "16": "-", "17": "-", "18": "-0", "19": "-0"}, "2021-04-09": {"1": "0", "2": "0", "3": "0", "4": "-0", "5": "-", "6": "-0", "7": "0", "8": "-0", "9": "-", "10": "4", "11": "4", "12": "-", "13": "-", "14": "-", "15": "-", "16": "-", "17": "-", "18": "-0", "19": "-0"}}}, "balance_sheet": {"annual": {"Year": {"1": "Cash & Equivalents", "2": "Cash & Cash Equivalents", "3": "Cash Growth", "4": "Other Current Assets", "5": "Total Current Assets", "6": "Long-Term Investments", "7": "Other Long-Term Assets", "8": "Total Long-Term Assets", "9": "Total Assets", "10": "Accounts Payable", "11": "Other Current Liabilities", "12": "Total Current Liabilities", "13": "Other Long-Term Liabilities", "14": "Total Long-Term Liabilities", "15": "Total Liabilities", "16": "Common Stock", "17": "Retained Earnings", "18": "Shareholders' Equity", "19": "Total Liabilities and Equity", "20": "Net Cash / Debt", "21": "Net Cash / Debt Growth", "22": "Net Cash Per Share", "23": "Working Capital", "24": "Book Value Per Share"}, "2022": {"1": "0.04", "2": "0.04", "3": "-92.15%", "4": "0.29", "5": "0.33", "6": "152.17", "7": "0", "8": "152.17", "9": "152.5", "10": "0.91", "11": "1.28", "12": "2.19", "13": "5.58", "14": "5.58", "15": "7.77", "16": "0", "17": "-6.54", "18": "-6.54", "19": "1.24", "20": "0.04", "21": "-92.15%", "22": "0.00", "23": "-1.86", "24": "-0.35"}, "2021": {"1": "0.45", "2": "0.45", "3": "-", "4": "0.57", "5": "1.01", "6": "150", "7": "0.33", "8": "150.33", "9": "151.35", "10": "0.45", "11": "0.65", "12": "1.1", "13": "11.45", "14": "11.45", "15": "12.55", "16": "0", "17": "-11.21", "18": "-11.2", "19": "1.35", "20": "0.45", "21": "-", "22": "0.04", "23": "-0.09", "24": "-0.98"}}, "quarterly": {"Metrics": {"1": "Cash & Equivalents", "2": "Cash & Cash Equivalents", "3": "Cash Growth", "4": "Other Current Assets", "5": "Total Current Assets", "6": "Long-Term Investments", "7": "Other Long-Term Assets", "8": "Total Long-Term Assets", "9": "Total Assets", "10": "Accounts Payable", "11": "Other Current Liabilities", "12": "Total Current Liabilities", "13": "Other Long-Term Liabilities", "14": "Total Long-Term Liabilities", "15": "Total Liabilities", "16": "Common Stock", "17": "Retained Earnings", "18": "Shareholders' Equity", "19": "Total Liabilities and Equity", "20": "Net Cash / Debt", "21": "Net Cash / Debt Growth", "22": "Net Cash Per Share", "23": "Working Capital", "24": "Book Value Per Share"}, "2022-12-31": {"1": "0.04", "2": "0.04", "3": "-92.15%", "4": "0.29", "5": "0.33", "6": "152.17", "7": "0", "8": "152.17", "9": "152.5", "10": "0.91", "11": "1.28", "12": "2.19", "13": "5.58", "14": "5.58", "15": "7.77", "16": "0", "17": "-6.54", "18": "-6.54", "19": "1.24", "20": "0.04", "21": "-92.15%", "22": "0.00", "23": "-1.86", "24": "-0.35"}, "2022-09-30": {"1": "0.04", "2": "0.04", "3": "-95.28%", "4": "0.43", "5": "0.47", "6": "150.91", "7": "0", "8": "150.91", "9": "151.38", "10": "0.77", "11": "0.91", "12": "1.67", "13": "6.08", "14": "6.08", "15": "7.76", "16": "0", "17": "-6.73", "18": "-6.73", "19": "1.03", "20": "0.04", "21": "-95.28%", "22": "0.00", "23": "-1.2", "24": "-0.36"}, "2022-06-30": {"1": "0.04", "2": "0.04", "3": "-", "4": "0.57", "5": "0.6", "6": "150.23", "7": "0.01", "8": "150.24", "9": "150.84", "10": "0.72", "11": "0.66", "12": "1.39", "13": "7.17", "14": "7.17", "15": "8.55", "16": "0", "17": "-7.72", "18": "-7.71", "19": "0.84", "20": "0.04", "21": "-", "22": "0.00", "23": "-0.79", "24": "-0.41"}, "2022-03-31": {"1": "0.37", "2": "0.37", "3": "-", "4": "0.57", "5": "0.93", "6": "150.01", "7": "0.15", "8": "150.16", "9": "151.09", "10": "0.51", "11": "0.82", "12": "1.33", "13": "9.03", "14": "9.03", "15": "10.36", "16": "0", "17": "-9.27", "18": "-9.27", "19": "1.09", "20": "0.37", "21": "-", "22": "0.02", "23": "-0.4", "24": "-0.49"}, "2021-12-31": {"1": "0.45", "2": "0.45", "3": "-", "4": "0.57", "5": "1.01", "6": "150", "7": "0.33", "8": "150.33", "9": "151.35", "10": "0.45", "11": "0.65", "12": "1.1", "13": "11.45", "14": "11.45", "15": "12.55", "16": "0", "17": "-11.21", "18": "-11.2", "19": "1.35", "20": "0.45", "21": "-", "22": "0.04", "23": "-0.09", "24": "-0.98"}, "2021-09-30": {"1": "0.75", "2": "0.75", "3": "-", "4": "0.57", "5": "1.31", "6": "150", "7": "0.52", "8": "150.52", "9": "151.83", "10": "0", "11": "0.33", "12": "0.33", "13": "14.52", "14": "14.52", "15": "14.85", "16": "0", "17": "-13.01", "18": "-13.01", "19": "1.83", "20": "0.75", "21": "-", "22": "0.07", "23": "0.98", "24": "-1.18"}, "2021-06-30": {"1": "0", "2": "0", "3": "-", "4": "-", "5": "-", "6": "-", "7": "-", "8": "-", "9": "0.07", "10": "0", "11": "0.05", "12": "0.05", "13": "0", "14": "0", "15": "0.05", "16": "0.03", "17": "-0", "18": "0.02", "19": "0.07", "20": "0", "21": "-", "22": "-", "23": "-", "24": "0.01"}, "2021-04-09": {"1": "0", "2": "0", "3": "-", "4": "-", "5": "-", "6": "-", "7": "-", "8": "-", "9": "0.05", "10": "0", "11": "0.02", "12": "0.02", "13": "0", "14": "0", "15": "0.02", "16": "0.03", "17": "-0", "18": "0.02", "19": "0.05", "20": "0", "21": "-", "22": "-", "23": "-", "24": "0.01"}}}, "cash_flow_statement": {"annual": {"Year": {"1": "Net Income", "2": "Other Operating Activities", "3": "Operating Cash Flow", "4": "Change in Investments", "5": "Investing Cash Flow", "6": "Share Issuance / Repurchase", "7": "Other Financing Activities", "8": "Financing Cash Flow", "9": "Net Cash Flow", "10": "Free Cash Flow", "11": "Free Cash Flow Per Share"}, "2022": {"1": "5.93", "2": "-6.35", "3": "-0.41", "4": "0", "5": "0", "6": "0", "7": "-", "8": "0", "9": "-0.41", "10": "-0.41", "11": "-0.02"}, "2021": {"1": "0.53", "2": "-1.65", "3": "-1.12", "4": "-150", "5": "-150", "6": "150", "7": "1.57", "8": "151.57", "9": "0.45", "10": "-1.12", "11": "-0.10"}}, "quarterly": {"Metrics": {"1": "Net Income", "2": "Other Operating Activities", "3": "Operating Cash Flow", "4": "Net Cash Flow", "5": "Free Cash Flow", "6": "Free Cash Flow Per Share"}, "2022-12-31": {"1": "1.11", "2": "-1.11", "3": "0", "4": "0", "5": "0", "6": "-"}, "2022-09-30": {"1": "1.34", "2": "-1.34", "3": "-0", "4": "-0", "5": "-0", "6": "-"}, "2022-06-30": {"1": "1.55", "2": "-1.88", "3": "-0.33", "4": "-0.33", "5": "-0.33", "6": "-0.02"}, "2022-03-31": {"1": "1.94", "2": "-2.02", "3": "-0.08", "4": "-0.08", "5": "-0.08", "6": "-0.00"}, "2021-12-31": {"1": "1.81", "2": "-2.11", "3": "-0.3", "4": "-0.3", "5": "-0.3", "6": "-0.03"}, "2021-09-30": {"1": "-1.28", "2": "0.46", "3": "-0.82", "4": "0.75", "5": "-0.82", "6": "-0.07"}, "2021-06-30": {"1": "-0", "2": "0", "3": "0", "4": "0", "5": "0", "6": "-"}}}, "ratios": {"annual": {"Year": {"1": "Market Capitalization", "2": "Market Cap Growth", "3": "Enterprise Value", "4": "PE Ratio", "5": "PB Ratio", "6": "P/FCF Ratio", "7": "P/OCF Ratio", "8": "EV/EBITDA Ratio", "9": "EV/EBIT Ratio", "10": "EV/FCF Ratio", "11": "Current Ratio", "12": "Return on Equity (ROE)", "13": "Return on Assets (ROA)", "14": "Return on Capital (ROIC)", "15": "Earnings Yield", "16": "FCF Yield", "17": "Buyback Yield / Dilution", "18": "Total Shareholder Return"}, "Current": {"1": "191", "2": "-", "3": "191", "4": "31.78", "5": "-28.40", "6": "-448.39", "7": "-448.39", "8": "29.95", "9": "29.95", "10": "-448.31", "11": "0.15", "12": "-78.50%", "13": "3.90%", "14": "4.30%", "15": "3.10%", "16": "-0.22%", "17": "-63.48%", "18": "-63.48%"}, "2022": {"1": "186", "2": "0.81%", "3": "186", "4": "31.28", "5": "-28.40", "6": "-448.39", "7": "-448.39", "8": "29.04", "9": "29.04", "10": "-448.31", "11": "0.15", "12": "-78.50%", "13": "3.90%", "14": "4.30%", "15": "3.20%", "16": "-0.22%", "17": "-63.48%", "18": "-63.48%"}, "2021": {"1": "184", "2": "-", "3": "184", "4": "350.16", "5": "-16.43", "6": "-164.09", "7": "-164.09", "8": "349.30", "9": "349.30", "10": "-163.69", "11": "0.92", "12": "-8.70%", "13": "0.70%", "14": "0.70%", "15": "0.29%", "16": "-0.61%", "17": "-", "18": "-"}}, "quarterly": {"Metrics": {"1": "Market Capitalization", "2": "Market Cap Growth", "3": "Enterprise Value", "4": "PE Ratio", "5": "PB Ratio", "6": "Current Ratio", "7": "Buyback Yield / Dilution", "8": "Total Shareholder Return"}, "Current": {"1": "191", "2": "-", "3": "191", "4": "31.78", "5": "-28.40", "6": "0.15", "7": "-63.48%", "8": "-63.48%"}, "2022-12-31": {"1": "186", "2": "0.81%", "3": "186", "4": "31.28", "5": "-28.40", "6": "0.15", "7": "-63.48%", "8": "-63.48%"}, "2022-09-30": {"1": "182", "2": "-4.87%", "3": "182", "4": "27.40", "5": "-27.04", "6": "0.28", "7": "-70.41%", "8": "-70.41%"}, "2022-06-30": {"1": "182", "2": "-", "3": "181", "4": "45.18", "5": "-23.53", "6": "0.43", "7": "-371.90%", "8": "-371.90%"}, "2022-03-31": {"1": "181", "2": "-", "3": "180", "4": "73.33", "5": "-19.48", "6": "0.70", "7": "-400.00%", "8": "-400.00%"}, "2021-12-31": {"1": "184", "2": "-", "3": "184", "4": "350.16", "5": "-16.43", "6": "0.92", "7": "-", "8": "-"}, "2021-09-30": {"1": "191", "2": "-", "3": "190", "4": "-", "5": "-14.69", "6": "3.99", "7": "-", "8": "-"}}}, "stock_price": {"symbol": {"0": "APMI", "1": "APMI", "2": "APMI", "3": "APMI", "4": "APMI", "5": "APMI", "6": "APMI", "7": "APMI", "8": "APMI", "9": "APMI", "10": "APMI", "11": "APMI", "12": "APMI", "13": "APMI", "14": "APMI", "15": "APMI", "16": "APMI", "17": "APMI", "18": "APMI", "19": "APMI", "20": "APMI", "21": "APMI", "22": "APMI", "23": "APMI", "24": "APMI", "25": "APMI", "26": "APMI", "27": "APMI", "28": "APMI", "29": "APMI", "30": "APMI", "31": "APMI", "32": "APMI", "33": "APMI", "34": "APMI", "35": "APMI", "36": "APMI", "37": "APMI", "38": "APMI", "39": "APMI", "40": "APMI", "41": "APMI", "42": "APMI", "43": "APMI", "44": "APMI", "45": "APMI", "46": "APMI", "47": "APMI", "48": "APMI", "49": "APMI", "50": "APMI", "51": "APMI", "52": "APMI", "53": "APMI", "54": "APMI", "55": "APMI", "56": "APMI", "57": "APMI", "58": "APMI", "59": "APMI", "60": "APMI", "61": "APMI", "62": "APMI", "63": "APMI", "64": "APMI", "65": "APMI", "66": "APMI", "67": "APMI", "68": "APMI", "69": "APMI", "70": "APMI", "71": "APMI", "72": "APMI", "73": "APMI", "74": "APMI", "75": "APMI", "76": "APMI", "77": "APMI", "78": "APMI", "79": "APMI", "80": "APMI", "81": "APMI", "82": "APMI", "83": "APMI", "84": "APMI", "85": "APMI", "86": "APMI", "87": "APMI", "88": "APMI", "89": "APMI", "90": "APMI", "91": "APMI", "92": "APMI", "93": "APMI", "94": "APMI", "95": "APMI", "96": "APMI", "97": "APMI", "98": "APMI", "99": "APMI", "100": "APMI", "101": "APMI", "102": "APMI", "103": "APMI", "104": "APMI", "105": "APMI", "106": "APMI", "107": "APMI", "108": "APMI", "109": "APMI", "110": "APMI", "111": "APMI", "112": "APMI", "113": "APMI", "114": "APMI", "115": "APMI", "116": "APMI", "117": "APMI", "118": "APMI", "119": "APMI", "120": "APMI", "121": "APMI", "122": "APMI", "123": "APMI", "124": "APMI", "125": "APMI", "126": "APMI", "127": "APMI", "128": "APMI", "129": "APMI", "130": "APMI", "131": "APMI", "132": "APMI", "133": "APMI", "134": "APMI", "135": "APMI", "136": "APMI", "137": "APMI", "138": "APMI", "139": "APMI", "140": "APMI", "141": "APMI", "142": "APMI", "143": "APMI", "144": "APMI", "145": "APMI", "146": "APMI", "147": "APMI", "148": "APMI", "149": "APMI", "150": "APMI", "151": "APMI", "152": "APMI", "153": "APMI", "154": "APMI", "155": "APMI", "156": "APMI", "157": "APMI", "158": "APMI", "159": "APMI", "160": "APMI", "161": "APMI", "162": "APMI", "163": "APMI", "164": "APMI", "165": "APMI", "166": "APMI", "167": "APMI", "168": "APMI", "169": "APMI", "170": "APMI", "171": "APMI", "172": "APMI", "173": "APMI", "174": "APMI", "175": "APMI", "176": "APMI", "177": "APMI", "178": "APMI", "179": "APMI", "180": "APMI", "181": "APMI", "182": "APMI", "183": "APMI", "184": "APMI", "185": "APMI", "186": "APMI", "187": "APMI", "188": "APMI", "189": "APMI", "190": "APMI", "191": "APMI", "192": "APMI", "193": "APMI", "194": "APMI", "195": "APMI", "196": "APMI", "197": "APMI", "198": "APMI", "199": "APMI", "200": "APMI", "201": "APMI", "202": "APMI", "203": "APMI", "204": "APMI", "205": "APMI", "206": "APMI", "207": "APMI", "208": "APMI", "209": "APMI", "210": "APMI", "211": "APMI", "212": "APMI", "213": "APMI", "214": "APMI", "215": "APMI", "216": "APMI", "217": "APMI", "218": "APMI", "219": "APMI", "220": "APMI", "221": "APMI", "222": "APMI", "223": "APMI", "224": "APMI", "225": "APMI", "226": "APMI", "227": "APMI", "228": "APMI", "229": "APMI", "230": "APMI", "231": "APMI", "232": "APMI", "233": "APMI", "234": "APMI", "235": "APMI", "236": "APMI", "237": "APMI", "238": "APMI", "239": "APMI", "240": "APMI", "241": "APMI", "242": "APMI", "243": "APMI", "244": "APMI", "245": "APMI", "246": "APMI", "247": "APMI", "248": "APMI", "249": "APMI", "250": "APMI", "251": "APMI", "252": "APMI", "253": "APMI", "254": "APMI", "255": "APMI", "256": "APMI", "257": "APMI", "258": "APMI", "259": "APMI", "260": "APMI", "261": "APMI", "262": "APMI", "263": "APMI", "264": "APMI", "265": "APMI", "266": "APMI", "267": "APMI", "268": "APMI", "269": "APMI", "270": "APMI", "271": "APMI", "272": "APMI", "273": "APMI", "274": "APMI", "275": "APMI", "276": "APMI", "277": "APMI", "278": "APMI", "279": "APMI", "280": "APMI", "281": "APMI", "282": "APMI", "283": "APMI", "284": "APMI", "285": "APMI", "286": "APMI", "287": "APMI", "288": "APMI", "289": "APMI", "290": "APMI", "291": "APMI", "292": "APMI", "293": "APMI", "294": "APMI", "295": "APMI", "296": "APMI", "297": "APMI", "298": "APMI", "299": "APMI", "300": "APMI", "301": "APMI", "302": "APMI", "303": "APMI", "304": "APMI", "305": "APMI", "306": "APMI", "307": "APMI", "308": "APMI", "309": "APMI", "310": "APMI", "311": "APMI", "312": "APMI", "313": "APMI", "314": "APMI", "315": "APMI", "316": "APMI", "317": "APMI", "318": "APMI", "319": "APMI", "320": "APMI", "321": "APMI", "322": "APMI", "323": "APMI", "324": "APMI", "325": "APMI", "326": "APMI", "327": "APMI", "328": "APMI", "329": "APMI", "330": "APMI", "331": "APMI", "332": "APMI", "333": "APMI", "334": "APMI", "335": "APMI", "336": "APMI", "337": "APMI", "338": "APMI", "339": "APMI", "340": "APMI", "341": "APMI", "342": "APMI", "343": "APMI", "344": "APMI", "345": "APMI", "346": "APMI", "347": "APMI", "348": "APMI", "349": "APMI", "350": "APMI", "351": "APMI", "352": "APMI", "353": "APMI", "354": "APMI", "355": "APMI", "356": "APMI", "357": "APMI", "358": "APMI", "359": "APMI", "360": "APMI", "361": "APMI", "362": "APMI", "363": "APMI", "364": "APMI", "365": "APMI", "366": "APMI", "367": "APMI", "368": "APMI", "369": "APMI", "370": "APMI", "371": "APMI", "372": "APMI", "373": "APMI", "374": "APMI", "375": "APMI", "376": "APMI", "377": "APMI", "378": "APMI", "379": "APMI", "380": "APMI", "381": "APMI", "382": "APMI", "383": "APMI", "384": "APMI", "385": "APMI", "386": "APMI", "387": "APMI", "388": "APMI", "389": "APMI", "390": "APMI", "391": "APMI", "392": "APMI", "393": "APMI", "394": "APMI", "395": "APMI", "396": "APMI", "397": "APMI", "398": "APMI", "399": "APMI", "400": "APMI", "401": "APMI", "402": "APMI", "403": "APMI", "404": "APMI", "405": "APMI", "406": "APMI", "407": "APMI", "408": "APMI", "409": "APMI", "410": "APMI", "411": "APMI", "412": "APMI", "413": "APMI", "414": "APMI", "415": "APMI", "416": "APMI", "417": "APMI", "418": "APMI", "419": "APMI", "420": "APMI", "421": "APMI", "422": "APMI", "423": "APMI", "424": "APMI", "425": "APMI", "426": "APMI", "427": "APMI", "428": "APMI", "429": "APMI", "430": "APMI", "431": "APMI", "432": "APMI", "433": "APMI", "434": "APMI"}, "date": {"0": "2021-10-06", "1": "2021-10-07", "2": "2021-10-08", "3": "2021-10-11", "4": "2021-10-12", "5": "2021-10-13", "6": "2021-10-14", "7": "2021-10-15", "8": "2021-10-18", "9": "2021-10-19", "10": "2021-10-20", "11": "2021-10-21", "12": "2021-10-22", "13": "2021-10-25", "14": "2021-10-26", "15": "2021-10-27", "16": "2021-10-28", "17": "2021-10-29", "18": "2021-11-01", "19": "2021-11-02", "20": "2021-11-03", "21": "2021-11-04", "22": "2021-11-05", "23": "2021-11-08", "24": "2021-11-09", "25": "2021-11-10", "26": "2021-11-11", "27": "2021-11-12", "28": "2021-11-15", "29": "2021-11-16", "30": "2021-11-17", "31": "2021-11-18", "32": "2021-11-19", "33": "2021-11-22", "34": "2021-11-23", "35": "2021-11-24", "36": "2021-11-26", "37": "2021-11-29", "38": "2021-11-30", "39": "2021-12-01", "40": "2021-12-02", "41": "2021-12-03", "42": "2021-12-06", "43": "2021-12-07", "44": "2021-12-08", "45": "2021-12-09", "46": "2021-12-10", "47": "2021-12-13", "48": "2021-12-14", "49": "2021-12-15", "50": "2021-12-16", "51": "2021-12-17", "52": "2021-12-20", "53": "2021-12-21", "54": "2021-12-22", "55": "2021-12-23", "56": "2021-12-27", "57": "2021-12-28", "58": "2021-12-29", "59": "2021-12-30", "60": "2021-12-31", "61": "2022-01-03", "62": "2022-01-04", "63": "2022-01-05", "64": "2022-01-06", "65": "2022-01-07", "66": "2022-01-10", "67": "2022-01-11", "68": "2022-01-12", "69": "2022-01-13", "70": "2022-01-14", "71": "2022-01-18", "72": "2022-01-19", "73": "2022-01-20", "74": "2022-01-21", "75": "2022-01-24", "76": "2022-01-25", "77": "2022-01-26", "78": "2022-01-27", "79": "2022-01-28", "80": "2022-01-31", "81": "2022-02-01", "82": "2022-02-02", "83": "2022-02-03", "84": "2022-02-04", "85": "2022-02-07", "86": "2022-02-08", "87": "2022-02-09", "88": "2022-02-10", "89": "2022-02-11", "90": "2022-02-14", "91": "2022-02-15", "92": "2022-02-16", "93": "2022-02-17", "94": "2022-02-18", "95": "2022-02-22", "96": "2022-02-23", "97": "2022-02-24", "98": "2022-02-25", "99": "2022-02-28", "100": "2022-03-01", "101": "2022-03-02", "102": "2022-03-03", "103": "2022-03-04", "104": "2022-03-07", "105": "2022-03-08", "106": "2022-03-09", "107": "2022-03-10", "108": "2022-03-11", "109": "2022-03-14", "110": "2022-03-15", "111": "2022-03-16", "112": "2022-03-17", "113": "2022-03-18", "114": "2022-03-21", "115": "2022-03-22", "116": "2022-03-23", "117": "2022-03-24", "118": "2022-03-25", "119": "2022-03-28", "120": "2022-03-29", "121": "2022-03-30", "122": "2022-03-31", "123": "2022-04-01", "124": "2022-04-04", "125": "2022-04-05", "126": "2022-04-06", "127": "2022-04-07", "128": "2022-04-08", "129": "2022-04-11", "130": "2022-04-12", "131": "2022-04-13", "132": "2022-04-14", "133": "2022-04-18", "134": "2022-04-19", "135": "2022-04-20", "136": "2022-04-21", "137": "2022-04-22", "138": "2022-04-25", "139": "2022-04-26", "140": "2022-04-27", "141": "2022-04-28", "142": "2022-04-29", "143": "2022-05-02", "144": "2022-05-03", "145": "2022-05-04", "146": "2022-05-05", "147": "2022-05-06", "148": "2022-05-09", "149": "2022-05-10", "150": "2022-05-11", "151": "2022-05-12", "152": "2022-05-13", "153": "2022-05-16", "154": "2022-05-17", "155": "2022-05-18", "156": "2022-05-19", "157": "2022-05-20", "158": "2022-05-23", "159": "2022-05-24", "160": "2022-05-25", "161": "2022-05-26", "162": "2022-05-27", "163": "2022-05-31", "164": "2022-06-01", "165": "2022-06-02", "166": "2022-06-03", "167": "2022-06-06", "168": "2022-06-07", "169": "2022-06-08", "170": "2022-06-09", "171": "2022-06-10", "172": "2022-06-13", "173": "2022-06-14", "174": "2022-06-15", "175": "2022-06-16", "176": "2022-06-17", "177": "2022-06-21", "178": "2022-06-22", "179": "2022-06-23", "180": "2022-06-24", "181": "2022-06-27", "182": "2022-06-28", "183": "2022-06-29", "184": "2022-06-30", "185": "2022-07-01", "186": "2022-07-05", "187": "2022-07-06", "188": "2022-07-07", "189": "2022-07-08", "190": "2022-07-11", "191": "2022-07-12", "192": "2022-07-13", "193": "2022-07-14", "194": "2022-07-15", "195": "2022-07-18", "196": "2022-07-19", "197": "2022-07-20", "198": "2022-07-21", "199": "2022-07-22", "200": "2022-07-25", "201": "2022-07-26", "202": "2022-07-27", "203": "2022-07-28", "204": "2022-07-29", "205": "2022-08-01", "206": "2022-08-02", "207": "2022-08-03", "208": "2022-08-04", "209": "2022-08-05", "210": "2022-08-08", "211": "2022-08-09", "212": "2022-08-10", "213": "2022-08-11", "214": "2022-08-12", "215": "2022-08-15", "216": "2022-08-16", "217": "2022-08-17", "218": "2022-08-18", "219": "2022-08-19", "220": "2022-08-22", "221": "2022-08-23", "222": "2022-08-24", "223": "2022-08-25", "224": "2022-08-26", "225": "2022-08-29", "226": "2022-08-30", "227": "2022-08-31", "228": "2022-09-01", "229": "2022-09-02", "230": "2022-09-06", "231": "2022-09-07", "232": "2022-09-08", "233": "2022-09-09", "234": "2022-09-12", "235": "2022-09-13", "236": "2022-09-14", "237": "2022-09-15", "238": "2022-09-16", "239": "2022-09-19", "240": "2022-09-20", "241": "2022-09-21", "242": "2022-09-22", "243": "2022-09-23", "244": "2022-09-26", "245": "2022-09-27", "246": "2022-09-28", "247": "2022-09-29", "248": "2022-09-30", "249": "2022-10-03", "250": "2022-10-04", "251": "2022-10-05", "252": "2022-10-06", "253": "2022-10-07", "254": "2022-10-10", "255": "2022-10-11", "256": "2022-10-12", "257": "2022-10-13", "258": "2022-10-14", "259": "2022-10-17", "260": "2022-10-18", "261": "2022-10-19", "262": "2022-10-20", "263": "2022-10-21", "264": "2022-10-24", "265": "2022-10-25", "266": "2022-10-26", "267": "2022-10-27", "268": "2022-10-28", "269": "2022-10-31", "270": "2022-11-01", "271": "2022-11-02", "272": "2022-11-03", "273": "2022-11-04", "274": "2022-11-07", "275": "2022-11-08", "276": "2022-11-09", "277": "2022-11-10", "278": "2022-11-11", "279": "2022-11-14", "280": "2022-11-15", "281": "2022-11-16", "282": "2022-11-17", "283": "2022-11-18", "284": "2022-11-21", "285": "2022-11-22", "286": "2022-11-23", "287": "2022-11-25", "288": "2022-11-28", "289": "2022-11-29", "290": "2022-11-30", "291": "2022-12-01", "292": "2022-12-02", "293": "2022-12-05", "294": "2022-12-06", "295": "2022-12-07", "296": "2022-12-08", "297": "2022-12-09", "298": "2022-12-12", "299": "2022-12-13", "300": "2022-12-14", "301": "2022-12-15", "302": "2022-12-16", "303": "2022-12-19", "304": "2022-12-20", "305": "2022-12-21", "306": "2022-12-22", "307": "2022-12-23", "308": "2022-12-27", "309": "2022-12-28", "310": "2022-12-29", "311": "2022-12-30", "312": "2023-01-03", "313": "2023-01-04", "314": "2023-01-05", "315": "2023-01-06", "316": "2023-01-09", "317": "2023-01-10", "318": "2023-01-11", "319": "2023-01-12", "320": "2023-01-13", "321": "2023-01-17", "322": "2023-01-18", "323": "2023-01-19", "324": "2023-01-20", "325": "2023-01-23", "326": "2023-01-24", "327": "2023-01-25", "328": "2023-01-26", "329": "2023-01-27", "330": "2023-01-30", "331": "2023-01-31", "332": "2023-02-01", "333": "2023-02-02", "334": "2023-02-03", "335": "2023-02-06", "336": "2023-02-07", "337": "2023-02-08", "338": "2023-02-09", "339": "2023-02-10", "340": "2023-02-13", "341": "2023-02-14", "342": "2023-02-15", "343": "2023-02-16", "344": "2023-02-17", "345": "2023-02-21", "346": "2023-02-22", "347": "2023-02-23", "348": "2023-02-24", "349": "2023-02-27", "350": "2023-02-28", "351": "2023-03-01", "352": "2023-03-02", "353": "2023-03-03", "354": "2023-03-06", "355": "2023-03-07", "356": "2023-03-08", "357": "2023-03-09", "358": "2023-03-10", "359": "2023-03-13", "360": "2023-03-14", "361": "2023-03-15", "362": "2023-03-16", "363": "2023-03-17", "364": "2023-03-20", "365": "2023-03-21", "366": "2023-03-22", "367": "2023-03-23", "368": "2023-03-24", "369": "2023-03-27", "370": "2023-03-28", "371": "2023-03-29", "372": "2023-03-30", "373": "2023-03-31", "374": "2023-04-03", "375": "2023-04-04", "376": "2023-04-05", "377": "2023-04-06", "378": "2023-04-10", "379": "2023-04-11", "380": "2023-04-12", "381": "2023-04-13", "382": "2023-04-14", "383": "2023-04-17", "384": "2023-04-18", "385": "2023-04-19", "386": "2023-04-20", "387": "2023-04-21", "388": "2023-04-24", "389": "2023-04-25", "390": "2023-04-26", "391": "2023-04-27", "392": "2023-04-28", "393": "2023-05-01", "394": "2023-05-02", "395": "2023-05-03", "396": "2023-05-04", "397": "2023-05-05", "398": "2023-05-08", "399": "2023-05-09", "400": "2023-05-10", "401": "2023-05-11", "402": "2023-05-12", "403": "2023-05-15", "404": "2023-05-16", "405": "2023-05-17", "406": "2023-05-18", "407": "2023-05-19", "408": "2023-05-22", "409": "2023-05-23", "410": "2023-05-24", "411": "2023-05-25", "412": "2023-05-26", "413": "2023-05-30", "414": "2023-05-31", "415": "2023-06-01", "416": "2023-06-02", "417": "2023-06-05", "418": "2023-06-06", "419": "2023-06-07", "420": "2023-06-08", "421": "2023-06-09", "422": "2023-06-12", "423": "2023-06-13", "424": "2023-06-14", "425": "2023-06-15", "426": "2023-06-16", "427": "2023-06-20", "428": "2023-06-21", "429": "2023-06-22", "430": "2023-06-23", "431": "2023-06-26", "432": "2023-06-27", "433": "2023-06-28", "434": "2023-06-29"}, "open": {"0": 9.619999885559082, "1": 9.619999885559082, "2": 9.619999885559082, "3": 9.619999885559082, "4": 9.800000190734863, "5": 9.65999984741211, "6": 10.760000228881836, "7": 9.739999771118164, "8": 9.800000190734863, "9": 9.800000190734863, "10": 9.800000190734863, "11": 9.710000038146973, "12": 9.710000038146973, "13": 9.760000228881836, "14": 9.75, "15": 9.75, "16": 9.75, "17": 9.720000267028809, "18": 9.6850004196167, "19": 9.680000305175781, "20": 9.699999809265137, "21": 9.680000305175781, "22": 9.680000305175781, "23": 9.670000076293945, "24": 9.694999694824219, "25": 9.670000076293945, "26": 9.670000076293945, "27": 9.680000305175781, "28": 9.699999809265137, "29": 9.694999694824219, "30": 9.699999809265137, "31": 9.75, "32": 9.75, "33": 9.75, "34": 9.729999542236328, "35": 9.739999771118164, "36": 9.739999771118164, "37": 9.699999809265137, "38": 9.699999809265137, "39": 9.84000015258789, "40": 9.84000015258789, "41": 9.84000015258789, "42": 9.84000015258789, "43": 9.699999809265137, "44": 9.800000190734863, "45": 9.770000457763672, "46": 9.739999771118164, "47": 9.739999771118164, "48": 9.739999771118164, "49": 9.739999771118164, "50": 9.739999771118164, "51": 9.739999771118164, "52": 9.739999771118164, "53": 9.739999771118164, "54": 9.739999771118164, "55": 9.739999771118164, "56": 9.739999771118164, "57": 9.739999771118164, "58": 9.739999771118164, "59": 9.789999961853027, "60": 9.819999694824219, "61": 9.819999694824219, "62": 9.720000267028809, "63": 9.75, "64": 9.6899995803833, "65": 9.6899995803833, "66": 9.65999984741211, "67": 9.680000305175781, "68": 9.680000305175781, "69": 9.680000305175781, "70": 9.680000305175781, "71": 9.729999542236328, "72": 9.729999542236328, "73": 9.729999542236328, "74": 9.729999542236328, "75": 9.729999542236328, "76": 9.729999542236328, "77": 9.680000305175781, "78": 9.680000305175781, "79": 9.680000305175781, "80": 9.649999618530273, "81": 9.75, "82": 9.649999618530273, "83": 9.649999618530273, "84": 9.649999618530273, "85": 9.649999618530273, "86": 9.649999618530273, "87": 9.649999618530273, "88": 9.649999618530273, "89": 9.649999618530273, "90": 9.649999618530273, "91": 9.729999542236328, "92": 9.9399995803833, "93": 9.9399995803833, "94": 9.9399995803833, "95": 9.9399995803833, "96": 9.630000114440918, "97": 9.600000381469727, "98": 9.600000381469727, "99": 9.619999885559082, "100": 9.600000381469727, "101": 9.600000381469727, "102": 9.625, "103": 9.649999618530273, "104": 9.649999618530273, "105": 9.649999618530273, "106": 9.640000343322754, "107": 9.609999656677246, "108": 9.649999618530273, "109": 9.630000114440918, "110": 9.609999656677246, "111": 9.619999885559082, "112": 9.619999885559082, "113": 9.619999885559082, "114": 9.619999885559082, "115": 9.619999885559082, "116": 9.619999885559082, "117": 9.619999885559082, "118": 9.630000114440918, "119": 9.630000114440918, "120": 9.630000114440918, "121": 9.630000114440918, "122": 9.630000114440918, "123": 9.630000114440918, "124": 9.630000114440918, "125": 9.640000343322754, "126": 9.65999984741211, "127": 9.670000076293945, "128": 9.680000305175781, "129": 9.6899995803833, "130": 9.670000076293945, "131": 9.710000038146973, "132": 9.710000038146973, "133": 9.739999771118164, "134": 9.704999923706055, "135": 9.704999923706055, "136": 9.704999923706055, "137": 9.704999923706055, "138": 9.704999923706055, "139": 9.704999923706055, "140": 9.710000038146973, "141": 9.710000038146973, "142": 9.699999809265137, "143": 9.710000038146973, "144": 9.710000038146973, "145": 9.699999809265137, "146": 9.699999809265137, "147": 9.699999809265137, "148": 9.699999809265137, "149": 9.680000305175781, "150": 9.699999809265137, "151": 9.699999809265137, "152": 9.649999618530273, "153": 9.640000343322754, "154": 9.630000114440918, "155": 9.710000038146973, "156": 9.710000038146973, "157": 9.710000038146973, "158": 9.640000343322754, "159": 9.645000457763672, "160": 9.640000343322754, "161": 9.640000343322754, "162": 9.710000038146973, "163": 9.710000038146973, "164": 9.65999984741211, "165": 9.65999984741211, "166": 9.649999618530273, "167": 9.649999618530273, "168": 9.710000038146973, "169": 9.649999618530273, "170": 9.649999618530273, "171": 9.649999618530273, "172": 9.649999618530273, "173": 9.649999618530273, "174": 9.649999618530273, "175": 9.649999618530273, "176": 9.649999618530273, "177": 9.649999618530273, "178": 9.649999618530273, "179": 9.65999984741211, "180": 9.670000076293945, "181": 9.670000076293945, "182": 9.670000076293945, "183": 9.65999984741211, "184": 9.680000305175781, "185": 9.680000305175781, "186": 9.680000305175781, "187": 9.6899995803833, "188": 9.6899995803833, "189": 9.6899995803833, "190": 9.6899995803833, "191": 9.6899995803833, "192": 9.6899995803833, "193": 9.6899995803833, "194": 9.6899995803833, "195": 9.6899995803833, "196": 9.6899995803833, "197": 9.680000305175781, "198": 9.670000076293945, "199": 9.680000305175781, "200": 9.680000305175781, "201": 9.680000305175781, "202": 9.680000305175781, "203": 9.680000305175781, "204": 9.680000305175781, "205": 9.680000305175781, "206": 9.720000267028809, "207": 9.720000267028809, "208": 9.720000267028809, "209": 9.71500015258789, "210": 9.819999694824219, "211": 9.720000267028809, "212": 9.720000267028809, "213": 9.720000267028809, "214": 9.720000267028809, "215": 9.729999542236328, "216": 9.729999542236328, "217": 9.720000267028809, "218": 9.710000038146973, "219": 9.710000038146973, "220": 9.710000038146973, "221": 9.729999542236328, "222": 9.720000267028809, "223": 9.720000267028809, "224": 9.6899995803833, "225": 9.710000038146973, "226": 9.710000038146973, "227": 10.170000076293945, "228": 9.670000076293945, "229": 9.710000038146973, "230": 9.710000038146973, "231": 9.710000038146973, "232": 9.6899995803833, "233": 9.699999809265137, "234": 9.699999809265137, "235": 9.699999809265137, "236": 9.6899995803833, "237": 9.699999809265137, "238": 9.699999809265137, "239": 9.694999694824219, "240": 9.699999809265137, "241": 9.720000267028809, "242": 9.699999809265137, "243": 9.699999809265137, "244": 9.710000038146973, "245": 9.680000305175781, "246": 9.680000305175781, "247": 9.699999809265137, "248": 9.699999809265137, "249": 9.710000038146973, "250": 9.71500015258789, "251": 9.710000038146973, "252": 9.720000267028809, "253": 9.720000267028809, "254": 9.720000267028809, "255": 9.729999542236328, "256": 9.75, "257": 9.75, "258": 9.760000228881836, "259": 9.760000228881836, "260": 9.760000228881836, "261": 9.859999656677246, "262": 9.760000228881836, "263": 9.760000228881836, "264": 9.819999694824219, "265": 9.819999694824219, "266": 10.244999885559082, "267": 9.819999694824219, "268": 9.800000190734863, "269": 9.760000228881836, "270": 9.770000457763672, "271": 9.779999732971191, "272": 9.789999961853027, "273": 9.789999961853027, "274": 9.800000190734863, "275": 9.8100004196167, "276": 9.8100004196167, "277": 9.779999732971191, "278": 9.729999542236328, "279": 9.800000190734863, "280": 9.800000190734863, "281": 9.75, "282": 9.800000190734863, "283": 9.800000190734863, "284": 9.800000190734863, "285": 9.819999694824219, "286": 9.829999923706055, "287": 9.84000015258789, "288": 9.829999923706055, "289": 9.819999694824219, "290": 9.819999694824219, "291": 10.300000190734863, "292": 9.829999923706055, "293": 10.300000190734863, "294": 9.845000267028809, "295": 9.845000267028809, "296": 9.850000381469727, "297": 9.899999618530273, "298": 9.864999771118164, "299": 9.979999542236328, "300": 9.859999656677246, "301": 9.84000015258789, "302": 9.850000381469727, "303": 9.880000114440918, "304": 9.880000114440918, "305": 9.890000343322754, "306": 9.890000343322754, "307": 9.880000114440918, "308": 10.350000381469727, "309": 9.899999618530273, "310": 9.899999618530273, "311": 9.899999618530273, "312": 10.0, "313": 10.0, "314": 9.989999771118164, "315": 10.0, "316": 9.970000267028809, "317": 10.0, "318": 9.970000267028809, "319": 9.970000267028809, "320": 9.949999809265137, "321": 9.970000267028809, "322": 9.989999771118164, "323": 10.029999732971191, "324": 9.979999542236328, "325": 10.010000228881836, "326": 10.029999732971191, "327": 10.010000228881836, "328": 10.010000228881836, "329": 10.010000228881836, "330": 10.020000457763672, "331": 10.029999732971191, "332": 10.010000228881836, "333": 10.010000228881836, "334": 10.010000228881836, "335": 10.010000228881836, "336": 10.010000228881836, "337": 10.020000457763672, "338": 10.020000457763672, "339": 10.050000190734863, "340": 10.020000457763672, "341": 10.020000457763672, "342": 10.020000457763672, "343": 10.0600004196167, "344": 10.029999732971191, "345": 10.050000190734863, "346": 10.069999694824219, "347": 10.069999694824219, "348": 10.069999694824219, "349": 10.09000015258789, "350": 10.09000015258789, "351": 10.100000381469727, "352": 10.09000015258789, "353": 10.079999923706055, "354": 10.09000015258789, "355": 10.09000015258789, "356": 10.100000381469727, "357": 10.600000381469727, "358": 10.140000343322754, "359": 10.069999694824219, "360": 10.100000381469727, "361": 10.100000381469727, "362": 10.100000381469727, "363": 10.100000381469727, "364": 10.100000381469727, "365": 10.100000381469727, "366": 10.100000381469727, "367": 10.100000381469727, "368": 10.100000381469727, "369": 10.100000381469727, "370": 10.100000381469727, "371": 10.130000114440918, "372": 10.109999656677246, "373": 10.109999656677246, "374": 10.130000114440918, "375": 10.109999656677246, "376": 10.109999656677246, "377": 10.109999656677246, "378": 10.109999656677246, "379": 10.109999656677246, "380": 10.109999656677246, "381": 10.119999885559082, "382": 10.119999885559082, "383": 10.119999885559082, "384": 10.125, "385": 10.119999885559082, "386": 10.119999885559082, "387": 10.15999984741211, "388": 10.140000343322754, "389": 10.130000114440918, "390": 10.229999542236328, "391": 10.222000122070312, "392": 10.835000038146973, "393": 10.140000343322754, "394": 10.307000160217285, "395": 10.149999618530273, "396": 10.149999618530273, "397": 10.15999984741211, "398": 10.15999984741211, "399": 10.15999984741211, "400": 10.170000076293945, "401": 10.170000076293945, "402": 10.234999656677246, "403": 10.170000076293945, "404": 10.170999526977539, "405": 10.170000076293945, "406": 10.170000076293945, "407": 10.180000305175781, "408": 10.180000305175781, "409": 10.199999809265137, "410": 10.199999809265137, "411": 10.199999809265137, "412": 10.199999809265137, "413": 10.21500015258789, "414": 10.399999618530273, "415": 10.5, "416": 10.380000114440918, "417": 10.550000190734863, "418": 10.350000381469727, "419": 10.369999885559082, "420": 10.279999732971191, "421": 10.279999732971191, "422": 10.289999961853027, "423": 10.260000228881836, "424": 10.279999732971191, "425": 10.279999732971191, "426": 10.770000457763672, "427": 10.720000267028809, "428": 10.369999885559082, "429": 10.34000015258789, "430": 10.34000015258789, "431": 10.34000015258789, "432": 10.300000190734863, "433": 10.300000190734863, "434": 10.279999732971191}, "high": {"0": 9.619999885559082, "1": 9.619999885559082, "2": 9.619999885559082, "3": 9.619999885559082, "4": 9.800000190734863, "5": 9.65999984741211, "6": 10.760000228881836, "7": 9.739999771118164, "8": 9.800000190734863, "9": 9.800000190734863, "10": 9.800000190734863, "11": 9.710000038146973, "12": 9.710000038146973, "13": 9.760000228881836, "14": 9.751999855041504, "15": 9.75, "16": 9.75, "17": 9.720000267028809, "18": 9.6899995803833, "19": 9.680000305175781, "20": 9.699999809265137, "21": 9.680000305175781, "22": 9.680000305175781, "23": 9.699999809265137, "24": 9.694999694824219, "25": 9.670000076293945, "26": 9.670000076293945, "27": 9.729999542236328, "28": 9.699999809265137, "29": 9.75, "30": 9.75, "31": 9.75, "32": 9.75, "33": 9.75, "34": 9.75, "35": 9.739999771118164, "36": 9.739999771118164, "37": 9.699999809265137, "38": 9.84000015258789, "39": 9.84000015258789, "40": 9.84000015258789, "41": 9.84000015258789, "42": 9.84000015258789, "43": 9.829999923706055, "44": 9.800000190734863, "45": 9.770000457763672, "46": 9.739999771118164, "47": 9.739999771118164, "48": 9.739999771118164, "49": 9.739999771118164, "50": 9.739999771118164, "51": 9.739999771118164, "52": 9.739999771118164, "53": 9.739999771118164, "54": 9.739999771118164, "55": 9.739999771118164, "56": 9.739999771118164, "57": 9.739999771118164, "58": 9.739999771118164, "59": 9.829999923706055, "60": 9.819999694824219, "61": 9.819999694824219, "62": 9.75, "63": 9.75, "64": 9.70199966430664, "65": 9.699999809265137, "66": 9.680000305175781, "67": 9.680000305175781, "68": 9.680000305175781, "69": 9.680000305175781, "70": 9.75, "71": 9.729999542236328, "72": 9.729999542236328, "73": 9.729999542236328, "74": 9.729999542236328, "75": 9.729999542236328, "76": 9.729999542236328, "77": 9.680000305175781, "78": 9.680000305175781, "79": 9.680000305175781, "80": 9.649999618530273, "81": 9.75, "82": 9.649999618530273, "83": 9.649999618530273, "84": 9.649999618530273, "85": 9.649999618530273, "86": 9.649999618530273, "87": 9.649999618530273, "88": 9.649999618530273, "89": 9.649999618530273, "90": 9.649999618530273, "91": 10.779999732971191, "92": 9.9399995803833, "93": 9.9399995803833, "94": 9.9399995803833, "95": 9.9399995803833, "96": 9.630000114440918, "97": 9.630000114440918, "98": 9.630000114440918, "99": 9.619999885559082, "100": 9.600000381469727, "101": 9.600000381469727, "102": 9.649999618530273, "103": 9.649999618530273, "104": 9.649999618530273, "105": 9.649999618530273, "106": 9.649999618530273, "107": 9.699999809265137, "108": 9.649999618530273, "109": 9.630000114440918, "110": 9.609999656677246, "111": 9.619999885559082, "112": 9.619999885559082, "113": 9.619999885559082, "114": 9.619999885559082, "115": 9.619999885559082, "116": 9.619999885559082, "117": 9.619999885559082, "118": 9.630000114440918, "119": 9.630000114440918, "120": 9.630000114440918, "121": 9.630000114440918, "122": 9.630000114440918, "123": 9.630000114440918, "124": 9.630000114440918, "125": 9.640000343322754, "126": 9.670000076293945, "127": 9.670000076293945, "128": 9.6899995803833, "129": 9.699999809265137, "130": 9.699999809265137, "131": 9.710000038146973, "132": 9.720000267028809, "133": 9.739999771118164, "134": 9.704999923706055, "135": 9.704999923706055, "136": 9.704999923706055, "137": 9.704999923706055, "138": 9.704999923706055, "139": 9.704999923706055, "140": 9.720000267028809, "141": 9.75, "142": 9.699999809265137, "143": 9.710000038146973, "144": 9.710000038146973, "145": 9.699999809265137, "146": 9.699999809265137, "147": 9.699999809265137, "148": 9.699999809265137, "149": 9.680000305175781, "150": 9.699999809265137, "151": 9.699999809265137, "152": 9.649999618530273, "153": 9.640000343322754, "154": 9.640000343322754, "155": 10.300000190734863, "156": 10.300000190734863, "157": 9.720000267028809, "158": 9.640000343322754, "159": 9.645000457763672, "160": 9.640000343322754, "161": 9.640000343322754, "162": 9.710000038146973, "163": 9.710000038146973, "164": 9.65999984741211, "165": 9.65999984741211, "166": 9.649999618530273, "167": 9.649999618530273, "168": 9.710000038146973, "169": 9.649999618530273, "170": 9.649999618530273, "171": 9.649999618530273, "172": 9.649999618530273, "173": 9.649999618530273, "174": 9.649999618530273, "175": 9.649999618530273, "176": 9.649999618530273, "177": 9.649999618530273, "178": 9.663999557495117, "179": 9.65999984741211, "180": 9.670000076293945, "181": 9.670000076293945, "182": 9.670000076293945, "183": 9.65999984741211, "184": 9.680000305175781, "185": 9.680000305175781, "186": 9.680000305175781, "187": 9.6899995803833, "188": 9.6899995803833, "189": 9.6899995803833, "190": 9.6899995803833, "191": 9.6899995803833, "192": 9.6899995803833, "193": 9.6899995803833, "194": 9.6899995803833, "195": 9.6899995803833, "196": 9.6899995803833, "197": 9.680000305175781, "198": 9.670000076293945, "199": 9.680000305175781, "200": 9.680000305175781, "201": 9.680000305175781, "202": 9.680000305175781, "203": 9.680000305175781, "204": 9.680000305175781, "205": 9.680000305175781, "206": 9.720000267028809, "207": 9.720000267028809, "208": 9.720000267028809, "209": 9.71500015258789, "210": 9.819999694824219, "211": 9.720000267028809, "212": 9.720000267028809, "213": 9.720000267028809, "214": 9.720000267028809, "215": 9.729999542236328, "216": 9.729999542236328, "217": 9.720000267028809, "218": 9.710000038146973, "219": 9.720000267028809, "220": 9.75, "221": 9.75, "222": 9.729999542236328, "223": 9.720000267028809, "224": 9.6899995803833, "225": 9.710000038146973, "226": 9.710000038146973, "227": 10.170000076293945, "228": 9.710000038146973, "229": 9.710000038146973, "230": 9.710000038146973, "231": 9.710000038146973, "232": 9.699999809265137, "233": 9.699999809265137, "234": 9.699999809265137, "235": 9.699999809265137, "236": 9.699999809265137, "237": 9.699999809265137, "238": 9.699999809265137, "239": 9.694999694824219, "240": 9.720000267028809, "241": 9.720000267028809, "242": 9.699999809265137, "243": 9.699999809265137, "244": 9.710000038146973, "245": 9.680000305175781, "246": 9.680000305175781, "247": 9.699999809265137, "248": 9.699999809265137, "249": 9.720000267028809, "250": 9.71500015258789, "251": 9.720000267028809, "252": 9.720000267028809, "253": 9.720000267028809, "254": 9.720000267028809, "255": 9.739999771118164, "256": 9.75, "257": 9.760000228881836, "258": 9.760000228881836, "259": 9.770000457763672, "260": 9.760000228881836, "261": 9.859999656677246, "262": 9.760000228881836, "263": 9.760000228881836, "264": 9.819999694824219, "265": 9.819999694824219, "266": 10.244999885559082, "267": 9.819999694824219, "268": 9.84000015258789, "269": 9.789999961853027, "270": 9.800000190734863, "271": 9.789999961853027, "272": 9.795000076293945, "273": 9.789999961853027, "274": 9.829999923706055, "275": 9.8100004196167, "276": 9.8100004196167, "277": 9.84000015258789, "278": 9.850000381469727, "279": 9.800000190734863, "280": 9.824999809265137, "281": 9.8100004196167, "282": 9.800000190734863, "283": 9.800000190734863, "284": 9.800000190734863, "285": 9.850000381469727, "286": 9.829999923706055, "287": 9.84000015258789, "288": 9.829999923706055, "289": 9.819999694824219, "290": 9.819999694824219, "291": 10.300000190734863, "292": 9.829999923706055, "293": 10.300000190734863, "294": 9.845000267028809, "295": 9.850000381469727, "296": 9.859999656677246, "297": 10.350000381469727, "298": 9.864999771118164, "299": 10.050000190734863, "300": 9.859999656677246, "301": 9.859999656677246, "302": 9.850000381469727, "303": 9.890000343322754, "304": 9.890000343322754, "305": 9.890000343322754, "306": 9.890000343322754, "307": 9.890000343322754, "308": 10.350000381469727, "309": 9.899999618530273, "310": 9.899999618530273, "311": 9.899999618530273, "312": 10.399999618530273, "313": 10.0, "314": 10.0, "315": 10.0, "316": 9.970000267028809, "317": 10.0, "318": 9.970000267028809, "319": 9.970000267028809, "320": 9.970000267028809, "321": 9.970000267028809, "322": 10.020000457763672, "323": 10.029999732971191, "324": 9.979999542236328, "325": 10.029999732971191, "326": 10.359999656677246, "327": 10.010000228881836, "328": 10.020000457763672, "329": 10.020000457763672, "330": 10.029999732971191, "331": 10.779999732971191, "332": 10.010000228881836, "333": 10.010000228881836, "334": 10.010000228881836, "335": 10.010000228881836, "336": 10.020000457763672, "337": 10.020000457763672, "338": 10.020000457763672, "339": 10.050000190734863, "340": 10.03499984741211, "341": 10.020000457763672, "342": 10.020000457763672, "343": 10.0600004196167, "344": 10.029999732971191, "345": 10.050000190734863, "346": 10.069999694824219, "347": 10.079999923706055, "348": 10.350000381469727, "349": 10.100000381469727, "350": 10.100000381469727, "351": 10.100000381469727, "352": 10.09000015258789, "353": 10.079999923706055, "354": 10.09000015258789, "355": 10.100000381469727, "356": 10.100000381469727, "357": 10.699999809265137, "358": 10.140000343322754, "359": 10.100000381469727, "360": 10.100000381469727, "361": 10.100000381469727, "362": 10.100000381469727, "363": 10.100000381469727, "364": 10.100000381469727, "365": 10.100000381469727, "366": 10.100000381469727, "367": 10.100000381469727, "368": 10.100000381469727, "369": 10.100000381469727, "370": 10.100000381469727, "371": 10.130000114440918, "372": 10.109999656677246, "373": 10.109999656677246, "374": 10.149999618530273, "375": 10.109999656677246, "376": 10.109999656677246, "377": 10.109999656677246, "378": 10.109999656677246, "379": 10.109999656677246, "380": 10.119999885559082, "381": 10.220000267028809, "382": 10.119999885559082, "383": 10.119999885559082, "384": 10.125, "385": 10.119999885559082, "386": 10.199999809265137, "387": 10.201000213623047, "388": 10.149999618530273, "389": 11.130000114440918, "390": 10.229999542236328, "391": 10.470000267028809, "392": 10.835000038146973, "393": 10.619999885559082, "394": 11.140000343322754, "395": 10.149999618530273, "396": 10.180000305175781, "397": 10.630000114440918, "398": 10.199999809265137, "399": 11.149999618530273, "400": 10.170000076293945, "401": 10.170000076293945, "402": 10.234999656677246, "403": 10.170000076293945, "404": 10.210000038146973, "405": 10.1899995803833, "406": 10.65999984741211, "407": 10.5600004196167, "408": 10.210000038146973, "409": 10.199999809265137, "410": 10.199999809265137, "411": 10.199999809265137, "412": 10.204999923706055, "413": 10.220000267028809, "414": 10.449999809265137, "415": 10.5600004196167, "416": 10.555000305175781, "417": 10.550000190734863, "418": 10.350000381469727, "419": 10.380000114440918, "420": 10.279999732971191, "421": 10.279999732971191, "422": 10.289999961853027, "423": 10.289999961853027, "424": 10.279999732971191, "425": 10.279999732971191, "426": 10.770000457763672, "427": 10.720000267028809, "428": 10.479999542236328, "429": 10.34000015258789, "430": 10.34000015258789, "431": 10.34000015258789, "432": 10.300000190734863, "433": 10.300000190734863, "434": 10.300000190734863}, "low": {"0": 9.619999885559082, "1": 9.619999885559082, "2": 9.619999885559082, "3": 9.619999885559082, "4": 9.704999923706055, "5": 9.65999984741211, "6": 9.699999809265137, "7": 9.739999771118164, "8": 9.800000190734863, "9": 9.800000190734863, "10": 9.800000190734863, "11": 9.710000038146973, "12": 9.710000038146973, "13": 9.760000228881836, "14": 9.75, "15": 9.75, "16": 9.75, "17": 9.720000267028809, "18": 9.670000076293945, "19": 9.680000305175781, "20": 9.680000305175781, "21": 9.680000305175781, "22": 9.680000305175781, "23": 9.670000076293945, "24": 9.694999694824219, "25": 9.670000076293945, "26": 9.670000076293945, "27": 9.675000190734863, "28": 9.699999809265137, "29": 9.694999694824219, "30": 9.699999809265137, "31": 9.75, "32": 9.75, "33": 9.75, "34": 9.71500015258789, "35": 9.739999771118164, "36": 9.739999771118164, "37": 9.699999809265137, "38": 9.699999809265137, "39": 9.84000015258789, "40": 9.84000015258789, "41": 9.84000015258789, "42": 9.84000015258789, "43": 9.699999809265137, "44": 9.739999771118164, "45": 9.770000457763672, "46": 9.739999771118164, "47": 9.739999771118164, "48": 9.739999771118164, "49": 9.739999771118164, "50": 9.739999771118164, "51": 9.739999771118164, "52": 9.739999771118164, "53": 9.739999771118164, "54": 9.739999771118164, "55": 9.739999771118164, "56": 9.739999771118164, "57": 9.739999771118164, "58": 9.739999771118164, "59": 9.789999961853027, "60": 9.819999694824219, "61": 9.819999694824219, "62": 9.699999809265137, "63": 9.75, "64": 9.6899995803833, "65": 9.6899995803833, "66": 9.65999984741211, "67": 9.680000305175781, "68": 9.680000305175781, "69": 9.680000305175781, "70": 9.680000305175781, "71": 9.729999542236328, "72": 9.729999542236328, "73": 9.729999542236328, "74": 9.729999542236328, "75": 9.729999542236328, "76": 9.729999542236328, "77": 9.680000305175781, "78": 9.680000305175781, "79": 9.680000305175781, "80": 9.649999618530273, "81": 9.649999618530273, "82": 9.649999618530273, "83": 9.649999618530273, "84": 9.649999618530273, "85": 9.649999618530273, "86": 9.649999618530273, "87": 9.649999618530273, "88": 9.649999618530273, "89": 9.649999618530273, "90": 9.649999618530273, "91": 9.729999542236328, "92": 9.9399995803833, "93": 9.9399995803833, "94": 9.9399995803833, "95": 9.9399995803833, "96": 9.630000114440918, "97": 9.59000015258789, "98": 9.585000038146973, "99": 9.619999885559082, "100": 9.600000381469727, "101": 9.600000381469727, "102": 9.625, "103": 9.649999618530273, "104": 9.649999618530273, "105": 9.649999618530273, "106": 9.640000343322754, "107": 9.609999656677246, "108": 9.649999618530273, "109": 9.619999885559082, "110": 9.609999656677246, "111": 9.609999656677246, "112": 9.619999885559082, "113": 9.619999885559082, "114": 9.619999885559082, "115": 9.619999885559082, "116": 9.619999885559082, "117": 9.619999885559082, "118": 9.630000114440918, "119": 9.630000114440918, "120": 9.630000114440918, "121": 9.630000114440918, "122": 9.630000114440918, "123": 9.630000114440918, "124": 9.630000114440918, "125": 9.640000343322754, "126": 9.640000343322754, "127": 9.670000076293945, "128": 9.680000305175781, "129": 9.670000076293945, "130": 9.670000076293945, "131": 9.710000038146973, "132": 9.710000038146973, "133": 9.704999923706055, "134": 9.704999923706055, "135": 9.704999923706055, "136": 9.704999923706055, "137": 9.704999923706055, "138": 9.704999923706055, "139": 9.704999923706055, "140": 9.710000038146973, "141": 9.710000038146973, "142": 9.699999809265137, "143": 9.710000038146973, "144": 9.710000038146973, "145": 9.699999809265137, "146": 9.699999809265137, "147": 9.699999809265137, "148": 9.680000305175781, "149": 9.680000305175781, "150": 9.699999809265137, "151": 9.699999809265137, "152": 9.619999885559082, "153": 9.619999885559082, "154": 9.630000114440918, "155": 9.630000114440918, "156": 9.645000457763672, "157": 9.619999885559082, "158": 9.630000114440918, "159": 9.640000343322754, "160": 9.640000343322754, "161": 9.640000343322754, "162": 9.675000190734863, "163": 9.640000343322754, "164": 9.65999984741211, "165": 9.65999984741211, "166": 9.640000343322754, "167": 9.649999618530273, "168": 9.649999618530273, "169": 9.649999618530273, "170": 9.649999618530273, "171": 9.649999618530273, "172": 9.649999618530273, "173": 9.649999618530273, "174": 9.649999618530273, "175": 9.649999618530273, "176": 9.649999618530273, "177": 9.649999618530273, "178": 9.649999618530273, "179": 9.65999984741211, "180": 9.670000076293945, "181": 9.670000076293945, "182": 9.65999984741211, "183": 9.65999984741211, "184": 9.680000305175781, "185": 9.680000305175781, "186": 9.680000305175781, "187": 9.6899995803833, "188": 9.6899995803833, "189": 9.6899995803833, "190": 9.6899995803833, "191": 9.6899995803833, "192": 9.6899995803833, "193": 9.6899995803833, "194": 9.6899995803833, "195": 9.6899995803833, "196": 9.6899995803833, "197": 9.670000076293945, "198": 9.670000076293945, "199": 9.680000305175781, "200": 9.680000305175781, "201": 9.680000305175781, "202": 9.680000305175781, "203": 9.680000305175781, "204": 9.680000305175781, "205": 9.680000305175781, "206": 9.720000267028809, "207": 9.720000267028809, "208": 9.720000267028809, "209": 9.71500015258789, "210": 9.720000267028809, "211": 9.710000038146973, "212": 9.720000267028809, "213": 9.720000267028809, "214": 9.720000267028809, "215": 9.729999542236328, "216": 9.729999542236328, "217": 9.710000038146973, "218": 9.710000038146973, "219": 9.710000038146973, "220": 9.699999809265137, "221": 9.710000038146973, "222": 9.699999809265137, "223": 9.720000267028809, "224": 9.6899995803833, "225": 9.670000076293945, "226": 9.710000038146973, "227": 9.670000076293945, "228": 9.670000076293945, "229": 9.710000038146973, "230": 9.710000038146973, "231": 9.710000038146973, "232": 9.6899995803833, "233": 9.699999809265137, "234": 9.699999809265137, "235": 9.699999809265137, "236": 9.6899995803833, "237": 9.699999809265137, "238": 9.699999809265137, "239": 9.694999694824219, "240": 9.699999809265137, "241": 9.720000267028809, "242": 9.699999809265137, "243": 9.699999809265137, "244": 9.680000305175781, "245": 9.680000305175781, "246": 9.680000305175781, "247": 9.699999809265137, "248": 9.699999809265137, "249": 9.710000038146973, "250": 9.71500015258789, "251": 9.710000038146973, "252": 9.720000267028809, "253": 9.720000267028809, "254": 9.720000267028809, "255": 9.729999542236328, "256": 9.75, "257": 9.75, "258": 9.760000228881836, "259": 9.760000228881836, "260": 9.760000228881836, "261": 9.779999732971191, "262": 9.760000228881836, "263": 9.760000228881836, "264": 9.789999961853027, "265": 9.819999694824219, "266": 9.819999694824219, "267": 9.819999694824219, "268": 9.770000457763672, "269": 9.75, "270": 9.770000457763672, "271": 9.779999732971191, "272": 9.78499984741211, "273": 9.789999961853027, "274": 9.800000190734863, "275": 9.8100004196167, "276": 9.8100004196167, "277": 9.779999732971191, "278": 9.729999542236328, "279": 9.789999961853027, "280": 9.800000190734863, "281": 9.75, "282": 9.800000190734863, "283": 9.800000190734863, "284": 9.800000190734863, "285": 9.8149995803833, "286": 9.829999923706055, "287": 9.829999923706055, "288": 9.829999923706055, "289": 9.819999694824219, "290": 9.819999694824219, "291": 9.829999923706055, "292": 9.829999923706055, "293": 9.850000381469727, "294": 9.84000015258789, "295": 9.845000267028809, "296": 9.850000381469727, "297": 9.880000114440918, "298": 9.864999771118164, "299": 9.850000381469727, "300": 9.859999656677246, "301": 9.84000015258789, "302": 9.850000381469727, "303": 9.850000381469727, "304": 9.880000114440918, "305": 9.890000343322754, "306": 9.890000343322754, "307": 9.859999656677246, "308": 9.869999885559082, "309": 9.899999618530273, "310": 9.899999618530273, "311": 9.899999618530273, "312": 9.904999732971191, "313": 10.0, "314": 9.989999771118164, "315": 10.0, "316": 9.930000305175781, "317": 9.970000267028809, "318": 9.970000267028809, "319": 9.970000267028809, "320": 9.949999809265137, "321": 9.970000267028809, "322": 9.989999771118164, "323": 9.979999542236328, "324": 9.979999542236328, "325": 10.0, "326": 10.0, "327": 10.010000228881836, "328": 10.010000228881836, "329": 10.003000259399414, "330": 10.010000228881836, "331": 10.020000457763672, "332": 10.010000228881836, "333": 10.010000228881836, "334": 10.010000228881836, "335": 10.010000228881836, "336": 10.010000228881836, "337": 10.020000457763672, "338": 10.020000457763672, "339": 10.020000457763672, "340": 10.020000457763672, "341": 10.020000457763672, "342": 10.020000457763672, "343": 10.020000457763672, "344": 10.029999732971191, "345": 10.050000190734863, "346": 10.0600004196167, "347": 10.0600004196167, "348": 10.069999694824219, "349": 10.079999923706055, "350": 10.079999923706055, "351": 10.09000015258789, "352": 10.069999694824219, "353": 10.069999694824219, "354": 10.079999923706055, "355": 10.09000015258789, "356": 10.100000381469727, "357": 10.100000381469727, "358": 10.09000015258789, "359": 10.069999694824219, "360": 10.100000381469727, "361": 10.100000381469727, "362": 10.100000381469727, "363": 10.100000381469727, "364": 10.100000381469727, "365": 10.100000381469727, "366": 10.100000381469727, "367": 10.100000381469727, "368": 10.100000381469727, "369": 10.100000381469727, "370": 10.100000381469727, "371": 10.109999656677246, "372": 10.109999656677246, "373": 10.109999656677246, "374": 10.109999656677246, "375": 10.109999656677246, "376": 10.109999656677246, "377": 10.109999656677246, "378": 10.109999656677246, "379": 10.109999656677246, "380": 10.100000381469727, "381": 10.109999656677246, "382": 10.119999885559082, "383": 10.119999885559082, "384": 10.119999885559082, "385": 10.119999885559082, "386": 10.119999885559082, "387": 10.119999885559082, "388": 10.119999885559082, "389": 10.130000114440918, "390": 10.130000114440918, "391": 10.130000114440918, "392": 10.140000343322754, "393": 10.140000343322754, "394": 10.140000343322754, "395": 10.149999618530273, "396": 10.149999618530273, "397": 10.15999984741211, "398": 10.15999984741211, "399": 10.15999984741211, "400": 10.170000076293945, "401": 10.170000076293945, "402": 10.170000076293945, "403": 10.170000076293945, "404": 10.170000076293945, "405": 10.170000076293945, "406": 10.170000076293945, "407": 10.180000305175781, "408": 10.180000305175781, "409": 10.199999809265137, "410": 10.180000305175781, "411": 10.199999809265137, "412": 10.199999809265137, "413": 10.21500015258789, "414": 10.210000038146973, "415": 10.239999771118164, "416": 10.33899974822998, "417": 10.270000457763672, "418": 10.350000381469727, "419": 10.279999732971191, "420": 10.279999732971191, "421": 10.279999732971191, "422": 10.25, "423": 10.239999771118164, "424": 10.279999732971191, "425": 10.279999732971191, "426": 10.770000457763672, "427": 10.3100004196167, "428": 10.329999923706055, "429": 10.34000015258789, "430": 10.34000015258789, "431": 10.34000015258789, "432": 10.300000190734863, "433": 10.279999732971191, "434": 10.279999732971191}, "close": {"0": 9.619999885559082, "1": 9.619999885559082, "2": 9.619999885559082, "3": 9.619999885559082, "4": 9.704999923706055, "5": 9.65999984741211, "6": 9.739999771118164, "7": 9.739999771118164, "8": 9.800000190734863, "9": 9.800000190734863, "10": 9.800000190734863, "11": 9.710000038146973, "12": 9.710000038146973, "13": 9.760000228881836, "14": 9.75, "15": 9.75, "16": 9.75, "17": 9.720000267028809, "18": 9.680000305175781, "19": 9.680000305175781, "20": 9.680000305175781, "21": 9.680000305175781, "22": 9.680000305175781, "23": 9.699999809265137, "24": 9.694999694824219, "25": 9.670000076293945, "26": 9.670000076293945, "27": 9.699999809265137, "28": 9.699999809265137, "29": 9.75, "30": 9.75, "31": 9.75, "32": 9.75, "33": 9.75, "34": 9.739999771118164, "35": 9.739999771118164, "36": 9.739999771118164, "37": 9.699999809265137, "38": 9.84000015258789, "39": 9.84000015258789, "40": 9.84000015258789, "41": 9.84000015258789, "42": 9.84000015258789, "43": 9.765000343322754, "44": 9.770000457763672, "45": 9.770000457763672, "46": 9.739999771118164, "47": 9.739999771118164, "48": 9.739999771118164, "49": 9.739999771118164, "50": 9.739999771118164, "51": 9.739999771118164, "52": 9.739999771118164, "53": 9.739999771118164, "54": 9.739999771118164, "55": 9.739999771118164, "56": 9.739999771118164, "57": 9.739999771118164, "58": 9.739999771118164, "59": 9.819999694824219, "60": 9.819999694824219, "61": 9.819999694824219, "62": 9.75, "63": 9.75, "64": 9.70199966430664, "65": 9.699999809265137, "66": 9.680000305175781, "67": 9.680000305175781, "68": 9.680000305175781, "69": 9.680000305175781, "70": 9.729999542236328, "71": 9.729999542236328, "72": 9.729999542236328, "73": 9.729999542236328, "74": 9.729999542236328, "75": 9.729999542236328, "76": 9.729999542236328, "77": 9.680000305175781, "78": 9.680000305175781, "79": 9.680000305175781, "80": 9.649999618530273, "81": 9.649999618530273, "82": 9.649999618530273, "83": 9.649999618530273, "84": 9.649999618530273, "85": 9.649999618530273, "86": 9.649999618530273, "87": 9.649999618530273, "88": 9.649999618530273, "89": 9.649999618530273, "90": 9.649999618530273, "91": 9.9399995803833, "92": 9.9399995803833, "93": 9.9399995803833, "94": 9.9399995803833, "95": 9.9399995803833, "96": 9.630000114440918, "97": 9.609999656677246, "98": 9.619999885559082, "99": 9.619999885559082, "100": 9.600000381469727, "101": 9.600000381469727, "102": 9.649999618530273, "103": 9.649999618530273, "104": 9.649999618530273, "105": 9.649999618530273, "106": 9.649999618530273, "107": 9.699999809265137, "108": 9.649999618530273, "109": 9.619999885559082, "110": 9.609999656677246, "111": 9.619999885559082, "112": 9.619999885559082, "113": 9.619999885559082, "114": 9.619999885559082, "115": 9.619999885559082, "116": 9.619999885559082, "117": 9.619999885559082, "118": 9.630000114440918, "119": 9.630000114440918, "120": 9.630000114440918, "121": 9.630000114440918, "122": 9.630000114440918, "123": 9.630000114440918, "124": 9.630000114440918, "125": 9.640000343322754, "126": 9.670000076293945, "127": 9.670000076293945, "128": 9.6899995803833, "129": 9.670000076293945, "130": 9.699999809265137, "131": 9.710000038146973, "132": 9.720000267028809, "133": 9.704999923706055, "134": 9.704999923706055, "135": 9.704999923706055, "136": 9.704999923706055, "137": 9.704999923706055, "138": 9.704999923706055, "139": 9.704999923706055, "140": 9.710000038146973, "141": 9.710000038146973, "142": 9.699999809265137, "143": 9.710000038146973, "144": 9.710000038146973, "145": 9.699999809265137, "146": 9.699999809265137, "147": 9.699999809265137, "148": 9.680000305175781, "149": 9.680000305175781, "150": 9.699999809265137, "151": 9.699999809265137, "152": 9.649999618530273, "153": 9.640000343322754, "154": 9.640000343322754, "155": 9.630000114440918, "156": 9.645000457763672, "157": 9.619999885559082, "158": 9.640000343322754, "159": 9.640000343322754, "160": 9.640000343322754, "161": 9.640000343322754, "162": 9.675000190734863, "163": 9.65999984741211, "164": 9.65999984741211, "165": 9.65999984741211, "166": 9.649999618530273, "167": 9.649999618530273, "168": 9.649999618530273, "169": 9.649999618530273, "170": 9.649999618530273, "171": 9.649999618530273, "172": 9.649999618530273, "173": 9.649999618530273, "174": 9.649999618530273, "175": 9.649999618530273, "176": 9.649999618530273, "177": 9.649999618530273, "178": 9.65999984741211, "179": 9.65999984741211, "180": 9.670000076293945, "181": 9.670000076293945, "182": 9.65999984741211, "183": 9.65999984741211, "184": 9.680000305175781, "185": 9.680000305175781, "186": 9.680000305175781, "187": 9.6899995803833, "188": 9.6899995803833, "189": 9.6899995803833, "190": 9.6899995803833, "191": 9.6899995803833, "192": 9.6899995803833, "193": 9.6899995803833, "194": 9.6899995803833, "195": 9.6899995803833, "196": 9.6899995803833, "197": 9.670000076293945, "198": 9.670000076293945, "199": 9.680000305175781, "200": 9.680000305175781, "201": 9.680000305175781, "202": 9.680000305175781, "203": 9.680000305175781, "204": 9.680000305175781, "205": 9.680000305175781, "206": 9.720000267028809, "207": 9.720000267028809, "208": 9.720000267028809, "209": 9.71500015258789, "210": 9.720000267028809, "211": 9.720000267028809, "212": 9.720000267028809, "213": 9.720000267028809, "214": 9.720000267028809, "215": 9.729999542236328, "216": 9.729999542236328, "217": 9.720000267028809, "218": 9.710000038146973, "219": 9.720000267028809, "220": 9.739999771118164, "221": 9.75, "222": 9.699999809265137, "223": 9.720000267028809, "224": 9.6899995803833, "225": 9.670000076293945, "226": 9.710000038146973, "227": 9.680000305175781, "228": 9.710000038146973, "229": 9.710000038146973, "230": 9.710000038146973, "231": 9.710000038146973, "232": 9.699999809265137, "233": 9.699999809265137, "234": 9.699999809265137, "235": 9.699999809265137, "236": 9.6899995803833, "237": 9.699999809265137, "238": 9.699999809265137, "239": 9.694999694824219, "240": 9.720000267028809, "241": 9.720000267028809, "242": 9.699999809265137, "243": 9.699999809265137, "244": 9.680000305175781, "245": 9.680000305175781, "246": 9.680000305175781, "247": 9.699999809265137, "248": 9.699999809265137, "249": 9.71500015258789, "250": 9.71500015258789, "251": 9.720000267028809, "252": 9.720000267028809, "253": 9.720000267028809, "254": 9.720000267028809, "255": 9.739999771118164, "256": 9.75, "257": 9.760000228881836, "258": 9.760000228881836, "259": 9.760000228881836, "260": 9.760000228881836, "261": 9.779999732971191, "262": 9.760000228881836, "263": 9.760000228881836, "264": 9.819999694824219, "265": 9.819999694824219, "266": 9.819999694824219, "267": 9.819999694824219, "268": 9.789999961853027, "269": 9.770000457763672, "270": 9.770000457763672, "271": 9.789999961853027, "272": 9.78499984741211, "273": 9.789999961853027, "274": 9.8100004196167, "275": 9.8100004196167, "276": 9.8100004196167, "277": 9.8149995803833, "278": 9.8100004196167, "279": 9.800000190734863, "280": 9.819999694824219, "281": 9.800000190734863, "282": 9.800000190734863, "283": 9.800000190734863, "284": 9.800000190734863, "285": 9.850000381469727, "286": 9.829999923706055, "287": 9.829999923706055, "288": 9.829999923706055, "289": 9.819999694824219, "290": 9.819999694824219, "291": 9.829999923706055, "292": 9.829999923706055, "293": 9.850000381469727, "294": 9.84000015258789, "295": 9.850000381469727, "296": 9.859999656677246, "297": 9.880000114440918, "298": 9.864999771118164, "299": 9.9399995803833, "300": 9.859999656677246, "301": 9.850000381469727, "302": 9.850000381469727, "303": 9.890000343322754, "304": 9.890000343322754, "305": 9.890000343322754, "306": 9.890000343322754, "307": 9.859999656677246, "308": 9.899999618530273, "309": 9.899999618530273, "310": 9.899999618530273, "311": 9.899999618530273, "312": 10.0, "313": 10.0, "314": 10.0, "315": 10.0, "316": 9.930000305175781, "317": 9.970000267028809, "318": 9.970000267028809, "319": 9.970000267028809, "320": 9.970000267028809, "321": 9.970000267028809, "322": 10.0, "323": 9.979999542236328, "324": 9.979999542236328, "325": 10.015000343322754, "326": 10.015000343322754, "327": 10.010000228881836, "328": 10.020000457763672, "329": 10.015000343322754, "330": 10.010000228881836, "331": 10.020000457763672, "332": 10.010000228881836, "333": 10.010000228881836, "334": 10.010000228881836, "335": 10.010000228881836, "336": 10.010000228881836, "337": 10.020000457763672, "338": 10.020000457763672, "339": 10.020000457763672, "340": 10.03499984741211, "341": 10.020000457763672, "342": 10.020000457763672, "343": 10.029999732971191, "344": 10.029999732971191, "345": 10.050000190734863, "346": 10.069999694824219, "347": 10.069999694824219, "348": 10.09000015258789, "349": 10.09000015258789, "350": 10.100000381469727, "351": 10.09000015258789, "352": 10.079999923706055, "353": 10.069999694824219, "354": 10.09000015258789, "355": 10.100000381469727, "356": 10.100000381469727, "357": 10.100000381469727, "358": 10.100000381469727, "359": 10.100000381469727, "360": 10.100000381469727, "361": 10.100000381469727, "362": 10.100000381469727, "363": 10.100000381469727, "364": 10.100000381469727, "365": 10.100000381469727, "366": 10.100000381469727, "367": 10.100000381469727, "368": 10.100000381469727, "369": 10.100000381469727, "370": 10.100000381469727, "371": 10.109999656677246, "372": 10.109999656677246, "373": 10.109999656677246, "374": 10.109999656677246, "375": 10.109999656677246, "376": 10.109999656677246, "377": 10.109999656677246, "378": 10.109999656677246, "379": 10.109999656677246, "380": 10.119999885559082, "381": 10.119999885559082, "382": 10.119999885559082, "383": 10.119999885559082, "384": 10.119999885559082, "385": 10.119999885559082, "386": 10.119999885559082, "387": 10.119999885559082, "388": 10.130000114440918, "389": 10.137999534606934, "390": 10.130000114440918, "391": 10.470000267028809, "392": 10.140000343322754, "393": 10.1850004196167, "394": 10.140000343322754, "395": 10.149999618530273, "396": 10.15999984741211, "397": 10.15999984741211, "398": 10.15999984741211, "399": 10.170000076293945, "400": 10.170000076293945, "401": 10.170000076293945, "402": 10.170000076293945, "403": 10.170000076293945, "404": 10.210000038146973, "405": 10.170000076293945, "406": 10.210000038146973, "407": 10.180000305175781, "408": 10.1899995803833, "409": 10.199999809265137, "410": 10.199999809265137, "411": 10.199999809265137, "412": 10.199999809265137, "413": 10.220000267028809, "414": 10.25, "415": 10.380000114440918, "416": 10.359999656677246, "417": 10.350000381469727, "418": 10.350000381469727, "419": 10.279999732971191, "420": 10.279999732971191, "421": 10.279999732971191, "422": 10.25, "423": 10.289999961853027, "424": 10.279999732971191, "425": 10.279999732971191, "426": 10.770000457763672, "427": 10.479999542236328, "428": 10.34000015258789, "429": 10.34000015258789, "430": 10.34000015258789, "431": 10.34000015258789, "432": 10.300000190734863, "433": 10.279999732971191, "434": 10.279999732971191}, "volume": {"0": 600000, "1": 0, "2": 0, "3": 0, "4": 1700, "5": 500, "6": 6000, "7": 0, "8": 200, "9": 0, "10": 100, "11": 220000, "12": 0, "13": 300, "14": 200000, "15": 0, "16": 0, "17": 300, "18": 88500, "19": 0, "20": 2200, "21": 0, "22": 0, "23": 7800, "24": 100, "25": 300, "26": 0, "27": 7700, "28": 0, "29": 6400, "30": 7000, "31": 0, "32": 0, "33": 0, "34": 6700, "35": 0, "36": 0, "37": 300, "38": 2200, "39": 10100, "40": 0, "41": 0, "42": 0, "43": 25500, "44": 253400, "45": 100, "46": 200, "47": 0, "48": 4200, "49": 0, "50": 0, "51": 0, "52": 0, "53": 0, "54": 0, "55": 0, "56": 0, "57": 0, "58": 0, "59": 4700, "60": 0, "61": 0, "62": 7100, "63": 0, "64": 300, "65": 1400, "66": 600, "67": 0, "68": 0, "69": 0, "70": 2800, "71": 0, "72": 0, "73": 0, "74": 0, "75": 0, "76": 0, "77": 400, "78": 0, "79": 0, "80": 300, "81": 4900, "82": 0, "83": 0, "84": 0, "85": 0, "86": 0, "87": 0, "88": 80000, "89": 0, "90": 0, "91": 4500, "92": 0, "93": 4700, "94": 0, "95": 0, "96": 300, "97": 253300, "98": 8500, "99": 0, "100": 186000, "101": 0, "102": 3900, "103": 0, "104": 237100, "105": 504100, "106": 97100, "107": 200, "108": 205700, "109": 32500, "110": 200, "111": 3000, "112": 200, "113": 0, "114": 0, "115": 0, "116": 0, "117": 0, "118": 200, "119": 0, "120": 0, "121": 0, "122": 700, "123": 13500, "124": 0, "125": 800, "126": 4900, "127": 0, "128": 500, "129": 53400, "130": 1000, "131": 100, "132": 400, "133": 200, "134": 0, "135": 0, "136": 0, "137": 0, "138": 0, "139": 0, "140": 214300, "141": 133700, "142": 100, "143": 129500, "144": 300, "145": 55000, "146": 0, "147": 293500, "148": 44600, "149": 0, "150": 2000, "151": 0, "152": 400800, "153": 125300, "154": 23000, "155": 6400, "156": 500, "157": 700, "158": 17400, "159": 5200, "160": 0, "161": 0, "162": 27900, "163": 2000, "164": 0, "165": 0, "166": 29700, "167": 0, "168": 2900, "169": 0, "170": 0, "171": 0, "172": 0, "173": 0, "174": 0, "175": 0, "176": 0, "177": 0, "178": 5700, "179": 0, "180": 130600, "181": 0, "182": 4100, "183": 0, "184": 972600, "185": 0, "186": 0, "187": 200, "188": 0, "189": 0, "190": 0, "191": 0, "192": 0, "193": 0, "194": 0, "195": 0, "196": 0, "197": 5000, "198": 0, "199": 5100, "200": 0, "201": 0, "202": 0, "203": 0, "204": 0, "205": 0, "206": 500, "207": 0, "208": 0, "209": 100, "210": 200, "211": 23900, "212": 0, "213": 0, "214": 0, "215": 20100, "216": 0, "217": 160300, "218": 147700, "219": 7600, "220": 563100, "221": 256300, "222": 139200, "223": 14100, "224": 200, "225": 2500, "226": 300, "227": 7500, "228": 191600, "229": 0, "230": 0, "231": 0, "232": 600, "233": 400, "234": 0, "235": 0, "236": 10300, "237": 2000, "238": 0, "239": 1400, "240": 17900, "241": 0, "242": 200, "243": 0, "244": 700, "245": 0, "246": 0, "247": 15000, "248": 0, "249": 14100, "250": 0, "251": 19800, "252": 0, "253": 100, "254": 200, "255": 12000, "256": 35400, "257": 43000, "258": 0, "259": 47200, "260": 222600, "261": 5200, "262": 900, "263": 0, "264": 10500, "265": 0, "266": 6800, "267": 0, "268": 14200, "269": 48500, "270": 3000, "271": 3800, "272": 4300, "273": 400, "274": 146400, "275": 0, "276": 0, "277": 332600, "278": 7400, "279": 6800, "280": 37100, "281": 1118400, "282": 900, "283": 1700, "284": 100, "285": 181300, "286": 200, "287": 10500, "288": 0, "289": 400, "290": 0, "291": 2700, "292": 0, "293": 200, "294": 1300, "295": 120300, "296": 4100, "297": 500, "298": 100, "299": 4900, "300": 400, "301": 800, "302": 0, "303": 3100, "304": 200, "305": 0, "306": 0, "307": 1000, "308": 7900, "309": 0, "310": 200, "311": 300, "312": 6700, "313": 0, "314": 400, "315": 0, "316": 9700, "317": 600, "318": 100, "319": 0, "320": 11200, "321": 900, "322": 767500, "323": 2500, "324": 0, "325": 3400, "326": 37200, "327": 200, "328": 500100, "329": 455500, "330": 1100, "331": 55600, "332": 9000, "333": 0, "334": 0, "335": 0, "336": 66200, "337": 300, "338": 400, "339": 800, "340": 2800, "341": 400, "342": 3500, "343": 12900, "344": 100, "345": 400, "346": 10100, "347": 8400, "348": 29200, "349": 5900, "350": 9000, "351": 3300, "352": 14000, "353": 2200, "354": 12000, "355": 5600, "356": 14500, "357": 113100, "358": 11000, "359": 800, "360": 0, "361": 400, "362": 400, "363": 500, "364": 0, "365": 2600, "366": 100, "367": 0, "368": 0, "369": 0, "370": 300, "371": 72200, "372": 0, "373": 0, "374": 3000, "375": 0, "376": 0, "377": 1700, "378": 0, "379": 600, "380": 9100, "381": 77400, "382": 400, "383": 1000, "384": 2300, "385": 421200, "386": 4200, "387": 13700, "388": 9700, "389": 23800, "390": 3300, "391": 7300, "392": 226500, "393": 14400, "394": 22100, "395": 900, "396": 668200, "397": 28000, "398": 20700, "399": 20300, "400": 7400, "401": 0, "402": 1400, "403": 11100, "404": 3300, "405": 2500, "406": 24000, "407": 350500, "408": 746800, "409": 12300, "410": 153300, "411": 0, "412": 9600, "413": 8400, "414": 238300, "415": 50500, "416": 11600, "417": 18600, "418": 0, "419": 4500, "420": 100, "421": 400, "422": 3000, "423": 167800, "424": 100, "425": 0, "426": 800, "427": 18300, "428": 11700, "429": 0, "430": 0, "431": 0, "432": 91500, "433": 157100, "434": 111000}, "adjclose": {"0": 9.619999885559082, "1": 9.619999885559082, "2": 9.619999885559082, "3": 9.619999885559082, "4": 9.704999923706055, "5": 9.65999984741211, "6": 9.739999771118164, "7": 9.739999771118164, "8": 9.800000190734863, "9": 9.800000190734863, "10": 9.800000190734863, "11": 9.710000038146973, "12": 9.710000038146973, "13": 9.760000228881836, "14": 9.75, "15": 9.75, "16": 9.75, "17": 9.720000267028809, "18": 9.680000305175781, "19": 9.680000305175781, "20": 9.680000305175781, "21": 9.680000305175781, "22": 9.680000305175781, "23": 9.699999809265137, "24": 9.694999694824219, "25": 9.670000076293945, "26": 9.670000076293945, "27": 9.699999809265137, "28": 9.699999809265137, "29": 9.75, "30": 9.75, "31": 9.75, "32": 9.75, "33": 9.75, "34": 9.739999771118164, "35": 9.739999771118164, "36": 9.739999771118164, "37": 9.699999809265137, "38": 9.84000015258789, "39": 9.84000015258789, "40": 9.84000015258789, "41": 9.84000015258789, "42": 9.84000015258789, "43": 9.765000343322754, "44": 9.770000457763672, "45": 9.770000457763672, "46": 9.739999771118164, "47": 9.739999771118164, "48": 9.739999771118164, "49": 9.739999771118164, "50": 9.739999771118164, "51": 9.739999771118164, "52": 9.739999771118164, "53": 9.739999771118164, "54": 9.739999771118164, "55": 9.739999771118164, "56": 9.739999771118164, "57": 9.739999771118164, "58": 9.739999771118164, "59": 9.819999694824219, "60": 9.819999694824219, "61": 9.819999694824219, "62": 9.75, "63": 9.75, "64": 9.70199966430664, "65": 9.699999809265137, "66": 9.680000305175781, "67": 9.680000305175781, "68": 9.680000305175781, "69": 9.680000305175781, "70": 9.729999542236328, "71": 9.729999542236328, "72": 9.729999542236328, "73": 9.729999542236328, "74": 9.729999542236328, "75": 9.729999542236328, "76": 9.729999542236328, "77": 9.680000305175781, "78": 9.680000305175781, "79": 9.680000305175781, "80": 9.649999618530273, "81": 9.649999618530273, "82": 9.649999618530273, "83": 9.649999618530273, "84": 9.649999618530273, "85": 9.649999618530273, "86": 9.649999618530273, "87": 9.649999618530273, "88": 9.649999618530273, "89": 9.649999618530273, "90": 9.649999618530273, "91": 9.9399995803833, "92": 9.9399995803833, "93": 9.9399995803833, "94": 9.9399995803833, "95": 9.9399995803833, "96": 9.630000114440918, "97": 9.609999656677246, "98": 9.619999885559082, "99": 9.619999885559082, "100": 9.600000381469727, "101": 9.600000381469727, "102": 9.649999618530273, "103": 9.649999618530273, "104": 9.649999618530273, "105": 9.649999618530273, "106": 9.649999618530273, "107": 9.699999809265137, "108": 9.649999618530273, "109": 9.619999885559082, "110": 9.609999656677246, "111": 9.619999885559082, "112": 9.619999885559082, "113": 9.619999885559082, "114": 9.619999885559082, "115": 9.619999885559082, "116": 9.619999885559082, "117": 9.619999885559082, "118": 9.630000114440918, "119": 9.630000114440918, "120": 9.630000114440918, "121": 9.630000114440918, "122": 9.630000114440918, "123": 9.630000114440918, "124": 9.630000114440918, "125": 9.640000343322754, "126": 9.670000076293945, "127": 9.670000076293945, "128": 9.6899995803833, "129": 9.670000076293945, "130": 9.699999809265137, "131": 9.710000038146973, "132": 9.720000267028809, "133": 9.704999923706055, "134": 9.704999923706055, "135": 9.704999923706055, "136": 9.704999923706055, "137": 9.704999923706055, "138": 9.704999923706055, "139": 9.704999923706055, "140": 9.710000038146973, "141": 9.710000038146973, "142": 9.699999809265137, "143": 9.710000038146973, "144": 9.710000038146973, "145": 9.699999809265137, "146": 9.699999809265137, "147": 9.699999809265137, "148": 9.680000305175781, "149": 9.680000305175781, "150": 9.699999809265137, "151": 9.699999809265137, "152": 9.649999618530273, "153": 9.640000343322754, "154": 9.640000343322754, "155": 9.630000114440918, "156": 9.645000457763672, "157": 9.619999885559082, "158": 9.640000343322754, "159": 9.640000343322754, "160": 9.640000343322754, "161": 9.640000343322754, "162": 9.675000190734863, "163": 9.65999984741211, "164": 9.65999984741211, "165": 9.65999984741211, "166": 9.649999618530273, "167": 9.649999618530273, "168": 9.649999618530273, "169": 9.649999618530273, "170": 9.649999618530273, "171": 9.649999618530273, "172": 9.649999618530273, "173": 9.649999618530273, "174": 9.649999618530273, "175": 9.649999618530273, "176": 9.649999618530273, "177": 9.649999618530273, "178": 9.65999984741211, "179": 9.65999984741211, "180": 9.670000076293945, "181": 9.670000076293945, "182": 9.65999984741211, "183": 9.65999984741211, "184": 9.680000305175781, "185": 9.680000305175781, "186": 9.680000305175781, "187": 9.6899995803833, "188": 9.6899995803833, "189": 9.6899995803833, "190": 9.6899995803833, "191": 9.6899995803833, "192": 9.6899995803833, "193": 9.6899995803833, "194": 9.6899995803833, "195": 9.6899995803833, "196": 9.6899995803833, "197": 9.670000076293945, "198": 9.670000076293945, "199": 9.680000305175781, "200": 9.680000305175781, "201": 9.680000305175781, "202": 9.680000305175781, "203": 9.680000305175781, "204": 9.680000305175781, "205": 9.680000305175781, "206": 9.720000267028809, "207": 9.720000267028809, "208": 9.720000267028809, "209": 9.71500015258789, "210": 9.720000267028809, "211": 9.720000267028809, "212": 9.720000267028809, "213": 9.720000267028809, "214": 9.720000267028809, "215": 9.729999542236328, "216": 9.729999542236328, "217": 9.720000267028809, "218": 9.710000038146973, "219": 9.720000267028809, "220": 9.739999771118164, "221": 9.75, "222": 9.699999809265137, "223": 9.720000267028809, "224": 9.6899995803833, "225": 9.670000076293945, "226": 9.710000038146973, "227": 9.680000305175781, "228": 9.710000038146973, "229": 9.710000038146973, "230": 9.710000038146973, "231": 9.710000038146973, "232": 9.699999809265137, "233": 9.699999809265137, "234": 9.699999809265137, "235": 9.699999809265137, "236": 9.6899995803833, "237": 9.699999809265137, "238": 9.699999809265137, "239": 9.694999694824219, "240": 9.720000267028809, "241": 9.720000267028809, "242": 9.699999809265137, "243": 9.699999809265137, "244": 9.680000305175781, "245": 9.680000305175781, "246": 9.680000305175781, "247": 9.699999809265137, "248": 9.699999809265137, "249": 9.71500015258789, "250": 9.71500015258789, "251": 9.720000267028809, "252": 9.720000267028809, "253": 9.720000267028809, "254": 9.720000267028809, "255": 9.739999771118164, "256": 9.75, "257": 9.760000228881836, "258": 9.760000228881836, "259": 9.760000228881836, "260": 9.760000228881836, "261": 9.779999732971191, "262": 9.760000228881836, "263": 9.760000228881836, "264": 9.819999694824219, "265": 9.819999694824219, "266": 9.819999694824219, "267": 9.819999694824219, "268": 9.789999961853027, "269": 9.770000457763672, "270": 9.770000457763672, "271": 9.789999961853027, "272": 9.78499984741211, "273": 9.789999961853027, "274": 9.8100004196167, "275": 9.8100004196167, "276": 9.8100004196167, "277": 9.8149995803833, "278": 9.8100004196167, "279": 9.800000190734863, "280": 9.819999694824219, "281": 9.800000190734863, "282": 9.800000190734863, "283": 9.800000190734863, "284": 9.800000190734863, "285": 9.850000381469727, "286": 9.829999923706055, "287": 9.829999923706055, "288": 9.829999923706055, "289": 9.819999694824219, "290": 9.819999694824219, "291": 9.829999923706055, "292": 9.829999923706055, "293": 9.850000381469727, "294": 9.84000015258789, "295": 9.850000381469727, "296": 9.859999656677246, "297": 9.880000114440918, "298": 9.864999771118164, "299": 9.9399995803833, "300": 9.859999656677246, "301": 9.850000381469727, "302": 9.850000381469727, "303": 9.890000343322754, "304": 9.890000343322754, "305": 9.890000343322754, "306": 9.890000343322754, "307": 9.859999656677246, "308": 9.899999618530273, "309": 9.899999618530273, "310": 9.899999618530273, "311": 9.899999618530273, "312": 10.0, "313": 10.0, "314": 10.0, "315": 10.0, "316": 9.930000305175781, "317": 9.970000267028809, "318": 9.970000267028809, "319": 9.970000267028809, "320": 9.970000267028809, "321": 9.970000267028809, "322": 10.0, "323": 9.979999542236328, "324": 9.979999542236328, "325": 10.015000343322754, "326": 10.015000343322754, "327": 10.010000228881836, "328": 10.020000457763672, "329": 10.015000343322754, "330": 10.010000228881836, "331": 10.020000457763672, "332": 10.010000228881836, "333": 10.010000228881836, "334": 10.010000228881836, "335": 10.010000228881836, "336": 10.010000228881836, "337": 10.020000457763672, "338": 10.020000457763672, "339": 10.020000457763672, "340": 10.03499984741211, "341": 10.020000457763672, "342": 10.020000457763672, "343": 10.029999732971191, "344": 10.029999732971191, "345": 10.050000190734863, "346": 10.069999694824219, "347": 10.069999694824219, "348": 10.09000015258789, "349": 10.09000015258789, "350": 10.100000381469727, "351": 10.09000015258789, "352": 10.079999923706055, "353": 10.069999694824219, "354": 10.09000015258789, "355": 10.100000381469727, "356": 10.100000381469727, "357": 10.100000381469727, "358": 10.100000381469727, "359": 10.100000381469727, "360": 10.100000381469727, "361": 10.100000381469727, "362": 10.100000381469727, "363": 10.100000381469727, "364": 10.100000381469727, "365": 10.100000381469727, "366": 10.100000381469727, "367": 10.100000381469727, "368": 10.100000381469727, "369": 10.100000381469727, "370": 10.100000381469727, "371": 10.109999656677246, "372": 10.109999656677246, "373": 10.109999656677246, "374": 10.109999656677246, "375": 10.109999656677246, "376": 10.109999656677246, "377": 10.109999656677246, "378": 10.109999656677246, "379": 10.109999656677246, "380": 10.119999885559082, "381": 10.119999885559082, "382": 10.119999885559082, "383": 10.119999885559082, "384": 10.119999885559082, "385": 10.119999885559082, "386": 10.119999885559082, "387": 10.119999885559082, "388": 10.130000114440918, "389": 10.137999534606934, "390": 10.130000114440918, "391": 10.470000267028809, "392": 10.140000343322754, "393": 10.1850004196167, "394": 10.140000343322754, "395": 10.149999618530273, "396": 10.15999984741211, "397": 10.15999984741211, "398": 10.15999984741211, "399": 10.170000076293945, "400": 10.170000076293945, "401": 10.170000076293945, "402": 10.170000076293945, "403": 10.170000076293945, "404": 10.210000038146973, "405": 10.170000076293945, "406": 10.210000038146973, "407": 10.180000305175781, "408": 10.1899995803833, "409": 10.199999809265137, "410": 10.199999809265137, "411": 10.199999809265137, "412": 10.199999809265137, "413": 10.220000267028809, "414": 10.25, "415": 10.380000114440918, "416": 10.359999656677246, "417": 10.350000381469727, "418": 10.350000381469727, "419": 10.279999732971191, "420": 10.279999732971191, "421": 10.279999732971191, "422": 10.25, "423": 10.289999961853027, "424": 10.279999732971191, "425": 10.279999732971191, "426": 10.770000457763672, "427": 10.479999542236328, "428": 10.34000015258789, "429": 10.34000015258789, "430": 10.34000015258789, "431": 10.34000015258789, "432": 10.300000190734863, "433": 10.279999732971191, "434": 10.279999732971191}}, "profile": {"address1": "126 East 56th Street", "address2": "30th Floor", "city": "New York", "state": "NY", "zip": "10022", "country": "United States", "phone": "(212) 479-2000", "industry": "Shell Companies", "industryDisp": "Shell Companies", "sector": "Financial Services", "longBusinessSummary": "AxonPrime Infrastructure Acquisition Corporation does not have significant operations. It intends to effect a merger, capital stock exchange, asset acquisition, stock purchase, reorganization, or other similar business combination with one or more businesses. The company was incorporated in 2021 and is based in New York, New York.", "companyOfficers": [{"maxAge": 1, "name": "Mr. Dinakar  Singh", "age": 53, "title": "Founder, CEO & Interim CFO", "yearBorn": 1969, "exercisedValue": 0, "unexercisedValue": 0}, {"maxAge": 1, "name": "Mr. Dakin  Sloss", "age": 31, "title": "Founder", "yearBorn": 1991, "exercisedValue": 0, "unexercisedValue": 0}], "maxAge": 86400, "latitude": 40.760466084238345, "longitude": -73.97037205005547}}