{"income_statement": {"annual": {"Year": {"1": "Selling, General & Admin", "2": "Operating Expenses", "3": "Operating Income", "4": "Other Expense / Income", "5": "Pretax Income", "6": "Net Income", "7": "Net Income Growth", "8": "Shares Outstanding (Basic)", "9": "Shares Outstanding (Diluted)", "10": "Shares Change", "11": "EPS (Basic)", "12": "EPS (Diluted)", "13": "EPS Growth", "14": "Free Cash Flow Per Share", "15": "EBITDA", "16": "EBIT"}, "2022": {"1": "2.81", "2": "2.81", "3": "-2.81", "4": "-11.87", "5": "9.06", "6": "9.06", "7": "1777.37%", "8": "36", "9": "36", "10": "78.46%", "11": "0.25", "12": "0.25", "13": "1150.00%", "14": "-0.04", "15": "9.06", "16": "9.06"}, "2021": {"1": "0.76", "2": "0.76", "3": "-0.76", "4": "-1.24", "5": "0.48", "6": "0.48", "7": "-", "8": "20", "9": "20", "10": "-", "11": "0.02", "12": "0.02", "13": "-", "14": "-0.06", "15": "0.48", "16": "0.48"}}, "quarterly": {"Metrics": {"1": "Selling, General & Admin", "2": "Operating Expenses", "3": "Operating Income", "4": "Other Expense / Income", "5": "Pretax Income", "6": "Net Income", "7": "Net Income Growth", "8": "Shares Outstanding (Basic)", "9": "Shares Outstanding (Diluted)", "10": "Shares Change", "11": "EPS (Basic)", "12": "EPS (Diluted)", "13": "EPS Growth", "14": "Free Cash Flow Per Share", "15": "EBITDA", "16": "EBIT"}, "2022-12-31": {"1": "0.95", "2": "0.95", "3": "-0.95", "4": "-3.23", "5": "2.29", "6": "2.29", "7": "-", "8": "36", "9": "36", "10": "78.46%", "11": "0.06", "12": "0.06", "13": "-", "14": "-0.01", "15": "2.29", "16": "2.29"}, "2022-09-30": {"1": "0.66", "2": "0.66", "3": "-0.66", "4": "-1.21", "5": "0.54", "6": "0.54", "7": "-81.98%", "8": "36", "9": "36", "10": "38.35%", "11": "0.02", "12": "0.02", "13": "-83.33%", "14": "-0.01", "15": "0.54", "16": "0.54"}, "2022-06-30": {"1": "0.58", "2": "0.58", "3": "-0.58", "4": "-3.58", "5": "3.01", "6": "3.01", "7": "1295.30%", "8": "36", "9": "36", "10": "478.84%", "11": "0.08", "12": "0.08", "13": "166.67%", "14": "-0.01", "15": "3.01", "16": "3.01"}, "2022-03-31": {"1": "0.62", "2": "0.62", "3": "-0.62", "4": "-3.84", "5": "3.22", "6": "3.22", "7": "-", "8": "36", "9": "36", "10": "478.84%", "11": "0.09", "12": "0.09", "13": "-", "14": "-0.01", "15": "3.22", "16": "3.22"}, "2021-12-31": {"1": "0.47", "2": "0.47", "3": "-0.47", "4": "0.02", "5": "-0.49", "6": "-0.49", "7": "-", "8": "20", "9": "20", "10": "-", "11": "-0.05", "12": "-0.05", "13": "-", "14": "-0.01", "15": "-0.49", "16": "-0.49"}, "2021-09-30": {"1": "0.28", "2": "0.28", "3": "-0.28", "4": "-3.29", "5": "3.01", "6": "3.01", "7": "-", "8": "26", "9": "26", "10": "-", "11": "0.12", "12": "0.12", "13": "-", "14": "-0.03", "15": "3.01", "16": "3.01"}, "2021-06-30": {"1": "0", "2": "0", "3": "0", "4": "-0.22", "5": "0.22", "6": "0.22", "7": "-", "8": "6", "9": "6", "10": "-", "11": "0.03", "12": "0.03", "13": "-", "14": "-", "15": "0.22", "16": "0.22"}, "2021-03-31": {"1": "0.01", "2": "0.01", "3": "-0.01", "4": "2.24", "5": "-2.26", "6": "-2.26", "7": "-", "8": "6", "9": "6", "10": "-", "11": "-0.36", "12": "-0.36", "13": "-", "14": "-", "15": "-2.26", "16": "-2.26"}}}, "balance_sheet": {"annual": {"Year": {"1": "Cash & Equivalents", "2": "Cash & Cash Equivalents", "3": "Cash Growth", "4": "Other Current Assets", "5": "Total Current Assets", "6": "Long-Term Investments", "7": "Other Long-Term Assets", "8": "Total Long-Term Assets", "9": "Total Assets", "10": "Accounts Payable", "11": "Other Current Liabilities", "12": "Total Current Liabilities", "13": "Other Long-Term Liabilities", "14": "Total Long-Term Liabilities", "15": "Total Liabilities", "16": "Common Stock", "17": "Retained Earnings", "18": "Shareholders' Equity", "19": "Total Liabilities and Equity", "20": "Net Cash / Debt", "21": "Net Cash / Debt Growth", "22": "Net Cash Per Share", "23": "Working Capital", "24": "Book Value Per Share"}, "2022": {"1": "0.73", "2": "0.73", "3": "-65.78%", "4": "0.19", "5": "0.92", "6": "286.58", "7": "0", "8": "286.58", "9": "287.5", "10": "0.05", "11": "1.21", "12": "1.27", "13": "10.37", "14": "10.37", "15": "11.64", "16": "0", "17": "-10.72", "18": "-10.72", "19": "0.92", "20": "0.73", "21": "-65.78%", "22": "0.02", "23": "-0.35", "24": "-0.30"}, "2021": {"1": "2.12", "2": "2.12", "3": "-", "4": "0.34", "5": "2.46", "6": "282.51", "7": "0.19", "8": "282.7", "9": "285.17", "10": "0.1", "11": "0.09", "12": "0.19", "13": "18.16", "14": "18.16", "15": "18.36", "16": "0", "17": "-15.7", "18": "-15.7", "19": "2.66", "20": "2.12", "21": "-", "22": "0.10", "23": "2.27", "24": "-0.78"}}, "quarterly": {"Metrics": {"1": "Cash & Equivalents", "2": "Cash & Cash Equivalents", "3": "Cash Growth", "4": "Other Current Assets", "5": "Total Current Assets", "6": "Long-Term Investments", "7": "Other Long-Term Assets", "8": "Total Long-Term Assets", "9": "Total Assets", "10": "Accounts Payable", "11": "Current Debt", "12": "Other Current Liabilities", "13": "Total Current Liabilities", "14": "Other Long-Term Liabilities", "15": "Total Long-Term Liabilities", "16": "Total Liabilities", "17": "Total Debt", "18": "Common Stock", "19": "Retained Earnings", "20": "Shareholders' Equity", "21": "Total Liabilities and Equity", "22": "Net Cash / Debt", "23": "Net Cash / Debt Growth", "24": "Net Cash Per Share", "25": "Working Capital", "26": "Book Value Per Share"}, "2022-12-31": {"1": "0.73", "2": "0.73", "3": "-65.78%", "4": "0.19", "5": "0.92", "6": "286.58", "7": "0", "8": "286.58", "9": "287.5", "10": "0.05", "11": "0", "12": "1.21", "13": "1.27", "14": "10.37", "15": "10.37", "16": "11.64", "17": "0", "18": "0", "19": "-10.72", "20": "-10.72", "21": "0.92", "22": "0.73", "23": "-65.78%", "24": "0.02", "25": "-0.35", "26": "-0.30"}, "2022-09-30": {"1": "1", "2": "1", "3": "-57.59%", "4": "0.29", "5": "1.3", "6": "284.19", "7": "0", "8": "284.19", "9": "285.49", "10": "0.04", "11": "0", "12": "0.65", "13": "0.7", "14": "11.21", "15": "11.21", "16": "11.91", "17": "0", "18": "0", "19": "-10.61", "20": "-10.61", "21": "1.3", "22": "1", "23": "-57.59%", "24": "0.03", "25": "0.6", "26": "-0.29"}, "2022-06-30": {"1": "1.39", "2": "1.39", "3": "178.58%", "4": "0.37", "5": "1.76", "6": "282.92", "7": "0.03", "8": "282.94", "9": "284.7", "10": "0.04", "11": "0", "12": "0.49", "13": "0.52", "14": "11.15", "15": "11.15", "16": "11.67", "17": "0", "18": "0", "19": "-9.88", "20": "-9.88", "21": "1.79", "22": "1.39", "23": "-", "24": "0.04", "25": "1.24", "26": "-0.27"}, "2022-03-31": {"1": "1.74", "2": "1.74", "3": "247.54%", "4": "0.38", "5": "2.12", "6": "282.54", "7": "0.11", "8": "282.65", "9": "284.77", "10": "0.08", "11": "0", "12": "0.32", "13": "0.39", "14": "14.35", "15": "14.35", "16": "14.74", "17": "0", "18": "0", "19": "-12.51", "20": "-12.51", "21": "2.23", "22": "1.74", "23": "-", "24": "0.05", "25": "1.73", "26": "-0.35"}, "2021-12-31": {"1": "2.12", "2": "2.12", "3": "-", "4": "0.34", "5": "2.46", "6": "282.51", "7": "0.19", "8": "282.7", "9": "285.17", "10": "0.1", "11": "0", "12": "0.09", "13": "0.19", "14": "18.16", "15": "18.16", "16": "18.36", "17": "0", "18": "0", "19": "-15.7", "20": "-15.7", "21": "2.66", "22": "2.12", "23": "-", "24": "0.10", "25": "2.27", "26": "-0.78"}, "2021-09-30": {"1": "2.37", "2": "2.37", "3": "-", "4": "0.37", "5": "2.74", "6": "282.5", "7": "0.28", "8": "282.78", "9": "285.52", "10": "0.01", "11": "0", "12": "0.07", "13": "0.08", "14": "17.97", "15": "17.97", "16": "18.06", "17": "0", "18": "0", "19": "-15.04", "20": "-15.04", "21": "3.02", "22": "2.37", "23": "-", "24": "0.09", "25": "2.66", "26": "-0.57"}, "2021-06-30": {"1": "0.5", "2": "0.5", "3": "-", "4": "-", "5": "-", "6": "-", "7": "-", "8": "-", "9": "1.04", "10": "0", "11": "0.65", "12": "0.37", "13": "1.02", "14": "2.04", "15": "2.04", "16": "3.06", "17": "0.65", "18": "0.02", "19": "-2.04", "20": "-2.02", "21": "1.04", "22": "-0.15", "23": "-", "24": "-0.02", "25": "-", "26": "-0.32"}, "2021-03-31": {"1": "0.5", "2": "0.5", "3": "-", "4": "-", "5": "-", "6": "-", "7": "-", "8": "-", "9": "0.95", "10": "0", "11": "0.62", "12": "0.31", "13": "0.93", "14": "2.25", "15": "2.25", "16": "3.19", "17": "0.62", "18": "0.02", "19": "-2.26", "20": "-2.24", "21": "0.95", "22": "-0.12", "23": "-", "24": "-0.02", "25": "-", "26": "-0.36"}}}, "cash_flow_statement": {"annual": {"Year": {"1": "Net Income", "2": "Other Operating Activities", "3": "Operating Cash Flow", "4": "Change in Investments", "5": "Investing Cash Flow", "6": "Share Issuance / Repurchase", "7": "Debt Issued / Paid", "8": "Other Financing Activities", "9": "Financing Cash Flow", "10": "Net Cash Flow", "11": "Free Cash Flow", "12": "Free Cash Flow Per Share"}, "2022": {"1": "9.06", "2": "-10.45", "3": "-1.4", "4": "0", "5": "0", "6": "0", "7": "0", "8": "-", "9": "0", "10": "-1.4", "11": "-1.4", "12": "-0.04"}, "2021": {"1": "0.48", "2": "-1.59", "3": "-1.1", "4": "-282.5", "5": "-282.5", "6": "286.69", "7": "0", "8": "-0.97", "9": "285.73", "10": "2.12", "11": "-1.1", "12": "-0.06"}}, "quarterly": {"Metrics": {"1": "Net Income", "2": "Other Operating Activities", "3": "Operating Cash Flow", "4": "Share Issuance / Repurchase", "5": "Debt Issued / Paid", "6": "Other Financing Activities", "7": "Financing Cash Flow", "8": "Net Cash Flow", "9": "Free Cash Flow", "10": "Free Cash Flow Per Share"}, "2022-12-31": {"1": "2.29", "2": "-2.56", "3": "-0.28", "4": "0", "5": "0", "6": "-", "7": "0", "8": "-0.28", "9": "-0.28", "10": "-0.01"}, "2022-09-30": {"1": "0.54", "2": "-0.93", "3": "-0.39", "4": "0", "5": "0", "6": "-", "7": "0", "8": "-0.39", "9": "-0.39", "10": "-0.01"}, "2022-06-30": {"1": "3.01", "2": "-3.36", "3": "-0.35", "4": "0", "5": "0", "6": "-", "7": "0", "8": "-0.35", "9": "-0.35", "10": "-0.01"}, "2022-03-31": {"1": "3.22", "2": "-3.6", "3": "-0.38", "4": "0", "5": "0", "6": "-", "7": "0", "8": "-0.38", "9": "-0.38", "10": "-0.01"}, "2021-12-31": {"1": "-0.49", "2": "0.24", "3": "-0.26", "4": "0.03", "5": "0.18", "6": "-0.19", "7": "0.01", "8": "-0.24", "9": "-0.26", "10": "-0.01"}, "2021-09-30": {"1": "3.01", "2": "-3.86", "3": "-0.85", "4": "286.67", "5": "-0.68", "6": "-0.78", "7": "285.22", "8": "1.87", "9": "-0.85", "10": "-0.03"}, "2021-06-30": {"1": "0.22", "2": "-0.22", "3": "0", "4": "0", "5": "-0", "6": "-", "7": "-0", "8": "-0", "9": "0", "10": "-"}}}, "ratios": {"annual": {"Year": {"1": "Market Capitalization", "2": "Market Cap Growth", "3": "Enterprise Value", "4": "PE Ratio", "5": "PB Ratio", "6": "P/FCF Ratio", "7": "P/OCF Ratio", "8": "EV/EBITDA Ratio", "9": "EV/EBIT Ratio", "10": "EV/FCF Ratio", "11": "Current Ratio", "12": "Return on Equity (ROE)", "13": "Return on Assets (ROA)", "14": "Return on Capital (ROIC)", "15": "Earnings Yield", "16": "FCF Yield", "17": "Buyback Yield / Dilution", "18": "Total Shareholder Return"}, "Current": {"1": "372", "2": "-", "3": "371", "4": "41.16", "5": "-33.86", "6": "-259.68", "7": "-259.68", "8": "40.99", "9": "40.99", "10": "-259.16", "11": "0.73", "12": "-82.80%", "13": "3.20%", "14": "3.20%", "15": "2.43%", "16": "-0.38%", "17": "-78.46%", "18": "-78.46%"}, "2022": {"1": "363", "2": "3.40%", "3": "362", "4": "40.07", "5": "-33.86", "6": "-259.68", "7": "-259.68", "8": "39.99", "9": "39.99", "10": "-259.16", "11": "0.73", "12": "-82.80%", "13": "3.20%", "14": "3.20%", "15": "2.50%", "16": "-0.39%", "17": "-78.46%", "18": "-78.46%"}, "2021": {"1": "351", "2": "-", "3": "349", "4": "727.52", "5": "-22.35", "6": "-318.07", "7": "-318.07", "8": "723.11", "9": "723.11", "10": "-316.14", "11": "12.75", "12": "-5.50%", "13": "0.30%", "14": "0.30%", "15": "0.14%", "16": "-0.31%", "17": "-", "18": "-"}}, "quarterly": {"Metrics": {"1": "Market Capitalization", "2": "Market Cap Growth", "3": "Enterprise Value", "4": "PE Ratio", "5": "PB Ratio", "6": "Debt / Equity Ratio", "7": "Current Ratio", "8": "Buyback Yield / Dilution", "9": "Total Shareholder Return"}, "Current": {"1": "372", "2": "-", "3": "371", "4": "41.16", "5": "-33.86", "6": "-", "7": "0.73", "8": "-78.46%", "9": "-78.46%"}, "2022-12-31": {"1": "363", "2": "3.40%", "3": "362", "4": "40.07", "5": "-33.86", "6": "-", "7": "0.73", "8": "-78.46%", "9": "-78.46%"}, "2022-09-30": {"1": "355", "2": "0.91%", "3": "354", "4": "56.48", "5": "-33.41", "6": "-", "7": "1.86", "8": "-38.35%", "9": "-38.35%"}, "2022-06-30": {"1": "350", "2": "-", "3": "349", "4": "40.03", "5": "-35.44", "6": "-", "7": "3.38", "8": "-478.84%", "9": "-478.84%"}, "2022-03-31": {"1": "350", "2": "-", "3": "349", "4": "58.85", "5": "-28.02", "6": "-", "7": "5.43", "8": "-478.84%", "9": "-478.84%"}, "2021-12-31": {"1": "351", "2": "-", "3": "349", "4": "727.52", "5": "-22.35", "6": "-", "7": "12.75", "8": "-", "9": "-"}, "2021-09-30": {"1": "351", "2": "-", "3": "349", "4": "-", "5": "-23.37", "6": "-", "7": "32.47", "8": "-", "9": "-"}, "2021-06-30": {"1": "-", "2": "-", "3": "0", "4": "-", "5": "-", "6": "-0.32", "7": "-", "8": "-", "9": "-"}, "2021-03-31": {"1": "-", "2": "-", "3": "0", "4": "-", "5": "-", "6": "-0.28", "7": "-", "8": "-", "9": "-"}}}, "stock_price": {"symbol": {"0": "APTM", "1": "APTM", "2": "APTM", "3": "APTM", "4": "APTM", "5": "APTM", "6": "APTM", "7": "APTM", "8": "APTM", "9": "APTM", "10": "APTM", "11": "APTM", "12": "APTM", "13": "APTM", "14": "APTM", "15": "APTM", "16": "APTM", "17": "APTM", "18": "APTM", "19": "APTM", "20": "APTM", "21": "APTM", "22": "APTM", "23": "APTM", "24": "APTM", "25": "APTM", "26": "APTM", "27": "APTM", "28": "APTM", "29": "APTM", "30": "APTM", "31": "APTM", "32": "APTM", "33": "APTM", "34": "APTM", "35": "APTM", "36": "APTM", "37": "APTM", "38": "APTM", "39": "APTM", "40": "APTM", "41": "APTM", "42": "APTM", "43": "APTM", "44": "APTM", "45": "APTM", "46": "APTM", "47": "APTM", "48": "APTM", "49": "APTM", "50": "APTM", "51": "APTM", "52": "APTM", "53": "APTM", "54": "APTM", "55": "APTM", "56": "APTM", "57": "APTM", "58": "APTM", "59": "APTM", "60": "APTM", "61": "APTM", "62": "APTM", "63": "APTM", "64": "APTM", "65": "APTM", "66": "APTM", "67": "APTM", "68": "APTM", "69": "APTM", "70": "APTM", "71": "APTM", "72": "APTM", "73": "APTM", "74": "APTM", "75": "APTM", "76": "APTM", "77": "APTM", "78": "APTM", "79": "APTM", "80": "APTM", "81": "APTM", "82": "APTM", "83": "APTM", "84": "APTM", "85": "APTM", "86": "APTM", "87": "APTM", "88": "APTM", "89": "APTM", "90": "APTM", "91": "APTM", "92": "APTM", "93": "APTM", "94": "APTM", "95": "APTM", "96": "APTM", "97": "APTM", "98": "APTM", "99": "APTM", "100": "APTM", "101": "APTM", "102": "APTM", "103": "APTM", "104": "APTM", "105": "APTM", "106": "APTM", "107": "APTM", "108": "APTM", "109": "APTM", "110": "APTM", "111": "APTM", "112": "APTM", "113": "APTM", "114": "APTM", "115": "APTM", "116": "APTM", "117": "APTM", "118": "APTM", "119": "APTM", "120": "APTM", "121": "APTM", "122": "APTM", "123": "APTM", "124": "APTM", "125": "APTM", "126": "APTM", "127": "APTM", "128": "APTM", "129": "APTM", "130": "APTM", "131": "APTM", "132": "APTM", "133": "APTM", "134": "APTM", "135": "APTM", "136": "APTM", "137": "APTM", "138": "APTM", "139": "APTM", "140": "APTM", "141": "APTM", "142": "APTM", "143": "APTM", "144": "APTM", "145": "APTM", "146": "APTM", "147": "APTM", "148": "APTM", "149": "APTM", "150": "APTM", "151": "APTM", "152": "APTM", "153": "APTM", "154": "APTM", "155": "APTM", "156": "APTM", "157": "APTM", "158": "APTM", "159": "APTM", "160": "APTM", "161": "APTM", "162": "APTM", "163": "APTM", "164": "APTM", "165": "APTM", "166": "APTM", "167": "APTM", "168": "APTM", "169": "APTM", "170": "APTM", "171": "APTM", "172": "APTM", "173": "APTM", "174": "APTM", "175": "APTM", "176": "APTM", "177": "APTM", "178": "APTM", "179": "APTM", "180": "APTM", "181": "APTM", "182": "APTM", "183": "APTM", "184": "APTM", "185": "APTM", "186": "APTM", "187": "APTM", "188": "APTM", "189": "APTM", "190": "APTM", "191": "APTM", "192": "APTM", "193": "APTM", "194": "APTM", "195": "APTM", "196": "APTM", "197": "APTM", "198": "APTM", "199": "APTM", "200": "APTM", "201": "APTM", "202": "APTM", "203": "APTM", "204": "APTM", "205": "APTM", "206": "APTM", "207": "APTM", "208": "APTM", "209": "APTM", "210": "APTM", "211": "APTM", "212": "APTM", "213": "APTM", "214": "APTM", "215": "APTM", "216": "APTM", "217": "APTM", "218": "APTM", "219": "APTM", "220": "APTM", "221": "APTM", "222": "APTM", "223": "APTM", "224": "APTM", "225": "APTM", "226": "APTM", "227": "APTM", "228": "APTM", "229": "APTM", "230": "APTM", "231": "APTM", "232": "APTM", "233": "APTM", "234": "APTM", "235": "APTM", "236": "APTM", "237": "APTM", "238": "APTM", "239": "APTM", "240": "APTM", "241": "APTM", "242": "APTM", "243": "APTM", "244": "APTM", "245": "APTM", "246": "APTM", "247": "APTM", "248": "APTM", "249": "APTM", "250": "APTM", "251": "APTM", "252": "APTM", "253": "APTM", "254": "APTM", "255": "APTM", "256": "APTM", "257": "APTM", "258": "APTM", "259": "APTM", "260": "APTM", "261": "APTM", "262": "APTM", "263": "APTM", "264": "APTM", "265": "APTM", "266": "APTM", "267": "APTM", "268": "APTM", "269": "APTM", "270": "APTM", "271": "APTM", "272": "APTM", "273": "APTM", "274": "APTM", "275": "APTM", "276": "APTM", "277": "APTM", "278": "APTM", "279": "APTM", "280": "APTM", "281": "APTM", "282": "APTM", "283": "APTM", "284": "APTM", "285": "APTM", "286": "APTM", "287": "APTM", "288": "APTM", "289": "APTM", "290": "APTM", "291": "APTM", "292": "APTM", "293": "APTM", "294": "APTM", "295": "APTM", "296": "APTM", "297": "APTM", "298": "APTM", "299": "APTM", "300": "APTM", "301": "APTM", "302": "APTM", "303": "APTM", "304": "APTM", "305": "APTM", "306": "APTM", "307": "APTM", "308": "APTM", "309": "APTM", "310": "APTM", "311": "APTM", "312": "APTM", "313": "APTM", "314": "APTM", "315": "APTM", "316": "APTM", "317": "APTM", "318": "APTM", "319": "APTM", "320": "APTM", "321": "APTM", "322": "APTM", "323": "APTM", "324": "APTM", "325": "APTM", "326": "APTM", "327": "APTM", "328": "APTM", "329": "APTM", "330": "APTM", "331": "APTM", "332": "APTM", "333": "APTM", "334": "APTM", "335": "APTM", "336": "APTM", "337": "APTM", "338": "APTM", "339": "APTM", "340": "APTM", "341": "APTM", "342": "APTM", "343": "APTM", "344": "APTM", "345": "APTM", "346": "APTM", "347": "APTM", "348": "APTM", "349": "APTM", "350": "APTM", "351": "APTM", "352": "APTM", "353": "APTM", "354": "APTM", "355": "APTM", "356": "APTM", "357": "APTM", "358": "APTM", "359": "APTM", "360": "APTM", "361": "APTM", "362": "APTM", "363": "APTM", "364": "APTM", "365": "APTM", "366": "APTM", "367": "APTM", "368": "APTM", "369": "APTM", "370": "APTM", "371": "APTM", "372": "APTM", "373": "APTM", "374": "APTM", "375": "APTM", "376": "APTM", "377": "APTM", "378": "APTM", "379": "APTM", "380": "APTM", "381": "APTM", "382": "APTM", "383": "APTM", "384": "APTM", "385": "APTM", "386": "APTM", "387": "APTM", "388": "APTM", "389": "APTM", "390": "APTM", "391": "APTM", "392": "APTM", "393": "APTM", "394": "APTM", "395": "APTM", "396": "APTM", "397": "APTM", "398": "APTM", "399": "APTM", "400": "APTM", "401": "APTM", "402": "APTM", "403": "APTM", "404": "APTM", "405": "APTM", "406": "APTM", "407": "APTM", "408": "APTM", "409": "APTM", "410": "APTM", "411": "APTM", "412": "APTM", "413": "APTM", "414": "APTM", "415": "APTM", "416": "APTM", "417": "APTM", "418": "APTM", "419": "APTM", "420": "APTM", "421": "APTM", "422": "APTM", "423": "APTM", "424": "APTM", "425": "APTM", "426": "APTM", "427": "APTM", "428": "APTM", "429": "APTM", "430": "APTM", "431": "APTM", "432": "APTM", "433": "APTM", "434": "APTM", "435": "APTM", "436": "APTM", "437": "APTM", "438": "APTM", "439": "APTM", "440": "APTM", "441": "APTM", "442": "APTM"}, "date": {"0": "2021-09-23", "1": "2021-09-24", "2": "2021-09-27", "3": "2021-09-28", "4": "2021-09-29", "5": "2021-09-30", "6": "2021-10-01", "7": "2021-10-04", "8": "2021-10-05", "9": "2021-10-06", "10": "2021-10-07", "11": "2021-10-08", "12": "2021-10-11", "13": "2021-10-12", "14": "2021-10-13", "15": "2021-10-14", "16": "2021-10-15", "17": "2021-10-18", "18": "2021-10-19", "19": "2021-10-20", "20": "2021-10-21", "21": "2021-10-22", "22": "2021-10-25", "23": "2021-10-26", "24": "2021-10-27", "25": "2021-10-28", "26": "2021-10-29", "27": "2021-11-01", "28": "2021-11-02", "29": "2021-11-03", "30": "2021-11-04", "31": "2021-11-05", "32": "2021-11-08", "33": "2021-11-09", "34": "2021-11-10", "35": "2021-11-11", "36": "2021-11-12", "37": "2021-11-15", "38": "2021-11-16", "39": "2021-11-17", "40": "2021-11-18", "41": "2021-11-19", "42": "2021-11-22", "43": "2021-11-23", "44": "2021-11-24", "45": "2021-11-26", "46": "2021-11-29", "47": "2021-11-30", "48": "2021-12-01", "49": "2021-12-02", "50": "2021-12-03", "51": "2021-12-06", "52": "2021-12-07", "53": "2021-12-08", "54": "2021-12-09", "55": "2021-12-10", "56": "2021-12-13", "57": "2021-12-14", "58": "2021-12-15", "59": "2021-12-16", "60": "2021-12-17", "61": "2021-12-20", "62": "2021-12-21", "63": "2021-12-22", "64": "2021-12-23", "65": "2021-12-27", "66": "2021-12-28", "67": "2021-12-29", "68": "2021-12-30", "69": "2021-12-31", "70": "2022-01-03", "71": "2022-01-04", "72": "2022-01-05", "73": "2022-01-06", "74": "2022-01-07", "75": "2022-01-10", "76": "2022-01-11", "77": "2022-01-12", "78": "2022-01-13", "79": "2022-01-14", "80": "2022-01-18", "81": "2022-01-19", "82": "2022-01-20", "83": "2022-01-21", "84": "2022-01-24", "85": "2022-01-25", "86": "2022-01-26", "87": "2022-01-27", "88": "2022-01-28", "89": "2022-01-31", "90": "2022-02-01", "91": "2022-02-02", "92": "2022-02-03", "93": "2022-02-04", "94": "2022-02-07", "95": "2022-02-08", "96": "2022-02-09", "97": "2022-02-10", "98": "2022-02-11", "99": "2022-02-14", "100": "2022-02-15", "101": "2022-02-16", "102": "2022-02-17", "103": "2022-02-18", "104": "2022-02-22", "105": "2022-02-23", "106": "2022-02-24", "107": "2022-02-25", "108": "2022-02-28", "109": "2022-03-01", "110": "2022-03-02", "111": "2022-03-03", "112": "2022-03-04", "113": "2022-03-07", "114": "2022-03-08", "115": "2022-03-09", "116": "2022-03-10", "117": "2022-03-11", "118": "2022-03-14", "119": "2022-03-15", "120": "2022-03-16", "121": "2022-03-17", "122": "2022-03-18", "123": "2022-03-21", "124": "2022-03-22", "125": "2022-03-23", "126": "2022-03-24", "127": "2022-03-25", "128": "2022-03-28", "129": "2022-03-29", "130": "2022-03-30", "131": "2022-03-31", "132": "2022-04-01", "133": "2022-04-04", "134": "2022-04-05", "135": "2022-04-06", "136": "2022-04-07", "137": "2022-04-08", "138": "2022-04-11", "139": "2022-04-12", "140": "2022-04-13", "141": "2022-04-14", "142": "2022-04-18", "143": "2022-04-19", "144": "2022-04-20", "145": "2022-04-21", "146": "2022-04-22", "147": "2022-04-25", "148": "2022-04-26", "149": "2022-04-27", "150": "2022-04-28", "151": "2022-04-29", "152": "2022-05-02", "153": "2022-05-03", "154": "2022-05-04", "155": "2022-05-05", "156": "2022-05-06", "157": "2022-05-09", "158": "2022-05-10", "159": "2022-05-11", "160": "2022-05-12", "161": "2022-05-13", "162": "2022-05-16", "163": "2022-05-17", "164": "2022-05-18", "165": "2022-05-19", "166": "2022-05-20", "167": "2022-05-23", "168": "2022-05-24", "169": "2022-05-25", "170": "2022-05-26", "171": "2022-05-27", "172": "2022-05-31", "173": "2022-06-01", "174": "2022-06-02", "175": "2022-06-03", "176": "2022-06-06", "177": "2022-06-07", "178": "2022-06-08", "179": "2022-06-09", "180": "2022-06-10", "181": "2022-06-13", "182": "2022-06-14", "183": "2022-06-15", "184": "2022-06-16", "185": "2022-06-17", "186": "2022-06-21", "187": "2022-06-22", "188": "2022-06-23", "189": "2022-06-24", "190": "2022-06-27", "191": "2022-06-28", "192": "2022-06-29", "193": "2022-06-30", "194": "2022-07-01", "195": "2022-07-05", "196": "2022-07-06", "197": "2022-07-07", "198": "2022-07-08", "199": "2022-07-11", "200": "2022-07-12", "201": "2022-07-13", "202": "2022-07-14", "203": "2022-07-15", "204": "2022-07-18", "205": "2022-07-19", "206": "2022-07-20", "207": "2022-07-21", "208": "2022-07-22", "209": "2022-07-25", "210": "2022-07-26", "211": "2022-07-27", "212": "2022-07-28", "213": "2022-07-29", "214": "2022-08-01", "215": "2022-08-02", "216": "2022-08-03", "217": "2022-08-04", "218": "2022-08-05", "219": "2022-08-08", "220": "2022-08-09", "221": "2022-08-10", "222": "2022-08-11", "223": "2022-08-12", "224": "2022-08-15", "225": "2022-08-16", "226": "2022-08-17", "227": "2022-08-18", "228": "2022-08-19", "229": "2022-08-22", "230": "2022-08-23", "231": "2022-08-24", "232": "2022-08-25", "233": "2022-08-26", "234": "2022-08-29", "235": "2022-08-30", "236": "2022-08-31", "237": "2022-09-01", "238": "2022-09-02", "239": "2022-09-06", "240": "2022-09-07", "241": "2022-09-08", "242": "2022-09-09", "243": "2022-09-12", "244": "2022-09-13", "245": "2022-09-14", "246": "2022-09-15", "247": "2022-09-16", "248": "2022-09-19", "249": "2022-09-20", "250": "2022-09-21", "251": "2022-09-22", "252": "2022-09-23", "253": "2022-09-26", "254": "2022-09-27", "255": "2022-09-28", "256": "2022-09-29", "257": "2022-09-30", "258": "2022-10-03", "259": "2022-10-04", "260": "2022-10-05", "261": "2022-10-06", "262": "2022-10-07", "263": "2022-10-10", "264": "2022-10-11", "265": "2022-10-12", "266": "2022-10-13", "267": "2022-10-14", "268": "2022-10-17", "269": "2022-10-18", "270": "2022-10-19", "271": "2022-10-20", "272": "2022-10-21", "273": "2022-10-24", "274": "2022-10-25", "275": "2022-10-26", "276": "2022-10-27", "277": "2022-10-28", "278": "2022-10-31", "279": "2022-11-01", "280": "2022-11-02", "281": "2022-11-03", "282": "2022-11-04", "283": "2022-11-07", "284": "2022-11-08", "285": "2022-11-09", "286": "2022-11-10", "287": "2022-11-11", "288": "2022-11-14", "289": "2022-11-15", "290": "2022-11-16", "291": "2022-11-17", "292": "2022-11-18", "293": "2022-11-21", "294": "2022-11-22", "295": "2022-11-23", "296": "2022-11-25", "297": "2022-11-28", "298": "2022-11-29", "299": "2022-11-30", "300": "2022-12-01", "301": "2022-12-02", "302": "2022-12-05", "303": "2022-12-06", "304": "2022-12-07", "305": "2022-12-08", "306": "2022-12-09", "307": "2022-12-12", "308": "2022-12-13", "309": "2022-12-14", "310": "2022-12-15", "311": "2022-12-16", "312": "2022-12-19", "313": "2022-12-20", "314": "2022-12-21", "315": "2022-12-22", "316": "2022-12-23", "317": "2022-12-27", "318": "2022-12-28", "319": "2022-12-29", "320": "2022-12-30", "321": "2023-01-03", "322": "2023-01-04", "323": "2023-01-05", "324": "2023-01-06", "325": "2023-01-09", "326": "2023-01-10", "327": "2023-01-11", "328": "2023-01-12", "329": "2023-01-13", "330": "2023-01-17", "331": "2023-01-18", "332": "2023-01-19", "333": "2023-01-20", "334": "2023-01-23", "335": "2023-01-24", "336": "2023-01-25", "337": "2023-01-26", "338": "2023-01-27", "339": "2023-01-30", "340": "2023-01-31", "341": "2023-02-01", "342": "2023-02-02", "343": "2023-02-03", "344": "2023-02-06", "345": "2023-02-07", "346": "2023-02-08", "347": "2023-02-09", "348": "2023-02-10", "349": "2023-02-13", "350": "2023-02-14", "351": "2023-02-15", "352": "2023-02-16", "353": "2023-02-17", "354": "2023-02-21", "355": "2023-02-22", "356": "2023-02-23", "357": "2023-02-24", "358": "2023-02-27", "359": "2023-02-28", "360": "2023-03-01", "361": "2023-03-02", "362": "2023-03-03", "363": "2023-03-06", "364": "2023-03-07", "365": "2023-03-08", "366": "2023-03-09", "367": "2023-03-10", "368": "2023-03-13", "369": "2023-03-14", "370": "2023-03-15", "371": "2023-03-16", "372": "2023-03-17", "373": "2023-03-20", "374": "2023-03-21", "375": "2023-03-22", "376": "2023-03-23", "377": "2023-03-24", "378": "2023-03-27", "379": "2023-03-28", "380": "2023-03-29", "381": "2023-03-30", "382": "2023-03-31", "383": "2023-04-03", "384": "2023-04-04", "385": "2023-04-05", "386": "2023-04-06", "387": "2023-04-10", "388": "2023-04-11", "389": "2023-04-12", "390": "2023-04-13", "391": "2023-04-14", "392": "2023-04-17", "393": "2023-04-18", "394": "2023-04-19", "395": "2023-04-20", "396": "2023-04-21", "397": "2023-04-24", "398": "2023-04-25", "399": "2023-04-26", "400": "2023-04-27", "401": "2023-04-28", "402": "2023-05-01", "403": "2023-05-02", "404": "2023-05-03", "405": "2023-05-04", "406": "2023-05-05", "407": "2023-05-08", "408": "2023-05-09", "409": "2023-05-10", "410": "2023-05-11", "411": "2023-05-12", "412": "2023-05-15", "413": "2023-05-16", "414": "2023-05-17", "415": "2023-05-18", "416": "2023-05-19", "417": "2023-05-22", "418": "2023-05-23", "419": "2023-05-24", "420": "2023-05-25", "421": "2023-05-26", "422": "2023-05-30", "423": "2023-05-31", "424": "2023-06-01", "425": "2023-06-02", "426": "2023-06-05", "427": "2023-06-06", "428": "2023-06-07", "429": "2023-06-08", "430": "2023-06-09", "431": "2023-06-12", "432": "2023-06-13", "433": "2023-06-14", "434": "2023-06-15", "435": "2023-06-16", "436": "2023-06-20", "437": "2023-06-21", "438": "2023-06-22", "439": "2023-06-23", "440": "2023-06-26", "441": "2023-06-27", "442": "2023-06-28"}, "open": {"0": 9.630000114440918, "1": 9.880000114440918, "2": 9.649999618530273, "3": 9.640000343322754, "4": 9.65999984741211, "5": 9.680000305175781, "6": 9.680000305175781, "7": 9.6899995803833, "8": 9.720000267028809, "9": 9.670000076293945, "10": 9.699999809265137, "11": 9.720000267028809, "12": 9.720000267028809, "13": 9.739999771118164, "14": 9.739999771118164, "15": 9.739999771118164, "16": 9.739999771118164, "17": 9.739999771118164, "18": 9.739999771118164, "19": 9.739999771118164, "20": 9.739999771118164, "21": 9.739999771118164, "22": 9.739999771118164, "23": 9.6899995803833, "24": 9.670000076293945, "25": 9.680000305175781, "26": 9.670000076293945, "27": 9.670000076293945, "28": 9.680000305175781, "29": 9.65999984741211, "30": 9.670000076293945, "31": 9.670000076293945, "32": 9.680000305175781, "33": 9.699999809265137, "34": 9.680000305175781, "35": 9.694999694824219, "36": 9.739999771118164, "37": 9.729999542236328, "38": 9.680000305175781, "39": 9.6899995803833, "40": 9.710000038146973, "41": 9.670000076293945, "42": 9.6899995803833, "43": 9.699999809265137, "44": 9.710000038146973, "45": 9.699999809265137, "46": 9.710000038146973, "47": 9.720000267028809, "48": 9.739999771118164, "49": 9.710000038146973, "50": 9.692000389099121, "51": 9.680000305175781, "52": 9.699999809265137, "53": 9.680000305175781, "54": 9.699999809265137, "55": 9.699999809265137, "56": 9.699999809265137, "57": 9.710000038146973, "58": 9.699999809265137, "59": 9.699999809265137, "60": 9.699999809265137, "61": 9.699999809265137, "62": 9.720000267028809, "63": 9.699999809265137, "64": 9.699999809265137, "65": 9.699999809265137, "66": 9.699999809265137, "67": 9.699999809265137, "68": 9.699999809265137, "69": 9.699999809265137, "70": 9.6899995803833, "71": 9.6899995803833, "72": 9.729999542236328, "73": 9.729999542236328, "74": 9.729999542236328, "75": 9.6899995803833, "76": 9.6899995803833, "77": 9.6899995803833, "78": 9.6899995803833, "79": 9.6899995803833, "80": 9.6899995803833, "81": 9.706000328063965, "82": 9.729999542236328, "83": 9.630999565124512, "84": 9.630000114440918, "85": 9.619999885559082, "86": 9.619999885559082, "87": 9.600000381469727, "88": 9.600000381469727, "89": 9.670000076293945, "90": 9.65999984741211, "91": 9.729999542236328, "92": 9.729999542236328, "93": 9.640000343322754, "94": 9.680000305175781, "95": 9.680000305175781, "96": 9.680000305175781, "97": 9.680000305175781, "98": 9.680000305175781, "99": 9.680000305175781, "100": 9.680000305175781, "101": 9.619999885559082, "102": 9.609999656677246, "103": 9.619999885559082, "104": 9.640000343322754, "105": 9.640000343322754, "106": 9.640000343322754, "107": 9.625, "108": 9.625, "109": 9.619999885559082, "110": 9.640000343322754, "111": 9.630000114440918, "112": 9.630000114440918, "113": 9.640000343322754, "114": 9.640000343322754, "115": 9.649999618530273, "116": 9.649999618530273, "117": 9.649999618530273, "118": 9.649999618530273, "119": 9.649999618530273, "120": 9.649999618530273, "121": 9.649999618530273, "122": 9.649999618530273, "123": 9.649999618530273, "124": 9.680000305175781, "125": 9.680000305175781, "126": 9.680000305175781, "127": 9.680000305175781, "128": 9.65999984741211, "129": 9.6899995803833, "130": 9.6899995803833, "131": 9.687999725341797, "132": 9.6899995803833, "133": 9.699999809265137, "134": 9.699999809265137, "135": 9.670000076293945, "136": 9.670000076293945, "137": 9.670000076293945, "138": 9.670000076293945, "139": 9.670000076293945, "140": 9.670000076293945, "141": 9.699999809265137, "142": 9.710000038146973, "143": 9.71500015258789, "144": 9.720000267028809, "145": 9.710000038146973, "146": 9.699999809265137, "147": 9.729999542236328, "148": 9.729999542236328, "149": 9.729999542236328, "150": 9.729999542236328, "151": 9.710000038146973, "152": 9.739999771118164, "153": 9.710000038146973, "154": 9.720000267028809, "155": 9.720000267028809, "156": 9.710000038146973, "157": 9.699999809265137, "158": 9.6899995803833, "159": 9.6899995803833, "160": 9.6899995803833, "161": 9.6899995803833, "162": 9.6899995803833, "163": 9.6899995803833, "164": 9.649999618530273, "165": 9.649999618530273, "166": 9.649999618530273, "167": 9.649999618530273, "168": 9.649999618530273, "169": 9.65999984741211, "170": 9.65999984741211, "171": 9.65999984741211, "172": 9.65999984741211, "173": 9.65999984741211, "174": 9.65999984741211, "175": 9.65999984741211, "176": 9.65999984741211, "177": 9.65999984741211, "178": 9.680000305175781, "179": 9.699999809265137, "180": 9.699999809265137, "181": 9.699999809265137, "182": 9.6899995803833, "183": 9.6899995803833, "184": 9.6899995803833, "185": 9.6899995803833, "186": 9.704999923706055, "187": 9.6899995803833, "188": 9.680000305175781, "189": 9.680000305175781, "190": 9.680000305175781, "191": 9.680000305175781, "192": 9.680000305175781, "193": 9.680000305175781, "194": 9.680000305175781, "195": 9.680000305175781, "196": 9.699999809265137, "197": 9.680000305175781, "198": 9.699999809265137, "199": 9.699999809265137, "200": 9.699999809265137, "201": 9.71500015258789, "202": 9.71500015258789, "203": 9.720000267028809, "204": 9.729999542236328, "205": 9.71500015258789, "206": 9.725000381469727, "207": 9.729999542236328, "208": 9.729999542236328, "209": 9.729999542236328, "210": 9.729999542236328, "211": 9.729999542236328, "212": 9.729999542236328, "213": 9.729999542236328, "214": 9.75, "215": 9.739999771118164, "216": 9.75, "217": 9.75, "218": 9.734999656677246, "219": 9.739999771118164, "220": 9.739999771118164, "221": 9.729999542236328, "222": 9.739999771118164, "223": 9.741999626159668, "224": 9.739999771118164, "225": 9.739999771118164, "226": 9.739999771118164, "227": 9.739999771118164, "228": 9.739999771118164, "229": 9.760000228881836, "230": 9.739999771118164, "231": 9.760000228881836, "232": 9.760000228881836, "233": 9.760000228881836, "234": 9.75, "235": 9.729999542236328, "236": 9.729999542236328, "237": 9.760000228881836, "238": 9.760000228881836, "239": 9.75, "240": 9.760000228881836, "241": 9.765000343322754, "242": 9.789999961853027, "243": 9.789999961853027, "244": 9.789999961853027, "245": 9.789999961853027, "246": 9.770000457763672, "247": 9.789999961853027, "248": 9.800000190734863, "249": 9.770000457763672, "250": 9.789999961853027, "251": 9.789999961853027, "252": 9.824999809265137, "253": 9.779999732971191, "254": 9.779999732971191, "255": 9.779999732971191, "256": 9.789999961853027, "257": 9.819999694824219, "258": 9.8100004196167, "259": 9.8100004196167, "260": 9.819999694824219, "261": 9.84000015258789, "262": 9.800000190734863, "263": 9.829999923706055, "264": 9.829999923706055, "265": 9.829999923706055, "266": 9.850000381469727, "267": 9.84000015258789, "268": 9.84000015258789, "269": 9.84000015258789, "270": 9.859999656677246, "271": 9.84000015258789, "272": 9.850000381469727, "273": 9.84000015258789, "274": 9.869999885559082, "275": 9.850000381469727, "276": 9.850000381469727, "277": 9.869999885559082, "278": 9.869999885559082, "279": 9.869999885559082, "280": 9.880000114440918, "281": 9.90999984741211, "282": 9.901000022888184, "283": 9.914999961853027, "284": 9.920000076293945, "285": 9.920000076293945, "286": 9.90999984741211, "287": 9.90999984741211, "288": 9.90999984741211, "289": 9.90999984741211, "290": 9.90999984741211, "291": 9.90999984741211, "292": 9.920000076293945, "293": 9.925000190734863, "294": 9.930000305175781, "295": 9.9399995803833, "296": 9.949999809265137, "297": 9.949999809265137, "298": 9.9399995803833, "299": 9.960000038146973, "300": 9.960000038146973, "301": 9.960000038146973, "302": 9.970000267028809, "303": 9.979999542236328, "304": 9.979999542236328, "305": 9.970000267028809, "306": 9.979999542236328, "307": 9.979999542236328, "308": 9.970000267028809, "309": 9.979999542236328, "310": 9.979999542236328, "311": 9.979999542236328, "312": 9.979999542236328, "313": 10.005000114440918, "314": 10.0, "315": 10.0, "316": 10.010000228881836, "317": 10.010000228881836, "318": 10.029999732971191, "319": 10.029999732971191, "320": 10.149999618530273, "321": 10.079999923706055, "322": 10.479999542236328, "323": 10.039999961853027, "324": 10.199999809265137, "325": 10.069999694824219, "326": 10.079999923706055, "327": 10.079999923706055, "328": 10.074999809265137, "329": 10.100000381469727, "330": 10.069999694824219, "331": 10.100000381469727, "332": 10.100000381469727, "333": 10.100000381469727, "334": 10.079999923706055, "335": 10.09000015258789, "336": 10.09000015258789, "337": 10.109999656677246, "338": 10.100000381469727, "339": 10.104999542236328, "340": 10.104999542236328, "341": 10.100000381469727, "342": 10.100000381469727, "343": 10.100000381469727, "344": 10.119999885559082, "345": 10.119999885559082, "346": 10.119999885559082, "347": 10.119999885559082, "348": 10.119999885559082, "349": 10.119999885559082, "350": 10.119999885559082, "351": 10.140000343322754, "352": 10.145000457763672, "353": 10.149999618530273, "354": 10.154999732971191, "355": 10.15999984741211, "356": 10.15999984741211, "357": 10.170000076293945, "358": 10.170000076293945, "359": 10.15999984741211, "360": 10.170000076293945, "361": 10.239999771118164, "362": 10.187000274658203, "363": 10.170000076293945, "364": 10.1899995803833, "365": 10.180000305175781, "366": 10.180000305175781, "367": 10.180000305175781, "368": 10.180000305175781, "369": 10.1899995803833, "370": 10.199999809265137, "371": 10.170000076293945, "372": 10.170000076293945, "373": 10.399999618530273, "374": 10.279999732971191, "375": 10.279999732971191, "376": 10.234999656677246, "377": 10.244999885559082, "378": 10.75, "379": 10.800000190734863, "380": 10.279999732971191, "381": 10.430000305175781, "382": 10.239999771118164, "383": 10.699999809265137, "384": 10.289999961853027, "385": 10.289999961853027, "386": 10.220000267028809, "387": 10.279999732971191, "388": 10.236000061035156, "389": 10.229999542236328, "390": 10.229999542236328, "391": 10.229999542236328, "392": 10.229999542236328, "393": 10.239999771118164, "394": 10.239999771118164, "395": 10.239999771118164, "396": 10.239999771118164, "397": 10.239999771118164, "398": 10.25, "399": 10.244999885559082, "400": 10.244999885559082, "401": 10.25, "402": 10.75, "403": 10.260000228881836, "404": 10.260000228881836, "405": 10.270000457763672, "406": 10.279999732971191, "407": 10.270000457763672, "408": 10.27299976348877, "409": 10.270000457763672, "410": 10.270000457763672, "411": 10.270000457763672, "412": 10.279999732971191, "413": 10.289999961853027, "414": 10.300000190734863, "415": 10.40999984741211, "416": 10.390000343322754, "417": 10.390000343322754, "418": 10.3100004196167, "419": 10.3100004196167, "420": 10.300000190734863, "421": 10.3100004196167, "422": 10.3100004196167, "423": 10.3100004196167, "424": 10.3100004196167, "425": 10.319999694824219, "426": 10.3100004196167, "427": 10.350000381469727, "428": 10.399999618530273, "429": 10.319999694824219, "430": 10.319999694824219, "431": 10.420000076293945, "432": 10.369999885559082, "433": 10.369999885559082, "434": 10.369999885559082, "435": 10.319999694824219, "436": 10.329999923706055, "437": 10.350000381469727, "438": 10.350000381469727, "439": 10.359999656677246, "440": 10.359999656677246, "441": 10.359999656677246, "442": 10.380000114440918}, "high": {"0": 9.920999526977539, "1": 9.880000114440918, "2": 9.670000076293945, "3": 9.6899995803833, "4": 9.680000305175781, "5": 9.680000305175781, "6": 9.680000305175781, "7": 9.720000267028809, "8": 9.720000267028809, "9": 9.6850004196167, "10": 9.729999542236328, "11": 9.720000267028809, "12": 9.720000267028809, "13": 9.75, "14": 9.739999771118164, "15": 9.739999771118164, "16": 9.739999771118164, "17": 9.739999771118164, "18": 9.739999771118164, "19": 9.739999771118164, "20": 9.739999771118164, "21": 9.739999771118164, "22": 9.739999771118164, "23": 9.710000038146973, "24": 9.6899995803833, "25": 9.699999809265137, "26": 9.699999809265137, "27": 9.699999809265137, "28": 9.6850004196167, "29": 9.6850004196167, "30": 9.670000076293945, "31": 9.670000076293945, "32": 9.6899995803833, "33": 9.71500015258789, "34": 9.720000267028809, "35": 9.694999694824219, "36": 9.739999771118164, "37": 9.800000190734863, "38": 9.710000038146973, "39": 9.699999809265137, "40": 9.710000038146973, "41": 9.699999809265137, "42": 9.699999809265137, "43": 9.710000038146973, "44": 9.710000038146973, "45": 9.699999809265137, "46": 9.729999542236328, "47": 9.739999771118164, "48": 9.739999771118164, "49": 9.720000267028809, "50": 9.699999809265137, "51": 9.699999809265137, "52": 9.699999809265137, "53": 9.710000038146973, "54": 9.720000267028809, "55": 9.720000267028809, "56": 9.704999923706055, "57": 9.720000267028809, "58": 9.710000038146973, "59": 9.71500015258789, "60": 9.710000038146973, "61": 9.704999923706055, "62": 9.729999542236328, "63": 9.70199966430664, "64": 9.699999809265137, "65": 9.699999809265137, "66": 9.699999809265137, "67": 9.699999809265137, "68": 9.699999809265137, "69": 9.699999809265137, "70": 9.6899995803833, "71": 9.6899995803833, "72": 9.729999542236328, "73": 9.729999542236328, "74": 9.795000076293945, "75": 9.6899995803833, "76": 9.6899995803833, "77": 9.6899995803833, "78": 9.6899995803833, "79": 9.6899995803833, "80": 9.6899995803833, "81": 9.729999542236328, "82": 9.729999542236328, "83": 9.710000038146973, "84": 9.630000114440918, "85": 9.619999885559082, "86": 9.619999885559082, "87": 9.600000381469727, "88": 9.600000381469727, "89": 9.670000076293945, "90": 9.739999771118164, "91": 9.729999542236328, "92": 9.729999542236328, "93": 9.680000305175781, "94": 9.680000305175781, "95": 9.680000305175781, "96": 9.680000305175781, "97": 9.680000305175781, "98": 9.680000305175781, "99": 9.680000305175781, "100": 9.680000305175781, "101": 9.630000114440918, "102": 9.630000114440918, "103": 9.619999885559082, "104": 9.640000343322754, "105": 9.640000343322754, "106": 9.640000343322754, "107": 9.625, "108": 9.625, "109": 9.619999885559082, "110": 9.640000343322754, "111": 9.640000343322754, "112": 9.640000343322754, "113": 9.649999618530273, "114": 9.6850004196167, "115": 9.649999618530273, "116": 9.649999618530273, "117": 9.649999618530273, "118": 9.649999618530273, "119": 9.649999618530273, "120": 9.649999618530273, "121": 9.649999618530273, "122": 9.649999618530273, "123": 9.649999618530273, "124": 9.680000305175781, "125": 9.680000305175781, "126": 9.680000305175781, "127": 9.699999809265137, "128": 9.65999984741211, "129": 9.6899995803833, "130": 9.6899995803833, "131": 9.687999725341797, "132": 9.6899995803833, "133": 9.699999809265137, "134": 9.710000038146973, "135": 9.670000076293945, "136": 9.670000076293945, "137": 9.670000076293945, "138": 9.670000076293945, "139": 9.670000076293945, "140": 9.670000076293945, "141": 9.699999809265137, "142": 9.710000038146973, "143": 9.71500015258789, "144": 9.720000267028809, "145": 9.720000267028809, "146": 9.699999809265137, "147": 9.729999542236328, "148": 9.729999542236328, "149": 9.729999542236328, "150": 9.729999542236328, "151": 9.710000038146973, "152": 9.739999771118164, "153": 9.710000038146973, "154": 9.720000267028809, "155": 9.720000267028809, "156": 9.710000038146973, "157": 9.699999809265137, "158": 9.6899995803833, "159": 9.6899995803833, "160": 9.6899995803833, "161": 9.6899995803833, "162": 9.6899995803833, "163": 9.6899995803833, "164": 9.649999618530273, "165": 9.649999618530273, "166": 9.649999618530273, "167": 9.649999618530273, "168": 9.649999618530273, "169": 9.65999984741211, "170": 9.65999984741211, "171": 9.65999984741211, "172": 9.65999984741211, "173": 9.65999984741211, "174": 9.65999984741211, "175": 9.65999984741211, "176": 9.65999984741211, "177": 9.675000190734863, "178": 9.699999809265137, "179": 9.699999809265137, "180": 9.699999809265137, "181": 9.699999809265137, "182": 9.6899995803833, "183": 9.6899995803833, "184": 9.6899995803833, "185": 9.6899995803833, "186": 9.704999923706055, "187": 9.6899995803833, "188": 9.680000305175781, "189": 9.680000305175781, "190": 9.680000305175781, "191": 9.680000305175781, "192": 9.680000305175781, "193": 9.729999542236328, "194": 9.680000305175781, "195": 9.704999923706055, "196": 9.699999809265137, "197": 9.699999809265137, "198": 9.699999809265137, "199": 9.710000038146973, "200": 9.71500015258789, "201": 9.71500015258789, "202": 9.71500015258789, "203": 9.720000267028809, "204": 9.729999542236328, "205": 9.720000267028809, "206": 9.725000381469727, "207": 9.729999542236328, "208": 9.729999542236328, "209": 9.729999542236328, "210": 9.729999542236328, "211": 9.729999542236328, "212": 9.729999542236328, "213": 9.760000228881836, "214": 9.75, "215": 9.75, "216": 9.75, "217": 9.75, "218": 9.734999656677246, "219": 9.739999771118164, "220": 9.739999771118164, "221": 9.739999771118164, "222": 9.739999771118164, "223": 9.741999626159668, "224": 9.739999771118164, "225": 9.739999771118164, "226": 9.739999771118164, "227": 9.739999771118164, "228": 9.739999771118164, "229": 9.760000228881836, "230": 9.75, "231": 9.760000228881836, "232": 9.760000228881836, "233": 10.300000190734863, "234": 9.75, "235": 9.729999542236328, "236": 9.75, "237": 9.760000228881836, "238": 9.760000228881836, "239": 9.760000228881836, "240": 9.760000228881836, "241": 9.789999961853027, "242": 9.800000190734863, "243": 9.789999961853027, "244": 9.789999961853027, "245": 9.789999961853027, "246": 9.770000457763672, "247": 9.789999961853027, "248": 9.819999694824219, "249": 9.789999961853027, "250": 9.800000190734863, "251": 9.789999961853027, "252": 9.824999809265137, "253": 9.779999732971191, "254": 9.779999732971191, "255": 9.779999732971191, "256": 9.789999961853027, "257": 9.819999694824219, "258": 9.819999694824219, "259": 9.8100004196167, "260": 9.859999656677246, "261": 9.84000015258789, "262": 9.829999923706055, "263": 9.829999923706055, "264": 9.829999923706055, "265": 9.84000015258789, "266": 9.850000381469727, "267": 9.84000015258789, "268": 9.84000015258789, "269": 9.859999656677246, "270": 9.890000343322754, "271": 9.850000381469727, "272": 9.850000381469727, "273": 9.869999885559082, "274": 9.880000114440918, "275": 9.850000381469727, "276": 9.850000381469727, "277": 9.869999885559082, "278": 9.869999885559082, "279": 9.869999885559082, "280": 9.920000076293945, "281": 9.90999984741211, "282": 9.901000022888184, "283": 9.920000076293945, "284": 9.920000076293945, "285": 9.920000076293945, "286": 9.90999984741211, "287": 9.90999984741211, "288": 9.90999984741211, "289": 9.90999984741211, "290": 9.90999984741211, "291": 9.90999984741211, "292": 9.928000450134277, "293": 9.930000305175781, "294": 9.949999809265137, "295": 9.9399995803833, "296": 9.949999809265137, "297": 9.949999809265137, "298": 9.949999809265137, "299": 9.960000038146973, "300": 9.960000038146973, "301": 9.970000267028809, "302": 9.979999542236328, "303": 9.979999542236328, "304": 9.979999542236328, "305": 9.979999542236328, "306": 9.979999542236328, "307": 9.979999542236328, "308": 9.979999542236328, "309": 9.989999771118164, "310": 9.979999542236328, "311": 9.989999771118164, "312": 10.010000228881836, "313": 10.005000114440918, "314": 10.005000114440918, "315": 10.010000228881836, "316": 10.010000228881836, "317": 10.01200008392334, "318": 10.0600004196167, "319": 10.029999732971191, "320": 10.550000190734863, "321": 10.079999923706055, "322": 10.484999656677246, "323": 10.050000190734863, "324": 10.21500015258789, "325": 10.09000015258789, "326": 10.09000015258789, "327": 10.079999923706055, "328": 10.079999923706055, "329": 10.100000381469727, "330": 10.319999694824219, "331": 10.109999656677246, "332": 10.100000381469727, "333": 10.100000381469727, "334": 10.079999923706055, "335": 10.09000015258789, "336": 10.09000015258789, "337": 10.109999656677246, "338": 10.119999885559082, "339": 10.104999542236328, "340": 10.104999542236328, "341": 10.100000381469727, "342": 10.100000381469727, "343": 10.100000381469727, "344": 10.119999885559082, "345": 10.119999885559082, "346": 10.119999885559082, "347": 10.119999885559082, "348": 10.119999885559082, "349": 10.119999885559082, "350": 10.119999885559082, "351": 10.140000343322754, "352": 10.149999618530273, "353": 10.154999732971191, "354": 10.170000076293945, "355": 10.15999984741211, "356": 10.649999618530273, "357": 10.170000076293945, "358": 10.175000190734863, "359": 10.15999984741211, "360": 10.170000076293945, "361": 10.239999771118164, "362": 10.1899995803833, "363": 10.170000076293945, "364": 10.199999809265137, "365": 10.180000305175781, "366": 10.180000305175781, "367": 10.1899995803833, "368": 10.180000305175781, "369": 10.1899995803833, "370": 10.199999809265137, "371": 10.170000076293945, "372": 10.170000076293945, "373": 10.515000343322754, "374": 10.279999732971191, "375": 10.279999732971191, "376": 10.234999656677246, "377": 10.289999961853027, "378": 10.75, "379": 10.800000190734863, "380": 10.40999984741211, "381": 10.430000305175781, "382": 10.239999771118164, "383": 10.699999809265137, "384": 10.289999961853027, "385": 10.289999961853027, "386": 10.279999732971191, "387": 10.279999732971191, "388": 10.236000061035156, "389": 10.234999656677246, "390": 10.234999656677246, "391": 10.229999542236328, "392": 10.229999542236328, "393": 10.239999771118164, "394": 10.239999771118164, "395": 10.265000343322754, "396": 10.239999771118164, "397": 10.25, "398": 10.25, "399": 10.244999885559082, "400": 10.260000228881836, "401": 10.25, "402": 10.75, "403": 10.260000228881836, "404": 10.270000457763672, "405": 10.270000457763672, "406": 10.279999732971191, "407": 10.270000457763672, "408": 10.27299976348877, "409": 10.270000457763672, "410": 10.270000457763672, "411": 10.279999732971191, "412": 10.279999732971191, "413": 10.289999961853027, "414": 10.319999694824219, "415": 10.40999984741211, "416": 10.390000343322754, "417": 10.390000343322754, "418": 11.350000381469727, "419": 10.319999694824219, "420": 10.3100004196167, "421": 10.34000015258789, "422": 10.312999725341797, "423": 10.3100004196167, "424": 10.3100004196167, "425": 10.411999702453613, "426": 10.3100004196167, "427": 10.350000381469727, "428": 10.399999618530273, "429": 10.319999694824219, "430": 10.8149995803833, "431": 10.420000076293945, "432": 10.380000114440918, "433": 10.369999885559082, "434": 10.369999885559082, "435": 10.319999694824219, "436": 10.350000381469727, "437": 10.350000381469727, "438": 10.350000381469727, "439": 10.520000457763672, "440": 10.359999656677246, "441": 10.359999656677246, "442": 10.380000114440918}, "low": {"0": 9.630000114440918, "1": 9.704999923706055, "2": 9.550000190734863, "3": 9.609999656677246, "4": 9.65999984741211, "5": 9.680000305175781, "6": 9.680000305175781, "7": 9.6899995803833, "8": 9.720000267028809, "9": 9.670000076293945, "10": 9.699999809265137, "11": 9.720000267028809, "12": 9.720000267028809, "13": 9.739999771118164, "14": 9.739999771118164, "15": 9.739999771118164, "16": 9.739999771118164, "17": 9.739999771118164, "18": 9.739999771118164, "19": 9.739999771118164, "20": 9.739999771118164, "21": 9.739999771118164, "22": 9.739999771118164, "23": 9.6899995803833, "24": 9.670000076293945, "25": 9.670000076293945, "26": 9.649999618530273, "27": 9.670000076293945, "28": 9.649999618530273, "29": 9.65999984741211, "30": 9.670000076293945, "31": 9.670000076293945, "32": 9.680000305175781, "33": 9.699999809265137, "34": 9.680000305175781, "35": 9.694999694824219, "36": 9.739999771118164, "37": 9.670000076293945, "38": 9.680000305175781, "39": 9.680000305175781, "40": 9.699999809265137, "41": 9.670000076293945, "42": 9.680000305175781, "43": 9.699999809265137, "44": 9.710000038146973, "45": 9.699999809265137, "46": 9.6899995803833, "47": 9.720000267028809, "48": 9.739999771118164, "49": 9.680000305175781, "50": 9.680000305175781, "51": 9.680000305175781, "52": 9.699999809265137, "53": 9.680000305175781, "54": 9.699999809265137, "55": 9.699999809265137, "56": 9.699999809265137, "57": 9.670000076293945, "58": 9.699999809265137, "59": 9.699999809265137, "60": 9.699999809265137, "61": 9.699999809265137, "62": 9.720000267028809, "63": 9.699999809265137, "64": 9.699999809265137, "65": 9.699999809265137, "66": 9.699999809265137, "67": 9.699999809265137, "68": 9.699999809265137, "69": 9.699999809265137, "70": 9.65999984741211, "71": 9.6899995803833, "72": 9.729999542236328, "73": 9.729999542236328, "74": 9.729999542236328, "75": 9.6899995803833, "76": 9.6899995803833, "77": 9.6899995803833, "78": 9.6899995803833, "79": 9.6899995803833, "80": 9.6899995803833, "81": 9.699999809265137, "82": 9.729999542236328, "83": 9.630999565124512, "84": 9.619999885559082, "85": 9.619999885559082, "86": 9.619999885559082, "87": 9.600000381469727, "88": 9.600000381469727, "89": 9.670000076293945, "90": 9.65999984741211, "91": 9.729999542236328, "92": 9.729999542236328, "93": 9.600000381469727, "94": 9.680000305175781, "95": 9.680000305175781, "96": 9.680000305175781, "97": 9.680000305175781, "98": 9.680000305175781, "99": 9.680000305175781, "100": 9.619999885559082, "101": 9.619999885559082, "102": 9.609999656677246, "103": 9.619999885559082, "104": 9.640000343322754, "105": 9.640000343322754, "106": 9.619999885559082, "107": 9.625, "108": 9.625, "109": 9.609999656677246, "110": 9.640000343322754, "111": 9.623000144958496, "112": 9.630000114440918, "113": 9.640000343322754, "114": 9.640000343322754, "115": 9.649999618530273, "116": 9.649999618530273, "117": 9.649999618530273, "118": 9.649999618530273, "119": 9.649999618530273, "120": 9.649999618530273, "121": 9.649999618530273, "122": 9.649999618530273, "123": 9.649999618530273, "124": 9.680000305175781, "125": 9.680000305175781, "126": 9.680000305175781, "127": 9.65999984741211, "128": 9.65999984741211, "129": 9.6899995803833, "130": 9.6899995803833, "131": 9.687999725341797, "132": 9.6899995803833, "133": 9.699999809265137, "134": 9.699999809265137, "135": 9.670000076293945, "136": 9.670000076293945, "137": 9.65999984741211, "138": 9.670000076293945, "139": 9.670000076293945, "140": 9.670000076293945, "141": 9.699999809265137, "142": 9.710000038146973, "143": 9.699999809265137, "144": 9.699999809265137, "145": 9.699999809265137, "146": 9.699999809265137, "147": 9.729999542236328, "148": 9.729999542236328, "149": 9.729999542236328, "150": 9.729999542236328, "151": 9.710000038146973, "152": 9.739999771118164, "153": 9.710000038146973, "154": 9.720000267028809, "155": 9.720000267028809, "156": 9.710000038146973, "157": 9.699999809265137, "158": 9.6899995803833, "159": 9.6899995803833, "160": 9.6899995803833, "161": 9.6899995803833, "162": 9.6899995803833, "163": 9.6899995803833, "164": 9.649999618530273, "165": 9.649999618530273, "166": 9.649999618530273, "167": 9.649999618530273, "168": 9.649999618530273, "169": 9.65999984741211, "170": 9.65999984741211, "171": 9.65999984741211, "172": 9.65999984741211, "173": 9.65999984741211, "174": 9.65999984741211, "175": 9.65999984741211, "176": 9.65999984741211, "177": 9.65999984741211, "178": 9.680000305175781, "179": 9.699999809265137, "180": 9.699999809265137, "181": 9.699999809265137, "182": 9.6850004196167, "183": 9.6899995803833, "184": 9.6899995803833, "185": 9.6899995803833, "186": 9.680000305175781, "187": 9.680000305175781, "188": 9.680000305175781, "189": 9.680000305175781, "190": 9.680000305175781, "191": 9.680000305175781, "192": 9.680000305175781, "193": 9.680000305175781, "194": 9.680000305175781, "195": 9.680000305175781, "196": 9.699999809265137, "197": 9.680000305175781, "198": 9.694999694824219, "199": 9.699999809265137, "200": 9.699999809265137, "201": 9.71500015258789, "202": 9.71500015258789, "203": 9.720000267028809, "204": 9.71500015258789, "205": 9.71500015258789, "206": 9.725000381469727, "207": 9.729999542236328, "208": 9.729999542236328, "209": 9.729999542236328, "210": 9.729999542236328, "211": 9.729999542236328, "212": 9.729999542236328, "213": 9.729999542236328, "214": 9.75, "215": 9.729999542236328, "216": 9.75, "217": 9.734999656677246, "218": 9.734999656677246, "219": 9.734999656677246, "220": 9.729999542236328, "221": 9.729999542236328, "222": 9.739999771118164, "223": 9.739999771118164, "224": 9.739999771118164, "225": 9.739999771118164, "226": 9.739999771118164, "227": 9.739999771118164, "228": 9.739999771118164, "229": 9.739999771118164, "230": 9.739999771118164, "231": 9.760000228881836, "232": 9.760000228881836, "233": 9.75, "234": 9.75, "235": 9.720000267028809, "236": 9.729999542236328, "237": 9.760000228881836, "238": 9.760000228881836, "239": 9.75, "240": 9.760000228881836, "241": 9.760000228881836, "242": 9.789999961853027, "243": 9.789999961853027, "244": 9.789999961853027, "245": 9.789999961853027, "246": 9.770000457763672, "247": 9.770000457763672, "248": 9.78499984741211, "249": 9.770000457763672, "250": 9.789999961853027, "251": 9.789999961853027, "252": 9.824999809265137, "253": 9.779999732971191, "254": 9.779999732971191, "255": 9.779999732971191, "256": 9.779999732971191, "257": 9.789999961853027, "258": 9.8100004196167, "259": 9.800000190734863, "260": 9.800000190734863, "261": 9.84000015258789, "262": 9.800000190734863, "263": 9.829999923706055, "264": 9.829999923706055, "265": 9.819999694824219, "266": 9.8100004196167, "267": 9.84000015258789, "268": 9.84000015258789, "269": 9.84000015258789, "270": 9.845999717712402, "271": 9.84000015258789, "272": 9.850000381469727, "273": 9.84000015258789, "274": 9.850000381469727, "275": 9.850000381469727, "276": 9.850000381469727, "277": 9.869999885559082, "278": 9.869999885559082, "279": 9.869999885559082, "280": 9.880000114440918, "281": 9.90999984741211, "282": 9.901000022888184, "283": 9.914999961853027, "284": 9.920000076293945, "285": 9.920000076293945, "286": 9.90999984741211, "287": 9.90999984741211, "288": 9.90999984741211, "289": 9.90999984741211, "290": 9.90999984741211, "291": 9.90999984741211, "292": 9.920000076293945, "293": 9.925000190734863, "294": 9.930000305175781, "295": 9.9350004196167, "296": 9.939000129699707, "297": 9.930000305175781, "298": 9.9399995803833, "299": 9.960000038146973, "300": 9.960000038146973, "301": 9.960000038146973, "302": 9.970000267028809, "303": 9.979999542236328, "304": 9.979999542236328, "305": 9.970000267028809, "306": 9.979999542236328, "307": 9.979999542236328, "308": 9.970000267028809, "309": 9.979999542236328, "310": 9.979999542236328, "311": 9.979999542236328, "312": 9.979999542236328, "313": 10.0, "314": 10.0, "315": 10.0, "316": 10.010000228881836, "317": 10.0, "318": 10.0, "319": 10.029999732971191, "320": 10.010000228881836, "321": 10.020000457763672, "322": 10.029999732971191, "323": 10.029999732971191, "324": 10.039999961853027, "325": 10.0600004196167, "326": 10.069999694824219, "327": 10.069999694824219, "328": 10.074999809265137, "329": 10.09000015258789, "330": 10.069999694824219, "331": 10.100000381469727, "332": 10.100000381469727, "333": 10.100000381469727, "334": 10.079999923706055, "335": 10.079999923706055, "336": 10.09000015258789, "337": 10.109999656677246, "338": 10.100000381469727, "339": 10.104999542236328, "340": 10.104999542236328, "341": 10.100000381469727, "342": 10.100000381469727, "343": 10.100000381469727, "344": 10.109999656677246, "345": 10.119999885559082, "346": 10.119999885559082, "347": 10.119999885559082, "348": 10.119999885559082, "349": 10.119999885559082, "350": 10.119999885559082, "351": 10.140000343322754, "352": 10.140000343322754, "353": 10.149999618530273, "354": 10.154999732971191, "355": 10.15999984741211, "356": 10.15999984741211, "357": 10.15999984741211, "358": 10.15999984741211, "359": 10.15999984741211, "360": 10.15999984741211, "361": 10.180000305175781, "362": 10.170000076293945, "363": 10.170000076293945, "364": 10.180000305175781, "365": 10.180000305175781, "366": 10.180000305175781, "367": 10.180000305175781, "368": 10.180000305175781, "369": 10.1899995803833, "370": 10.170000076293945, "371": 10.170000076293945, "372": 10.170000076293945, "373": 10.291999816894531, "374": 10.279999732971191, "375": 10.279999732971191, "376": 10.234999656677246, "377": 10.244999885559082, "378": 10.289999961853027, "379": 10.279999732971191, "380": 10.279999732971191, "381": 10.239999771118164, "382": 10.239999771118164, "383": 10.210000038146973, "384": 10.289999961853027, "385": 10.289999961853027, "386": 10.220000267028809, "387": 10.279999732971191, "388": 10.236000061035156, "389": 10.229999542236328, "390": 10.229999542236328, "391": 10.229999542236328, "392": 10.229999542236328, "393": 10.239999771118164, "394": 10.239999771118164, "395": 10.239999771118164, "396": 10.239999771118164, "397": 10.239999771118164, "398": 10.239999771118164, "399": 10.244999885559082, "400": 10.244999885559082, "401": 10.25, "402": 10.260000228881836, "403": 10.260000228881836, "404": 10.25, "405": 10.270000457763672, "406": 10.279999732971191, "407": 10.270000457763672, "408": 10.270000457763672, "409": 10.270000457763672, "410": 10.270000457763672, "411": 10.270000457763672, "412": 10.279999732971191, "413": 10.28499984741211, "414": 10.289999961853027, "415": 10.300000190734863, "416": 10.281999588012695, "417": 10.390000343322754, "418": 10.300000190734863, "419": 10.3100004196167, "420": 10.300000190734863, "421": 10.3100004196167, "422": 10.3100004196167, "423": 10.3100004196167, "424": 10.3100004196167, "425": 10.3100004196167, "426": 10.3100004196167, "427": 10.329999923706055, "428": 10.3100004196167, "429": 10.319999694824219, "430": 10.319999694824219, "431": 10.420000076293945, "432": 10.3100004196167, "433": 10.369999885559082, "434": 10.369999885559082, "435": 10.319999694824219, "436": 10.329999923706055, "437": 10.350000381469727, "438": 10.350000381469727, "439": 10.359999656677246, "440": 10.359999656677246, "441": 10.359999656677246, "442": 10.369999885559082}, "close": {"0": 9.630000114440918, "1": 9.800000190734863, "2": 9.619999885559082, "3": 9.640000343322754, "4": 9.680000305175781, "5": 9.680000305175781, "6": 9.680000305175781, "7": 9.720000267028809, "8": 9.720000267028809, "9": 9.6850004196167, "10": 9.720000267028809, "11": 9.720000267028809, "12": 9.720000267028809, "13": 9.739999771118164, "14": 9.739999771118164, "15": 9.739999771118164, "16": 9.739999771118164, "17": 9.739999771118164, "18": 9.739999771118164, "19": 9.739999771118164, "20": 9.739999771118164, "21": 9.739999771118164, "22": 9.739999771118164, "23": 9.710000038146973, "24": 9.680000305175781, "25": 9.6899995803833, "26": 9.6899995803833, "27": 9.699999809265137, "28": 9.649999618530273, "29": 9.670000076293945, "30": 9.670000076293945, "31": 9.670000076293945, "32": 9.6899995803833, "33": 9.699999809265137, "34": 9.694999694824219, "35": 9.694999694824219, "36": 9.739999771118164, "37": 9.720000267028809, "38": 9.699999809265137, "39": 9.699999809265137, "40": 9.699999809265137, "41": 9.699999809265137, "42": 9.699999809265137, "43": 9.710000038146973, "44": 9.710000038146973, "45": 9.699999809265137, "46": 9.6899995803833, "47": 9.739999771118164, "48": 9.739999771118164, "49": 9.720000267028809, "50": 9.680000305175781, "51": 9.699999809265137, "52": 9.699999809265137, "53": 9.708999633789062, "54": 9.720000267028809, "55": 9.699999809265137, "56": 9.699999809265137, "57": 9.699999809265137, "58": 9.699999809265137, "59": 9.71500015258789, "60": 9.699999809265137, "61": 9.699999809265137, "62": 9.729999542236328, "63": 9.699999809265137, "64": 9.699999809265137, "65": 9.699999809265137, "66": 9.699999809265137, "67": 9.699999809265137, "68": 9.699999809265137, "69": 9.699999809265137, "70": 9.6899995803833, "71": 9.6899995803833, "72": 9.729999542236328, "73": 9.729999542236328, "74": 9.75, "75": 9.6899995803833, "76": 9.6899995803833, "77": 9.6899995803833, "78": 9.6899995803833, "79": 9.6899995803833, "80": 9.6899995803833, "81": 9.729999542236328, "82": 9.729999542236328, "83": 9.710000038146973, "84": 9.619999885559082, "85": 9.619999885559082, "86": 9.619999885559082, "87": 9.600000381469727, "88": 9.600000381469727, "89": 9.670000076293945, "90": 9.739999771118164, "91": 9.729999542236328, "92": 9.729999542236328, "93": 9.680000305175781, "94": 9.680000305175781, "95": 9.680000305175781, "96": 9.680000305175781, "97": 9.680000305175781, "98": 9.680000305175781, "99": 9.680000305175781, "100": 9.630000114440918, "101": 9.630000114440918, "102": 9.619999885559082, "103": 9.619999885559082, "104": 9.640000343322754, "105": 9.640000343322754, "106": 9.625, "107": 9.625, "108": 9.625, "109": 9.609999656677246, "110": 9.640000343322754, "111": 9.630000114440918, "112": 9.640000343322754, "113": 9.649999618530273, "114": 9.670000076293945, "115": 9.649999618530273, "116": 9.649999618530273, "117": 9.649999618530273, "118": 9.649999618530273, "119": 9.649999618530273, "120": 9.649999618530273, "121": 9.649999618530273, "122": 9.649999618530273, "123": 9.649999618530273, "124": 9.680000305175781, "125": 9.680000305175781, "126": 9.680000305175781, "127": 9.65999984741211, "128": 9.65999984741211, "129": 9.6899995803833, "130": 9.6899995803833, "131": 9.687999725341797, "132": 9.6899995803833, "133": 9.699999809265137, "134": 9.710000038146973, "135": 9.670000076293945, "136": 9.670000076293945, "137": 9.670000076293945, "138": 9.670000076293945, "139": 9.670000076293945, "140": 9.670000076293945, "141": 9.699999809265137, "142": 9.710000038146973, "143": 9.699999809265137, "144": 9.699999809265137, "145": 9.699999809265137, "146": 9.699999809265137, "147": 9.729999542236328, "148": 9.729999542236328, "149": 9.729999542236328, "150": 9.729999542236328, "151": 9.710000038146973, "152": 9.739999771118164, "153": 9.710000038146973, "154": 9.720000267028809, "155": 9.720000267028809, "156": 9.710000038146973, "157": 9.699999809265137, "158": 9.6899995803833, "159": 9.6899995803833, "160": 9.6899995803833, "161": 9.6899995803833, "162": 9.6899995803833, "163": 9.6899995803833, "164": 9.649999618530273, "165": 9.649999618530273, "166": 9.649999618530273, "167": 9.649999618530273, "168": 9.649999618530273, "169": 9.65999984741211, "170": 9.65999984741211, "171": 9.65999984741211, "172": 9.65999984741211, "173": 9.65999984741211, "174": 9.65999984741211, "175": 9.65999984741211, "176": 9.65999984741211, "177": 9.675000190734863, "178": 9.699999809265137, "179": 9.699999809265137, "180": 9.699999809265137, "181": 9.699999809265137, "182": 9.689000129699707, "183": 9.6899995803833, "184": 9.6899995803833, "185": 9.6899995803833, "186": 9.6899995803833, "187": 9.680000305175781, "188": 9.680000305175781, "189": 9.680000305175781, "190": 9.680000305175781, "191": 9.680000305175781, "192": 9.680000305175781, "193": 9.680000305175781, "194": 9.680000305175781, "195": 9.699999809265137, "196": 9.699999809265137, "197": 9.699999809265137, "198": 9.699999809265137, "199": 9.710000038146973, "200": 9.71500015258789, "201": 9.71500015258789, "202": 9.71500015258789, "203": 9.720000267028809, "204": 9.720000267028809, "205": 9.720000267028809, "206": 9.725000381469727, "207": 9.729999542236328, "208": 9.729999542236328, "209": 9.729999542236328, "210": 9.729999542236328, "211": 9.729999542236328, "212": 9.729999542236328, "213": 9.760000228881836, "214": 9.75, "215": 9.75, "216": 9.75, "217": 9.734999656677246, "218": 9.734999656677246, "219": 9.734999656677246, "220": 9.739999771118164, "221": 9.739999771118164, "222": 9.739999771118164, "223": 9.739999771118164, "224": 9.739999771118164, "225": 9.739999771118164, "226": 9.739999771118164, "227": 9.739999771118164, "228": 9.739999771118164, "229": 9.739999771118164, "230": 9.739999771118164, "231": 9.760000228881836, "232": 9.760000228881836, "233": 9.75, "234": 9.75, "235": 9.729999542236328, "236": 9.75, "237": 9.760000228881836, "238": 9.760000228881836, "239": 9.760000228881836, "240": 9.760000228881836, "241": 9.789999961853027, "242": 9.789999961853027, "243": 9.789999961853027, "244": 9.789999961853027, "245": 9.789999961853027, "246": 9.770000457763672, "247": 9.770000457763672, "248": 9.789999961853027, "249": 9.789999961853027, "250": 9.789999961853027, "251": 9.789999961853027, "252": 9.824999809265137, "253": 9.779999732971191, "254": 9.779999732971191, "255": 9.779999732971191, "256": 9.789999961853027, "257": 9.802000045776367, "258": 9.819999694824219, "259": 9.800000190734863, "260": 9.84000015258789, "261": 9.84000015258789, "262": 9.829999923706055, "263": 9.829999923706055, "264": 9.829999923706055, "265": 9.84000015258789, "266": 9.84000015258789, "267": 9.84000015258789, "268": 9.84000015258789, "269": 9.84000015258789, "270": 9.845999717712402, "271": 9.850000381469727, "272": 9.850000381469727, "273": 9.859999656677246, "274": 9.850000381469727, "275": 9.850000381469727, "276": 9.850000381469727, "277": 9.869999885559082, "278": 9.869999885559082, "279": 9.869999885559082, "280": 9.90999984741211, "281": 9.90999984741211, "282": 9.901000022888184, "283": 9.920000076293945, "284": 9.920000076293945, "285": 9.920000076293945, "286": 9.90999984741211, "287": 9.90999984741211, "288": 9.90999984741211, "289": 9.90999984741211, "290": 9.90999984741211, "291": 9.90999984741211, "292": 9.928000450134277, "293": 9.930000305175781, "294": 9.9350004196167, "295": 9.9350004196167, "296": 9.944999694824219, "297": 9.944999694824219, "298": 9.949999809265137, "299": 9.960000038146973, "300": 9.960000038146973, "301": 9.970000267028809, "302": 9.970000267028809, "303": 9.979999542236328, "304": 9.979999542236328, "305": 9.979999542236328, "306": 9.979999542236328, "307": 9.979999542236328, "308": 9.979999542236328, "309": 9.989999771118164, "310": 9.979999542236328, "311": 9.989999771118164, "312": 10.0, "313": 10.0, "314": 10.005000114440918, "315": 10.0, "316": 10.010000228881836, "317": 10.010000228881836, "318": 10.029999732971191, "319": 10.029999732971191, "320": 10.029999732971191, "321": 10.020000457763672, "322": 10.0600004196167, "323": 10.050000190734863, "324": 10.069999694824219, "325": 10.074999809265137, "326": 10.079999923706055, "327": 10.069999694824219, "328": 10.079999923706055, "329": 10.100000381469727, "330": 10.100000381469727, "331": 10.100000381469727, "332": 10.100000381469727, "333": 10.100000381469727, "334": 10.079999923706055, "335": 10.09000015258789, "336": 10.09000015258789, "337": 10.109999656677246, "338": 10.119999885559082, "339": 10.104999542236328, "340": 10.104999542236328, "341": 10.100000381469727, "342": 10.100000381469727, "343": 10.100000381469727, "344": 10.119999885559082, "345": 10.119999885559082, "346": 10.119999885559082, "347": 10.119999885559082, "348": 10.119999885559082, "349": 10.119999885559082, "350": 10.119999885559082, "351": 10.140000343322754, "352": 10.149999618530273, "353": 10.149999618530273, "354": 10.170000076293945, "355": 10.15999984741211, "356": 10.15999984741211, "357": 10.15999984741211, "358": 10.15999984741211, "359": 10.15999984741211, "360": 10.15999984741211, "361": 10.1899995803833, "362": 10.170000076293945, "363": 10.170000076293945, "364": 10.199999809265137, "365": 10.180000305175781, "366": 10.180000305175781, "367": 10.180000305175781, "368": 10.180000305175781, "369": 10.1899995803833, "370": 10.170000076293945, "371": 10.170000076293945, "372": 10.170000076293945, "373": 10.291999816894531, "374": 10.279999732971191, "375": 10.279999732971191, "376": 10.234999656677246, "377": 10.289999961853027, "378": 10.300000190734863, "379": 10.289999961853027, "380": 10.399999618530273, "381": 10.239999771118164, "382": 10.239999771118164, "383": 10.210000038146973, "384": 10.289999961853027, "385": 10.289999961853027, "386": 10.279999732971191, "387": 10.279999732971191, "388": 10.236000061035156, "389": 10.234999656677246, "390": 10.229999542236328, "391": 10.229999542236328, "392": 10.229999542236328, "393": 10.239999771118164, "394": 10.239999771118164, "395": 10.239999771118164, "396": 10.239999771118164, "397": 10.244999885559082, "398": 10.244999885559082, "399": 10.244999885559082, "400": 10.25, "401": 10.25, "402": 10.260000228881836, "403": 10.260000228881836, "404": 10.270000457763672, "405": 10.270000457763672, "406": 10.279999732971191, "407": 10.270000457763672, "408": 10.270000457763672, "409": 10.270000457763672, "410": 10.270000457763672, "411": 10.279999732971191, "412": 10.279999732971191, "413": 10.289999961853027, "414": 10.319999694824219, "415": 10.319999694824219, "416": 10.390000343322754, "417": 10.390000343322754, "418": 10.3100004196167, "419": 10.319999694824219, "420": 10.3100004196167, "421": 10.34000015258789, "422": 10.3100004196167, "423": 10.3100004196167, "424": 10.3100004196167, "425": 10.3100004196167, "426": 10.3100004196167, "427": 10.34000015258789, "428": 10.3100004196167, "429": 10.319999694824219, "430": 10.420000076293945, "431": 10.420000076293945, "432": 10.369999885559082, "433": 10.369999885559082, "434": 10.369999885559082, "435": 10.319999694824219, "436": 10.350000381469727, "437": 10.350000381469727, "438": 10.350000381469727, "439": 10.359999656677246, "440": 10.359999656677246, "441": 10.359999656677246, "442": 10.369999885559082}, "volume": {"0": 295700, "1": 1400, "2": 404100, "3": 41100, "4": 3100, "5": 100, "6": 0, "7": 1500, "8": 0, "9": 2100, "10": 2100, "11": 0, "12": 0, "13": 2600, "14": 0, "15": 0, "16": 0, "17": 0, "18": 0, "19": 0, "20": 0, "21": 0, "22": 0, "23": 28300, "24": 71500, "25": 272500, "26": 410200, "27": 3100, "28": 51600, "29": 13900, "30": 1200, "31": 100, "32": 15000, "33": 142300, "34": 1700, "35": 0, "36": 100, "37": 93600, "38": 11700, "39": 28500, "40": 5900, "41": 2700, "42": 514500, "43": 18800, "44": 0, "45": 900, "46": 3400, "47": 700, "48": 6800, "49": 4500, "50": 500, "51": 3300, "52": 500, "53": 101900, "54": 6500, "55": 1200, "56": 2200, "57": 32100, "58": 9500, "59": 4700, "60": 5000, "61": 7400, "62": 2000, "63": 487500, "64": 0, "65": 0, "66": 0, "67": 100, "68": 200, "69": 0, "70": 900, "71": 0, "72": 2200, "73": 0, "74": 5200, "75": 100100, "76": 200, "77": 0, "78": 0, "79": 0, "80": 1500, "81": 800, "82": 500, "83": 300, "84": 1000, "85": 0, "86": 0, "87": 2200, "88": 0, "89": 300, "90": 7400, "91": 1000, "92": 0, "93": 2100, "94": 1100, "95": 0, "96": 0, "97": 110000, "98": 0, "99": 0, "100": 15800, "101": 300, "102": 1000, "103": 0, "104": 100, "105": 0, "106": 4400, "107": 0, "108": 0, "109": 300, "110": 2200, "111": 58800, "112": 41200, "113": 3000, "114": 10700, "115": 536900, "116": 0, "117": 0, "118": 0, "119": 50100, "120": 0, "121": 0, "122": 0, "123": 0, "124": 100, "125": 0, "126": 0, "127": 7400, "128": 0, "129": 800, "130": 28000, "131": 100, "132": 13500, "133": 100, "134": 10700, "135": 200, "136": 0, "137": 17400, "138": 0, "139": 0, "140": 0, "141": 2900, "142": 12800, "143": 113400, "144": 64600, "145": 211300, "146": 0, "147": 400, "148": 0, "149": 0, "150": 100, "151": 200, "152": 300, "153": 600, "154": 200, "155": 200, "156": 600, "157": 2700, "158": 1200, "159": 0, "160": 0, "161": 0, "162": 0, "163": 0, "164": 3400, "165": 0, "166": 0, "167": 0, "168": 0, "169": 600, "170": 0, "171": 0, "172": 0, "173": 0, "174": 0, "175": 0, "176": 0, "177": 1100, "178": 4000, "179": 0, "180": 0, "181": 0, "182": 5000, "183": 900, "184": 100, "185": 100, "186": 514100, "187": 547200, "188": 0, "189": 0, "190": 0, "191": 0, "192": 0, "193": 600, "194": 0, "195": 5700, "196": 0, "197": 4500, "198": 300, "199": 500, "200": 1800, "201": 0, "202": 0, "203": 10400, "204": 59800, "205": 600, "206": 400, "207": 25000, "208": 0, "209": 0, "210": 0, "211": 0, "212": 0, "213": 900, "214": 200, "215": 105300, "216": 0, "217": 10800, "218": 0, "219": 26600, "220": 39100, "221": 2300, "222": 700, "223": 17600, "224": 20000, "225": 0, "226": 0, "227": 0, "228": 0, "229": 4400, "230": 60000, "231": 4500, "232": 0, "233": 3000, "234": 0, "235": 14600, "236": 30900, "237": 10400, "238": 1000, "239": 98300, "240": 600, "241": 223000, "242": 3600, "243": 0, "244": 0, "245": 0, "246": 6900, "247": 8300, "248": 13000, "249": 1800, "250": 16400, "251": 0, "252": 100, "253": 100, "254": 0, "255": 0, "256": 39600, "257": 4600, "258": 106400, "259": 3900, "260": 10800, "261": 0, "262": 900, "263": 0, "264": 0, "265": 20100, "266": 338300, "267": 534000, "268": 0, "269": 53100, "270": 2500, "271": 100100, "272": 35500, "273": 47900, "274": 4300, "275": 600, "276": 0, "277": 5100, "278": 1900, "279": 0, "280": 12600, "281": 0, "282": 600, "283": 73800, "284": 0, "285": 0, "286": 34400, "287": 0, "288": 13900, "289": 100, "290": 35700, "291": 11000, "292": 4200, "293": 6400, "294": 2000, "295": 1700, "296": 3700, "297": 3400, "298": 2000, "299": 2400, "300": 3800, "301": 3500, "302": 46200, "303": 45000, "304": 0, "305": 2000, "306": 0, "307": 0, "308": 600, "309": 149000, "310": 400, "311": 1700, "312": 287800, "313": 124100, "314": 20600, "315": 321500, "316": 1200, "317": 19500, "318": 13900, "319": 0, "320": 21400, "321": 3000, "322": 24300, "323": 2200, "324": 842400, "325": 83100, "326": 8700, "327": 133600, "328": 34900, "329": 602400, "330": 71700, "331": 2500, "332": 0, "333": 0, "334": 200, "335": 700, "336": 2000, "337": 200, "338": 39400, "339": 2000, "340": 100, "341": 50500, "342": 0, "343": 0, "344": 6700, "345": 0, "346": 0, "347": 500, "348": 0, "349": 0, "350": 0, "351": 200, "352": 15000, "353": 15800, "354": 7300, "355": 1200, "356": 23300, "357": 5300, "358": 372600, "359": 30300, "360": 78000, "361": 3600, "362": 3500, "363": 6500, "364": 10600, "365": 1300, "366": 300, "367": 1500, "368": 0, "369": 100, "370": 4100, "371": 0, "372": 0, "373": 2600, "374": 100, "375": 100, "376": 2300, "377": 300, "378": 400, "379": 400, "380": 6300, "381": 200, "382": 0, "383": 7800, "384": 1200, "385": 0, "386": 1600, "387": 0, "388": 500, "389": 1200, "390": 53700, "391": 100, "392": 0, "393": 5400, "394": 5400, "395": 4200, "396": 16900, "397": 54400, "398": 30000, "399": 0, "400": 37700, "401": 0, "402": 500, "403": 0, "404": 38500, "405": 200, "406": 1000, "407": 1500, "408": 7000, "409": 0, "410": 2400, "411": 4200, "412": 23200, "413": 4700, "414": 7200, "415": 3300, "416": 2800, "417": 0, "418": 12200, "419": 85400, "420": 34600, "421": 33900, "422": 2200, "423": 1800, "424": 0, "425": 25800, "426": 0, "427": 5600, "428": 700, "429": 100, "430": 2500, "431": 0, "432": 17100, "433": 0, "434": 0, "435": 100, "436": 1900, "437": 2000, "438": 700, "439": 139200, "440": 0, "441": 0, "442": 20600}, "adjclose": {"0": 9.630000114440918, "1": 9.800000190734863, "2": 9.619999885559082, "3": 9.640000343322754, "4": 9.680000305175781, "5": 9.680000305175781, "6": 9.680000305175781, "7": 9.720000267028809, "8": 9.720000267028809, "9": 9.6850004196167, "10": 9.720000267028809, "11": 9.720000267028809, "12": 9.720000267028809, "13": 9.739999771118164, "14": 9.739999771118164, "15": 9.739999771118164, "16": 9.739999771118164, "17": 9.739999771118164, "18": 9.739999771118164, "19": 9.739999771118164, "20": 9.739999771118164, "21": 9.739999771118164, "22": 9.739999771118164, "23": 9.710000038146973, "24": 9.680000305175781, "25": 9.6899995803833, "26": 9.6899995803833, "27": 9.699999809265137, "28": 9.649999618530273, "29": 9.670000076293945, "30": 9.670000076293945, "31": 9.670000076293945, "32": 9.6899995803833, "33": 9.699999809265137, "34": 9.694999694824219, "35": 9.694999694824219, "36": 9.739999771118164, "37": 9.720000267028809, "38": 9.699999809265137, "39": 9.699999809265137, "40": 9.699999809265137, "41": 9.699999809265137, "42": 9.699999809265137, "43": 9.710000038146973, "44": 9.710000038146973, "45": 9.699999809265137, "46": 9.6899995803833, "47": 9.739999771118164, "48": 9.739999771118164, "49": 9.720000267028809, "50": 9.680000305175781, "51": 9.699999809265137, "52": 9.699999809265137, "53": 9.708999633789062, "54": 9.720000267028809, "55": 9.699999809265137, "56": 9.699999809265137, "57": 9.699999809265137, "58": 9.699999809265137, "59": 9.71500015258789, "60": 9.699999809265137, "61": 9.699999809265137, "62": 9.729999542236328, "63": 9.699999809265137, "64": 9.699999809265137, "65": 9.699999809265137, "66": 9.699999809265137, "67": 9.699999809265137, "68": 9.699999809265137, "69": 9.699999809265137, "70": 9.6899995803833, "71": 9.6899995803833, "72": 9.729999542236328, "73": 9.729999542236328, "74": 9.75, "75": 9.6899995803833, "76": 9.6899995803833, "77": 9.6899995803833, "78": 9.6899995803833, "79": 9.6899995803833, "80": 9.6899995803833, "81": 9.729999542236328, "82": 9.729999542236328, "83": 9.710000038146973, "84": 9.619999885559082, "85": 9.619999885559082, "86": 9.619999885559082, "87": 9.600000381469727, "88": 9.600000381469727, "89": 9.670000076293945, "90": 9.739999771118164, "91": 9.729999542236328, "92": 9.729999542236328, "93": 9.680000305175781, "94": 9.680000305175781, "95": 9.680000305175781, "96": 9.680000305175781, "97": 9.680000305175781, "98": 9.680000305175781, "99": 9.680000305175781, "100": 9.630000114440918, "101": 9.630000114440918, "102": 9.619999885559082, "103": 9.619999885559082, "104": 9.640000343322754, "105": 9.640000343322754, "106": 9.625, "107": 9.625, "108": 9.625, "109": 9.609999656677246, "110": 9.640000343322754, "111": 9.630000114440918, "112": 9.640000343322754, "113": 9.649999618530273, "114": 9.670000076293945, "115": 9.649999618530273, "116": 9.649999618530273, "117": 9.649999618530273, "118": 9.649999618530273, "119": 9.649999618530273, "120": 9.649999618530273, "121": 9.649999618530273, "122": 9.649999618530273, "123": 9.649999618530273, "124": 9.680000305175781, "125": 9.680000305175781, "126": 9.680000305175781, "127": 9.65999984741211, "128": 9.65999984741211, "129": 9.6899995803833, "130": 9.6899995803833, "131": 9.687999725341797, "132": 9.6899995803833, "133": 9.699999809265137, "134": 9.710000038146973, "135": 9.670000076293945, "136": 9.670000076293945, "137": 9.670000076293945, "138": 9.670000076293945, "139": 9.670000076293945, "140": 9.670000076293945, "141": 9.699999809265137, "142": 9.710000038146973, "143": 9.699999809265137, "144": 9.699999809265137, "145": 9.699999809265137, "146": 9.699999809265137, "147": 9.729999542236328, "148": 9.729999542236328, "149": 9.729999542236328, "150": 9.729999542236328, "151": 9.710000038146973, "152": 9.739999771118164, "153": 9.710000038146973, "154": 9.720000267028809, "155": 9.720000267028809, "156": 9.710000038146973, "157": 9.699999809265137, "158": 9.6899995803833, "159": 9.6899995803833, "160": 9.6899995803833, "161": 9.6899995803833, "162": 9.6899995803833, "163": 9.6899995803833, "164": 9.649999618530273, "165": 9.649999618530273, "166": 9.649999618530273, "167": 9.649999618530273, "168": 9.649999618530273, "169": 9.65999984741211, "170": 9.65999984741211, "171": 9.65999984741211, "172": 9.65999984741211, "173": 9.65999984741211, "174": 9.65999984741211, "175": 9.65999984741211, "176": 9.65999984741211, "177": 9.675000190734863, "178": 9.699999809265137, "179": 9.699999809265137, "180": 9.699999809265137, "181": 9.699999809265137, "182": 9.689000129699707, "183": 9.6899995803833, "184": 9.6899995803833, "185": 9.6899995803833, "186": 9.6899995803833, "187": 9.680000305175781, "188": 9.680000305175781, "189": 9.680000305175781, "190": 9.680000305175781, "191": 9.680000305175781, "192": 9.680000305175781, "193": 9.680000305175781, "194": 9.680000305175781, "195": 9.699999809265137, "196": 9.699999809265137, "197": 9.699999809265137, "198": 9.699999809265137, "199": 9.710000038146973, "200": 9.71500015258789, "201": 9.71500015258789, "202": 9.71500015258789, "203": 9.720000267028809, "204": 9.720000267028809, "205": 9.720000267028809, "206": 9.725000381469727, "207": 9.729999542236328, "208": 9.729999542236328, "209": 9.729999542236328, "210": 9.729999542236328, "211": 9.729999542236328, "212": 9.729999542236328, "213": 9.760000228881836, "214": 9.75, "215": 9.75, "216": 9.75, "217": 9.734999656677246, "218": 9.734999656677246, "219": 9.734999656677246, "220": 9.739999771118164, "221": 9.739999771118164, "222": 9.739999771118164, "223": 9.739999771118164, "224": 9.739999771118164, "225": 9.739999771118164, "226": 9.739999771118164, "227": 9.739999771118164, "228": 9.739999771118164, "229": 9.739999771118164, "230": 9.739999771118164, "231": 9.760000228881836, "232": 9.760000228881836, "233": 9.75, "234": 9.75, "235": 9.729999542236328, "236": 9.75, "237": 9.760000228881836, "238": 9.760000228881836, "239": 9.760000228881836, "240": 9.760000228881836, "241": 9.789999961853027, "242": 9.789999961853027, "243": 9.789999961853027, "244": 9.789999961853027, "245": 9.789999961853027, "246": 9.770000457763672, "247": 9.770000457763672, "248": 9.789999961853027, "249": 9.789999961853027, "250": 9.789999961853027, "251": 9.789999961853027, "252": 9.824999809265137, "253": 9.779999732971191, "254": 9.779999732971191, "255": 9.779999732971191, "256": 9.789999961853027, "257": 9.802000045776367, "258": 9.819999694824219, "259": 9.800000190734863, "260": 9.84000015258789, "261": 9.84000015258789, "262": 9.829999923706055, "263": 9.829999923706055, "264": 9.829999923706055, "265": 9.84000015258789, "266": 9.84000015258789, "267": 9.84000015258789, "268": 9.84000015258789, "269": 9.84000015258789, "270": 9.845999717712402, "271": 9.850000381469727, "272": 9.850000381469727, "273": 9.859999656677246, "274": 9.850000381469727, "275": 9.850000381469727, "276": 9.850000381469727, "277": 9.869999885559082, "278": 9.869999885559082, "279": 9.869999885559082, "280": 9.90999984741211, "281": 9.90999984741211, "282": 9.901000022888184, "283": 9.920000076293945, "284": 9.920000076293945, "285": 9.920000076293945, "286": 9.90999984741211, "287": 9.90999984741211, "288": 9.90999984741211, "289": 9.90999984741211, "290": 9.90999984741211, "291": 9.90999984741211, "292": 9.928000450134277, "293": 9.930000305175781, "294": 9.9350004196167, "295": 9.9350004196167, "296": 9.944999694824219, "297": 9.944999694824219, "298": 9.949999809265137, "299": 9.960000038146973, "300": 9.960000038146973, "301": 9.970000267028809, "302": 9.970000267028809, "303": 9.979999542236328, "304": 9.979999542236328, "305": 9.979999542236328, "306": 9.979999542236328, "307": 9.979999542236328, "308": 9.979999542236328, "309": 9.989999771118164, "310": 9.979999542236328, "311": 9.989999771118164, "312": 10.0, "313": 10.0, "314": 10.005000114440918, "315": 10.0, "316": 10.010000228881836, "317": 10.010000228881836, "318": 10.029999732971191, "319": 10.029999732971191, "320": 10.029999732971191, "321": 10.020000457763672, "322": 10.0600004196167, "323": 10.050000190734863, "324": 10.069999694824219, "325": 10.074999809265137, "326": 10.079999923706055, "327": 10.069999694824219, "328": 10.079999923706055, "329": 10.100000381469727, "330": 10.100000381469727, "331": 10.100000381469727, "332": 10.100000381469727, "333": 10.100000381469727, "334": 10.079999923706055, "335": 10.09000015258789, "336": 10.09000015258789, "337": 10.109999656677246, "338": 10.119999885559082, "339": 10.104999542236328, "340": 10.104999542236328, "341": 10.100000381469727, "342": 10.100000381469727, "343": 10.100000381469727, "344": 10.119999885559082, "345": 10.119999885559082, "346": 10.119999885559082, "347": 10.119999885559082, "348": 10.119999885559082, "349": 10.119999885559082, "350": 10.119999885559082, "351": 10.140000343322754, "352": 10.149999618530273, "353": 10.149999618530273, "354": 10.170000076293945, "355": 10.15999984741211, "356": 10.15999984741211, "357": 10.15999984741211, "358": 10.15999984741211, "359": 10.15999984741211, "360": 10.15999984741211, "361": 10.1899995803833, "362": 10.170000076293945, "363": 10.170000076293945, "364": 10.199999809265137, "365": 10.180000305175781, "366": 10.180000305175781, "367": 10.180000305175781, "368": 10.180000305175781, "369": 10.1899995803833, "370": 10.170000076293945, "371": 10.170000076293945, "372": 10.170000076293945, "373": 10.291999816894531, "374": 10.279999732971191, "375": 10.279999732971191, "376": 10.234999656677246, "377": 10.289999961853027, "378": 10.300000190734863, "379": 10.289999961853027, "380": 10.399999618530273, "381": 10.239999771118164, "382": 10.239999771118164, "383": 10.210000038146973, "384": 10.289999961853027, "385": 10.289999961853027, "386": 10.279999732971191, "387": 10.279999732971191, "388": 10.236000061035156, "389": 10.234999656677246, "390": 10.229999542236328, "391": 10.229999542236328, "392": 10.229999542236328, "393": 10.239999771118164, "394": 10.239999771118164, "395": 10.239999771118164, "396": 10.239999771118164, "397": 10.244999885559082, "398": 10.244999885559082, "399": 10.244999885559082, "400": 10.25, "401": 10.25, "402": 10.260000228881836, "403": 10.260000228881836, "404": 10.270000457763672, "405": 10.270000457763672, "406": 10.279999732971191, "407": 10.270000457763672, "408": 10.270000457763672, "409": 10.270000457763672, "410": 10.270000457763672, "411": 10.279999732971191, "412": 10.279999732971191, "413": 10.289999961853027, "414": 10.319999694824219, "415": 10.319999694824219, "416": 10.390000343322754, "417": 10.390000343322754, "418": 10.3100004196167, "419": 10.319999694824219, "420": 10.3100004196167, "421": 10.34000015258789, "422": 10.3100004196167, "423": 10.3100004196167, "424": 10.3100004196167, "425": 10.3100004196167, "426": 10.3100004196167, "427": 10.34000015258789, "428": 10.3100004196167, "429": 10.319999694824219, "430": 10.420000076293945, "431": 10.420000076293945, "432": 10.369999885559082, "433": 10.369999885559082, "434": 10.369999885559082, "435": 10.319999694824219, "436": 10.350000381469727, "437": 10.350000381469727, "438": 10.350000381469727, "439": 10.359999656677246, "440": 10.359999656677246, "441": 10.359999656677246, "442": 10.369999885559082}}, "profile": {"address1": "Empire State Building", "address2": "Suite 4215 20 West 34th Street", "city": "New York", "state": "NY", "zip": "10001", "country": "United States", "phone": "852-2523-1056", "website": "https://www.aptmspac.com", "industry": "Shell Companies", "industryDisp": "Shell Companies", "sector": "Financial Services", "longBusinessSummary": "Alpha Partners Technology Merger Corp. does not have significant operations. It focuses on effecting a merger, capital stock exchange, asset acquisition, share purchase, reorganization, or related business combination with one or more businesses. The company was incorporated in 2021 and is based in New York, New York.", "companyOfficers": [{"maxAge": 1, "name": "Mr. Matt  Krna", "title": "CEO & Director", "exercisedValue": 0, "unexercisedValue": 0}, {"maxAge": 1, "name": "Mr. Sean Patrick O'Brien", "age": 52, "title": "Chief Financial Officer", "yearBorn": 1970, "exercisedValue": 0, "unexercisedValue": 0}], "maxAge": 86400, "latitude": 40.74843000000004, "longitude": -73.98566999999997}}