{"income_statement": {"annual": {"Year": {"1": "Selling, General & Admin", "2": "Operating Expenses", "3": "Operating Income", "4": "Other Expense / Income", "5": "Pretax Income", "6": "Net Income", "7": "Net Income Growth", "8": "Shares Outstanding (Basic)", "9": "Shares Outstanding (Diluted)", "10": "Shares Change", "11": "EPS (Basic)", "12": "EPS (Diluted)", "13": "EPS Growth", "14": "Free Cash Flow Per Share", "15": "EBITDA", "16": "EBIT"}, "2022": {"1": "1.12", "2": "1.12", "3": "-1.12", "4": "-13.96", "5": "12.84", "6": "12.84", "7": "675.52%", "8": "22", "9": "22", "10": "267.51%", "11": "0.60", "12": "0.60", "13": "114.29%", "14": "-0.03", "15": "12.84", "16": "12.84"}, "2021": {"1": "0.79", "2": "0.79", "3": "-0.79", "4": "-2.44", "5": "1.66", "6": "1.66", "7": "-", "8": "6", "9": "6", "10": "-", "11": "0.28", "12": "0.28", "13": "-", "14": "-0.05", "15": "1.66", "16": "1.66"}}, "quarterly": {"Metrics": {"1": "Selling, General & Admin", "2": "Operating Expenses", "3": "Operating Income", "4": "Other Expense / Income", "5": "Pretax Income", "6": "Net Income", "7": "Shares Outstanding (Basic)", "8": "Shares Outstanding (Diluted)", "9": "Shares Change", "10": "EPS (Basic)", "11": "EPS (Diluted)", "12": "Free Cash Flow Per Share", "13": "EBITDA", "14": "EBIT"}, "2022-12-31": {"1": "0.21", "2": "0.21", "3": "-0.21", "4": "-2.16", "5": "1.95", "6": "1.95", "7": "22", "8": "22", "9": "267.51%", "10": "0.09", "11": "0.09", "12": "-0.01", "13": "1.95", "14": "1.95"}, "2022-09-30": {"1": "0.34", "2": "0.34", "3": "-0.34", "4": "-0.89", "5": "0.55", "6": "0.55", "7": "22", "8": "22", "9": "475.00%", "10": "0.03", "11": "0.03", "12": "-0.01", "13": "0.55", "14": "0.55"}, "2022-06-30": {"1": "0.2", "2": "0.2", "3": "-0.2", "4": "-2.88", "5": "2.68", "6": "2.68", "7": "22", "8": "22", "9": "-", "10": "0.12", "11": "0.12", "12": "-0.01", "13": "2.68", "14": "2.68"}, "2022-03-31": {"1": "0.37", "2": "0.37", "3": "-0.37", "4": "-8.03", "5": "7.66", "6": "7.66", "7": "22", "8": "22", "9": "-", "10": "0.36", "11": "0.36", "12": "-0.01", "13": "7.66", "14": "7.66"}, "2021-12-31": {"1": "-", "2": "-", "3": "-", "4": "-", "5": "-", "6": "-", "7": "6", "8": "-", "9": "-", "10": "-", "11": "-", "12": "-", "13": "-", "14": "-"}, "2021-09-30": {"1": "0", "2": "0", "3": "0", "4": "-", "5": "0", "6": "0", "7": "4", "8": "4", "9": "-", "10": "-", "11": "-", "12": "-", "13": "-", "14": "0"}}}, "balance_sheet": {"annual": {"Year": {"1": "Cash & Equivalents", "2": "Cash & Cash Equivalents", "3": "Cash Growth", "4": "Other Current Assets", "5": "Total Current Assets", "6": "Long-Term Investments", "7": "Other Long-Term Assets", "8": "Total Long-Term Assets", "9": "Total Assets", "10": "Other Current Liabilities", "11": "Total Current Liabilities", "12": "Other Long-Term Liabilities", "13": "Total Long-Term Liabilities", "14": "Total Liabilities", "15": "Common Stock", "16": "Retained Earnings", "17": "Shareholders' Equity", "18": "Total Liabilities and Equity", "19": "Net Cash / Debt", "20": "Net Cash / Debt Growth", "21": "Net Cash Per Share", "22": "Working Capital", "23": "Book Value Per Share"}, "2022": {"1": "0.41", "2": "0.41", "3": "-56.66%", "4": "0.14", "5": "0.55", "6": "177.95", "7": "0", "8": "177.95", "9": "178.5", "10": "0.75", "11": "0.75", "12": "0.35", "13": "0.35", "14": "1.1", "15": "0", "16": "-0.55", "17": "-0.55", "18": "0.55", "19": "0.41", "20": "-56.66%", "21": "0.02", "22": "-0.2", "23": "-0.03"}, "2021": {"1": "0.95", "2": "0.95", "3": "-", "4": "0.15", "5": "1.1", "6": "175.95", "7": "0.14", "8": "176.09", "9": "177.19", "10": "0.32", "11": "0.32", "12": "18.09", "13": "18.09", "14": "18.42", "15": "0", "16": "-17.18", "17": "-17.18", "18": "1.24", "19": "0.95", "20": "-", "21": "0.16", "22": "0.78", "23": "-2.93"}}, "quarterly": {"Metrics": {"1": "Cash & Equivalents", "2": "Cash & Cash Equivalents", "3": "Cash Growth", "4": "Other Current Assets", "5": "Total Current Assets", "6": "Long-Term Investments", "7": "Other Long-Term Assets", "8": "Total Long-Term Assets", "9": "Total Assets", "10": "Other Current Liabilities", "11": "Total Current Liabilities", "12": "Other Long-Term Liabilities", "13": "Total Long-Term Liabilities", "14": "Total Liabilities", "15": "Common Stock", "16": "Retained Earnings", "17": "Shareholders' Equity", "18": "Total Liabilities and Equity", "19": "Net Cash / Debt", "20": "Net Cash / Debt Growth", "21": "Net Cash Per Share", "22": "Working Capital", "23": "Book Value Per Share"}, "2022-12-31": {"1": "0.41", "2": "0.41", "3": "-56.66%", "4": "0.14", "5": "0.55", "6": "177.95", "7": "0", "8": "177.95", "9": "178.5", "10": "0.75", "11": "0.75", "12": "0.35", "13": "0.35", "14": "1.1", "15": "0", "16": "-0.55", "17": "-0.55", "18": "0.55", "19": "0.41", "20": "-56.66%", "21": "0.02", "22": "-0.2", "23": "-0.03"}, "2022-09-30": {"1": "0.53", "2": "0.53", "3": "-", "4": "0.15", "5": "0.68", "6": "176.67", "7": "0.03", "8": "176.7", "9": "177.38", "10": "0.69", "11": "0.69", "12": "1.23", "13": "1.23", "14": "1.92", "15": "0", "16": "-1.22", "17": "-1.22", "18": "0.7", "19": "0.53", "20": "-", "21": "0.02", "22": "-0.01", "23": "-0.06"}, "2022-06-30": {"1": "0.67", "2": "0.67", "3": "-", "4": "0.15", "5": "0.82", "6": "176.21", "7": "0.06", "8": "176.27", "9": "177.09", "10": "0.53", "11": "0.53", "12": "7.44", "13": "7.44", "14": "7.97", "15": "0", "16": "-7.09", "17": "-7.09", "18": "0.88", "19": "0.67", "20": "-", "21": "0.03", "22": "0.29", "23": "-0.33"}, "2022-03-31": {"1": "0.79", "2": "0.79", "3": "-", "4": "0.15", "5": "0.94", "6": "175.96", "7": "0.1", "8": "176.06", "9": "177.01", "10": "0.49", "11": "0.49", "12": "10.08", "13": "10.08", "14": "10.57", "15": "0", "16": "-9.51", "17": "-9.51", "18": "1.06", "19": "0.79", "20": "-", "21": "0.04", "22": "0.45", "23": "-0.44"}, "2021-12-31": {"1": "0.95", "2": "0.95", "3": "-", "4": "0.15", "5": "1.1", "6": "175.95", "7": "0.14", "8": "176.09", "9": "177.19", "10": "0.32", "11": "0.32", "12": "18.09", "13": "18.09", "14": "18.42", "15": "0", "16": "-17.18", "17": "-17.18", "18": "1.24", "19": "0.95", "20": "-", "21": "-", "22": "0.78", "23": "-2.93"}, "2021-09-30": {"1": "0", "2": "0", "3": "-", "4": "-", "5": "-", "6": "-", "7": "-", "8": "-", "9": "0.54", "10": "0.52", "11": "0.52", "12": "0", "13": "0", "14": "0.52", "15": "0.03", "16": "-0.01", "17": "0.02", "18": "0.54", "19": "0", "20": "-", "21": "-", "22": "-", "23": "0.01"}}}, "cash_flow_statement": {"annual": {"Year": {"1": "Net Income", "2": "Other Operating Activities", "3": "Operating Cash Flow", "4": "Change in Investments", "5": "Investing Cash Flow", "6": "Share Issuance / Repurchase", "7": "Other Financing Activities", "8": "Financing Cash Flow", "9": "Net Cash Flow", "10": "Free Cash Flow", "11": "Free Cash Flow Per Share"}, "2022": {"1": "12.84", "2": "-13.38", "3": "-0.54", "4": "0", "5": "0", "6": "0", "7": "-", "8": "0", "9": "-0.54", "10": "-0.54", "11": "-0.03"}, "2021": {"1": "1.66", "2": "-1.94", "3": "-0.29", "4": "-175.95", "5": "-175.95", "6": "181.45", "7": "-4.26", "8": "177.19", "9": "0.95", "10": "-0.29", "11": "-0.05"}}, "quarterly": {"Metrics": {"1": "Net Income", "2": "Other Operating Activities", "3": "Operating Cash Flow", "4": "Net Cash Flow", "5": "Free Cash Flow", "6": "Free Cash Flow Per Share"}, "2022-12-31": {"1": "1.95", "2": "-2.06", "3": "-0.12", "4": "-0.12", "5": "-0.12", "6": "-0.01"}, "2022-09-30": {"1": "0.55", "2": "-0.69", "3": "-0.14", "4": "-0.14", "5": "-0.14", "6": "-0.01"}, "2022-06-30": {"1": "2.68", "2": "-2.81", "3": "-0.13", "4": "-0.13", "5": "-0.13", "6": "-0.01"}, "2022-03-31": {"1": "7.66", "2": "-7.82", "3": "-0.16", "4": "-0.16", "5": "-0.16", "6": "-0.01"}, "2021-12-31": {"1": "-", "2": "-", "3": "-", "4": "-", "5": "-", "6": "-"}}}, "ratios": {"annual": {"Year": {"1": "Market Capitalization", "2": "Market Cap Growth", "3": "Enterprise Value", "4": "PE Ratio", "5": "PB Ratio", "6": "P/FCF Ratio", "7": "P/OCF Ratio", "8": "EV/EBITDA Ratio", "9": "EV/EBIT Ratio", "10": "EV/FCF Ratio", "11": "Current Ratio", "12": "Return on Equity (ROE)", "13": "Return on Assets (ROA)", "14": "Return on Capital (ROIC)", "15": "Earnings Yield", "16": "FCF Yield", "17": "Buyback Yield / Dilution", "18": "Total Shareholder Return"}, "Current": {"1": "116", "2": "-", "3": "115", "4": "17.73", "5": "-401.13", "6": "-410.11", "7": "-410.11", "8": "8.98", "9": "8.98", "10": "-409.35", "11": "0.73", "12": "-279.40%", "13": "7.20%", "14": "7.30%", "15": "11.10%", "16": "-0.47%", "17": "-267.51%", "18": "-267.51%"}, "2022": {"1": "222", "2": "17.34%", "3": "221", "4": "17.26", "5": "-401.13", "6": "-410.11", "7": "-410.11", "8": "17.23", "9": "17.23", "10": "-409.35", "11": "0.73", "12": "-279.40%", "13": "7.20%", "14": "7.30%", "15": "5.79%", "16": "-0.24%", "17": "-267.51%", "18": "-267.51%"}, "2021": {"1": "189", "2": "-", "3": "188", "4": "114.07", "5": "-10.99", "6": "-655.66", "7": "-655.66", "8": "113.50", "9": "113.50", "10": "-652.35", "11": "3.42", "12": "-", "13": "-", "14": "-", "15": "0.88%", "16": "-0.15%", "17": "-", "18": "-"}}, "quarterly": {"Metrics": {"1": "Market Capitalization", "2": "Market Cap Growth", "3": "Enterprise Value", "4": "PE Ratio", "5": "PB Ratio", "6": "Current Ratio", "7": "Buyback Yield / Dilution", "8": "Total Shareholder Return"}, "Current": {"1": "116", "2": "-", "3": "115", "4": "17.73", "5": "-401.13", "6": "0.73", "7": "-267.51%", "8": "-267.51%"}, "2022-12-31": {"1": "222", "2": "17.34%", "3": "221", "4": "17.26", "5": "-401.13", "6": "0.73", "7": "-267.51%", "8": "-267.51%"}, "2022-09-30": {"1": "218", "2": "-", "3": "218", "4": "-", "5": "-179.14", "6": "0.98", "7": "-475.00%", "8": "-475.00%"}, "2022-06-30": {"1": "216", "2": "-", "3": "215", "4": "-", "5": "-30.43", "6": "1.55", "7": "-", "8": "-"}, "2022-03-31": {"1": "187", "2": "-", "3": "186", "4": "-", "5": "-19.65", "6": "1.92", "7": "-", "8": "-"}, "2021-12-31": {"1": "189", "2": "-", "3": "188", "4": "114.07", "5": "-10.99", "6": "3.42", "7": "-", "8": "-"}}}, "stock_price": {"symbol": {"0": "APXI", "1": "APXI", "2": "APXI", "3": "APXI", "4": "APXI", "5": "APXI", "6": "APXI", "7": "APXI", "8": "APXI", "9": "APXI", "10": "APXI", "11": "APXI", "12": "APXI", "13": "APXI", "14": "APXI", "15": "APXI", "16": "APXI", "17": "APXI", "18": "APXI", "19": "APXI", "20": "APXI", "21": "APXI", "22": "APXI", "23": "APXI", "24": "APXI", "25": "APXI", "26": "APXI", "27": "APXI", "28": "APXI", "29": "APXI", "30": "APXI", "31": "APXI", "32": "APXI", "33": "APXI", "34": "APXI", "35": "APXI", "36": "APXI", "37": "APXI", "38": "APXI", "39": "APXI", "40": "APXI", "41": "APXI", "42": "APXI", "43": "APXI", "44": "APXI", "45": "APXI", "46": "APXI", "47": "APXI", "48": "APXI", "49": "APXI", "50": "APXI", "51": "APXI", "52": "APXI", "53": "APXI", "54": "APXI", "55": "APXI", "56": "APXI", "57": "APXI", "58": "APXI", "59": "APXI", "60": "APXI", "61": "APXI", "62": "APXI", "63": "APXI", "64": "APXI", "65": "APXI", "66": "APXI", "67": "APXI", "68": "APXI", "69": "APXI", "70": "APXI", "71": "APXI", "72": "APXI", "73": "APXI", "74": "APXI", "75": "APXI", "76": "APXI", "77": "APXI", "78": "APXI", "79": "APXI", "80": "APXI", "81": "APXI", "82": "APXI", "83": "APXI", "84": "APXI", "85": "APXI", "86": "APXI", "87": "APXI", "88": "APXI", "89": "APXI", "90": "APXI", "91": "APXI", "92": "APXI", "93": "APXI", "94": "APXI", "95": "APXI", "96": "APXI", "97": "APXI", "98": "APXI", "99": "APXI", "100": "APXI", "101": "APXI", "102": "APXI", "103": "APXI", "104": "APXI", "105": "APXI", "106": "APXI", "107": "APXI", "108": "APXI", "109": "APXI", "110": "APXI", "111": "APXI", "112": "APXI", "113": "APXI", "114": "APXI", "115": "APXI", "116": "APXI", "117": "APXI", "118": "APXI", "119": "APXI", "120": "APXI", "121": "APXI", "122": "APXI", "123": "APXI", "124": "APXI", "125": "APXI", "126": "APXI", "127": "APXI", "128": "APXI", "129": "APXI", "130": "APXI", "131": "APXI", "132": "APXI", "133": "APXI", "134": "APXI", "135": "APXI", "136": "APXI", "137": "APXI", "138": "APXI", "139": "APXI", "140": "APXI", "141": "APXI", "142": "APXI", "143": "APXI", "144": "APXI", "145": "APXI", "146": "APXI", "147": "APXI", "148": "APXI", "149": "APXI", "150": "APXI", "151": "APXI", "152": "APXI", "153": "APXI", "154": "APXI", "155": "APXI", "156": "APXI", "157": "APXI", "158": "APXI", "159": "APXI", "160": "APXI", "161": "APXI", "162": "APXI", "163": "APXI", "164": "APXI", "165": "APXI", "166": "APXI", "167": "APXI", "168": "APXI", "169": "APXI", "170": "APXI", "171": "APXI", "172": "APXI", "173": "APXI", "174": "APXI", "175": "APXI", "176": "APXI", "177": "APXI", "178": "APXI", "179": "APXI", "180": "APXI", "181": "APXI", "182": "APXI", "183": "APXI", "184": "APXI", "185": "APXI", "186": "APXI", "187": "APXI", "188": "APXI", "189": "APXI", "190": "APXI", "191": "APXI", "192": "APXI", "193": "APXI", "194": "APXI", "195": "APXI", "196": "APXI", "197": "APXI", "198": "APXI", "199": "APXI", "200": "APXI", "201": "APXI", "202": "APXI", "203": "APXI", "204": "APXI", "205": "APXI", "206": "APXI", "207": "APXI", "208": "APXI", "209": "APXI", "210": "APXI", "211": "APXI", "212": "APXI", "213": "APXI", "214": "APXI", "215": "APXI", "216": "APXI", "217": "APXI", "218": "APXI", "219": "APXI", "220": "APXI", "221": "APXI", "222": "APXI", "223": "APXI", "224": "APXI", "225": "APXI", "226": "APXI", "227": "APXI", "228": "APXI", "229": "APXI", "230": "APXI", "231": "APXI", "232": "APXI", "233": "APXI", "234": "APXI", "235": "APXI", "236": "APXI", "237": "APXI", "238": "APXI", "239": "APXI", "240": "APXI", "241": "APXI", "242": "APXI", "243": "APXI", "244": "APXI", "245": "APXI", "246": "APXI", "247": "APXI", "248": "APXI", "249": "APXI", "250": "APXI", "251": "APXI", "252": "APXI", "253": "APXI", "254": "APXI", "255": "APXI", "256": "APXI", "257": "APXI", "258": "APXI", "259": "APXI", "260": "APXI", "261": "APXI", "262": "APXI", "263": "APXI", "264": "APXI", "265": "APXI", "266": "APXI", "267": "APXI", "268": "APXI", "269": "APXI", "270": "APXI", "271": "APXI", "272": "APXI", "273": "APXI", "274": "APXI", "275": "APXI", "276": "APXI", "277": "APXI", "278": "APXI", "279": "APXI", "280": "APXI", "281": "APXI", "282": "APXI", "283": "APXI", "284": "APXI", "285": "APXI", "286": "APXI", "287": "APXI", "288": "APXI", "289": "APXI", "290": "APXI", "291": "APXI", "292": "APXI", "293": "APXI", "294": "APXI", "295": "APXI", "296": "APXI", "297": "APXI", "298": "APXI", "299": "APXI", "300": "APXI", "301": "APXI", "302": "APXI", "303": "APXI", "304": "APXI", "305": "APXI", "306": "APXI", "307": "APXI", "308": "APXI", "309": "APXI", "310": "APXI", "311": "APXI", "312": "APXI", "313": "APXI", "314": "APXI", "315": "APXI", "316": "APXI", "317": "APXI", "318": "APXI", "319": "APXI", "320": "APXI", "321": "APXI", "322": "APXI", "323": "APXI", "324": "APXI", "325": "APXI", "326": "APXI", "327": "APXI", "328": "APXI", "329": "APXI", "330": "APXI", "331": "APXI", "332": "APXI", "333": "APXI", "334": "APXI", "335": "APXI", "336": "APXI", "337": "APXI", "338": "APXI", "339": "APXI", "340": "APXI", "341": "APXI", "342": "APXI", "343": "APXI", "344": "APXI", "345": "APXI", "346": "APXI", "347": "APXI", "348": "APXI", "349": "APXI", "350": "APXI", "351": "APXI", "352": "APXI", "353": "APXI", "354": "APXI", "355": "APXI"}, "date": {"0": "2022-01-28", "1": "2022-01-31", "2": "2022-02-01", "3": "2022-02-02", "4": "2022-02-03", "5": "2022-02-04", "6": "2022-02-07", "7": "2022-02-08", "8": "2022-02-09", "9": "2022-02-10", "10": "2022-02-11", "11": "2022-02-14", "12": "2022-02-15", "13": "2022-02-16", "14": "2022-02-17", "15": "2022-02-18", "16": "2022-02-22", "17": "2022-02-23", "18": "2022-02-24", "19": "2022-02-25", "20": "2022-02-28", "21": "2022-03-01", "22": "2022-03-02", "23": "2022-03-03", "24": "2022-03-04", "25": "2022-03-07", "26": "2022-03-08", "27": "2022-03-09", "28": "2022-03-10", "29": "2022-03-11", "30": "2022-03-14", "31": "2022-03-15", "32": "2022-03-16", "33": "2022-03-17", "34": "2022-03-18", "35": "2022-03-21", "36": "2022-03-22", "37": "2022-03-23", "38": "2022-03-24", "39": "2022-03-25", "40": "2022-03-28", "41": "2022-03-29", "42": "2022-03-30", "43": "2022-03-31", "44": "2022-04-01", "45": "2022-04-04", "46": "2022-04-05", "47": "2022-04-06", "48": "2022-04-07", "49": "2022-04-08", "50": "2022-04-11", "51": "2022-04-12", "52": "2022-04-13", "53": "2022-04-14", "54": "2022-04-18", "55": "2022-04-19", "56": "2022-04-20", "57": "2022-04-21", "58": "2022-04-22", "59": "2022-04-25", "60": "2022-04-26", "61": "2022-04-27", "62": "2022-04-28", "63": "2022-04-29", "64": "2022-05-02", "65": "2022-05-03", "66": "2022-05-04", "67": "2022-05-05", "68": "2022-05-06", "69": "2022-05-09", "70": "2022-05-10", "71": "2022-05-11", "72": "2022-05-12", "73": "2022-05-13", "74": "2022-05-16", "75": "2022-05-17", "76": "2022-05-18", "77": "2022-05-19", "78": "2022-05-20", "79": "2022-05-23", "80": "2022-05-24", "81": "2022-05-25", "82": "2022-05-26", "83": "2022-05-27", "84": "2022-05-31", "85": "2022-06-01", "86": "2022-06-02", "87": "2022-06-03", "88": "2022-06-06", "89": "2022-06-07", "90": "2022-06-08", "91": "2022-06-09", "92": "2022-06-10", "93": "2022-06-13", "94": "2022-06-14", "95": "2022-06-15", "96": "2022-06-16", "97": "2022-06-17", "98": "2022-06-21", "99": "2022-06-22", "100": "2022-06-23", "101": "2022-06-24", "102": "2022-06-27", "103": "2022-06-28", "104": "2022-06-29", "105": "2022-06-30", "106": "2022-07-01", "107": "2022-07-05", "108": "2022-07-06", "109": "2022-07-07", "110": "2022-07-08", "111": "2022-07-11", "112": "2022-07-12", "113": "2022-07-13", "114": "2022-07-14", "115": "2022-07-15", "116": "2022-07-18", "117": "2022-07-19", "118": "2022-07-20", "119": "2022-07-21", "120": "2022-07-22", "121": "2022-07-25", "122": "2022-07-26", "123": "2022-07-27", "124": "2022-07-28", "125": "2022-07-29", "126": "2022-08-01", "127": "2022-08-02", "128": "2022-08-03", "129": "2022-08-04", "130": "2022-08-05", "131": "2022-08-08", "132": "2022-08-09", "133": "2022-08-10", "134": "2022-08-11", "135": "2022-08-12", "136": "2022-08-15", "137": "2022-08-16", "138": "2022-08-17", "139": "2022-08-18", "140": "2022-08-19", "141": "2022-08-22", "142": "2022-08-23", "143": "2022-08-24", "144": "2022-08-25", "145": "2022-08-26", "146": "2022-08-29", "147": "2022-08-30", "148": "2022-08-31", "149": "2022-09-01", "150": "2022-09-02", "151": "2022-09-06", "152": "2022-09-07", "153": "2022-09-08", "154": "2022-09-09", "155": "2022-09-12", "156": "2022-09-13", "157": "2022-09-14", "158": "2022-09-15", "159": "2022-09-16", "160": "2022-09-19", "161": "2022-09-20", "162": "2022-09-21", "163": "2022-09-22", "164": "2022-09-23", "165": "2022-09-26", "166": "2022-09-27", "167": "2022-09-28", "168": "2022-09-29", "169": "2022-09-30", "170": "2022-10-03", "171": "2022-10-04", "172": "2022-10-05", "173": "2022-10-06", "174": "2022-10-07", "175": "2022-10-10", "176": "2022-10-11", "177": "2022-10-12", "178": "2022-10-13", "179": "2022-10-14", "180": "2022-10-17", "181": "2022-10-18", "182": "2022-10-19", "183": "2022-10-20", "184": "2022-10-21", "185": "2022-10-24", "186": "2022-10-25", "187": "2022-10-26", "188": "2022-10-27", "189": "2022-10-28", "190": "2022-10-31", "191": "2022-11-01", "192": "2022-11-02", "193": "2022-11-03", "194": "2022-11-04", "195": "2022-11-07", "196": "2022-11-08", "197": "2022-11-09", "198": "2022-11-10", "199": "2022-11-11", "200": "2022-11-14", "201": "2022-11-15", "202": "2022-11-16", "203": "2022-11-17", "204": "2022-11-18", "205": "2022-11-21", "206": "2022-11-22", "207": "2022-11-23", "208": "2022-11-25", "209": "2022-11-28", "210": "2022-11-29", "211": "2022-11-30", "212": "2022-12-01", "213": "2022-12-02", "214": "2022-12-05", "215": "2022-12-06", "216": "2022-12-07", "217": "2022-12-08", "218": "2022-12-09", "219": "2022-12-12", "220": "2022-12-13", "221": "2022-12-14", "222": "2022-12-15", "223": "2022-12-16", "224": "2022-12-19", "225": "2022-12-20", "226": "2022-12-21", "227": "2022-12-22", "228": "2022-12-23", "229": "2022-12-27", "230": "2022-12-28", "231": "2022-12-29", "232": "2022-12-30", "233": "2023-01-03", "234": "2023-01-04", "235": "2023-01-05", "236": "2023-01-06", "237": "2023-01-09", "238": "2023-01-10", "239": "2023-01-11", "240": "2023-01-12", "241": "2023-01-13", "242": "2023-01-17", "243": "2023-01-18", "244": "2023-01-19", "245": "2023-01-20", "246": "2023-01-23", "247": "2023-01-24", "248": "2023-01-25", "249": "2023-01-26", "250": "2023-01-27", "251": "2023-01-30", "252": "2023-01-31", "253": "2023-02-01", "254": "2023-02-02", "255": "2023-02-03", "256": "2023-02-06", "257": "2023-02-07", "258": "2023-02-08", "259": "2023-02-09", "260": "2023-02-10", "261": "2023-02-13", "262": "2023-02-14", "263": "2023-02-15", "264": "2023-02-16", "265": "2023-02-17", "266": "2023-02-21", "267": "2023-02-22", "268": "2023-02-23", "269": "2023-02-24", "270": "2023-02-27", "271": "2023-02-28", "272": "2023-03-01", "273": "2023-03-02", "274": "2023-03-03", "275": "2023-03-06", "276": "2023-03-07", "277": "2023-03-08", "278": "2023-03-09", "279": "2023-03-10", "280": "2023-03-13", "281": "2023-03-14", "282": "2023-03-15", "283": "2023-03-16", "284": "2023-03-17", "285": "2023-03-20", "286": "2023-03-21", "287": "2023-03-22", "288": "2023-03-23", "289": "2023-03-24", "290": "2023-03-27", "291": "2023-03-28", "292": "2023-03-29", "293": "2023-03-30", "294": "2023-03-31", "295": "2023-04-03", "296": "2023-04-04", "297": "2023-04-05", "298": "2023-04-06", "299": "2023-04-10", "300": "2023-04-11", "301": "2023-04-12", "302": "2023-04-13", "303": "2023-04-14", "304": "2023-04-17", "305": "2023-04-18", "306": "2023-04-19", "307": "2023-04-20", "308": "2023-04-21", "309": "2023-04-24", "310": "2023-04-25", "311": "2023-04-26", "312": "2023-04-27", "313": "2023-04-28", "314": "2023-05-01", "315": "2023-05-02", "316": "2023-05-03", "317": "2023-05-04", "318": "2023-05-05", "319": "2023-05-08", "320": "2023-05-09", "321": "2023-05-10", "322": "2023-05-11", "323": "2023-05-12", "324": "2023-05-15", "325": "2023-05-16", "326": "2023-05-17", "327": "2023-05-18", "328": "2023-05-19", "329": "2023-05-22", "330": "2023-05-23", "331": "2023-05-24", "332": "2023-05-25", "333": "2023-05-26", "334": "2023-05-30", "335": "2023-05-31", "336": "2023-06-01", "337": "2023-06-02", "338": "2023-06-05", "339": "2023-06-06", "340": "2023-06-07", "341": "2023-06-08", "342": "2023-06-09", "343": "2023-06-12", "344": "2023-06-13", "345": "2023-06-14", "346": "2023-06-15", "347": "2023-06-16", "348": "2023-06-20", "349": "2023-06-21", "350": "2023-06-22", "351": "2023-06-23", "352": "2023-06-26", "353": "2023-06-27", "354": "2023-06-28", "355": "2023-06-29"}, "open": {"0": 9.800000190734863, "1": 9.829999923706055, "2": 9.829999923706055, "3": 9.829999923706055, "4": 9.829999923706055, "5": 9.829999923706055, "6": 9.970000267028809, "7": 9.989999771118164, "8": 9.829999923706055, "9": 9.829999923706055, "10": 9.949999809265137, "11": 9.970000267028809, "12": 9.890000343322754, "13": 9.890000343322754, "14": 9.890000343322754, "15": 9.890000343322754, "16": 9.890000343322754, "17": 9.890000343322754, "18": 9.890000343322754, "19": 9.890000343322754, "20": 9.899999618530273, "21": 9.920000076293945, "22": 9.920000076293945, "23": 9.920000076293945, "24": 9.9399995803833, "25": 9.9399995803833, "26": 9.9399995803833, "27": 9.9399995803833, "28": 9.949999809265137, "29": 9.949999809265137, "30": 9.920000076293945, "31": 9.920000076293945, "32": 9.920000076293945, "33": 9.920000076293945, "34": 9.920000076293945, "35": 9.920000076293945, "36": 9.920000076293945, "37": 9.920000076293945, "38": 9.920000076293945, "39": 9.970000267028809, "40": 9.944999694824219, "41": 9.944999694824219, "42": 9.944999694824219, "43": 9.970000267028809, "44": 9.970000267028809, "45": 9.9399995803833, "46": 9.960000038146973, "47": 9.979999542236328, "48": 9.989999771118164, "49": 9.989999771118164, "50": 9.994999885559082, "51": 9.989999771118164, "52": 9.979999542236328, "53": 10.010000228881836, "54": 10.010000228881836, "55": 10.010000228881836, "56": 10.010000228881836, "57": 10.020000457763672, "58": 10.119999885559082, "59": 10.050000190734863, "60": 10.020000457763672, "61": 10.020000457763672, "62": 10.020000457763672, "63": 10.020000457763672, "64": 10.020000457763672, "65": 10.029999732971191, "66": 10.020000457763672, "67": 10.020000457763672, "68": 10.020000457763672, "69": 10.0, "70": 9.989999771118164, "71": 9.989999771118164, "72": 9.979999542236328, "73": 9.960000038146973, "74": 9.960000038146973, "75": 9.960000038146973, "76": 9.960000038146973, "77": 9.960000038146973, "78": 9.949999809265137, "79": 9.960000038146973, "80": 9.949999809265137, "81": 9.949999809265137, "82": 9.960000038146973, "83": 9.979999542236328, "84": 9.979999542236328, "85": 9.979999542236328, "86": 9.979999542236328, "87": 9.979999542236328, "88": 9.970000267028809, "89": 9.979999542236328, "90": 9.979999542236328, "91": 9.979999542236328, "92": 10.0, "93": 10.0, "94": 9.979999542236328, "95": 9.989999771118164, "96": 9.979999542236328, "97": 9.979999542236328, "98": 9.979999542236328, "99": 9.979999542236328, "100": 10.119999885559082, "101": 9.979999542236328, "102": 9.970000267028809, "103": 10.0, "104": 10.010000228881836, "105": 10.010000228881836, "106": 10.010000228881836, "107": 10.020000457763672, "108": 10.020000457763672, "109": 10.020000457763672, "110": 10.010000228881836, "111": 10.010000228881836, "112": 10.010000228881836, "113": 10.010000228881836, "114": 10.029999732971191, "115": 10.029999732971191, "116": 10.029999732971191, "117": 10.029999732971191, "118": 10.029999732971191, "119": 10.029999732971191, "120": 10.029999732971191, "121": 10.029999732971191, "122": 10.029999732971191, "123": 10.029999732971191, "124": 10.029999732971191, "125": 10.029999732971191, "126": 10.029999732971191, "127": 10.039999961853027, "128": 10.050000190734863, "129": 10.045000076293945, "130": 10.039999961853027, "131": 10.039999961853027, "132": 10.039999961853027, "133": 10.039999961853027, "134": 10.039999961853027, "135": 10.039999961853027, "136": 10.069999694824219, "137": 10.069999694824219, "138": 10.050000190734863, "139": 10.050000190734863, "140": 10.079999923706055, "141": 10.050000190734863, "142": 10.0600004196167, "143": 10.0600004196167, "144": 10.0600004196167, "145": 10.0600004196167, "146": 10.0600004196167, "147": 10.0600004196167, "148": 10.0600004196167, "149": 10.079999923706055, "150": 10.079999923706055, "151": 10.074999809265137, "152": 10.079999923706055, "153": 10.085000038146973, "154": 10.079999923706055, "155": 10.09000015258789, "156": 10.085000038146973, "157": 10.09000015258789, "158": 10.095000267028809, "159": 10.100000381469727, "160": 10.109999656677246, "161": 10.109999656677246, "162": 10.100000381469727, "163": 10.109999656677246, "164": 10.109999656677246, "165": 10.109999656677246, "166": 10.1899995803833, "167": 10.100000381469727, "168": 10.100000381469727, "169": 10.119999885559082, "170": 10.119999885559082, "171": 10.119999885559082, "172": 10.119999885559082, "173": 10.119999885559082, "174": 10.130000114440918, "175": 10.140000343322754, "176": 10.119999885559082, "177": 10.130000114440918, "178": 10.130000114440918, "179": 10.130000114440918, "180": 10.130000114440918, "181": 10.130000114440918, "182": 10.140000343322754, "183": 10.140000343322754, "184": 10.149999618530273, "185": 10.149999618530273, "186": 10.15999984741211, "187": 10.15999984741211, "188": 10.15999984741211, "189": 10.15999984741211, "190": 10.180000305175781, "191": 10.180000305175781, "192": 10.204999923706055, "193": 10.206000328063965, "194": 10.206000328063965, "195": 10.210000038146973, "196": 10.210000038146973, "197": 10.199999809265137, "198": 10.199999809265137, "199": 10.199999809265137, "200": 10.199999809265137, "201": 10.199999809265137, "202": 10.199999809265137, "203": 10.199999809265137, "204": 10.210000038146973, "205": 10.229999542236328, "206": 10.210000038146973, "207": 10.25, "208": 10.225000381469727, "209": 10.260000228881836, "210": 10.225000381469727, "211": 10.229999542236328, "212": 10.234999656677246, "213": 10.229999542236328, "214": 10.279999732971191, "215": 10.260000228881836, "216": 10.279999732971191, "217": 10.279999732971191, "218": 10.289999961853027, "219": 10.289999961853027, "220": 10.25, "221": 10.239999771118164, "222": 10.239999771118164, "223": 10.239999771118164, "224": 10.239999771118164, "225": 10.239999771118164, "226": 10.239999771118164, "227": 10.220000267028809, "228": 10.25, "229": 10.260000228881836, "230": 10.270000457763672, "231": 10.270000457763672, "232": 10.274999618530273, "233": 10.260000228881836, "234": 10.260000228881836, "235": 10.279999732971191, "236": 10.279999732971191, "237": 10.279999732971191, "238": 10.300000190734863, "239": 10.329999923706055, "240": 10.300000190734863, "241": 10.329999923706055, "242": 10.329999923706055, "243": 10.329999923706055, "244": 10.324999809265137, "245": 10.319999694824219, "246": 10.34000015258789, "247": 10.329999923706055, "248": 10.350000381469727, "249": 10.350000381469727, "250": 10.350000381469727, "251": 10.359999656677246, "252": 10.359999656677246, "253": 10.359999656677246, "254": 10.350000381469727, "255": 10.350000381469727, "256": 10.350000381469727, "257": 10.350000381469727, "258": 10.350000381469727, "259": 10.350000381469727, "260": 10.350000381469727, "261": 10.359999656677246, "262": 10.380000114440918, "263": 10.350000381469727, "264": 10.390000343322754, "265": 10.390000343322754, "266": 10.420000076293945, "267": 10.40999984741211, "268": 10.40999984741211, "269": 10.699999809265137, "270": 10.449999809265137, "271": 10.5, "272": 10.449999809265137, "273": 10.449999809265137, "274": 10.449999809265137, "275": 10.510000228881836, "276": 10.470000267028809, "277": 10.5, "278": 10.5, "279": 10.5, "280": 10.5, "281": 10.494999885559082, "282": 10.494999885559082, "283": 10.494999885559082, "284": 10.510000228881836, "285": 10.489999771118164, "286": 10.489999771118164, "287": 10.520000457763672, "288": 10.520000457763672, "289": 10.520000457763672, "290": 10.520000457763672, "291": 10.520000457763672, "292": 10.520000457763672, "293": 10.520000457763672, "294": 10.520000457763672, "295": 10.520000457763672, "296": 10.520000457763672, "297": 10.539999961853027, "298": 10.539999961853027, "299": 10.539999961853027, "300": 10.539999961853027, "301": 10.539999961853027, "302": 10.539999961853027, "303": 10.550000190734863, "304": 10.539999961853027, "305": 10.539999961853027, "306": 10.550000190734863, "307": 10.539999961853027, "308": 10.539999961853027, "309": 10.539999961853027, "310": 10.550000190734863, "311": 10.600000381469727, "312": 10.600000381469727, "313": 10.600000381469727, "314": 10.600000381469727, "315": 10.600000381469727, "316": 10.5600004196167, "317": 10.5600004196167, "318": 10.5600004196167, "319": 10.5600004196167, "320": 10.5600004196167, "321": 10.5600004196167, "322": 10.5600004196167, "323": 10.5600004196167, "324": 10.640000343322754, "325": 10.640000343322754, "326": 10.640000343322754, "327": 10.640000343322754, "328": 10.640000343322754, "329": 10.640000343322754, "330": 10.579999923706055, "331": 10.640000343322754, "332": 10.640000343322754, "333": 10.640000343322754, "334": 10.640000343322754, "335": 10.645000457763672, "336": 10.645000457763672, "337": 10.670000076293945, "338": 10.675000190734863, "339": 10.670000076293945, "340": 10.670000076293945, "341": 10.670000076293945, "342": 10.699999809265137, "343": 10.699999809265137, "344": 10.710000038146973, "345": 10.75, "346": 10.704999923706055, "347": 10.704999923706055, "348": 10.704999923706055, "349": 10.704999923706055, "350": 10.710000038146973, "351": 10.699999809265137, "352": 10.699999809265137, "353": 10.720000267028809, "354": 10.739999771118164, "355": 10.770000457763672}, "high": {"0": 9.829999923706055, "1": 9.829999923706055, "2": 9.829999923706055, "3": 9.829999923706055, "4": 9.829999923706055, "5": 9.829999923706055, "6": 9.989999771118164, "7": 9.989999771118164, "8": 9.829999923706055, "9": 9.829999923706055, "10": 9.970000267028809, "11": 9.970000267028809, "12": 9.890000343322754, "13": 9.890000343322754, "14": 9.890000343322754, "15": 9.890000343322754, "16": 9.90999984741211, "17": 9.890000343322754, "18": 9.890000343322754, "19": 9.890000343322754, "20": 9.930000305175781, "21": 9.920000076293945, "22": 9.920000076293945, "23": 9.920000076293945, "24": 9.9399995803833, "25": 9.9399995803833, "26": 9.9399995803833, "27": 9.9399995803833, "28": 9.949999809265137, "29": 9.949999809265137, "30": 9.920000076293945, "31": 9.920000076293945, "32": 9.920000076293945, "33": 9.920000076293945, "34": 9.920000076293945, "35": 9.920000076293945, "36": 9.920000076293945, "37": 9.920000076293945, "38": 9.920000076293945, "39": 9.970000267028809, "40": 9.944999694824219, "41": 9.944999694824219, "42": 9.944999694824219, "43": 9.970000267028809, "44": 9.970000267028809, "45": 9.9399995803833, "46": 9.979999542236328, "47": 9.979999542236328, "48": 9.989999771118164, "49": 10.0, "50": 10.0, "51": 10.0, "52": 10.079999923706055, "53": 10.020000457763672, "54": 10.010000228881836, "55": 10.010000228881836, "56": 10.010000228881836, "57": 10.020000457763672, "58": 10.524999618530273, "59": 10.069999694824219, "60": 10.020000457763672, "61": 10.020000457763672, "62": 10.020000457763672, "63": 10.020000457763672, "64": 10.020000457763672, "65": 10.029999732971191, "66": 10.020000457763672, "67": 10.020000457763672, "68": 10.020000457763672, "69": 10.0, "70": 9.989999771118164, "71": 9.989999771118164, "72": 9.979999542236328, "73": 9.960000038146973, "74": 9.960000038146973, "75": 9.979999542236328, "76": 9.960000038146973, "77": 9.960000038146973, "78": 9.949999809265137, "79": 9.960000038146973, "80": 9.949999809265137, "81": 9.949999809265137, "82": 9.970000267028809, "83": 10.0, "84": 9.979999542236328, "85": 9.979999542236328, "86": 9.989999771118164, "87": 9.979999542236328, "88": 9.970000267028809, "89": 10.020000457763672, "90": 9.979999542236328, "91": 9.979999542236328, "92": 10.0, "93": 10.0, "94": 9.979999542236328, "95": 9.989999771118164, "96": 9.979999542236328, "97": 9.979999542236328, "98": 9.979999542236328, "99": 9.979999542236328, "100": 10.5, "101": 9.979999542236328, "102": 10.045000076293945, "103": 10.0, "104": 10.010000228881836, "105": 10.010000228881836, "106": 10.010000228881836, "107": 10.029999732971191, "108": 10.020000457763672, "109": 10.020000457763672, "110": 10.010000228881836, "111": 10.010000228881836, "112": 10.010000228881836, "113": 10.010000228881836, "114": 10.029999732971191, "115": 10.029999732971191, "116": 10.029999732971191, "117": 10.029999732971191, "118": 10.029999732971191, "119": 10.029999732971191, "120": 10.029999732971191, "121": 10.029999732971191, "122": 10.029999732971191, "123": 10.029999732971191, "124": 10.029999732971191, "125": 10.029999732971191, "126": 10.029999732971191, "127": 10.050000190734863, "128": 10.050000190734863, "129": 10.0600004196167, "130": 10.0600004196167, "131": 10.039999961853027, "132": 10.039999961853027, "133": 10.039999961853027, "134": 10.039999961853027, "135": 10.039999961853027, "136": 10.079999923706055, "137": 10.069999694824219, "138": 10.050000190734863, "139": 10.050000190734863, "140": 10.079999923706055, "141": 10.050000190734863, "142": 10.069999694824219, "143": 10.0600004196167, "144": 10.0600004196167, "145": 10.0600004196167, "146": 10.0600004196167, "147": 10.0600004196167, "148": 10.069999694824219, "149": 10.079999923706055, "150": 10.079999923706055, "151": 10.074999809265137, "152": 10.079999923706055, "153": 10.085000038146973, "154": 10.079999923706055, "155": 10.09000015258789, "156": 10.09000015258789, "157": 10.09000015258789, "158": 10.100000381469727, "159": 10.100000381469727, "160": 10.109999656677246, "161": 10.109999656677246, "162": 10.109999656677246, "163": 10.109999656677246, "164": 10.109999656677246, "165": 10.109999656677246, "166": 10.1899995803833, "167": 10.100000381469727, "168": 10.100000381469727, "169": 10.119999885559082, "170": 10.119999885559082, "171": 10.125, "172": 10.119999885559082, "173": 10.119999885559082, "174": 10.140000343322754, "175": 10.140000343322754, "176": 10.119999885559082, "177": 10.130000114440918, "178": 10.130000114440918, "179": 10.130000114440918, "180": 10.130000114440918, "181": 10.130000114440918, "182": 10.140000343322754, "183": 10.140000343322754, "184": 10.149999618530273, "185": 10.15999984741211, "186": 10.15999984741211, "187": 10.15999984741211, "188": 10.15999984741211, "189": 10.15999984741211, "190": 10.180000305175781, "191": 10.180000305175781, "192": 10.204999923706055, "193": 10.206000328063965, "194": 10.206000328063965, "195": 10.210000038146973, "196": 10.210000038146973, "197": 10.199999809265137, "198": 10.199999809265137, "199": 10.199999809265137, "200": 10.199999809265137, "201": 10.204999923706055, "202": 10.199999809265137, "203": 10.199999809265137, "204": 10.210000038146973, "205": 10.229999542236328, "206": 10.225000381469727, "207": 10.25, "208": 10.225000381469727, "209": 10.260000228881836, "210": 10.225000381469727, "211": 10.229999542236328, "212": 10.234999656677246, "213": 10.239999771118164, "214": 10.279999732971191, "215": 10.270000457763672, "216": 10.279999732971191, "217": 10.279999732971191, "218": 10.289999961853027, "219": 10.289999961853027, "220": 10.25, "221": 10.239999771118164, "222": 10.239999771118164, "223": 10.239999771118164, "224": 10.239999771118164, "225": 10.239999771118164, "226": 10.260000228881836, "227": 10.25, "228": 10.25, "229": 10.270000457763672, "230": 10.270000457763672, "231": 10.274999618530273, "232": 10.274999618530273, "233": 10.260000228881836, "234": 10.270000457763672, "235": 10.279999732971191, "236": 10.279999732971191, "237": 10.279999732971191, "238": 10.329999923706055, "239": 10.34000015258789, "240": 10.300000190734863, "241": 10.329999923706055, "242": 10.329999923706055, "243": 10.34000015258789, "244": 10.34000015258789, "245": 10.329999923706055, "246": 10.34000015258789, "247": 10.34000015258789, "248": 10.350000381469727, "249": 10.350000381469727, "250": 10.369999885559082, "251": 10.359999656677246, "252": 10.359999656677246, "253": 10.359999656677246, "254": 10.350000381469727, "255": 10.350000381469727, "256": 10.350000381469727, "257": 10.350000381469727, "258": 10.350000381469727, "259": 10.350000381469727, "260": 10.420000076293945, "261": 10.359999656677246, "262": 10.380000114440918, "263": 10.420000076293945, "264": 10.399999618530273, "265": 10.399999618530273, "266": 10.420000076293945, "267": 10.40999984741211, "268": 10.47700023651123, "269": 10.699999809265137, "270": 10.449999809265137, "271": 10.5, "272": 10.449999809265137, "273": 10.449999809265137, "274": 10.449999809265137, "275": 10.510000228881836, "276": 10.470000267028809, "277": 10.5, "278": 10.5, "279": 10.5, "280": 10.5, "281": 10.494999885559082, "282": 10.494999885559082, "283": 10.494999885559082, "284": 10.510000228881836, "285": 10.489999771118164, "286": 10.489999771118164, "287": 10.600000381469727, "288": 10.520000457763672, "289": 10.520000457763672, "290": 10.520000457763672, "291": 10.520000457763672, "292": 10.520000457763672, "293": 10.520000457763672, "294": 10.520000457763672, "295": 10.520000457763672, "296": 10.520000457763672, "297": 10.539999961853027, "298": 10.539999961853027, "299": 10.539999961853027, "300": 10.539999961853027, "301": 10.539999961853027, "302": 10.539999961853027, "303": 10.550000190734863, "304": 10.539999961853027, "305": 10.550000190734863, "306": 10.550000190734863, "307": 10.539999961853027, "308": 10.539999961853027, "309": 10.539999961853027, "310": 10.579999923706055, "311": 10.600000381469727, "312": 10.600000381469727, "313": 10.600000381469727, "314": 10.600000381469727, "315": 10.600000381469727, "316": 10.569999694824219, "317": 10.569999694824219, "318": 10.5600004196167, "319": 10.5600004196167, "320": 10.5600004196167, "321": 10.5600004196167, "322": 10.5600004196167, "323": 10.5600004196167, "324": 10.640000343322754, "325": 10.640000343322754, "326": 10.640000343322754, "327": 10.640000343322754, "328": 10.640000343322754, "329": 10.640000343322754, "330": 10.579999923706055, "331": 10.640000343322754, "332": 10.640000343322754, "333": 10.640000343322754, "334": 10.640000343322754, "335": 10.649999618530273, "336": 10.65999984741211, "337": 10.670000076293945, "338": 10.675000190734863, "339": 10.670000076293945, "340": 10.670000076293945, "341": 10.670000076293945, "342": 10.699999809265137, "343": 10.699999809265137, "344": 10.710000038146973, "345": 10.75, "346": 10.704999923706055, "347": 10.704999923706055, "348": 10.704999923706055, "349": 10.704999923706055, "350": 10.710000038146973, "351": 10.699999809265137, "352": 10.699999809265137, "353": 10.720000267028809, "354": 10.760000228881836, "355": 10.770000457763672}, "low": {"0": 9.800000190734863, "1": 9.829999923706055, "2": 9.829999923706055, "3": 9.829999923706055, "4": 9.829999923706055, "5": 9.829999923706055, "6": 9.970000267028809, "7": 9.989999771118164, "8": 9.829999923706055, "9": 9.829999923706055, "10": 9.880000114440918, "11": 9.970000267028809, "12": 9.890000343322754, "13": 9.890000343322754, "14": 9.890000343322754, "15": 9.890000343322754, "16": 9.890000343322754, "17": 9.890000343322754, "18": 9.890000343322754, "19": 9.890000343322754, "20": 9.899999618530273, "21": 9.920000076293945, "22": 9.920000076293945, "23": 9.920000076293945, "24": 9.9399995803833, "25": 9.9399995803833, "26": 9.9399995803833, "27": 9.9399995803833, "28": 9.949999809265137, "29": 9.920000076293945, "30": 9.920000076293945, "31": 9.920000076293945, "32": 9.920000076293945, "33": 9.920000076293945, "34": 9.920000076293945, "35": 9.920000076293945, "36": 9.920000076293945, "37": 9.920000076293945, "38": 9.920000076293945, "39": 9.944999694824219, "40": 9.944999694824219, "41": 9.944999694824219, "42": 9.944999694824219, "43": 9.970000267028809, "44": 9.970000267028809, "45": 9.9399995803833, "46": 9.960000038146973, "47": 9.979999542236328, "48": 9.989999771118164, "49": 9.979999542236328, "50": 9.979999542236328, "51": 9.989999771118164, "52": 9.979999542236328, "53": 10.010000228881836, "54": 9.989999771118164, "55": 10.010000228881836, "56": 10.010000228881836, "57": 10.020000457763672, "58": 10.020000457763672, "59": 10.020000457763672, "60": 10.020000457763672, "61": 10.020000457763672, "62": 10.020000457763672, "63": 10.020000457763672, "64": 10.020000457763672, "65": 10.029999732971191, "66": 10.020000457763672, "67": 10.020000457763672, "68": 10.020000457763672, "69": 9.989999771118164, "70": 9.989999771118164, "71": 9.989999771118164, "72": 9.979999542236328, "73": 9.949999809265137, "74": 9.960000038146973, "75": 9.960000038146973, "76": 9.960000038146973, "77": 9.949999809265137, "78": 9.949999809265137, "79": 9.949999809265137, "80": 9.949999809265137, "81": 9.949999809265137, "82": 9.954999923706055, "83": 9.977999687194824, "84": 9.975000381469727, "85": 9.979999542236328, "86": 9.979999542236328, "87": 9.970000267028809, "88": 9.970000267028809, "89": 9.979999542236328, "90": 9.979999542236328, "91": 9.979999542236328, "92": 10.0, "93": 9.979999542236328, "94": 9.979999542236328, "95": 9.979999542236328, "96": 9.979999542236328, "97": 9.979999542236328, "98": 9.979999542236328, "99": 9.979999542236328, "100": 10.015000343322754, "101": 9.979999542236328, "102": 9.960000038146973, "103": 9.994999885559082, "104": 10.010000228881836, "105": 10.010000228881836, "106": 10.010000228881836, "107": 10.010000228881836, "108": 10.020000457763672, "109": 10.020000457763672, "110": 10.010000228881836, "111": 10.010000228881836, "112": 10.010000228881836, "113": 10.010000228881836, "114": 10.029999732971191, "115": 10.029999732971191, "116": 10.029999732971191, "117": 10.029999732971191, "118": 10.029999732971191, "119": 10.029999732971191, "120": 10.029999732971191, "121": 10.029999732971191, "122": 10.029999732971191, "123": 10.029999732971191, "124": 10.029999732971191, "125": 10.029999732971191, "126": 10.029999732971191, "127": 10.039999961853027, "128": 10.050000190734863, "129": 10.039999961853027, "130": 10.039999961853027, "131": 10.039999961853027, "132": 10.039999961853027, "133": 10.039999961853027, "134": 10.039999961853027, "135": 10.039999961853027, "136": 10.069999694824219, "137": 10.069999694824219, "138": 10.050000190734863, "139": 10.050000190734863, "140": 10.079999923706055, "141": 10.050000190734863, "142": 10.0600004196167, "143": 10.0600004196167, "144": 10.0600004196167, "145": 10.0600004196167, "146": 10.0600004196167, "147": 10.0600004196167, "148": 10.0600004196167, "149": 10.0600004196167, "150": 10.079999923706055, "151": 10.0600004196167, "152": 10.069999694824219, "153": 10.079999923706055, "154": 10.079999923706055, "155": 10.079999923706055, "156": 10.069999694824219, "157": 10.09000015258789, "158": 10.095000267028809, "159": 10.100000381469727, "160": 10.100000381469727, "161": 10.109999656677246, "162": 10.100000381469727, "163": 10.109999656677246, "164": 10.109999656677246, "165": 10.109999656677246, "166": 10.100000381469727, "167": 10.100000381469727, "168": 10.100000381469727, "169": 10.119999885559082, "170": 10.119999885559082, "171": 10.119999885559082, "172": 10.119999885559082, "173": 10.119999885559082, "174": 10.130000114440918, "175": 10.140000343322754, "176": 10.119999885559082, "177": 10.130000114440918, "178": 10.119999885559082, "179": 10.130000114440918, "180": 10.130000114440918, "181": 10.130000114440918, "182": 10.140000343322754, "183": 10.140000343322754, "184": 10.149999618530273, "185": 10.149999618530273, "186": 10.15999984741211, "187": 10.15999984741211, "188": 10.15999984741211, "189": 10.15999984741211, "190": 10.180000305175781, "191": 10.180000305175781, "192": 10.180000305175781, "193": 10.206000328063965, "194": 10.206000328063965, "195": 10.210000038146973, "196": 10.210000038146973, "197": 10.199999809265137, "198": 10.199999809265137, "199": 10.199999809265137, "200": 10.199999809265137, "201": 10.199999809265137, "202": 10.199999809265137, "203": 10.199999809265137, "204": 10.210000038146973, "205": 10.208000183105469, "206": 10.210000038146973, "207": 10.220000267028809, "208": 10.220000267028809, "209": 10.220000267028809, "210": 10.222999572753906, "211": 10.225000381469727, "212": 10.229999542236328, "213": 10.229999542236328, "214": 10.229999542236328, "215": 10.239999771118164, "216": 10.239999771118164, "217": 10.279999732971191, "218": 10.289999961853027, "219": 10.289999961853027, "220": 10.239999771118164, "221": 10.239999771118164, "222": 10.239999771118164, "223": 10.239999771118164, "224": 10.239999771118164, "225": 10.239999771118164, "226": 10.239999771118164, "227": 10.220000267028809, "228": 10.25, "229": 10.260000228881836, "230": 10.270000457763672, "231": 10.270000457763672, "232": 10.274999618530273, "233": 10.260000228881836, "234": 10.260000228881836, "235": 10.279999732971191, "236": 10.279999732971191, "237": 10.279999732971191, "238": 10.300000190734863, "239": 10.319999694824219, "240": 10.300000190734863, "241": 10.300000190734863, "242": 10.329999923706055, "243": 10.3100004196167, "244": 10.319999694824219, "245": 10.319999694824219, "246": 10.319999694824219, "247": 10.319999694824219, "248": 10.34000015258789, "249": 10.350000381469727, "250": 10.319999694824219, "251": 10.350000381469727, "252": 10.350000381469727, "253": 10.350000381469727, "254": 10.34000015258789, "255": 10.329999923706055, "256": 10.329999923706055, "257": 10.350000381469727, "258": 10.350000381469727, "259": 10.350000381469727, "260": 10.350000381469727, "261": 10.350000381469727, "262": 10.380000114440918, "263": 10.350000381469727, "264": 10.380000114440918, "265": 10.390000343322754, "266": 10.390000343322754, "267": 10.399999618530273, "268": 10.40999984741211, "269": 10.425000190734863, "270": 10.449999809265137, "271": 10.440999984741211, "272": 10.449999809265137, "273": 10.449999809265137, "274": 10.449999809265137, "275": 10.510000228881836, "276": 10.470000267028809, "277": 10.489999771118164, "278": 10.5, "279": 10.5, "280": 10.5, "281": 10.494999885559082, "282": 10.494999885559082, "283": 10.494999885559082, "284": 10.489999771118164, "285": 10.489999771118164, "286": 10.489999771118164, "287": 10.510000228881836, "288": 10.520000457763672, "289": 10.520000457763672, "290": 10.520000457763672, "291": 10.520000457763672, "292": 10.520000457763672, "293": 10.520000457763672, "294": 10.520000457763672, "295": 10.520000457763672, "296": 10.520000457763672, "297": 10.529999732971191, "298": 10.529999732971191, "299": 10.539999961853027, "300": 10.539999961853027, "301": 10.539999961853027, "302": 10.539999961853027, "303": 10.539999961853027, "304": 10.539999961853027, "305": 10.539999961853027, "306": 10.539999961853027, "307": 10.539999961853027, "308": 10.539999961853027, "309": 10.539999961853027, "310": 10.550000190734863, "311": 10.600000381469727, "312": 10.600000381469727, "313": 10.600000381469727, "314": 10.600000381469727, "315": 10.600000381469727, "316": 10.5600004196167, "317": 10.5600004196167, "318": 10.5600004196167, "319": 10.5600004196167, "320": 10.5600004196167, "321": 10.5600004196167, "322": 10.5600004196167, "323": 10.5600004196167, "324": 10.640000343322754, "325": 10.640000343322754, "326": 10.640000343322754, "327": 10.640000343322754, "328": 10.640000343322754, "329": 10.640000343322754, "330": 10.579999923706055, "331": 10.579999923706055, "332": 10.640000343322754, "333": 10.640000343322754, "334": 10.640000343322754, "335": 10.640000343322754, "336": 10.645000457763672, "337": 10.670000076293945, "338": 10.670000076293945, "339": 10.670000076293945, "340": 10.670000076293945, "341": 10.670000076293945, "342": 10.6899995803833, "343": 10.6899995803833, "344": 10.710000038146973, "345": 10.704999923706055, "346": 10.704999923706055, "347": 10.704999923706055, "348": 10.704999923706055, "349": 10.704999923706055, "350": 10.699999809265137, "351": 10.699999809265137, "352": 10.699999809265137, "353": 10.720000267028809, "354": 10.739999771118164, "355": 10.75}, "close": {"0": 9.829999923706055, "1": 9.829999923706055, "2": 9.829999923706055, "3": 9.829999923706055, "4": 9.829999923706055, "5": 9.829999923706055, "6": 9.989999771118164, "7": 9.989999771118164, "8": 9.829999923706055, "9": 9.829999923706055, "10": 9.970000267028809, "11": 9.970000267028809, "12": 9.890000343322754, "13": 9.890000343322754, "14": 9.890000343322754, "15": 9.890000343322754, "16": 9.890000343322754, "17": 9.890000343322754, "18": 9.890000343322754, "19": 9.890000343322754, "20": 9.930000305175781, "21": 9.920000076293945, "22": 9.920000076293945, "23": 9.920000076293945, "24": 9.9399995803833, "25": 9.9399995803833, "26": 9.9399995803833, "27": 9.9399995803833, "28": 9.949999809265137, "29": 9.920000076293945, "30": 9.920000076293945, "31": 9.920000076293945, "32": 9.920000076293945, "33": 9.920000076293945, "34": 9.920000076293945, "35": 9.920000076293945, "36": 9.920000076293945, "37": 9.920000076293945, "38": 9.920000076293945, "39": 9.944999694824219, "40": 9.944999694824219, "41": 9.944999694824219, "42": 9.944999694824219, "43": 9.970000267028809, "44": 9.970000267028809, "45": 9.9399995803833, "46": 9.979999542236328, "47": 9.979999542236328, "48": 9.989999771118164, "49": 9.979999542236328, "50": 10.0, "51": 10.0, "52": 10.079999923706055, "53": 10.010000228881836, "54": 9.989999771118164, "55": 10.010000228881836, "56": 10.010000228881836, "57": 10.020000457763672, "58": 10.050000190734863, "59": 10.020000457763672, "60": 10.020000457763672, "61": 10.020000457763672, "62": 10.020000457763672, "63": 10.020000457763672, "64": 10.020000457763672, "65": 10.029999732971191, "66": 10.020000457763672, "67": 10.020000457763672, "68": 10.020000457763672, "69": 9.989999771118164, "70": 9.989999771118164, "71": 9.989999771118164, "72": 9.979999542236328, "73": 9.949999809265137, "74": 9.960000038146973, "75": 9.979999542236328, "76": 9.960000038146973, "77": 9.949999809265137, "78": 9.949999809265137, "79": 9.949999809265137, "80": 9.949999809265137, "81": 9.949999809265137, "82": 9.960000038146973, "83": 10.0, "84": 9.979999542236328, "85": 9.979999542236328, "86": 9.989999771118164, "87": 9.970000267028809, "88": 9.970000267028809, "89": 9.979999542236328, "90": 9.979999542236328, "91": 9.979999542236328, "92": 10.0, "93": 9.979999542236328, "94": 9.979999542236328, "95": 9.979999542236328, "96": 9.979999542236328, "97": 9.979999542236328, "98": 9.979999542236328, "99": 9.979999542236328, "100": 10.015000343322754, "101": 9.979999542236328, "102": 10.0, "103": 10.0, "104": 10.010000228881836, "105": 10.010000228881836, "106": 10.010000228881836, "107": 10.020000457763672, "108": 10.020000457763672, "109": 10.020000457763672, "110": 10.010000228881836, "111": 10.010000228881836, "112": 10.010000228881836, "113": 10.010000228881836, "114": 10.029999732971191, "115": 10.029999732971191, "116": 10.029999732971191, "117": 10.029999732971191, "118": 10.029999732971191, "119": 10.029999732971191, "120": 10.029999732971191, "121": 10.029999732971191, "122": 10.029999732971191, "123": 10.029999732971191, "124": 10.029999732971191, "125": 10.029999732971191, "126": 10.029999732971191, "127": 10.050000190734863, "128": 10.050000190734863, "129": 10.039999961853027, "130": 10.0600004196167, "131": 10.039999961853027, "132": 10.039999961853027, "133": 10.039999961853027, "134": 10.039999961853027, "135": 10.039999961853027, "136": 10.069999694824219, "137": 10.069999694824219, "138": 10.050000190734863, "139": 10.050000190734863, "140": 10.079999923706055, "141": 10.050000190734863, "142": 10.069999694824219, "143": 10.0600004196167, "144": 10.0600004196167, "145": 10.0600004196167, "146": 10.0600004196167, "147": 10.0600004196167, "148": 10.0649995803833, "149": 10.079999923706055, "150": 10.079999923706055, "151": 10.074999809265137, "152": 10.079999923706055, "153": 10.079999923706055, "154": 10.079999923706055, "155": 10.09000015258789, "156": 10.09000015258789, "157": 10.09000015258789, "158": 10.100000381469727, "159": 10.100000381469727, "160": 10.109999656677246, "161": 10.109999656677246, "162": 10.109999656677246, "163": 10.109999656677246, "164": 10.109999656677246, "165": 10.109999656677246, "166": 10.100000381469727, "167": 10.100000381469727, "168": 10.100000381469727, "169": 10.119999885559082, "170": 10.119999885559082, "171": 10.119999885559082, "172": 10.119999885559082, "173": 10.119999885559082, "174": 10.140000343322754, "175": 10.140000343322754, "176": 10.119999885559082, "177": 10.130000114440918, "178": 10.119999885559082, "179": 10.130000114440918, "180": 10.130000114440918, "181": 10.130000114440918, "182": 10.140000343322754, "183": 10.140000343322754, "184": 10.149999618530273, "185": 10.15999984741211, "186": 10.15999984741211, "187": 10.15999984741211, "188": 10.15999984741211, "189": 10.15999984741211, "190": 10.180000305175781, "191": 10.180000305175781, "192": 10.180000305175781, "193": 10.206000328063965, "194": 10.206000328063965, "195": 10.210000038146973, "196": 10.210000038146973, "197": 10.199999809265137, "198": 10.199999809265137, "199": 10.199999809265137, "200": 10.199999809265137, "201": 10.199999809265137, "202": 10.199999809265137, "203": 10.199999809265137, "204": 10.210000038146973, "205": 10.208000183105469, "206": 10.220000267028809, "207": 10.220000267028809, "208": 10.220000267028809, "209": 10.220000267028809, "210": 10.222999572753906, "211": 10.229999542236328, "212": 10.229999542236328, "213": 10.229999542236328, "214": 10.239999771118164, "215": 10.239999771118164, "216": 10.239999771118164, "217": 10.279999732971191, "218": 10.289999961853027, "219": 10.289999961853027, "220": 10.239999771118164, "221": 10.239999771118164, "222": 10.239999771118164, "223": 10.239999771118164, "224": 10.239999771118164, "225": 10.239999771118164, "226": 10.260000228881836, "227": 10.25, "228": 10.25, "229": 10.270000457763672, "230": 10.270000457763672, "231": 10.274999618530273, "232": 10.274999618530273, "233": 10.260000228881836, "234": 10.270000457763672, "235": 10.279999732971191, "236": 10.279999732971191, "237": 10.279999732971191, "238": 10.3149995803833, "239": 10.34000015258789, "240": 10.300000190734863, "241": 10.300000190734863, "242": 10.329999923706055, "243": 10.3100004196167, "244": 10.319999694824219, "245": 10.319999694824219, "246": 10.319999694824219, "247": 10.329999923706055, "248": 10.34000015258789, "249": 10.350000381469727, "250": 10.350000381469727, "251": 10.350000381469727, "252": 10.350000381469727, "253": 10.350000381469727, "254": 10.350000381469727, "255": 10.335000038146973, "256": 10.350000381469727, "257": 10.350000381469727, "258": 10.350000381469727, "259": 10.350000381469727, "260": 10.359999656677246, "261": 10.359999656677246, "262": 10.380000114440918, "263": 10.390000343322754, "264": 10.390000343322754, "265": 10.390000343322754, "266": 10.420000076293945, "267": 10.399999618530273, "268": 10.47700023651123, "269": 10.4399995803833, "270": 10.449999809265137, "271": 10.449999809265137, "272": 10.449999809265137, "273": 10.449999809265137, "274": 10.449999809265137, "275": 10.510000228881836, "276": 10.470000267028809, "277": 10.489999771118164, "278": 10.5, "279": 10.5, "280": 10.5, "281": 10.494999885559082, "282": 10.494999885559082, "283": 10.494999885559082, "284": 10.494999885559082, "285": 10.489999771118164, "286": 10.489999771118164, "287": 10.520000457763672, "288": 10.520000457763672, "289": 10.520000457763672, "290": 10.520000457763672, "291": 10.520000457763672, "292": 10.520000457763672, "293": 10.520000457763672, "294": 10.520000457763672, "295": 10.520000457763672, "296": 10.520000457763672, "297": 10.529999732971191, "298": 10.539999961853027, "299": 10.539999961853027, "300": 10.539999961853027, "301": 10.539999961853027, "302": 10.539999961853027, "303": 10.539999961853027, "304": 10.539999961853027, "305": 10.539999961853027, "306": 10.545000076293945, "307": 10.539999961853027, "308": 10.539999961853027, "309": 10.539999961853027, "310": 10.579999923706055, "311": 10.600000381469727, "312": 10.600000381469727, "313": 10.600000381469727, "314": 10.600000381469727, "315": 10.600000381469727, "316": 10.569999694824219, "317": 10.5600004196167, "318": 10.5600004196167, "319": 10.5600004196167, "320": 10.5600004196167, "321": 10.5600004196167, "322": 10.5600004196167, "323": 10.5600004196167, "324": 10.640000343322754, "325": 10.640000343322754, "326": 10.640000343322754, "327": 10.640000343322754, "328": 10.640000343322754, "329": 10.640000343322754, "330": 10.579999923706055, "331": 10.640000343322754, "332": 10.640000343322754, "333": 10.640000343322754, "334": 10.640000343322754, "335": 10.640000343322754, "336": 10.65999984741211, "337": 10.670000076293945, "338": 10.670000076293945, "339": 10.670000076293945, "340": 10.670000076293945, "341": 10.670000076293945, "342": 10.6899995803833, "343": 10.6899995803833, "344": 10.710000038146973, "345": 10.704999923706055, "346": 10.704999923706055, "347": 10.704999923706055, "348": 10.704999923706055, "349": 10.704999923706055, "350": 10.699999809265137, "351": 10.699999809265137, "352": 10.699999809265137, "353": 10.720000267028809, "354": 10.75, "355": 10.75}, "volume": {"0": 74800, "1": 100, "2": 0, "3": 0, "4": 0, "5": 0, "6": 100, "7": 0, "8": 0, "9": 0, "10": 50200, "11": 0, "12": 300000, "13": 0, "14": 0, "15": 0, "16": 100000, "17": 0, "18": 0, "19": 0, "20": 3100, "21": 1000, "22": 0, "23": 0, "24": 700, "25": 2800, "26": 0, "27": 0, "28": 200, "29": 7100, "30": 0, "31": 0, "32": 0, "33": 0, "34": 0, "35": 0, "36": 0, "37": 0, "38": 0, "39": 2700, "40": 0, "41": 100, "42": 0, "43": 40000, "44": 0, "45": 1700, "46": 4300, "47": 0, "48": 11800, "49": 5600, "50": 103400, "51": 43500, "52": 3100, "53": 2400, "54": 120800, "55": 964900, "56": 784500, "57": 1200, "58": 5300, "59": 302400, "60": 900, "61": 5000, "62": 0, "63": 0, "64": 1600, "65": 100000, "66": 10200, "67": 0, "68": 0, "69": 10500, "70": 0, "71": 0, "72": 100, "73": 12000, "74": 10000, "75": 10900, "76": 5400, "77": 10100, "78": 90200, "79": 220100, "80": 900, "81": 0, "82": 41300, "83": 5500, "84": 18700, "85": 65600, "86": 13800, "87": 80100, "88": 0, "89": 8300, "90": 180000, "91": 4500, "92": 12300, "93": 14200, "94": 0, "95": 11200, "96": 0, "97": 0, "98": 0, "99": 0, "100": 1700, "101": 300, "102": 54100, "103": 175900, "104": 5000, "105": 0, "106": 0, "107": 537100, "108": 22000, "109": 53400, "110": 130500, "111": 0, "112": 0, "113": 182200, "114": 200, "115": 0, "116": 0, "117": 0, "118": 0, "119": 0, "120": 25400, "121": 0, "122": 0, "123": 300500, "124": 0, "125": 0, "126": 0, "127": 600, "128": 0, "129": 6400, "130": 6500, "131": 100, "132": 28100, "133": 0, "134": 0, "135": 0, "136": 39700, "137": 0, "138": 182300, "139": 0, "140": 8400, "141": 300, "142": 5800, "143": 200, "144": 0, "145": 0, "146": 0, "147": 40400, "148": 23000, "149": 3100, "150": 0, "151": 34800, "152": 19000, "153": 16400, "154": 0, "155": 31300, "156": 156600, "157": 3300, "158": 30800, "159": 0, "160": 62900, "161": 0, "162": 155900, "163": 0, "164": 0, "165": 0, "166": 1000, "167": 48300, "168": 0, "169": 2100, "170": 0, "171": 2000, "172": 0, "173": 0, "174": 19500, "175": 0, "176": 1700, "177": 14800, "178": 52000, "179": 2000, "180": 0, "181": 18000, "182": 2100, "183": 0, "184": 99000, "185": 6500, "186": 0, "187": 0, "188": 0, "189": 0, "190": 114100, "191": 0, "192": 92100, "193": 100, "194": 0, "195": 100, "196": 0, "197": 100200, "198": 100400, "199": 0, "200": 31900, "201": 111500, "202": 0, "203": 0, "204": 100, "205": 500, "206": 4400, "207": 26100, "208": 3000, "209": 176000, "210": 16400, "211": 62900, "212": 220800, "213": 9200, "214": 26800, "215": 50400, "216": 22400, "217": 300, "218": 1900, "219": 0, "220": 13100, "221": 100, "222": 100, "223": 0, "224": 0, "225": 0, "226": 112200, "227": 6500, "228": 0, "229": 9600, "230": 0, "231": 3300, "232": 0, "233": 1000, "234": 41700, "235": 5800, "236": 0, "237": 0, "238": 1004500, "239": 51800, "240": 100000, "241": 2800, "242": 3200, "243": 225700, "244": 100700, "245": 103500, "246": 30300, "247": 629900, "248": 1900, "249": 500, "250": 57400, "251": 6600, "252": 17800, "253": 57900, "254": 72900, "255": 174600, "256": 511600, "257": 0, "258": 100, "259": 7200, "260": 16900, "261": 13800, "262": 800, "263": 701300, "264": 20400, "265": 77800, "266": 16900, "267": 210800, "268": 3500, "269": 2500, "270": 1800, "271": 6100, "272": 0, "273": 0, "274": 0, "275": 200, "276": 8100, "277": 2000, "278": 200, "279": 0, "280": 0, "281": 800, "282": 0, "283": 0, "284": 4700, "285": 200, "286": 0, "287": 9000, "288": 0, "289": 0, "290": 0, "291": 0, "292": 0, "293": 0, "294": 100, "295": 3500, "296": 0, "297": 3500, "298": 2100, "299": 0, "300": 0, "301": 0, "302": 0, "303": 3800, "304": 0, "305": 300, "306": 3900, "307": 300, "308": 0, "309": 100, "310": 13500, "311": 100, "312": 0, "313": 0, "314": 0, "315": 0, "316": 300, "317": 3900, "318": 0, "319": 0, "320": 0, "321": 0, "322": 0, "323": 0, "324": 200, "325": 0, "326": 0, "327": 0, "328": 100, "329": 0, "330": 100, "331": 1600, "332": 0, "333": 0, "334": 100, "335": 15900, "336": 54500, "337": 14700, "338": 1100, "339": 0, "340": 0, "341": 100, "342": 600, "343": 900, "344": 300, "345": 300, "346": 0, "347": 0, "348": 0, "349": 0, "350": 63400, "351": 0, "352": 0, "353": 700, "354": 25300, "355": 11600}, "adjclose": {"0": 9.829999923706055, "1": 9.829999923706055, "2": 9.829999923706055, "3": 9.829999923706055, "4": 9.829999923706055, "5": 9.829999923706055, "6": 9.989999771118164, "7": 9.989999771118164, "8": 9.829999923706055, "9": 9.829999923706055, "10": 9.970000267028809, "11": 9.970000267028809, "12": 9.890000343322754, "13": 9.890000343322754, "14": 9.890000343322754, "15": 9.890000343322754, "16": 9.890000343322754, "17": 9.890000343322754, "18": 9.890000343322754, "19": 9.890000343322754, "20": 9.930000305175781, "21": 9.920000076293945, "22": 9.920000076293945, "23": 9.920000076293945, "24": 9.9399995803833, "25": 9.9399995803833, "26": 9.9399995803833, "27": 9.9399995803833, "28": 9.949999809265137, "29": 9.920000076293945, "30": 9.920000076293945, "31": 9.920000076293945, "32": 9.920000076293945, "33": 9.920000076293945, "34": 9.920000076293945, "35": 9.920000076293945, "36": 9.920000076293945, "37": 9.920000076293945, "38": 9.920000076293945, "39": 9.944999694824219, "40": 9.944999694824219, "41": 9.944999694824219, "42": 9.944999694824219, "43": 9.970000267028809, "44": 9.970000267028809, "45": 9.9399995803833, "46": 9.979999542236328, "47": 9.979999542236328, "48": 9.989999771118164, "49": 9.979999542236328, "50": 10.0, "51": 10.0, "52": 10.079999923706055, "53": 10.010000228881836, "54": 9.989999771118164, "55": 10.010000228881836, "56": 10.010000228881836, "57": 10.020000457763672, "58": 10.050000190734863, "59": 10.020000457763672, "60": 10.020000457763672, "61": 10.020000457763672, "62": 10.020000457763672, "63": 10.020000457763672, "64": 10.020000457763672, "65": 10.029999732971191, "66": 10.020000457763672, "67": 10.020000457763672, "68": 10.020000457763672, "69": 9.989999771118164, "70": 9.989999771118164, "71": 9.989999771118164, "72": 9.979999542236328, "73": 9.949999809265137, "74": 9.960000038146973, "75": 9.979999542236328, "76": 9.960000038146973, "77": 9.949999809265137, "78": 9.949999809265137, "79": 9.949999809265137, "80": 9.949999809265137, "81": 9.949999809265137, "82": 9.960000038146973, "83": 10.0, "84": 9.979999542236328, "85": 9.979999542236328, "86": 9.989999771118164, "87": 9.970000267028809, "88": 9.970000267028809, "89": 9.979999542236328, "90": 9.979999542236328, "91": 9.979999542236328, "92": 10.0, "93": 9.979999542236328, "94": 9.979999542236328, "95": 9.979999542236328, "96": 9.979999542236328, "97": 9.979999542236328, "98": 9.979999542236328, "99": 9.979999542236328, "100": 10.015000343322754, "101": 9.979999542236328, "102": 10.0, "103": 10.0, "104": 10.010000228881836, "105": 10.010000228881836, "106": 10.010000228881836, "107": 10.020000457763672, "108": 10.020000457763672, "109": 10.020000457763672, "110": 10.010000228881836, "111": 10.010000228881836, "112": 10.010000228881836, "113": 10.010000228881836, "114": 10.029999732971191, "115": 10.029999732971191, "116": 10.029999732971191, "117": 10.029999732971191, "118": 10.029999732971191, "119": 10.029999732971191, "120": 10.029999732971191, "121": 10.029999732971191, "122": 10.029999732971191, "123": 10.029999732971191, "124": 10.029999732971191, "125": 10.029999732971191, "126": 10.029999732971191, "127": 10.050000190734863, "128": 10.050000190734863, "129": 10.039999961853027, "130": 10.0600004196167, "131": 10.039999961853027, "132": 10.039999961853027, "133": 10.039999961853027, "134": 10.039999961853027, "135": 10.039999961853027, "136": 10.069999694824219, "137": 10.069999694824219, "138": 10.050000190734863, "139": 10.050000190734863, "140": 10.079999923706055, "141": 10.050000190734863, "142": 10.069999694824219, "143": 10.0600004196167, "144": 10.0600004196167, "145": 10.0600004196167, "146": 10.0600004196167, "147": 10.0600004196167, "148": 10.0649995803833, "149": 10.079999923706055, "150": 10.079999923706055, "151": 10.074999809265137, "152": 10.079999923706055, "153": 10.079999923706055, "154": 10.079999923706055, "155": 10.09000015258789, "156": 10.09000015258789, "157": 10.09000015258789, "158": 10.100000381469727, "159": 10.100000381469727, "160": 10.109999656677246, "161": 10.109999656677246, "162": 10.109999656677246, "163": 10.109999656677246, "164": 10.109999656677246, "165": 10.109999656677246, "166": 10.100000381469727, "167": 10.100000381469727, "168": 10.100000381469727, "169": 10.119999885559082, "170": 10.119999885559082, "171": 10.119999885559082, "172": 10.119999885559082, "173": 10.119999885559082, "174": 10.140000343322754, "175": 10.140000343322754, "176": 10.119999885559082, "177": 10.130000114440918, "178": 10.119999885559082, "179": 10.130000114440918, "180": 10.130000114440918, "181": 10.130000114440918, "182": 10.140000343322754, "183": 10.140000343322754, "184": 10.149999618530273, "185": 10.15999984741211, "186": 10.15999984741211, "187": 10.15999984741211, "188": 10.15999984741211, "189": 10.15999984741211, "190": 10.180000305175781, "191": 10.180000305175781, "192": 10.180000305175781, "193": 10.206000328063965, "194": 10.206000328063965, "195": 10.210000038146973, "196": 10.210000038146973, "197": 10.199999809265137, "198": 10.199999809265137, "199": 10.199999809265137, "200": 10.199999809265137, "201": 10.199999809265137, "202": 10.199999809265137, "203": 10.199999809265137, "204": 10.210000038146973, "205": 10.208000183105469, "206": 10.220000267028809, "207": 10.220000267028809, "208": 10.220000267028809, "209": 10.220000267028809, "210": 10.222999572753906, "211": 10.229999542236328, "212": 10.229999542236328, "213": 10.229999542236328, "214": 10.239999771118164, "215": 10.239999771118164, "216": 10.239999771118164, "217": 10.279999732971191, "218": 10.289999961853027, "219": 10.289999961853027, "220": 10.239999771118164, "221": 10.239999771118164, "222": 10.239999771118164, "223": 10.239999771118164, "224": 10.239999771118164, "225": 10.239999771118164, "226": 10.260000228881836, "227": 10.25, "228": 10.25, "229": 10.270000457763672, "230": 10.270000457763672, "231": 10.274999618530273, "232": 10.274999618530273, "233": 10.260000228881836, "234": 10.270000457763672, "235": 10.279999732971191, "236": 10.279999732971191, "237": 10.279999732971191, "238": 10.3149995803833, "239": 10.34000015258789, "240": 10.300000190734863, "241": 10.300000190734863, "242": 10.329999923706055, "243": 10.3100004196167, "244": 10.319999694824219, "245": 10.319999694824219, "246": 10.319999694824219, "247": 10.329999923706055, "248": 10.34000015258789, "249": 10.350000381469727, "250": 10.350000381469727, "251": 10.350000381469727, "252": 10.350000381469727, "253": 10.350000381469727, "254": 10.350000381469727, "255": 10.335000038146973, "256": 10.350000381469727, "257": 10.350000381469727, "258": 10.350000381469727, "259": 10.350000381469727, "260": 10.359999656677246, "261": 10.359999656677246, "262": 10.380000114440918, "263": 10.390000343322754, "264": 10.390000343322754, "265": 10.390000343322754, "266": 10.420000076293945, "267": 10.399999618530273, "268": 10.47700023651123, "269": 10.4399995803833, "270": 10.449999809265137, "271": 10.449999809265137, "272": 10.449999809265137, "273": 10.449999809265137, "274": 10.449999809265137, "275": 10.510000228881836, "276": 10.470000267028809, "277": 10.489999771118164, "278": 10.5, "279": 10.5, "280": 10.5, "281": 10.494999885559082, "282": 10.494999885559082, "283": 10.494999885559082, "284": 10.494999885559082, "285": 10.489999771118164, "286": 10.489999771118164, "287": 10.520000457763672, "288": 10.520000457763672, "289": 10.520000457763672, "290": 10.520000457763672, "291": 10.520000457763672, "292": 10.520000457763672, "293": 10.520000457763672, "294": 10.520000457763672, "295": 10.520000457763672, "296": 10.520000457763672, "297": 10.529999732971191, "298": 10.539999961853027, "299": 10.539999961853027, "300": 10.539999961853027, "301": 10.539999961853027, "302": 10.539999961853027, "303": 10.539999961853027, "304": 10.539999961853027, "305": 10.539999961853027, "306": 10.545000076293945, "307": 10.539999961853027, "308": 10.539999961853027, "309": 10.539999961853027, "310": 10.579999923706055, "311": 10.600000381469727, "312": 10.600000381469727, "313": 10.600000381469727, "314": 10.600000381469727, "315": 10.600000381469727, "316": 10.569999694824219, "317": 10.5600004196167, "318": 10.5600004196167, "319": 10.5600004196167, "320": 10.5600004196167, "321": 10.5600004196167, "322": 10.5600004196167, "323": 10.5600004196167, "324": 10.640000343322754, "325": 10.640000343322754, "326": 10.640000343322754, "327": 10.640000343322754, "328": 10.640000343322754, "329": 10.640000343322754, "330": 10.579999923706055, "331": 10.640000343322754, "332": 10.640000343322754, "333": 10.640000343322754, "334": 10.640000343322754, "335": 10.640000343322754, "336": 10.65999984741211, "337": 10.670000076293945, "338": 10.670000076293945, "339": 10.670000076293945, "340": 10.670000076293945, "341": 10.670000076293945, "342": 10.6899995803833, "343": 10.6899995803833, "344": 10.710000038146973, "345": 10.704999923706055, "346": 10.704999923706055, "347": 10.704999923706055, "348": 10.704999923706055, "349": 10.704999923706055, "350": 10.699999809265137, "351": 10.699999809265137, "352": 10.699999809265137, "353": 10.720000267028809, "354": 10.75, "355": 10.75}}, "profile": {"address1": "Juan Salvador Agraz 65", "address2": "Contadero Cuajimalpa de Morelos", "city": "Mexico City", "state": "DF", "zip": "05370", "country": "Mexico", "phone": "52 55 4744 1100", "industry": "Shell Companies", "industryDisp": "Shell Companies", "sector": "Financial Services", "longBusinessSummary": "APx Acquisition Corp. I. does not have significant operations. The company intends to effect a merger, share exchange, asset acquisition, share purchase, reorganization, or similar business combination with one or more businesses or entities. APx Acquisition Corp. I. was incorporated in 2021 and is based in Mexico City, Mexico.", "companyOfficers": [{"maxAge": 1, "name": "Mr. Daniel  Braatz", "age": 37, "title": "Chairman & CEO", "yearBorn": 1985, "exercisedValue": 0, "unexercisedValue": 0}, {"maxAge": 1, "name": "Mr. Xavier  Martinez", "age": 29, "title": "Chief Financial Officer", "yearBorn": 1993, "exercisedValue": 0, "unexercisedValue": 0}], "maxAge": 86400, "latitude": 19.35873376822354, "longitude": -99.27790506061675}}