{"income_statement": {"annual": {"Year": {"1": "Selling, General & Admin", "2": "Other Operating Expenses", "3": "Operating Expenses", "4": "Operating Income", "5": "Other Expense / Income", "6": "Pretax Income", "7": "Income Tax", "8": "Net Income", "9": "Shares Outstanding (Basic)", "10": "Shares Outstanding (Diluted)", "11": "EPS (Basic)", "12": "EPS (Diluted)", "13": "Free Cash Flow Per Share", "14": "Effective Tax Rate", "15": "EBITDA", "16": "EBIT"}, "2022": {"1": "0.21", "2": "0.01", "3": "0.22", "4": "-0.22", "5": "-0.44", "6": "0.22", "7": "0.05", "8": "0.16", "9": "3", "10": "3", "11": "-1.24", "12": "-1.24", "13": "-0.11", "14": "23.98%", "15": "0.22", "16": "0.22"}}, "quarterly": {"Metrics": {"1": "Selling, General & Admin", "2": "Other Operating Expenses", "3": "Operating Expenses", "4": "Operating Income", "5": "Other Expense / Income", "6": "Pretax Income", "7": "Income Tax", "8": "Net Income", "9": "Shares Outstanding (Basic)", "10": "Shares Outstanding (Diluted)", "11": "Shares Change", "12": "EPS (Basic)", "13": "EPS (Diluted)", "14": "Free Cash Flow Per Share", "15": "Effective Tax Rate", "16": "EBITDA", "17": "EBIT"}, "2022-12-31": {"1": "0.2", "2": "0.01", "3": "0.21", "4": "-0.21", "5": "-0.44", "6": "0.22", "7": "0.05", "8": "0.17", "9": "3", "10": "3", "11": "120.00%", "12": "-1.23", "13": "-1.23", "14": "-0.10", "15": "23.20%", "16": "0.22", "17": "0.22"}, "2022-09-30": {"1": "0", "2": "0", "3": "0", "4": "-0", "5": "-", "6": "-0", "7": "0", "8": "-0", "9": "1", "10": "1", "11": "-", "12": "-", "13": "-", "14": "0.04", "15": "-", "16": "-0", "17": "-0"}, "2022-06-30": {"1": "0.01", "2": "0", "3": "0.01", "4": "-0.01", "5": "-", "6": "-0.01", "7": "0", "8": "-0.01", "9": "1", "10": "1", "11": "-", "12": "-0.00", "13": "-0.00", "14": "-", "15": "-", "16": "-", "17": "-0.01"}, "2021-12-31": {"1": "0", "2": "0", "3": "0", "4": "-0", "5": "-", "6": "-0", "7": "0", "8": "-0", "9": "1", "10": "1", "11": "-", "12": "0.00", "13": "0.00", "14": "-", "15": "-", "16": "-0", "17": "-0"}, "2021-09-30": {"1": "0", "2": "0", "3": "0", "4": "-0", "5": "-", "6": "-0", "7": "0", "8": "-0", "9": "1", "10": "1", "11": "-", "12": "-", "13": "-", "14": "-", "15": "-", "16": "-0", "17": "-0"}, "2021-06-30": {"1": "0", "2": "0", "3": "0", "4": "-0", "5": "-", "6": "-0", "7": "0", "8": "-0", "9": "1", "10": "1", "11": "-", "12": "-0.00", "13": "-0.00", "14": "-0.00", "15": "-", "16": "-0", "17": "-0"}}}, "balance_sheet": {"annual": {"Year": {"1": "Cash & Equivalents", "2": "Short-Term Investments", "3": "Cash & Cash Equivalents", "4": "Other Current Assets", "5": "Total Current Assets", "6": "Total Assets", "7": "Accounts Payable", "8": "Other Current Liabilities", "9": "Total Current Liabilities", "10": "Total Liabilities", "11": "Common Stock", "12": "Retained Earnings", "13": "Shareholders' Equity", "14": "Total Liabilities and Equity", "15": "Net Cash / Debt", "16": "Net Cash Per Share", "17": "Working Capital", "18": "Book Value Per Share"}, "2022": {"1": "0.06", "2": "55.42", "3": "55.48", "4": "0.22", "5": "55.7", "6": "55.7", "7": "0.24", "8": "2.59", "9": "2.83", "10": "2.83", "11": "5.14", "12": "0.16", "13": "5.3", "14": "8.13", "15": "55.48", "16": "20.17", "17": "52.87", "18": "1.93"}}, "quarterly": {"Metrics": {"1": "Cash & Equivalents", "2": "Short-Term Investments", "3": "Cash & Cash Equivalents", "4": "Other Current Assets", "5": "Total Current Assets", "6": "Total Assets", "7": "Accounts Payable", "8": "Current Debt", "9": "Other Current Liabilities", "10": "Total Current Liabilities", "11": "Total Liabilities", "12": "Total Debt", "13": "Common Stock", "14": "Retained Earnings", "15": "Shareholders' Equity", "16": "Total Liabilities and Equity", "17": "Net Cash / Debt", "18": "Net Cash Per Share", "19": "Working Capital", "20": "Book Value Per Share"}, "2022-12-31": {"1": "0.06", "2": "55.42", "3": "55.48", "4": "0.22", "5": "55.7", "6": "55.7", "7": "0.24", "8": "0", "9": "2.59", "10": "2.83", "11": "2.83", "12": "0", "13": "5.14", "14": "0.16", "15": "5.3", "16": "8.13", "17": "55.48", "18": "20.17", "19": "52.87", "20": "1.93"}, "2022-09-30": {"1": "0.02", "2": "-", "3": "0.02", "4": "-", "5": "-", "6": "0.51", "7": "0", "8": "0.3", "9": "0.2", "10": "0.5", "11": "0.5", "12": "0.3", "13": "0.03", "14": "-0.01", "15": "0.01", "16": "0.51", "17": "-0.28", "18": "-0.23", "19": "-", "20": "0.01"}, "2022-06-30": {"1": "0.03", "2": "-", "3": "0.03", "4": "-", "5": "-", "6": "0.31", "7": "0", "8": "0.3", "9": "0", "10": "0.3", "11": "0.3", "12": "0.3", "13": "0.03", "14": "-0.01", "15": "0.01", "16": "0.31", "17": "-0.27", "18": "-0.21", "19": "-", "20": "0.01"}, "2021-12-31": {"1": "0.02", "2": "0", "3": "0.02", "4": "0.25", "5": "0.27", "6": "0.27", "7": "0.05", "8": "0.2", "9": "0", "10": "0.25", "11": "0.25", "12": "0.2", "13": "0.03", "14": "-0", "15": "0.02", "16": "0.27", "17": "-0.18", "18": "-0.16", "19": "0.02", "20": "0.02"}, "2021-09-30": {"1": "-", "2": "-", "3": "0", "4": "-", "5": "-", "6": "-", "7": "-", "8": "-", "9": "-", "10": "-", "11": "-", "12": "-", "13": "-", "14": "-", "15": "-", "16": "-", "17": "0", "18": "-", "19": "-", "20": "-"}}}, "cash_flow_statement": {"annual": {"Year": {"1": "Net Income", "2": "Other Operating Activities", "3": "Operating Cash Flow", "4": "Change in Investments", "5": "Investing Cash Flow", "6": "Share Issuance / Repurchase", "7": "Debt Issued / Paid", "8": "Other Financing Activities", "9": "Financing Cash Flow", "10": "Net Cash Flow", "11": "Free Cash Flow", "12": "Free Cash Flow Per Share"}, "2022": {"1": "0.16", "2": "-0.45", "3": "-0.29", "4": "-54.98", "5": "-54.98", "6": "56.86", "7": "-0.1", "8": "-56.43", "9": "0.33", "10": "0.04", "11": "-0.29", "12": "-0.11"}}, "quarterly": {"Metrics": {"1": "Net Income", "2": "Other Operating Activities", "3": "Operating Cash Flow", "4": "Share Issuance / Repurchase", "5": "Debt Issued / Paid", "6": "Other Financing Activities", "7": "Financing Cash Flow", "8": "Net Cash Flow", "9": "Free Cash Flow", "10": "Free Cash Flow Per Share"}, "2022-12-31": {"1": "0.17", "2": "-0.45", "3": "-0.28", "4": "56.86", "5": "-0.2", "6": "-56.34", "7": "0.32", "8": "0.04", "9": "-0.28", "10": "-0.10"}, "2022-09-30": {"1": "-0", "2": "0.05", "3": "0.05", "4": "0", "5": "0", "6": "-0.07", "7": "-0.07", "8": "-0.02", "9": "0.05", "10": "0.04"}, "2022-06-30": {"1": "-0.01", "2": "0.01", "3": "-", "4": "-", "5": "-", "6": "-", "7": "-", "8": "-", "9": "-", "10": "-"}, "2021-12-31": {"1": "-0", "2": "0", "3": "-0", "4": "0", "5": "0", "6": "-0.03", "7": "-0.03", "8": "-0.03", "9": "-0", "10": "-"}, "2021-09-30": {"1": "-0", "2": "-", "3": "-0", "4": "0", "5": "0", "6": "-0.06", "7": "-0.06", "8": "-0.06", "9": "-0", "10": "-"}, "2021-06-30": {"1": "-0", "2": "-", "3": "-0", "4": "0.03", "5": "0.2", "6": "-0.11", "7": "0.12", "8": "0.12", "9": "-0", "10": "-0.00"}}}, "ratios": {"annual": {"Year": {"1": "Market Capitalization", "2": "Enterprise Value", "3": "PE Ratio", "4": "PB Ratio", "5": "P/FCF Ratio", "6": "P/OCF Ratio", "7": "EV/EBITDA Ratio", "8": "EV/EBIT Ratio", "9": "EV/FCF Ratio", "10": "Current Ratio", "11": "Return on Equity (ROE)", "12": "Return on Assets (ROA)", "13": "Return on Capital (ROIC)", "14": "Earnings Yield", "15": "FCF Yield", "16": "Buyback Yield / Dilution", "17": "Total Shareholder Return"}, "Current": {"1": "73", "2": "18", "3": "429.96", "4": "13.80", "5": "-243.07", "6": "-243.07", "7": "81.65", "8": "81.65", "9": "-51.91", "10": "19.68", "11": "6.20%", "12": "0.60%", "13": "0.80%", "14": "0.22%", "15": "-0.40%", "16": "-120.00%", "17": "-120.00%"}, "2022": {"1": "71", "2": "15", "3": "429.96", "4": "13.31", "5": "-243.07", "6": "-243.07", "7": "69.80", "8": "69.80", "9": "-51.91", "10": "19.68", "11": "6.20%", "12": "0.60%", "13": "0.80%", "14": "0.23%", "15": "-0.41%", "16": "-", "17": "-"}}, "quarterly": {"Metrics": {"1": "Market Capitalization", "2": "Enterprise Value", "3": "PE Ratio", "4": "PB Ratio", "5": "Debt / Equity Ratio", "6": "Current Ratio", "7": "Buyback Yield / Dilution", "8": "Total Shareholder Return"}, "Current": {"1": "73", "2": "18", "3": "429.96", "4": "13.80", "5": "-", "6": "19.68", "7": "-120.00%", "8": "-120.00%"}, "2022-12-31": {"1": "71", "2": "15", "3": "429.96", "4": "13.31", "5": "-", "6": "19.68", "7": "-120.00%", "8": "-120.00%"}, "2022-09-30": {"1": "-", "2": "0", "3": "-", "4": "-", "5": "22.53", "6": "-", "7": "-", "8": "-"}, "2022-06-30": {"1": "-", "2": "0", "3": "-", "4": "-", "5": "22.33", "6": "-", "7": "-", "8": "-"}, "2021-12-31": {"1": "-", "2": "0", "3": "-", "4": "-", "5": "9.71", "6": "1.08", "7": "-", "8": "-"}}}, "stock_price": {"index": {}, "high": {}, "low": {}, "volume": {}, "open": {}, "close": {}}, "profile": {"address1": "515 Madison Avenue", "address2": "8th Floor", "city": "New York", "state": "NY", "zip": "10022", "country": "United States", "phone": "646-970-2181", "industry": "Shell Companies", "industryDisp": "Shell Companies", "sector": "Financial Services", "longBusinessSummary": "Aquaron Acquisition Corp. does not have significant operations. It focuses on effecting a merger, share exchange, asset acquisition, stock purchase, recapitalization, reorganization, or similar business combination with one or more businesses. It intends to focus on operating businesses in the new energy sector. The company was incorporated in 2021 and is based in New York, New York.", "companyOfficers": [{"maxAge": 1, "name": "Ms. Yi  Zhou", "age": 35, "title": "Chairwoman, CEO & Pres", "yearBorn": 1987, "exercisedValue": 0, "unexercisedValue": 0}, {"maxAge": 1, "name": "Mr. Qingze  Zhao", "age": 33, "title": "CFO & Director", "yearBorn": 1989, "exercisedValue": 0, "unexercisedValue": 0}], "maxAge": 86400, "latitude": 40.75967265328376, "longitude": -73.97378599921883}}