{"income_statement": {"annual": {"Year": {"1": "Revenue", "2": "Revenue Growth (YoY)", "3": "Cost of Revenue", "4": "Gross Profit", "5": "Selling, General & Admin", "6": "Other Operating Expenses", "7": "Operating Expenses", "8": "Operating Income", "9": "Interest Expense / Income", "10": "Other Expense / Income", "11": "Pretax Income", "12": "Income Tax", "13": "Net Income", "14": "Net Income Growth", "15": "Shares Outstanding (Basic)", "16": "Shares Outstanding (Diluted)", "17": "Shares Change", "18": "EPS (Basic)", "19": "EPS (Diluted)", "20": "EPS Growth", "21": "Free Cash Flow Per Share", "22": "Gross Margin", "23": "Operating Margin", "24": "Profit Margin", "25": "Free Cash Flow Margin", "26": "Effective Tax Rate", "27": "EBITDA", "28": "EBITDA Margin", "29": "Depreciation & Amortization", "30": "EBIT", "31": "EBIT Margin"}, "2022": {"1": "47.36", "2": "-36.17%", "3": "81.82", "4": "-34.46", "5": "32.46", "6": "66.4", "7": "98.86", "8": "-133.32", "9": "18.32", "10": "42.95", "11": "-194.59", "12": "-0.36", "13": "-194.23", "14": "-", "15": "469", "16": "-", "17": "2.70%", "18": "-0.41", "19": "-0.41", "20": "-", "21": "-0.32", "22": "-72.76%", "23": "-281.48%", "24": "-410.09%", "25": "-312.45%", "26": "-", "27": "-152.82", "28": "-322.66%", "29": "23.45", "30": "-176.27", "31": "-372.17%"}, "2021": {"1": "74.2", "2": "291.43%", "3": "20.56", "4": "53.65", "5": "10.83", "6": "0", "7": "10.83", "8": "42.82", "9": "2.14", "10": "1.41", "11": "39.27", "12": "8.51", "13": "30.77", "14": "2033.50%", "15": "457", "16": "-", "17": "36.52%", "18": "0.08", "19": "0.07", "20": "1750.00%", "21": "-0.34", "22": "72.30%", "23": "57.71%", "24": "41.46%", "25": "-207.83%", "26": "21.66%", "27": "52.92", "28": "71.32%", "29": "11.51", "30": "41.41", "31": "55.81%"}, "2020": {"1": "18.96", "2": "120.00%", "3": "15.04", "4": "3.92", "5": "2.32", "6": "0", "7": "2.32", "8": "1.6", "9": "0.16", "10": "-", "11": "1.44", "12": "0", "13": "1.44", "14": "-", "15": "303", "16": "335", "17": "13.92%", "18": "0.01", "19": "0.00", "20": "-", "21": "0.01", "22": "20.68%", "23": "8.43%", "24": "7.61%", "25": "7.47%", "26": "-", "27": "7.63", "28": "40.23%", "29": "6.03", "30": "1.6", "31": "8.43%"}, "2019": {"1": "8.62", "2": "-", "3": "5.89", "4": "2.72", "5": "1.76", "6": "1.79", "7": "3.56", "8": "-0.83", "9": "0.04", "10": "-0.01", "11": "-0.87", "12": "0", "13": "-0.87", "14": "-", "15": "294", "16": "294", "17": "-", "18": "-0.00", "19": "-0.00", "20": "-", "21": "-0.05", "22": "31.60%", "23": "-9.68%", "24": "-10.09%", "25": "-184.68%", "26": "-", "27": "1.39", "28": "16.17%", "29": "2.22", "30": "-0.83", "31": "-9.61%"}}, "quarterly": {"Metrics": {"1": "Revenue", "2": "Revenue Growth (YoY)", "3": "Cost of Revenue", "4": "Gross Profit", "5": "Selling, General & Admin", "6": "Other Operating Expenses", "7": "Operating Expenses", "8": "Operating Income", "9": "Interest Expense / Income", "10": "Other Expense / Income", "11": "Pretax Income", "12": "Income Tax", "13": "Net Income", "14": "Shares Outstanding (Basic)", "15": "Shares Change", "16": "EPS (Basic)", "17": "EPS (Diluted)", "18": "Gross Margin", "19": "Operating Margin", "20": "Profit Margin", "21": "Effective Tax Rate", "22": "EBIT", "23": "EBIT Margin"}, "2022-12-31": {"1": "-", "2": "-", "3": "-", "4": "-", "5": "-", "6": "0", "7": "-", "8": "-", "9": "-", "10": "-", "11": "-", "12": "-", "13": "-", "14": "469", "15": "22.88%", "16": "-", "17": "-", "18": "-", "19": "-", "20": "-", "21": "-", "22": "-", "23": "-"}, "2022-06-30": {"1": "11.84", "2": "-12.85%", "3": "47.71", "4": "-35.87", "5": "6.55", "6": "1.7", "7": "8.24", "8": "-44.12", "9": "1.62", "10": "-7.36", "11": "-38.37", "12": "-6.3", "13": "-32.08", "14": "468", "15": "2.46%", "16": "-0.07", "17": "-0.07", "18": "-303.04%", "19": "-372.67%", "20": "-270.97%", "21": "-", "22": "-36.76", "23": "-310.50%"}, "2022-03-31": {"1": "14.86", "2": "-", "3": "13.4", "4": "1.46", "5": "3.3", "6": "1.12", "7": "4.42", "8": "-2.96", "9": "1.86", "10": "-6.3", "11": "1.48", "12": "-0.09", "13": "1.57", "14": "457", "15": "50.55%", "16": "-", "17": "-", "18": "9.83%", "19": "-19.90%", "20": "10.58%", "21": "-6.00%", "22": "3.34", "23": "22.50%"}, "2021-12-31": {"1": "-", "2": "-", "3": "-", "4": "-", "5": "-", "6": "0", "7": "-", "8": "-", "9": "-", "10": "-", "11": "-", "12": "-", "13": "-", "14": "457", "15": "55.52%", "16": "-", "17": "-", "18": "-", "19": "-", "20": "-", "21": "-", "22": "-", "23": "-"}, "2021-06-30": {"1": "17.5", "2": "-", "3": "23.63", "4": "-6.13", "5": "1.72", "6": "1.02", "7": "2.73", "8": "-8.86", "9": "0.19", "10": "-0.48", "11": "-8.57", "12": "3.48", "13": "-12.05", "14": "382", "15": "-", "16": "0.02", "17": "0.02", "18": "-34.99%", "19": "-50.60%", "20": "-68.87%", "21": "-", "22": "-8.38", "23": "-47.88%"}, "2021-03-31": {"1": "13.58", "2": "-", "3": "-7.08", "4": "20.66", "5": "0.58", "6": "0.55", "7": "1.13", "8": "19.53", "9": "0.22", "10": "0.04", "11": "19.27", "12": "0", "13": "19.27", "14": "457", "15": "-", "16": "0.00", "17": "0.00", "18": "152.09%", "19": "143.78%", "20": "141.85%", "21": "-", "22": "19.49", "23": "143.48%"}, "2020-12-31": {"1": "-", "2": "-", "3": "-", "4": "-", "5": "-", "6": "0", "7": "-", "8": "-", "9": "-", "10": "-", "11": "-", "12": "-", "13": "-", "14": "303", "15": "-", "16": "-", "17": "-", "18": "-", "19": "-", "20": "-", "21": "-", "22": "-", "23": "-"}, "2019-12-31": {"1": "-", "2": "-", "3": "-", "4": "-", "5": "-", "6": "0", "7": "-", "8": "-", "9": "-", "10": "-", "11": "-", "12": "-", "13": "-", "14": "294", "15": "-", "16": "-", "17": "-", "18": "-", "19": "-", "20": "-", "21": "-", "22": "-", "23": "-"}}}, "balance_sheet": {"annual": {"Year": {"1": "Cash & Equivalents", "2": "Short-Term Investments", "3": "Cash & Cash Equivalents", "4": "Cash Growth", "5": "Receivables", "6": "Other Current Assets", "7": "Total Current Assets", "8": "Property, Plant & Equipment", "9": "Long-Term Investments", "10": "Goodwill and Intangibles", "11": "Other Long-Term Assets", "12": "Total Long-Term Assets", "13": "Total Assets", "14": "Accounts Payable", "15": "Current Debt", "16": "Other Current Liabilities", "17": "Total Current Liabilities", "18": "Long-Term Debt", "19": "Other Long-Term Liabilities", "20": "Total Long-Term Liabilities", "21": "Total Liabilities", "22": "Total Debt", "23": "Debt Growth", "24": "Common Stock", "25": "Retained Earnings", "26": "Comprehensive Income", "27": "Shareholders' Equity", "28": "Total Liabilities and Equity", "29": "Net Cash / Debt", "30": "Net Cash / Debt Growth", "31": "Net Cash Per Share", "32": "Working Capital", "33": "Book Value Per Share"}, "2022": {"1": "16.66", "2": "0.37", "3": "17.03", "4": "-81.60%", "5": "5.64", "6": "0", "7": "22.67", "8": "64.29", "9": "2.72", "10": "1.74", "11": "0", "12": "68.75", "13": "91.42", "14": "8.31", "15": "9.63", "16": "2.2", "17": "20.13", "18": "0.45", "19": "39.3", "20": "39.75", "21": "59.88", "22": "10.08", "23": "-57.61%", "24": "151.03", "25": "-141.39", "26": "1.77", "27": "11.4", "28": "71.28", "29": "6.95", "30": "-89.89%", "31": "-", "32": "2.54", "33": "0.02"}, "2021": {"1": "11.8", "2": "80.76", "3": "92.56", "4": "1283.79%", "5": "63.36", "6": "0", "7": "155.92", "8": "111.95", "9": "14.22", "10": "5.6", "11": "0", "12": "131.78", "13": "287.7", "14": "15.25", "15": "23.4", "16": "16.04", "17": "54.68", "18": "0.37", "19": "30.84", "20": "31.21", "21": "85.89", "22": "23.77", "23": "222.06%", "24": "141.95", "25": "52.84", "26": "7.02", "27": "201.81", "28": "287.7", "29": "68.79", "30": "-", "31": "-", "32": "101.24", "33": "0.44"}, "2020": {"1": "2.05", "2": "4.64", "3": "6.69", "4": "456.35%", "5": "6.29", "6": "-4.12", "7": "8.86", "8": "17.9", "9": "1.39", "10": "0.37", "11": "4.12", "12": "23.78", "13": "32.64", "14": "0.94", "15": "3.47", "16": "0", "17": "4.41", "18": "3.91", "19": "0", "20": "3.91", "21": "8.32", "22": "7.38", "23": "-", "24": "1.92", "25": "21.97", "26": "0.44", "27": "24.33", "28": "32.64", "29": "-0.69", "30": "-", "31": "-0.00", "32": "4.46", "33": "0.08"}, "2019": {"1": "0.16", "2": "1.04", "3": "1.2", "4": "-", "5": "6.24", "6": "-4.15", "7": "3.29", "8": "15.4", "9": "1.4", "10": "0.48", "11": "4.15", "12": "21.44", "13": "24.73", "14": "3.99", "15": "0", "16": "0", "17": "3.99", "18": "0", "19": "0", "20": "0", "21": "3.99", "22": "0", "23": "-", "24": "25.55", "25": "-4.99", "26": "0.18", "27": "20.74", "28": "24.73", "29": "1.2", "30": "-", "31": "0.00", "32": "-0.7", "33": "0.07"}}, "quarterly": {"Metrics": {"1": "Cash & Equivalents", "2": "Short-Term Investments", "3": "Cash & Cash Equivalents", "4": "Cash Growth", "5": "Receivables", "6": "Other Current Assets", "7": "Total Current Assets", "8": "Property, Plant & Equipment", "9": "Long-Term Investments", "10": "Goodwill and Intangibles", "11": "Other Long-Term Assets", "12": "Total Long-Term Assets", "13": "Total Assets", "14": "Accounts Payable", "15": "Current Debt", "16": "Other Current Liabilities", "17": "Total Current Liabilities", "18": "Long-Term Debt", "19": "Other Long-Term Liabilities", "20": "Total Long-Term Liabilities", "21": "Total Liabilities", "22": "Total Debt", "23": "Debt Growth", "24": "Common Stock", "25": "Retained Earnings", "26": "Comprehensive Income", "27": "Shareholders' Equity", "28": "Total Liabilities and Equity", "29": "Net Cash / Debt", "30": "Net Cash / Debt Growth", "31": "Working Capital", "32": "Book Value Per Share"}, "2022-12-31": {"1": "16.66", "2": "0.37", "3": "17.03", "4": "-65.50%", "5": "5.64", "6": "0", "7": "22.67", "8": "64.29", "9": "2.72", "10": "1.74", "11": "0", "12": "68.75", "13": "91.42", "14": "8.31", "15": "9.63", "16": "2.2", "17": "20.13", "18": "0.45", "19": "39.3", "20": "39.75", "21": "59.88", "22": "10.08", "23": "-59.79%", "24": "151.03", "25": "-141.39", "26": "1.77", "27": "11.4", "28": "71.28", "29": "6.95", "30": "-71.38%", "31": "2.54", "32": "0.02"}, "2022-06-30": {"1": "9.21", "2": "28.09", "3": "37.3", "4": "-", "5": "99.45", "6": "0", "7": "136.75", "8": "158.17", "9": "5.14", "10": "3.6", "11": "0", "12": "166.92", "13": "303.67", "14": "17.63", "15": "44.73", "16": "2.44", "17": "64.8", "18": "73.27", "19": "0.44", "20": "73.71", "21": "138.51", "22": "117.99", "23": "-", "24": "148.92", "25": "22.37", "26": "-6.13", "27": "165.16", "28": "303.67", "29": "-80.69", "30": "-", "31": "71.95", "32": "0.35"}, "2022-03-31": {"1": "9.07", "2": "79.84", "3": "88.91", "4": "1229.12%", "5": "84.91", "6": "0", "7": "173.82", "8": "119.75", "9": "14.09", "10": "8.88", "11": "0", "12": "142.72", "13": "316.54", "14": "13.8", "15": "44.65", "16": "14.23", "17": "72.68", "18": "44.95", "19": "0.54", "20": "45.49", "21": "118.17", "22": "89.59", "23": "1114.00%", "24": "143.04", "25": "60.98", "26": "-5.65", "27": "198.37", "28": "316.54", "29": "-0.69", "30": "-", "31": "101.14", "32": "0.43"}, "2021-12-31": {"1": "11.8", "2": "80.76", "3": "92.56", "4": "7598.71%", "5": "63.36", "6": "0", "7": "155.92", "8": "111.95", "9": "14.22", "10": "5.6", "11": "0", "12": "131.78", "13": "287.7", "14": "15.25", "15": "23.4", "16": "16.04", "17": "54.68", "18": "0.37", "19": "30.84", "20": "31.21", "21": "85.89", "22": "23.77", "23": "-", "24": "141.95", "25": "52.84", "26": "7.02", "27": "201.81", "28": "287.7", "29": "68.79", "30": "5621.84%", "31": "101.24", "32": "0.44"}, "2021-06-30": {"1": "16.05", "2": "33.31", "3": "49.36", "4": "-", "5": "39.25", "6": "0", "7": "88.6", "8": "42.15", "9": "8.66", "10": "0.29", "11": "0", "12": "51.11", "13": "139.71", "14": "25.21", "15": "19.37", "16": "3.48", "17": "48.07", "18": "5.69", "19": "0", "20": "5.69", "21": "53.76", "22": "25.06", "23": "-", "24": "56.69", "25": "29.18", "26": "0.08", "27": "85.95", "28": "139.71", "29": "24.29", "30": "-", "31": "40.53", "32": "0.23"}, "2021-03-31": {"1": "-", "2": "-", "3": "0", "4": "-", "5": "-", "6": "-", "7": "-", "8": "-", "9": "-", "10": "-", "11": "-", "12": "-", "13": "-", "14": "-", "15": "-", "16": "-", "17": "-", "18": "-", "19": "-", "20": "-", "21": "-", "22": "-", "23": "-", "24": "-", "25": "-", "26": "-", "27": "-", "28": "-", "29": "0", "30": "-", "31": "-", "32": "-"}, "2020-12-31": {"1": "2.05", "2": "4.64", "3": "6.69", "4": "-", "5": "6.29", "6": "-4.12", "7": "8.86", "8": "17.9", "9": "1.39", "10": "0.37", "11": "4.12", "12": "23.78", "13": "32.64", "14": "0.94", "15": "3.47", "16": "0", "17": "4.41", "18": "3.91", "19": "0", "20": "3.91", "21": "8.32", "22": "7.38", "23": "-", "24": "1.92", "25": "21.97", "26": "0.44", "27": "24.33", "28": "32.64", "29": "-0.69", "30": "-", "31": "4.46", "32": "0.08"}, "2019-12-31": {"1": "0.16", "2": "1.04", "3": "1.2", "4": "-", "5": "6.24", "6": "-4.15", "7": "3.29", "8": "15.4", "9": "1.4", "10": "0.48", "11": "4.15", "12": "21.44", "13": "24.73", "14": "3.99", "15": "0", "16": "0", "17": "3.99", "18": "0", "19": "0", "20": "0", "21": "3.99", "22": "0", "23": "-", "24": "25.55", "25": "-4.99", "26": "0.18", "27": "20.74", "28": "24.73", "29": "1.2", "30": "-", "31": "-0.7", "32": "0.07"}}}, "cash_flow_statement": {"annual": {"Year": {"1": "Net Income", "2": "Depreciation & Amortization", "3": "Share-Based Compensation", "4": "Other Operating Activities", "5": "Operating Cash Flow", "6": "Capital Expenditures", "7": "Acquisitions", "8": "Change in Investments", "9": "Other Investing Activities", "10": "Investing Cash Flow", "11": "Share Issuance / Repurchase", "12": "Debt Issued / Paid", "13": "Other Financing Activities", "14": "Financing Cash Flow", "15": "Net Cash Flow", "16": "Free Cash Flow", "17": "Free Cash Flow Margin", "18": "Free Cash Flow Per Share"}, "2022": {"1": "-194.23", "2": "23.45", "3": "4.93", "4": "95.19", "5": "-70.66", "6": "-77.33", "7": "-1.36", "8": "84.23", "9": "-", "10": "5.54", "11": "0", "12": "86.38", "13": "-18.32", "14": "68.06", "15": "2.94", "16": "-147.99", "17": "-312.45%", "18": "-0.32"}, "2021": {"1": "30.77", "2": "11.51", "3": "1.94", "4": "-72.03", "5": "-27.82", "6": "-126.4", "7": "-8.02", "8": "-3.15", "9": "-", "10": "-137.56", "11": "134.68", "12": "40.57", "13": "-0.12", "14": "175.13", "15": "9.75", "16": "-154.22", "17": "-207.83%", "18": "-0.34"}, "2020": {"1": "1.44", "2": "6.03", "3": "0.33", "4": "-5.28", "5": "2.52", "6": "-1.1", "7": "0", "8": "0", "9": "0.05", "10": "-1.06", "11": "1.55", "12": "-0.97", "13": "-0.16", "14": "0.43", "15": "1.89", "16": "1.42", "17": "7.47%", "18": "0.01"}, "2019": {"1": "-0.87", "2": "2.22", "3": "0", "4": "-2.24", "5": "-0.89", "6": "-15.03", "7": "-1.4", "8": "0", "9": "0.01", "10": "-16.42", "11": "0", "12": "0", "13": "1.08", "14": "1.08", "15": "-16.23", "16": "-15.91", "17": "-184.68%", "18": "-0.05"}}, "quarterly": {"Metrics": {"1": "Net Income", "2": "Other Operating Activities"}, "2022-12-31": {"1": "-", "2": "-"}, "2022-06-30": {"1": "-32.08", "2": "32.08"}, "2022-03-31": {"1": "1.57", "2": "-1.57"}, "2021-12-31": {"1": "-", "2": "-"}, "2021-06-30": {"1": "-12.05", "2": "12.05"}, "2021-03-31": {"1": "19.27", "2": "-19.27"}, "2020-12-31": {"1": "-", "2": "-"}}}, "ratios": {"annual": {"Year": {"1": "Market Capitalization", "2": "Market Cap Growth", "3": "Enterprise Value", "4": "PE Ratio", "5": "PS Ratio", "6": "PB Ratio", "7": "P/FCF Ratio", "8": "P/OCF Ratio", "9": "EV/Sales Ratio", "10": "EV/EBITDA Ratio", "11": "EV/EBIT Ratio", "12": "EV/FCF Ratio", "13": "Debt / Equity Ratio", "14": "Debt / EBITDA Ratio", "15": "Debt / FCF Ratio", "16": "Current Ratio", "17": "Asset Turnover", "18": "Return on Equity (ROE)", "19": "Return on Assets (ROA)", "20": "Return on Capital (ROIC)", "21": "Earnings Yield", "22": "FCF Yield", "23": "Buyback Yield / Dilution", "24": "Total Shareholder Return"}, "Current": {"1": "54", "2": "-", "3": "49", "4": "-2.16", "5": "1.01", "6": "4.21", "7": "-2.84", "8": "-5.95", "9": "0.87", "10": "-2.71", "11": "-2.35", "12": "-2.79", "13": "0.88", "14": "-0.07", "15": "-0.07", "16": "1.13", "17": "0.25", "18": "-182.20%", "19": "-102.50%", "20": "-116.60%", "21": "-404.75%", "22": "-308.39%", "23": "-22.88%", "24": "-22.88%"}, "2022": {"1": "507", "2": "-90.88%", "3": "498", "4": "-2.16", "5": "8.88", "6": "36.89", "7": "-2.84", "8": "-5.95", "9": "8.73", "10": "-2.71", "11": "-2.35", "12": "-2.79", "13": "0.88", "14": "-0.07", "15": "-0.07", "16": "1.13", "17": "0.25", "18": "-182.20%", "19": "-102.50%", "20": "-116.60%", "21": "-46.18%", "22": "-35.19%", "23": "-2.70%", "24": "-2.70%"}, "2021": {"1": "5,555", "2": "-", "3": "5,463", "4": "135.42", "5": "56.15", "6": "20.65", "7": "-27.02", "8": "-149.78", "9": "55.22", "10": "77.42", "11": "98.94", "12": "-26.57", "13": "0.12", "14": "0.45", "15": "-0.15", "16": "2.85", "17": "0.46", "18": "27.20%", "19": "19.20%", "20": "30.40%", "21": "0.74%", "22": "-3.70%", "23": "-50.55%", "24": "-50.55%"}, "2020": {"1": "-", "2": "-", "3": "1", "4": "-", "5": "-", "6": "-", "7": "-", "8": "-", "9": "0.04", "10": "0.09", "11": "0.43", "12": "0.49", "13": "0.30", "14": "0.97", "15": "5.21", "16": "2.01", "17": "0.66", "18": "6.40%", "19": "5.00%", "20": "6.00%", "21": "-", "22": "-", "23": "-13.92%", "24": "-13.92%"}}, "quarterly": {"Metrics": {"1": "Market Capitalization", "2": "Enterprise Value", "3": "PE Ratio", "4": "PS Ratio", "5": "PB Ratio", "6": "Debt / Equity Ratio", "7": "Current Ratio", "8": "Buyback Yield / Dilution", "9": "Total Shareholder Return"}, "Current": {"1": "54", "2": "49", "3": "-2.16", "4": "1.01", "5": "4.21", "6": "0.88", "7": "1.13", "8": "-22.88%", "9": "-22.88%"}, "2022-12-31": {"1": "507", "2": "498", "3": "-2.16", "4": "8.88", "5": "36.89", "6": "0.88", "7": "1.13", "8": "-22.88%", "9": "-22.88%"}, "2022-06-30": {"1": "1,760", "2": "1,858", "3": "-207.56", "4": "20.67", "5": "8.74", "6": "0.71", "7": "2.11", "8": "-2.46%", "9": "-2.46%"}, "2022-03-31": {"1": "4,504", "2": "4,505", "3": "-", "4": "-", "5": "17.26", "6": "0.45", "7": "2.39", "8": "-50.55%", "9": "-50.55%"}, "2021-12-31": {"1": "5,555", "2": "5,463", "3": "135.42", "4": "56.15", "5": "20.65", "6": "0.12", "7": "2.85", "8": "-55.52%", "9": "-55.52%"}, "2021-06-30": {"1": "-", "2": "-34", "3": "-", "4": "-", "5": "-", "6": "0.29", "7": "1.84", "8": "-", "9": "-"}, "2021-03-31": {"1": "-", "2": "-", "3": "-", "4": "-", "5": "-", "6": "-", "7": "-", "8": "-", "9": "-"}, "2020-12-31": {"1": "-", "2": "1", "3": "-", "4": "-", "5": "-", "6": "0.30", "7": "2.01", "8": "-", "9": "-"}}}, "stock_price": {"symbol": {"0": "ARBK", "1": "ARBK", "2": "ARBK", "3": "ARBK", "4": "ARBK", "5": "ARBK", "6": "ARBK", "7": "ARBK", "8": "ARBK", "9": "ARBK", "10": "ARBK", "11": "ARBK", "12": "ARBK", "13": "ARBK", "14": "ARBK", "15": "ARBK", "16": "ARBK", "17": "ARBK", "18": "ARBK", "19": "ARBK", "20": "ARBK", "21": "ARBK", "22": "ARBK", "23": "ARBK", "24": "ARBK", "25": "ARBK", "26": "ARBK", "27": "ARBK", "28": "ARBK", "29": "ARBK", "30": "ARBK", "31": "ARBK", "32": "ARBK", "33": "ARBK", "34": "ARBK", "35": "ARBK", "36": "ARBK", "37": "ARBK", "38": "ARBK", "39": "ARBK", "40": "ARBK", "41": "ARBK", "42": "ARBK", "43": "ARBK", "44": "ARBK", "45": "ARBK", "46": "ARBK", "47": "ARBK", "48": "ARBK", "49": "ARBK", "50": "ARBK", "51": "ARBK", "52": "ARBK", "53": "ARBK", "54": "ARBK", "55": "ARBK", "56": "ARBK", "57": "ARBK", "58": "ARBK", "59": "ARBK", "60": "ARBK", "61": "ARBK", "62": "ARBK", "63": "ARBK", "64": "ARBK", "65": "ARBK", "66": "ARBK", "67": "ARBK", "68": "ARBK", "69": "ARBK", "70": "ARBK", "71": "ARBK", "72": "ARBK", "73": "ARBK", "74": "ARBK", "75": "ARBK", "76": "ARBK", "77": "ARBK", "78": "ARBK", "79": "ARBK", "80": "ARBK", "81": "ARBK", "82": "ARBK", "83": "ARBK", "84": "ARBK", "85": "ARBK", "86": "ARBK", "87": "ARBK", "88": "ARBK", "89": "ARBK", "90": "ARBK", "91": "ARBK", "92": "ARBK", "93": "ARBK", "94": "ARBK", "95": "ARBK", "96": "ARBK", "97": "ARBK", "98": "ARBK", "99": "ARBK", "100": "ARBK", "101": "ARBK", "102": "ARBK", "103": "ARBK", "104": "ARBK", "105": "ARBK", "106": "ARBK", "107": "ARBK", "108": "ARBK", "109": "ARBK", "110": "ARBK", "111": "ARBK", "112": "ARBK", "113": "ARBK", "114": "ARBK", "115": "ARBK", "116": "ARBK", "117": "ARBK", "118": "ARBK", "119": "ARBK", "120": "ARBK", "121": "ARBK", "122": "ARBK", "123": "ARBK", "124": "ARBK", "125": "ARBK", "126": "ARBK", "127": "ARBK", "128": "ARBK", "129": "ARBK", "130": "ARBK", "131": "ARBK", "132": "ARBK", "133": "ARBK", "134": "ARBK", "135": "ARBK", "136": "ARBK", "137": "ARBK", "138": "ARBK", "139": "ARBK", "140": "ARBK", "141": "ARBK", "142": "ARBK", "143": "ARBK", "144": "ARBK", "145": "ARBK", "146": "ARBK", "147": "ARBK", "148": "ARBK", "149": "ARBK", "150": "ARBK", "151": "ARBK", "152": "ARBK", "153": "ARBK", "154": "ARBK", "155": "ARBK", "156": "ARBK", "157": "ARBK", "158": "ARBK", "159": "ARBK", "160": "ARBK", "161": "ARBK", "162": "ARBK", "163": "ARBK", "164": "ARBK", "165": "ARBK", "166": "ARBK", "167": "ARBK", "168": "ARBK", "169": "ARBK", "170": "ARBK", "171": "ARBK", "172": "ARBK", "173": "ARBK", "174": "ARBK", "175": "ARBK", "176": "ARBK", "177": "ARBK", "178": "ARBK", "179": "ARBK", "180": "ARBK", "181": "ARBK", "182": "ARBK", "183": "ARBK", "184": "ARBK", "185": "ARBK", "186": "ARBK", "187": "ARBK", "188": "ARBK", "189": "ARBK", "190": "ARBK", "191": "ARBK", "192": "ARBK", "193": "ARBK", "194": "ARBK", "195": "ARBK", "196": "ARBK", "197": "ARBK", "198": "ARBK", "199": "ARBK", "200": "ARBK", "201": "ARBK", "202": "ARBK", "203": "ARBK", "204": "ARBK", "205": "ARBK", "206": "ARBK", "207": "ARBK", "208": "ARBK", "209": "ARBK", "210": "ARBK", "211": "ARBK", "212": "ARBK", "213": "ARBK", "214": "ARBK", "215": "ARBK", "216": "ARBK", "217": "ARBK", "218": "ARBK", "219": "ARBK", "220": "ARBK", "221": "ARBK", "222": "ARBK", "223": "ARBK", "224": "ARBK", "225": "ARBK", "226": "ARBK", "227": "ARBK", "228": "ARBK", "229": "ARBK", "230": "ARBK", "231": "ARBK", "232": "ARBK", "233": "ARBK", "234": "ARBK", "235": "ARBK", "236": "ARBK", "237": "ARBK", "238": "ARBK", "239": "ARBK", "240": "ARBK", "241": "ARBK", "242": "ARBK", "243": "ARBK", "244": "ARBK", "245": "ARBK", "246": "ARBK", "247": "ARBK", "248": "ARBK", "249": "ARBK", "250": "ARBK", "251": "ARBK", "252": "ARBK", "253": "ARBK", "254": "ARBK", "255": "ARBK", "256": "ARBK", "257": "ARBK", "258": "ARBK", "259": "ARBK", "260": "ARBK", "261": "ARBK", "262": "ARBK", "263": "ARBK", "264": "ARBK", "265": "ARBK", "266": "ARBK", "267": "ARBK", "268": "ARBK", "269": "ARBK", "270": "ARBK", "271": "ARBK", "272": "ARBK", "273": "ARBK", "274": "ARBK", "275": "ARBK", "276": "ARBK", "277": "ARBK", "278": "ARBK", "279": "ARBK", "280": "ARBK", "281": "ARBK", "282": "ARBK", "283": "ARBK", "284": "ARBK", "285": "ARBK", "286": "ARBK", "287": "ARBK", "288": "ARBK", "289": "ARBK", "290": "ARBK", "291": "ARBK", "292": "ARBK", "293": "ARBK", "294": "ARBK", "295": "ARBK", "296": "ARBK", "297": "ARBK", "298": "ARBK", "299": "ARBK", "300": "ARBK", "301": "ARBK", "302": "ARBK", "303": "ARBK", "304": "ARBK", "305": "ARBK", "306": "ARBK", "307": "ARBK", "308": "ARBK", "309": "ARBK", "310": "ARBK", "311": "ARBK", "312": "ARBK", "313": "ARBK", "314": "ARBK", "315": "ARBK", "316": "ARBK", "317": "ARBK", "318": "ARBK", "319": "ARBK", "320": "ARBK", "321": "ARBK", "322": "ARBK", "323": "ARBK", "324": "ARBK", "325": "ARBK", "326": "ARBK", "327": "ARBK", "328": "ARBK", "329": "ARBK", "330": "ARBK", "331": "ARBK", "332": "ARBK", "333": "ARBK", "334": "ARBK", "335": "ARBK", "336": "ARBK", "337": "ARBK", "338": "ARBK", "339": "ARBK", "340": "ARBK", "341": "ARBK", "342": "ARBK", "343": "ARBK", "344": "ARBK", "345": "ARBK", "346": "ARBK", "347": "ARBK", "348": "ARBK", "349": "ARBK", "350": "ARBK", "351": "ARBK", "352": "ARBK", "353": "ARBK", "354": "ARBK", "355": "ARBK", "356": "ARBK", "357": "ARBK", "358": "ARBK", "359": "ARBK", "360": "ARBK", "361": "ARBK", "362": "ARBK", "363": "ARBK", "364": "ARBK", "365": "ARBK", "366": "ARBK", "367": "ARBK", "368": "ARBK", "369": "ARBK", "370": "ARBK", "371": "ARBK", "372": "ARBK", "373": "ARBK", "374": "ARBK", "375": "ARBK", "376": "ARBK", "377": "ARBK", "378": "ARBK", "379": "ARBK", "380": "ARBK", "381": "ARBK", "382": "ARBK", "383": "ARBK", "384": "ARBK", "385": "ARBK", "386": "ARBK", "387": "ARBK", "388": "ARBK", "389": "ARBK", "390": "ARBK", "391": "ARBK", "392": "ARBK", "393": "ARBK", "394": "ARBK", "395": "ARBK", "396": "ARBK", "397": "ARBK", "398": "ARBK", "399": "ARBK", "400": "ARBK", "401": "ARBK", "402": "ARBK", "403": "ARBK", "404": "ARBK", "405": "ARBK", "406": "ARBK", "407": "ARBK", "408": "ARBK", "409": "ARBK", "410": "ARBK", "411": "ARBK", "412": "ARBK", "413": "ARBK", "414": "ARBK", "415": "ARBK", "416": "ARBK", "417": "ARBK", "418": "ARBK", "419": "ARBK", "420": "ARBK", "421": "ARBK", "422": "ARBK", "423": "ARBK", "424": "ARBK", "425": "ARBK", "426": "ARBK", "427": "ARBK", "428": "ARBK", "429": "ARBK", "430": "ARBK", "431": "ARBK", "432": "ARBK", "433": "ARBK", "434": "ARBK", "435": "ARBK", "436": "ARBK", "437": "ARBK", "438": "ARBK", "439": "ARBK", "440": "ARBK", "441": "ARBK", "442": "ARBK", "443": "ARBK"}, "date": {"0": "2021-09-23", "1": "2021-09-24", "2": "2021-09-27", "3": "2021-09-28", "4": "2021-09-29", "5": "2021-09-30", "6": "2021-10-01", "7": "2021-10-04", "8": "2021-10-05", "9": "2021-10-06", "10": "2021-10-07", "11": "2021-10-08", "12": "2021-10-11", "13": "2021-10-12", "14": "2021-10-13", "15": "2021-10-14", "16": "2021-10-15", "17": "2021-10-18", "18": "2021-10-19", "19": "2021-10-20", "20": "2021-10-21", "21": "2021-10-22", "22": "2021-10-25", "23": "2021-10-26", "24": "2021-10-27", "25": "2021-10-28", "26": "2021-10-29", "27": "2021-11-01", "28": "2021-11-02", "29": "2021-11-03", "30": "2021-11-04", "31": "2021-11-05", "32": "2021-11-08", "33": "2021-11-09", "34": "2021-11-10", "35": "2021-11-11", "36": "2021-11-12", "37": "2021-11-15", "38": "2021-11-16", "39": "2021-11-17", "40": "2021-11-18", "41": "2021-11-19", "42": "2021-11-22", "43": "2021-11-23", "44": "2021-11-24", "45": "2021-11-26", "46": "2021-11-29", "47": "2021-11-30", "48": "2021-12-01", "49": "2021-12-02", "50": "2021-12-03", "51": "2021-12-06", "52": "2021-12-07", "53": "2021-12-08", "54": "2021-12-09", "55": "2021-12-10", "56": "2021-12-13", "57": "2021-12-14", "58": "2021-12-15", "59": "2021-12-16", "60": "2021-12-17", "61": "2021-12-20", "62": "2021-12-21", "63": "2021-12-22", "64": "2021-12-23", "65": "2021-12-27", "66": "2021-12-28", "67": "2021-12-29", "68": "2021-12-30", "69": "2021-12-31", "70": "2022-01-03", "71": "2022-01-04", "72": "2022-01-05", "73": "2022-01-06", "74": "2022-01-07", "75": "2022-01-10", "76": "2022-01-11", "77": "2022-01-12", "78": "2022-01-13", "79": "2022-01-14", "80": "2022-01-18", "81": "2022-01-19", "82": "2022-01-20", "83": "2022-01-21", "84": "2022-01-24", "85": "2022-01-25", "86": "2022-01-26", "87": "2022-01-27", "88": "2022-01-28", "89": "2022-01-31", "90": "2022-02-01", "91": "2022-02-02", "92": "2022-02-03", "93": "2022-02-04", "94": "2022-02-07", "95": "2022-02-08", "96": "2022-02-09", "97": "2022-02-10", "98": "2022-02-11", "99": "2022-02-14", "100": "2022-02-15", "101": "2022-02-16", "102": "2022-02-17", "103": "2022-02-18", "104": "2022-02-22", "105": "2022-02-23", "106": "2022-02-24", "107": "2022-02-25", "108": "2022-02-28", "109": "2022-03-01", "110": "2022-03-02", "111": "2022-03-03", "112": "2022-03-04", "113": "2022-03-07", "114": "2022-03-08", "115": "2022-03-09", "116": "2022-03-10", "117": "2022-03-11", "118": "2022-03-14", "119": "2022-03-15", "120": "2022-03-16", "121": "2022-03-17", "122": "2022-03-18", "123": "2022-03-21", "124": "2022-03-22", "125": "2022-03-23", "126": "2022-03-24", "127": "2022-03-25", "128": "2022-03-28", "129": "2022-03-29", "130": "2022-03-30", "131": "2022-03-31", "132": "2022-04-01", "133": "2022-04-04", "134": "2022-04-05", "135": "2022-04-06", "136": "2022-04-07", "137": "2022-04-08", "138": "2022-04-11", "139": "2022-04-12", "140": "2022-04-13", "141": "2022-04-14", "142": "2022-04-18", "143": "2022-04-19", "144": "2022-04-20", "145": "2022-04-21", "146": "2022-04-22", "147": "2022-04-25", "148": "2022-04-26", "149": "2022-04-27", "150": "2022-04-28", "151": "2022-04-29", "152": "2022-05-02", "153": "2022-05-03", "154": "2022-05-04", "155": "2022-05-05", "156": "2022-05-06", "157": "2022-05-09", "158": "2022-05-10", "159": "2022-05-11", "160": "2022-05-12", "161": "2022-05-13", "162": "2022-05-16", "163": "2022-05-17", "164": "2022-05-18", "165": "2022-05-19", "166": "2022-05-20", "167": "2022-05-23", "168": "2022-05-24", "169": "2022-05-25", "170": "2022-05-26", "171": "2022-05-27", "172": "2022-05-31", "173": "2022-06-01", "174": "2022-06-02", "175": "2022-06-03", "176": "2022-06-06", "177": "2022-06-07", "178": "2022-06-08", "179": "2022-06-09", "180": "2022-06-10", "181": "2022-06-13", "182": "2022-06-14", "183": "2022-06-15", "184": "2022-06-16", "185": "2022-06-17", "186": "2022-06-21", "187": "2022-06-22", "188": "2022-06-23", "189": "2022-06-24", "190": "2022-06-27", "191": "2022-06-28", "192": "2022-06-29", "193": "2022-06-30", "194": "2022-07-01", "195": "2022-07-05", "196": "2022-07-06", "197": "2022-07-07", "198": "2022-07-08", "199": "2022-07-11", "200": "2022-07-12", "201": "2022-07-13", "202": "2022-07-14", "203": "2022-07-15", "204": "2022-07-18", "205": "2022-07-19", "206": "2022-07-20", "207": "2022-07-21", "208": "2022-07-22", "209": "2022-07-25", "210": "2022-07-26", "211": "2022-07-27", "212": "2022-07-28", "213": "2022-07-29", "214": "2022-08-01", "215": "2022-08-02", "216": "2022-08-03", "217": "2022-08-04", "218": "2022-08-05", "219": "2022-08-08", "220": "2022-08-09", "221": "2022-08-10", "222": "2022-08-11", "223": "2022-08-12", "224": "2022-08-15", "225": "2022-08-16", "226": "2022-08-17", "227": "2022-08-18", "228": "2022-08-19", "229": "2022-08-22", "230": "2022-08-23", "231": "2022-08-24", "232": "2022-08-25", "233": "2022-08-26", "234": "2022-08-29", "235": "2022-08-30", "236": "2022-08-31", "237": "2022-09-01", "238": "2022-09-02", "239": "2022-09-06", "240": "2022-09-07", "241": "2022-09-08", "242": "2022-09-09", "243": "2022-09-12", "244": "2022-09-13", "245": "2022-09-14", "246": "2022-09-15", "247": "2022-09-16", "248": "2022-09-19", "249": "2022-09-20", "250": "2022-09-21", "251": "2022-09-22", "252": "2022-09-23", "253": "2022-09-26", "254": "2022-09-27", "255": "2022-09-28", "256": "2022-09-29", "257": "2022-09-30", "258": "2022-10-03", "259": "2022-10-04", "260": "2022-10-05", "261": "2022-10-06", "262": "2022-10-07", "263": "2022-10-10", "264": "2022-10-11", "265": "2022-10-12", "266": "2022-10-13", "267": "2022-10-14", "268": "2022-10-17", "269": "2022-10-18", "270": "2022-10-19", "271": "2022-10-20", "272": "2022-10-21", "273": "2022-10-24", "274": "2022-10-25", "275": "2022-10-26", "276": "2022-10-27", "277": "2022-10-28", "278": "2022-10-31", "279": "2022-11-01", "280": "2022-11-02", "281": "2022-11-03", "282": "2022-11-04", "283": "2022-11-07", "284": "2022-11-08", "285": "2022-11-09", "286": "2022-11-10", "287": "2022-11-11", "288": "2022-11-14", "289": "2022-11-15", "290": "2022-11-16", "291": "2022-11-17", "292": "2022-11-18", "293": "2022-11-21", "294": "2022-11-22", "295": "2022-11-23", "296": "2022-11-25", "297": "2022-11-28", "298": "2022-11-29", "299": "2022-11-30", "300": "2022-12-01", "301": "2022-12-02", "302": "2022-12-05", "303": "2022-12-06", "304": "2022-12-07", "305": "2022-12-08", "306": "2022-12-09", "307": "2022-12-12", "308": "2022-12-13", "309": "2022-12-14", "310": "2022-12-15", "311": "2022-12-16", "312": "2022-12-19", "313": "2022-12-20", "314": "2022-12-21", "315": "2022-12-22", "316": "2022-12-23", "317": "2022-12-27", "318": "2022-12-28", "319": "2022-12-29", "320": "2022-12-30", "321": "2023-01-03", "322": "2023-01-04", "323": "2023-01-05", "324": "2023-01-06", "325": "2023-01-09", "326": "2023-01-10", "327": "2023-01-11", "328": "2023-01-12", "329": "2023-01-13", "330": "2023-01-17", "331": "2023-01-18", "332": "2023-01-19", "333": "2023-01-20", "334": "2023-01-23", "335": "2023-01-24", "336": "2023-01-25", "337": "2023-01-26", "338": "2023-01-27", "339": "2023-01-30", "340": "2023-01-31", "341": "2023-02-01", "342": "2023-02-02", "343": "2023-02-03", "344": "2023-02-06", "345": "2023-02-07", "346": "2023-02-08", "347": "2023-02-09", "348": "2023-02-10", "349": "2023-02-13", "350": "2023-02-14", "351": "2023-02-15", "352": "2023-02-16", "353": "2023-02-17", "354": "2023-02-21", "355": "2023-02-22", "356": "2023-02-23", "357": "2023-02-24", "358": "2023-02-27", "359": "2023-02-28", "360": "2023-03-01", "361": "2023-03-02", "362": "2023-03-03", "363": "2023-03-06", "364": "2023-03-07", "365": "2023-03-08", "366": "2023-03-09", "367": "2023-03-10", "368": "2023-03-13", "369": "2023-03-14", "370": "2023-03-15", "371": "2023-03-16", "372": "2023-03-17", "373": "2023-03-20", "374": "2023-03-21", "375": "2023-03-22", "376": "2023-03-23", "377": "2023-03-24", "378": "2023-03-27", "379": "2023-03-28", "380": "2023-03-29", "381": "2023-03-30", "382": "2023-03-31", "383": "2023-04-03", "384": "2023-04-04", "385": "2023-04-05", "386": "2023-04-06", "387": "2023-04-10", "388": "2023-04-11", "389": "2023-04-12", "390": "2023-04-13", "391": "2023-04-14", "392": "2023-04-17", "393": "2023-04-18", "394": "2023-04-19", "395": "2023-04-20", "396": "2023-04-21", "397": "2023-04-24", "398": "2023-04-25", "399": "2023-04-26", "400": "2023-04-27", "401": "2023-04-28", "402": "2023-05-01", "403": "2023-05-02", "404": "2023-05-03", "405": "2023-05-04", "406": "2023-05-05", "407": "2023-05-08", "408": "2023-05-09", "409": "2023-05-10", "410": "2023-05-11", "411": "2023-05-12", "412": "2023-05-15", "413": "2023-05-16", "414": "2023-05-17", "415": "2023-05-18", "416": "2023-05-19", "417": "2023-05-22", "418": "2023-05-23", "419": "2023-05-24", "420": "2023-05-25", "421": "2023-05-26", "422": "2023-05-30", "423": "2023-05-31", "424": "2023-06-01", "425": "2023-06-02", "426": "2023-06-05", "427": "2023-06-06", "428": "2023-06-07", "429": "2023-06-08", "430": "2023-06-09", "431": "2023-06-12", "432": "2023-06-13", "433": "2023-06-14", "434": "2023-06-15", "435": "2023-06-16", "436": "2023-06-20", "437": "2023-06-21", "438": "2023-06-22", "439": "2023-06-23", "440": "2023-06-26", "441": "2023-06-27", "442": "2023-06-28", "443": "2023-06-29"}, "open": {"0": 15.010000228881836, "1": 16.899999618530273, "2": 17.33300018310547, "3": 16.93000030517578, "4": 16.066999435424805, "5": 15.579999923706055, "6": 16.5, "7": 16.1299991607666, "8": 16.1299991607666, "9": 16.680999755859375, "10": 16.06999969482422, "11": 16.040000915527344, "12": 15.699999809265137, "13": 15.59000015258789, "14": 15.246999740600586, "15": 15.89900016784668, "16": 16.049999237060547, "17": 16.899999618530273, "18": 17.549999237060547, "19": 17.729999542236328, "20": 18.989999771118164, "21": 18.59000015258789, "22": 17.049999237060547, "23": 17.360000610351562, "24": 16.5, "25": 15.960000038146973, "26": 16.43000030517578, "27": 17.413999557495117, "28": 18.100000381469727, "29": 17.049999237060547, "30": 17.399999618530273, "31": 16.850000381469727, "32": 17.299999237060547, "33": 18.899999618530273, "34": 20.450000762939453, "35": 19.0, "36": 18.56999969482422, "37": 19.309999465942383, "38": 18.740999221801758, "39": 19.799999237060547, "40": 19.350000381469727, "41": 17.969999313354492, "42": 18.600000381469727, "43": 17.770000457763672, "44": 17.850000381469727, "45": 17.950000762939453, "46": 18.520000457763672, "47": 17.969999313354492, "48": 18.459999084472656, "49": 17.229999542236328, "50": 16.799999237060547, "51": 14.1899995803833, "52": 14.90999984741211, "53": 14.369999885559082, "54": 14.050000190734863, "55": 14.130000114440918, "56": 13.234999656677246, "57": 12.609999656677246, "58": 12.699999809265137, "59": 13.0, "60": 12.0, "61": 11.5, "62": 12.399999618530273, "63": 12.399999618530273, "64": 12.960000038146973, "65": 14.25, "66": 14.039999961853027, "67": 13.0600004196167, "68": 12.819999694824219, "69": 12.90999984741211, "70": 12.199999809265137, "71": 12.619999885559082, "72": 12.600000381469727, "73": 11.350000381469727, "74": 11.199999809265137, "75": 10.829999923706055, "76": 11.270000457763672, "77": 12.152999877929688, "78": 11.949999809265137, "79": 10.949999809265137, "80": 10.699999809265137, "81": 10.829999923706055, "82": 10.970000267028809, "83": 10.220000267028809, "84": 8.010000228881836, "85": 9.180000305175781, "86": 10.199999809265137, "87": 9.890000343322754, "88": 8.890000343322754, "89": 9.34000015258789, "90": 10.350000381469727, "91": 10.369999885559082, "92": 9.449999809265137, "93": 9.890000343322754, "94": 10.720000267028809, "95": 10.199999809265137, "96": 10.550000190734863, "97": 10.819999694824219, "98": 10.649999618530273, "99": 9.729999542236328, "100": 9.760000228881836, "101": 10.3100004196167, "102": 10.180000305175781, "103": 9.8100004196167, "104": 8.9399995803833, "105": 8.949999809265137, "106": 7.539999961853027, "107": 9.3149995803833, "108": 8.5, "109": 9.770000457763672, "110": 9.460000038146973, "111": 9.390000343322754, "112": 8.079999923706055, "113": 8.055000305175781, "114": 7.610000133514404, "115": 8.229999542236328, "116": 8.510000228881836, "117": 8.710000038146973, "118": 8.100000381469727, "119": 7.71999979019165, "120": 8.010000228881836, "121": 8.449999809265137, "122": 8.5, "123": 9.199999809265137, "124": 9.279999732971191, "125": 9.229999542236328, "126": 9.369999885559082, "127": 9.979999542236328, "128": 10.020000457763672, "129": 10.220000267028809, "130": 10.25, "131": 9.869999885559082, "132": 9.829999923706055, "133": 10.0, "134": 10.09000015258789, "135": 9.609999656677246, "136": 9.3100004196167, "137": 9.039999961853027, "138": 8.899999618530273, "139": 8.979999542236328, "140": 8.529999732971191, "141": 8.949999809265137, "142": 8.65999984741211, "143": 8.5, "144": 8.90999984741211, "145": 8.8100004196167, "146": 8.479999542236328, "147": 8.199999809265137, "148": 7.809999942779541, "149": 7.900000095367432, "150": 8.199999809265137, "151": 8.149999618530273, "152": 7.699999809265137, "153": 8.010000228881836, "154": 7.670000076293945, "155": 8.25, "156": 7.599999904632568, "157": 6.949999809265137, "158": 7.019999980926514, "159": 6.300000190734863, "160": 5.659999847412109, "161": 5.760000228881836, "162": 6.0, "163": 6.070000171661377, "164": 6.25, "165": 6.289999961853027, "166": 6.829999923706055, "167": 5.900000095367432, "168": 5.920000076293945, "169": 5.800000190734863, "170": 5.75, "171": 6.0, "172": 6.369999885559082, "173": 6.539999961853027, "174": 6.230000019073486, "175": 6.440000057220459, "176": 6.239999771118164, "177": 6.110000133514404, "178": 6.03000020980835, "179": 6.139999866485596, "180": 5.869999885559082, "181": 4.739999771118164, "182": 4.480000019073486, "183": 4.320000171661377, "184": 4.179999828338623, "185": 4.099999904632568, "186": 4.25, "187": 4.409999847412109, "188": 4.389999866485596, "189": 4.460000038146973, "190": 4.480000019073486, "191": 4.849999904632568, "192": 4.349999904632568, "193": 4.070000171661377, "194": 3.7899999618530273, "195": 3.880000114440918, "196": 4.380000114440918, "197": 4.210000038146973, "198": 4.460000038146973, "199": 4.449999809265137, "200": 4.269999980926514, "201": 3.930000066757202, "202": 4.090000152587891, "203": 4.239999771118164, "204": 4.320000171661377, "205": 4.309999942779541, "206": 4.849999904632568, "207": 4.929999828338623, "208": 5.090000152587891, "209": 4.800000190734863, "210": 4.539999961853027, "211": 4.389999866485596, "212": 4.710000038146973, "213": 4.949999809265137, "214": 4.840000152587891, "215": 4.929999828338623, "216": 5.110000133514404, "217": 5.110000133514404, "218": 4.949999809265137, "219": 5.28000020980835, "220": 5.289999961853027, "221": 5.400000095367432, "222": 6.119999885559082, "223": 6.179999828338623, "224": 6.25, "225": 6.519999980926514, "226": 6.170000076293945, "227": 5.849999904632568, "228": 5.420000076293945, "229": 4.820000171661377, "230": 4.900000095367432, "231": 5.079999923706055, "232": 5.0, "233": 5.0, "234": 4.5, "235": 4.650000095367432, "236": 4.650000095367432, "237": 4.659999847412109, "238": 4.760000228881836, "239": 4.570000171661377, "240": 4.0, "241": 3.9600000381469727, "242": 4.349999904632568, "243": 5.190000057220459, "244": 4.579999923706055, "245": 4.619999885559082, "246": 4.650000095367432, "247": 4.329999923706055, "248": 4.53000020980835, "249": 4.349999904632568, "250": 4.150000095367432, "251": 4.010000228881836, "252": 3.9100000858306885, "253": 3.740000009536743, "254": 3.7899999618530273, "255": 4.110000133514404, "256": 4.050000190734863, "257": 3.9100000858306885, "258": 3.880000114440918, "259": 4.019999980926514, "260": 3.930000066757202, "261": 4.03000020980835, "262": 3.200000047683716, "263": 2.8399999141693115, "264": 2.1500000953674316, "265": 2.0, "266": 1.7699999809265137, "267": 1.940000057220459, "268": 1.8200000524520874, "269": 1.7599999904632568, "270": 1.649999976158142, "271": 1.5299999713897705, "272": 1.399999976158142, "273": 1.5299999713897705, "274": 1.5399999618530273, "275": 2.049999952316284, "276": 2.309999942779541, "277": 1.9700000286102295, "278": 1.159999966621399, "279": 0.9900000095367432, "280": 0.9100000262260437, "281": 0.8600000143051147, "282": 0.9800000190734863, "283": 0.9769999980926514, "284": 0.8119999766349792, "285": 0.8399999737739563, "286": 0.8100000023841858, "287": 0.8899999856948853, "288": 0.8999999761581421, "289": 0.8799999952316284, "290": 0.8880000114440918, "291": 0.8550000190734863, "292": 0.8019999861717224, "293": 0.8399999737739563, "294": 0.8199999928474426, "295": 0.7799999713897705, "296": 0.8450000286102295, "297": 0.800000011920929, "298": 0.7649999856948853, "299": 0.7599999904632568, "300": 0.699999988079071, "301": 0.7559999823570251, "302": 0.7350000143051147, "303": 0.699999988079071, "304": 0.7390000224113464, "305": 0.6880000233650208, "306": 0.6880000233650208, "307": 0.6880000233650208, "308": 0.550000011920929, "309": 0.4490000009536743, "310": 0.4959999918937683, "311": 0.42500001192092896, "312": 0.43700000643730164, "313": 0.46000000834465027, "314": 0.44999998807907104, "315": 0.39399999380111694, "316": 0.4399999976158142, "317": 0.5389999747276306, "318": 0.6769999861717224, "319": 0.6600000262260437, "320": 0.7900000214576721, "321": 0.9089999794960022, "322": 1.2300000190734863, "323": 1.4299999475479126, "324": 1.4500000476837158, "325": 1.399999976158142, "326": 1.2899999618530273, "327": 1.1200000047683716, "328": 1.25, "329": 1.399999976158142, "330": 1.8700000047683716, "331": 1.7999999523162842, "332": 1.5700000524520874, "333": 1.7699999809265137, "334": 1.8899999856948853, "335": 2.049999952316284, "336": 1.940000057220459, "337": 2.0, "338": 1.9600000381469727, "339": 1.8700000047683716, "340": 1.7899999618530273, "341": 1.8799999952316284, "342": 1.9800000190734863, "343": 2.009999990463257, "344": 1.899999976158142, "345": 2.559999942779541, "346": 2.450000047683716, "347": 2.049999952316284, "348": 1.8700000047683716, "349": 1.8799999952316284, "350": 1.7599999904632568, "351": 1.5399999618530273, "352": 1.6699999570846558, "353": 1.75, "354": 1.850000023841858, "355": 1.6699999570846558, "356": 1.7200000286102295, "357": 1.600000023841858, "358": 1.6100000143051147, "359": 1.600000023841858, "360": 1.7400000095367432, "361": 1.7100000381469727, "362": 1.5700000524520874, "363": 1.5700000524520874, "364": 1.6699999570846558, "365": 1.5700000524520874, "366": 1.5099999904632568, "367": 1.3200000524520874, "368": 1.399999976158142, "369": 1.7699999809265137, "370": 1.5700000524520874, "371": 1.5700000524520874, "372": 1.6699999570846558, "373": 1.7599999904632568, "374": 1.7999999523162842, "375": 1.7999999523162842, "376": 1.6799999475479126, "377": 1.600000023841858, "378": 1.5700000524520874, "379": 1.5, "380": 1.6299999952316284, "381": 1.5199999809265137, "382": 1.649999976158142, "383": 1.6799999475479126, "384": 1.590000033378601, "385": 1.5800000429153442, "386": 1.4900000095367432, "387": 1.4700000286102295, "388": 1.649999976158142, "389": 1.600000023841858, "390": 1.5299999713897705, "391": 1.649999976158142, "392": 1.4900000095367432, "393": 1.5299999713897705, "394": 1.5499999523162842, "395": 1.4500000476837158, "396": 1.440000057220459, "397": 1.409999966621399, "398": 1.3300000429153442, "399": 1.4600000381469727, "400": 1.4299999475479126, "401": 1.3700000047683716, "402": 1.4700000286102295, "403": 1.399999976158142, "404": 1.4299999475479126, "405": 1.3899999856948853, "406": 1.4299999475479126, "407": 1.399999976158142, "408": 1.3600000143051147, "409": 1.399999976158142, "410": 1.4700000286102295, "411": 1.3700000047683716, "412": 1.3300000429153442, "413": 1.2599999904632568, "414": 1.1699999570846558, "415": 1.2000000476837158, "416": 1.2000000476837158, "417": 1.2000000476837158, "418": 1.2100000381469727, "419": 1.2100000381469727, "420": 1.1299999952316284, "421": 1.1699999570846558, "422": 1.190000057220459, "423": 1.159999966621399, "424": 1.159999966621399, "425": 1.2899999618530273, "426": 1.2300000190734863, "427": 1.2000000476837158, "428": 1.1799999475479126, "429": 1.25, "430": 1.2200000286102295, "431": 1.2000000476837158, "432": 1.1699999570846558, "433": 1.1699999570846558, "434": 1.1200000047683716, "435": 1.100000023841858, "436": 1.0700000524520874, "437": 1.2400000095367432, "438": 1.4600000381469727, "439": 1.3799999952316284, "440": 1.6200000047683716, "441": 1.5800000429153442, "442": 1.649999976158142, "443": 1.649999976158142}, "high": {"0": 17.670000076293945, "1": 19.329999923706055, "2": 17.333999633789062, "3": 16.93000030517578, "4": 16.155000686645508, "5": 16.170000076293945, "6": 16.915000915527344, "7": 16.600000381469727, "8": 16.68000030517578, "9": 17.280000686645508, "10": 16.5, "11": 16.5, "12": 15.920000076293945, "13": 15.723999977111816, "14": 15.630000114440918, "15": 15.89900016784668, "16": 17.200000762939453, "17": 18.440000534057617, "18": 18.729999542236328, "19": 18.280000686645508, "20": 20.170000076293945, "21": 18.700000762939453, "22": 18.690000534057617, "23": 17.549999237060547, "24": 16.579999923706055, "25": 16.93000030517578, "26": 17.0, "27": 18.420000076293945, "28": 18.499000549316406, "29": 17.719999313354492, "30": 17.81999969482422, "31": 17.59000015258789, "32": 18.850000381469727, "33": 20.6299991607666, "34": 20.450000762939453, "35": 19.670000076293945, "36": 19.2549991607666, "37": 19.408000946044922, "38": 20.190000534057617, "39": 21.0, "40": 19.350000381469727, "41": 19.010000228881836, "42": 18.875999450683594, "43": 17.989999771118164, "44": 19.139999389648438, "45": 18.6299991607666, "46": 18.753000259399414, "47": 18.649999618530273, "48": 18.84000015258789, "49": 17.399999618530273, "50": 16.969999313354492, "51": 14.225000381469727, "52": 14.930000305175781, "53": 14.720000267028809, "54": 14.449999809265137, "55": 14.369999885559082, "56": 13.234999656677246, "57": 13.550000190734863, "58": 13.114999771118164, "59": 13.149999618530273, "60": 13.460000038146973, "61": 12.0, "62": 12.5, "63": 13.130000114440918, "64": 14.119999885559082, "65": 14.800000190734863, "66": 14.25, "67": 13.260000228881836, "68": 13.180000305175781, "69": 12.930000305175781, "70": 12.800000190734863, "71": 13.140000343322754, "72": 12.600000381469727, "73": 11.675000190734863, "74": 11.6899995803833, "75": 11.399999618530273, "76": 12.039999961853027, "77": 12.5, "78": 12.100000381469727, "79": 11.25, "80": 11.0600004196167, "81": 11.260000228881836, "82": 11.649999618530273, "83": 10.460000038146973, "84": 9.3100004196167, "85": 9.979999542236328, "86": 10.649999618530273, "87": 9.899999618530273, "88": 9.651000022888184, "89": 10.220000267028809, "90": 10.539999961853027, "91": 10.369999885559082, "92": 9.989999771118164, "93": 10.729999542236328, "94": 11.180000305175781, "95": 10.989999771118164, "96": 11.260000228881836, "97": 11.399999618530273, "98": 10.989999771118164, "99": 10.029999732971191, "100": 10.390000343322754, "101": 10.5, "102": 10.350000381469727, "103": 9.899999618530273, "104": 9.097999572753906, "105": 9.180000305175781, "106": 8.90999984741211, "107": 9.329999923706055, "108": 9.5, "109": 10.029999732971191, "110": 9.720000267028809, "111": 9.390000343322754, "112": 8.520000457763672, "113": 8.208999633789062, "114": 8.229999542236328, "115": 9.0600004196167, "116": 8.670000076293945, "117": 8.710000038146973, "118": 8.300000190734863, "119": 8.145000457763672, "120": 8.5, "121": 8.770000457763672, "122": 9.720000267028809, "123": 9.199999809265137, "124": 9.510000228881836, "125": 9.4399995803833, "126": 10.100000381469727, "127": 10.020000457763672, "128": 10.75, "129": 10.40999984741211, "130": 10.25, "131": 10.095000267028809, "132": 10.119999885559082, "133": 10.119999885559082, "134": 10.09000015258789, "135": 9.649999618530273, "136": 9.357999801635742, "137": 9.350000381469727, "138": 9.140000343322754, "139": 9.149999618530273, "140": 9.100000381469727, "141": 8.949999809265137, "142": 8.6899995803833, "143": 9.029999732971191, "144": 9.020000457763672, "145": 8.930000305175781, "146": 8.710000038146973, "147": 8.449999809265137, "148": 7.809999942779541, "149": 7.900000095367432, "150": 8.458999633789062, "151": 8.4399995803833, "152": 8.130000114440918, "153": 8.109999656677246, "154": 8.359999656677246, "155": 8.276000022888184, "156": 7.789999961853027, "157": 6.949999809265137, "158": 7.239999771118164, "159": 6.877999782562256, "160": 5.989999771118164, "161": 6.21999979019165, "162": 6.099999904632568, "163": 6.619999885559082, "164": 6.4070000648498535, "165": 6.800000190734863, "166": 6.829999923706055, "167": 6.179999828338623, "168": 5.920000076293945, "169": 5.90500020980835, "170": 6.0, "171": 6.25, "172": 6.616000175476074, "173": 6.599999904632568, "174": 6.6620001792907715, "175": 6.5, "176": 6.5, "177": 6.340000152587891, "178": 6.289999961853027, "179": 6.139999866485596, "180": 5.9029998779296875, "181": 5.119999885559082, "182": 4.579999923706055, "183": 4.639999866485596, "184": 4.197000026702881, "185": 4.340000152587891, "186": 4.849999904632568, "187": 4.545000076293945, "188": 4.5, "189": 4.579999923706055, "190": 4.809999942779541, "191": 4.849999904632568, "192": 4.349999904632568, "193": 4.150000095367432, "194": 4.0289998054504395, "195": 4.429999828338623, "196": 4.453000068664551, "197": 4.46999979019165, "198": 4.684000015258789, "199": 4.53000020980835, "200": 4.269999980926514, "201": 4.255000114440918, "202": 4.139999866485596, "203": 4.315000057220459, "204": 4.568999767303467, "205": 4.800000190734863, "206": 5.429999828338623, "207": 5.03000020980835, "208": 5.123000144958496, "209": 4.800000190734863, "210": 4.561999797821045, "211": 4.75, "212": 4.900000095367432, "213": 4.980000019073486, "214": 5.150000095367432, "215": 5.090000152587891, "216": 5.267000198364258, "217": 5.239999771118164, "218": 5.239999771118164, "219": 5.420000076293945, "220": 5.349999904632568, "221": 5.71999979019165, "222": 6.949999809265137, "223": 6.25, "224": 6.590000152587891, "225": 6.519999980926514, "226": 6.170000076293945, "227": 5.894999980926514, "228": 5.420000076293945, "229": 5.070000171661377, "230": 5.099999904632568, "231": 5.238999843597412, "232": 5.090000152587891, "233": 5.0, "234": 4.610000133514404, "235": 4.764999866485596, "236": 4.989999771118164, "237": 4.75, "238": 4.96999979019165, "239": 4.574999809265137, "240": 4.170000076293945, "241": 4.389999866485596, "242": 4.900000095367432, "243": 5.300000190734863, "244": 4.809999942779541, "245": 4.78000020980835, "246": 4.690000057220459, "247": 4.769999980926514, "248": 4.800000190734863, "249": 4.480000019073486, "250": 4.349999904632568, "251": 4.130000114440918, "252": 3.986999988555908, "253": 3.984999895095825, "254": 4.114999771118164, "255": 4.269999980926514, "256": 4.050000190734863, "257": 4.099999904632568, "258": 3.990000009536743, "259": 4.230000019073486, "260": 4.199999809265137, "261": 4.179999828338623, "262": 3.490000009536743, "263": 2.8399999141693115, "264": 2.359999895095825, "265": 2.0799999237060547, "266": 1.9199999570846558, "267": 1.9700000286102295, "268": 1.8600000143051147, "269": 1.7799999713897705, "270": 1.649999976158142, "271": 1.5299999713897705, "272": 1.5499999523162842, "273": 1.5299999713897705, "274": 1.909999966621399, "275": 2.869999885559082, "276": 2.319999933242798, "277": 2.0999999046325684, "278": 1.2699999809265137, "279": 1.0, "280": 1.0, "281": 0.8999999761581421, "282": 0.9980000257492065, "283": 0.9779999852180481, "284": 0.9150000214576721, "285": 0.8500000238418579, "286": 0.8600000143051147, "287": 0.9200000166893005, "288": 0.9169999957084656, "289": 0.9100000262260437, "290": 0.8999999761581421, "291": 0.8700000047683716, "292": 0.8349999785423279, "293": 0.8399999737739563, "294": 0.8299999833106995, "295": 0.8259999752044678, "296": 0.8450000286102295, "297": 0.8100000023841858, "298": 0.8100000023841858, "299": 0.7820000052452087, "300": 0.7549999952316284, "301": 0.7559999823570251, "302": 0.7450000047683716, "303": 0.7400000095367432, "304": 0.7390000224113464, "305": 0.699999988079071, "306": 0.6880000233650208, "307": 0.6880000233650208, "308": 0.6000000238418579, "309": 0.5299999713897705, "310": 0.5389999747276306, "311": 0.5699999928474426, "312": 0.4779999852180481, "313": 0.4729999899864197, "314": 0.4699999988079071, "315": 0.44999998807907104, "316": 0.5490000247955322, "317": 0.5389999747276306, "318": 0.734000027179718, "319": 0.9200000166893005, "320": 1.3860000371932983, "321": 1.1799999475479126, "322": 1.399999976158142, "323": 1.7899999618530273, "324": 1.4780000448226929, "325": 1.5299999713897705, "326": 1.350000023841858, "327": 1.159999966621399, "328": 1.4800000190734863, "329": 1.590000033378601, "330": 1.8700000047683716, "331": 1.850000023841858, "332": 1.8200000524520874, "333": 1.8300000429153442, "334": 2.0299999713897705, "335": 2.069999933242798, "336": 2.0, "337": 2.0399999618530273, "338": 2.009999990463257, "339": 1.909999966621399, "340": 1.9600000381469727, "341": 1.9500000476837158, "342": 2.200000047683716, "343": 2.0999999046325684, "344": 3.200000047683716, "345": 2.75, "346": 2.509999990463257, "347": 2.1700000762939453, "348": 2.0999999046325684, "349": 1.899999976158142, "350": 1.940000057220459, "351": 1.6399999856948853, "352": 1.9800000190734863, "353": 1.8700000047683716, "354": 1.850000023841858, "355": 1.7300000190734863, "356": 1.7899999618530273, "357": 1.690000057220459, "358": 1.684999942779541, "359": 1.7200000286102295, "360": 1.7400000095367432, "361": 1.7100000381469727, "362": 1.690000057220459, "363": 1.7000000476837158, "364": 1.6699999570846558, "365": 1.590000033378601, "366": 1.5490000247955322, "367": 1.399999976158142, "368": 1.590000033378601, "369": 1.7799999713897705, "370": 1.6299999952316284, "371": 1.6299999952316284, "372": 1.7899999618530273, "373": 1.850000023841858, "374": 1.8300000429153442, "375": 1.7999999523162842, "376": 1.7699999809265137, "377": 1.684000015258789, "378": 1.600000023841858, "379": 1.5499999523162842, "380": 1.6299999952316284, "381": 1.649999976158142, "382": 1.6699999570846558, "383": 1.7400000095367432, "384": 1.690000057220459, "385": 1.600000023841858, "386": 1.5800000429153442, "387": 1.5800000429153442, "388": 1.6799999475479126, "389": 1.600000023841858, "390": 1.600000023841858, "391": 1.690000057220459, "392": 1.5099999904632568, "393": 1.562000036239624, "394": 1.5499999523162842, "395": 1.5099999904632568, "396": 1.5199999809265137, "397": 1.4800000190734863, "398": 1.4160000085830688, "399": 1.5, "400": 1.4500000476837158, "401": 1.4800000190734863, "402": 1.4800000190734863, "403": 1.4600000381469727, "404": 1.4889999628067017, "405": 1.4700000286102295, "406": 1.4800000190734863, "407": 1.434999942779541, "408": 1.399999976158142, "409": 1.4500000476837158, "410": 1.4700000286102295, "411": 1.3940000534057617, "412": 1.340000033378601, "413": 1.2999999523162842, "414": 1.2400000095367432, "415": 1.25, "416": 1.2300000190734863, "417": 1.2200000286102295, "418": 1.25, "419": 1.2100000381469727, "420": 1.190000057220459, "421": 1.2000000476837158, "422": 1.25, "423": 1.2300000190734863, "424": 1.309999942779541, "425": 1.2929999828338623, "426": 1.2699999809265137, "427": 1.2699999809265137, "428": 1.2699999809265137, "429": 1.25, "430": 1.2300000190734863, "431": 1.2300000190734863, "432": 1.2000000476837158, "433": 1.190000057220459, "434": 1.1690000295639038, "435": 1.100000023841858, "436": 1.159999966621399, "437": 1.6100000143051147, "438": 1.5, "439": 1.7699999809265137, "440": 1.690000057220459, "441": 1.7799999713897705, "442": 1.6759999990463257, "443": 1.7599999904632568}, "low": {"0": 14.5, "1": 16.110000610351562, "2": 15.640000343322754, "3": 15.170000076293945, "4": 15.25, "5": 15.25, "6": 16.010000228881836, "7": 15.65999984741211, "8": 15.859999656677246, "9": 16.0, "10": 15.6899995803833, "11": 15.35200023651123, "12": 15.390000343322754, "13": 14.944999694824219, "14": 14.96500015258789, "15": 15.130000114440918, "16": 15.550000190734863, "17": 16.56999969482422, "18": 17.329999923706055, "19": 17.649999618530273, "20": 18.260000228881836, "21": 16.81999969482422, "22": 17.049999237060547, "23": 16.719999313354492, "24": 15.40999984741211, "25": 15.819999694824219, "26": 16.280000686645508, "27": 17.309999465942383, "28": 17.25, "29": 17.0, "30": 17.020000457763672, "31": 16.3700008392334, "32": 17.229999542236328, "33": 17.989999771118164, "34": 18.600000381469727, "35": 18.299999237060547, "36": 18.43000030517578, "37": 17.763999938964844, "38": 18.579999923706055, "39": 18.649999618530273, "40": 17.559999465942383, "41": 17.700000762939453, "42": 16.958999633789062, "43": 17.0, "44": 17.5049991607666, "45": 17.799999237060547, "46": 17.423999786376953, "47": 17.809999465942383, "48": 17.209999084472656, "49": 15.819999694824219, "50": 14.930000305175781, "51": 12.529999732971191, "52": 14.300000190734863, "53": 13.779999732971191, "54": 13.149999618530273, "55": 13.050000190734863, "56": 12.029999732971191, "57": 12.170000076293945, "58": 11.949999809265137, "59": 12.100000381469727, "60": 11.600000381469727, "61": 11.34000015258789, "62": 11.729999542236328, "63": 12.350000381469727, "64": 12.75, "65": 13.949999809265137, "66": 13.0600004196167, "67": 12.789999961853027, "68": 12.600000381469727, "69": 12.029999732971191, "70": 12.010000228881836, "71": 12.25, "72": 11.300000190734863, "73": 10.800000190734863, "74": 10.949999809265137, "75": 10.4399995803833, "76": 11.0, "77": 11.630000114440918, "78": 11.050000190734863, "79": 10.699999809265137, "80": 10.640000343322754, "81": 10.75, "82": 10.970000267028809, "83": 9.607999801635742, "84": 7.900000095367432, "85": 9.0, "86": 9.720000267028809, "87": 8.869999885559082, "88": 8.65999984741211, "89": 9.289999961853027, "90": 9.899999618530273, "91": 9.449999809265137, "92": 9.300000190734863, "93": 9.649999618530273, "94": 10.460000038146973, "95": 10.010000228881836, "96": 10.550000190734863, "97": 10.446000099182129, "98": 9.529999732971191, "99": 9.3100004196167, "100": 9.760000228881836, "101": 10.029999732971191, "102": 9.710000038146973, "103": 9.029999732971191, "104": 8.600000381469727, "105": 8.300000190734863, "106": 7.510000228881836, "107": 8.640000343322754, "108": 8.5, "109": 9.029999732971191, "110": 9.289999961853027, "111": 8.119999885559082, "112": 7.920000076293945, "113": 7.599999904632568, "114": 7.440000057220459, "115": 8.229999542236328, "116": 8.220000267028809, "117": 8.130000114440918, "118": 7.590000152587891, "119": 7.25, "120": 7.909999847412109, "121": 8.3100004196167, "122": 8.210000038146973, "123": 8.609999656677246, "124": 9.065999984741211, "125": 8.859999656677246, "126": 9.25, "127": 9.5649995803833, "128": 9.930000305175781, "129": 9.899999618530273, "130": 9.574999809265137, "131": 9.619999885559082, "132": 9.670000076293945, "133": 9.760000228881836, "134": 9.550000190734863, "135": 8.979999542236328, "136": 8.739999771118164, "137": 9.0, "138": 8.75, "139": 8.510000228881836, "140": 8.529999732971191, "141": 8.539999961853027, "142": 8.25, "143": 8.5, "144": 8.539999961853027, "145": 8.199999809265137, "146": 8.3100004196167, "147": 7.599999904632568, "148": 7.329999923706055, "149": 7.480000019073486, "150": 7.71999979019165, "151": 7.760000228881836, "152": 7.5, "153": 7.75, "154": 7.670000076293945, "155": 7.460000038146973, "156": 7.150000095367432, "157": 6.25, "158": 6.429999828338623, "159": 5.769999980926514, "160": 5.389999866485596, "161": 5.760000228881836, "162": 5.75, "163": 6.050000190734863, "164": 5.9670000076293945, "165": 6.150000095367432, "166": 5.710000038146973, "167": 5.900000095367432, "168": 5.559999942779541, "169": 5.579999923706055, "170": 5.61899995803833, "171": 5.880000114440918, "172": 6.239999771118164, "173": 6.099999904632568, "174": 6.116000175476074, "175": 6.127999782562256, "176": 6.150000095367432, "177": 5.958000183105469, "178": 5.960000038146973, "179": 5.920000076293945, "180": 5.599999904632568, "181": 4.570000171661377, "182": 4.210000038146973, "183": 3.8299999237060547, "184": 3.890000104904175, "185": 3.7100000381469727, "186": 4.25, "187": 4.25, "188": 4.110000133514404, "189": 4.311999797821045, "190": 4.210000038146973, "191": 4.28000020980835, "192": 4.0, "193": 3.759999990463257, "194": 3.7799999713897705, "195": 3.8399999141693115, "196": 4.144999980926514, "197": 4.130000114440918, "198": 4.389999866485596, "199": 4.159999847412109, "200": 4.050000190734863, "201": 3.8910000324249268, "202": 3.950000047683716, "203": 4.02400016784668, "204": 4.179999828338623, "205": 4.25, "206": 4.800000190734863, "207": 4.71999979019165, "208": 4.679999828338623, "209": 4.510000228881836, "210": 4.170000076293945, "211": 4.0, "212": 4.5, "213": 4.71999979019165, "214": 4.718999862670898, "215": 4.789999961853027, "216": 5.0, "217": 4.920000076293945, "218": 4.949999809265137, "219": 5.21999979019165, "220": 5.010000228881836, "221": 5.189000129699707, "222": 5.75, "223": 5.980000019073486, "224": 6.099999904632568, "225": 6.0, "226": 5.800000190734863, "227": 5.570000171661377, "228": 4.860000133514404, "229": 4.670000076293945, "230": 4.860000133514404, "231": 4.840000152587891, "232": 4.920000076293945, "233": 4.559999942779541, "234": 4.369999885559082, "235": 4.318999767303467, "236": 4.650000095367432, "237": 4.514999866485596, "238": 4.550000190734863, "239": 4.099999904632568, "240": 3.9000000953674316, "241": 3.9600000381469727, "242": 4.349999904632568, "243": 4.769999980926514, "244": 4.5, "245": 4.38100004196167, "246": 4.369999885559082, "247": 4.300000190734863, "248": 4.349999904632568, "249": 4.079999923706055, "250": 3.9000000953674316, "251": 3.880000114440918, "252": 3.75, "253": 3.700000047683716, "254": 3.7899999618530273, "255": 3.8399999141693115, "256": 3.6600000858306885, "257": 3.809999942779541, "258": 3.700000047683716, "259": 4.0, "260": 3.8499999046325684, "261": 3.940000057220459, "262": 2.9000000953674316, "263": 2.2249999046325684, "264": 2.0399999618530273, "265": 1.9700000286102295, "266": 1.6200000047683716, "267": 1.75, "268": 1.7000000476837158, "269": 1.649999976158142, "270": 1.5299999713897705, "271": 1.3799999952316284, "272": 1.3799999952316284, "273": 1.3700000047683716, "274": 1.4509999752044678, "275": 2.0199999809265137, "276": 1.9600000381469727, "277": 1.850000023841858, "278": 0.8820000290870667, "279": 0.8799999952316284, "280": 0.8100000023841858, "281": 0.8399999737739563, "282": 0.9100000262260437, "283": 0.8600000143051147, "284": 0.800000011920929, "285": 0.7850000262260437, "286": 0.8040000200271606, "287": 0.8519999980926514, "288": 0.8610000014305115, "289": 0.8799999952316284, "290": 0.8270000219345093, "291": 0.7770000100135803, "292": 0.800000011920929, "293": 0.7799999713897705, "294": 0.7900000214576721, "295": 0.7799999713897705, "296": 0.800000011920929, "297": 0.7630000114440918, "298": 0.7599999904632568, "299": 0.699999988079071, "300": 0.699999988079071, "301": 0.6840000152587891, "302": 0.6800000071525574, "303": 0.671999990940094, "304": 0.6499999761581421, "305": 0.6610000133514404, "306": 0.6880000233650208, "307": 0.6880000233650208, "308": 0.36000001430511475, "309": 0.3619999885559082, "310": 0.46000000834465027, "311": 0.36000001430511475, "312": 0.4099999964237213, "313": 0.4000000059604645, "314": 0.382999986410141, "315": 0.38999998569488525, "316": 0.4129999876022339, "317": 0.5389999747276306, "318": 0.5419999957084656, "319": 0.6330000162124634, "320": 0.7599999904632568, "321": 0.8320000171661377, "322": 1.1799999475479126, "323": 1.3359999656677246, "324": 1.2599999904632568, "325": 1.350000023841858, "326": 1.2000000476837158, "327": 0.9900000095367432, "328": 1.1200000047683716, "329": 1.399999976158142, "330": 1.649999976158142, "331": 1.600000023841858, "332": 1.5399999618530273, "333": 1.6100000143051147, "334": 1.8309999704360962, "335": 1.940000057220459, "336": 1.75, "337": 1.899999976158142, "338": 1.8700000047683716, "339": 1.7100000381469727, "340": 1.7730000019073486, "341": 1.7899999618530273, "342": 1.9500000476837158, "343": 1.8799999952316284, "344": 1.899999976158142, "345": 2.4200000762939453, "346": 2.0999999046325684, "347": 1.75, "348": 1.8600000143051147, "349": 1.7050000429153442, "350": 1.2999999523162842, "351": 1.3600000143051147, "352": 1.6399999856948853, "353": 1.600000023841858, "354": 1.6100000143051147, "355": 1.5299999713897705, "356": 1.6299999952316284, "357": 1.5499999523162842, "358": 1.5579999685287476, "359": 1.600000023841858, "360": 1.6299999952316284, "361": 1.6200000047683716, "362": 1.5700000524520874, "363": 1.5670000314712524, "364": 1.5700000524520874, "365": 1.5, "366": 1.350000023841858, "367": 1.2599999904632568, "368": 1.2999999523162842, "369": 1.5399999618530273, "370": 1.5299999713897705, "371": 1.5199999809265137, "372": 1.6100000143051147, "373": 1.7100000381469727, "374": 1.649999976158142, "375": 1.600000023841858, "376": 1.559999942779541, "377": 1.409999966621399, "378": 1.440000057220459, "379": 1.4600000381469727, "380": 1.4800000190734863, "381": 1.5199999809265137, "382": 1.559999942779541, "383": 1.600000023841858, "384": 1.5499999523162842, "385": 1.4800000190734863, "386": 1.4700000286102295, "387": 1.4500000476837158, "388": 1.4900000095367432, "389": 1.409999966621399, "390": 1.4900000095367432, "391": 1.4800000190734863, "392": 1.4199999570846558, "393": 1.4900000095367432, "394": 1.440000057220459, "395": 1.3799999952316284, "396": 1.4199999570846558, "397": 1.309999942779541, "398": 1.2200000286102295, "399": 1.4199999570846558, "400": 1.3200000524520874, "401": 1.3700000047683716, "402": 1.3700000047683716, "403": 1.3700000047683716, "404": 1.3700000047683716, "405": 1.3890000581741333, "406": 1.3799999952316284, "407": 1.3600000143051147, "408": 1.340000033378601, "409": 1.3799999952316284, "410": 1.3799999952316284, "411": 1.2799999713897705, "412": 1.2300000190734863, "413": 1.190000057220459, "414": 1.1299999952316284, "415": 1.149999976158142, "416": 1.1200000047683716, "417": 1.159999966621399, "418": 1.1699999570846558, "419": 1.1100000143051147, "420": 1.1200000047683716, "421": 1.1200000047683716, "422": 1.159999966621399, "423": 1.149999976158142, "424": 1.149999976158142, "425": 1.2000000476837158, "426": 1.1699999570846558, "427": 1.149999976158142, "428": 1.1699999570846558, "429": 1.1799999475479126, "430": 1.1200000047683716, "431": 1.125, "432": 1.1449999809265137, "433": 1.1299999952316284, "434": 1.0499999523162842, "435": 0.9200000166893005, "436": 1.0, "437": 1.215000033378601, "438": 1.309999942779541, "439": 1.340000033378601, "440": 1.4299999475479126, "441": 1.5, "442": 1.559999942779541, "443": 1.559999942779541}, "close": {"0": 16.75, "1": 16.600000381469727, "2": 17.0, "3": 15.40999984741211, "4": 15.399999618530273, "5": 16.0, "6": 16.489999771118164, "7": 16.1299991607666, "8": 16.270000457763672, "9": 16.31999969482422, "10": 16.389999389648438, "11": 15.5, "12": 15.630000114440918, "13": 15.239999771118164, "14": 15.430000305175781, "15": 15.600000381469727, "16": 16.920000076293945, "17": 17.229999542236328, "18": 17.829999923706055, "19": 18.040000915527344, "20": 18.760000228881836, "21": 17.020000457763672, "22": 18.25, "23": 16.790000915527344, "24": 15.800000190734863, "25": 16.260000228881836, "26": 16.850000381469727, "27": 17.81999969482422, "28": 17.969999313354492, "29": 17.329999923706055, "30": 17.309999465942383, "31": 17.489999771118164, "32": 18.3700008392334, "33": 20.559999465942383, "34": 19.09000015258789, "35": 19.520000457763672, "36": 18.959999084472656, "37": 18.100000381469727, "38": 19.979999542236328, "39": 19.309999465942383, "40": 17.65999984741211, "41": 18.899999618530273, "42": 17.200000762939453, "43": 17.860000610351562, "44": 18.889999389648438, "45": 18.479999542236328, "46": 17.920000076293945, "47": 18.049999237060547, "48": 17.31999969482422, "49": 16.399999618530273, "50": 15.319999694824219, "51": 13.520000457763672, "52": 14.510000228881836, "53": 14.720000267028809, "54": 13.239999771118164, "55": 13.1899995803833, "56": 12.25, "57": 12.699999809265137, "58": 13.0600004196167, "59": 12.390000343322754, "60": 12.970000267028809, "61": 11.380000114440918, "62": 12.350000381469727, "63": 12.920000076293945, "64": 13.9399995803833, "65": 14.729999542236328, "66": 13.329999923706055, "67": 12.819999694824219, "68": 12.720000267028809, "69": 12.15999984741211, "70": 12.699999809265137, "71": 12.449999809265137, "72": 11.40999984741211, "73": 10.920000076293945, "74": 11.210000038146973, "75": 11.170000076293945, "76": 11.710000038146973, "77": 11.899999618530273, "78": 11.100000381469727, "79": 10.970000267028809, "80": 10.710000038146973, "81": 10.859999656677246, "82": 11.1899995803833, "83": 9.630000114440918, "84": 9.260000228881836, "85": 9.630000114440918, "86": 9.960000038146973, "87": 9.239999771118164, "88": 9.359999656677246, "89": 10.170000076293945, "90": 10.369999885559082, "91": 9.5, "92": 9.630000114440918, "93": 10.399999618530273, "94": 10.680000305175781, "95": 10.949999809265137, "96": 11.229999542236328, "97": 10.630000114440918, "98": 9.529999732971191, "99": 9.380000114440918, "100": 10.350000381469727, "101": 10.380000114440918, "102": 9.9399995803833, "103": 9.09000015258789, "104": 8.819999694824219, "105": 8.34000015258789, "106": 8.869999885559082, "107": 8.670000076293945, "108": 9.140000343322754, "109": 9.399999618530273, "110": 9.289999961853027, "111": 8.210000038146973, "112": 8.010000228881836, "113": 7.670000076293945, "114": 7.71999979019165, "115": 8.899999618530273, "116": 8.510000228881836, "117": 8.140000343322754, "118": 7.599999904632568, "119": 7.349999904632568, "120": 8.329999923706055, "121": 8.539999961853027, "122": 9.399999618530273, "123": 8.920000076293945, "124": 9.260000228881836, "125": 9.369999885559082, "126": 9.850000381469727, "127": 9.920000076293945, "128": 10.0600004196167, "129": 10.40999984741211, "130": 9.739999771118164, "131": 9.859999656677246, "132": 9.930000305175781, "133": 9.920000076293945, "134": 9.84000015258789, "135": 9.109999656677246, "136": 9.119999885559082, "137": 9.069999694824219, "138": 8.800000190734863, "139": 8.539999961853027, "140": 8.850000381469727, "141": 8.65999984741211, "142": 8.4399995803833, "143": 8.819999694824219, "144": 8.630000114440918, "145": 8.300000190734863, "146": 8.5, "147": 7.880000114440918, "148": 7.360000133514404, "149": 7.489999771118164, "150": 8.289999961853027, "151": 7.829999923706055, "152": 8.050000190734863, "153": 7.960000038146973, "154": 8.3100004196167, "155": 7.690000057220459, "156": 7.539999961853027, "157": 6.429999828338623, "158": 6.610000133514404, "159": 6.03000020980835, "160": 5.639999866485596, "161": 6.019999980926514, "162": 5.75, "163": 6.389999866485596, "164": 6.139999866485596, "165": 6.429999828338623, "166": 5.800000190734863, "167": 6.070000171661377, "168": 5.610000133514404, "169": 5.869999885559082, "170": 5.860000133514404, "171": 6.199999809265137, "172": 6.460000038146973, "173": 6.28000020980835, "174": 6.449999809265137, "175": 6.46999979019165, "176": 6.369999885559082, "177": 6.090000152587891, "178": 6.199999809265137, "179": 6.019999980926514, "180": 5.730000019073486, "181": 4.75, "182": 4.210000038146973, "183": 4.389999866485596, "184": 4.090000152587891, "185": 3.759999990463257, "186": 4.440000057220459, "187": 4.300000190734863, "188": 4.329999923706055, "189": 4.449999809265137, "190": 4.78000020980835, "191": 4.340000152587891, "192": 4.070000171661377, "193": 3.759999990463257, "194": 4.010000228881836, "195": 4.380000114440918, "196": 4.170000076293945, "197": 4.46999979019165, "198": 4.599999904632568, "199": 4.25, "200": 4.099999904632568, "201": 4.170000076293945, "202": 4.050000190734863, "203": 4.179999828338623, "204": 4.260000228881836, "205": 4.744999885559082, "206": 4.929999828338623, "207": 5.019999980926514, "208": 4.800000190734863, "209": 4.659999847412109, "210": 4.199999809265137, "211": 4.550000190734863, "212": 4.840000152587891, "213": 4.869999885559082, "214": 4.929999828338623, "215": 5.050000190734863, "216": 5.119999885559082, "217": 5.059999942779541, "218": 5.059999942779541, "219": 5.420000076293945, "220": 5.090000152587891, "221": 5.71999979019165, "222": 6.059999942779541, "223": 6.25, "224": 6.519999980926514, "225": 6.269999980926514, "226": 5.929999828338623, "227": 5.699999809265137, "228": 4.980000019073486, "229": 4.880000114440918, "230": 5.010000228881836, "231": 5.045000076293945, "232": 4.929999828338623, "233": 4.559999942779541, "234": 4.610000133514404, "235": 4.360000133514404, "236": 4.760000228881836, "237": 4.570000171661377, "238": 4.619999885559082, "239": 4.119999885559082, "240": 3.990000009536743, "241": 4.159999847412109, "242": 4.730000019073486, "243": 5.03000020980835, "244": 4.550000190734863, "245": 4.710000038146973, "246": 4.489999771118164, "247": 4.730000019073486, "248": 4.349999904632568, "249": 4.179999828338623, "250": 3.9700000286102295, "251": 4.099999904632568, "252": 3.8499999046325684, "253": 3.7899999618530273, "254": 3.950000047683716, "255": 4.070000171661377, "256": 3.940000057220459, "257": 3.869999885559082, "258": 3.940000057220459, "259": 4.079999923706055, "260": 4.079999923706055, "261": 4.170000076293945, "262": 3.200000047683716, "263": 2.4600000381469727, "264": 2.190000057220459, "265": 2.0199999809265137, "266": 1.8600000143051147, "267": 1.7899999618530273, "268": 1.7599999904632568, "269": 1.659999966621399, "270": 1.559999942779541, "271": 1.440000057220459, "272": 1.5299999713897705, "273": 1.3799999952316284, "274": 1.8799999952316284, "275": 2.309999942779541, "276": 1.9700000286102295, "277": 1.9700000286102295, "278": 1.1100000143051147, "279": 0.9100000262260437, "280": 0.8550000190734863, "281": 0.8999999761581421, "282": 0.9129999876022339, "283": 0.9020000100135803, "284": 0.9100000262260437, "285": 0.8130000233650208, "286": 0.8420000076293945, "287": 0.8799999952316284, "288": 0.8640000224113464, "289": 0.9039999842643738, "290": 0.8899999856948853, "291": 0.7960000038146973, "292": 0.8190000057220459, "293": 0.8050000071525574, "294": 0.800000011920929, "295": 0.8119999766349792, "296": 0.8119999766349792, "297": 0.7699999809265137, "298": 0.7680000066757202, "299": 0.7450000047683716, "300": 0.7379999756813049, "301": 0.7260000109672546, "302": 0.7059999704360962, "303": 0.675000011920929, "304": 0.6600000262260437, "305": 0.6880000233650208, "306": 0.6880000233650208, "307": 0.6880000233650208, "308": 0.4320000112056732, "309": 0.4650000035762787, "310": 0.48500001430511475, "311": 0.382999986410141, "312": 0.43799999356269836, "313": 0.4300000071525574, "314": 0.4180000126361847, "315": 0.4050000011920929, "316": 0.5389999747276306, "317": 0.5389999747276306, "318": 0.734000027179718, "319": 0.9039999842643738, "320": 1.0800000429153442, "321": 1.159999966621399, "322": 1.2000000476837158, "323": 1.600000023841858, "324": 1.4199999570846558, "325": 1.4199999570846558, "326": 1.2699999809265137, "327": 1.0399999618530273, "328": 1.4199999570846558, "329": 1.4700000286102295, "330": 1.8200000524520874, "331": 1.659999966621399, "332": 1.7200000286102295, "333": 1.7300000190734863, "334": 1.940000057220459, "335": 2.059999942779541, "336": 1.9600000381469727, "337": 2.0299999713897705, "338": 1.899999976158142, "339": 1.7899999618530273, "340": 1.9199999570846558, "341": 1.899999976158142, "342": 2.119999885559082, "343": 1.9700000286102295, "344": 2.6600000858306885, "345": 2.7200000286102295, "346": 2.180000066757202, "347": 1.8899999856948853, "348": 1.899999976158142, "349": 1.8300000429153442, "350": 1.350000023841858, "351": 1.6100000143051147, "352": 1.7999999523162842, "353": 1.850000023841858, "354": 1.7899999618530273, "355": 1.6299999952316284, "356": 1.6799999475479126, "357": 1.649999976158142, "358": 1.5700000524520874, "359": 1.7000000476837158, "360": 1.6699999570846558, "361": 1.690000057220459, "362": 1.6299999952316284, "363": 1.6699999570846558, "364": 1.6100000143051147, "365": 1.5199999809265137, "366": 1.350000023841858, "367": 1.350000023841858, "368": 1.4850000143051147, "369": 1.6299999952316284, "370": 1.590000033378601, "371": 1.5499999523162842, "372": 1.6799999475479126, "373": 1.7599999904632568, "374": 1.7999999523162842, "375": 1.690000057220459, "376": 1.649999976158142, "377": 1.5499999523162842, "378": 1.5099999904632568, "379": 1.5, "380": 1.5499999523162842, "381": 1.6399999856948853, "382": 1.6699999570846558, "383": 1.7400000095367432, "384": 1.5800000429153442, "385": 1.534999966621399, "386": 1.4800000190734863, "387": 1.5199999809265137, "388": 1.590000033378601, "389": 1.5, "390": 1.565000057220459, "391": 1.5, "392": 1.4500000476837158, "393": 1.5, "394": 1.4500000476837158, "395": 1.4600000381469727, "396": 1.440000057220459, "397": 1.3550000190734863, "398": 1.3600000143051147, "399": 1.440000057220459, "400": 1.3700000047683716, "401": 1.4249999523162842, "402": 1.409999966621399, "403": 1.4600000381469727, "404": 1.3899999856948853, "405": 1.409999966621399, "406": 1.4199999570846558, "407": 1.3600000143051147, "408": 1.3899999856948853, "409": 1.3899999856948853, "410": 1.440000057220459, "411": 1.3200000524520874, "412": 1.340000033378601, "413": 1.2100000381469727, "414": 1.2400000095367432, "415": 1.190000057220459, "416": 1.190000057220459, "417": 1.2200000286102295, "418": 1.1699999570846558, "419": 1.159999966621399, "420": 1.159999966621399, "421": 1.1799999475479126, "422": 1.190000057220459, "423": 1.2000000476837158, "424": 1.2300000190734863, "425": 1.2699999809265137, "426": 1.2300000190734863, "427": 1.2699999809265137, "428": 1.2000000476837158, "429": 1.2200000286102295, "430": 1.159999966621399, "431": 1.1799999475479126, "432": 1.149999976158142, "433": 1.159999966621399, "434": 1.0800000429153442, "435": 1.0299999713897705, "436": 1.159999966621399, "437": 1.4199999570846558, "438": 1.3300000429153442, "439": 1.6100000143051147, "440": 1.600000023841858, "441": 1.7799999713897705, "442": 1.5800000429153442, "443": 1.75}, "volume": {"0": 9429600, "1": 3827300, "2": 1705700, "3": 1207000, "4": 472600, "5": 548300, "6": 812000, "7": 467700, "8": 463400, "9": 730200, "10": 398700, "11": 782000, "12": 542200, "13": 370700, "14": 269600, "15": 265000, "16": 862300, "17": 1159300, "18": 651900, "19": 543700, "20": 1073800, "21": 596300, "22": 749300, "23": 592200, "24": 528300, "25": 589400, "26": 275200, "27": 1061300, "28": 859300, "29": 694200, "30": 641100, "31": 764500, "32": 1246100, "33": 1884900, "34": 933200, "35": 519000, "36": 526000, "37": 630900, "38": 1881600, "39": 1009200, "40": 882500, "41": 529400, "42": 691800, "43": 396700, "44": 707800, "45": 229800, "46": 510700, "47": 387000, "48": 536800, "49": 784700, "50": 589100, "51": 1367500, "52": 455300, "53": 396200, "54": 448400, "55": 316700, "56": 496800, "57": 360100, "58": 348500, "59": 280700, "60": 794000, "61": 618700, "62": 329300, "63": 370300, "64": 637300, "65": 324500, "66": 317100, "67": 250800, "68": 303200, "69": 266700, "70": 194800, "71": 318200, "72": 375900, "73": 567300, "74": 290800, "75": 291500, "76": 213900, "77": 218200, "78": 166100, "79": 307600, "80": 228300, "81": 244600, "82": 220500, "83": 533000, "84": 626500, "85": 222000, "86": 240200, "87": 147000, "88": 249600, "89": 158700, "90": 108100, "91": 159900, "92": 152400, "93": 203700, "94": 255800, "95": 157700, "96": 233700, "97": 269800, "98": 216900, "99": 186600, "100": 210700, "101": 161400, "102": 101700, "103": 167000, "104": 191900, "105": 129400, "106": 257400, "107": 176700, "108": 225600, "109": 227700, "110": 162300, "111": 428300, "112": 346200, "113": 165900, "114": 188000, "115": 194800, "116": 145300, "117": 58100, "118": 101200, "119": 202700, "120": 184800, "121": 102000, "122": 339400, "123": 183300, "124": 146300, "125": 104300, "126": 188100, "127": 87500, "128": 223700, "129": 100500, "130": 197100, "131": 117900, "132": 106100, "133": 86000, "134": 87000, "135": 102900, "136": 68300, "137": 64600, "138": 64600, "139": 67900, "140": 116800, "141": 127000, "142": 139600, "143": 167900, "144": 96800, "145": 93700, "146": 94900, "147": 198900, "148": 110500, "149": 126000, "150": 199600, "151": 86600, "152": 80200, "153": 146300, "154": 154500, "155": 76800, "156": 123100, "157": 209100, "158": 134600, "159": 253400, "160": 214000, "161": 109800, "162": 101000, "163": 153500, "164": 95500, "165": 204800, "166": 94100, "167": 72500, "168": 65100, "169": 93000, "170": 78500, "171": 133200, "172": 65100, "173": 84500, "174": 52700, "175": 65000, "176": 78800, "177": 99800, "178": 48900, "179": 56100, "180": 77100, "181": 228100, "182": 176700, "183": 184500, "184": 100800, "185": 217800, "186": 421800, "187": 119100, "188": 109400, "189": 92700, "190": 107600, "191": 139600, "192": 110900, "193": 131800, "194": 72600, "195": 157800, "196": 52200, "197": 89700, "198": 87000, "199": 53900, "200": 42800, "201": 51600, "202": 41000, "203": 108600, "204": 115700, "205": 139600, "206": 253300, "207": 84800, "208": 68900, "209": 55700, "210": 70900, "211": 109000, "212": 79300, "213": 76000, "214": 97600, "215": 53100, "216": 87400, "217": 60200, "218": 86400, "219": 73500, "220": 60900, "221": 113100, "222": 307300, "223": 117000, "224": 192200, "225": 118700, "226": 113000, "227": 65200, "228": 136800, "229": 70500, "230": 46800, "231": 59600, "232": 47900, "233": 55700, "234": 63900, "235": 45800, "236": 69200, "237": 47000, "238": 49600, "239": 90600, "240": 101200, "241": 86200, "242": 115400, "243": 93700, "244": 75700, "245": 51400, "246": 73100, "247": 133600, "248": 75500, "249": 109800, "250": 76800, "251": 68600, "252": 88900, "253": 64900, "254": 91600, "255": 117700, "256": 77700, "257": 52300, "258": 40700, "259": 98200, "260": 68400, "261": 20000, "262": 453700, "263": 377200, "264": 284400, "265": 309000, "266": 397400, "267": 167900, "268": 209200, "269": 123500, "270": 181700, "271": 426400, "272": 194900, "273": 256300, "274": 726600, "275": 3912100, "276": 565600, "277": 344600, "278": 3229900, "279": 1284800, "280": 792000, "281": 219000, "282": 721100, "283": 316400, "284": 431400, "285": 283100, "286": 202900, "287": 280100, "288": 144000, "289": 194900, "290": 172300, "291": 312300, "292": 108600, "293": 93300, "294": 97000, "295": 99900, "296": 59000, "297": 90400, "298": 86200, "299": 197200, "300": 168800, "301": 282800, "302": 135300, "303": 201200, "304": 201300, "305": 78700, "306": 6000, "307": 0, "308": 1408900, "309": 529000, "310": 377700, "311": 740400, "312": 311000, "313": 154100, "314": 262600, "315": 309500, "316": 508300, "317": 0, "318": 4529600, "319": 997400, "320": 1966900, "321": 1143600, "322": 900900, "323": 2997900, "324": 572900, "325": 263500, "326": 316600, "327": 704800, "328": 1129800, "329": 426100, "330": 962600, "331": 486300, "332": 272600, "333": 432900, "334": 550100, "335": 338900, "336": 505300, "337": 277200, "338": 278900, "339": 203000, "340": 182200, "341": 210300, "342": 451900, "343": 260100, "344": 3032600, "345": 1029600, "346": 416200, "347": 371000, "348": 149100, "349": 180800, "350": 1834600, "351": 1595200, "352": 998400, "353": 293400, "354": 339500, "355": 216500, "356": 200400, "357": 121100, "358": 139000, "359": 112200, "360": 47100, "361": 56900, "362": 116100, "363": 93700, "364": 51500, "365": 64700, "366": 89000, "367": 101000, "368": 235700, "369": 345400, "370": 66300, "371": 63300, "372": 514800, "373": 171100, "374": 181700, "375": 132500, "376": 175700, "377": 216000, "378": 83100, "379": 67100, "380": 86200, "381": 96500, "382": 73200, "383": 48600, "384": 91500, "385": 34300, "386": 48800, "387": 104500, "388": 276300, "389": 117300, "390": 244700, "391": 306500, "392": 188200, "393": 127800, "394": 108500, "395": 125000, "396": 140500, "397": 159400, "398": 292600, "399": 115700, "400": 170900, "401": 99300, "402": 64600, "403": 71900, "404": 43300, "405": 48000, "406": 92300, "407": 52100, "408": 77300, "409": 133200, "410": 144400, "411": 90700, "412": 100500, "413": 131000, "414": 130000, "415": 96700, "416": 53700, "417": 64000, "418": 78900, "419": 117000, "420": 48600, "421": 44400, "422": 113800, "423": 93300, "424": 145600, "425": 130900, "426": 127900, "427": 96200, "428": 129800, "429": 85500, "430": 91700, "431": 201700, "432": 71700, "433": 78700, "434": 153000, "435": 523400, "436": 243100, "437": 1234100, "438": 578000, "439": 1072200, "440": 444300, "441": 281800, "442": 262000, "443": 458800}, "adjclose": {"0": 16.75, "1": 16.600000381469727, "2": 17.0, "3": 15.40999984741211, "4": 15.399999618530273, "5": 16.0, "6": 16.489999771118164, "7": 16.1299991607666, "8": 16.270000457763672, "9": 16.31999969482422, "10": 16.389999389648438, "11": 15.5, "12": 15.630000114440918, "13": 15.239999771118164, "14": 15.430000305175781, "15": 15.600000381469727, "16": 16.920000076293945, "17": 17.229999542236328, "18": 17.829999923706055, "19": 18.040000915527344, "20": 18.760000228881836, "21": 17.020000457763672, "22": 18.25, "23": 16.790000915527344, "24": 15.800000190734863, "25": 16.260000228881836, "26": 16.850000381469727, "27": 17.81999969482422, "28": 17.969999313354492, "29": 17.329999923706055, "30": 17.309999465942383, "31": 17.489999771118164, "32": 18.3700008392334, "33": 20.559999465942383, "34": 19.09000015258789, "35": 19.520000457763672, "36": 18.959999084472656, "37": 18.100000381469727, "38": 19.979999542236328, "39": 19.309999465942383, "40": 17.65999984741211, "41": 18.899999618530273, "42": 17.200000762939453, "43": 17.860000610351562, "44": 18.889999389648438, "45": 18.479999542236328, "46": 17.920000076293945, "47": 18.049999237060547, "48": 17.31999969482422, "49": 16.399999618530273, "50": 15.319999694824219, "51": 13.520000457763672, "52": 14.510000228881836, "53": 14.720000267028809, "54": 13.239999771118164, "55": 13.1899995803833, "56": 12.25, "57": 12.699999809265137, "58": 13.0600004196167, "59": 12.390000343322754, "60": 12.970000267028809, "61": 11.380000114440918, "62": 12.350000381469727, "63": 12.920000076293945, "64": 13.9399995803833, "65": 14.729999542236328, "66": 13.329999923706055, "67": 12.819999694824219, "68": 12.720000267028809, "69": 12.15999984741211, "70": 12.699999809265137, "71": 12.449999809265137, "72": 11.40999984741211, "73": 10.920000076293945, "74": 11.210000038146973, "75": 11.170000076293945, "76": 11.710000038146973, "77": 11.899999618530273, "78": 11.100000381469727, "79": 10.970000267028809, "80": 10.710000038146973, "81": 10.859999656677246, "82": 11.1899995803833, "83": 9.630000114440918, "84": 9.260000228881836, "85": 9.630000114440918, "86": 9.960000038146973, "87": 9.239999771118164, "88": 9.359999656677246, "89": 10.170000076293945, "90": 10.369999885559082, "91": 9.5, "92": 9.630000114440918, "93": 10.399999618530273, "94": 10.680000305175781, "95": 10.949999809265137, "96": 11.229999542236328, "97": 10.630000114440918, "98": 9.529999732971191, "99": 9.380000114440918, "100": 10.350000381469727, "101": 10.380000114440918, "102": 9.9399995803833, "103": 9.09000015258789, "104": 8.819999694824219, "105": 8.34000015258789, "106": 8.869999885559082, "107": 8.670000076293945, "108": 9.140000343322754, "109": 9.399999618530273, "110": 9.289999961853027, "111": 8.210000038146973, "112": 8.010000228881836, "113": 7.670000076293945, "114": 7.71999979019165, "115": 8.899999618530273, "116": 8.510000228881836, "117": 8.140000343322754, "118": 7.599999904632568, "119": 7.349999904632568, "120": 8.329999923706055, "121": 8.539999961853027, "122": 9.399999618530273, "123": 8.920000076293945, "124": 9.260000228881836, "125": 9.369999885559082, "126": 9.850000381469727, "127": 9.920000076293945, "128": 10.0600004196167, "129": 10.40999984741211, "130": 9.739999771118164, "131": 9.859999656677246, "132": 9.930000305175781, "133": 9.920000076293945, "134": 9.84000015258789, "135": 9.109999656677246, "136": 9.119999885559082, "137": 9.069999694824219, "138": 8.800000190734863, "139": 8.539999961853027, "140": 8.850000381469727, "141": 8.65999984741211, "142": 8.4399995803833, "143": 8.819999694824219, "144": 8.630000114440918, "145": 8.300000190734863, "146": 8.5, "147": 7.880000114440918, "148": 7.360000133514404, "149": 7.489999771118164, "150": 8.289999961853027, "151": 7.829999923706055, "152": 8.050000190734863, "153": 7.960000038146973, "154": 8.3100004196167, "155": 7.690000057220459, "156": 7.539999961853027, "157": 6.429999828338623, "158": 6.610000133514404, "159": 6.03000020980835, "160": 5.639999866485596, "161": 6.019999980926514, "162": 5.75, "163": 6.389999866485596, "164": 6.139999866485596, "165": 6.429999828338623, "166": 5.800000190734863, "167": 6.070000171661377, "168": 5.610000133514404, "169": 5.869999885559082, "170": 5.860000133514404, "171": 6.199999809265137, "172": 6.460000038146973, "173": 6.28000020980835, "174": 6.449999809265137, "175": 6.46999979019165, "176": 6.369999885559082, "177": 6.090000152587891, "178": 6.199999809265137, "179": 6.019999980926514, "180": 5.730000019073486, "181": 4.75, "182": 4.210000038146973, "183": 4.389999866485596, "184": 4.090000152587891, "185": 3.759999990463257, "186": 4.440000057220459, "187": 4.300000190734863, "188": 4.329999923706055, "189": 4.449999809265137, "190": 4.78000020980835, "191": 4.340000152587891, "192": 4.070000171661377, "193": 3.759999990463257, "194": 4.010000228881836, "195": 4.380000114440918, "196": 4.170000076293945, "197": 4.46999979019165, "198": 4.599999904632568, "199": 4.25, "200": 4.099999904632568, "201": 4.170000076293945, "202": 4.050000190734863, "203": 4.179999828338623, "204": 4.260000228881836, "205": 4.744999885559082, "206": 4.929999828338623, "207": 5.019999980926514, "208": 4.800000190734863, "209": 4.659999847412109, "210": 4.199999809265137, "211": 4.550000190734863, "212": 4.840000152587891, "213": 4.869999885559082, "214": 4.929999828338623, "215": 5.050000190734863, "216": 5.119999885559082, "217": 5.059999942779541, "218": 5.059999942779541, "219": 5.420000076293945, "220": 5.090000152587891, "221": 5.71999979019165, "222": 6.059999942779541, "223": 6.25, "224": 6.519999980926514, "225": 6.269999980926514, "226": 5.929999828338623, "227": 5.699999809265137, "228": 4.980000019073486, "229": 4.880000114440918, "230": 5.010000228881836, "231": 5.045000076293945, "232": 4.929999828338623, "233": 4.559999942779541, "234": 4.610000133514404, "235": 4.360000133514404, "236": 4.760000228881836, "237": 4.570000171661377, "238": 4.619999885559082, "239": 4.119999885559082, "240": 3.990000009536743, "241": 4.159999847412109, "242": 4.730000019073486, "243": 5.03000020980835, "244": 4.550000190734863, "245": 4.710000038146973, "246": 4.489999771118164, "247": 4.730000019073486, "248": 4.349999904632568, "249": 4.179999828338623, "250": 3.9700000286102295, "251": 4.099999904632568, "252": 3.8499999046325684, "253": 3.7899999618530273, "254": 3.950000047683716, "255": 4.070000171661377, "256": 3.940000057220459, "257": 3.869999885559082, "258": 3.940000057220459, "259": 4.079999923706055, "260": 4.079999923706055, "261": 4.170000076293945, "262": 3.200000047683716, "263": 2.4600000381469727, "264": 2.190000057220459, "265": 2.0199999809265137, "266": 1.8600000143051147, "267": 1.7899999618530273, "268": 1.7599999904632568, "269": 1.659999966621399, "270": 1.559999942779541, "271": 1.440000057220459, "272": 1.5299999713897705, "273": 1.3799999952316284, "274": 1.8799999952316284, "275": 2.309999942779541, "276": 1.9700000286102295, "277": 1.9700000286102295, "278": 1.1100000143051147, "279": 0.9100000262260437, "280": 0.8550000190734863, "281": 0.8999999761581421, "282": 0.9129999876022339, "283": 0.9020000100135803, "284": 0.9100000262260437, "285": 0.8130000233650208, "286": 0.8420000076293945, "287": 0.8799999952316284, "288": 0.8640000224113464, "289": 0.9039999842643738, "290": 0.8899999856948853, "291": 0.7960000038146973, "292": 0.8190000057220459, "293": 0.8050000071525574, "294": 0.800000011920929, "295": 0.8119999766349792, "296": 0.8119999766349792, "297": 0.7699999809265137, "298": 0.7680000066757202, "299": 0.7450000047683716, "300": 0.7379999756813049, "301": 0.7260000109672546, "302": 0.7059999704360962, "303": 0.675000011920929, "304": 0.6600000262260437, "305": 0.6880000233650208, "306": 0.6880000233650208, "307": 0.6880000233650208, "308": 0.4320000112056732, "309": 0.4650000035762787, "310": 0.48500001430511475, "311": 0.382999986410141, "312": 0.43799999356269836, "313": 0.4300000071525574, "314": 0.4180000126361847, "315": 0.4050000011920929, "316": 0.5389999747276306, "317": 0.5389999747276306, "318": 0.734000027179718, "319": 0.9039999842643738, "320": 1.0800000429153442, "321": 1.159999966621399, "322": 1.2000000476837158, "323": 1.600000023841858, "324": 1.4199999570846558, "325": 1.4199999570846558, "326": 1.2699999809265137, "327": 1.0399999618530273, "328": 1.4199999570846558, "329": 1.4700000286102295, "330": 1.8200000524520874, "331": 1.659999966621399, "332": 1.7200000286102295, "333": 1.7300000190734863, "334": 1.940000057220459, "335": 2.059999942779541, "336": 1.9600000381469727, "337": 2.0299999713897705, "338": 1.899999976158142, "339": 1.7899999618530273, "340": 1.9199999570846558, "341": 1.899999976158142, "342": 2.119999885559082, "343": 1.9700000286102295, "344": 2.6600000858306885, "345": 2.7200000286102295, "346": 2.180000066757202, "347": 1.8899999856948853, "348": 1.899999976158142, "349": 1.8300000429153442, "350": 1.350000023841858, "351": 1.6100000143051147, "352": 1.7999999523162842, "353": 1.850000023841858, "354": 1.7899999618530273, "355": 1.6299999952316284, "356": 1.6799999475479126, "357": 1.649999976158142, "358": 1.5700000524520874, "359": 1.7000000476837158, "360": 1.6699999570846558, "361": 1.690000057220459, "362": 1.6299999952316284, "363": 1.6699999570846558, "364": 1.6100000143051147, "365": 1.5199999809265137, "366": 1.350000023841858, "367": 1.350000023841858, "368": 1.4850000143051147, "369": 1.6299999952316284, "370": 1.590000033378601, "371": 1.5499999523162842, "372": 1.6799999475479126, "373": 1.7599999904632568, "374": 1.7999999523162842, "375": 1.690000057220459, "376": 1.649999976158142, "377": 1.5499999523162842, "378": 1.5099999904632568, "379": 1.5, "380": 1.5499999523162842, "381": 1.6399999856948853, "382": 1.6699999570846558, "383": 1.7400000095367432, "384": 1.5800000429153442, "385": 1.534999966621399, "386": 1.4800000190734863, "387": 1.5199999809265137, "388": 1.590000033378601, "389": 1.5, "390": 1.565000057220459, "391": 1.5, "392": 1.4500000476837158, "393": 1.5, "394": 1.4500000476837158, "395": 1.4600000381469727, "396": 1.440000057220459, "397": 1.3550000190734863, "398": 1.3600000143051147, "399": 1.440000057220459, "400": 1.3700000047683716, "401": 1.4249999523162842, "402": 1.409999966621399, "403": 1.4600000381469727, "404": 1.3899999856948853, "405": 1.409999966621399, "406": 1.4199999570846558, "407": 1.3600000143051147, "408": 1.3899999856948853, "409": 1.3899999856948853, "410": 1.440000057220459, "411": 1.3200000524520874, "412": 1.340000033378601, "413": 1.2100000381469727, "414": 1.2400000095367432, "415": 1.190000057220459, "416": 1.190000057220459, "417": 1.2200000286102295, "418": 1.1699999570846558, "419": 1.159999966621399, "420": 1.159999966621399, "421": 1.1799999475479126, "422": 1.190000057220459, "423": 1.2000000476837158, "424": 1.2300000190734863, "425": 1.2699999809265137, "426": 1.2300000190734863, "427": 1.2699999809265137, "428": 1.2000000476837158, "429": 1.2200000286102295, "430": 1.159999966621399, "431": 1.1799999475479126, "432": 1.149999976158142, "433": 1.159999966621399, "434": 1.0800000429153442, "435": 1.0299999713897705, "436": 1.159999966621399, "437": 1.4199999570846558, "438": 1.3300000429153442, "439": 1.6100000143051147, "440": 1.600000023841858, "441": 1.7799999713897705, "442": 1.5800000429153442, "443": 1.75}}, "profile": {"address1": "Eastcastle House", "address2": "27/28 Eastcastle Street", "city": "London", "zip": "W1W 8DH", "country": "United Kingdom", "website": "https://www.argoblockchain.com", "industry": "Capital Markets", "industryDisp": "Capital Markets", "sector": "Financial Services", "longBusinessSummary": "Argo Blockchain plc, together with its subsidiaries, engages in the bitcoin and other cryptocurrencies mining business worldwide. It engages in mining purpose-built computers for complex cryptographic algorithms. The company was formerly known as GoSun Blockchain Limited and changed its name to Argo Blockchain plc in December 2017. Argo Blockchain plc was incorporated in 2017 and is based in London, the United Kingdom.", "fullTimeEmployees": 82, "companyOfficers": [{"maxAge": 1, "name": "Mr. Seif  El-Bakly C.F.A.", "age": 37, "title": "Interim CEO & COO", "yearBorn": 1985, "fiscalYear": 2022, "totalPay": 462903, "exercisedValue": 0, "unexercisedValue": 0}, {"maxAge": 1, "name": "Mr. Peter G. Wall", "age": 46, "title": "Advisor", "yearBorn": 1976, "fiscalYear": 2022, "totalPay": 610181, "exercisedValue": 0, "unexercisedValue": 0}, {"maxAge": 1, "name": "Mr. James Mckenzie MacCallum C.A., C.F.A., CPA", "age": 52, "title": "Chief Financial Officer", "yearBorn": 1970, "exercisedValue": 0, "unexercisedValue": 0}, {"maxAge": 1, "name": "Jean  Esquier", "title": "VP of Technology & Devel.", "exercisedValue": 0, "unexercisedValue": 0}, {"maxAge": 1, "name": "Mr. Tom  Divine", "title": "VP of Investor Relations", "exercisedValue": 0, "unexercisedValue": 0}, {"maxAge": 1, "name": "Mr. Davis  Zapffe", "title": "Gen. Counsel", "exercisedValue": 0, "unexercisedValue": 0}, {"maxAge": 1, "name": "Ms. Alana  Marks", "title": "VP of People & Culture", "exercisedValue": 0, "unexercisedValue": 0}, {"maxAge": 1, "name": "Mr. Sebastien  Chalus", "title": "Chief Strategy Officer", "exercisedValue": 0, "unexercisedValue": 0}], "compensationAsOfEpochDate": "2022-12-30 19:00:00", "maxAge": 86400, "latitude": 51.51656001411217, "longitude": -0.13846996246766707}}