{"income_statement": {"annual": {"Year": {"1": "Selling, General & Admin", "2": "Other Operating Expenses", "3": "Operating Expenses", "4": "Operating Income", "5": "Other Expense / Income", "6": "Pretax Income", "7": "Income Tax", "8": "Net Income", "9": "Shares Outstanding (Basic)", "10": "Shares Outstanding (Diluted)", "11": "EPS (Basic)", "12": "EPS (Diluted)", "13": "Free Cash Flow Per Share", "14": "EBITDA", "15": "EBIT"}, "2022": {"1": "0.54", "2": "0.05", "3": "0.6", "4": "-0.6", "5": "-0.29", "6": "-0.31", "7": "0.05", "8": "-0.36", "9": "8", "10": "8", "11": "-1.85", "12": "-1.85", "13": "-0.06", "14": "-0.31", "15": "-0.31"}}, "quarterly": {"Metrics": {"1": "Selling, General & Admin", "2": "Other Operating Expenses", "3": "Operating Expenses", "4": "Operating Income", "5": "Other Expense / Income", "6": "Pretax Income", "7": "Income Tax", "8": "Net Income", "9": "Shares Outstanding (Basic)", "10": "Shares Outstanding (Diluted)", "11": "Shares Change", "12": "EPS (Basic)", "13": "EPS (Diluted)", "14": "Free Cash Flow Per Share", "15": "Effective Tax Rate", "16": "EBITDA", "17": "EBIT"}, "2022-12-31": {"1": "0.19", "2": "0.01", "3": "0.2", "4": "-0.2", "5": "-0.49", "6": "0.29", "7": "0.1", "8": "0.19", "9": "9", "10": "9", "11": "87.51%", "12": "-0.11", "13": "-0.11", "14": "-0.01", "15": "34.63%", "16": "0.29", "17": "0.29"}, "2022-09-30": {"1": "0.15", "2": "-0.03", "3": "0.12", "4": "-0.12", "5": "-0.24", "6": "0.12", "7": "0.05", "8": "0.07", "9": "8", "10": "8", "11": "423.62%", "12": "0.09", "13": "0.09", "14": "-0.01", "15": "40.85%", "16": "0.12", "17": "0.12"}, "2022-06-30": {"1": "0.1", "2": "0.01", "3": "0.11", "4": "-0.11", "5": "-0.04", "6": "-0.07", "7": "0", "8": "-0.07", "9": "2", "10": "2", "11": "-", "12": "-1.60", "13": "-1.60", "14": "-0.02", "15": "-", "16": "-0.07", "17": "-0.07"}, "2022-03-31": {"1": "0.25", "2": "0.02", "3": "0.27", "4": "-0.27", "5": "-0", "6": "-0.27", "7": "0", "8": "-0.27", "9": "2", "10": "2", "11": "-", "12": "-1.62", "13": "-1.62", "14": "-0.12", "15": "-", "16": "-0.27", "17": "-0.27"}, "2021-12-31": {"1": "0.05", "2": "0.05", "3": "0.1", "4": "-0.1", "5": "-0", "6": "-0.1", "7": "0", "8": "-0.1", "9": "5", "10": "5", "11": "-", "12": "-3.00", "13": "-3.00", "14": "-0.03", "15": "-", "16": "-0.1", "17": "-0.1"}, "2021-09-30": {"1": "0", "2": "0", "3": "0", "4": "-0", "5": "-", "6": "-0", "7": "0", "8": "-0", "9": "2", "10": "2", "11": "-", "12": "-", "13": "-", "14": "-", "15": "-", "16": "-0", "17": "-0"}}}, "balance_sheet": {"annual": {"Year": {"1": "Cash & Equivalents", "2": "Cash & Cash Equivalents", "3": "Other Current Assets", "4": "Total Current Assets", "5": "Long-Term Investments", "6": "Total Long-Term Assets", "7": "Total Assets", "8": "Accounts Payable", "9": "Other Current Liabilities", "10": "Total Current Liabilities", "11": "Other Long-Term Liabilities", "12": "Total Long-Term Liabilities", "13": "Total Liabilities", "14": "Common Stock", "15": "Retained Earnings", "16": "Shareholders' Equity", "17": "Total Liabilities and Equity", "18": "Net Cash / Debt", "19": "Net Cash Per Share", "20": "Working Capital", "21": "Book Value Per Share"}, "2022": {"1": "0.17", "2": "0.17", "3": "0.02", "4": "0.19", "5": "69.29", "6": "69.29", "7": "69.48", "8": "0.1", "9": "0.1", "10": "0.2", "11": "2.59", "12": "2.59", "13": "2.79", "14": "0", "15": "-2.6", "16": "-2.6", "17": "0.19", "18": "0.17", "19": "0.02", "20": "-0.01", "21": "-0.33"}}, "quarterly": {"Metrics": {"1": "Cash & Equivalents", "2": "Cash & Cash Equivalents", "3": "Cash Growth", "4": "Other Current Assets", "5": "Total Current Assets", "6": "Long-Term Investments", "7": "Total Long-Term Assets", "8": "Total Assets", "9": "Accounts Payable", "10": "Current Debt", "11": "Other Current Liabilities", "12": "Total Current Liabilities", "13": "Other Long-Term Liabilities", "14": "Total Long-Term Liabilities", "15": "Total Liabilities", "16": "Total Debt", "17": "Common Stock", "18": "Retained Earnings", "19": "Shareholders' Equity", "20": "Total Liabilities and Equity", "21": "Net Cash / Debt", "22": "Net Cash Per Share", "23": "Working Capital", "24": "Book Value Per Share"}, "2022-12-31": {"1": "0.17", "2": "0.17", "3": "-67.73%", "4": "0.01", "5": "0.18", "6": "70.46", "7": "70.46", "8": "70.64", "9": "0.22", "10": "0.74", "11": "0.21", "12": "1.17", "13": "2.59", "14": "2.59", "15": "3.76", "16": "0.74", "17": "0", "18": "-3.58", "19": "-3.58", "20": "0.18", "21": "-0.57", "22": "-0.06", "23": "-1", "24": "-0.40"}, "2022-09-30": {"1": "0.17", "2": "0.17", "3": "131.72%", "4": "0.02", "5": "0.19", "6": "69.29", "7": "69.29", "8": "69.48", "9": "0.1", "10": "0", "11": "0.1", "12": "0.2", "13": "2.59", "14": "2.59", "15": "2.79", "16": "0", "17": "0", "18": "-2.6", "19": "-2.6", "20": "0.19", "21": "0.17", "22": "0.02", "23": "-0.01", "24": "-0.33"}, "2022-06-30": {"1": "0.22", "2": "0.22", "3": "-", "4": "0.04", "5": "0.26", "6": "69.05", "7": "69.05", "8": "69.31", "9": "0.07", "10": "0", "11": "0.04", "12": "0.11", "13": "2.59", "14": "2.59", "15": "2.69", "16": "0", "17": "0", "18": "-2.38", "19": "-2.38", "20": "0.31", "21": "0.22", "22": "0.11", "23": "0.16", "24": "-1.19"}, "2022-03-31": {"1": "0.26", "2": "0.26", "3": "-", "4": "0.07", "5": "0.33", "6": "69.01", "7": "69.01", "8": "69.34", "9": "0.04", "10": "0", "11": "0.02", "12": "0.06", "13": "2.59", "14": "2.59", "15": "2.65", "16": "0", "17": "0", "18": "-2.31", "19": "-2.31", "20": "0.34", "21": "0.26", "22": "0.13", "23": "0.27", "24": "-1.16"}, "2021-12-31": {"1": "0.51", "2": "0.51", "3": "-", "4": "0.09", "5": "0.61", "6": "69", "7": "69", "8": "69.61", "9": "0.02", "10": "0", "11": "0.05", "12": "0.07", "13": "2.59", "14": "2.59", "15": "2.65", "16": "0", "17": "0", "18": "-2.04", "19": "-2.04", "20": "0.61", "21": "0.51", "22": "0.11", "23": "0.54", "24": "-0.43"}, "2021-09-30": {"1": "0.08", "2": "0.08", "3": "-", "4": "0.08", "5": "0.15", "6": "0", "7": "0", "8": "0.15", "9": "0.02", "10": "0.11", "11": "0", "12": "0.13", "13": "0", "14": "0", "15": "0.13", "16": "0.11", "17": "0.03", "18": "-0", "19": "0.02", "20": "0.15", "21": "-0.03", "22": "-0.02", "23": "0.02", "24": "0.02"}}}, "cash_flow_statement": {"annual": {"Year": {"1": "Net Income", "2": "Other Operating Activities", "3": "Operating Cash Flow", "4": "Change in Investments", "5": "Investing Cash Flow", "6": "Share Issuance / Repurchase", "7": "Debt Issued / Paid", "8": "Other Financing Activities", "9": "Financing Cash Flow", "10": "Net Cash Flow", "11": "Free Cash Flow", "12": "Free Cash Flow Per Share"}, "2022": {"1": "-0.36", "2": "-0.13", "3": "-0.48", "4": "-69", "5": "-69", "6": "71.76", "7": "-0.11", "8": "-2.08", "9": "69.58", "10": "0.1", "11": "-0.48", "12": "-0.06"}}, "quarterly": {"Metrics": {"1": "Net Income", "2": "Other Operating Activities", "3": "Operating Cash Flow", "4": "Change in Investments", "5": "Investing Cash Flow", "6": "Share Issuance / Repurchase", "7": "Debt Issued / Paid", "8": "Other Financing Activities", "9": "Financing Cash Flow", "10": "Net Cash Flow", "11": "Free Cash Flow", "12": "Free Cash Flow Per Share"}, "2022-12-31": {"1": "0.19", "2": "-0.25", "3": "-0.06", "4": "-0.69", "5": "-0.69", "6": "0", "7": "0.74", "8": "-", "9": "0.74", "10": "-0.01", "11": "-0.06", "12": "-0.01"}, "2022-09-30": {"1": "0.07", "2": "-0.12", "3": "-0.05", "4": "0", "5": "0", "6": "0", "7": "0", "8": "-", "9": "0", "10": "-0.05", "11": "-0.05", "12": "-0.01"}, "2022-06-30": {"1": "-0.07", "2": "0.02", "3": "-0.04", "4": "0", "5": "0", "6": "0", "7": "0", "8": "-", "9": "0", "10": "-0.04", "11": "-0.04", "12": "-0.02"}, "2022-03-31": {"1": "-0.27", "2": "0.02", "3": "-0.25", "4": "0", "5": "0", "6": "0", "7": "0", "8": "0.02", "9": "0.02", "10": "-0.25", "11": "-0.25", "12": "-0.12"}, "2021-12-31": {"1": "-0.1", "2": "-0.05", "3": "-0.15", "4": "-69", "5": "-69", "6": "71.76", "7": "-0.11", "8": "-2.08", "9": "69.58", "10": "0.44", "11": "-0.15", "12": "-0.03"}}}, "ratios": {"annual": {"Year": {"1": "Market Capitalization", "2": "Enterprise Value", "3": "PE Ratio", "4": "PB Ratio", "5": "P/FCF Ratio", "6": "P/OCF Ratio", "7": "EV/EBITDA Ratio", "8": "EV/EBIT Ratio", "9": "EV/FCF Ratio", "10": "Debt / Equity Ratio", "11": "Debt / EBITDA Ratio", "12": "Debt / FCF Ratio", "13": "Current Ratio", "14": "Return on Equity (ROE)", "15": "Return on Assets (ROA)", "16": "Return on Capital (ROIC)", "17": "Earnings Yield", "18": "FCF Yield", "19": "Buyback Yield / Dilution", "20": "Total Shareholder Return"}, "Current": {"1": "93", "2": "94", "3": "-1169.97", "4": "-25.08", "5": "-226.12", "6": "-226.12", "7": "1313.35", "8": "1313.35", "9": "-227.56", "10": "-0.21", "11": "10.35", "12": "-1.86", "13": "0.15", "14": "2.80%", "15": "-0.10%", "16": "0.10%", "17": "-0.08%", "18": "-0.43%", "19": "-87.51%", "20": "-87.51%"}, "2022": {"1": "88", "2": "88", "3": "-245.80", "4": "-34.05", "5": "-182.32", "6": "-182.32", "7": "-284.07", "8": "-284.07", "9": "-181.96", "10": "-", "11": "-", "12": "-", "13": "0.96", "14": "15.40%", "15": "-0.50%", "16": "-0.40%", "17": "-0.41%", "18": "-0.55%", "19": "-", "20": "-"}}, "quarterly": {"Metrics": {"1": "Market Capitalization", "2": "Market Cap Growth", "3": "Enterprise Value", "4": "PE Ratio", "5": "PB Ratio", "6": "Debt / Equity Ratio", "7": "Current Ratio", "8": "Buyback Yield / Dilution", "9": "Total Shareholder Return"}, "Current": {"1": "93", "2": "-", "3": "94", "4": "-1169.97", "5": "-25.08", "6": "-0.21", "7": "0.15", "8": "-87.51%", "9": "-87.51%"}, "2022-12-31": {"1": "90", "2": "18.80%", "3": "90", "4": "-1169.97", "5": "-25.08", "6": "-0.21", "7": "0.15", "8": "-87.51%", "9": "-87.51%"}, "2022-09-30": {"1": "88", "2": "-", "3": "88", "4": "-245.80", "5": "-34.05", "6": "-", "7": "0.96", "8": "-423.62%", "9": "-423.62%"}, "2022-06-30": {"1": "88", "2": "-", "3": "88", "4": "-204.19", "5": "-36.99", "6": "-", "7": "2.46", "8": "-", "9": "-"}, "2022-03-31": {"1": "87", "2": "-", "3": "87", "4": "-", "5": "-37.74", "6": "-", "7": "5.11", "8": "-", "9": "-"}, "2021-12-31": {"1": "76", "2": "-", "3": "75", "4": "-", "5": "-37.01", "6": "-", "7": "8.98", "8": "-", "9": "-"}, "2021-09-30": {"1": "-", "2": "-", "3": "0", "4": "-", "5": "-", "6": "4.28", "7": "1.20", "8": "-", "9": "-"}}}, "stock_price": {"symbol": {"0": "ARIZ", "1": "ARIZ", "2": "ARIZ", "3": "ARIZ", "4": "ARIZ", "5": "ARIZ", "6": "ARIZ", "7": "ARIZ", "8": "ARIZ", "9": "ARIZ", "10": "ARIZ", "11": "ARIZ", "12": "ARIZ", "13": "ARIZ", "14": "ARIZ", "15": "ARIZ", "16": "ARIZ", "17": "ARIZ", "18": "ARIZ", "19": "ARIZ", "20": "ARIZ", "21": "ARIZ", "22": "ARIZ", "23": "ARIZ", "24": "ARIZ", "25": "ARIZ", "26": "ARIZ", "27": "ARIZ", "28": "ARIZ", "29": "ARIZ", "30": "ARIZ", "31": "ARIZ", "32": "ARIZ", "33": "ARIZ", "34": "ARIZ", "35": "ARIZ", "36": "ARIZ", "37": "ARIZ", "38": "ARIZ", "39": "ARIZ", "40": "ARIZ", "41": "ARIZ", "42": "ARIZ", "43": "ARIZ", "44": "ARIZ", "45": "ARIZ", "46": "ARIZ", "47": "ARIZ", "48": "ARIZ", "49": "ARIZ", "50": "ARIZ", "51": "ARIZ", "52": "ARIZ", "53": "ARIZ", "54": "ARIZ", "55": "ARIZ", "56": "ARIZ", "57": "ARIZ", "58": "ARIZ", "59": "ARIZ", "60": "ARIZ", "61": "ARIZ", "62": "ARIZ", "63": "ARIZ", "64": "ARIZ", "65": "ARIZ", "66": "ARIZ", "67": "ARIZ", "68": "ARIZ", "69": "ARIZ", "70": "ARIZ", "71": "ARIZ", "72": "ARIZ", "73": "ARIZ", "74": "ARIZ", "75": "ARIZ", "76": "ARIZ", "77": "ARIZ", "78": "ARIZ", "79": "ARIZ", "80": "ARIZ", "81": "ARIZ", "82": "ARIZ", "83": "ARIZ", "84": "ARIZ", "85": "ARIZ", "86": "ARIZ", "87": "ARIZ", "88": "ARIZ", "89": "ARIZ", "90": "ARIZ", "91": "ARIZ", "92": "ARIZ", "93": "ARIZ", "94": "ARIZ", "95": "ARIZ", "96": "ARIZ", "97": "ARIZ", "98": "ARIZ", "99": "ARIZ", "100": "ARIZ", "101": "ARIZ", "102": "ARIZ", "103": "ARIZ", "104": "ARIZ", "105": "ARIZ", "106": "ARIZ", "107": "ARIZ", "108": "ARIZ", "109": "ARIZ", "110": "ARIZ", "111": "ARIZ", "112": "ARIZ", "113": "ARIZ", "114": "ARIZ", "115": "ARIZ", "116": "ARIZ", "117": "ARIZ", "118": "ARIZ", "119": "ARIZ", "120": "ARIZ", "121": "ARIZ", "122": "ARIZ", "123": "ARIZ", "124": "ARIZ", "125": "ARIZ", "126": "ARIZ", "127": "ARIZ", "128": "ARIZ", "129": "ARIZ", "130": "ARIZ", "131": "ARIZ", "132": "ARIZ", "133": "ARIZ", "134": "ARIZ", "135": "ARIZ", "136": "ARIZ", "137": "ARIZ", "138": "ARIZ", "139": "ARIZ", "140": "ARIZ", "141": "ARIZ", "142": "ARIZ", "143": "ARIZ", "144": "ARIZ", "145": "ARIZ", "146": "ARIZ", "147": "ARIZ", "148": "ARIZ", "149": "ARIZ", "150": "ARIZ", "151": "ARIZ", "152": "ARIZ", "153": "ARIZ", "154": "ARIZ", "155": "ARIZ", "156": "ARIZ", "157": "ARIZ", "158": "ARIZ", "159": "ARIZ", "160": "ARIZ", "161": "ARIZ", "162": "ARIZ", "163": "ARIZ", "164": "ARIZ", "165": "ARIZ", "166": "ARIZ", "167": "ARIZ", "168": "ARIZ", "169": "ARIZ", "170": "ARIZ", "171": "ARIZ", "172": "ARIZ", "173": "ARIZ", "174": "ARIZ", "175": "ARIZ", "176": "ARIZ", "177": "ARIZ", "178": "ARIZ", "179": "ARIZ", "180": "ARIZ", "181": "ARIZ", "182": "ARIZ", "183": "ARIZ", "184": "ARIZ", "185": "ARIZ", "186": "ARIZ", "187": "ARIZ", "188": "ARIZ", "189": "ARIZ", "190": "ARIZ", "191": "ARIZ", "192": "ARIZ", "193": "ARIZ", "194": "ARIZ", "195": "ARIZ", "196": "ARIZ", "197": "ARIZ", "198": "ARIZ", "199": "ARIZ", "200": "ARIZ", "201": "ARIZ", "202": "ARIZ", "203": "ARIZ", "204": "ARIZ", "205": "ARIZ", "206": "ARIZ", "207": "ARIZ", "208": "ARIZ", "209": "ARIZ", "210": "ARIZ", "211": "ARIZ", "212": "ARIZ", "213": "ARIZ", "214": "ARIZ", "215": "ARIZ", "216": "ARIZ", "217": "ARIZ", "218": "ARIZ", "219": "ARIZ", "220": "ARIZ", "221": "ARIZ", "222": "ARIZ", "223": "ARIZ", "224": "ARIZ", "225": "ARIZ", "226": "ARIZ", "227": "ARIZ", "228": "ARIZ", "229": "ARIZ", "230": "ARIZ", "231": "ARIZ", "232": "ARIZ", "233": "ARIZ", "234": "ARIZ", "235": "ARIZ", "236": "ARIZ", "237": "ARIZ", "238": "ARIZ", "239": "ARIZ", "240": "ARIZ", "241": "ARIZ", "242": "ARIZ", "243": "ARIZ", "244": "ARIZ", "245": "ARIZ", "246": "ARIZ", "247": "ARIZ", "248": "ARIZ", "249": "ARIZ", "250": "ARIZ", "251": "ARIZ", "252": "ARIZ", "253": "ARIZ", "254": "ARIZ", "255": "ARIZ", "256": "ARIZ", "257": "ARIZ", "258": "ARIZ", "259": "ARIZ", "260": "ARIZ", "261": "ARIZ", "262": "ARIZ", "263": "ARIZ", "264": "ARIZ", "265": "ARIZ", "266": "ARIZ", "267": "ARIZ", "268": "ARIZ", "269": "ARIZ", "270": "ARIZ", "271": "ARIZ", "272": "ARIZ", "273": "ARIZ", "274": "ARIZ", "275": "ARIZ", "276": "ARIZ", "277": "ARIZ", "278": "ARIZ", "279": "ARIZ", "280": "ARIZ", "281": "ARIZ", "282": "ARIZ", "283": "ARIZ", "284": "ARIZ", "285": "ARIZ", "286": "ARIZ", "287": "ARIZ", "288": "ARIZ", "289": "ARIZ", "290": "ARIZ", "291": "ARIZ", "292": "ARIZ", "293": "ARIZ", "294": "ARIZ", "295": "ARIZ", "296": "ARIZ", "297": "ARIZ", "298": "ARIZ", "299": "ARIZ", "300": "ARIZ", "301": "ARIZ", "302": "ARIZ", "303": "ARIZ", "304": "ARIZ", "305": "ARIZ", "306": "ARIZ", "307": "ARIZ", "308": "ARIZ", "309": "ARIZ", "310": "ARIZ", "311": "ARIZ", "312": "ARIZ", "313": "ARIZ", "314": "ARIZ", "315": "ARIZ", "316": "ARIZ", "317": "ARIZ", "318": "ARIZ", "319": "ARIZ", "320": "ARIZ", "321": "ARIZ", "322": "ARIZ", "323": "ARIZ", "324": "ARIZ", "325": "ARIZ", "326": "ARIZ", "327": "ARIZ", "328": "ARIZ", "329": "ARIZ", "330": "ARIZ", "331": "ARIZ", "332": "ARIZ", "333": "ARIZ", "334": "ARIZ", "335": "ARIZ", "336": "ARIZ", "337": "ARIZ", "338": "ARIZ", "339": "ARIZ", "340": "ARIZ", "341": "ARIZ", "342": "ARIZ", "343": "ARIZ", "344": "ARIZ", "345": "ARIZ", "346": "ARIZ", "347": "ARIZ", "348": "ARIZ", "349": "ARIZ", "350": "ARIZ", "351": "ARIZ", "352": "ARIZ", "353": "ARIZ", "354": "ARIZ", "355": "ARIZ", "356": "ARIZ", "357": "ARIZ", "358": "ARIZ", "359": "ARIZ", "360": "ARIZ", "361": "ARIZ", "362": "ARIZ", "363": "ARIZ", "364": "ARIZ", "365": "ARIZ", "366": "ARIZ", "367": "ARIZ", "368": "ARIZ", "369": "ARIZ", "370": "ARIZ", "371": "ARIZ", "372": "ARIZ", "373": "ARIZ", "374": "ARIZ", "375": "ARIZ", "376": "ARIZ", "377": "ARIZ", "378": "ARIZ", "379": "ARIZ", "380": "ARIZ", "381": "ARIZ", "382": "ARIZ", "383": "ARIZ", "384": "ARIZ", "385": "ARIZ", "386": "ARIZ", "387": "ARIZ", "388": "ARIZ", "389": "ARIZ"}, "date": {"0": "2021-12-09", "1": "2021-12-10", "2": "2021-12-13", "3": "2021-12-14", "4": "2021-12-15", "5": "2021-12-16", "6": "2021-12-17", "7": "2021-12-20", "8": "2021-12-21", "9": "2021-12-22", "10": "2021-12-23", "11": "2021-12-27", "12": "2021-12-28", "13": "2021-12-29", "14": "2021-12-30", "15": "2021-12-31", "16": "2022-01-03", "17": "2022-01-04", "18": "2022-01-05", "19": "2022-01-06", "20": "2022-01-07", "21": "2022-01-10", "22": "2022-01-11", "23": "2022-01-12", "24": "2022-01-13", "25": "2022-01-14", "26": "2022-01-18", "27": "2022-01-19", "28": "2022-01-20", "29": "2022-01-21", "30": "2022-01-24", "31": "2022-01-25", "32": "2022-01-26", "33": "2022-01-27", "34": "2022-01-28", "35": "2022-01-31", "36": "2022-02-01", "37": "2022-02-02", "38": "2022-02-03", "39": "2022-02-04", "40": "2022-02-07", "41": "2022-02-08", "42": "2022-02-09", "43": "2022-02-10", "44": "2022-02-11", "45": "2022-02-14", "46": "2022-02-15", "47": "2022-02-16", "48": "2022-02-17", "49": "2022-02-18", "50": "2022-02-22", "51": "2022-02-23", "52": "2022-02-24", "53": "2022-02-25", "54": "2022-02-28", "55": "2022-03-01", "56": "2022-03-02", "57": "2022-03-03", "58": "2022-03-04", "59": "2022-03-07", "60": "2022-03-08", "61": "2022-03-09", "62": "2022-03-10", "63": "2022-03-11", "64": "2022-03-14", "65": "2022-03-15", "66": "2022-03-16", "67": "2022-03-17", "68": "2022-03-18", "69": "2022-03-21", "70": "2022-03-22", "71": "2022-03-23", "72": "2022-03-24", "73": "2022-03-25", "74": "2022-03-28", "75": "2022-03-29", "76": "2022-03-30", "77": "2022-03-31", "78": "2022-04-01", "79": "2022-04-04", "80": "2022-04-05", "81": "2022-04-06", "82": "2022-04-07", "83": "2022-04-08", "84": "2022-04-11", "85": "2022-04-12", "86": "2022-04-13", "87": "2022-04-14", "88": "2022-04-18", "89": "2022-04-19", "90": "2022-04-20", "91": "2022-04-21", "92": "2022-04-22", "93": "2022-04-25", "94": "2022-04-26", "95": "2022-04-27", "96": "2022-04-28", "97": "2022-04-29", "98": "2022-05-02", "99": "2022-05-03", "100": "2022-05-04", "101": "2022-05-05", "102": "2022-05-06", "103": "2022-05-09", "104": "2022-05-10", "105": "2022-05-11", "106": "2022-05-12", "107": "2022-05-13", "108": "2022-05-16", "109": "2022-05-17", "110": "2022-05-18", "111": "2022-05-19", "112": "2022-05-20", "113": "2022-05-23", "114": "2022-05-24", "115": "2022-05-25", "116": "2022-05-26", "117": "2022-05-27", "118": "2022-05-31", "119": "2022-06-01", "120": "2022-06-02", "121": "2022-06-03", "122": "2022-06-06", "123": "2022-06-07", "124": "2022-06-08", "125": "2022-06-09", "126": "2022-06-10", "127": "2022-06-13", "128": "2022-06-14", "129": "2022-06-15", "130": "2022-06-16", "131": "2022-06-17", "132": "2022-06-21", "133": "2022-06-22", "134": "2022-06-23", "135": "2022-06-24", "136": "2022-06-27", "137": "2022-06-28", "138": "2022-06-29", "139": "2022-06-30", "140": "2022-07-01", "141": "2022-07-05", "142": "2022-07-06", "143": "2022-07-07", "144": "2022-07-08", "145": "2022-07-11", "146": "2022-07-12", "147": "2022-07-13", "148": "2022-07-14", "149": "2022-07-15", "150": "2022-07-18", "151": "2022-07-19", "152": "2022-07-20", "153": "2022-07-21", "154": "2022-07-22", "155": "2022-07-25", "156": "2022-07-26", "157": "2022-07-27", "158": "2022-07-28", "159": "2022-07-29", "160": "2022-08-01", "161": "2022-08-02", "162": "2022-08-03", "163": "2022-08-04", "164": "2022-08-05", "165": "2022-08-08", "166": "2022-08-09", "167": "2022-08-10", "168": "2022-08-11", "169": "2022-08-12", "170": "2022-08-15", "171": "2022-08-16", "172": "2022-08-17", "173": "2022-08-18", "174": "2022-08-19", "175": "2022-08-22", "176": "2022-08-23", "177": "2022-08-24", "178": "2022-08-25", "179": "2022-08-26", "180": "2022-08-29", "181": "2022-08-30", "182": "2022-08-31", "183": "2022-09-01", "184": "2022-09-02", "185": "2022-09-06", "186": "2022-09-07", "187": "2022-09-08", "188": "2022-09-09", "189": "2022-09-12", "190": "2022-09-13", "191": "2022-09-14", "192": "2022-09-15", "193": "2022-09-16", "194": "2022-09-19", "195": "2022-09-20", "196": "2022-09-21", "197": "2022-09-22", "198": "2022-09-23", "199": "2022-09-26", "200": "2022-09-27", "201": "2022-09-28", "202": "2022-09-29", "203": "2022-09-30", "204": "2022-10-03", "205": "2022-10-04", "206": "2022-10-05", "207": "2022-10-06", "208": "2022-10-07", "209": "2022-10-10", "210": "2022-10-11", "211": "2022-10-12", "212": "2022-10-13", "213": "2022-10-14", "214": "2022-10-17", "215": "2022-10-18", "216": "2022-10-19", "217": "2022-10-20", "218": "2022-10-21", "219": "2022-10-24", "220": "2022-10-25", "221": "2022-10-26", "222": "2022-10-27", "223": "2022-10-28", "224": "2022-10-31", "225": "2022-11-01", "226": "2022-11-02", "227": "2022-11-03", "228": "2022-11-04", "229": "2022-11-07", "230": "2022-11-08", "231": "2022-11-09", "232": "2022-11-10", "233": "2022-11-11", "234": "2022-11-14", "235": "2022-11-15", "236": "2022-11-16", "237": "2022-11-17", "238": "2022-11-18", "239": "2022-11-21", "240": "2022-11-22", "241": "2022-11-23", "242": "2022-11-25", "243": "2022-11-28", "244": "2022-11-29", "245": "2022-11-30", "246": "2022-12-01", "247": "2022-12-02", "248": "2022-12-05", "249": "2022-12-06", "250": "2022-12-07", "251": "2022-12-08", "252": "2022-12-09", "253": "2022-12-12", "254": "2022-12-13", "255": "2022-12-14", "256": "2022-12-15", "257": "2022-12-16", "258": "2022-12-19", "259": "2022-12-20", "260": "2022-12-21", "261": "2022-12-22", "262": "2022-12-23", "263": "2022-12-27", "264": "2022-12-28", "265": "2022-12-29", "266": "2022-12-30", "267": "2023-01-03", "268": "2023-01-04", "269": "2023-01-05", "270": "2023-01-06", "271": "2023-01-09", "272": "2023-01-10", "273": "2023-01-11", "274": "2023-01-12", "275": "2023-01-13", "276": "2023-01-17", "277": "2023-01-18", "278": "2023-01-19", "279": "2023-01-20", "280": "2023-01-23", "281": "2023-01-24", "282": "2023-01-25", "283": "2023-01-26", "284": "2023-01-27", "285": "2023-01-30", "286": "2023-01-31", "287": "2023-02-01", "288": "2023-02-02", "289": "2023-02-03", "290": "2023-02-06", "291": "2023-02-07", "292": "2023-02-08", "293": "2023-02-09", "294": "2023-02-10", "295": "2023-02-13", "296": "2023-02-14", "297": "2023-02-15", "298": "2023-02-16", "299": "2023-02-17", "300": "2023-02-21", "301": "2023-02-22", "302": "2023-02-23", "303": "2023-02-24", "304": "2023-02-27", "305": "2023-02-28", "306": "2023-03-01", "307": "2023-03-02", "308": "2023-03-03", "309": "2023-03-06", "310": "2023-03-07", "311": "2023-03-08", "312": "2023-03-09", "313": "2023-03-10", "314": "2023-03-13", "315": "2023-03-14", "316": "2023-03-15", "317": "2023-03-16", "318": "2023-03-17", "319": "2023-03-20", "320": "2023-03-21", "321": "2023-03-22", "322": "2023-03-23", "323": "2023-03-24", "324": "2023-03-27", "325": "2023-03-28", "326": "2023-03-29", "327": "2023-03-30", "328": "2023-03-31", "329": "2023-04-03", "330": "2023-04-04", "331": "2023-04-05", "332": "2023-04-06", "333": "2023-04-10", "334": "2023-04-11", "335": "2023-04-12", "336": "2023-04-13", "337": "2023-04-14", "338": "2023-04-17", "339": "2023-04-18", "340": "2023-04-19", "341": "2023-04-20", "342": "2023-04-21", "343": "2023-04-24", "344": "2023-04-25", "345": "2023-04-26", "346": "2023-04-27", "347": "2023-04-28", "348": "2023-05-01", "349": "2023-05-02", "350": "2023-05-03", "351": "2023-05-04", "352": "2023-05-05", "353": "2023-05-08", "354": "2023-05-09", "355": "2023-05-10", "356": "2023-05-11", "357": "2023-05-12", "358": "2023-05-15", "359": "2023-05-16", "360": "2023-05-17", "361": "2023-05-18", "362": "2023-05-19", "363": "2023-05-22", "364": "2023-05-23", "365": "2023-05-24", "366": "2023-05-25", "367": "2023-05-26", "368": "2023-05-30", "369": "2023-05-31", "370": "2023-06-01", "371": "2023-06-02", "372": "2023-06-05", "373": "2023-06-06", "374": "2023-06-07", "375": "2023-06-08", "376": "2023-06-09", "377": "2023-06-12", "378": "2023-06-13", "379": "2023-06-14", "380": "2023-06-15", "381": "2023-06-16", "382": "2023-06-20", "383": "2023-06-21", "384": "2023-06-22", "385": "2023-06-23", "386": "2023-06-26", "387": "2023-06-27", "388": "2023-06-28", "389": "2023-06-29"}, "open": {"0": 9.819999694824219, "1": 9.699999809265137, "2": 9.720000267028809, "3": 9.720000267028809, "4": 9.720000267028809, "5": 9.720000267028809, "6": 9.699999809265137, "7": 9.699999809265137, "8": 9.720000267028809, "9": 9.75, "10": 9.75, "11": 9.75, "12": 9.75, "13": 9.739999771118164, "14": 9.741000175476074, "15": 9.739999771118164, "16": 9.760000228881836, "17": 9.760000228881836, "18": 9.75, "19": 9.75, "20": 9.75, "21": 9.739999771118164, "22": 9.739999771118164, "23": 9.739999771118164, "24": 9.75, "25": 9.75, "26": 9.75, "27": 9.75, "28": 9.75, "29": 9.75, "30": 9.739999771118164, "31": 9.850000381469727, "32": 9.800000190734863, "33": 9.8100004196167, "34": 9.8100004196167, "35": 9.84000015258789, "36": 9.779999732971191, "37": 9.800999641418457, "38": 9.779999732971191, "39": 9.8100004196167, "40": 9.829999923706055, "41": 9.812999725341797, "42": 9.8149995803833, "43": 9.800000190734863, "44": 9.800000190734863, "45": 9.800000190734863, "46": 9.800000190734863, "47": 9.800000190734863, "48": 9.800000190734863, "49": 9.795999526977539, "50": 9.819999694824219, "51": 9.807000160217285, "52": 9.779999732971191, "53": 9.779999732971191, "54": 9.779999732971191, "55": 9.779999732971191, "56": 9.779999732971191, "57": 9.779999732971191, "58": 9.779999732971191, "59": 9.779999732971191, "60": 9.789999961853027, "61": 9.779999732971191, "62": 9.779999732971191, "63": 9.779999732971191, "64": 9.779999732971191, "65": 9.800000190734863, "66": 9.800000190734863, "67": 9.800000190734863, "68": 9.800000190734863, "69": 9.800000190734863, "70": 9.800000190734863, "71": 9.800000190734863, "72": 9.800000190734863, "73": 9.789999961853027, "74": 9.789999961853027, "75": 9.789999961853027, "76": 9.800000190734863, "77": 9.84000015258789, "78": 9.8100004196167, "79": 9.819999694824219, "80": 9.829999923706055, "81": 9.835000038146973, "82": 9.829999923706055, "83": 9.835000038146973, "84": 9.829999923706055, "85": 9.84000015258789, "86": 9.84000015258789, "87": 9.84000015258789, "88": 9.84000015258789, "89": 9.850000381469727, "90": 9.859999656677246, "91": 9.859999656677246, "92": 9.859999656677246, "93": 9.859999656677246, "94": 9.859999656677246, "95": 9.869999885559082, "96": 9.829999923706055, "97": 9.829999923706055, "98": 9.829999923706055, "99": 9.829999923706055, "100": 9.880000114440918, "101": 9.880000114440918, "102": 9.880000114440918, "103": 9.859999656677246, "104": 9.850000381469727, "105": 9.850000381469727, "106": 9.850000381469727, "107": 9.84000015258789, "108": 9.84000015258789, "109": 9.84000015258789, "110": 9.835000038146973, "111": 9.829999923706055, "112": 9.829999923706055, "113": 9.84000015258789, "114": 9.845000267028809, "115": 9.845000267028809, "116": 9.84000015258789, "117": 9.850000381469727, "118": 9.850000381469727, "119": 9.850000381469727, "120": 9.880000114440918, "121": 9.890000343322754, "122": 9.850000381469727, "123": 9.890000343322754, "124": 9.869999885559082, "125": 9.869999885559082, "126": 9.869999885559082, "127": 9.859999656677246, "128": 9.859999656677246, "129": 9.859999656677246, "130": 9.859999656677246, "131": 9.859999656677246, "132": 9.859999656677246, "133": 9.890000343322754, "134": 9.890000343322754, "135": 9.890000343322754, "136": 9.890000343322754, "137": 9.890000343322754, "138": 9.890000343322754, "139": 9.890000343322754, "140": 9.890000343322754, "141": 9.890000343322754, "142": 9.869999885559082, "143": 9.869999885559082, "144": 9.869999885559082, "145": 9.869999885559082, "146": 9.869999885559082, "147": 9.869999885559082, "148": 9.880000114440918, "149": 9.899999618530273, "150": 9.920000076293945, "151": 9.899999618530273, "152": 9.899999618530273, "153": 9.899999618530273, "154": 9.920000076293945, "155": 9.90999984741211, "156": 9.899999618530273, "157": 9.899999618530273, "158": 9.899999618530273, "159": 9.899999618530273, "160": 9.90999984741211, "161": 9.90999984741211, "162": 9.899999618530273, "163": 9.90999984741211, "164": 9.90999984741211, "165": 9.90999984741211, "166": 9.90999984741211, "167": 9.90999984741211, "168": 9.90999984741211, "169": 9.899999618530273, "170": 9.899999618530273, "171": 9.899999618530273, "172": 9.899999618530273, "173": 9.880000114440918, "174": 9.880000114440918, "175": 9.880000114440918, "176": 9.880000114440918, "177": 9.880000114440918, "178": 9.880000114440918, "179": 9.880000114440918, "180": 9.90999984741211, "181": 9.899999618530273, "182": 9.899999618530273, "183": 9.899999618530273, "184": 9.90999984741211, "185": 9.90999984741211, "186": 9.90999984741211, "187": 9.90999984741211, "188": 9.90999984741211, "189": 9.899999618530273, "190": 9.899999618530273, "191": 9.899999618530273, "192": 9.899999618530273, "193": 9.899999618530273, "194": 9.899999618530273, "195": 9.899999618530273, "196": 9.899999618530273, "197": 9.9350004196167, "198": 9.920000076293945, "199": 9.90999984741211, "200": 9.899999618530273, "201": 9.90999984741211, "202": 9.90999984741211, "203": 9.930000305175781, "204": 9.930000305175781, "205": 9.925000190734863, "206": 9.930000305175781, "207": 9.930000305175781, "208": 9.920000076293945, "209": 9.920000076293945, "210": 9.920000076293945, "211": 9.920000076293945, "212": 9.920000076293945, "213": 9.920000076293945, "214": 9.920000076293945, "215": 9.920000076293945, "216": 9.920000076293945, "217": 9.920000076293945, "218": 9.920000076293945, "219": 9.920000076293945, "220": 9.9399995803833, "221": 9.979999542236328, "222": 9.979999542236328, "223": 9.979999542236328, "224": 9.996999740600586, "225": 9.996999740600586, "226": 9.979999542236328, "227": 9.979999542236328, "228": 9.979999542236328, "229": 9.979999542236328, "230": 9.979999542236328, "231": 9.979999542236328, "232": 9.979999542236328, "233": 9.979999542236328, "234": 9.989999771118164, "235": 9.979999542236328, "236": 9.979999542236328, "237": 9.989999771118164, "238": 9.989999771118164, "239": 9.989999771118164, "240": 9.989999771118164, "241": 9.989999771118164, "242": 9.989999771118164, "243": 10.020000457763672, "244": 10.020000457763672, "245": 9.989999771118164, "246": 9.989999771118164, "247": 9.989999771118164, "248": 9.989999771118164, "249": 9.989999771118164, "250": 9.989999771118164, "251": 9.989999771118164, "252": 9.989999771118164, "253": 9.989999771118164, "254": 9.989999771118164, "255": 9.989999771118164, "256": 9.979999542236328, "257": 10.0, "258": 10.010000228881836, "259": 10.010000228881836, "260": 10.020000457763672, "261": 10.050000190734863, "262": 10.020000457763672, "263": 10.029999732971191, "264": 10.039999961853027, "265": 10.140000343322754, "266": 10.100000381469727, "267": 10.119999885559082, "268": 10.109999656677246, "269": 10.1899995803833, "270": 10.1899995803833, "271": 10.109999656677246, "272": 10.119999885559082, "273": 10.130000114440918, "274": 10.130000114440918, "275": 10.149999618530273, "276": 10.170000076293945, "277": 10.15999984741211, "278": 10.15999984741211, "279": 10.170000076293945, "280": 10.170000076293945, "281": 10.170000076293945, "282": 10.180000305175781, "283": 10.199999809265137, "284": 10.1899995803833, "285": 10.199999809265137, "286": 10.199999809265137, "287": 10.1899995803833, "288": 10.1899995803833, "289": 10.1899995803833, "290": 10.1899995803833, "291": 10.199999809265137, "292": 10.204999923706055, "293": 10.229999542236328, "294": 10.210000038146973, "295": 10.210000038146973, "296": 10.220000267028809, "297": 10.220000267028809, "298": 10.220000267028809, "299": 10.25, "300": 10.225000381469727, "301": 10.239999771118164, "302": 10.25, "303": 10.270000457763672, "304": 10.270000457763672, "305": 10.270000457763672, "306": 10.270000457763672, "307": 10.279999732971191, "308": 10.289999961853027, "309": 10.289999961853027, "310": 10.289999961853027, "311": 10.300000190734863, "312": 10.300000190734863, "313": 10.300000190734863, "314": 10.289999961853027, "315": 10.289999961853027, "316": 10.289999961853027, "317": 10.289999961853027, "318": 10.329999923706055, "319": 10.329999923706055, "320": 10.329999923706055, "321": 10.329999923706055, "322": 10.34000015258789, "323": 10.34000015258789, "324": 10.34000015258789, "325": 10.34000015258789, "326": 10.300000190734863, "327": 10.300000190734863, "328": 10.300000190734863, "329": 10.300000190734863, "330": 10.300000190734863, "331": 10.300000190734863, "332": 10.300000190734863, "333": 10.300000190734863, "334": 10.34000015258789, "335": 10.329999923706055, "336": 10.359999656677246, "337": 10.369999885559082, "338": 10.390000343322754, "339": 10.369999885559082, "340": 10.380000114440918, "341": 10.40999984741211, "342": 10.40999984741211, "343": 10.40999984741211, "344": 10.40999984741211, "345": 10.420000076293945, "346": 10.449999809265137, "347": 10.40999984741211, "348": 10.425000190734863, "349": 10.430000305175781, "350": 10.4399995803833, "351": 10.4399995803833, "352": 10.454999923706055, "353": 10.460000038146973, "354": 10.449999809265137, "355": 10.460000038146973, "356": 10.621999740600586, "357": 10.494999885559082, "358": 10.5, "359": 10.460000038146973, "360": 10.489999771118164, "361": 10.520000457763672, "362": 10.800000190734863, "363": 10.59000015258789, "364": 10.5, "365": 10.800000190734863, "366": 11.083999633789062, "367": 10.510000228881836, "368": 10.510000228881836, "369": 10.550000190734863, "370": 10.510000228881836, "371": 10.630000114440918, "372": 11.206000328063965, "373": 10.96500015258789, "374": 10.5, "375": 10.630000114440918, "376": 10.529999732971191, "377": 10.529999732971191, "378": 10.529999732971191, "379": 10.529999732971191, "380": 10.529999732971191, "381": 10.600000381469727, "382": 10.600000381469727, "383": 10.600000381469727, "384": 10.600000381469727, "385": 10.529999732971191, "386": 10.529999732971191, "387": 10.949999809265137, "388": 10.569999694824219, "389": 10.529999732971191}, "high": {"0": 9.819999694824219, "1": 9.720000267028809, "2": 9.720000267028809, "3": 9.720000267028809, "4": 9.720000267028809, "5": 9.720000267028809, "6": 9.704999923706055, "7": 9.710000038146973, "8": 9.720000267028809, "9": 9.75, "10": 9.75, "11": 9.75, "12": 9.75, "13": 9.739999771118164, "14": 9.741000175476074, "15": 9.760000228881836, "16": 9.760000228881836, "17": 9.760000228881836, "18": 9.789999961853027, "19": 9.760000228881836, "20": 9.75, "21": 9.739999771118164, "22": 9.739999771118164, "23": 9.739999771118164, "24": 9.75, "25": 9.75, "26": 9.75, "27": 9.75, "28": 9.75, "29": 9.75, "30": 9.739999771118164, "31": 9.850000381469727, "32": 9.800000190734863, "33": 9.850000381469727, "34": 9.84000015258789, "35": 9.84000015258789, "36": 9.800999641418457, "37": 9.800999641418457, "38": 9.821000099182129, "39": 9.829999923706055, "40": 9.829999923706055, "41": 9.8149995803833, "42": 9.8149995803833, "43": 9.8149995803833, "44": 9.800000190734863, "45": 9.800000190734863, "46": 9.800000190734863, "47": 9.800000190734863, "48": 9.800000190734863, "49": 9.795999526977539, "50": 9.819999694824219, "51": 9.807000160217285, "52": 9.779999732971191, "53": 9.779999732971191, "54": 9.779999732971191, "55": 9.779999732971191, "56": 9.779999732971191, "57": 9.779999732971191, "58": 9.779999732971191, "59": 9.779999732971191, "60": 9.789999961853027, "61": 9.779999732971191, "62": 9.779999732971191, "63": 9.779999732971191, "64": 9.779999732971191, "65": 9.800000190734863, "66": 9.800000190734863, "67": 9.800000190734863, "68": 9.800000190734863, "69": 9.800000190734863, "70": 9.800000190734863, "71": 9.800000190734863, "72": 9.800000190734863, "73": 9.789999961853027, "74": 9.789999961853027, "75": 9.8100004196167, "76": 9.800000190734863, "77": 9.84000015258789, "78": 9.8100004196167, "79": 9.829999923706055, "80": 9.84000015258789, "81": 9.84000015258789, "82": 9.835000038146973, "83": 9.835000038146973, "84": 9.833999633789062, "85": 9.84000015258789, "86": 9.84000015258789, "87": 9.84000015258789, "88": 9.850000381469727, "89": 9.850000381469727, "90": 9.859999656677246, "91": 9.859999656677246, "92": 9.859999656677246, "93": 9.859999656677246, "94": 9.859999656677246, "95": 9.869999885559082, "96": 9.829999923706055, "97": 9.829999923706055, "98": 9.829999923706055, "99": 9.829999923706055, "100": 9.880000114440918, "101": 9.880000114440918, "102": 9.880000114440918, "103": 9.859999656677246, "104": 9.850000381469727, "105": 9.850000381469727, "106": 9.850000381469727, "107": 9.84000015258789, "108": 9.84000015258789, "109": 9.84000015258789, "110": 9.835000038146973, "111": 9.829999923706055, "112": 9.829999923706055, "113": 9.845000267028809, "114": 9.845000267028809, "115": 9.845000267028809, "116": 9.859999656677246, "117": 9.850000381469727, "118": 9.857000350952148, "119": 9.850000381469727, "120": 9.880000114440918, "121": 9.890000343322754, "122": 9.850000381469727, "123": 9.890000343322754, "124": 9.869999885559082, "125": 9.869999885559082, "126": 9.869999885559082, "127": 9.859999656677246, "128": 9.859999656677246, "129": 9.859999656677246, "130": 9.859999656677246, "131": 9.859999656677246, "132": 9.859999656677246, "133": 9.890000343322754, "134": 9.890000343322754, "135": 9.890000343322754, "136": 9.890000343322754, "137": 9.890000343322754, "138": 9.890000343322754, "139": 9.890000343322754, "140": 9.890000343322754, "141": 9.890000343322754, "142": 9.869999885559082, "143": 9.869999885559082, "144": 9.869999885559082, "145": 9.869999885559082, "146": 9.869999885559082, "147": 9.880000114440918, "148": 9.880000114440918, "149": 9.9399995803833, "150": 9.920000076293945, "151": 9.899999618530273, "152": 9.899999618530273, "153": 9.899999618530273, "154": 9.920000076293945, "155": 9.920000076293945, "156": 9.90999984741211, "157": 9.899999618530273, "158": 9.899999618530273, "159": 9.899999618530273, "160": 9.90999984741211, "161": 9.90999984741211, "162": 9.90999984741211, "163": 9.90999984741211, "164": 9.90999984741211, "165": 9.90999984741211, "166": 9.90999984741211, "167": 9.90999984741211, "168": 9.90999984741211, "169": 9.90999984741211, "170": 9.899999618530273, "171": 9.899999618530273, "172": 9.899999618530273, "173": 9.880000114440918, "174": 9.880000114440918, "175": 9.880000114440918, "176": 9.880000114440918, "177": 9.880000114440918, "178": 9.880000114440918, "179": 9.880000114440918, "180": 9.920000076293945, "181": 9.899999618530273, "182": 9.899999618530273, "183": 9.90999984741211, "184": 9.90999984741211, "185": 9.90999984741211, "186": 9.90999984741211, "187": 9.90999984741211, "188": 9.90999984741211, "189": 9.899999618530273, "190": 9.899999618530273, "191": 9.899999618530273, "192": 9.899999618530273, "193": 9.899999618530273, "194": 9.899999618530273, "195": 9.899999618530273, "196": 9.899999618530273, "197": 9.9350004196167, "198": 9.920000076293945, "199": 9.90999984741211, "200": 9.90999984741211, "201": 9.90999984741211, "202": 9.90999984741211, "203": 9.930000305175781, "204": 9.930000305175781, "205": 9.930000305175781, "206": 9.930000305175781, "207": 9.930000305175781, "208": 9.920000076293945, "209": 9.920000076293945, "210": 9.939000129699707, "211": 9.920000076293945, "212": 9.920000076293945, "213": 9.920000076293945, "214": 9.920000076293945, "215": 9.920000076293945, "216": 9.920000076293945, "217": 9.920000076293945, "218": 9.920000076293945, "219": 9.920000076293945, "220": 9.979999542236328, "221": 9.979999542236328, "222": 9.979999542236328, "223": 9.979999542236328, "224": 9.996999740600586, "225": 9.996999740600586, "226": 9.989999771118164, "227": 9.979999542236328, "228": 9.979999542236328, "229": 9.979999542236328, "230": 9.979999542236328, "231": 9.979999542236328, "232": 9.979999542236328, "233": 9.979999542236328, "234": 9.989999771118164, "235": 9.979999542236328, "236": 9.979999542236328, "237": 9.989999771118164, "238": 9.989999771118164, "239": 9.989999771118164, "240": 9.989999771118164, "241": 9.989999771118164, "242": 9.989999771118164, "243": 10.020000457763672, "244": 10.020000457763672, "245": 9.989999771118164, "246": 9.989999771118164, "247": 9.989999771118164, "248": 9.989999771118164, "249": 9.989999771118164, "250": 9.989999771118164, "251": 9.989999771118164, "252": 9.989999771118164, "253": 9.989999771118164, "254": 9.989999771118164, "255": 9.989999771118164, "256": 9.979999542236328, "257": 10.020000457763672, "258": 10.020000457763672, "259": 10.020000457763672, "260": 10.020000457763672, "261": 10.050000190734863, "262": 10.020000457763672, "263": 10.029999732971191, "264": 10.039999961853027, "265": 10.140000343322754, "266": 10.100000381469727, "267": 10.119999885559082, "268": 10.1899995803833, "269": 10.1899995803833, "270": 10.1899995803833, "271": 10.119999885559082, "272": 10.125, "273": 10.130000114440918, "274": 10.130000114440918, "275": 10.149999618530273, "276": 10.170000076293945, "277": 10.164999961853027, "278": 10.170000076293945, "279": 10.170000076293945, "280": 10.180000305175781, "281": 10.180000305175781, "282": 10.199999809265137, "283": 10.199999809265137, "284": 10.199999809265137, "285": 10.199999809265137, "286": 10.199999809265137, "287": 10.1899995803833, "288": 10.1899995803833, "289": 10.1899995803833, "290": 10.1899995803833, "291": 10.199999809265137, "292": 10.239999771118164, "293": 10.229999542236328, "294": 10.220000267028809, "295": 10.210000038146973, "296": 10.220000267028809, "297": 10.220000267028809, "298": 10.220000267028809, "299": 10.25, "300": 10.239999771118164, "301": 10.260000228881836, "302": 10.270000457763672, "303": 10.270000457763672, "304": 10.270000457763672, "305": 10.270000457763672, "306": 10.270000457763672, "307": 10.289999961853027, "308": 10.289999961853027, "309": 10.289999961853027, "310": 10.289999961853027, "311": 10.300000190734863, "312": 10.300000190734863, "313": 10.300000190734863, "314": 10.289999961853027, "315": 10.289999961853027, "316": 10.289999961853027, "317": 10.289999961853027, "318": 10.329999923706055, "319": 10.329999923706055, "320": 10.329999923706055, "321": 10.329999923706055, "322": 10.34000015258789, "323": 10.34000015258789, "324": 10.34000015258789, "325": 10.34000015258789, "326": 10.300000190734863, "327": 10.300000190734863, "328": 10.300000190734863, "329": 10.300000190734863, "330": 10.300000190734863, "331": 10.300000190734863, "332": 10.300000190734863, "333": 10.300000190734863, "334": 10.350000381469727, "335": 10.329999923706055, "336": 10.359999656677246, "337": 10.369999885559082, "338": 10.390000343322754, "339": 10.380000114440918, "340": 10.489999771118164, "341": 10.430000305175781, "342": 10.420000076293945, "343": 10.414999961853027, "344": 10.414999961853027, "345": 10.420000076293945, "346": 10.449999809265137, "347": 10.430000305175781, "348": 10.4350004196167, "349": 10.4399995803833, "350": 10.449999809265137, "351": 10.456000328063965, "352": 10.470000267028809, "353": 10.470000267028809, "354": 10.468000411987305, "355": 10.694999694824219, "356": 10.621999740600586, "357": 10.494999885559082, "358": 10.5, "359": 10.550000190734863, "360": 10.505999565124512, "361": 10.539999961853027, "362": 10.800000190734863, "363": 11.119999885559082, "364": 11.024999618530273, "365": 10.880000114440918, "366": 11.083999633789062, "367": 10.579999923706055, "368": 11.145000457763672, "369": 11.527000427246094, "370": 11.0649995803833, "371": 10.630000114440918, "372": 11.206000328063965, "373": 10.979999542236328, "374": 10.625, "375": 10.630000114440918, "376": 10.529999732971191, "377": 10.529999732971191, "378": 10.529999732971191, "379": 10.529999732971191, "380": 10.600000381469727, "381": 10.600000381469727, "382": 10.600000381469727, "383": 10.600000381469727, "384": 10.600000381469727, "385": 10.529999732971191, "386": 10.529999732971191, "387": 10.949999809265137, "388": 10.569999694824219, "389": 10.529999732971191}, "low": {"0": 9.710000038146973, "1": 9.699999809265137, "2": 9.720000267028809, "3": 9.699999809265137, "4": 9.720000267028809, "5": 9.720000267028809, "6": 9.699999809265137, "7": 9.699999809265137, "8": 9.720000267028809, "9": 9.75, "10": 9.75, "11": 9.75, "12": 9.75, "13": 9.739999771118164, "14": 9.739999771118164, "15": 9.739999771118164, "16": 9.760000228881836, "17": 9.760000228881836, "18": 9.75, "19": 9.75, "20": 9.75, "21": 9.739999771118164, "22": 9.739999771118164, "23": 9.739999771118164, "24": 9.75, "25": 9.75, "26": 9.75, "27": 9.75, "28": 9.75, "29": 9.75, "30": 9.739999771118164, "31": 9.75, "32": 9.789999961853027, "33": 9.8100004196167, "34": 9.800000190734863, "35": 9.84000015258789, "36": 9.779999732971191, "37": 9.800999641418457, "38": 9.779999732971191, "39": 9.8100004196167, "40": 9.800000190734863, "41": 9.800000190734863, "42": 9.8149995803833, "43": 9.800000190734863, "44": 9.800000190734863, "45": 9.800000190734863, "46": 9.800000190734863, "47": 9.800000190734863, "48": 9.800000190734863, "49": 9.779999732971191, "50": 9.819999694824219, "51": 9.807000160217285, "52": 9.779999732971191, "53": 9.779999732971191, "54": 9.779999732971191, "55": 9.779999732971191, "56": 9.779999732971191, "57": 9.779999732971191, "58": 9.779999732971191, "59": 9.779999732971191, "60": 9.779999732971191, "61": 9.779999732971191, "62": 9.779999732971191, "63": 9.779999732971191, "64": 9.779999732971191, "65": 9.800000190734863, "66": 9.800000190734863, "67": 9.800000190734863, "68": 9.800000190734863, "69": 9.800000190734863, "70": 9.800000190734863, "71": 9.800000190734863, "72": 9.800000190734863, "73": 9.789999961853027, "74": 9.789999961853027, "75": 9.789999961853027, "76": 9.800000190734863, "77": 9.800000190734863, "78": 9.805000305175781, "79": 9.819999694824219, "80": 9.829999923706055, "81": 9.835000038146973, "82": 9.829999923706055, "83": 9.835000038146973, "84": 9.829999923706055, "85": 9.84000015258789, "86": 9.84000015258789, "87": 9.84000015258789, "88": 9.84000015258789, "89": 9.850000381469727, "90": 9.859999656677246, "91": 9.859999656677246, "92": 9.859999656677246, "93": 9.859999656677246, "94": 9.859999656677246, "95": 9.829999923706055, "96": 9.829999923706055, "97": 9.829999923706055, "98": 9.829999923706055, "99": 9.829999923706055, "100": 9.880000114440918, "101": 9.880000114440918, "102": 9.880000114440918, "103": 9.859999656677246, "104": 9.850000381469727, "105": 9.850000381469727, "106": 9.850000381469727, "107": 9.84000015258789, "108": 9.84000015258789, "109": 9.829999923706055, "110": 9.835000038146973, "111": 9.829999923706055, "112": 9.829999923706055, "113": 9.84000015258789, "114": 9.845000267028809, "115": 9.845000267028809, "116": 9.84000015258789, "117": 9.850000381469727, "118": 9.845000267028809, "119": 9.850000381469727, "120": 9.880000114440918, "121": 9.890000343322754, "122": 9.850000381469727, "123": 9.869999885559082, "124": 9.869999885559082, "125": 9.869999885559082, "126": 9.869999885559082, "127": 9.859999656677246, "128": 9.859999656677246, "129": 9.859999656677246, "130": 9.859999656677246, "131": 9.859999656677246, "132": 9.859999656677246, "133": 9.890000343322754, "134": 9.890000343322754, "135": 9.890000343322754, "136": 9.890000343322754, "137": 9.890000343322754, "138": 9.890000343322754, "139": 9.890000343322754, "140": 9.890000343322754, "141": 9.890000343322754, "142": 9.869999885559082, "143": 9.869999885559082, "144": 9.869999885559082, "145": 9.869999885559082, "146": 9.869999885559082, "147": 9.869999885559082, "148": 9.880000114440918, "149": 9.899999618530273, "150": 9.899999618530273, "151": 9.899999618530273, "152": 9.899999618530273, "153": 9.899999618530273, "154": 9.920000076293945, "155": 9.895000457763672, "156": 9.899999618530273, "157": 9.899999618530273, "158": 9.899999618530273, "159": 9.899999618530273, "160": 9.90999984741211, "161": 9.90999984741211, "162": 9.899999618530273, "163": 9.90999984741211, "164": 9.90999984741211, "165": 9.90999984741211, "166": 9.90999984741211, "167": 9.90999984741211, "168": 9.890000343322754, "169": 9.899999618530273, "170": 9.899999618530273, "171": 9.899999618530273, "172": 9.880000114440918, "173": 9.880000114440918, "174": 9.880000114440918, "175": 9.880000114440918, "176": 9.880000114440918, "177": 9.880000114440918, "178": 9.880000114440918, "179": 9.880000114440918, "180": 9.899999618530273, "181": 9.899999618530273, "182": 9.899999618530273, "183": 9.899999618530273, "184": 9.90999984741211, "185": 9.90999984741211, "186": 9.90999984741211, "187": 9.90999984741211, "188": 9.90999984741211, "189": 9.899999618530273, "190": 9.899999618530273, "191": 9.899999618530273, "192": 9.899999618530273, "193": 9.899999618530273, "194": 9.899999618530273, "195": 9.899999618530273, "196": 9.899999618530273, "197": 9.899999618530273, "198": 9.920000076293945, "199": 9.899999618530273, "200": 9.899999618530273, "201": 9.90999984741211, "202": 9.90999984741211, "203": 9.930000305175781, "204": 9.930000305175781, "205": 9.925000190734863, "206": 9.930000305175781, "207": 9.930000305175781, "208": 9.920000076293945, "209": 9.920000076293945, "210": 9.920000076293945, "211": 9.920000076293945, "212": 9.920000076293945, "213": 9.920000076293945, "214": 9.920000076293945, "215": 9.920000076293945, "216": 9.920000076293945, "217": 9.920000076293945, "218": 9.920000076293945, "219": 9.920000076293945, "220": 9.9399995803833, "221": 9.979999542236328, "222": 9.979999542236328, "223": 9.979999542236328, "224": 9.996999740600586, "225": 9.996999740600586, "226": 9.979999542236328, "227": 9.979999542236328, "228": 9.979999542236328, "229": 9.979999542236328, "230": 9.979999542236328, "231": 9.979999542236328, "232": 9.979999542236328, "233": 9.979999542236328, "234": 9.989999771118164, "235": 9.979999542236328, "236": 9.979999542236328, "237": 9.979999542236328, "238": 9.989999771118164, "239": 9.989999771118164, "240": 9.989999771118164, "241": 9.989999771118164, "242": 9.989999771118164, "243": 10.020000457763672, "244": 10.020000457763672, "245": 9.989999771118164, "246": 9.989999771118164, "247": 9.989999771118164, "248": 9.989999771118164, "249": 9.989999771118164, "250": 9.989999771118164, "251": 9.989999771118164, "252": 9.970000267028809, "253": 9.989999771118164, "254": 9.989999771118164, "255": 9.989999771118164, "256": 9.979999542236328, "257": 10.0, "258": 9.970000267028809, "259": 10.010000228881836, "260": 10.020000457763672, "261": 10.020000457763672, "262": 10.020000457763672, "263": 10.020000457763672, "264": 10.039999961853027, "265": 10.100000381469727, "266": 10.100000381469727, "267": 10.119999885559082, "268": 10.109999656677246, "269": 10.1899995803833, "270": 10.1899995803833, "271": 10.104999542236328, "272": 10.119999885559082, "273": 10.130000114440918, "274": 10.130000114440918, "275": 10.149999618530273, "276": 10.170000076293945, "277": 10.15999984741211, "278": 10.15999984741211, "279": 10.170000076293945, "280": 10.15999984741211, "281": 10.15999984741211, "282": 10.180000305175781, "283": 10.199999809265137, "284": 10.1899995803833, "285": 10.180000305175781, "286": 10.1899995803833, "287": 10.1899995803833, "288": 10.1899995803833, "289": 10.1899995803833, "290": 10.1899995803833, "291": 10.199999809265137, "292": 10.204999923706055, "293": 10.229999542236328, "294": 10.210000038146973, "295": 10.210000038146973, "296": 10.220000267028809, "297": 10.220000267028809, "298": 10.220000267028809, "299": 10.220000267028809, "300": 10.220000267028809, "301": 10.239999771118164, "302": 10.25, "303": 10.270000457763672, "304": 10.270000457763672, "305": 10.270000457763672, "306": 10.270000457763672, "307": 10.279999732971191, "308": 10.289999961853027, "309": 10.289999961853027, "310": 10.289999961853027, "311": 10.300000190734863, "312": 10.300000190734863, "313": 10.300000190734863, "314": 10.289999961853027, "315": 10.289999961853027, "316": 10.289999961853027, "317": 10.289999961853027, "318": 10.329999923706055, "319": 10.329999923706055, "320": 10.329999923706055, "321": 10.329999923706055, "322": 10.34000015258789, "323": 10.324999809265137, "324": 10.34000015258789, "325": 10.34000015258789, "326": 10.300000190734863, "327": 10.300000190734863, "328": 10.300000190734863, "329": 10.300000190734863, "330": 10.300000190734863, "331": 10.300000190734863, "332": 10.300000190734863, "333": 10.300000190734863, "334": 10.329999923706055, "335": 10.329999923706055, "336": 10.359999656677246, "337": 10.369999885559082, "338": 10.380000114440918, "339": 10.369999885559082, "340": 10.380000114440918, "341": 10.399999618530273, "342": 10.40999984741211, "343": 10.404999732971191, "344": 10.40999984741211, "345": 10.420000076293945, "346": 10.40999984741211, "347": 10.40999984741211, "348": 10.420000076293945, "349": 10.430000305175781, "350": 10.4399995803833, "351": 10.4399995803833, "352": 10.449999809265137, "353": 10.449999809265137, "354": 10.449999809265137, "355": 10.460000038146973, "356": 10.621999740600586, "357": 10.460000038146973, "358": 10.460000038146973, "359": 10.460000038146973, "360": 10.489999771118164, "361": 10.510000228881836, "362": 10.529999732971191, "363": 10.550000190734863, "364": 10.5, "365": 10.5600004196167, "366": 10.5, "367": 10.5, "368": 10.460000038146973, "369": 10.5, "370": 10.510000228881836, "371": 10.630000114440918, "372": 10.510000228881836, "373": 10.60200023651123, "374": 10.5, "375": 10.529999732971191, "376": 10.529999732971191, "377": 10.529999732971191, "378": 10.529999732971191, "379": 10.529999732971191, "380": 10.529999732971191, "381": 10.600000381469727, "382": 10.600000381469727, "383": 10.600000381469727, "384": 10.600000381469727, "385": 10.529999732971191, "386": 10.529999732971191, "387": 10.569999694824219, "388": 10.569999694824219, "389": 10.529999732971191}, "close": {"0": 9.710000038146973, "1": 9.699999809265137, "2": 9.720000267028809, "3": 9.720000267028809, "4": 9.720000267028809, "5": 9.720000267028809, "6": 9.699999809265137, "7": 9.710000038146973, "8": 9.720000267028809, "9": 9.75, "10": 9.75, "11": 9.75, "12": 9.75, "13": 9.739999771118164, "14": 9.739999771118164, "15": 9.760000228881836, "16": 9.760000228881836, "17": 9.760000228881836, "18": 9.789999961853027, "19": 9.75, "20": 9.75, "21": 9.739999771118164, "22": 9.739999771118164, "23": 9.739999771118164, "24": 9.75, "25": 9.75, "26": 9.75, "27": 9.75, "28": 9.75, "29": 9.75, "30": 9.739999771118164, "31": 9.789999961853027, "32": 9.789999961853027, "33": 9.850000381469727, "34": 9.84000015258789, "35": 9.84000015258789, "36": 9.800999641418457, "37": 9.800999641418457, "38": 9.821000099182129, "39": 9.829999923706055, "40": 9.800000190734863, "41": 9.8149995803833, "42": 9.8149995803833, "43": 9.800000190734863, "44": 9.800000190734863, "45": 9.800000190734863, "46": 9.800000190734863, "47": 9.800000190734863, "48": 9.800000190734863, "49": 9.779999732971191, "50": 9.819999694824219, "51": 9.807000160217285, "52": 9.779999732971191, "53": 9.779999732971191, "54": 9.779999732971191, "55": 9.779999732971191, "56": 9.779999732971191, "57": 9.779999732971191, "58": 9.779999732971191, "59": 9.779999732971191, "60": 9.779999732971191, "61": 9.779999732971191, "62": 9.779999732971191, "63": 9.779999732971191, "64": 9.779999732971191, "65": 9.800000190734863, "66": 9.800000190734863, "67": 9.800000190734863, "68": 9.800000190734863, "69": 9.800000190734863, "70": 9.800000190734863, "71": 9.800000190734863, "72": 9.800000190734863, "73": 9.789999961853027, "74": 9.789999961853027, "75": 9.800000190734863, "76": 9.800000190734863, "77": 9.8100004196167, "78": 9.805000305175781, "79": 9.829999923706055, "80": 9.84000015258789, "81": 9.84000015258789, "82": 9.835000038146973, "83": 9.835000038146973, "84": 9.833999633789062, "85": 9.84000015258789, "86": 9.84000015258789, "87": 9.84000015258789, "88": 9.850000381469727, "89": 9.850000381469727, "90": 9.859999656677246, "91": 9.859999656677246, "92": 9.859999656677246, "93": 9.859999656677246, "94": 9.859999656677246, "95": 9.829999923706055, "96": 9.829999923706055, "97": 9.829999923706055, "98": 9.829999923706055, "99": 9.829999923706055, "100": 9.880000114440918, "101": 9.880000114440918, "102": 9.880000114440918, "103": 9.859999656677246, "104": 9.850000381469727, "105": 9.850000381469727, "106": 9.850000381469727, "107": 9.84000015258789, "108": 9.84000015258789, "109": 9.835000038146973, "110": 9.835000038146973, "111": 9.829999923706055, "112": 9.829999923706055, "113": 9.845000267028809, "114": 9.845000267028809, "115": 9.845000267028809, "116": 9.84000015258789, "117": 9.850000381469727, "118": 9.850000381469727, "119": 9.850000381469727, "120": 9.880000114440918, "121": 9.890000343322754, "122": 9.850000381469727, "123": 9.869999885559082, "124": 9.869999885559082, "125": 9.869999885559082, "126": 9.869999885559082, "127": 9.859999656677246, "128": 9.859999656677246, "129": 9.859999656677246, "130": 9.859999656677246, "131": 9.859999656677246, "132": 9.859999656677246, "133": 9.890000343322754, "134": 9.890000343322754, "135": 9.890000343322754, "136": 9.890000343322754, "137": 9.890000343322754, "138": 9.890000343322754, "139": 9.890000343322754, "140": 9.890000343322754, "141": 9.890000343322754, "142": 9.869999885559082, "143": 9.869999885559082, "144": 9.869999885559082, "145": 9.869999885559082, "146": 9.869999885559082, "147": 9.880000114440918, "148": 9.880000114440918, "149": 9.9399995803833, "150": 9.899999618530273, "151": 9.899999618530273, "152": 9.899999618530273, "153": 9.899999618530273, "154": 9.920000076293945, "155": 9.899999618530273, "156": 9.899999618530273, "157": 9.899999618530273, "158": 9.899999618530273, "159": 9.899999618530273, "160": 9.90999984741211, "161": 9.90999984741211, "162": 9.90999984741211, "163": 9.90999984741211, "164": 9.90999984741211, "165": 9.90999984741211, "166": 9.90999984741211, "167": 9.90999984741211, "168": 9.890000343322754, "169": 9.899999618530273, "170": 9.899999618530273, "171": 9.899999618530273, "172": 9.880000114440918, "173": 9.880000114440918, "174": 9.880000114440918, "175": 9.880000114440918, "176": 9.880000114440918, "177": 9.880000114440918, "178": 9.880000114440918, "179": 9.880000114440918, "180": 9.899999618530273, "181": 9.899999618530273, "182": 9.899999618530273, "183": 9.90999984741211, "184": 9.90999984741211, "185": 9.90999984741211, "186": 9.90999984741211, "187": 9.90999984741211, "188": 9.90999984741211, "189": 9.899999618530273, "190": 9.899999618530273, "191": 9.899999618530273, "192": 9.899999618530273, "193": 9.899999618530273, "194": 9.899999618530273, "195": 9.899999618530273, "196": 9.899999618530273, "197": 9.899999618530273, "198": 9.920000076293945, "199": 9.899999618530273, "200": 9.90999984741211, "201": 9.90999984741211, "202": 9.90999984741211, "203": 9.930000305175781, "204": 9.930000305175781, "205": 9.930000305175781, "206": 9.930000305175781, "207": 9.930000305175781, "208": 9.920000076293945, "209": 9.920000076293945, "210": 9.920000076293945, "211": 9.920000076293945, "212": 9.920000076293945, "213": 9.920000076293945, "214": 9.920000076293945, "215": 9.920000076293945, "216": 9.920000076293945, "217": 9.920000076293945, "218": 9.920000076293945, "219": 9.920000076293945, "220": 9.979999542236328, "221": 9.979999542236328, "222": 9.979999542236328, "223": 9.979999542236328, "224": 9.996999740600586, "225": 9.996999740600586, "226": 9.979999542236328, "227": 9.979999542236328, "228": 9.979999542236328, "229": 9.979999542236328, "230": 9.979999542236328, "231": 9.979999542236328, "232": 9.979999542236328, "233": 9.979999542236328, "234": 9.989999771118164, "235": 9.979999542236328, "236": 9.979999542236328, "237": 9.979999542236328, "238": 9.989999771118164, "239": 9.989999771118164, "240": 9.989999771118164, "241": 9.989999771118164, "242": 9.989999771118164, "243": 10.020000457763672, "244": 10.020000457763672, "245": 9.989999771118164, "246": 9.989999771118164, "247": 9.989999771118164, "248": 9.989999771118164, "249": 9.989999771118164, "250": 9.989999771118164, "251": 9.989999771118164, "252": 9.989999771118164, "253": 9.989999771118164, "254": 9.989999771118164, "255": 9.989999771118164, "256": 9.979999542236328, "257": 10.020000457763672, "258": 10.020000457763672, "259": 10.020000457763672, "260": 10.020000457763672, "261": 10.020000457763672, "262": 10.020000457763672, "263": 10.029999732971191, "264": 10.039999961853027, "265": 10.100000381469727, "266": 10.100000381469727, "267": 10.119999885559082, "268": 10.1899995803833, "269": 10.1899995803833, "270": 10.1899995803833, "271": 10.119999885559082, "272": 10.125, "273": 10.130000114440918, "274": 10.130000114440918, "275": 10.149999618530273, "276": 10.170000076293945, "277": 10.164999961853027, "278": 10.170000076293945, "279": 10.170000076293945, "280": 10.170000076293945, "281": 10.180000305175781, "282": 10.199999809265137, "283": 10.199999809265137, "284": 10.199999809265137, "285": 10.180000305175781, "286": 10.1899995803833, "287": 10.1899995803833, "288": 10.1899995803833, "289": 10.1899995803833, "290": 10.1899995803833, "291": 10.199999809265137, "292": 10.229999542236328, "293": 10.229999542236328, "294": 10.210000038146973, "295": 10.210000038146973, "296": 10.220000267028809, "297": 10.220000267028809, "298": 10.220000267028809, "299": 10.220000267028809, "300": 10.239999771118164, "301": 10.255000114440918, "302": 10.270000457763672, "303": 10.270000457763672, "304": 10.270000457763672, "305": 10.270000457763672, "306": 10.270000457763672, "307": 10.289999961853027, "308": 10.289999961853027, "309": 10.289999961853027, "310": 10.289999961853027, "311": 10.300000190734863, "312": 10.300000190734863, "313": 10.300000190734863, "314": 10.289999961853027, "315": 10.289999961853027, "316": 10.289999961853027, "317": 10.289999961853027, "318": 10.329999923706055, "319": 10.329999923706055, "320": 10.329999923706055, "321": 10.329999923706055, "322": 10.34000015258789, "323": 10.34000015258789, "324": 10.34000015258789, "325": 10.34000015258789, "326": 10.300000190734863, "327": 10.300000190734863, "328": 10.300000190734863, "329": 10.300000190734863, "330": 10.300000190734863, "331": 10.300000190734863, "332": 10.300000190734863, "333": 10.300000190734863, "334": 10.329999923706055, "335": 10.329999923706055, "336": 10.359999656677246, "337": 10.369999885559082, "338": 10.390000343322754, "339": 10.380000114440918, "340": 10.489999771118164, "341": 10.420000076293945, "342": 10.40999984741211, "343": 10.40999984741211, "344": 10.414999961853027, "345": 10.420000076293945, "346": 10.40999984741211, "347": 10.425000190734863, "348": 10.430000305175781, "349": 10.4399995803833, "350": 10.449999809265137, "351": 10.449999809265137, "352": 10.470000267028809, "353": 10.449999809265137, "354": 10.468000411987305, "355": 10.621999740600586, "356": 10.621999740600586, "357": 10.460000038146973, "358": 10.460000038146973, "359": 10.479999542236328, "360": 10.505999565124512, "361": 10.520000457763672, "362": 10.539999961853027, "363": 11.119999885559082, "364": 10.680000305175781, "365": 10.609000205993652, "366": 10.5, "367": 10.574999809265137, "368": 10.574999809265137, "369": 10.5600004196167, "370": 10.630000114440918, "371": 10.630000114440918, "372": 10.619999885559082, "373": 10.619999885559082, "374": 10.625, "375": 10.529999732971191, "376": 10.529999732971191, "377": 10.529999732971191, "378": 10.529999732971191, "379": 10.529999732971191, "380": 10.600000381469727, "381": 10.600000381469727, "382": 10.600000381469727, "383": 10.600000381469727, "384": 10.600000381469727, "385": 10.529999732971191, "386": 10.529999732971191, "387": 10.569999694824219, "388": 10.569999694824219, "389": 10.529999732971191}, "volume": {"0": 406400, "1": 552900, "2": 3900, "3": 371000, "4": 0, "5": 0, "6": 36700, "7": 28000, "8": 400, "9": 300, "10": 0, "11": 0, "12": 0, "13": 100, "14": 1900, "15": 16100, "16": 0, "17": 0, "18": 400, "19": 3100, "20": 3100, "21": 2100, "22": 5400, "23": 0, "24": 500, "25": 0, "26": 0, "27": 800, "28": 0, "29": 0, "30": 100, "31": 528200, "32": 134500, "33": 6600, "34": 1300, "35": 0, "36": 1200, "37": 0, "38": 2700, "39": 200, "40": 600, "41": 225300, "42": 0, "43": 25800, "44": 27000, "45": 150000, "46": 0, "47": 0, "48": 0, "49": 3500, "50": 300, "51": 100, "52": 2100, "53": 0, "54": 0, "55": 0, "56": 0, "57": 0, "58": 0, "59": 46300, "60": 26600, "61": 0, "62": 0, "63": 0, "64": 0, "65": 100, "66": 0, "67": 0, "68": 0, "69": 0, "70": 3000, "71": 0, "72": 0, "73": 3400, "74": 0, "75": 4000, "76": 100, "77": 1900, "78": 5100, "79": 25200, "80": 6700, "81": 1600, "82": 10600, "83": 0, "84": 500, "85": 1500, "86": 0, "87": 0, "88": 30000, "89": 0, "90": 1200, "91": 0, "92": 0, "93": 0, "94": 0, "95": 10000, "96": 0, "97": 5000, "98": 0, "99": 0, "100": 100, "101": 0, "102": 0, "103": 100, "104": 300, "105": 0, "106": 0, "107": 1300, "108": 300, "109": 19100, "110": 400, "111": 100, "112": 0, "113": 3500, "114": 0, "115": 0, "116": 19900, "117": 5800, "118": 4100, "119": 0, "120": 1300, "121": 10000, "122": 100, "123": 10200, "124": 0, "125": 0, "126": 0, "127": 200, "128": 0, "129": 0, "130": 0, "131": 0, "132": 0, "133": 100, "134": 0, "135": 5000, "136": 0, "137": 0, "138": 0, "139": 0, "140": 0, "141": 0, "142": 200, "143": 0, "144": 0, "145": 0, "146": 0, "147": 15300, "148": 0, "149": 42500, "150": 1000, "151": 0, "152": 0, "153": 0, "154": 100, "155": 52500, "156": 50600, "157": 0, "158": 500, "159": 100, "160": 900, "161": 300, "162": 200, "163": 100, "164": 700, "165": 100, "166": 100, "167": 400, "168": 189900, "169": 12900, "170": 0, "171": 0, "172": 223500, "173": 0, "174": 0, "175": 0, "176": 0, "177": 0, "178": 0, "179": 0, "180": 17400, "181": 384200, "182": 23300, "183": 17200, "184": 0, "185": 0, "186": 0, "187": 0, "188": 0, "189": 500, "190": 0, "191": 0, "192": 0, "193": 0, "194": 0, "195": 500, "196": 0, "197": 2100, "198": 1000, "199": 4300, "200": 12000, "201": 11500, "202": 0, "203": 10900, "204": 0, "205": 2700, "206": 0, "207": 0, "208": 300, "209": 0, "210": 51000, "211": 100, "212": 0, "213": 100, "214": 0, "215": 0, "216": 0, "217": 100, "218": 100, "219": 10800, "220": 3700, "221": 3100, "222": 0, "223": 0, "224": 200, "225": 0, "226": 5100, "227": 0, "228": 0, "229": 0, "230": 0, "231": 0, "232": 200, "233": 0, "234": 100000, "235": 1500, "236": 0, "237": 10000, "238": 2600, "239": 0, "240": 36300, "241": 2500, "242": 0, "243": 13100, "244": 0, "245": 200, "246": 0, "247": 1200, "248": 3600, "249": 0, "250": 0, "251": 0, "252": 9100, "253": 10500, "254": 0, "255": 3400, "256": 100, "257": 500, "258": 10400, "259": 6400, "260": 0, "261": 600, "262": 0, "263": 1700, "264": 600, "265": 300, "266": 0, "267": 100, "268": 16200, "269": 0, "270": 0, "271": 27300, "272": 9400, "273": 5900, "274": 0, "275": 11600, "276": 1000, "277": 23500, "278": 300600, "279": 300, "280": 4700, "281": 52400, "282": 23500, "283": 300, "284": 700, "285": 5900, "286": 600, "287": 0, "288": 400, "289": 0, "290": 300, "291": 3300, "292": 41200, "293": 0, "294": 38100, "295": 0, "296": 1900, "297": 0, "298": 0, "299": 1200, "300": 21300, "301": 9800, "302": 3400, "303": 1800, "304": 0, "305": 0, "306": 0, "307": 1500, "308": 0, "309": 0, "310": 0, "311": 3000, "312": 0, "313": 0, "314": 1200, "315": 0, "316": 0, "317": 0, "318": 100, "319": 0, "320": 100, "321": 0, "322": 300, "323": 67300, "324": 0, "325": 0, "326": 100, "327": 0, "328": 0, "329": 200, "330": 0, "331": 0, "332": 0, "333": 0, "334": 5000, "335": 0, "336": 2700, "337": 45900, "338": 3400, "339": 1300, "340": 300, "341": 450500, "342": 8700, "343": 163000, "344": 34800, "345": 6400, "346": 300, "347": 357600, "348": 9600, "349": 5600, "350": 600100, "351": 4500, "352": 504500, "353": 74900, "354": 3800, "355": 8900, "356": 0, "357": 4300, "358": 1100, "359": 474300, "360": 4700, "361": 258900, "362": 356900, "363": 9100, "364": 2900, "365": 18300, "366": 800, "367": 6300, "368": 4300, "369": 8500, "370": 11400, "371": 0, "372": 5800, "373": 6100, "374": 2100, "375": 1100, "376": 0, "377": 0, "378": 500, "379": 0, "380": 2900, "381": 0, "382": 0, "383": 0, "384": 100, "385": 200, "386": 0, "387": 2400, "388": 0, "389": 600}, "adjclose": {"0": 9.710000038146973, "1": 9.699999809265137, "2": 9.720000267028809, "3": 9.720000267028809, "4": 9.720000267028809, "5": 9.720000267028809, "6": 9.699999809265137, "7": 9.710000038146973, "8": 9.720000267028809, "9": 9.75, "10": 9.75, "11": 9.75, "12": 9.75, "13": 9.739999771118164, "14": 9.739999771118164, "15": 9.760000228881836, "16": 9.760000228881836, "17": 9.760000228881836, "18": 9.789999961853027, "19": 9.75, "20": 9.75, "21": 9.739999771118164, "22": 9.739999771118164, "23": 9.739999771118164, "24": 9.75, "25": 9.75, "26": 9.75, "27": 9.75, "28": 9.75, "29": 9.75, "30": 9.739999771118164, "31": 9.789999961853027, "32": 9.789999961853027, "33": 9.850000381469727, "34": 9.84000015258789, "35": 9.84000015258789, "36": 9.800999641418457, "37": 9.800999641418457, "38": 9.821000099182129, "39": 9.829999923706055, "40": 9.800000190734863, "41": 9.8149995803833, "42": 9.8149995803833, "43": 9.800000190734863, "44": 9.800000190734863, "45": 9.800000190734863, "46": 9.800000190734863, "47": 9.800000190734863, "48": 9.800000190734863, "49": 9.779999732971191, "50": 9.819999694824219, "51": 9.807000160217285, "52": 9.779999732971191, "53": 9.779999732971191, "54": 9.779999732971191, "55": 9.779999732971191, "56": 9.779999732971191, "57": 9.779999732971191, "58": 9.779999732971191, "59": 9.779999732971191, "60": 9.779999732971191, "61": 9.779999732971191, "62": 9.779999732971191, "63": 9.779999732971191, "64": 9.779999732971191, "65": 9.800000190734863, "66": 9.800000190734863, "67": 9.800000190734863, "68": 9.800000190734863, "69": 9.800000190734863, "70": 9.800000190734863, "71": 9.800000190734863, "72": 9.800000190734863, "73": 9.789999961853027, "74": 9.789999961853027, "75": 9.800000190734863, "76": 9.800000190734863, "77": 9.8100004196167, "78": 9.805000305175781, "79": 9.829999923706055, "80": 9.84000015258789, "81": 9.84000015258789, "82": 9.835000038146973, "83": 9.835000038146973, "84": 9.833999633789062, "85": 9.84000015258789, "86": 9.84000015258789, "87": 9.84000015258789, "88": 9.850000381469727, "89": 9.850000381469727, "90": 9.859999656677246, "91": 9.859999656677246, "92": 9.859999656677246, "93": 9.859999656677246, "94": 9.859999656677246, "95": 9.829999923706055, "96": 9.829999923706055, "97": 9.829999923706055, "98": 9.829999923706055, "99": 9.829999923706055, "100": 9.880000114440918, "101": 9.880000114440918, "102": 9.880000114440918, "103": 9.859999656677246, "104": 9.850000381469727, "105": 9.850000381469727, "106": 9.850000381469727, "107": 9.84000015258789, "108": 9.84000015258789, "109": 9.835000038146973, "110": 9.835000038146973, "111": 9.829999923706055, "112": 9.829999923706055, "113": 9.845000267028809, "114": 9.845000267028809, "115": 9.845000267028809, "116": 9.84000015258789, "117": 9.850000381469727, "118": 9.850000381469727, "119": 9.850000381469727, "120": 9.880000114440918, "121": 9.890000343322754, "122": 9.850000381469727, "123": 9.869999885559082, "124": 9.869999885559082, "125": 9.869999885559082, "126": 9.869999885559082, "127": 9.859999656677246, "128": 9.859999656677246, "129": 9.859999656677246, "130": 9.859999656677246, "131": 9.859999656677246, "132": 9.859999656677246, "133": 9.890000343322754, "134": 9.890000343322754, "135": 9.890000343322754, "136": 9.890000343322754, "137": 9.890000343322754, "138": 9.890000343322754, "139": 9.890000343322754, "140": 9.890000343322754, "141": 9.890000343322754, "142": 9.869999885559082, "143": 9.869999885559082, "144": 9.869999885559082, "145": 9.869999885559082, "146": 9.869999885559082, "147": 9.880000114440918, "148": 9.880000114440918, "149": 9.9399995803833, "150": 9.899999618530273, "151": 9.899999618530273, "152": 9.899999618530273, "153": 9.899999618530273, "154": 9.920000076293945, "155": 9.899999618530273, "156": 9.899999618530273, "157": 9.899999618530273, "158": 9.899999618530273, "159": 9.899999618530273, "160": 9.90999984741211, "161": 9.90999984741211, "162": 9.90999984741211, "163": 9.90999984741211, "164": 9.90999984741211, "165": 9.90999984741211, "166": 9.90999984741211, "167": 9.90999984741211, "168": 9.890000343322754, "169": 9.899999618530273, "170": 9.899999618530273, "171": 9.899999618530273, "172": 9.880000114440918, "173": 9.880000114440918, "174": 9.880000114440918, "175": 9.880000114440918, "176": 9.880000114440918, "177": 9.880000114440918, "178": 9.880000114440918, "179": 9.880000114440918, "180": 9.899999618530273, "181": 9.899999618530273, "182": 9.899999618530273, "183": 9.90999984741211, "184": 9.90999984741211, "185": 9.90999984741211, "186": 9.90999984741211, "187": 9.90999984741211, "188": 9.90999984741211, "189": 9.899999618530273, "190": 9.899999618530273, "191": 9.899999618530273, "192": 9.899999618530273, "193": 9.899999618530273, "194": 9.899999618530273, "195": 9.899999618530273, "196": 9.899999618530273, "197": 9.899999618530273, "198": 9.920000076293945, "199": 9.899999618530273, "200": 9.90999984741211, "201": 9.90999984741211, "202": 9.90999984741211, "203": 9.930000305175781, "204": 9.930000305175781, "205": 9.930000305175781, "206": 9.930000305175781, "207": 9.930000305175781, "208": 9.920000076293945, "209": 9.920000076293945, "210": 9.920000076293945, "211": 9.920000076293945, "212": 9.920000076293945, "213": 9.920000076293945, "214": 9.920000076293945, "215": 9.920000076293945, "216": 9.920000076293945, "217": 9.920000076293945, "218": 9.920000076293945, "219": 9.920000076293945, "220": 9.979999542236328, "221": 9.979999542236328, "222": 9.979999542236328, "223": 9.979999542236328, "224": 9.996999740600586, "225": 9.996999740600586, "226": 9.979999542236328, "227": 9.979999542236328, "228": 9.979999542236328, "229": 9.979999542236328, "230": 9.979999542236328, "231": 9.979999542236328, "232": 9.979999542236328, "233": 9.979999542236328, "234": 9.989999771118164, "235": 9.979999542236328, "236": 9.979999542236328, "237": 9.979999542236328, "238": 9.989999771118164, "239": 9.989999771118164, "240": 9.989999771118164, "241": 9.989999771118164, "242": 9.989999771118164, "243": 10.020000457763672, "244": 10.020000457763672, "245": 9.989999771118164, "246": 9.989999771118164, "247": 9.989999771118164, "248": 9.989999771118164, "249": 9.989999771118164, "250": 9.989999771118164, "251": 9.989999771118164, "252": 9.989999771118164, "253": 9.989999771118164, "254": 9.989999771118164, "255": 9.989999771118164, "256": 9.979999542236328, "257": 10.020000457763672, "258": 10.020000457763672, "259": 10.020000457763672, "260": 10.020000457763672, "261": 10.020000457763672, "262": 10.020000457763672, "263": 10.029999732971191, "264": 10.039999961853027, "265": 10.100000381469727, "266": 10.100000381469727, "267": 10.119999885559082, "268": 10.1899995803833, "269": 10.1899995803833, "270": 10.1899995803833, "271": 10.119999885559082, "272": 10.125, "273": 10.130000114440918, "274": 10.130000114440918, "275": 10.149999618530273, "276": 10.170000076293945, "277": 10.164999961853027, "278": 10.170000076293945, "279": 10.170000076293945, "280": 10.170000076293945, "281": 10.180000305175781, "282": 10.199999809265137, "283": 10.199999809265137, "284": 10.199999809265137, "285": 10.180000305175781, "286": 10.1899995803833, "287": 10.1899995803833, "288": 10.1899995803833, "289": 10.1899995803833, "290": 10.1899995803833, "291": 10.199999809265137, "292": 10.229999542236328, "293": 10.229999542236328, "294": 10.210000038146973, "295": 10.210000038146973, "296": 10.220000267028809, "297": 10.220000267028809, "298": 10.220000267028809, "299": 10.220000267028809, "300": 10.239999771118164, "301": 10.255000114440918, "302": 10.270000457763672, "303": 10.270000457763672, "304": 10.270000457763672, "305": 10.270000457763672, "306": 10.270000457763672, "307": 10.289999961853027, "308": 10.289999961853027, "309": 10.289999961853027, "310": 10.289999961853027, "311": 10.300000190734863, "312": 10.300000190734863, "313": 10.300000190734863, "314": 10.289999961853027, "315": 10.289999961853027, "316": 10.289999961853027, "317": 10.289999961853027, "318": 10.329999923706055, "319": 10.329999923706055, "320": 10.329999923706055, "321": 10.329999923706055, "322": 10.34000015258789, "323": 10.34000015258789, "324": 10.34000015258789, "325": 10.34000015258789, "326": 10.300000190734863, "327": 10.300000190734863, "328": 10.300000190734863, "329": 10.300000190734863, "330": 10.300000190734863, "331": 10.300000190734863, "332": 10.300000190734863, "333": 10.300000190734863, "334": 10.329999923706055, "335": 10.329999923706055, "336": 10.359999656677246, "337": 10.369999885559082, "338": 10.390000343322754, "339": 10.380000114440918, "340": 10.489999771118164, "341": 10.420000076293945, "342": 10.40999984741211, "343": 10.40999984741211, "344": 10.414999961853027, "345": 10.420000076293945, "346": 10.40999984741211, "347": 10.425000190734863, "348": 10.430000305175781, "349": 10.4399995803833, "350": 10.449999809265137, "351": 10.449999809265137, "352": 10.470000267028809, "353": 10.449999809265137, "354": 10.468000411987305, "355": 10.621999740600586, "356": 10.621999740600586, "357": 10.460000038146973, "358": 10.460000038146973, "359": 10.479999542236328, "360": 10.505999565124512, "361": 10.520000457763672, "362": 10.539999961853027, "363": 11.119999885559082, "364": 10.680000305175781, "365": 10.609000205993652, "366": 10.5, "367": 10.574999809265137, "368": 10.574999809265137, "369": 10.5600004196167, "370": 10.630000114440918, "371": 10.630000114440918, "372": 10.619999885559082, "373": 10.619999885559082, "374": 10.625, "375": 10.529999732971191, "376": 10.529999732971191, "377": 10.529999732971191, "378": 10.529999732971191, "379": 10.529999732971191, "380": 10.600000381469727, "381": 10.600000381469727, "382": 10.600000381469727, "383": 10.600000381469727, "384": 10.600000381469727, "385": 10.529999732971191, "386": 10.529999732971191, "387": 10.569999694824219, "388": 10.569999694824219, "389": 10.529999732971191}}, "profile": {"address1": "199 Water Street", "address2": "31st Floor", "city": "New York", "state": "NY", "zip": "10038", "country": "United States", "phone": "212 845 9945", "industry": "Shell Companies", "industryDisp": "Shell Companies", "sector": "Financial Services", "longBusinessSummary": "Arisz Acquisition Corp. does not have significant operations. The company focuses on effecting a merger, capital stock exchange, asset acquisition, stock purchase, reorganization, or related business combination with one or more businesses. It intends to pursue targets in the healthcare industry in North America, Europe, and Asia. The company was incorporated in 2021 and is based in New York, New York.", "companyOfficers": [{"maxAge": 1, "name": "Ms. Echo  Hindle-Yang", "age": 46, "title": "Chairwoman & CEO", "yearBorn": 1976, "exercisedValue": 0, "unexercisedValue": 0}, {"maxAge": 1, "name": "Mr. Marciano  Estigarribia Jr.", "age": 53, "title": "CFO & Director", "yearBorn": 1969, "exercisedValue": 0, "unexercisedValue": 0}], "maxAge": 86400, "latitude": 40.707058944137316, "longitude": -74.0044008167481}}