{"income_statement": {"annual": {"Year": {"1": "Selling, General & Admin", "2": "Operating Expenses", "3": "Operating Income", "4": "Other Expense / Income", "5": "Pretax Income", "6": "Income Tax", "7": "Net Income", "8": "Net Income Growth", "9": "Shares Outstanding (Basic)", "10": "Shares Outstanding (Diluted)", "11": "Shares Change", "12": "EPS (Basic)", "13": "EPS (Diluted)", "14": "EPS Growth", "15": "Free Cash Flow Per Share", "16": "Effective Tax Rate", "17": "EBITDA", "18": "EBIT"}, "2022": {"1": "6.47", "2": "6.47", "3": "-6.47", "4": "-10.54", "5": "4.07", "6": "0.59", "7": "3.48", "8": "1014.83%", "9": "25", "10": "25", "11": "165.24%", "12": "0.14", "13": "0.14", "14": "366.67%", "15": "-0.04", "16": "14.54%", "17": "4.07", "18": "4.07"}, "2021": {"1": "0.28", "2": "0.28", "3": "-0.28", "4": "-0.59", "5": "0.31", "6": "0", "7": "0.31", "8": "-", "9": "9", "10": "9", "11": "-", "12": "0.03", "13": "0.03", "14": "-", "15": "-0.06", "16": "-", "17": "0.31", "18": "0.31"}}, "quarterly": {"Metrics": {"1": "Selling, General & Admin", "2": "Operating Expenses", "3": "Operating Income", "4": "Other Expense / Income", "5": "Pretax Income", "6": "Income Tax", "7": "Net Income", "8": "Shares Outstanding (Basic)", "9": "Shares Outstanding (Diluted)", "10": "Shares Change", "11": "EPS (Basic)", "12": "EPS (Diluted)", "13": "Free Cash Flow Per Share", "14": "Effective Tax Rate", "15": "EBITDA", "16": "EBIT"}, "2023-03-31": {"1": "0.59", "2": "0.59", "3": "-0.59", "4": "-3.54", "5": "2.95", "6": "0.42", "7": "2.53", "8": "25", "9": "25", "10": "-", "11": "0.10", "12": "0.10", "13": "-0.01", "14": "14.22%", "15": "2.95", "16": "2.95"}, "2022-12-31": {"1": "0.69", "2": "0.69", "3": "-0.69", "4": "5.61", "5": "-6.3", "6": "0.59", "7": "-6.89", "8": "25", "9": "25", "10": "165.24%", "11": "-0.27", "12": "-0.27", "13": "-0.01", "14": "-", "15": "-6.3", "16": "-6.3"}, "2022-09-30": {"1": "0.72", "2": "0.72", "3": "-0.72", "4": "-7.83", "5": "7.11", "6": "0", "7": "7.11", "8": "25", "9": "25", "10": "475.00%", "11": "0.28", "12": "0.28", "13": "-0.01", "14": "-", "15": "7.11", "16": "7.11"}, "2022-06-30": {"1": "0.78", "2": "0.78", "3": "-0.78", "4": "-5.3", "5": "4.52", "6": "0", "7": "4.52", "8": "25", "9": "25", "10": "400.00%", "11": "0.18", "12": "0.18", "13": "-0.01", "14": "-", "15": "4.52", "16": "4.52"}, "2022-03-31": {"1": "4.27", "2": "4.27", "3": "-4.27", "4": "-3.02", "5": "-1.25", "6": "0", "7": "-1.25", "8": "25", "9": "25", "10": "400.00%", "11": "-0.05", "12": "-0.05", "13": "-0.01", "14": "-", "15": "-1.25", "16": "-1.25"}, "2021-12-31": {"1": "0.27", "2": "0.27", "3": "-0.27", "4": "-0.59", "5": "0.32", "6": "0", "7": "0.32", "8": "9", "9": "9", "10": "-", "11": "0.03", "12": "0.03", "13": "-0.06", "14": "-", "15": "0.32", "16": "0.32"}, "2021-09-30": {"1": "0", "2": "0", "3": "-0", "4": "-", "5": "-0", "6": "0", "7": "-0", "8": "4", "9": "4", "10": "-", "11": "-", "12": "-", "13": "-0.00", "14": "-", "15": "-0", "16": "-0"}, "2021-06-30": {"1": "0.01", "2": "0.01", "3": "-0.01", "4": "-", "5": "-0.01", "6": "0", "7": "-0.01", "8": "5", "9": "5", "10": "-", "11": "-", "12": "-", "13": "-", "14": "-", "15": "-0.01", "16": "-0.01"}, "2021-03-31": {"1": "0", "2": "0", "3": "-0", "4": "-", "5": "-0", "6": "0", "7": "-0", "8": "5", "9": "5", "10": "-", "11": "-", "12": "-", "13": "-", "14": "-", "15": "-0", "16": "-0"}}}, "balance_sheet": {"annual": {"Year": {"1": "Cash & Equivalents", "2": "Cash & Cash Equivalents", "3": "Cash Growth", "4": "Other Current Assets", "5": "Total Current Assets", "6": "Long-Term Investments", "7": "Total Long-Term Assets", "8": "Total Assets", "9": "Accounts Payable", "10": "Total Current Liabilities", "11": "Other Long-Term Liabilities", "12": "Total Long-Term Liabilities", "13": "Total Liabilities", "14": "Common Stock", "15": "Retained Earnings", "16": "Shareholders' Equity", "17": "Total Liabilities and Equity", "18": "Net Cash / Debt", "19": "Net Cash / Debt Growth", "20": "Net Cash Per Share", "21": "Working Capital", "22": "Book Value Per Share"}, "2022": {"1": "0.16", "2": "0.16", "3": "-83.12%", "4": "0.11", "5": "0.27", "6": "208.24", "7": "208.24", "8": "208.51", "9": "6.21", "10": "6.21", "11": "2.71", "12": "2.71", "13": "8.92", "14": "0", "15": "-7.91", "16": "-7.91", "17": "1.01", "18": "0.16", "19": "-83.12%", "20": "0.01", "21": "-5.94", "22": "-0.32"}, "2021": {"1": "0.95", "2": "0.95", "3": "-", "4": "0.45", "5": "1.4", "6": "205.28", "7": "205.28", "8": "206.69", "9": "0.4", "10": "0.4", "11": "16.55", "12": "16.55", "13": "16.95", "14": "0", "15": "-15.53", "16": "-15.53", "17": "1.41", "18": "0.95", "19": "-", "20": "0.10", "21": "1.01", "22": "-1.64"}}, "quarterly": {"Metrics": {"1": "Cash & Equivalents", "2": "Cash & Cash Equivalents", "3": "Cash Growth", "4": "Other Current Assets", "5": "Total Current Assets", "6": "Long-Term Investments", "7": "Other Long-Term Assets", "8": "Total Long-Term Assets", "9": "Total Assets", "10": "Accounts Payable", "11": "Current Debt", "12": "Total Current Liabilities", "13": "Other Long-Term Liabilities", "14": "Total Long-Term Liabilities", "15": "Total Liabilities", "16": "Total Debt", "17": "Common Stock", "18": "Retained Earnings", "19": "Shareholders' Equity", "20": "Total Liabilities and Equity", "21": "Net Cash / Debt", "22": "Net Cash / Debt Growth", "23": "Net Cash Per Share", "24": "Working Capital", "25": "Book Value Per Share"}, "2023-03-31": {"1": "0.05", "2": "0.05", "3": "-91.58%", "4": "0.07", "5": "0.13", "6": "210.12", "7": "0", "8": "210.12", "9": "210.25", "10": "6.92", "11": "0", "12": "6.92", "13": "1.2", "14": "1.2", "15": "8.13", "16": "0", "17": "0", "18": "-6.94", "19": "-6.94", "20": "1.19", "21": "0.05", "22": "-91.58%", "23": "0.00", "24": "-6.8", "25": "-0.28"}, "2022-12-31": {"1": "0.16", "2": "0.16", "3": "-83.12%", "4": "0.11", "5": "0.27", "6": "208.24", "7": "0", "8": "208.24", "9": "208.51", "10": "6.21", "11": "0", "12": "6.21", "13": "2.71", "14": "2.71", "15": "8.92", "16": "0", "17": "0", "18": "-7.91", "19": "-7.91", "20": "1.01", "21": "0.16", "22": "-83.12%", "23": "0.01", "24": "-5.94", "25": "-0.32"}, "2022-09-30": {"1": "0.33", "2": "0.33", "3": "1574.81%", "4": "0.19", "5": "0.52", "6": "206.54", "7": "0", "8": "206.54", "9": "207.06", "10": "5.29", "11": "0", "12": "5.29", "13": "2.01", "14": "2.01", "15": "7.29", "16": "0", "17": "0", "18": "-6.78", "19": "-6.78", "20": "0.52", "21": "0.33", "22": "-", "23": "0.01", "24": "-4.77", "25": "-0.27"}, "2022-06-30": {"1": "0.5", "2": "0.5", "3": "1622.00%", "4": "0.29", "5": "0.79", "6": "205.55", "7": "0", "8": "205.55", "9": "206.34", "10": "4.84", "11": "0", "12": "4.84", "13": "8.85", "14": "8.85", "15": "13.69", "16": "0", "17": "0", "18": "-12.62", "19": "-12.62", "20": "1.07", "21": "0.5", "22": "-", "23": "0.02", "24": "-4.05", "25": "-0.50"}, "2022-03-31": {"1": "0.63", "2": "0.63", "3": "-", "4": "0.41", "5": "1.05", "6": "205.32", "7": "0", "8": "205.32", "9": "206.37", "10": "4.31", "11": "0", "12": "4.31", "13": "13.57", "14": "13.57", "15": "17.88", "16": "0", "17": "0", "18": "-16.79", "19": "-16.79", "20": "1.09", "21": "0.63", "22": "-", "23": "0.03", "24": "-3.26", "25": "-0.67"}, "2021-12-31": {"1": "0.95", "2": "0.95", "3": "-", "4": "0.45", "5": "1.4", "6": "205.28", "7": "0", "8": "205.28", "9": "206.69", "10": "0.4", "11": "0", "12": "0.4", "13": "16.55", "14": "16.55", "15": "16.95", "16": "0", "17": "0", "18": "-15.53", "19": "-15.53", "20": "1.41", "21": "0.95", "22": "-", "23": "0.10", "24": "1.01", "25": "-1.64"}, "2021-09-30": {"1": "0.02", "2": "0.02", "3": "-", "4": "0.5", "5": "0.52", "6": "0", "7": "0.52", "8": "0.52", "9": "1.04", "10": "0.87", "11": "0.16", "12": "1.03", "13": "0", "14": "0", "15": "1.03", "16": "0.16", "17": "0.03", "18": "-0.01", "19": "0.01", "20": "1.04", "21": "-0.14", "22": "-", "23": "-0.03", "24": "-0.51", "25": "0.00"}, "2021-06-30": {"1": "0.03", "2": "0.03", "3": "-", "4": "0.01", "5": "0.04", "6": "0", "7": "0.38", "8": "0.38", "9": "0.42", "10": "0.24", "11": "0.16", "12": "0.41", "13": "0", "14": "0", "15": "0.41", "16": "0.16", "17": "0.03", "18": "-0.01", "19": "0.01", "20": "0.42", "21": "-0.13", "22": "-", "23": "-0.03", "24": "-0.37", "25": "0.00"}, "2021-03-31": {"1": "-", "2": "0", "3": "-", "4": "-", "5": "-", "6": "-", "7": "-", "8": "-", "9": "-", "10": "-", "11": "-", "12": "-", "13": "-", "14": "-", "15": "-", "16": "-", "17": "-", "18": "-", "19": "-", "20": "-", "21": "0", "22": "-", "23": "-", "24": "-", "25": "-"}, "2021-02-02": {"1": "0", "2": "0", "3": "-", "4": "0", "5": "0", "6": "0", "7": "0.12", "8": "0.12", "9": "0.12", "10": "0.1", "11": "0", "12": "0.1", "13": "0", "14": "0", "15": "0.1", "16": "0", "17": "0.03", "18": "-0", "19": "0.02", "20": "0.12", "21": "0", "22": "-", "23": "-", "24": "-0.1", "25": "-"}}}, "cash_flow_statement": {"annual": {"Year": {"1": "Net Income", "2": "Other Operating Activities", "3": "Operating Cash Flow", "4": "Change in Investments", "5": "Investing Cash Flow", "6": "Share Issuance / Repurchase", "7": "Debt Issued / Paid", "8": "Other Financing Activities", "9": "Financing Cash Flow", "10": "Net Cash Flow", "11": "Free Cash Flow", "12": "Free Cash Flow Per Share"}, "2022": {"1": "3.48", "2": "-4.38", "3": "-0.9", "4": "0.11", "5": "0.11", "6": "0", "7": "0", "8": "-", "9": "0", "10": "-0.79", "11": "-0.9", "12": "-0.04"}, "2021": {"1": "0.31", "2": "-0.91", "3": "-0.59", "4": "-205.28", "5": "-205.28", "6": "197.43", "7": "-0.06", "8": "9.45", "9": "206.82", "10": "0.95", "11": "-0.59", "12": "-0.06"}}, "quarterly": {"Metrics": {"1": "Net Income", "2": "Other Operating Activities", "3": "Operating Cash Flow", "4": "Change in Investments", "5": "Investing Cash Flow", "6": "Share Issuance / Repurchase", "7": "Debt Issued / Paid", "8": "Other Financing Activities", "9": "Financing Cash Flow", "10": "Net Cash Flow", "11": "Free Cash Flow", "12": "Free Cash Flow Per Share"}, "2023-03-31": {"1": "2.53", "2": "-2.79", "3": "-0.26", "4": "0.15", "5": "0.15", "6": "0", "7": "0", "8": "-", "9": "0", "10": "-0.11", "11": "-0.26", "12": "-0.01"}, "2022-12-31": {"1": "-6.89", "2": "6.61", "3": "-0.28", "4": "0", "5": "0", "6": "0", "7": "0", "8": "-", "9": "0", "10": "-0.17", "11": "-0.28", "12": "-0.01"}, "2022-09-30": {"1": "7.11", "2": "-7.28", "3": "-0.17", "4": "0", "5": "0", "6": "0", "7": "0", "8": "-", "9": "0", "10": "-0.17", "11": "-0.17", "12": "-0.01"}, "2022-06-30": {"1": "4.52", "2": "-4.65", "3": "-0.14", "4": "0", "5": "0", "6": "0", "7": "0", "8": "-", "9": "0", "10": "-0.14", "11": "-0.14", "12": "-0.01"}, "2022-03-31": {"1": "-1.25", "2": "0.94", "3": "-0.32", "4": "0", "5": "0", "6": "0", "7": "0", "8": "-", "9": "0", "10": "-0.32", "11": "-0.32", "12": "-0.01"}, "2021-12-31": {"1": "0.32", "2": "-0.91", "3": "-0.58", "4": "0", "5": "0", "6": "197.43", "7": "-0.16", "8": "9.52", "9": "206.79", "10": "0.93", "11": "-0.58", "12": "-0.06"}, "2021-09-30": {"1": "-0", "2": "-0.01", "3": "-0.01", "4": "0", "5": "0", "6": "0", "7": "0", "8": "-", "9": "0", "10": "-0.01", "11": "-0.01", "12": "-0.00"}, "2021-06-30": {"1": "-0.01", "2": "0.01", "3": "0", "4": "0", "5": "0", "6": "0", "7": "0", "8": "-0.02", "9": "-0.02", "10": "-0.02", "11": "0", "12": "-"}, "2021-03-31": {"1": "-0", "2": "0", "3": "0", "4": "0", "5": "0", "6": "0", "7": "0.1", "8": "-0.05", "9": "0.05", "10": "0.05", "11": "0", "12": "-"}}}, "ratios": {"annual": {"Year": {"1": "Market Capitalization", "2": "Market Cap Growth", "3": "Enterprise Value", "4": "PE Ratio", "5": "PB Ratio", "6": "P/FCF Ratio", "7": "P/OCF Ratio", "8": "EV/EBITDA Ratio", "9": "EV/EBIT Ratio", "10": "EV/FCF Ratio", "11": "Current Ratio", "12": "Return on Equity (ROE)", "13": "Return on Assets (ROA)", "14": "Return on Capital (ROIC)", "15": "Earnings Yield", "16": "FCF Yield", "17": "Buyback Yield / Dilution", "18": "Total Shareholder Return"}, "Current": {"1": "262", "2": "-", "3": "262", "4": "36.00", "5": "-37.49", "6": "-308.66", "7": "-308.66", "8": "31.69", "9": "31.69", "10": "-308.60", "11": "0.02", "12": "-84.90%", "13": "3.50%", "14": "4.10%", "15": "2.77%", "16": "-0.32%", "17": "-165.24%", "18": "-165.24%"}, "2022": {"1": "257", "2": "0.42%", "3": "257", "4": "73.82", "5": "-32.46", "6": "-284.21", "7": "-284.21", "8": "63.04", "9": "63.04", "10": "-284.03", "11": "0.04", "12": "-31.60%", "13": "1.70%", "14": "2.00%", "15": "1.35%", "16": "-0.35%", "17": "-", "18": "-"}, "2021": {"1": "256", "2": "-", "3": "255", "4": "819.51", "5": "-16.47", "6": "-429.90", "7": "-429.90", "8": "816.46", "9": "816.46", "10": "-428.30", "11": "3.54", "12": "-", "13": "-", "14": "-", "15": "0.12%", "16": "-0.23%", "17": null, "18": null}}, "quarterly": {"Metrics": {"1": "Market Capitalization", "2": "Market Cap Growth", "3": "Enterprise Value", "4": "PE Ratio", "5": "PB Ratio", "6": "Debt / Equity Ratio", "7": "Current Ratio", "8": "Buyback Yield / Dilution", "9": "Total Shareholder Return"}, "Current": {"1": "262", "2": "-", "3": "262", "4": "36.00", "5": "-37.49", "6": "-", "7": "0.02", "8": "-", "9": "-"}, "2023-03-31": {"1": "260", "2": "3.71%", "3": "260", "4": "35.80", "5": "-37.49", "6": "-", "7": "0.02", "8": "-165.24%", "9": "-165.24%"}, "2022-12-31": {"1": "257", "2": "0.42%", "3": "257", "4": "73.82", "5": "-32.46", "6": "-", "7": "0.04", "8": "-475.00%", "9": "-475.00%"}, "2022-09-30": {"1": "250", "2": "14.08%", "3": "250", "4": "23.40", "5": "-36.94", "6": "-", "7": "0.10", "8": "-400.00%", "9": "-400.00%"}, "2022-06-30": {"1": "250", "2": "-", "3": "250", "4": "69.73", "5": "-19.81", "6": "-", "7": "0.16", "8": "-400.00%", "9": "-400.00%"}, "2022-03-31": {"1": "251", "2": "-", "3": "250", "4": "-266.67", "5": "-14.94", "6": "-", "7": "0.24", "8": "-", "9": "-"}, "2021-12-31": {"1": "256", "2": "-", "3": "255", "4": "819.51", "5": "-16.47", "6": "-", "7": "3.54", "8": "-", "9": "-"}, "2021-09-30": {"1": "219", "2": "-", "3": "220", "4": "-", "5": "15886.34", "6": "11.79", "7": "0.51", "8": "-", "9": "-"}, "2021-06-30": {"1": "-", "2": "-", "3": "0", "4": "-", "5": "-", "6": "11.35", "7": "0.09", "8": null, "9": null}}}, "stock_price": {"symbol": {"0": "ARTE", "1": "ARTE", "2": "ARTE", "3": "ARTE", "4": "ARTE", "5": "ARTE", "6": "ARTE", "7": "ARTE", "8": "ARTE", "9": "ARTE", "10": "ARTE", "11": "ARTE", "12": "ARTE", "13": "ARTE", "14": "ARTE", "15": "ARTE", "16": "ARTE", "17": "ARTE", "18": "ARTE", "19": "ARTE", "20": "ARTE", "21": "ARTE", "22": "ARTE", "23": "ARTE", "24": "ARTE", "25": "ARTE", "26": "ARTE", "27": "ARTE", "28": "ARTE", "29": "ARTE", "30": "ARTE", "31": "ARTE", "32": "ARTE", "33": "ARTE", "34": "ARTE", "35": "ARTE", "36": "ARTE", "37": "ARTE", "38": "ARTE", "39": "ARTE", "40": "ARTE", "41": "ARTE", "42": "ARTE", "43": "ARTE", "44": "ARTE", "45": "ARTE", "46": "ARTE", "47": "ARTE", "48": "ARTE", "49": "ARTE", "50": "ARTE", "51": "ARTE", "52": "ARTE", "53": "ARTE", "54": "ARTE", "55": "ARTE", "56": "ARTE", "57": "ARTE", "58": "ARTE", "59": "ARTE", "60": "ARTE", "61": "ARTE", "62": "ARTE", "63": "ARTE", "64": "ARTE", "65": "ARTE", "66": "ARTE", "67": "ARTE", "68": "ARTE", "69": "ARTE", "70": "ARTE", "71": "ARTE", "72": "ARTE", "73": "ARTE", "74": "ARTE", "75": "ARTE", "76": "ARTE", "77": "ARTE", "78": "ARTE", "79": "ARTE", "80": "ARTE", "81": "ARTE", "82": "ARTE", "83": "ARTE", "84": "ARTE", "85": "ARTE", "86": "ARTE", "87": "ARTE", "88": "ARTE", "89": "ARTE", "90": "ARTE", "91": "ARTE", "92": "ARTE", "93": "ARTE", "94": "ARTE", "95": "ARTE", "96": "ARTE", "97": "ARTE", "98": "ARTE", "99": "ARTE", "100": "ARTE", "101": "ARTE", "102": "ARTE", "103": "ARTE", "104": "ARTE", "105": "ARTE", "106": "ARTE", "107": "ARTE", "108": "ARTE", "109": "ARTE", "110": "ARTE", "111": "ARTE", "112": "ARTE", "113": "ARTE", "114": "ARTE", "115": "ARTE", "116": "ARTE", "117": "ARTE", "118": "ARTE", "119": "ARTE", "120": "ARTE", "121": "ARTE", "122": "ARTE", "123": "ARTE", "124": "ARTE", "125": "ARTE", "126": "ARTE", "127": "ARTE", "128": "ARTE", "129": "ARTE", "130": "ARTE", "131": "ARTE", "132": "ARTE", "133": "ARTE", "134": "ARTE", "135": "ARTE", "136": "ARTE", "137": "ARTE", "138": "ARTE", "139": "ARTE", "140": "ARTE", "141": "ARTE", "142": "ARTE", "143": "ARTE", "144": "ARTE", "145": "ARTE", "146": "ARTE", "147": "ARTE", "148": "ARTE", "149": "ARTE", "150": "ARTE", "151": "ARTE", "152": "ARTE", "153": "ARTE", "154": "ARTE", "155": "ARTE", "156": "ARTE", "157": "ARTE", "158": "ARTE", "159": "ARTE", "160": "ARTE", "161": "ARTE", "162": "ARTE", "163": "ARTE", "164": "ARTE", "165": "ARTE", "166": "ARTE", "167": "ARTE", "168": "ARTE", "169": "ARTE", "170": "ARTE", "171": "ARTE", "172": "ARTE", "173": "ARTE", "174": "ARTE", "175": "ARTE", "176": "ARTE", "177": "ARTE", "178": "ARTE", "179": "ARTE", "180": "ARTE", "181": "ARTE", "182": "ARTE", "183": "ARTE", "184": "ARTE", "185": "ARTE", "186": "ARTE", "187": "ARTE", "188": "ARTE", "189": "ARTE", "190": "ARTE", "191": "ARTE", "192": "ARTE", "193": "ARTE", "194": "ARTE", "195": "ARTE", "196": "ARTE", "197": "ARTE", "198": "ARTE", "199": "ARTE", "200": "ARTE", "201": "ARTE", "202": "ARTE", "203": "ARTE", "204": "ARTE", "205": "ARTE", "206": "ARTE", "207": "ARTE", "208": "ARTE", "209": "ARTE", "210": "ARTE", "211": "ARTE", "212": "ARTE", "213": "ARTE", "214": "ARTE", "215": "ARTE", "216": "ARTE", "217": "ARTE", "218": "ARTE", "219": "ARTE", "220": "ARTE", "221": "ARTE", "222": "ARTE", "223": "ARTE", "224": "ARTE", "225": "ARTE", "226": "ARTE", "227": "ARTE", "228": "ARTE", "229": "ARTE", "230": "ARTE", "231": "ARTE", "232": "ARTE", "233": "ARTE", "234": "ARTE", "235": "ARTE", "236": "ARTE", "237": "ARTE", "238": "ARTE", "239": "ARTE", "240": "ARTE", "241": "ARTE", "242": "ARTE", "243": "ARTE", "244": "ARTE", "245": "ARTE", "246": "ARTE", "247": "ARTE", "248": "ARTE", "249": "ARTE", "250": "ARTE", "251": "ARTE", "252": "ARTE", "253": "ARTE", "254": "ARTE", "255": "ARTE", "256": "ARTE", "257": "ARTE", "258": "ARTE", "259": "ARTE", "260": "ARTE", "261": "ARTE", "262": "ARTE", "263": "ARTE", "264": "ARTE", "265": "ARTE", "266": "ARTE", "267": "ARTE", "268": "ARTE", "269": "ARTE", "270": "ARTE", "271": "ARTE", "272": "ARTE", "273": "ARTE", "274": "ARTE", "275": "ARTE", "276": "ARTE", "277": "ARTE", "278": "ARTE", "279": "ARTE", "280": "ARTE", "281": "ARTE", "282": "ARTE", "283": "ARTE", "284": "ARTE", "285": "ARTE", "286": "ARTE", "287": "ARTE", "288": "ARTE", "289": "ARTE", "290": "ARTE", "291": "ARTE", "292": "ARTE", "293": "ARTE", "294": "ARTE", "295": "ARTE", "296": "ARTE", "297": "ARTE", "298": "ARTE", "299": "ARTE", "300": "ARTE", "301": "ARTE", "302": "ARTE", "303": "ARTE", "304": "ARTE", "305": "ARTE", "306": "ARTE", "307": "ARTE", "308": "ARTE", "309": "ARTE", "310": "ARTE", "311": "ARTE", "312": "ARTE", "313": "ARTE", "314": "ARTE", "315": "ARTE", "316": "ARTE", "317": "ARTE", "318": "ARTE", "319": "ARTE", "320": "ARTE", "321": "ARTE", "322": "ARTE", "323": "ARTE", "324": "ARTE", "325": "ARTE", "326": "ARTE", "327": "ARTE", "328": "ARTE", "329": "ARTE", "330": "ARTE", "331": "ARTE", "332": "ARTE", "333": "ARTE", "334": "ARTE", "335": "ARTE", "336": "ARTE", "337": "ARTE", "338": "ARTE", "339": "ARTE", "340": "ARTE", "341": "ARTE", "342": "ARTE", "343": "ARTE", "344": "ARTE", "345": "ARTE", "346": "ARTE", "347": "ARTE", "348": "ARTE", "349": "ARTE", "350": "ARTE", "351": "ARTE", "352": "ARTE", "353": "ARTE", "354": "ARTE", "355": "ARTE", "356": "ARTE", "357": "ARTE", "358": "ARTE", "359": "ARTE", "360": "ARTE", "361": "ARTE", "362": "ARTE", "363": "ARTE", "364": "ARTE", "365": "ARTE", "366": "ARTE", "367": "ARTE", "368": "ARTE", "369": "ARTE", "370": "ARTE", "371": "ARTE", "372": "ARTE", "373": "ARTE", "374": "ARTE", "375": "ARTE", "376": "ARTE", "377": "ARTE", "378": "ARTE", "379": "ARTE", "380": "ARTE", "381": "ARTE", "382": "ARTE", "383": "ARTE", "384": "ARTE", "385": "ARTE", "386": "ARTE", "387": "ARTE", "388": "ARTE", "389": "ARTE", "390": "ARTE", "391": "ARTE", "392": "ARTE", "393": "ARTE", "394": "ARTE", "395": "ARTE", "396": "ARTE", "397": "ARTE", "398": "ARTE", "399": "ARTE", "400": "ARTE"}, "date": {"0": "2021-11-23", "1": "2021-11-24", "2": "2021-11-26", "3": "2021-11-29", "4": "2021-11-30", "5": "2021-12-01", "6": "2021-12-02", "7": "2021-12-03", "8": "2021-12-06", "9": "2021-12-07", "10": "2021-12-08", "11": "2021-12-09", "12": "2021-12-10", "13": "2021-12-13", "14": "2021-12-14", "15": "2021-12-15", "16": "2021-12-16", "17": "2021-12-17", "18": "2021-12-20", "19": "2021-12-21", "20": "2021-12-22", "21": "2021-12-23", "22": "2021-12-27", "23": "2021-12-28", "24": "2021-12-29", "25": "2021-12-30", "26": "2021-12-31", "27": "2022-01-03", "28": "2022-01-04", "29": "2022-01-05", "30": "2022-01-06", "31": "2022-01-07", "32": "2022-01-10", "33": "2022-01-11", "34": "2022-01-12", "35": "2022-01-13", "36": "2022-01-14", "37": "2022-01-18", "38": "2022-01-19", "39": "2022-01-20", "40": "2022-01-21", "41": "2022-01-24", "42": "2022-01-25", "43": "2022-01-26", "44": "2022-01-27", "45": "2022-01-28", "46": "2022-01-31", "47": "2022-02-01", "48": "2022-02-02", "49": "2022-02-03", "50": "2022-02-04", "51": "2022-02-07", "52": "2022-02-08", "53": "2022-02-09", "54": "2022-02-10", "55": "2022-02-11", "56": "2022-02-14", "57": "2022-02-15", "58": "2022-02-16", "59": "2022-02-17", "60": "2022-02-18", "61": "2022-02-22", "62": "2022-02-23", "63": "2022-02-24", "64": "2022-02-25", "65": "2022-02-28", "66": "2022-03-01", "67": "2022-03-02", "68": "2022-03-03", "69": "2022-03-04", "70": "2022-03-07", "71": "2022-03-08", "72": "2022-03-09", "73": "2022-03-10", "74": "2022-03-11", "75": "2022-03-14", "76": "2022-03-15", "77": "2022-03-16", "78": "2022-03-17", "79": "2022-03-18", "80": "2022-03-21", "81": "2022-03-22", "82": "2022-03-23", "83": "2022-03-24", "84": "2022-03-25", "85": "2022-03-28", "86": "2022-03-29", "87": "2022-03-30", "88": "2022-03-31", "89": "2022-04-01", "90": "2022-04-04", "91": "2022-04-05", "92": "2022-04-06", "93": "2022-04-07", "94": "2022-04-08", "95": "2022-04-11", "96": "2022-04-12", "97": "2022-04-13", "98": "2022-04-14", "99": "2022-04-18", "100": "2022-04-19", "101": "2022-04-20", "102": "2022-04-21", "103": "2022-04-22", "104": "2022-04-25", "105": "2022-04-26", "106": "2022-04-27", "107": "2022-04-28", "108": "2022-04-29", "109": "2022-05-02", "110": "2022-05-03", "111": "2022-05-04", "112": "2022-05-05", "113": "2022-05-06", "114": "2022-05-09", "115": "2022-05-10", "116": "2022-05-11", "117": "2022-05-12", "118": "2022-05-13", "119": "2022-05-16", "120": "2022-05-17", "121": "2022-05-18", "122": "2022-05-19", "123": "2022-05-20", "124": "2022-05-23", "125": "2022-05-24", "126": "2022-05-25", "127": "2022-05-26", "128": "2022-05-27", "129": "2022-05-31", "130": "2022-06-01", "131": "2022-06-02", "132": "2022-06-03", "133": "2022-06-06", "134": "2022-06-07", "135": "2022-06-08", "136": "2022-06-09", "137": "2022-06-10", "138": "2022-06-13", "139": "2022-06-14", "140": "2022-06-15", "141": "2022-06-16", "142": "2022-06-17", "143": "2022-06-21", "144": "2022-06-22", "145": "2022-06-23", "146": "2022-06-24", "147": "2022-06-27", "148": "2022-06-28", "149": "2022-06-29", "150": "2022-06-30", "151": "2022-07-01", "152": "2022-07-05", "153": "2022-07-06", "154": "2022-07-07", "155": "2022-07-08", "156": "2022-07-11", "157": "2022-07-12", "158": "2022-07-13", "159": "2022-07-14", "160": "2022-07-15", "161": "2022-07-18", "162": "2022-07-19", "163": "2022-07-20", "164": "2022-07-21", "165": "2022-07-22", "166": "2022-07-25", "167": "2022-07-26", "168": "2022-07-27", "169": "2022-07-28", "170": "2022-07-29", "171": "2022-08-01", "172": "2022-08-02", "173": "2022-08-03", "174": "2022-08-04", "175": "2022-08-05", "176": "2022-08-08", "177": "2022-08-09", "178": "2022-08-10", "179": "2022-08-11", "180": "2022-08-12", "181": "2022-08-15", "182": "2022-08-16", "183": "2022-08-17", "184": "2022-08-18", "185": "2022-08-19", "186": "2022-08-22", "187": "2022-08-23", "188": "2022-08-24", "189": "2022-08-25", "190": "2022-08-26", "191": "2022-08-29", "192": "2022-08-30", "193": "2022-08-31", "194": "2022-09-01", "195": "2022-09-02", "196": "2022-09-06", "197": "2022-09-07", "198": "2022-09-08", "199": "2022-09-09", "200": "2022-09-12", "201": "2022-09-13", "202": "2022-09-14", "203": "2022-09-15", "204": "2022-09-16", "205": "2022-09-19", "206": "2022-09-20", "207": "2022-09-21", "208": "2022-09-22", "209": "2022-09-23", "210": "2022-09-26", "211": "2022-09-27", "212": "2022-09-28", "213": "2022-09-29", "214": "2022-09-30", "215": "2022-10-03", "216": "2022-10-04", "217": "2022-10-05", "218": "2022-10-06", "219": "2022-10-07", "220": "2022-10-10", "221": "2022-10-11", "222": "2022-10-12", "223": "2022-10-13", "224": "2022-10-14", "225": "2022-10-17", "226": "2022-10-18", "227": "2022-10-19", "228": "2022-10-20", "229": "2022-10-21", "230": "2022-10-24", "231": "2022-10-25", "232": "2022-10-26", "233": "2022-10-27", "234": "2022-10-28", "235": "2022-10-31", "236": "2022-11-01", "237": "2022-11-02", "238": "2022-11-03", "239": "2022-11-04", "240": "2022-11-07", "241": "2022-11-08", "242": "2022-11-09", "243": "2022-11-10", "244": "2022-11-11", "245": "2022-11-14", "246": "2022-11-15", "247": "2022-11-16", "248": "2022-11-17", "249": "2022-11-18", "250": "2022-11-21", "251": "2022-11-22", "252": "2022-11-23", "253": "2022-11-25", "254": "2022-11-28", "255": "2022-11-29", "256": "2022-11-30", "257": "2022-12-01", "258": "2022-12-02", "259": "2022-12-05", "260": "2022-12-06", "261": "2022-12-07", "262": "2022-12-08", "263": "2022-12-09", "264": "2022-12-12", "265": "2022-12-13", "266": "2022-12-14", "267": "2022-12-15", "268": "2022-12-16", "269": "2022-12-19", "270": "2022-12-20", "271": "2022-12-21", "272": "2022-12-22", "273": "2022-12-23", "274": "2022-12-27", "275": "2022-12-28", "276": "2022-12-29", "277": "2022-12-30", "278": "2023-01-03", "279": "2023-01-04", "280": "2023-01-05", "281": "2023-01-06", "282": "2023-01-09", "283": "2023-01-10", "284": "2023-01-11", "285": "2023-01-12", "286": "2023-01-13", "287": "2023-01-17", "288": "2023-01-18", "289": "2023-01-19", "290": "2023-01-20", "291": "2023-01-23", "292": "2023-01-24", "293": "2023-01-25", "294": "2023-01-26", "295": "2023-01-27", "296": "2023-01-30", "297": "2023-01-31", "298": "2023-02-01", "299": "2023-02-02", "300": "2023-02-03", "301": "2023-02-06", "302": "2023-02-07", "303": "2023-02-08", "304": "2023-02-09", "305": "2023-02-10", "306": "2023-02-13", "307": "2023-02-14", "308": "2023-02-15", "309": "2023-02-16", "310": "2023-02-17", "311": "2023-02-21", "312": "2023-02-22", "313": "2023-02-23", "314": "2023-02-24", "315": "2023-02-27", "316": "2023-02-28", "317": "2023-03-01", "318": "2023-03-02", "319": "2023-03-03", "320": "2023-03-06", "321": "2023-03-07", "322": "2023-03-08", "323": "2023-03-09", "324": "2023-03-10", "325": "2023-03-13", "326": "2023-03-14", "327": "2023-03-15", "328": "2023-03-16", "329": "2023-03-17", "330": "2023-03-20", "331": "2023-03-21", "332": "2023-03-22", "333": "2023-03-23", "334": "2023-03-24", "335": "2023-03-27", "336": "2023-03-28", "337": "2023-03-29", "338": "2023-03-30", "339": "2023-03-31", "340": "2023-04-03", "341": "2023-04-04", "342": "2023-04-05", "343": "2023-04-06", "344": "2023-04-10", "345": "2023-04-11", "346": "2023-04-12", "347": "2023-04-13", "348": "2023-04-14", "349": "2023-04-17", "350": "2023-04-18", "351": "2023-04-19", "352": "2023-04-20", "353": "2023-04-21", "354": "2023-04-24", "355": "2023-04-25", "356": "2023-04-26", "357": "2023-04-27", "358": "2023-04-28", "359": "2023-05-01", "360": "2023-05-02", "361": "2023-05-03", "362": "2023-05-04", "363": "2023-05-05", "364": "2023-05-08", "365": "2023-05-09", "366": "2023-05-10", "367": "2023-05-11", "368": "2023-05-12", "369": "2023-05-15", "370": "2023-05-16", "371": "2023-05-17", "372": "2023-05-18", "373": "2023-05-19", "374": "2023-05-22", "375": "2023-05-23", "376": "2023-05-24", "377": "2023-05-25", "378": "2023-05-26", "379": "2023-05-30", "380": "2023-05-31", "381": "2023-06-01", "382": "2023-06-02", "383": "2023-06-05", "384": "2023-06-06", "385": "2023-06-07", "386": "2023-06-08", "387": "2023-06-09", "388": "2023-06-12", "389": "2023-06-13", "390": "2023-06-14", "391": "2023-06-15", "392": "2023-06-16", "393": "2023-06-20", "394": "2023-06-21", "395": "2023-06-22", "396": "2023-06-23", "397": "2023-06-26", "398": "2023-06-27", "399": "2023-06-28", "400": "2023-06-29"}, "open": {"0": 9.890000343322754, "1": 9.928999900817871, "2": 9.928999900817871, "3": 9.84000015258789, "4": 10.029999732971191, "5": 9.899999618530273, "6": 9.899999618530273, "7": 9.899999618530273, "8": 9.850000381469727, "9": 9.890000343322754, "10": 9.880000114440918, "11": 9.880000114440918, "12": 9.899999618530273, "13": 9.880000114440918, "14": 9.869999885559082, "15": 9.899999618530273, "16": 9.920000076293945, "17": 9.920000076293945, "18": 9.920000076293945, "19": 9.920000076293945, "20": 9.920000076293945, "21": 9.890000343322754, "22": 9.890000343322754, "23": 10.168000221252441, "24": 10.168000221252441, "25": 10.168000221252441, "26": 10.168000221252441, "27": 9.850000381469727, "28": 9.899999618530273, "29": 9.890000343322754, "30": 9.890000343322754, "31": 9.890000343322754, "32": 9.890000343322754, "33": 9.850000381469727, "34": 9.850000381469727, "35": 9.859999656677246, "36": 9.859999656677246, "37": 9.859999656677246, "38": 9.90999984741211, "39": 9.850000381469727, "40": 9.90999984741211, "41": 9.90999984741211, "42": 9.90999984741211, "43": 9.859999656677246, "44": 9.859999656677246, "45": 9.859999656677246, "46": 9.829999923706055, "47": 9.800000190734863, "48": 9.90999984741211, "49": 9.84000015258789, "50": 9.800000190734863, "51": 9.890000343322754, "52": 9.84000015258789, "53": 9.84000015258789, "54": 9.890000343322754, "55": 9.90999984741211, "56": 9.899999618530273, "57": 9.970000267028809, "58": 9.869999885559082, "59": 9.885000228881836, "60": 9.850000381469727, "61": 9.880000114440918, "62": 9.880000114440918, "63": 9.880000114440918, "64": 9.880000114440918, "65": 9.899999618530273, "66": 9.859999656677246, "67": 9.859999656677246, "68": 9.859999656677246, "69": 9.914999961853027, "70": 9.90999984741211, "71": 9.90999984741211, "72": 9.90999984741211, "73": 9.90999984741211, "74": 9.869999885559082, "75": 9.869999885559082, "76": 9.869999885559082, "77": 9.90999984741211, "78": 9.890000343322754, "79": 9.880000114440918, "80": 9.90999984741211, "81": 9.930000305175781, "82": 10.100000381469727, "83": 9.869999885559082, "84": 9.9399995803833, "85": 9.920000076293945, "86": 9.899999618530273, "87": 9.9399995803833, "88": 9.979999542236328, "89": 9.979999542236328, "90": 9.970000267028809, "91": 9.989999771118164, "92": 9.979999542236328, "93": 9.970000267028809, "94": 9.970000267028809, "95": 9.970000267028809, "96": 9.989999771118164, "97": 9.970000267028809, "98": 9.970000267028809, "99": 9.970000267028809, "100": 9.979999542236328, "101": 9.989999771118164, "102": 9.989999771118164, "103": 9.989999771118164, "104": 9.989999771118164, "105": 9.979999542236328, "106": 9.989999771118164, "107": 10.0, "108": 10.0, "109": 10.010000228881836, "110": 10.0, "111": 10.0, "112": 10.005000114440918, "113": 10.010000228881836, "114": 10.0, "115": 9.760000228881836, "116": 9.989999771118164, "117": 10.010000228881836, "118": 9.930000305175781, "119": 10.0, "120": 10.0, "121": 10.0, "122": 10.0, "123": 9.975000381469727, "124": 10.0, "125": 10.0, "126": 9.96500015258789, "127": 10.0, "128": 10.0, "129": 10.0, "130": 9.970000267028809, "131": 9.979999542236328, "132": 10.0, "133": 9.989999771118164, "134": 9.960000038146973, "135": 9.949999809265137, "136": 9.949999809265137, "137": 9.9399995803833, "138": 9.930000305175781, "139": 9.925000190734863, "140": 9.949000358581543, "141": 9.949000358581543, "142": 9.949000358581543, "143": 9.9399995803833, "144": 9.920000076293945, "145": 9.920000076293945, "146": 9.9399995803833, "147": 9.9399995803833, "148": 9.9399995803833, "149": 9.9399995803833, "150": 9.9399995803833, "151": 9.930000305175781, "152": 9.930000305175781, "153": 9.9399995803833, "154": 9.9399995803833, "155": 9.9399995803833, "156": 9.9399995803833, "157": 9.960000038146973, "158": 9.949999809265137, "159": 9.949999809265137, "160": 9.949999809265137, "161": 9.979999542236328, "162": 9.979999542236328, "163": 9.970000267028809, "164": 9.970000267028809, "165": 9.96500015258789, "166": 9.979999542236328, "167": 9.979999542236328, "168": 9.989999771118164, "169": 9.989999771118164, "170": 9.989999771118164, "171": 9.979999542236328, "172": 9.989999771118164, "173": 9.979999542236328, "174": 9.979999542236328, "175": 9.949999809265137, "176": 9.970000267028809, "177": 9.979999542236328, "178": 9.989999771118164, "179": 9.989999771118164, "180": 9.989999771118164, "181": 9.989999771118164, "182": 9.970000267028809, "183": 9.989999771118164, "184": 9.949999809265137, "185": 9.960000038146973, "186": 9.960000038146973, "187": 9.960000038146973, "188": 9.979999542236328, "189": 9.949999809265137, "190": 9.949999809265137, "191": 9.970000267028809, "192": 9.970000267028809, "193": 9.970000267028809, "194": 9.949999809265137, "195": 9.979999542236328, "196": 9.979999542236328, "197": 9.960000038146973, "198": 9.960000038146973, "199": 9.960000038146973, "200": 9.899999618530273, "201": 10.0, "202": 10.0, "203": 10.0, "204": 9.949999809265137, "205": 9.949999809265137, "206": 9.949999809265137, "207": 9.949999809265137, "208": 9.970000267028809, "209": 10.0, "210": 9.960000038146973, "211": 9.949999809265137, "212": 9.949999809265137, "213": 9.949999809265137, "214": 9.949999809265137, "215": 9.949999809265137, "216": 9.979999542236328, "217": 9.979999542236328, "218": 9.960000038146973, "219": 9.949999809265137, "220": 9.949999809265137, "221": 9.949999809265137, "222": 9.979999542236328, "223": 9.949999809265137, "224": 9.949999809265137, "225": 10.020000457763672, "226": 10.029999732971191, "227": 9.949999809265137, "228": 9.949999809265137, "229": 9.949999809265137, "230": 9.949999809265137, "231": 10.010000228881836, "232": 10.0, "233": 10.0, "234": 10.0, "235": 10.0, "236": 10.0, "237": 10.0, "238": 10.029999732971191, "239": 10.010000228881836, "240": 10.010000228881836, "241": 10.010000228881836, "242": 10.010000228881836, "243": 10.010000228881836, "244": 9.989999771118164, "245": 9.979999542236328, "246": 9.989999771118164, "247": 9.994999885559082, "248": 9.979999542236328, "249": 9.994999885559082, "250": 10.0, "251": 10.005000114440918, "252": 10.005000114440918, "253": 10.005000114440918, "254": 10.0, "255": 10.020000457763672, "256": 10.020000457763672, "257": 10.0, "258": 10.020000457763672, "259": 10.010000228881836, "260": 10.039999961853027, "261": 10.050000190734863, "262": 10.0600004196167, "263": 10.039999961853027, "264": 10.050000190734863, "265": 10.020000457763672, "266": 10.039999961853027, "267": 10.039999961853027, "268": 10.050000190734863, "269": 10.079999923706055, "270": 10.100000381469727, "271": 10.140000343322754, "272": 10.149999618530273, "273": 10.149999618530273, "274": 10.170000076293945, "275": 10.170000076293945, "276": 10.170000076293945, "277": 10.180000305175781, "278": 10.25, "279": 10.244999885559082, "280": 10.229999542236328, "281": 10.229999542236328, "282": 10.199999809265137, "283": 10.199999809265137, "284": 10.229999542236328, "285": 10.229999542236328, "286": 10.239999771118164, "287": 10.220000267028809, "288": 10.229999542236328, "289": 10.229999542236328, "290": 10.220000267028809, "291": 10.220000267028809, "292": 10.220000267028809, "293": 10.220000267028809, "294": 10.25, "295": 10.25, "296": 10.25, "297": 10.270000457763672, "298": 10.279999732971191, "299": 10.25, "300": 10.25, "301": 10.270000457763672, "302": 10.260000228881836, "303": 10.270000457763672, "304": 10.265000343322754, "305": 10.279999732971191, "306": 10.279999732971191, "307": 10.289999961853027, "308": 10.289999961853027, "309": 10.300000190734863, "310": 10.300000190734863, "311": 10.300000190734863, "312": 10.300000190734863, "313": 10.3100004196167, "314": 10.300000190734863, "315": 10.305000305175781, "316": 10.3100004196167, "317": 10.3100004196167, "318": 10.319999694824219, "319": 10.319999694824219, "320": 10.4399995803833, "321": 10.6899995803833, "322": 10.319999694824219, "323": 10.329999923706055, "324": 10.329999923706055, "325": 10.319999694824219, "326": 10.329999923706055, "327": 10.329999923706055, "328": 10.329999923706055, "329": 10.329999923706055, "330": 10.329999923706055, "331": 10.329999923706055, "332": 10.329999923706055, "333": 10.329999923706055, "334": 10.329999923706055, "335": 10.329999923706055, "336": 10.34000015258789, "337": 10.359999656677246, "338": 10.329999923706055, "339": 10.34000015258789, "340": 10.329999923706055, "341": 10.34000015258789, "342": 10.34000015258789, "343": 10.350000381469727, "344": 10.899999618530273, "345": 10.350000381469727, "346": 10.40999984741211, "347": 10.40999984741211, "348": 10.404999732971191, "349": 10.369999885559082, "350": 10.390000343322754, "351": 10.390000343322754, "352": 10.399999618530273, "353": 10.399999618530273, "354": 10.40999984741211, "355": 10.380000114440918, "356": 10.420000076293945, "357": 10.390000343322754, "358": 10.390000343322754, "359": 10.390000343322754, "360": 10.390000343322754, "361": 10.390000343322754, "362": 10.390000343322754, "363": 10.390000343322754, "364": 10.390000343322754, "365": 10.399999618530273, "366": 10.420000076293945, "367": 10.430000305175781, "368": 10.430000305175781, "369": 10.4350004196167, "370": 10.4399995803833, "371": 10.4399995803833, "372": 10.449999809265137, "373": 10.449999809265137, "374": 10.460000038146973, "375": 10.470000267028809, "376": 10.460000038146973, "377": 10.479999542236328, "378": 10.470000267028809, "379": 10.479999542236328, "380": 10.479999542236328, "381": 10.477999687194824, "382": 10.479999542236328, "383": 10.510000228881836, "384": 10.489999771118164, "385": 10.489999771118164, "386": 10.489999771118164, "387": 10.510000228881836, "388": 10.454999923706055, "389": 10.460000038146973, "390": 10.460000038146973, "391": 10.460000038146973, "392": 10.484999656677246, "393": 10.489999771118164, "394": 10.489999771118164, "395": 10.65999984741211, "396": 10.449999809265137, "397": 10.4399995803833, "398": 10.420000076293945, "399": 10.569999694824219, "400": 10.5}, "high": {"0": 9.890000343322754, "1": 9.928999900817871, "2": 9.928999900817871, "3": 9.890000343322754, "4": 10.029999732971191, "5": 9.899999618530273, "6": 9.899999618530273, "7": 9.899999618530273, "8": 9.90999984741211, "9": 9.890000343322754, "10": 9.920000076293945, "11": 9.930000305175781, "12": 9.899999618530273, "13": 9.890000343322754, "14": 9.869999885559082, "15": 9.90999984741211, "16": 9.920000076293945, "17": 9.920000076293945, "18": 9.920000076293945, "19": 9.920000076293945, "20": 9.920000076293945, "21": 9.890000343322754, "22": 9.890000343322754, "23": 10.168000221252441, "24": 10.168000221252441, "25": 10.168000221252441, "26": 10.168000221252441, "27": 9.9350004196167, "28": 9.899999618530273, "29": 9.890000343322754, "30": 9.890000343322754, "31": 9.890000343322754, "32": 9.890000343322754, "33": 9.850000381469727, "34": 9.899999618530273, "35": 9.859999656677246, "36": 9.859999656677246, "37": 9.859999656677246, "38": 9.90999984741211, "39": 9.90999984741211, "40": 9.90999984741211, "41": 9.90999984741211, "42": 9.90999984741211, "43": 9.859999656677246, "44": 9.859999656677246, "45": 9.859999656677246, "46": 9.880000114440918, "47": 9.930000305175781, "48": 9.930000305175781, "49": 9.90999984741211, "50": 9.800000190734863, "51": 9.890000343322754, "52": 9.84000015258789, "53": 9.84000015258789, "54": 9.899999618530273, "55": 9.994999885559082, "56": 9.899999618530273, "57": 9.970000267028809, "58": 9.869999885559082, "59": 9.885000228881836, "60": 9.880000114440918, "61": 9.880000114440918, "62": 9.880000114440918, "63": 9.880000114440918, "64": 9.880000114440918, "65": 9.979999542236328, "66": 9.859999656677246, "67": 9.859999656677246, "68": 9.859999656677246, "69": 9.914999961853027, "70": 9.90999984741211, "71": 9.90999984741211, "72": 9.90999984741211, "73": 9.90999984741211, "74": 9.880000114440918, "75": 9.869999885559082, "76": 9.869999885559082, "77": 9.920000076293945, "78": 9.890000343322754, "79": 9.880000114440918, "80": 10.079999923706055, "81": 9.930000305175781, "82": 10.100000381469727, "83": 9.869999885559082, "84": 9.9399995803833, "85": 9.920000076293945, "86": 9.920000076293945, "87": 9.960000038146973, "88": 10.010000228881836, "89": 9.989999771118164, "90": 9.989999771118164, "91": 10.0, "92": 9.979999542236328, "93": 9.973999977111816, "94": 9.970000267028809, "95": 9.970000267028809, "96": 9.989999771118164, "97": 9.970999717712402, "98": 9.970000267028809, "99": 9.970000267028809, "100": 9.979999542236328, "101": 9.989999771118164, "102": 9.989999771118164, "103": 9.989999771118164, "104": 9.989999771118164, "105": 9.989999771118164, "106": 9.989999771118164, "107": 10.005000114440918, "108": 10.0, "109": 10.010000228881836, "110": 10.0, "111": 10.0, "112": 10.005000114440918, "113": 10.015000343322754, "114": 10.0, "115": 10.0, "116": 9.989999771118164, "117": 10.010000228881836, "118": 9.970000267028809, "119": 10.0, "120": 10.0, "121": 10.0, "122": 10.0, "123": 10.0, "124": 10.0, "125": 10.0, "126": 9.96500015258789, "127": 10.0, "128": 10.0, "129": 10.0, "130": 10.0, "131": 9.989999771118164, "132": 10.0, "133": 9.989999771118164, "134": 9.970000267028809, "135": 9.949999809265137, "136": 9.949999809265137, "137": 9.9399995803833, "138": 9.930000305175781, "139": 9.925000190734863, "140": 9.949000358581543, "141": 9.949000358581543, "142": 9.949000358581543, "143": 9.9399995803833, "144": 9.920000076293945, "145": 9.920000076293945, "146": 9.9399995803833, "147": 9.9399995803833, "148": 9.9399995803833, "149": 9.9399995803833, "150": 9.9399995803833, "151": 9.930000305175781, "152": 9.949999809265137, "153": 9.949999809265137, "154": 9.9399995803833, "155": 9.9399995803833, "156": 9.949999809265137, "157": 9.960000038146973, "158": 9.949999809265137, "159": 9.960000038146973, "160": 9.979999542236328, "161": 9.979999542236328, "162": 9.979999542236328, "163": 9.970000267028809, "164": 9.970000267028809, "165": 9.96500015258789, "166": 9.979999542236328, "167": 9.989999771118164, "168": 9.989999771118164, "169": 9.989999771118164, "170": 9.989999771118164, "171": 9.989999771118164, "172": 9.989999771118164, "173": 9.979999542236328, "174": 9.979999542236328, "175": 9.949999809265137, "176": 9.989999771118164, "177": 9.989999771118164, "178": 10.0, "179": 10.0, "180": 9.989999771118164, "181": 10.0, "182": 9.989999771118164, "183": 10.0, "184": 9.949999809265137, "185": 9.960000038146973, "186": 9.960000038146973, "187": 9.960000038146973, "188": 9.989999771118164, "189": 9.949999809265137, "190": 9.949999809265137, "191": 9.970000267028809, "192": 9.970000267028809, "193": 9.970000267028809, "194": 9.979999542236328, "195": 9.979999542236328, "196": 9.979999542236328, "197": 9.960000038146973, "198": 9.960000038146973, "199": 9.960000038146973, "200": 10.0, "201": 10.0, "202": 10.0, "203": 10.0, "204": 9.949999809265137, "205": 9.949999809265137, "206": 9.949999809265137, "207": 9.949999809265137, "208": 9.970000267028809, "209": 10.020000457763672, "210": 9.960000038146973, "211": 9.949999809265137, "212": 9.949999809265137, "213": 9.949999809265137, "214": 9.949999809265137, "215": 10.0, "216": 9.979999542236328, "217": 9.979999542236328, "218": 9.960000038146973, "219": 9.949999809265137, "220": 9.949999809265137, "221": 10.050000190734863, "222": 9.979999542236328, "223": 9.949999809265137, "224": 9.949999809265137, "225": 10.020000457763672, "226": 10.029999732971191, "227": 9.949999809265137, "228": 9.949999809265137, "229": 9.949999809265137, "230": 9.949999809265137, "231": 10.039999961853027, "232": 10.0, "233": 10.0, "234": 10.0, "235": 10.0, "236": 10.0, "237": 10.0, "238": 10.029999732971191, "239": 10.010000228881836, "240": 10.010000228881836, "241": 10.010000228881836, "242": 10.010000228881836, "243": 10.010000228881836, "244": 10.010000228881836, "245": 9.979999542236328, "246": 9.989999771118164, "247": 9.994999885559082, "248": 10.0, "249": 10.0, "250": 10.010000228881836, "251": 10.005000114440918, "252": 10.005000114440918, "253": 10.005000114440918, "254": 10.020000457763672, "255": 10.020000457763672, "256": 10.020000457763672, "257": 10.020000457763672, "258": 10.020000457763672, "259": 10.020000457763672, "260": 10.039999961853027, "261": 10.050000190734863, "262": 10.0600004196167, "263": 10.039999961853027, "264": 10.050000190734863, "265": 10.050000190734863, "266": 10.045000076293945, "267": 10.039999961853027, "268": 10.069999694824219, "269": 10.100000381469727, "270": 10.140000343322754, "271": 10.140000343322754, "272": 10.15999984741211, "273": 10.15999984741211, "274": 10.170000076293945, "275": 10.170000076293945, "276": 10.170000076293945, "277": 10.279999732971191, "278": 10.25, "279": 10.244999885559082, "280": 10.229999542236328, "281": 10.229999542236328, "282": 10.199999809265137, "283": 10.210000038146973, "284": 10.229999542236328, "285": 10.241999626159668, "286": 10.239999771118164, "287": 10.229999542236328, "288": 10.229999542236328, "289": 10.229999542236328, "290": 10.220000267028809, "291": 10.220000267028809, "292": 10.225000381469727, "293": 10.229999542236328, "294": 10.25, "295": 10.25, "296": 10.25, "297": 10.270000457763672, "298": 10.279999732971191, "299": 10.25, "300": 10.25, "301": 10.270000457763672, "302": 10.270000457763672, "303": 10.270000457763672, "304": 10.279999732971191, "305": 10.289999961853027, "306": 10.289999961853027, "307": 10.289999961853027, "308": 10.300000190734863, "309": 10.300000190734863, "310": 10.300000190734863, "311": 10.300000190734863, "312": 10.3100004196167, "313": 10.3100004196167, "314": 10.3100004196167, "315": 10.3100004196167, "316": 10.3100004196167, "317": 10.345000267028809, "318": 10.319999694824219, "319": 10.319999694824219, "320": 10.4399995803833, "321": 10.6899995803833, "322": 10.4399995803833, "323": 10.329999923706055, "324": 10.329999923706055, "325": 10.329999923706055, "326": 10.329999923706055, "327": 10.329999923706055, "328": 10.329999923706055, "329": 10.329999923706055, "330": 10.329999923706055, "331": 10.329999923706055, "332": 10.329999923706055, "333": 10.329999923706055, "334": 10.329999923706055, "335": 10.329999923706055, "336": 10.34000015258789, "337": 10.359999656677246, "338": 10.34000015258789, "339": 10.34000015258789, "340": 10.335000038146973, "341": 10.34000015258789, "342": 10.34000015258789, "343": 10.40999984741211, "344": 10.899999618530273, "345": 10.40999984741211, "346": 10.40999984741211, "347": 10.40999984741211, "348": 10.404999732971191, "349": 10.399999618530273, "350": 10.390000343322754, "351": 10.399999618530273, "352": 10.399999618530273, "353": 10.399999618530273, "354": 10.420000076293945, "355": 10.420000076293945, "356": 10.420000076293945, "357": 10.390000343322754, "358": 10.390000343322754, "359": 10.390000343322754, "360": 10.390000343322754, "361": 10.390000343322754, "362": 10.390000343322754, "363": 10.390000343322754, "364": 10.399999618530273, "365": 10.420000076293945, "366": 10.420000076293945, "367": 10.430000305175781, "368": 10.430000305175781, "369": 10.449999809265137, "370": 10.4399995803833, "371": 10.4399995803833, "372": 10.470000267028809, "373": 10.520000457763672, "374": 10.470000267028809, "375": 10.470000267028809, "376": 10.479999542236328, "377": 10.479999542236328, "378": 10.479999542236328, "379": 10.479999542236328, "380": 10.479999542236328, "381": 10.489999771118164, "382": 10.489999771118164, "383": 10.5600004196167, "384": 10.489999771118164, "385": 10.489999771118164, "386": 10.510000228881836, "387": 10.510000228881836, "388": 10.5, "389": 10.479999542236328, "390": 10.460000038146973, "391": 10.460000038146973, "392": 10.484999656677246, "393": 10.5, "394": 10.5, "395": 11.5, "396": 10.449999809265137, "397": 10.4399995803833, "398": 11.109999656677246, "399": 11.069999694824219, "400": 10.930000305175781}, "low": {"0": 9.890000343322754, "1": 9.928999900817871, "2": 9.928999900817871, "3": 9.84000015258789, "4": 9.859999656677246, "5": 9.899999618530273, "6": 9.899999618530273, "7": 9.899999618530273, "8": 9.850000381469727, "9": 9.890000343322754, "10": 9.880000114440918, "11": 9.880000114440918, "12": 9.84000015258789, "13": 9.850000381469727, "14": 9.869999885559082, "15": 9.880000114440918, "16": 9.920000076293945, "17": 9.920000076293945, "18": 9.920000076293945, "19": 9.920000076293945, "20": 9.850000381469727, "21": 9.890000343322754, "22": 9.890000343322754, "23": 10.168000221252441, "24": 10.168000221252441, "25": 10.168000221252441, "26": 10.168000221252441, "27": 9.850000381469727, "28": 9.899999618530273, "29": 9.890000343322754, "30": 9.890000343322754, "31": 9.890000343322754, "32": 9.890000343322754, "33": 9.850000381469727, "34": 9.850000381469727, "35": 9.850000381469727, "36": 9.859999656677246, "37": 9.859999656677246, "38": 9.850000381469727, "39": 9.850000381469727, "40": 9.90999984741211, "41": 9.90999984741211, "42": 9.90999984741211, "43": 9.859999656677246, "44": 9.859999656677246, "45": 9.859999656677246, "46": 9.800000190734863, "47": 9.800000190734863, "48": 9.84000015258789, "49": 9.800000190734863, "50": 9.800000190734863, "51": 9.8100004196167, "52": 9.84000015258789, "53": 9.84000015258789, "54": 9.890000343322754, "55": 9.84000015258789, "56": 9.899999618530273, "57": 9.850000381469727, "58": 9.869999885559082, "59": 9.885000228881836, "60": 9.850000381469727, "61": 9.880000114440918, "62": 9.880000114440918, "63": 9.880000114440918, "64": 9.880000114440918, "65": 9.859999656677246, "66": 9.859999656677246, "67": 9.859999656677246, "68": 9.859999656677246, "69": 9.90999984741211, "70": 9.90999984741211, "71": 9.90999984741211, "72": 9.90999984741211, "73": 9.90999984741211, "74": 9.869999885559082, "75": 9.869999885559082, "76": 9.869999885559082, "77": 9.880000114440918, "78": 9.880000114440918, "79": 9.880000114440918, "80": 9.90999984741211, "81": 9.90999984741211, "82": 9.869999885559082, "83": 9.869999885559082, "84": 9.920000076293945, "85": 9.920000076293945, "86": 9.869999885559082, "87": 9.9399995803833, "88": 9.970000267028809, "89": 9.970000267028809, "90": 9.970000267028809, "91": 9.979999542236328, "92": 9.970000267028809, "93": 9.970000267028809, "94": 9.970000267028809, "95": 9.970000267028809, "96": 9.970000267028809, "97": 9.970000267028809, "98": 9.970000267028809, "99": 9.970000267028809, "100": 9.970000267028809, "101": 9.989999771118164, "102": 9.989999771118164, "103": 9.989999771118164, "104": 9.989999771118164, "105": 9.960000038146973, "106": 9.989999771118164, "107": 10.0, "108": 10.0, "109": 10.0, "110": 10.0, "111": 10.0, "112": 10.0, "113": 10.0, "114": 10.0, "115": 9.699999809265137, "116": 9.970000267028809, "117": 9.930000305175781, "118": 9.930000305175781, "119": 9.9399995803833, "120": 9.930000305175781, "121": 10.0, "122": 10.0, "123": 9.975000381469727, "124": 10.0, "125": 10.0, "126": 9.96500015258789, "127": 10.0, "128": 10.0, "129": 9.989999771118164, "130": 9.970000267028809, "131": 9.960000038146973, "132": 9.989999771118164, "133": 9.989999771118164, "134": 9.960000038146973, "135": 9.949999809265137, "136": 9.949999809265137, "137": 9.920000076293945, "138": 9.925000190734863, "139": 9.925000190734863, "140": 9.949000358581543, "141": 9.949000358581543, "142": 9.949000358581543, "143": 9.9399995803833, "144": 9.920000076293945, "145": 9.920000076293945, "146": 9.9399995803833, "147": 9.9399995803833, "148": 9.9399995803833, "149": 9.9399995803833, "150": 9.9399995803833, "151": 9.930000305175781, "152": 9.930000305175781, "153": 9.9399995803833, "154": 9.9399995803833, "155": 9.9399995803833, "156": 9.9399995803833, "157": 9.949999809265137, "158": 9.949999809265137, "159": 9.949999809265137, "160": 9.949999809265137, "161": 9.979999542236328, "162": 9.979999542236328, "163": 9.970000267028809, "164": 9.970000267028809, "165": 9.96500015258789, "166": 9.979999542236328, "167": 9.979999542236328, "168": 9.989999771118164, "169": 9.989999771118164, "170": 9.989999771118164, "171": 9.979999542236328, "172": 9.979999542236328, "173": 9.979999542236328, "174": 9.979999542236328, "175": 9.949999809265137, "176": 9.970000267028809, "177": 9.979999542236328, "178": 9.989999771118164, "179": 9.989999771118164, "180": 9.989999771118164, "181": 9.989999771118164, "182": 9.970000267028809, "183": 9.989999771118164, "184": 9.949999809265137, "185": 9.960000038146973, "186": 9.960000038146973, "187": 9.960000038146973, "188": 9.949999809265137, "189": 9.949999809265137, "190": 9.949999809265137, "191": 9.970000267028809, "192": 9.970000267028809, "193": 9.970000267028809, "194": 9.949999809265137, "195": 9.979999542236328, "196": 9.979999542236328, "197": 9.960000038146973, "198": 9.960000038146973, "199": 9.960000038146973, "200": 9.899999618530273, "201": 10.0, "202": 10.0, "203": 10.0, "204": 9.949999809265137, "205": 9.949999809265137, "206": 9.949999809265137, "207": 9.949999809265137, "208": 9.970000267028809, "209": 10.0, "210": 9.949999809265137, "211": 9.949999809265137, "212": 9.949999809265137, "213": 9.949999809265137, "214": 9.949999809265137, "215": 9.949999809265137, "216": 9.979999542236328, "217": 9.979999542236328, "218": 9.960000038146973, "219": 9.949999809265137, "220": 9.949999809265137, "221": 9.949999809265137, "222": 9.979999542236328, "223": 9.949999809265137, "224": 9.949999809265137, "225": 10.0, "226": 9.949999809265137, "227": 9.949999809265137, "228": 9.949999809265137, "229": 9.949999809265137, "230": 9.949999809265137, "231": 9.949999809265137, "232": 10.0, "233": 10.0, "234": 10.0, "235": 10.0, "236": 10.0, "237": 10.0, "238": 10.029999732971191, "239": 10.010000228881836, "240": 10.010000228881836, "241": 10.010000228881836, "242": 10.010000228881836, "243": 9.989999771118164, "244": 9.975000381469727, "245": 9.979999542236328, "246": 9.984999656677246, "247": 9.989999771118164, "248": 9.979999542236328, "249": 9.989999771118164, "250": 10.0, "251": 10.005000114440918, "252": 10.005000114440918, "253": 10.005000114440918, "254": 9.989999771118164, "255": 10.0, "256": 10.015000343322754, "257": 10.0, "258": 10.020000457763672, "259": 10.0, "260": 10.0, "261": 10.039999961853027, "262": 10.039999961853027, "263": 10.039999961853027, "264": 10.020000457763672, "265": 10.020000457763672, "266": 10.039999961853027, "267": 10.039999961853027, "268": 10.050000190734863, "269": 10.079999923706055, "270": 10.100000381469727, "271": 10.140000343322754, "272": 10.149999618530273, "273": 10.149999618530273, "274": 10.154999732971191, "275": 10.170000076293945, "276": 10.170000076293945, "277": 10.180000305175781, "278": 10.244999885559082, "279": 10.244999885559082, "280": 10.229999542236328, "281": 10.229999542236328, "282": 10.149999618530273, "283": 10.199999809265137, "284": 10.229999542236328, "285": 10.229999542236328, "286": 10.239999771118164, "287": 10.220000267028809, "288": 10.229999542236328, "289": 10.229999542236328, "290": 10.220000267028809, "291": 10.220000267028809, "292": 10.220000267028809, "293": 10.220000267028809, "294": 10.234999656677246, "295": 10.25, "296": 10.25, "297": 10.270000457763672, "298": 10.25, "299": 10.25, "300": 10.25, "301": 10.270000457763672, "302": 10.260000228881836, "303": 10.270000457763672, "304": 10.265000343322754, "305": 10.279999732971191, "306": 10.279999732971191, "307": 10.289999961853027, "308": 10.288000106811523, "309": 10.300000190734863, "310": 10.300000190734863, "311": 10.300000190734863, "312": 10.274999618530273, "313": 10.305000305175781, "314": 10.300000190734863, "315": 10.300000190734863, "316": 10.305000305175781, "317": 10.3100004196167, "318": 10.319999694824219, "319": 10.319999694824219, "320": 10.319999694824219, "321": 10.319999694824219, "322": 10.319999694824219, "323": 10.329999923706055, "324": 10.319999694824219, "325": 10.319999694824219, "326": 10.319999694824219, "327": 10.329999923706055, "328": 10.329999923706055, "329": 10.329999923706055, "330": 10.329999923706055, "331": 10.329999923706055, "332": 10.329999923706055, "333": 10.329999923706055, "334": 10.329999923706055, "335": 10.329999923706055, "336": 10.329999923706055, "337": 10.319999694824219, "338": 10.329999923706055, "339": 10.335000038146973, "340": 10.329999923706055, "341": 10.34000015258789, "342": 10.34000015258789, "343": 10.34000015258789, "344": 10.350000381469727, "345": 10.350000381469727, "346": 10.40999984741211, "347": 10.359999656677246, "348": 10.380000114440918, "349": 10.359999656677246, "350": 10.390000343322754, "351": 10.390000343322754, "352": 10.399999618530273, "353": 10.399999618530273, "354": 10.40999984741211, "355": 10.380000114440918, "356": 10.369999885559082, "357": 10.390000343322754, "358": 10.390000343322754, "359": 10.390000343322754, "360": 10.390000343322754, "361": 10.390000343322754, "362": 10.390000343322754, "363": 10.390000343322754, "364": 10.390000343322754, "365": 10.399999618530273, "366": 10.420000076293945, "367": 10.430000305175781, "368": 10.430000305175781, "369": 10.4350004196167, "370": 10.4399995803833, "371": 10.4399995803833, "372": 10.449999809265137, "373": 10.449999809265137, "374": 10.449999809265137, "375": 10.449999809265137, "376": 10.460000038146973, "377": 10.479999542236328, "378": 10.470000267028809, "379": 10.479999542236328, "380": 10.470000267028809, "381": 10.470000267028809, "382": 10.479999542236328, "383": 10.489999771118164, "384": 10.489999771118164, "385": 10.489999771118164, "386": 10.470000267028809, "387": 10.510000228881836, "388": 10.454999923706055, "389": 10.460000038146973, "390": 10.460000038146973, "391": 10.460000038146973, "392": 10.484999656677246, "393": 10.470000267028809, "394": 10.470000267028809, "395": 10.449999809265137, "396": 10.4399995803833, "397": 10.4399995803833, "398": 10.420000076293945, "399": 10.510000228881836, "400": 10.359999656677246}, "close": {"0": 9.890000343322754, "1": 9.928999900817871, "2": 9.928999900817871, "3": 9.880000114440918, "4": 9.899999618530273, "5": 9.899999618530273, "6": 9.899999618530273, "7": 9.899999618530273, "8": 9.890000343322754, "9": 9.890000343322754, "10": 9.920000076293945, "11": 9.930000305175781, "12": 9.890000343322754, "13": 9.869999885559082, "14": 9.869999885559082, "15": 9.880000114440918, "16": 9.920000076293945, "17": 9.920000076293945, "18": 9.920000076293945, "19": 9.920000076293945, "20": 9.890000343322754, "21": 9.890000343322754, "22": 9.890000343322754, "23": 10.168000221252441, "24": 10.168000221252441, "25": 10.168000221252441, "26": 10.168000221252441, "27": 9.899999618530273, "28": 9.899999618530273, "29": 9.890000343322754, "30": 9.890000343322754, "31": 9.890000343322754, "32": 9.890000343322754, "33": 9.850000381469727, "34": 9.880000114440918, "35": 9.859999656677246, "36": 9.859999656677246, "37": 9.859999656677246, "38": 9.850000381469727, "39": 9.90999984741211, "40": 9.90999984741211, "41": 9.90999984741211, "42": 9.90999984741211, "43": 9.859999656677246, "44": 9.859999656677246, "45": 9.859999656677246, "46": 9.850000381469727, "47": 9.875, "48": 9.84000015258789, "49": 9.800000190734863, "50": 9.800000190734863, "51": 9.84000015258789, "52": 9.84000015258789, "53": 9.84000015258789, "54": 9.899999618530273, "55": 9.899999618530273, "56": 9.899999618530273, "57": 9.869999885559082, "58": 9.869999885559082, "59": 9.885000228881836, "60": 9.880000114440918, "61": 9.880000114440918, "62": 9.880000114440918, "63": 9.880000114440918, "64": 9.880000114440918, "65": 9.859999656677246, "66": 9.859999656677246, "67": 9.859999656677246, "68": 9.859999656677246, "69": 9.90999984741211, "70": 9.90999984741211, "71": 9.90999984741211, "72": 9.90999984741211, "73": 9.90999984741211, "74": 9.869999885559082, "75": 9.869999885559082, "76": 9.869999885559082, "77": 9.880000114440918, "78": 9.880000114440918, "79": 9.880000114440918, "80": 9.916000366210938, "81": 9.90999984741211, "82": 9.869999885559082, "83": 9.869999885559082, "84": 9.920000076293945, "85": 9.920000076293945, "86": 9.90999984741211, "87": 9.9399995803833, "88": 9.970000267028809, "89": 9.970000267028809, "90": 9.989999771118164, "91": 9.979999542236328, "92": 9.970000267028809, "93": 9.970000267028809, "94": 9.970000267028809, "95": 9.970000267028809, "96": 9.970000267028809, "97": 9.970000267028809, "98": 9.970000267028809, "99": 9.970000267028809, "100": 9.979999542236328, "101": 9.989999771118164, "102": 9.989999771118164, "103": 9.989999771118164, "104": 9.989999771118164, "105": 9.989999771118164, "106": 9.989999771118164, "107": 10.0, "108": 10.0, "109": 10.0, "110": 10.0, "111": 10.0, "112": 10.0, "113": 10.0, "114": 10.0, "115": 9.930000305175781, "116": 9.970000267028809, "117": 9.930000305175781, "118": 9.970000267028809, "119": 9.984999656677246, "120": 10.0, "121": 10.0, "122": 10.0, "123": 10.0, "124": 10.0, "125": 10.0, "126": 9.96500015258789, "127": 10.0, "128": 10.0, "129": 9.989999771118164, "130": 9.970000267028809, "131": 9.989999771118164, "132": 9.989999771118164, "133": 9.989999771118164, "134": 9.970000267028809, "135": 9.949999809265137, "136": 9.949999809265137, "137": 9.920000076293945, "138": 9.925000190734863, "139": 9.925000190734863, "140": 9.949000358581543, "141": 9.949000358581543, "142": 9.949000358581543, "143": 9.9399995803833, "144": 9.920000076293945, "145": 9.920000076293945, "146": 9.9399995803833, "147": 9.9399995803833, "148": 9.9399995803833, "149": 9.9399995803833, "150": 9.9399995803833, "151": 9.930000305175781, "152": 9.944999694824219, "153": 9.9399995803833, "154": 9.9399995803833, "155": 9.9399995803833, "156": 9.9399995803833, "157": 9.960000038146973, "158": 9.949999809265137, "159": 9.960000038146973, "160": 9.979999542236328, "161": 9.979999542236328, "162": 9.979999542236328, "163": 9.970000267028809, "164": 9.970000267028809, "165": 9.96500015258789, "166": 9.979999542236328, "167": 9.989999771118164, "168": 9.989999771118164, "169": 9.989999771118164, "170": 9.989999771118164, "171": 9.989999771118164, "172": 9.979999542236328, "173": 9.979999542236328, "174": 9.979999542236328, "175": 9.949999809265137, "176": 9.989999771118164, "177": 9.989999771118164, "178": 9.989999771118164, "179": 10.0, "180": 9.989999771118164, "181": 9.989999771118164, "182": 9.989999771118164, "183": 10.0, "184": 9.949999809265137, "185": 9.960000038146973, "186": 9.960000038146973, "187": 9.960000038146973, "188": 9.949999809265137, "189": 9.949999809265137, "190": 9.949999809265137, "191": 9.970000267028809, "192": 9.970000267028809, "193": 9.970000267028809, "194": 9.979999542236328, "195": 9.979999542236328, "196": 9.979999542236328, "197": 9.960000038146973, "198": 9.960000038146973, "199": 9.960000038146973, "200": 10.0, "201": 10.0, "202": 10.0, "203": 10.0, "204": 9.949999809265137, "205": 9.949999809265137, "206": 9.949999809265137, "207": 9.949999809265137, "208": 9.970000267028809, "209": 10.020000457763672, "210": 9.949999809265137, "211": 9.949999809265137, "212": 9.949999809265137, "213": 9.949999809265137, "214": 9.949999809265137, "215": 10.0, "216": 9.979999542236328, "217": 9.979999542236328, "218": 9.960000038146973, "219": 9.949999809265137, "220": 9.949999809265137, "221": 10.050000190734863, "222": 9.979999542236328, "223": 9.949999809265137, "224": 9.949999809265137, "225": 10.020000457763672, "226": 9.949999809265137, "227": 9.949999809265137, "228": 9.949999809265137, "229": 9.949999809265137, "230": 9.949999809265137, "231": 9.949999809265137, "232": 10.0, "233": 10.0, "234": 10.0, "235": 10.0, "236": 10.0, "237": 10.0, "238": 10.029999732971191, "239": 10.010000228881836, "240": 10.010000228881836, "241": 10.010000228881836, "242": 10.010000228881836, "243": 9.989999771118164, "244": 9.979999542236328, "245": 9.979999542236328, "246": 9.989999771118164, "247": 9.989999771118164, "248": 9.989999771118164, "249": 9.989999771118164, "250": 10.005000114440918, "251": 10.005000114440918, "252": 10.005000114440918, "253": 10.005000114440918, "254": 10.005000114440918, "255": 10.0, "256": 10.015000343322754, "257": 10.020000457763672, "258": 10.020000457763672, "259": 10.010000228881836, "260": 10.0, "261": 10.039999961853027, "262": 10.039999961853027, "263": 10.039999961853027, "264": 10.020000457763672, "265": 10.039999961853027, "266": 10.039999961853027, "267": 10.039999961853027, "268": 10.0600004196167, "269": 10.100000381469727, "270": 10.140000343322754, "271": 10.140000343322754, "272": 10.15999984741211, "273": 10.149999618530273, "274": 10.170000076293945, "275": 10.170000076293945, "276": 10.170000076293945, "277": 10.210000038146973, "278": 10.244999885559082, "279": 10.244999885559082, "280": 10.229999542236328, "281": 10.229999542236328, "282": 10.199999809265137, "283": 10.210000038146973, "284": 10.229999542236328, "285": 10.241999626159668, "286": 10.239999771118164, "287": 10.229999542236328, "288": 10.229999542236328, "289": 10.229999542236328, "290": 10.220000267028809, "291": 10.220000267028809, "292": 10.220000267028809, "293": 10.229999542236328, "294": 10.244999885559082, "295": 10.25, "296": 10.25, "297": 10.270000457763672, "298": 10.25, "299": 10.25, "300": 10.25, "301": 10.270000457763672, "302": 10.270000457763672, "303": 10.270000457763672, "304": 10.279999732971191, "305": 10.279999732971191, "306": 10.289999961853027, "307": 10.289999961853027, "308": 10.300000190734863, "309": 10.300000190734863, "310": 10.300000190734863, "311": 10.300000190734863, "312": 10.3100004196167, "313": 10.3100004196167, "314": 10.3100004196167, "315": 10.3100004196167, "316": 10.3100004196167, "317": 10.319999694824219, "318": 10.319999694824219, "319": 10.319999694824219, "320": 10.319999694824219, "321": 10.319999694824219, "322": 10.319999694824219, "323": 10.329999923706055, "324": 10.319999694824219, "325": 10.324999809265137, "326": 10.319999694824219, "327": 10.329999923706055, "328": 10.329999923706055, "329": 10.329999923706055, "330": 10.329999923706055, "331": 10.329999923706055, "332": 10.329999923706055, "333": 10.329999923706055, "334": 10.329999923706055, "335": 10.329999923706055, "336": 10.329999923706055, "337": 10.34000015258789, "338": 10.34000015258789, "339": 10.34000015258789, "340": 10.335000038146973, "341": 10.34000015258789, "342": 10.34000015258789, "343": 10.40999984741211, "344": 10.40999984741211, "345": 10.40999984741211, "346": 10.40999984741211, "347": 10.399999618530273, "348": 10.390000343322754, "349": 10.390000343322754, "350": 10.390000343322754, "351": 10.399999618530273, "352": 10.399999618530273, "353": 10.399999618530273, "354": 10.40999984741211, "355": 10.399999618530273, "356": 10.390000343322754, "357": 10.390000343322754, "358": 10.390000343322754, "359": 10.390000343322754, "360": 10.390000343322754, "361": 10.390000343322754, "362": 10.390000343322754, "363": 10.390000343322754, "364": 10.399999618530273, "365": 10.420000076293945, "366": 10.420000076293945, "367": 10.430000305175781, "368": 10.430000305175781, "369": 10.449999809265137, "370": 10.4399995803833, "371": 10.4399995803833, "372": 10.454999923706055, "373": 10.454999923706055, "374": 10.449999809265137, "375": 10.470000267028809, "376": 10.479999542236328, "377": 10.479999542236328, "378": 10.479999542236328, "379": 10.479999542236328, "380": 10.470000267028809, "381": 10.489999771118164, "382": 10.489999771118164, "383": 10.494999885559082, "384": 10.489999771118164, "385": 10.489999771118164, "386": 10.510000228881836, "387": 10.510000228881836, "388": 10.475000381469727, "389": 10.472000122070312, "390": 10.460000038146973, "391": 10.460000038146973, "392": 10.484999656677246, "393": 10.475000381469727, "394": 10.484999656677246, "395": 10.470000267028809, "396": 10.4399995803833, "397": 10.4399995803833, "398": 10.489999771118164, "399": 10.579999923706055, "400": 10.579999923706055}, "volume": {"0": 300, "1": 100, "2": 0, "3": 32300, "4": 556900, "5": 0, "6": 0, "7": 0, "8": 600, "9": 0, "10": 3800, "11": 24300, "12": 84600, "13": 409100, "14": 0, "15": 5700, "16": 1000, "17": 0, "18": 0, "19": 0, "20": 16900, "21": 0, "22": 0, "23": 200, "24": 0, "25": 0, "26": 0, "27": 28900, "28": 0, "29": 300, "30": 0, "31": 0, "32": 0, "33": 100, "34": 667800, "35": 82000, "36": 0, "37": 0, "38": 500, "39": 4000, "40": 0, "41": 0, "42": 0, "43": 200, "44": 235100, "45": 0, "46": 883900, "47": 13400, "48": 7400, "49": 9100, "50": 0, "51": 107000, "52": 0, "53": 0, "54": 400, "55": 119100, "56": 0, "57": 6900, "58": 0, "59": 300000, "60": 700, "61": 0, "62": 0, "63": 0, "64": 0, "65": 1506100, "66": 0, "67": 0, "68": 0, "69": 7600, "70": 0, "71": 0, "72": 0, "73": 0, "74": 10200, "75": 0, "76": 0, "77": 2100, "78": 27000, "79": 0, "80": 4700, "81": 200, "82": 300, "83": 0, "84": 1200, "85": 2500, "86": 24000, "87": 41800, "88": 3950200, "89": 233800, "90": 118700, "91": 86600, "92": 3200, "93": 2200, "94": 200, "95": 0, "96": 2900, "97": 9300, "98": 2200, "99": 0, "100": 17700, "101": 600, "102": 0, "103": 0, "104": 0, "105": 29100, "106": 200, "107": 45600, "108": 0, "109": 5800, "110": 1400, "111": 0, "112": 2200, "113": 7400, "114": 0, "115": 9600, "116": 300, "117": 1800, "118": 300, "119": 8800, "120": 14000, "121": 0, "122": 0, "123": 1600, "124": 0, "125": 0, "126": 300, "127": 200, "128": 0, "129": 4200, "130": 99500, "131": 151200, "132": 134400, "133": 0, "134": 3000, "135": 5200, "136": 0, "137": 29100, "138": 14100, "139": 0, "140": 100, "141": 0, "142": 0, "143": 100, "144": 4500, "145": 0, "146": 100, "147": 0, "148": 0, "149": 0, "150": 0, "151": 14600, "152": 200700, "153": 3400, "154": 10000, "155": 10400, "156": 41600, "157": 3300, "158": 400, "159": 13000, "160": 79200, "161": 11800, "162": 0, "163": 100, "164": 25100, "165": 100, "166": 500, "167": 1100, "168": 0, "169": 100, "170": 500, "171": 14400, "172": 322700, "173": 0, "174": 0, "175": 200, "176": 20600, "177": 76600, "178": 30800, "179": 10600, "180": 11400, "181": 32300, "182": 11100, "183": 21000, "184": 200, "185": 100, "186": 0, "187": 0, "188": 3300, "189": 100, "190": 0, "191": 100, "192": 0, "193": 600, "194": 3300, "195": 100, "196": 5000, "197": 100, "198": 0, "199": 0, "200": 1900, "201": 0, "202": 0, "203": 0, "204": 400, "205": 0, "206": 0, "207": 0, "208": 1300, "209": 200, "210": 1900, "211": 900, "212": 0, "213": 0, "214": 0, "215": 17000, "216": 100, "217": 0, "218": 100, "219": 100, "220": 100, "221": 7300, "222": 100, "223": 100, "224": 100, "225": 16000, "226": 3000, "227": 0, "228": 0, "229": 0, "230": 0, "231": 623800, "232": 500, "233": 0, "234": 0, "235": 249000, "236": 0, "237": 0, "238": 200, "239": 20500, "240": 300, "241": 0, "242": 0, "243": 41200, "244": 156100, "245": 55700, "246": 12700, "247": 114100, "248": 21500, "249": 8600, "250": 96900, "251": 0, "252": 0, "253": 0, "254": 223600, "255": 200, "256": 5200, "257": 6300, "258": 0, "259": 96500, "260": 200, "261": 27700, "262": 5200, "263": 200, "264": 281400, "265": 39100, "266": 400, "267": 0, "268": 137700, "269": 203600, "270": 68200, "271": 0, "272": 16100, "273": 17100, "274": 905800, "275": 0, "276": 0, "277": 900, "278": 3100, "279": 0, "280": 15100, "281": 0, "282": 68000, "283": 60800, "284": 5800, "285": 11400, "286": 11700, "287": 10400, "288": 0, "289": 0, "290": 100, "291": 0, "292": 13400, "293": 45600, "294": 18600, "295": 100, "296": 25600, "297": 400, "298": 13300, "299": 0, "300": 0, "301": 100, "302": 25600, "303": 0, "304": 33000, "305": 8300, "306": 2500, "307": 0, "308": 45200, "309": 25800, "310": 9400, "311": 200, "312": 7900, "313": 164600, "314": 12100, "315": 800, "316": 31300, "317": 1600, "318": 0, "319": 0, "320": 400, "321": 36700, "322": 23600, "323": 100, "324": 1000, "325": 26900, "326": 15100, "327": 600, "328": 0, "329": 0, "330": 10000, "331": 6200, "332": 0, "333": 0, "334": 0, "335": 0, "336": 20700, "337": 30400, "338": 51800, "339": 26200, "340": 29800, "341": 27600, "342": 45000, "343": 5800, "344": 272800, "345": 300, "346": 0, "347": 126400, "348": 789200, "349": 282400, "350": 0, "351": 125500, "352": 0, "353": 0, "354": 2900, "355": 5400, "356": 110400, "357": 263500, "358": 82300, "359": 75600, "360": 216900, "361": 60000, "362": 104100, "363": 43600, "364": 39300, "365": 430700, "366": 600, "367": 2600, "368": 85500, "369": 15800, "370": 65000, "371": 60100, "372": 11500, "373": 23300, "374": 351700, "375": 100100, "376": 26300, "377": 0, "378": 200, "379": 100, "380": 2300, "381": 50800, "382": 11400, "383": 815900, "384": 6600, "385": 0, "386": 29400, "387": 0, "388": 659100, "389": 101800, "390": 400, "391": 0, "392": 1700, "393": 210400, "394": 119000, "395": 67200, "396": 9200, "397": 667300, "398": 53300, "399": 30100, "400": 52400}, "adjclose": {"0": 9.890000343322754, "1": 9.928999900817871, "2": 9.928999900817871, "3": 9.880000114440918, "4": 9.899999618530273, "5": 9.899999618530273, "6": 9.899999618530273, "7": 9.899999618530273, "8": 9.890000343322754, "9": 9.890000343322754, "10": 9.920000076293945, "11": 9.930000305175781, "12": 9.890000343322754, "13": 9.869999885559082, "14": 9.869999885559082, "15": 9.880000114440918, "16": 9.920000076293945, "17": 9.920000076293945, "18": 9.920000076293945, "19": 9.920000076293945, "20": 9.890000343322754, "21": 9.890000343322754, "22": 9.890000343322754, "23": 10.168000221252441, "24": 10.168000221252441, "25": 10.168000221252441, "26": 10.168000221252441, "27": 9.899999618530273, "28": 9.899999618530273, "29": 9.890000343322754, "30": 9.890000343322754, "31": 9.890000343322754, "32": 9.890000343322754, "33": 9.850000381469727, "34": 9.880000114440918, "35": 9.859999656677246, "36": 9.859999656677246, "37": 9.859999656677246, "38": 9.850000381469727, "39": 9.90999984741211, "40": 9.90999984741211, "41": 9.90999984741211, "42": 9.90999984741211, "43": 9.859999656677246, "44": 9.859999656677246, "45": 9.859999656677246, "46": 9.850000381469727, "47": 9.875, "48": 9.84000015258789, "49": 9.800000190734863, "50": 9.800000190734863, "51": 9.84000015258789, "52": 9.84000015258789, "53": 9.84000015258789, "54": 9.899999618530273, "55": 9.899999618530273, "56": 9.899999618530273, "57": 9.869999885559082, "58": 9.869999885559082, "59": 9.885000228881836, "60": 9.880000114440918, "61": 9.880000114440918, "62": 9.880000114440918, "63": 9.880000114440918, "64": 9.880000114440918, "65": 9.859999656677246, "66": 9.859999656677246, "67": 9.859999656677246, "68": 9.859999656677246, "69": 9.90999984741211, "70": 9.90999984741211, "71": 9.90999984741211, "72": 9.90999984741211, "73": 9.90999984741211, "74": 9.869999885559082, "75": 9.869999885559082, "76": 9.869999885559082, "77": 9.880000114440918, "78": 9.880000114440918, "79": 9.880000114440918, "80": 9.916000366210938, "81": 9.90999984741211, "82": 9.869999885559082, "83": 9.869999885559082, "84": 9.920000076293945, "85": 9.920000076293945, "86": 9.90999984741211, "87": 9.9399995803833, "88": 9.970000267028809, "89": 9.970000267028809, "90": 9.989999771118164, "91": 9.979999542236328, "92": 9.970000267028809, "93": 9.970000267028809, "94": 9.970000267028809, "95": 9.970000267028809, "96": 9.970000267028809, "97": 9.970000267028809, "98": 9.970000267028809, "99": 9.970000267028809, "100": 9.979999542236328, "101": 9.989999771118164, "102": 9.989999771118164, "103": 9.989999771118164, "104": 9.989999771118164, "105": 9.989999771118164, "106": 9.989999771118164, "107": 10.0, "108": 10.0, "109": 10.0, "110": 10.0, "111": 10.0, "112": 10.0, "113": 10.0, "114": 10.0, "115": 9.930000305175781, "116": 9.970000267028809, "117": 9.930000305175781, "118": 9.970000267028809, "119": 9.984999656677246, "120": 10.0, "121": 10.0, "122": 10.0, "123": 10.0, "124": 10.0, "125": 10.0, "126": 9.96500015258789, "127": 10.0, "128": 10.0, "129": 9.989999771118164, "130": 9.970000267028809, "131": 9.989999771118164, "132": 9.989999771118164, "133": 9.989999771118164, "134": 9.970000267028809, "135": 9.949999809265137, "136": 9.949999809265137, "137": 9.920000076293945, "138": 9.925000190734863, "139": 9.925000190734863, "140": 9.949000358581543, "141": 9.949000358581543, "142": 9.949000358581543, "143": 9.9399995803833, "144": 9.920000076293945, "145": 9.920000076293945, "146": 9.9399995803833, "147": 9.9399995803833, "148": 9.9399995803833, "149": 9.9399995803833, "150": 9.9399995803833, "151": 9.930000305175781, "152": 9.944999694824219, "153": 9.9399995803833, "154": 9.9399995803833, "155": 9.9399995803833, "156": 9.9399995803833, "157": 9.960000038146973, "158": 9.949999809265137, "159": 9.960000038146973, "160": 9.979999542236328, "161": 9.979999542236328, "162": 9.979999542236328, "163": 9.970000267028809, "164": 9.970000267028809, "165": 9.96500015258789, "166": 9.979999542236328, "167": 9.989999771118164, "168": 9.989999771118164, "169": 9.989999771118164, "170": 9.989999771118164, "171": 9.989999771118164, "172": 9.979999542236328, "173": 9.979999542236328, "174": 9.979999542236328, "175": 9.949999809265137, "176": 9.989999771118164, "177": 9.989999771118164, "178": 9.989999771118164, "179": 10.0, "180": 9.989999771118164, "181": 9.989999771118164, "182": 9.989999771118164, "183": 10.0, "184": 9.949999809265137, "185": 9.960000038146973, "186": 9.960000038146973, "187": 9.960000038146973, "188": 9.949999809265137, "189": 9.949999809265137, "190": 9.949999809265137, "191": 9.970000267028809, "192": 9.970000267028809, "193": 9.970000267028809, "194": 9.979999542236328, "195": 9.979999542236328, "196": 9.979999542236328, "197": 9.960000038146973, "198": 9.960000038146973, "199": 9.960000038146973, "200": 10.0, "201": 10.0, "202": 10.0, "203": 10.0, "204": 9.949999809265137, "205": 9.949999809265137, "206": 9.949999809265137, "207": 9.949999809265137, "208": 9.970000267028809, "209": 10.020000457763672, "210": 9.949999809265137, "211": 9.949999809265137, "212": 9.949999809265137, "213": 9.949999809265137, "214": 9.949999809265137, "215": 10.0, "216": 9.979999542236328, "217": 9.979999542236328, "218": 9.960000038146973, "219": 9.949999809265137, "220": 9.949999809265137, "221": 10.050000190734863, "222": 9.979999542236328, "223": 9.949999809265137, "224": 9.949999809265137, "225": 10.020000457763672, "226": 9.949999809265137, "227": 9.949999809265137, "228": 9.949999809265137, "229": 9.949999809265137, "230": 9.949999809265137, "231": 9.949999809265137, "232": 10.0, "233": 10.0, "234": 10.0, "235": 10.0, "236": 10.0, "237": 10.0, "238": 10.029999732971191, "239": 10.010000228881836, "240": 10.010000228881836, "241": 10.010000228881836, "242": 10.010000228881836, "243": 9.989999771118164, "244": 9.979999542236328, "245": 9.979999542236328, "246": 9.989999771118164, "247": 9.989999771118164, "248": 9.989999771118164, "249": 9.989999771118164, "250": 10.005000114440918, "251": 10.005000114440918, "252": 10.005000114440918, "253": 10.005000114440918, "254": 10.005000114440918, "255": 10.0, "256": 10.015000343322754, "257": 10.020000457763672, "258": 10.020000457763672, "259": 10.010000228881836, "260": 10.0, "261": 10.039999961853027, "262": 10.039999961853027, "263": 10.039999961853027, "264": 10.020000457763672, "265": 10.039999961853027, "266": 10.039999961853027, "267": 10.039999961853027, "268": 10.0600004196167, "269": 10.100000381469727, "270": 10.140000343322754, "271": 10.140000343322754, "272": 10.15999984741211, "273": 10.149999618530273, "274": 10.170000076293945, "275": 10.170000076293945, "276": 10.170000076293945, "277": 10.210000038146973, "278": 10.244999885559082, "279": 10.244999885559082, "280": 10.229999542236328, "281": 10.229999542236328, "282": 10.199999809265137, "283": 10.210000038146973, "284": 10.229999542236328, "285": 10.241999626159668, "286": 10.239999771118164, "287": 10.229999542236328, "288": 10.229999542236328, "289": 10.229999542236328, "290": 10.220000267028809, "291": 10.220000267028809, "292": 10.220000267028809, "293": 10.229999542236328, "294": 10.244999885559082, "295": 10.25, "296": 10.25, "297": 10.270000457763672, "298": 10.25, "299": 10.25, "300": 10.25, "301": 10.270000457763672, "302": 10.270000457763672, "303": 10.270000457763672, "304": 10.279999732971191, "305": 10.279999732971191, "306": 10.289999961853027, "307": 10.289999961853027, "308": 10.300000190734863, "309": 10.300000190734863, "310": 10.300000190734863, "311": 10.300000190734863, "312": 10.3100004196167, "313": 10.3100004196167, "314": 10.3100004196167, "315": 10.3100004196167, "316": 10.3100004196167, "317": 10.319999694824219, "318": 10.319999694824219, "319": 10.319999694824219, "320": 10.319999694824219, "321": 10.319999694824219, "322": 10.319999694824219, "323": 10.329999923706055, "324": 10.319999694824219, "325": 10.324999809265137, "326": 10.319999694824219, "327": 10.329999923706055, "328": 10.329999923706055, "329": 10.329999923706055, "330": 10.329999923706055, "331": 10.329999923706055, "332": 10.329999923706055, "333": 10.329999923706055, "334": 10.329999923706055, "335": 10.329999923706055, "336": 10.329999923706055, "337": 10.34000015258789, "338": 10.34000015258789, "339": 10.34000015258789, "340": 10.335000038146973, "341": 10.34000015258789, "342": 10.34000015258789, "343": 10.40999984741211, "344": 10.40999984741211, "345": 10.40999984741211, "346": 10.40999984741211, "347": 10.399999618530273, "348": 10.390000343322754, "349": 10.390000343322754, "350": 10.390000343322754, "351": 10.399999618530273, "352": 10.399999618530273, "353": 10.399999618530273, "354": 10.40999984741211, "355": 10.399999618530273, "356": 10.390000343322754, "357": 10.390000343322754, "358": 10.390000343322754, "359": 10.390000343322754, "360": 10.390000343322754, "361": 10.390000343322754, "362": 10.390000343322754, "363": 10.390000343322754, "364": 10.399999618530273, "365": 10.420000076293945, "366": 10.420000076293945, "367": 10.430000305175781, "368": 10.430000305175781, "369": 10.449999809265137, "370": 10.4399995803833, "371": 10.4399995803833, "372": 10.454999923706055, "373": 10.454999923706055, "374": 10.449999809265137, "375": 10.470000267028809, "376": 10.479999542236328, "377": 10.479999542236328, "378": 10.479999542236328, "379": 10.479999542236328, "380": 10.470000267028809, "381": 10.489999771118164, "382": 10.489999771118164, "383": 10.494999885559082, "384": 10.489999771118164, "385": 10.489999771118164, "386": 10.510000228881836, "387": 10.510000228881836, "388": 10.475000381469727, "389": 10.472000122070312, "390": 10.460000038146973, "391": 10.460000038146973, "392": 10.484999656677246, "393": 10.475000381469727, "394": 10.484999656677246, "395": 10.470000267028809, "396": 10.4399995803833, "397": 10.4399995803833, "398": 10.489999771118164, "399": 10.579999923706055, "400": 10.579999923706055}}, "profile": {"address1": "3310 East Corona Avenue", "city": "Phoenix", "state": "AZ", "zip": "85040", "country": "United States", "phone": "602 346 0329", "industry": "Shell Companies", "industryDisp": "Shell Companies", "sector": "Financial Services", "longBusinessSummary": "Artemis Strategic Investment Corporation does not have significant operations. The company intends to effect a merger, share exchange, asset acquisition, share purchase, reorganization, or similar business combination with one or more businesses. The company was incorporated in 2021 and is based in Phoenix, Arizona.", "companyOfficers": [{"maxAge": 1, "name": "Ms. Holly  Gagnon", "age": 58, "title": "Co-CEO & Chairperson", "yearBorn": 1964, "exercisedValue": 0, "unexercisedValue": 0}, {"maxAge": 1, "name": "Mr. Philip N. Kaplan", "age": 56, "title": "Co-CEO & Pres", "yearBorn": 1966, "exercisedValue": 0, "unexercisedValue": 0}, {"maxAge": 1, "name": "Mr. Thomas  Granite", "age": 46, "title": "CFO, Treasurer & Sec.", "yearBorn": 1976, "exercisedValue": 0, "unexercisedValue": 0}, {"maxAge": 1, "name": "Mr. Scott  Shulak", "age": 34, "title": "Sr. VP of Acquisitions & Accounting", "yearBorn": 1988, "exercisedValue": 0, "unexercisedValue": 0}], "maxAge": 86400, "latitude": 33.405935253671345, "longitude": -112.01016137935694}}