{"income_statement": {"annual": {"Year": {"1": "Selling, General & Admin", "2": "Operating Expenses", "3": "Operating Income", "4": "Other Expense / Income", "5": "Pretax Income", "6": "Net Income", "7": "Shares Outstanding (Basic)", "8": "Shares Outstanding (Diluted)", "9": "Shares Change", "10": "EPS (Basic)", "11": "EPS (Diluted)", "12": "Free Cash Flow Per Share", "13": "EBITDA", "14": "EBIT"}, "2022": {"1": "0.5", "2": "0.5", "3": "-0.5", "4": "-1.01", "5": "0.5", "6": "0.5", "7": "8", "8": "8", "9": "416.51%", "10": "-1.28", "11": "-1.28", "12": "-0.07", "13": "0.5", "14": "0.5"}, "2021": {"1": "0", "2": "0", "3": "-0", "4": "-", "5": "-0", "6": "-0", "7": "2", "8": "2", "9": "-", "10": "-", "11": "-", "12": "-", "13": "-0", "14": "-0"}}, "quarterly": {"Metrics": {"1": "Selling, General & Admin", "2": "Operating Expenses", "3": "Operating Income", "4": "Other Expense / Income", "5": "Pretax Income", "6": "Net Income", "7": "Shares Outstanding (Basic)", "8": "Shares Outstanding (Diluted)", "9": "Shares Change", "10": "EPS (Basic)", "11": "EPS (Diluted)", "12": "Free Cash Flow Per Share", "13": "EBITDA", "14": "EBIT"}, "2023-03-31": {"1": "0.51", "2": "0.51", "3": "-0.51", "4": "-0.56", "5": "0.05", "6": "0.05", "7": "7", "8": "7", "9": "44.59%", "10": "-0.58", "11": "-0.58", "12": "-0.06", "13": "0.05", "14": "0.05"}, "2022-12-31": {"1": "0.12", "2": "0.12", "3": "-0.12", "4": "-0.59", "5": "0.47", "6": "0.47", "7": "9", "8": "9", "9": "480.29%", "10": "-0.33", "11": "-0.33", "12": "-0.00", "13": "0.47", "14": "0.47"}, "2022-09-30": {"1": "0.11", "2": "0.11", "3": "-0.11", "4": "-0.31", "5": "0.21", "6": "0.21", "7": "9", "8": "9", "9": "404.00%", "10": "-0.33", "11": "-0.33", "12": "-0.00", "13": "0.21", "14": "0.21"}, "2022-06-30": {"1": "0.12", "2": "0.12", "3": "-0.12", "4": "-0.09", "5": "-0.03", "6": "-0.03", "7": "9", "8": "9", "9": "-", "10": "-0.35", "11": "-0.35", "12": "-0.01", "13": "-0.03", "14": "-0.03"}, "2022-03-31": {"1": "0.16", "2": "0.16", "3": "-0.16", "4": "-0.01", "5": "-0.15", "6": "-0.15", "7": "5", "8": "5", "9": "-", "10": "-0.23", "11": "-0.23", "12": "-0.07", "13": "-0.15", "14": "-0.15"}, "2021-12-31": {"1": "0", "2": "0", "3": "-0", "4": "-", "5": "-0", "6": "-0", "7": "2", "8": "2", "9": "-", "10": "-", "11": "-", "12": "-", "13": "-0", "14": "-0"}, "2021-09-30": {"1": "0", "2": "0", "3": "-0", "4": "-", "5": "-0", "6": "-0", "7": "2", "8": "2", "9": "-", "10": "-", "11": "-", "12": "-", "13": "-0", "14": "-0"}}}, "balance_sheet": {"annual": {"Year": {"1": "Cash & Equivalents", "2": "Short-Term Investments", "3": "Cash & Cash Equivalents", "4": "Other Current Assets", "5": "Total Current Assets", "6": "Total Assets", "7": "Accounts Payable", "8": "Current Debt", "9": "Other Current Liabilities", "10": "Total Current Liabilities", "11": "Total Liabilities", "12": "Total Debt", "13": "Common Stock", "14": "Retained Earnings", "15": "Shareholders' Equity", "16": "Total Liabilities and Equity", "17": "Net Cash / Debt", "18": "Net Cash Per Share", "19": "Working Capital", "20": "Book Value Per Share"}, "2022": {"1": "0.05", "2": "70.69", "3": "70.75", "4": "0.04", "5": "70.79", "6": "70.79", "7": "0.05", "8": "0", "9": "2.42", "10": "2.47", "11": "2.47", "12": "0", "13": "0.49", "14": "0.5", "15": "0.98", "16": "3.45", "17": "70.75", "18": "9.13", "19": "68.32", "20": "0.13"}, "2021": {"1": "0", "2": "0", "3": "0", "4": "0.28", "5": "0.28", "6": "0.28", "7": "0", "8": "0.22", "9": "0.04", "10": "0.25", "11": "0.25", "12": "0.22", "13": "0.03", "14": "-0", "15": "0.02", "16": "0.28", "17": "-0.22", "18": "-0.15", "19": "0.02", "20": "0.01"}}, "quarterly": {"Metrics": {"1": "Cash & Equivalents", "2": "Short-Term Investments", "3": "Cash & Cash Equivalents", "4": "Cash Growth", "5": "Other Current Assets", "6": "Total Current Assets", "7": "Long-Term Investments", "8": "Other Long-Term Assets", "9": "Total Long-Term Assets", "10": "Total Assets", "11": "Accounts Payable", "12": "Current Debt", "13": "Other Current Liabilities", "14": "Total Current Liabilities", "15": "Other Long-Term Liabilities", "16": "Total Long-Term Liabilities", "17": "Total Liabilities", "18": "Total Debt", "19": "Debt Growth", "20": "Common Stock", "21": "Retained Earnings", "22": "Shareholders' Equity", "23": "Total Liabilities and Equity", "24": "Net Cash / Debt", "25": "Net Cash / Debt Growth", "26": "Net Cash Per Share", "27": "Working Capital", "28": "Book Value Per Share"}, "2023-03-31": {"1": "0", "2": "37.76", "3": "37.76", "4": "5100.83%", "5": "0.15", "6": "37.91", "7": "0", "8": "0", "9": "0", "10": "37.91", "11": "0.28", "12": "0.52", "13": "2.42", "14": "3.21", "15": "0", "16": "0", "17": "3.21", "18": "0.52", "19": "28.75%", "20": "0", "21": "-3.06", "22": "-3.06", "23": "0.15", "24": "37.25", "25": "11322.75%", "26": "5.30", "27": "34.7", "28": "-0.44"}, "2022-12-31": {"1": "0.05", "2": "70.69", "3": "70.75", "4": "-", "5": "0.04", "6": "70.79", "7": "0", "8": "0", "9": "0", "10": "70.79", "11": "0.05", "12": "0", "13": "2.42", "14": "2.47", "15": "0", "16": "0", "17": "2.47", "18": "0", "19": "-", "20": "0.49", "21": "0.5", "22": "0.98", "23": "3.45", "24": "70.75", "25": "-", "26": "8.13", "27": "68.32", "28": "0.11"}, "2022-09-30": {"1": "0.09", "2": "0", "3": "0.09", "4": "-", "5": "0.12", "6": "0.21", "7": "70.11", "8": "0", "9": "70.11", "10": "70.31", "11": "0.05", "12": "0", "13": "0", "14": "0.05", "15": "2.42", "16": "2.42", "17": "2.47", "18": "0", "19": "-", "20": "3.83", "21": "0.02", "22": "3.85", "23": "6.32", "24": "0.09", "25": "-", "26": "0.01", "27": "0.16", "28": "0.44"}, "2022-06-30": {"1": "0.11", "2": "0", "3": "0.11", "4": "-", "5": "0.2", "6": "0.31", "7": "69.79", "8": "0", "9": "69.79", "10": "70.1", "11": "0.05", "12": "0", "13": "0", "14": "0.05", "15": "2.42", "16": "2.42", "17": "2.47", "18": "0", "19": "-", "20": "6.95", "21": "-0.18", "22": "6.76", "23": "9.23", "24": "0.11", "25": "-", "26": "0.01", "27": "0.26", "28": "0.78"}, "2022-03-31": {"1": "0.73", "2": "0", "3": "0.73", "4": "-", "5": "0.25", "6": "0.97", "7": "69.7", "8": "0", "9": "69.7", "10": "70.67", "11": "0.19", "12": "0.4", "13": "0", "14": "0.59", "15": "2.42", "16": "2.42", "17": "3", "18": "0.4", "19": "-", "20": "9.94", "21": "-0.16", "22": "9.79", "23": "12.79", "24": "0.33", "25": "-", "26": "0.07", "27": "0.39", "28": "2.02"}, "2021-12-31": {"1": "0", "2": "0", "3": "0", "4": "-", "5": "0.28", "6": "0.28", "7": "0", "8": "0", "9": "0", "10": "0.28", "11": "0", "12": "0.22", "13": "0.04", "14": "0.25", "15": "0", "16": "0", "17": "0.25", "18": "0.22", "19": "-", "20": "0.03", "21": "-0", "22": "0.02", "23": "0.28", "24": "-0.22", "25": "-", "26": "-0.15", "27": "0.02", "28": "0.01"}, "2021-09-30": {"1": "0", "2": "0", "3": "0", "4": "-", "5": "0.04", "6": "0.04", "7": "0", "8": "0.21", "9": "0.21", "10": "0.25", "11": "0", "12": "0.2", "13": "0.03", "14": "0.22", "15": "0", "16": "0", "17": "0.22", "18": "0.2", "19": "-", "20": "0.03", "21": "-0", "22": "0.02", "23": "0.25", "24": "-0.2", "25": "-", "26": "-0.11", "27": "-0.19", "28": "0.01"}, "2021-06-08": {"1": "0", "2": "0", "3": "0", "4": "-", "5": "0.08", "6": "0.08", "7": "0", "8": "0.06", "9": "0.06", "10": "0.14", "11": "0", "12": "0.1", "13": "0.01", "14": "0.12", "15": "0", "16": "0", "17": "0.12", "18": "0.1", "19": "-", "20": "0.03", "21": "-0", "22": "0.02", "23": "0.14", "24": "-0.1", "25": "-", "26": "-", "27": "-0.04", "28": "-"}}}, "cash_flow_statement": {"annual": {"Year": {"1": "Net Income", "2": "Other Operating Activities", "3": "Operating Cash Flow", "4": "Change in Investments", "5": "Investing Cash Flow", "6": "Share Issuance / Repurchase", "7": "Debt Issued / Paid", "8": "Other Financing Activities", "9": "Financing Cash Flow", "10": "Net Cash Flow", "11": "Free Cash Flow", "12": "Free Cash Flow Per Share"}, "2022": {"1": "0.5", "2": "-1.03", "3": "-0.53", "4": "-69.69", "5": "-69.69", "6": "69", "7": "-0.22", "8": "1.49", "9": "70.27", "10": "0.05", "11": "-0.53", "12": "-0.07"}}, "quarterly": {"Metrics": {"1": "Net Income", "2": "Other Operating Activities", "3": "Operating Cash Flow", "4": "Change in Investments", "5": "Investing Cash Flow", "6": "Share Issuance / Repurchase", "7": "Debt Issued / Paid", "8": "Other Financing Activities", "9": "Financing Cash Flow", "10": "Net Cash Flow", "11": "Free Cash Flow", "12": "Free Cash Flow Per Share"}, "2023-03-31": {"1": "0.05", "2": "-0.44", "3": "-0.39", "4": "-0.18", "5": "-0.18", "6": "0", "7": "0.52", "8": "-", "9": "0.52", "10": "-0.05", "11": "-0.39", "12": "-0.06"}, "2022-12-31": {"1": "0.47", "2": "-0.51", "3": "-0.03", "4": "0", "5": "0", "6": "0", "7": "0", "8": "-", "9": "0", "10": "-0.03", "11": "-0.03", "12": "-0.00"}, "2022-09-30": {"1": "0.21", "2": "-0.23", "3": "-0.02", "4": "0", "5": "0", "6": "0", "7": "0.56", "8": "-0.56", "9": "0", "10": "-0.02", "11": "-0.02", "12": "-0.00"}, "2022-06-30": {"1": "-0.03", "2": "-0.09", "3": "-0.12", "4": "0", "5": "0", "6": "0", "7": "-0.5", "8": "-", "9": "-0.5", "10": "-0.62", "11": "-0.12", "12": "-0.01"}, "2022-03-31": {"1": "-0.15", "2": "-0.2", "3": "-0.35", "4": "-69.69", "5": "-69.69", "6": "69", "7": "0.28", "8": "1.49", "9": "70.77", "10": "0.73", "11": "-0.35", "12": "-0.07"}, "2021-12-31": {"1": "-0", "2": "0", "3": "0", "4": "0", "5": "0", "6": "0", "7": "0", "8": "-", "9": "0", "10": "0", "11": "0", "12": "-"}, "2021-09-30": {"1": "-0", "2": "0", "3": "0", "4": "0", "5": "0", "6": "0", "7": "0", "8": "-", "9": "0", "10": "0", "11": "0", "12": "-"}}}, "ratios": {"annual": {"Year": {"1": "Market Capitalization", "2": "Enterprise Value", "3": "PE Ratio", "4": "PB Ratio", "5": "P/FCF Ratio", "6": "P/OCF Ratio", "7": "EV/EBITDA Ratio", "8": "EV/EBIT Ratio", "9": "EV/FCF Ratio", "10": "Debt / Equity Ratio", "11": "Debt / EBITDA Ratio", "12": "Debt / FCF Ratio", "13": "Current Ratio", "14": "Return on Equity (ROE)", "15": "Return on Assets (ROA)", "16": "Return on Capital (ROIC)", "17": "Earnings Yield", "18": "FCF Yield", "19": "Buyback Yield / Dilution", "20": "Total Shareholder Return"}, "Current": {"1": "57", "2": "20", "3": "80.60", "4": "-18.59", "5": "-101.32", "6": "-101.32", "7": "27.71", "8": "27.71", "9": "-35.03", "10": "-0.17", "11": "0.73", "12": "-0.92", "13": "11.80", "14": "33.10%", "15": "1.10%", "16": "1.20%", "17": "1.24%", "18": "-0.99%", "19": "-44.59%", "20": "-44.59%"}, "2022": {"1": "89", "2": "18", "3": "177.13", "4": "90.09", "5": "-168.23", "6": "-168.23", "7": "35.81", "8": "35.81", "9": "-34.01", "10": "-", "11": "-", "12": "-", "13": "28.72", "14": "9.40%", "15": "0.70%", "16": "0.70%", "17": "0.56%", "18": "-0.59%", "19": "-416.51%", "20": "-416.51%"}, "2021": {"1": "-", "2": "0", "3": "-", "4": "-", "5": "-", "6": "-", "7": "-96.91", "8": "-96.91", "9": "-", "10": "9.58", "11": "-96.91", "12": "-", "13": "1.09", "14": "-", "15": "-", "16": "-", "17": "-", "18": "-", "19": "-", "20": "-"}}, "quarterly": {"Metrics": {"1": "Market Capitalization", "2": "Market Cap Growth", "3": "Enterprise Value", "4": "PE Ratio", "5": "PB Ratio", "6": "Debt / Equity Ratio", "7": "Current Ratio", "8": "Buyback Yield / Dilution", "9": "Total Shareholder Return"}, "Current": {"1": "57", "2": "-", "3": "20", "4": "80.60", "5": "-18.59", "6": "-0.17", "7": "11.80", "8": "-44.59%", "9": "-44.59%"}, "2023-03-31": {"1": "57", "2": "-22.94%", "3": "20", "4": "80.60", "5": "-18.59", "6": "-0.17", "7": "11.80", "8": "-44.59%", "9": "-44.59%"}, "2022-12-31": {"1": "89", "2": "-", "3": "18", "4": "177.13", "5": "90.09", "6": "-", "7": "28.72", "8": "-480.29%", "9": "-480.29%"}, "2022-09-30": {"1": "87", "2": "-", "3": "87", "4": "3330.93", "5": "22.59", "6": "-", "7": "4.14", "8": "-404.00%", "9": "-404.00%"}, "2022-06-30": {"1": "86", "2": "-", "3": "86", "4": "-473.16", "5": "12.75", "6": "-", "7": "6.26", "8": "-", "9": "-"}, "2022-03-31": {"1": "74", "2": "-", "3": "74", "4": "-", "5": "7.55", "6": "0.04", "7": "1.66", "8": "-", "9": "-"}, "2021-12-31": {"1": "-", "2": "-", "3": "0", "4": "-", "5": "-", "6": "9.58", "7": "1.09", "8": "-", "9": "-"}, "2021-09-30": {"1": "-", "2": "-", "3": "0", "4": "-", "5": "-", "6": "8.59", "7": "0.16", "8": "-", "9": "-"}, "2021-06-08": {"1": "-", "2": "-", "3": "0", "4": "-", "5": "-", "6": "4.47", "7": "0.65", "8": "-", "9": "-"}}}, "stock_price": {"symbol": {"0": "ASCA", "1": "ASCA", "2": "ASCA", "3": "ASCA", "4": "ASCA", "5": "ASCA", "6": "ASCA", "7": "ASCA", "8": "ASCA", "9": "ASCA", "10": "ASCA", "11": "ASCA", "12": "ASCA", "13": "ASCA", "14": "ASCA", "15": "ASCA", "16": "ASCA", "17": "ASCA", "18": "ASCA", "19": "ASCA", "20": "ASCA", "21": "ASCA", "22": "ASCA", "23": "ASCA", "24": "ASCA", "25": "ASCA", "26": "ASCA", "27": "ASCA", "28": "ASCA", "29": "ASCA", "30": "ASCA", "31": "ASCA", "32": "ASCA", "33": "ASCA", "34": "ASCA", "35": "ASCA", "36": "ASCA", "37": "ASCA", "38": "ASCA", "39": "ASCA", "40": "ASCA", "41": "ASCA", "42": "ASCA", "43": "ASCA", "44": "ASCA", "45": "ASCA", "46": "ASCA", "47": "ASCA", "48": "ASCA", "49": "ASCA", "50": "ASCA", "51": "ASCA", "52": "ASCA", "53": "ASCA", "54": "ASCA", "55": "ASCA", "56": "ASCA", "57": "ASCA", "58": "ASCA", "59": "ASCA", "60": "ASCA", "61": "ASCA", "62": "ASCA", "63": "ASCA", "64": "ASCA", "65": "ASCA", "66": "ASCA", "67": "ASCA", "68": "ASCA", "69": "ASCA", "70": "ASCA", "71": "ASCA", "72": "ASCA", "73": "ASCA", "74": "ASCA", "75": "ASCA", "76": "ASCA", "77": "ASCA", "78": "ASCA", "79": "ASCA", "80": "ASCA", "81": "ASCA", "82": "ASCA", "83": "ASCA", "84": "ASCA", "85": "ASCA", "86": "ASCA", "87": "ASCA", "88": "ASCA", "89": "ASCA", "90": "ASCA", "91": "ASCA", "92": "ASCA", "93": "ASCA", "94": "ASCA", "95": "ASCA", "96": "ASCA", "97": "ASCA", "98": "ASCA", "99": "ASCA", "100": "ASCA", "101": "ASCA", "102": "ASCA", "103": "ASCA", "104": "ASCA", "105": "ASCA", "106": "ASCA", "107": "ASCA", "108": "ASCA", "109": "ASCA", "110": "ASCA", "111": "ASCA", "112": "ASCA", "113": "ASCA", "114": "ASCA", "115": "ASCA", "116": "ASCA", "117": "ASCA", "118": "ASCA", "119": "ASCA", "120": "ASCA", "121": "ASCA", "122": "ASCA", "123": "ASCA", "124": "ASCA", "125": "ASCA", "126": "ASCA", "127": "ASCA", "128": "ASCA", "129": "ASCA", "130": "ASCA", "131": "ASCA", "132": "ASCA", "133": "ASCA", "134": "ASCA", "135": "ASCA", "136": "ASCA", "137": "ASCA", "138": "ASCA", "139": "ASCA", "140": "ASCA", "141": "ASCA", "142": "ASCA", "143": "ASCA", "144": "ASCA", "145": "ASCA", "146": "ASCA", "147": "ASCA", "148": "ASCA", "149": "ASCA", "150": "ASCA", "151": "ASCA", "152": "ASCA", "153": "ASCA", "154": "ASCA", "155": "ASCA", "156": "ASCA", "157": "ASCA", "158": "ASCA", "159": "ASCA", "160": "ASCA", "161": "ASCA", "162": "ASCA", "163": "ASCA", "164": "ASCA", "165": "ASCA", "166": "ASCA", "167": "ASCA", "168": "ASCA", "169": "ASCA", "170": "ASCA", "171": "ASCA", "172": "ASCA", "173": "ASCA", "174": "ASCA", "175": "ASCA", "176": "ASCA", "177": "ASCA", "178": "ASCA", "179": "ASCA", "180": "ASCA", "181": "ASCA", "182": "ASCA", "183": "ASCA", "184": "ASCA", "185": "ASCA", "186": "ASCA", "187": "ASCA", "188": "ASCA", "189": "ASCA", "190": "ASCA", "191": "ASCA", "192": "ASCA", "193": "ASCA", "194": "ASCA", "195": "ASCA", "196": "ASCA", "197": "ASCA", "198": "ASCA", "199": "ASCA", "200": "ASCA", "201": "ASCA", "202": "ASCA", "203": "ASCA", "204": "ASCA", "205": "ASCA", "206": "ASCA", "207": "ASCA", "208": "ASCA", "209": "ASCA", "210": "ASCA", "211": "ASCA", "212": "ASCA", "213": "ASCA", "214": "ASCA", "215": "ASCA", "216": "ASCA", "217": "ASCA", "218": "ASCA", "219": "ASCA", "220": "ASCA", "221": "ASCA", "222": "ASCA", "223": "ASCA", "224": "ASCA", "225": "ASCA", "226": "ASCA", "227": "ASCA", "228": "ASCA", "229": "ASCA", "230": "ASCA", "231": "ASCA", "232": "ASCA", "233": "ASCA", "234": "ASCA", "235": "ASCA", "236": "ASCA", "237": "ASCA", "238": "ASCA", "239": "ASCA", "240": "ASCA", "241": "ASCA", "242": "ASCA", "243": "ASCA", "244": "ASCA", "245": "ASCA", "246": "ASCA", "247": "ASCA", "248": "ASCA", "249": "ASCA", "250": "ASCA", "251": "ASCA", "252": "ASCA", "253": "ASCA", "254": "ASCA", "255": "ASCA", "256": "ASCA", "257": "ASCA", "258": "ASCA", "259": "ASCA", "260": "ASCA", "261": "ASCA", "262": "ASCA", "263": "ASCA", "264": "ASCA", "265": "ASCA", "266": "ASCA", "267": "ASCA", "268": "ASCA", "269": "ASCA", "270": "ASCA", "271": "ASCA", "272": "ASCA", "273": "ASCA", "274": "ASCA", "275": "ASCA", "276": "ASCA", "277": "ASCA", "278": "ASCA", "279": "ASCA", "280": "ASCA", "281": "ASCA", "282": "ASCA", "283": "ASCA", "284": "ASCA", "285": "ASCA", "286": "ASCA", "287": "ASCA", "288": "ASCA", "289": "ASCA", "290": "ASCA", "291": "ASCA", "292": "ASCA", "293": "ASCA", "294": "ASCA", "295": "ASCA", "296": "ASCA", "297": "ASCA", "298": "ASCA", "299": "ASCA", "300": "ASCA", "301": "ASCA", "302": "ASCA", "303": "ASCA", "304": "ASCA", "305": "ASCA", "306": "ASCA", "307": "ASCA", "308": "ASCA", "309": "ASCA", "310": "ASCA", "311": "ASCA", "312": "ASCA", "313": "ASCA", "314": "ASCA", "315": "ASCA", "316": "ASCA", "317": "ASCA", "318": "ASCA", "319": "ASCA", "320": "ASCA", "321": "ASCA"}, "date": {"0": "2022-03-18", "1": "2022-03-21", "2": "2022-03-22", "3": "2022-03-23", "4": "2022-03-24", "5": "2022-03-25", "6": "2022-03-28", "7": "2022-03-29", "8": "2022-03-30", "9": "2022-03-31", "10": "2022-04-01", "11": "2022-04-04", "12": "2022-04-05", "13": "2022-04-06", "14": "2022-04-07", "15": "2022-04-08", "16": "2022-04-11", "17": "2022-04-12", "18": "2022-04-13", "19": "2022-04-14", "20": "2022-04-18", "21": "2022-04-19", "22": "2022-04-20", "23": "2022-04-21", "24": "2022-04-22", "25": "2022-04-25", "26": "2022-04-26", "27": "2022-04-27", "28": "2022-04-28", "29": "2022-04-29", "30": "2022-05-02", "31": "2022-05-03", "32": "2022-05-04", "33": "2022-05-05", "34": "2022-05-06", "35": "2022-05-09", "36": "2022-05-10", "37": "2022-05-11", "38": "2022-05-12", "39": "2022-05-13", "40": "2022-05-16", "41": "2022-05-17", "42": "2022-05-18", "43": "2022-05-19", "44": "2022-05-20", "45": "2022-05-23", "46": "2022-05-24", "47": "2022-05-25", "48": "2022-05-26", "49": "2022-05-27", "50": "2022-05-31", "51": "2022-06-01", "52": "2022-06-02", "53": "2022-06-03", "54": "2022-06-06", "55": "2022-06-07", "56": "2022-06-08", "57": "2022-06-09", "58": "2022-06-10", "59": "2022-06-13", "60": "2022-06-14", "61": "2022-06-15", "62": "2022-06-16", "63": "2022-06-17", "64": "2022-06-21", "65": "2022-06-22", "66": "2022-06-23", "67": "2022-06-24", "68": "2022-06-27", "69": "2022-06-28", "70": "2022-06-29", "71": "2022-06-30", "72": "2022-07-01", "73": "2022-07-05", "74": "2022-07-06", "75": "2022-07-07", "76": "2022-07-08", "77": "2022-07-11", "78": "2022-07-12", "79": "2022-07-13", "80": "2022-07-14", "81": "2022-07-15", "82": "2022-07-18", "83": "2022-07-19", "84": "2022-07-20", "85": "2022-07-21", "86": "2022-07-22", "87": "2022-07-25", "88": "2022-07-26", "89": "2022-07-27", "90": "2022-07-28", "91": "2022-07-29", "92": "2022-08-01", "93": "2022-08-02", "94": "2022-08-03", "95": "2022-08-04", "96": "2022-08-05", "97": "2022-08-08", "98": "2022-08-09", "99": "2022-08-10", "100": "2022-08-11", "101": "2022-08-12", "102": "2022-08-15", "103": "2022-08-16", "104": "2022-08-17", "105": "2022-08-18", "106": "2022-08-19", "107": "2022-08-22", "108": "2022-08-23", "109": "2022-08-24", "110": "2022-08-25", "111": "2022-08-26", "112": "2022-08-29", "113": "2022-08-30", "114": "2022-08-31", "115": "2022-09-01", "116": "2022-09-02", "117": "2022-09-06", "118": "2022-09-07", "119": "2022-09-08", "120": "2022-09-09", "121": "2022-09-12", "122": "2022-09-13", "123": "2022-09-14", "124": "2022-09-15", "125": "2022-09-16", "126": "2022-09-19", "127": "2022-09-20", "128": "2022-09-21", "129": "2022-09-22", "130": "2022-09-23", "131": "2022-09-26", "132": "2022-09-27", "133": "2022-09-28", "134": "2022-09-29", "135": "2022-09-30", "136": "2022-10-03", "137": "2022-10-04", "138": "2022-10-05", "139": "2022-10-06", "140": "2022-10-07", "141": "2022-10-10", "142": "2022-10-11", "143": "2022-10-12", "144": "2022-10-13", "145": "2022-10-14", "146": "2022-10-17", "147": "2022-10-18", "148": "2022-10-19", "149": "2022-10-20", "150": "2022-10-21", "151": "2022-10-24", "152": "2022-10-25", "153": "2022-10-26", "154": "2022-10-27", "155": "2022-10-28", "156": "2022-10-31", "157": "2022-11-01", "158": "2022-11-02", "159": "2022-11-03", "160": "2022-11-04", "161": "2022-11-07", "162": "2022-11-08", "163": "2022-11-09", "164": "2022-11-10", "165": "2022-11-11", "166": "2022-11-14", "167": "2022-11-15", "168": "2022-11-16", "169": "2022-11-17", "170": "2022-11-18", "171": "2022-11-21", "172": "2022-11-22", "173": "2022-11-23", "174": "2022-11-25", "175": "2022-11-28", "176": "2022-11-29", "177": "2022-11-30", "178": "2022-12-01", "179": "2022-12-02", "180": "2022-12-05", "181": "2022-12-06", "182": "2022-12-07", "183": "2022-12-08", "184": "2022-12-09", "185": "2022-12-12", "186": "2022-12-13", "187": "2022-12-14", "188": "2022-12-15", "189": "2022-12-16", "190": "2022-12-19", "191": "2022-12-20", "192": "2022-12-21", "193": "2022-12-22", "194": "2022-12-23", "195": "2022-12-27", "196": "2022-12-28", "197": "2022-12-29", "198": "2022-12-30", "199": "2023-01-03", "200": "2023-01-04", "201": "2023-01-05", "202": "2023-01-06", "203": "2023-01-09", "204": "2023-01-10", "205": "2023-01-11", "206": "2023-01-12", "207": "2023-01-13", "208": "2023-01-17", "209": "2023-01-18", "210": "2023-01-19", "211": "2023-01-20", "212": "2023-01-23", "213": "2023-01-24", "214": "2023-01-25", "215": "2023-01-26", "216": "2023-01-27", "217": "2023-01-30", "218": "2023-01-31", "219": "2023-02-01", "220": "2023-02-02", "221": "2023-02-03", "222": "2023-02-06", "223": "2023-02-07", "224": "2023-02-08", "225": "2023-02-09", "226": "2023-02-10", "227": "2023-02-13", "228": "2023-02-14", "229": "2023-02-15", "230": "2023-02-16", "231": "2023-02-17", "232": "2023-02-21", "233": "2023-02-22", "234": "2023-02-23", "235": "2023-02-24", "236": "2023-02-27", "237": "2023-02-28", "238": "2023-03-01", "239": "2023-03-02", "240": "2023-03-03", "241": "2023-03-06", "242": "2023-03-07", "243": "2023-03-08", "244": "2023-03-09", "245": "2023-03-10", "246": "2023-03-13", "247": "2023-03-14", "248": "2023-03-15", "249": "2023-03-16", "250": "2023-03-17", "251": "2023-03-20", "252": "2023-03-21", "253": "2023-03-22", "254": "2023-03-23", "255": "2023-03-24", "256": "2023-03-27", "257": "2023-03-28", "258": "2023-03-29", "259": "2023-03-30", "260": "2023-03-31", "261": "2023-04-03", "262": "2023-04-04", "263": "2023-04-05", "264": "2023-04-06", "265": "2023-04-10", "266": "2023-04-11", "267": "2023-04-12", "268": "2023-04-13", "269": "2023-04-14", "270": "2023-04-17", "271": "2023-04-18", "272": "2023-04-19", "273": "2023-04-20", "274": "2023-04-21", "275": "2023-04-24", "276": "2023-04-25", "277": "2023-04-26", "278": "2023-04-27", "279": "2023-04-28", "280": "2023-05-01", "281": "2023-05-02", "282": "2023-05-03", "283": "2023-05-04", "284": "2023-05-05", "285": "2023-05-08", "286": "2023-05-09", "287": "2023-05-10", "288": "2023-05-11", "289": "2023-05-12", "290": "2023-05-15", "291": "2023-05-16", "292": "2023-05-17", "293": "2023-05-18", "294": "2023-05-19", "295": "2023-05-22", "296": "2023-05-23", "297": "2023-05-24", "298": "2023-05-25", "299": "2023-05-26", "300": "2023-05-30", "301": "2023-05-31", "302": "2023-06-01", "303": "2023-06-02", "304": "2023-06-05", "305": "2023-06-06", "306": "2023-06-07", "307": "2023-06-08", "308": "2023-06-09", "309": "2023-06-12", "310": "2023-06-13", "311": "2023-06-14", "312": "2023-06-15", "313": "2023-06-16", "314": "2023-06-20", "315": "2023-06-21", "316": "2023-06-22", "317": "2023-06-23", "318": "2023-06-26", "319": "2023-06-27", "320": "2023-06-28", "321": "2023-06-29"}, "open": {"0": 9.829999923706055, "1": 9.829999923706055, "2": 9.84000015258789, "3": 9.84000015258789, "4": 9.84000015258789, "5": 9.84000015258789, "6": 9.84000015258789, "7": 9.84000015258789, "8": 9.84000015258789, "9": 9.850000381469727, "10": 9.869999885559082, "11": 9.869999885559082, "12": 9.859999656677246, "13": 9.869999885559082, "14": 9.875, "15": 9.875, "16": 9.869999885559082, "17": 9.890000343322754, "18": 9.899999618530273, "19": 9.87399959564209, "20": 9.87399959564209, "21": 9.897000312805176, "22": 9.920000076293945, "23": 9.920000076293945, "24": 9.930000305175781, "25": 9.930000305175781, "26": 9.920000076293945, "27": 9.920000076293945, "28": 9.920999526977539, "29": 9.927000045776367, "30": 9.920000076293945, "31": 9.920000076293945, "32": 9.899999618530273, "33": 9.920000076293945, "34": 9.920000076293945, "35": 9.899999618530273, "36": 9.920000076293945, "37": 9.890000343322754, "38": 9.880000114440918, "39": 9.880000114440918, "40": 9.869999885559082, "41": 9.890000343322754, "42": 9.890000343322754, "43": 9.890000343322754, "44": 9.890000343322754, "45": 9.890000343322754, "46": 9.890000343322754, "47": 9.890000343322754, "48": 9.890000343322754, "49": 9.890000343322754, "50": 9.890000343322754, "51": 9.890000343322754, "52": 9.892999649047852, "53": 9.90999984741211, "54": 9.90999984741211, "55": 9.90999984741211, "56": 9.880000114440918, "57": 9.90999984741211, "58": 9.913000106811523, "59": 9.90999984741211, "60": 9.90999984741211, "61": 9.90999984741211, "62": 9.90999984741211, "63": 9.90999984741211, "64": 9.90999984741211, "65": 9.930000305175781, "66": 9.920000076293945, "67": 9.90999984741211, "68": 9.90999984741211, "69": 9.90999984741211, "70": 9.90999984741211, "71": 9.920000076293945, "72": 9.920000076293945, "73": 9.920000076293945, "74": 9.920000076293945, "75": 9.930000305175781, "76": 9.930000305175781, "77": 9.930000305175781, "78": 9.930000305175781, "79": 9.930000305175781, "80": 9.899999618530273, "81": 9.899999618530273, "82": 9.899999618530273, "83": 9.899999618530273, "84": 9.930000305175781, "85": 9.930000305175781, "86": 9.930000305175781, "87": 9.930000305175781, "88": 9.960000038146973, "89": 9.960000038146973, "90": 9.960000038146973, "91": 9.961000442504883, "92": 9.960000038146973, "93": 9.9399995803833, "94": 9.9399995803833, "95": 9.9399995803833, "96": 9.9399995803833, "97": 9.9399995803833, "98": 9.9399995803833, "99": 9.9399995803833, "100": 9.9399995803833, "101": 9.9399995803833, "102": 9.9399995803833, "103": 9.9399995803833, "104": 9.9399995803833, "105": 9.9399995803833, "106": 9.9399995803833, "107": 9.954999923706055, "108": 9.949999809265137, "109": 9.970000267028809, "110": 9.970000267028809, "111": 9.975000381469727, "112": 9.970000267028809, "113": 9.970000267028809, "114": 9.979999542236328, "115": 9.979999542236328, "116": 10.100000381469727, "117": 10.029999732971191, "118": 10.057999610900879, "119": 10.057999610900879, "120": 10.0649995803833, "121": 10.050000190734863, "122": 10.050000190734863, "123": 10.050000190734863, "124": 10.050000190734863, "125": 10.050000190734863, "126": 10.050000190734863, "127": 10.050000190734863, "128": 10.010000228881836, "129": 10.010000228881836, "130": 10.010000228881836, "131": 10.010000228881836, "132": 10.010000228881836, "133": 10.020000457763672, "134": 10.010000228881836, "135": 10.010000228881836, "136": 10.029999732971191, "137": 10.029999732971191, "138": 10.029999732971191, "139": 10.045000076293945, "140": 10.039999961853027, "141": 10.039999961853027, "142": 10.039999961853027, "143": 10.050000190734863, "144": 10.045000076293945, "145": 10.039999961853027, "146": 10.043000221252441, "147": 10.039999961853027, "148": 10.050000190734863, "149": 10.079999923706055, "150": 10.079999923706055, "151": 10.09000015258789, "152": 10.09000015258789, "153": 10.09000015258789, "154": 10.09000015258789, "155": 10.09000015258789, "156": 10.109999656677246, "157": 10.100000381469727, "158": 10.100000381469727, "159": 10.100000381469727, "160": 10.09000015258789, "161": 10.10099983215332, "162": 10.09000015258789, "163": 10.09000015258789, "164": 10.09000015258789, "165": 10.09000015258789, "166": 10.109999656677246, "167": 10.140000343322754, "168": 10.140000343322754, "169": 10.109999656677246, "170": 10.109999656677246, "171": 10.109999656677246, "172": 10.119999885559082, "173": 10.149999618530273, "174": 10.180000305175781, "175": 10.180000305175781, "176": 10.180000305175781, "177": 10.170000076293945, "178": 10.180000305175781, "179": 10.180000305175781, "180": 10.140000343322754, "181": 10.140000343322754, "182": 10.140000343322754, "183": 10.140000343322754, "184": 10.170000076293945, "185": 10.180000305175781, "186": 10.180000305175781, "187": 10.140000343322754, "188": 10.149999618530273, "189": 10.170000076293945, "190": 10.15999984741211, "191": 10.170000076293945, "192": 10.170000076293945, "193": 10.180000305175781, "194": 10.1899995803833, "195": 10.180000305175781, "196": 10.199999809265137, "197": 10.199999809265137, "198": 10.199999809265137, "199": 10.220000267028809, "200": 10.220000267028809, "201": 10.199999809265137, "202": 10.199999809265137, "203": 10.199999809265137, "204": 10.199999809265137, "205": 10.239999771118164, "206": 10.25, "207": 10.255000114440918, "208": 10.300000190734863, "209": 10.260000228881836, "210": 10.279999732971191, "211": 10.270000457763672, "212": 10.289999961853027, "213": 10.289999961853027, "214": 10.289999961853027, "215": 10.600000381469727, "216": 10.319999694824219, "217": 10.699999809265137, "218": 11.130000114440918, "219": 10.520000457763672, "220": 10.319999694824219, "221": 10.359999656677246, "222": 10.270000457763672, "223": 11.399999618530273, "224": 10.3100004196167, "225": 10.295000076293945, "226": 10.295000076293945, "227": 10.25, "228": 10.25, "229": 10.270000457763672, "230": 10.4399995803833, "231": 10.300000190734863, "232": 10.3100004196167, "233": 10.300000190734863, "234": 10.300000190734863, "235": 10.300000190734863, "236": 10.300000190734863, "237": 10.300000190734863, "238": 10.300000190734863, "239": 10.319999694824219, "240": 10.390000343322754, "241": 10.399999618530273, "242": 10.399999618530273, "243": 10.399999618530273, "244": 10.399999618530273, "245": 10.380000114440918, "246": 10.380000114440918, "247": 10.350000381469727, "248": 10.329999923706055, "249": 10.329999923706055, "250": 10.329999923706055, "251": 10.329999923706055, "252": 10.329999923706055, "253": 10.329999923706055, "254": 10.329999923706055, "255": 10.5, "256": 10.5, "257": 10.5, "258": 10.5, "259": 10.5, "260": 10.5, "261": 10.5, "262": 10.350000381469727, "263": 10.350000381469727, "264": 10.350000381469727, "265": 10.350000381469727, "266": 10.350000381469727, "267": 10.350000381469727, "268": 10.350000381469727, "269": 10.350000381469727, "270": 10.350000381469727, "271": 10.489999771118164, "272": 10.399999618530273, "273": 10.399999618530273, "274": 10.399999618530273, "275": 10.399999618530273, "276": 10.399999618530273, "277": 10.420000076293945, "278": 10.420000076293945, "279": 10.420000076293945, "280": 10.420000076293945, "281": 10.420000076293945, "282": 10.420000076293945, "283": 10.420000076293945, "284": 10.5, "285": 10.5, "286": 10.5, "287": 10.5, "288": 10.5, "289": 10.5, "290": 10.479999542236328, "291": 10.479999542236328, "292": 10.479999542236328, "293": 10.479999542236328, "294": 10.449999809265137, "295": 10.470000267028809, "296": 10.470000267028809, "297": 10.470000267028809, "298": 10.470000267028809, "299": 10.470000267028809, "300": 10.470000267028809, "301": 10.470000267028809, "302": 10.470000267028809, "303": 10.470000267028809, "304": 10.470000267028809, "305": 10.470000267028809, "306": 10.470000267028809, "307": 10.470000267028809, "308": 10.470000267028809, "309": 10.470000267028809, "310": 10.470000267028809, "311": 10.470000267028809, "312": 10.470000267028809, "313": 10.470000267028809, "314": 10.479999542236328, "315": 10.539999961853027, "316": 10.539999961853027, "317": 10.550000190734863, "318": 10.550000190734863, "319": 10.550000190734863, "320": 10.550000190734863, "321": 10.550000190734863}, "high": {"0": 9.829999923706055, "1": 9.890000343322754, "2": 9.84000015258789, "3": 9.84000015258789, "4": 9.84000015258789, "5": 9.84000015258789, "6": 9.84000015258789, "7": 9.84000015258789, "8": 9.84000015258789, "9": 9.850000381469727, "10": 9.869999885559082, "11": 9.869999885559082, "12": 9.869999885559082, "13": 9.885000228881836, "14": 9.875, "15": 9.875, "16": 9.880000114440918, "17": 9.899999618530273, "18": 9.899999618530273, "19": 9.87399959564209, "20": 9.87399959564209, "21": 9.920000076293945, "22": 9.920000076293945, "23": 9.920000076293945, "24": 9.930000305175781, "25": 9.930000305175781, "26": 9.920000076293945, "27": 9.930000305175781, "28": 9.930000305175781, "29": 9.930000305175781, "30": 9.920000076293945, "31": 9.920000076293945, "32": 9.920000076293945, "33": 9.920000076293945, "34": 9.920000076293945, "35": 9.904999732971191, "36": 9.920000076293945, "37": 9.890000343322754, "38": 9.890000343322754, "39": 9.880000114440918, "40": 9.890000343322754, "41": 9.890000343322754, "42": 9.890000343322754, "43": 9.890000343322754, "44": 9.890000343322754, "45": 9.890000343322754, "46": 9.890000343322754, "47": 9.890000343322754, "48": 9.890000343322754, "49": 9.890000343322754, "50": 9.890000343322754, "51": 9.890000343322754, "52": 9.90999984741211, "53": 9.90999984741211, "54": 9.90999984741211, "55": 9.90999984741211, "56": 9.880000114440918, "57": 9.90999984741211, "58": 9.913000106811523, "59": 9.90999984741211, "60": 9.90999984741211, "61": 9.90999984741211, "62": 9.90999984741211, "63": 9.90999984741211, "64": 9.90999984741211, "65": 9.930000305175781, "66": 9.930000305175781, "67": 9.90999984741211, "68": 9.90999984741211, "69": 9.90999984741211, "70": 9.90999984741211, "71": 9.920000076293945, "72": 9.920000076293945, "73": 9.920000076293945, "74": 9.920000076293945, "75": 9.930000305175781, "76": 9.930000305175781, "77": 9.930000305175781, "78": 9.930000305175781, "79": 9.930000305175781, "80": 9.899999618530273, "81": 9.899999618530273, "82": 9.899999618530273, "83": 9.899999618530273, "84": 9.930000305175781, "85": 9.930000305175781, "86": 9.930000305175781, "87": 9.930000305175781, "88": 9.960000038146973, "89": 9.960000038146973, "90": 9.960000038146973, "91": 9.970000267028809, "92": 9.960000038146973, "93": 9.9399995803833, "94": 9.9399995803833, "95": 9.9399995803833, "96": 9.9399995803833, "97": 9.9399995803833, "98": 9.9399995803833, "99": 9.9399995803833, "100": 9.9399995803833, "101": 9.9399995803833, "102": 9.9399995803833, "103": 9.9399995803833, "104": 9.9399995803833, "105": 9.9399995803833, "106": 9.9399995803833, "107": 9.954999923706055, "108": 9.989999771118164, "109": 9.970000267028809, "110": 9.970000267028809, "111": 9.975000381469727, "112": 9.970000267028809, "113": 9.970000267028809, "114": 9.979999542236328, "115": 9.979999542236328, "116": 10.489999771118164, "117": 10.039999961853027, "118": 10.057999610900879, "119": 10.057999610900879, "120": 10.0649995803833, "121": 10.050000190734863, "122": 10.050000190734863, "123": 10.050000190734863, "124": 10.050000190734863, "125": 10.050000190734863, "126": 10.050000190734863, "127": 10.050000190734863, "128": 10.010000228881836, "129": 10.010000228881836, "130": 10.010000228881836, "131": 10.010000228881836, "132": 10.010000228881836, "133": 10.020000457763672, "134": 10.010000228881836, "135": 10.010000228881836, "136": 10.029999732971191, "137": 10.029999732971191, "138": 10.029999732971191, "139": 10.045000076293945, "140": 10.039999961853027, "141": 10.039999961853027, "142": 10.039999961853027, "143": 10.050000190734863, "144": 10.045000076293945, "145": 10.043000221252441, "146": 10.043000221252441, "147": 10.039999961853027, "148": 10.079999923706055, "149": 10.079999923706055, "150": 10.079999923706055, "151": 10.09000015258789, "152": 10.09000015258789, "153": 10.09000015258789, "154": 10.09000015258789, "155": 10.09000015258789, "156": 10.109999656677246, "157": 10.100000381469727, "158": 10.100000381469727, "159": 10.100000381469727, "160": 10.10099983215332, "161": 10.10099983215332, "162": 10.09000015258789, "163": 10.09000015258789, "164": 10.09000015258789, "165": 10.109999656677246, "166": 10.109999656677246, "167": 10.140000343322754, "168": 10.140000343322754, "169": 10.109999656677246, "170": 10.109999656677246, "171": 10.109999656677246, "172": 10.119999885559082, "173": 10.149999618530273, "174": 10.180000305175781, "175": 10.180000305175781, "176": 10.180000305175781, "177": 10.180000305175781, "178": 10.180000305175781, "179": 10.180000305175781, "180": 10.140000343322754, "181": 10.140000343322754, "182": 10.140000343322754, "183": 10.140000343322754, "184": 10.170000076293945, "185": 10.180000305175781, "186": 10.180000305175781, "187": 10.1899995803833, "188": 10.170000076293945, "189": 10.170000076293945, "190": 10.15999984741211, "191": 10.180000305175781, "192": 10.170000076293945, "193": 10.1899995803833, "194": 10.1899995803833, "195": 10.180000305175781, "196": 10.199999809265137, "197": 10.199999809265137, "198": 10.199999809265137, "199": 10.220000267028809, "200": 10.220000267028809, "201": 10.199999809265137, "202": 10.199999809265137, "203": 10.199999809265137, "204": 10.199999809265137, "205": 10.25, "206": 10.260000228881836, "207": 10.255000114440918, "208": 10.329999923706055, "209": 10.279999732971191, "210": 10.279999732971191, "211": 10.28499984741211, "212": 10.289999961853027, "213": 10.289999961853027, "214": 10.289999961853027, "215": 10.699999809265137, "216": 10.329999923706055, "217": 10.699999809265137, "218": 11.130000114440918, "219": 10.569999694824219, "220": 10.739999771118164, "221": 10.375, "222": 10.399999618530273, "223": 11.4399995803833, "224": 10.3100004196167, "225": 10.295000076293945, "226": 10.295000076293945, "227": 10.25, "228": 10.25, "229": 10.300000190734863, "230": 10.5, "231": 10.489999771118164, "232": 10.40999984741211, "233": 10.300000190734863, "234": 10.300000190734863, "235": 10.300000190734863, "236": 10.300000190734863, "237": 10.300000190734863, "238": 10.300000190734863, "239": 10.390000343322754, "240": 10.390000343322754, "241": 10.399999618530273, "242": 10.399999618530273, "243": 10.399999618530273, "244": 10.399999618530273, "245": 10.380000114440918, "246": 10.380000114440918, "247": 10.350000381469727, "248": 10.329999923706055, "249": 10.329999923706055, "250": 10.329999923706055, "251": 10.329999923706055, "252": 10.329999923706055, "253": 10.329999923706055, "254": 10.329999923706055, "255": 10.5, "256": 10.5, "257": 10.5, "258": 10.5, "259": 10.5, "260": 10.5, "261": 10.5, "262": 10.350000381469727, "263": 10.350000381469727, "264": 10.350000381469727, "265": 10.350000381469727, "266": 10.350000381469727, "267": 10.350000381469727, "268": 10.350000381469727, "269": 10.350000381469727, "270": 10.350000381469727, "271": 10.5, "272": 10.399999618530273, "273": 10.539999961853027, "274": 10.399999618530273, "275": 10.399999618530273, "276": 10.399999618530273, "277": 10.420000076293945, "278": 10.420000076293945, "279": 10.420000076293945, "280": 10.420000076293945, "281": 10.420000076293945, "282": 10.420000076293945, "283": 10.420000076293945, "284": 10.5, "285": 10.5, "286": 10.5, "287": 10.5, "288": 10.5, "289": 10.5, "290": 10.479999542236328, "291": 10.479999542236328, "292": 10.479999542236328, "293": 10.479999542236328, "294": 10.470000267028809, "295": 10.470000267028809, "296": 10.470000267028809, "297": 10.470000267028809, "298": 10.470000267028809, "299": 10.470000267028809, "300": 10.470000267028809, "301": 10.470000267028809, "302": 10.470000267028809, "303": 10.470000267028809, "304": 10.470000267028809, "305": 10.470000267028809, "306": 10.470000267028809, "307": 10.470000267028809, "308": 10.470000267028809, "309": 10.470000267028809, "310": 10.470000267028809, "311": 10.470000267028809, "312": 10.470000267028809, "313": 10.470000267028809, "314": 10.539999961853027, "315": 10.539999961853027, "316": 10.539999961853027, "317": 10.550000190734863, "318": 10.550000190734863, "319": 10.550000190734863, "320": 10.550000190734863, "321": 10.550000190734863}, "low": {"0": 9.829999923706055, "1": 9.829999923706055, "2": 9.84000015258789, "3": 9.84000015258789, "4": 9.84000015258789, "5": 9.84000015258789, "6": 9.84000015258789, "7": 9.819999694824219, "8": 9.84000015258789, "9": 9.850000381469727, "10": 9.869999885559082, "11": 9.868000030517578, "12": 9.859999656677246, "13": 9.869999885559082, "14": 9.875, "15": 9.869999885559082, "16": 9.869999885559082, "17": 9.890000343322754, "18": 9.899999618530273, "19": 9.87399959564209, "20": 9.87399959564209, "21": 9.897000312805176, "22": 9.920000076293945, "23": 9.890000343322754, "24": 9.930000305175781, "25": 9.930000305175781, "26": 9.916000366210938, "27": 9.920000076293945, "28": 9.920999526977539, "29": 9.927000045776367, "30": 9.920000076293945, "31": 9.90999984741211, "32": 9.899999618530273, "33": 9.90999984741211, "34": 9.90999984741211, "35": 9.899999618530273, "36": 9.90999984741211, "37": 9.890000343322754, "38": 9.880000114440918, "39": 9.880000114440918, "40": 9.869999885559082, "41": 9.890000343322754, "42": 9.890000343322754, "43": 9.890000343322754, "44": 9.890000343322754, "45": 9.890000343322754, "46": 9.890000343322754, "47": 9.880000114440918, "48": 9.890000343322754, "49": 9.890000343322754, "50": 9.887999534606934, "51": 9.890000343322754, "52": 9.892999649047852, "53": 9.899999618530273, "54": 9.90999984741211, "55": 9.90999984741211, "56": 9.880000114440918, "57": 9.90999984741211, "58": 9.913000106811523, "59": 9.90999984741211, "60": 9.90999984741211, "61": 9.90999984741211, "62": 9.90999984741211, "63": 9.90999984741211, "64": 9.90999984741211, "65": 9.899999618530273, "66": 9.920000076293945, "67": 9.90999984741211, "68": 9.90999984741211, "69": 9.90999984741211, "70": 9.90999984741211, "71": 9.914999961853027, "72": 9.920000076293945, "73": 9.890000343322754, "74": 9.920000076293945, "75": 9.930000305175781, "76": 9.930000305175781, "77": 9.930000305175781, "78": 9.930000305175781, "79": 9.930000305175781, "80": 9.899999618530273, "81": 9.899999618530273, "82": 9.899999618530273, "83": 9.899999618530273, "84": 9.930000305175781, "85": 9.930000305175781, "86": 9.930000305175781, "87": 9.930000305175781, "88": 9.960000038146973, "89": 9.960000038146973, "90": 9.960000038146973, "91": 9.960000038146973, "92": 9.960000038146973, "93": 9.9399995803833, "94": 9.9399995803833, "95": 9.9399995803833, "96": 9.9399995803833, "97": 9.9399995803833, "98": 9.9399995803833, "99": 9.9399995803833, "100": 9.9399995803833, "101": 9.9399995803833, "102": 9.9399995803833, "103": 9.9399995803833, "104": 9.9399995803833, "105": 9.9399995803833, "106": 9.9399995803833, "107": 9.954999923706055, "108": 9.949999809265137, "109": 9.970000267028809, "110": 9.970000267028809, "111": 9.970000267028809, "112": 9.970000267028809, "113": 9.970000267028809, "114": 9.979999542236328, "115": 9.979999542236328, "116": 10.005000114440918, "117": 10.029999732971191, "118": 10.057999610900879, "119": 10.057999610900879, "120": 10.050000190734863, "121": 10.050000190734863, "122": 10.050000190734863, "123": 10.050000190734863, "124": 10.050000190734863, "125": 10.050000190734863, "126": 10.050000190734863, "127": 10.050000190734863, "128": 10.010000228881836, "129": 10.010000228881836, "130": 10.010000228881836, "131": 10.010000228881836, "132": 10.010000228881836, "133": 10.010000228881836, "134": 10.010000228881836, "135": 10.010000228881836, "136": 10.029999732971191, "137": 10.029999732971191, "138": 10.029999732971191, "139": 10.039999961853027, "140": 10.039999961853027, "141": 10.039999961853027, "142": 10.039999961853027, "143": 10.050000190734863, "144": 10.039999961853027, "145": 10.039999961853027, "146": 10.043000221252441, "147": 10.039999961853027, "148": 10.050000190734863, "149": 10.079999923706055, "150": 10.069999694824219, "151": 10.09000015258789, "152": 10.09000015258789, "153": 10.09000015258789, "154": 10.09000015258789, "155": 10.09000015258789, "156": 10.109999656677246, "157": 10.100000381469727, "158": 10.100000381469727, "159": 10.100000381469727, "160": 10.09000015258789, "161": 10.10099983215332, "162": 10.09000015258789, "163": 10.09000015258789, "164": 10.09000015258789, "165": 10.09000015258789, "166": 10.09000015258789, "167": 10.140000343322754, "168": 10.140000343322754, "169": 10.109999656677246, "170": 10.109999656677246, "171": 10.109999656677246, "172": 10.119999885559082, "173": 10.149999618530273, "174": 10.170000076293945, "175": 10.180000305175781, "176": 10.180000305175781, "177": 10.170000076293945, "178": 10.180000305175781, "179": 10.180000305175781, "180": 10.140000343322754, "181": 10.140000343322754, "182": 10.140000343322754, "183": 10.140000343322754, "184": 10.170000076293945, "185": 10.180000305175781, "186": 10.180000305175781, "187": 10.140000343322754, "188": 10.140000343322754, "189": 10.170000076293945, "190": 10.15999984741211, "191": 10.170000076293945, "192": 10.170000076293945, "193": 10.180000305175781, "194": 10.1899995803833, "195": 10.180000305175781, "196": 10.199999809265137, "197": 10.199999809265137, "198": 10.199999809265137, "199": 10.1899995803833, "200": 10.220000267028809, "201": 10.199999809265137, "202": 10.199999809265137, "203": 10.199999809265137, "204": 10.199999809265137, "205": 10.239999771118164, "206": 10.25, "207": 10.25, "208": 10.25, "209": 10.260000228881836, "210": 10.279999732971191, "211": 10.270000457763672, "212": 10.289999961853027, "213": 10.289999961853027, "214": 10.289999961853027, "215": 10.319999694824219, "216": 10.319999694824219, "217": 10.3100004196167, "218": 10.510000228881836, "219": 10.460000038146973, "220": 10.319999694824219, "221": 9.54800033569336, "222": 10.25, "223": 10.380000114440918, "224": 10.279999732971191, "225": 10.295000076293945, "226": 10.295000076293945, "227": 10.25, "228": 10.25, "229": 10.270000457763672, "230": 10.34000015258789, "231": 10.300000190734863, "232": 10.279999732971191, "233": 10.300000190734863, "234": 10.300000190734863, "235": 10.300000190734863, "236": 10.300000190734863, "237": 10.300000190734863, "238": 10.300000190734863, "239": 10.319999694824219, "240": 10.390000343322754, "241": 10.399999618530273, "242": 10.399999618530273, "243": 10.399999618530273, "244": 10.399999618530273, "245": 10.380000114440918, "246": 10.380000114440918, "247": 10.329999923706055, "248": 10.329999923706055, "249": 10.329999923706055, "250": 10.329999923706055, "251": 10.329999923706055, "252": 10.329999923706055, "253": 10.329999923706055, "254": 10.329999923706055, "255": 10.5, "256": 10.5, "257": 10.5, "258": 10.5, "259": 10.5, "260": 10.5, "261": 10.5, "262": 10.350000381469727, "263": 10.350000381469727, "264": 10.350000381469727, "265": 10.350000381469727, "266": 10.350000381469727, "267": 10.350000381469727, "268": 10.350000381469727, "269": 10.350000381469727, "270": 10.350000381469727, "271": 10.399999618530273, "272": 10.399999618530273, "273": 10.399999618530273, "274": 10.399999618530273, "275": 10.399999618530273, "276": 10.399999618530273, "277": 10.420000076293945, "278": 10.420000076293945, "279": 10.420000076293945, "280": 10.420000076293945, "281": 10.420000076293945, "282": 10.420000076293945, "283": 10.420000076293945, "284": 10.5, "285": 10.5, "286": 10.5, "287": 10.5, "288": 10.5, "289": 10.5, "290": 10.479999542236328, "291": 10.479999542236328, "292": 10.479999542236328, "293": 10.479999542236328, "294": 10.449999809265137, "295": 10.470000267028809, "296": 10.470000267028809, "297": 10.470000267028809, "298": 10.470000267028809, "299": 10.470000267028809, "300": 10.470000267028809, "301": 10.470000267028809, "302": 10.470000267028809, "303": 10.470000267028809, "304": 10.470000267028809, "305": 10.470000267028809, "306": 10.470000267028809, "307": 10.470000267028809, "308": 10.470000267028809, "309": 10.470000267028809, "310": 10.470000267028809, "311": 10.470000267028809, "312": 10.470000267028809, "313": 10.470000267028809, "314": 10.470000267028809, "315": 10.539999961853027, "316": 10.539999961853027, "317": 10.550000190734863, "318": 10.550000190734863, "319": 10.550000190734863, "320": 10.550000190734863, "321": 10.550000190734863}, "close": {"0": 9.829999923706055, "1": 9.869999885559082, "2": 9.84000015258789, "3": 9.84000015258789, "4": 9.84000015258789, "5": 9.84000015258789, "6": 9.84000015258789, "7": 9.84000015258789, "8": 9.84000015258789, "9": 9.850000381469727, "10": 9.869999885559082, "11": 9.869999885559082, "12": 9.869999885559082, "13": 9.880000114440918, "14": 9.875, "15": 9.873000144958496, "16": 9.880000114440918, "17": 9.899999618530273, "18": 9.899999618530273, "19": 9.87399959564209, "20": 9.87399959564209, "21": 9.920000076293945, "22": 9.920000076293945, "23": 9.920000076293945, "24": 9.930000305175781, "25": 9.930000305175781, "26": 9.916000366210938, "27": 9.930000305175781, "28": 9.930000305175781, "29": 9.930000305175781, "30": 9.920000076293945, "31": 9.90999984741211, "32": 9.920000076293945, "33": 9.90999984741211, "34": 9.920000076293945, "35": 9.904999732971191, "36": 9.920000076293945, "37": 9.890000343322754, "38": 9.880000114440918, "39": 9.880000114440918, "40": 9.890000343322754, "41": 9.890000343322754, "42": 9.890000343322754, "43": 9.890000343322754, "44": 9.890000343322754, "45": 9.890000343322754, "46": 9.890000343322754, "47": 9.880000114440918, "48": 9.890000343322754, "49": 9.890000343322754, "50": 9.890000343322754, "51": 9.890000343322754, "52": 9.899999618530273, "53": 9.90999984741211, "54": 9.90999984741211, "55": 9.90999984741211, "56": 9.880000114440918, "57": 9.90999984741211, "58": 9.913000106811523, "59": 9.90999984741211, "60": 9.90999984741211, "61": 9.90999984741211, "62": 9.90999984741211, "63": 9.90999984741211, "64": 9.90999984741211, "65": 9.899999618530273, "66": 9.930000305175781, "67": 9.90999984741211, "68": 9.90999984741211, "69": 9.90999984741211, "70": 9.90999984741211, "71": 9.920000076293945, "72": 9.920000076293945, "73": 9.90999984741211, "74": 9.920000076293945, "75": 9.930000305175781, "76": 9.930000305175781, "77": 9.930000305175781, "78": 9.930000305175781, "79": 9.930000305175781, "80": 9.899999618530273, "81": 9.899999618530273, "82": 9.899999618530273, "83": 9.899999618530273, "84": 9.930000305175781, "85": 9.930000305175781, "86": 9.930000305175781, "87": 9.930000305175781, "88": 9.960000038146973, "89": 9.960000038146973, "90": 9.960000038146973, "91": 9.960000038146973, "92": 9.960000038146973, "93": 9.9399995803833, "94": 9.9399995803833, "95": 9.9399995803833, "96": 9.9399995803833, "97": 9.9399995803833, "98": 9.9399995803833, "99": 9.9399995803833, "100": 9.9399995803833, "101": 9.9399995803833, "102": 9.9399995803833, "103": 9.9399995803833, "104": 9.9399995803833, "105": 9.9399995803833, "106": 9.9399995803833, "107": 9.954999923706055, "108": 9.989999771118164, "109": 9.970000267028809, "110": 9.970000267028809, "111": 9.970000267028809, "112": 9.970000267028809, "113": 9.970000267028809, "114": 9.979999542236328, "115": 9.979999542236328, "116": 10.489999771118164, "117": 10.039999961853027, "118": 10.057999610900879, "119": 10.057999610900879, "120": 10.050000190734863, "121": 10.050000190734863, "122": 10.050000190734863, "123": 10.050000190734863, "124": 10.050000190734863, "125": 10.050000190734863, "126": 10.050000190734863, "127": 10.050000190734863, "128": 10.010000228881836, "129": 10.010000228881836, "130": 10.010000228881836, "131": 10.010000228881836, "132": 10.010000228881836, "133": 10.010000228881836, "134": 10.010000228881836, "135": 10.010000228881836, "136": 10.029999732971191, "137": 10.029999732971191, "138": 10.029999732971191, "139": 10.039999961853027, "140": 10.039999961853027, "141": 10.039999961853027, "142": 10.039999961853027, "143": 10.050000190734863, "144": 10.039999961853027, "145": 10.043000221252441, "146": 10.043000221252441, "147": 10.039999961853027, "148": 10.079999923706055, "149": 10.079999923706055, "150": 10.069999694824219, "151": 10.09000015258789, "152": 10.09000015258789, "153": 10.09000015258789, "154": 10.09000015258789, "155": 10.09000015258789, "156": 10.109999656677246, "157": 10.100000381469727, "158": 10.100000381469727, "159": 10.100000381469727, "160": 10.10099983215332, "161": 10.10099983215332, "162": 10.09000015258789, "163": 10.09000015258789, "164": 10.09000015258789, "165": 10.109999656677246, "166": 10.109999656677246, "167": 10.140000343322754, "168": 10.140000343322754, "169": 10.109999656677246, "170": 10.109999656677246, "171": 10.109999656677246, "172": 10.119999885559082, "173": 10.149999618530273, "174": 10.170000076293945, "175": 10.180000305175781, "176": 10.180000305175781, "177": 10.180000305175781, "178": 10.180000305175781, "179": 10.180000305175781, "180": 10.140000343322754, "181": 10.140000343322754, "182": 10.140000343322754, "183": 10.140000343322754, "184": 10.170000076293945, "185": 10.180000305175781, "186": 10.180000305175781, "187": 10.1899995803833, "188": 10.170000076293945, "189": 10.170000076293945, "190": 10.15999984741211, "191": 10.170000076293945, "192": 10.170000076293945, "193": 10.1899995803833, "194": 10.1899995803833, "195": 10.180000305175781, "196": 10.199999809265137, "197": 10.199999809265137, "198": 10.199999809265137, "199": 10.1899995803833, "200": 10.220000267028809, "201": 10.199999809265137, "202": 10.199999809265137, "203": 10.199999809265137, "204": 10.199999809265137, "205": 10.25, "206": 10.260000228881836, "207": 10.25, "208": 10.25, "209": 10.279999732971191, "210": 10.279999732971191, "211": 10.279999732971191, "212": 10.289999961853027, "213": 10.289999961853027, "214": 10.289999961853027, "215": 10.319999694824219, "216": 10.319999694824219, "217": 10.319999694824219, "218": 10.510000228881836, "219": 10.460000038146973, "220": 10.414999961853027, "221": 10.260000228881836, "222": 10.399999618530273, "223": 10.390000343322754, "224": 10.295000076293945, "225": 10.295000076293945, "226": 10.295000076293945, "227": 10.25, "228": 10.25, "229": 10.281999588012695, "230": 10.5, "231": 10.402999877929688, "232": 10.300000190734863, "233": 10.300000190734863, "234": 10.300000190734863, "235": 10.300000190734863, "236": 10.300000190734863, "237": 10.300000190734863, "238": 10.300000190734863, "239": 10.390000343322754, "240": 10.390000343322754, "241": 10.399999618530273, "242": 10.399999618530273, "243": 10.399999618530273, "244": 10.399999618530273, "245": 10.380000114440918, "246": 10.380000114440918, "247": 10.329999923706055, "248": 10.329999923706055, "249": 10.329999923706055, "250": 10.329999923706055, "251": 10.329999923706055, "252": 10.329999923706055, "253": 10.329999923706055, "254": 10.329999923706055, "255": 10.5, "256": 10.5, "257": 10.5, "258": 10.5, "259": 10.5, "260": 10.5, "261": 10.5, "262": 10.350000381469727, "263": 10.350000381469727, "264": 10.350000381469727, "265": 10.350000381469727, "266": 10.350000381469727, "267": 10.350000381469727, "268": 10.350000381469727, "269": 10.350000381469727, "270": 10.350000381469727, "271": 10.5, "272": 10.399999618530273, "273": 10.539999961853027, "274": 10.399999618530273, "275": 10.399999618530273, "276": 10.399999618530273, "277": 10.420000076293945, "278": 10.420000076293945, "279": 10.420000076293945, "280": 10.420000076293945, "281": 10.420000076293945, "282": 10.420000076293945, "283": 10.420000076293945, "284": 10.5, "285": 10.5, "286": 10.5, "287": 10.5, "288": 10.5, "289": 10.5, "290": 10.479999542236328, "291": 10.479999542236328, "292": 10.479999542236328, "293": 10.479999542236328, "294": 10.470000267028809, "295": 10.470000267028809, "296": 10.470000267028809, "297": 10.470000267028809, "298": 10.470000267028809, "299": 10.470000267028809, "300": 10.470000267028809, "301": 10.470000267028809, "302": 10.470000267028809, "303": 10.470000267028809, "304": 10.470000267028809, "305": 10.470000267028809, "306": 10.470000267028809, "307": 10.470000267028809, "308": 10.470000267028809, "309": 10.470000267028809, "310": 10.470000267028809, "311": 10.470000267028809, "312": 10.470000267028809, "313": 10.470000267028809, "314": 10.539999961853027, "315": 10.539999961853027, "316": 10.539999961853027, "317": 10.550000190734863, "318": 10.550000190734863, "319": 10.550000190734863, "320": 10.550000190734863, "321": 10.550000190734863}, "volume": {"0": 20400, "1": 311500, "2": 300, "3": 0, "4": 0, "5": 0, "6": 92100, "7": 40600, "8": 0, "9": 30000, "10": 25000, "11": 115200, "12": 9800, "13": 332900, "14": 700, "15": 3600, "16": 21200, "17": 19500, "18": 3500, "19": 800, "20": 0, "21": 75100, "22": 0, "23": 176100, "24": 700, "25": 0, "26": 105000, "27": 75300, "28": 1800, "29": 20200, "30": 5200, "31": 4200, "32": 134100, "33": 5400, "34": 6800, "35": 6200, "36": 2500, "37": 7500, "38": 17900, "39": 0, "40": 200, "41": 0, "42": 3800, "43": 1900, "44": 0, "45": 0, "46": 0, "47": 1900, "48": 300, "49": 4300, "50": 6600, "51": 0, "52": 7300, "53": 900, "54": 0, "55": 0, "56": 300, "57": 5200, "58": 1000, "59": 8300, "60": 0, "61": 0, "62": 0, "63": 10000, "64": 0, "65": 500, "66": 7500, "67": 27400, "68": 0, "69": 0, "70": 800, "71": 101700, "72": 0, "73": 30200, "74": 47700, "75": 11800, "76": 0, "77": 0, "78": 0, "79": 0, "80": 50100, "81": 0, "82": 0, "83": 0, "84": 101000, "85": 0, "86": 0, "87": 0, "88": 100, "89": 0, "90": 0, "91": 3400, "92": 0, "93": 100400, "94": 0, "95": 176800, "96": 0, "97": 0, "98": 33800, "99": 0, "100": 100000, "101": 0, "102": 0, "103": 0, "104": 373500, "105": 0, "106": 0, "107": 600, "108": 6500, "109": 160000, "110": 0, "111": 200, "112": 0, "113": 0, "114": 1800, "115": 0, "116": 6300, "117": 500, "118": 600, "119": 0, "120": 200, "121": 0, "122": 0, "123": 0, "124": 0, "125": 0, "126": 0, "127": 0, "128": 200, "129": 300, "130": 0, "131": 200, "132": 1200, "133": 108000, "134": 400, "135": 0, "136": 200, "137": 0, "138": 0, "139": 400, "140": 300, "141": 0, "142": 5200, "143": 400, "144": 2000, "145": 5500, "146": 0, "147": 100, "148": 4500, "149": 0, "150": 27500, "151": 100, "152": 0, "153": 0, "154": 0, "155": 0, "156": 100, "157": 100, "158": 0, "159": 0, "160": 400, "161": 0, "162": 500, "163": 0, "164": 0, "165": 20600, "166": 21100, "167": 300, "168": 0, "169": 2300, "170": 100, "171": 0, "172": 300, "173": 100, "174": 300, "175": 100, "176": 0, "177": 400, "178": 600, "179": 0, "180": 200, "181": 200, "182": 0, "183": 0, "184": 100, "185": 100, "186": 0, "187": 310900, "188": 17100, "189": 0, "190": 800, "191": 2500, "192": 0, "193": 17100, "194": 0, "195": 21800, "196": 7400, "197": 1700, "198": 13700, "199": 4400, "200": 300, "201": 100000, "202": 0, "203": 0, "204": 100, "205": 2600, "206": 94500, "207": 20000, "208": 6200, "209": 477700, "210": 0, "211": 10800, "212": 6600, "213": 0, "214": 5200, "215": 5800, "216": 8800, "217": 55200, "218": 2100, "219": 30000, "220": 2400, "221": 10200, "222": 2500, "223": 3100, "224": 30300, "225": 3100, "226": 0, "227": 800, "228": 0, "229": 600, "230": 41100, "231": 5000, "232": 6500, "233": 100, "234": 0, "235": 0, "236": 0, "237": 0, "238": 0, "239": 1600, "240": 0, "241": 200, "242": 0, "243": 0, "244": 0, "245": 100, "246": 0, "247": 10400, "248": 0, "249": 0, "250": 0, "251": 0, "252": 0, "253": 100, "254": 0, "255": 300, "256": 0, "257": 0, "258": 600, "259": 0, "260": 2100, "261": 0, "262": 2100, "263": 0, "264": 400, "265": 0, "266": 1000, "267": 0, "268": 0, "269": 0, "270": 0, "271": 31600, "272": 500, "273": 1700, "274": 200, "275": 0, "276": 0, "277": 100, "278": 0, "279": 5000, "280": 0, "281": 0, "282": 0, "283": 0, "284": 50000, "285": 0, "286": 500, "287": 0, "288": 5000, "289": 0, "290": 100, "291": 0, "292": 0, "293": 0, "294": 400, "295": 0, "296": 700, "297": 0, "298": 6500, "299": 0, "300": 0, "301": 0, "302": 700, "303": 0, "304": 4000, "305": 0, "306": 0, "307": 0, "308": 0, "309": 0, "310": 0, "311": 0, "312": 0, "313": 0, "314": 10300, "315": 0, "316": 5500, "317": 2600, "318": 0, "319": 0, "320": 400, "321": 900}, "adjclose": {"0": 9.829999923706055, "1": 9.869999885559082, "2": 9.84000015258789, "3": 9.84000015258789, "4": 9.84000015258789, "5": 9.84000015258789, "6": 9.84000015258789, "7": 9.84000015258789, "8": 9.84000015258789, "9": 9.850000381469727, "10": 9.869999885559082, "11": 9.869999885559082, "12": 9.869999885559082, "13": 9.880000114440918, "14": 9.875, "15": 9.873000144958496, "16": 9.880000114440918, "17": 9.899999618530273, "18": 9.899999618530273, "19": 9.87399959564209, "20": 9.87399959564209, "21": 9.920000076293945, "22": 9.920000076293945, "23": 9.920000076293945, "24": 9.930000305175781, "25": 9.930000305175781, "26": 9.916000366210938, "27": 9.930000305175781, "28": 9.930000305175781, "29": 9.930000305175781, "30": 9.920000076293945, "31": 9.90999984741211, "32": 9.920000076293945, "33": 9.90999984741211, "34": 9.920000076293945, "35": 9.904999732971191, "36": 9.920000076293945, "37": 9.890000343322754, "38": 9.880000114440918, "39": 9.880000114440918, "40": 9.890000343322754, "41": 9.890000343322754, "42": 9.890000343322754, "43": 9.890000343322754, "44": 9.890000343322754, "45": 9.890000343322754, "46": 9.890000343322754, "47": 9.880000114440918, "48": 9.890000343322754, "49": 9.890000343322754, "50": 9.890000343322754, "51": 9.890000343322754, "52": 9.899999618530273, "53": 9.90999984741211, "54": 9.90999984741211, "55": 9.90999984741211, "56": 9.880000114440918, "57": 9.90999984741211, "58": 9.913000106811523, "59": 9.90999984741211, "60": 9.90999984741211, "61": 9.90999984741211, "62": 9.90999984741211, "63": 9.90999984741211, "64": 9.90999984741211, "65": 9.899999618530273, "66": 9.930000305175781, "67": 9.90999984741211, "68": 9.90999984741211, "69": 9.90999984741211, "70": 9.90999984741211, "71": 9.920000076293945, "72": 9.920000076293945, "73": 9.90999984741211, "74": 9.920000076293945, "75": 9.930000305175781, "76": 9.930000305175781, "77": 9.930000305175781, "78": 9.930000305175781, "79": 9.930000305175781, "80": 9.899999618530273, "81": 9.899999618530273, "82": 9.899999618530273, "83": 9.899999618530273, "84": 9.930000305175781, "85": 9.930000305175781, "86": 9.930000305175781, "87": 9.930000305175781, "88": 9.960000038146973, "89": 9.960000038146973, "90": 9.960000038146973, "91": 9.960000038146973, "92": 9.960000038146973, "93": 9.9399995803833, "94": 9.9399995803833, "95": 9.9399995803833, "96": 9.9399995803833, "97": 9.9399995803833, "98": 9.9399995803833, "99": 9.9399995803833, "100": 9.9399995803833, "101": 9.9399995803833, "102": 9.9399995803833, "103": 9.9399995803833, "104": 9.9399995803833, "105": 9.9399995803833, "106": 9.9399995803833, "107": 9.954999923706055, "108": 9.989999771118164, "109": 9.970000267028809, "110": 9.970000267028809, "111": 9.970000267028809, "112": 9.970000267028809, "113": 9.970000267028809, "114": 9.979999542236328, "115": 9.979999542236328, "116": 10.489999771118164, "117": 10.039999961853027, "118": 10.057999610900879, "119": 10.057999610900879, "120": 10.050000190734863, "121": 10.050000190734863, "122": 10.050000190734863, "123": 10.050000190734863, "124": 10.050000190734863, "125": 10.050000190734863, "126": 10.050000190734863, "127": 10.050000190734863, "128": 10.010000228881836, "129": 10.010000228881836, "130": 10.010000228881836, "131": 10.010000228881836, "132": 10.010000228881836, "133": 10.010000228881836, "134": 10.010000228881836, "135": 10.010000228881836, "136": 10.029999732971191, "137": 10.029999732971191, "138": 10.029999732971191, "139": 10.039999961853027, "140": 10.039999961853027, "141": 10.039999961853027, "142": 10.039999961853027, "143": 10.050000190734863, "144": 10.039999961853027, "145": 10.043000221252441, "146": 10.043000221252441, "147": 10.039999961853027, "148": 10.079999923706055, "149": 10.079999923706055, "150": 10.069999694824219, "151": 10.09000015258789, "152": 10.09000015258789, "153": 10.09000015258789, "154": 10.09000015258789, "155": 10.09000015258789, "156": 10.109999656677246, "157": 10.100000381469727, "158": 10.100000381469727, "159": 10.100000381469727, "160": 10.10099983215332, "161": 10.10099983215332, "162": 10.09000015258789, "163": 10.09000015258789, "164": 10.09000015258789, "165": 10.109999656677246, "166": 10.109999656677246, "167": 10.140000343322754, "168": 10.140000343322754, "169": 10.109999656677246, "170": 10.109999656677246, "171": 10.109999656677246, "172": 10.119999885559082, "173": 10.149999618530273, "174": 10.170000076293945, "175": 10.180000305175781, "176": 10.180000305175781, "177": 10.180000305175781, "178": 10.180000305175781, "179": 10.180000305175781, "180": 10.140000343322754, "181": 10.140000343322754, "182": 10.140000343322754, "183": 10.140000343322754, "184": 10.170000076293945, "185": 10.180000305175781, "186": 10.180000305175781, "187": 10.1899995803833, "188": 10.170000076293945, "189": 10.170000076293945, "190": 10.15999984741211, "191": 10.170000076293945, "192": 10.170000076293945, "193": 10.1899995803833, "194": 10.1899995803833, "195": 10.180000305175781, "196": 10.199999809265137, "197": 10.199999809265137, "198": 10.199999809265137, "199": 10.1899995803833, "200": 10.220000267028809, "201": 10.199999809265137, "202": 10.199999809265137, "203": 10.199999809265137, "204": 10.199999809265137, "205": 10.25, "206": 10.260000228881836, "207": 10.25, "208": 10.25, "209": 10.279999732971191, "210": 10.279999732971191, "211": 10.279999732971191, "212": 10.289999961853027, "213": 10.289999961853027, "214": 10.289999961853027, "215": 10.319999694824219, "216": 10.319999694824219, "217": 10.319999694824219, "218": 10.510000228881836, "219": 10.460000038146973, "220": 10.414999961853027, "221": 10.260000228881836, "222": 10.399999618530273, "223": 10.390000343322754, "224": 10.295000076293945, "225": 10.295000076293945, "226": 10.295000076293945, "227": 10.25, "228": 10.25, "229": 10.281999588012695, "230": 10.5, "231": 10.402999877929688, "232": 10.300000190734863, "233": 10.300000190734863, "234": 10.300000190734863, "235": 10.300000190734863, "236": 10.300000190734863, "237": 10.300000190734863, "238": 10.300000190734863, "239": 10.390000343322754, "240": 10.390000343322754, "241": 10.399999618530273, "242": 10.399999618530273, "243": 10.399999618530273, "244": 10.399999618530273, "245": 10.380000114440918, "246": 10.380000114440918, "247": 10.329999923706055, "248": 10.329999923706055, "249": 10.329999923706055, "250": 10.329999923706055, "251": 10.329999923706055, "252": 10.329999923706055, "253": 10.329999923706055, "254": 10.329999923706055, "255": 10.5, "256": 10.5, "257": 10.5, "258": 10.5, "259": 10.5, "260": 10.5, "261": 10.5, "262": 10.350000381469727, "263": 10.350000381469727, "264": 10.350000381469727, "265": 10.350000381469727, "266": 10.350000381469727, "267": 10.350000381469727, "268": 10.350000381469727, "269": 10.350000381469727, "270": 10.350000381469727, "271": 10.5, "272": 10.399999618530273, "273": 10.539999961853027, "274": 10.399999618530273, "275": 10.399999618530273, "276": 10.399999618530273, "277": 10.420000076293945, "278": 10.420000076293945, "279": 10.420000076293945, "280": 10.420000076293945, "281": 10.420000076293945, "282": 10.420000076293945, "283": 10.420000076293945, "284": 10.5, "285": 10.5, "286": 10.5, "287": 10.5, "288": 10.5, "289": 10.5, "290": 10.479999542236328, "291": 10.479999542236328, "292": 10.479999542236328, "293": 10.479999542236328, "294": 10.470000267028809, "295": 10.470000267028809, "296": 10.470000267028809, "297": 10.470000267028809, "298": 10.470000267028809, "299": 10.470000267028809, "300": 10.470000267028809, "301": 10.470000267028809, "302": 10.470000267028809, "303": 10.470000267028809, "304": 10.470000267028809, "305": 10.470000267028809, "306": 10.470000267028809, "307": 10.470000267028809, "308": 10.470000267028809, "309": 10.470000267028809, "310": 10.470000267028809, "311": 10.470000267028809, "312": 10.470000267028809, "313": 10.470000267028809, "314": 10.539999961853027, "315": 10.539999961853027, "316": 10.539999961853027, "317": 10.550000190734863, "318": 10.550000190734863, "319": 10.550000190734863, "320": 10.550000190734863, "321": 10.550000190734863}}, "profile": {"address1": "Marina Bay Financial Centre", "address2": "Level 39 Tower 2 10 Marina Boulevard", "city": "Singapore", "zip": "018983", "country": "Singapore", "phone": "65 6818 5796", "industry": "Shell Companies", "industryDisp": "Shell Companies", "sector": "Financial Services", "longBusinessSummary": "A SPAC I Acquisition Corp. does not have significant operations. It intends to effect a merger, share exchange, asset acquisition, stock purchase, reorganization, or similar business combination with one or more businesses in the technology, media, and telecom industries in the United States and Asia. A SPAC I Acquisition Corp. was incorporated in 2021 and is based in Singapore.", "companyOfficers": [{"maxAge": 1, "name": "Mr. Sze Wai  Tsang CFA", "age": 45, "title": "Chairman, CEO & CFO", "yearBorn": 1977, "exercisedValue": 0, "unexercisedValue": 0}], "maxAge": 86400, "latitude": 1.2794391397756755, "longitude": 103.85378655225679}}