{"income_statement": {"annual": {"Year": {"1": "Selling, General & Admin", "2": "Operating Expenses", "3": "Operating Income", "4": "Other Expense / Income", "5": "Pretax Income", "6": "Net Income", "7": "Shares Outstanding (Basic)", "8": "Shares Outstanding (Diluted)", "9": "Shares Change", "10": "EPS (Basic)", "11": "EPS (Diluted)", "12": "Free Cash Flow Per Share", "13": "EBITDA", "14": "EBIT"}, "2022": {"1": "0.42", "2": "0.42", "3": "-0.42", "4": "-2.87", "5": "2.44", "6": "2.44", "7": "18", "8": "18", "9": "298.28%", "10": "-1.71", "11": "-1.71", "12": "-0.02", "13": "2.44", "14": "2.44"}, "2021": {"1": "0", "2": "0", "3": "-0", "4": "-", "5": "-0", "6": "-0", "7": "5", "8": "5", "9": "-", "10": "-", "11": "-", "12": "-", "13": "-0", "14": "-0"}}, "quarterly": {"Metrics": {"1": "Selling, General & Admin", "2": "Operating Expenses", "3": "Operating Income", "4": "Other Expense / Income", "5": "Pretax Income", "6": "Net Income", "7": "Shares Outstanding (Basic)", "8": "Shares Outstanding (Diluted)", "9": "Shares Change", "10": "EPS (Basic)", "11": "EPS (Diluted)", "12": "Free Cash Flow Per Share", "13": "EBITDA", "14": "EBIT"}, "2023-03-31": {"1": "0.2", "2": "0.2", "3": "-0.2", "4": "-2.2", "5": "2", "6": "2", "7": "25", "8": "25", "9": "368.72%", "10": "-0.01", "11": "-0.01", "12": "-0.01", "13": "2", "14": "2"}, "2022-12-31": {"1": "0.14", "2": "0.14", "3": "-0.14", "4": "-1.73", "5": "1.59", "6": "1.59", "7": "18", "8": "18", "9": "246.33%", "10": "0.22", "11": "0.22", "12": "-0.00", "13": "1.59", "14": "1.59"}, "2022-09-30": {"1": "0.12", "2": "0.12", "3": "-0.12", "4": "-0.92", "5": "0.8", "6": "0.8", "7": "25", "8": "25", "9": "375.68%", "10": "-1.25", "11": "-1.25", "12": "-0.00", "13": "0.8", "14": "0.8"}, "2022-06-30": {"1": "0.16", "2": "0.16", "3": "-0.16", "4": "-0.22", "5": "0.06", "6": "0.06", "7": "18", "8": "18", "9": "-", "10": "-1.76", "11": "-1.76", "12": "-0.02", "13": "0.06", "14": "0.06"}, "2022-03-31": {"1": "0", "2": "0", "3": "-0", "4": "-", "5": "-0", "6": "-0", "7": "5", "8": "5", "9": "-", "10": "-", "11": "-", "12": "-", "13": "-0", "14": "-0"}, "2021-12-31": {"1": "0", "2": "0", "3": "0", "4": "-", "5": "0", "6": "0", "7": "5", "8": "5", "9": "-", "10": "-", "11": "-", "12": "-", "13": "0", "14": "0"}, "2021-09-30": {"1": "0", "2": "0", "3": "-0", "4": "-", "5": "-0", "6": "-0", "7": "5", "8": "5", "9": "-", "10": "-", "11": "-", "12": "-", "13": "-0", "14": "-0"}}}, "balance_sheet": {"annual": {"Year": {"1": "Cash & Equivalents", "2": "Short-Term Investments", "3": "Cash & Cash Equivalents", "4": "Other Current Assets", "5": "Total Current Assets", "6": "Total Assets", "7": "Accounts Payable", "8": "Current Debt", "9": "Other Current Liabilities", "10": "Total Current Liabilities", "11": "Total Liabilities", "12": "Total Debt", "13": "Common Stock", "14": "Retained Earnings", "15": "Shareholders' Equity", "16": "Total Liabilities and Equity", "17": "Net Cash / Debt", "18": "Net Cash Per Share", "19": "Working Capital", "20": "Book Value Per Share"}, "2022": {"1": "1.06", "2": "206.36", "3": "207.42", "4": "0.08", "5": "207.5", "6": "207.5", "7": "0.02", "8": "0", "9": "7", "10": "7.02", "11": "7.02", "12": "0", "13": "0", "14": "-5.87", "15": "-5.87", "16": "1.15", "17": "207.42", "18": "11.26", "19": "200.48", "20": "-0.32"}, "2021": {"1": "0", "2": "0", "3": "0", "4": "0.14", "5": "0.14", "6": "0.14", "7": "0", "8": "0.12", "9": "0", "10": "0.12", "11": "0.12", "12": "0.12", "13": "0.03", "14": "-0", "15": "0.02", "16": "0.14", "17": "-0.12", "18": "-0.03", "19": "0.02", "20": "0.01"}}, "quarterly": {"Metrics": {"1": "Cash & Equivalents", "2": "Short-Term Investments", "3": "Cash & Cash Equivalents", "4": "Other Current Assets", "5": "Total Current Assets", "6": "Long-Term Investments", "7": "Other Long-Term Assets", "8": "Total Long-Term Assets", "9": "Total Assets", "10": "Accounts Payable", "11": "Current Debt", "12": "Other Current Liabilities", "13": "Total Current Liabilities", "14": "Other Long-Term Liabilities", "15": "Total Long-Term Liabilities", "16": "Total Liabilities", "17": "Total Debt", "18": "Common Stock", "19": "Retained Earnings", "20": "Shareholders' Equity", "21": "Total Liabilities and Equity", "22": "Net Cash / Debt", "23": "Net Cash Per Share", "24": "Working Capital", "25": "Book Value Per Share"}, "2023-03-31": {"1": "0.92", "2": "208.55", "3": "209.47", "4": "0.07", "5": "209.54", "6": "0", "7": "0", "8": "0", "9": "209.54", "10": "0.06", "11": "0", "12": "7", "13": "7.06", "14": "0", "15": "0", "16": "7.06", "17": "0", "18": "0", "19": "-6.06", "20": "-6.06", "21": "1", "22": "209.47", "23": "8.28", "24": "202.49", "25": "-0.24"}, "2022-12-31": {"1": "1.06", "2": "206.36", "3": "207.42", "4": "0.08", "5": "207.5", "6": "0", "7": "0", "8": "0", "9": "207.5", "10": "0.02", "11": "0", "12": "7", "13": "7.02", "14": "0", "15": "0", "16": "7.02", "17": "0", "18": "0", "19": "-5.87", "20": "-5.87", "21": "1.15", "22": "207.42", "23": "11.26", "24": "200.48", "25": "-0.32"}, "2022-09-30": {"1": "1.12", "2": "0", "3": "1.12", "4": "0.17", "5": "1.28", "6": "204.64", "7": "0", "8": "204.64", "9": "205.92", "10": "0.02", "11": "0", "12": "0", "13": "0.02", "14": "7", "15": "7", "16": "7.02", "17": "0", "18": "0", "19": "-5.74", "20": "-5.74", "21": "1.28", "22": "1.12", "23": "0.04", "24": "1.26", "25": "-0.23"}, "2022-06-30": {"1": "1.18", "2": "0", "3": "1.18", "4": "0.25", "5": "1.43", "6": "203.72", "7": "0", "8": "203.72", "9": "205.15", "10": "0.05", "11": "0", "12": "0", "13": "0.05", "14": "7", "15": "7", "16": "7.05", "17": "0", "18": "0", "19": "-5.62", "20": "-5.62", "21": "1.43", "22": "1.18", "23": "0.07", "24": "1.38", "25": "-0.32"}, "2022-03-31": {"1": "0", "2": "0", "3": "0", "4": "0", "5": "0", "6": "0", "7": "0.25", "8": "0.25", "9": "0.25", "10": "0", "11": "0.22", "12": "0", "13": "0.23", "14": "0", "15": "0", "16": "0.23", "17": "0.22", "18": "0.03", "19": "-0", "20": "0.02", "21": "0.25", "22": "-0.22", "23": "-0.04", "24": "-0.23", "25": "0.00"}, "2021-12-31": {"1": "0", "2": "0", "3": "0", "4": "0.14", "5": "0.14", "6": "0", "7": "0", "8": "0", "9": "0.14", "10": "0", "11": "0.12", "12": "0", "13": "0.12", "14": "0", "15": "0", "16": "0.12", "17": "0.12", "18": "0.03", "19": "-0", "20": "0.02", "21": "0.14", "22": "-0.12", "23": "-0.02", "24": "0.02", "25": "0.00"}}}, "cash_flow_statement": {"annual": {"Year": {"1": "Net Income", "2": "Other Operating Activities", "3": "Operating Cash Flow", "4": "Change in Investments", "5": "Investing Cash Flow", "6": "Share Issuance / Repurchase", "7": "Debt Issued / Paid", "8": "Other Financing Activities", "9": "Financing Cash Flow", "10": "Net Cash Flow", "11": "Free Cash Flow", "12": "Free Cash Flow Per Share"}, "2022": {"1": "2.44", "2": "-2.88", "3": "-0.44", "4": "-203.5", "5": "-203.5", "6": "200", "7": "-0.12", "8": "5.12", "9": "205", "10": "1.06", "11": "-0.44", "12": "-0.02"}}, "quarterly": {"Metrics": {"1": "Net Income", "2": "Other Operating Activities", "3": "Operating Cash Flow", "4": "Net Cash Flow", "5": "Free Cash Flow", "6": "Free Cash Flow Per Share"}, "2023-03-31": {"1": "2", "2": "-2.14", "3": "-0.14", "4": "-0.14", "5": "-0.14", "6": "-0.01"}, "2022-12-31": {"1": "1.59", "2": "-1.64", "3": "-0.05", "4": "-0.05", "5": "-0.05", "6": "-0.00"}, "2022-09-30": {"1": "0.8", "2": "-0.87", "3": "-0.07", "4": "-0.07", "5": "-0.07", "6": "-0.00"}, "2022-06-30": {"1": "0.06", "2": "-0.38", "3": "-0.32", "4": "1.18", "5": "-0.32", "6": "-0.02"}, "2022-03-31": {"1": "-0", "2": "0", "3": "0", "4": "0", "5": "0", "6": "-"}, "2021-12-31": {"1": "0", "2": "-", "3": "0", "4": "0", "5": "0", "6": "-"}}}, "ratios": {"annual": {"Year": {"1": "Market Capitalization", "2": "Enterprise Value", "3": "PE Ratio", "4": "PB Ratio", "5": "P/FCF Ratio", "6": "P/OCF Ratio", "7": "EV/EBITDA Ratio", "8": "EV/EBIT Ratio", "9": "EV/FCF Ratio", "10": "Debt / Equity Ratio", "11": "Debt / EBITDA Ratio", "12": "Current Ratio", "13": "Return on Equity (ROE)", "14": "Return on Assets (ROA)", "15": "Return on Capital (ROIC)", "16": "Earnings Yield", "17": "FCF Yield", "18": "Buyback Yield / Dilution", "19": "Total Shareholder Return"}, "Current": {"1": "265", "2": "55", "3": "59.14", "4": "-43.37", "5": "-454.19", "6": "-454.19", "7": "12.47", "8": "12.47", "9": "-92.26", "10": "-", "11": "-", "12": "29.69", "13": "-76.30%", "14": "2.10%", "15": "2.20%", "16": "1.68%", "17": "-0.22%", "18": "-368.72%", "19": "-368.72%"}, "2022": {"1": "259", "2": "51", "3": "105.96", "4": "-44.07", "5": "-590.11", "6": "-590.11", "7": "21.04", "8": "21.04", "9": "-117.19", "10": "-", "11": "-", "12": "29.55", "13": "-56.80%", "14": "1.60%", "15": "1.60%", "16": "0.94%", "17": "-0.17%", "18": "-298.28%", "19": "-298.28%"}, "2021": {"1": "-", "2": "0", "3": "-", "4": "-", "5": "-", "6": "-", "7": "-42.71", "8": "-42.71", "9": "-", "10": "5.30", "11": "-42.71", "12": "1.19", "13": "-", "14": "-", "15": "-", "16": "-", "17": "-", "18": "-", "19": "-"}}, "quarterly": {"Metrics": {"1": "Market Capitalization", "2": "Enterprise Value", "3": "PE Ratio", "4": "PB Ratio", "5": "Debt / Equity Ratio", "6": "Current Ratio", "7": "Buyback Yield / Dilution", "8": "Total Shareholder Return"}, "Current": {"1": "265", "2": "55", "3": "59.14", "4": "-43.37", "5": "-", "6": "29.69", "7": "-368.72%", "8": "-368.72%"}, "2023-03-31": {"1": "263", "2": "53", "3": "59.14", "4": "-43.37", "5": "-", "6": "29.69", "7": "-368.72%", "8": "-368.72%"}, "2022-12-31": {"1": "259", "2": "51", "3": "105.96", "4": "-44.07", "5": "-", "6": "29.55", "7": "-246.33%", "8": "-246.33%"}, "2022-09-30": {"1": "252", "2": "251", "3": "293.91", "4": "-43.87", "5": "-", "6": "56.51", "7": "-375.68%", "8": "-375.68%"}, "2022-06-30": {"1": "249", "2": "248", "3": "4602.47", "4": "-44.30", "5": "-", "6": "28.12", "7": "-", "8": "-"}, "2022-03-31": {"1": "-", "2": "0", "3": "-", "4": "-", "5": "10.12", "6": "0", "7": "-", "8": "-"}, "2021-12-31": {"1": "-", "2": "0", "3": "-", "4": "-", "5": "5.30", "6": "1.19", "7": "-", "8": "-"}}}, "stock_price": {"index": {}, "high": {}, "low": {}, "volume": {}, "open": {}, "close": {}}, "profile": {"address1": "No. 03-01, 289 Beach Road", "city": "Singapore", "zip": "199552", "country": "Singapore", "phone": "65 6818 5796", "industry": "Shell Companies", "industryDisp": "Shell Companies", "sector": "Financial Services", "longBusinessSummary": "A SPAC II Acquisition Corp. does not have significant operations. The company focuses on effecting a merger, share exchange, asset acquisition, share purchase, reorganization, or similar business combination with one or more businesses. It intends to pursue prospective targets that are in the industries that apply technologies, such as Proptech and Fintech in North America, Europe, and Asia. The company was incorporated in 2021 and is based in Singapore. A SPAC II Acquisition Corporation operates as a subsidiary of A SPAC II (Holdings) Corp.", "companyOfficers": [{"maxAge": 1, "name": "Ms. Serena  Shie", "age": 31, "title": "Chief Exec. Officer", "yearBorn": 1991, "exercisedValue": 0, "unexercisedValue": 0}, {"maxAge": 1, "name": "Mr. Sze Wai  Tsang CFA", "age": 45, "title": "Chief Financial Officer", "yearBorn": 1977, "exercisedValue": 0, "unexercisedValue": 0}], "maxAge": 86400, "latitude": 1.3009838998788013, "longitude": 103.86061067872708}}