{"income_statement": {"annual": {"Year": {"1": "Selling, General & Admin", "2": "Operating Expenses", "3": "Operating Income", "4": "Other Expense / Income", "5": "Pretax Income", "6": "Income Tax", "7": "Net Income", "8": "Shares Outstanding (Basic)", "9": "Shares Outstanding (Diluted)", "10": "EPS (Basic)", "11": "EPS (Diluted)", "12": "Free Cash Flow Per Share", "13": "EBITDA", "14": "EBIT"}, "2022": {"1": "3.37", "2": "3.37", "3": "-3.37", "4": "-0.99", "5": "-2.38", "6": "0.12", "7": "-2.5", "8": "7", "9": "7", "10": "-1.25", "11": "-1.25", "12": "-0.10", "13": "-2.38", "14": "-2.38"}}, "quarterly": {"Metrics": {"1": "Selling, General & Admin", "2": "Operating Expenses", "3": "Operating Income", "4": "Other Expense / Income", "5": "Pretax Income", "6": "Income Tax", "7": "Net Income", "8": "Shares Outstanding (Basic)", "9": "Shares Outstanding (Diluted)", "10": "Shares Change", "11": "EPS (Basic)", "12": "EPS (Diluted)", "13": "Free Cash Flow Per Share", "14": "EBITDA", "15": "EBIT"}, "2023-03-31": {"1": "0.58", "2": "0.58", "3": "-0.58", "4": "-0.13", "5": "-0.44", "6": "0.02", "7": "-0.47", "8": "3", "9": "3", "10": "-60.06%", "11": "-0.26", "12": "-0.26", "13": "-0.08", "14": "-0.44", "15": "-0.44"}, "2022-12-31": {"1": "0.74", "2": "0.74", "3": "-0.74", "4": "-0.47", "5": "-0.27", "6": "0.12", "7": "-0.39", "8": "6", "9": "6", "10": "50.60%", "11": "-0.47", "12": "-0.47", "13": "0.06", "14": "-0.27", "15": "-0.27"}, "2022-09-30": {"1": "0.73", "2": "0.73", "3": "-0.73", "4": "-0.33", "5": "-0.4", "6": "0", "7": "-0.4", "8": "7", "9": "7", "10": "62.60%", "11": "-0.24", "12": "-0.24", "13": "-0.04", "14": "-0.4", "15": "-0.4"}, "2022-06-30": {"1": "0.5", "2": "0.5", "3": "-0.5", "4": "-0.12", "5": "-0.39", "6": "0", "7": "-0.39", "8": "7", "9": "7", "10": "583.37%", "11": "-0.21", "12": "-0.21", "13": "-0.05", "14": "-0.39", "15": "-0.39"}, "2022-03-31": {"1": "1.4", "2": "1.4", "3": "-1.4", "4": "-0.07", "5": "-1.32", "6": "0", "7": "-1.32", "8": "7", "9": "7", "10": "496.96%", "11": "-0.32", "12": "-0.32", "13": "-0.06", "14": "-1.32", "15": "-1.32"}, "2021-12-31": {"1": "0.81", "2": "0.81", "3": "-0.81", "4": "0.04", "5": "-0.85", "6": "0", "7": "-0.85", "8": "4", "9": "4", "10": "-", "11": "-0.31", "12": "-0.31", "13": "-0.05", "14": "-0.85", "15": "-0.85"}, "2021-09-30": {"1": "0.3", "2": "0.3", "3": "-0.3", "4": "-0.05", "5": "-0.25", "6": "0", "7": "-0.25", "8": "5", "9": "5", "10": "-", "11": "-0.13", "12": "-0.13", "13": "-0.09", "14": "-0.25", "15": "-0.25"}, "2021-06-30": {"1": "0.03", "2": "0.03", "3": "-0.03", "4": "-", "5": "-0.03", "6": "0", "7": "-0.03", "8": "1", "9": "1", "10": "-", "11": "-0.03", "12": "-0.03", "13": "-0.17", "14": "-0.03", "15": "-0.03"}, "2021-04-12": {"1": "0", "2": "0", "3": "-0", "4": "-", "5": "-0", "6": "0", "7": "-0", "8": "1", "9": "1", "10": "-", "11": "-", "12": "-", "13": "-", "14": "-0", "15": "-0"}}}, "balance_sheet": {"annual": {"Year": {"1": "Cash & Equivalents", "2": "Cash & Cash Equivalents", "3": "Other Current Assets", "4": "Total Current Assets", "5": "Long-Term Investments", "6": "Total Long-Term Assets", "7": "Total Assets", "8": "Accounts Payable", "9": "Other Current Liabilities", "10": "Total Current Liabilities", "11": "Long-Term Debt", "12": "Other Long-Term Liabilities", "13": "Total Long-Term Liabilities", "14": "Total Liabilities", "15": "Total Debt", "16": "Common Stock", "17": "Retained Earnings", "18": "Shareholders' Equity", "19": "Total Liabilities and Equity", "20": "Net Cash / Debt", "21": "Net Cash Per Share", "22": "Working Capital", "23": "Book Value Per Share"}, "2022": {"1": "0.38", "2": "0.38", "3": "0.25", "4": "0.63", "5": "12.84", "6": "12.84", "7": "13.48", "8": "0.44", "9": "2.11", "10": "2.55", "11": "2.4", "12": "1.52", "13": "3.91", "14": "6.47", "15": "2.4", "16": "0", "17": "-5.84", "18": "-5.84", "19": "0.63", "20": "-2.02", "21": "-0.28", "22": "-1.92", "23": "-0.81"}}, "quarterly": {"Metrics": {"1": "Cash & Equivalents", "2": "Cash & Cash Equivalents", "3": "Cash Growth", "4": "Other Current Assets", "5": "Total Current Assets", "6": "Long-Term Investments", "7": "Total Long-Term Assets", "8": "Total Assets", "9": "Accounts Payable", "10": "Current Debt", "11": "Other Current Liabilities", "12": "Total Current Liabilities", "13": "Long-Term Debt", "14": "Other Long-Term Liabilities", "15": "Total Long-Term Liabilities", "16": "Total Liabilities", "17": "Total Debt", "18": "Debt Growth", "19": "Common Stock", "20": "Retained Earnings", "21": "Shareholders' Equity", "22": "Total Liabilities and Equity", "23": "Net Cash / Debt", "24": "Net Cash Per Share", "25": "Working Capital", "26": "Book Value Per Share"}, "2023-03-31": {"1": "0.28", "2": "0.28", "3": "5484.11%", "4": "0.18", "5": "0.46", "6": "13.23", "7": "13.23", "8": "13.69", "9": "0.34", "10": "0", "11": "2.37", "12": "2.71", "13": "2.92", "14": "1.53", "15": "4.45", "16": "7.15", "17": "2.92", "18": "-", "19": "0", "20": "-6.61", "21": "-6.61", "22": "0.54", "23": "-2.64", "24": "-0.89", "25": "-2.25", "26": "-2.22"}, "2022-12-31": {"1": "0.38", "2": "0.38", "3": "146.09%", "4": "0.25", "5": "0.63", "6": "12.84", "7": "12.84", "8": "13.48", "9": "0.44", "10": "0", "11": "2.11", "12": "2.55", "13": "2.4", "14": "1.52", "15": "3.91", "16": "6.47", "17": "2.4", "18": "-", "19": "0", "20": "-5.84", "21": "-5.84", "22": "0.63", "23": "-2.02", "24": "-0.32", "25": "-1.92", "26": "-0.91"}, "2022-09-30": {"1": "0.18", "2": "0.18", "3": "-50.10%", "4": "0.31", "5": "0.48", "6": "58.18", "7": "58.18", "8": "58.66", "9": "0.22", "10": "0", "11": "1.89", "12": "2.11", "13": "1.67", "14": "1.53", "15": "3.2", "16": "5.31", "17": "1.67", "18": "-", "19": "0.94", "20": "-3.61", "21": "-2.67", "22": "2.64", "23": "-1.5", "24": "-0.20", "25": "-1.62", "26": "-0.36"}, "2022-06-30": {"1": "0.16", "2": "0.16", "3": "33.89%", "4": "0.29", "5": "0.44", "6": "57.38", "7": "57.38", "8": "57.83", "9": "1.72", "10": "0", "11": "0", "12": "1.72", "13": "0.8", "14": "1.56", "15": "2.36", "16": "4.08", "17": "0.8", "18": "166.67%", "19": "2.05", "20": "-2.92", "21": "-0.87", "22": "3.21", "23": "-0.64", "24": "-0.09", "25": "-1.27", "26": "-0.12"}, "2022-03-31": {"1": "0.01", "2": "0.01", "3": "-", "4": "0.32", "5": "0.32", "6": "57.34", "7": "57.34", "8": "57.67", "9": "1.93", "10": "0", "11": "0", "12": "1.93", "13": "0", "14": "1.6", "15": "1.6", "16": "3.53", "17": "0", "18": "-", "19": "3.17", "20": "-2.46", "21": "0.71", "22": "4.24", "23": "0.01", "24": "0.00", "25": "-1.6", "26": "0.10"}, "2021-12-31": {"1": "0.15", "2": "0.15", "3": "-", "4": "0.32", "5": "0.48", "6": "57.34", "7": "57.34", "8": "57.82", "9": "0.16", "10": "0", "11": "0.52", "12": "0.69", "13": "0", "14": "1.67", "15": "1.67", "16": "2.36", "17": "0", "18": "-", "19": "4.26", "20": "-1.13", "21": "3.14", "22": "5.49", "23": "0.15", "24": "0.04", "25": "-0.21", "26": "0.74"}, "2021-09-30": {"1": "0.35", "2": "0.35", "3": "-", "4": "0.39", "5": "0.74", "6": "57.34", "7": "57.34", "8": "58.08", "9": "0.14", "10": "0", "11": "0.13", "12": "0.27", "13": "0", "14": "1.5", "15": "1.5", "16": "1.77", "17": "0", "18": "-", "19": "5.39", "20": "-0.28", "21": "5.12", "22": "6.89", "23": "0.35", "24": "0.08", "25": "0.47", "26": "1.11"}, "2021-06-30": {"1": "0.12", "2": "0.12", "3": "-", "4": "-", "5": "-", "6": "-", "7": "-", "8": "0.34", "9": "0.04", "10": "0.3", "11": "0", "12": "0.34", "13": "0", "14": "0", "15": "0", "16": "0.34", "17": "0.3", "18": "-", "19": "0.03", "20": "-0.03", "21": "-0.01", "22": "0.34", "23": "-0.18", "24": "-0.17", "25": "-", "26": "-0.01"}, "2021-04-12": {"1": "0", "2": "0", "3": "-", "4": "-", "5": "-", "6": "-", "7": "-", "8": "0.1", "9": "0", "10": "0", "11": "0.08", "12": "0.08", "13": "0", "14": "0", "15": "0", "16": "0.08", "17": "0", "18": "-", "19": "0.03", "20": "-0", "21": "0.02", "22": "0.1", "23": "0", "24": "-", "25": "-", "26": "0.02"}}}, "cash_flow_statement": {"annual": {"Year": {"1": "Net Income", "2": "Other Operating Activities", "3": "Operating Cash Flow", "4": "Change in Investments", "5": "Investing Cash Flow", "6": "Share Issuance / Repurchase", "7": "Debt Issued / Paid", "8": "Financing Cash Flow", "9": "Net Cash Flow", "10": "Free Cash Flow", "11": "Free Cash Flow Per Share"}, "2022": {"1": "-2.5", "2": "1.78", "3": "-0.72", "4": "44.5", "5": "44.5", "6": "-45.95", "7": "2.4", "8": "-43.56", "9": "0.23", "10": "-0.72", "11": "-0.10"}}, "quarterly": {"Metrics": {"1": "Net Income", "2": "Other Operating Activities", "3": "Operating Cash Flow", "4": "Change in Investments", "5": "Investing Cash Flow", "6": "Share Issuance / Repurchase", "7": "Debt Issued / Paid", "8": "Other Financing Activities", "9": "Financing Cash Flow", "10": "Net Cash Flow", "11": "Free Cash Flow", "12": "Free Cash Flow Per Share"}, "2023-03-31": {"1": "-0.47", "2": "0.23", "3": "-0.23", "4": "-0.39", "5": "-0.39", "6": "0", "7": "0.53", "8": "-", "9": "0.53", "10": "-0.1", "11": "-0.23", "12": "-0.08"}, "2022-12-31": {"1": "-0.39", "2": "0.76", "3": "0.36", "4": "45.07", "5": "45.07", "6": "-45.95", "7": "0.72", "8": "-", "9": "-45.23", "10": "0.21", "11": "0.36", "12": "0.06"}, "2022-09-30": {"1": "-0.4", "2": "0.12", "3": "-0.28", "4": "0", "5": "0", "6": "0", "7": "0.87", "8": "-", "9": "0.87", "10": "0.02", "11": "-0.28", "12": "-0.04"}, "2022-06-30": {"1": "-0.39", "2": "0.04", "3": "-0.35", "4": "0", "5": "0", "6": "0", "7": "0.5", "8": "-", "9": "0.5", "10": "0.15", "11": "-0.35", "12": "-0.05"}, "2022-03-31": {"1": "-1.32", "2": "0.87", "3": "-0.45", "4": "0", "5": "0", "6": "0", "7": "0.3", "8": "-", "9": "0.3", "10": "-0.15", "11": "-0.45", "12": "-0.06"}, "2021-12-31": {"1": "-0.85", "2": "0.65", "3": "-0.2", "4": "0", "5": "0", "6": "0", "7": "0", "8": "-", "9": "0", "10": "-0.2", "11": "-0.2", "12": "-0.05"}, "2021-09-30": {"1": "-0.25", "2": "-0.14", "3": "-0.39", "4": "0", "5": "0", "6": "58.88", "7": "-0.3", "8": "-0.61", "9": "57.96", "10": "0.23", "11": "-0.39", "12": "-0.09"}, "2021-06-30": {"1": "-0.03", "2": "-0.15", "3": "-0.18", "4": "0", "5": "0", "6": "0", "7": "0.3", "8": "-", "9": "0.3", "10": "0.12", "11": "-0.18", "12": "-0.17"}}}, "ratios": {"annual": {"Year": {"1": "Market Capitalization", "2": "Enterprise Value", "3": "PE Ratio", "4": "PB Ratio", "5": "P/FCF Ratio", "6": "P/OCF Ratio", "7": "EV/EBITDA Ratio", "8": "EV/EBIT Ratio", "9": "EV/FCF Ratio", "10": "Debt / Equity Ratio", "11": "Debt / EBITDA Ratio", "12": "Debt / FCF Ratio", "13": "Current Ratio", "14": "Return on Equity (ROE)", "15": "Return on Assets (ROA)", "16": "Return on Capital (ROIC)", "17": "Earnings Yield", "18": "FCF Yield", "19": "Buyback Yield / Dilution", "20": "Total Shareholder Return"}, "Current": {"1": "80", "2": "82", "3": "-18.97", "4": "-4.72", "5": "-62.29", "6": "-62.29", "7": "-22.54", "8": "-22.54", "9": "-67.55", "10": "-0.44", "11": "-1.94", "12": "-5.83", "13": "0.17", "14": "41.20%", "15": "-4.60%", "16": "-4.30%", "17": "-2.06%", "18": "-0.63%", "19": "60.06%", "20": "60.06%"}, "2022": {"1": "76", "2": "78", "3": "-30.50", "4": "-13.07", "5": "-106.37", "6": "-106.37", "7": "-32.87", "8": "-32.87", "9": "-109.18", "10": "-0.41", "11": "-1.01", "12": "-3.34", "13": "0.25", "14": "115.40%", "15": "-5.30%", "16": "-5.20%", "17": "-3.28%", "18": "-0.94%", "19": "-", "20": "-"}}, "quarterly": {"Metrics": {"1": "Market Capitalization", "2": "Market Cap Growth", "3": "Enterprise Value", "4": "PE Ratio", "5": "PB Ratio", "6": "Debt / Equity Ratio", "7": "Current Ratio", "8": "Buyback Yield / Dilution", "9": "Total Shareholder Return"}, "Current": {"1": "80", "2": "-", "3": "82", "4": "-18.97", "5": "-4.72", "6": "-0.44", "7": "0.17", "8": "60.06%", "9": "60.06%"}, "2023-03-31": {"1": "31", "2": "-57.72%", "3": "34", "4": "-18.97", "5": "-4.72", "6": "-0.44", "7": "0.17", "8": "60.06%", "9": "60.06%"}, "2022-12-31": {"1": "76", "2": "3.86%", "3": "78", "4": "-30.50", "5": "-13.07", "6": "-0.41", "7": "0.25", "8": "-50.60%", "9": "-50.60%"}, "2022-09-30": {"1": "75", "2": "2.08%", "3": "76", "4": "-25.27", "5": "-27.99", "6": "-0.63", "7": "0.23", "8": "-62.60%", "9": "-62.60%"}, "2022-06-30": {"1": "74", "2": "-", "3": "75", "4": "-26.44", "5": "-85.34", "6": "-0.92", "7": "0.26", "8": "-583.37%", "9": "-583.37%"}, "2022-03-31": {"1": "74", "2": "-", "3": "74", "4": "-30.15", "5": "103.62", "6": "-", "7": "0.17", "8": "-496.96%", "9": "-496.96%"}, "2021-12-31": {"1": "73", "2": "-", "3": "73", "4": "-65.09", "5": "23.42", "6": "-", "7": "0.69", "8": "-", "9": "-"}, "2021-09-30": {"1": "73", "2": "-", "3": "73", "4": "-", "5": "14.31", "6": "-", "7": "2.75", "8": "-", "9": "-"}, "2021-06-30": {"1": "-", "2": "-", "3": "0", "4": "-", "5": "-", "6": "-46.63", "7": "-", "8": "-", "9": "-"}}}, "stock_price": {"symbol": {"0": "ASPA", "1": "ASPA", "2": "ASPA", "3": "ASPA", "4": "ASPA", "5": "ASPA", "6": "ASPA", "7": "ASPA", "8": "ASPA", "9": "ASPA", "10": "ASPA", "11": "ASPA", "12": "ASPA", "13": "ASPA", "14": "ASPA", "15": "ASPA", "16": "ASPA", "17": "ASPA", "18": "ASPA", "19": "ASPA", "20": "ASPA", "21": "ASPA", "22": "ASPA", "23": "ASPA", "24": "ASPA", "25": "ASPA", "26": "ASPA", "27": "ASPA", "28": "ASPA", "29": "ASPA", "30": "ASPA", "31": "ASPA", "32": "ASPA", "33": "ASPA", "34": "ASPA", "35": "ASPA", "36": "ASPA", "37": "ASPA", "38": "ASPA", "39": "ASPA", "40": "ASPA", "41": "ASPA", "42": "ASPA", "43": "ASPA", "44": "ASPA", "45": "ASPA", "46": "ASPA", "47": "ASPA", "48": "ASPA", "49": "ASPA", "50": "ASPA", "51": "ASPA", "52": "ASPA", "53": "ASPA", "54": "ASPA", "55": "ASPA", "56": "ASPA", "57": "ASPA", "58": "ASPA", "59": "ASPA", "60": "ASPA", "61": "ASPA", "62": "ASPA", "63": "ASPA", "64": "ASPA", "65": "ASPA", "66": "ASPA", "67": "ASPA", "68": "ASPA", "69": "ASPA", "70": "ASPA", "71": "ASPA", "72": "ASPA", "73": "ASPA", "74": "ASPA", "75": "ASPA", "76": "ASPA", "77": "ASPA", "78": "ASPA", "79": "ASPA", "80": "ASPA", "81": "ASPA", "82": "ASPA", "83": "ASPA", "84": "ASPA", "85": "ASPA", "86": "ASPA", "87": "ASPA", "88": "ASPA", "89": "ASPA", "90": "ASPA", "91": "ASPA", "92": "ASPA", "93": "ASPA", "94": "ASPA", "95": "ASPA", "96": "ASPA", "97": "ASPA", "98": "ASPA", "99": "ASPA", "100": "ASPA", "101": "ASPA", "102": "ASPA", "103": "ASPA", "104": "ASPA", "105": "ASPA", "106": "ASPA", "107": "ASPA", "108": "ASPA", "109": "ASPA", "110": "ASPA", "111": "ASPA", "112": "ASPA", "113": "ASPA", "114": "ASPA", "115": "ASPA", "116": "ASPA", "117": "ASPA", "118": "ASPA", "119": "ASPA", "120": "ASPA", "121": "ASPA", "122": "ASPA", "123": "ASPA", "124": "ASPA", "125": "ASPA", "126": "ASPA", "127": "ASPA", "128": "ASPA", "129": "ASPA", "130": "ASPA", "131": "ASPA", "132": "ASPA", "133": "ASPA", "134": "ASPA", "135": "ASPA", "136": "ASPA", "137": "ASPA", "138": "ASPA", "139": "ASPA", "140": "ASPA", "141": "ASPA", "142": "ASPA", "143": "ASPA", "144": "ASPA", "145": "ASPA", "146": "ASPA", "147": "ASPA", "148": "ASPA", "149": "ASPA", "150": "ASPA", "151": "ASPA", "152": "ASPA", "153": "ASPA", "154": "ASPA", "155": "ASPA", "156": "ASPA", "157": "ASPA", "158": "ASPA", "159": "ASPA", "160": "ASPA", "161": "ASPA", "162": "ASPA", "163": "ASPA", "164": "ASPA", "165": "ASPA", "166": "ASPA", "167": "ASPA", "168": "ASPA", "169": "ASPA", "170": "ASPA", "171": "ASPA", "172": "ASPA", "173": "ASPA", "174": "ASPA", "175": "ASPA", "176": "ASPA", "177": "ASPA", "178": "ASPA", "179": "ASPA", "180": "ASPA", "181": "ASPA", "182": "ASPA", "183": "ASPA", "184": "ASPA", "185": "ASPA", "186": "ASPA", "187": "ASPA", "188": "ASPA", "189": "ASPA", "190": "ASPA", "191": "ASPA", "192": "ASPA", "193": "ASPA", "194": "ASPA", "195": "ASPA", "196": "ASPA", "197": "ASPA", "198": "ASPA", "199": "ASPA", "200": "ASPA", "201": "ASPA", "202": "ASPA", "203": "ASPA", "204": "ASPA", "205": "ASPA", "206": "ASPA", "207": "ASPA", "208": "ASPA", "209": "ASPA", "210": "ASPA", "211": "ASPA", "212": "ASPA", "213": "ASPA", "214": "ASPA", "215": "ASPA", "216": "ASPA", "217": "ASPA", "218": "ASPA", "219": "ASPA", "220": "ASPA", "221": "ASPA", "222": "ASPA", "223": "ASPA", "224": "ASPA", "225": "ASPA", "226": "ASPA", "227": "ASPA", "228": "ASPA", "229": "ASPA", "230": "ASPA", "231": "ASPA", "232": "ASPA", "233": "ASPA", "234": "ASPA", "235": "ASPA", "236": "ASPA", "237": "ASPA", "238": "ASPA", "239": "ASPA", "240": "ASPA", "241": "ASPA", "242": "ASPA", "243": "ASPA", "244": "ASPA", "245": "ASPA", "246": "ASPA", "247": "ASPA", "248": "ASPA", "249": "ASPA", "250": "ASPA", "251": "ASPA", "252": "ASPA", "253": "ASPA", "254": "ASPA", "255": "ASPA", "256": "ASPA", "257": "ASPA", "258": "ASPA", "259": "ASPA", "260": "ASPA", "261": "ASPA", "262": "ASPA", "263": "ASPA", "264": "ASPA", "265": "ASPA", "266": "ASPA", "267": "ASPA", "268": "ASPA", "269": "ASPA", "270": "ASPA", "271": "ASPA", "272": "ASPA", "273": "ASPA", "274": "ASPA", "275": "ASPA", "276": "ASPA", "277": "ASPA", "278": "ASPA", "279": "ASPA", "280": "ASPA", "281": "ASPA", "282": "ASPA", "283": "ASPA", "284": "ASPA", "285": "ASPA", "286": "ASPA", "287": "ASPA", "288": "ASPA", "289": "ASPA", "290": "ASPA", "291": "ASPA", "292": "ASPA", "293": "ASPA", "294": "ASPA", "295": "ASPA", "296": "ASPA", "297": "ASPA", "298": "ASPA", "299": "ASPA", "300": "ASPA", "301": "ASPA", "302": "ASPA", "303": "ASPA", "304": "ASPA", "305": "ASPA", "306": "ASPA", "307": "ASPA", "308": "ASPA", "309": "ASPA", "310": "ASPA", "311": "ASPA", "312": "ASPA", "313": "ASPA", "314": "ASPA", "315": "ASPA", "316": "ASPA", "317": "ASPA", "318": "ASPA", "319": "ASPA", "320": "ASPA", "321": "ASPA", "322": "ASPA", "323": "ASPA", "324": "ASPA", "325": "ASPA", "326": "ASPA", "327": "ASPA", "328": "ASPA", "329": "ASPA", "330": "ASPA", "331": "ASPA", "332": "ASPA", "333": "ASPA", "334": "ASPA", "335": "ASPA", "336": "ASPA", "337": "ASPA", "338": "ASPA", "339": "ASPA", "340": "ASPA", "341": "ASPA", "342": "ASPA", "343": "ASPA", "344": "ASPA", "345": "ASPA", "346": "ASPA", "347": "ASPA", "348": "ASPA", "349": "ASPA", "350": "ASPA", "351": "ASPA", "352": "ASPA", "353": "ASPA", "354": "ASPA", "355": "ASPA", "356": "ASPA", "357": "ASPA", "358": "ASPA", "359": "ASPA", "360": "ASPA", "361": "ASPA", "362": "ASPA", "363": "ASPA", "364": "ASPA", "365": "ASPA", "366": "ASPA", "367": "ASPA", "368": "ASPA", "369": "ASPA", "370": "ASPA", "371": "ASPA", "372": "ASPA", "373": "ASPA", "374": "ASPA", "375": "ASPA", "376": "ASPA", "377": "ASPA", "378": "ASPA", "379": "ASPA", "380": "ASPA", "381": "ASPA", "382": "ASPA", "383": "ASPA", "384": "ASPA", "385": "ASPA", "386": "ASPA", "387": "ASPA", "388": "ASPA", "389": "ASPA", "390": "ASPA", "391": "ASPA", "392": "ASPA", "393": "ASPA", "394": "ASPA", "395": "ASPA", "396": "ASPA", "397": "ASPA", "398": "ASPA", "399": "ASPA", "400": "ASPA", "401": "ASPA", "402": "ASPA", "403": "ASPA", "404": "ASPA", "405": "ASPA", "406": "ASPA", "407": "ASPA", "408": "ASPA", "409": "ASPA", "410": "ASPA", "411": "ASPA", "412": "ASPA", "413": "ASPA", "414": "ASPA", "415": "ASPA", "416": "ASPA", "417": "ASPA", "418": "ASPA", "419": "ASPA", "420": "ASPA", "421": "ASPA", "422": "ASPA", "423": "ASPA", "424": "ASPA", "425": "ASPA", "426": "ASPA", "427": "ASPA", "428": "ASPA", "429": "ASPA", "430": "ASPA", "431": "ASPA", "432": "ASPA", "433": "ASPA", "434": "ASPA", "435": "ASPA", "436": "ASPA", "437": "ASPA", "438": "ASPA", "439": "ASPA", "440": "ASPA", "441": "ASPA", "442": "ASPA", "443": "ASPA", "444": "ASPA", "445": "ASPA", "446": "ASPA", "447": "ASPA", "448": "ASPA", "449": "ASPA", "450": "ASPA", "451": "ASPA", "452": "ASPA", "453": "ASPA", "454": "ASPA", "455": "ASPA"}, "date": {"0": "2021-09-03", "1": "2021-09-07", "2": "2021-09-08", "3": "2021-09-09", "4": "2021-09-10", "5": "2021-09-13", "6": "2021-09-14", "7": "2021-09-15", "8": "2021-09-16", "9": "2021-09-17", "10": "2021-09-20", "11": "2021-09-21", "12": "2021-09-22", "13": "2021-09-23", "14": "2021-09-24", "15": "2021-09-27", "16": "2021-09-28", "17": "2021-09-29", "18": "2021-09-30", "19": "2021-10-01", "20": "2021-10-04", "21": "2021-10-05", "22": "2021-10-06", "23": "2021-10-07", "24": "2021-10-08", "25": "2021-10-11", "26": "2021-10-12", "27": "2021-10-13", "28": "2021-10-14", "29": "2021-10-15", "30": "2021-10-18", "31": "2021-10-19", "32": "2021-10-20", "33": "2021-10-21", "34": "2021-10-22", "35": "2021-10-25", "36": "2021-10-26", "37": "2021-10-27", "38": "2021-10-28", "39": "2021-10-29", "40": "2021-11-01", "41": "2021-11-02", "42": "2021-11-03", "43": "2021-11-04", "44": "2021-11-05", "45": "2021-11-08", "46": "2021-11-09", "47": "2021-11-10", "48": "2021-11-11", "49": "2021-11-12", "50": "2021-11-15", "51": "2021-11-16", "52": "2021-11-17", "53": "2021-11-18", "54": "2021-11-19", "55": "2021-11-22", "56": "2021-11-23", "57": "2021-11-24", "58": "2021-11-26", "59": "2021-11-29", "60": "2021-11-30", "61": "2021-12-01", "62": "2021-12-02", "63": "2021-12-03", "64": "2021-12-06", "65": "2021-12-07", "66": "2021-12-08", "67": "2021-12-09", "68": "2021-12-10", "69": "2021-12-13", "70": "2021-12-14", "71": "2021-12-15", "72": "2021-12-16", "73": "2021-12-17", "74": "2021-12-20", "75": "2021-12-21", "76": "2021-12-22", "77": "2021-12-23", "78": "2021-12-27", "79": "2021-12-28", "80": "2021-12-29", "81": "2021-12-30", "82": "2021-12-31", "83": "2022-01-03", "84": "2022-01-04", "85": "2022-01-05", "86": "2022-01-06", "87": "2022-01-07", "88": "2022-01-10", "89": "2022-01-11", "90": "2022-01-12", "91": "2022-01-13", "92": "2022-01-14", "93": "2022-01-18", "94": "2022-01-19", "95": "2022-01-20", "96": "2022-01-21", "97": "2022-01-24", "98": "2022-01-25", "99": "2022-01-26", "100": "2022-01-27", "101": "2022-01-28", "102": "2022-01-31", "103": "2022-02-01", "104": "2022-02-02", "105": "2022-02-03", "106": "2022-02-04", "107": "2022-02-07", "108": "2022-02-08", "109": "2022-02-09", "110": "2022-02-10", "111": "2022-02-11", "112": "2022-02-14", "113": "2022-02-15", "114": "2022-02-16", "115": "2022-02-17", "116": "2022-02-18", "117": "2022-02-22", "118": "2022-02-23", "119": "2022-02-24", "120": "2022-02-25", "121": "2022-02-28", "122": "2022-03-01", "123": "2022-03-02", "124": "2022-03-03", "125": "2022-03-04", "126": "2022-03-07", "127": "2022-03-08", "128": "2022-03-09", "129": "2022-03-10", "130": "2022-03-11", "131": "2022-03-14", "132": "2022-03-15", "133": "2022-03-16", "134": "2022-03-17", "135": "2022-03-18", "136": "2022-03-21", "137": "2022-03-22", "138": "2022-03-23", "139": "2022-03-24", "140": "2022-03-25", "141": "2022-03-28", "142": "2022-03-29", "143": "2022-03-30", "144": "2022-03-31", "145": "2022-04-01", "146": "2022-04-04", "147": "2022-04-05", "148": "2022-04-06", "149": "2022-04-07", "150": "2022-04-08", "151": "2022-04-11", "152": "2022-04-12", "153": "2022-04-13", "154": "2022-04-14", "155": "2022-04-18", "156": "2022-04-19", "157": "2022-04-20", "158": "2022-04-21", "159": "2022-04-22", "160": "2022-04-25", "161": "2022-04-26", "162": "2022-04-27", "163": "2022-04-28", "164": "2022-04-29", "165": "2022-05-02", "166": "2022-05-03", "167": "2022-05-04", "168": "2022-05-05", "169": "2022-05-06", "170": "2022-05-09", "171": "2022-05-10", "172": "2022-05-11", "173": "2022-05-12", "174": "2022-05-13", "175": "2022-05-16", "176": "2022-05-17", "177": "2022-05-18", "178": "2022-05-19", "179": "2022-05-20", "180": "2022-05-23", "181": "2022-05-24", "182": "2022-05-25", "183": "2022-05-26", "184": "2022-05-27", "185": "2022-05-31", "186": "2022-06-01", "187": "2022-06-02", "188": "2022-06-03", "189": "2022-06-06", "190": "2022-06-07", "191": "2022-06-08", "192": "2022-06-09", "193": "2022-06-10", "194": "2022-06-13", "195": "2022-06-14", "196": "2022-06-15", "197": "2022-06-16", "198": "2022-06-17", "199": "2022-06-21", "200": "2022-06-22", "201": "2022-06-23", "202": "2022-06-24", "203": "2022-06-27", "204": "2022-06-28", "205": "2022-06-29", "206": "2022-06-30", "207": "2022-07-01", "208": "2022-07-05", "209": "2022-07-06", "210": "2022-07-07", "211": "2022-07-08", "212": "2022-07-11", "213": "2022-07-12", "214": "2022-07-13", "215": "2022-07-14", "216": "2022-07-15", "217": "2022-07-18", "218": "2022-07-19", "219": "2022-07-20", "220": "2022-07-21", "221": "2022-07-22", "222": "2022-07-25", "223": "2022-07-26", "224": "2022-07-27", "225": "2022-07-28", "226": "2022-07-29", "227": "2022-08-01", "228": "2022-08-02", "229": "2022-08-03", "230": "2022-08-04", "231": "2022-08-05", "232": "2022-08-08", "233": "2022-08-09", "234": "2022-08-10", "235": "2022-08-11", "236": "2022-08-12", "237": "2022-08-15", "238": "2022-08-16", "239": "2022-08-17", "240": "2022-08-18", "241": "2022-08-19", "242": "2022-08-22", "243": "2022-08-23", "244": "2022-08-24", "245": "2022-08-25", "246": "2022-08-26", "247": "2022-08-29", "248": "2022-08-30", "249": "2022-08-31", "250": "2022-09-01", "251": "2022-09-02", "252": "2022-09-06", "253": "2022-09-07", "254": "2022-09-08", "255": "2022-09-09", "256": "2022-09-12", "257": "2022-09-13", "258": "2022-09-14", "259": "2022-09-15", "260": "2022-09-16", "261": "2022-09-19", "262": "2022-09-20", "263": "2022-09-21", "264": "2022-09-22", "265": "2022-09-23", "266": "2022-09-26", "267": "2022-09-27", "268": "2022-09-28", "269": "2022-09-29", "270": "2022-09-30", "271": "2022-10-03", "272": "2022-10-04", "273": "2022-10-05", "274": "2022-10-06", "275": "2022-10-07", "276": "2022-10-10", "277": "2022-10-11", "278": "2022-10-12", "279": "2022-10-13", "280": "2022-10-14", "281": "2022-10-17", "282": "2022-10-18", "283": "2022-10-19", "284": "2022-10-20", "285": "2022-10-21", "286": "2022-10-24", "287": "2022-10-25", "288": "2022-10-26", "289": "2022-10-27", "290": "2022-10-28", "291": "2022-10-31", "292": "2022-11-01", "293": "2022-11-02", "294": "2022-11-03", "295": "2022-11-04", "296": "2022-11-07", "297": "2022-11-08", "298": "2022-11-09", "299": "2022-11-10", "300": "2022-11-11", "301": "2022-11-14", "302": "2022-11-15", "303": "2022-11-16", "304": "2022-11-17", "305": "2022-11-18", "306": "2022-11-21", "307": "2022-11-22", "308": "2022-11-23", "309": "2022-11-25", "310": "2022-11-28", "311": "2022-11-29", "312": "2022-11-30", "313": "2022-12-01", "314": "2022-12-02", "315": "2022-12-05", "316": "2022-12-06", "317": "2022-12-07", "318": "2022-12-08", "319": "2022-12-09", "320": "2022-12-12", "321": "2022-12-13", "322": "2022-12-14", "323": "2022-12-15", "324": "2022-12-16", "325": "2022-12-19", "326": "2022-12-20", "327": "2022-12-21", "328": "2022-12-22", "329": "2022-12-23", "330": "2022-12-27", "331": "2022-12-28", "332": "2022-12-29", "333": "2022-12-30", "334": "2023-01-03", "335": "2023-01-04", "336": "2023-01-05", "337": "2023-01-06", "338": "2023-01-09", "339": "2023-01-10", "340": "2023-01-11", "341": "2023-01-12", "342": "2023-01-13", "343": "2023-01-17", "344": "2023-01-18", "345": "2023-01-19", "346": "2023-01-20", "347": "2023-01-23", "348": "2023-01-24", "349": "2023-01-25", "350": "2023-01-26", "351": "2023-01-27", "352": "2023-01-30", "353": "2023-01-31", "354": "2023-02-01", "355": "2023-02-02", "356": "2023-02-03", "357": "2023-02-06", "358": "2023-02-07", "359": "2023-02-08", "360": "2023-02-09", "361": "2023-02-10", "362": "2023-02-13", "363": "2023-02-14", "364": "2023-02-15", "365": "2023-02-16", "366": "2023-02-17", "367": "2023-02-21", "368": "2023-02-22", "369": "2023-02-23", "370": "2023-02-24", "371": "2023-02-27", "372": "2023-02-28", "373": "2023-03-01", "374": "2023-03-02", "375": "2023-03-03", "376": "2023-03-06", "377": "2023-03-07", "378": "2023-03-08", "379": "2023-03-09", "380": "2023-03-10", "381": "2023-03-13", "382": "2023-03-14", "383": "2023-03-15", "384": "2023-03-16", "385": "2023-03-17", "386": "2023-03-20", "387": "2023-03-21", "388": "2023-03-22", "389": "2023-03-23", "390": "2023-03-24", "391": "2023-03-27", "392": "2023-03-28", "393": "2023-03-29", "394": "2023-03-30", "395": "2023-03-31", "396": "2023-04-03", "397": "2023-04-04", "398": "2023-04-05", "399": "2023-04-06", "400": "2023-04-10", "401": "2023-04-11", "402": "2023-04-12", "403": "2023-04-13", "404": "2023-04-14", "405": "2023-04-17", "406": "2023-04-18", "407": "2023-04-19", "408": "2023-04-20", "409": "2023-04-21", "410": "2023-04-24", "411": "2023-04-25", "412": "2023-04-26", "413": "2023-04-27", "414": "2023-04-28", "415": "2023-05-01", "416": "2023-05-02", "417": "2023-05-03", "418": "2023-05-04", "419": "2023-05-05", "420": "2023-05-08", "421": "2023-05-09", "422": "2023-05-10", "423": "2023-05-11", "424": "2023-05-12", "425": "2023-05-15", "426": "2023-05-16", "427": "2023-05-17", "428": "2023-05-18", "429": "2023-05-19", "430": "2023-05-22", "431": "2023-05-23", "432": "2023-05-24", "433": "2023-05-25", "434": "2023-05-26", "435": "2023-05-30", "436": "2023-05-31", "437": "2023-06-01", "438": "2023-06-02", "439": "2023-06-05", "440": "2023-06-06", "441": "2023-06-07", "442": "2023-06-08", "443": "2023-06-09", "444": "2023-06-12", "445": "2023-06-13", "446": "2023-06-14", "447": "2023-06-15", "448": "2023-06-16", "449": "2023-06-20", "450": "2023-06-21", "451": "2023-06-22", "452": "2023-06-23", "453": "2023-06-26", "454": "2023-06-27", "455": "2023-06-28"}, "open": {"0": 9.710000038146973, "1": 9.720000267028809, "2": 9.699999809265137, "3": 9.699999809265137, "4": 9.75, "5": 9.720000267028809, "6": 9.800000190734863, "7": 9.789999961853027, "8": 9.720000267028809, "9": 9.8100004196167, "10": 9.8100004196167, "11": 9.720000267028809, "12": 9.720000267028809, "13": 9.720000267028809, "14": 9.720000267028809, "15": 9.720000267028809, "16": 9.84000015258789, "17": 9.84000015258789, "18": 9.84000015258789, "19": 9.84000015258789, "20": 9.84000015258789, "21": 9.789999961853027, "22": 9.789999961853027, "23": 9.789999961853027, "24": 9.789999961853027, "25": 9.789999961853027, "26": 9.789999961853027, "27": 9.789999961853027, "28": 9.789999961853027, "29": 9.789999961853027, "30": 9.779999732971191, "31": 9.789999961853027, "32": 9.789999961853027, "33": 9.779999732971191, "34": 9.899999618530273, "35": 9.829999923706055, "36": 9.819999694824219, "37": 9.819999694824219, "38": 9.800000190734863, "39": 9.800000190734863, "40": 9.800000190734863, "41": 9.8100004196167, "42": 9.84000015258789, "43": 9.845000267028809, "44": 9.869999885559082, "45": 9.869999885559082, "46": 9.859999656677246, "47": 9.869999885559082, "48": 9.869999885559082, "49": 9.850000381469727, "50": 9.850000381469727, "51": 9.850000381469727, "52": 9.84000015258789, "53": 9.869999885559082, "54": 9.869999885559082, "55": 9.84000015258789, "56": 9.850000381469727, "57": 9.869999885559082, "58": 9.869999885559082, "59": 9.850000381469727, "60": 9.869999885559082, "61": 9.859999656677246, "62": 9.859999656677246, "63": 9.869999885559082, "64": 9.869999885559082, "65": 9.869999885559082, "66": 9.848999977111816, "67": 9.84000015258789, "68": 9.789999961853027, "69": 9.829999923706055, "70": 9.829999923706055, "71": 9.819999694824219, "72": 9.800000190734863, "73": 9.800000190734863, "74": 9.800000190734863, "75": 9.800000190734863, "76": 9.800000190734863, "77": 9.800000190734863, "78": 9.800000190734863, "79": 9.800000190734863, "80": 9.819999694824219, "81": 9.819999694824219, "82": 9.829999923706055, "83": 9.84000015258789, "84": 9.84000015258789, "85": 9.84000015258789, "86": 9.84000015258789, "87": 9.869999885559082, "88": 9.84000015258789, "89": 9.829999923706055, "90": 9.829999923706055, "91": 9.850000381469727, "92": 9.850000381469727, "93": 9.850000381469727, "94": 9.850000381469727, "95": 9.850000381469727, "96": 9.850000381469727, "97": 9.850000381469727, "98": 9.850000381469727, "99": 9.819999694824219, "100": 10.100000381469727, "101": 9.880000114440918, "102": 9.920000076293945, "103": 9.819999694824219, "104": 9.829999923706055, "105": 9.789999961853027, "106": 9.789999961853027, "107": 9.90999984741211, "108": 9.819999694824219, "109": 9.90999984741211, "110": 9.890000343322754, "111": 9.890000343322754, "112": 9.890000343322754, "113": 9.890000343322754, "114": 9.890000343322754, "115": 9.890000343322754, "116": 9.899999618530273, "117": 9.880000114440918, "118": 9.824000358581543, "119": 9.824000358581543, "120": 9.829999923706055, "121": 9.854999542236328, "122": 9.854999542236328, "123": 9.854999542236328, "124": 9.890000343322754, "125": 9.880000114440918, "126": 9.880000114440918, "127": 9.899999618530273, "128": 9.890000343322754, "129": 9.880000114440918, "130": 9.880000114440918, "131": 9.880000114440918, "132": 9.880000114440918, "133": 9.890000343322754, "134": 9.890000343322754, "135": 9.890000343322754, "136": 9.880000114440918, "137": 9.880000114440918, "138": 9.880000114440918, "139": 9.930000305175781, "140": 9.899999618530273, "141": 9.880000114440918, "142": 9.880000114440918, "143": 9.930000305175781, "144": 9.899999618530273, "145": 9.899999618530273, "146": 9.899999618530273, "147": 9.899999618530273, "148": 9.899999618530273, "149": 9.949999809265137, "150": 9.925000190734863, "151": 9.970000267028809, "152": 9.930000305175781, "153": 9.930000305175781, "154": 9.930000305175781, "155": 9.90999984741211, "156": 9.949999809265137, "157": 9.949999809265137, "158": 9.90999984741211, "159": 10.399999618530273, "160": 10.399999618530273, "161": 10.399999618530273, "162": 10.399999618530273, "163": 10.399999618530273, "164": 9.930000305175781, "165": 9.970000267028809, "166": 9.949999809265137, "167": 9.960000038146973, "168": 9.949999809265137, "169": 9.949999809265137, "170": 9.9399995803833, "171": 9.930000305175781, "172": 9.90999984741211, "173": 9.920000076293945, "174": 9.930000305175781, "175": 9.930000305175781, "176": 9.930000305175781, "177": 9.949999809265137, "178": 9.920000076293945, "179": 9.920000076293945, "180": 9.960000038146973, "181": 9.949999809265137, "182": 9.949999809265137, "183": 9.920000076293945, "184": 9.949999809265137, "185": 9.946000099182129, "186": 9.949999809265137, "187": 9.930000305175781, "188": 9.930000305175781, "189": 9.9399995803833, "190": 9.9399995803833, "191": 9.9399995803833, "192": 9.949999809265137, "193": 9.960000038146973, "194": 9.949999809265137, "195": 10.1899995803833, "196": 9.9399995803833, "197": 9.9399995803833, "198": 9.9399995803833, "199": 9.9399995803833, "200": 9.949000358581543, "201": 9.960000038146973, "202": 9.960000038146973, "203": 10.390000343322754, "204": 9.970000267028809, "205": 9.949999809265137, "206": 9.9399995803833, "207": 9.9399995803833, "208": 9.960000038146973, "209": 9.960000038146973, "210": 9.960000038146973, "211": 9.960000038146973, "212": 9.970000267028809, "213": 9.970000267028809, "214": 9.970000267028809, "215": 9.970000267028809, "216": 9.970000267028809, "217": 9.979999542236328, "218": 9.979999542236328, "219": 9.979999542236328, "220": 9.979999542236328, "221": 9.979999542236328, "222": 9.979999542236328, "223": 9.989999771118164, "224": 9.979999542236328, "225": 9.989999771118164, "226": 9.989999771118164, "227": 9.989999771118164, "228": 9.989999771118164, "229": 9.989999771118164, "230": 10.0, "231": 10.0, "232": 10.0, "233": 10.0, "234": 10.0, "235": 10.0, "236": 10.0, "237": 10.020000457763672, "238": 10.020000457763672, "239": 10.015000343322754, "240": 10.015000343322754, "241": 10.015000343322754, "242": 10.015000343322754, "243": 10.015000343322754, "244": 10.029999732971191, "245": 10.029999732971191, "246": 10.029999732971191, "247": 10.029999732971191, "248": 10.029999732971191, "249": 10.029999732971191, "250": 10.029999732971191, "251": 10.029999732971191, "252": 10.020000457763672, "253": 10.020000457763672, "254": 10.020000457763672, "255": 10.020000457763672, "256": 10.010000228881836, "257": 10.029999732971191, "258": 10.029999732971191, "259": 10.020000457763672, "260": 10.017999649047852, "261": 10.020000457763672, "262": 10.020000457763672, "263": 10.020000457763672, "264": 10.020000457763672, "265": 10.020000457763672, "266": 10.010000228881836, "267": 10.020000457763672, "268": 10.020000457763672, "269": 10.020000457763672, "270": 10.020000457763672, "271": 10.020000457763672, "272": 10.024999618530273, "273": 10.03499984741211, "274": 10.03499984741211, "275": 10.03499984741211, "276": 10.039999961853027, "277": 10.03499984741211, "278": 10.03499984741211, "279": 10.020000457763672, "280": 10.020000457763672, "281": 10.039999961853027, "282": 10.039999961853027, "283": 10.045000076293945, "284": 10.050000190734863, "285": 10.050000190734863, "286": 10.039999961853027, "287": 10.045000076293945, "288": 10.050000190734863, "289": 10.039999961853027, "290": 10.039999961853027, "291": 10.050000190734863, "292": 10.050000190734863, "293": 10.550000190734863, "294": 10.449999809265137, "295": 10.369999885559082, "296": 10.34000015258789, "297": 10.100000381469727, "298": 10.109999656677246, "299": 10.600000381469727, "300": 10.149999618530273, "301": 10.210000038146973, "302": 10.210000038146973, "303": 10.210000038146973, "304": 10.210000038146973, "305": 10.210000038146973, "306": 10.21500015258789, "307": 10.149999618530273, "308": 10.149999618530273, "309": 10.1850004196167, "310": 10.600000381469727, "311": 10.390000343322754, "312": 10.649999618530273, "313": 10.199999809265137, "314": 10.1899995803833, "315": 10.489999771118164, "316": 10.229999542236328, "317": 10.229999542236328, "318": 10.229999542236328, "319": 10.220000267028809, "320": 10.350000381469727, "321": 10.25, "322": 10.25, "323": 10.25, "324": 10.25, "325": 10.350000381469727, "326": 10.239999771118164, "327": 10.28499984741211, "328": 10.28499984741211, "329": 10.350000381469727, "330": 10.220000267028809, "331": 10.220000267028809, "332": 10.220000267028809, "333": 10.220000267028809, "334": 10.220000267028809, "335": 10.350000381469727, "336": 10.34000015258789, "337": 10.270000457763672, "338": 10.34000015258789, "339": 10.3100004196167, "340": 10.3100004196167, "341": 10.3100004196167, "342": 10.3100004196167, "343": 10.399999618530273, "344": 10.399999618530273, "345": 10.399999618530273, "346": 10.399999618530273, "347": 10.388999938964844, "348": 10.388999938964844, "349": 10.329999923706055, "350": 10.369999885559082, "351": 10.369999885559082, "352": 10.399999618530273, "353": 10.399999618530273, "354": 10.399999618530273, "355": 10.479999542236328, "356": 10.479999542236328, "357": 10.479999542236328, "358": 10.479999542236328, "359": 10.479999542236328, "360": 10.479999542236328, "361": 10.380000114440918, "362": 10.479999542236328, "363": 10.479999542236328, "364": 10.479999542236328, "365": 10.479999542236328, "366": 10.479999542236328, "367": 10.479999542236328, "368": 10.479999542236328, "369": 10.479999542236328, "370": 10.479999542236328, "371": 10.479999542236328, "372": 10.479999542236328, "373": 10.479999542236328, "374": 10.479999542236328, "375": 10.479999542236328, "376": 10.479999542236328, "377": 10.479999542236328, "378": 10.479999542236328, "379": 10.479999542236328, "380": 10.479999542236328, "381": 10.479999542236328, "382": 10.479999542236328, "383": 10.479999542236328, "384": 10.479999542236328, "385": 10.479999542236328, "386": 10.479999542236328, "387": 10.479999542236328, "388": 10.479999542236328, "389": 10.479999542236328, "390": 10.479999542236328, "391": 10.479999542236328, "392": 10.479999542236328, "393": 10.479999542236328, "394": 10.479999542236328, "395": 10.479999542236328, "396": 10.5, "397": 10.550000190734863, "398": 10.550000190734863, "399": 10.550000190734863, "400": 10.550000190734863, "401": 10.550000190734863, "402": 10.550000190734863, "403": 10.550000190734863, "404": 10.550000190734863, "405": 10.550000190734863, "406": 10.550000190734863, "407": 10.550000190734863, "408": 10.550000190734863, "409": 10.550000190734863, "410": 10.550000190734863, "411": 10.550000190734863, "412": 10.510000228881836, "413": 10.550000190734863, "414": 10.550000190734863, "415": 10.550000190734863, "416": 10.550000190734863, "417": 10.550000190734863, "418": 10.550000190734863, "419": 10.550000190734863, "420": 10.550000190734863, "421": 10.550000190734863, "422": 10.550000190734863, "423": 10.550000190734863, "424": 10.550000190734863, "425": 10.550000190734863, "426": 10.5600004196167, "427": 10.6899995803833, "428": 10.6899995803833, "429": 10.6899995803833, "430": 10.6899995803833, "431": 10.6899995803833, "432": 10.6899995803833, "433": 10.6899995803833, "434": 10.6899995803833, "435": 10.6899995803833, "436": 10.6899995803833, "437": 10.6899995803833, "438": 10.6899995803833, "439": 10.6899995803833, "440": 10.6899995803833, "441": 10.6899995803833, "442": 10.6899995803833, "443": 10.6899995803833, "444": 10.6899995803833, "445": 10.6899995803833, "446": 10.6899995803833, "447": 10.6899995803833, "448": 10.6899995803833, "449": 10.6899995803833, "450": 10.6899995803833, "451": 10.6899995803833, "452": 10.6899995803833, "453": 10.6899995803833, "454": 10.6899995803833, "455": 10.6899995803833}, "high": {"0": 9.710000038146973, "1": 10.331999778747559, "2": 9.789999961853027, "3": 9.710000038146973, "4": 9.75, "5": 9.720000267028809, "6": 9.800000190734863, "7": 9.789999961853027, "8": 9.720000267028809, "9": 9.8100004196167, "10": 9.8100004196167, "11": 9.720000267028809, "12": 9.720000267028809, "13": 9.720000267028809, "14": 9.720000267028809, "15": 9.720000267028809, "16": 9.84000015258789, "17": 9.850000381469727, "18": 9.84000015258789, "19": 9.84000015258789, "20": 9.84000015258789, "21": 9.789999961853027, "22": 9.789999961853027, "23": 9.789999961853027, "24": 9.789999961853027, "25": 9.789999961853027, "26": 9.789999961853027, "27": 9.789999961853027, "28": 9.789999961853027, "29": 9.789999961853027, "30": 9.779999732971191, "31": 9.789999961853027, "32": 9.789999961853027, "33": 9.78499984741211, "34": 9.899999618530273, "35": 9.829999923706055, "36": 9.819999694824219, "37": 9.819999694824219, "38": 9.800000190734863, "39": 9.800000190734863, "40": 9.800000190734863, "41": 9.8149995803833, "42": 9.84000015258789, "43": 9.869999885559082, "44": 9.869999885559082, "45": 9.869999885559082, "46": 9.859999656677246, "47": 9.869999885559082, "48": 9.869999885559082, "49": 9.850000381469727, "50": 9.859999656677246, "51": 9.850000381469727, "52": 9.850000381469727, "53": 9.869999885559082, "54": 9.869999885559082, "55": 9.850000381469727, "56": 9.850000381469727, "57": 9.869999885559082, "58": 9.869999885559082, "59": 9.850000381469727, "60": 9.869999885559082, "61": 9.859999656677246, "62": 9.859999656677246, "63": 9.869999885559082, "64": 9.869999885559082, "65": 9.869999885559082, "66": 9.848999977111816, "67": 9.84000015258789, "68": 9.829999923706055, "69": 9.829999923706055, "70": 9.829999923706055, "71": 9.819999694824219, "72": 9.800000190734863, "73": 9.800000190734863, "74": 9.800000190734863, "75": 9.800000190734863, "76": 9.800000190734863, "77": 9.800000190734863, "78": 9.800000190734863, "79": 9.800000190734863, "80": 9.819999694824219, "81": 9.819999694824219, "82": 9.84000015258789, "83": 9.84000015258789, "84": 9.84000015258789, "85": 9.84000015258789, "86": 9.850000381469727, "87": 9.869999885559082, "88": 9.84000015258789, "89": 9.829999923706055, "90": 9.829999923706055, "91": 9.869999885559082, "92": 9.850000381469727, "93": 9.850000381469727, "94": 9.850000381469727, "95": 9.850000381469727, "96": 9.850000381469727, "97": 9.850000381469727, "98": 9.850000381469727, "99": 9.859999656677246, "100": 10.175000190734863, "101": 9.880000114440918, "102": 9.920000076293945, "103": 9.819999694824219, "104": 9.949999809265137, "105": 9.789999961853027, "106": 9.789999961853027, "107": 9.90999984741211, "108": 9.899999618530273, "109": 9.90999984741211, "110": 9.890000343322754, "111": 9.890000343322754, "112": 9.890000343322754, "113": 9.890000343322754, "114": 9.890000343322754, "115": 9.890000343322754, "116": 9.899999618530273, "117": 9.880000114440918, "118": 9.824000358581543, "119": 9.824000358581543, "120": 9.854999542236328, "121": 9.854999542236328, "122": 9.854999542236328, "123": 9.854999542236328, "124": 9.890000343322754, "125": 9.880000114440918, "126": 9.880000114440918, "127": 9.899999618530273, "128": 9.899999618530273, "129": 9.880000114440918, "130": 9.880000114440918, "131": 9.899999618530273, "132": 9.885000228881836, "133": 9.890000343322754, "134": 9.890000343322754, "135": 9.890000343322754, "136": 9.880000114440918, "137": 9.880000114440918, "138": 9.880000114440918, "139": 9.930000305175781, "140": 9.899999618530273, "141": 9.880000114440918, "142": 9.890000343322754, "143": 9.930000305175781, "144": 9.960000038146973, "145": 9.899999618530273, "146": 9.899999618530273, "147": 9.899999618530273, "148": 9.899999618530273, "149": 9.970000267028809, "150": 9.930000305175781, "151": 9.970000267028809, "152": 9.930000305175781, "153": 9.930000305175781, "154": 9.930000305175781, "155": 9.930000305175781, "156": 9.970000267028809, "157": 9.979999542236328, "158": 9.920000076293945, "159": 10.399999618530273, "160": 10.399999618530273, "161": 10.399999618530273, "162": 10.399999618530273, "163": 10.399999618530273, "164": 9.930000305175781, "165": 9.970000267028809, "166": 9.949999809265137, "167": 9.960000038146973, "168": 9.949999809265137, "169": 9.949999809265137, "170": 9.9399995803833, "171": 9.9399995803833, "172": 9.90999984741211, "173": 9.930000305175781, "174": 9.930000305175781, "175": 9.930000305175781, "176": 9.930000305175781, "177": 9.949999809265137, "178": 9.920000076293945, "179": 9.920000076293945, "180": 9.960000038146973, "181": 9.949999809265137, "182": 9.949999809265137, "183": 9.949999809265137, "184": 9.949999809265137, "185": 9.946000099182129, "186": 9.949999809265137, "187": 9.930000305175781, "188": 9.930000305175781, "189": 9.9399995803833, "190": 9.9399995803833, "191": 9.960000038146973, "192": 9.989999771118164, "193": 9.960000038146973, "194": 10.255000114440918, "195": 10.1899995803833, "196": 9.949999809265137, "197": 9.949999809265137, "198": 9.9399995803833, "199": 9.9399995803833, "200": 9.960000038146973, "201": 9.960000038146973, "202": 9.960000038146973, "203": 10.449999809265137, "204": 9.970000267028809, "205": 9.954999923706055, "206": 9.9399995803833, "207": 9.9399995803833, "208": 9.960000038146973, "209": 9.960000038146973, "210": 9.960000038146973, "211": 9.960000038146973, "212": 9.970000267028809, "213": 9.970000267028809, "214": 9.970000267028809, "215": 9.970000267028809, "216": 9.979999542236328, "217": 9.979999542236328, "218": 9.979999542236328, "219": 9.979999542236328, "220": 9.979999542236328, "221": 9.979999542236328, "222": 10.0, "223": 9.989999771118164, "224": 9.989999771118164, "225": 9.989999771118164, "226": 9.989999771118164, "227": 9.989999771118164, "228": 9.989999771118164, "229": 9.994999885559082, "230": 10.0, "231": 10.0, "232": 10.0, "233": 10.0, "234": 10.0, "235": 10.0, "236": 10.0, "237": 10.020000457763672, "238": 10.020000457763672, "239": 10.015000343322754, "240": 10.015000343322754, "241": 10.015000343322754, "242": 10.015000343322754, "243": 10.015000343322754, "244": 10.029999732971191, "245": 10.029999732971191, "246": 10.029999732971191, "247": 10.029999732971191, "248": 10.029999732971191, "249": 10.029999732971191, "250": 10.029999732971191, "251": 10.029999732971191, "252": 10.020000457763672, "253": 10.020000457763672, "254": 10.020000457763672, "255": 10.020000457763672, "256": 10.010000228881836, "257": 10.029999732971191, "258": 10.029999732971191, "259": 10.020000457763672, "260": 10.020000457763672, "261": 10.020000457763672, "262": 10.020000457763672, "263": 10.020000457763672, "264": 10.020000457763672, "265": 10.020000457763672, "266": 10.020000457763672, "267": 10.020000457763672, "268": 10.020000457763672, "269": 10.020000457763672, "270": 10.020000457763672, "271": 10.020000457763672, "272": 10.039999961853027, "273": 10.03499984741211, "274": 10.03499984741211, "275": 10.03499984741211, "276": 10.039999961853027, "277": 10.03499984741211, "278": 10.03499984741211, "279": 10.020000457763672, "280": 10.020000457763672, "281": 10.039999961853027, "282": 10.039999961853027, "283": 10.050000190734863, "284": 10.050000190734863, "285": 10.050000190734863, "286": 10.041999816894531, "287": 10.050000190734863, "288": 10.050000190734863, "289": 10.039999961853027, "290": 10.039999961853027, "291": 10.050000190734863, "292": 10.050000190734863, "293": 10.550000190734863, "294": 10.449999809265137, "295": 10.369999885559082, "296": 10.34000015258789, "297": 10.140000343322754, "298": 10.119999885559082, "299": 10.600000381469727, "300": 10.149999618530273, "301": 10.210000038146973, "302": 10.210000038146973, "303": 10.210000038146973, "304": 10.210000038146973, "305": 10.210000038146973, "306": 10.21500015258789, "307": 10.149999618530273, "308": 10.149999618530273, "309": 10.218000411987305, "310": 10.600000381469727, "311": 10.390000343322754, "312": 10.649999618530273, "313": 10.199999809265137, "314": 10.1899995803833, "315": 10.649999618530273, "316": 10.229999542236328, "317": 10.229999542236328, "318": 10.229999542236328, "319": 10.220000267028809, "320": 10.350000381469727, "321": 10.25, "322": 10.25, "323": 10.25, "324": 10.25, "325": 10.350000381469727, "326": 10.34000015258789, "327": 10.28499984741211, "328": 10.28499984741211, "329": 10.350000381469727, "330": 10.220000267028809, "331": 10.220000267028809, "332": 10.220000267028809, "333": 10.220000267028809, "334": 10.220000267028809, "335": 10.350000381469727, "336": 10.350000381469727, "337": 10.270000457763672, "338": 10.350000381469727, "339": 10.3100004196167, "340": 10.3100004196167, "341": 10.3100004196167, "342": 10.3100004196167, "343": 10.399999618530273, "344": 10.399999618530273, "345": 10.399999618530273, "346": 10.399999618530273, "347": 10.388999938964844, "348": 10.388999938964844, "349": 10.369999885559082, "350": 10.369999885559082, "351": 10.369999885559082, "352": 10.399999618530273, "353": 10.399999618530273, "354": 10.399999618530273, "355": 10.479999542236328, "356": 10.479999542236328, "357": 10.479999542236328, "358": 10.479999542236328, "359": 10.479999542236328, "360": 10.479999542236328, "361": 10.479999542236328, "362": 10.479999542236328, "363": 10.479999542236328, "364": 10.479999542236328, "365": 10.479999542236328, "366": 10.479999542236328, "367": 10.479999542236328, "368": 10.479999542236328, "369": 10.479999542236328, "370": 10.479999542236328, "371": 10.479999542236328, "372": 10.479999542236328, "373": 10.479999542236328, "374": 10.479999542236328, "375": 10.479999542236328, "376": 10.479999542236328, "377": 10.479999542236328, "378": 10.479999542236328, "379": 10.479999542236328, "380": 10.479999542236328, "381": 10.479999542236328, "382": 10.479999542236328, "383": 10.479999542236328, "384": 10.479999542236328, "385": 10.479999542236328, "386": 10.479999542236328, "387": 10.479999542236328, "388": 10.479999542236328, "389": 10.479999542236328, "390": 10.479999542236328, "391": 10.479999542236328, "392": 10.479999542236328, "393": 10.479999542236328, "394": 10.479999542236328, "395": 10.479999542236328, "396": 10.5, "397": 10.550000190734863, "398": 10.550000190734863, "399": 10.550000190734863, "400": 10.550000190734863, "401": 10.550000190734863, "402": 10.550000190734863, "403": 10.550000190734863, "404": 10.550000190734863, "405": 10.550000190734863, "406": 10.550000190734863, "407": 10.550000190734863, "408": 10.550000190734863, "409": 10.550000190734863, "410": 10.550000190734863, "411": 10.550000190734863, "412": 10.550000190734863, "413": 10.550000190734863, "414": 10.550000190734863, "415": 10.550000190734863, "416": 10.550000190734863, "417": 10.550000190734863, "418": 10.550000190734863, "419": 10.550000190734863, "420": 10.550000190734863, "421": 10.550000190734863, "422": 10.550000190734863, "423": 10.550000190734863, "424": 10.550000190734863, "425": 10.550000190734863, "426": 10.6899995803833, "427": 10.6899995803833, "428": 10.6899995803833, "429": 10.6899995803833, "430": 10.6899995803833, "431": 10.6899995803833, "432": 10.6899995803833, "433": 10.6899995803833, "434": 10.6899995803833, "435": 10.6899995803833, "436": 10.6899995803833, "437": 10.6899995803833, "438": 10.6899995803833, "439": 10.6899995803833, "440": 10.6899995803833, "441": 10.6899995803833, "442": 10.6899995803833, "443": 10.6899995803833, "444": 10.6899995803833, "445": 10.6899995803833, "446": 10.6899995803833, "447": 10.6899995803833, "448": 10.6899995803833, "449": 10.6899995803833, "450": 10.6899995803833, "451": 10.6899995803833, "452": 10.6899995803833, "453": 10.6899995803833, "454": 10.6899995803833, "455": 10.6899995803833}, "low": {"0": 9.710000038146973, "1": 9.710000038146973, "2": 9.569000244140625, "3": 9.699999809265137, "4": 9.699999809265137, "5": 9.720000267028809, "6": 9.710000038146973, "7": 9.710000038146973, "8": 9.720000267028809, "9": 9.8100004196167, "10": 9.8100004196167, "11": 9.720000267028809, "12": 9.720000267028809, "13": 9.720000267028809, "14": 9.720000267028809, "15": 9.720000267028809, "16": 9.819999694824219, "17": 9.84000015258789, "18": 9.84000015258789, "19": 9.84000015258789, "20": 9.84000015258789, "21": 9.789999961853027, "22": 9.789999961853027, "23": 9.789999961853027, "24": 9.789999961853027, "25": 9.789999961853027, "26": 9.789999961853027, "27": 9.789999961853027, "28": 9.789999961853027, "29": 9.789999961853027, "30": 9.779999732971191, "31": 9.789999961853027, "32": 9.789999961853027, "33": 9.779999732971191, "34": 9.800000190734863, "35": 9.789999961853027, "36": 9.819999694824219, "37": 9.819999694824219, "38": 9.800000190734863, "39": 9.800000190734863, "40": 9.800000190734863, "41": 9.8100004196167, "42": 9.84000015258789, "43": 9.845000267028809, "44": 9.869999885559082, "45": 9.84000015258789, "46": 9.859999656677246, "47": 9.84000015258789, "48": 9.869999885559082, "49": 9.850000381469727, "50": 9.850000381469727, "51": 9.850000381469727, "52": 9.84000015258789, "53": 9.84000015258789, "54": 9.869999885559082, "55": 9.84000015258789, "56": 9.850000381469727, "57": 9.869999885559082, "58": 9.869999885559082, "59": 9.850000381469727, "60": 9.859999656677246, "61": 9.859999656677246, "62": 9.859999656677246, "63": 9.869999885559082, "64": 9.869999885559082, "65": 9.869999885559082, "66": 9.829999923706055, "67": 9.84000015258789, "68": 9.789999961853027, "69": 9.829999923706055, "70": 9.829999923706055, "71": 9.819999694824219, "72": 9.800000190734863, "73": 9.800000190734863, "74": 9.800000190734863, "75": 9.800000190734863, "76": 9.800000190734863, "77": 9.800000190734863, "78": 9.800000190734863, "79": 9.800000190734863, "80": 9.819999694824219, "81": 9.819999694824219, "82": 9.829999923706055, "83": 9.84000015258789, "84": 9.84000015258789, "85": 9.84000015258789, "86": 9.829999923706055, "87": 9.829999923706055, "88": 9.84000015258789, "89": 9.829999923706055, "90": 9.829999923706055, "91": 9.850000381469727, "92": 9.850000381469727, "93": 9.850000381469727, "94": 9.850000381469727, "95": 9.850000381469727, "96": 9.850000381469727, "97": 9.850000381469727, "98": 9.819999694824219, "99": 9.819999694824219, "100": 9.850000381469727, "101": 9.819999694824219, "102": 9.819999694824219, "103": 9.819999694824219, "104": 9.829999923706055, "105": 9.789999961853027, "106": 9.789999961853027, "107": 9.90999984741211, "108": 9.819999694824219, "109": 9.890000343322754, "110": 9.890000343322754, "111": 9.890000343322754, "112": 9.890000343322754, "113": 9.890000343322754, "114": 9.890000343322754, "115": 9.890000343322754, "116": 9.880000114440918, "117": 9.880000114440918, "118": 9.824000358581543, "119": 9.824000358581543, "120": 9.829999923706055, "121": 9.854999542236328, "122": 9.854999542236328, "123": 9.854999542236328, "124": 9.890000343322754, "125": 9.880000114440918, "126": 9.880000114440918, "127": 9.880000114440918, "128": 9.880000114440918, "129": 9.880000114440918, "130": 9.880000114440918, "131": 9.869999885559082, "132": 9.880000114440918, "133": 9.880000114440918, "134": 9.880000114440918, "135": 9.880000114440918, "136": 9.880000114440918, "137": 9.880000114440918, "138": 9.880000114440918, "139": 9.930000305175781, "140": 9.880000114440918, "141": 9.880000114440918, "142": 9.880000114440918, "143": 9.899999618530273, "144": 9.899999618530273, "145": 9.899999618530273, "146": 9.899999618530273, "147": 9.899999618530273, "148": 9.899999618530273, "149": 9.949999809265137, "150": 9.920000076293945, "151": 9.930000305175781, "152": 9.930000305175781, "153": 9.930000305175781, "154": 9.930000305175781, "155": 9.890000343322754, "156": 9.920000076293945, "157": 9.90999984741211, "158": 9.90999984741211, "159": 9.920000076293945, "160": 9.920000076293945, "161": 9.930000305175781, "162": 9.930000305175781, "163": 9.930000305175781, "164": 9.930000305175781, "165": 9.920000076293945, "166": 9.930000305175781, "167": 9.949999809265137, "168": 9.949999809265137, "169": 9.949999809265137, "170": 9.90999984741211, "171": 9.930000305175781, "172": 9.90999984741211, "173": 9.90999984741211, "174": 9.899999618530273, "175": 9.930000305175781, "176": 9.930000305175781, "177": 9.949999809265137, "178": 9.920000076293945, "179": 9.920000076293945, "180": 9.949999809265137, "181": 9.949999809265137, "182": 9.949999809265137, "183": 9.920000076293945, "184": 9.946000099182129, "185": 9.946000099182129, "186": 9.949999809265137, "187": 9.930000305175781, "188": 9.930000305175781, "189": 9.9399995803833, "190": 9.9399995803833, "191": 9.9399995803833, "192": 9.949999809265137, "193": 9.949999809265137, "194": 9.9399995803833, "195": 9.949999809265137, "196": 9.9399995803833, "197": 9.9399995803833, "198": 9.9399995803833, "199": 9.9399995803833, "200": 9.949000358581543, "201": 9.960000038146973, "202": 9.960000038146973, "203": 9.949999809265137, "204": 9.970000267028809, "205": 9.9399995803833, "206": 9.9399995803833, "207": 9.9399995803833, "208": 9.960000038146973, "209": 9.960000038146973, "210": 9.960000038146973, "211": 9.960000038146973, "212": 9.970000267028809, "213": 9.970000267028809, "214": 9.970000267028809, "215": 9.970000267028809, "216": 9.970000267028809, "217": 9.979999542236328, "218": 9.979999542236328, "219": 9.979999542236328, "220": 9.979999542236328, "221": 9.970000267028809, "222": 9.979999542236328, "223": 9.979999542236328, "224": 9.979999542236328, "225": 9.989999771118164, "226": 9.989999771118164, "227": 9.979999542236328, "228": 9.989999771118164, "229": 9.989999771118164, "230": 10.0, "231": 10.0, "232": 10.0, "233": 10.0, "234": 10.0, "235": 10.0, "236": 10.0, "237": 10.020000457763672, "238": 10.020000457763672, "239": 10.015000343322754, "240": 10.015000343322754, "241": 10.015000343322754, "242": 10.015000343322754, "243": 10.015000343322754, "244": 10.029999732971191, "245": 10.029999732971191, "246": 10.029999732971191, "247": 10.029999732971191, "248": 10.029999732971191, "249": 10.029999732971191, "250": 10.029999732971191, "251": 10.029999732971191, "252": 10.020000457763672, "253": 10.020000457763672, "254": 10.020000457763672, "255": 10.0, "256": 10.0, "257": 10.029999732971191, "258": 10.029999732971191, "259": 10.020000457763672, "260": 10.017999649047852, "261": 10.020000457763672, "262": 10.020000457763672, "263": 10.020000457763672, "264": 10.020000457763672, "265": 10.020000457763672, "266": 10.0, "267": 10.020000457763672, "268": 10.020000457763672, "269": 10.020000457763672, "270": 10.020000457763672, "271": 10.020000457763672, "272": 10.024999618530273, "273": 10.03499984741211, "274": 10.03499984741211, "275": 10.03499984741211, "276": 10.03499984741211, "277": 10.03499984741211, "278": 10.03499984741211, "279": 10.020000457763672, "280": 10.020000457763672, "281": 10.039999961853027, "282": 10.039999961853027, "283": 10.045000076293945, "284": 10.050000190734863, "285": 10.050000190734863, "286": 10.039999961853027, "287": 10.039999961853027, "288": 10.050000190734863, "289": 10.039999961853027, "290": 10.039999961853027, "291": 10.039999961853027, "292": 10.050000190734863, "293": 10.050000190734863, "294": 10.055000305175781, "295": 10.09000015258789, "296": 10.09000015258789, "297": 10.100000381469727, "298": 10.109999656677246, "299": 10.135000228881836, "300": 10.109999656677246, "301": 10.210000038146973, "302": 10.210000038146973, "303": 10.210000038146973, "304": 10.210000038146973, "305": 10.210000038146973, "306": 10.199999809265137, "307": 10.149999618530273, "308": 10.149999618530273, "309": 10.140000343322754, "310": 10.100000381469727, "311": 10.100000381469727, "312": 10.170000076293945, "313": 10.194999694824219, "314": 10.1899995803833, "315": 10.229999542236328, "316": 10.229999542236328, "317": 10.229999542236328, "318": 10.229999542236328, "319": 10.220000267028809, "320": 10.220000267028809, "321": 10.25, "322": 10.25, "323": 10.25, "324": 10.25, "325": 10.350000381469727, "326": 10.220000267028809, "327": 10.28499984741211, "328": 10.28499984741211, "329": 10.229999542236328, "330": 10.220000267028809, "331": 10.220000267028809, "332": 10.220000267028809, "333": 10.220000267028809, "334": 10.220000267028809, "335": 10.350000381469727, "336": 10.270000457763672, "337": 10.270000457763672, "338": 10.3100004196167, "339": 10.3100004196167, "340": 10.3100004196167, "341": 10.3100004196167, "342": 10.3100004196167, "343": 10.399999618530273, "344": 10.399999618530273, "345": 10.399999618530273, "346": 10.399999618530273, "347": 10.388999938964844, "348": 10.388999938964844, "349": 10.329999923706055, "350": 10.369999885559082, "351": 10.369999885559082, "352": 10.399999618530273, "353": 10.399999618530273, "354": 10.399999618530273, "355": 10.479999542236328, "356": 10.479999542236328, "357": 10.479999542236328, "358": 10.479999542236328, "359": 10.479999542236328, "360": 10.479999542236328, "361": 10.380000114440918, "362": 10.479999542236328, "363": 10.479999542236328, "364": 10.479999542236328, "365": 10.479999542236328, "366": 10.479999542236328, "367": 10.479999542236328, "368": 10.479999542236328, "369": 10.479999542236328, "370": 10.479999542236328, "371": 10.479999542236328, "372": 10.479999542236328, "373": 10.479999542236328, "374": 10.479999542236328, "375": 10.479999542236328, "376": 10.479999542236328, "377": 10.479999542236328, "378": 10.479999542236328, "379": 10.479999542236328, "380": 10.479999542236328, "381": 10.479999542236328, "382": 10.479999542236328, "383": 10.479999542236328, "384": 10.479999542236328, "385": 10.479999542236328, "386": 10.479999542236328, "387": 10.479999542236328, "388": 10.479999542236328, "389": 10.479999542236328, "390": 10.479999542236328, "391": 10.479999542236328, "392": 10.479999542236328, "393": 10.479999542236328, "394": 10.479999542236328, "395": 10.479999542236328, "396": 10.5, "397": 10.550000190734863, "398": 10.550000190734863, "399": 10.550000190734863, "400": 10.550000190734863, "401": 10.550000190734863, "402": 10.550000190734863, "403": 10.550000190734863, "404": 10.550000190734863, "405": 10.550000190734863, "406": 10.550000190734863, "407": 10.550000190734863, "408": 10.550000190734863, "409": 10.550000190734863, "410": 10.550000190734863, "411": 10.550000190734863, "412": 10.5, "413": 10.550000190734863, "414": 10.550000190734863, "415": 10.550000190734863, "416": 10.550000190734863, "417": 10.550000190734863, "418": 10.550000190734863, "419": 10.550000190734863, "420": 10.550000190734863, "421": 10.550000190734863, "422": 10.550000190734863, "423": 10.550000190734863, "424": 10.550000190734863, "425": 10.550000190734863, "426": 10.5600004196167, "427": 10.6899995803833, "428": 10.6899995803833, "429": 10.6899995803833, "430": 10.6899995803833, "431": 10.6899995803833, "432": 10.6899995803833, "433": 10.6899995803833, "434": 10.6899995803833, "435": 10.6899995803833, "436": 10.6899995803833, "437": 10.6899995803833, "438": 10.6899995803833, "439": 10.6899995803833, "440": 10.6899995803833, "441": 10.6899995803833, "442": 10.6899995803833, "443": 10.6899995803833, "444": 10.6899995803833, "445": 10.6899995803833, "446": 10.6899995803833, "447": 10.6899995803833, "448": 10.6899995803833, "449": 10.6899995803833, "450": 10.6899995803833, "451": 10.6899995803833, "452": 10.6899995803833, "453": 10.6899995803833, "454": 10.6899995803833, "455": 10.6899995803833}, "close": {"0": 9.710000038146973, "1": 9.760000228881836, "2": 9.699999809265137, "3": 9.710000038146973, "4": 9.720000267028809, "5": 9.720000267028809, "6": 9.710000038146973, "7": 9.720000267028809, "8": 9.720000267028809, "9": 9.8100004196167, "10": 9.8100004196167, "11": 9.720000267028809, "12": 9.720000267028809, "13": 9.720000267028809, "14": 9.720000267028809, "15": 9.720000267028809, "16": 9.819999694824219, "17": 9.84000015258789, "18": 9.84000015258789, "19": 9.84000015258789, "20": 9.84000015258789, "21": 9.789999961853027, "22": 9.789999961853027, "23": 9.789999961853027, "24": 9.789999961853027, "25": 9.789999961853027, "26": 9.789999961853027, "27": 9.789999961853027, "28": 9.789999961853027, "29": 9.789999961853027, "30": 9.779999732971191, "31": 9.789999961853027, "32": 9.789999961853027, "33": 9.779999732971191, "34": 9.800000190734863, "35": 9.819999694824219, "36": 9.819999694824219, "37": 9.819999694824219, "38": 9.800000190734863, "39": 9.800000190734863, "40": 9.800000190734863, "41": 9.8149995803833, "42": 9.84000015258789, "43": 9.869999885559082, "44": 9.869999885559082, "45": 9.84000015258789, "46": 9.859999656677246, "47": 9.869999885559082, "48": 9.869999885559082, "49": 9.850000381469727, "50": 9.859999656677246, "51": 9.850000381469727, "52": 9.850000381469727, "53": 9.850000381469727, "54": 9.869999885559082, "55": 9.850000381469727, "56": 9.850000381469727, "57": 9.869999885559082, "58": 9.869999885559082, "59": 9.850000381469727, "60": 9.859999656677246, "61": 9.859999656677246, "62": 9.859999656677246, "63": 9.869999885559082, "64": 9.869999885559082, "65": 9.869999885559082, "66": 9.829999923706055, "67": 9.84000015258789, "68": 9.829999923706055, "69": 9.829999923706055, "70": 9.829999923706055, "71": 9.819999694824219, "72": 9.800000190734863, "73": 9.800000190734863, "74": 9.800000190734863, "75": 9.800000190734863, "76": 9.800000190734863, "77": 9.800000190734863, "78": 9.800000190734863, "79": 9.800000190734863, "80": 9.819999694824219, "81": 9.819999694824219, "82": 9.84000015258789, "83": 9.84000015258789, "84": 9.84000015258789, "85": 9.84000015258789, "86": 9.829999923706055, "87": 9.84000015258789, "88": 9.84000015258789, "89": 9.829999923706055, "90": 9.829999923706055, "91": 9.850000381469727, "92": 9.850000381469727, "93": 9.850000381469727, "94": 9.850000381469727, "95": 9.850000381469727, "96": 9.850000381469727, "97": 9.850000381469727, "98": 9.819999694824219, "99": 9.819999694824219, "100": 9.850000381469727, "101": 9.859999656677246, "102": 9.819999694824219, "103": 9.819999694824219, "104": 9.949999809265137, "105": 9.789999961853027, "106": 9.789999961853027, "107": 9.90999984741211, "108": 9.899999618530273, "109": 9.890000343322754, "110": 9.890000343322754, "111": 9.890000343322754, "112": 9.890000343322754, "113": 9.890000343322754, "114": 9.890000343322754, "115": 9.890000343322754, "116": 9.880000114440918, "117": 9.880000114440918, "118": 9.824000358581543, "119": 9.824000358581543, "120": 9.854999542236328, "121": 9.854999542236328, "122": 9.854999542236328, "123": 9.854999542236328, "124": 9.890000343322754, "125": 9.880000114440918, "126": 9.880000114440918, "127": 9.880000114440918, "128": 9.880000114440918, "129": 9.880000114440918, "130": 9.880000114440918, "131": 9.885000228881836, "132": 9.885000228881836, "133": 9.880000114440918, "134": 9.890000343322754, "135": 9.880000114440918, "136": 9.880000114440918, "137": 9.880000114440918, "138": 9.880000114440918, "139": 9.930000305175781, "140": 9.880000114440918, "141": 9.880000114440918, "142": 9.890000343322754, "143": 9.899999618530273, "144": 9.899999618530273, "145": 9.899999618530273, "146": 9.899999618530273, "147": 9.899999618530273, "148": 9.899999618530273, "149": 9.970000267028809, "150": 9.920000076293945, "151": 9.930000305175781, "152": 9.930000305175781, "153": 9.930000305175781, "154": 9.930000305175781, "155": 9.930000305175781, "156": 9.920000076293945, "157": 9.914999961853027, "158": 9.920000076293945, "159": 9.920000076293945, "160": 9.930000305175781, "161": 9.930000305175781, "162": 9.930000305175781, "163": 9.930000305175781, "164": 9.930000305175781, "165": 9.949999809265137, "166": 9.930000305175781, "167": 9.949999809265137, "168": 9.949999809265137, "169": 9.949999809265137, "170": 9.90999984741211, "171": 9.930000305175781, "172": 9.90999984741211, "173": 9.90999984741211, "174": 9.930000305175781, "175": 9.930000305175781, "176": 9.930000305175781, "177": 9.949999809265137, "178": 9.920000076293945, "179": 9.920000076293945, "180": 9.949999809265137, "181": 9.949999809265137, "182": 9.949999809265137, "183": 9.949999809265137, "184": 9.946000099182129, "185": 9.946000099182129, "186": 9.949999809265137, "187": 9.930000305175781, "188": 9.930000305175781, "189": 9.9399995803833, "190": 9.9399995803833, "191": 9.960000038146973, "192": 9.949999809265137, "193": 9.949999809265137, "194": 9.949999809265137, "195": 9.954999923706055, "196": 9.9399995803833, "197": 9.9399995803833, "198": 9.9399995803833, "199": 9.9399995803833, "200": 9.960000038146973, "201": 9.960000038146973, "202": 9.960000038146973, "203": 9.979999542236328, "204": 9.970000267028809, "205": 9.949999809265137, "206": 9.9399995803833, "207": 9.9399995803833, "208": 9.960000038146973, "209": 9.960000038146973, "210": 9.960000038146973, "211": 9.960000038146973, "212": 9.970000267028809, "213": 9.970000267028809, "214": 9.970000267028809, "215": 9.970000267028809, "216": 9.979999542236328, "217": 9.979999542236328, "218": 9.979999542236328, "219": 9.979999542236328, "220": 9.979999542236328, "221": 9.970000267028809, "222": 10.0, "223": 9.979999542236328, "224": 9.979999542236328, "225": 9.989999771118164, "226": 9.989999771118164, "227": 9.979999542236328, "228": 9.989999771118164, "229": 9.989999771118164, "230": 10.0, "231": 10.0, "232": 10.0, "233": 10.0, "234": 10.0, "235": 10.0, "236": 10.0, "237": 10.020000457763672, "238": 10.020000457763672, "239": 10.015000343322754, "240": 10.015000343322754, "241": 10.015000343322754, "242": 10.015000343322754, "243": 10.015000343322754, "244": 10.029999732971191, "245": 10.029999732971191, "246": 10.029999732971191, "247": 10.029999732971191, "248": 10.029999732971191, "249": 10.029999732971191, "250": 10.029999732971191, "251": 10.029999732971191, "252": 10.020000457763672, "253": 10.020000457763672, "254": 10.020000457763672, "255": 10.010000228881836, "256": 10.010000228881836, "257": 10.029999732971191, "258": 10.029999732971191, "259": 10.020000457763672, "260": 10.020000457763672, "261": 10.020000457763672, "262": 10.020000457763672, "263": 10.020000457763672, "264": 10.020000457763672, "265": 10.020000457763672, "266": 10.020000457763672, "267": 10.020000457763672, "268": 10.020000457763672, "269": 10.020000457763672, "270": 10.020000457763672, "271": 10.020000457763672, "272": 10.03499984741211, "273": 10.03499984741211, "274": 10.03499984741211, "275": 10.03499984741211, "276": 10.03499984741211, "277": 10.03499984741211, "278": 10.03499984741211, "279": 10.020000457763672, "280": 10.020000457763672, "281": 10.039999961853027, "282": 10.039999961853027, "283": 10.050000190734863, "284": 10.050000190734863, "285": 10.050000190734863, "286": 10.041999816894531, "287": 10.050000190734863, "288": 10.050000190734863, "289": 10.039999961853027, "290": 10.039999961853027, "291": 10.050000190734863, "292": 10.050000190734863, "293": 10.055000305175781, "294": 10.069999694824219, "295": 10.09000015258789, "296": 10.09000015258789, "297": 10.119999885559082, "298": 10.119999885559082, "299": 10.135000228881836, "300": 10.109999656677246, "301": 10.210000038146973, "302": 10.210000038146973, "303": 10.210000038146973, "304": 10.210000038146973, "305": 10.210000038146973, "306": 10.199999809265137, "307": 10.149999618530273, "308": 10.149999618530273, "309": 10.149999618530273, "310": 10.119999885559082, "311": 10.149999618530273, "312": 10.1899995803833, "313": 10.194999694824219, "314": 10.1899995803833, "315": 10.229999542236328, "316": 10.229999542236328, "317": 10.229999542236328, "318": 10.229999542236328, "319": 10.220000267028809, "320": 10.25, "321": 10.25, "322": 10.25, "323": 10.25, "324": 10.25, "325": 10.350000381469727, "326": 10.34000015258789, "327": 10.28499984741211, "328": 10.28499984741211, "329": 10.229999542236328, "330": 10.220000267028809, "331": 10.220000267028809, "332": 10.220000267028809, "333": 10.220000267028809, "334": 10.220000267028809, "335": 10.350000381469727, "336": 10.270000457763672, "337": 10.270000457763672, "338": 10.3100004196167, "339": 10.3100004196167, "340": 10.3100004196167, "341": 10.3100004196167, "342": 10.3100004196167, "343": 10.399999618530273, "344": 10.399999618530273, "345": 10.399999618530273, "346": 10.399999618530273, "347": 10.388999938964844, "348": 10.388999938964844, "349": 10.369999885559082, "350": 10.369999885559082, "351": 10.369999885559082, "352": 10.399999618530273, "353": 10.399999618530273, "354": 10.399999618530273, "355": 10.479999542236328, "356": 10.479999542236328, "357": 10.479999542236328, "358": 10.479999542236328, "359": 10.479999542236328, "360": 10.479999542236328, "361": 10.479999542236328, "362": 10.479999542236328, "363": 10.479999542236328, "364": 10.479999542236328, "365": 10.479999542236328, "366": 10.479999542236328, "367": 10.479999542236328, "368": 10.479999542236328, "369": 10.479999542236328, "370": 10.479999542236328, "371": 10.479999542236328, "372": 10.479999542236328, "373": 10.479999542236328, "374": 10.479999542236328, "375": 10.479999542236328, "376": 10.479999542236328, "377": 10.479999542236328, "378": 10.479999542236328, "379": 10.479999542236328, "380": 10.479999542236328, "381": 10.479999542236328, "382": 10.479999542236328, "383": 10.479999542236328, "384": 10.479999542236328, "385": 10.479999542236328, "386": 10.479999542236328, "387": 10.479999542236328, "388": 10.479999542236328, "389": 10.479999542236328, "390": 10.479999542236328, "391": 10.479999542236328, "392": 10.479999542236328, "393": 10.479999542236328, "394": 10.479999542236328, "395": 10.479999542236328, "396": 10.5, "397": 10.550000190734863, "398": 10.550000190734863, "399": 10.550000190734863, "400": 10.550000190734863, "401": 10.550000190734863, "402": 10.550000190734863, "403": 10.550000190734863, "404": 10.550000190734863, "405": 10.550000190734863, "406": 10.550000190734863, "407": 10.550000190734863, "408": 10.550000190734863, "409": 10.550000190734863, "410": 10.550000190734863, "411": 10.550000190734863, "412": 10.550000190734863, "413": 10.550000190734863, "414": 10.550000190734863, "415": 10.550000190734863, "416": 10.550000190734863, "417": 10.550000190734863, "418": 10.550000190734863, "419": 10.550000190734863, "420": 10.550000190734863, "421": 10.550000190734863, "422": 10.550000190734863, "423": 10.550000190734863, "424": 10.550000190734863, "425": 10.550000190734863, "426": 10.6899995803833, "427": 10.6899995803833, "428": 10.6899995803833, "429": 10.6899995803833, "430": 10.6899995803833, "431": 10.6899995803833, "432": 10.6899995803833, "433": 10.6899995803833, "434": 10.6899995803833, "435": 10.6899995803833, "436": 10.6899995803833, "437": 10.6899995803833, "438": 10.6899995803833, "439": 10.6899995803833, "440": 10.6899995803833, "441": 10.6899995803833, "442": 10.6899995803833, "443": 10.6899995803833, "444": 10.6899995803833, "445": 10.6899995803833, "446": 10.6899995803833, "447": 10.6899995803833, "448": 10.6899995803833, "449": 10.6899995803833, "450": 10.6899995803833, "451": 10.6899995803833, "452": 10.6899995803833, "453": 10.6899995803833, "454": 10.6899995803833, "455": 10.6899995803833}, "volume": {"0": 150100, "1": 7500, "2": 150300, "3": 182000, "4": 27400, "5": 14300, "6": 34200, "7": 11200, "8": 0, "9": 100, "10": 0, "11": 100, "12": 0, "13": 0, "14": 0, "15": 0, "16": 7300, "17": 39000, "18": 0, "19": 0, "20": 0, "21": 5100, "22": 0, "23": 0, "24": 0, "25": 0, "26": 0, "27": 5000, "28": 700, "29": 0, "30": 900, "31": 212500, "32": 0, "33": 350000, "34": 59600, "35": 51200, "36": 0, "37": 0, "38": 6500, "39": 0, "40": 0, "41": 516700, "42": 7100, "43": 12300, "44": 1000, "45": 7400, "46": 1000, "47": 1600, "48": 400, "49": 1000, "50": 20200, "51": 1000, "52": 1200, "53": 1800, "54": 1300, "55": 1100, "56": 1000, "57": 1000, "58": 0, "59": 1000, "60": 700, "61": 0, "62": 0, "63": 400, "64": 0, "65": 0, "66": 700, "67": 200, "68": 500, "69": 100, "70": 0, "71": 35000, "72": 200, "73": 0, "74": 0, "75": 0, "76": 0, "77": 0, "78": 0, "79": 0, "80": 102100, "81": 0, "82": 38500, "83": 0, "84": 0, "85": 0, "86": 11000, "87": 2700, "88": 0, "89": 1300, "90": 600, "91": 500, "92": 0, "93": 0, "94": 0, "95": 0, "96": 0, "97": 100, "98": 600, "99": 3200, "100": 1383800, "101": 12900, "102": 1800, "103": 0, "104": 4300, "105": 1100, "106": 0, "107": 500, "108": 1500, "109": 2200, "110": 0, "111": 0, "112": 0, "113": 500, "114": 0, "115": 0, "116": 700, "117": 0, "118": 200, "119": 0, "120": 2100, "121": 0, "122": 0, "123": 0, "124": 11200, "125": 500, "126": 0, "127": 1100, "128": 6100, "129": 0, "130": 0, "131": 13700, "132": 200, "133": 200, "134": 6100, "135": 200, "136": 0, "137": 0, "138": 2300, "139": 600, "140": 500, "141": 0, "142": 2400, "143": 800, "144": 900, "145": 0, "146": 0, "147": 25000, "148": 0, "149": 600, "150": 7900, "151": 600, "152": 0, "153": 0, "154": 0, "155": 166800, "156": 900, "157": 7000, "158": 19100, "159": 800, "160": 3700, "161": 500, "162": 900, "163": 500, "164": 0, "165": 800, "166": 1200, "167": 500, "168": 100, "169": 0, "170": 500, "171": 300, "172": 5100, "173": 1400, "174": 87600, "175": 0, "176": 0, "177": 100, "178": 200, "179": 0, "180": 200, "181": 300, "182": 0, "183": 4500, "184": 600, "185": 0, "186": 100, "187": 1300, "188": 0, "189": 200, "190": 0, "191": 134700, "192": 44500, "193": 95300, "194": 77600, "195": 6100, "196": 267700, "197": 110400, "198": 0, "199": 0, "200": 14600, "201": 0, "202": 10100, "203": 14600, "204": 200, "205": 234100, "206": 30100, "207": 0, "208": 100, "209": 0, "210": 0, "211": 20100, "212": 5700, "213": 0, "214": 300, "215": 0, "216": 1900, "217": 80200, "218": 8800, "219": 0, "220": 0, "221": 20800, "222": 249300, "223": 38800, "224": 2400, "225": 23100, "226": 4400, "227": 800, "228": 6000, "229": 26600, "230": 6200, "231": 0, "232": 0, "233": 0, "234": 0, "235": 0, "236": 100, "237": 400, "238": 25000, "239": 100, "240": 0, "241": 0, "242": 0, "243": 0, "244": 100, "245": 0, "246": 0, "247": 0, "248": 0, "249": 0, "250": 0, "251": 0, "252": 50000, "253": 0, "254": 1000, "255": 266600, "256": 1100, "257": 200, "258": 0, "259": 10100, "260": 900, "261": 0, "262": 0, "263": 0, "264": 0, "265": 0, "266": 125800, "267": 0, "268": 0, "269": 0, "270": 36200, "271": 0, "272": 171900, "273": 0, "274": 0, "275": 0, "276": 2300, "277": 0, "278": 100, "279": 300, "280": 100, "281": 3600, "282": 0, "283": 400, "284": 0, "285": 0, "286": 7500, "287": 700, "288": 0, "289": 1700, "290": 0, "291": 2500, "292": 5000, "293": 21200, "294": 3100, "295": 1300, "296": 1000, "297": 2700, "298": 200, "299": 800, "300": 200, "301": 1000, "302": 100, "303": 0, "304": 0, "305": 0, "306": 4200, "307": 137300, "308": 0, "309": 1900, "310": 3100, "311": 4200, "312": 2400, "313": 1500, "314": 2200, "315": 1300, "316": 0, "317": 0, "318": 0, "319": 375000, "320": 350100, "321": 0, "322": 0, "323": 0, "324": 0, "325": 200, "326": 2000, "327": 600, "328": 100, "329": 600, "330": 200, "331": 0, "332": 0, "333": 100, "334": 0, "335": 200, "336": 1400, "337": 0, "338": 1100, "339": 100, "340": 200, "341": 0, "342": 0, "343": 4700, "344": 0, "345": 0, "346": 0, "347": 200, "348": 0, "349": 1300, "350": 0, "351": 0, "352": 4100, "353": 0, "354": 0, "355": 100, "356": 100, "357": 0, "358": 0, "359": 0, "360": 0, "361": 500, "362": 100, "363": 0, "364": 0, "365": 0, "366": 100, "367": 0, "368": 0, "369": 0, "370": 0, "371": 0, "372": 0, "373": 0, "374": 0, "375": 0, "376": 0, "377": 0, "378": 0, "379": 0, "380": 0, "381": 0, "382": 0, "383": 0, "384": 0, "385": 0, "386": 0, "387": 0, "388": 0, "389": 0, "390": 0, "391": 0, "392": 0, "393": 0, "394": 0, "395": 0, "396": 5800, "397": 1100, "398": 0, "399": 0, "400": 0, "401": 0, "402": 0, "403": 0, "404": 0, "405": 0, "406": 0, "407": 0, "408": 0, "409": 0, "410": 0, "411": 0, "412": 15300, "413": 0, "414": 0, "415": 0, "416": 0, "417": 0, "418": 0, "419": 0, "420": 0, "421": 0, "422": 0, "423": 0, "424": 0, "425": 0, "426": 600, "427": 0, "428": 0, "429": 100, "430": 0, "431": 0, "432": 0, "433": 0, "434": 0, "435": 0, "436": 0, "437": 0, "438": 0, "439": 0, "440": 0, "441": 0, "442": 0, "443": 0, "444": 0, "445": 0, "446": 0, "447": 0, "448": 0, "449": 0, "450": 600, "451": 100, "452": 0, "453": 0, "454": 0, "455": 0}, "adjclose": {"0": 9.710000038146973, "1": 9.760000228881836, "2": 9.699999809265137, "3": 9.710000038146973, "4": 9.720000267028809, "5": 9.720000267028809, "6": 9.710000038146973, "7": 9.720000267028809, "8": 9.720000267028809, "9": 9.8100004196167, "10": 9.8100004196167, "11": 9.720000267028809, "12": 9.720000267028809, "13": 9.720000267028809, "14": 9.720000267028809, "15": 9.720000267028809, "16": 9.819999694824219, "17": 9.84000015258789, "18": 9.84000015258789, "19": 9.84000015258789, "20": 9.84000015258789, "21": 9.789999961853027, "22": 9.789999961853027, "23": 9.789999961853027, "24": 9.789999961853027, "25": 9.789999961853027, "26": 9.789999961853027, "27": 9.789999961853027, "28": 9.789999961853027, "29": 9.789999961853027, "30": 9.779999732971191, "31": 9.789999961853027, "32": 9.789999961853027, "33": 9.779999732971191, "34": 9.800000190734863, "35": 9.819999694824219, "36": 9.819999694824219, "37": 9.819999694824219, "38": 9.800000190734863, "39": 9.800000190734863, "40": 9.800000190734863, "41": 9.8149995803833, "42": 9.84000015258789, "43": 9.869999885559082, "44": 9.869999885559082, "45": 9.84000015258789, "46": 9.859999656677246, "47": 9.869999885559082, "48": 9.869999885559082, "49": 9.850000381469727, "50": 9.859999656677246, "51": 9.850000381469727, "52": 9.850000381469727, "53": 9.850000381469727, "54": 9.869999885559082, "55": 9.850000381469727, "56": 9.850000381469727, "57": 9.869999885559082, "58": 9.869999885559082, "59": 9.850000381469727, "60": 9.859999656677246, "61": 9.859999656677246, "62": 9.859999656677246, "63": 9.869999885559082, "64": 9.869999885559082, "65": 9.869999885559082, "66": 9.829999923706055, "67": 9.84000015258789, "68": 9.829999923706055, "69": 9.829999923706055, "70": 9.829999923706055, "71": 9.819999694824219, "72": 9.800000190734863, "73": 9.800000190734863, "74": 9.800000190734863, "75": 9.800000190734863, "76": 9.800000190734863, "77": 9.800000190734863, "78": 9.800000190734863, "79": 9.800000190734863, "80": 9.819999694824219, "81": 9.819999694824219, "82": 9.84000015258789, "83": 9.84000015258789, "84": 9.84000015258789, "85": 9.84000015258789, "86": 9.829999923706055, "87": 9.84000015258789, "88": 9.84000015258789, "89": 9.829999923706055, "90": 9.829999923706055, "91": 9.850000381469727, "92": 9.850000381469727, "93": 9.850000381469727, "94": 9.850000381469727, "95": 9.850000381469727, "96": 9.850000381469727, "97": 9.850000381469727, "98": 9.819999694824219, "99": 9.819999694824219, "100": 9.850000381469727, "101": 9.859999656677246, "102": 9.819999694824219, "103": 9.819999694824219, "104": 9.949999809265137, "105": 9.789999961853027, "106": 9.789999961853027, "107": 9.90999984741211, "108": 9.899999618530273, "109": 9.890000343322754, "110": 9.890000343322754, "111": 9.890000343322754, "112": 9.890000343322754, "113": 9.890000343322754, "114": 9.890000343322754, "115": 9.890000343322754, "116": 9.880000114440918, "117": 9.880000114440918, "118": 9.824000358581543, "119": 9.824000358581543, "120": 9.854999542236328, "121": 9.854999542236328, "122": 9.854999542236328, "123": 9.854999542236328, "124": 9.890000343322754, "125": 9.880000114440918, "126": 9.880000114440918, "127": 9.880000114440918, "128": 9.880000114440918, "129": 9.880000114440918, "130": 9.880000114440918, "131": 9.885000228881836, "132": 9.885000228881836, "133": 9.880000114440918, "134": 9.890000343322754, "135": 9.880000114440918, "136": 9.880000114440918, "137": 9.880000114440918, "138": 9.880000114440918, "139": 9.930000305175781, "140": 9.880000114440918, "141": 9.880000114440918, "142": 9.890000343322754, "143": 9.899999618530273, "144": 9.899999618530273, "145": 9.899999618530273, "146": 9.899999618530273, "147": 9.899999618530273, "148": 9.899999618530273, "149": 9.970000267028809, "150": 9.920000076293945, "151": 9.930000305175781, "152": 9.930000305175781, "153": 9.930000305175781, "154": 9.930000305175781, "155": 9.930000305175781, "156": 9.920000076293945, "157": 9.914999961853027, "158": 9.920000076293945, "159": 9.920000076293945, "160": 9.930000305175781, "161": 9.930000305175781, "162": 9.930000305175781, "163": 9.930000305175781, "164": 9.930000305175781, "165": 9.949999809265137, "166": 9.930000305175781, "167": 9.949999809265137, "168": 9.949999809265137, "169": 9.949999809265137, "170": 9.90999984741211, "171": 9.930000305175781, "172": 9.90999984741211, "173": 9.90999984741211, "174": 9.930000305175781, "175": 9.930000305175781, "176": 9.930000305175781, "177": 9.949999809265137, "178": 9.920000076293945, "179": 9.920000076293945, "180": 9.949999809265137, "181": 9.949999809265137, "182": 9.949999809265137, "183": 9.949999809265137, "184": 9.946000099182129, "185": 9.946000099182129, "186": 9.949999809265137, "187": 9.930000305175781, "188": 9.930000305175781, "189": 9.9399995803833, "190": 9.9399995803833, "191": 9.960000038146973, "192": 9.949999809265137, "193": 9.949999809265137, "194": 9.949999809265137, "195": 9.954999923706055, "196": 9.9399995803833, "197": 9.9399995803833, "198": 9.9399995803833, "199": 9.9399995803833, "200": 9.960000038146973, "201": 9.960000038146973, "202": 9.960000038146973, "203": 9.979999542236328, "204": 9.970000267028809, "205": 9.949999809265137, "206": 9.9399995803833, "207": 9.9399995803833, "208": 9.960000038146973, "209": 9.960000038146973, "210": 9.960000038146973, "211": 9.960000038146973, "212": 9.970000267028809, "213": 9.970000267028809, "214": 9.970000267028809, "215": 9.970000267028809, "216": 9.979999542236328, "217": 9.979999542236328, "218": 9.979999542236328, "219": 9.979999542236328, "220": 9.979999542236328, "221": 9.970000267028809, "222": 10.0, "223": 9.979999542236328, "224": 9.979999542236328, "225": 9.989999771118164, "226": 9.989999771118164, "227": 9.979999542236328, "228": 9.989999771118164, "229": 9.989999771118164, "230": 10.0, "231": 10.0, "232": 10.0, "233": 10.0, "234": 10.0, "235": 10.0, "236": 10.0, "237": 10.020000457763672, "238": 10.020000457763672, "239": 10.015000343322754, "240": 10.015000343322754, "241": 10.015000343322754, "242": 10.015000343322754, "243": 10.015000343322754, "244": 10.029999732971191, "245": 10.029999732971191, "246": 10.029999732971191, "247": 10.029999732971191, "248": 10.029999732971191, "249": 10.029999732971191, "250": 10.029999732971191, "251": 10.029999732971191, "252": 10.020000457763672, "253": 10.020000457763672, "254": 10.020000457763672, "255": 10.010000228881836, "256": 10.010000228881836, "257": 10.029999732971191, "258": 10.029999732971191, "259": 10.020000457763672, "260": 10.020000457763672, "261": 10.020000457763672, "262": 10.020000457763672, "263": 10.020000457763672, "264": 10.020000457763672, "265": 10.020000457763672, "266": 10.020000457763672, "267": 10.020000457763672, "268": 10.020000457763672, "269": 10.020000457763672, "270": 10.020000457763672, "271": 10.020000457763672, "272": 10.03499984741211, "273": 10.03499984741211, "274": 10.03499984741211, "275": 10.03499984741211, "276": 10.03499984741211, "277": 10.03499984741211, "278": 10.03499984741211, "279": 10.020000457763672, "280": 10.020000457763672, "281": 10.039999961853027, "282": 10.039999961853027, "283": 10.050000190734863, "284": 10.050000190734863, "285": 10.050000190734863, "286": 10.041999816894531, "287": 10.050000190734863, "288": 10.050000190734863, "289": 10.039999961853027, "290": 10.039999961853027, "291": 10.050000190734863, "292": 10.050000190734863, "293": 10.055000305175781, "294": 10.069999694824219, "295": 10.09000015258789, "296": 10.09000015258789, "297": 10.119999885559082, "298": 10.119999885559082, "299": 10.135000228881836, "300": 10.109999656677246, "301": 10.210000038146973, "302": 10.210000038146973, "303": 10.210000038146973, "304": 10.210000038146973, "305": 10.210000038146973, "306": 10.199999809265137, "307": 10.149999618530273, "308": 10.149999618530273, "309": 10.149999618530273, "310": 10.119999885559082, "311": 10.149999618530273, "312": 10.1899995803833, "313": 10.194999694824219, "314": 10.1899995803833, "315": 10.229999542236328, "316": 10.229999542236328, "317": 10.229999542236328, "318": 10.229999542236328, "319": 10.220000267028809, "320": 10.25, "321": 10.25, "322": 10.25, "323": 10.25, "324": 10.25, "325": 10.350000381469727, "326": 10.34000015258789, "327": 10.28499984741211, "328": 10.28499984741211, "329": 10.229999542236328, "330": 10.220000267028809, "331": 10.220000267028809, "332": 10.220000267028809, "333": 10.220000267028809, "334": 10.220000267028809, "335": 10.350000381469727, "336": 10.270000457763672, "337": 10.270000457763672, "338": 10.3100004196167, "339": 10.3100004196167, "340": 10.3100004196167, "341": 10.3100004196167, "342": 10.3100004196167, "343": 10.399999618530273, "344": 10.399999618530273, "345": 10.399999618530273, "346": 10.399999618530273, "347": 10.388999938964844, "348": 10.388999938964844, "349": 10.369999885559082, "350": 10.369999885559082, "351": 10.369999885559082, "352": 10.399999618530273, "353": 10.399999618530273, "354": 10.399999618530273, "355": 10.479999542236328, "356": 10.479999542236328, "357": 10.479999542236328, "358": 10.479999542236328, "359": 10.479999542236328, "360": 10.479999542236328, "361": 10.479999542236328, "362": 10.479999542236328, "363": 10.479999542236328, "364": 10.479999542236328, "365": 10.479999542236328, "366": 10.479999542236328, "367": 10.479999542236328, "368": 10.479999542236328, "369": 10.479999542236328, "370": 10.479999542236328, "371": 10.479999542236328, "372": 10.479999542236328, "373": 10.479999542236328, "374": 10.479999542236328, "375": 10.479999542236328, "376": 10.479999542236328, "377": 10.479999542236328, "378": 10.479999542236328, "379": 10.479999542236328, "380": 10.479999542236328, "381": 10.479999542236328, "382": 10.479999542236328, "383": 10.479999542236328, "384": 10.479999542236328, "385": 10.479999542236328, "386": 10.479999542236328, "387": 10.479999542236328, "388": 10.479999542236328, "389": 10.479999542236328, "390": 10.479999542236328, "391": 10.479999542236328, "392": 10.479999542236328, "393": 10.479999542236328, "394": 10.479999542236328, "395": 10.479999542236328, "396": 10.5, "397": 10.550000190734863, "398": 10.550000190734863, "399": 10.550000190734863, "400": 10.550000190734863, "401": 10.550000190734863, "402": 10.550000190734863, "403": 10.550000190734863, "404": 10.550000190734863, "405": 10.550000190734863, "406": 10.550000190734863, "407": 10.550000190734863, "408": 10.550000190734863, "409": 10.550000190734863, "410": 10.550000190734863, "411": 10.550000190734863, "412": 10.550000190734863, "413": 10.550000190734863, "414": 10.550000190734863, "415": 10.550000190734863, "416": 10.550000190734863, "417": 10.550000190734863, "418": 10.550000190734863, "419": 10.550000190734863, "420": 10.550000190734863, "421": 10.550000190734863, "422": 10.550000190734863, "423": 10.550000190734863, "424": 10.550000190734863, "425": 10.550000190734863, "426": 10.6899995803833, "427": 10.6899995803833, "428": 10.6899995803833, "429": 10.6899995803833, "430": 10.6899995803833, "431": 10.6899995803833, "432": 10.6899995803833, "433": 10.6899995803833, "434": 10.6899995803833, "435": 10.6899995803833, "436": 10.6899995803833, "437": 10.6899995803833, "438": 10.6899995803833, "439": 10.6899995803833, "440": 10.6899995803833, "441": 10.6899995803833, "442": 10.6899995803833, "443": 10.6899995803833, "444": 10.6899995803833, "445": 10.6899995803833, "446": 10.6899995803833, "447": 10.6899995803833, "448": 10.6899995803833, "449": 10.6899995803833, "450": 10.6899995803833, "451": 10.6899995803833, "452": 10.6899995803833, "453": 10.6899995803833, "454": 10.6899995803833, "455": 10.6899995803833}}, "profile": {"address1": "9663 Santa Monica Boulevard, No. 1091", "city": "Beverly Hills", "state": "CA", "zip": "90210", "country": "United States", "phone": "(424) 732-1021", "industry": "Shell Companies", "industryDisp": "Shell Companies", "sector": "Financial Services", "longBusinessSummary": "Abri SPAC I, Inc. does not have significant operations. It intends to effect a merger, share exchange, asset acquisition, share purchase, recapitalization, reorganization, or other similar business combination involving one or more businesses or assets. The company was incorporated in 2021 and is based in Beverly Hills, California. Abri SPAC I, Inc. operates as a subsidiary of ABRI Ventures I, LLC.", "companyOfficers": [{"maxAge": 1, "name": "Mr. Jeffrey  Tirman", "age": 57, "title": "Chairman, Pres & CEO", "yearBorn": 1965, "exercisedValue": 0, "unexercisedValue": 0}, {"maxAge": 1, "name": "Mr. Christopher  Hardt", "age": 56, "title": "CFO, Sec. & Director", "yearBorn": 1966, "exercisedValue": 0, "unexercisedValue": 0}, {"maxAge": 1, "name": "Mr. Nima  Montazeri", "age": 44, "title": "Exec. VP, COO & Director", "yearBorn": 1978, "exercisedValue": 0, "unexercisedValue": 0}, {"maxAge": 1, "name": "Mr. Peter R.S. Bakker", "age": 67, "title": "VP of Bus. Analytics", "yearBorn": 1955, "exercisedValue": 0, "unexercisedValue": 0}], "maxAge": 86400, "latitude": 34.069128992999495, "longitude": -118.40678698309083}}