{"income_statement": {"annual": {"Year": {"1": "Selling, General & Admin", "2": "Operating Expenses", "3": "Operating Income", "4": "Other Expense / Income", "5": "Pretax Income", "6": "Net Income", "7": "Shares Outstanding (Basic)", "8": "Shares Outstanding (Diluted)", "9": "Shares Change", "10": "EPS (Basic)", "11": "EPS (Diluted)", "12": "Free Cash Flow Per Share", "13": "EBITDA", "14": "EBIT"}, "2022": {"1": "1.71", "2": "1.71", "3": "-1.71", "4": "-8.31", "5": "6.6", "6": "6.6", "7": "23", "8": "23", "9": "367.14%", "10": "-0.28", "11": "-0.28", "12": "-0.05", "13": "6.6", "14": "6.6"}, "2021": {"1": "0.01", "2": "0.01", "3": "-0.01", "4": "-", "5": "-0.01", "6": "-0.01", "7": "5", "8": "5", "9": "-", "10": "-", "11": "-", "12": "-", "13": "-0.01", "14": "-0.01"}}, "quarterly": {"Metrics": {"1": "Selling, General & Admin", "2": "Operating Expenses", "3": "Operating Income", "4": "Other Expense / Income", "5": "Pretax Income", "6": "Net Income", "7": "Shares Outstanding (Basic)", "8": "Shares Outstanding (Diluted)", "9": "Shares Change", "10": "EPS (Basic)", "11": "EPS (Diluted)", "12": "Free Cash Flow Per Share", "13": "EBITDA", "14": "EBIT"}, "2022-12-31": {"1": "0.49", "2": "0.49", "3": "-0.49", "4": "-1.65", "5": "1.15", "6": "1.15", "7": "26", "8": "26", "9": "411.54%", "10": "-0.52", "11": "-0.52", "12": "-0.00", "13": "1.15", "14": "1.15"}, "2022-09-30": {"1": "0.22", "2": "0.22", "3": "-0.22", "4": "-1.37", "5": "1.15", "6": "1.15", "7": "26", "8": "26", "9": "-", "10": "0.05", "11": "0.05", "12": "-0.01", "13": "1.15", "14": "1.15"}, "2022-06-30": {"1": "0.19", "2": "0.19", "3": "-0.19", "4": "-1.39", "5": "1.2", "6": "1.2", "7": "26", "8": "26", "9": "-", "10": "0.05", "11": "0.05", "12": "-0.01", "13": "1.2", "14": "1.2"}, "2022-03-31": {"1": "0.8", "2": "0.8", "3": "-0.8", "4": "-3.9", "5": "3.1", "6": "3.1", "7": "17", "8": "17", "9": "-", "10": "0.19", "11": "0.19", "12": "-0.04", "13": "3.1", "14": "3.1"}, "2021-12-31": {"1": "-", "2": "-", "3": "-", "4": "-", "5": "-", "6": "-", "7": "5", "8": "-", "9": "-", "10": "-", "11": "-", "12": "-", "13": "-", "14": "-"}}}, "balance_sheet": {"annual": {"Year": {"1": "Cash & Equivalents", "2": "Cash & Cash Equivalents", "3": "Cash Growth", "4": "Other Current Assets", "5": "Total Current Assets", "6": "Long-Term Investments", "7": "Other Long-Term Assets", "8": "Total Long-Term Assets", "9": "Total Assets", "10": "Accounts Payable", "11": "Current Debt", "12": "Other Current Liabilities", "13": "Total Current Liabilities", "14": "Other Long-Term Liabilities", "15": "Total Long-Term Liabilities", "16": "Total Liabilities", "17": "Total Debt", "18": "Common Stock", "19": "Retained Earnings", "20": "Shareholders' Equity", "21": "Total Liabilities and Equity", "22": "Net Cash / Debt", "23": "Net Cash Per Share", "24": "Working Capital", "25": "Book Value Per Share"}, "2022": {"1": "0.19", "2": "0.19", "3": "192.33%", "4": "0.28", "5": "0.48", "6": "206.88", "7": "0", "8": "206.88", "9": "207.36", "10": "0.39", "11": "0", "12": "0.05", "13": "0.44", "14": "7.66", "15": "7.66", "16": "8.1", "17": "0", "18": "0", "19": "-7.62", "20": "-7.62", "21": "0.48", "22": "0.19", "23": "0.01", "24": "0.04", "25": "-0.33"}, "2021": {"1": "0.07", "2": "0.07", "3": "-", "4": "0", "5": "0.07", "6": "0", "7": "0.31", "8": "0.31", "9": "0.37", "10": "0.01", "11": "0.24", "12": "0.1", "13": "0.36", "14": "0", "15": "0", "16": "0.36", "17": "0.24", "18": "0.03", "19": "-0.01", "20": "0.02", "21": "0.37", "22": "-0.18", "23": "-0.04", "24": "-0.29", "25": "0.00"}}, "quarterly": {"Metrics": {"1": "Cash & Equivalents", "2": "Cash & Cash Equivalents", "3": "Cash Growth", "4": "Other Current Assets", "5": "Total Current Assets", "6": "Long-Term Investments", "7": "Other Long-Term Assets", "8": "Total Long-Term Assets", "9": "Total Assets", "10": "Accounts Payable", "11": "Current Debt", "12": "Other Current Liabilities", "13": "Total Current Liabilities", "14": "Other Long-Term Liabilities", "15": "Total Long-Term Liabilities", "16": "Total Liabilities", "17": "Total Debt", "18": "Common Stock", "19": "Retained Earnings", "20": "Shareholders' Equity", "21": "Total Liabilities and Equity", "22": "Net Cash / Debt", "23": "Net Cash Per Share", "24": "Working Capital", "25": "Book Value Per Share"}, "2022-12-31": {"1": "0.19", "2": "0.19", "3": "192.33%", "4": "0.28", "5": "0.48", "6": "206.88", "7": "0", "8": "206.88", "9": "207.36", "10": "0.39", "11": "0", "12": "0.05", "13": "0.44", "14": "7.66", "15": "7.66", "16": "8.1", "17": "0", "18": "0", "19": "-7.62", "20": "-7.62", "21": "0.48", "22": "0.19", "23": "0.01", "24": "0.04", "25": "-0.30"}, "2022-09-30": {"1": "0.26", "2": "0.26", "3": "-", "4": "0.43", "5": "0.69", "6": "205.18", "7": "0", "8": "205.18", "9": "205.87", "10": "0.09", "11": "0", "12": "0.06", "13": "0.16", "14": "7.6", "15": "7.6", "16": "7.76", "17": "0", "18": "0", "19": "-7.07", "20": "-7.07", "21": "0.69", "22": "0.26", "23": "0.01", "24": "0.53", "25": "-0.28"}, "2022-06-30": {"1": "0.39", "2": "0.39", "3": "-", "4": "0.5", "5": "0.89", "6": "204.27", "7": "0.06", "8": "204.34", "9": "205.23", "10": "0.14", "11": "0", "12": "0.06", "13": "0.2", "14": "8.07", "15": "8.07", "16": "8.28", "17": "0", "18": "0", "19": "-7.32", "20": "-7.32", "21": "0.96", "22": "0.39", "23": "0.02", "24": "0.69", "25": "-0.29"}, "2022-03-31": {"1": "0.59", "2": "0.59", "3": "-", "4": "0.5", "5": "1.1", "6": "204.02", "7": "0.17", "8": "204.19", "9": "205.28", "10": "0.21", "11": "0", "12": "0.1", "13": "0.32", "14": "9.21", "15": "9.21", "16": "9.53", "17": "0", "18": "0", "19": "-8.27", "20": "-8.27", "21": "1.26", "22": "0.59", "23": "0.04", "24": "0.78", "25": "-0.50"}, "2021-12-31": {"1": "0.07", "2": "0.07", "3": "-", "4": "0", "5": "0.07", "6": "0", "7": "0.31", "8": "0.31", "9": "0.37", "10": "0.01", "11": "0.24", "12": "0.1", "13": "0.36", "14": "0", "15": "0", "16": "0.36", "17": "0.24", "18": "0.03", "19": "-0.01", "20": "0.02", "21": "0.37", "22": "-0.18", "23": "-", "24": "-0.29", "25": "0.00"}}}, "cash_flow_statement": {"annual": {"Year": {"1": "Net Income", "2": "Other Operating Activities", "3": "Operating Cash Flow", "4": "Change in Investments", "5": "Investing Cash Flow", "6": "Share Issuance / Repurchase", "7": "Debt Issued / Paid", "8": "Other Financing Activities", "9": "Financing Cash Flow", "10": "Net Cash Flow", "11": "Free Cash Flow", "12": "Free Cash Flow Per Share"}, "2022": {"1": "6.6", "2": "-7.7", "3": "-1.1", "4": "-204.02", "5": "-204.02", "6": "202", "7": "-0.24", "8": "3.48", "9": "205.24", "10": "0.13", "11": "-1.1", "12": "-0.05"}, "2021": {"1": "-0.01", "2": "0.01", "3": "0", "4": "0", "5": "0", "6": "0", "7": "0.15", "8": "-0.08", "9": "0.07", "10": "0.07", "11": "0", "12": "-"}}, "quarterly": {"Metrics": {"1": "Net Income", "2": "Other Operating Activities", "3": "Operating Cash Flow", "4": "Change in Investments", "5": "Other Investing Activities", "6": "Investing Cash Flow", "7": "Share Issuance / Repurchase", "8": "Debt Issued / Paid", "9": "Other Financing Activities", "10": "Financing Cash Flow", "11": "Net Cash Flow", "12": "Free Cash Flow", "13": "Free Cash Flow Per Share"}, "2022-12-31": {"1": "1.15", "2": "-1.2", "3": "-0.05", "4": "-408.04", "5": "408.04", "6": "0", "7": "0", "8": "0", "9": "-0.01", "10": "-0.01", "11": "-0.07", "12": "-0.05", "13": "-0.00"}, "2022-09-30": {"1": "1.15", "2": "-1.29", "3": "-0.13", "4": "0", "5": "-", "6": "0", "7": "0", "8": "0", "9": "-", "10": "0", "11": "-0.13", "12": "-0.13", "13": "-0.01"}, "2022-06-30": {"1": "1.2", "2": "-1.36", "3": "-0.16", "4": "408.04", "5": "-408.04", "6": "0", "7": "0", "8": "0", "9": "-0.04", "10": "-0.04", "11": "-0.2", "12": "-0.16", "13": "-0.01"}, "2022-03-31": {"1": "3.1", "2": "-3.84", "3": "-0.75", "4": "-204.02", "5": "-", "6": "-204.02", "7": "202", "8": "-0.24", "9": "3.54", "10": "205.3", "11": "0.53", "12": "-0.75", "13": "-0.04"}}}, "ratios": {"annual": {"Year": {"1": "Market Capitalization", "2": "Enterprise Value", "3": "PE Ratio", "4": "PB Ratio", "5": "P/FCF Ratio", "6": "P/OCF Ratio", "7": "EV/EBITDA Ratio", "8": "EV/EBIT Ratio", "9": "EV/FCF Ratio", "10": "Debt / Equity Ratio", "11": "Debt / EBITDA Ratio", "12": "Debt / FCF Ratio", "13": "Current Ratio", "14": "Return on Equity (ROE)", "15": "Return on Assets (ROA)", "16": "Return on Capital (ROIC)", "17": "Earnings Yield", "18": "FCF Yield", "19": "Buyback Yield / Dilution", "20": "Total Shareholder Return"}, "Current": {"1": "116", "2": "115", "3": "39.11", "4": "-33.90", "5": "-235.69", "6": "-235.69", "7": "17.46", "8": "17.46", "9": "-235.52", "10": "-", "11": "-", "12": "-", "13": "1.09", "14": "-87.20%", "15": "3.20%", "16": "3.20%", "17": "5.72%", "18": "-0.95%", "19": "-367.14%", "20": "-367.14%"}, "2022": {"1": "258", "2": "258", "3": "39.11", "4": "-33.90", "5": "-235.69", "6": "-235.69", "7": "39.08", "8": "39.08", "9": "-235.52", "10": "-", "11": "-", "12": "-", "13": "1.09", "14": "-87.20%", "15": "3.20%", "16": "3.20%", "17": "2.56%", "18": "-0.42%", "19": "-367.14%", "20": "-367.14%"}, "2021": {"1": "-", "2": "0", "3": "-", "4": "-", "5": "-", "6": "-", "7": "-17.81", "8": "-17.81", "9": "177428.00", "10": "16.15", "11": "-24.37", "12": "242801.00", "13": "0.18", "14": "-", "15": "-", "16": "-", "17": "-", "18": "-", "19": "-", "20": "-"}}, "quarterly": {"Metrics": {"1": "Market Capitalization", "2": "Enterprise Value", "3": "PE Ratio", "4": "PB Ratio", "5": "Debt / Equity Ratio", "6": "Current Ratio", "7": "Buyback Yield / Dilution", "8": "Total Shareholder Return"}, "Current": {"1": "116", "2": "115", "3": "39.11", "4": "-33.90", "5": "-", "6": "1.09", "7": "-367.14%", "8": "-367.14%"}, "2022-12-31": {"1": "258", "2": "258", "3": "39.11", "4": "-33.90", "5": "-", "6": "1.09", "7": "-411.54%", "8": "-411.54%"}, "2022-09-30": {"1": "253", "2": "253", "3": "-", "4": "-35.79", "5": "-", "6": "4.43", "7": "-", "8": "-"}, "2022-06-30": {"1": "250", "2": "250", "3": "-", "4": "-34.18", "5": "-", "6": "4.37", "7": "-", "8": "-"}, "2022-03-31": {"1": "247", "2": "246", "3": "-", "4": "-29.86", "5": "-", "6": "3.47", "7": "-", "8": "-"}, "2021-12-31": {"1": "-", "2": "0", "3": "-", "4": "-", "5": "16.15", "6": "0.18", "7": "-", "8": "-"}}}, "stock_price": {"symbol": {"0": "ATAK", "1": "ATAK", "2": "ATAK", "3": "ATAK", "4": "ATAK", "5": "ATAK", "6": "ATAK", "7": "ATAK", "8": "ATAK", "9": "ATAK", "10": "ATAK", "11": "ATAK", "12": "ATAK", "13": "ATAK", "14": "ATAK", "15": "ATAK", "16": "ATAK", "17": "ATAK", "18": "ATAK", "19": "ATAK", "20": "ATAK", "21": "ATAK", "22": "ATAK", "23": "ATAK", "24": "ATAK", "25": "ATAK", "26": "ATAK", "27": "ATAK", "28": "ATAK", "29": "ATAK", "30": "ATAK", "31": "ATAK", "32": "ATAK", "33": "ATAK", "34": "ATAK", "35": "ATAK", "36": "ATAK", "37": "ATAK", "38": "ATAK", "39": "ATAK", "40": "ATAK", "41": "ATAK", "42": "ATAK", "43": "ATAK", "44": "ATAK", "45": "ATAK", "46": "ATAK", "47": "ATAK", "48": "ATAK", "49": "ATAK", "50": "ATAK", "51": "ATAK", "52": "ATAK", "53": "ATAK", "54": "ATAK", "55": "ATAK", "56": "ATAK", "57": "ATAK", "58": "ATAK", "59": "ATAK", "60": "ATAK", "61": "ATAK", "62": "ATAK", "63": "ATAK", "64": "ATAK", "65": "ATAK", "66": "ATAK", "67": "ATAK", "68": "ATAK", "69": "ATAK", "70": "ATAK", "71": "ATAK", "72": "ATAK", "73": "ATAK", "74": "ATAK", "75": "ATAK", "76": "ATAK", "77": "ATAK", "78": "ATAK", "79": "ATAK", "80": "ATAK", "81": "ATAK", "82": "ATAK", "83": "ATAK", "84": "ATAK", "85": "ATAK", "86": "ATAK", "87": "ATAK", "88": "ATAK", "89": "ATAK", "90": "ATAK", "91": "ATAK", "92": "ATAK", "93": "ATAK", "94": "ATAK", "95": "ATAK", "96": "ATAK", "97": "ATAK", "98": "ATAK", "99": "ATAK", "100": "ATAK", "101": "ATAK", "102": "ATAK", "103": "ATAK", "104": "ATAK", "105": "ATAK", "106": "ATAK", "107": "ATAK", "108": "ATAK", "109": "ATAK", "110": "ATAK", "111": "ATAK", "112": "ATAK", "113": "ATAK", "114": "ATAK", "115": "ATAK", "116": "ATAK", "117": "ATAK", "118": "ATAK", "119": "ATAK", "120": "ATAK", "121": "ATAK", "122": "ATAK", "123": "ATAK", "124": "ATAK", "125": "ATAK", "126": "ATAK", "127": "ATAK", "128": "ATAK", "129": "ATAK", "130": "ATAK", "131": "ATAK", "132": "ATAK", "133": "ATAK", "134": "ATAK", "135": "ATAK", "136": "ATAK", "137": "ATAK", "138": "ATAK", "139": "ATAK", "140": "ATAK", "141": "ATAK", "142": "ATAK", "143": "ATAK", "144": "ATAK", "145": "ATAK", "146": "ATAK", "147": "ATAK", "148": "ATAK", "149": "ATAK", "150": "ATAK", "151": "ATAK", "152": "ATAK", "153": "ATAK", "154": "ATAK", "155": "ATAK", "156": "ATAK", "157": "ATAK", "158": "ATAK", "159": "ATAK", "160": "ATAK", "161": "ATAK", "162": "ATAK", "163": "ATAK", "164": "ATAK", "165": "ATAK", "166": "ATAK", "167": "ATAK", "168": "ATAK", "169": "ATAK", "170": "ATAK", "171": "ATAK", "172": "ATAK", "173": "ATAK", "174": "ATAK", "175": "ATAK", "176": "ATAK", "177": "ATAK", "178": "ATAK", "179": "ATAK", "180": "ATAK", "181": "ATAK", "182": "ATAK", "183": "ATAK", "184": "ATAK", "185": "ATAK", "186": "ATAK", "187": "ATAK", "188": "ATAK", "189": "ATAK", "190": "ATAK", "191": "ATAK", "192": "ATAK", "193": "ATAK", "194": "ATAK", "195": "ATAK", "196": "ATAK", "197": "ATAK", "198": "ATAK", "199": "ATAK", "200": "ATAK", "201": "ATAK", "202": "ATAK", "203": "ATAK", "204": "ATAK", "205": "ATAK", "206": "ATAK", "207": "ATAK", "208": "ATAK", "209": "ATAK", "210": "ATAK", "211": "ATAK", "212": "ATAK", "213": "ATAK", "214": "ATAK", "215": "ATAK", "216": "ATAK", "217": "ATAK", "218": "ATAK", "219": "ATAK", "220": "ATAK", "221": "ATAK", "222": "ATAK", "223": "ATAK", "224": "ATAK", "225": "ATAK", "226": "ATAK", "227": "ATAK", "228": "ATAK", "229": "ATAK", "230": "ATAK", "231": "ATAK", "232": "ATAK", "233": "ATAK", "234": "ATAK", "235": "ATAK", "236": "ATAK", "237": "ATAK", "238": "ATAK", "239": "ATAK", "240": "ATAK", "241": "ATAK", "242": "ATAK", "243": "ATAK", "244": "ATAK", "245": "ATAK", "246": "ATAK", "247": "ATAK", "248": "ATAK", "249": "ATAK", "250": "ATAK", "251": "ATAK", "252": "ATAK", "253": "ATAK", "254": "ATAK", "255": "ATAK", "256": "ATAK", "257": "ATAK", "258": "ATAK", "259": "ATAK", "260": "ATAK", "261": "ATAK", "262": "ATAK", "263": "ATAK", "264": "ATAK", "265": "ATAK", "266": "ATAK", "267": "ATAK", "268": "ATAK", "269": "ATAK", "270": "ATAK", "271": "ATAK", "272": "ATAK", "273": "ATAK", "274": "ATAK", "275": "ATAK", "276": "ATAK", "277": "ATAK", "278": "ATAK", "279": "ATAK", "280": "ATAK", "281": "ATAK", "282": "ATAK", "283": "ATAK", "284": "ATAK", "285": "ATAK", "286": "ATAK", "287": "ATAK", "288": "ATAK", "289": "ATAK", "290": "ATAK", "291": "ATAK", "292": "ATAK", "293": "ATAK", "294": "ATAK", "295": "ATAK", "296": "ATAK", "297": "ATAK", "298": "ATAK", "299": "ATAK", "300": "ATAK", "301": "ATAK", "302": "ATAK", "303": "ATAK", "304": "ATAK", "305": "ATAK", "306": "ATAK", "307": "ATAK", "308": "ATAK", "309": "ATAK", "310": "ATAK", "311": "ATAK", "312": "ATAK", "313": "ATAK", "314": "ATAK", "315": "ATAK", "316": "ATAK", "317": "ATAK", "318": "ATAK", "319": "ATAK", "320": "ATAK"}, "date": {"0": "2022-03-21", "1": "2022-03-22", "2": "2022-03-23", "3": "2022-03-24", "4": "2022-03-25", "5": "2022-03-28", "6": "2022-03-29", "7": "2022-03-30", "8": "2022-03-31", "9": "2022-04-01", "10": "2022-04-04", "11": "2022-04-05", "12": "2022-04-06", "13": "2022-04-07", "14": "2022-04-08", "15": "2022-04-11", "16": "2022-04-12", "17": "2022-04-13", "18": "2022-04-14", "19": "2022-04-18", "20": "2022-04-19", "21": "2022-04-20", "22": "2022-04-21", "23": "2022-04-22", "24": "2022-04-25", "25": "2022-04-26", "26": "2022-04-27", "27": "2022-04-28", "28": "2022-04-29", "29": "2022-05-02", "30": "2022-05-03", "31": "2022-05-04", "32": "2022-05-05", "33": "2022-05-06", "34": "2022-05-09", "35": "2022-05-10", "36": "2022-05-11", "37": "2022-05-12", "38": "2022-05-13", "39": "2022-05-16", "40": "2022-05-17", "41": "2022-05-18", "42": "2022-05-19", "43": "2022-05-20", "44": "2022-05-23", "45": "2022-05-24", "46": "2022-05-25", "47": "2022-05-26", "48": "2022-05-27", "49": "2022-05-31", "50": "2022-06-01", "51": "2022-06-02", "52": "2022-06-03", "53": "2022-06-06", "54": "2022-06-07", "55": "2022-06-08", "56": "2022-06-09", "57": "2022-06-10", "58": "2022-06-13", "59": "2022-06-14", "60": "2022-06-15", "61": "2022-06-16", "62": "2022-06-17", "63": "2022-06-21", "64": "2022-06-22", "65": "2022-06-23", "66": "2022-06-24", "67": "2022-06-27", "68": "2022-06-28", "69": "2022-06-29", "70": "2022-06-30", "71": "2022-07-01", "72": "2022-07-05", "73": "2022-07-06", "74": "2022-07-07", "75": "2022-07-08", "76": "2022-07-11", "77": "2022-07-12", "78": "2022-07-13", "79": "2022-07-14", "80": "2022-07-15", "81": "2022-07-18", "82": "2022-07-19", "83": "2022-07-20", "84": "2022-07-21", "85": "2022-07-22", "86": "2022-07-25", "87": "2022-07-26", "88": "2022-07-27", "89": "2022-07-28", "90": "2022-07-29", "91": "2022-08-01", "92": "2022-08-02", "93": "2022-08-03", "94": "2022-08-04", "95": "2022-08-05", "96": "2022-08-08", "97": "2022-08-09", "98": "2022-08-10", "99": "2022-08-11", "100": "2022-08-12", "101": "2022-08-15", "102": "2022-08-16", "103": "2022-08-17", "104": "2022-08-18", "105": "2022-08-19", "106": "2022-08-22", "107": "2022-08-23", "108": "2022-08-24", "109": "2022-08-25", "110": "2022-08-26", "111": "2022-08-29", "112": "2022-08-30", "113": "2022-08-31", "114": "2022-09-01", "115": "2022-09-02", "116": "2022-09-06", "117": "2022-09-07", "118": "2022-09-08", "119": "2022-09-09", "120": "2022-09-12", "121": "2022-09-13", "122": "2022-09-14", "123": "2022-09-15", "124": "2022-09-16", "125": "2022-09-19", "126": "2022-09-20", "127": "2022-09-21", "128": "2022-09-22", "129": "2022-09-23", "130": "2022-09-26", "131": "2022-09-27", "132": "2022-09-28", "133": "2022-09-29", "134": "2022-09-30", "135": "2022-10-03", "136": "2022-10-04", "137": "2022-10-05", "138": "2022-10-06", "139": "2022-10-07", "140": "2022-10-10", "141": "2022-10-11", "142": "2022-10-12", "143": "2022-10-13", "144": "2022-10-14", "145": "2022-10-17", "146": "2022-10-18", "147": "2022-10-19", "148": "2022-10-20", "149": "2022-10-21", "150": "2022-10-24", "151": "2022-10-25", "152": "2022-10-26", "153": "2022-10-27", "154": "2022-10-28", "155": "2022-10-31", "156": "2022-11-01", "157": "2022-11-02", "158": "2022-11-03", "159": "2022-11-04", "160": "2022-11-07", "161": "2022-11-08", "162": "2022-11-09", "163": "2022-11-10", "164": "2022-11-11", "165": "2022-11-14", "166": "2022-11-15", "167": "2022-11-16", "168": "2022-11-17", "169": "2022-11-18", "170": "2022-11-21", "171": "2022-11-22", "172": "2022-11-23", "173": "2022-11-25", "174": "2022-11-28", "175": "2022-11-29", "176": "2022-11-30", "177": "2022-12-01", "178": "2022-12-02", "179": "2022-12-05", "180": "2022-12-06", "181": "2022-12-07", "182": "2022-12-08", "183": "2022-12-09", "184": "2022-12-12", "185": "2022-12-13", "186": "2022-12-14", "187": "2022-12-15", "188": "2022-12-16", "189": "2022-12-19", "190": "2022-12-20", "191": "2022-12-21", "192": "2022-12-22", "193": "2022-12-23", "194": "2022-12-27", "195": "2022-12-28", "196": "2022-12-29", "197": "2022-12-30", "198": "2023-01-03", "199": "2023-01-04", "200": "2023-01-05", "201": "2023-01-06", "202": "2023-01-09", "203": "2023-01-10", "204": "2023-01-11", "205": "2023-01-12", "206": "2023-01-13", "207": "2023-01-17", "208": "2023-01-18", "209": "2023-01-19", "210": "2023-01-20", "211": "2023-01-23", "212": "2023-01-24", "213": "2023-01-25", "214": "2023-01-26", "215": "2023-01-27", "216": "2023-01-30", "217": "2023-01-31", "218": "2023-02-01", "219": "2023-02-02", "220": "2023-02-03", "221": "2023-02-06", "222": "2023-02-07", "223": "2023-02-08", "224": "2023-02-09", "225": "2023-02-10", "226": "2023-02-13", "227": "2023-02-14", "228": "2023-02-15", "229": "2023-02-16", "230": "2023-02-17", "231": "2023-02-21", "232": "2023-02-22", "233": "2023-02-23", "234": "2023-02-24", "235": "2023-02-27", "236": "2023-02-28", "237": "2023-03-01", "238": "2023-03-02", "239": "2023-03-03", "240": "2023-03-06", "241": "2023-03-07", "242": "2023-03-08", "243": "2023-03-09", "244": "2023-03-10", "245": "2023-03-13", "246": "2023-03-14", "247": "2023-03-15", "248": "2023-03-16", "249": "2023-03-17", "250": "2023-03-20", "251": "2023-03-21", "252": "2023-03-22", "253": "2023-03-23", "254": "2023-03-24", "255": "2023-03-27", "256": "2023-03-28", "257": "2023-03-29", "258": "2023-03-30", "259": "2023-03-31", "260": "2023-04-03", "261": "2023-04-04", "262": "2023-04-05", "263": "2023-04-06", "264": "2023-04-10", "265": "2023-04-11", "266": "2023-04-12", "267": "2023-04-13", "268": "2023-04-14", "269": "2023-04-17", "270": "2023-04-18", "271": "2023-04-19", "272": "2023-04-20", "273": "2023-04-21", "274": "2023-04-24", "275": "2023-04-25", "276": "2023-04-26", "277": "2023-04-27", "278": "2023-04-28", "279": "2023-05-01", "280": "2023-05-02", "281": "2023-05-03", "282": "2023-05-04", "283": "2023-05-05", "284": "2023-05-08", "285": "2023-05-09", "286": "2023-05-10", "287": "2023-05-11", "288": "2023-05-12", "289": "2023-05-15", "290": "2023-05-16", "291": "2023-05-17", "292": "2023-05-18", "293": "2023-05-19", "294": "2023-05-22", "295": "2023-05-23", "296": "2023-05-24", "297": "2023-05-25", "298": "2023-05-26", "299": "2023-05-30", "300": "2023-05-31", "301": "2023-06-01", "302": "2023-06-02", "303": "2023-06-05", "304": "2023-06-06", "305": "2023-06-07", "306": "2023-06-08", "307": "2023-06-09", "308": "2023-06-12", "309": "2023-06-13", "310": "2023-06-14", "311": "2023-06-15", "312": "2023-06-16", "313": "2023-06-20", "314": "2023-06-21", "315": "2023-06-22", "316": "2023-06-23", "317": "2023-06-26", "318": "2023-06-27", "319": "2023-06-28", "320": "2023-06-29"}, "open": {"0": 9.84000015258789, "1": 9.859999656677246, "2": 9.850000381469727, "3": 9.850000381469727, "4": 9.850000381469727, "5": 9.869999885559082, "6": 9.859999656677246, "7": 9.850000381469727, "8": 9.857999801635742, "9": 9.859999656677246, "10": 9.880000114440918, "11": 9.869999885559082, "12": 9.880000114440918, "13": 9.890000343322754, "14": 9.880000114440918, "15": 9.880000114440918, "16": 9.890000343322754, "17": 9.880000114440918, "18": 9.880000114440918, "19": 9.899999618530273, "20": 9.899999618530273, "21": 9.899999618530273, "22": 9.920000076293945, "23": 9.902999877929688, "24": 9.930000305175781, "25": 9.930000305175781, "26": 9.930000305175781, "27": 9.930000305175781, "28": 9.930000305175781, "29": 9.920000076293945, "30": 9.90999984741211, "31": 9.90999984741211, "32": 9.90999984741211, "33": 9.899999618530273, "34": 9.90999984741211, "35": 9.899999618530273, "36": 9.890000343322754, "37": 9.880000114440918, "38": 9.880999565124512, "39": 9.869999885559082, "40": 9.859999656677246, "41": 9.859999656677246, "42": 9.859999656677246, "43": 9.880000114440918, "44": 9.880000114440918, "45": 9.869999885559082, "46": 9.890000343322754, "47": 9.880000114440918, "48": 9.90999984741211, "49": 9.899999618530273, "50": 9.880000114440918, "51": 9.885000228881836, "52": 9.890000343322754, "53": 9.895000457763672, "54": 9.899999618530273, "55": 9.899999618530273, "56": 9.880000114440918, "57": 9.890000343322754, "58": 9.920000076293945, "59": 9.90999984741211, "60": 9.920000076293945, "61": 9.920000076293945, "62": 9.899999618530273, "63": 9.890000343322754, "64": 9.890000343322754, "65": 9.90999984741211, "66": 9.90999984741211, "67": 9.90999984741211, "68": 9.90999984741211, "69": 9.90999984741211, "70": 9.90999984741211, "71": 9.90999984741211, "72": 9.90999984741211, "73": 9.920000076293945, "74": 9.920000076293945, "75": 9.920000076293945, "76": 9.920000076293945, "77": 9.9399995803833, "78": 9.920000076293945, "79": 9.9399995803833, "80": 9.925000190734863, "81": 9.9399995803833, "82": 9.949999809265137, "83": 9.960000038146973, "84": 9.960000038146973, "85": 9.960000038146973, "86": 9.970000267028809, "87": 9.949999809265137, "88": 9.960000038146973, "89": 9.960000038146973, "90": 9.9399995803833, "91": 9.949999809265137, "92": 9.949999809265137, "93": 9.949999809265137, "94": 9.968999862670898, "95": 9.979999542236328, "96": 9.979999542236328, "97": 9.979999542236328, "98": 9.979999542236328, "99": 9.979999542236328, "100": 9.979999542236328, "101": 9.989999771118164, "102": 9.979999542236328, "103": 9.979999542236328, "104": 9.979999542236328, "105": 9.960000038146973, "106": 9.949999809265137, "107": 9.949999809265137, "108": 9.949999809265137, "109": 9.979999542236328, "110": 9.970000267028809, "111": 9.970000267028809, "112": 9.979999542236328, "113": 9.979999542236328, "114": 9.979999542236328, "115": 9.989999771118164, "116": 10.020000457763672, "117": 9.989999771118164, "118": 9.989999771118164, "119": 9.989999771118164, "120": 10.020000457763672, "121": 10.010000228881836, "122": 10.010000228881836, "123": 10.020000457763672, "124": 10.020000457763672, "125": 10.020000457763672, "126": 10.029999732971191, "127": 10.020000457763672, "128": 10.010000228881836, "129": 10.029999732971191, "130": 10.029999732971191, "131": 10.020000457763672, "132": 10.020000457763672, "133": 10.020000457763672, "134": 10.020000457763672, "135": 10.020000457763672, "136": 10.020000457763672, "137": 10.020000457763672, "138": 10.020000457763672, "139": 10.050000190734863, "140": 10.029999732971191, "141": 10.029999732971191, "142": 10.029999732971191, "143": 10.039999961853027, "144": 10.050000190734863, "145": 10.0600004196167, "146": 10.069999694824219, "147": 10.0600004196167, "148": 10.09000015258789, "149": 10.085000038146973, "150": 10.079999923706055, "151": 10.079999923706055, "152": 10.100000381469727, "153": 10.100000381469727, "154": 10.100000381469727, "155": 10.100000381469727, "156": 10.100000381469727, "157": 10.100000381469727, "158": 10.119999885559082, "159": 10.100000381469727, "160": 10.100000381469727, "161": 10.109999656677246, "162": 10.100000381469727, "163": 10.100000381469727, "164": 10.100000381469727, "165": 10.119999885559082, "166": 10.119999885559082, "167": 10.119999885559082, "168": 10.130000114440918, "169": 10.130000114440918, "170": 10.170000076293945, "171": 10.170000076293945, "172": 10.170000076293945, "173": 10.170000076293945, "174": 10.170000076293945, "175": 10.140000343322754, "176": 10.140000343322754, "177": 10.15999984741211, "178": 10.170000076293945, "179": 10.170000076293945, "180": 10.170000076293945, "181": 10.170000076293945, "182": 10.170000076293945, "183": 10.170000076293945, "184": 10.180000305175781, "185": 10.180000305175781, "186": 10.170000076293945, "187": 10.1899995803833, "188": 10.170000076293945, "189": 10.170000076293945, "190": 10.220000267028809, "191": 10.220000267028809, "192": 10.180000305175781, "193": 10.180000305175781, "194": 10.199999809265137, "195": 10.199999809265137, "196": 10.229999542236328, "197": 10.229999542236328, "198": 10.229999542236328, "199": 10.220000267028809, "200": 10.220000267028809, "201": 10.220000267028809, "202": 10.229999542236328, "203": 10.229999542236328, "204": 10.229999542236328, "205": 10.239999771118164, "206": 10.25, "207": 10.25, "208": 10.25, "209": 10.25, "210": 10.260000228881836, "211": 10.260000228881836, "212": 10.25, "213": 10.270000457763672, "214": 10.260000228881836, "215": 10.260000228881836, "216": 10.25, "217": 10.25, "218": 10.739999771118164, "219": 10.75, "220": 10.380000114440918, "221": 10.699999809265137, "222": 10.279999732971191, "223": 10.270000457763672, "224": 10.229999542236328, "225": 10.25, "226": 10.270000457763672, "227": 10.270000457763672, "228": 10.260000228881836, "229": 10.270000457763672, "230": 10.260000228881836, "231": 10.270000457763672, "232": 10.260000228881836, "233": 10.293999671936035, "234": 10.300000190734863, "235": 10.350000381469727, "236": 10.300000190734863, "237": 10.319999694824219, "238": 10.331000328063965, "239": 10.345000267028809, "240": 10.345000267028809, "241": 10.34000015258789, "242": 10.34000015258789, "243": 10.289999961853027, "244": 10.350000381469727, "245": 10.350000381469727, "246": 10.345000267028809, "247": 10.345000267028809, "248": 10.345000267028809, "249": 10.345000267028809, "250": 10.348999977111816, "251": 10.350000381469727, "252": 10.359999656677246, "253": 10.359999656677246, "254": 10.359999656677246, "255": 10.369999885559082, "256": 10.359999656677246, "257": 10.359999656677246, "258": 10.359999656677246, "259": 10.369999885559082, "260": 10.369999885559082, "261": 10.369999885559082, "262": 10.369999885559082, "263": 10.369999885559082, "264": 10.369999885559082, "265": 10.369999885559082, "266": 10.369999885559082, "267": 10.375, "268": 10.430000305175781, "269": 10.489999771118164, "270": 10.454999923706055, "271": 10.4399995803833, "272": 10.4399995803833, "273": 10.4399995803833, "274": 10.4399995803833, "275": 10.4399995803833, "276": 10.510000228881836, "277": 10.510000228881836, "278": 10.510000228881836, "279": 10.510000228881836, "280": 10.470000267028809, "281": 10.470000267028809, "282": 10.430000305175781, "283": 10.470000267028809, "284": 10.470000267028809, "285": 10.470000267028809, "286": 10.470000267028809, "287": 10.460000038146973, "288": 10.46500015258789, "289": 10.470000267028809, "290": 10.489999771118164, "291": 10.510000228881836, "292": 10.510000228881836, "293": 10.510000228881836, "294": 10.510000228881836, "295": 10.479999542236328, "296": 10.5, "297": 10.510000228881836, "298": 10.489999771118164, "299": 10.489999771118164, "300": 10.539999961853027, "301": 10.539999961853027, "302": 10.539999961853027, "303": 10.539999961853027, "304": 10.550000190734863, "305": 10.569999694824219, "306": 10.569999694824219, "307": 10.569999694824219, "308": 10.59000015258789, "309": 10.59000015258789, "310": 10.539999961853027, "311": 10.539999961853027, "312": 10.539999961853027, "313": 10.59000015258789, "314": 10.600000381469727, "315": 10.600000381469727, "316": 10.609999656677246, "317": 10.59000015258789, "318": 10.609999656677246, "319": 10.609999656677246, "320": 10.609999656677246}, "high": {"0": 9.880000114440918, "1": 9.859999656677246, "2": 9.850000381469727, "3": 9.859999656677246, "4": 9.869999885559082, "5": 9.869999885559082, "6": 9.859999656677246, "7": 9.869999885559082, "8": 9.869999885559082, "9": 9.869999885559082, "10": 9.890000343322754, "11": 9.890000343322754, "12": 9.899999618530273, "13": 9.890000343322754, "14": 9.880000114440918, "15": 9.880000114440918, "16": 9.890000343322754, "17": 9.890000343322754, "18": 9.899999618530273, "19": 9.899999618530273, "20": 9.899999618530273, "21": 9.899999618530273, "22": 9.920000076293945, "23": 9.930000305175781, "24": 9.930000305175781, "25": 9.930000305175781, "26": 9.930000305175781, "27": 9.930000305175781, "28": 9.930000305175781, "29": 9.920000076293945, "30": 9.90999984741211, "31": 9.90999984741211, "32": 9.920000076293945, "33": 9.899999618530273, "34": 9.90999984741211, "35": 9.899999618530273, "36": 9.890000343322754, "37": 9.899999618530273, "38": 9.880999565124512, "39": 9.869999885559082, "40": 9.859999656677246, "41": 9.859999656677246, "42": 9.890000343322754, "43": 9.880000114440918, "44": 9.880000114440918, "45": 9.890000343322754, "46": 9.890000343322754, "47": 9.904999732971191, "48": 9.90999984741211, "49": 9.899999618530273, "50": 9.90999984741211, "51": 9.890000343322754, "52": 9.890000343322754, "53": 9.895000457763672, "54": 9.899999618530273, "55": 9.899999618530273, "56": 9.90999984741211, "57": 9.90999984741211, "58": 9.920000076293945, "59": 9.90999984741211, "60": 9.920000076293945, "61": 9.920000076293945, "62": 9.920000076293945, "63": 9.890000343322754, "64": 9.920000076293945, "65": 9.90999984741211, "66": 9.90999984741211, "67": 9.90999984741211, "68": 9.90999984741211, "69": 9.90999984741211, "70": 9.90999984741211, "71": 9.920000076293945, "72": 9.920000076293945, "73": 9.920000076293945, "74": 9.920000076293945, "75": 9.920000076293945, "76": 9.9399995803833, "77": 9.9399995803833, "78": 9.920000076293945, "79": 9.9399995803833, "80": 9.925000190734863, "81": 9.9399995803833, "82": 9.949999809265137, "83": 9.960000038146973, "84": 9.960000038146973, "85": 9.960000038146973, "86": 9.970000267028809, "87": 9.949999809265137, "88": 9.960000038146973, "89": 9.960000038146973, "90": 9.9399995803833, "91": 9.949999809265137, "92": 9.949999809265137, "93": 9.949999809265137, "94": 9.968999862670898, "95": 9.979999542236328, "96": 9.979999542236328, "97": 9.979999542236328, "98": 9.979999542236328, "99": 9.979999542236328, "100": 9.979999542236328, "101": 9.989999771118164, "102": 9.979999542236328, "103": 9.979999542236328, "104": 9.979999542236328, "105": 9.960000038146973, "106": 9.949999809265137, "107": 9.949999809265137, "108": 9.949999809265137, "109": 9.989999771118164, "110": 9.970000267028809, "111": 9.970000267028809, "112": 9.979999542236328, "113": 9.979999542236328, "114": 9.979999542236328, "115": 9.989999771118164, "116": 10.020000457763672, "117": 9.989999771118164, "118": 9.989999771118164, "119": 9.989999771118164, "120": 10.020000457763672, "121": 10.010000228881836, "122": 10.015000343322754, "123": 10.020000457763672, "124": 10.029999732971191, "125": 10.029999732971191, "126": 10.029999732971191, "127": 10.020000457763672, "128": 10.010000228881836, "129": 10.029999732971191, "130": 10.050000190734863, "131": 10.020000457763672, "132": 10.020000457763672, "133": 10.020000457763672, "134": 10.020000457763672, "135": 10.020000457763672, "136": 10.020000457763672, "137": 10.020000457763672, "138": 10.020000457763672, "139": 10.050000190734863, "140": 10.029999732971191, "141": 10.029999732971191, "142": 10.029999732971191, "143": 10.039999961853027, "144": 10.069999694824219, "145": 10.0600004196167, "146": 10.09000015258789, "147": 10.09000015258789, "148": 10.09000015258789, "149": 10.085000038146973, "150": 10.079999923706055, "151": 10.079999923706055, "152": 10.100000381469727, "153": 10.100000381469727, "154": 10.100000381469727, "155": 10.100000381469727, "156": 10.100000381469727, "157": 10.100000381469727, "158": 10.119999885559082, "159": 10.100000381469727, "160": 10.100000381469727, "161": 10.109999656677246, "162": 10.100000381469727, "163": 10.100000381469727, "164": 10.100000381469727, "165": 10.119999885559082, "166": 10.119999885559082, "167": 10.119999885559082, "168": 10.130000114440918, "169": 10.140000343322754, "170": 10.170000076293945, "171": 10.170000076293945, "172": 10.170000076293945, "173": 10.170000076293945, "174": 10.170000076293945, "175": 10.140000343322754, "176": 10.140000343322754, "177": 10.170000076293945, "178": 10.170000076293945, "179": 10.170000076293945, "180": 10.175000190734863, "181": 10.180000305175781, "182": 10.175000190734863, "183": 10.180000305175781, "184": 10.180000305175781, "185": 10.180000305175781, "186": 10.170000076293945, "187": 10.220000267028809, "188": 10.170000076293945, "189": 10.170000076293945, "190": 10.220000267028809, "191": 10.220000267028809, "192": 10.180000305175781, "193": 10.180000305175781, "194": 10.199999809265137, "195": 10.199999809265137, "196": 10.229999542236328, "197": 10.229999542236328, "198": 10.229999542236328, "199": 10.220000267028809, "200": 10.220000267028809, "201": 10.220000267028809, "202": 10.229999542236328, "203": 10.239999771118164, "204": 10.229999542236328, "205": 10.25, "206": 10.25, "207": 10.25, "208": 10.25, "209": 10.25, "210": 10.270000457763672, "211": 10.260000228881836, "212": 10.25, "213": 10.270000457763672, "214": 10.260000228881836, "215": 10.270000457763672, "216": 10.265000343322754, "217": 10.25, "218": 10.87399959564209, "219": 11.229999542236328, "220": 10.380000114440918, "221": 10.760000228881836, "222": 10.29800033569336, "223": 10.270000457763672, "224": 10.3100004196167, "225": 10.270000457763672, "226": 10.270000457763672, "227": 10.300000190734863, "228": 10.260000228881836, "229": 10.300000190734863, "230": 10.270000457763672, "231": 10.279999732971191, "232": 10.260000228881836, "233": 10.300000190734863, "234": 10.319999694824219, "235": 10.420000076293945, "236": 10.329999923706055, "237": 10.34000015258789, "238": 10.345000267028809, "239": 10.345000267028809, "240": 10.345000267028809, "241": 10.345000267028809, "242": 10.345999717712402, "243": 10.345000267028809, "244": 10.354999542236328, "245": 10.350000381469727, "246": 10.345000267028809, "247": 10.345000267028809, "248": 10.345000267028809, "249": 10.345000267028809, "250": 10.348999977111816, "251": 10.350000381469727, "252": 10.359999656677246, "253": 10.359999656677246, "254": 10.359999656677246, "255": 10.369999885559082, "256": 10.359999656677246, "257": 10.359999656677246, "258": 10.359999656677246, "259": 10.369999885559082, "260": 10.369999885559082, "261": 10.369999885559082, "262": 10.369999885559082, "263": 10.369999885559082, "264": 10.369999885559082, "265": 10.369999885559082, "266": 10.369999885559082, "267": 10.430000305175781, "268": 10.430000305175781, "269": 10.489999771118164, "270": 10.454999923706055, "271": 10.4399995803833, "272": 10.4399995803833, "273": 10.4399995803833, "274": 10.4399995803833, "275": 10.4399995803833, "276": 10.510000228881836, "277": 10.510000228881836, "278": 10.510000228881836, "279": 10.510000228881836, "280": 10.470000267028809, "281": 10.470000267028809, "282": 10.430000305175781, "283": 10.470000267028809, "284": 10.470000267028809, "285": 10.470000267028809, "286": 10.470000267028809, "287": 10.46500015258789, "288": 10.46500015258789, "289": 10.470000267028809, "290": 10.489999771118164, "291": 10.510000228881836, "292": 10.510000228881836, "293": 10.510000228881836, "294": 10.510000228881836, "295": 10.989999771118164, "296": 10.5, "297": 10.510000228881836, "298": 11.569999694824219, "299": 11.569999694824219, "300": 10.550000190734863, "301": 10.550000190734863, "302": 10.539999961853027, "303": 10.539999961853027, "304": 10.5600004196167, "305": 10.569999694824219, "306": 10.569999694824219, "307": 10.569999694824219, "308": 10.59000015258789, "309": 10.59000015258789, "310": 10.539999961853027, "311": 10.539999961853027, "312": 10.539999961853027, "313": 10.595000267028809, "314": 10.739999771118164, "315": 10.600000381469727, "316": 10.619999885559082, "317": 10.59000015258789, "318": 10.609999656677246, "319": 10.609999656677246, "320": 10.619999885559082}, "low": {"0": 9.829999923706055, "1": 9.859999656677246, "2": 9.850000381469727, "3": 9.84000015258789, "4": 9.850000381469727, "5": 9.869999885559082, "6": 9.850000381469727, "7": 9.850000381469727, "8": 9.857999801635742, "9": 9.850000381469727, "10": 9.869999885559082, "11": 9.869999885559082, "12": 9.880000114440918, "13": 9.880000114440918, "14": 9.880000114440918, "15": 9.880000114440918, "16": 9.880000114440918, "17": 9.880000114440918, "18": 9.880000114440918, "19": 9.899999618530273, "20": 9.899999618530273, "21": 9.899999618530273, "22": 9.920000076293945, "23": 9.899999618530273, "24": 9.930000305175781, "25": 9.930000305175781, "26": 9.930000305175781, "27": 9.930000305175781, "28": 9.930000305175781, "29": 9.920000076293945, "30": 9.904999732971191, "31": 9.90999984741211, "32": 9.904999732971191, "33": 9.899999618530273, "34": 9.895000457763672, "35": 9.880000114440918, "36": 9.880000114440918, "37": 9.869999885559082, "38": 9.880000114440918, "39": 9.859999656677246, "40": 9.859999656677246, "41": 9.859999656677246, "42": 9.859999656677246, "43": 9.880000114440918, "44": 9.880000114440918, "45": 9.869999885559082, "46": 9.880000114440918, "47": 9.539999961853027, "48": 9.869999885559082, "49": 9.899999618530273, "50": 9.880000114440918, "51": 9.885000228881836, "52": 9.890000343322754, "53": 9.890000343322754, "54": 9.899999618530273, "55": 9.899999618530273, "56": 9.880000114440918, "57": 9.890000343322754, "58": 9.90999984741211, "59": 9.90999984741211, "60": 9.920000076293945, "61": 9.920000076293945, "62": 9.899999618530273, "63": 9.890000343322754, "64": 9.890000343322754, "65": 9.90999984741211, "66": 9.90999984741211, "67": 9.90999984741211, "68": 9.90999984741211, "69": 9.90999984741211, "70": 9.90999984741211, "71": 9.899999618530273, "72": 9.904999732971191, "73": 9.920000076293945, "74": 9.920000076293945, "75": 9.920000076293945, "76": 9.90999984741211, "77": 9.9399995803833, "78": 9.920000076293945, "79": 9.920000076293945, "80": 9.920000076293945, "81": 9.9399995803833, "82": 9.949999809265137, "83": 9.960000038146973, "84": 9.960000038146973, "85": 9.960000038146973, "86": 9.949999809265137, "87": 9.949999809265137, "88": 9.960000038146973, "89": 9.9399995803833, "90": 9.9399995803833, "91": 9.949999809265137, "92": 9.949999809265137, "93": 9.949999809265137, "94": 9.968999862670898, "95": 9.979999542236328, "96": 9.979999542236328, "97": 9.979999542236328, "98": 9.979999542236328, "99": 9.979999542236328, "100": 9.979999542236328, "101": 9.979999542236328, "102": 9.979999542236328, "103": 9.979999542236328, "104": 9.979999542236328, "105": 9.960000038146973, "106": 9.949999809265137, "107": 9.949999809265137, "108": 9.949999809265137, "109": 9.970000267028809, "110": 9.970000267028809, "111": 9.970000267028809, "112": 9.979999542236328, "113": 9.979999542236328, "114": 9.979999542236328, "115": 9.989999771118164, "116": 9.989999771118164, "117": 9.989999771118164, "118": 9.989999771118164, "119": 9.989999771118164, "120": 10.010000228881836, "121": 10.010000228881836, "122": 10.0, "123": 10.020000457763672, "124": 10.015000343322754, "125": 10.020000457763672, "126": 10.029999732971191, "127": 10.010000228881836, "128": 10.010000228881836, "129": 10.029999732971191, "130": 10.020000457763672, "131": 10.020000457763672, "132": 10.020000457763672, "133": 10.020000457763672, "134": 10.020000457763672, "135": 10.020000457763672, "136": 10.020000457763672, "137": 10.020000457763672, "138": 10.020000457763672, "139": 10.029999732971191, "140": 10.029999732971191, "141": 10.029999732971191, "142": 10.029999732971191, "143": 10.039999961853027, "144": 10.050000190734863, "145": 10.0600004196167, "146": 10.050000190734863, "147": 10.0600004196167, "148": 10.09000015258789, "149": 10.069999694824219, "150": 10.079999923706055, "151": 10.079999923706055, "152": 10.100000381469727, "153": 10.100000381469727, "154": 10.100000381469727, "155": 10.100000381469727, "156": 10.100000381469727, "157": 10.100000381469727, "158": 10.100000381469727, "159": 10.100000381469727, "160": 10.100000381469727, "161": 10.109999656677246, "162": 10.100000381469727, "163": 10.100000381469727, "164": 10.100000381469727, "165": 10.119999885559082, "166": 10.119999885559082, "167": 10.119999885559082, "168": 10.119999885559082, "169": 10.130000114440918, "170": 10.170000076293945, "171": 10.170000076293945, "172": 10.170000076293945, "173": 10.170000076293945, "174": 10.170000076293945, "175": 10.140000343322754, "176": 10.140000343322754, "177": 10.15999984741211, "178": 10.170000076293945, "179": 10.170000076293945, "180": 10.170000076293945, "181": 10.170000076293945, "182": 10.170000076293945, "183": 10.170000076293945, "184": 10.180000305175781, "185": 10.170000076293945, "186": 10.15999984741211, "187": 10.180000305175781, "188": 10.170000076293945, "189": 10.170000076293945, "190": 10.220000267028809, "191": 10.220000267028809, "192": 10.180000305175781, "193": 10.180000305175781, "194": 10.199999809265137, "195": 10.199999809265137, "196": 10.229999542236328, "197": 10.229999542236328, "198": 10.220000267028809, "199": 10.220000267028809, "200": 10.220000267028809, "201": 10.220000267028809, "202": 10.229999542236328, "203": 10.220000267028809, "204": 10.229999542236328, "205": 10.229999542236328, "206": 10.25, "207": 10.25, "208": 10.25, "209": 10.25, "210": 10.239999771118164, "211": 10.25, "212": 10.25, "213": 10.25, "214": 10.258999824523926, "215": 10.25, "216": 10.244999885559082, "217": 10.25, "218": 10.229999542236328, "219": 10.229999542236328, "220": 10.270000457763672, "221": 10.25, "222": 10.279999732971191, "223": 10.270000457763672, "224": 10.229999542236328, "225": 10.25, "226": 10.270000457763672, "227": 10.260000228881836, "228": 10.260000228881836, "229": 10.265000343322754, "230": 10.260000228881836, "231": 10.260000228881836, "232": 10.260000228881836, "233": 10.293999671936035, "234": 10.300000190734863, "235": 10.300000190734863, "236": 10.300000190734863, "237": 10.3100004196167, "238": 10.331000328063965, "239": 10.345000267028809, "240": 10.345000267028809, "241": 10.34000015258789, "242": 10.34000015258789, "243": 10.289999961853027, "244": 10.345000267028809, "245": 10.350000381469727, "246": 10.345000267028809, "247": 10.345000267028809, "248": 10.345000267028809, "249": 10.345000267028809, "250": 10.348999977111816, "251": 10.350000381469727, "252": 10.354999542236328, "253": 10.359999656677246, "254": 10.359999656677246, "255": 10.359999656677246, "256": 10.359999656677246, "257": 10.359999656677246, "258": 10.359999656677246, "259": 10.364999771118164, "260": 10.369999885559082, "261": 10.369999885559082, "262": 10.369999885559082, "263": 10.369999885559082, "264": 10.369999885559082, "265": 10.369999885559082, "266": 10.369999885559082, "267": 10.375, "268": 10.430000305175781, "269": 10.489999771118164, "270": 10.430000305175781, "271": 10.4399995803833, "272": 10.4399995803833, "273": 10.4399995803833, "274": 10.4399995803833, "275": 10.4399995803833, "276": 10.510000228881836, "277": 10.510000228881836, "278": 10.510000228881836, "279": 10.510000228881836, "280": 10.470000267028809, "281": 10.399999618530273, "282": 10.430000305175781, "283": 10.470000267028809, "284": 10.470000267028809, "285": 10.470000267028809, "286": 10.470000267028809, "287": 10.449999809265137, "288": 10.46500015258789, "289": 10.470000267028809, "290": 10.470000267028809, "291": 10.510000228881836, "292": 10.510000228881836, "293": 10.510000228881836, "294": 10.489999771118164, "295": 10.449999809265137, "296": 10.5, "297": 10.510000228881836, "298": 10.489999771118164, "299": 10.489999771118164, "300": 10.539999961853027, "301": 10.539999961853027, "302": 10.539999961853027, "303": 10.539999961853027, "304": 10.550000190734863, "305": 10.569999694824219, "306": 10.569999694824219, "307": 10.569999694824219, "308": 10.569999694824219, "309": 10.59000015258789, "310": 10.539999961853027, "311": 10.539999961853027, "312": 10.539999961853027, "313": 10.59000015258789, "314": 10.600000381469727, "315": 10.600000381469727, "316": 10.59000015258789, "317": 10.59000015258789, "318": 10.604999542236328, "319": 10.609999656677246, "320": 10.600000381469727}, "close": {"0": 9.85099983215332, "1": 9.859999656677246, "2": 9.850000381469727, "3": 9.850000381469727, "4": 9.869999885559082, "5": 9.869999885559082, "6": 9.850000381469727, "7": 9.859999656677246, "8": 9.859999656677246, "9": 9.850000381469727, "10": 9.890000343322754, "11": 9.890000343322754, "12": 9.890000343322754, "13": 9.880000114440918, "14": 9.880000114440918, "15": 9.880000114440918, "16": 9.880000114440918, "17": 9.890000343322754, "18": 9.899999618530273, "19": 9.899999618530273, "20": 9.899999618530273, "21": 9.899999618530273, "22": 9.920000076293945, "23": 9.930000305175781, "24": 9.930000305175781, "25": 9.930000305175781, "26": 9.930000305175781, "27": 9.930000305175781, "28": 9.930000305175781, "29": 9.920000076293945, "30": 9.90999984741211, "31": 9.90999984741211, "32": 9.90999984741211, "33": 9.899999618530273, "34": 9.90999984741211, "35": 9.880000114440918, "36": 9.885000228881836, "37": 9.869999885559082, "38": 9.880000114440918, "39": 9.859999656677246, "40": 9.859999656677246, "41": 9.859999656677246, "42": 9.880000114440918, "43": 9.880000114440918, "44": 9.880000114440918, "45": 9.880000114440918, "46": 9.890000343322754, "47": 9.890000343322754, "48": 9.899999618530273, "49": 9.899999618530273, "50": 9.90999984741211, "51": 9.890000343322754, "52": 9.890000343322754, "53": 9.890000343322754, "54": 9.899999618530273, "55": 9.899999618530273, "56": 9.904999732971191, "57": 9.899999618530273, "58": 9.90999984741211, "59": 9.90999984741211, "60": 9.920000076293945, "61": 9.920000076293945, "62": 9.920000076293945, "63": 9.890000343322754, "64": 9.920000076293945, "65": 9.90999984741211, "66": 9.90999984741211, "67": 9.90999984741211, "68": 9.90999984741211, "69": 9.90999984741211, "70": 9.90999984741211, "71": 9.90999984741211, "72": 9.920000076293945, "73": 9.920000076293945, "74": 9.920000076293945, "75": 9.920000076293945, "76": 9.9399995803833, "77": 9.9399995803833, "78": 9.920000076293945, "79": 9.920000076293945, "80": 9.920000076293945, "81": 9.9399995803833, "82": 9.949999809265137, "83": 9.960000038146973, "84": 9.960000038146973, "85": 9.960000038146973, "86": 9.949999809265137, "87": 9.949999809265137, "88": 9.960000038146973, "89": 9.9399995803833, "90": 9.9399995803833, "91": 9.949999809265137, "92": 9.949999809265137, "93": 9.949999809265137, "94": 9.968999862670898, "95": 9.979999542236328, "96": 9.979999542236328, "97": 9.979999542236328, "98": 9.979999542236328, "99": 9.979999542236328, "100": 9.979999542236328, "101": 9.979999542236328, "102": 9.979999542236328, "103": 9.979999542236328, "104": 9.979999542236328, "105": 9.960000038146973, "106": 9.949999809265137, "107": 9.949999809265137, "108": 9.949999809265137, "109": 9.970000267028809, "110": 9.970000267028809, "111": 9.970000267028809, "112": 9.979999542236328, "113": 9.979999542236328, "114": 9.979999542236328, "115": 9.989999771118164, "116": 9.989999771118164, "117": 9.989999771118164, "118": 9.989999771118164, "119": 9.989999771118164, "120": 10.010000228881836, "121": 10.010000228881836, "122": 10.0, "123": 10.020000457763672, "124": 10.015000343322754, "125": 10.029999732971191, "126": 10.029999732971191, "127": 10.010000228881836, "128": 10.010000228881836, "129": 10.029999732971191, "130": 10.020000457763672, "131": 10.020000457763672, "132": 10.020000457763672, "133": 10.020000457763672, "134": 10.020000457763672, "135": 10.020000457763672, "136": 10.020000457763672, "137": 10.020000457763672, "138": 10.020000457763672, "139": 10.029999732971191, "140": 10.029999732971191, "141": 10.029999732971191, "142": 10.029999732971191, "143": 10.039999961853027, "144": 10.050000190734863, "145": 10.0600004196167, "146": 10.050000190734863, "147": 10.09000015258789, "148": 10.09000015258789, "149": 10.069999694824219, "150": 10.079999923706055, "151": 10.079999923706055, "152": 10.100000381469727, "153": 10.100000381469727, "154": 10.100000381469727, "155": 10.100000381469727, "156": 10.100000381469727, "157": 10.100000381469727, "158": 10.119999885559082, "159": 10.100000381469727, "160": 10.100000381469727, "161": 10.109999656677246, "162": 10.100000381469727, "163": 10.100000381469727, "164": 10.100000381469727, "165": 10.119999885559082, "166": 10.119999885559082, "167": 10.119999885559082, "168": 10.119999885559082, "169": 10.140000343322754, "170": 10.170000076293945, "171": 10.170000076293945, "172": 10.170000076293945, "173": 10.170000076293945, "174": 10.170000076293945, "175": 10.140000343322754, "176": 10.140000343322754, "177": 10.170000076293945, "178": 10.170000076293945, "179": 10.170000076293945, "180": 10.170000076293945, "181": 10.170000076293945, "182": 10.175000190734863, "183": 10.180000305175781, "184": 10.180000305175781, "185": 10.170000076293945, "186": 10.170000076293945, "187": 10.180000305175781, "188": 10.170000076293945, "189": 10.170000076293945, "190": 10.220000267028809, "191": 10.220000267028809, "192": 10.180000305175781, "193": 10.180000305175781, "194": 10.199999809265137, "195": 10.199999809265137, "196": 10.229999542236328, "197": 10.229999542236328, "198": 10.220000267028809, "199": 10.220000267028809, "200": 10.220000267028809, "201": 10.220000267028809, "202": 10.229999542236328, "203": 10.229999542236328, "204": 10.229999542236328, "205": 10.25, "206": 10.25, "207": 10.25, "208": 10.25, "209": 10.25, "210": 10.25, "211": 10.25, "212": 10.25, "213": 10.25, "214": 10.260000228881836, "215": 10.25, "216": 10.25, "217": 10.25, "218": 10.260000228881836, "219": 10.260000228881836, "220": 10.270000457763672, "221": 10.279999732971191, "222": 10.279999732971191, "223": 10.270000457763672, "224": 10.260000228881836, "225": 10.270000457763672, "226": 10.270000457763672, "227": 10.260000228881836, "228": 10.260000228881836, "229": 10.265000343322754, "230": 10.270000457763672, "231": 10.260000228881836, "232": 10.260000228881836, "233": 10.293999671936035, "234": 10.319999694824219, "235": 10.329999923706055, "236": 10.329999923706055, "237": 10.34000015258789, "238": 10.345000267028809, "239": 10.345000267028809, "240": 10.345000267028809, "241": 10.345000267028809, "242": 10.345000267028809, "243": 10.345000267028809, "244": 10.350000381469727, "245": 10.350000381469727, "246": 10.345000267028809, "247": 10.345000267028809, "248": 10.345000267028809, "249": 10.345000267028809, "250": 10.348999977111816, "251": 10.350000381469727, "252": 10.359999656677246, "253": 10.359999656677246, "254": 10.359999656677246, "255": 10.359999656677246, "256": 10.359999656677246, "257": 10.359999656677246, "258": 10.359999656677246, "259": 10.369999885559082, "260": 10.369999885559082, "261": 10.369999885559082, "262": 10.369999885559082, "263": 10.369999885559082, "264": 10.369999885559082, "265": 10.369999885559082, "266": 10.369999885559082, "267": 10.430000305175781, "268": 10.430000305175781, "269": 10.489999771118164, "270": 10.4399995803833, "271": 10.4399995803833, "272": 10.4399995803833, "273": 10.4399995803833, "274": 10.4399995803833, "275": 10.4399995803833, "276": 10.510000228881836, "277": 10.510000228881836, "278": 10.510000228881836, "279": 10.510000228881836, "280": 10.470000267028809, "281": 10.430000305175781, "282": 10.430000305175781, "283": 10.470000267028809, "284": 10.470000267028809, "285": 10.470000267028809, "286": 10.470000267028809, "287": 10.46500015258789, "288": 10.46500015258789, "289": 10.470000267028809, "290": 10.470000267028809, "291": 10.510000228881836, "292": 10.510000228881836, "293": 10.510000228881836, "294": 10.5, "295": 10.5, "296": 10.5, "297": 10.510000228881836, "298": 10.520000457763672, "299": 10.529999732971191, "300": 10.539999961853027, "301": 10.550000190734863, "302": 10.539999961853027, "303": 10.539999961853027, "304": 10.5600004196167, "305": 10.569999694824219, "306": 10.569999694824219, "307": 10.569999694824219, "308": 10.59000015258789, "309": 10.59000015258789, "310": 10.539999961853027, "311": 10.539999961853027, "312": 10.539999961853027, "313": 10.59000015258789, "314": 10.600000381469727, "315": 10.600000381469727, "316": 10.59000015258789, "317": 10.59000015258789, "318": 10.609999656677246, "319": 10.609999656677246, "320": 10.600000381469727}, "volume": {"0": 5400, "1": 1300, "2": 122800, "3": 569800, "4": 429100, "5": 0, "6": 500800, "7": 633000, "8": 47000, "9": 155900, "10": 251200, "11": 119300, "12": 171100, "13": 60800, "14": 1400, "15": 25000, "16": 1400, "17": 7800, "18": 167700, "19": 8900, "20": 0, "21": 0, "22": 35000, "23": 10400, "24": 0, "25": 0, "26": 0, "27": 0, "28": 0, "29": 6200, "30": 14600, "31": 7400, "32": 171200, "33": 349800, "34": 165000, "35": 192600, "36": 242800, "37": 118400, "38": 1100, "39": 35500, "40": 1000, "41": 3300, "42": 251800, "43": 0, "44": 0, "45": 100000, "46": 76100, "47": 332400, "48": 13900, "49": 0, "50": 3500, "51": 3500, "52": 0, "53": 2100, "54": 200, "55": 0, "56": 532800, "57": 1700, "58": 1200, "59": 200, "60": 300, "61": 0, "62": 26600, "63": 100, "64": 15100, "65": 800, "66": 0, "67": 0, "68": 100, "69": 0, "70": 0, "71": 56200, "72": 51500, "73": 400, "74": 0, "75": 0, "76": 53800, "77": 0, "78": 200, "79": 1000, "80": 146800, "81": 1600, "82": 600, "83": 600, "84": 0, "85": 0, "86": 300, "87": 0, "88": 100, "89": 1000, "90": 0, "91": 5000, "92": 0, "93": 400, "94": 400, "95": 1600, "96": 0, "97": 0, "98": 100, "99": 100, "100": 0, "101": 300, "102": 0, "103": 0, "104": 0, "105": 900, "106": 100, "107": 0, "108": 0, "109": 20300, "110": 0, "111": 0, "112": 3100, "113": 0, "114": 0, "115": 15600, "116": 1800, "117": 0, "118": 2000, "119": 1000, "120": 3300, "121": 0, "122": 449900, "123": 187600, "124": 14600, "125": 10700, "126": 0, "127": 61700, "128": 0, "129": 700, "130": 7100, "131": 77100, "132": 2400, "133": 0, "134": 0, "135": 0, "136": 300, "137": 0, "138": 300, "139": 200, "140": 0, "141": 0, "142": 0, "143": 400, "144": 3100, "145": 600, "146": 27700, "147": 51600, "148": 0, "149": 72800, "150": 5300, "151": 0, "152": 100, "153": 0, "154": 0, "155": 0, "156": 0, "157": 0, "158": 1000, "159": 8000, "160": 1000, "161": 11000, "162": 400, "163": 900, "164": 0, "165": 300, "166": 300, "167": 0, "168": 600, "169": 39600, "170": 300, "171": 100, "172": 0, "173": 0, "174": 200, "175": 100, "176": 100, "177": 80800, "178": 83400, "179": 2100, "180": 355400, "181": 687800, "182": 11100, "183": 450300, "184": 0, "185": 400, "186": 38900, "187": 41800, "188": 35300, "189": 600, "190": 6000, "191": 6000, "192": 29700, "193": 0, "194": 8200, "195": 0, "196": 900, "197": 2100, "198": 400, "199": 0, "200": 0, "201": 5300, "202": 200, "203": 70600, "204": 100, "205": 8100, "206": 0, "207": 0, "208": 5300, "209": 10900, "210": 89100, "211": 40000, "212": 0, "213": 1165600, "214": 322800, "215": 884200, "216": 46600, "217": 0, "218": 85700, "219": 21100, "220": 2300, "221": 13600, "222": 6300, "223": 100, "224": 202000, "225": 2500, "226": 400, "227": 546100, "228": 0, "229": 121000, "230": 36000, "231": 13700, "232": 73800, "233": 1600, "234": 17000, "235": 28400, "236": 500, "237": 33800, "238": 3000, "239": 0, "240": 0, "241": 800, "242": 1600, "243": 500, "244": 9400, "245": 0, "246": 300, "247": 100, "248": 0, "249": 0, "250": 200, "251": 5300, "252": 6100, "253": 0, "254": 0, "255": 1400, "256": 900, "257": 0, "258": 0, "259": 4400, "260": 1400, "261": 100, "262": 0, "263": 1300, "264": 0, "265": 11700, "266": 5400, "267": 16600, "268": 200, "269": 200, "270": 46400, "271": 300, "272": 400, "273": 0, "274": 0, "275": 1000, "276": 100, "277": 0, "278": 0, "279": 1400, "280": 100, "281": 60100, "282": 20000, "283": 100, "284": 0, "285": 0, "286": 0, "287": 24100, "288": 0, "289": 1700, "290": 10100, "291": 100, "292": 100, "293": 0, "294": 6600, "295": 39400, "296": 0, "297": 300, "298": 6900, "299": 11400, "300": 213500, "301": 11800, "302": 2800, "303": 1000, "304": 52500, "305": 2400, "306": 0, "307": 0, "308": 1600, "309": 100, "310": 600, "311": 0, "312": 0, "313": 28900, "314": 33400, "315": 100, "316": 1800, "317": 16000, "318": 7700, "319": 0, "320": 1500}, "adjclose": {"0": 9.85099983215332, "1": 9.859999656677246, "2": 9.850000381469727, "3": 9.850000381469727, "4": 9.869999885559082, "5": 9.869999885559082, "6": 9.850000381469727, "7": 9.859999656677246, "8": 9.859999656677246, "9": 9.850000381469727, "10": 9.890000343322754, "11": 9.890000343322754, "12": 9.890000343322754, "13": 9.880000114440918, "14": 9.880000114440918, "15": 9.880000114440918, "16": 9.880000114440918, "17": 9.890000343322754, "18": 9.899999618530273, "19": 9.899999618530273, "20": 9.899999618530273, "21": 9.899999618530273, "22": 9.920000076293945, "23": 9.930000305175781, "24": 9.930000305175781, "25": 9.930000305175781, "26": 9.930000305175781, "27": 9.930000305175781, "28": 9.930000305175781, "29": 9.920000076293945, "30": 9.90999984741211, "31": 9.90999984741211, "32": 9.90999984741211, "33": 9.899999618530273, "34": 9.90999984741211, "35": 9.880000114440918, "36": 9.885000228881836, "37": 9.869999885559082, "38": 9.880000114440918, "39": 9.859999656677246, "40": 9.859999656677246, "41": 9.859999656677246, "42": 9.880000114440918, "43": 9.880000114440918, "44": 9.880000114440918, "45": 9.880000114440918, "46": 9.890000343322754, "47": 9.890000343322754, "48": 9.899999618530273, "49": 9.899999618530273, "50": 9.90999984741211, "51": 9.890000343322754, "52": 9.890000343322754, "53": 9.890000343322754, "54": 9.899999618530273, "55": 9.899999618530273, "56": 9.904999732971191, "57": 9.899999618530273, "58": 9.90999984741211, "59": 9.90999984741211, "60": 9.920000076293945, "61": 9.920000076293945, "62": 9.920000076293945, "63": 9.890000343322754, "64": 9.920000076293945, "65": 9.90999984741211, "66": 9.90999984741211, "67": 9.90999984741211, "68": 9.90999984741211, "69": 9.90999984741211, "70": 9.90999984741211, "71": 9.90999984741211, "72": 9.920000076293945, "73": 9.920000076293945, "74": 9.920000076293945, "75": 9.920000076293945, "76": 9.9399995803833, "77": 9.9399995803833, "78": 9.920000076293945, "79": 9.920000076293945, "80": 9.920000076293945, "81": 9.9399995803833, "82": 9.949999809265137, "83": 9.960000038146973, "84": 9.960000038146973, "85": 9.960000038146973, "86": 9.949999809265137, "87": 9.949999809265137, "88": 9.960000038146973, "89": 9.9399995803833, "90": 9.9399995803833, "91": 9.949999809265137, "92": 9.949999809265137, "93": 9.949999809265137, "94": 9.968999862670898, "95": 9.979999542236328, "96": 9.979999542236328, "97": 9.979999542236328, "98": 9.979999542236328, "99": 9.979999542236328, "100": 9.979999542236328, "101": 9.979999542236328, "102": 9.979999542236328, "103": 9.979999542236328, "104": 9.979999542236328, "105": 9.960000038146973, "106": 9.949999809265137, "107": 9.949999809265137, "108": 9.949999809265137, "109": 9.970000267028809, "110": 9.970000267028809, "111": 9.970000267028809, "112": 9.979999542236328, "113": 9.979999542236328, "114": 9.979999542236328, "115": 9.989999771118164, "116": 9.989999771118164, "117": 9.989999771118164, "118": 9.989999771118164, "119": 9.989999771118164, "120": 10.010000228881836, "121": 10.010000228881836, "122": 10.0, "123": 10.020000457763672, "124": 10.015000343322754, "125": 10.029999732971191, "126": 10.029999732971191, "127": 10.010000228881836, "128": 10.010000228881836, "129": 10.029999732971191, "130": 10.020000457763672, "131": 10.020000457763672, "132": 10.020000457763672, "133": 10.020000457763672, "134": 10.020000457763672, "135": 10.020000457763672, "136": 10.020000457763672, "137": 10.020000457763672, "138": 10.020000457763672, "139": 10.029999732971191, "140": 10.029999732971191, "141": 10.029999732971191, "142": 10.029999732971191, "143": 10.039999961853027, "144": 10.050000190734863, "145": 10.0600004196167, "146": 10.050000190734863, "147": 10.09000015258789, "148": 10.09000015258789, "149": 10.069999694824219, "150": 10.079999923706055, "151": 10.079999923706055, "152": 10.100000381469727, "153": 10.100000381469727, "154": 10.100000381469727, "155": 10.100000381469727, "156": 10.100000381469727, "157": 10.100000381469727, "158": 10.119999885559082, "159": 10.100000381469727, "160": 10.100000381469727, "161": 10.109999656677246, "162": 10.100000381469727, "163": 10.100000381469727, "164": 10.100000381469727, "165": 10.119999885559082, "166": 10.119999885559082, "167": 10.119999885559082, "168": 10.119999885559082, "169": 10.140000343322754, "170": 10.170000076293945, "171": 10.170000076293945, "172": 10.170000076293945, "173": 10.170000076293945, "174": 10.170000076293945, "175": 10.140000343322754, "176": 10.140000343322754, "177": 10.170000076293945, "178": 10.170000076293945, "179": 10.170000076293945, "180": 10.170000076293945, "181": 10.170000076293945, "182": 10.175000190734863, "183": 10.180000305175781, "184": 10.180000305175781, "185": 10.170000076293945, "186": 10.170000076293945, "187": 10.180000305175781, "188": 10.170000076293945, "189": 10.170000076293945, "190": 10.220000267028809, "191": 10.220000267028809, "192": 10.180000305175781, "193": 10.180000305175781, "194": 10.199999809265137, "195": 10.199999809265137, "196": 10.229999542236328, "197": 10.229999542236328, "198": 10.220000267028809, "199": 10.220000267028809, "200": 10.220000267028809, "201": 10.220000267028809, "202": 10.229999542236328, "203": 10.229999542236328, "204": 10.229999542236328, "205": 10.25, "206": 10.25, "207": 10.25, "208": 10.25, "209": 10.25, "210": 10.25, "211": 10.25, "212": 10.25, "213": 10.25, "214": 10.260000228881836, "215": 10.25, "216": 10.25, "217": 10.25, "218": 10.260000228881836, "219": 10.260000228881836, "220": 10.270000457763672, "221": 10.279999732971191, "222": 10.279999732971191, "223": 10.270000457763672, "224": 10.260000228881836, "225": 10.270000457763672, "226": 10.270000457763672, "227": 10.260000228881836, "228": 10.260000228881836, "229": 10.265000343322754, "230": 10.270000457763672, "231": 10.260000228881836, "232": 10.260000228881836, "233": 10.293999671936035, "234": 10.319999694824219, "235": 10.329999923706055, "236": 10.329999923706055, "237": 10.34000015258789, "238": 10.345000267028809, "239": 10.345000267028809, "240": 10.345000267028809, "241": 10.345000267028809, "242": 10.345000267028809, "243": 10.345000267028809, "244": 10.350000381469727, "245": 10.350000381469727, "246": 10.345000267028809, "247": 10.345000267028809, "248": 10.345000267028809, "249": 10.345000267028809, "250": 10.348999977111816, "251": 10.350000381469727, "252": 10.359999656677246, "253": 10.359999656677246, "254": 10.359999656677246, "255": 10.359999656677246, "256": 10.359999656677246, "257": 10.359999656677246, "258": 10.359999656677246, "259": 10.369999885559082, "260": 10.369999885559082, "261": 10.369999885559082, "262": 10.369999885559082, "263": 10.369999885559082, "264": 10.369999885559082, "265": 10.369999885559082, "266": 10.369999885559082, "267": 10.430000305175781, "268": 10.430000305175781, "269": 10.489999771118164, "270": 10.4399995803833, "271": 10.4399995803833, "272": 10.4399995803833, "273": 10.4399995803833, "274": 10.4399995803833, "275": 10.4399995803833, "276": 10.510000228881836, "277": 10.510000228881836, "278": 10.510000228881836, "279": 10.510000228881836, "280": 10.470000267028809, "281": 10.430000305175781, "282": 10.430000305175781, "283": 10.470000267028809, "284": 10.470000267028809, "285": 10.470000267028809, "286": 10.470000267028809, "287": 10.46500015258789, "288": 10.46500015258789, "289": 10.470000267028809, "290": 10.470000267028809, "291": 10.510000228881836, "292": 10.510000228881836, "293": 10.510000228881836, "294": 10.5, "295": 10.5, "296": 10.5, "297": 10.510000228881836, "298": 10.520000457763672, "299": 10.529999732971191, "300": 10.539999961853027, "301": 10.550000190734863, "302": 10.539999961853027, "303": 10.539999961853027, "304": 10.5600004196167, "305": 10.569999694824219, "306": 10.569999694824219, "307": 10.569999694824219, "308": 10.59000015258789, "309": 10.59000015258789, "310": 10.539999961853027, "311": 10.539999961853027, "312": 10.539999961853027, "313": 10.59000015258789, "314": 10.600000381469727, "315": 10.600000381469727, "316": 10.59000015258789, "317": 10.59000015258789, "318": 10.609999656677246, "319": 10.609999656677246, "320": 10.600000381469727}}, "profile": {"address1": "4 Embarcadero Center", "address2": "Suite 1449", "city": "San Francisco", "state": "CA", "zip": "94105", "country": "United States", "phone": "650-550-0458", "website": "https://www.auroraspac.com", "industry": "Shell Companies", "industryDisp": "Shell Companies", "sector": "Financial Services", "longBusinessSummary": "Aurora Technology Acquisition Corp. does not have significant operations. The company focuses on effecting a merger, capital stock exchange, asset acquisition, stock purchase, reorganization, or related business combination with one or more businesses. It intends to focus on businesses in the technology companies, including artificial intelligence, blockchain, quantum computing, and electric vehicles in Asia and North America. The company was incorporated in 2021 and is based in San Francisco, California.", "companyOfficers": [{"maxAge": 1, "name": "Mr. Zachary  Wang", "age": 34, "title": "CEO & Chairman", "yearBorn": 1988, "exercisedValue": 0, "unexercisedValue": 0}, {"maxAge": 1, "name": "Ms. Cathryn  Chen", "age": 32, "title": "COO & Co-Vice Chairwoman", "yearBorn": 1990, "exercisedValue": 0, "unexercisedValue": 0}, {"maxAge": 1, "name": "Mr. Yida  Gao", "age": 31, "title": "CFO & Co-Vice Chairman", "yearBorn": 1991, "exercisedValue": 0, "unexercisedValue": 0}], "maxAge": 86400, "latitude": 37.79553400715605, "longitude": -122.3962360259128}}