{"income_statement": {"annual": {"Year": {"1": "Selling, General & Admin", "2": "Other Operating Expenses", "3": "Operating Expenses", "4": "Operating Income", "5": "Other Expense / Income", "6": "Pretax Income", "7": "Income Tax", "8": "Net Income", "9": "Shares Outstanding (Basic)", "10": "Shares Outstanding (Diluted)", "11": "Shares Change", "12": "EPS (Basic)", "13": "EPS (Diluted)", "14": "Free Cash Flow Per Share", "15": "Effective Tax Rate", "16": "EBITDA", "17": "EBIT"}, "2022": {"1": "1.31", "2": "0.2", "3": "1.51", "4": "-1.51", "5": "-3.7", "6": "2.19", "7": "0.73", "8": "1.45", "9": "35", "10": "35", "11": "222.32%", "12": "0.04", "13": "0.04", "14": "-0.03", "15": "33.55%", "16": "2.19", "17": "2.19"}, "2021": {"1": "0.13", "2": "0", "3": "0.13", "4": "-0.13", "5": "-0", "6": "-0.13", "7": "-0.01", "8": "-0.12", "9": "11", "10": "11", "11": "-", "12": "-0.01", "13": "-0.01", "14": "-0.00", "15": "-", "16": "-0.13", "17": "-0.13"}}, "quarterly": {"Metrics": {"1": "Selling, General & Admin", "2": "Other Operating Expenses", "3": "Operating Expenses", "4": "Operating Income", "5": "Other Expense / Income", "6": "Pretax Income", "7": "Income Tax", "8": "Net Income", "9": "Shares Outstanding (Basic)", "10": "Shares Outstanding (Diluted)", "11": "Shares Change", "12": "EPS (Basic)", "13": "EPS (Diluted)", "14": "Free Cash Flow Per Share", "15": "Effective Tax Rate", "16": "EBITDA", "17": "EBIT"}, "2022-12-31": {"1": "0.42", "2": "0.05", "3": "0.47", "4": "-0.47", "5": "-2.17", "6": "1.69", "7": "0.46", "8": "1.23", "9": "35", "10": "35", "11": "222.32%", "12": "0.03", "13": "0.03", "14": "-0.00", "15": "27.08%", "16": "1.69", "17": "1.69"}, "2022-09-30": {"1": "0.29", "2": "0.05", "3": "0.34", "4": "-0.34", "5": "-1.16", "6": "0.81", "7": "0.23", "8": "0.58", "9": "35", "10": "35", "11": "302.40%", "12": "0.02", "13": "0.02", "14": "-0.01", "15": "28.59%", "16": "0.81", "17": "0.81"}, "2022-06-30": {"1": "0.27", "2": "0.05", "3": "0.32", "4": "-0.32", "5": "-0.35", "6": "0.03", "7": "0.05", "8": "-0.02", "9": "35", "10": "35", "11": "-", "12": "-", "13": "-", "14": "-0.00", "15": "170.00%", "16": "0.03", "17": "0.03"}, "2022-03-31": {"1": "0.32", "2": "0.05", "3": "0.37", "4": "-0.37", "5": "-0.03", "6": "-0.35", "7": "-0.01", "8": "-0.34", "9": "35", "10": "35", "11": "-", "12": "-0.01", "13": "-0.01", "14": "-0.02", "15": "-", "16": "-0.35", "17": "-0.35"}, "2021-12-31": {"1": "0.06", "2": "0.07", "3": "0.13", "4": "-0.13", "5": "-0", "6": "-0.13", "7": "-0.01", "8": "-0.12", "9": "11", "10": "11", "11": "-", "12": "-0.01", "13": "-0.01", "14": "-0.00", "15": "-", "16": "-0.13", "17": "-0.13"}, "2021-09-30": {"1": "0", "2": "0", "3": "0", "4": "-0", "5": "-", "6": "-0", "7": "0", "8": "-0", "9": "9", "10": "9", "11": "-", "12": "-", "13": "-", "14": "-", "15": "-", "16": "-", "17": "-0"}}}, "balance_sheet": {"annual": {"Year": {"1": "Cash & Equivalents", "2": "Cash & Cash Equivalents", "3": "Cash Growth", "4": "Receivables", "5": "Other Current Assets", "6": "Total Current Assets", "7": "Long-Term Investments", "8": "Other Long-Term Assets", "9": "Total Long-Term Assets", "10": "Total Assets", "11": "Accounts Payable", "12": "Other Current Liabilities", "13": "Total Current Liabilities", "14": "Other Long-Term Liabilities", "15": "Total Long-Term Liabilities", "16": "Total Liabilities", "17": "Common Stock", "18": "Retained Earnings", "19": "Shareholders' Equity", "20": "Total Liabilities and Equity", "21": "Net Cash / Debt", "22": "Net Cash / Debt Growth", "23": "Net Cash Per Share", "24": "Working Capital", "25": "Book Value Per Share"}, "2022": {"1": "0.42", "2": "0.42", "3": "-72.56%", "4": "0", "5": "0.29", "6": "0.71", "7": "259.98", "8": "0", "9": "259.98", "10": "260.69", "11": "0.52", "12": "0.99", "13": "1.51", "14": "8.96", "15": "8.96", "16": "10.46", "17": "0", "18": "-8.77", "19": "-8.77", "20": "1.69", "21": "0.42", "22": "-72.56%", "23": "0.01", "24": "-0.8", "25": "-0.25"}, "2021": {"1": "1.53", "2": "1.53", "3": "-", "4": "0.03", "5": "0.3", "6": "1.86", "7": "256.29", "8": "0.29", "9": "256.58", "10": "258.44", "11": "0.64", "12": "0.07", "13": "0.71", "14": "8.96", "15": "8.96", "16": "9.66", "17": "0", "18": "-7.51", "19": "-7.51", "20": "2.15", "21": "1.53", "22": "-", "23": "0.14", "24": "1.15", "25": "-0.69"}}, "quarterly": {"Metrics": {"1": "Cash & Equivalents", "2": "Cash & Cash Equivalents", "3": "Cash Growth", "4": "Receivables", "5": "Other Current Assets", "6": "Total Current Assets", "7": "Long-Term Investments", "8": "Other Long-Term Assets", "9": "Total Long-Term Assets", "10": "Total Assets", "11": "Accounts Payable", "12": "Other Current Liabilities", "13": "Total Current Liabilities", "14": "Other Long-Term Liabilities", "15": "Total Long-Term Liabilities", "16": "Total Liabilities", "17": "Common Stock", "18": "Retained Earnings", "19": "Shareholders' Equity", "20": "Total Liabilities and Equity", "21": "Net Cash / Debt", "22": "Net Cash / Debt Growth", "23": "Net Cash Per Share", "24": "Working Capital", "25": "Book Value Per Share"}, "2022-12-31": {"1": "0.42", "2": "0.42", "3": "-72.56%", "4": "0", "5": "0.29", "6": "0.71", "7": "259.98", "8": "0", "9": "259.98", "10": "260.69", "11": "0.52", "12": "0.99", "13": "1.51", "14": "8.96", "15": "8.96", "16": "10.46", "17": "0", "18": "-8.77", "19": "-8.77", "20": "1.69", "21": "0.42", "22": "-72.56%", "23": "0.01", "24": "-0.8", "25": "-0.25"}, "2022-09-30": {"1": "0.52", "2": "0.52", "3": "-", "4": "0", "5": "0.29", "6": "0.81", "7": "257.82", "8": "0.06", "9": "257.88", "10": "258.69", "11": "0.26", "12": "0.48", "13": "0.74", "14": "8.96", "15": "8.96", "16": "9.69", "17": "0", "18": "-8.35", "19": "-8.34", "20": "1.35", "21": "0.52", "22": "-", "23": "0.01", "24": "0.07", "25": "-0.24"}, "2022-06-30": {"1": "0.72", "2": "0.72", "3": "-", "4": "0", "5": "0.29", "6": "1.02", "7": "256.66", "8": "0.15", "9": "256.81", "10": "257.83", "11": "0.25", "12": "0.21", "13": "0.46", "14": "8.96", "15": "8.96", "16": "9.41", "17": "0", "18": "-7.88", "19": "-7.88", "20": "1.54", "21": "0.72", "22": "-", "23": "0.02", "24": "0.56", "25": "-0.22"}, "2022-03-31": {"1": "0.81", "2": "0.81", "3": "-", "4": "0", "5": "0.31", "6": "1.12", "7": "256.31", "8": "0.23", "9": "256.54", "10": "257.66", "11": "0.16", "12": "0.12", "13": "0.27", "14": "8.96", "15": "8.96", "16": "9.23", "17": "0", "18": "-7.86", "19": "-7.86", "20": "1.37", "21": "0.81", "22": "-", "23": "0.02", "24": "0.85", "25": "-0.22"}, "2021-12-31": {"1": "1.53", "2": "1.53", "3": "-", "4": "0.03", "5": "0.3", "6": "1.86", "7": "256.29", "8": "0.29", "9": "256.58", "10": "258.44", "11": "0.64", "12": "0.07", "13": "0.71", "14": "8.96", "15": "8.96", "16": "9.66", "17": "0", "18": "-7.51", "19": "-7.51", "20": "2.15", "21": "1.53", "22": "-", "23": "0.14", "24": "1.15", "25": "-0.69"}, "2021-09-30": {"1": "0", "2": "0", "3": "-", "4": "0", "5": "0.03", "6": "0.03", "7": "0", "8": "0.02", "9": "0.02", "10": "0.05", "11": "0", "12": "0.02", "13": "0.02", "14": "0", "15": "0", "16": "0.02", "17": "0.03", "18": "-0", "19": "0.02", "20": "0.05", "21": "0", "22": "-", "23": "-", "24": "0", "25": "0.00"}}}, "cash_flow_statement": {"annual": {"Year": {"1": "Net Income", "2": "Other Operating Activities", "3": "Operating Cash Flow", "4": "Change in Investments", "5": "Investing Cash Flow", "6": "Share Issuance / Repurchase", "7": "Other Financing Activities", "8": "Financing Cash Flow", "9": "Net Cash Flow", "10": "Free Cash Flow", "11": "Free Cash Flow Per Share"}, "2022": {"1": "1.45", "2": "-2.56", "3": "-1.11", "4": "0", "5": "0", "6": "0", "7": "-", "8": "0", "9": "-1.11", "10": "-1.11", "11": "-0.03"}, "2021": {"1": "-0.12", "2": "0.08", "3": "-0.03", "4": "-256.29", "5": "-256.29", "6": "258.31", "7": "-0.46", "8": "257.85", "9": "1.53", "10": "-0.03", "11": "-0.00"}}, "quarterly": {"Metrics": {"1": "Net Income", "2": "Other Operating Activities", "3": "Operating Cash Flow", "4": "Net Cash Flow", "5": "Free Cash Flow", "6": "Free Cash Flow Per Share"}, "2022-12-31": {"1": "1.23", "2": "-1.33", "3": "-0.1", "4": "-0.1", "5": "-0.1", "6": "-0.00"}, "2022-09-30": {"1": "0.58", "2": "-0.79", "3": "-0.21", "4": "-0.21", "5": "-0.21", "6": "-0.01"}, "2022-06-30": {"1": "-0.02", "2": "-0.07", "3": "-0.09", "4": "-0.09", "5": "-0.09", "6": "-0.00"}, "2022-03-31": {"1": "-0.34", "2": "-0.37", "3": "-0.71", "4": "-0.71", "5": "-0.71", "6": "-0.02"}, "2021-12-31": {"1": "-0.12", "2": "0.08", "3": "-0.03", "4": "1.53", "5": "-0.03", "6": "-0.00"}}}, "ratios": {"annual": {"Year": {"1": "Market Capitalization", "2": "Market Cap Growth", "3": "Enterprise Value", "4": "PE Ratio", "5": "PB Ratio", "6": "P/FCF Ratio", "7": "P/OCF Ratio", "8": "EV/EBITDA Ratio", "9": "EV/EBIT Ratio", "10": "EV/FCF Ratio", "11": "Current Ratio", "12": "Return on Equity (ROE)", "13": "Return on Assets (ROA)", "14": "Return on Capital (ROIC)", "15": "Earnings Yield", "16": "FCF Yield", "17": "Buyback Yield / Dilution", "18": "Total Shareholder Return"}, "Current": {"1": "363", "2": "-", "3": "362", "4": "257.75", "5": "-40.39", "6": "-319.81", "7": "-319.81", "8": "165.66", "9": "165.66", "10": "-319.43", "11": "0.47", "12": "-17.70%", "13": "0.60%", "14": "0.90%", "15": "0.40%", "16": "-0.31%", "17": "-222.32%", "18": "-222.32%"}, "2022": {"1": "354", "2": "2.39%", "3": "354", "4": "243.64", "5": "-40.39", "6": "-319.81", "7": "-319.81", "8": "161.71", "9": "161.71", "10": "-319.43", "11": "0.47", "12": "-17.70%", "13": "0.60%", "14": "0.90%", "15": "0.41%", "16": "-0.31%", "17": "-222.32%", "18": "-222.32%"}, "2021": {"1": "346", "2": "-", "3": "344", "4": "-2913.71", "5": "-46.04", "6": "-9987.27", "7": "-9987.27", "8": "-2600.63", "9": "-2600.63", "10": "-9943.20", "11": "2.63", "12": "-", "13": "-", "14": "-", "15": "-0.03%", "16": "-0.01%", "17": "-", "18": "-"}}, "quarterly": {"Metrics": {"1": "Market Capitalization", "2": "Market Cap Growth", "3": "Enterprise Value", "4": "PE Ratio", "5": "PB Ratio", "6": "Current Ratio", "7": "Buyback Yield / Dilution", "8": "Total Shareholder Return"}, "Current": {"1": "363", "2": "-", "3": "362", "4": "257.75", "5": "-40.39", "6": "0.47", "7": "-222.32%", "8": "-222.32%"}, "2022-12-31": {"1": "354", "2": "2.39%", "3": "354", "4": "243.64", "5": "-40.39", "6": "0.47", "7": "-222.32%", "8": "-222.32%"}, "2022-09-30": {"1": "348", "2": "-", "3": "347", "4": "3419.62", "5": "-41.65", "6": "1.09", "7": "-302.40%", "8": "-302.40%"}, "2022-06-30": {"1": "345", "2": "-", "3": "344", "4": "-718.89", "5": "-43.82", "6": "2.22", "7": "-", "8": "-"}, "2022-03-31": {"1": "344", "2": "-", "3": "344", "4": "-", "5": "-43.84", "6": "4.10", "7": "-", "8": "-"}, "2021-12-31": {"1": "346", "2": "-", "3": "344", "4": "-2913.71", "5": "-46.04", "6": "2.63", "7": "-", "8": "-"}}}, "stock_price": {"symbol": {"0": "ATEK", "1": "ATEK", "2": "ATEK", "3": "ATEK", "4": "ATEK", "5": "ATEK", "6": "ATEK", "7": "ATEK", "8": "ATEK", "9": "ATEK", "10": "ATEK", "11": "ATEK", "12": "ATEK", "13": "ATEK", "14": "ATEK", "15": "ATEK", "16": "ATEK", "17": "ATEK", "18": "ATEK", "19": "ATEK", "20": "ATEK", "21": "ATEK", "22": "ATEK", "23": "ATEK", "24": "ATEK", "25": "ATEK", "26": "ATEK", "27": "ATEK", "28": "ATEK", "29": "ATEK", "30": "ATEK", "31": "ATEK", "32": "ATEK", "33": "ATEK", "34": "ATEK", "35": "ATEK", "36": "ATEK", "37": "ATEK", "38": "ATEK", "39": "ATEK", "40": "ATEK", "41": "ATEK", "42": "ATEK", "43": "ATEK", "44": "ATEK", "45": "ATEK", "46": "ATEK", "47": "ATEK", "48": "ATEK", "49": "ATEK", "50": "ATEK", "51": "ATEK", "52": "ATEK", "53": "ATEK", "54": "ATEK", "55": "ATEK", "56": "ATEK", "57": "ATEK", "58": "ATEK", "59": "ATEK", "60": "ATEK", "61": "ATEK", "62": "ATEK", "63": "ATEK", "64": "ATEK", "65": "ATEK", "66": "ATEK", "67": "ATEK", "68": "ATEK", "69": "ATEK", "70": "ATEK", "71": "ATEK", "72": "ATEK", "73": "ATEK", "74": "ATEK", "75": "ATEK", "76": "ATEK", "77": "ATEK", "78": "ATEK", "79": "ATEK", "80": "ATEK", "81": "ATEK", "82": "ATEK", "83": "ATEK", "84": "ATEK", "85": "ATEK", "86": "ATEK", "87": "ATEK", "88": "ATEK", "89": "ATEK", "90": "ATEK", "91": "ATEK", "92": "ATEK", "93": "ATEK", "94": "ATEK", "95": "ATEK", "96": "ATEK", "97": "ATEK", "98": "ATEK", "99": "ATEK", "100": "ATEK", "101": "ATEK", "102": "ATEK", "103": "ATEK", "104": "ATEK", "105": "ATEK", "106": "ATEK", "107": "ATEK", "108": "ATEK", "109": "ATEK", "110": "ATEK", "111": "ATEK", "112": "ATEK", "113": "ATEK", "114": "ATEK", "115": "ATEK", "116": "ATEK", "117": "ATEK", "118": "ATEK", "119": "ATEK", "120": "ATEK", "121": "ATEK", "122": "ATEK", "123": "ATEK", "124": "ATEK", "125": "ATEK", "126": "ATEK", "127": "ATEK", "128": "ATEK", "129": "ATEK", "130": "ATEK", "131": "ATEK", "132": "ATEK", "133": "ATEK", "134": "ATEK", "135": "ATEK", "136": "ATEK", "137": "ATEK", "138": "ATEK", "139": "ATEK", "140": "ATEK", "141": "ATEK", "142": "ATEK", "143": "ATEK", "144": "ATEK", "145": "ATEK", "146": "ATEK", "147": "ATEK", "148": "ATEK", "149": "ATEK", "150": "ATEK", "151": "ATEK", "152": "ATEK", "153": "ATEK", "154": "ATEK", "155": "ATEK", "156": "ATEK", "157": "ATEK", "158": "ATEK", "159": "ATEK", "160": "ATEK", "161": "ATEK", "162": "ATEK", "163": "ATEK", "164": "ATEK", "165": "ATEK", "166": "ATEK", "167": "ATEK", "168": "ATEK", "169": "ATEK", "170": "ATEK", "171": "ATEK", "172": "ATEK", "173": "ATEK", "174": "ATEK", "175": "ATEK", "176": "ATEK", "177": "ATEK", "178": "ATEK", "179": "ATEK", "180": "ATEK", "181": "ATEK", "182": "ATEK", "183": "ATEK", "184": "ATEK", "185": "ATEK", "186": "ATEK", "187": "ATEK", "188": "ATEK", "189": "ATEK", "190": "ATEK", "191": "ATEK", "192": "ATEK", "193": "ATEK", "194": "ATEK", "195": "ATEK", "196": "ATEK", "197": "ATEK", "198": "ATEK", "199": "ATEK", "200": "ATEK", "201": "ATEK", "202": "ATEK", "203": "ATEK", "204": "ATEK", "205": "ATEK", "206": "ATEK", "207": "ATEK", "208": "ATEK", "209": "ATEK", "210": "ATEK", "211": "ATEK", "212": "ATEK", "213": "ATEK", "214": "ATEK", "215": "ATEK", "216": "ATEK", "217": "ATEK", "218": "ATEK", "219": "ATEK", "220": "ATEK", "221": "ATEK", "222": "ATEK", "223": "ATEK", "224": "ATEK", "225": "ATEK", "226": "ATEK", "227": "ATEK", "228": "ATEK", "229": "ATEK", "230": "ATEK", "231": "ATEK", "232": "ATEK", "233": "ATEK", "234": "ATEK", "235": "ATEK", "236": "ATEK", "237": "ATEK", "238": "ATEK", "239": "ATEK", "240": "ATEK", "241": "ATEK", "242": "ATEK", "243": "ATEK", "244": "ATEK", "245": "ATEK", "246": "ATEK", "247": "ATEK", "248": "ATEK", "249": "ATEK", "250": "ATEK", "251": "ATEK", "252": "ATEK", "253": "ATEK", "254": "ATEK", "255": "ATEK", "256": "ATEK", "257": "ATEK", "258": "ATEK", "259": "ATEK", "260": "ATEK", "261": "ATEK", "262": "ATEK", "263": "ATEK", "264": "ATEK", "265": "ATEK", "266": "ATEK", "267": "ATEK", "268": "ATEK", "269": "ATEK", "270": "ATEK", "271": "ATEK", "272": "ATEK", "273": "ATEK", "274": "ATEK", "275": "ATEK", "276": "ATEK", "277": "ATEK", "278": "ATEK", "279": "ATEK", "280": "ATEK", "281": "ATEK", "282": "ATEK", "283": "ATEK", "284": "ATEK", "285": "ATEK", "286": "ATEK", "287": "ATEK", "288": "ATEK", "289": "ATEK", "290": "ATEK", "291": "ATEK", "292": "ATEK", "293": "ATEK", "294": "ATEK", "295": "ATEK", "296": "ATEK", "297": "ATEK", "298": "ATEK", "299": "ATEK", "300": "ATEK", "301": "ATEK", "302": "ATEK", "303": "ATEK", "304": "ATEK", "305": "ATEK", "306": "ATEK", "307": "ATEK", "308": "ATEK", "309": "ATEK", "310": "ATEK", "311": "ATEK", "312": "ATEK", "313": "ATEK", "314": "ATEK", "315": "ATEK", "316": "ATEK", "317": "ATEK", "318": "ATEK", "319": "ATEK", "320": "ATEK", "321": "ATEK", "322": "ATEK", "323": "ATEK", "324": "ATEK", "325": "ATEK", "326": "ATEK", "327": "ATEK", "328": "ATEK", "329": "ATEK", "330": "ATEK", "331": "ATEK", "332": "ATEK", "333": "ATEK", "334": "ATEK", "335": "ATEK", "336": "ATEK", "337": "ATEK", "338": "ATEK", "339": "ATEK", "340": "ATEK", "341": "ATEK", "342": "ATEK", "343": "ATEK", "344": "ATEK", "345": "ATEK", "346": "ATEK", "347": "ATEK", "348": "ATEK", "349": "ATEK", "350": "ATEK", "351": "ATEK", "352": "ATEK", "353": "ATEK", "354": "ATEK", "355": "ATEK"}, "date": {"0": "2022-01-28", "1": "2022-01-31", "2": "2022-02-01", "3": "2022-02-02", "4": "2022-02-03", "5": "2022-02-04", "6": "2022-02-07", "7": "2022-02-08", "8": "2022-02-09", "9": "2022-02-10", "10": "2022-02-11", "11": "2022-02-14", "12": "2022-02-15", "13": "2022-02-16", "14": "2022-02-17", "15": "2022-02-18", "16": "2022-02-22", "17": "2022-02-23", "18": "2022-02-24", "19": "2022-02-25", "20": "2022-02-28", "21": "2022-03-01", "22": "2022-03-02", "23": "2022-03-03", "24": "2022-03-04", "25": "2022-03-07", "26": "2022-03-08", "27": "2022-03-09", "28": "2022-03-10", "29": "2022-03-11", "30": "2022-03-14", "31": "2022-03-15", "32": "2022-03-16", "33": "2022-03-17", "34": "2022-03-18", "35": "2022-03-21", "36": "2022-03-22", "37": "2022-03-23", "38": "2022-03-24", "39": "2022-03-25", "40": "2022-03-28", "41": "2022-03-29", "42": "2022-03-30", "43": "2022-03-31", "44": "2022-04-01", "45": "2022-04-04", "46": "2022-04-05", "47": "2022-04-06", "48": "2022-04-07", "49": "2022-04-08", "50": "2022-04-11", "51": "2022-04-12", "52": "2022-04-13", "53": "2022-04-14", "54": "2022-04-18", "55": "2022-04-19", "56": "2022-04-20", "57": "2022-04-21", "58": "2022-04-22", "59": "2022-04-25", "60": "2022-04-26", "61": "2022-04-27", "62": "2022-04-28", "63": "2022-04-29", "64": "2022-05-02", "65": "2022-05-03", "66": "2022-05-04", "67": "2022-05-05", "68": "2022-05-06", "69": "2022-05-09", "70": "2022-05-10", "71": "2022-05-11", "72": "2022-05-12", "73": "2022-05-13", "74": "2022-05-16", "75": "2022-05-17", "76": "2022-05-18", "77": "2022-05-19", "78": "2022-05-20", "79": "2022-05-23", "80": "2022-05-24", "81": "2022-05-25", "82": "2022-05-26", "83": "2022-05-27", "84": "2022-05-31", "85": "2022-06-01", "86": "2022-06-02", "87": "2022-06-03", "88": "2022-06-06", "89": "2022-06-07", "90": "2022-06-08", "91": "2022-06-09", "92": "2022-06-10", "93": "2022-06-13", "94": "2022-06-14", "95": "2022-06-15", "96": "2022-06-16", "97": "2022-06-17", "98": "2022-06-21", "99": "2022-06-22", "100": "2022-06-23", "101": "2022-06-24", "102": "2022-06-27", "103": "2022-06-28", "104": "2022-06-29", "105": "2022-06-30", "106": "2022-07-01", "107": "2022-07-05", "108": "2022-07-06", "109": "2022-07-07", "110": "2022-07-08", "111": "2022-07-11", "112": "2022-07-12", "113": "2022-07-13", "114": "2022-07-14", "115": "2022-07-15", "116": "2022-07-18", "117": "2022-07-19", "118": "2022-07-20", "119": "2022-07-21", "120": "2022-07-22", "121": "2022-07-25", "122": "2022-07-26", "123": "2022-07-27", "124": "2022-07-28", "125": "2022-07-29", "126": "2022-08-01", "127": "2022-08-02", "128": "2022-08-03", "129": "2022-08-04", "130": "2022-08-05", "131": "2022-08-08", "132": "2022-08-09", "133": "2022-08-10", "134": "2022-08-11", "135": "2022-08-12", "136": "2022-08-15", "137": "2022-08-16", "138": "2022-08-17", "139": "2022-08-18", "140": "2022-08-19", "141": "2022-08-22", "142": "2022-08-23", "143": "2022-08-24", "144": "2022-08-25", "145": "2022-08-26", "146": "2022-08-29", "147": "2022-08-30", "148": "2022-08-31", "149": "2022-09-01", "150": "2022-09-02", "151": "2022-09-06", "152": "2022-09-07", "153": "2022-09-08", "154": "2022-09-09", "155": "2022-09-12", "156": "2022-09-13", "157": "2022-09-14", "158": "2022-09-15", "159": "2022-09-16", "160": "2022-09-19", "161": "2022-09-20", "162": "2022-09-21", "163": "2022-09-22", "164": "2022-09-23", "165": "2022-09-26", "166": "2022-09-27", "167": "2022-09-28", "168": "2022-09-29", "169": "2022-09-30", "170": "2022-10-03", "171": "2022-10-04", "172": "2022-10-05", "173": "2022-10-06", "174": "2022-10-07", "175": "2022-10-10", "176": "2022-10-11", "177": "2022-10-12", "178": "2022-10-13", "179": "2022-10-14", "180": "2022-10-17", "181": "2022-10-18", "182": "2022-10-19", "183": "2022-10-20", "184": "2022-10-21", "185": "2022-10-24", "186": "2022-10-25", "187": "2022-10-26", "188": "2022-10-27", "189": "2022-10-28", "190": "2022-10-31", "191": "2022-11-01", "192": "2022-11-02", "193": "2022-11-03", "194": "2022-11-04", "195": "2022-11-07", "196": "2022-11-08", "197": "2022-11-09", "198": "2022-11-10", "199": "2022-11-11", "200": "2022-11-14", "201": "2022-11-15", "202": "2022-11-16", "203": "2022-11-17", "204": "2022-11-18", "205": "2022-11-21", "206": "2022-11-22", "207": "2022-11-23", "208": "2022-11-25", "209": "2022-11-28", "210": "2022-11-29", "211": "2022-11-30", "212": "2022-12-01", "213": "2022-12-02", "214": "2022-12-05", "215": "2022-12-06", "216": "2022-12-07", "217": "2022-12-08", "218": "2022-12-09", "219": "2022-12-12", "220": "2022-12-13", "221": "2022-12-14", "222": "2022-12-15", "223": "2022-12-16", "224": "2022-12-19", "225": "2022-12-20", "226": "2022-12-21", "227": "2022-12-22", "228": "2022-12-23", "229": "2022-12-27", "230": "2022-12-28", "231": "2022-12-29", "232": "2022-12-30", "233": "2023-01-03", "234": "2023-01-04", "235": "2023-01-05", "236": "2023-01-06", "237": "2023-01-09", "238": "2023-01-10", "239": "2023-01-11", "240": "2023-01-12", "241": "2023-01-13", "242": "2023-01-17", "243": "2023-01-18", "244": "2023-01-19", "245": "2023-01-20", "246": "2023-01-23", "247": "2023-01-24", "248": "2023-01-25", "249": "2023-01-26", "250": "2023-01-27", "251": "2023-01-30", "252": "2023-01-31", "253": "2023-02-01", "254": "2023-02-02", "255": "2023-02-03", "256": "2023-02-06", "257": "2023-02-07", "258": "2023-02-08", "259": "2023-02-09", "260": "2023-02-10", "261": "2023-02-13", "262": "2023-02-14", "263": "2023-02-15", "264": "2023-02-16", "265": "2023-02-17", "266": "2023-02-21", "267": "2023-02-22", "268": "2023-02-23", "269": "2023-02-24", "270": "2023-02-27", "271": "2023-02-28", "272": "2023-03-01", "273": "2023-03-02", "274": "2023-03-03", "275": "2023-03-06", "276": "2023-03-07", "277": "2023-03-08", "278": "2023-03-09", "279": "2023-03-10", "280": "2023-03-13", "281": "2023-03-14", "282": "2023-03-15", "283": "2023-03-16", "284": "2023-03-17", "285": "2023-03-20", "286": "2023-03-21", "287": "2023-03-22", "288": "2023-03-23", "289": "2023-03-24", "290": "2023-03-27", "291": "2023-03-28", "292": "2023-03-29", "293": "2023-03-30", "294": "2023-03-31", "295": "2023-04-03", "296": "2023-04-04", "297": "2023-04-05", "298": "2023-04-06", "299": "2023-04-10", "300": "2023-04-11", "301": "2023-04-12", "302": "2023-04-13", "303": "2023-04-14", "304": "2023-04-17", "305": "2023-04-18", "306": "2023-04-19", "307": "2023-04-20", "308": "2023-04-21", "309": "2023-04-24", "310": "2023-04-25", "311": "2023-04-26", "312": "2023-04-27", "313": "2023-04-28", "314": "2023-05-01", "315": "2023-05-02", "316": "2023-05-03", "317": "2023-05-04", "318": "2023-05-05", "319": "2023-05-08", "320": "2023-05-09", "321": "2023-05-10", "322": "2023-05-11", "323": "2023-05-12", "324": "2023-05-15", "325": "2023-05-16", "326": "2023-05-17", "327": "2023-05-18", "328": "2023-05-19", "329": "2023-05-22", "330": "2023-05-23", "331": "2023-05-24", "332": "2023-05-25", "333": "2023-05-26", "334": "2023-05-30", "335": "2023-05-31", "336": "2023-06-01", "337": "2023-06-02", "338": "2023-06-05", "339": "2023-06-06", "340": "2023-06-07", "341": "2023-06-08", "342": "2023-06-09", "343": "2023-06-12", "344": "2023-06-13", "345": "2023-06-14", "346": "2023-06-15", "347": "2023-06-16", "348": "2023-06-20", "349": "2023-06-21", "350": "2023-06-22", "351": "2023-06-23", "352": "2023-06-26", "353": "2023-06-27", "354": "2023-06-28", "355": "2023-06-29"}, "open": {"0": 9.550000190734863, "1": 9.550000190734863, "2": 9.699999809265137, "3": 9.65999984741211, "4": 9.779999732971191, "5": 9.970000267028809, "6": 9.970000267028809, "7": 9.970000267028809, "8": 9.970000267028809, "9": 9.760000228881836, "10": 9.760000228881836, "11": 9.760000228881836, "12": 9.760000228881836, "13": 9.760000228881836, "14": 9.760000228881836, "15": 9.760000228881836, "16": 9.920000076293945, "17": 9.760000228881836, "18": 9.760000228881836, "19": 9.760000228881836, "20": 9.779999732971191, "21": 9.760000228881836, "22": 9.760000228881836, "23": 9.75, "24": 9.75, "25": 9.75, "26": 9.75, "27": 9.760000228881836, "28": 9.75, "29": 9.75, "30": 9.75, "31": 9.75, "32": 9.760000228881836, "33": 9.779999732971191, "34": 9.779999732971191, "35": 9.699999809265137, "36": 9.699999809265137, "37": 9.699999809265137, "38": 9.699999809265137, "39": 9.819999694824219, "40": 9.84000015258789, "41": 9.779999732971191, "42": 9.78499984741211, "43": 9.779999732971191, "44": 9.779999732971191, "45": 9.829999923706055, "46": 9.829999923706055, "47": 9.779999732971191, "48": 9.789999961853027, "49": 9.800000190734863, "50": 9.789999961853027, "51": 9.850000381469727, "52": 9.800000190734863, "53": 9.800000190734863, "54": 9.819999694824219, "55": 9.800000190734863, "56": 9.819999694824219, "57": 9.819999694824219, "58": 9.819999694824219, "59": 9.819999694824219, "60": 9.819999694824219, "61": 9.819999694824219, "62": 9.880000114440918, "63": 9.880000114440918, "64": 9.835000038146973, "65": 9.835000038146973, "66": 9.835000038146973, "67": 9.835000038146973, "68": 9.835000038146973, "69": 9.835000038146973, "70": 9.84000015258789, "71": 9.789999961853027, "72": 9.789999961853027, "73": 9.789999961853027, "74": 9.817000389099121, "75": 9.817000389099121, "76": 9.817000389099121, "77": 9.817000389099121, "78": 9.791999816894531, "79": 9.791999816894531, "80": 9.791999816894531, "81": 9.791999816894531, "82": 9.791999816894531, "83": 9.791999816894531, "84": 9.760000228881836, "85": 9.798999786376953, "86": 9.798999786376953, "87": 9.8100004196167, "88": 9.779999732971191, "89": 9.779999732971191, "90": 9.829999923706055, "91": 9.789999961853027, "92": 9.800000190734863, "93": 9.789999961853027, "94": 9.8100004196167, "95": 9.8100004196167, "96": 9.789999961853027, "97": 9.8100004196167, "98": 9.779999732971191, "99": 9.789999961853027, "100": 9.789999961853027, "101": 9.899999618530273, "102": 9.850000381469727, "103": 9.8100004196167, "104": 9.8100004196167, "105": 9.800000190734863, "106": 9.800000190734863, "107": 9.824999809265137, "108": 9.824999809265137, "109": 9.824999809265137, "110": 9.824999809265137, "111": 9.824999809265137, "112": 9.824999809265137, "113": 9.829999923706055, "114": 9.829999923706055, "115": 9.829999923706055, "116": 9.829999923706055, "117": 9.829999923706055, "118": 9.819999694824219, "119": 9.819999694824219, "120": 9.829999923706055, "121": 9.850000381469727, "122": 9.84000015258789, "123": 9.859999656677246, "124": 9.829999923706055, "125": 9.829999923706055, "126": 9.829999923706055, "127": 9.829999923706055, "128": 9.930000305175781, "129": 9.875, "130": 9.890000343322754, "131": 9.899999618530273, "132": 9.880000114440918, "133": 9.880000114440918, "134": 9.890000343322754, "135": 9.890000343322754, "136": 9.899999618530273, "137": 9.90999984741211, "138": 9.880000114440918, "139": 9.869999885559082, "140": 9.850000381469727, "141": 9.850000381469727, "142": 9.880000114440918, "143": 9.875, "144": 9.859999656677246, "145": 9.859999656677246, "146": 9.859999656677246, "147": 9.850000381469727, "148": 9.850000381469727, "149": 9.859999656677246, "150": 9.859999656677246, "151": 9.850000381469727, "152": 9.859999656677246, "153": 9.859999656677246, "154": 9.850000381469727, "155": 9.850000381469727, "156": 9.850000381469727, "157": 9.859999656677246, "158": 9.859999656677246, "159": 9.850000381469727, "160": 9.850000381469727, "161": 9.859999656677246, "162": 9.854999542236328, "163": 9.869999885559082, "164": 9.869999885559082, "165": 9.869999885559082, "166": 9.880000114440918, "167": 9.869999885559082, "168": 9.869999885559082, "169": 9.869999885559082, "170": 9.890000343322754, "171": 9.869999885559082, "172": 9.869999885559082, "173": 9.890000343322754, "174": 9.869999885559082, "175": 9.859999656677246, "176": 9.850000381469727, "177": 9.869999885559082, "178": 9.890000343322754, "179": 9.890000343322754, "180": 9.890000343322754, "181": 9.949999809265137, "182": 9.90999984741211, "183": 9.925000190734863, "184": 9.930000305175781, "185": 9.949999809265137, "186": 9.949999809265137, "187": 9.960000038146973, "188": 9.9399995803833, "189": 9.960000038146973, "190": 9.949999809265137, "191": 9.960000038146973, "192": 9.970000267028809, "193": 9.979999542236328, "194": 9.970000267028809, "195": 9.970000267028809, "196": 9.970000267028809, "197": 9.960000038146973, "198": 9.960000038146973, "199": 9.954999923706055, "200": 9.9399995803833, "201": 9.960000038146973, "202": 9.960000038146973, "203": 10.020000457763672, "204": 9.989999771118164, "205": 9.989999771118164, "206": 10.029999732971191, "207": 10.0, "208": 9.989999771118164, "209": 10.020000457763672, "210": 10.024999618530273, "211": 10.024999618530273, "212": 10.024999618530273, "213": 10.029999732971191, "214": 10.050000190734863, "215": 10.039999961853027, "216": 10.050000190734863, "217": 10.0600004196167, "218": 10.050000190734863, "219": 10.039999961853027, "220": 10.0, "221": 10.0, "222": 10.029999732971191, "223": 10.029999732971191, "224": 10.0600004196167, "225": 10.039999961853027, "226": 9.9399995803833, "227": 9.989999771118164, "228": 9.989999771118164, "229": 9.989999771118164, "230": 10.039999961853027, "231": 10.050000190734863, "232": 10.0600004196167, "233": 10.0600004196167, "234": 10.069999694824219, "235": 10.069999694824219, "236": 10.09000015258789, "237": 10.079999923706055, "238": 10.09000015258789, "239": 10.109999656677246, "240": 10.109999656677246, "241": 10.109999656677246, "242": 10.100000381469727, "243": 10.114999771118164, "244": 10.119999885559082, "245": 10.149999618530273, "246": 10.119999885559082, "247": 10.130000114440918, "248": 10.140000343322754, "249": 10.140000343322754, "250": 10.130000114440918, "251": 10.140000343322754, "252": 10.180000305175781, "253": 10.149999618530273, "254": 10.149999618530273, "255": 10.157999992370605, "256": 10.170000076293945, "257": 10.149999618530273, "258": 10.149999618530273, "259": 10.149999618530273, "260": 10.15999984741211, "261": 10.15999984741211, "262": 10.175000190734863, "263": 10.180000305175781, "264": 10.180000305175781, "265": 10.180000305175781, "266": 10.180000305175781, "267": 10.1850004196167, "268": 10.180000305175781, "269": 10.1850004196167, "270": 10.1899995803833, "271": 10.1899995803833, "272": 10.1899995803833, "273": 10.1899995803833, "274": 10.194999694824219, "275": 10.199999809265137, "276": 10.229999542236328, "277": 10.204999923706055, "278": 10.220999717712402, "279": 10.239999771118164, "280": 10.210000038146973, "281": 10.210000038146973, "282": 10.25, "283": 10.289999961853027, "284": 10.229999542236328, "285": 10.229999542236328, "286": 10.255000114440918, "287": 10.229999542236328, "288": 10.229999542236328, "289": 10.239999771118164, "290": 10.300000190734863, "291": 10.260000228881836, "292": 10.260000228881836, "293": 10.260000228881836, "294": 10.25, "295": 10.300000190734863, "296": 10.270000457763672, "297": 10.258999824523926, "298": 10.25, "299": 10.255000114440918, "300": 10.289999961853027, "301": 10.262999534606934, "302": 10.262999534606934, "303": 10.270000457763672, "304": 10.279999732971191, "305": 10.279999732971191, "306": 10.270000457763672, "307": 10.270000457763672, "308": 10.289999961853027, "309": 10.289999961853027, "310": 10.300000190734863, "311": 10.300000190734863, "312": 10.300000190734863, "313": 10.300000190734863, "314": 10.300000190734863, "315": 10.300000190734863, "316": 10.300000190734863, "317": 10.300000190734863, "318": 10.3100004196167, "319": 10.3100004196167, "320": 10.3100004196167, "321": 10.300000190734863, "322": 10.303999900817871, "323": 10.3100004196167, "324": 10.319999694824219, "325": 10.300000190734863, "326": 10.329999923706055, "327": 10.34000015258789, "328": 10.350000381469727, "329": 10.359999656677246, "330": 10.350000381469727, "331": 10.343000411987305, "332": 10.350000381469727, "333": 10.350000381469727, "334": 10.369999885559082, "335": 10.369999885559082, "336": 10.359999656677246, "337": 10.354999542236328, "338": 10.350000381469727, "339": 10.359999656677246, "340": 10.380000114440918, "341": 10.364999771118164, "342": 10.239999771118164, "343": 10.350000381469727, "344": 10.390000343322754, "345": 10.329999923706055, "346": 10.350000381469727, "347": 10.350000381469727, "348": 10.359999656677246, "349": 10.390000343322754, "350": 10.390000343322754, "351": 10.359999656677246, "352": 10.390000343322754, "353": 10.355999946594238, "354": 10.369999885559082, "355": 10.399999618530273}, "high": {"0": 9.550000190734863, "1": 9.550000190734863, "2": 9.699999809265137, "3": 9.920000076293945, "4": 9.779999732971191, "5": 9.970000267028809, "6": 9.970000267028809, "7": 9.970000267028809, "8": 9.970000267028809, "9": 9.760000228881836, "10": 9.760000228881836, "11": 9.760000228881836, "12": 9.760000228881836, "13": 9.760000228881836, "14": 9.760000228881836, "15": 9.760000228881836, "16": 9.920000076293945, "17": 9.760000228881836, "18": 9.760000228881836, "19": 9.760000228881836, "20": 9.779999732971191, "21": 9.760000228881836, "22": 9.760000228881836, "23": 9.75, "24": 9.75, "25": 9.75, "26": 9.75, "27": 9.760000228881836, "28": 9.75, "29": 9.75, "30": 9.75, "31": 9.75, "32": 9.779999732971191, "33": 9.779999732971191, "34": 9.779999732971191, "35": 9.699999809265137, "36": 9.699999809265137, "37": 9.699999809265137, "38": 9.699999809265137, "39": 9.819999694824219, "40": 9.84000015258789, "41": 9.779999732971191, "42": 9.78499984741211, "43": 9.779999732971191, "44": 9.789999961853027, "45": 9.829999923706055, "46": 9.829999923706055, "47": 9.829999923706055, "48": 9.789999961853027, "49": 9.800000190734863, "50": 9.829999923706055, "51": 9.850000381469727, "52": 9.800000190734863, "53": 9.800000190734863, "54": 9.819999694824219, "55": 9.819999694824219, "56": 9.819999694824219, "57": 9.819999694824219, "58": 9.819999694824219, "59": 9.819999694824219, "60": 9.819999694824219, "61": 9.819999694824219, "62": 9.880000114440918, "63": 9.880000114440918, "64": 9.835000038146973, "65": 9.835000038146973, "66": 9.835000038146973, "67": 9.835000038146973, "68": 9.835000038146973, "69": 9.835000038146973, "70": 9.84000015258789, "71": 9.789999961853027, "72": 9.789999961853027, "73": 9.789999961853027, "74": 9.817000389099121, "75": 9.817000389099121, "76": 9.817000389099121, "77": 9.817000389099121, "78": 9.791999816894531, "79": 9.791999816894531, "80": 9.791999816894531, "81": 9.791999816894531, "82": 9.791999816894531, "83": 9.791999816894531, "84": 9.899999618530273, "85": 9.798999786376953, "86": 9.798999786376953, "87": 9.8100004196167, "88": 9.779999732971191, "89": 9.789999961853027, "90": 9.829999923706055, "91": 9.789999961853027, "92": 9.800000190734863, "93": 9.8100004196167, "94": 9.8100004196167, "95": 9.8100004196167, "96": 9.789999961853027, "97": 9.8100004196167, "98": 9.779999732971191, "99": 9.789999961853027, "100": 9.789999961853027, "101": 9.899999618530273, "102": 9.850000381469727, "103": 9.8100004196167, "104": 9.8100004196167, "105": 9.850000381469727, "106": 9.800000190734863, "107": 9.824999809265137, "108": 9.824999809265137, "109": 9.824999809265137, "110": 9.824999809265137, "111": 9.824999809265137, "112": 9.824999809265137, "113": 9.829999923706055, "114": 9.829999923706055, "115": 9.829999923706055, "116": 9.829999923706055, "117": 9.829999923706055, "118": 9.819999694824219, "119": 9.819999694824219, "120": 9.84000015258789, "121": 9.850000381469727, "122": 9.84000015258789, "123": 9.880000114440918, "124": 9.829999923706055, "125": 9.829999923706055, "126": 9.829999923706055, "127": 9.829999923706055, "128": 9.930000305175781, "129": 9.890000343322754, "130": 9.890000343322754, "131": 9.899999618530273, "132": 9.890000343322754, "133": 9.895000457763672, "134": 9.899999618530273, "135": 9.899999618530273, "136": 9.899999618530273, "137": 9.90999984741211, "138": 9.890000343322754, "139": 9.869999885559082, "140": 9.850000381469727, "141": 9.850000381469727, "142": 9.880000114440918, "143": 9.875, "144": 9.859999656677246, "145": 9.859999656677246, "146": 9.859999656677246, "147": 9.850000381469727, "148": 9.850000381469727, "149": 9.859999656677246, "150": 9.859999656677246, "151": 9.850000381469727, "152": 9.859999656677246, "153": 9.859999656677246, "154": 9.850000381469727, "155": 9.850000381469727, "156": 9.859999656677246, "157": 9.859999656677246, "158": 9.859999656677246, "159": 9.854999542236328, "160": 9.869999885559082, "161": 9.869999885559082, "162": 9.854999542236328, "163": 9.880000114440918, "164": 9.869999885559082, "165": 9.880000114440918, "166": 9.890000343322754, "167": 9.869999885559082, "168": 9.869999885559082, "169": 9.869999885559082, "170": 9.890000343322754, "171": 9.869999885559082, "172": 9.869999885559082, "173": 9.890000343322754, "174": 9.869999885559082, "175": 9.859999656677246, "176": 9.850000381469727, "177": 9.90999984741211, "178": 9.90999984741211, "179": 9.899999618530273, "180": 9.90999984741211, "181": 9.949999809265137, "182": 9.930000305175781, "183": 9.925000190734863, "184": 9.9399995803833, "185": 9.949999809265137, "186": 9.960000038146973, "187": 9.960000038146973, "188": 9.9399995803833, "189": 9.960000038146973, "190": 9.949999809265137, "191": 9.970000267028809, "192": 9.979999542236328, "193": 9.979999542236328, "194": 9.979999542236328, "195": 9.989999771118164, "196": 9.975000381469727, "197": 9.960000038146973, "198": 9.960000038146973, "199": 9.954999923706055, "200": 9.9399995803833, "201": 9.970000267028809, "202": 9.979999542236328, "203": 10.050000190734863, "204": 10.0, "205": 10.010000228881836, "206": 10.029999732971191, "207": 10.00100040435791, "208": 10.010000228881836, "209": 10.039999961853027, "210": 10.024999618530273, "211": 10.024999618530273, "212": 10.024999618530273, "213": 10.050000190734863, "214": 10.050000190734863, "215": 10.0600004196167, "216": 10.0600004196167, "217": 10.0600004196167, "218": 10.0600004196167, "219": 10.0600004196167, "220": 10.050000190734863, "221": 10.039999961853027, "222": 10.029999732971191, "223": 10.029999732971191, "224": 10.15999984741211, "225": 10.039999961853027, "226": 10.010000228881836, "227": 10.0, "228": 10.0, "229": 10.029999732971191, "230": 10.050000190734863, "231": 10.0600004196167, "232": 10.0600004196167, "233": 10.0600004196167, "234": 10.069999694824219, "235": 10.09000015258789, "236": 10.09000015258789, "237": 10.100000381469727, "238": 10.109999656677246, "239": 10.109999656677246, "240": 10.109999656677246, "241": 10.109999656677246, "242": 10.100000381469727, "243": 10.119999885559082, "244": 10.119999885559082, "245": 10.149999618530273, "246": 10.119999885559082, "247": 10.140000343322754, "248": 10.140000343322754, "249": 10.140000343322754, "250": 10.149999618530273, "251": 10.149999618530273, "252": 10.180000305175781, "253": 10.149999618530273, "254": 10.15999984741211, "255": 10.1899995803833, "256": 10.170000076293945, "257": 10.149999618530273, "258": 10.170000076293945, "259": 10.149999618530273, "260": 10.15999984741211, "261": 10.15999984741211, "262": 10.175000190734863, "263": 10.199999809265137, "264": 10.180000305175781, "265": 10.180000305175781, "266": 10.1899995803833, "267": 10.1850004196167, "268": 10.210000038146973, "269": 10.194999694824219, "270": 10.1899995803833, "271": 10.1899995803833, "272": 10.1899995803833, "273": 10.194999694824219, "274": 10.194999694824219, "275": 10.204999923706055, "276": 10.229999542236328, "277": 10.210000038146973, "278": 10.220999717712402, "279": 10.239999771118164, "280": 10.210000038146973, "281": 10.225000381469727, "282": 10.25, "283": 10.289999961853027, "284": 10.229999542236328, "285": 10.300000190734863, "286": 10.255000114440918, "287": 10.229999542236328, "288": 10.239999771118164, "289": 10.25, "290": 10.300000190734863, "291": 10.260000228881836, "292": 10.260000228881836, "293": 10.260000228881836, "294": 10.25, "295": 10.300000190734863, "296": 10.270000457763672, "297": 10.270000457763672, "298": 10.255000114440918, "299": 10.260000228881836, "300": 10.289999961853027, "301": 10.262999534606934, "302": 10.262999534606934, "303": 10.293000221252441, "304": 10.279999732971191, "305": 10.282999992370605, "306": 10.270000457763672, "307": 10.300000190734863, "308": 10.289999961853027, "309": 10.300000190734863, "310": 10.300000190734863, "311": 10.300000190734863, "312": 10.300000190734863, "313": 10.300000190734863, "314": 10.300000190734863, "315": 10.300000190734863, "316": 10.300000190734863, "317": 10.3100004196167, "318": 10.3100004196167, "319": 10.3100004196167, "320": 10.3100004196167, "321": 10.305000305175781, "322": 10.3100004196167, "323": 10.3100004196167, "324": 10.319999694824219, "325": 10.3100004196167, "326": 10.34000015258789, "327": 10.350000381469727, "328": 10.350000381469727, "329": 10.359999656677246, "330": 10.350000381469727, "331": 10.350000381469727, "332": 10.350000381469727, "333": 10.350000381469727, "334": 10.369999885559082, "335": 10.369999885559082, "336": 10.359999656677246, "337": 10.359999656677246, "338": 10.359999656677246, "339": 10.359999656677246, "340": 10.380000114440918, "341": 10.364999771118164, "342": 10.390000343322754, "343": 10.390000343322754, "344": 10.390000343322754, "345": 10.329999923706055, "346": 10.375, "347": 10.350000381469727, "348": 10.359999656677246, "349": 10.390000343322754, "350": 10.390000343322754, "351": 10.359999656677246, "352": 10.390000343322754, "353": 10.355999946594238, "354": 10.430000305175781, "355": 10.899999618530273}, "low": {"0": 9.550000190734863, "1": 9.550000190734863, "2": 9.699999809265137, "3": 9.65999984741211, "4": 9.779999732971191, "5": 9.970000267028809, "6": 9.970000267028809, "7": 9.970000267028809, "8": 9.760000228881836, "9": 9.760000228881836, "10": 9.760000228881836, "11": 9.760000228881836, "12": 9.760000228881836, "13": 9.760000228881836, "14": 9.760000228881836, "15": 9.760000228881836, "16": 9.760000228881836, "17": 9.760000228881836, "18": 9.760000228881836, "19": 9.760000228881836, "20": 9.760000228881836, "21": 9.760000228881836, "22": 9.760000228881836, "23": 9.75, "24": 9.75, "25": 9.75, "26": 9.75, "27": 9.75, "28": 9.75, "29": 9.75, "30": 9.75, "31": 9.75, "32": 9.75, "33": 9.779999732971191, "34": 9.779999732971191, "35": 9.699999809265137, "36": 9.699999809265137, "37": 9.699999809265137, "38": 9.699999809265137, "39": 9.760000228881836, "40": 9.779999732971191, "41": 9.779999732971191, "42": 9.770000457763672, "43": 9.779999732971191, "44": 9.770000457763672, "45": 9.779999732971191, "46": 9.770000457763672, "47": 9.779999732971191, "48": 9.789999961853027, "49": 9.789999961853027, "50": 9.789999961853027, "51": 9.800000190734863, "52": 9.800000190734863, "53": 9.800000190734863, "54": 9.800000190734863, "55": 9.800000190734863, "56": 9.8100004196167, "57": 9.819999694824219, "58": 9.819999694824219, "59": 9.819999694824219, "60": 9.819999694824219, "61": 9.819999694824219, "62": 9.880000114440918, "63": 9.880000114440918, "64": 9.835000038146973, "65": 9.835000038146973, "66": 9.835000038146973, "67": 9.835000038146973, "68": 9.835000038146973, "69": 9.835000038146973, "70": 9.84000015258789, "71": 9.789999961853027, "72": 9.789999961853027, "73": 9.789999961853027, "74": 9.817000389099121, "75": 9.817000389099121, "76": 9.817000389099121, "77": 9.817000389099121, "78": 9.791999816894531, "79": 9.791999816894531, "80": 9.791999816894531, "81": 9.791999816894531, "82": 9.791999816894531, "83": 9.791999816894531, "84": 9.760000228881836, "85": 9.798999786376953, "86": 9.798999786376953, "87": 9.779999732971191, "88": 9.779999732971191, "89": 9.779999732971191, "90": 9.789999961853027, "91": 9.789999961853027, "92": 9.789999961853027, "93": 9.789999961853027, "94": 9.8100004196167, "95": 9.8100004196167, "96": 9.789999961853027, "97": 9.789999961853027, "98": 9.779999732971191, "99": 9.789999961853027, "100": 9.789999961853027, "101": 9.850000381469727, "102": 9.850000381469727, "103": 9.8100004196167, "104": 9.8100004196167, "105": 9.800000190734863, "106": 9.800000190734863, "107": 9.824999809265137, "108": 9.824999809265137, "109": 9.824999809265137, "110": 9.824999809265137, "111": 9.824999809265137, "112": 9.824999809265137, "113": 9.829999923706055, "114": 9.829999923706055, "115": 9.829999923706055, "116": 9.829999923706055, "117": 9.829999923706055, "118": 9.819999694824219, "119": 9.819999694824219, "120": 9.829999923706055, "121": 9.850000381469727, "122": 9.84000015258789, "123": 9.829999923706055, "124": 9.829999923706055, "125": 9.829999923706055, "126": 9.829999923706055, "127": 9.829999923706055, "128": 9.859999656677246, "129": 9.869999885559082, "130": 9.890000343322754, "131": 9.890000343322754, "132": 9.880000114440918, "133": 9.880000114440918, "134": 9.880000114440918, "135": 9.890000343322754, "136": 9.895000457763672, "137": 9.90999984741211, "138": 9.869999885559082, "139": 9.869999885559082, "140": 9.850000381469727, "141": 9.850000381469727, "142": 9.880000114440918, "143": 9.859999656677246, "144": 9.859999656677246, "145": 9.859999656677246, "146": 9.859999656677246, "147": 9.850000381469727, "148": 9.850000381469727, "149": 9.859999656677246, "150": 9.850000381469727, "151": 9.850000381469727, "152": 9.859999656677246, "153": 9.859999656677246, "154": 9.850000381469727, "155": 9.850000381469727, "156": 9.850000381469727, "157": 9.859999656677246, "158": 9.859999656677246, "159": 9.845000267028809, "160": 9.84000015258789, "161": 9.850000381469727, "162": 9.854999542236328, "163": 9.869999885559082, "164": 9.859999656677246, "165": 9.869999885559082, "166": 9.880000114440918, "167": 9.869999885559082, "168": 9.869999885559082, "169": 9.869999885559082, "170": 9.880000114440918, "171": 9.869999885559082, "172": 9.869999885559082, "173": 9.850000381469727, "174": 9.869999885559082, "175": 9.859999656677246, "176": 9.850000381469727, "177": 9.869999885559082, "178": 9.890000343322754, "179": 9.880000114440918, "180": 9.890000343322754, "181": 9.914999961853027, "182": 9.899999618530273, "183": 9.925000190734863, "184": 9.928999900817871, "185": 9.949999809265137, "186": 9.949999809265137, "187": 9.9399995803833, "188": 9.9399995803833, "189": 9.9399995803833, "190": 9.9399995803833, "191": 9.951000213623047, "192": 9.970000267028809, "193": 9.975000381469727, "194": 9.970000267028809, "195": 9.970000267028809, "196": 9.960000038146973, "197": 9.960000038146973, "198": 9.960000038146973, "199": 9.944999694824219, "200": 9.9399995803833, "201": 9.954999923706055, "202": 9.960000038146973, "203": 9.979999542236328, "204": 9.979999542236328, "205": 9.984999656677246, "206": 9.989999771118164, "207": 10.0, "208": 9.989999771118164, "209": 10.020000457763672, "210": 10.024999618530273, "211": 10.024999618530273, "212": 10.024999618530273, "213": 10.029999732971191, "214": 10.045000076293945, "215": 10.039999961853027, "216": 10.050000190734863, "217": 10.0600004196167, "218": 10.050000190734863, "219": 10.039999961853027, "220": 10.0, "221": 9.989999771118164, "222": 10.029999732971191, "223": 10.029999732971191, "224": 10.0600004196167, "225": 9.899999618530273, "226": 9.9399995803833, "227": 9.989999771118164, "228": 9.989999771118164, "229": 9.989999771118164, "230": 10.039999961853027, "231": 10.050000190734863, "232": 10.0600004196167, "233": 10.0600004196167, "234": 10.069999694824219, "235": 10.069999694824219, "236": 10.09000015258789, "237": 10.079999923706055, "238": 10.09000015258789, "239": 10.109999656677246, "240": 10.109999656677246, "241": 10.100000381469727, "242": 10.100000381469727, "243": 10.109999656677246, "244": 10.119999885559082, "245": 10.149999618530273, "246": 10.119999885559082, "247": 10.109999656677246, "248": 10.140000343322754, "249": 10.130000114440918, "250": 10.130000114440918, "251": 10.140000343322754, "252": 10.149999618530273, "253": 10.149999618530273, "254": 10.149999618530273, "255": 10.149999618530273, "256": 10.149999618530273, "257": 10.149999618530273, "258": 10.149999618530273, "259": 10.149999618530273, "260": 10.15999984741211, "261": 10.15999984741211, "262": 10.15999984741211, "263": 10.180000305175781, "264": 10.180000305175781, "265": 10.175000190734863, "266": 10.180000305175781, "267": 10.182999610900879, "268": 10.180000305175781, "269": 10.1850004196167, "270": 10.1899995803833, "271": 10.1899995803833, "272": 10.1899995803833, "273": 10.1899995803833, "274": 10.194999694824219, "275": 10.194999694824219, "276": 10.199999809265137, "277": 10.204999923706055, "278": 10.210000038146973, "279": 10.220000267028809, "280": 10.210000038146973, "281": 10.210000038146973, "282": 10.210000038146973, "283": 10.210000038146973, "284": 10.220000267028809, "285": 10.229999542236328, "286": 10.229999542236328, "287": 10.229999542236328, "288": 10.229999542236328, "289": 10.239999771118164, "290": 10.25, "291": 10.260000228881836, "292": 10.260000228881836, "293": 10.25, "294": 10.25, "295": 10.270000457763672, "296": 10.270000457763672, "297": 10.258999824523926, "298": 10.25, "299": 10.255000114440918, "300": 10.260000228881836, "301": 10.262999534606934, "302": 10.262999534606934, "303": 10.270000457763672, "304": 10.279999732971191, "305": 10.279999732971191, "306": 10.270000457763672, "307": 10.270000457763672, "308": 10.279999732971191, "309": 10.281999588012695, "310": 10.289999961853027, "311": 10.289999961853027, "312": 10.289999961853027, "313": 10.300000190734863, "314": 10.300000190734863, "315": 10.300000190734863, "316": 10.300000190734863, "317": 10.300000190734863, "318": 10.3100004196167, "319": 10.300000190734863, "320": 10.300000190734863, "321": 10.300000190734863, "322": 10.300000190734863, "323": 10.300000190734863, "324": 10.300000190734863, "325": 10.300000190734863, "326": 10.329999923706055, "327": 10.329999923706055, "328": 10.350000381469727, "329": 10.34000015258789, "330": 10.350000381469727, "331": 10.343000411987305, "332": 10.350000381469727, "333": 10.350000381469727, "334": 10.350000381469727, "335": 10.359999656677246, "336": 10.350000381469727, "337": 10.350000381469727, "338": 10.350000381469727, "339": 10.359999656677246, "340": 10.375, "341": 10.350000381469727, "342": 10.239999771118164, "343": 10.350000381469727, "344": 10.329999923706055, "345": 10.329999923706055, "346": 10.34000015258789, "347": 10.350000381469727, "348": 10.359999656677246, "349": 10.390000343322754, "350": 10.350000381469727, "351": 10.359999656677246, "352": 10.355999946594238, "353": 10.355999946594238, "354": 10.369999885559082, "355": 10.390000343322754}, "close": {"0": 9.550000190734863, "1": 9.550000190734863, "2": 9.699999809265137, "3": 9.779999732971191, "4": 9.779999732971191, "5": 9.970000267028809, "6": 9.970000267028809, "7": 9.970000267028809, "8": 9.760000228881836, "9": 9.760000228881836, "10": 9.760000228881836, "11": 9.760000228881836, "12": 9.760000228881836, "13": 9.760000228881836, "14": 9.760000228881836, "15": 9.760000228881836, "16": 9.760000228881836, "17": 9.760000228881836, "18": 9.760000228881836, "19": 9.760000228881836, "20": 9.760000228881836, "21": 9.760000228881836, "22": 9.760000228881836, "23": 9.75, "24": 9.75, "25": 9.75, "26": 9.75, "27": 9.75, "28": 9.75, "29": 9.75, "30": 9.75, "31": 9.75, "32": 9.779999732971191, "33": 9.779999732971191, "34": 9.779999732971191, "35": 9.699999809265137, "36": 9.699999809265137, "37": 9.699999809265137, "38": 9.699999809265137, "39": 9.789999961853027, "40": 9.779999732971191, "41": 9.779999732971191, "42": 9.779999732971191, "43": 9.779999732971191, "44": 9.789999961853027, "45": 9.800000190734863, "46": 9.770000457763672, "47": 9.829999923706055, "48": 9.789999961853027, "49": 9.789999961853027, "50": 9.829999923706055, "51": 9.800000190734863, "52": 9.800000190734863, "53": 9.800000190734863, "54": 9.819999694824219, "55": 9.819999694824219, "56": 9.819999694824219, "57": 9.819999694824219, "58": 9.819999694824219, "59": 9.819999694824219, "60": 9.819999694824219, "61": 9.819999694824219, "62": 9.880000114440918, "63": 9.880000114440918, "64": 9.835000038146973, "65": 9.835000038146973, "66": 9.835000038146973, "67": 9.835000038146973, "68": 9.835000038146973, "69": 9.835000038146973, "70": 9.84000015258789, "71": 9.789999961853027, "72": 9.789999961853027, "73": 9.789999961853027, "74": 9.817000389099121, "75": 9.817000389099121, "76": 9.817000389099121, "77": 9.817000389099121, "78": 9.791999816894531, "79": 9.791999816894531, "80": 9.791999816894531, "81": 9.791999816894531, "82": 9.791999816894531, "83": 9.791999816894531, "84": 9.770000457763672, "85": 9.798999786376953, "86": 9.798999786376953, "87": 9.779999732971191, "88": 9.779999732971191, "89": 9.789999961853027, "90": 9.789999961853027, "91": 9.789999961853027, "92": 9.789999961853027, "93": 9.8100004196167, "94": 9.8100004196167, "95": 9.8100004196167, "96": 9.789999961853027, "97": 9.789999961853027, "98": 9.779999732971191, "99": 9.789999961853027, "100": 9.789999961853027, "101": 9.850000381469727, "102": 9.850000381469727, "103": 9.8100004196167, "104": 9.8100004196167, "105": 9.800000190734863, "106": 9.800000190734863, "107": 9.824999809265137, "108": 9.824999809265137, "109": 9.824999809265137, "110": 9.824999809265137, "111": 9.824999809265137, "112": 9.824999809265137, "113": 9.829999923706055, "114": 9.829999923706055, "115": 9.829999923706055, "116": 9.829999923706055, "117": 9.829999923706055, "118": 9.819999694824219, "119": 9.819999694824219, "120": 9.829999923706055, "121": 9.850000381469727, "122": 9.84000015258789, "123": 9.829999923706055, "124": 9.829999923706055, "125": 9.829999923706055, "126": 9.829999923706055, "127": 9.829999923706055, "128": 9.864999771118164, "129": 9.890000343322754, "130": 9.890000343322754, "131": 9.890000343322754, "132": 9.890000343322754, "133": 9.895000457763672, "134": 9.890000343322754, "135": 9.899999618530273, "136": 9.895000457763672, "137": 9.90999984741211, "138": 9.880000114440918, "139": 9.869999885559082, "140": 9.850000381469727, "141": 9.850000381469727, "142": 9.880000114440918, "143": 9.859999656677246, "144": 9.859999656677246, "145": 9.859999656677246, "146": 9.859999656677246, "147": 9.850000381469727, "148": 9.850000381469727, "149": 9.859999656677246, "150": 9.850000381469727, "151": 9.850000381469727, "152": 9.859999656677246, "153": 9.859999656677246, "154": 9.850000381469727, "155": 9.850000381469727, "156": 9.859999656677246, "157": 9.859999656677246, "158": 9.859999656677246, "159": 9.854999542236328, "160": 9.84000015258789, "161": 9.854999542236328, "162": 9.854999542236328, "163": 9.880000114440918, "164": 9.859999656677246, "165": 9.880000114440918, "166": 9.880000114440918, "167": 9.869999885559082, "168": 9.869999885559082, "169": 9.869999885559082, "170": 9.880000114440918, "171": 9.869999885559082, "172": 9.869999885559082, "173": 9.850000381469727, "174": 9.869999885559082, "175": 9.859999656677246, "176": 9.850000381469727, "177": 9.90999984741211, "178": 9.890000343322754, "179": 9.899999618530273, "180": 9.90999984741211, "181": 9.920000076293945, "182": 9.925000190734863, "183": 9.925000190734863, "184": 9.9399995803833, "185": 9.949999809265137, "186": 9.949999809265137, "187": 9.9399995803833, "188": 9.9399995803833, "189": 9.954999923706055, "190": 9.949999809265137, "191": 9.96500015258789, "192": 9.979999542236328, "193": 9.979999542236328, "194": 9.975000381469727, "195": 9.970000267028809, "196": 9.970000267028809, "197": 9.960000038146973, "198": 9.960000038146973, "199": 9.944999694824219, "200": 9.9399995803833, "201": 9.970000267028809, "202": 9.970000267028809, "203": 9.979999542236328, "204": 9.984999656677246, "205": 10.010000228881836, "206": 10.0, "207": 10.0, "208": 10.010000228881836, "209": 10.029999732971191, "210": 10.024999618530273, "211": 10.024999618530273, "212": 10.024999618530273, "213": 10.039999961853027, "214": 10.050000190734863, "215": 10.050000190734863, "216": 10.0600004196167, "217": 10.0600004196167, "218": 10.0600004196167, "219": 10.050000190734863, "220": 10.050000190734863, "221": 10.029999732971191, "222": 10.029999732971191, "223": 10.029999732971191, "224": 10.15999984741211, "225": 9.944999694824219, "226": 10.010000228881836, "227": 9.989999771118164, "228": 9.989999771118164, "229": 10.029999732971191, "230": 10.050000190734863, "231": 10.0600004196167, "232": 10.0600004196167, "233": 10.0600004196167, "234": 10.069999694824219, "235": 10.09000015258789, "236": 10.09000015258789, "237": 10.100000381469727, "238": 10.109999656677246, "239": 10.109999656677246, "240": 10.109999656677246, "241": 10.100000381469727, "242": 10.100000381469727, "243": 10.119999885559082, "244": 10.119999885559082, "245": 10.149999618530273, "246": 10.119999885559082, "247": 10.109999656677246, "248": 10.140000343322754, "249": 10.130000114440918, "250": 10.140000343322754, "251": 10.145000457763672, "252": 10.149999618530273, "253": 10.149999618530273, "254": 10.15999984741211, "255": 10.1899995803833, "256": 10.149999618530273, "257": 10.149999618530273, "258": 10.170000076293945, "259": 10.149999618530273, "260": 10.15999984741211, "261": 10.15999984741211, "262": 10.175000190734863, "263": 10.199999809265137, "264": 10.180000305175781, "265": 10.180000305175781, "266": 10.1899995803833, "267": 10.182999610900879, "268": 10.210000038146973, "269": 10.1899995803833, "270": 10.1899995803833, "271": 10.1899995803833, "272": 10.1899995803833, "273": 10.194999694824219, "274": 10.194999694824219, "275": 10.204999923706055, "276": 10.199999809265137, "277": 10.210000038146973, "278": 10.210000038146973, "279": 10.220000267028809, "280": 10.210000038146973, "281": 10.210000038146973, "282": 10.210000038146973, "283": 10.220000267028809, "284": 10.220000267028809, "285": 10.300000190734863, "286": 10.229999542236328, "287": 10.229999542236328, "288": 10.239999771118164, "289": 10.239999771118164, "290": 10.260000228881836, "291": 10.260000228881836, "292": 10.260000228881836, "293": 10.25, "294": 10.25, "295": 10.270000457763672, "296": 10.270000457763672, "297": 10.270000457763672, "298": 10.255000114440918, "299": 10.260000228881836, "300": 10.262999534606934, "301": 10.262999534606934, "302": 10.262999534606934, "303": 10.293000221252441, "304": 10.279999732971191, "305": 10.282999992370605, "306": 10.270000457763672, "307": 10.289999961853027, "308": 10.279999732971191, "309": 10.289999961853027, "310": 10.289999961853027, "311": 10.289999961853027, "312": 10.300000190734863, "313": 10.300000190734863, "314": 10.300000190734863, "315": 10.300000190734863, "316": 10.300000190734863, "317": 10.3100004196167, "318": 10.3100004196167, "319": 10.300000190734863, "320": 10.300000190734863, "321": 10.300000190734863, "322": 10.3100004196167, "323": 10.305000305175781, "324": 10.3100004196167, "325": 10.3100004196167, "326": 10.336999893188477, "327": 10.350000381469727, "328": 10.350000381469727, "329": 10.350000381469727, "330": 10.350000381469727, "331": 10.345000267028809, "332": 10.350000381469727, "333": 10.350000381469727, "334": 10.354999542236328, "335": 10.359999656677246, "336": 10.350000381469727, "337": 10.350000381469727, "338": 10.359999656677246, "339": 10.359999656677246, "340": 10.375, "341": 10.350000381469727, "342": 10.359999656677246, "343": 10.369999885559082, "344": 10.329999923706055, "345": 10.329999923706055, "346": 10.350000381469727, "347": 10.350000381469727, "348": 10.359999656677246, "349": 10.390000343322754, "350": 10.350000381469727, "351": 10.359999656677246, "352": 10.355999946594238, "353": 10.355999946594238, "354": 10.380000114440918, "355": 10.390000343322754}, "volume": {"0": 100, "1": 0, "2": 800000, "3": 900, "4": 0, "5": 100, "6": 0, "7": 0, "8": 1200, "9": 0, "10": 100, "11": 0, "12": 0, "13": 0, "14": 100, "15": 0, "16": 300, "17": 0, "18": 0, "19": 1200, "20": 2000, "21": 0, "22": 0, "23": 500, "24": 0, "25": 57100, "26": 0, "27": 6100, "28": 0, "29": 0, "30": 0, "31": 0, "32": 28800, "33": 0, "34": 0, "35": 100, "36": 0, "37": 0, "38": 0, "39": 518700, "40": 1400, "41": 61000, "42": 49800, "43": 0, "44": 186000, "45": 123200, "46": 31000, "47": 153200, "48": 100, "49": 500, "50": 400, "51": 10600, "52": 15100, "53": 608600, "54": 6300, "55": 10100, "56": 296300, "57": 0, "58": 0, "59": 0, "60": 0, "61": 0, "62": 100, "63": 0, "64": 1700, "65": 0, "66": 0, "67": 0, "68": 0, "69": 0, "70": 200, "71": 800, "72": 0, "73": 0, "74": 600, "75": 0, "76": 0, "77": 0, "78": 1200, "79": 0, "80": 0, "81": 0, "82": 0, "83": 0, "84": 126100, "85": 500, "86": 0, "87": 500, "88": 0, "89": 200, "90": 500, "91": 0, "92": 200, "93": 4700, "94": 0, "95": 0, "96": 600, "97": 1000, "98": 900000, "99": 100, "100": 0, "101": 300, "102": 0, "103": 100, "104": 0, "105": 900, "106": 0, "107": 287000, "108": 0, "109": 0, "110": 0, "111": 0, "112": 0, "113": 2100, "114": 12900, "115": 76700, "116": 25000, "117": 25100, "118": 900, "119": 10900, "120": 1925200, "121": 168000, "122": 100, "123": 2600, "124": 638300, "125": 100, "126": 100, "127": 0, "128": 62400, "129": 46600, "130": 18500, "131": 147900, "132": 5200, "133": 152300, "134": 1100, "135": 89100, "136": 10400, "137": 100, "138": 536700, "139": 300, "140": 100, "141": 0, "142": 100, "143": 206900, "144": 1000, "145": 2100, "146": 8200, "147": 500, "148": 0, "149": 100, "150": 39800, "151": 0, "152": 200, "153": 0, "154": 1500, "155": 8600, "156": 200, "157": 0, "158": 0, "159": 19400, "160": 54300, "161": 12500, "162": 0, "163": 779700, "164": 7700, "165": 266100, "166": 195300, "167": 136000, "168": 0, "169": 0, "170": 9800, "171": 100, "172": 0, "173": 5500, "174": 200, "175": 200, "176": 1400, "177": 29100, "178": 12700, "179": 115000, "180": 292900, "181": 8800, "182": 101600, "183": 0, "184": 68400, "185": 100, "186": 33400, "187": 7500, "188": 0, "189": 68100, "190": 373600, "191": 76500, "192": 10700, "193": 900, "194": 53700, "195": 5100, "196": 552400, "197": 200, "198": 200, "199": 35600, "200": 300, "201": 22600, "202": 11900, "203": 919600, "204": 3800, "205": 453900, "206": 202600, "207": 150300, "208": 47300, "209": 176100, "210": 200, "211": 0, "212": 0, "213": 1050500, "214": 24300, "215": 447700, "216": 451100, "217": 100, "218": 112700, "219": 5300, "220": 900, "221": 39900, "222": 0, "223": 0, "224": 21300, "225": 7700, "226": 1700, "227": 80900, "228": 174100, "229": 110900, "230": 50200, "231": 10500, "232": 0, "233": 1400, "234": 10200, "235": 214700, "236": 800, "237": 2000, "238": 77500, "239": 0, "240": 0, "241": 1900, "242": 0, "243": 54900, "244": 0, "245": 500, "246": 400, "247": 35500, "248": 1600, "249": 2700, "250": 76700, "251": 32200, "252": 1400, "253": 2500, "254": 6000, "255": 2700, "256": 2100, "257": 19000, "258": 1004100, "259": 100, "260": 400, "261": 100, "262": 8100, "263": 15500, "264": 16700, "265": 184900, "266": 36600, "267": 900, "268": 3100, "269": 9300, "270": 100, "271": 35200, "272": 100, "273": 168000, "274": 0, "275": 14800, "276": 495900, "277": 27600, "278": 300, "279": 1200, "280": 100, "281": 634200, "282": 500900, "283": 634400, "284": 400, "285": 1800, "286": 578800, "287": 0, "288": 57900, "289": 64500, "290": 1800, "291": 0, "292": 0, "293": 3300, "294": 0, "295": 300, "296": 0, "297": 600, "298": 300, "299": 5100, "300": 63100, "301": 0, "302": 0, "303": 277100, "304": 1264100, "305": 41900, "306": 34800, "307": 798200, "308": 50200, "309": 203800, "310": 117200, "311": 425500, "312": 319300, "313": 100, "314": 2800, "315": 360400, "316": 6800, "317": 2900, "318": 0, "319": 45100, "320": 4900, "321": 131700, "322": 600, "323": 10200, "324": 31200, "325": 3900, "326": 1161700, "327": 1522700, "328": 0, "329": 400700, "330": 800, "331": 2000, "332": 500, "333": 0, "334": 26700, "335": 1400, "336": 86100, "337": 700, "338": 9100, "339": 0, "340": 660900, "341": 500, "342": 3200, "343": 15200, "344": 3400, "345": 0, "346": 343100, "347": 0, "348": 100, "349": 300, "350": 500, "351": 600, "352": 900, "353": 0, "354": 7900, "355": 42500}, "adjclose": {"0": 9.550000190734863, "1": 9.550000190734863, "2": 9.699999809265137, "3": 9.779999732971191, "4": 9.779999732971191, "5": 9.970000267028809, "6": 9.970000267028809, "7": 9.970000267028809, "8": 9.760000228881836, "9": 9.760000228881836, "10": 9.760000228881836, "11": 9.760000228881836, "12": 9.760000228881836, "13": 9.760000228881836, "14": 9.760000228881836, "15": 9.760000228881836, "16": 9.760000228881836, "17": 9.760000228881836, "18": 9.760000228881836, "19": 9.760000228881836, "20": 9.760000228881836, "21": 9.760000228881836, "22": 9.760000228881836, "23": 9.75, "24": 9.75, "25": 9.75, "26": 9.75, "27": 9.75, "28": 9.75, "29": 9.75, "30": 9.75, "31": 9.75, "32": 9.779999732971191, "33": 9.779999732971191, "34": 9.779999732971191, "35": 9.699999809265137, "36": 9.699999809265137, "37": 9.699999809265137, "38": 9.699999809265137, "39": 9.789999961853027, "40": 9.779999732971191, "41": 9.779999732971191, "42": 9.779999732971191, "43": 9.779999732971191, "44": 9.789999961853027, "45": 9.800000190734863, "46": 9.770000457763672, "47": 9.829999923706055, "48": 9.789999961853027, "49": 9.789999961853027, "50": 9.829999923706055, "51": 9.800000190734863, "52": 9.800000190734863, "53": 9.800000190734863, "54": 9.819999694824219, "55": 9.819999694824219, "56": 9.819999694824219, "57": 9.819999694824219, "58": 9.819999694824219, "59": 9.819999694824219, "60": 9.819999694824219, "61": 9.819999694824219, "62": 9.880000114440918, "63": 9.880000114440918, "64": 9.835000038146973, "65": 9.835000038146973, "66": 9.835000038146973, "67": 9.835000038146973, "68": 9.835000038146973, "69": 9.835000038146973, "70": 9.84000015258789, "71": 9.789999961853027, "72": 9.789999961853027, "73": 9.789999961853027, "74": 9.817000389099121, "75": 9.817000389099121, "76": 9.817000389099121, "77": 9.817000389099121, "78": 9.791999816894531, "79": 9.791999816894531, "80": 9.791999816894531, "81": 9.791999816894531, "82": 9.791999816894531, "83": 9.791999816894531, "84": 9.770000457763672, "85": 9.798999786376953, "86": 9.798999786376953, "87": 9.779999732971191, "88": 9.779999732971191, "89": 9.789999961853027, "90": 9.789999961853027, "91": 9.789999961853027, "92": 9.789999961853027, "93": 9.8100004196167, "94": 9.8100004196167, "95": 9.8100004196167, "96": 9.789999961853027, "97": 9.789999961853027, "98": 9.779999732971191, "99": 9.789999961853027, "100": 9.789999961853027, "101": 9.850000381469727, "102": 9.850000381469727, "103": 9.8100004196167, "104": 9.8100004196167, "105": 9.800000190734863, "106": 9.800000190734863, "107": 9.824999809265137, "108": 9.824999809265137, "109": 9.824999809265137, "110": 9.824999809265137, "111": 9.824999809265137, "112": 9.824999809265137, "113": 9.829999923706055, "114": 9.829999923706055, "115": 9.829999923706055, "116": 9.829999923706055, "117": 9.829999923706055, "118": 9.819999694824219, "119": 9.819999694824219, "120": 9.829999923706055, "121": 9.850000381469727, "122": 9.84000015258789, "123": 9.829999923706055, "124": 9.829999923706055, "125": 9.829999923706055, "126": 9.829999923706055, "127": 9.829999923706055, "128": 9.864999771118164, "129": 9.890000343322754, "130": 9.890000343322754, "131": 9.890000343322754, "132": 9.890000343322754, "133": 9.895000457763672, "134": 9.890000343322754, "135": 9.899999618530273, "136": 9.895000457763672, "137": 9.90999984741211, "138": 9.880000114440918, "139": 9.869999885559082, "140": 9.850000381469727, "141": 9.850000381469727, "142": 9.880000114440918, "143": 9.859999656677246, "144": 9.859999656677246, "145": 9.859999656677246, "146": 9.859999656677246, "147": 9.850000381469727, "148": 9.850000381469727, "149": 9.859999656677246, "150": 9.850000381469727, "151": 9.850000381469727, "152": 9.859999656677246, "153": 9.859999656677246, "154": 9.850000381469727, "155": 9.850000381469727, "156": 9.859999656677246, "157": 9.859999656677246, "158": 9.859999656677246, "159": 9.854999542236328, "160": 9.84000015258789, "161": 9.854999542236328, "162": 9.854999542236328, "163": 9.880000114440918, "164": 9.859999656677246, "165": 9.880000114440918, "166": 9.880000114440918, "167": 9.869999885559082, "168": 9.869999885559082, "169": 9.869999885559082, "170": 9.880000114440918, "171": 9.869999885559082, "172": 9.869999885559082, "173": 9.850000381469727, "174": 9.869999885559082, "175": 9.859999656677246, "176": 9.850000381469727, "177": 9.90999984741211, "178": 9.890000343322754, "179": 9.899999618530273, "180": 9.90999984741211, "181": 9.920000076293945, "182": 9.925000190734863, "183": 9.925000190734863, "184": 9.9399995803833, "185": 9.949999809265137, "186": 9.949999809265137, "187": 9.9399995803833, "188": 9.9399995803833, "189": 9.954999923706055, "190": 9.949999809265137, "191": 9.96500015258789, "192": 9.979999542236328, "193": 9.979999542236328, "194": 9.975000381469727, "195": 9.970000267028809, "196": 9.970000267028809, "197": 9.960000038146973, "198": 9.960000038146973, "199": 9.944999694824219, "200": 9.9399995803833, "201": 9.970000267028809, "202": 9.970000267028809, "203": 9.979999542236328, "204": 9.984999656677246, "205": 10.010000228881836, "206": 10.0, "207": 10.0, "208": 10.010000228881836, "209": 10.029999732971191, "210": 10.024999618530273, "211": 10.024999618530273, "212": 10.024999618530273, "213": 10.039999961853027, "214": 10.050000190734863, "215": 10.050000190734863, "216": 10.0600004196167, "217": 10.0600004196167, "218": 10.0600004196167, "219": 10.050000190734863, "220": 10.050000190734863, "221": 10.029999732971191, "222": 10.029999732971191, "223": 10.029999732971191, "224": 10.15999984741211, "225": 9.944999694824219, "226": 10.010000228881836, "227": 9.989999771118164, "228": 9.989999771118164, "229": 10.029999732971191, "230": 10.050000190734863, "231": 10.0600004196167, "232": 10.0600004196167, "233": 10.0600004196167, "234": 10.069999694824219, "235": 10.09000015258789, "236": 10.09000015258789, "237": 10.100000381469727, "238": 10.109999656677246, "239": 10.109999656677246, "240": 10.109999656677246, "241": 10.100000381469727, "242": 10.100000381469727, "243": 10.119999885559082, "244": 10.119999885559082, "245": 10.149999618530273, "246": 10.119999885559082, "247": 10.109999656677246, "248": 10.140000343322754, "249": 10.130000114440918, "250": 10.140000343322754, "251": 10.145000457763672, "252": 10.149999618530273, "253": 10.149999618530273, "254": 10.15999984741211, "255": 10.1899995803833, "256": 10.149999618530273, "257": 10.149999618530273, "258": 10.170000076293945, "259": 10.149999618530273, "260": 10.15999984741211, "261": 10.15999984741211, "262": 10.175000190734863, "263": 10.199999809265137, "264": 10.180000305175781, "265": 10.180000305175781, "266": 10.1899995803833, "267": 10.182999610900879, "268": 10.210000038146973, "269": 10.1899995803833, "270": 10.1899995803833, "271": 10.1899995803833, "272": 10.1899995803833, "273": 10.194999694824219, "274": 10.194999694824219, "275": 10.204999923706055, "276": 10.199999809265137, "277": 10.210000038146973, "278": 10.210000038146973, "279": 10.220000267028809, "280": 10.210000038146973, "281": 10.210000038146973, "282": 10.210000038146973, "283": 10.220000267028809, "284": 10.220000267028809, "285": 10.300000190734863, "286": 10.229999542236328, "287": 10.229999542236328, "288": 10.239999771118164, "289": 10.239999771118164, "290": 10.260000228881836, "291": 10.260000228881836, "292": 10.260000228881836, "293": 10.25, "294": 10.25, "295": 10.270000457763672, "296": 10.270000457763672, "297": 10.270000457763672, "298": 10.255000114440918, "299": 10.260000228881836, "300": 10.262999534606934, "301": 10.262999534606934, "302": 10.262999534606934, "303": 10.293000221252441, "304": 10.279999732971191, "305": 10.282999992370605, "306": 10.270000457763672, "307": 10.289999961853027, "308": 10.279999732971191, "309": 10.289999961853027, "310": 10.289999961853027, "311": 10.289999961853027, "312": 10.300000190734863, "313": 10.300000190734863, "314": 10.300000190734863, "315": 10.300000190734863, "316": 10.300000190734863, "317": 10.3100004196167, "318": 10.3100004196167, "319": 10.300000190734863, "320": 10.300000190734863, "321": 10.300000190734863, "322": 10.3100004196167, "323": 10.305000305175781, "324": 10.3100004196167, "325": 10.3100004196167, "326": 10.336999893188477, "327": 10.350000381469727, "328": 10.350000381469727, "329": 10.350000381469727, "330": 10.350000381469727, "331": 10.345000267028809, "332": 10.350000381469727, "333": 10.350000381469727, "334": 10.354999542236328, "335": 10.359999656677246, "336": 10.350000381469727, "337": 10.350000381469727, "338": 10.359999656677246, "339": 10.359999656677246, "340": 10.375, "341": 10.350000381469727, "342": 10.359999656677246, "343": 10.369999885559082, "344": 10.329999923706055, "345": 10.329999923706055, "346": 10.350000381469727, "347": 10.350000381469727, "348": 10.359999656677246, "349": 10.390000343322754, "350": 10.350000381469727, "351": 10.359999656677246, "352": 10.355999946594238, "353": 10.355999946594238, "354": 10.380000114440918, "355": 10.390000343322754}}, "profile": {"address1": "442 5th Avenue", "city": "New York", "state": "NY", "zip": "10018", "country": "United States", "phone": "970-925-1572", "website": "https://www.athenaspac.com", "industry": "Shell Companies", "industryDisp": "Shell Companies", "sector": "Financial Services", "longBusinessSummary": "Athena Technology Acquisition Corp. II does not have significant operations. It intends to effect a merger, capital stock exchange, asset acquisition, stock purchase, reorganization, or similar business combination with one or more businesses. The company intends to focus on producing fresh water from the air utilizing dehumidification mechanics through direct air-to-water technology. Athena Technology Acquisition Corp. II was incorporated in 2021 and is based in New York, New York.", "companyOfficers": [{"maxAge": 1, "name": "Ms. Isabelle D. Freidheim", "age": 41, "title": "Founder, CEO & Chairman", "yearBorn": 1981, "exercisedValue": 0, "unexercisedValue": 0}, {"maxAge": 1, "name": "Ms. Kirthiga  Reddy M.B.A.", "age": 50, "title": "Pres & Director", "yearBorn": 1972, "exercisedValue": 0, "unexercisedValue": 0}, {"maxAge": 1, "name": "Ms. Anna  Apostolova", "age": 37, "title": "Chief Financial Officer", "yearBorn": 1985, "exercisedValue": 0, "unexercisedValue": 0}], "maxAge": 86400, "latitude": 40.751795173041415, "longitude": -73.98234861622674}}