{"income_statement": {"annual": {"Year": {"1": "Selling, General & Admin", "2": "Operating Expenses", "3": "Operating Income", "4": "Pretax Income", "5": "Net Income", "6": "Shares Outstanding (Basic)", "7": "Shares Outstanding (Diluted)", "8": "EBITDA", "9": "EBIT"}, "2022": {"1": "0", "2": "0", "3": "-0", "4": "-0", "5": "-0", "6": "2", "7": "2", "8": "-0", "9": "-0"}}, "quarterly": {"Metrics": {"1": "Selling, General & Admin", "2": "Operating Expenses", "3": "Operating Income", "4": "Pretax Income", "5": "Net Income", "6": "Shares Outstanding (Basic)", "7": "Shares Outstanding (Diluted)", "8": "EPS (Basic)", "9": "EPS (Diluted)", "10": "EBITDA", "11": "EBIT"}, "2022-12-31": {"1": "0", "2": "0", "3": "-0", "4": "-0", "5": "-0", "6": "2", "7": "2", "8": "-", "9": "-", "10": "-", "11": "-0"}, "2022-09-30": {"1": "0", "2": "0", "3": "0", "4": "0", "5": "0", "6": "2", "7": "2", "8": "-", "9": "-", "10": "-", "11": "0"}, "2021-12-31": {"1": "0.01", "2": "0.01", "3": "-0.01", "4": "-0.01", "5": "-0.01", "6": "1", "7": "1", "8": "-0.01", "9": "-0.01", "10": "-0.01", "11": "-0.01"}}}, "balance_sheet": {"annual": {"Year": {"1": "Other Current Assets", "2": "Total Current Assets", "3": "Total Assets", "4": "Accounts Payable", "5": "Other Current Liabilities", "6": "Total Current Liabilities", "7": "Total Liabilities", "8": "Common Stock", "9": "Retained Earnings", "10": "Shareholders' Equity", "11": "Total Liabilities and Equity", "12": "Working Capital", "13": "Book Value Per Share"}, "2022": {"1": "0.59", "2": "0.59", "3": "0.59", "4": "0.38", "5": "0.2", "6": "0.58", "7": "0.58", "8": "0.03", "9": "-0.01", "10": "0.02", "11": "0.59", "12": "0.02", "13": "0.01"}}, "quarterly": {"Metrics": {"1": "Other Current Assets", "2": "Total Current Assets", "3": "Total Assets", "4": "Accounts Payable", "5": "Other Current Liabilities", "6": "Total Current Liabilities", "7": "Total Liabilities", "8": "Common Stock", "9": "Retained Earnings", "10": "Shareholders' Equity", "11": "Total Liabilities and Equity", "12": "Working Capital", "13": "Book Value Per Share"}, "2022-12-31": {"1": "0.59", "2": "0.59", "3": "0.59", "4": "0.38", "5": "0.2", "6": "0.58", "7": "0.58", "8": "0.03", "9": "-0.01", "10": "0.02", "11": "0.59", "12": "0.02", "13": "0.01"}, "2022-09-30": {"1": "0.48", "2": "0.48", "3": "0.48", "4": "0.37", "5": "0.09", "6": "0.46", "7": "0.46", "8": "0.03", "9": "-0.01", "10": "0.02", "11": "0.48", "12": "0.02", "13": "0.01"}, "2021-12-31": {"1": "0.42", "2": "0.42", "3": "0.42", "4": "0.29", "5": "0.11", "6": "0.4", "7": "0.4", "8": "0.03", "9": "-0.01", "10": "0.02", "11": "0.42", "12": "0.02", "13": "0.01"}}}, "cash_flow_statement": {"annual": null, "quarterly": {"Metrics": {"1": "Net Income", "2": "Other Operating Activities"}, "2022-12-31": {"1": "-0", "2": "0"}, "2022-09-30": {"1": "0", "2": "-"}}}, "ratios": {"annual": {"Year": {"1": "Market Capitalization", "2": "Enterprise Value", "3": "PE Ratio", "4": "PB Ratio", "5": "EV/EBITDA Ratio", "6": "EV/EBIT Ratio", "7": "Current Ratio", "8": "Return on Equity (ROE)", "9": "Return on Assets (ROA)", "10": "Return on Capital (ROIC)", "11": "Earnings Yield"}, "Current": {"1": "16", "2": "80", "3": "-101493.31", "4": "1036.31", "5": "-101493.31", "6": "-101493.31", "7": "1.03", "8": "-5.00%", "9": "-0.20%", "10": "-5.00%", "11": "-0.00%"}, "2022": {"1": "80", "2": "80", "3": "-101493.31", "4": "5235.61", "5": "-101493.31", "6": "-101493.31", "7": "1.03", "8": "-5.00%", "9": "-0.20%", "10": "-5.00%", "11": "-0.00%"}}, "quarterly": {"Metrics": {"1": "Market Capitalization", "2": "Enterprise Value", "3": "PE Ratio", "4": "PB Ratio", "5": "Current Ratio"}, "Current": {"1": "16", "2": "80", "3": "-101493.31", "4": "1036.31", "5": "1.03"}, "2022-12-31": {"1": "80", "2": "80", "3": "-101493.31", "4": "5235.61", "5": "1.03"}}}, "stock_price": {"index": {}, "high": {}, "low": {}, "volume": {}, "open": {}, "close": {}}, "profile": {"address1": "500 5th Avenue", "address2": "Suite 938", "city": "New York", "state": "NY", "zip": "10110", "country": "United States", "phone": "347-627-0058", "industry": "Shell Companies", "industryDisp": "Shell Companies", "sector": "Financial Services", "longBusinessSummary": "AlphaTime Acquisition Corp intends to effect a merger, share exchange, asset acquisition, share purchase, reorganization, or similar business combination with one or more businesses. The company was incorporated in 2021 and is based in New York, New York.", "companyOfficers": [{"maxAge": 1, "name": "Dr. Dajiang  Guo", "age": 54, "title": "Chief Exec. Officer", "yearBorn": 1968, "exercisedValue": 0, "unexercisedValue": 0}, {"maxAge": 1, "name": "Dr. Yang  Jichuan Ph.D.", "age": 57, "title": "Chief Financial Officer", "yearBorn": 1965, "exercisedValue": 0, "unexercisedValue": 0}], "maxAge": 86400, "latitude": 40.75360686733697, "longitude": -73.98087680711417}}