{"income_statement": {"annual": {"Year": {"1": "Selling, General & Admin", "2": "Operating Expenses", "3": "Operating Income", "4": "Other Expense / Income", "5": "Pretax Income", "6": "Net Income", "7": "Shares Outstanding (Basic)", "8": "Shares Outstanding (Diluted)", "9": "EPS (Basic)", "10": "EPS (Diluted)", "11": "EBITDA", "12": "EBIT"}, "2022": {"1": "-0.08", "2": "-0.08", "3": "0.08", "4": "0.12", "5": "-0.04", "6": "-0.04", "7": "0", "8": "0", "9": "-0.02", "10": "-0.02", "11": "-0.04", "12": "-0.04"}}, "quarterly": {"Metrics": {"1": "Selling, General & Admin", "2": "Operating Expenses", "3": "Operating Income", "4": "Pretax Income", "5": "Net Income", "6": "Shares Outstanding (Basic)", "7": "Shares Outstanding (Diluted)", "8": "EPS (Basic)", "9": "EPS (Diluted)", "10": "EBITDA", "11": "EBIT"}, "2022-12-31": {"1": "-", "2": "-", "3": "-", "4": "-", "5": "-", "6": "0", "7": "-", "8": "-", "9": "-", "10": "-", "11": "-"}, "2022-09-30": {"1": "0", "2": "0", "3": "-0", "4": "-0", "5": "-0", "6": "2", "7": "2", "8": "-0.00", "9": "-0.00", "10": "-0", "11": "-0"}}}, "balance_sheet": {"annual": {"Year": {"1": "Cash & Equivalents", "2": "Cash & Cash Equivalents", "3": "Other Current Assets", "4": "Total Current Assets", "5": "Long-Term Investments", "6": "Other Long-Term Assets", "7": "Total Long-Term Assets", "8": "Total Assets", "9": "Accounts Payable", "10": "Total Current Liabilities", "11": "Other Long-Term Liabilities", "12": "Total Long-Term Liabilities", "13": "Total Liabilities", "14": "Common Stock", "15": "Retained Earnings", "16": "Shareholders' Equity", "17": "Total Liabilities and Equity", "18": "Net Cash / Debt", "19": "Net Cash Per Share", "20": "Working Capital", "21": "Book Value Per Share"}, "2022": {"1": "0.66", "2": "0.66", "3": "0.08", "4": "0.74", "5": "70.42", "6": "0.03", "7": "70.45", "8": "71.19", "9": "0.26", "10": "0.26", "11": "70.38", "12": "70.38", "13": "70.64", "14": "0.6", "15": "-0.04", "16": "0.55", "17": "71.19", "18": "0.66", "19": "3.45", "20": "0.48", "21": "2.90"}}, "quarterly": {"Metrics": {"1": "Cash & Equivalents", "2": "Cash & Cash Equivalents", "3": "Receivables", "4": "Other Current Assets", "5": "Total Current Assets", "6": "Long-Term Investments", "7": "Other Long-Term Assets", "8": "Total Long-Term Assets", "9": "Total Assets", "10": "Accounts Payable", "11": "Total Current Liabilities", "12": "Other Long-Term Liabilities", "13": "Total Long-Term Liabilities", "14": "Total Liabilities", "15": "Common Stock", "16": "Retained Earnings", "17": "Shareholders' Equity", "18": "Total Liabilities and Equity", "19": "Net Cash / Debt", "20": "Working Capital", "21": "Book Value Per Share"}, "2022-12-31": {"1": "0.66", "2": "0.66", "3": "0", "4": "0.08", "5": "0.74", "6": "70.42", "7": "0.03", "8": "70.45", "9": "71.19", "10": "0.26", "11": "0.26", "12": "70.38", "13": "70.38", "14": "70.64", "15": "0.6", "16": "-0.04", "17": "0.55", "18": "71.19", "19": "0.66", "20": "0.48", "21": "2.90"}, "2022-09-30": {"1": "0", "2": "0", "3": "0", "4": "-", "5": "-", "6": "-", "7": "-", "8": "-", "9": "0.36", "10": "0.33", "11": "0.33", "12": "0", "13": "0", "14": "0.33", "15": "0.03", "16": "-0", "17": "0.02", "18": "0.36", "19": "0", "20": "-", "21": "0.01"}}}, "cash_flow_statement": {"annual": {"Year": {"1": "Net Income", "2": "Other Operating Activities", "3": "Change in Investments", "4": "Investing Cash Flow", "5": "Share Issuance / Repurchase", "6": "Other Financing Activities", "7": "Financing Cash Flow", "8": "Net Cash Flow"}, "2022": {"1": "-0.04", "2": "0.04", "3": "-70.38", "4": "-70.38", "5": "71.58", "6": "-0.54", "7": "71.04", "8": "0.66"}}, "quarterly": null}, "ratios": {"annual": {"Year": {"1": "Market Capitalization", "2": "Enterprise Value", "3": "PE Ratio", "4": "PB Ratio", "5": "EV/EBITDA Ratio", "6": "EV/EBIT Ratio", "7": "Current Ratio", "8": "Earnings Yield"}, "Current": {"1": "2", "2": "1", "3": "-1901.25", "4": "3.55", "5": "-1885.77", "6": "-1885.77", "7": "2.88", "8": "-2.16%"}, "2022": {"1": "81", "2": "80", "3": "-1901.25", "4": "145.98", "5": "-1885.77", "6": "-1885.77", "7": "2.88", "8": "-0.05%"}}, "quarterly": {"Metrics": {"1": "Market Capitalization", "2": "Enterprise Value", "3": "PE Ratio", "4": "PB Ratio", "5": "Current Ratio"}, "Current": {"1": "2", "2": "1", "3": "-1901.25", "4": "3.55", "5": "2.88"}, "2022-12-31": {"1": "81", "2": "80", "3": "-1901.25", "4": "145.98", "5": "2.88"}}}, "stock_price": {"index": {}, "high": {}, "low": {}, "volume": {}, "open": {}, "close": {}}, "profile": {"address1": "420 Lexington Avenue", "address2": "Suite 2446", "city": "New York", "state": "NY", "zip": "10170", "country": "United States", "phone": "203 998 5540", "industry": "Shell Companies", "industryDisp": "Shell Companies", "sector": "Financial Services", "longBusinessSummary": "AlphaVest Acquisition Corp does not have significant operations. It focuses on effecting a merger, stock exchange, asset acquisition, stock purchase, reorganization, or related business combination with one or more businesses. The company was incorporated in 2022 and is based in New York, New York.", "companyOfficers": [{"maxAge": 1, "name": "Mr. Yong  Yan", "age": 49, "title": "CEO & Director", "yearBorn": 1973, "exercisedValue": 0, "unexercisedValue": 0}, {"maxAge": 1, "name": "Mr. Song  Jing", "age": 50, "title": "Chief Financial Officer", "yearBorn": 1972, "exercisedValue": 0, "unexercisedValue": 0}], "maxAge": 86400, "latitude": 40.75232819631626, "longitude": -73.97549317483073}}