{"income_statement": {"annual": {"Year": {"1": "Selling, General & Admin", "2": "Other Operating Expenses", "3": "Operating Expenses", "4": "Operating Income", "5": "Other Expense / Income", "6": "Pretax Income", "7": "Income Tax", "8": "Net Income", "9": "Net Income Growth", "10": "Shares Outstanding (Basic)", "11": "Shares Outstanding (Diluted)", "12": "Shares Change", "13": "EPS (Basic)", "14": "EPS (Diluted)", "15": "EPS Growth", "16": "Free Cash Flow Per Share", "17": "Effective Tax Rate", "18": "EBITDA", "19": "EBIT"}, "2022": {"1": "1.45", "2": "0.28", "3": "1.74", "4": "-1.74", "5": "-10.71", "6": "8.97", "7": "0.76", "8": "8.21", "9": "115.29%", "10": "26", "11": "26", "12": "173.60%", "13": "0.32", "14": "0.32", "15": "-20.00%", "16": "-0.07", "17": "8.45%", "18": "8.97", "19": "8.97"}, "2021": {"1": "0.31", "2": "0.12", "3": "0.44", "4": "-0.44", "5": "-4.25", "6": "3.81", "7": "0", "8": "3.81", "9": "-", "10": "10", "11": "10", "12": "-", "13": "0.40", "14": "0.40", "15": "-", "16": "-0.07", "17": "-", "18": "3.81", "19": "3.81"}}, "quarterly": {"Metrics": {"1": "Selling, General & Admin", "2": "Other Operating Expenses", "3": "Operating Expenses", "4": "Operating Income", "5": "Other Expense / Income", "6": "Pretax Income", "7": "Income Tax", "8": "Net Income", "9": "Net Income Growth", "10": "Shares Outstanding (Basic)", "11": "Shares Outstanding (Diluted)", "12": "Shares Change", "13": "EPS (Basic)", "14": "EPS (Diluted)", "15": "EPS Growth", "16": "Free Cash Flow Per Share", "17": "Effective Tax Rate", "18": "EBITDA", "19": "EBIT"}, "2023-03-31": {"1": "0.47", "2": "0.05", "3": "0.52", "4": "-0.52", "5": "-1.68", "6": "1.16", "7": "0.62", "8": "0.54", "9": "-85.27%", "10": "26", "11": "26", "12": "-", "13": "0.02", "14": "0.02", "15": "-85.71%", "16": "-0.01", "17": "53.54%", "18": "1.16", "19": "1.16"}, "2022-12-31": {"1": "0.82", "2": "0.04", "3": "0.86", "4": "-0.86", "5": "-2.54", "6": "1.69", "7": "0.55", "8": "1.14", "9": "-70.25%", "10": "26", "11": "26", "12": "173.60%", "13": "0.05", "14": "0.05", "15": "-87.50%", "16": "-0.04", "17": "32.80%", "18": "1.69", "19": "1.69"}, "2022-09-30": {"1": "0.34", "2": "0.04", "3": "0.38", "4": "-0.38", "5": "-0.78", "6": "0.4", "7": "0.2", "8": "0.2", "9": "-", "10": "26", "11": "26", "12": "478.45%", "13": "0.01", "14": "0.01", "15": "-", "16": "-0.01", "17": "50.45%", "18": "0.4", "19": "0.4"}, "2022-06-30": {"1": "0.19", "2": "0.16", "3": "0.36", "4": "-0.36", "5": "-3.58", "6": "3.22", "7": "0", "8": "3.22", "9": "-", "10": "26", "11": "26", "12": "478.45%", "13": "0.12", "14": "0.12", "15": "-", "16": "-0.01", "17": "-", "18": "3.22", "19": "3.22"}, "2022-03-31": {"1": "0.1", "2": "0.05", "3": "0.15", "4": "-0.15", "5": "-3.8", "6": "3.65", "7": "0", "8": "3.65", "9": "-", "10": "26", "11": "26", "12": "478.45%", "13": "0.14", "14": "0.14", "15": "-", "16": "-0.01", "17": "-", "18": "3.65", "19": "3.65"}, "2021-12-31": {"1": "0.31", "2": "0.12", "3": "0.43", "4": "-0.43", "5": "-4.25", "6": "3.82", "7": "0", "8": "3.82", "9": "-", "10": "10", "11": "10", "12": "111.42%", "13": "0.40", "14": "0.40", "15": "-", "16": "-0.07", "17": "-", "18": "3.82", "19": "3.82"}, "2021-09-30": {"1": "0", "2": "0", "3": "0", "4": "-0", "5": "-", "6": "-0", "7": "0", "8": "-0", "9": "-", "10": "5", "11": "5", "12": "-", "13": "-", "14": "-", "15": "-", "16": "-", "17": "-", "18": "-0", "19": "-0"}, "2021-06-30": {"1": "0", "2": "0", "3": "0", "4": "0", "5": "-", "6": "0", "7": "0", "8": "0", "9": "-", "10": "5", "11": "5", "12": "-", "13": "-", "14": "-", "15": "-", "16": "-", "17": "-", "18": "0", "19": "0"}, "2021-03-31": {"1": "0", "2": "0", "3": "0", "4": "-0", "5": "-", "6": "-0", "7": "0", "8": "-0", "9": "-", "10": "5", "11": "5", "12": "-", "13": "-", "14": "-", "15": "-", "16": "-", "17": "-", "18": "-0", "19": "-0"}, "2020-12-31": {"1": "0", "2": "0", "3": "0", "4": "-0", "5": "-", "6": "-0", "7": "0", "8": "-0", "9": "-", "10": "5", "11": "5", "12": "-", "13": "-", "14": "-", "15": "-", "16": "-", "17": "-", "18": "-0", "19": "-0"}}}, "balance_sheet": {"annual": {"Year": {"1": "Cash & Equivalents", "2": "Cash & Cash Equivalents", "3": "Cash Growth", "4": "Other Current Assets", "5": "Total Current Assets", "6": "Long-Term Investments", "7": "Total Long-Term Assets", "8": "Total Assets", "9": "Accounts Payable", "10": "Other Current Liabilities", "11": "Total Current Liabilities", "12": "Other Long-Term Liabilities", "13": "Total Long-Term Liabilities", "14": "Total Liabilities", "15": "Common Stock", "16": "Retained Earnings", "17": "Shareholders' Equity", "18": "Total Liabilities and Equity", "19": "Net Cash / Debt", "20": "Net Cash / Debt Growth", "21": "Net Cash Per Share", "22": "Working Capital", "23": "Book Value Per Share"}, "2022": {"1": "0.32", "2": "0.32", "3": "-68.79%", "4": "0.23", "5": "0.55", "6": "212.03", "7": "212.03", "8": "212.58", "9": "0.58", "10": "0.06", "11": "0.64", "12": "8.78", "13": "8.78", "14": "9.42", "15": "0", "16": "-8.71", "17": "-8.71", "18": "0.71", "19": "0.32", "20": "-68.79%", "21": "0.01", "22": "-0.09", "23": "-0.34"}, "2021": {"1": "1.04", "2": "1.04", "3": "-", "4": "0.52", "5": "1.56", "6": "210.11", "7": "210.11", "8": "211.67", "9": "0.14", "10": "0.12", "11": "0.26", "12": "16.46", "13": "16.46", "14": "16.72", "15": "0", "16": "-15.16", "17": "-15.15", "18": "1.56", "19": "1.04", "20": "-", "21": "0.11", "22": "1.3", "23": "-1.59"}}, "quarterly": {"Metrics": {"1": "Cash & Equivalents", "2": "Cash & Cash Equivalents", "3": "Cash Growth", "4": "Other Current Assets", "5": "Total Current Assets", "6": "Long-Term Investments", "7": "Other Long-Term Assets", "8": "Total Long-Term Assets", "9": "Total Assets", "10": "Accounts Payable", "11": "Current Debt", "12": "Other Current Liabilities", "13": "Total Current Liabilities", "14": "Other Long-Term Liabilities", "15": "Total Long-Term Liabilities", "16": "Total Liabilities", "17": "Total Debt", "18": "Common Stock", "19": "Retained Earnings", "20": "Shareholders' Equity", "21": "Total Liabilities and Equity", "22": "Net Cash / Debt", "23": "Net Cash / Debt Growth", "24": "Net Cash Per Share", "25": "Working Capital", "26": "Book Value Per Share"}, "2023-03-31": {"1": "0.11", "2": "0.11", "3": "-84.64%", "4": "0.2", "5": "0.32", "6": "216.33", "7": "0", "8": "216.33", "9": "216.65", "10": "0.82", "11": "0", "12": "0.69", "13": "1.51", "14": "9.37", "15": "9.37", "16": "10.88", "17": "0", "18": "0", "19": "-9.77", "20": "-9.77", "21": "1.11", "22": "0.11", "23": "-84.64%", "24": "0.00", "25": "-1.19", "26": "-0.38"}, "2022-12-31": {"1": "0.32", "2": "0.32", "3": "-68.79%", "4": "0.23", "5": "0.55", "6": "212.03", "7": "0", "8": "212.03", "9": "212.58", "10": "0.58", "11": "0", "12": "0.06", "13": "0.64", "14": "8.78", "15": "8.78", "16": "9.42", "17": "0", "18": "0", "19": "-8.71", "20": "-8.71", "21": "0.71", "22": "0.32", "23": "-68.79%", "24": "0.01", "25": "-0.09", "26": "-0.34"}, "2022-09-30": {"1": "0.37", "2": "0.37", "3": "1275279.31%", "4": "0.33", "5": "0.7", "6": "211.28", "7": "0", "8": "211.28", "9": "211.98", "10": "0.2", "11": "0", "12": "0.2", "13": "0.4", "14": "9.55", "15": "9.55", "16": "9.95", "17": "0", "18": "0", "19": "-8.66", "20": "-8.66", "21": "1.29", "22": "0.37", "23": "-", "24": "0.01", "25": "0.3", "26": "-0.33"}, "2022-06-30": {"1": "0.53", "2": "0.53", "3": "32174.12%", "4": "0.45", "5": "0.98", "6": "210.41", "7": "0", "8": "210.41", "9": "211.4", "10": "0.11", "11": "0", "12": "0.08", "13": "0.19", "14": "9.38", "15": "9.38", "16": "9.57", "17": "0", "18": "0", "19": "-8.28", "20": "-8.28", "21": "1.29", "22": "0.53", "23": "-", "24": "0.02", "25": "0.79", "26": "-0.32"}, "2022-03-31": {"1": "0.73", "2": "0.73", "3": "-", "4": "0.57", "5": "1.3", "6": "210.13", "7": "0", "8": "210.13", "9": "211.43", "10": "0.1", "11": "0", "12": "0.05", "13": "0.15", "14": "12.68", "15": "12.68", "16": "12.83", "17": "0", "18": "0", "19": "-11.5", "20": "-11.5", "21": "1.33", "22": "0.73", "23": "-", "24": "0.03", "25": "1.15", "26": "-0.44"}, "2021-12-31": {"1": "1.04", "2": "1.04", "3": "8193.54%", "4": "0.52", "5": "1.56", "6": "210.11", "7": "0", "8": "210.11", "9": "211.67", "10": "0.14", "11": "0", "12": "0.12", "13": "0.26", "14": "16.46", "15": "16.46", "16": "16.72", "17": "0", "18": "0", "19": "-15.16", "20": "-15.15", "21": "1.56", "22": "1.04", "23": "8193.54%", "24": "0.11", "25": "1.3", "26": "-1.59"}, "2021-09-30": {"1": "0", "2": "0", "3": "-", "4": "-", "5": "-", "6": "-", "7": "-", "8": "-", "9": "0.4", "10": "0", "11": "0.2", "12": "0.18", "13": "0.38", "14": "0", "15": "0", "16": "0.38", "17": "0.2", "18": "0.03", "19": "-0", "20": "0.02", "21": "0.4", "22": "-0.2", "23": "-", "24": "-0.04", "25": "-", "26": "0.01"}, "2021-06-30": {"1": "0", "2": "0", "3": "-", "4": "-", "5": "-", "6": "-", "7": "-", "8": "-", "9": "0.38", "10": "0", "11": "0.19", "12": "0.17", "13": "0.36", "14": "0", "15": "0", "16": "0.36", "17": "0.19", "18": "0.03", "19": "-0", "20": "0.02", "21": "0.38", "22": "-0.19", "23": "-", "24": "-0.04", "25": "-", "26": "0.01"}, "2021-03-31": {"1": "-", "2": "0", "3": "-", "4": "-", "5": "-", "6": "-", "7": "-", "8": "-", "9": "-", "10": "-", "11": "-", "12": "-", "13": "-", "14": "-", "15": "-", "16": "-", "17": "-", "18": "-", "19": "-", "20": "-", "21": "-", "22": "0", "23": "-", "24": "-", "25": "-", "26": "-"}, "2020-12-31": {"1": "0.01", "2": "0.01", "3": "-", "4": "0", "5": "0.01", "6": "0", "7": "0.11", "8": "0.11", "9": "0.12", "10": "0", "11": "0", "12": "0.1", "13": "0.1", "14": "0", "15": "0", "16": "0.1", "17": "0", "18": "0.03", "19": "-0", "20": "0.02", "21": "0.12", "22": "0.01", "23": "-", "24": "0.00", "25": "-0.09", "26": "0.01"}}}, "cash_flow_statement": {"annual": {"Year": {"1": "Net Income", "2": "Other Operating Activities", "3": "Operating Cash Flow", "4": "Change in Investments", "5": "Investing Cash Flow", "6": "Share Issuance / Repurchase", "7": "Other Financing Activities", "8": "Financing Cash Flow", "9": "Net Cash Flow", "10": "Free Cash Flow", "11": "Free Cash Flow Per Share"}, "2022": {"1": "8.21", "2": "-10.03", "3": "-1.82", "4": "1.1", "5": "1.1", "6": "0", "7": "-", "8": "0", "9": "-0.71", "10": "-1.82", "11": "-0.07"}, "2021": {"1": "3.81", "2": "-4.51", "3": "-0.7", "4": "-210.11", "5": "-210.11", "6": "215.1", "7": "-3.27", "8": "211.83", "9": "1.02", "10": "-0.7", "11": "-0.07"}}, "quarterly": {"Metrics": {"1": "Net Income", "2": "Other Operating Activities", "3": "Operating Cash Flow", "4": "Change in Investments", "5": "Investing Cash Flow", "6": "Share Issuance / Repurchase", "7": "Debt Issued / Paid", "8": "Other Financing Activities", "9": "Financing Cash Flow", "10": "Net Cash Flow", "11": "Free Cash Flow", "12": "Free Cash Flow Per Share"}, "2023-03-31": {"1": "0.54", "2": "-0.79", "3": "-0.25", "4": "-2.03", "5": "-2.03", "6": "0", "7": "0", "8": "2.07", "9": "2.07", "10": "-0.21", "11": "-0.25", "12": "-0.01"}, "2022-12-31": {"1": "1.14", "2": "-2.2", "3": "-1.06", "4": "1.02", "5": "1.02", "6": "0", "7": "0", "8": "-", "9": "0", "10": "-0.05", "11": "-1.06", "12": "-0.04"}, "2022-09-30": {"1": "0.2", "2": "-0.45", "3": "-0.25", "4": "0", "5": "0", "6": "0", "7": "0", "8": "-", "9": "0", "10": "-0.16", "11": "-0.25", "12": "-0.01"}, "2022-06-30": {"1": "3.22", "2": "-3.42", "3": "-0.2", "4": "0", "5": "0", "6": "0", "7": "0", "8": "-", "9": "0", "10": "-0.2", "11": "-0.2", "12": "-0.01"}, "2022-03-31": {"1": "3.65", "2": "-3.96", "3": "-0.31", "4": "0", "5": "0", "6": "0", "7": "0", "8": "-", "9": "0", "10": "-0.31", "11": "-0.31", "12": "-0.01"}, "2021-12-31": {"1": "3.82", "2": "-4.51", "3": "-0.7", "4": "-210.11", "5": "-210.11", "6": "215.1", "7": "-0.2", "8": "-3.06", "9": "211.84", "10": "1.04", "11": "-0.7", "12": "-0.07"}, "2021-09-30": {"1": "-0", "2": "-", "3": "-0", "4": "0", "5": "0", "6": "0", "7": "0.01", "8": "-0.01", "9": "-0", "10": "-0", "11": "-0", "12": "-"}, "2021-06-30": {"1": "0", "2": "-", "3": "0", "4": "0", "5": "0", "6": "0", "7": "0.04", "8": "-0.04", "9": "-0", "10": "-0", "11": "0", "12": "-"}, "2021-03-31": {"1": "-0", "2": "-0", "3": "-0", "4": "0", "5": "0", "6": "0", "7": "0.15", "8": "-0.16", "9": "-0.01", "10": "-0.01", "11": "-0", "12": "-"}}}, "ratios": {"annual": {"Year": {"1": "Market Capitalization", "2": "Market Cap Growth", "3": "Enterprise Value", "4": "PE Ratio", "5": "PB Ratio", "6": "P/FCF Ratio", "7": "P/OCF Ratio", "8": "EV/EBITDA Ratio", "9": "EV/EBIT Ratio", "10": "EV/FCF Ratio", "11": "Current Ratio", "12": "Return on Equity (ROE)", "13": "Return on Assets (ROA)", "14": "Return on Capital (ROIC)", "15": "Earnings Yield", "16": "FCF Yield", "17": "Buyback Yield / Dilution", "18": "Total Shareholder Return"}, "Current": {"1": "274", "2": "-", "3": "274", "4": "52.78", "5": "-27.79", "6": "-154.02", "7": "-154.02", "8": "42.36", "9": "42.36", "10": "-153.95", "11": "0.21", "12": "-57.60%", "13": "2.40%", "14": "3.10%", "15": "1.86%", "16": "-0.64%", "17": "-173.60%", "18": "-173.60%"}, "2022": {"1": "267", "2": "3.74%", "3": "266", "4": "32.50", "5": "-30.63", "6": "-146.82", "7": "-146.82", "8": "29.71", "9": "29.71", "10": "-146.64", "11": "0.86", "12": "-88.40%", "13": "3.90%", "14": "4.30%", "15": "3.08%", "16": "-0.68%", "17": "-", "18": "-"}, "2021": {"1": "257", "2": "-", "3": "256", "4": "67.44", "5": "-16.97", "6": "-367.40", "7": "-367.40", "8": "67.16", "9": "67.16", "10": "-365.92", "11": "6.00", "12": "-50.40%", "13": "3.60%", "14": "3.60%", "15": "1.48%", "16": "-0.27%", "17": null, "18": null}}, "quarterly": {"Metrics": {"1": "Market Capitalization", "2": "Market Cap Growth", "3": "Enterprise Value", "4": "PE Ratio", "5": "PB Ratio", "6": "Debt / Equity Ratio", "7": "Current Ratio", "8": "Buyback Yield / Dilution", "9": "Total Shareholder Return"}, "Current": {"1": "274", "2": "-", "3": "274", "4": "52.78", "5": "-27.79", "6": "-", "7": "0.21", "8": "-", "9": "-"}, "2023-03-31": {"1": "271", "2": "4.72%", "3": "271", "4": "53.27", "5": "-27.79", "6": "-", "7": "0.21", "8": "-173.60%", "9": "-173.60%"}, "2022-12-31": {"1": "267", "2": "3.74%", "3": "266", "4": "32.50", "5": "-30.63", "6": "-", "7": "0.86", "8": "-478.45%", "9": "-478.45%"}, "2022-09-30": {"1": "262", "2": "-", "3": "261", "4": "24.02", "5": "-30.20", "6": "-", "7": "1.74", "8": "-478.45%", "9": "-478.45%"}, "2022-06-30": {"1": "260", "2": "-", "3": "260", "4": "24.33", "5": "-31.41", "6": "-", "7": "5.20", "8": "-478.45%", "9": "-478.45%"}, "2022-03-31": {"1": "259", "2": "-", "3": "259", "4": "34.73", "5": "-22.54", "6": "-", "7": "8.65", "8": "-111.42%", "9": "-111.42%"}, "2021-12-31": {"1": "257", "2": "-", "3": "256", "4": "67.44", "5": "-16.97", "6": "-", "7": "6.00", "8": "-", "9": "-"}, "2021-09-30": {"1": "-", "2": "-", "3": "0", "4": "-", "5": "-", "6": "8.88", "7": "-", "8": "-", "9": "-"}, "2021-06-30": {"1": "-", "2": "-", "3": "0", "4": "-", "5": "-", "6": "8.24", "7": "-", "8": null, "9": null}}}, "stock_price": {"symbol": {"0": "AVAC", "1": "AVAC", "2": "AVAC", "3": "AVAC", "4": "AVAC", "5": "AVAC", "6": "AVAC", "7": "AVAC", "8": "AVAC", "9": "AVAC", "10": "AVAC", "11": "AVAC", "12": "AVAC", "13": "AVAC", "14": "AVAC", "15": "AVAC", "16": "AVAC", "17": "AVAC", "18": "AVAC", "19": "AVAC", "20": "AVAC", "21": "AVAC", "22": "AVAC", "23": "AVAC", "24": "AVAC", "25": "AVAC", "26": "AVAC", "27": "AVAC", "28": "AVAC", "29": "AVAC", "30": "AVAC", "31": "AVAC", "32": "AVAC", "33": "AVAC", "34": "AVAC", "35": "AVAC", "36": "AVAC", "37": "AVAC", "38": "AVAC", "39": "AVAC", "40": "AVAC", "41": "AVAC", "42": "AVAC", "43": "AVAC", "44": "AVAC", "45": "AVAC", "46": "AVAC", "47": "AVAC", "48": "AVAC", "49": "AVAC", "50": "AVAC", "51": "AVAC", "52": "AVAC", "53": "AVAC", "54": "AVAC", "55": "AVAC", "56": "AVAC", "57": "AVAC", "58": "AVAC", "59": "AVAC", "60": "AVAC", "61": "AVAC", "62": "AVAC", "63": "AVAC", "64": "AVAC", "65": "AVAC", "66": "AVAC", "67": "AVAC", "68": "AVAC", "69": "AVAC", "70": "AVAC", "71": "AVAC", "72": "AVAC", "73": "AVAC", "74": "AVAC", "75": "AVAC", "76": "AVAC", "77": "AVAC", "78": "AVAC", "79": "AVAC", "80": "AVAC", "81": "AVAC", "82": "AVAC", "83": "AVAC", "84": "AVAC", "85": "AVAC", "86": "AVAC", "87": "AVAC", "88": "AVAC", "89": "AVAC", "90": "AVAC", "91": "AVAC", "92": "AVAC", "93": "AVAC", "94": "AVAC", "95": "AVAC", "96": "AVAC", "97": "AVAC", "98": "AVAC", "99": "AVAC", "100": "AVAC", "101": "AVAC", "102": "AVAC", "103": "AVAC", "104": "AVAC", "105": "AVAC", "106": "AVAC", "107": "AVAC", "108": "AVAC", "109": "AVAC", "110": "AVAC", "111": "AVAC", "112": "AVAC", "113": "AVAC", "114": "AVAC", "115": "AVAC", "116": "AVAC", "117": "AVAC", "118": "AVAC", "119": "AVAC", "120": "AVAC", "121": "AVAC", "122": "AVAC", "123": "AVAC", "124": "AVAC", "125": "AVAC", "126": "AVAC", "127": "AVAC", "128": "AVAC", "129": "AVAC", "130": "AVAC", "131": "AVAC", "132": "AVAC", "133": "AVAC", "134": "AVAC", "135": "AVAC", "136": "AVAC", "137": "AVAC", "138": "AVAC", "139": "AVAC", "140": "AVAC", "141": "AVAC", "142": "AVAC", "143": "AVAC", "144": "AVAC", "145": "AVAC", "146": "AVAC", "147": "AVAC", "148": "AVAC", "149": "AVAC", "150": "AVAC", "151": "AVAC", "152": "AVAC", "153": "AVAC", "154": "AVAC", "155": "AVAC", "156": "AVAC", "157": "AVAC", "158": "AVAC", "159": "AVAC", "160": "AVAC", "161": "AVAC", "162": "AVAC", "163": "AVAC", "164": "AVAC", "165": "AVAC", "166": "AVAC", "167": "AVAC", "168": "AVAC", "169": "AVAC", "170": "AVAC", "171": "AVAC", "172": "AVAC", "173": "AVAC", "174": "AVAC", "175": "AVAC", "176": "AVAC", "177": "AVAC", "178": "AVAC", "179": "AVAC", "180": "AVAC", "181": "AVAC", "182": "AVAC", "183": "AVAC", "184": "AVAC", "185": "AVAC", "186": "AVAC", "187": "AVAC", "188": "AVAC", "189": "AVAC", "190": "AVAC", "191": "AVAC", "192": "AVAC", "193": "AVAC", "194": "AVAC", "195": "AVAC", "196": "AVAC", "197": "AVAC", "198": "AVAC", "199": "AVAC", "200": "AVAC", "201": "AVAC", "202": "AVAC", "203": "AVAC", "204": "AVAC", "205": "AVAC", "206": "AVAC", "207": "AVAC", "208": "AVAC", "209": "AVAC", "210": "AVAC", "211": "AVAC", "212": "AVAC", "213": "AVAC", "214": "AVAC", "215": "AVAC", "216": "AVAC", "217": "AVAC", "218": "AVAC", "219": "AVAC", "220": "AVAC", "221": "AVAC", "222": "AVAC", "223": "AVAC", "224": "AVAC", "225": "AVAC", "226": "AVAC", "227": "AVAC", "228": "AVAC", "229": "AVAC", "230": "AVAC", "231": "AVAC", "232": "AVAC", "233": "AVAC", "234": "AVAC", "235": "AVAC", "236": "AVAC", "237": "AVAC", "238": "AVAC", "239": "AVAC", "240": "AVAC", "241": "AVAC", "242": "AVAC", "243": "AVAC", "244": "AVAC", "245": "AVAC", "246": "AVAC", "247": "AVAC", "248": "AVAC", "249": "AVAC", "250": "AVAC", "251": "AVAC", "252": "AVAC", "253": "AVAC", "254": "AVAC", "255": "AVAC", "256": "AVAC", "257": "AVAC", "258": "AVAC", "259": "AVAC", "260": "AVAC", "261": "AVAC", "262": "AVAC", "263": "AVAC", "264": "AVAC", "265": "AVAC", "266": "AVAC", "267": "AVAC", "268": "AVAC", "269": "AVAC", "270": "AVAC", "271": "AVAC", "272": "AVAC", "273": "AVAC", "274": "AVAC", "275": "AVAC", "276": "AVAC", "277": "AVAC", "278": "AVAC", "279": "AVAC", "280": "AVAC", "281": "AVAC", "282": "AVAC", "283": "AVAC", "284": "AVAC", "285": "AVAC", "286": "AVAC", "287": "AVAC", "288": "AVAC", "289": "AVAC", "290": "AVAC", "291": "AVAC", "292": "AVAC", "293": "AVAC", "294": "AVAC", "295": "AVAC", "296": "AVAC", "297": "AVAC", "298": "AVAC", "299": "AVAC", "300": "AVAC", "301": "AVAC", "302": "AVAC", "303": "AVAC", "304": "AVAC", "305": "AVAC", "306": "AVAC", "307": "AVAC", "308": "AVAC", "309": "AVAC", "310": "AVAC", "311": "AVAC", "312": "AVAC", "313": "AVAC", "314": "AVAC", "315": "AVAC", "316": "AVAC", "317": "AVAC", "318": "AVAC", "319": "AVAC", "320": "AVAC", "321": "AVAC", "322": "AVAC", "323": "AVAC", "324": "AVAC", "325": "AVAC", "326": "AVAC", "327": "AVAC", "328": "AVAC", "329": "AVAC", "330": "AVAC", "331": "AVAC", "332": "AVAC", "333": "AVAC", "334": "AVAC", "335": "AVAC", "336": "AVAC", "337": "AVAC", "338": "AVAC", "339": "AVAC", "340": "AVAC", "341": "AVAC", "342": "AVAC", "343": "AVAC", "344": "AVAC", "345": "AVAC", "346": "AVAC", "347": "AVAC", "348": "AVAC", "349": "AVAC", "350": "AVAC", "351": "AVAC", "352": "AVAC", "353": "AVAC", "354": "AVAC", "355": "AVAC", "356": "AVAC", "357": "AVAC", "358": "AVAC", "359": "AVAC", "360": "AVAC", "361": "AVAC", "362": "AVAC", "363": "AVAC", "364": "AVAC", "365": "AVAC", "366": "AVAC", "367": "AVAC", "368": "AVAC", "369": "AVAC", "370": "AVAC", "371": "AVAC", "372": "AVAC", "373": "AVAC", "374": "AVAC", "375": "AVAC", "376": "AVAC", "377": "AVAC", "378": "AVAC"}, "date": {"0": "2021-12-03", "1": "2021-12-06", "2": "2021-12-07", "3": "2021-12-08", "4": "2021-12-09", "5": "2021-12-10", "6": "2021-12-13", "7": "2021-12-14", "8": "2021-12-15", "9": "2021-12-16", "10": "2021-12-17", "11": "2021-12-20", "12": "2021-12-21", "13": "2021-12-22", "14": "2021-12-23", "15": "2021-12-27", "16": "2021-12-28", "17": "2021-12-29", "18": "2021-12-30", "19": "2021-12-31", "20": "2022-01-03", "21": "2022-01-04", "22": "2022-01-05", "23": "2022-01-06", "24": "2022-01-07", "25": "2022-01-10", "26": "2022-01-11", "27": "2022-01-12", "28": "2022-01-13", "29": "2022-01-14", "30": "2022-01-18", "31": "2022-01-19", "32": "2022-01-20", "33": "2022-01-21", "34": "2022-01-24", "35": "2022-01-25", "36": "2022-01-26", "37": "2022-01-27", "38": "2022-01-28", "39": "2022-01-31", "40": "2022-02-01", "41": "2022-02-02", "42": "2022-02-03", "43": "2022-02-04", "44": "2022-02-07", "45": "2022-02-08", "46": "2022-02-09", "47": "2022-02-10", "48": "2022-02-11", "49": "2022-02-14", "50": "2022-02-15", "51": "2022-02-16", "52": "2022-02-17", "53": "2022-02-18", "54": "2022-02-22", "55": "2022-02-23", "56": "2022-02-24", "57": "2022-02-25", "58": "2022-02-28", "59": "2022-03-01", "60": "2022-03-02", "61": "2022-03-03", "62": "2022-03-04", "63": "2022-03-07", "64": "2022-03-08", "65": "2022-03-09", "66": "2022-03-10", "67": "2022-03-11", "68": "2022-03-14", "69": "2022-03-15", "70": "2022-03-16", "71": "2022-03-17", "72": "2022-03-18", "73": "2022-03-21", "74": "2022-03-22", "75": "2022-03-23", "76": "2022-03-24", "77": "2022-03-25", "78": "2022-03-28", "79": "2022-03-29", "80": "2022-03-30", "81": "2022-03-31", "82": "2022-04-01", "83": "2022-04-04", "84": "2022-04-05", "85": "2022-04-06", "86": "2022-04-07", "87": "2022-04-08", "88": "2022-04-11", "89": "2022-04-12", "90": "2022-04-13", "91": "2022-04-14", "92": "2022-04-18", "93": "2022-04-19", "94": "2022-04-20", "95": "2022-04-21", "96": "2022-04-22", "97": "2022-04-25", "98": "2022-04-26", "99": "2022-04-27", "100": "2022-04-28", "101": "2022-04-29", "102": "2022-05-02", "103": "2022-05-03", "104": "2022-05-04", "105": "2022-05-05", "106": "2022-05-06", "107": "2022-05-09", "108": "2022-05-10", "109": "2022-05-11", "110": "2022-05-12", "111": "2022-05-13", "112": "2022-05-16", "113": "2022-05-17", "114": "2022-05-18", "115": "2022-05-19", "116": "2022-05-20", "117": "2022-05-23", "118": "2022-05-24", "119": "2022-05-25", "120": "2022-05-26", "121": "2022-05-27", "122": "2022-05-31", "123": "2022-06-01", "124": "2022-06-02", "125": "2022-06-03", "126": "2022-06-06", "127": "2022-06-07", "128": "2022-06-08", "129": "2022-06-09", "130": "2022-06-10", "131": "2022-06-13", "132": "2022-06-14", "133": "2022-06-15", "134": "2022-06-16", "135": "2022-06-17", "136": "2022-06-21", "137": "2022-06-22", "138": "2022-06-23", "139": "2022-06-24", "140": "2022-06-27", "141": "2022-06-28", "142": "2022-06-29", "143": "2022-06-30", "144": "2022-07-01", "145": "2022-07-05", "146": "2022-07-06", "147": "2022-07-07", "148": "2022-07-08", "149": "2022-07-11", "150": "2022-07-12", "151": "2022-07-13", "152": "2022-07-14", "153": "2022-07-15", "154": "2022-07-18", "155": "2022-07-19", "156": "2022-07-20", "157": "2022-07-21", "158": "2022-07-22", "159": "2022-07-25", "160": "2022-07-26", "161": "2022-07-27", "162": "2022-07-28", "163": "2022-07-29", "164": "2022-08-01", "165": "2022-08-02", "166": "2022-08-03", "167": "2022-08-04", "168": "2022-08-05", "169": "2022-08-08", "170": "2022-08-09", "171": "2022-08-10", "172": "2022-08-11", "173": "2022-08-12", "174": "2022-08-15", "175": "2022-08-16", "176": "2022-08-17", "177": "2022-08-18", "178": "2022-08-19", "179": "2022-08-22", "180": "2022-08-23", "181": "2022-08-24", "182": "2022-08-25", "183": "2022-08-26", "184": "2022-08-29", "185": "2022-08-30", "186": "2022-08-31", "187": "2022-09-01", "188": "2022-09-02", "189": "2022-09-06", "190": "2022-09-07", "191": "2022-09-08", "192": "2022-09-09", "193": "2022-09-12", "194": "2022-09-13", "195": "2022-09-14", "196": "2022-09-15", "197": "2022-09-16", "198": "2022-09-19", "199": "2022-09-20", "200": "2022-09-21", "201": "2022-09-22", "202": "2022-09-23", "203": "2022-09-26", "204": "2022-09-27", "205": "2022-09-28", "206": "2022-09-29", "207": "2022-09-30", "208": "2022-10-03", "209": "2022-10-04", "210": "2022-10-05", "211": "2022-10-06", "212": "2022-10-07", "213": "2022-10-10", "214": "2022-10-11", "215": "2022-10-12", "216": "2022-10-13", "217": "2022-10-14", "218": "2022-10-17", "219": "2022-10-18", "220": "2022-10-19", "221": "2022-10-20", "222": "2022-10-21", "223": "2022-10-24", "224": "2022-10-25", "225": "2022-10-26", "226": "2022-10-27", "227": "2022-10-28", "228": "2022-10-31", "229": "2022-11-01", "230": "2022-11-02", "231": "2022-11-03", "232": "2022-11-04", "233": "2022-11-07", "234": "2022-11-08", "235": "2022-11-09", "236": "2022-11-10", "237": "2022-11-11", "238": "2022-11-14", "239": "2022-11-15", "240": "2022-11-16", "241": "2022-11-17", "242": "2022-11-18", "243": "2022-11-21", "244": "2022-11-22", "245": "2022-11-23", "246": "2022-11-25", "247": "2022-11-28", "248": "2022-11-29", "249": "2022-11-30", "250": "2022-12-01", "251": "2022-12-02", "252": "2022-12-05", "253": "2022-12-06", "254": "2022-12-07", "255": "2022-12-08", "256": "2022-12-09", "257": "2022-12-12", "258": "2022-12-13", "259": "2022-12-14", "260": "2022-12-15", "261": "2022-12-16", "262": "2022-12-19", "263": "2022-12-20", "264": "2022-12-21", "265": "2022-12-22", "266": "2022-12-23", "267": "2022-12-27", "268": "2022-12-28", "269": "2022-12-29", "270": "2022-12-30", "271": "2023-01-03", "272": "2023-01-04", "273": "2023-01-05", "274": "2023-01-06", "275": "2023-01-09", "276": "2023-01-10", "277": "2023-01-11", "278": "2023-01-12", "279": "2023-01-13", "280": "2023-01-17", "281": "2023-01-18", "282": "2023-01-19", "283": "2023-01-20", "284": "2023-01-23", "285": "2023-01-24", "286": "2023-01-25", "287": "2023-01-26", "288": "2023-01-27", "289": "2023-01-30", "290": "2023-01-31", "291": "2023-02-01", "292": "2023-02-02", "293": "2023-02-03", "294": "2023-02-06", "295": "2023-02-07", "296": "2023-02-08", "297": "2023-02-09", "298": "2023-02-10", "299": "2023-02-13", "300": "2023-02-14", "301": "2023-02-15", "302": "2023-02-16", "303": "2023-02-17", "304": "2023-02-21", "305": "2023-02-22", "306": "2023-02-23", "307": "2023-02-24", "308": "2023-02-27", "309": "2023-02-28", "310": "2023-03-01", "311": "2023-03-02", "312": "2023-03-03", "313": "2023-03-06", "314": "2023-03-07", "315": "2023-03-08", "316": "2023-03-09", "317": "2023-03-10", "318": "2023-03-13", "319": "2023-03-14", "320": "2023-03-15", "321": "2023-03-16", "322": "2023-03-17", "323": "2023-03-20", "324": "2023-03-21", "325": "2023-03-22", "326": "2023-03-23", "327": "2023-03-24", "328": "2023-03-27", "329": "2023-03-28", "330": "2023-03-29", "331": "2023-03-30", "332": "2023-03-31", "333": "2023-04-03", "334": "2023-04-04", "335": "2023-04-05", "336": "2023-04-06", "337": "2023-04-10", "338": "2023-04-11", "339": "2023-04-12", "340": "2023-04-13", "341": "2023-04-14", "342": "2023-04-17", "343": "2023-04-18", "344": "2023-04-19", "345": "2023-04-20", "346": "2023-04-21", "347": "2023-04-24", "348": "2023-04-25", "349": "2023-04-26", "350": "2023-04-27", "351": "2023-04-28", "352": "2023-05-01", "353": "2023-05-02", "354": "2023-05-03", "355": "2023-05-04", "356": "2023-05-05", "357": "2023-05-08", "358": "2023-05-09", "359": "2023-05-10", "360": "2023-05-11", "361": "2023-05-12", "362": "2023-05-15", "363": "2023-05-16", "364": "2023-05-17", "365": "2023-05-18", "366": "2023-05-19", "367": "2023-05-22", "368": "2023-05-23", "369": "2023-05-24", "370": "2023-05-25", "371": "2023-05-26", "372": "2023-05-30", "373": "2023-05-31", "374": "2023-06-01", "375": "2023-06-02", "376": "2023-06-05", "377": "2023-06-06", "378": "2023-06-07"}, "open": {"0": 9.869999885559082, "1": 9.859999656677246, "2": 9.850000381469727, "3": 9.859999656677246, "4": 9.850000381469727, "5": 9.920000076293945, "6": 9.869999885559082, "7": 9.869999885559082, "8": 9.84000015258789, "9": 9.845000267028809, "10": 9.859999656677246, "11": 9.859999656677246, "12": 9.869999885559082, "13": 9.850000381469727, "14": 9.850000381469727, "15": 9.829999923706055, "16": 9.869999885559082, "17": 9.880000114440918, "18": 9.869999885559082, "19": 9.880000114440918, "20": 9.880000114440918, "21": 9.869999885559082, "22": 9.899999618530273, "23": 9.859999656677246, "24": 9.875, "25": 9.859999656677246, "26": 9.859999656677246, "27": 9.869999885559082, "28": 9.869999885559082, "29": 9.869999885559082, "30": 9.859999656677246, "31": 9.880000114440918, "32": 9.880000114440918, "33": 9.880000114440918, "34": 9.875, "35": 9.859999656677246, "36": 9.859999656677246, "37": 9.890000343322754, "38": 9.850000381469727, "39": 9.859999656677246, "40": 9.875, "41": 9.914999961853027, "42": 9.895000457763672, "43": 9.880000114440918, "44": 9.880000114440918, "45": 9.899999618530273, "46": 9.890000343322754, "47": 9.920000076293945, "48": 9.878999710083008, "49": 9.878999710083008, "50": 9.890000343322754, "51": 9.890000343322754, "52": 9.895000457763672, "53": 9.895000457763672, "54": 9.895000457763672, "55": 9.890000343322754, "56": 9.890000343322754, "57": 9.895000457763672, "58": 9.90999984741211, "59": 9.90999984741211, "60": 9.930000305175781, "61": 9.90999984741211, "62": 9.9399995803833, "63": 9.920000076293945, "64": 9.920000076293945, "65": 9.932000160217285, "66": 9.920000076293945, "67": 9.930000305175781, "68": 9.930000305175781, "69": 9.9399995803833, "70": 9.9399995803833, "71": 9.914999961853027, "72": 9.930000305175781, "73": 9.949999809265137, "74": 9.9399995803833, "75": 9.9399995803833, "76": 9.949999809265137, "77": 9.930000305175781, "78": 9.9399995803833, "79": 9.970000267028809, "80": 9.944999694824219, "81": 9.960000038146973, "82": 9.949999809265137, "83": 9.96500015258789, "84": 9.96500015258789, "85": 9.960000038146973, "86": 9.960000038146973, "87": 9.95009994506836, "88": 9.968400001525879, "89": 9.960000038146973, "90": 9.979999542236328, "91": 9.979999542236328, "92": 9.979999542236328, "93": 9.979999542236328, "94": 9.979999542236328, "95": 9.970000267028809, "96": 9.979999542236328, "97": 10.010000228881836, "98": 10.0, "99": 9.979999542236328, "100": 10.010000228881836, "101": 10.010000228881836, "102": 10.010000228881836, "103": 9.979999542236328, "104": 9.970000267028809, "105": 9.970000267028809, "106": 9.970000267028809, "107": 9.970000267028809, "108": 9.949999809265137, "109": 9.960000038146973, "110": 9.949999809265137, "111": 9.960000038146973, "112": 9.949999809265137, "113": 9.949999809265137, "114": 9.949999809265137, "115": 9.975199699401855, "116": 9.9399995803833, "117": 9.979999542236328, "118": 9.970000267028809, "119": 9.970000267028809, "120": 9.970000267028809, "121": 9.95009994506836, "122": 9.970000267028809, "123": 9.970000267028809, "124": 9.949999809265137, "125": 9.979999542236328, "126": 9.989999771118164, "127": 9.989999771118164, "128": 9.989999771118164, "129": 9.970000267028809, "130": 9.960000038146973, "131": 9.960000038146973, "132": 9.970000267028809, "133": 10.0, "134": 9.979999542236328, "135": 9.979999542236328, "136": 9.979999542236328, "137": 9.960000038146973, "138": 9.970000267028809, "139": 9.975000381469727, "140": 9.960000038146973, "141": 9.949999809265137, "142": 9.970000267028809, "143": 9.989999771118164, "144": 9.960000038146973, "145": 9.970000267028809, "146": 9.979999542236328, "147": 9.979999542236328, "148": 9.979999542236328, "149": 9.979999542236328, "150": 9.989999771118164, "151": 9.989999771118164, "152": 10.005000114440918, "153": 10.5, "154": 9.989999771118164, "155": 9.989999771118164, "156": 9.989999771118164, "157": 9.989999771118164, "158": 9.989999771118164, "159": 9.989999771118164, "160": 9.989999771118164, "161": 10.0, "162": 10.039999961853027, "163": 10.039999961853027, "164": 10.039999961853027, "165": 10.050000190734863, "166": 10.039999961853027, "167": 10.020000457763672, "168": 10.020000457763672, "169": 10.029999732971191, "170": 10.029999732971191, "171": 10.029999732971191, "172": 10.029999732971191, "173": 10.029999732971191, "174": 10.029999732971191, "175": 10.029999732971191, "176": 10.050000190734863, "177": 10.029999732971191, "178": 10.029999732971191, "179": 10.029999732971191, "180": 10.020000457763672, "181": 10.020000457763672, "182": 10.020000457763672, "183": 10.020000457763672, "184": 10.010000228881836, "185": 10.020000457763672, "186": 10.029999732971191, "187": 10.0, "188": 10.029999732971191, "189": 10.029999732971191, "190": 10.029999732971191, "191": 10.029999732971191, "192": 10.010000228881836, "193": 10.050000190734863, "194": 10.020000457763672, "195": 10.020000457763672, "196": 10.020000457763672, "197": 10.020000457763672, "198": 10.05150032043457, "199": 10.020099639892578, "200": 10.020000457763672, "201": 10.010000228881836, "202": 10.0, "203": 10.020000457763672, "204": 10.020000457763672, "205": 10.010000228881836, "206": 10.010000228881836, "207": 10.039999961853027, "208": 10.010000228881836, "209": 10.020000457763672, "210": 10.020000457763672, "211": 10.03030014038086, "212": 10.029999732971191, "213": 10.109999656677246, "214": 10.109999656677246, "215": 10.109999656677246, "216": 10.109999656677246, "217": 10.039999961853027, "218": 10.039999961853027, "219": 10.039999961853027, "220": 10.050000190734863, "221": 10.050000190734863, "222": 10.050000190734863, "223": 10.050000190734863, "224": 10.09000015258789, "225": 10.09000015258789, "226": 10.069999694824219, "227": 10.069999694824219, "228": 10.069999694824219, "229": 10.069999694824219, "230": 10.069999694824219, "231": 10.069999694824219, "232": 10.069999694824219, "233": 10.069999694824219, "234": 10.0600004196167, "235": 10.079999923706055, "236": 10.079999923706055, "237": 10.09000015258789, "238": 10.09000015258789, "239": 10.09000015258789, "240": 10.100000381469727, "241": 10.109999656677246, "242": 10.109999656677246, "243": 10.109999656677246, "244": 10.109999656677246, "245": 10.109999656677246, "246": 10.109999656677246, "247": 10.114999771118164, "248": 10.114999771118164, "249": 10.114999771118164, "250": 10.170000076293945, "251": 10.109999656677246, "252": 10.109999656677246, "253": 10.109999656677246, "254": 10.109999656677246, "255": 10.109999656677246, "256": 10.100000381469727, "257": 10.119999885559082, "258": 10.109999656677246, "259": 10.210000038146973, "260": 10.109999656677246, "261": 10.130000114440918, "262": 10.130000114440918, "263": 10.130000114440918, "264": 10.130000114440918, "265": 10.140000343322754, "266": 10.130000114440918, "267": 10.15999984741211, "268": 10.15999984741211, "269": 10.220000267028809, "270": 10.220000267028809, "271": 10.220000267028809, "272": 10.234999656677246, "273": 10.260000228881836, "274": 10.279999732971191, "275": 10.289999961853027, "276": 10.300000190734863, "277": 10.300000190734863, "278": 10.3100004196167, "279": 10.300000190734863, "280": 10.34000015258789, "281": 10.319999694824219, "282": 10.3100004196167, "283": 10.3100004196167, "284": 10.3100004196167, "285": 10.329999923706055, "286": 10.329999923706055, "287": 10.32229995727539, "288": 10.319999694824219, "289": 10.319999694824219, "290": 10.34000015258789, "291": 10.3100004196167, "292": 10.3100004196167, "293": 10.34000015258789, "294": 10.34000015258789, "295": 10.34000015258789, "296": 10.34000015258789, "297": 10.320099830627441, "298": 10.350000381469727, "299": 10.350000381469727, "300": 10.350000381469727, "301": 10.329999923706055, "302": 10.350000381469727, "303": 10.350000381469727, "304": 10.380000114440918, "305": 10.399999618530273, "306": 10.380000114440918, "307": 10.369999885559082, "308": 10.369999885559082, "309": 10.364999771118164, "310": 10.369999885559082, "311": 10.369999885559082, "312": 10.369999885559082, "313": 10.390000343322754, "314": 10.371600151062012, "315": 10.390000343322754, "316": 10.390000343322754, "317": 10.404999732971191, "318": 10.399999618530273, "319": 10.399999618530273, "320": 10.404999732971191, "321": 10.40999984741211, "322": 10.40999984741211, "323": 10.40999984741211, "324": 10.40999984741211, "325": 10.40999984741211, "326": 10.404999732971191, "327": 10.40999984741211, "328": 10.40999984741211, "329": 10.420000076293945, "330": 10.430000305175781, "331": 10.430000305175781, "332": 10.430000305175781, "333": 10.420000076293945, "334": 10.4399995803833, "335": 10.470000267028809, "336": 10.470000267028809, "337": 10.470000267028809, "338": 10.479999542236328, "339": 10.479999542236328, "340": 10.470000267028809, "341": 10.479999542236328, "342": 10.479999542236328, "343": 10.949999809265137, "344": 10.5, "345": 10.489999771118164, "346": 10.489899635314941, "347": 10.484999656677246, "348": 10.494999885559082, "349": 10.529999732971191, "350": 10.5, "351": 10.510000228881836, "352": 10.510000228881836, "353": 10.510000228881836, "354": 10.510000228881836, "355": 10.510000228881836, "356": 10.529999732971191, "357": 10.529999732971191, "358": 10.529999732971191, "359": 10.530099868774414, "360": 11.0, "361": 10.550000190734863, "362": 10.550000190734863, "363": 10.555000305175781, "364": 10.5600004196167, "365": 10.550000190734863, "366": 10.5649995803833, "367": 10.579999923706055, "368": 10.569999694824219, "369": 10.589900016784668, "370": 10.5600004196167, "371": 10.5600004196167, "372": 10.565999984741211, "373": 10.569999694824219, "374": 10.40999984741211, "375": 10.489999771118164, "376": 10.720000267028809, "377": 9.170000076293945, "378": 9.170000076293945}, "high": {"0": 9.869999885559082, "1": 9.859999656677246, "2": 9.859999656677246, "3": 9.859999656677246, "4": 9.869999885559082, "5": 9.920000076293945, "6": 9.880000114440918, "7": 9.880000114440918, "8": 9.869999885559082, "9": 9.880000114440918, "10": 9.859999656677246, "11": 9.859999656677246, "12": 9.880000114440918, "13": 9.880000114440918, "14": 9.869999885559082, "15": 9.869999885559082, "16": 9.869999885559082, "17": 9.880000114440918, "18": 9.899999618530273, "19": 9.880000114440918, "20": 9.880000114440918, "21": 9.869999885559082, "22": 9.899999618530273, "23": 9.880000114440918, "24": 9.875, "25": 9.880000114440918, "26": 9.880000114440918, "27": 9.869999885559082, "28": 9.869999885559082, "29": 9.880000114440918, "30": 9.859999656677246, "31": 9.880000114440918, "32": 9.880000114440918, "33": 9.880000114440918, "34": 9.875, "35": 9.859999656677246, "36": 9.875, "37": 9.890000343322754, "38": 9.850000381469727, "39": 9.859999656677246, "40": 9.90999984741211, "41": 9.9399995803833, "42": 9.895000457763672, "43": 9.880000114440918, "44": 9.880000114440918, "45": 9.899999618530273, "46": 9.890000343322754, "47": 9.920000076293945, "48": 9.878999710083008, "49": 9.878999710083008, "50": 9.890000343322754, "51": 9.890000343322754, "52": 9.895000457763672, "53": 9.895000457763672, "54": 9.895000457763672, "55": 9.899999618530273, "56": 9.895000457763672, "57": 9.895000457763672, "58": 9.90999984741211, "59": 9.930000305175781, "60": 9.9399995803833, "61": 9.9350004196167, "62": 9.960000038146973, "63": 9.920000076293945, "64": 9.920000076293945, "65": 9.932000160217285, "66": 9.930000305175781, "67": 9.930000305175781, "68": 9.9399995803833, "69": 9.944999694824219, "70": 9.956000328063965, "71": 9.9399995803833, "72": 9.930000305175781, "73": 9.949999809265137, "74": 9.9399995803833, "75": 9.9399995803833, "76": 9.949999809265137, "77": 9.960000038146973, "78": 9.949999809265137, "79": 9.970000267028809, "80": 9.960000038146973, "81": 9.960000038146973, "82": 9.96500015258789, "83": 9.970000267028809, "84": 9.96500015258789, "85": 9.96500015258789, "86": 9.960000038146973, "87": 9.95009994506836, "88": 9.968400001525879, "89": 9.960000038146973, "90": 9.979999542236328, "91": 9.979999542236328, "92": 9.979999542236328, "93": 9.979999542236328, "94": 9.979999542236328, "95": 9.970000267028809, "96": 9.979999542236328, "97": 10.010000228881836, "98": 10.0, "99": 9.979999542236328, "100": 10.010000228881836, "101": 10.010000228881836, "102": 10.010000228881836, "103": 9.979999542236328, "104": 9.970000267028809, "105": 9.970000267028809, "106": 9.970000267028809, "107": 9.970000267028809, "108": 9.970000267028809, "109": 9.960000038146973, "110": 9.989999771118164, "111": 9.960000038146973, "112": 9.949999809265137, "113": 9.949999809265137, "114": 9.949999809265137, "115": 9.975199699401855, "116": 9.9399995803833, "117": 9.979999542236328, "118": 9.970000267028809, "119": 9.970000267028809, "120": 9.970000267028809, "121": 9.95009994506836, "122": 9.979999542236328, "123": 9.970000267028809, "124": 9.963899612426758, "125": 9.979999542236328, "126": 9.989999771118164, "127": 9.989999771118164, "128": 9.989999771118164, "129": 9.970000267028809, "130": 9.960000038146973, "131": 9.960000038146973, "132": 9.970000267028809, "133": 10.0, "134": 9.979999542236328, "135": 9.979999542236328, "136": 9.979999542236328, "137": 9.960000038146973, "138": 9.975000381469727, "139": 9.975000381469727, "140": 9.994999885559082, "141": 9.984999656677246, "142": 9.970000267028809, "143": 9.989999771118164, "144": 9.970000267028809, "145": 9.970000267028809, "146": 9.979999542236328, "147": 9.979999542236328, "148": 9.979999542236328, "149": 9.979999542236328, "150": 9.989999771118164, "151": 9.989999771118164, "152": 10.005000114440918, "153": 10.5, "154": 9.989999771118164, "155": 9.989999771118164, "156": 9.989999771118164, "157": 9.989999771118164, "158": 9.989999771118164, "159": 9.989999771118164, "160": 9.989999771118164, "161": 10.020000457763672, "162": 10.039999961853027, "163": 10.039999961853027, "164": 10.039999961853027, "165": 10.050000190734863, "166": 10.039999961853027, "167": 10.03499984741211, "168": 10.020099639892578, "169": 10.029999732971191, "170": 10.029999732971191, "171": 10.029999732971191, "172": 10.029999732971191, "173": 10.029999732971191, "174": 10.03499984741211, "175": 10.050000190734863, "176": 10.050000190734863, "177": 10.029999732971191, "178": 10.029999732971191, "179": 10.029999732971191, "180": 10.020000457763672, "181": 10.020000457763672, "182": 10.020000457763672, "183": 10.020000457763672, "184": 10.020000457763672, "185": 10.029999732971191, "186": 10.029999732971191, "187": 10.029999732971191, "188": 10.029999732971191, "189": 10.029999732971191, "190": 10.029999732971191, "191": 10.029999732971191, "192": 10.050000190734863, "193": 10.050000190734863, "194": 10.020000457763672, "195": 10.020000457763672, "196": 10.020099639892578, "197": 10.020000457763672, "198": 10.05150032043457, "199": 10.029999732971191, "200": 10.039999961853027, "201": 10.020000457763672, "202": 10.008299827575684, "203": 10.020000457763672, "204": 10.029999732971191, "205": 10.010000228881836, "206": 10.010000228881836, "207": 10.050000190734863, "208": 10.010000228881836, "209": 10.020000457763672, "210": 10.020000457763672, "211": 10.03030014038086, "212": 10.029999732971191, "213": 10.109999656677246, "214": 10.109999656677246, "215": 10.109999656677246, "216": 10.109999656677246, "217": 10.039999961853027, "218": 10.039999961853027, "219": 10.039999961853027, "220": 10.050000190734863, "221": 10.050000190734863, "222": 10.050000190734863, "223": 10.050000190734863, "224": 10.09000015258789, "225": 10.09000015258789, "226": 10.069999694824219, "227": 10.069999694824219, "228": 10.069999694824219, "229": 10.085000038146973, "230": 10.079999923706055, "231": 10.069999694824219, "232": 10.070099830627441, "233": 10.069999694824219, "234": 10.0600004196167, "235": 10.079999923706055, "236": 10.079999923706055, "237": 10.09000015258789, "238": 10.09000015258789, "239": 10.09000015258789, "240": 10.109999656677246, "241": 10.109999656677246, "242": 10.109999656677246, "243": 10.109999656677246, "244": 10.109999656677246, "245": 10.109999656677246, "246": 10.109999656677246, "247": 10.114999771118164, "248": 10.114999771118164, "249": 10.125, "250": 10.170000076293945, "251": 10.109999656677246, "252": 10.109999656677246, "253": 10.109999656677246, "254": 10.109999656677246, "255": 10.109999656677246, "256": 10.109999656677246, "257": 10.119999885559082, "258": 10.109999656677246, "259": 10.210000038146973, "260": 10.114999771118164, "261": 10.130000114440918, "262": 10.130000114440918, "263": 10.130000114440918, "264": 10.130000114440918, "265": 10.140000343322754, "266": 10.180000305175781, "267": 10.15999984741211, "268": 10.220000267028809, "269": 10.220000267028809, "270": 10.25, "271": 10.220000267028809, "272": 10.239999771118164, "273": 10.270000457763672, "274": 10.289999961853027, "275": 10.300000190734863, "276": 10.300000190734863, "277": 10.300000190734863, "278": 10.3100004196167, "279": 10.300000190734863, "280": 10.34000015258789, "281": 10.319999694824219, "282": 10.3100004196167, "283": 10.3100004196167, "284": 10.3100004196167, "285": 10.329999923706055, "286": 10.329999923706055, "287": 10.32229995727539, "288": 10.319999694824219, "289": 10.319999694824219, "290": 10.359999656677246, "291": 10.3100004196167, "292": 10.3100004196167, "293": 10.34000015258789, "294": 10.34000015258789, "295": 10.34000015258789, "296": 10.34000015258789, "297": 10.34000015258789, "298": 10.350000381469727, "299": 10.350000381469727, "300": 10.350000381469727, "301": 10.329999923706055, "302": 10.350000381469727, "303": 10.350000381469727, "304": 10.380000114440918, "305": 10.399999618530273, "306": 10.390000343322754, "307": 10.380000114440918, "308": 10.369999885559082, "309": 10.380000114440918, "310": 10.369999885559082, "311": 10.369999885559082, "312": 10.390000343322754, "313": 10.390000343322754, "314": 10.380000114440918, "315": 10.399999618530273, "316": 10.390000343322754, "317": 10.404999732971191, "318": 10.399999618530273, "319": 10.404999732971191, "320": 10.420000076293945, "321": 10.40999984741211, "322": 10.40999984741211, "323": 10.40999984741211, "324": 10.420000076293945, "325": 10.40999984741211, "326": 10.40999984741211, "327": 10.40999984741211, "328": 10.420000076293945, "329": 10.430000305175781, "330": 10.430000305175781, "331": 10.430000305175781, "332": 10.430000305175781, "333": 10.4399995803833, "334": 10.4399995803833, "335": 10.470000267028809, "336": 10.479999542236328, "337": 10.470000267028809, "338": 10.5, "339": 10.485400199890137, "340": 10.489999771118164, "341": 10.479999542236328, "342": 10.479999542236328, "343": 10.949999809265137, "344": 10.5, "345": 10.489999771118164, "346": 10.489999771118164, "347": 10.484999656677246, "348": 10.5, "349": 10.529999732971191, "350": 10.5, "351": 10.51360034942627, "352": 10.510000228881836, "353": 10.520000457763672, "354": 10.520000457763672, "355": 10.529999732971191, "356": 10.529999732971191, "357": 10.529999732971191, "358": 10.545000076293945, "359": 10.530099868774414, "360": 11.055000305175781, "361": 10.550000190734863, "362": 10.550000190734863, "363": 10.555000305175781, "364": 10.5600004196167, "365": 10.5600004196167, "366": 10.5649995803833, "367": 10.579999923706055, "368": 10.579999923706055, "369": 10.589900016784668, "370": 10.569999694824219, "371": 10.569899559020996, "372": 10.600000381469727, "373": 10.579999923706055, "374": 10.609999656677246, "375": 10.994999885559082, "376": 10.800000190734863, "377": 9.399999618530273, "378": 9.170000076293945}, "low": {"0": 9.869999885559082, "1": 9.850000381469727, "2": 9.850000381469727, "3": 9.840999603271484, "4": 9.84000015258789, "5": 9.829999923706055, "6": 9.869999885559082, "7": 9.84000015258789, "8": 9.84000015258789, "9": 9.845000267028809, "10": 9.84000015258789, "11": 9.850000381469727, "12": 9.859999656677246, "13": 9.850000381469727, "14": 9.84000015258789, "15": 9.829999923706055, "16": 9.869999885559082, "17": 9.869999885559082, "18": 9.869999885559082, "19": 9.880000114440918, "20": 9.869999885559082, "21": 9.869999885559082, "22": 9.859999656677246, "23": 9.859999656677246, "24": 9.859999656677246, "25": 9.859999656677246, "26": 9.859999656677246, "27": 9.869999885559082, "28": 9.869999885559082, "29": 9.859999656677246, "30": 9.859999656677246, "31": 9.850000381469727, "32": 9.880000114440918, "33": 9.864999771118164, "34": 9.875, "35": 9.859999656677246, "36": 9.859999656677246, "37": 9.850000381469727, "38": 9.850000381469727, "39": 9.850000381469727, "40": 9.875, "41": 9.890000343322754, "42": 9.869999885559082, "43": 9.880000114440918, "44": 9.880000114440918, "45": 9.880000114440918, "46": 9.869999885559082, "47": 9.880000114440918, "48": 9.878999710083008, "49": 9.878999710083008, "50": 9.880000114440918, "51": 9.890000343322754, "52": 9.895000457763672, "53": 9.895000457763672, "54": 9.895000457763672, "55": 9.890000343322754, "56": 9.890000343322754, "57": 9.895000457763672, "58": 9.899999618530273, "59": 9.90999984741211, "60": 9.920000076293945, "61": 9.90999984741211, "62": 9.920000076293945, "63": 9.90999984741211, "64": 9.920000076293945, "65": 9.932000160217285, "66": 9.920000076293945, "67": 9.930000305175781, "68": 9.930000305175781, "69": 9.930000305175781, "70": 9.930000305175781, "71": 9.914999961853027, "72": 9.930000305175781, "73": 9.9399995803833, "74": 9.9399995803833, "75": 9.9399995803833, "76": 9.949999809265137, "77": 9.930000305175781, "78": 9.9399995803833, "79": 9.9399995803833, "80": 9.930000305175781, "81": 9.9399995803833, "82": 9.949999809265137, "83": 9.960000038146973, "84": 9.9621000289917, "85": 9.960000038146973, "86": 9.949999809265137, "87": 9.949999809265137, "88": 9.949999809265137, "89": 9.960000038146973, "90": 9.979999542236328, "91": 9.979999542236328, "92": 9.970000267028809, "93": 9.979999542236328, "94": 9.979999542236328, "95": 9.970000267028809, "96": 9.979999542236328, "97": 9.970000267028809, "98": 10.0, "99": 9.970000267028809, "100": 9.970000267028809, "101": 10.010000228881836, "102": 10.010000228881836, "103": 9.970000267028809, "104": 9.970000267028809, "105": 9.970000267028809, "106": 9.970000267028809, "107": 9.970000267028809, "108": 9.949999809265137, "109": 9.9399995803833, "110": 9.949999809265137, "111": 9.960000038146973, "112": 9.949999809265137, "113": 9.949999809265137, "114": 9.949999809265137, "115": 9.9399995803833, "116": 9.9399995803833, "117": 9.979999542236328, "118": 9.949999809265137, "119": 9.970000267028809, "120": 9.970000267028809, "121": 9.949999809265137, "122": 9.970000267028809, "123": 9.949999809265137, "124": 9.949999809265137, "125": 9.960000038146973, "126": 9.989999771118164, "127": 9.989999771118164, "128": 9.989999771118164, "129": 9.960000038146973, "130": 9.960000038146973, "131": 9.960000038146973, "132": 9.949999809265137, "133": 9.984999656677246, "134": 9.970000267028809, "135": 9.979999542236328, "136": 9.979999542236328, "137": 9.960000038146973, "138": 9.970000267028809, "139": 9.975000381469727, "140": 9.949999809265137, "141": 9.949999809265137, "142": 9.970000267028809, "143": 9.989999771118164, "144": 9.960000038146973, "145": 9.970000267028809, "146": 9.979999542236328, "147": 9.979999542236328, "148": 9.979999542236328, "149": 9.979999542236328, "150": 9.989999771118164, "151": 9.989999771118164, "152": 9.989999771118164, "153": 10.010000228881836, "154": 9.989999771118164, "155": 9.989999771118164, "156": 9.989999771118164, "157": 9.989999771118164, "158": 9.989999771118164, "159": 9.989999771118164, "160": 9.989999771118164, "161": 9.989999771118164, "162": 10.010000228881836, "163": 10.039999961853027, "164": 10.039999961853027, "165": 10.020000457763672, "166": 10.020000457763672, "167": 10.020000457763672, "168": 10.020000457763672, "169": 10.029999732971191, "170": 10.029999732971191, "171": 10.029999732971191, "172": 10.029999732971191, "173": 10.029999732971191, "174": 10.029999732971191, "175": 10.029999732971191, "176": 10.029999732971191, "177": 10.029999732971191, "178": 10.029999732971191, "179": 10.020000457763672, "180": 10.020000457763672, "181": 10.020000457763672, "182": 10.020000457763672, "183": 10.020000457763672, "184": 10.010000228881836, "185": 10.010000228881836, "186": 10.010000228881836, "187": 10.0, "188": 10.029999732971191, "189": 10.029999732971191, "190": 10.029999732971191, "191": 10.029999732971191, "192": 10.010000228881836, "193": 10.050000190734863, "194": 10.020000457763672, "195": 10.020000457763672, "196": 10.020000457763672, "197": 10.020000457763672, "198": 10.020000457763672, "199": 10.020000457763672, "200": 10.0, "201": 10.010000228881836, "202": 10.0, "203": 9.989999771118164, "204": 10.020000457763672, "205": 10.010000228881836, "206": 10.010000228881836, "207": 10.039999961853027, "208": 10.010000228881836, "209": 10.010000228881836, "210": 10.020000457763672, "211": 10.024999618530273, "212": 10.029999732971191, "213": 10.109999656677246, "214": 10.109999656677246, "215": 10.109999656677246, "216": 10.109999656677246, "217": 10.039999961853027, "218": 10.039999961853027, "219": 10.039999961853027, "220": 10.050000190734863, "221": 10.050000190734863, "222": 10.050000190734863, "223": 10.050000190734863, "224": 10.09000015258789, "225": 10.09000015258789, "226": 10.069999694824219, "227": 10.069999694824219, "228": 10.069999694824219, "229": 10.069999694824219, "230": 10.0600004196167, "231": 10.069999694824219, "232": 10.069999694824219, "233": 10.0600004196167, "234": 10.0600004196167, "235": 10.079999923706055, "236": 10.079999923706055, "237": 10.09000015258789, "238": 10.09000015258789, "239": 10.09000015258789, "240": 10.100000381469727, "241": 10.109999656677246, "242": 10.109999656677246, "243": 10.109999656677246, "244": 10.109999656677246, "245": 10.109999656677246, "246": 10.109999656677246, "247": 10.114999771118164, "248": 10.114999771118164, "249": 10.114999771118164, "250": 10.109999656677246, "251": 10.109999656677246, "252": 10.109999656677246, "253": 10.109999656677246, "254": 10.109999656677246, "255": 10.109999656677246, "256": 10.100000381469727, "257": 10.119999885559082, "258": 10.104599952697754, "259": 10.210000038146973, "260": 10.109999656677246, "261": 10.125, "262": 10.130000114440918, "263": 10.130000114440918, "264": 10.130000114440918, "265": 10.130000114440918, "266": 10.130000114440918, "267": 10.130000114440918, "268": 10.15999984741211, "269": 10.210000038146973, "270": 10.210000038146973, "271": 10.220000267028809, "272": 10.229999542236328, "273": 10.25, "274": 10.279999732971191, "275": 10.289999961853027, "276": 10.289999961853027, "277": 10.289999961853027, "278": 10.300000190734863, "279": 10.300000190734863, "280": 10.319999694824219, "281": 10.3100004196167, "282": 10.3100004196167, "283": 10.3100004196167, "284": 10.3100004196167, "285": 10.329999923706055, "286": 10.329999923706055, "287": 10.32229995727539, "288": 10.319999694824219, "289": 10.319999694824219, "290": 10.34000015258789, "291": 10.3100004196167, "292": 10.3100004196167, "293": 10.34000015258789, "294": 10.34000015258789, "295": 10.34000015258789, "296": 10.34000015258789, "297": 10.319999694824219, "298": 10.319999694824219, "299": 10.350000381469727, "300": 10.34000015258789, "301": 10.319999694824219, "302": 10.350000381469727, "303": 10.350000381469727, "304": 10.369999885559082, "305": 10.350000381469727, "306": 10.380000114440918, "307": 10.369999885559082, "308": 10.359999656677246, "309": 10.364999771118164, "310": 10.369999885559082, "311": 10.369999885559082, "312": 10.369999885559082, "313": 10.390000343322754, "314": 10.371600151062012, "315": 10.390000343322754, "316": 10.390000343322754, "317": 10.399999618530273, "318": 10.38010025024414, "319": 10.399999618530273, "320": 10.399999618530273, "321": 10.40999984741211, "322": 10.40999984741211, "323": 10.40999984741211, "324": 10.40999984741211, "325": 10.40999984741211, "326": 10.399999618530273, "327": 10.40999984741211, "328": 10.40999984741211, "329": 10.414999961853027, "330": 10.430000305175781, "331": 10.430000305175781, "332": 10.430000305175781, "333": 10.420000076293945, "334": 10.4399995803833, "335": 10.449999809265137, "336": 10.449999809265137, "337": 10.470000267028809, "338": 10.479999542236328, "339": 10.479999542236328, "340": 10.470000267028809, "341": 10.479999542236328, "342": 10.479999542236328, "343": 10.489999771118164, "344": 10.5, "345": 10.479999542236328, "346": 10.484999656677246, "347": 10.484999656677246, "348": 10.489999771118164, "349": 10.5, "350": 10.5, "351": 10.510000228881836, "352": 10.510000228881836, "353": 10.510000228881836, "354": 10.510000228881836, "355": 10.510000228881836, "356": 10.520000457763672, "357": 10.524999618530273, "358": 10.529999732971191, "359": 10.530099868774414, "360": 10.569999694824219, "361": 10.539999961853027, "362": 10.539999961853027, "363": 10.555000305175781, "364": 10.54010009765625, "365": 10.550000190734863, "366": 10.550000190734863, "367": 10.569999694824219, "368": 10.550000190734863, "369": 10.550000190734863, "370": 10.5600004196167, "371": 10.5600004196167, "372": 10.5600004196167, "373": 10.550100326538086, "374": 9.699999809265137, "375": 10.0600004196167, "376": 9.34000015258789, "377": 8.5, "378": 8.770000457763672}, "close": {"0": 9.869999885559082, "1": 9.859999656677246, "2": 9.859999656677246, "3": 9.850000381469727, "4": 9.869999885559082, "5": 9.880000114440918, "6": 9.880000114440918, "7": 9.850000381469727, "8": 9.859999656677246, "9": 9.859999656677246, "10": 9.859999656677246, "11": 9.859999656677246, "12": 9.869999885559082, "13": 9.850000381469727, "14": 9.84000015258789, "15": 9.869999885559082, "16": 9.869999885559082, "17": 9.869999885559082, "18": 9.899999618530273, "19": 9.880000114440918, "20": 9.869999885559082, "21": 9.869999885559082, "22": 9.869999885559082, "23": 9.859999656677246, "24": 9.859999656677246, "25": 9.880000114440918, "26": 9.880000114440918, "27": 9.869999885559082, "28": 9.869999885559082, "29": 9.859999656677246, "30": 9.859999656677246, "31": 9.850000381469727, "32": 9.880000114440918, "33": 9.869999885559082, "34": 9.875, "35": 9.859999656677246, "36": 9.869999885559082, "37": 9.850000381469727, "38": 9.850000381469727, "39": 9.850000381469727, "40": 9.90999984741211, "41": 9.890000343322754, "42": 9.869999885559082, "43": 9.880000114440918, "44": 9.880000114440918, "45": 9.880000114440918, "46": 9.880000114440918, "47": 9.880000114440918, "48": 9.878999710083008, "49": 9.878999710083008, "50": 9.890000343322754, "51": 9.890000343322754, "52": 9.895000457763672, "53": 9.895000457763672, "54": 9.895000457763672, "55": 9.899999618530273, "56": 9.895000457763672, "57": 9.895000457763672, "58": 9.899999618530273, "59": 9.930000305175781, "60": 9.930000305175781, "61": 9.9350004196167, "62": 9.949999809265137, "63": 9.920000076293945, "64": 9.920000076293945, "65": 9.932000160217285, "66": 9.930000305175781, "67": 9.930000305175781, "68": 9.9399995803833, "69": 9.930000305175781, "70": 9.956000328063965, "71": 9.930000305175781, "72": 9.930000305175781, "73": 9.9399995803833, "74": 9.9399995803833, "75": 9.9399995803833, "76": 9.949999809265137, "77": 9.960000038146973, "78": 9.949999809265137, "79": 9.949999809265137, "80": 9.960000038146973, "81": 9.960000038146973, "82": 9.96500015258789, "83": 9.960000038146973, "84": 9.9621000289917, "85": 9.960000038146973, "86": 9.950200080871582, "87": 9.949999809265137, "88": 9.949999809265137, "89": 9.960000038146973, "90": 9.979999542236328, "91": 9.979999542236328, "92": 9.979999542236328, "93": 9.979999542236328, "94": 9.979999542236328, "95": 9.970000267028809, "96": 9.979999542236328, "97": 9.970000267028809, "98": 10.0, "99": 9.970000267028809, "100": 9.970000267028809, "101": 10.010000228881836, "102": 10.010000228881836, "103": 9.970000267028809, "104": 9.970000267028809, "105": 9.970000267028809, "106": 9.970000267028809, "107": 9.970000267028809, "108": 9.970000267028809, "109": 9.949999809265137, "110": 9.960000038146973, "111": 9.960000038146973, "112": 9.949999809265137, "113": 9.949999809265137, "114": 9.949999809265137, "115": 9.9399995803833, "116": 9.9399995803833, "117": 9.979999542236328, "118": 9.970000267028809, "119": 9.970000267028809, "120": 9.970000267028809, "121": 9.949999809265137, "122": 9.970000267028809, "123": 9.949999809265137, "124": 9.963899612426758, "125": 9.960100173950195, "126": 9.989999771118164, "127": 9.989999771118164, "128": 9.989999771118164, "129": 9.960000038146973, "130": 9.960000038146973, "131": 9.960000038146973, "132": 9.949999809265137, "133": 9.984999656677246, "134": 9.970000267028809, "135": 9.979999542236328, "136": 9.979999542236328, "137": 9.960000038146973, "138": 9.975000381469727, "139": 9.975000381469727, "140": 9.994999885559082, "141": 9.970000267028809, "142": 9.970000267028809, "143": 9.989999771118164, "144": 9.970000267028809, "145": 9.970000267028809, "146": 9.979999542236328, "147": 9.979999542236328, "148": 9.979999542236328, "149": 9.979999542236328, "150": 9.989999771118164, "151": 9.989999771118164, "152": 9.989999771118164, "153": 10.020000457763672, "154": 9.989999771118164, "155": 9.989999771118164, "156": 9.989999771118164, "157": 9.989999771118164, "158": 9.989999771118164, "159": 9.989999771118164, "160": 9.989999771118164, "161": 9.989999771118164, "162": 10.039999961853027, "163": 10.039999961853027, "164": 10.039999961853027, "165": 10.020000457763672, "166": 10.020000457763672, "167": 10.029999732971191, "168": 10.020000457763672, "169": 10.029999732971191, "170": 10.029999732971191, "171": 10.029999732971191, "172": 10.029999732971191, "173": 10.029999732971191, "174": 10.029999732971191, "175": 10.050000190734863, "176": 10.029999732971191, "177": 10.029999732971191, "178": 10.029999732971191, "179": 10.020000457763672, "180": 10.020000457763672, "181": 10.020000457763672, "182": 10.020000457763672, "183": 10.020000457763672, "184": 10.010000228881836, "185": 10.029999732971191, "186": 10.010000228881836, "187": 10.029999732971191, "188": 10.029999732971191, "189": 10.029999732971191, "190": 10.029999732971191, "191": 10.029999732971191, "192": 10.050000190734863, "193": 10.050000190734863, "194": 10.020000457763672, "195": 10.020000457763672, "196": 10.020000457763672, "197": 10.020000457763672, "198": 10.020000457763672, "199": 10.020000457763672, "200": 10.020000457763672, "201": 10.010000228881836, "202": 10.0, "203": 10.020000457763672, "204": 10.020000457763672, "205": 10.010000228881836, "206": 10.010000228881836, "207": 10.050000190734863, "208": 10.010000228881836, "209": 10.020000457763672, "210": 10.020000457763672, "211": 10.029999732971191, "212": 10.029999732971191, "213": 10.109999656677246, "214": 10.109999656677246, "215": 10.109999656677246, "216": 10.109999656677246, "217": 10.039999961853027, "218": 10.039999961853027, "219": 10.039999961853027, "220": 10.050000190734863, "221": 10.050000190734863, "222": 10.050000190734863, "223": 10.050000190734863, "224": 10.09000015258789, "225": 10.09000015258789, "226": 10.069999694824219, "227": 10.069999694824219, "228": 10.069999694824219, "229": 10.069999694824219, "230": 10.079999923706055, "231": 10.069999694824219, "232": 10.069999694824219, "233": 10.0600004196167, "234": 10.0600004196167, "235": 10.079999923706055, "236": 10.079999923706055, "237": 10.09000015258789, "238": 10.09000015258789, "239": 10.09000015258789, "240": 10.109999656677246, "241": 10.109999656677246, "242": 10.109999656677246, "243": 10.109999656677246, "244": 10.109999656677246, "245": 10.109999656677246, "246": 10.109999656677246, "247": 10.114999771118164, "248": 10.114999771118164, "249": 10.125, "250": 10.109999656677246, "251": 10.109999656677246, "252": 10.109999656677246, "253": 10.109999656677246, "254": 10.109999656677246, "255": 10.109999656677246, "256": 10.109999656677246, "257": 10.119999885559082, "258": 10.104599952697754, "259": 10.210000038146973, "260": 10.114999771118164, "261": 10.130000114440918, "262": 10.130000114440918, "263": 10.130000114440918, "264": 10.130000114440918, "265": 10.130000114440918, "266": 10.180000305175781, "267": 10.15999984741211, "268": 10.220000267028809, "269": 10.21500015258789, "270": 10.25, "271": 10.220000267028809, "272": 10.229999542236328, "273": 10.270000457763672, "274": 10.289999961853027, "275": 10.289999961853027, "276": 10.300000190734863, "277": 10.289999961853027, "278": 10.300000190734863, "279": 10.300000190734863, "280": 10.329999923706055, "281": 10.3100004196167, "282": 10.3100004196167, "283": 10.3100004196167, "284": 10.3100004196167, "285": 10.329999923706055, "286": 10.329999923706055, "287": 10.32229995727539, "288": 10.319999694824219, "289": 10.319999694824219, "290": 10.359999656677246, "291": 10.3100004196167, "292": 10.3100004196167, "293": 10.34000015258789, "294": 10.34000015258789, "295": 10.34000015258789, "296": 10.34000015258789, "297": 10.319999694824219, "298": 10.350000381469727, "299": 10.350000381469727, "300": 10.345000267028809, "301": 10.319999694824219, "302": 10.350000381469727, "303": 10.350000381469727, "304": 10.380000114440918, "305": 10.375, "306": 10.390000343322754, "307": 10.380000114440918, "308": 10.359999656677246, "309": 10.369999885559082, "310": 10.369999885559082, "311": 10.369999885559082, "312": 10.390000343322754, "313": 10.390000343322754, "314": 10.380000114440918, "315": 10.390000343322754, "316": 10.390000343322754, "317": 10.399999618530273, "318": 10.38010025024414, "319": 10.399999618530273, "320": 10.399999618530273, "321": 10.40999984741211, "322": 10.40999984741211, "323": 10.40999984741211, "324": 10.418899536132812, "325": 10.40999984741211, "326": 10.399999618530273, "327": 10.40999984741211, "328": 10.40999984741211, "329": 10.430000305175781, "330": 10.430000305175781, "331": 10.430000305175781, "332": 10.430000305175781, "333": 10.430000305175781, "334": 10.4399995803833, "335": 10.470000267028809, "336": 10.479999542236328, "337": 10.470000267028809, "338": 10.479999542236328, "339": 10.479999542236328, "340": 10.479999542236328, "341": 10.479999542236328, "342": 10.479999542236328, "343": 10.5, "344": 10.5, "345": 10.479999542236328, "346": 10.484999656677246, "347": 10.484999656677246, "348": 10.489999771118164, "349": 10.5, "350": 10.5, "351": 10.510000228881836, "352": 10.510000228881836, "353": 10.510000228881836, "354": 10.510000228881836, "355": 10.529999732971191, "356": 10.520099639892578, "357": 10.529999732971191, "358": 10.530099868774414, "359": 10.530099868774414, "360": 10.569999694824219, "361": 10.545000076293945, "362": 10.550000190734863, "363": 10.555000305175781, "364": 10.54010009765625, "365": 10.5600004196167, "366": 10.5600004196167, "367": 10.569999694824219, "368": 10.550000190734863, "369": 10.550000190734863, "370": 10.569999694824219, "371": 10.5600004196167, "372": 10.579999923706055, "373": 10.569999694824219, "374": 10.569999694824219, "375": 10.890999794006348, "376": 9.699999809265137, "377": 8.899999618530273, "378": 9.100000381469727}, "volume": {"0": 1365200.0, "1": 1157300.0, "2": 122700.0, "3": 2700.0, "4": 185800.0, "5": 103900.0, "6": 108800.0, "7": 768900.0, "8": 137000.0, "9": 52800.0, "10": 200600.0, "11": 7700.0, "12": 6800.0, "13": 145600.0, "14": 2300.0, "15": 800.0, "16": 300.0, "17": 1800.0, "18": 127900.0, "19": 155000.0, "20": 4200.0, "21": 0.0, "22": 111500.0, "23": 19200.0, "24": 3100.0, "25": 27100.0, "26": 19400.0, "27": 2600.0, "28": 0.0, "29": 15000.0, "30": 5000.0, "31": 2400.0, "32": 900.0, "33": 16000.0, "34": 1900.0, "35": 1600.0, "36": 258200.0, "37": 92900.0, "38": 0.0, "39": 6000.0, "40": 4800.0, "41": 24900.0, "42": 2100.0, "43": 1500.0, "44": 100.0, "45": 800.0, "46": 37800.0, "47": 2000.0, "48": 2000.0, "49": 0.0, "50": 1800.0, "51": 100.0, "52": 100.0, "53": 0.0, "54": 0.0, "55": 900.0, "56": 2700.0, "57": 0.0, "58": 1900.0, "59": 150800.0, "60": 4800.0, "61": 1700.0, "62": 13700.0, "63": 3000.0, "64": 0.0, "65": 600.0, "66": 3700.0, "67": 0.0, "68": 19700.0, "69": 92700.0, "70": 171900.0, "71": 2500.0, "72": 0.0, "73": 2600.0, "74": 0.0, "75": 0.0, "76": 100.0, "77": 500.0, "78": 4300.0, "79": 1000.0, "80": 4400.0, "81": 3420.0, "82": 1601.0, "83": 1503.0, "84": 750.0, "85": 3515.0, "86": 732.0, "87": 3095.0, "88": 2001.0, "89": 146970.0, "90": 1144.0, "91": 300.0, "92": 491111.0, "93": 503827.0, "94": 0.0, "95": 150793.0, "96": 142.0, "97": 18485.0, "98": 154.0, "99": 1713.0, "100": 2491.0, "101": 147.0, "102": 0.0, "103": 3427.0, "104": 0.0, "105": 0.0, "106": 0.0, "107": 565.0, "108": 2808.0, "109": 1002256.0, "110": 2462.0, "111": 0.0, "112": 1502.0, "113": 0.0, "114": 817.0, "115": 1056.0, "116": 1000.0, "117": 200.0, "118": 1507.0, "119": 0.0, "120": 0.0, "121": 400.0, "122": 133300.0, "123": 1904.0, "124": 568.0, "125": 3818.0, "126": 348.0, "127": 0.0, "128": 0.0, "129": 50501.0, "130": 349501.0, "131": 0.0, "132": 501165.0, "133": 950.0, "134": 100403.0, "135": 200050.0, "136": 0.0, "137": 5113.0, "138": 1050.0, "139": 0.0, "140": 1349.0, "141": 2740.0, "142": 185.0, "143": 193.0, "144": 7063.0, "145": 214570.0, "146": 163.0, "147": 122.0, "148": 321.0, "149": 3903.0, "150": 4235.0, "151": 0.0, "152": 2041.0, "153": 1388.0, "154": 1040.0, "155": 1873.0, "156": 200329.0, "157": 0.0, "158": 0.0, "159": 0.0, "160": 0.0, "161": 586729.0, "162": 2535.0, "163": 0.0, "164": 277.0, "165": 1272.0, "166": 1371.0, "167": 105102.0, "168": 11777.0, "169": 1600.0, "170": 23954.0, "171": 0.0, "172": 0.0, "173": 0.0, "174": 5600.0, "175": 21563.0, "176": 149866.0, "177": 5101.0, "178": 0.0, "179": 1017.0, "180": 0.0, "181": 0.0, "182": 0.0, "183": 0.0, "184": 203900.0, "185": 2300.0, "186": 4301.0, "187": 2335.0, "188": 0.0, "189": 0.0, "190": 0.0, "191": 0.0, "192": 229212.0, "193": 0.0, "194": 112.0, "195": 0.0, "196": 2803.0, "197": 1061.0, "198": 2109.0, "199": 5701.0, "200": 99645.0, "201": 5260.0, "202": 2575.0, "203": 57042.0, "204": 45648.0, "205": 139.0, "206": 466.0, "207": 67499.0, "208": 2584.0, "209": 80810.0, "210": 0.0, "211": 3611.0, "212": 2169.0, "213": 268.0, "214": 0.0, "215": 0.0, "216": 0.0, "217": 665.0, "218": 0.0, "219": 0.0, "220": 8345.0, "221": 0.0, "222": 0.0, "223": 0.0, "224": 250.0, "225": 0.0, "226": 1000.0, "227": 0.0, "228": 54462.0, "229": 91997.0, "230": 337903.0, "231": 56900.0, "232": 7293.0, "233": 43789.0, "234": 0.0, "235": 262.0, "236": 0.0, "237": 410.0, "238": 498.0, "239": 0.0, "240": 9471.0, "241": 1622.0, "242": 0.0, "243": 0.0, "244": 0.0, "245": 262.0, "246": 302.0, "247": 1804.0, "248": 0.0, "249": 12490.0, "250": 80023.0, "251": 0.0, "252": 0.0, "253": 0.0, "254": 0.0, "255": 0.0, "256": 13798.0, "257": 303.0, "258": 519.0, "259": 1482.0, "260": 760.0, "261": 57205.0, "262": 0.0, "263": 666.0, "264": 0.0, "265": 55140.0, "266": 10122.0, "267": 28603.0, "268": 12943.0, "269": 932799.0, "270": 67716.0, "271": 347.0, "272": 13225.0, "273": 63492.0, "274": 2203.0, "275": 32099.0, "276": 42498.0, "277": 116507.0, "278": 146591.0, "279": 0.0, "280": 21405.0, "281": 700000.0, "282": 0.0, "283": 0.0, "284": 0.0, "285": 1910.0, "286": 0.0, "287": 170.0, "288": 10151.0, "289": 0.0, "290": 1685.0, "291": 4720.0, "292": 0.0, "293": 193.0, "294": 0.0, "295": 0.0, "296": 0.0, "297": 308.0, "298": 4002.0, "299": 763.0, "300": 11201.0, "301": 13378.0, "302": 300201.0, "303": 0.0, "304": 64611.0, "305": 4210.0, "306": 33956.0, "307": 100323.0, "308": 4976.0, "309": 12368.0, "310": 5329.0, "311": 5380.0, "312": 5303.0, "313": 5298.0, "314": 316.0, "315": 564275.0, "316": 0.0, "317": 1494.0, "318": 1299.0, "319": 826175.0, "320": 1026477.0, "321": 20058.0, "322": 0.0, "323": 0.0, "324": 157293.0, "325": 8007.0, "326": 47829.0, "327": 40043.0, "328": 13578.0, "329": 328452.0, "330": 0.0, "331": 0.0, "332": 0.0, "333": 44585.0, "334": 241.0, "335": 306334.0, "336": 78685.0, "337": 209.0, "338": 7402.0, "339": 6792.0, "340": 7789.0, "341": 5000.0, "342": 0.0, "343": 268297.0, "344": 0.0, "345": 23537.0, "346": 10571.0, "347": 0.0, "348": 2705.0, "349": 217.0, "350": 187308.0, "351": 75333.0, "352": 5015.0, "353": 62353.0, "354": 20113.0, "355": 77077.0, "356": 2017.0, "357": 21153.0, "358": 25212.0, "359": 0.0, "360": 2361.0, "361": 2088.0, "362": 10292.0, "363": 563.0, "364": 5102.0, "365": 139338.0, "366": 2659509.0, "367": 5262.0, "368": 66898.0, "369": 78591.0, "370": 3399.0, "371": 1223.0, "372": 89670.0, "373": 116934.0, "374": 118091.0, "375": 52976.0, "376": 88680.0, "377": 1986692.0, "378": 40553.0}, "adjclose": {"0": 9.869999885559082, "1": 9.859999656677246, "2": 9.859999656677246, "3": 9.850000381469727, "4": 9.869999885559082, "5": 9.880000114440918, "6": 9.880000114440918, "7": 9.850000381469727, "8": 9.859999656677246, "9": 9.859999656677246, "10": 9.859999656677246, "11": 9.859999656677246, "12": 9.869999885559082, "13": 9.850000381469727, "14": 9.84000015258789, "15": 9.869999885559082, "16": 9.869999885559082, "17": 9.869999885559082, "18": 9.899999618530273, "19": 9.880000114440918, "20": 9.869999885559082, "21": 9.869999885559082, "22": 9.869999885559082, "23": 9.859999656677246, "24": 9.859999656677246, "25": 9.880000114440918, "26": 9.880000114440918, "27": 9.869999885559082, "28": 9.869999885559082, "29": 9.859999656677246, "30": 9.859999656677246, "31": 9.850000381469727, "32": 9.880000114440918, "33": 9.869999885559082, "34": 9.875, "35": 9.859999656677246, "36": 9.869999885559082, "37": 9.850000381469727, "38": 9.850000381469727, "39": 9.850000381469727, "40": 9.90999984741211, "41": 9.890000343322754, "42": 9.869999885559082, "43": 9.880000114440918, "44": 9.880000114440918, "45": 9.880000114440918, "46": 9.880000114440918, "47": 9.880000114440918, "48": 9.878999710083008, "49": 9.878999710083008, "50": 9.890000343322754, "51": 9.890000343322754, "52": 9.895000457763672, "53": 9.895000457763672, "54": 9.895000457763672, "55": 9.899999618530273, "56": 9.895000457763672, "57": 9.895000457763672, "58": 9.899999618530273, "59": 9.930000305175781, "60": 9.930000305175781, "61": 9.9350004196167, "62": 9.949999809265137, "63": 9.920000076293945, "64": 9.920000076293945, "65": 9.932000160217285, "66": 9.930000305175781, "67": 9.930000305175781, "68": 9.9399995803833, "69": 9.930000305175781, "70": 9.956000328063965, "71": 9.930000305175781, "72": 9.930000305175781, "73": 9.9399995803833, "74": 9.9399995803833, "75": 9.9399995803833, "76": 9.949999809265137, "77": 9.960000038146973, "78": 9.949999809265137, "79": 9.949999809265137, "80": 9.960000038146973, "81": 9.960000038146973, "82": 9.96500015258789, "83": 9.960000038146973, "84": 9.9621000289917, "85": 9.960000038146973, "86": 9.950200080871582, "87": 9.949999809265137, "88": 9.949999809265137, "89": 9.960000038146973, "90": 9.979999542236328, "91": 9.979999542236328, "92": 9.979999542236328, "93": 9.979999542236328, "94": 9.979999542236328, "95": 9.970000267028809, "96": 9.979999542236328, "97": 9.970000267028809, "98": 10.0, "99": 9.970000267028809, "100": 9.970000267028809, "101": 10.010000228881836, "102": 10.010000228881836, "103": 9.970000267028809, "104": 9.970000267028809, "105": 9.970000267028809, "106": 9.970000267028809, "107": 9.970000267028809, "108": 9.970000267028809, "109": 9.949999809265137, "110": 9.960000038146973, "111": 9.960000038146973, "112": 9.949999809265137, "113": 9.949999809265137, "114": 9.949999809265137, "115": 9.9399995803833, "116": 9.9399995803833, "117": 9.979999542236328, "118": 9.970000267028809, "119": 9.970000267028809, "120": 9.970000267028809, "121": 9.949999809265137, "122": 9.970000267028809, "123": 9.949999809265137, "124": 9.963899612426758, "125": 9.960100173950195, "126": 9.989999771118164, "127": 9.989999771118164, "128": 9.989999771118164, "129": 9.960000038146973, "130": 9.960000038146973, "131": 9.960000038146973, "132": 9.949999809265137, "133": 9.984999656677246, "134": 9.970000267028809, "135": 9.979999542236328, "136": 9.979999542236328, "137": 9.960000038146973, "138": 9.975000381469727, "139": 9.975000381469727, "140": 9.994999885559082, "141": 9.970000267028809, "142": 9.970000267028809, "143": 9.989999771118164, "144": 9.970000267028809, "145": 9.970000267028809, "146": 9.979999542236328, "147": 9.979999542236328, "148": 9.979999542236328, "149": 9.979999542236328, "150": 9.989999771118164, "151": 9.989999771118164, "152": 9.989999771118164, "153": 10.020000457763672, "154": 9.989999771118164, "155": 9.989999771118164, "156": 9.989999771118164, "157": 9.989999771118164, "158": 9.989999771118164, "159": 9.989999771118164, "160": 9.989999771118164, "161": 9.989999771118164, "162": 10.039999961853027, "163": 10.039999961853027, "164": 10.039999961853027, "165": 10.020000457763672, "166": 10.020000457763672, "167": 10.029999732971191, "168": 10.020000457763672, "169": 10.029999732971191, "170": 10.029999732971191, "171": 10.029999732971191, "172": 10.029999732971191, "173": 10.029999732971191, "174": 10.029999732971191, "175": 10.050000190734863, "176": 10.029999732971191, "177": 10.029999732971191, "178": 10.029999732971191, "179": 10.020000457763672, "180": 10.020000457763672, "181": 10.020000457763672, "182": 10.020000457763672, "183": 10.020000457763672, "184": 10.010000228881836, "185": 10.029999732971191, "186": 10.010000228881836, "187": 10.029999732971191, "188": 10.029999732971191, "189": 10.029999732971191, "190": 10.029999732971191, "191": 10.029999732971191, "192": 10.050000190734863, "193": 10.050000190734863, "194": 10.020000457763672, "195": 10.020000457763672, "196": 10.020000457763672, "197": 10.020000457763672, "198": 10.020000457763672, "199": 10.020000457763672, "200": 10.020000457763672, "201": 10.010000228881836, "202": 10.0, "203": 10.020000457763672, "204": 10.020000457763672, "205": 10.010000228881836, "206": 10.010000228881836, "207": 10.050000190734863, "208": 10.010000228881836, "209": 10.020000457763672, "210": 10.020000457763672, "211": 10.029999732971191, "212": 10.029999732971191, "213": 10.109999656677246, "214": 10.109999656677246, "215": 10.109999656677246, "216": 10.109999656677246, "217": 10.039999961853027, "218": 10.039999961853027, "219": 10.039999961853027, "220": 10.050000190734863, "221": 10.050000190734863, "222": 10.050000190734863, "223": 10.050000190734863, "224": 10.09000015258789, "225": 10.09000015258789, "226": 10.069999694824219, "227": 10.069999694824219, "228": 10.069999694824219, "229": 10.069999694824219, "230": 10.079999923706055, "231": 10.069999694824219, "232": 10.069999694824219, "233": 10.0600004196167, "234": 10.0600004196167, "235": 10.079999923706055, "236": 10.079999923706055, "237": 10.09000015258789, "238": 10.09000015258789, "239": 10.09000015258789, "240": 10.109999656677246, "241": 10.109999656677246, "242": 10.109999656677246, "243": 10.109999656677246, "244": 10.109999656677246, "245": 10.109999656677246, "246": 10.109999656677246, "247": 10.114999771118164, "248": 10.114999771118164, "249": 10.125, "250": 10.109999656677246, "251": 10.109999656677246, "252": 10.109999656677246, "253": 10.109999656677246, "254": 10.109999656677246, "255": 10.109999656677246, "256": 10.109999656677246, "257": 10.119999885559082, "258": 10.104599952697754, "259": 10.210000038146973, "260": 10.114999771118164, "261": 10.130000114440918, "262": 10.130000114440918, "263": 10.130000114440918, "264": 10.130000114440918, "265": 10.130000114440918, "266": 10.180000305175781, "267": 10.15999984741211, "268": 10.220000267028809, "269": 10.21500015258789, "270": 10.25, "271": 10.220000267028809, "272": 10.229999542236328, "273": 10.270000457763672, "274": 10.289999961853027, "275": 10.289999961853027, "276": 10.300000190734863, "277": 10.289999961853027, "278": 10.300000190734863, "279": 10.300000190734863, "280": 10.329999923706055, "281": 10.3100004196167, "282": 10.3100004196167, "283": 10.3100004196167, "284": 10.3100004196167, "285": 10.329999923706055, "286": 10.329999923706055, "287": 10.32229995727539, "288": 10.319999694824219, "289": 10.319999694824219, "290": 10.359999656677246, "291": 10.3100004196167, "292": 10.3100004196167, "293": 10.34000015258789, "294": 10.34000015258789, "295": 10.34000015258789, "296": 10.34000015258789, "297": 10.319999694824219, "298": 10.350000381469727, "299": 10.350000381469727, "300": 10.345000267028809, "301": 10.319999694824219, "302": 10.350000381469727, "303": 10.350000381469727, "304": 10.380000114440918, "305": 10.375, "306": 10.390000343322754, "307": 10.380000114440918, "308": 10.359999656677246, "309": 10.369999885559082, "310": 10.369999885559082, "311": 10.369999885559082, "312": 10.390000343322754, "313": 10.390000343322754, "314": 10.380000114440918, "315": 10.390000343322754, "316": 10.390000343322754, "317": 10.399999618530273, "318": 10.38010025024414, "319": 10.399999618530273, "320": 10.399999618530273, "321": 10.40999984741211, "322": 10.40999984741211, "323": 10.40999984741211, "324": 10.418899536132812, "325": 10.40999984741211, "326": 10.399999618530273, "327": 10.40999984741211, "328": 10.40999984741211, "329": 10.430000305175781, "330": 10.430000305175781, "331": 10.430000305175781, "332": 10.430000305175781, "333": 10.430000305175781, "334": 10.4399995803833, "335": 10.470000267028809, "336": 10.479999542236328, "337": 10.470000267028809, "338": 10.479999542236328, "339": 10.479999542236328, "340": 10.479999542236328, "341": 10.479999542236328, "342": 10.479999542236328, "343": 10.5, "344": 10.5, "345": 10.479999542236328, "346": 10.484999656677246, "347": 10.484999656677246, "348": 10.489999771118164, "349": 10.5, "350": 10.5, "351": 10.510000228881836, "352": 10.510000228881836, "353": 10.510000228881836, "354": 10.510000228881836, "355": 10.529999732971191, "356": 10.520099639892578, "357": 10.529999732971191, "358": 10.530099868774414, "359": 10.530099868774414, "360": 10.569999694824219, "361": 10.545000076293945, "362": 10.550000190734863, "363": 10.555000305175781, "364": 10.54010009765625, "365": 10.5600004196167, "366": 10.5600004196167, "367": 10.569999694824219, "368": 10.550000190734863, "369": 10.550000190734863, "370": 10.569999694824219, "371": 10.5600004196167, "372": 10.579999923706055, "373": 10.569999694824219, "374": 10.569999694824219, "375": 10.890999794006348, "376": 9.699999809265137, "377": 8.899999618530273, "378": 9.100000381469727}}, "profile": {"address1": "Two Embarcadero Center", "address2": "Eighth Floor", "city": "San Francisco", "state": "CA", "zip": "94111", "country": "United States", "phone": "415 423 0010", "website": "https://www.avalonspac.com", "industry": "Shell Companies", "industryDisp": "Shell Companies", "sector": "Financial Services", "longBusinessSummary": "Avalon Acquisition Inc. does not have significant operations. It intends to effect a merger, capital stock exchange, asset acquisition, stock purchase, reorganization, or similar business combination with one or more businesses. The company focuses on businesses in the financial services and financial technologies industries. Avalon Acquisition Inc. was incorporated in 2020 and is based in San Francisco, California.", "companyOfficers": [{"maxAge": 1, "name": "Mr. Donald Harding Putnam Jr.", "age": 73, "title": "Exec. Chairman", "yearBorn": 1949, "exercisedValue": 0, "unexercisedValue": 0}, {"maxAge": 1, "name": "Mr. S. Craig Cognetti C.F.A., CFA", "age": 49, "title": "CEO & Director", "yearBorn": 1973, "exercisedValue": 0, "unexercisedValue": 0}, {"maxAge": 1, "name": "Mr. John B. Griff", "age": 66, "title": "Pres", "yearBorn": 1956, "exercisedValue": 0, "unexercisedValue": 0}, {"maxAge": 1, "name": "Ms. R. Rachel Hsu", "age": 50, "title": "Chief Financial Officer", "yearBorn": 1972, "exercisedValue": 0, "unexercisedValue": 0}], "maxAge": 86400, "latitude": 37.7947989980666, "longitude": -122.39847298823226}}