{"income_statement": {"annual": {"Year": {"1": "Selling, General & Admin", "2": "Other Operating Expenses", "3": "Operating Expenses", "4": "Operating Income", "5": "Other Expense / Income", "6": "Pretax Income", "7": "Income Tax", "8": "Net Income", "9": "Net Income Growth", "10": "Shares Outstanding (Basic)", "11": "Shares Outstanding (Diluted)", "12": "Shares Change", "13": "EPS (Basic)", "14": "EPS (Diluted)", "15": "EPS Growth", "16": "Free Cash Flow Per Share", "17": "Effective Tax Rate", "18": "EBITDA", "19": "EBIT"}, "2022": {"1": "1.29", "2": "0.28", "3": "1.57", "4": "-1.57", "5": "-3.41", "6": "1.84", "7": "0.22", "8": "1.62", "9": "-40.73%", "10": "12", "11": "12", "12": "147.76%", "13": "0.13", "14": "0.13", "15": "-76.36%", "16": "-0.05", "17": "11.75%", "18": "1.84", "19": "1.84"}, "2021": {"1": "0.18", "2": "0.11", "3": "0.3", "4": "-0.3", "5": "-3.04", "6": "2.74", "7": "0", "8": "2.74", "9": "-", "10": "5", "11": "5", "12": "-", "13": "0.55", "14": "0.55", "15": "-", "16": "-0.10", "17": "-", "18": "2.74", "19": "2.74"}}, "quarterly": {"Metrics": {"1": "Selling, General & Admin", "2": "Other Operating Expenses", "3": "Operating Expenses", "4": "Operating Income", "5": "Other Expense / Income", "6": "Pretax Income", "7": "Income Tax", "8": "Net Income", "9": "Shares Outstanding (Basic)", "10": "Shares Outstanding (Diluted)", "11": "Shares Change", "12": "EPS (Basic)", "13": "EPS (Diluted)", "14": "Free Cash Flow Per Share", "15": "Effective Tax Rate", "16": "EBITDA", "17": "EBIT"}, "2022-12-31": {"1": "0.59", "2": "0.13", "3": "0.72", "4": "-0.72", "5": "-0.8", "6": "0.08", "7": "0.14", "8": "-0.07", "9": "12", "10": "12", "11": "134.35%", "12": "-0.01", "13": "-0.01", "14": "-0.01", "15": "188.85%", "16": "0.08", "17": "0.08"}, "2022-09-30": {"1": "0.25", "2": "0.05", "3": "0.3", "4": "-0.3", "5": "-1.11", "6": "0.81", "7": "0.07", "8": "0.74", "9": "13", "10": "13", "11": "400.00%", "12": "0.06", "13": "0.06", "14": "-0.00", "15": "8.87%", "16": "0.81", "17": "0.81"}, "2022-06-30": {"1": "0.25", "2": "0.05", "3": "0.3", "4": "-0.3", "5": "-0.7", "6": "0.4", "7": "0", "8": "0.4", "9": "13", "10": "13", "11": "400.00%", "12": "0.03", "13": "0.03", "14": "-0.02", "15": "0.50%", "16": "0.4", "17": "0.4"}, "2022-03-31": {"1": "0.19", "2": "0.05", "3": "0.24", "4": "-0.24", "5": "-0.8", "6": "0.56", "7": "0", "8": "0.56", "9": "13", "10": "13", "11": "-", "12": "0.04", "13": "0.04", "14": "-0.01", "15": "-", "16": "0.56", "17": "0.56"}, "2021-12-31": {"1": "0.18", "2": "0.11", "3": "0.29", "4": "-0.29", "5": "-3.04", "6": "2.74", "7": "0", "8": "2.74", "9": "5", "10": "5", "11": "-", "12": "0.55", "13": "0.55", "14": "-0.10", "15": "-", "16": "2.74", "17": "2.74"}, "2021-09-30": {"1": "0", "2": "0", "3": "0", "4": "-0", "5": "-", "6": "-0", "7": "0", "8": "-0", "9": "3", "10": "3", "11": "-", "12": "-", "13": "-", "14": "-", "15": "-", "16": "-0", "17": "-0"}, "2021-06-30": {"1": "0", "2": "0", "3": "0", "4": "-0", "5": "-", "6": "-0", "7": "0", "8": "-0", "9": "3", "10": "3", "11": "-", "12": "-", "13": "-", "14": "-", "15": "-", "16": "-", "17": "-0"}}}, "balance_sheet": {"annual": {"Year": {"1": "Cash & Equivalents", "2": "Cash & Cash Equivalents", "3": "Cash Growth", "4": "Other Current Assets", "5": "Total Current Assets", "6": "Long-Term Investments", "7": "Other Long-Term Assets", "8": "Total Long-Term Assets", "9": "Total Assets", "10": "Accounts Payable", "11": "Other Current Liabilities", "12": "Total Current Liabilities", "13": "Other Long-Term Liabilities", "14": "Total Long-Term Liabilities", "15": "Total Liabilities", "16": "Common Stock", "17": "Retained Earnings", "18": "Shareholders' Equity", "19": "Total Liabilities and Equity", "20": "Net Cash / Debt", "21": "Net Cash / Debt Growth", "22": "Net Cash Per Share", "23": "Working Capital", "24": "Book Value Per Share"}, "2022": {"1": "0.6", "2": "0.6", "3": "-22.57%", "4": "0.18", "5": "0.78", "6": "44.69", "7": "0", "8": "44.69", "9": "45.47", "10": "0.67", "11": "34.71", "12": "35.37", "13": "3.86", "14": "3.86", "15": "39.23", "16": "0", "17": "-4.25", "18": "-4.25", "19": "34.98", "20": "0.6", "21": "-22.57%", "22": "0.05", "23": "-34.59", "24": "-0.35"}, "2021": {"1": "0.77", "2": "0.77", "3": "-", "4": "0.23", "5": "1", "6": "101.5", "7": "0.18", "8": "101.68", "9": "102.68", "10": "0.09", "11": "0.11", "12": "0.2", "13": "5.85", "14": "5.85", "15": "6.06", "16": "0", "17": "-4.88", "18": "-4.88", "19": "1.18", "20": "0.77", "21": "-", "22": "0.16", "23": "0.8", "24": "-0.98"}}, "quarterly": {"Metrics": {"1": "Cash & Equivalents", "2": "Cash & Cash Equivalents", "3": "Cash Growth", "4": "Other Current Assets", "5": "Total Current Assets", "6": "Long-Term Investments", "7": "Other Long-Term Assets", "8": "Total Long-Term Assets", "9": "Total Assets", "10": "Accounts Payable", "11": "Current Debt", "12": "Other Current Liabilities", "13": "Total Current Liabilities", "14": "Other Long-Term Liabilities", "15": "Total Long-Term Liabilities", "16": "Total Liabilities", "17": "Total Debt", "18": "Common Stock", "19": "Retained Earnings", "20": "Shareholders' Equity", "21": "Total Liabilities and Equity", "22": "Net Cash / Debt", "23": "Net Cash / Debt Growth", "24": "Net Cash Per Share", "25": "Working Capital", "26": "Book Value Per Share"}, "2022-12-31": {"1": "0.6", "2": "0.6", "3": "-22.57%", "4": "0.18", "5": "0.78", "6": "44.69", "7": "0", "8": "44.69", "9": "45.47", "10": "0.67", "11": "0", "12": "34.71", "13": "35.37", "14": "3.86", "15": "3.86", "16": "39.23", "17": "0", "18": "0", "19": "-4.25", "20": "-4.25", "21": "34.98", "22": "0.6", "23": "-22.57%", "24": "0.05", "25": "-34.59", "26": "-0.37"}, "2022-09-30": {"1": "0.43", "2": "0.43", "3": "3947.14%", "4": "0.24", "5": "0.68", "6": "102.01", "7": "0.01", "8": "102.02", "9": "102.69", "10": "0.3", "11": "0", "12": "0.22", "13": "0.52", "14": "3.86", "15": "3.86", "16": "4.38", "17": "0", "18": "0", "19": "-3.19", "20": "-3.19", "21": "1.19", "22": "0.43", "23": "-", "24": "0.03", "25": "0.15", "26": "-0.26"}, "2022-06-30": {"1": "0.38", "2": "0.38", "3": "9273.87%", "4": "0.26", "5": "0.64", "6": "101.65", "7": "0.07", "8": "101.72", "9": "102.35", "10": "0.18", "11": "0", "12": "0.1", "13": "0.28", "14": "4.5", "15": "4.5", "16": "4.78", "17": "0", "18": "0", "19": "-3.92", "20": "-3.92", "21": "0.85", "22": "0.38", "23": "-", "24": "0.03", "25": "0.36", "26": "-0.31"}, "2022-03-31": {"1": "0.62", "2": "0.62", "3": "1952.09%", "4": "0.22", "5": "0.83", "6": "101.52", "7": "0.18", "8": "101.7", "9": "102.53", "10": "0.12", "11": "0", "12": "0.16", "13": "0.28", "14": "5.07", "15": "5.07", "16": "5.35", "17": "0", "18": "0", "19": "-4.32", "20": "-4.32", "21": "1.03", "22": "0.62", "23": "2979.00%", "24": "0.05", "25": "0.55", "26": "-0.35"}, "2021-12-31": {"1": "0.77", "2": "0.77", "3": "-", "4": "0.23", "5": "1", "6": "101.5", "7": "0.18", "8": "101.68", "9": "102.68", "10": "0.09", "11": "0", "12": "0.11", "13": "0.2", "14": "5.85", "15": "5.85", "16": "6.06", "17": "0", "18": "0", "19": "-4.88", "20": "-4.88", "21": "1.18", "22": "0.77", "23": "-", "24": "0.16", "25": "0.8", "26": "-0.98"}, "2021-09-30": {"1": "0.01", "2": "0.01", "3": "-", "4": "0", "5": "0.01", "6": "0", "7": "0.1", "8": "0.1", "9": "0.11", "10": "0", "11": "0.04", "12": "0.05", "13": "0.09", "14": "0", "15": "0", "16": "0.09", "17": "0.04", "18": "0.03", "19": "-0", "20": "0.02", "21": "0.11", "22": "-0.03", "23": "-", "24": "-0.01", "25": "-0.08", "26": "0.01"}, "2021-06-30": {"1": "0", "2": "0", "3": "-", "4": "0.07", "5": "0.07", "6": "0", "7": "0", "8": "0", "9": "0.07", "10": "0", "11": "0.01", "12": "0.04", "13": "0.05", "14": "0", "15": "0", "16": "0.05", "17": "0.01", "18": "0.03", "19": "-0", "20": "0.02", "21": "0.07", "22": "-0.01", "23": "-", "24": "-0.00", "25": "0.02", "26": "0.01"}, "2021-02-08": {"1": "0.03", "2": "0.03", "3": "-", "4": "0.01", "5": "0.03", "6": "0", "7": "0", "8": "0", "9": "0.03", "10": "0", "11": "0.01", "12": "0", "13": "0.01", "14": "0", "15": "0", "16": "0.01", "17": "0.01", "18": "0.03", "19": "-0", "20": "0.02", "21": "0.03", "22": "0.02", "23": "-", "24": "-", "25": "0.02", "26": "-"}}}, "cash_flow_statement": {"annual": {"Year": {"1": "Net Income", "2": "Other Operating Activities", "3": "Operating Cash Flow", "4": "Change in Investments", "5": "Investing Cash Flow", "6": "Share Issuance / Repurchase", "7": "Other Financing Activities", "8": "Financing Cash Flow", "9": "Net Cash Flow", "10": "Free Cash Flow", "11": "Free Cash Flow Per Share"}, "2022": {"1": "1.62", "2": "-2.21", "3": "-0.59", "4": "58.23", "5": "58.23", "6": "-57.81", "7": "-", "8": "-57.81", "9": "-0.17", "10": "-0.59", "11": "-0.05"}, "2021": {"1": "2.74", "2": "-3.24", "3": "-0.5", "4": "-101.5", "5": "-101.5", "6": "103.38", "7": "-0.6", "8": "102.77", "9": "0.77", "10": "-0.5", "11": "-0.10"}}, "quarterly": {"Metrics": {"1": "Net Income", "2": "Other Operating Activities", "3": "Operating Cash Flow", "4": "Change in Investments", "5": "Investing Cash Flow", "6": "Share Issuance / Repurchase", "7": "Debt Issued / Paid", "8": "Other Financing Activities", "9": "Financing Cash Flow", "10": "Net Cash Flow", "11": "Free Cash Flow", "12": "Free Cash Flow Per Share"}, "2022-12-31": {"1": "-0.07", "2": "-0.07", "3": "-0.14", "4": "58.12", "5": "58.12", "6": "-57.81", "7": "0", "8": "-", "9": "-57.81", "10": "0.17", "11": "-0.14", "12": "-0.01"}, "2022-09-30": {"1": "0.74", "2": "-0.79", "3": "-0.05", "4": "0", "5": "0", "6": "0", "7": "0", "8": "-", "9": "0", "10": "0.05", "11": "-0.05", "12": "-0.00"}, "2022-06-30": {"1": "0.4", "2": "-0.63", "3": "-0.24", "4": "0", "5": "0", "6": "0", "7": "0", "8": "-", "9": "0", "10": "-0.24", "11": "-0.24", "12": "-0.02"}, "2022-03-31": {"1": "0.56", "2": "-0.71", "3": "-0.16", "4": "0", "5": "0", "6": "0", "7": "0", "8": "-", "9": "0", "10": "-0.16", "11": "-0.16", "12": "-0.01"}, "2021-12-31": {"1": "2.74", "2": "-3.24", "3": "-0.5", "4": "-101.45", "5": "-101.45", "6": "103.35", "7": "0", "8": "-0.64", "9": "102.71", "10": "0.76", "11": "-0.5", "12": "-0.10"}, "2021-09-30": {"1": "-0", "2": "0", "3": "0", "4": "0", "5": "0", "6": "0", "7": "0.03", "8": "0.03", "9": "0.06", "10": "0.01", "11": "0", "12": "-"}, "2021-06-30": {"1": "-0", "2": "0", "3": "-", "4": "-", "5": "-", "6": "-", "7": "-", "8": "-", "9": "-", "10": "-", "11": "-", "12": "-"}}}, "ratios": {"annual": {"Year": {"1": "Market Capitalization", "2": "Market Cap Growth", "3": "Enterprise Value", "4": "PE Ratio", "5": "PB Ratio", "6": "P/FCF Ratio", "7": "P/OCF Ratio", "8": "EV/EBITDA Ratio", "9": "EV/EBIT Ratio", "10": "EV/FCF Ratio", "11": "Current Ratio", "12": "Return on Equity (ROE)", "13": "Return on Assets (ROA)", "14": "Return on Capital (ROIC)", "15": "Earnings Yield", "16": "FCF Yield", "17": "Buyback Yield / Dilution", "18": "Total Shareholder Return"}, "Current": {"1": "37", "2": "-", "3": "36", "4": "80.77", "5": "-30.05", "6": "-216.92", "7": "-216.92", "8": "19.81", "9": "19.81", "10": "-215.91", "11": "0.02", "12": "-41.40%", "13": "1.80%", "14": "2.30%", "15": "4.38%", "16": "-1.59%", "17": "-147.76%", "18": "-147.76%"}, "2022": {"1": "128", "2": "3.55%", "3": "127", "4": "78.69", "5": "-30.05", "6": "-216.92", "7": "-216.92", "8": "69.12", "9": "69.12", "10": "-215.91", "11": "0.02", "12": "-41.40%", "13": "1.80%", "14": "2.30%", "15": "1.27%", "16": "-0.46%", "17": "-147.76%", "18": "-147.76%"}, "2021": {"1": "123", "2": "-", "3": "123", "4": "45.05", "5": "-25.30", "6": "-245.82", "7": "-245.82", "8": "44.77", "9": "44.77", "10": "-244.29", "11": "4.90", "12": "-", "13": "-", "14": "-", "15": "2.22%", "16": "-0.41%", "17": "-", "18": "-"}}, "quarterly": {"Metrics": {"1": "Market Capitalization", "2": "Market Cap Growth", "3": "Enterprise Value", "4": "PE Ratio", "5": "PB Ratio", "6": "Debt / Equity Ratio", "7": "Current Ratio", "8": "Buyback Yield / Dilution", "9": "Total Shareholder Return"}, "Current": {"1": "37", "2": "-", "3": "36", "4": "80.77", "5": "-30.05", "6": "-", "7": "0.02", "8": "-147.76%", "9": "-147.76%"}, "2022-12-31": {"1": "128", "2": "3.55%", "3": "127", "4": "78.69", "5": "-30.05", "6": "-", "7": "0.02", "8": "-134.35%", "9": "-134.35%"}, "2022-09-30": {"1": "125", "2": "-", "3": "125", "4": "28.26", "5": "-39.32", "6": "-", "7": "1.30", "8": "-400.00%", "9": "-400.00%"}, "2022-06-30": {"1": "125", "2": "-", "3": "124", "4": "33.81", "5": "-31.84", "6": "-", "7": "2.30", "8": "-400.00%", "9": "-400.00%"}, "2022-03-31": {"1": "124", "2": "-", "3": "124", "4": "37.74", "5": "-28.79", "6": "-", "7": "2.97", "8": "-", "9": "-"}, "2021-12-31": {"1": "123", "2": "-", "3": "123", "4": "45.05", "5": "-25.30", "6": "-", "7": "4.90", "8": "-", "9": "-"}, "2021-09-30": {"1": "-", "2": "-", "3": "0", "4": "-", "5": "-", "6": "1.76", "7": "0.12", "8": "-", "9": "-"}, "2021-06-30": {"1": "-", "2": "-", "3": "0", "4": "-", "5": "-", "6": "0.42", "7": "1.48", "8": "-", "9": "-"}, "2021-02-08": {"1": "-", "2": "-", "3": "-0", "4": "-", "5": "-", "6": "0.42", "7": "3.18", "8": "-", "9": "-"}}}, "stock_price": {"symbol": {"0": "AVHI", "1": "AVHI", "2": "AVHI", "3": "AVHI", "4": "AVHI", "5": "AVHI", "6": "AVHI", "7": "AVHI", "8": "AVHI", "9": "AVHI", "10": "AVHI", "11": "AVHI", "12": "AVHI", "13": "AVHI", "14": "AVHI", "15": "AVHI", "16": "AVHI", "17": "AVHI", "18": "AVHI", "19": "AVHI", "20": "AVHI", "21": "AVHI", "22": "AVHI", "23": "AVHI", "24": "AVHI", "25": "AVHI", "26": "AVHI", "27": "AVHI", "28": "AVHI", "29": "AVHI", "30": "AVHI", "31": "AVHI", "32": "AVHI", "33": "AVHI", "34": "AVHI", "35": "AVHI", "36": "AVHI", "37": "AVHI", "38": "AVHI", "39": "AVHI", "40": "AVHI", "41": "AVHI", "42": "AVHI", "43": "AVHI", "44": "AVHI", "45": "AVHI", "46": "AVHI", "47": "AVHI", "48": "AVHI", "49": "AVHI", "50": "AVHI", "51": "AVHI", "52": "AVHI", "53": "AVHI", "54": "AVHI", "55": "AVHI", "56": "AVHI", "57": "AVHI", "58": "AVHI", "59": "AVHI", "60": "AVHI", "61": "AVHI", "62": "AVHI", "63": "AVHI", "64": "AVHI", "65": "AVHI", "66": "AVHI", "67": "AVHI", "68": "AVHI", "69": "AVHI", "70": "AVHI", "71": "AVHI", "72": "AVHI", "73": "AVHI", "74": "AVHI", "75": "AVHI", "76": "AVHI", "77": "AVHI", "78": "AVHI", "79": "AVHI", "80": "AVHI", "81": "AVHI", "82": "AVHI", "83": "AVHI", "84": "AVHI", "85": "AVHI", "86": "AVHI", "87": "AVHI", "88": "AVHI", "89": "AVHI", "90": "AVHI", "91": "AVHI", "92": "AVHI", "93": "AVHI", "94": "AVHI", "95": "AVHI", "96": "AVHI", "97": "AVHI", "98": "AVHI", "99": "AVHI", "100": "AVHI", "101": "AVHI", "102": "AVHI", "103": "AVHI", "104": "AVHI", "105": "AVHI", "106": "AVHI", "107": "AVHI", "108": "AVHI", "109": "AVHI", "110": "AVHI", "111": "AVHI", "112": "AVHI", "113": "AVHI", "114": "AVHI", "115": "AVHI", "116": "AVHI", "117": "AVHI", "118": "AVHI", "119": "AVHI", "120": "AVHI", "121": "AVHI", "122": "AVHI", "123": "AVHI", "124": "AVHI", "125": "AVHI", "126": "AVHI", "127": "AVHI", "128": "AVHI", "129": "AVHI", "130": "AVHI", "131": "AVHI", "132": "AVHI", "133": "AVHI", "134": "AVHI", "135": "AVHI", "136": "AVHI", "137": "AVHI", "138": "AVHI", "139": "AVHI", "140": "AVHI", "141": "AVHI", "142": "AVHI", "143": "AVHI", "144": "AVHI", "145": "AVHI", "146": "AVHI", "147": "AVHI", "148": "AVHI", "149": "AVHI", "150": "AVHI", "151": "AVHI", "152": "AVHI", "153": "AVHI", "154": "AVHI", "155": "AVHI", "156": "AVHI", "157": "AVHI", "158": "AVHI", "159": "AVHI", "160": "AVHI", "161": "AVHI", "162": "AVHI", "163": "AVHI", "164": "AVHI", "165": "AVHI", "166": "AVHI", "167": "AVHI", "168": "AVHI", "169": "AVHI", "170": "AVHI", "171": "AVHI", "172": "AVHI", "173": "AVHI", "174": "AVHI", "175": "AVHI", "176": "AVHI", "177": "AVHI", "178": "AVHI", "179": "AVHI", "180": "AVHI", "181": "AVHI", "182": "AVHI", "183": "AVHI", "184": "AVHI", "185": "AVHI", "186": "AVHI", "187": "AVHI", "188": "AVHI", "189": "AVHI", "190": "AVHI", "191": "AVHI", "192": "AVHI", "193": "AVHI", "194": "AVHI", "195": "AVHI", "196": "AVHI", "197": "AVHI", "198": "AVHI", "199": "AVHI", "200": "AVHI", "201": "AVHI", "202": "AVHI", "203": "AVHI", "204": "AVHI", "205": "AVHI", "206": "AVHI", "207": "AVHI", "208": "AVHI", "209": "AVHI", "210": "AVHI", "211": "AVHI", "212": "AVHI", "213": "AVHI", "214": "AVHI", "215": "AVHI", "216": "AVHI", "217": "AVHI", "218": "AVHI", "219": "AVHI", "220": "AVHI", "221": "AVHI", "222": "AVHI", "223": "AVHI", "224": "AVHI", "225": "AVHI", "226": "AVHI", "227": "AVHI", "228": "AVHI", "229": "AVHI", "230": "AVHI", "231": "AVHI", "232": "AVHI", "233": "AVHI", "234": "AVHI", "235": "AVHI", "236": "AVHI", "237": "AVHI", "238": "AVHI", "239": "AVHI", "240": "AVHI", "241": "AVHI", "242": "AVHI", "243": "AVHI", "244": "AVHI", "245": "AVHI", "246": "AVHI", "247": "AVHI", "248": "AVHI", "249": "AVHI", "250": "AVHI", "251": "AVHI", "252": "AVHI", "253": "AVHI", "254": "AVHI", "255": "AVHI", "256": "AVHI", "257": "AVHI", "258": "AVHI", "259": "AVHI", "260": "AVHI", "261": "AVHI", "262": "AVHI", "263": "AVHI", "264": "AVHI", "265": "AVHI", "266": "AVHI", "267": "AVHI", "268": "AVHI", "269": "AVHI", "270": "AVHI", "271": "AVHI", "272": "AVHI", "273": "AVHI", "274": "AVHI", "275": "AVHI", "276": "AVHI", "277": "AVHI", "278": "AVHI", "279": "AVHI", "280": "AVHI", "281": "AVHI", "282": "AVHI", "283": "AVHI", "284": "AVHI", "285": "AVHI", "286": "AVHI", "287": "AVHI", "288": "AVHI", "289": "AVHI", "290": "AVHI", "291": "AVHI", "292": "AVHI", "293": "AVHI", "294": "AVHI", "295": "AVHI", "296": "AVHI", "297": "AVHI", "298": "AVHI", "299": "AVHI", "300": "AVHI", "301": "AVHI", "302": "AVHI", "303": "AVHI", "304": "AVHI", "305": "AVHI", "306": "AVHI", "307": "AVHI", "308": "AVHI", "309": "AVHI", "310": "AVHI", "311": "AVHI", "312": "AVHI", "313": "AVHI", "314": "AVHI", "315": "AVHI", "316": "AVHI", "317": "AVHI", "318": "AVHI", "319": "AVHI", "320": "AVHI", "321": "AVHI", "322": "AVHI", "323": "AVHI", "324": "AVHI", "325": "AVHI", "326": "AVHI", "327": "AVHI", "328": "AVHI", "329": "AVHI", "330": "AVHI", "331": "AVHI", "332": "AVHI", "333": "AVHI", "334": "AVHI", "335": "AVHI", "336": "AVHI", "337": "AVHI", "338": "AVHI", "339": "AVHI", "340": "AVHI", "341": "AVHI", "342": "AVHI", "343": "AVHI", "344": "AVHI", "345": "AVHI", "346": "AVHI", "347": "AVHI", "348": "AVHI", "349": "AVHI", "350": "AVHI", "351": "AVHI", "352": "AVHI", "353": "AVHI", "354": "AVHI", "355": "AVHI", "356": "AVHI", "357": "AVHI", "358": "AVHI", "359": "AVHI", "360": "AVHI", "361": "AVHI", "362": "AVHI", "363": "AVHI", "364": "AVHI", "365": "AVHI", "366": "AVHI", "367": "AVHI", "368": "AVHI", "369": "AVHI", "370": "AVHI", "371": "AVHI", "372": "AVHI", "373": "AVHI", "374": "AVHI", "375": "AVHI", "376": "AVHI", "377": "AVHI", "378": "AVHI", "379": "AVHI", "380": "AVHI", "381": "AVHI", "382": "AVHI", "383": "AVHI", "384": "AVHI", "385": "AVHI", "386": "AVHI", "387": "AVHI", "388": "AVHI", "389": "AVHI", "390": "AVHI", "391": "AVHI", "392": "AVHI", "393": "AVHI", "394": "AVHI", "395": "AVHI", "396": "AVHI", "397": "AVHI", "398": "AVHI", "399": "AVHI", "400": "AVHI", "401": "AVHI", "402": "AVHI", "403": "AVHI", "404": "AVHI"}, "date": {"0": "2021-11-17", "1": "2021-11-18", "2": "2021-11-19", "3": "2021-11-22", "4": "2021-11-23", "5": "2021-11-24", "6": "2021-11-26", "7": "2021-11-29", "8": "2021-11-30", "9": "2021-12-01", "10": "2021-12-02", "11": "2021-12-03", "12": "2021-12-06", "13": "2021-12-07", "14": "2021-12-08", "15": "2021-12-09", "16": "2021-12-10", "17": "2021-12-13", "18": "2021-12-14", "19": "2021-12-15", "20": "2021-12-16", "21": "2021-12-17", "22": "2021-12-20", "23": "2021-12-21", "24": "2021-12-22", "25": "2021-12-23", "26": "2021-12-27", "27": "2021-12-28", "28": "2021-12-29", "29": "2021-12-30", "30": "2021-12-31", "31": "2022-01-03", "32": "2022-01-04", "33": "2022-01-05", "34": "2022-01-06", "35": "2022-01-07", "36": "2022-01-10", "37": "2022-01-11", "38": "2022-01-12", "39": "2022-01-13", "40": "2022-01-14", "41": "2022-01-18", "42": "2022-01-19", "43": "2022-01-20", "44": "2022-01-21", "45": "2022-01-24", "46": "2022-01-25", "47": "2022-01-26", "48": "2022-01-27", "49": "2022-01-28", "50": "2022-01-31", "51": "2022-02-01", "52": "2022-02-02", "53": "2022-02-03", "54": "2022-02-04", "55": "2022-02-07", "56": "2022-02-08", "57": "2022-02-09", "58": "2022-02-10", "59": "2022-02-11", "60": "2022-02-14", "61": "2022-02-15", "62": "2022-02-16", "63": "2022-02-17", "64": "2022-02-18", "65": "2022-02-22", "66": "2022-02-23", "67": "2022-02-24", "68": "2022-02-25", "69": "2022-02-28", "70": "2022-03-01", "71": "2022-03-02", "72": "2022-03-03", "73": "2022-03-04", "74": "2022-03-07", "75": "2022-03-08", "76": "2022-03-09", "77": "2022-03-10", "78": "2022-03-11", "79": "2022-03-14", "80": "2022-03-15", "81": "2022-03-16", "82": "2022-03-17", "83": "2022-03-18", "84": "2022-03-21", "85": "2022-03-22", "86": "2022-03-23", "87": "2022-03-24", "88": "2022-03-25", "89": "2022-03-28", "90": "2022-03-29", "91": "2022-03-30", "92": "2022-03-31", "93": "2022-04-01", "94": "2022-04-04", "95": "2022-04-05", "96": "2022-04-06", "97": "2022-04-07", "98": "2022-04-08", "99": "2022-04-11", "100": "2022-04-12", "101": "2022-04-13", "102": "2022-04-14", "103": "2022-04-18", "104": "2022-04-19", "105": "2022-04-20", "106": "2022-04-21", "107": "2022-04-22", "108": "2022-04-25", "109": "2022-04-26", "110": "2022-04-27", "111": "2022-04-28", "112": "2022-04-29", "113": "2022-05-02", "114": "2022-05-03", "115": "2022-05-04", "116": "2022-05-05", "117": "2022-05-06", "118": "2022-05-09", "119": "2022-05-10", "120": "2022-05-11", "121": "2022-05-12", "122": "2022-05-13", "123": "2022-05-16", "124": "2022-05-17", "125": "2022-05-18", "126": "2022-05-19", "127": "2022-05-20", "128": "2022-05-23", "129": "2022-05-24", "130": "2022-05-25", "131": "2022-05-26", "132": "2022-05-27", "133": "2022-05-31", "134": "2022-06-01", "135": "2022-06-02", "136": "2022-06-03", "137": "2022-06-06", "138": "2022-06-07", "139": "2022-06-08", "140": "2022-06-09", "141": "2022-06-10", "142": "2022-06-13", "143": "2022-06-14", "144": "2022-06-15", "145": "2022-06-16", "146": "2022-06-17", "147": "2022-06-21", "148": "2022-06-22", "149": "2022-06-23", "150": "2022-06-24", "151": "2022-06-27", "152": "2022-06-28", "153": "2022-06-29", "154": "2022-06-30", "155": "2022-07-01", "156": "2022-07-05", "157": "2022-07-06", "158": "2022-07-07", "159": "2022-07-08", "160": "2022-07-11", "161": "2022-07-12", "162": "2022-07-13", "163": "2022-07-14", "164": "2022-07-15", "165": "2022-07-18", "166": "2022-07-19", "167": "2022-07-20", "168": "2022-07-21", "169": "2022-07-22", "170": "2022-07-25", "171": "2022-07-26", "172": "2022-07-27", "173": "2022-07-28", "174": "2022-07-29", "175": "2022-08-01", "176": "2022-08-02", "177": "2022-08-03", "178": "2022-08-04", "179": "2022-08-05", "180": "2022-08-08", "181": "2022-08-09", "182": "2022-08-10", "183": "2022-08-11", "184": "2022-08-12", "185": "2022-08-15", "186": "2022-08-16", "187": "2022-08-17", "188": "2022-08-18", "189": "2022-08-19", "190": "2022-08-22", "191": "2022-08-23", "192": "2022-08-24", "193": "2022-08-25", "194": "2022-08-26", "195": "2022-08-29", "196": "2022-08-30", "197": "2022-08-31", "198": "2022-09-01", "199": "2022-09-02", "200": "2022-09-06", "201": "2022-09-07", "202": "2022-09-08", "203": "2022-09-09", "204": "2022-09-12", "205": "2022-09-13", "206": "2022-09-14", "207": "2022-09-15", "208": "2022-09-16", "209": "2022-09-19", "210": "2022-09-20", "211": "2022-09-21", "212": "2022-09-22", "213": "2022-09-23", "214": "2022-09-26", "215": "2022-09-27", "216": "2022-09-28", "217": "2022-09-29", "218": "2022-09-30", "219": "2022-10-03", "220": "2022-10-04", "221": "2022-10-05", "222": "2022-10-06", "223": "2022-10-07", "224": "2022-10-10", "225": "2022-10-11", "226": "2022-10-12", "227": "2022-10-13", "228": "2022-10-14", "229": "2022-10-17", "230": "2022-10-18", "231": "2022-10-19", "232": "2022-10-20", "233": "2022-10-21", "234": "2022-10-24", "235": "2022-10-25", "236": "2022-10-26", "237": "2022-10-27", "238": "2022-10-28", "239": "2022-10-31", "240": "2022-11-01", "241": "2022-11-02", "242": "2022-11-03", "243": "2022-11-04", "244": "2022-11-07", "245": "2022-11-08", "246": "2022-11-09", "247": "2022-11-10", "248": "2022-11-11", "249": "2022-11-14", "250": "2022-11-15", "251": "2022-11-16", "252": "2022-11-17", "253": "2022-11-18", "254": "2022-11-21", "255": "2022-11-22", "256": "2022-11-23", "257": "2022-11-25", "258": "2022-11-28", "259": "2022-11-29", "260": "2022-11-30", "261": "2022-12-01", "262": "2022-12-02", "263": "2022-12-05", "264": "2022-12-06", "265": "2022-12-07", "266": "2022-12-08", "267": "2022-12-09", "268": "2022-12-12", "269": "2022-12-13", "270": "2022-12-14", "271": "2022-12-15", "272": "2022-12-16", "273": "2022-12-19", "274": "2022-12-20", "275": "2022-12-21", "276": "2022-12-22", "277": "2022-12-23", "278": "2022-12-27", "279": "2022-12-28", "280": "2022-12-29", "281": "2022-12-30", "282": "2023-01-03", "283": "2023-01-04", "284": "2023-01-05", "285": "2023-01-06", "286": "2023-01-09", "287": "2023-01-10", "288": "2023-01-11", "289": "2023-01-12", "290": "2023-01-13", "291": "2023-01-17", "292": "2023-01-18", "293": "2023-01-19", "294": "2023-01-20", "295": "2023-01-23", "296": "2023-01-24", "297": "2023-01-25", "298": "2023-01-26", "299": "2023-01-27", "300": "2023-01-30", "301": "2023-01-31", "302": "2023-02-01", "303": "2023-02-02", "304": "2023-02-03", "305": "2023-02-06", "306": "2023-02-07", "307": "2023-02-08", "308": "2023-02-09", "309": "2023-02-10", "310": "2023-02-13", "311": "2023-02-14", "312": "2023-02-15", "313": "2023-02-16", "314": "2023-02-17", "315": "2023-02-21", "316": "2023-02-22", "317": "2023-02-23", "318": "2023-02-24", "319": "2023-02-27", "320": "2023-02-28", "321": "2023-03-01", "322": "2023-03-02", "323": "2023-03-03", "324": "2023-03-06", "325": "2023-03-07", "326": "2023-03-08", "327": "2023-03-09", "328": "2023-03-10", "329": "2023-03-13", "330": "2023-03-14", "331": "2023-03-15", "332": "2023-03-16", "333": "2023-03-17", "334": "2023-03-20", "335": "2023-03-21", "336": "2023-03-22", "337": "2023-03-23", "338": "2023-03-24", "339": "2023-03-27", "340": "2023-03-28", "341": "2023-03-29", "342": "2023-03-30", "343": "2023-03-31", "344": "2023-04-03", "345": "2023-04-04", "346": "2023-04-05", "347": "2023-04-06", "348": "2023-04-10", "349": "2023-04-11", "350": "2023-04-12", "351": "2023-04-13", "352": "2023-04-14", "353": "2023-04-17", "354": "2023-04-18", "355": "2023-04-19", "356": "2023-04-20", "357": "2023-04-21", "358": "2023-04-24", "359": "2023-04-25", "360": "2023-04-26", "361": "2023-04-27", "362": "2023-04-28", "363": "2023-05-01", "364": "2023-05-02", "365": "2023-05-03", "366": "2023-05-04", "367": "2023-05-05", "368": "2023-05-08", "369": "2023-05-09", "370": "2023-05-10", "371": "2023-05-11", "372": "2023-05-12", "373": "2023-05-15", "374": "2023-05-16", "375": "2023-05-17", "376": "2023-05-18", "377": "2023-05-19", "378": "2023-05-22", "379": "2023-05-23", "380": "2023-05-24", "381": "2023-05-25", "382": "2023-05-26", "383": "2023-05-30", "384": "2023-05-31", "385": "2023-06-01", "386": "2023-06-02", "387": "2023-06-05", "388": "2023-06-06", "389": "2023-06-07", "390": "2023-06-08", "391": "2023-06-09", "392": "2023-06-12", "393": "2023-06-13", "394": "2023-06-14", "395": "2023-06-15", "396": "2023-06-16", "397": "2023-06-20", "398": "2023-06-21", "399": "2023-06-22", "400": "2023-06-23", "401": "2023-06-26", "402": "2023-06-27", "403": "2023-06-28", "404": "2023-06-29"}, "open": {"0": 9.819999694824219, "1": 9.84000015258789, "2": 9.84000015258789, "3": 9.890000343322754, "4": 9.869999885559082, "5": 9.864999771118164, "6": 9.880000114440918, "7": 9.880000114440918, "8": 9.850000381469727, "9": 9.850000381469727, "10": 9.84000015258789, "11": 9.850000381469727, "12": 9.840999603271484, "13": 9.84000015258789, "14": 9.831000328063965, "15": 9.850000381469727, "16": 9.859999656677246, "17": 9.850000381469727, "18": 9.85200023651123, "19": 9.85200023651123, "20": 9.84000015258789, "21": 9.850000381469727, "22": 9.850000381469727, "23": 9.850000381469727, "24": 9.819999694824219, "25": 9.869999885559082, "26": 9.869999885559082, "27": 9.869999885559082, "28": 9.869999885559082, "29": 9.869999885559082, "30": 9.869999885559082, "31": 9.869999885559082, "32": 9.869999885559082, "33": 9.869999885559082, "34": 9.869999885559082, "35": 9.869999885559082, "36": 9.869999885559082, "37": 9.869999885559082, "38": 9.869999885559082, "39": 9.869999885559082, "40": 9.869999885559082, "41": 9.859999656677246, "42": 9.859999656677246, "43": 9.859999656677246, "44": 9.869999885559082, "45": 9.850000381469727, "46": 9.859999656677246, "47": 9.859999656677246, "48": 9.84000015258789, "49": 9.850000381469727, "50": 9.850000381469727, "51": 9.850000381469727, "52": 9.899999618530273, "53": 9.829999923706055, "54": 9.899999618530273, "55": 9.899999618530273, "56": 9.899999618530273, "57": 9.880000114440918, "58": 9.869999885559082, "59": 9.869999885559082, "60": 9.869999885559082, "61": 9.869999885559082, "62": 9.869999885559082, "63": 9.869999885559082, "64": 9.869999885559082, "65": 9.869999885559082, "66": 9.869999885559082, "67": 9.869999885559082, "68": 9.880000114440918, "69": 9.880000114440918, "70": 9.885000228881836, "71": 9.90999984741211, "72": 9.899999618530273, "73": 9.9399995803833, "74": 9.9399995803833, "75": 9.9399995803833, "76": 9.9399995803833, "77": 9.9399995803833, "78": 9.920000076293945, "79": 9.930000305175781, "80": 9.930000305175781, "81": 9.930000305175781, "82": 9.930000305175781, "83": 9.920000076293945, "84": 9.930000305175781, "85": 9.9399995803833, "86": 9.9399995803833, "87": 9.9399995803833, "88": 9.9399995803833, "89": 9.9399995803833, "90": 9.9399995803833, "91": 9.930000305175781, "92": 9.949999809265137, "93": 9.949999809265137, "94": 9.954999923706055, "95": 9.960000038146973, "96": 9.960000038146973, "97": 9.960000038146973, "98": 9.960000038146973, "99": 9.960000038146973, "100": 9.960000038146973, "101": 9.960000038146973, "102": 9.960000038146973, "103": 9.960000038146973, "104": 9.960000038146973, "105": 9.960000038146973, "106": 9.970000267028809, "107": 9.970000267028809, "108": 9.970000267028809, "109": 9.960000038146973, "110": 9.960000038146973, "111": 9.960000038146973, "112": 9.960000038146973, "113": 9.960000038146973, "114": 10.010000228881836, "115": 9.960000038146973, "116": 9.960000038146973, "117": 9.960000038146973, "118": 9.960000038146973, "119": 9.960000038146973, "120": 9.960000038146973, "121": 9.960000038146973, "122": 9.960000038146973, "123": 9.960000038146973, "124": 9.960000038146973, "125": 9.960000038146973, "126": 9.960000038146973, "127": 9.960000038146973, "128": 9.960000038146973, "129": 9.960000038146973, "130": 9.960000038146973, "131": 9.960000038146973, "132": 9.960000038146973, "133": 9.960000038146973, "134": 9.949999809265137, "135": 9.949999809265137, "136": 9.949999809265137, "137": 9.9399995803833, "138": 9.9399995803833, "139": 9.949999809265137, "140": 9.949999809265137, "141": 9.949999809265137, "142": 9.949999809265137, "143": 9.949999809265137, "144": 9.949999809265137, "145": 9.949999809265137, "146": 9.949999809265137, "147": 9.949999809265137, "148": 9.949999809265137, "149": 9.949999809265137, "150": 9.949999809265137, "151": 9.949999809265137, "152": 9.949999809265137, "153": 10.010000228881836, "154": 9.989999771118164, "155": 9.989999771118164, "156": 9.949999809265137, "157": 9.970000267028809, "158": 9.970000267028809, "159": 9.970000267028809, "160": 9.970000267028809, "161": 9.979999542236328, "162": 9.979999542236328, "163": 9.970000267028809, "164": 9.979999542236328, "165": 9.979999542236328, "166": 9.979999542236328, "167": 9.979999542236328, "168": 9.989999771118164, "169": 9.98900032043457, "170": 9.989999771118164, "171": 10.0, "172": 10.010000228881836, "173": 10.010000228881836, "174": 10.020000457763672, "175": 10.020000457763672, "176": 10.020000457763672, "177": 10.0, "178": 10.0, "179": 10.0, "180": 10.0, "181": 10.0, "182": 10.0, "183": 10.020000457763672, "184": 10.020000457763672, "185": 10.024999618530273, "186": 10.029999732971191, "187": 10.029999732971191, "188": 10.029999732971191, "189": 10.029999732971191, "190": 10.029999732971191, "191": 10.029999732971191, "192": 10.020000457763672, "193": 10.020000457763672, "194": 10.0, "195": 10.0, "196": 10.0, "197": 10.0, "198": 10.039999961853027, "199": 10.039999961853027, "200": 10.039999961853027, "201": 10.039999961853027, "202": 10.039999961853027, "203": 10.039999961853027, "204": 10.039999961853027, "205": 10.039999961853027, "206": 10.039999961853027, "207": 10.039999961853027, "208": 10.039999961853027, "209": 10.039999961853027, "210": 10.039999961853027, "211": 10.039999961853027, "212": 10.039999961853027, "213": 10.039999961853027, "214": 10.029999732971191, "215": 10.029999732971191, "216": 10.020000457763672, "217": 10.020000457763672, "218": 10.020000457763672, "219": 10.050000190734863, "220": 10.050000190734863, "221": 10.050000190734863, "222": 10.050000190734863, "223": 10.050000190734863, "224": 10.050000190734863, "225": 10.050000190734863, "226": 10.050000190734863, "227": 10.050000190734863, "228": 10.050000190734863, "229": 10.050000190734863, "230": 10.050000190734863, "231": 10.050000190734863, "232": 10.050000190734863, "233": 10.050000190734863, "234": 10.062999725341797, "235": 10.079999923706055, "236": 10.09000015258789, "237": 10.09000015258789, "238": 10.09000015258789, "239": 10.079999923706055, "240": 10.069999694824219, "241": 10.069999694824219, "242": 10.079999923706055, "243": 10.069999694824219, "244": 10.079999923706055, "245": 10.09000015258789, "246": 10.09000015258789, "247": 10.09000015258789, "248": 10.09000015258789, "249": 10.09000015258789, "250": 10.140000343322754, "251": 10.140000343322754, "252": 10.140000343322754, "253": 10.140000343322754, "254": 10.140000343322754, "255": 10.140000343322754, "256": 10.140000343322754, "257": 10.170000076293945, "258": 10.170000076293945, "259": 10.170000076293945, "260": 10.180000305175781, "261": 10.170000076293945, "262": 10.170000076293945, "263": 10.170000076293945, "264": 10.170000076293945, "265": 10.170000076293945, "266": 10.170000076293945, "267": 10.1899995803833, "268": 10.180000305175781, "269": 10.180000305175781, "270": 10.199999809265137, "271": 10.239999771118164, "272": 10.239999771118164, "273": 10.239999771118164, "274": 10.239999771118164, "275": 10.229999542236328, "276": 10.229999542236328, "277": 10.229999542236328, "278": 10.229999542236328, "279": 10.229999542236328, "280": 10.229999542236328, "281": 10.220000267028809, "282": 10.220000267028809, "283": 10.220000267028809, "284": 10.220000267028809, "285": 10.399999618530273, "286": 10.5, "287": 10.75, "288": 10.470000267028809, "289": 10.470000267028809, "290": 10.279999732971191, "291": 10.25, "292": 10.25, "293": 10.5, "294": 10.449999809265137, "295": 10.449999809265137, "296": 10.449999809265137, "297": 10.449999809265137, "298": 10.449999809265137, "299": 10.449999809265137, "300": 10.449999809265137, "301": 10.449999809265137, "302": 10.449999809265137, "303": 10.449999809265137, "304": 10.449999809265137, "305": 10.449999809265137, "306": 10.449999809265137, "307": 10.449999809265137, "308": 10.449999809265137, "309": 10.449999809265137, "310": 10.5, "311": 10.789999961853027, "312": 10.789999961853027, "313": 10.789999961853027, "314": 10.34000015258789, "315": 10.34000015258789, "316": 10.34000015258789, "317": 10.34000015258789, "318": 10.34000015258789, "319": 10.34000015258789, "320": 10.699999809265137, "321": 10.699999809265137, "322": 10.699999809265137, "323": 10.699999809265137, "324": 10.699999809265137, "325": 10.699999809265137, "326": 10.699999809265137, "327": 10.699999809265137, "328": 10.699999809265137, "329": 10.699999809265137, "330": 10.699999809265137, "331": 10.699999809265137, "332": 10.699999809265137, "333": 10.699999809265137, "334": 10.699999809265137, "335": 10.699999809265137, "336": 10.699999809265137, "337": 10.699999809265137, "338": 10.529999732971191, "339": 10.520000457763672, "340": 10.5, "341": 10.5, "342": 10.5, "343": 10.5, "344": 10.54800033569336, "345": 10.54800033569336, "346": 10.54800033569336, "347": 10.54800033569336, "348": 10.54800033569336, "349": 10.5600004196167, "350": 10.5600004196167, "351": 10.5600004196167, "352": 10.5600004196167, "353": 10.5600004196167, "354": 10.5, "355": 10.5, "356": 10.5, "357": 10.5, "358": 10.5, "359": 10.5, "360": 10.569999694824219, "361": 10.569999694824219, "362": 10.569999694824219, "363": 10.569999694824219, "364": 10.569999694824219, "365": 10.569999694824219, "366": 10.569999694824219, "367": 10.5, "368": 10.510000228881836, "369": 10.5, "370": 10.524999618530273, "371": 10.524999618530273, "372": 10.524999618530273, "373": 10.524999618530273, "374": 10.524999618530273, "375": 10.524999618530273, "376": 10.524999618530273, "377": 10.524999618530273, "378": 10.524999618530273, "379": 10.524999618530273, "380": 10.524999618530273, "381": 10.524999618530273, "382": 10.524999618530273, "383": 10.524999618530273, "384": 10.524999618530273, "385": 10.5600004196167, "386": 10.600000381469727, "387": 10.600000381469727, "388": 10.579999923706055, "389": 10.579999923706055, "390": 10.600000381469727, "391": 10.600000381469727, "392": 10.600000381469727, "393": 10.600000381469727, "394": 10.600000381469727, "395": 10.739999771118164, "396": 10.744000434875488, "397": 10.744000434875488, "398": 10.744000434875488, "399": 10.744000434875488, "400": 10.670000076293945, "401": 10.75, "402": 10.765000343322754, "403": 10.760000228881836, "404": 10.819999694824219}, "high": {"0": 9.859999656677246, "1": 9.890000343322754, "2": 9.890000343322754, "3": 9.890000343322754, "4": 9.869999885559082, "5": 9.890000343322754, "6": 9.880000114440918, "7": 9.880000114440918, "8": 9.850000381469727, "9": 9.850000381469727, "10": 9.84000015258789, "11": 9.850000381469727, "12": 9.840999603271484, "13": 9.84000015258789, "14": 9.850000381469727, "15": 9.859999656677246, "16": 9.859999656677246, "17": 9.85200023651123, "18": 9.85200023651123, "19": 9.85200023651123, "20": 9.850000381469727, "21": 9.859999656677246, "22": 9.850000381469727, "23": 9.859999656677246, "24": 9.899999618530273, "25": 9.869999885559082, "26": 9.869999885559082, "27": 9.869999885559082, "28": 9.869999885559082, "29": 9.869999885559082, "30": 9.869999885559082, "31": 9.869999885559082, "32": 9.869999885559082, "33": 9.890000343322754, "34": 9.869999885559082, "35": 9.869999885559082, "36": 9.869999885559082, "37": 9.869999885559082, "38": 9.869999885559082, "39": 9.869999885559082, "40": 9.869999885559082, "41": 9.859999656677246, "42": 9.859999656677246, "43": 9.859999656677246, "44": 9.869999885559082, "45": 9.850000381469727, "46": 9.890000343322754, "47": 9.859999656677246, "48": 9.850000381469727, "49": 9.850000381469727, "50": 9.850000381469727, "51": 9.850000381469727, "52": 9.920000076293945, "53": 9.899999618530273, "54": 9.899999618530273, "55": 9.899999618530273, "56": 9.899999618530273, "57": 9.890000343322754, "58": 9.869999885559082, "59": 9.869999885559082, "60": 9.869999885559082, "61": 9.869999885559082, "62": 9.869999885559082, "63": 9.869999885559082, "64": 9.869999885559082, "65": 9.869999885559082, "66": 9.869999885559082, "67": 9.890000343322754, "68": 9.880000114440918, "69": 9.880000114440918, "70": 9.920000076293945, "71": 9.930000305175781, "72": 9.9399995803833, "73": 9.9399995803833, "74": 9.9399995803833, "75": 9.9399995803833, "76": 9.9399995803833, "77": 9.9399995803833, "78": 9.930000305175781, "79": 9.930000305175781, "80": 9.930000305175781, "81": 9.930000305175781, "82": 9.930000305175781, "83": 9.930000305175781, "84": 9.9399995803833, "85": 9.9399995803833, "86": 9.9399995803833, "87": 9.9399995803833, "88": 9.9399995803833, "89": 9.9399995803833, "90": 9.960000038146973, "91": 9.949999809265137, "92": 9.949999809265137, "93": 9.949999809265137, "94": 9.960000038146973, "95": 9.960000038146973, "96": 9.960000038146973, "97": 9.960000038146973, "98": 9.960000038146973, "99": 9.960000038146973, "100": 9.960000038146973, "101": 9.960000038146973, "102": 9.960000038146973, "103": 9.960000038146973, "104": 9.960000038146973, "105": 9.960000038146973, "106": 9.970000267028809, "107": 9.970000267028809, "108": 9.970000267028809, "109": 9.960000038146973, "110": 9.960000038146973, "111": 9.960000038146973, "112": 9.960000038146973, "113": 9.960000038146973, "114": 10.010000228881836, "115": 9.960000038146973, "116": 9.960000038146973, "117": 9.960000038146973, "118": 9.960000038146973, "119": 9.960000038146973, "120": 9.960000038146973, "121": 9.960000038146973, "122": 9.960000038146973, "123": 9.960000038146973, "124": 9.960000038146973, "125": 9.960000038146973, "126": 9.960000038146973, "127": 9.960000038146973, "128": 9.960000038146973, "129": 9.960000038146973, "130": 9.960000038146973, "131": 9.960000038146973, "132": 9.960000038146973, "133": 9.960000038146973, "134": 9.949999809265137, "135": 9.949999809265137, "136": 9.949999809265137, "137": 9.9399995803833, "138": 9.9399995803833, "139": 9.949999809265137, "140": 9.949999809265137, "141": 9.949999809265137, "142": 9.949999809265137, "143": 9.949999809265137, "144": 9.949999809265137, "145": 9.949999809265137, "146": 9.949999809265137, "147": 9.949999809265137, "148": 9.949999809265137, "149": 9.949999809265137, "150": 9.949999809265137, "151": 9.949999809265137, "152": 9.979999542236328, "153": 10.015000343322754, "154": 9.989999771118164, "155": 9.989999771118164, "156": 9.970000267028809, "157": 9.970000267028809, "158": 9.970000267028809, "159": 9.970000267028809, "160": 9.970000267028809, "161": 9.984999656677246, "162": 9.979999542236328, "163": 9.979999542236328, "164": 9.979999542236328, "165": 9.979999542236328, "166": 9.989999771118164, "167": 9.989999771118164, "168": 9.989999771118164, "169": 9.989999771118164, "170": 10.010000228881836, "171": 10.020000457763672, "172": 10.024999618530273, "173": 10.020000457763672, "174": 10.020000457763672, "175": 10.020000457763672, "176": 10.020000457763672, "177": 10.0, "178": 10.0, "179": 10.0, "180": 10.0, "181": 10.0, "182": 10.0, "183": 10.020000457763672, "184": 10.020000457763672, "185": 10.029999732971191, "186": 10.029999732971191, "187": 10.029999732971191, "188": 10.029999732971191, "189": 10.029999732971191, "190": 10.029999732971191, "191": 10.029999732971191, "192": 10.020000457763672, "193": 10.020000457763672, "194": 10.0, "195": 10.010000228881836, "196": 10.0, "197": 10.039999961853027, "198": 10.039999961853027, "199": 10.039999961853027, "200": 10.039999961853027, "201": 10.039999961853027, "202": 10.039999961853027, "203": 10.039999961853027, "204": 10.039999961853027, "205": 10.039999961853027, "206": 10.039999961853027, "207": 10.039999961853027, "208": 10.039999961853027, "209": 10.039999961853027, "210": 10.039999961853027, "211": 10.039999961853027, "212": 10.039999961853027, "213": 10.039999961853027, "214": 10.029999732971191, "215": 10.029999732971191, "216": 10.020000457763672, "217": 10.020000457763672, "218": 10.020000457763672, "219": 10.050000190734863, "220": 10.050000190734863, "221": 10.050000190734863, "222": 10.050000190734863, "223": 10.050000190734863, "224": 10.050000190734863, "225": 10.050000190734863, "226": 10.050000190734863, "227": 10.050000190734863, "228": 10.050000190734863, "229": 10.050000190734863, "230": 10.050000190734863, "231": 10.050000190734863, "232": 10.050000190734863, "233": 10.050000190734863, "234": 10.079999923706055, "235": 10.079999923706055, "236": 10.09000015258789, "237": 10.09000015258789, "238": 10.09000015258789, "239": 10.079999923706055, "240": 10.069999694824219, "241": 10.069999694824219, "242": 10.079999923706055, "243": 10.09000015258789, "244": 10.09000015258789, "245": 10.09000015258789, "246": 10.09000015258789, "247": 10.09000015258789, "248": 10.09000015258789, "249": 10.09000015258789, "250": 10.154999732971191, "251": 10.15999984741211, "252": 10.140000343322754, "253": 10.140000343322754, "254": 10.140000343322754, "255": 10.140000343322754, "256": 10.170000076293945, "257": 10.170000076293945, "258": 10.170000076293945, "259": 10.180000305175781, "260": 10.180000305175781, "261": 10.170000076293945, "262": 10.170000076293945, "263": 10.170000076293945, "264": 10.170000076293945, "265": 10.170000076293945, "266": 10.180000305175781, "267": 10.1899995803833, "268": 10.180000305175781, "269": 10.180000305175781, "270": 10.199999809265137, "271": 10.239999771118164, "272": 10.239999771118164, "273": 10.239999771118164, "274": 10.239999771118164, "275": 10.229999542236328, "276": 10.229999542236328, "277": 10.229999542236328, "278": 10.229999542236328, "279": 10.229999542236328, "280": 10.229999542236328, "281": 10.220000267028809, "282": 10.220000267028809, "283": 10.220000267028809, "284": 10.470000267028809, "285": 10.399999618530273, "286": 10.600000381469727, "287": 10.75, "288": 10.470000267028809, "289": 10.470000267028809, "290": 10.279999732971191, "291": 10.25, "292": 10.704999923706055, "293": 10.5, "294": 10.449999809265137, "295": 10.449999809265137, "296": 10.449999809265137, "297": 10.449999809265137, "298": 10.449999809265137, "299": 10.449999809265137, "300": 10.449999809265137, "301": 10.449999809265137, "302": 10.449999809265137, "303": 10.449999809265137, "304": 10.449999809265137, "305": 10.449999809265137, "306": 10.449999809265137, "307": 10.449999809265137, "308": 10.449999809265137, "309": 10.449999809265137, "310": 10.789999961853027, "311": 10.789999961853027, "312": 10.789999961853027, "313": 10.789999961853027, "314": 10.34000015258789, "315": 10.34000015258789, "316": 10.34000015258789, "317": 10.34000015258789, "318": 10.34000015258789, "319": 10.34000015258789, "320": 10.699999809265137, "321": 10.699999809265137, "322": 10.699999809265137, "323": 10.699999809265137, "324": 10.699999809265137, "325": 10.699999809265137, "326": 10.699999809265137, "327": 10.699999809265137, "328": 10.699999809265137, "329": 10.699999809265137, "330": 10.699999809265137, "331": 10.699999809265137, "332": 10.699999809265137, "333": 10.699999809265137, "334": 10.699999809265137, "335": 10.699999809265137, "336": 10.699999809265137, "337": 10.699999809265137, "338": 10.529999732971191, "339": 10.520000457763672, "340": 10.5, "341": 10.5, "342": 10.5, "343": 10.54800033569336, "344": 10.54800033569336, "345": 10.54800033569336, "346": 10.54800033569336, "347": 10.54800033569336, "348": 10.54800033569336, "349": 10.5600004196167, "350": 10.5600004196167, "351": 10.5600004196167, "352": 10.5600004196167, "353": 10.5600004196167, "354": 10.5, "355": 10.5, "356": 10.5, "357": 10.5, "358": 10.5, "359": 10.5, "360": 10.569999694824219, "361": 10.569999694824219, "362": 10.569999694824219, "363": 10.569999694824219, "364": 10.569999694824219, "365": 10.569999694824219, "366": 10.569999694824219, "367": 10.510000228881836, "368": 10.510000228881836, "369": 10.5, "370": 10.524999618530273, "371": 10.524999618530273, "372": 10.524999618530273, "373": 10.524999618530273, "374": 10.524999618530273, "375": 10.524999618530273, "376": 10.524999618530273, "377": 10.524999618530273, "378": 10.524999618530273, "379": 10.524999618530273, "380": 10.524999618530273, "381": 10.524999618530273, "382": 10.524999618530273, "383": 10.524999618530273, "384": 10.524999618530273, "385": 10.579999923706055, "386": 10.600000381469727, "387": 10.600000381469727, "388": 10.579999923706055, "389": 10.600000381469727, "390": 10.600000381469727, "391": 10.600000381469727, "392": 10.600000381469727, "393": 10.600000381469727, "394": 10.600000381469727, "395": 10.744000434875488, "396": 10.744000434875488, "397": 10.744000434875488, "398": 10.744000434875488, "399": 10.744000434875488, "400": 10.75, "401": 10.75, "402": 10.770000457763672, "403": 10.760000228881836, "404": 10.819999694824219}, "low": {"0": 9.819999694824219, "1": 9.833999633789062, "2": 9.84000015258789, "3": 9.84000015258789, "4": 9.869999885559082, "5": 9.864999771118164, "6": 9.880000114440918, "7": 9.869999885559082, "8": 9.850000381469727, "9": 9.850000381469727, "10": 9.84000015258789, "11": 9.84000015258789, "12": 9.84000015258789, "13": 9.84000015258789, "14": 9.829999923706055, "15": 9.850000381469727, "16": 9.850000381469727, "17": 9.850000381469727, "18": 9.85200023651123, "19": 9.85200023651123, "20": 9.84000015258789, "21": 9.850000381469727, "22": 9.850000381469727, "23": 9.850000381469727, "24": 9.819999694824219, "25": 9.869999885559082, "26": 9.869999885559082, "27": 9.869999885559082, "28": 9.869999885559082, "29": 9.869999885559082, "30": 9.869999885559082, "31": 9.869999885559082, "32": 9.869999885559082, "33": 9.869999885559082, "34": 9.869999885559082, "35": 9.869999885559082, "36": 9.869999885559082, "37": 9.869999885559082, "38": 9.869999885559082, "39": 9.869999885559082, "40": 9.869999885559082, "41": 9.859999656677246, "42": 9.859999656677246, "43": 9.859999656677246, "44": 9.859999656677246, "45": 9.850000381469727, "46": 9.859999656677246, "47": 9.857999801635742, "48": 9.84000015258789, "49": 9.850000381469727, "50": 9.850000381469727, "51": 9.850000381469727, "52": 9.899999618530273, "53": 9.829999923706055, "54": 9.899999618530273, "55": 9.899999618530273, "56": 9.899999618530273, "57": 9.869999885559082, "58": 9.869999885559082, "59": 9.869999885559082, "60": 9.869999885559082, "61": 9.869999885559082, "62": 9.869999885559082, "63": 9.869999885559082, "64": 9.869999885559082, "65": 9.869999885559082, "66": 9.869999885559082, "67": 9.869999885559082, "68": 9.880000114440918, "69": 9.880000114440918, "70": 9.869999885559082, "71": 9.890000343322754, "72": 9.899999618530273, "73": 9.930000305175781, "74": 9.9399995803833, "75": 9.9399995803833, "76": 9.9399995803833, "77": 9.9399995803833, "78": 9.90999984741211, "79": 9.930000305175781, "80": 9.930000305175781, "81": 9.930000305175781, "82": 9.930000305175781, "83": 9.899999618530273, "84": 9.930000305175781, "85": 9.9399995803833, "86": 9.9399995803833, "87": 9.9399995803833, "88": 9.9399995803833, "89": 9.9399995803833, "90": 9.925000190734863, "91": 9.930000305175781, "92": 9.949999809265137, "93": 9.949999809265137, "94": 9.9399995803833, "95": 9.960000038146973, "96": 9.960000038146973, "97": 9.960000038146973, "98": 9.960000038146973, "99": 9.960000038146973, "100": 9.960000038146973, "101": 9.960000038146973, "102": 9.960000038146973, "103": 9.960000038146973, "104": 9.960000038146973, "105": 9.960000038146973, "106": 9.970000267028809, "107": 9.970000267028809, "108": 9.970000267028809, "109": 9.960000038146973, "110": 9.960000038146973, "111": 9.960000038146973, "112": 9.960000038146973, "113": 9.960000038146973, "114": 9.979999542236328, "115": 9.960000038146973, "116": 9.960000038146973, "117": 9.960000038146973, "118": 9.960000038146973, "119": 9.960000038146973, "120": 9.960000038146973, "121": 9.960000038146973, "122": 9.960000038146973, "123": 9.960000038146973, "124": 9.960000038146973, "125": 9.960000038146973, "126": 9.960000038146973, "127": 9.960000038146973, "128": 9.960000038146973, "129": 9.960000038146973, "130": 9.960000038146973, "131": 9.960000038146973, "132": 9.960000038146973, "133": 9.960000038146973, "134": 9.949999809265137, "135": 9.949999809265137, "136": 9.949999809265137, "137": 9.9399995803833, "138": 9.9399995803833, "139": 9.949999809265137, "140": 9.949999809265137, "141": 9.949999809265137, "142": 9.949999809265137, "143": 9.949999809265137, "144": 9.949999809265137, "145": 9.949999809265137, "146": 9.949999809265137, "147": 9.949999809265137, "148": 9.949999809265137, "149": 9.949999809265137, "150": 9.949999809265137, "151": 9.949999809265137, "152": 9.949999809265137, "153": 10.010000228881836, "154": 9.989999771118164, "155": 9.989999771118164, "156": 9.949999809265137, "157": 9.970000267028809, "158": 9.970000267028809, "159": 9.970000267028809, "160": 9.970000267028809, "161": 9.979999542236328, "162": 9.970000267028809, "163": 9.970000267028809, "164": 9.979999542236328, "165": 9.979999542236328, "166": 9.979999542236328, "167": 9.979999542236328, "168": 9.989999771118164, "169": 9.98900032043457, "170": 9.989999771118164, "171": 10.0, "172": 9.979999542236328, "173": 10.010000228881836, "174": 10.020000457763672, "175": 10.020000457763672, "176": 10.020000457763672, "177": 10.0, "178": 10.0, "179": 10.0, "180": 10.0, "181": 10.0, "182": 10.0, "183": 10.020000457763672, "184": 10.020000457763672, "185": 10.024999618530273, "186": 10.029999732971191, "187": 10.029999732971191, "188": 10.029999732971191, "189": 10.029999732971191, "190": 10.029999732971191, "191": 10.029999732971191, "192": 10.020000457763672, "193": 10.020000457763672, "194": 10.0, "195": 10.0, "196": 10.0, "197": 10.0, "198": 10.039999961853027, "199": 10.039999961853027, "200": 10.039999961853027, "201": 10.039999961853027, "202": 10.039999961853027, "203": 10.039999961853027, "204": 10.039999961853027, "205": 10.039999961853027, "206": 10.039999961853027, "207": 10.039999961853027, "208": 10.039999961853027, "209": 10.039999961853027, "210": 10.039999961853027, "211": 10.039999961853027, "212": 10.039999961853027, "213": 10.039999961853027, "214": 10.029999732971191, "215": 10.020000457763672, "216": 10.020000457763672, "217": 10.020000457763672, "218": 10.020000457763672, "219": 10.050000190734863, "220": 10.050000190734863, "221": 10.050000190734863, "222": 10.050000190734863, "223": 10.050000190734863, "224": 10.050000190734863, "225": 10.050000190734863, "226": 10.050000190734863, "227": 10.050000190734863, "228": 10.050000190734863, "229": 10.050000190734863, "230": 10.039999961853027, "231": 10.050000190734863, "232": 10.050000190734863, "233": 10.050000190734863, "234": 10.0600004196167, "235": 10.079999923706055, "236": 10.09000015258789, "237": 10.09000015258789, "238": 10.09000015258789, "239": 10.079999923706055, "240": 10.069999694824219, "241": 10.069999694824219, "242": 10.079999923706055, "243": 10.069999694824219, "244": 10.079999923706055, "245": 10.09000015258789, "246": 10.09000015258789, "247": 10.09000015258789, "248": 10.09000015258789, "249": 10.09000015258789, "250": 10.140000343322754, "251": 10.140000343322754, "252": 10.140000343322754, "253": 10.140000343322754, "254": 10.140000343322754, "255": 10.140000343322754, "256": 10.140000343322754, "257": 10.170000076293945, "258": 10.170000076293945, "259": 10.170000076293945, "260": 10.180000305175781, "261": 10.170000076293945, "262": 10.170000076293945, "263": 10.170000076293945, "264": 10.170000076293945, "265": 10.170000076293945, "266": 10.170000076293945, "267": 10.1899995803833, "268": 10.180000305175781, "269": 10.180000305175781, "270": 10.199999809265137, "271": 10.239999771118164, "272": 10.239999771118164, "273": 10.239999771118164, "274": 10.239999771118164, "275": 10.229999542236328, "276": 10.229999542236328, "277": 10.229999542236328, "278": 10.229999542236328, "279": 10.229999542236328, "280": 10.229999542236328, "281": 10.220000267028809, "282": 10.220000267028809, "283": 10.220000267028809, "284": 10.210000038146973, "285": 10.399999618530273, "286": 10.350000381469727, "287": 10.430000305175781, "288": 10.470000267028809, "289": 10.470000267028809, "290": 10.239999771118164, "291": 10.25, "292": 10.239999771118164, "293": 10.289999961853027, "294": 10.449999809265137, "295": 10.449999809265137, "296": 10.449999809265137, "297": 10.449999809265137, "298": 10.449999809265137, "299": 10.449999809265137, "300": 10.449999809265137, "301": 10.449999809265137, "302": 10.449999809265137, "303": 10.449999809265137, "304": 10.449999809265137, "305": 10.449999809265137, "306": 10.449999809265137, "307": 10.449999809265137, "308": 10.449999809265137, "309": 10.449999809265137, "310": 10.430000305175781, "311": 10.789999961853027, "312": 10.789999961853027, "313": 10.789999961853027, "314": 10.34000015258789, "315": 10.34000015258789, "316": 10.34000015258789, "317": 10.34000015258789, "318": 10.34000015258789, "319": 10.34000015258789, "320": 10.699999809265137, "321": 10.699999809265137, "322": 10.699999809265137, "323": 10.699999809265137, "324": 10.699999809265137, "325": 10.699999809265137, "326": 10.699999809265137, "327": 10.699999809265137, "328": 10.699999809265137, "329": 10.699999809265137, "330": 10.699999809265137, "331": 10.699999809265137, "332": 10.699999809265137, "333": 10.699999809265137, "334": 10.699999809265137, "335": 10.699999809265137, "336": 10.699999809265137, "337": 10.699999809265137, "338": 10.529999732971191, "339": 10.5, "340": 10.5, "341": 10.5, "342": 10.5, "343": 10.5, "344": 10.54800033569336, "345": 10.54800033569336, "346": 10.54800033569336, "347": 10.54800033569336, "348": 10.54800033569336, "349": 10.5600004196167, "350": 10.5600004196167, "351": 10.5600004196167, "352": 10.5600004196167, "353": 10.5600004196167, "354": 10.5, "355": 10.5, "356": 10.5, "357": 10.5, "358": 10.5, "359": 10.5, "360": 10.569999694824219, "361": 10.569999694824219, "362": 10.569999694824219, "363": 10.569999694824219, "364": 10.569999694824219, "365": 10.569999694824219, "366": 10.569999694824219, "367": 10.5, "368": 10.510000228881836, "369": 10.5, "370": 10.524999618530273, "371": 10.524999618530273, "372": 10.524999618530273, "373": 10.524999618530273, "374": 10.524999618530273, "375": 10.524999618530273, "376": 10.524999618530273, "377": 10.524999618530273, "378": 10.524999618530273, "379": 10.524999618530273, "380": 10.524999618530273, "381": 10.524999618530273, "382": 10.524999618530273, "383": 10.524999618530273, "384": 10.524999618530273, "385": 10.5600004196167, "386": 10.600000381469727, "387": 10.579999923706055, "388": 10.579999923706055, "389": 10.579999923706055, "390": 10.600000381469727, "391": 10.600000381469727, "392": 10.600000381469727, "393": 10.600000381469727, "394": 10.600000381469727, "395": 10.739999771118164, "396": 10.744000434875488, "397": 10.744000434875488, "398": 10.744000434875488, "399": 10.744000434875488, "400": 10.670000076293945, "401": 10.75, "402": 10.765000343322754, "403": 10.75, "404": 10.760000228881836}, "close": {"0": 9.84000015258789, "1": 9.84000015258789, "2": 9.890000343322754, "3": 9.84000015258789, "4": 9.869999885559082, "5": 9.890000343322754, "6": 9.880000114440918, "7": 9.869999885559082, "8": 9.850000381469727, "9": 9.850000381469727, "10": 9.84000015258789, "11": 9.84000015258789, "12": 9.84000015258789, "13": 9.84000015258789, "14": 9.850000381469727, "15": 9.850000381469727, "16": 9.859999656677246, "17": 9.85200023651123, "18": 9.85200023651123, "19": 9.85200023651123, "20": 9.850000381469727, "21": 9.850000381469727, "22": 9.850000381469727, "23": 9.859999656677246, "24": 9.869999885559082, "25": 9.869999885559082, "26": 9.869999885559082, "27": 9.869999885559082, "28": 9.869999885559082, "29": 9.869999885559082, "30": 9.869999885559082, "31": 9.869999885559082, "32": 9.869999885559082, "33": 9.869999885559082, "34": 9.869999885559082, "35": 9.869999885559082, "36": 9.869999885559082, "37": 9.869999885559082, "38": 9.869999885559082, "39": 9.869999885559082, "40": 9.869999885559082, "41": 9.859999656677246, "42": 9.859999656677246, "43": 9.859999656677246, "44": 9.859999656677246, "45": 9.850000381469727, "46": 9.890000343322754, "47": 9.859999656677246, "48": 9.84000015258789, "49": 9.850000381469727, "50": 9.850000381469727, "51": 9.850000381469727, "52": 9.899999618530273, "53": 9.899999618530273, "54": 9.899999618530273, "55": 9.899999618530273, "56": 9.899999618530273, "57": 9.869999885559082, "58": 9.869999885559082, "59": 9.869999885559082, "60": 9.869999885559082, "61": 9.869999885559082, "62": 9.869999885559082, "63": 9.869999885559082, "64": 9.869999885559082, "65": 9.869999885559082, "66": 9.869999885559082, "67": 9.880000114440918, "68": 9.880000114440918, "69": 9.880000114440918, "70": 9.920000076293945, "71": 9.930000305175781, "72": 9.920000076293945, "73": 9.9399995803833, "74": 9.9399995803833, "75": 9.9399995803833, "76": 9.9399995803833, "77": 9.9399995803833, "78": 9.930000305175781, "79": 9.930000305175781, "80": 9.930000305175781, "81": 9.930000305175781, "82": 9.930000305175781, "83": 9.930000305175781, "84": 9.9399995803833, "85": 9.9399995803833, "86": 9.9399995803833, "87": 9.9399995803833, "88": 9.9399995803833, "89": 9.9399995803833, "90": 9.9399995803833, "91": 9.949999809265137, "92": 9.949999809265137, "93": 9.949999809265137, "94": 9.9399995803833, "95": 9.960000038146973, "96": 9.960000038146973, "97": 9.960000038146973, "98": 9.960000038146973, "99": 9.960000038146973, "100": 9.960000038146973, "101": 9.960000038146973, "102": 9.960000038146973, "103": 9.960000038146973, "104": 9.960000038146973, "105": 9.960000038146973, "106": 9.970000267028809, "107": 9.970000267028809, "108": 9.970000267028809, "109": 9.960000038146973, "110": 9.960000038146973, "111": 9.960000038146973, "112": 9.960000038146973, "113": 9.960000038146973, "114": 9.979999542236328, "115": 9.960000038146973, "116": 9.960000038146973, "117": 9.960000038146973, "118": 9.960000038146973, "119": 9.960000038146973, "120": 9.960000038146973, "121": 9.960000038146973, "122": 9.960000038146973, "123": 9.960000038146973, "124": 9.960000038146973, "125": 9.960000038146973, "126": 9.960000038146973, "127": 9.960000038146973, "128": 9.960000038146973, "129": 9.960000038146973, "130": 9.960000038146973, "131": 9.960000038146973, "132": 9.960000038146973, "133": 9.960000038146973, "134": 9.949999809265137, "135": 9.949999809265137, "136": 9.949999809265137, "137": 9.9399995803833, "138": 9.9399995803833, "139": 9.949999809265137, "140": 9.949999809265137, "141": 9.949999809265137, "142": 9.949999809265137, "143": 9.949999809265137, "144": 9.949999809265137, "145": 9.949999809265137, "146": 9.949999809265137, "147": 9.949999809265137, "148": 9.949999809265137, "149": 9.949999809265137, "150": 9.949999809265137, "151": 9.949999809265137, "152": 9.960000038146973, "153": 10.015000343322754, "154": 9.989999771118164, "155": 9.989999771118164, "156": 9.970000267028809, "157": 9.970000267028809, "158": 9.970000267028809, "159": 9.970000267028809, "160": 9.970000267028809, "161": 9.984999656677246, "162": 9.970000267028809, "163": 9.979999542236328, "164": 9.979999542236328, "165": 9.979999542236328, "166": 9.989999771118164, "167": 9.989999771118164, "168": 9.989999771118164, "169": 9.989999771118164, "170": 10.0, "171": 10.010000228881836, "172": 10.024999618530273, "173": 10.020000457763672, "174": 10.020000457763672, "175": 10.020000457763672, "176": 10.020000457763672, "177": 10.0, "178": 10.0, "179": 10.0, "180": 10.0, "181": 10.0, "182": 10.0, "183": 10.020000457763672, "184": 10.020000457763672, "185": 10.029999732971191, "186": 10.029999732971191, "187": 10.029999732971191, "188": 10.029999732971191, "189": 10.029999732971191, "190": 10.029999732971191, "191": 10.029999732971191, "192": 10.020000457763672, "193": 10.020000457763672, "194": 10.0, "195": 10.010000228881836, "196": 10.0, "197": 10.039999961853027, "198": 10.039999961853027, "199": 10.039999961853027, "200": 10.039999961853027, "201": 10.039999961853027, "202": 10.039999961853027, "203": 10.039999961853027, "204": 10.039999961853027, "205": 10.039999961853027, "206": 10.039999961853027, "207": 10.039999961853027, "208": 10.039999961853027, "209": 10.039999961853027, "210": 10.039999961853027, "211": 10.039999961853027, "212": 10.039999961853027, "213": 10.039999961853027, "214": 10.029999732971191, "215": 10.020000457763672, "216": 10.020000457763672, "217": 10.020000457763672, "218": 10.020000457763672, "219": 10.050000190734863, "220": 10.050000190734863, "221": 10.050000190734863, "222": 10.050000190734863, "223": 10.050000190734863, "224": 10.050000190734863, "225": 10.050000190734863, "226": 10.050000190734863, "227": 10.050000190734863, "228": 10.050000190734863, "229": 10.050000190734863, "230": 10.050000190734863, "231": 10.050000190734863, "232": 10.050000190734863, "233": 10.050000190734863, "234": 10.079999923706055, "235": 10.079999923706055, "236": 10.09000015258789, "237": 10.09000015258789, "238": 10.09000015258789, "239": 10.079999923706055, "240": 10.069999694824219, "241": 10.069999694824219, "242": 10.079999923706055, "243": 10.085000038146973, "244": 10.09000015258789, "245": 10.09000015258789, "246": 10.09000015258789, "247": 10.09000015258789, "248": 10.09000015258789, "249": 10.09000015258789, "250": 10.149999618530273, "251": 10.149999618530273, "252": 10.140000343322754, "253": 10.140000343322754, "254": 10.140000343322754, "255": 10.140000343322754, "256": 10.170000076293945, "257": 10.170000076293945, "258": 10.170000076293945, "259": 10.180000305175781, "260": 10.180000305175781, "261": 10.170000076293945, "262": 10.170000076293945, "263": 10.170000076293945, "264": 10.170000076293945, "265": 10.170000076293945, "266": 10.170000076293945, "267": 10.1899995803833, "268": 10.180000305175781, "269": 10.180000305175781, "270": 10.199999809265137, "271": 10.239999771118164, "272": 10.239999771118164, "273": 10.239999771118164, "274": 10.239999771118164, "275": 10.229999542236328, "276": 10.229999542236328, "277": 10.229999542236328, "278": 10.229999542236328, "279": 10.229999542236328, "280": 10.229999542236328, "281": 10.220000267028809, "282": 10.220000267028809, "283": 10.220000267028809, "284": 10.399999618530273, "285": 10.399999618530273, "286": 10.399999618530273, "287": 10.4399995803833, "288": 10.470000267028809, "289": 10.470000267028809, "290": 10.239999771118164, "291": 10.25, "292": 10.270000457763672, "293": 10.449999809265137, "294": 10.449999809265137, "295": 10.449999809265137, "296": 10.449999809265137, "297": 10.449999809265137, "298": 10.449999809265137, "299": 10.449999809265137, "300": 10.449999809265137, "301": 10.449999809265137, "302": 10.449999809265137, "303": 10.449999809265137, "304": 10.449999809265137, "305": 10.449999809265137, "306": 10.449999809265137, "307": 10.449999809265137, "308": 10.449999809265137, "309": 10.449999809265137, "310": 10.789999961853027, "311": 10.789999961853027, "312": 10.789999961853027, "313": 10.789999961853027, "314": 10.34000015258789, "315": 10.34000015258789, "316": 10.34000015258789, "317": 10.34000015258789, "318": 10.34000015258789, "319": 10.34000015258789, "320": 10.699999809265137, "321": 10.699999809265137, "322": 10.699999809265137, "323": 10.699999809265137, "324": 10.699999809265137, "325": 10.699999809265137, "326": 10.699999809265137, "327": 10.699999809265137, "328": 10.699999809265137, "329": 10.699999809265137, "330": 10.699999809265137, "331": 10.699999809265137, "332": 10.699999809265137, "333": 10.699999809265137, "334": 10.699999809265137, "335": 10.699999809265137, "336": 10.699999809265137, "337": 10.699999809265137, "338": 10.529999732971191, "339": 10.5, "340": 10.5, "341": 10.5, "342": 10.5, "343": 10.54800033569336, "344": 10.54800033569336, "345": 10.54800033569336, "346": 10.54800033569336, "347": 10.54800033569336, "348": 10.54800033569336, "349": 10.5600004196167, "350": 10.5600004196167, "351": 10.5600004196167, "352": 10.5600004196167, "353": 10.5600004196167, "354": 10.5, "355": 10.5, "356": 10.5, "357": 10.5, "358": 10.5, "359": 10.5, "360": 10.569999694824219, "361": 10.569999694824219, "362": 10.569999694824219, "363": 10.569999694824219, "364": 10.569999694824219, "365": 10.569999694824219, "366": 10.569999694824219, "367": 10.510000228881836, "368": 10.510000228881836, "369": 10.5, "370": 10.524999618530273, "371": 10.524999618530273, "372": 10.524999618530273, "373": 10.524999618530273, "374": 10.524999618530273, "375": 10.524999618530273, "376": 10.524999618530273, "377": 10.524999618530273, "378": 10.524999618530273, "379": 10.524999618530273, "380": 10.524999618530273, "381": 10.524999618530273, "382": 10.524999618530273, "383": 10.524999618530273, "384": 10.524999618530273, "385": 10.5600004196167, "386": 10.600000381469727, "387": 10.579999923706055, "388": 10.579999923706055, "389": 10.600000381469727, "390": 10.600000381469727, "391": 10.600000381469727, "392": 10.600000381469727, "393": 10.600000381469727, "394": 10.600000381469727, "395": 10.744000434875488, "396": 10.744000434875488, "397": 10.744000434875488, "398": 10.744000434875488, "399": 10.744000434875488, "400": 10.75, "401": 10.75, "402": 10.770000457763672, "403": 10.75, "404": 10.760000228881836}, "volume": {"0": 23300, "1": 584300, "2": 800, "3": 99100, "4": 101000, "5": 300, "6": 100000, "7": 12100, "8": 176000, "9": 400, "10": 9500, "11": 13300, "12": 2000, "13": 0, "14": 336200, "15": 136200, "16": 189300, "17": 65800, "18": 0, "19": 0, "20": 22800, "21": 26400, "22": 300, "23": 4000, "24": 42300, "25": 0, "26": 0, "27": 0, "28": 0, "29": 0, "30": 200, "31": 0, "32": 0, "33": 20800, "34": 0, "35": 2100, "36": 48200, "37": 0, "38": 5700, "39": 0, "40": 17200, "41": 200, "42": 0, "43": 0, "44": 51100, "45": 1000, "46": 113600, "47": 24200, "48": 61700, "49": 400, "50": 0, "51": 0, "52": 21200, "53": 200, "54": 0, "55": 0, "56": 0, "57": 5400, "58": 0, "59": 0, "60": 0, "61": 0, "62": 500, "63": 0, "64": 0, "65": 0, "66": 0, "67": 700, "68": 0, "69": 0, "70": 13800, "71": 14600, "72": 46300, "73": 1000, "74": 0, "75": 0, "76": 0, "77": 0, "78": 800, "79": 100000, "80": 0, "81": 5100, "82": 2700, "83": 56700, "84": 10600, "85": 1500, "86": 0, "87": 0, "88": 0, "89": 0, "90": 44500, "91": 1000, "92": 0, "93": 0, "94": 41400, "95": 1900, "96": 0, "97": 0, "98": 0, "99": 0, "100": 0, "101": 0, "102": 0, "103": 0, "104": 0, "105": 100, "106": 266600, "107": 0, "108": 0, "109": 200, "110": 300, "111": 0, "112": 0, "113": 2300, "114": 400, "115": 800, "116": 0, "117": 0, "118": 0, "119": 0, "120": 0, "121": 0, "122": 0, "123": 0, "124": 0, "125": 0, "126": 0, "127": 3300, "128": 0, "129": 0, "130": 0, "131": 0, "132": 0, "133": 0, "134": 500, "135": 0, "136": 2400, "137": 1100, "138": 0, "139": 100, "140": 0, "141": 0, "142": 0, "143": 0, "144": 0, "145": 0, "146": 0, "147": 0, "148": 0, "149": 0, "150": 0, "151": 250000, "152": 250600, "153": 400, "154": 100, "155": 0, "156": 400, "157": 1400, "158": 0, "159": 0, "160": 0, "161": 226300, "162": 219000, "163": 18600, "164": 0, "165": 46400, "166": 10200, "167": 24600, "168": 5400, "169": 303200, "170": 53800, "171": 5100, "172": 408000, "173": 1200, "174": 2100, "175": 4000, "176": 0, "177": 1800, "178": 0, "179": 0, "180": 0, "181": 47800, "182": 0, "183": 100, "184": 0, "185": 259300, "186": 0, "187": 0, "188": 0, "189": 0, "190": 0, "191": 0, "192": 200, "193": 0, "194": 2600, "195": 900, "196": 392500, "197": 100500, "198": 2800, "199": 0, "200": 0, "201": 0, "202": 0, "203": 0, "204": 0, "205": 0, "206": 0, "207": 0, "208": 0, "209": 20000, "210": 0, "211": 0, "212": 0, "213": 0, "214": 200, "215": 5000, "216": 0, "217": 0, "218": 32100, "219": 800, "220": 0, "221": 0, "222": 0, "223": 0, "224": 0, "225": 0, "226": 0, "227": 0, "228": 100, "229": 0, "230": 38700, "231": 1400, "232": 0, "233": 0, "234": 61900, "235": 0, "236": 92800, "237": 0, "238": 0, "239": 2000, "240": 1000, "241": 0, "242": 129000, "243": 80000, "244": 127700, "245": 0, "246": 0, "247": 0, "248": 0, "249": 0, "250": 552900, "251": 16300, "252": 3100, "253": 0, "254": 1100, "255": 10000, "256": 6700, "257": 0, "258": 3000, "259": 81800, "260": 900, "261": 2800, "262": 0, "263": 0, "264": 0, "265": 0, "266": 6700, "267": 200, "268": 800, "269": 0, "270": 10300, "271": 600, "272": 0, "273": 0, "274": 0, "275": 400, "276": 100, "277": 0, "278": 0, "279": 0, "280": 0, "281": 200, "282": 0, "283": 0, "284": 135200, "285": 0, "286": 14000, "287": 4700, "288": 200, "289": 0, "290": 900, "291": 4200, "292": 16600, "293": 1200, "294": 0, "295": 0, "296": 0, "297": 0, "298": 0, "299": 100, "300": 100, "301": 100, "302": 100, "303": 100, "304": 100, "305": 100, "306": 0, "307": 0, "308": 0, "309": 0, "310": 900, "311": 0, "312": 0, "313": 0, "314": 1500, "315": 0, "316": 0, "317": 0, "318": 0, "319": 0, "320": 100, "321": 0, "322": 0, "323": 0, "324": 0, "325": 0, "326": 100, "327": 0, "328": 0, "329": 0, "330": 0, "331": 0, "332": 0, "333": 0, "334": 0, "335": 0, "336": 0, "337": 0, "338": 1100, "339": 2900, "340": 0, "341": 0, "342": 0, "343": 2200, "344": 0, "345": 0, "346": 0, "347": 0, "348": 0, "349": 200, "350": 0, "351": 0, "352": 0, "353": 0, "354": 100, "355": 0, "356": 0, "357": 0, "358": 0, "359": 0, "360": 100, "361": 0, "362": 0, "363": 0, "364": 0, "365": 0, "366": 0, "367": 1500, "368": 0, "369": 200, "370": 200, "371": 0, "372": 0, "373": 0, "374": 0, "375": 0, "376": 0, "377": 100, "378": 0, "379": 0, "380": 0, "381": 0, "382": 0, "383": 100, "384": 0, "385": 4600, "386": 2100, "387": 600, "388": 0, "389": 1100, "390": 0, "391": 0, "392": 100, "393": 0, "394": 400, "395": 400, "396": 0, "397": 0, "398": 0, "399": 0, "400": 11500, "401": 5100, "402": 5400, "403": 3700, "404": 1500}, "adjclose": {"0": 9.84000015258789, "1": 9.84000015258789, "2": 9.890000343322754, "3": 9.84000015258789, "4": 9.869999885559082, "5": 9.890000343322754, "6": 9.880000114440918, "7": 9.869999885559082, "8": 9.850000381469727, "9": 9.850000381469727, "10": 9.84000015258789, "11": 9.84000015258789, "12": 9.84000015258789, "13": 9.84000015258789, "14": 9.850000381469727, "15": 9.850000381469727, "16": 9.859999656677246, "17": 9.85200023651123, "18": 9.85200023651123, "19": 9.85200023651123, "20": 9.850000381469727, "21": 9.850000381469727, "22": 9.850000381469727, "23": 9.859999656677246, "24": 9.869999885559082, "25": 9.869999885559082, "26": 9.869999885559082, "27": 9.869999885559082, "28": 9.869999885559082, "29": 9.869999885559082, "30": 9.869999885559082, "31": 9.869999885559082, "32": 9.869999885559082, "33": 9.869999885559082, "34": 9.869999885559082, "35": 9.869999885559082, "36": 9.869999885559082, "37": 9.869999885559082, "38": 9.869999885559082, "39": 9.869999885559082, "40": 9.869999885559082, "41": 9.859999656677246, "42": 9.859999656677246, "43": 9.859999656677246, "44": 9.859999656677246, "45": 9.850000381469727, "46": 9.890000343322754, "47": 9.859999656677246, "48": 9.84000015258789, "49": 9.850000381469727, "50": 9.850000381469727, "51": 9.850000381469727, "52": 9.899999618530273, "53": 9.899999618530273, "54": 9.899999618530273, "55": 9.899999618530273, "56": 9.899999618530273, "57": 9.869999885559082, "58": 9.869999885559082, "59": 9.869999885559082, "60": 9.869999885559082, "61": 9.869999885559082, "62": 9.869999885559082, "63": 9.869999885559082, "64": 9.869999885559082, "65": 9.869999885559082, "66": 9.869999885559082, "67": 9.880000114440918, "68": 9.880000114440918, "69": 9.880000114440918, "70": 9.920000076293945, "71": 9.930000305175781, "72": 9.920000076293945, "73": 9.9399995803833, "74": 9.9399995803833, "75": 9.9399995803833, "76": 9.9399995803833, "77": 9.9399995803833, "78": 9.930000305175781, "79": 9.930000305175781, "80": 9.930000305175781, "81": 9.930000305175781, "82": 9.930000305175781, "83": 9.930000305175781, "84": 9.9399995803833, "85": 9.9399995803833, "86": 9.9399995803833, "87": 9.9399995803833, "88": 9.9399995803833, "89": 9.9399995803833, "90": 9.9399995803833, "91": 9.949999809265137, "92": 9.949999809265137, "93": 9.949999809265137, "94": 9.9399995803833, "95": 9.960000038146973, "96": 9.960000038146973, "97": 9.960000038146973, "98": 9.960000038146973, "99": 9.960000038146973, "100": 9.960000038146973, "101": 9.960000038146973, "102": 9.960000038146973, "103": 9.960000038146973, "104": 9.960000038146973, "105": 9.960000038146973, "106": 9.970000267028809, "107": 9.970000267028809, "108": 9.970000267028809, "109": 9.960000038146973, "110": 9.960000038146973, "111": 9.960000038146973, "112": 9.960000038146973, "113": 9.960000038146973, "114": 9.979999542236328, "115": 9.960000038146973, "116": 9.960000038146973, "117": 9.960000038146973, "118": 9.960000038146973, "119": 9.960000038146973, "120": 9.960000038146973, "121": 9.960000038146973, "122": 9.960000038146973, "123": 9.960000038146973, "124": 9.960000038146973, "125": 9.960000038146973, "126": 9.960000038146973, "127": 9.960000038146973, "128": 9.960000038146973, "129": 9.960000038146973, "130": 9.960000038146973, "131": 9.960000038146973, "132": 9.960000038146973, "133": 9.960000038146973, "134": 9.949999809265137, "135": 9.949999809265137, "136": 9.949999809265137, "137": 9.9399995803833, "138": 9.9399995803833, "139": 9.949999809265137, "140": 9.949999809265137, "141": 9.949999809265137, "142": 9.949999809265137, "143": 9.949999809265137, "144": 9.949999809265137, "145": 9.949999809265137, "146": 9.949999809265137, "147": 9.949999809265137, "148": 9.949999809265137, "149": 9.949999809265137, "150": 9.949999809265137, "151": 9.949999809265137, "152": 9.960000038146973, "153": 10.015000343322754, "154": 9.989999771118164, "155": 9.989999771118164, "156": 9.970000267028809, "157": 9.970000267028809, "158": 9.970000267028809, "159": 9.970000267028809, "160": 9.970000267028809, "161": 9.984999656677246, "162": 9.970000267028809, "163": 9.979999542236328, "164": 9.979999542236328, "165": 9.979999542236328, "166": 9.989999771118164, "167": 9.989999771118164, "168": 9.989999771118164, "169": 9.989999771118164, "170": 10.0, "171": 10.010000228881836, "172": 10.024999618530273, "173": 10.020000457763672, "174": 10.020000457763672, "175": 10.020000457763672, "176": 10.020000457763672, "177": 10.0, "178": 10.0, "179": 10.0, "180": 10.0, "181": 10.0, "182": 10.0, "183": 10.020000457763672, "184": 10.020000457763672, "185": 10.029999732971191, "186": 10.029999732971191, "187": 10.029999732971191, "188": 10.029999732971191, "189": 10.029999732971191, "190": 10.029999732971191, "191": 10.029999732971191, "192": 10.020000457763672, "193": 10.020000457763672, "194": 10.0, "195": 10.010000228881836, "196": 10.0, "197": 10.039999961853027, "198": 10.039999961853027, "199": 10.039999961853027, "200": 10.039999961853027, "201": 10.039999961853027, "202": 10.039999961853027, "203": 10.039999961853027, "204": 10.039999961853027, "205": 10.039999961853027, "206": 10.039999961853027, "207": 10.039999961853027, "208": 10.039999961853027, "209": 10.039999961853027, "210": 10.039999961853027, "211": 10.039999961853027, "212": 10.039999961853027, "213": 10.039999961853027, "214": 10.029999732971191, "215": 10.020000457763672, "216": 10.020000457763672, "217": 10.020000457763672, "218": 10.020000457763672, "219": 10.050000190734863, "220": 10.050000190734863, "221": 10.050000190734863, "222": 10.050000190734863, "223": 10.050000190734863, "224": 10.050000190734863, "225": 10.050000190734863, "226": 10.050000190734863, "227": 10.050000190734863, "228": 10.050000190734863, "229": 10.050000190734863, "230": 10.050000190734863, "231": 10.050000190734863, "232": 10.050000190734863, "233": 10.050000190734863, "234": 10.079999923706055, "235": 10.079999923706055, "236": 10.09000015258789, "237": 10.09000015258789, "238": 10.09000015258789, "239": 10.079999923706055, "240": 10.069999694824219, "241": 10.069999694824219, "242": 10.079999923706055, "243": 10.085000038146973, "244": 10.09000015258789, "245": 10.09000015258789, "246": 10.09000015258789, "247": 10.09000015258789, "248": 10.09000015258789, "249": 10.09000015258789, "250": 10.149999618530273, "251": 10.149999618530273, "252": 10.140000343322754, "253": 10.140000343322754, "254": 10.140000343322754, "255": 10.140000343322754, "256": 10.170000076293945, "257": 10.170000076293945, "258": 10.170000076293945, "259": 10.180000305175781, "260": 10.180000305175781, "261": 10.170000076293945, "262": 10.170000076293945, "263": 10.170000076293945, "264": 10.170000076293945, "265": 10.170000076293945, "266": 10.170000076293945, "267": 10.1899995803833, "268": 10.180000305175781, "269": 10.180000305175781, "270": 10.199999809265137, "271": 10.239999771118164, "272": 10.239999771118164, "273": 10.239999771118164, "274": 10.239999771118164, "275": 10.229999542236328, "276": 10.229999542236328, "277": 10.229999542236328, "278": 10.229999542236328, "279": 10.229999542236328, "280": 10.229999542236328, "281": 10.220000267028809, "282": 10.220000267028809, "283": 10.220000267028809, "284": 10.399999618530273, "285": 10.399999618530273, "286": 10.399999618530273, "287": 10.4399995803833, "288": 10.470000267028809, "289": 10.470000267028809, "290": 10.239999771118164, "291": 10.25, "292": 10.270000457763672, "293": 10.449999809265137, "294": 10.449999809265137, "295": 10.449999809265137, "296": 10.449999809265137, "297": 10.449999809265137, "298": 10.449999809265137, "299": 10.449999809265137, "300": 10.449999809265137, "301": 10.449999809265137, "302": 10.449999809265137, "303": 10.449999809265137, "304": 10.449999809265137, "305": 10.449999809265137, "306": 10.449999809265137, "307": 10.449999809265137, "308": 10.449999809265137, "309": 10.449999809265137, "310": 10.789999961853027, "311": 10.789999961853027, "312": 10.789999961853027, "313": 10.789999961853027, "314": 10.34000015258789, "315": 10.34000015258789, "316": 10.34000015258789, "317": 10.34000015258789, "318": 10.34000015258789, "319": 10.34000015258789, "320": 10.699999809265137, "321": 10.699999809265137, "322": 10.699999809265137, "323": 10.699999809265137, "324": 10.699999809265137, "325": 10.699999809265137, "326": 10.699999809265137, "327": 10.699999809265137, "328": 10.699999809265137, "329": 10.699999809265137, "330": 10.699999809265137, "331": 10.699999809265137, "332": 10.699999809265137, "333": 10.699999809265137, "334": 10.699999809265137, "335": 10.699999809265137, "336": 10.699999809265137, "337": 10.699999809265137, "338": 10.529999732971191, "339": 10.5, "340": 10.5, "341": 10.5, "342": 10.5, "343": 10.54800033569336, "344": 10.54800033569336, "345": 10.54800033569336, "346": 10.54800033569336, "347": 10.54800033569336, "348": 10.54800033569336, "349": 10.5600004196167, "350": 10.5600004196167, "351": 10.5600004196167, "352": 10.5600004196167, "353": 10.5600004196167, "354": 10.5, "355": 10.5, "356": 10.5, "357": 10.5, "358": 10.5, "359": 10.5, "360": 10.569999694824219, "361": 10.569999694824219, "362": 10.569999694824219, "363": 10.569999694824219, "364": 10.569999694824219, "365": 10.569999694824219, "366": 10.569999694824219, "367": 10.510000228881836, "368": 10.510000228881836, "369": 10.5, "370": 10.524999618530273, "371": 10.524999618530273, "372": 10.524999618530273, "373": 10.524999618530273, "374": 10.524999618530273, "375": 10.524999618530273, "376": 10.524999618530273, "377": 10.524999618530273, "378": 10.524999618530273, "379": 10.524999618530273, "380": 10.524999618530273, "381": 10.524999618530273, "382": 10.524999618530273, "383": 10.524999618530273, "384": 10.524999618530273, "385": 10.5600004196167, "386": 10.600000381469727, "387": 10.579999923706055, "388": 10.579999923706055, "389": 10.600000381469727, "390": 10.600000381469727, "391": 10.600000381469727, "392": 10.600000381469727, "393": 10.600000381469727, "394": 10.600000381469727, "395": 10.744000434875488, "396": 10.744000434875488, "397": 10.744000434875488, "398": 10.744000434875488, "399": 10.744000434875488, "400": 10.75, "401": 10.75, "402": 10.770000457763672, "403": 10.75, "404": 10.760000228881836}}, "profile": {"address1": "60 Walnut Avenue", "address2": "Suite 400", "city": "Clark", "state": "NJ", "zip": "07066", "country": "United States", "phone": "732 340 0700", "industry": "Shell Companies", "industryDisp": "Shell Companies", "sector": "Financial Services", "longBusinessSummary": "Achari Ventures Holdings Corp. I does not have significant operations. It intends to effect a merger, capital stock exchange, asset acquisition, stock purchase, reorganization, or similar business combination with one or more businesses in the cannabis industry. The company was incorporated in 2021 and is based in Clark, New Jersey.", "companyOfficers": [{"maxAge": 1, "name": "Mr. Vikas  Desai", "age": 31, "title": "CEO & Chairman", "yearBorn": 1991, "exercisedValue": 0, "unexercisedValue": 0}, {"maxAge": 1, "name": "Mr. Mitchell G. Hara", "age": 57, "title": "COO & CFO", "yearBorn": 1965, "exercisedValue": 0, "unexercisedValue": 0}, {"maxAge": 1, "name": "Mr. Merrick  Friedman", "age": 33, "title": "Chief Investment Officer, Corp. Sec. & Director", "yearBorn": 1989, "exercisedValue": 0, "unexercisedValue": 0}], "maxAge": 86400, "latitude": 40.6284649812749, "longitude": -74.30170398871493}}