{"income_statement": {"annual": {"Year": {"1": "Selling, General & Admin", "2": "Operating Expenses", "3": "Operating Income", "4": "Pretax Income", "5": "Net Income", "6": "Shares Outstanding (Basic)", "7": "Shares Outstanding (Diluted)", "8": "EBITDA", "9": "EBIT"}, "2021": {"1": "0.01", "2": "0.01", "3": "-0.01", "4": "-0.01", "5": "-0.01", "6": "3", "7": "3", "8": "-0.01", "9": "-0.01"}}, "quarterly": {"Metrics": {"1": "Selling, General & Admin", "2": "Operating Expenses", "3": "Operating Income", "4": "Other Expense / Income", "5": "Pretax Income", "6": "Net Income", "7": "Shares Outstanding (Basic)", "8": "Shares Outstanding (Diluted)", "9": "EPS (Basic)", "10": "EPS (Diluted)", "11": "Free Cash Flow Per Share", "12": "EBITDA", "13": "EBIT"}, "2022-09-30": {"1": "0.72", "2": "0.72", "3": "-0.72", "4": "-0.84", "5": "0.12", "6": "0.12", "7": "22", "8": "22", "9": "0.01", "10": "0.01", "11": "-0.02", "12": "0.12", "13": "0.12"}, "2022-06-30": {"1": "0.74", "2": "0.74", "3": "-0.74", "4": "-0.14", "5": "-0.59", "6": "-0.59", "7": "22", "8": "22", "9": "-0.03", "10": "-0.03", "11": "-0.02", "12": "-0.59", "13": "-0.59"}, "2022-03-31": {"1": "1.12", "2": "1.12", "3": "-1.12", "4": "-0.07", "5": "-1.05", "6": "-1.05", "7": "12", "8": "12", "9": "-0.09", "10": "-0.09", "11": "-0.13", "12": "-1.05", "13": "-1.05"}, "2021-12-31": {"1": "-", "2": "-", "3": "-", "4": "-", "5": "-", "6": "-", "7": "3", "8": "-", "9": "-", "10": "-", "11": "-", "12": "-", "13": "-"}}}, "balance_sheet": {"annual": {"Year": {"1": "Other Current Assets", "2": "Total Current Assets", "3": "Total Assets", "4": "Current Debt", "5": "Other Current Liabilities", "6": "Total Current Liabilities", "7": "Total Liabilities", "8": "Total Debt", "9": "Common Stock", "10": "Retained Earnings", "11": "Shareholders' Equity", "12": "Total Liabilities and Equity", "13": "Net Cash / Debt", "14": "Net Cash Per Share", "15": "Working Capital", "16": "Book Value Per Share"}, "2021": {"1": "0.62", "2": "0.62", "3": "0.62", "4": "0.05", "5": "0.56", "6": "0.61", "7": "0.61", "8": "0.05", "9": "0.03", "10": "-0.01", "11": "0.02", "12": "0.62", "13": "-0.05", "14": "-0.02", "15": "0.02", "16": "0.01"}}, "quarterly": {"Metrics": {"1": "Cash & Equivalents", "2": "Cash & Cash Equivalents", "3": "Other Current Assets", "4": "Total Current Assets", "5": "Long-Term Investments", "6": "Other Long-Term Assets", "7": "Total Long-Term Assets", "8": "Total Assets", "9": "Current Debt", "10": "Other Current Liabilities", "11": "Total Current Liabilities", "12": "Other Long-Term Liabilities", "13": "Total Long-Term Liabilities", "14": "Total Liabilities", "15": "Total Debt", "16": "Common Stock", "17": "Retained Earnings", "18": "Shareholders' Equity", "19": "Total Liabilities and Equity", "20": "Net Cash / Debt", "21": "Net Cash Per Share", "22": "Working Capital", "23": "Book Value Per Share"}, "2022-09-30": {"1": "0.23", "2": "0.23", "3": "0.31", "4": "0.54", "5": "177", "6": "0.12", "7": "177.12", "8": "177.66", "9": "0.13", "10": "1.04", "11": "1.18", "12": "177", "13": "177", "14": "178.18", "15": "0.13", "16": "1.02", "17": "-1.53", "18": "-0.51", "19": "177.66", "20": "0.1", "21": "0.00", "22": "-0.63", "23": "-0.02"}, "2022-06-30": {"1": "0.89", "2": "0.89", "3": "0.32", "4": "1.21", "5": "176.16", "6": "0.19", "7": "176.36", "8": "177.57", "9": "0.33", "10": "0.87", "11": "1.2", "12": "176.16", "13": "176.16", "14": "177.36", "15": "0.33", "16": "1.86", "17": "-1.65", "18": "0.21", "19": "177.57", "20": "0.56", "21": "0.03", "22": "0.01", "23": "0.01"}, "2022-03-31": {"1": "177.44", "2": "177.44", "3": "-175.7", "4": "1.74", "5": "0", "6": "176.29", "7": "176.29", "8": "178.03", "9": "0.23", "10": "0.84", "11": "1.07", "12": "175.95", "13": "175.95", "14": "177.02", "15": "0.23", "16": "2.07", "17": "-1.06", "18": "1.01", "19": "178.03", "20": "177.21", "21": "14.62", "22": "0.67", "23": "0.08"}, "2021-12-31": {"1": "0", "2": "0", "3": "0.62", "4": "0.62", "5": "0", "6": "0", "7": "0", "8": "0.62", "9": "0.05", "10": "0.56", "11": "0.61", "12": "0", "13": "0", "14": "0.61", "15": "0.05", "16": "0.03", "17": "-0.01", "18": "0.02", "19": "0.62", "20": "-0.05", "21": "-", "22": "0.02", "23": "0.01"}}}, "cash_flow_statement": {"annual": null, "quarterly": {"Metrics": {"1": "Net Income", "2": "Other Operating Activities", "3": "Operating Cash Flow", "4": "Change in Investments", "5": "Investing Cash Flow", "6": "Share Issuance / Repurchase", "7": "Debt Issued / Paid", "8": "Other Financing Activities", "9": "Financing Cash Flow", "10": "Net Cash Flow", "11": "Free Cash Flow", "12": "Free Cash Flow Per Share"}, "2022-09-30": {"1": "0.12", "2": "-0.57", "3": "-0.46", "4": "0", "5": "0", "6": "0", "7": "-0.2", "8": "-", "9": "-0.2", "10": "-0.65", "11": "-0.46", "12": "-0.02"}, "2022-06-30": {"1": "-0.59", "2": "0.06", "3": "-0.53", "4": "0", "5": "0", "6": "0", "7": "0", "8": "-", "9": "0", "10": "-0.53", "11": "-0.53", "12": "-0.02"}, "2022-03-31": {"1": "-1.05", "2": "-0.48", "3": "-1.53", "4": "-175.95", "5": "-175.95", "6": "169.05", "7": "0.28", "8": "9.57", "9": "178.9", "10": "1.42", "11": "-1.53", "12": "-0.13"}}}, "ratios": {"annual": {"Year": {"1": "Market Capitalization", "2": "Enterprise Value", "3": "PB Ratio", "4": "EV/EBITDA Ratio", "5": "EV/EBIT Ratio", "6": "Debt / Equity Ratio", "7": "Debt / EBITDA Ratio", "8": "Current Ratio"}, "Current": {"1": "88", "2": "88", "3": "-430.61", "4": "-", "5": "-", "6": "-0.26", "7": "-", "8": "0.46"}, "2021": {"1": "-", "2": "0", "3": "-", "4": "-5.93", "5": "-5.93", "6": "3.02", "7": "-5.93", "8": "1.03"}}, "quarterly": {"Metrics": {"1": "Market Capitalization", "2": "Enterprise Value", "3": "PB Ratio", "4": "Debt / Equity Ratio", "5": "Current Ratio"}, "Current": {"1": "88", "2": "88", "3": "-430.61", "4": "-0.26", "5": "0.46"}, "2022-09-30": {"1": "222", "2": "222", "3": "-430.61", "4": "-0.26", "5": "0.46"}, "2022-06-30": {"1": "219", "2": "218", "3": "1061.35", "4": "1.60", "5": "1.01"}, "2022-03-31": {"1": "158", "2": "-19", "3": "156.15", "4": "0.22", "5": "1.63"}, "2021-12-31": {"1": "-", "2": "0", "3": "-", "4": "3.02", "5": "1.03"}}}, "stock_price": {"symbol": {"0": "AXAC", "1": "AXAC", "2": "AXAC", "3": "AXAC", "4": "AXAC", "5": "AXAC", "6": "AXAC", "7": "AXAC", "8": "AXAC", "9": "AXAC", "10": "AXAC", "11": "AXAC", "12": "AXAC", "13": "AXAC", "14": "AXAC", "15": "AXAC", "16": "AXAC", "17": "AXAC", "18": "AXAC", "19": "AXAC", "20": "AXAC", "21": "AXAC", "22": "AXAC", "23": "AXAC", "24": "AXAC", "25": "AXAC", "26": "AXAC", "27": "AXAC", "28": "AXAC", "29": "AXAC", "30": "AXAC", "31": "AXAC", "32": "AXAC", "33": "AXAC", "34": "AXAC", "35": "AXAC", "36": "AXAC", "37": "AXAC", "38": "AXAC", "39": "AXAC", "40": "AXAC", "41": "AXAC", "42": "AXAC", "43": "AXAC", "44": "AXAC", "45": "AXAC", "46": "AXAC", "47": "AXAC", "48": "AXAC", "49": "AXAC", "50": "AXAC", "51": "AXAC", "52": "AXAC", "53": "AXAC", "54": "AXAC", "55": "AXAC", "56": "AXAC", "57": "AXAC", "58": "AXAC", "59": "AXAC", "60": "AXAC", "61": "AXAC", "62": "AXAC", "63": "AXAC", "64": "AXAC", "65": "AXAC", "66": "AXAC", "67": "AXAC", "68": "AXAC", "69": "AXAC", "70": "AXAC", "71": "AXAC", "72": "AXAC", "73": "AXAC", "74": "AXAC", "75": "AXAC", "76": "AXAC", "77": "AXAC", "78": "AXAC", "79": "AXAC", "80": "AXAC", "81": "AXAC", "82": "AXAC", "83": "AXAC", "84": "AXAC", "85": "AXAC", "86": "AXAC", "87": "AXAC", "88": "AXAC", "89": "AXAC", "90": "AXAC", "91": "AXAC", "92": "AXAC", "93": "AXAC", "94": "AXAC", "95": "AXAC", "96": "AXAC", "97": "AXAC", "98": "AXAC", "99": "AXAC", "100": "AXAC", "101": "AXAC", "102": "AXAC", "103": "AXAC", "104": "AXAC", "105": "AXAC", "106": "AXAC", "107": "AXAC", "108": "AXAC", "109": "AXAC", "110": "AXAC", "111": "AXAC", "112": "AXAC", "113": "AXAC", "114": "AXAC", "115": "AXAC", "116": "AXAC", "117": "AXAC", "118": "AXAC", "119": "AXAC", "120": "AXAC", "121": "AXAC", "122": "AXAC", "123": "AXAC", "124": "AXAC", "125": "AXAC", "126": "AXAC", "127": "AXAC", "128": "AXAC", "129": "AXAC", "130": "AXAC", "131": "AXAC", "132": "AXAC", "133": "AXAC", "134": "AXAC", "135": "AXAC", "136": "AXAC", "137": "AXAC", "138": "AXAC", "139": "AXAC", "140": "AXAC", "141": "AXAC", "142": "AXAC", "143": "AXAC", "144": "AXAC", "145": "AXAC", "146": "AXAC", "147": "AXAC", "148": "AXAC", "149": "AXAC", "150": "AXAC", "151": "AXAC", "152": "AXAC", "153": "AXAC", "154": "AXAC", "155": "AXAC", "156": "AXAC", "157": "AXAC", "158": "AXAC", "159": "AXAC", "160": "AXAC", "161": "AXAC", "162": "AXAC", "163": "AXAC", "164": "AXAC", "165": "AXAC", "166": "AXAC", "167": "AXAC", "168": "AXAC", "169": "AXAC", "170": "AXAC", "171": "AXAC", "172": "AXAC", "173": "AXAC", "174": "AXAC", "175": "AXAC", "176": "AXAC", "177": "AXAC", "178": "AXAC", "179": "AXAC", "180": "AXAC", "181": "AXAC", "182": "AXAC", "183": "AXAC", "184": "AXAC", "185": "AXAC", "186": "AXAC", "187": "AXAC", "188": "AXAC", "189": "AXAC", "190": "AXAC", "191": "AXAC", "192": "AXAC", "193": "AXAC", "194": "AXAC", "195": "AXAC", "196": "AXAC", "197": "AXAC", "198": "AXAC", "199": "AXAC", "200": "AXAC", "201": "AXAC", "202": "AXAC", "203": "AXAC", "204": "AXAC", "205": "AXAC", "206": "AXAC", "207": "AXAC", "208": "AXAC", "209": "AXAC", "210": "AXAC", "211": "AXAC", "212": "AXAC", "213": "AXAC", "214": "AXAC", "215": "AXAC", "216": "AXAC", "217": "AXAC", "218": "AXAC", "219": "AXAC", "220": "AXAC", "221": "AXAC", "222": "AXAC", "223": "AXAC", "224": "AXAC", "225": "AXAC", "226": "AXAC", "227": "AXAC", "228": "AXAC", "229": "AXAC", "230": "AXAC", "231": "AXAC", "232": "AXAC", "233": "AXAC", "234": "AXAC", "235": "AXAC", "236": "AXAC", "237": "AXAC", "238": "AXAC", "239": "AXAC", "240": "AXAC", "241": "AXAC", "242": "AXAC", "243": "AXAC", "244": "AXAC", "245": "AXAC", "246": "AXAC", "247": "AXAC", "248": "AXAC", "249": "AXAC", "250": "AXAC", "251": "AXAC", "252": "AXAC", "253": "AXAC", "254": "AXAC", "255": "AXAC", "256": "AXAC", "257": "AXAC", "258": "AXAC", "259": "AXAC", "260": "AXAC", "261": "AXAC", "262": "AXAC", "263": "AXAC", "264": "AXAC", "265": "AXAC", "266": "AXAC", "267": "AXAC", "268": "AXAC", "269": "AXAC", "270": "AXAC", "271": "AXAC", "272": "AXAC", "273": "AXAC", "274": "AXAC", "275": "AXAC", "276": "AXAC", "277": "AXAC", "278": "AXAC", "279": "AXAC", "280": "AXAC", "281": "AXAC", "282": "AXAC", "283": "AXAC", "284": "AXAC", "285": "AXAC", "286": "AXAC", "287": "AXAC", "288": "AXAC", "289": "AXAC", "290": "AXAC", "291": "AXAC", "292": "AXAC", "293": "AXAC", "294": "AXAC", "295": "AXAC", "296": "AXAC", "297": "AXAC", "298": "AXAC", "299": "AXAC", "300": "AXAC", "301": "AXAC", "302": "AXAC", "303": "AXAC", "304": "AXAC", "305": "AXAC", "306": "AXAC", "307": "AXAC", "308": "AXAC", "309": "AXAC", "310": "AXAC", "311": "AXAC", "312": "AXAC", "313": "AXAC"}, "date": {"0": "2022-03-25", "1": "2022-03-28", "2": "2022-03-29", "3": "2022-03-30", "4": "2022-03-31", "5": "2022-04-01", "6": "2022-04-04", "7": "2022-04-05", "8": "2022-04-06", "9": "2022-04-07", "10": "2022-04-08", "11": "2022-04-11", "12": "2022-04-12", "13": "2022-04-13", "14": "2022-04-14", "15": "2022-04-18", "16": "2022-04-19", "17": "2022-04-20", "18": "2022-04-21", "19": "2022-04-22", "20": "2022-04-25", "21": "2022-04-26", "22": "2022-04-27", "23": "2022-04-28", "24": "2022-04-29", "25": "2022-05-02", "26": "2022-05-03", "27": "2022-05-04", "28": "2022-05-05", "29": "2022-05-06", "30": "2022-05-09", "31": "2022-05-10", "32": "2022-05-11", "33": "2022-05-12", "34": "2022-05-13", "35": "2022-05-16", "36": "2022-05-17", "37": "2022-05-18", "38": "2022-05-19", "39": "2022-05-20", "40": "2022-05-23", "41": "2022-05-24", "42": "2022-05-25", "43": "2022-05-26", "44": "2022-05-27", "45": "2022-05-31", "46": "2022-06-01", "47": "2022-06-02", "48": "2022-06-03", "49": "2022-06-06", "50": "2022-06-07", "51": "2022-06-08", "52": "2022-06-09", "53": "2022-06-10", "54": "2022-06-13", "55": "2022-06-14", "56": "2022-06-15", "57": "2022-06-16", "58": "2022-06-17", "59": "2022-06-21", "60": "2022-06-22", "61": "2022-06-23", "62": "2022-06-24", "63": "2022-06-27", "64": "2022-06-28", "65": "2022-06-29", "66": "2022-06-30", "67": "2022-07-01", "68": "2022-07-05", "69": "2022-07-06", "70": "2022-07-07", "71": "2022-07-08", "72": "2022-07-11", "73": "2022-07-12", "74": "2022-07-13", "75": "2022-07-14", "76": "2022-07-15", "77": "2022-07-18", "78": "2022-07-19", "79": "2022-07-20", "80": "2022-07-21", "81": "2022-07-22", "82": "2022-07-25", "83": "2022-07-26", "84": "2022-07-27", "85": "2022-07-28", "86": "2022-07-29", "87": "2022-08-01", "88": "2022-08-02", "89": "2022-08-03", "90": "2022-08-04", "91": "2022-08-05", "92": "2022-08-08", "93": "2022-08-09", "94": "2022-08-10", "95": "2022-08-11", "96": "2022-08-12", "97": "2022-08-15", "98": "2022-08-16", "99": "2022-08-17", "100": "2022-08-18", "101": "2022-08-19", "102": "2022-08-22", "103": "2022-08-23", "104": "2022-08-24", "105": "2022-08-25", "106": "2022-08-26", "107": "2022-08-29", "108": "2022-08-30", "109": "2022-08-31", "110": "2022-09-01", "111": "2022-09-02", "112": "2022-09-06", "113": "2022-09-07", "114": "2022-09-08", "115": "2022-09-09", "116": "2022-09-12", "117": "2022-09-13", "118": "2022-09-14", "119": "2022-09-15", "120": "2022-09-16", "121": "2022-09-19", "122": "2022-09-20", "123": "2022-09-21", "124": "2022-09-22", "125": "2022-09-23", "126": "2022-09-26", "127": "2022-09-27", "128": "2022-09-28", "129": "2022-09-29", "130": "2022-09-30", "131": "2022-10-03", "132": "2022-10-04", "133": "2022-10-05", "134": "2022-10-06", "135": "2022-10-07", "136": "2022-10-10", "137": "2022-10-11", "138": "2022-10-12", "139": "2022-10-13", "140": "2022-10-14", "141": "2022-10-17", "142": "2022-10-18", "143": "2022-10-19", "144": "2022-10-20", "145": "2022-10-21", "146": "2022-10-24", "147": "2022-10-25", "148": "2022-10-26", "149": "2022-10-27", "150": "2022-10-28", "151": "2022-10-31", "152": "2022-11-01", "153": "2022-11-02", "154": "2022-11-03", "155": "2022-11-04", "156": "2022-11-07", "157": "2022-11-08", "158": "2022-11-09", "159": "2022-11-10", "160": "2022-11-11", "161": "2022-11-14", "162": "2022-11-15", "163": "2022-11-16", "164": "2022-11-17", "165": "2022-11-18", "166": "2022-11-21", "167": "2022-11-22", "168": "2022-11-23", "169": "2022-11-25", "170": "2022-11-28", "171": "2022-11-29", "172": "2022-11-30", "173": "2022-12-01", "174": "2022-12-02", "175": "2022-12-05", "176": "2022-12-06", "177": "2022-12-07", "178": "2022-12-08", "179": "2022-12-09", "180": "2022-12-12", "181": "2022-12-13", "182": "2022-12-14", "183": "2022-12-15", "184": "2022-12-16", "185": "2022-12-19", "186": "2022-12-20", "187": "2022-12-21", "188": "2022-12-22", "189": "2022-12-23", "190": "2022-12-27", "191": "2022-12-28", "192": "2022-12-29", "193": "2022-12-30", "194": "2023-01-03", "195": "2023-01-04", "196": "2023-01-05", "197": "2023-01-06", "198": "2023-01-09", "199": "2023-01-10", "200": "2023-01-11", "201": "2023-01-12", "202": "2023-01-13", "203": "2023-01-17", "204": "2023-01-18", "205": "2023-01-19", "206": "2023-01-20", "207": "2023-01-23", "208": "2023-01-24", "209": "2023-01-25", "210": "2023-01-26", "211": "2023-01-27", "212": "2023-01-30", "213": "2023-01-31", "214": "2023-02-01", "215": "2023-02-02", "216": "2023-02-03", "217": "2023-02-06", "218": "2023-02-07", "219": "2023-02-08", "220": "2023-02-09", "221": "2023-02-10", "222": "2023-02-13", "223": "2023-02-14", "224": "2023-02-15", "225": "2023-02-16", "226": "2023-02-17", "227": "2023-02-21", "228": "2023-02-22", "229": "2023-02-23", "230": "2023-02-24", "231": "2023-02-27", "232": "2023-02-28", "233": "2023-03-01", "234": "2023-03-02", "235": "2023-03-03", "236": "2023-03-06", "237": "2023-03-07", "238": "2023-03-08", "239": "2023-03-09", "240": "2023-03-10", "241": "2023-03-13", "242": "2023-03-14", "243": "2023-03-15", "244": "2023-03-16", "245": "2023-03-17", "246": "2023-03-20", "247": "2023-03-21", "248": "2023-03-22", "249": "2023-03-23", "250": "2023-03-24", "251": "2023-03-27", "252": "2023-03-28", "253": "2023-03-29", "254": "2023-03-30", "255": "2023-03-31", "256": "2023-04-03", "257": "2023-04-04", "258": "2023-04-05", "259": "2023-04-06", "260": "2023-04-10", "261": "2023-04-11", "262": "2023-04-12", "263": "2023-04-13", "264": "2023-04-14", "265": "2023-04-17", "266": "2023-04-18", "267": "2023-04-19", "268": "2023-04-20", "269": "2023-04-21", "270": "2023-04-24", "271": "2023-04-25", "272": "2023-04-26", "273": "2023-04-27", "274": "2023-04-28", "275": "2023-05-01", "276": "2023-05-02", "277": "2023-05-03", "278": "2023-05-04", "279": "2023-05-05", "280": "2023-05-08", "281": "2023-05-09", "282": "2023-05-10", "283": "2023-05-11", "284": "2023-05-12", "285": "2023-05-15", "286": "2023-05-16", "287": "2023-05-17", "288": "2023-05-18", "289": "2023-05-19", "290": "2023-05-22", "291": "2023-05-23", "292": "2023-05-24", "293": "2023-05-25", "294": "2023-05-26", "295": "2023-05-30", "296": "2023-05-31", "297": "2023-06-01", "298": "2023-06-02", "299": "2023-06-05", "300": "2023-06-06", "301": "2023-06-07", "302": "2023-06-08", "303": "2023-06-09", "304": "2023-06-12", "305": "2023-06-13", "306": "2023-06-14", "307": "2023-06-15", "308": "2023-06-16", "309": "2023-06-20", "310": "2023-06-21", "311": "2023-06-22", "312": "2023-06-23", "313": "2023-06-26"}, "open": {"0": 9.949999809265137, "1": 9.979999542236328, "2": 9.958000183105469, "3": 9.949999809265137, "4": 9.970000267028809, "5": 9.960000038146973, "6": 9.960000038146973, "7": 9.960000038146973, "8": 9.960800170898438, "9": 9.970000267028809, "10": 9.970000267028809, "11": 9.970000267028809, "12": 9.970000267028809, "13": 9.970000267028809, "14": 9.989999771118164, "15": 9.979999542236328, "16": 9.979999542236328, "17": 10.0, "18": 10.010000228881836, "19": 10.010000228881836, "20": 10.020000457763672, "21": 10.020000457763672, "22": 10.020000457763672, "23": 10.020000457763672, "24": 10.0, "25": 10.0, "26": 10.0, "27": 10.0, "28": 10.0, "29": 10.0, "30": 10.0, "31": 10.0, "32": 9.960000038146973, "33": 9.970000267028809, "34": 9.960000038146973, "35": 9.960000038146973, "36": 9.960000038146973, "37": 9.960000038146973, "38": 9.960000038146973, "39": 9.960000038146973, "40": 9.960000038146973, "41": 9.960000038146973, "42": 9.960000038146973, "43": 9.960000038146973, "44": 9.989999771118164, "45": 9.970000267028809, "46": 9.989999771118164, "47": 9.989999771118164, "48": 9.989999771118164, "49": 9.989999771118164, "50": 9.979999542236328, "51": 10.0, "52": 10.0, "53": 9.979999542236328, "54": 10.005000114440918, "55": 10.0, "56": 10.010000228881836, "57": 10.0, "58": 9.989999771118164, "59": 10.0, "60": 9.970000267028809, "61": 10.010000228881836, "62": 10.010000228881836, "63": 9.979999542236328, "64": 10.010000228881836, "65": 9.979999542236328, "66": 9.979999542236328, "67": 9.979999542236328, "68": 9.979999542236328, "69": 9.979999542236328, "70": 10.010000228881836, "71": 9.989999771118164, "72": 9.989999771118164, "73": 9.989999771118164, "74": 9.989999771118164, "75": 9.989999771118164, "76": 10.029999732971191, "77": 10.039999961853027, "78": 10.039999961853027, "79": 10.039999961853027, "80": 10.039999961853027, "81": 10.0600004196167, "82": 10.0600004196167, "83": 10.029999732971191, "84": 10.029999732971191, "85": 10.050000190734863, "86": 10.0600004196167, "87": 10.069999694824219, "88": 10.069999694824219, "89": 10.09000015258789, "90": 10.0600004196167, "91": 10.0649995803833, "92": 10.079999923706055, "93": 10.09000015258789, "94": 10.065999984741211, "95": 10.09000015258789, "96": 10.069999694824219, "97": 10.09000015258789, "98": 10.09000015258789, "99": 10.09000015258789, "100": 10.050000190734863, "101": 10.050000190734863, "102": 10.069999694824219, "103": 10.069999694824219, "104": 10.100000381469727, "105": 10.079999923706055, "106": 10.079999923706055, "107": 10.079999923706055, "108": 10.079999923706055, "109": 10.140000343322754, "110": 10.139399528503418, "111": 10.139399528503418, "112": 10.139399528503418, "113": 10.139399528503418, "114": 10.079999923706055, "115": 10.100000381469727, "116": 10.109999656677246, "117": 10.086000442504883, "118": 10.09000015258789, "119": 10.106200218200684, "120": 10.100000381469727, "121": 10.109999656677246, "122": 10.109999656677246, "123": 10.100000381469727, "124": 10.130000114440918, "125": 10.130000114440918, "126": 10.109999656677246, "127": 10.109999656677246, "128": 10.109999656677246, "129": 10.109999656677246, "130": 10.109999656677246, "131": 10.119999885559082, "132": 10.11929988861084, "133": 10.120100021362305, "134": 10.120100021362305, "135": 10.130000114440918, "136": 10.130000114440918, "137": 10.130000114440918, "138": 10.140000343322754, "139": 10.130000114440918, "140": 10.140000343322754, "141": 10.149999618530273, "142": 10.149999618530273, "143": 10.149999618530273, "144": 10.199999809265137, "145": 10.149999618530273, "146": 10.170000076293945, "147": 10.170000076293945, "148": 10.199999809265137, "149": 10.170000076293945, "150": 10.170000076293945, "151": 10.170000076293945, "152": 10.170000076293945, "153": 10.170000076293945, "154": 10.199999809265137, "155": 10.220000267028809, "156": 10.220000267028809, "157": 10.220000267028809, "158": 10.199999809265137, "159": 10.210000038146973, "160": 10.199999809265137, "161": 10.220000267028809, "162": 10.25, "163": 10.25, "164": 10.220000267028809, "165": 10.229999542236328, "166": 10.260000228881836, "167": 10.229999542236328, "168": 10.220000267028809, "169": 10.220000267028809, "170": 10.229999542236328, "171": 10.244999885559082, "172": 10.249899864196777, "173": 10.25, "174": 10.25, "175": 10.259900093078613, "176": 10.270000457763672, "177": 10.25, "178": 10.260000228881836, "179": 10.260000228881836, "180": 10.279999732971191, "181": 10.270000457763672, "182": 10.270000457763672, "183": 10.25, "184": 10.3100004196167, "185": 10.279999732971191, "186": 10.3100004196167, "187": 10.3100004196167, "188": 10.329999923706055, "189": 10.3100004196167, "190": 10.3100004196167, "191": 10.335000038146973, "192": 10.300000190734863, "193": 10.300000190734863, "194": 10.300000190734863, "195": 10.350000381469727, "196": 10.329999923706055, "197": 10.34000015258789, "198": 10.34000015258789, "199": 10.329999923706055, "200": 10.329999923706055, "201": 10.329999923706055, "202": 10.329999923706055, "203": 10.34000015258789, "204": 10.345000267028809, "205": 10.359999656677246, "206": 10.380000114440918, "207": 10.34000015258789, "208": 10.359999656677246, "209": 10.359999656677246, "210": 10.359999656677246, "211": 10.380000114440918, "212": 10.390000343322754, "213": 10.390000343322754, "214": 10.362500190734863, "215": 10.390000343322754, "216": 10.390000343322754, "217": 10.399999618530273, "218": 10.369999885559082, "219": 10.390000343322754, "220": 10.699999809265137, "221": 10.649999618530273, "222": 10.850000381469727, "223": 10.3100004196167, "224": 10.329999923706055, "225": 10.300000190734863, "226": 10.329999923706055, "227": 10.25, "228": 10.319999694824219, "229": 10.329999923706055, "230": 10.3100004196167, "231": 10.949999809265137, "232": 10.449999809265137, "233": 10.449999809265137, "234": 10.350000381469727, "235": 10.449999809265137, "236": 10.350000381469727, "237": 10.380000114440918, "238": 10.380000114440918, "239": 10.390000343322754, "240": 10.5, "241": 10.380000114440918, "242": 10.359999656677246, "243": 10.380000114440918, "244": 10.380000114440918, "245": 10.380000114440918, "246": 10.399999618530273, "247": 10.350000381469727, "248": 10.350000381469727, "249": 10.350000381469727, "250": 10.350000381469727, "251": 10.361599922180176, "252": 10.361599922180176, "253": 10.361599922180176, "254": 10.361599922180176, "255": 10.361599922180176, "256": 10.350000381469727, "257": 10.399999618530273, "258": 10.399999618530273, "259": 10.399999618530273, "260": 10.399999618530273, "261": 10.399999618530273, "262": 10.399999618530273, "263": 10.40999984741211, "264": 10.40999984741211, "265": 10.40999984741211, "266": 10.430100440979004, "267": 10.420000076293945, "268": 10.420000076293945, "269": 10.4399995803833, "270": 10.420000076293945, "271": 10.420000076293945, "272": 10.5, "273": 10.4399995803833, "274": 10.4399995803833, "275": 10.5, "276": 10.460000038146973, "277": 10.460000038146973, "278": 10.460000038146973, "279": 10.460000038146973, "280": 10.470000267028809, "281": 10.449999809265137, "282": 10.449999809265137, "283": 10.4399995803833, "284": 10.460000038146973, "285": 10.430000305175781, "286": 10.4399995803833, "287": 10.430000305175781, "288": 10.430000305175781, "289": 10.430000305175781, "290": 10.430000305175781, "291": 10.430000305175781, "292": 10.479999542236328, "293": 10.479999542236328, "294": 10.479999542236328, "295": 10.479999542236328, "296": 10.399999618530273, "297": 10.479999542236328, "298": 10.479999542236328, "299": 10.479999542236328, "300": 10.479999542236328, "301": 10.479999542236328, "302": 10.479999542236328, "303": 10.479999542236328, "304": 10.479999542236328, "305": 10.479999542236328, "306": 10.479999542236328, "307": 10.479999542236328, "308": 10.479999542236328, "309": 10.479999542236328, "310": 10.479999542236328, "311": 10.430000305175781, "312": 10.430000305175781, "313": 10.430000305175781}, "high": {"0": 9.960000038146973, "1": 9.979999542236328, "2": 9.979999542236328, "3": 9.963000297546387, "4": 9.970000267028809, "5": 9.96500015258789, "6": 9.960000038146973, "7": 9.970000267028809, "8": 9.979999542236328, "9": 9.979999542236328, "10": 9.979999542236328, "11": 9.984999656677246, "12": 10.0, "13": 9.989999771118164, "14": 9.994999885559082, "15": 10.0, "16": 10.010000228881836, "17": 10.010000228881836, "18": 10.020000457763672, "19": 10.010000228881836, "20": 10.020000457763672, "21": 10.020000457763672, "22": 10.020000457763672, "23": 10.020000457763672, "24": 10.024999618530273, "25": 10.020000457763672, "26": 10.020000457763672, "27": 10.020000457763672, "28": 10.020000457763672, "29": 10.020000457763672, "30": 10.010000228881836, "31": 10.0, "32": 9.989999771118164, "33": 9.979999542236328, "34": 9.979999542236328, "35": 9.970000267028809, "36": 9.960000038146973, "37": 9.960000038146973, "38": 9.970000267028809, "39": 9.970000267028809, "40": 9.979999542236328, "41": 9.960000038146973, "42": 9.979999542236328, "43": 9.994999885559082, "44": 9.989999771118164, "45": 10.0, "46": 9.989999771118164, "47": 9.989999771118164, "48": 9.989999771118164, "49": 9.989999771118164, "50": 10.0, "51": 10.0, "52": 10.0, "53": 10.000100135803223, "54": 10.005000114440918, "55": 10.010000228881836, "56": 10.010000228881836, "57": 10.0, "58": 10.0, "59": 10.0, "60": 9.989999771118164, "61": 10.010000228881836, "62": 10.010000228881836, "63": 10.010000228881836, "64": 10.010000228881836, "65": 10.0, "66": 9.979999542236328, "67": 9.979999542236328, "68": 9.994999885559082, "69": 10.010000228881836, "70": 10.010000228881836, "71": 10.010000228881836, "72": 10.010000228881836, "73": 10.029999732971191, "74": 10.0, "75": 10.0, "76": 10.029999732971191, "77": 10.039999961853027, "78": 10.039999961853027, "79": 10.039999961853027, "80": 10.039999961853027, "81": 10.0649995803833, "82": 10.0600004196167, "83": 10.029999732971191, "84": 10.029999732971191, "85": 10.050000190734863, "86": 10.0600004196167, "87": 10.069999694824219, "88": 10.069999694824219, "89": 10.09000015258789, "90": 10.069999694824219, "91": 10.079999923706055, "92": 10.079999923706055, "93": 10.09000015258789, "94": 10.065999984741211, "95": 10.09000015258789, "96": 10.069999694824219, "97": 10.09000015258789, "98": 10.09000015258789, "99": 10.09000015258789, "100": 10.050000190734863, "101": 10.0600004196167, "102": 10.072699546813965, "103": 10.069999694824219, "104": 10.100000381469727, "105": 10.079999923706055, "106": 10.079999923706055, "107": 10.079999923706055, "108": 10.079999923706055, "109": 10.140000343322754, "110": 10.139399528503418, "111": 10.139399528503418, "112": 10.139399528503418, "113": 10.139399528503418, "114": 10.100000381469727, "115": 10.100000381469727, "116": 10.109999656677246, "117": 10.086000442504883, "118": 10.100000381469727, "119": 10.106200218200684, "120": 10.100000381469727, "121": 10.109999656677246, "122": 10.109999656677246, "123": 10.100000381469727, "124": 10.130000114440918, "125": 10.130000114440918, "126": 10.109999656677246, "127": 10.109999656677246, "128": 10.112700462341309, "129": 10.109999656677246, "130": 10.109999656677246, "131": 10.119999885559082, "132": 10.120100021362305, "133": 10.120100021362305, "134": 10.120100021362305, "135": 10.130000114440918, "136": 10.130000114440918, "137": 10.140000343322754, "138": 10.140000343322754, "139": 10.140000343322754, "140": 10.140000343322754, "141": 10.149999618530273, "142": 10.149999618530273, "143": 10.149999618530273, "144": 10.199999809265137, "145": 10.160799980163574, "146": 10.1899995803833, "147": 10.170000076293945, "148": 10.199999809265137, "149": 10.170000076293945, "150": 10.170000076293945, "151": 10.170000076293945, "152": 10.170000076293945, "153": 10.170000076293945, "154": 10.199999809265137, "155": 10.220000267028809, "156": 10.220000267028809, "157": 10.220000267028809, "158": 10.210000038146973, "159": 10.210000038146973, "160": 10.199999809265137, "161": 10.220000267028809, "162": 10.25, "163": 10.25, "164": 10.220000267028809, "165": 10.229999542236328, "166": 10.260000228881836, "167": 10.229999542236328, "168": 10.220000267028809, "169": 10.220000267028809, "170": 10.244999885559082, "171": 10.25, "172": 10.25, "173": 10.25, "174": 10.25, "175": 10.270000457763672, "176": 10.270000457763672, "177": 10.260000228881836, "178": 10.260000228881836, "179": 10.260000228881836, "180": 10.279999732971191, "181": 10.270000457763672, "182": 10.270000457763672, "183": 10.25, "184": 10.3100004196167, "185": 10.279999732971191, "186": 10.3100004196167, "187": 10.329999923706055, "188": 10.329999923706055, "189": 10.3100004196167, "190": 10.3100004196167, "191": 10.34000015258789, "192": 10.34000015258789, "193": 10.300000190734863, "194": 10.300000190734863, "195": 10.350000381469727, "196": 10.34000015258789, "197": 10.34000015258789, "198": 10.34000015258789, "199": 10.329999923706055, "200": 10.329999923706055, "201": 10.329999923706055, "202": 10.329999923706055, "203": 10.34000015258789, "204": 10.359999656677246, "205": 10.359999656677246, "206": 10.380000114440918, "207": 10.359999656677246, "208": 10.359999656677246, "209": 10.359999656677246, "210": 10.359999656677246, "211": 10.380000114440918, "212": 10.390000343322754, "213": 10.390000343322754, "214": 10.369999885559082, "215": 10.390000343322754, "216": 10.390000343322754, "217": 10.399999618530273, "218": 10.369999885559082, "219": 10.390000343322754, "220": 10.779999732971191, "221": 10.702500343322754, "222": 10.949999809265137, "223": 10.380000114440918, "224": 10.329999923706055, "225": 10.329999923706055, "226": 10.329999923706055, "227": 10.329999923706055, "228": 10.319999694824219, "229": 10.670000076293945, "230": 10.569999694824219, "231": 10.949999809265137, "232": 10.449999809265137, "233": 10.449999809265137, "234": 10.350000381469727, "235": 10.449999809265137, "236": 10.390000343322754, "237": 10.380000114440918, "238": 10.390000343322754, "239": 10.399999618530273, "240": 10.5, "241": 10.390000343322754, "242": 10.380000114440918, "243": 10.380000114440918, "244": 10.380000114440918, "245": 10.399999618530273, "246": 10.399999618530273, "247": 10.350000381469727, "248": 10.350000381469727, "249": 10.350000381469727, "250": 10.350000381469727, "251": 10.361599922180176, "252": 10.361599922180176, "253": 10.361599922180176, "254": 10.361599922180176, "255": 10.361599922180176, "256": 10.380000114440918, "257": 10.399999618530273, "258": 10.399999618530273, "259": 10.399999618530273, "260": 10.399999618530273, "261": 10.399999618530273, "262": 10.399999618530273, "263": 10.40999984741211, "264": 10.40999984741211, "265": 10.40999984741211, "266": 10.430100440979004, "267": 10.420000076293945, "268": 10.420000076293945, "269": 10.4399995803833, "270": 10.425000190734863, "271": 10.420000076293945, "272": 10.5, "273": 10.4399995803833, "274": 10.4399995803833, "275": 10.5, "276": 10.460000038146973, "277": 10.460000038146973, "278": 10.460000038146973, "279": 10.460000038146973, "280": 10.470000267028809, "281": 10.449999809265137, "282": 10.479999542236328, "283": 10.460000038146973, "284": 10.460000038146973, "285": 10.4399995803833, "286": 10.4399995803833, "287": 10.430000305175781, "288": 10.430000305175781, "289": 10.430000305175781, "290": 10.430000305175781, "291": 10.430000305175781, "292": 10.479999542236328, "293": 10.479999542236328, "294": 10.479999542236328, "295": 10.479999542236328, "296": 10.479999542236328, "297": 10.479999542236328, "298": 10.479999542236328, "299": 10.479999542236328, "300": 10.479999542236328, "301": 10.479999542236328, "302": 10.479999542236328, "303": 10.479999542236328, "304": 10.479999542236328, "305": 10.479999542236328, "306": 10.479999542236328, "307": 10.479999542236328, "308": 10.479999542236328, "309": 10.479999542236328, "310": 10.479999542236328, "311": 10.430000305175781, "312": 10.430000305175781, "313": 10.430000305175781}, "low": {"0": 9.9399995803833, "1": 9.960000038146973, "2": 9.9399995803833, "3": 9.946000099182129, "4": 9.970000267028809, "5": 9.960000038146973, "6": 9.960000038146973, "7": 9.960000038146973, "8": 9.960100173950195, "9": 9.970000267028809, "10": 9.970000267028809, "11": 9.970000267028809, "12": 9.970000267028809, "13": 9.970000267028809, "14": 9.979999542236328, "15": 9.979999542236328, "16": 9.979999542236328, "17": 10.0, "18": 10.010000228881836, "19": 10.0, "20": 10.010000228881836, "21": 10.010000228881836, "22": 10.020000457763672, "23": 10.0, "24": 10.0, "25": 10.0, "26": 10.0, "27": 10.0, "28": 10.0, "29": 10.0, "30": 9.984199523925781, "31": 9.979999542236328, "32": 9.960000038146973, "33": 9.960000038146973, "34": 9.960000038146973, "35": 9.960000038146973, "36": 9.960000038146973, "37": 9.960000038146973, "38": 9.960000038146973, "39": 9.960000038146973, "40": 9.960000038146973, "41": 9.960000038146973, "42": 9.960000038146973, "43": 9.960000038146973, "44": 9.970000267028809, "45": 9.970000267028809, "46": 9.989999771118164, "47": 9.989999771118164, "48": 9.989999771118164, "49": 9.989999771118164, "50": 9.979999542236328, "51": 10.0, "52": 10.0, "53": 9.979999542236328, "54": 10.005000114440918, "55": 10.0, "56": 10.010000228881836, "57": 10.0, "58": 9.979999542236328, "59": 10.0, "60": 9.970000267028809, "61": 10.010000228881836, "62": 10.010000228881836, "63": 9.979999542236328, "64": 10.010000228881836, "65": 9.979999542236328, "66": 9.979999542236328, "67": 9.979999542236328, "68": 9.979999542236328, "69": 9.979999542236328, "70": 10.010000228881836, "71": 9.989999771118164, "72": 9.989999771118164, "73": 9.989999771118164, "74": 9.989999771118164, "75": 9.989999771118164, "76": 10.0, "77": 10.029999732971191, "78": 10.039999961853027, "79": 10.039999961853027, "80": 10.039999961853027, "81": 10.050000190734863, "82": 10.050000190734863, "83": 10.029999732971191, "84": 10.029999732971191, "85": 10.050000190734863, "86": 10.029999732971191, "87": 10.069999694824219, "88": 10.069999694824219, "89": 10.069999694824219, "90": 10.0600004196167, "91": 10.0600004196167, "92": 10.079999923706055, "93": 10.09000015258789, "94": 10.065999984741211, "95": 10.0600004196167, "96": 10.069999694824219, "97": 10.0649995803833, "98": 10.09000015258789, "99": 10.061100006103516, "100": 10.050000190734863, "101": 10.050000190734863, "102": 10.069999694824219, "103": 10.069999694824219, "104": 10.079999923706055, "105": 10.079999923706055, "106": 10.079999923706055, "107": 10.079999923706055, "108": 10.079999923706055, "109": 10.130000114440918, "110": 10.139399528503418, "111": 10.139399528503418, "112": 10.139399528503418, "113": 10.139399528503418, "114": 10.079999923706055, "115": 10.100000381469727, "116": 10.085000038146973, "117": 10.086000442504883, "118": 10.09000015258789, "119": 10.106200218200684, "120": 10.100000381469727, "121": 10.100000381469727, "122": 10.109999656677246, "123": 10.100000381469727, "124": 10.130000114440918, "125": 10.130000114440918, "126": 10.109999656677246, "127": 10.109999656677246, "128": 10.100000381469727, "129": 10.109999656677246, "130": 10.109999656677246, "131": 10.119999885559082, "132": 10.11929988861084, "133": 10.120100021362305, "134": 10.120100021362305, "135": 10.130000114440918, "136": 10.130000114440918, "137": 10.130000114440918, "138": 10.140000343322754, "139": 10.125, "140": 10.140000343322754, "141": 10.140000343322754, "142": 10.149999618530273, "143": 10.149999618530273, "144": 10.149999618530273, "145": 10.149999618530273, "146": 10.170000076293945, "147": 10.170000076293945, "148": 10.180000305175781, "149": 10.170000076293945, "150": 10.170000076293945, "151": 10.170000076293945, "152": 10.170000076293945, "153": 10.170000076293945, "154": 10.1899995803833, "155": 10.1899995803833, "156": 10.220000267028809, "157": 10.220000267028809, "158": 10.199999809265137, "159": 10.210000038146973, "160": 10.199999809265137, "161": 10.220000267028809, "162": 10.25, "163": 10.25, "164": 10.220000267028809, "165": 10.220000267028809, "166": 10.220000267028809, "167": 10.229999542236328, "168": 10.220000267028809, "169": 10.220000267028809, "170": 10.229999542236328, "171": 10.239999771118164, "172": 10.249899864196777, "173": 10.25, "174": 10.25, "175": 10.259900093078613, "176": 10.270000457763672, "177": 10.25, "178": 10.260000228881836, "179": 10.260000228881836, "180": 10.270000457763672, "181": 10.270000457763672, "182": 10.270000457763672, "183": 10.25, "184": 10.270000457763672, "185": 10.270000457763672, "186": 10.3100004196167, "187": 10.3100004196167, "188": 10.289999961853027, "189": 10.300000190734863, "190": 10.279999732971191, "191": 10.335000038146973, "192": 10.300000190734863, "193": 10.300000190734863, "194": 10.300000190734863, "195": 10.350000381469727, "196": 10.329999923706055, "197": 10.34000015258789, "198": 10.3100004196167, "199": 10.329999923706055, "200": 10.329999923706055, "201": 10.329999923706055, "202": 10.329999923706055, "203": 10.34000015258789, "204": 10.345000267028809, "205": 10.350000381469727, "206": 10.350000381469727, "207": 10.34000015258789, "208": 10.350000381469727, "209": 10.350000381469727, "210": 10.34000015258789, "211": 10.359999656677246, "212": 10.350000381469727, "213": 10.350000381469727, "214": 10.359999656677246, "215": 10.369999885559082, "216": 10.390000343322754, "217": 10.380000114440918, "218": 10.369999885559082, "219": 10.369999885559082, "220": 10.34000015258789, "221": 10.369999885559082, "222": 10.319999694824219, "223": 10.300000190734863, "224": 10.300000190734863, "225": 10.25, "226": 10.329999923706055, "227": 10.25, "228": 10.3100004196167, "229": 10.329999923706055, "230": 10.3100004196167, "231": 10.449999809265137, "232": 10.390000343322754, "233": 10.369999885559082, "234": 10.350000381469727, "235": 10.359999656677246, "236": 10.350000381469727, "237": 10.380000114440918, "238": 10.380000114440918, "239": 10.390000343322754, "240": 10.380000114440918, "241": 10.380000114440918, "242": 10.359999656677246, "243": 10.380000114440918, "244": 10.380000114440918, "245": 10.380000114440918, "246": 10.399999618530273, "247": 10.350000381469727, "248": 10.350000381469727, "249": 10.350000381469727, "250": 10.350000381469727, "251": 10.361599922180176, "252": 10.361599922180176, "253": 10.361599922180176, "254": 10.361599922180176, "255": 10.361599922180176, "256": 10.350000381469727, "257": 10.380000114440918, "258": 10.399999618530273, "259": 10.399999618530273, "260": 10.399999618530273, "261": 10.399999618530273, "262": 10.399999618530273, "263": 10.40999984741211, "264": 10.40999984741211, "265": 10.40999984741211, "266": 10.430100440979004, "267": 10.420000076293945, "268": 10.420000076293945, "269": 10.4399995803833, "270": 10.420000076293945, "271": 10.420000076293945, "272": 10.4399995803833, "273": 10.4399995803833, "274": 10.4399995803833, "275": 10.5, "276": 10.460000038146973, "277": 10.460000038146973, "278": 10.460000038146973, "279": 10.460000038146973, "280": 10.449999809265137, "281": 10.449999809265137, "282": 10.449999809265137, "283": 10.430000305175781, "284": 10.460000038146973, "285": 10.430000305175781, "286": 10.4399995803833, "287": 10.430000305175781, "288": 10.430000305175781, "289": 10.430000305175781, "290": 10.430000305175781, "291": 10.430000305175781, "292": 10.479999542236328, "293": 10.479999542236328, "294": 10.479999542236328, "295": 10.479999542236328, "296": 10.399999618530273, "297": 10.479999542236328, "298": 10.479999542236328, "299": 10.479999542236328, "300": 10.479999542236328, "301": 10.479999542236328, "302": 10.479999542236328, "303": 10.479999542236328, "304": 10.479999542236328, "305": 10.479999542236328, "306": 10.479999542236328, "307": 10.479999542236328, "308": 10.479999542236328, "309": 10.479999542236328, "310": 10.479999542236328, "311": 10.430000305175781, "312": 10.430000305175781, "313": 10.430000305175781}, "close": {"0": 9.960000038146973, "1": 9.960000038146973, "2": 9.979999542236328, "3": 9.946000099182129, "4": 9.970000267028809, "5": 9.96150016784668, "6": 9.960000038146973, "7": 9.961199760437012, "8": 9.975000381469727, "9": 9.970000267028809, "10": 9.970000267028809, "11": 9.970000267028809, "12": 9.989999771118164, "13": 9.979999542236328, "14": 9.991100311279297, "15": 9.989999771118164, "16": 10.000800132751465, "17": 10.010000228881836, "18": 10.010000228881836, "19": 10.010000228881836, "20": 10.020000457763672, "21": 10.010000228881836, "22": 10.020000457763672, "23": 10.0, "24": 10.010000228881836, "25": 10.020000457763672, "26": 10.010000228881836, "27": 10.020000457763672, "28": 10.020000457763672, "29": 10.010000228881836, "30": 9.984199523925781, "31": 9.989999771118164, "32": 9.989999771118164, "33": 9.970000267028809, "34": 9.960000038146973, "35": 9.970000267028809, "36": 9.960000038146973, "37": 9.960000038146973, "38": 9.970000267028809, "39": 9.970000267028809, "40": 9.979999542236328, "41": 9.960000038146973, "42": 9.972399711608887, "43": 9.989999771118164, "44": 9.989999771118164, "45": 10.0, "46": 9.989999771118164, "47": 9.989999771118164, "48": 9.989999771118164, "49": 9.989999771118164, "50": 9.979999542236328, "51": 10.0, "52": 10.0, "53": 10.0, "54": 10.005000114440918, "55": 10.010000228881836, "56": 10.010000228881836, "57": 10.0, "58": 10.0, "59": 10.0, "60": 9.989999771118164, "61": 10.010000228881836, "62": 10.010000228881836, "63": 10.010000228881836, "64": 10.010000228881836, "65": 10.0, "66": 9.979999542236328, "67": 9.979999542236328, "68": 9.994999885559082, "69": 10.010000228881836, "70": 10.010000228881836, "71": 10.010000228881836, "72": 10.010000228881836, "73": 10.020000457763672, "74": 10.0, "75": 10.0, "76": 10.015000343322754, "77": 10.029999732971191, "78": 10.039999961853027, "79": 10.039999961853027, "80": 10.039999961853027, "81": 10.050000190734863, "82": 10.050000190734863, "83": 10.029999732971191, "84": 10.029999732971191, "85": 10.050000190734863, "86": 10.0600004196167, "87": 10.069999694824219, "88": 10.069999694824219, "89": 10.079999923706055, "90": 10.069999694824219, "91": 10.079999923706055, "92": 10.079999923706055, "93": 10.09000015258789, "94": 10.065999984741211, "95": 10.069999694824219, "96": 10.069999694824219, "97": 10.079999923706055, "98": 10.09000015258789, "99": 10.061100006103516, "100": 10.050000190734863, "101": 10.0600004196167, "102": 10.069999694824219, "103": 10.069999694824219, "104": 10.079999923706055, "105": 10.079999923706055, "106": 10.079999923706055, "107": 10.079999923706055, "108": 10.079999923706055, "109": 10.139399528503418, "110": 10.139399528503418, "111": 10.139399528503418, "112": 10.139399528503418, "113": 10.139399528503418, "114": 10.100000381469727, "115": 10.100000381469727, "116": 10.086000442504883, "117": 10.086000442504883, "118": 10.100000381469727, "119": 10.106200218200684, "120": 10.100000381469727, "121": 10.109999656677246, "122": 10.109999656677246, "123": 10.100000381469727, "124": 10.130000114440918, "125": 10.130000114440918, "126": 10.109999656677246, "127": 10.109999656677246, "128": 10.109999656677246, "129": 10.109999656677246, "130": 10.109999656677246, "131": 10.119999885559082, "132": 10.120100021362305, "133": 10.120100021362305, "134": 10.120100021362305, "135": 10.130000114440918, "136": 10.130000114440918, "137": 10.140000343322754, "138": 10.140000343322754, "139": 10.140000343322754, "140": 10.140000343322754, "141": 10.149999618530273, "142": 10.149999618530273, "143": 10.149999618530273, "144": 10.149999618530273, "145": 10.149999618530273, "146": 10.170000076293945, "147": 10.170000076293945, "148": 10.180000305175781, "149": 10.170000076293945, "150": 10.170000076293945, "151": 10.170000076293945, "152": 10.170000076293945, "153": 10.170000076293945, "154": 10.1899995803833, "155": 10.1899995803833, "156": 10.220000267028809, "157": 10.220000267028809, "158": 10.210000038146973, "159": 10.210000038146973, "160": 10.199999809265137, "161": 10.220000267028809, "162": 10.25, "163": 10.25, "164": 10.220000267028809, "165": 10.229999542236328, "166": 10.229999542236328, "167": 10.229999542236328, "168": 10.220000267028809, "169": 10.220000267028809, "170": 10.244999885559082, "171": 10.25, "172": 10.25, "173": 10.25, "174": 10.25, "175": 10.270000457763672, "176": 10.270000457763672, "177": 10.260000228881836, "178": 10.260000228881836, "179": 10.260000228881836, "180": 10.270000457763672, "181": 10.270000457763672, "182": 10.270000457763672, "183": 10.25, "184": 10.270000457763672, "185": 10.270000457763672, "186": 10.3100004196167, "187": 10.329999923706055, "188": 10.3100004196167, "189": 10.3100004196167, "190": 10.300000190734863, "191": 10.34000015258789, "192": 10.319999694824219, "193": 10.300000190734863, "194": 10.300000190734863, "195": 10.350000381469727, "196": 10.34000015258789, "197": 10.34000015258789, "198": 10.329999923706055, "199": 10.329999923706055, "200": 10.329999923706055, "201": 10.329999923706055, "202": 10.329999923706055, "203": 10.34000015258789, "204": 10.350000381469727, "205": 10.350000381469727, "206": 10.359999656677246, "207": 10.359999656677246, "208": 10.350000381469727, "209": 10.350000381469727, "210": 10.359999656677246, "211": 10.359999656677246, "212": 10.350000381469727, "213": 10.375, "214": 10.369999885559082, "215": 10.390000343322754, "216": 10.390000343322754, "217": 10.390000343322754, "218": 10.369999885559082, "219": 10.390000343322754, "220": 10.350000381469727, "221": 10.449999809265137, "222": 10.34000015258789, "223": 10.350000381469727, "224": 10.329999923706055, "225": 10.329999923706055, "226": 10.329999923706055, "227": 10.289999961853027, "228": 10.319999694824219, "229": 10.329999923706055, "230": 10.399999618530273, "231": 10.550000190734863, "232": 10.390000343322754, "233": 10.375, "234": 10.350000381469727, "235": 10.359999656677246, "236": 10.390000343322754, "237": 10.380000114440918, "238": 10.380000114440918, "239": 10.390000343322754, "240": 10.390000343322754, "241": 10.380000114440918, "242": 10.380000114440918, "243": 10.380000114440918, "244": 10.380000114440918, "245": 10.380000114440918, "246": 10.399999618530273, "247": 10.350000381469727, "248": 10.350000381469727, "249": 10.350000381469727, "250": 10.350000381469727, "251": 10.361599922180176, "252": 10.361599922180176, "253": 10.361599922180176, "254": 10.361599922180176, "255": 10.361599922180176, "256": 10.380000114440918, "257": 10.380000114440918, "258": 10.399999618530273, "259": 10.399999618530273, "260": 10.399999618530273, "261": 10.399999618530273, "262": 10.399999618530273, "263": 10.40999984741211, "264": 10.40999984741211, "265": 10.40999984741211, "266": 10.430100440979004, "267": 10.420000076293945, "268": 10.420000076293945, "269": 10.4399995803833, "270": 10.420000076293945, "271": 10.420000076293945, "272": 10.4399995803833, "273": 10.4399995803833, "274": 10.4399995803833, "275": 10.5, "276": 10.460000038146973, "277": 10.460000038146973, "278": 10.460000038146973, "279": 10.460000038146973, "280": 10.449999809265137, "281": 10.449999809265137, "282": 10.460000038146973, "283": 10.460000038146973, "284": 10.460000038146973, "285": 10.4399995803833, "286": 10.4399995803833, "287": 10.430000305175781, "288": 10.430000305175781, "289": 10.430000305175781, "290": 10.430000305175781, "291": 10.430000305175781, "292": 10.479999542236328, "293": 10.479999542236328, "294": 10.479999542236328, "295": 10.479999542236328, "296": 10.479999542236328, "297": 10.479999542236328, "298": 10.479999542236328, "299": 10.479999542236328, "300": 10.479999542236328, "301": 10.479999542236328, "302": 10.479999542236328, "303": 10.479999542236328, "304": 10.479999542236328, "305": 10.479999542236328, "306": 10.479999542236328, "307": 10.479999542236328, "308": 10.479999542236328, "309": 10.479999542236328, "310": 10.479999542236328, "311": 10.430000305175781, "312": 10.430000305175781, "313": 10.430000305175781}, "volume": {"0": 1007800.0, "1": 33000.0, "2": 515400.0, "3": 1200.0, "4": 302.0, "5": 7466.0, "6": 1562.0, "7": 1371903.0, "8": 47417.0, "9": 12381.0, "10": 39639.0, "11": 8772.0, "12": 51312.0, "13": 7527.0, "14": 160184.0, "15": 30766.0, "16": 15835.0, "17": 66669.0, "18": 22123.0, "19": 3045.0, "20": 30251.0, "21": 131314.0, "22": 10001.0, "23": 292181.0, "24": 51299.0, "25": 2121.0, "26": 3029.0, "27": 11650.0, "28": 10984.0, "29": 196063.0, "30": 18050.0, "31": 135023.0, "32": 25800.0, "33": 27130.0, "34": 5441.0, "35": 2835.0, "36": 2026.0, "37": 2034.0, "38": 7098.0, "39": 5058.0, "40": 4331.0, "41": 1980.0, "42": 621647.0, "43": 361646.0, "44": 155419.0, "45": 1261.0, "46": 3045.0, "47": 0.0, "48": 0.0, "49": 0.0, "50": 34447.0, "51": 101.0, "52": 0.0, "53": 1264.0, "54": 740.0, "55": 256.0, "56": 0.0, "57": 663.0, "58": 13390.0, "59": 0.0, "60": 906.0, "61": 326.0, "62": 0.0, "63": 23827.0, "64": 436.0, "65": 698.0, "66": 100.0, "67": 0.0, "68": 37540.0, "69": 2154.0, "70": 0.0, "71": 1633.0, "72": 313.0, "73": 10205.0, "74": 502.0, "75": 9015.0, "76": 2316.0, "77": 1018.0, "78": 104.0, "79": 0.0, "80": 0.0, "81": 83470.0, "82": 25620.0, "83": 103.0, "84": 0.0, "85": 250.0, "86": 2880.0, "87": 719.0, "88": 934.0, "89": 1516.0, "90": 343898.0, "91": 137774.0, "92": 0.0, "93": 208.0, "94": 945.0, "95": 200291.0, "96": 0.0, "97": 4195.0, "98": 113.0, "99": 367.0, "100": 192.0, "101": 21714.0, "102": 240929.0, "103": 202.0, "104": 516.0, "105": 0.0, "106": 0.0, "107": 0.0, "108": 0.0, "109": 586.0, "110": 0.0, "111": 0.0, "112": 0.0, "113": 0.0, "114": 590.0, "115": 803.0, "116": 3300.0, "117": 0.0, "118": 3894.0, "119": 401.0, "120": 2590.0, "121": 3008.0, "122": 0.0, "123": 628.0, "124": 103.0, "125": 0.0, "126": 181.0, "127": 4808.0, "128": 49453.0, "129": 12118.0, "130": 1376.0, "131": 112.0, "132": 16056.0, "133": 0.0, "134": 0.0, "135": 120.0, "136": 0.0, "137": 6300.0, "138": 0.0, "139": 67791.0, "140": 50000.0, "141": 173024.0, "142": 106702.0, "143": 8380.0, "144": 600.0, "145": 21879.0, "146": 309.0, "147": 0.0, "148": 201.0, "149": 376.0, "150": 213.0, "151": 173.0, "152": 201.0, "153": 101.0, "154": 1503.0, "155": 4318.0, "156": 206.0, "157": 107.0, "158": 4745.0, "159": 0.0, "160": 104.0, "161": 100116.0, "162": 105.0, "163": 108.0, "164": 110.0, "165": 109311.0, "166": 133760.0, "167": 0.0, "168": 101.0, "169": 124.0, "170": 103830.0, "171": 8189.0, "172": 5110.0, "173": 981.0, "174": 110.0, "175": 6330.0, "176": 10100.0, "177": 450346.0, "178": 92658.0, "179": 45669.0, "180": 203.0, "181": 131.0, "182": 10000.0, "183": 100.0, "184": 1114859.0, "185": 55259.0, "186": 5400.0, "187": 13184.0, "188": 29600.0, "189": 542286.0, "190": 14723.0, "191": 11201.0, "192": 734.0, "193": 8000.0, "194": 1502.0, "195": 7903.0, "196": 1434666.0, "197": 0.0, "198": 4458.0, "199": 0.0, "200": 0.0, "201": 0.0, "202": 0.0, "203": 3814.0, "204": 10204.0, "205": 460051.0, "206": 93302.0, "207": 2671.0, "208": 26000.0, "209": 15335.0, "210": 823321.0, "211": 101273.0, "212": 204.0, "213": 6978.0, "214": 651080.0, "215": 820826.0, "216": 0.0, "217": 188627.0, "218": 9172.0, "219": 1191123.0, "220": 22000.0, "221": 20026.0, "222": 17459.0, "223": 19127.0, "224": 402.0, "225": 3885.0, "226": 0.0, "227": 12789.0, "228": 400.0, "229": 109016.0, "230": 36595.0, "231": 2153.0, "232": 12681.0, "233": 7734.0, "234": 102.0, "235": 201008.0, "236": 513.0, "237": 100309.0, "238": 573787.0, "239": 853.0, "240": 103143.0, "241": 7602.0, "242": 110759.0, "243": 0.0, "244": 0.0, "245": 314288.0, "246": 1007.0, "247": 170.0, "248": 0.0, "249": 0.0, "250": 0.0, "251": 153.0, "252": 0.0, "253": 0.0, "254": 0.0, "255": 0.0, "256": 323.0, "257": 27269.0, "258": 13563.0, "259": 0.0, "260": 0.0, "261": 0.0, "262": 0.0, "263": 5006.0, "264": 0.0, "265": 0.0, "266": 152.0, "267": 100.0, "268": 0.0, "269": 64409.0, "270": 531.0, "271": 0.0, "272": 394.0, "273": 0.0, "274": 0.0, "275": 268.0, "276": 2852.0, "277": 0.0, "278": 0.0, "279": 0.0, "280": 420.0, "281": 27087.0, "282": 426429.0, "283": 1082667.0, "284": 228.0, "285": 250.0, "286": 0.0, "287": 122.0, "288": 0.0, "289": 0.0, "290": 0.0, "291": 0.0, "292": 115.0, "293": 0.0, "294": 0.0, "295": 0.0, "296": 6118.0, "297": 0.0, "298": 0.0, "299": 0.0, "300": 0.0, "301": 0.0, "302": 0.0, "303": 0.0, "304": 0.0, "305": 0.0, "306": 0.0, "307": 0.0, "308": 0.0, "309": 0.0, "310": 0.0, "311": 809.0, "312": 0.0, "313": 0.0}, "adjclose": {"0": 9.960000038146973, "1": 9.960000038146973, "2": 9.979999542236328, "3": 9.946000099182129, "4": 9.970000267028809, "5": 9.96150016784668, "6": 9.960000038146973, "7": 9.961199760437012, "8": 9.975000381469727, "9": 9.970000267028809, "10": 9.970000267028809, "11": 9.970000267028809, "12": 9.989999771118164, "13": 9.979999542236328, "14": 9.991100311279297, "15": 9.989999771118164, "16": 10.000800132751465, "17": 10.010000228881836, "18": 10.010000228881836, "19": 10.010000228881836, "20": 10.020000457763672, "21": 10.010000228881836, "22": 10.020000457763672, "23": 10.0, "24": 10.010000228881836, "25": 10.020000457763672, "26": 10.010000228881836, "27": 10.020000457763672, "28": 10.020000457763672, "29": 10.010000228881836, "30": 9.984199523925781, "31": 9.989999771118164, "32": 9.989999771118164, "33": 9.970000267028809, "34": 9.960000038146973, "35": 9.970000267028809, "36": 9.960000038146973, "37": 9.960000038146973, "38": 9.970000267028809, "39": 9.970000267028809, "40": 9.979999542236328, "41": 9.960000038146973, "42": 9.972399711608887, "43": 9.989999771118164, "44": 9.989999771118164, "45": 10.0, "46": 9.989999771118164, "47": 9.989999771118164, "48": 9.989999771118164, "49": 9.989999771118164, "50": 9.979999542236328, "51": 10.0, "52": 10.0, "53": 10.0, "54": 10.005000114440918, "55": 10.010000228881836, "56": 10.010000228881836, "57": 10.0, "58": 10.0, "59": 10.0, "60": 9.989999771118164, "61": 10.010000228881836, "62": 10.010000228881836, "63": 10.010000228881836, "64": 10.010000228881836, "65": 10.0, "66": 9.979999542236328, "67": 9.979999542236328, "68": 9.994999885559082, "69": 10.010000228881836, "70": 10.010000228881836, "71": 10.010000228881836, "72": 10.010000228881836, "73": 10.020000457763672, "74": 10.0, "75": 10.0, "76": 10.015000343322754, "77": 10.029999732971191, "78": 10.039999961853027, "79": 10.039999961853027, "80": 10.039999961853027, "81": 10.050000190734863, "82": 10.050000190734863, "83": 10.029999732971191, "84": 10.029999732971191, "85": 10.050000190734863, "86": 10.0600004196167, "87": 10.069999694824219, "88": 10.069999694824219, "89": 10.079999923706055, "90": 10.069999694824219, "91": 10.079999923706055, "92": 10.079999923706055, "93": 10.09000015258789, "94": 10.065999984741211, "95": 10.069999694824219, "96": 10.069999694824219, "97": 10.079999923706055, "98": 10.09000015258789, "99": 10.061100006103516, "100": 10.050000190734863, "101": 10.0600004196167, "102": 10.069999694824219, "103": 10.069999694824219, "104": 10.079999923706055, "105": 10.079999923706055, "106": 10.079999923706055, "107": 10.079999923706055, "108": 10.079999923706055, "109": 10.139399528503418, "110": 10.139399528503418, "111": 10.139399528503418, "112": 10.139399528503418, "113": 10.139399528503418, "114": 10.100000381469727, "115": 10.100000381469727, "116": 10.086000442504883, "117": 10.086000442504883, "118": 10.100000381469727, "119": 10.106200218200684, "120": 10.100000381469727, "121": 10.109999656677246, "122": 10.109999656677246, "123": 10.100000381469727, "124": 10.130000114440918, "125": 10.130000114440918, "126": 10.109999656677246, "127": 10.109999656677246, "128": 10.109999656677246, "129": 10.109999656677246, "130": 10.109999656677246, "131": 10.119999885559082, "132": 10.120100021362305, "133": 10.120100021362305, "134": 10.120100021362305, "135": 10.130000114440918, "136": 10.130000114440918, "137": 10.140000343322754, "138": 10.140000343322754, "139": 10.140000343322754, "140": 10.140000343322754, "141": 10.149999618530273, "142": 10.149999618530273, "143": 10.149999618530273, "144": 10.149999618530273, "145": 10.149999618530273, "146": 10.170000076293945, "147": 10.170000076293945, "148": 10.180000305175781, "149": 10.170000076293945, "150": 10.170000076293945, "151": 10.170000076293945, "152": 10.170000076293945, "153": 10.170000076293945, "154": 10.1899995803833, "155": 10.1899995803833, "156": 10.220000267028809, "157": 10.220000267028809, "158": 10.210000038146973, "159": 10.210000038146973, "160": 10.199999809265137, "161": 10.220000267028809, "162": 10.25, "163": 10.25, "164": 10.220000267028809, "165": 10.229999542236328, "166": 10.229999542236328, "167": 10.229999542236328, "168": 10.220000267028809, "169": 10.220000267028809, "170": 10.244999885559082, "171": 10.25, "172": 10.25, "173": 10.25, "174": 10.25, "175": 10.270000457763672, "176": 10.270000457763672, "177": 10.260000228881836, "178": 10.260000228881836, "179": 10.260000228881836, "180": 10.270000457763672, "181": 10.270000457763672, "182": 10.270000457763672, "183": 10.25, "184": 10.270000457763672, "185": 10.270000457763672, "186": 10.3100004196167, "187": 10.329999923706055, "188": 10.3100004196167, "189": 10.3100004196167, "190": 10.300000190734863, "191": 10.34000015258789, "192": 10.319999694824219, "193": 10.300000190734863, "194": 10.300000190734863, "195": 10.350000381469727, "196": 10.34000015258789, "197": 10.34000015258789, "198": 10.329999923706055, "199": 10.329999923706055, "200": 10.329999923706055, "201": 10.329999923706055, "202": 10.329999923706055, "203": 10.34000015258789, "204": 10.350000381469727, "205": 10.350000381469727, "206": 10.359999656677246, "207": 10.359999656677246, "208": 10.350000381469727, "209": 10.350000381469727, "210": 10.359999656677246, "211": 10.359999656677246, "212": 10.350000381469727, "213": 10.375, "214": 10.369999885559082, "215": 10.390000343322754, "216": 10.390000343322754, "217": 10.390000343322754, "218": 10.369999885559082, "219": 10.390000343322754, "220": 10.350000381469727, "221": 10.449999809265137, "222": 10.34000015258789, "223": 10.350000381469727, "224": 10.329999923706055, "225": 10.329999923706055, "226": 10.329999923706055, "227": 10.289999961853027, "228": 10.319999694824219, "229": 10.329999923706055, "230": 10.399999618530273, "231": 10.550000190734863, "232": 10.390000343322754, "233": 10.375, "234": 10.350000381469727, "235": 10.359999656677246, "236": 10.390000343322754, "237": 10.380000114440918, "238": 10.380000114440918, "239": 10.390000343322754, "240": 10.390000343322754, "241": 10.380000114440918, "242": 10.380000114440918, "243": 10.380000114440918, "244": 10.380000114440918, "245": 10.380000114440918, "246": 10.399999618530273, "247": 10.350000381469727, "248": 10.350000381469727, "249": 10.350000381469727, "250": 10.350000381469727, "251": 10.361599922180176, "252": 10.361599922180176, "253": 10.361599922180176, "254": 10.361599922180176, "255": 10.361599922180176, "256": 10.380000114440918, "257": 10.380000114440918, "258": 10.399999618530273, "259": 10.399999618530273, "260": 10.399999618530273, "261": 10.399999618530273, "262": 10.399999618530273, "263": 10.40999984741211, "264": 10.40999984741211, "265": 10.40999984741211, "266": 10.430100440979004, "267": 10.420000076293945, "268": 10.420000076293945, "269": 10.4399995803833, "270": 10.420000076293945, "271": 10.420000076293945, "272": 10.4399995803833, "273": 10.4399995803833, "274": 10.4399995803833, "275": 10.5, "276": 10.460000038146973, "277": 10.460000038146973, "278": 10.460000038146973, "279": 10.460000038146973, "280": 10.449999809265137, "281": 10.449999809265137, "282": 10.460000038146973, "283": 10.460000038146973, "284": 10.460000038146973, "285": 10.4399995803833, "286": 10.4399995803833, "287": 10.430000305175781, "288": 10.430000305175781, "289": 10.430000305175781, "290": 10.430000305175781, "291": 10.430000305175781, "292": 10.479999542236328, "293": 10.479999542236328, "294": 10.479999542236328, "295": 10.479999542236328, "296": 10.479999542236328, "297": 10.479999542236328, "298": 10.479999542236328, "299": 10.479999542236328, "300": 10.479999542236328, "301": 10.479999542236328, "302": 10.479999542236328, "303": 10.479999542236328, "304": 10.479999542236328, "305": 10.479999542236328, "306": 10.479999542236328, "307": 10.479999542236328, "308": 10.479999542236328, "309": 10.479999542236328, "310": 10.479999542236328, "311": 10.430000305175781, "312": 10.430000305175781, "313": 10.430000305175781}}, "profile": {"address1": "Hidden Pines Farm", "address2": "1409, Hopewell Road", "city": "Alpharetta", "state": "GA", "zip": "30004", "country": "United States", "phone": "770 813 6500", "website": "https://spac.axios.ag", "industry": "Shell Companies", "industryDisp": "Shell Companies", "sector": "Financial Services", "longBusinessSummary": "AXIOS Sustainable Growth Acquisition Corporation focuses on effecting a merger, share exchange, asset acquisition, share purchase, recapitalization, reorganization, or other similar business combination with one or more businesses. It intends to focus its search for a target business engaged in the agriculture, plant-based proteins, and related technology industry in Eastern Europe. The company was incorporated in 2021 and is based in Alpharetta, Georgia. AXIOS Sustainable Growth Acquisition Corporation operates as a subsidiary of AXIOS Sponsor LP.", "companyOfficers": [{"maxAge": 1, "name": "Mr. Benedikt E. Fortig", "age": 37, "title": "CEO & Director", "yearBorn": 1985, "exercisedValue": 0, "unexercisedValue": 0}, {"maxAge": 1, "name": "Dr. Ram  Burgi-Krishnamurthy", "age": 54, "title": "Chief Financial Officer", "yearBorn": 1968, "exercisedValue": 0, "unexercisedValue": 0}], "maxAge": 86400, "latitude": 34.103883600000074, "longitude": -84.26071749999994}}