{"income_statement": {"annual": {"Year": {"1": "Selling, General & Admin", "2": "Other Operating Expenses", "3": "Operating Expenses", "4": "Operating Income", "5": "Other Expense / Income", "6": "Pretax Income", "7": "Income Tax", "8": "Net Income", "9": "Shares Outstanding (Basic)", "10": "Shares Outstanding (Diluted)", "11": "EPS (Basic)", "12": "EPS (Diluted)", "13": "Free Cash Flow Per Share", "14": "Effective Tax Rate", "15": "EBITDA", "16": "EBIT"}, "2022": {"1": "1.42", "2": "0.2", "3": "1.62", "4": "-1.62", "5": "-13.3", "6": "11.67", "7": "0.75", "8": "10.92", "9": "34", "10": "34", "11": "0.32", "12": "0.32", "13": "-0.02", "14": "6.42%", "15": "11.67", "16": "11.67"}}, "quarterly": {"Metrics": {"1": "Selling, General & Admin", "2": "Other Operating Expenses", "3": "Operating Expenses", "4": "Operating Income", "5": "Other Expense / Income", "6": "Pretax Income", "7": "Income Tax", "8": "Net Income", "9": "Net Income Growth", "10": "Shares Outstanding (Basic)", "11": "Shares Outstanding (Diluted)", "12": "Shares Change", "13": "EPS (Basic)", "14": "EPS (Diluted)", "15": "EPS Growth", "16": "Free Cash Flow Per Share", "17": "Effective Tax Rate", "18": "EBITDA", "19": "EBIT"}, "2023-03-31": {"1": "0.63", "2": "0.05", "3": "0.68", "4": "-0.68", "5": "-3.71", "6": "3.04", "7": "0.6", "8": "2.43", "9": "-41.11%", "10": "34", "11": "34", "12": "-0.80%", "13": "0.07", "14": "0.07", "15": "-41.67%", "16": "-0.01", "17": "19.89%", "18": "3.04", "19": "3.04"}, "2022-12-31": {"1": "0.41", "2": "0.05", "3": "0.46", "4": "-0.46", "5": "-2.53", "6": "2.07", "7": "0.48", "8": "1.6", "9": "-84.35%", "10": "34", "11": "34", "12": "92.16%", "13": "0.05", "14": "0.05", "15": "-93.67%", "16": "-0.00", "17": "23.08%", "18": "2.07", "19": "2.07"}, "2022-09-30": {"1": "0.22", "2": "0.05", "3": "0.27", "4": "-0.27", "5": "-3.07", "6": "2.8", "7": "0.27", "8": "2.53", "9": "-", "10": "34", "11": "34", "12": "324.78%", "13": "0.07", "14": "0.07", "15": "-", "16": "-0.00", "17": "9.66%", "18": "2.8", "19": "2.8"}, "2022-06-30": {"1": "0.42", "2": "0.05", "3": "0.47", "4": "-0.47", "5": "-3.14", "6": "2.67", "7": "0", "8": "2.67", "9": "-", "10": "34", "11": "34", "12": "450.20%", "13": "0.08", "14": "0.08", "15": "-", "16": "-0.01", "17": "-", "18": "2.67", "19": "2.67"}, "2022-03-31": {"1": "0.38", "2": "0.05", "3": "0.43", "4": "-0.43", "5": "-4.56", "6": "4.13", "7": "0", "8": "4.13", "9": "-", "10": "34", "11": "34", "12": "-", "13": "0.12", "14": "0.12", "15": "-", "16": "-0.01", "17": "-", "18": "4.13", "19": "4.13"}, "2021-12-31": {"1": "0.27", "2": "-0.03", "3": "0.24", "4": "-0.24", "5": "-10.43", "6": "10.19", "7": "0", "8": "10.19", "9": "-", "10": "18", "11": "18", "12": "-", "13": "0.79", "14": "0.79", "15": "-", "16": "-", "17": "-", "18": "-", "19": "10.19"}, "2021-09-30": {"1": "0", "2": "0.15", "3": "0.15", "4": "-0.15", "5": "1.71", "6": "-1.87", "7": "0", "8": "-1.87", "9": "-", "10": "8", "11": "8", "12": "-", "13": "-0.25", "14": "-0.25", "15": "-", "16": "-", "17": "-", "18": "-", "19": "-1.87"}, "2021-06-25": {"1": "0", "2": "0", "3": "0", "4": "-0", "5": "-", "6": "-0", "7": "0", "8": "-0", "9": "-", "10": "6", "11": "6", "12": "-", "13": "-", "14": "-", "15": "-", "16": "-", "17": "-", "18": "-0", "19": "-0"}}}, "balance_sheet": {"annual": {"Year": {"1": "Cash & Equivalents", "2": "Cash & Cash Equivalents", "3": "Other Current Assets", "4": "Total Current Assets", "5": "Long-Term Investments", "6": "Total Long-Term Assets", "7": "Total Assets", "8": "Accounts Payable", "9": "Other Current Liabilities", "10": "Total Current Liabilities", "11": "Other Long-Term Liabilities", "12": "Total Long-Term Liabilities", "13": "Total Liabilities", "14": "Common Stock", "15": "Retained Earnings", "16": "Shareholders' Equity", "17": "Total Liabilities and Equity", "18": "Net Cash / Debt", "19": "Net Cash Per Share", "20": "Working Capital", "21": "Book Value Per Share"}, "2022": {"1": "0.25", "2": "0.25", "3": "0.16", "4": "0.41", "5": "278.78", "6": "278.78", "7": "279.2", "8": "0.08", "9": "1.39", "10": "1.47", "11": "10.48", "12": "10.48", "13": "11.95", "14": "0", "15": "-7.85", "16": "-7.85", "17": "4.1", "18": "0.25", "19": "0.01", "20": "-1.06", "21": "-0.23"}}, "quarterly": {"Metrics": {"1": "Cash & Equivalents", "2": "Cash & Cash Equivalents", "3": "Cash Growth", "4": "Other Current Assets", "5": "Total Current Assets", "6": "Long-Term Investments", "7": "Other Long-Term Assets", "8": "Total Long-Term Assets", "9": "Total Assets", "10": "Accounts Payable", "11": "Current Debt", "12": "Other Current Liabilities", "13": "Total Current Liabilities", "14": "Other Long-Term Liabilities", "15": "Total Long-Term Liabilities", "16": "Total Liabilities", "17": "Total Debt", "18": "Common Stock", "19": "Retained Earnings", "20": "Shareholders' Equity", "21": "Total Liabilities and Equity", "22": "Net Cash / Debt", "23": "Net Cash / Debt Growth", "24": "Net Cash Per Share", "25": "Working Capital", "26": "Book Value Per Share"}, "2023-03-31": {"1": "0.04", "2": "0.04", "3": "-85.65%", "4": "0.11", "5": "0.15", "6": "28.22", "7": "0", "8": "28.22", "9": "28.37", "10": "0.1", "11": "0", "12": "2.25", "13": "2.35", "14": "9.69", "15": "9.69", "16": "12.04", "17": "0", "18": "0", "19": "-5.42", "20": "-5.42", "21": "6.62", "22": "0.04", "23": "-85.65%", "24": "0.00", "25": "-2.2", "26": "-0.16"}, "2022-12-31": {"1": "0.25", "2": "0.25", "3": "-62.66%", "4": "0.16", "5": "0.41", "6": "278.78", "7": "0", "8": "278.78", "9": "279.2", "10": "0.08", "11": "0", "12": "1.39", "13": "1.47", "14": "10.48", "15": "10.48", "16": "11.95", "17": "0", "18": "0", "19": "-7.85", "20": "-7.85", "21": "4.1", "22": "0.25", "23": "-62.66%", "24": "0.01", "25": "-1.06", "26": "-0.23"}, "2022-09-30": {"1": "0.15", "2": "0.15", "3": "-79.49%", "4": "0.28", "5": "0.43", "6": "276.66", "7": "0", "8": "276.66", "9": "277.08", "10": "0.02", "11": "0", "12": "0.72", "13": "0.74", "14": "10.69", "15": "10.69", "16": "11.43", "17": "0", "18": "0", "19": "-9.45", "20": "-9.45", "21": "1.98", "22": "0.15", "23": "-79.49%", "24": "0.00", "25": "-0.31", "26": "-0.28"}, "2022-06-30": {"1": "0.19", "2": "0.19", "3": "661.35%", "4": "0.41", "5": "0.6", "6": "275.5", "7": "0", "8": "275.5", "9": "276.1", "10": "0.01", "11": "0", "12": "0.36", "13": "0.37", "14": "12.6", "15": "12.6", "16": "12.98", "17": "0", "18": "0", "19": "-11.98", "20": "-11.98", "21": "1", "22": "0.19", "23": "1803.38%", "24": "0.01", "25": "0.22", "26": "-0.35"}, "2022-03-31": {"1": "0.25", "2": "0.25", "3": "-", "4": "0.16", "5": "0.41", "6": "278.78", "7": "0", "8": "278.78", "9": "279.2", "10": "0.08", "11": "0", "12": "1.39", "13": "1.47", "14": "10.48", "15": "10.48", "16": "11.95", "17": "0", "18": "0", "19": "-7.85", "20": "-7.85", "21": "4.1", "22": "0.25", "23": "-", "24": "0.01", "25": "-1.06", "26": "-0.23"}, "2021-12-31": {"1": "0.67", "2": "0.67", "3": "-", "4": "0.41", "5": "1.08", "6": "275.11", "7": "0.25", "8": "275.36", "9": "276.44", "10": "0.04", "11": "0", "12": "0.17", "13": "0.21", "14": "19.91", "15": "19.91", "16": "20.12", "17": "0", "18": "0", "19": "-18.78", "20": "-18.78", "21": "1.34", "22": "0.67", "23": "-", "24": "0.04", "25": "0.87", "26": "-1.05"}, "2021-09-30": {"1": "0.72", "2": "0.72", "3": "-", "4": "0.55", "5": "1.27", "6": "250", "7": "0.25", "8": "250.25", "9": "251.52", "10": "0", "11": "0", "12": "0.15", "13": "0.15", "14": "27.81", "15": "27.81", "16": "27.96", "17": "0", "18": "0", "19": "-26.44", "20": "-26.44", "21": "1.52", "22": "0.72", "23": "-", "24": "0.09", "25": "1.11", "26": "-3.27"}, "2021-06-25": {"1": "0.03", "2": "0.03", "3": "-", "4": "0", "5": "0.03", "6": "0", "7": "0.12", "8": "0.12", "9": "0.14", "10": "0", "11": "0.02", "12": "0.11", "13": "0.12", "14": "0", "15": "0", "16": "0.12", "17": "0.02", "18": "0.03", "19": "-0", "20": "0.02", "21": "0.14", "22": "0.01", "23": "-", "24": "0.00", "25": "-0.1", "26": "0.00"}}}, "cash_flow_statement": {"annual": {"Year": {"1": "Net Income", "2": "Other Operating Activities", "3": "Operating Cash Flow", "4": "Change in Investments", "5": "Investing Cash Flow", "6": "Net Cash Flow", "7": "Free Cash Flow", "8": "Free Cash Flow Per Share"}, "2022": {"1": "10.92", "2": "-11.53", "3": "-0.61", "4": "0.19", "5": "0.19", "6": "-0.42", "7": "-0.61", "8": "-0.02"}}, "quarterly": {"Metrics": {"1": "Net Income", "2": "Other Operating Activities", "3": "Operating Cash Flow", "4": "Change in Investments", "5": "Investing Cash Flow", "6": "Share Issuance / Repurchase", "7": "Financing Cash Flow", "8": "Net Cash Flow", "9": "Free Cash Flow", "10": "Free Cash Flow Per Share"}, "2023-03-31": {"1": "2.43", "2": "-2.78", "3": "-0.34", "4": "253.48", "5": "253.48", "6": "-253.35", "7": "-253.35", "8": "-0.21", "9": "-0.34", "10": "-0.01"}, "2022-12-31": {"1": "1.6", "2": "-1.68", "3": "-0.09", "4": "0.19", "5": "0.19", "6": "0", "7": "0", "8": "0.1", "9": "-0.09", "10": "-0.00"}, "2022-09-30": {"1": "2.53", "2": "-2.57", "3": "-0.04", "4": "0", "5": "0", "6": "0", "7": "0", "8": "-0.04", "9": "-0.04", "10": "-0.00"}, "2022-06-30": {"1": "2.67", "2": "-2.94", "3": "-0.28", "4": "0", "5": "0", "6": "0", "7": "0", "8": "-0.28", "9": "-0.28", "10": "-0.01"}, "2022-03-31": {"1": "4.13", "2": "-4.33", "3": "-0.2", "4": "0", "5": "0", "6": "0", "7": "0", "8": "-0.2", "9": "-0.2", "10": "-0.01"}, "2021-12-31": {"1": "10.19", "2": "-10.19", "3": "-", "4": "-", "5": "-", "6": "-", "7": "-", "8": "-", "9": "-", "10": "-"}, "2021-09-30": {"1": "-1.87", "2": "1.87", "3": "-", "4": "-", "5": "-", "6": "-", "7": "-", "8": "-", "9": "-", "10": "-"}}}, "ratios": {"annual": {"Year": {"1": "Market Capitalization", "2": "Enterprise Value", "3": "PE Ratio", "4": "PB Ratio", "5": "P/FCF Ratio", "6": "P/OCF Ratio", "7": "EV/EBITDA Ratio", "8": "EV/EBIT Ratio", "9": "EV/FCF Ratio", "10": "Current Ratio", "11": "Return on Equity (ROE)", "12": "Return on Assets (ROA)", "13": "Return on Capital (ROIC)", "14": "Earnings Yield", "15": "FCF Yield", "16": "Buyback Yield / Dilution", "17": "Total Shareholder Return"}, "Current": {"1": "350", "2": "350", "3": "37.63", "4": "-63.77", "5": "-461.69", "6": "-461.69", "7": "33.09", "8": "33.09", "9": "-461.64", "10": "0.06", "11": "-106.40%", "12": "4.30%", "13": "4.90%", "14": "2.64%", "15": "-0.21%", "16": "0.80%", "17": "0.80%"}, "2022": {"1": "345", "2": "345", "3": "31.61", "4": "-43.97", "5": "-567.17", "6": "-567.17", "7": "29.56", "8": "29.56", "9": "-566.75", "10": "0.28", "11": "-117.70%", "12": "3.90%", "13": "4.20%", "14": "3.16%", "15": "-0.18%", "16": "-", "17": "-"}}, "quarterly": {"Metrics": {"1": "Market Capitalization", "2": "Market Cap Growth", "3": "Enterprise Value", "4": "PE Ratio", "5": "PB Ratio", "6": "Debt / Equity Ratio", "7": "Current Ratio", "8": "Buyback Yield / Dilution", "9": "Total Shareholder Return"}, "Current": {"1": "350", "2": "-", "3": "350", "4": "37.63", "5": "-63.77", "6": "-", "7": "0.06", "8": "0.80%", "9": "0.80%"}, "2023-03-31": {"1": "346", "2": "3.08%", "3": "346", "4": "37.46", "5": "-63.77", "6": "-", "7": "0.06", "8": "0.80%", "9": "0.80%"}, "2022-12-31": {"1": "345", "2": "3.83%", "3": "345", "4": "31.61", "5": "-43.97", "6": "-", "7": "0.28", "8": "-92.16%", "9": "-92.16%"}, "2022-09-30": {"1": "338", "2": "9.82%", "3": "338", "4": "17.34", "5": "-35.82", "6": "-", "7": "0.58", "8": "-324.78%", "9": "-324.78%"}, "2022-06-30": {"1": "336", "2": "-", "3": "335", "4": "22.19", "5": "-28.02", "6": "-", "7": "1.60", "8": "-450.20%", "9": "-450.20%"}, "2022-03-31": {"1": "335", "2": "-", "3": "335", "4": "26.92", "5": "-42.70", "6": "-", "7": "0.28", "8": "-", "9": "-"}, "2021-12-31": {"1": "333", "2": "-", "3": "332", "4": "39.97", "5": "-17.71", "6": "-", "7": "5.19", "8": "-", "9": "-"}, "2021-09-30": {"1": "308", "2": "-", "3": "307", "4": "-", "5": "-11.65", "6": "-", "7": "8.35", "8": "-", "9": "-"}, "2021-06-25": {"1": "-", "2": "-", "3": "-0", "4": "-", "5": "-", "6": "0.67", "7": "0.21", "8": "-", "9": "-"}}}, "stock_price": {"symbol": {"0": "BACA", "1": "BACA", "2": "BACA", "3": "BACA", "4": "BACA", "5": "BACA", "6": "BACA", "7": "BACA", "8": "BACA", "9": "BACA", "10": "BACA", "11": "BACA", "12": "BACA", "13": "BACA", "14": "BACA", "15": "BACA", "16": "BACA", "17": "BACA", "18": "BACA", "19": "BACA", "20": "BACA", "21": "BACA", "22": "BACA", "23": "BACA", "24": "BACA", "25": "BACA", "26": "BACA", "27": "BACA", "28": "BACA", "29": "BACA", "30": "BACA", "31": "BACA", "32": "BACA", "33": "BACA", "34": "BACA", "35": "BACA", "36": "BACA", "37": "BACA", "38": "BACA", "39": "BACA", "40": "BACA", "41": "BACA", "42": "BACA", "43": "BACA", "44": "BACA", "45": "BACA", "46": "BACA", "47": "BACA", "48": "BACA", "49": "BACA", "50": "BACA", "51": "BACA", "52": "BACA", "53": "BACA", "54": "BACA", "55": "BACA", "56": "BACA", "57": "BACA", "58": "BACA", "59": "BACA", "60": "BACA", "61": "BACA", "62": "BACA", "63": "BACA", "64": "BACA", "65": "BACA", "66": "BACA", "67": "BACA", "68": "BACA", "69": "BACA", "70": "BACA", "71": "BACA", "72": "BACA", "73": "BACA", "74": "BACA", "75": "BACA", "76": "BACA", "77": "BACA", "78": "BACA", "79": "BACA", "80": "BACA", "81": "BACA", "82": "BACA", "83": "BACA", "84": "BACA", "85": "BACA", "86": "BACA", "87": "BACA", "88": "BACA", "89": "BACA", "90": "BACA", "91": "BACA", "92": "BACA", "93": "BACA", "94": "BACA", "95": "BACA", "96": "BACA", "97": "BACA", "98": "BACA", "99": "BACA", "100": "BACA", "101": "BACA", "102": "BACA", "103": "BACA", "104": "BACA", "105": "BACA", "106": "BACA", "107": "BACA", "108": "BACA", "109": "BACA", "110": "BACA", "111": "BACA", "112": "BACA", "113": "BACA", "114": "BACA", "115": "BACA", "116": "BACA", "117": "BACA", "118": "BACA", "119": "BACA", "120": "BACA", "121": "BACA", "122": "BACA", "123": "BACA", "124": "BACA", "125": "BACA", "126": "BACA", "127": "BACA", "128": "BACA", "129": "BACA", "130": "BACA", "131": "BACA", "132": "BACA", "133": "BACA", "134": "BACA", "135": "BACA", "136": "BACA", "137": "BACA", "138": "BACA", "139": "BACA", "140": "BACA", "141": "BACA", "142": "BACA", "143": "BACA", "144": "BACA", "145": "BACA", "146": "BACA", "147": "BACA", "148": "BACA", "149": "BACA", "150": "BACA", "151": "BACA", "152": "BACA", "153": "BACA", "154": "BACA", "155": "BACA", "156": "BACA", "157": "BACA", "158": "BACA", "159": "BACA", "160": "BACA", "161": "BACA", "162": "BACA", "163": "BACA", "164": "BACA", "165": "BACA", "166": "BACA", "167": "BACA", "168": "BACA", "169": "BACA", "170": "BACA", "171": "BACA", "172": "BACA", "173": "BACA", "174": "BACA", "175": "BACA", "176": "BACA", "177": "BACA", "178": "BACA", "179": "BACA", "180": "BACA", "181": "BACA", "182": "BACA", "183": "BACA", "184": "BACA", "185": "BACA", "186": "BACA", "187": "BACA", "188": "BACA", "189": "BACA", "190": "BACA", "191": "BACA", "192": "BACA", "193": "BACA", "194": "BACA", "195": "BACA", "196": "BACA", "197": "BACA", "198": "BACA", "199": "BACA", "200": "BACA", "201": "BACA", "202": "BACA", "203": "BACA", "204": "BACA", "205": "BACA", "206": "BACA", "207": "BACA", "208": "BACA", "209": "BACA", "210": "BACA", "211": "BACA", "212": "BACA", "213": "BACA", "214": "BACA", "215": "BACA", "216": "BACA", "217": "BACA", "218": "BACA", "219": "BACA", "220": "BACA", "221": "BACA", "222": "BACA", "223": "BACA", "224": "BACA", "225": "BACA", "226": "BACA", "227": "BACA", "228": "BACA", "229": "BACA", "230": "BACA", "231": "BACA", "232": "BACA", "233": "BACA", "234": "BACA", "235": "BACA", "236": "BACA", "237": "BACA", "238": "BACA", "239": "BACA", "240": "BACA", "241": "BACA", "242": "BACA", "243": "BACA", "244": "BACA", "245": "BACA", "246": "BACA", "247": "BACA", "248": "BACA", "249": "BACA", "250": "BACA", "251": "BACA", "252": "BACA", "253": "BACA", "254": "BACA", "255": "BACA", "256": "BACA", "257": "BACA", "258": "BACA", "259": "BACA", "260": "BACA", "261": "BACA", "262": "BACA", "263": "BACA", "264": "BACA", "265": "BACA", "266": "BACA", "267": "BACA", "268": "BACA", "269": "BACA", "270": "BACA", "271": "BACA", "272": "BACA", "273": "BACA", "274": "BACA", "275": "BACA", "276": "BACA", "277": "BACA", "278": "BACA", "279": "BACA", "280": "BACA", "281": "BACA", "282": "BACA", "283": "BACA", "284": "BACA", "285": "BACA", "286": "BACA", "287": "BACA", "288": "BACA", "289": "BACA", "290": "BACA", "291": "BACA", "292": "BACA", "293": "BACA", "294": "BACA", "295": "BACA", "296": "BACA", "297": "BACA", "298": "BACA", "299": "BACA", "300": "BACA", "301": "BACA", "302": "BACA", "303": "BACA", "304": "BACA", "305": "BACA", "306": "BACA", "307": "BACA", "308": "BACA", "309": "BACA", "310": "BACA", "311": "BACA", "312": "BACA", "313": "BACA", "314": "BACA", "315": "BACA", "316": "BACA", "317": "BACA", "318": "BACA", "319": "BACA", "320": "BACA", "321": "BACA", "322": "BACA", "323": "BACA", "324": "BACA", "325": "BACA", "326": "BACA", "327": "BACA", "328": "BACA", "329": "BACA", "330": "BACA", "331": "BACA", "332": "BACA", "333": "BACA", "334": "BACA", "335": "BACA", "336": "BACA", "337": "BACA", "338": "BACA", "339": "BACA", "340": "BACA", "341": "BACA", "342": "BACA", "343": "BACA", "344": "BACA", "345": "BACA", "346": "BACA", "347": "BACA", "348": "BACA", "349": "BACA", "350": "BACA", "351": "BACA", "352": "BACA", "353": "BACA", "354": "BACA", "355": "BACA", "356": "BACA", "357": "BACA", "358": "BACA", "359": "BACA", "360": "BACA", "361": "BACA", "362": "BACA", "363": "BACA", "364": "BACA", "365": "BACA", "366": "BACA", "367": "BACA", "368": "BACA", "369": "BACA", "370": "BACA", "371": "BACA", "372": "BACA", "373": "BACA", "374": "BACA", "375": "BACA", "376": "BACA", "377": "BACA", "378": "BACA", "379": "BACA", "380": "BACA", "381": "BACA", "382": "BACA", "383": "BACA", "384": "BACA", "385": "BACA", "386": "BACA", "387": "BACA", "388": "BACA", "389": "BACA", "390": "BACA", "391": "BACA", "392": "BACA", "393": "BACA", "394": "BACA", "395": "BACA", "396": "BACA", "397": "BACA", "398": "BACA", "399": "BACA", "400": "BACA", "401": "BACA", "402": "BACA", "403": "BACA"}, "date": {"0": "2021-11-18", "1": "2021-11-19", "2": "2021-11-22", "3": "2021-11-23", "4": "2021-11-24", "5": "2021-11-26", "6": "2021-11-29", "7": "2021-11-30", "8": "2021-12-01", "9": "2021-12-02", "10": "2021-12-03", "11": "2021-12-06", "12": "2021-12-07", "13": "2021-12-08", "14": "2021-12-09", "15": "2021-12-10", "16": "2021-12-13", "17": "2021-12-14", "18": "2021-12-15", "19": "2021-12-16", "20": "2021-12-17", "21": "2021-12-20", "22": "2021-12-21", "23": "2021-12-22", "24": "2021-12-23", "25": "2021-12-27", "26": "2021-12-28", "27": "2021-12-29", "28": "2021-12-30", "29": "2021-12-31", "30": "2022-01-03", "31": "2022-01-04", "32": "2022-01-05", "33": "2022-01-06", "34": "2022-01-07", "35": "2022-01-10", "36": "2022-01-11", "37": "2022-01-12", "38": "2022-01-13", "39": "2022-01-14", "40": "2022-01-18", "41": "2022-01-19", "42": "2022-01-20", "43": "2022-01-21", "44": "2022-01-24", "45": "2022-01-25", "46": "2022-01-26", "47": "2022-01-27", "48": "2022-01-28", "49": "2022-01-31", "50": "2022-02-01", "51": "2022-02-02", "52": "2022-02-03", "53": "2022-02-04", "54": "2022-02-07", "55": "2022-02-08", "56": "2022-02-09", "57": "2022-02-10", "58": "2022-02-11", "59": "2022-02-14", "60": "2022-02-15", "61": "2022-02-16", "62": "2022-02-17", "63": "2022-02-18", "64": "2022-02-22", "65": "2022-02-23", "66": "2022-02-24", "67": "2022-02-25", "68": "2022-02-28", "69": "2022-03-01", "70": "2022-03-02", "71": "2022-03-03", "72": "2022-03-04", "73": "2022-03-07", "74": "2022-03-08", "75": "2022-03-09", "76": "2022-03-10", "77": "2022-03-11", "78": "2022-03-14", "79": "2022-03-15", "80": "2022-03-16", "81": "2022-03-17", "82": "2022-03-18", "83": "2022-03-21", "84": "2022-03-22", "85": "2022-03-23", "86": "2022-03-24", "87": "2022-03-25", "88": "2022-03-28", "89": "2022-03-29", "90": "2022-03-30", "91": "2022-03-31", "92": "2022-04-01", "93": "2022-04-04", "94": "2022-04-05", "95": "2022-04-06", "96": "2022-04-07", "97": "2022-04-08", "98": "2022-04-11", "99": "2022-04-12", "100": "2022-04-13", "101": "2022-04-14", "102": "2022-04-18", "103": "2022-04-19", "104": "2022-04-20", "105": "2022-04-21", "106": "2022-04-22", "107": "2022-04-25", "108": "2022-04-26", "109": "2022-04-27", "110": "2022-04-28", "111": "2022-04-29", "112": "2022-05-02", "113": "2022-05-03", "114": "2022-05-04", "115": "2022-05-05", "116": "2022-05-06", "117": "2022-05-09", "118": "2022-05-10", "119": "2022-05-11", "120": "2022-05-12", "121": "2022-05-13", "122": "2022-05-16", "123": "2022-05-17", "124": "2022-05-18", "125": "2022-05-19", "126": "2022-05-20", "127": "2022-05-23", "128": "2022-05-24", "129": "2022-05-25", "130": "2022-05-26", "131": "2022-05-27", "132": "2022-05-31", "133": "2022-06-01", "134": "2022-06-02", "135": "2022-06-03", "136": "2022-06-06", "137": "2022-06-07", "138": "2022-06-08", "139": "2022-06-09", "140": "2022-06-10", "141": "2022-06-13", "142": "2022-06-14", "143": "2022-06-15", "144": "2022-06-16", "145": "2022-06-17", "146": "2022-06-21", "147": "2022-06-22", "148": "2022-06-23", "149": "2022-06-24", "150": "2022-06-27", "151": "2022-06-28", "152": "2022-06-29", "153": "2022-06-30", "154": "2022-07-01", "155": "2022-07-05", "156": "2022-07-06", "157": "2022-07-07", "158": "2022-07-08", "159": "2022-07-11", "160": "2022-07-12", "161": "2022-07-13", "162": "2022-07-14", "163": "2022-07-15", "164": "2022-07-18", "165": "2022-07-19", "166": "2022-07-20", "167": "2022-07-21", "168": "2022-07-22", "169": "2022-07-25", "170": "2022-07-26", "171": "2022-07-27", "172": "2022-07-28", "173": "2022-07-29", "174": "2022-08-01", "175": "2022-08-02", "176": "2022-08-03", "177": "2022-08-04", "178": "2022-08-05", "179": "2022-08-08", "180": "2022-08-09", "181": "2022-08-10", "182": "2022-08-11", "183": "2022-08-12", "184": "2022-08-15", "185": "2022-08-16", "186": "2022-08-17", "187": "2022-08-18", "188": "2022-08-19", "189": "2022-08-22", "190": "2022-08-23", "191": "2022-08-24", "192": "2022-08-25", "193": "2022-08-26", "194": "2022-08-29", "195": "2022-08-30", "196": "2022-08-31", "197": "2022-09-01", "198": "2022-09-02", "199": "2022-09-06", "200": "2022-09-07", "201": "2022-09-08", "202": "2022-09-09", "203": "2022-09-12", "204": "2022-09-13", "205": "2022-09-14", "206": "2022-09-15", "207": "2022-09-16", "208": "2022-09-19", "209": "2022-09-20", "210": "2022-09-21", "211": "2022-09-22", "212": "2022-09-23", "213": "2022-09-26", "214": "2022-09-27", "215": "2022-09-28", "216": "2022-09-29", "217": "2022-09-30", "218": "2022-10-03", "219": "2022-10-04", "220": "2022-10-05", "221": "2022-10-06", "222": "2022-10-07", "223": "2022-10-10", "224": "2022-10-11", "225": "2022-10-12", "226": "2022-10-13", "227": "2022-10-14", "228": "2022-10-17", "229": "2022-10-18", "230": "2022-10-19", "231": "2022-10-20", "232": "2022-10-21", "233": "2022-10-24", "234": "2022-10-25", "235": "2022-10-26", "236": "2022-10-27", "237": "2022-10-28", "238": "2022-10-31", "239": "2022-11-01", "240": "2022-11-02", "241": "2022-11-03", "242": "2022-11-04", "243": "2022-11-07", "244": "2022-11-08", "245": "2022-11-09", "246": "2022-11-10", "247": "2022-11-11", "248": "2022-11-14", "249": "2022-11-15", "250": "2022-11-16", "251": "2022-11-17", "252": "2022-11-18", "253": "2022-11-21", "254": "2022-11-22", "255": "2022-11-23", "256": "2022-11-25", "257": "2022-11-28", "258": "2022-11-29", "259": "2022-11-30", "260": "2022-12-01", "261": "2022-12-02", "262": "2022-12-05", "263": "2022-12-06", "264": "2022-12-07", "265": "2022-12-08", "266": "2022-12-09", "267": "2022-12-12", "268": "2022-12-13", "269": "2022-12-14", "270": "2022-12-15", "271": "2022-12-16", "272": "2022-12-19", "273": "2022-12-20", "274": "2022-12-21", "275": "2022-12-22", "276": "2022-12-23", "277": "2022-12-27", "278": "2022-12-28", "279": "2022-12-29", "280": "2022-12-30", "281": "2023-01-03", "282": "2023-01-04", "283": "2023-01-05", "284": "2023-01-06", "285": "2023-01-09", "286": "2023-01-10", "287": "2023-01-11", "288": "2023-01-12", "289": "2023-01-13", "290": "2023-01-17", "291": "2023-01-18", "292": "2023-01-19", "293": "2023-01-20", "294": "2023-01-23", "295": "2023-01-24", "296": "2023-01-25", "297": "2023-01-26", "298": "2023-01-27", "299": "2023-01-30", "300": "2023-01-31", "301": "2023-02-01", "302": "2023-02-02", "303": "2023-02-03", "304": "2023-02-06", "305": "2023-02-07", "306": "2023-02-08", "307": "2023-02-09", "308": "2023-02-10", "309": "2023-02-13", "310": "2023-02-14", "311": "2023-02-15", "312": "2023-02-16", "313": "2023-02-17", "314": "2023-02-21", "315": "2023-02-22", "316": "2023-02-23", "317": "2023-02-24", "318": "2023-02-27", "319": "2023-02-28", "320": "2023-03-01", "321": "2023-03-02", "322": "2023-03-03", "323": "2023-03-06", "324": "2023-03-07", "325": "2023-03-08", "326": "2023-03-09", "327": "2023-03-10", "328": "2023-03-13", "329": "2023-03-14", "330": "2023-03-15", "331": "2023-03-16", "332": "2023-03-17", "333": "2023-03-20", "334": "2023-03-21", "335": "2023-03-22", "336": "2023-03-23", "337": "2023-03-24", "338": "2023-03-27", "339": "2023-03-28", "340": "2023-03-29", "341": "2023-03-30", "342": "2023-03-31", "343": "2023-04-03", "344": "2023-04-04", "345": "2023-04-05", "346": "2023-04-06", "347": "2023-04-10", "348": "2023-04-11", "349": "2023-04-12", "350": "2023-04-13", "351": "2023-04-14", "352": "2023-04-17", "353": "2023-04-18", "354": "2023-04-19", "355": "2023-04-20", "356": "2023-04-21", "357": "2023-04-24", "358": "2023-04-25", "359": "2023-04-26", "360": "2023-04-27", "361": "2023-04-28", "362": "2023-05-01", "363": "2023-05-02", "364": "2023-05-03", "365": "2023-05-04", "366": "2023-05-05", "367": "2023-05-08", "368": "2023-05-09", "369": "2023-05-10", "370": "2023-05-11", "371": "2023-05-12", "372": "2023-05-15", "373": "2023-05-16", "374": "2023-05-17", "375": "2023-05-18", "376": "2023-05-19", "377": "2023-05-22", "378": "2023-05-23", "379": "2023-05-24", "380": "2023-05-25", "381": "2023-05-26", "382": "2023-05-30", "383": "2023-05-31", "384": "2023-06-01", "385": "2023-06-02", "386": "2023-06-05", "387": "2023-06-06", "388": "2023-06-07", "389": "2023-06-08", "390": "2023-06-09", "391": "2023-06-12", "392": "2023-06-13", "393": "2023-06-14", "394": "2023-06-15", "395": "2023-06-16", "396": "2023-06-20", "397": "2023-06-21", "398": "2023-06-22", "399": "2023-06-23", "400": "2023-06-26", "401": "2023-06-27", "402": "2023-06-28", "403": "2023-06-29"}, "open": {"0": 9.649999618530273, "1": 9.699999809265137, "2": 9.710000038146973, "3": 9.720000267028809, "4": 9.699999809265137, "5": 9.720000267028809, "6": 9.730999946594238, "7": 9.729999542236328, "8": 9.710000038146973, "9": 9.710000038146973, "10": 9.760000228881836, "11": 9.770000457763672, "12": 9.729999542236328, "13": 9.739999771118164, "14": 9.75, "15": 9.699999809265137, "16": 9.6899995803833, "17": 9.699999809265137, "18": 9.699999809265137, "19": 9.6899995803833, "20": 9.670000076293945, "21": 9.699999809265137, "22": 9.699999809265137, "23": 9.720000267028809, "24": 9.75, "25": 9.720000267028809, "26": 9.680000305175781, "27": 9.680000305175781, "28": 9.680000305175781, "29": 9.670000076293945, "30": 9.680000305175781, "31": 9.6899995803833, "32": 9.680000305175781, "33": 9.6850004196167, "34": 9.6850004196167, "35": 9.680000305175781, "36": 9.680000305175781, "37": 9.739999771118164, "38": 9.6850004196167, "39": 9.680000305175781, "40": 9.680000305175781, "41": 9.65999984741211, "42": 9.670000076293945, "43": 9.670000076293945, "44": 9.65999984741211, "45": 9.649999618530273, "46": 9.65999984741211, "47": 9.649999618530273, "48": 9.649999618530273, "49": 9.649999618530273, "50": 9.664999961853027, "51": 9.725000381469727, "52": 9.699999809265137, "53": 9.720000267028809, "54": 9.710000038146973, "55": 9.729999542236328, "56": 9.699999809265137, "57": 9.699999809265137, "58": 9.699999809265137, "59": 9.699999809265137, "60": 9.6899995803833, "61": 9.6899995803833, "62": 9.6899995803833, "63": 9.6899995803833, "64": 9.6899995803833, "65": 9.6899995803833, "66": 9.6899995803833, "67": 9.6899995803833, "68": 9.739999771118164, "69": 9.720000267028809, "70": 9.710000038146973, "71": 9.710000038146973, "72": 9.720000267028809, "73": 9.739999771118164, "74": 9.739999771118164, "75": 9.770000457763672, "76": 9.718999862670898, "77": 9.718999862670898, "78": 9.729999542236328, "79": 9.720000267028809, "80": 9.720000267028809, "81": 9.720000267028809, "82": 9.720000267028809, "83": 9.734999656677246, "84": 9.720000267028809, "85": 9.710000038146973, "86": 9.720000267028809, "87": 9.734999656677246, "88": 9.739999771118164, "89": 9.779999732971191, "90": 9.729999542236328, "91": 9.75, "92": 9.75, "93": 9.75, "94": 9.770000457763672, "95": 9.75, "96": 9.739999771118164, "97": 9.75, "98": 9.760000228881836, "99": 9.765000343322754, "100": 9.75, "101": 9.770000457763672, "102": 9.770000457763672, "103": 9.782999992370605, "104": 9.779999732971191, "105": 9.779999732971191, "106": 9.800000190734863, "107": 9.779999732971191, "108": 9.779999732971191, "109": 9.760000228881836, "110": 9.779999732971191, "111": 9.779999732971191, "112": 9.779999732971191, "113": 9.779999732971191, "114": 9.8100004196167, "115": 9.8100004196167, "116": 9.8100004196167, "117": 9.8100004196167, "118": 9.760000228881836, "119": 9.774999618530273, "120": 9.770000457763672, "121": 9.770000457763672, "122": 9.770000457763672, "123": 9.729999542236328, "124": 9.720000267028809, "125": 9.720000267028809, "126": 9.729999542236328, "127": 9.710000038146973, "128": 9.720000267028809, "129": 9.720000267028809, "130": 9.760000228881836, "131": 9.765000343322754, "132": 9.75, "133": 9.75, "134": 9.75, "135": 9.75, "136": 9.800000190734863, "137": 9.75, "138": 9.760000228881836, "139": 9.770000457763672, "140": 9.75, "141": 9.770000457763672, "142": 9.8100004196167, "143": 9.739999771118164, "144": 9.800000190734863, "145": 9.760000228881836, "146": 9.760000228881836, "147": 9.770000457763672, "148": 9.770000457763672, "149": 9.770000457763672, "150": 9.770000457763672, "151": 9.770000457763672, "152": 9.774999618530273, "153": 9.760000228881836, "154": 9.779999732971191, "155": 9.779999732971191, "156": 9.760000228881836, "157": 9.789999961853027, "158": 9.789999961853027, "159": 9.779999732971191, "160": 9.779999732971191, "161": 9.779999732971191, "162": 9.779999732971191, "163": 9.774999618530273, "164": 9.774999618530273, "165": 9.8100004196167, "166": 9.8100004196167, "167": 9.789999961853027, "168": 9.800000190734863, "169": 9.84000015258789, "170": 9.805000305175781, "171": 9.805000305175781, "172": 9.800000190734863, "173": 9.800000190734863, "174": 9.800000190734863, "175": 9.850000381469727, "176": 9.824999809265137, "177": 9.8100004196167, "178": 9.850000381469727, "179": 9.800000190734863, "180": 9.819999694824219, "181": 9.819999694824219, "182": 9.819999694824219, "183": 9.84000015258789, "184": 9.829999923706055, "185": 9.84000015258789, "186": 9.819999694824219, "187": 9.819999694824219, "188": 9.819999694824219, "189": 9.829999923706055, "190": 9.829999923706055, "191": 9.819999694824219, "192": 9.829999923706055, "193": 9.859999656677246, "194": 9.819999694824219, "195": 9.819999694824219, "196": 9.819999694824219, "197": 9.829999923706055, "198": 9.8100004196167, "199": 9.819999694824219, "200": 9.819999694824219, "201": 9.819999694824219, "202": 9.819999694824219, "203": 9.819999694824219, "204": 9.819999694824219, "205": 9.819999694824219, "206": 9.819999694824219, "207": 9.770000457763672, "208": 9.819999694824219, "209": 9.770000457763672, "210": 9.819999694824219, "211": 9.819999694824219, "212": 9.819999694824219, "213": 9.8100004196167, "214": 9.819999694824219, "215": 9.819999694824219, "216": 9.845000267028809, "217": 9.84000015258789, "218": 9.84000015258789, "219": 9.84000015258789, "220": 9.84000015258789, "221": 9.84000015258789, "222": 9.84000015258789, "223": 9.84000015258789, "224": 9.850000381469727, "225": 9.850000381469727, "226": 9.84000015258789, "227": 9.84000015258789, "228": 9.84000015258789, "229": 9.84000015258789, "230": 9.850000381469727, "231": 9.850000381469727, "232": 9.850000381469727, "233": 9.850000381469727, "234": 9.850000381469727, "235": 9.880000114440918, "236": 9.90999984741211, "237": 9.90999984741211, "238": 9.90999984741211, "239": 9.930000305175781, "240": 9.930000305175781, "241": 9.930000305175781, "242": 9.920000076293945, "243": 9.90999984741211, "244": 9.989999771118164, "245": 9.979999542236328, "246": 10.0, "247": 10.0, "248": 9.989999771118164, "249": 10.0, "250": 10.010000228881836, "251": 10.010000228881836, "252": 10.0, "253": 10.0, "254": 10.020000457763672, "255": 10.010000228881836, "256": 10.020000457763672, "257": 10.029999732971191, "258": 10.010000228881836, "259": 10.010000228881836, "260": 10.039999961853027, "261": 10.039999961853027, "262": 10.039999961853027, "263": 10.020000457763672, "264": 10.020000457763672, "265": 10.109999656677246, "266": 10.010000228881836, "267": 10.010000228881836, "268": 10.020000457763672, "269": 9.970000267028809, "270": 9.970000267028809, "271": 9.979999542236328, "272": 9.989999771118164, "273": 10.039999961853027, "274": 10.029999732971191, "275": 10.039999961853027, "276": 10.041999816894531, "277": 10.069999694824219, "278": 10.430000305175781, "279": 10.25, "280": 10.039999961853027, "281": 10.289999961853027, "282": 10.069999694824219, "283": 10.039999961853027, "284": 10.039999961853027, "285": 10.029999732971191, "286": 10.069999694824219, "287": 10.050000190734863, "288": 10.050000190734863, "289": 10.015000343322754, "290": 10.0, "291": 10.069999694824219, "292": 10.109999656677246, "293": 10.119999885559082, "294": 10.029999732971191, "295": 10.029999732971191, "296": 10.029999732971191, "297": 10.069999694824219, "298": 10.1899995803833, "299": 10.149999618530273, "300": 10.149999618530273, "301": 10.100000381469727, "302": 10.100000381469727, "303": 10.100000381469727, "304": 10.09000015258789, "305": 10.118000030517578, "306": 10.109999656677246, "307": 10.109999656677246, "308": 10.109999656677246, "309": 10.100000381469727, "310": 10.119999885559082, "311": 10.109999656677246, "312": 10.130000114440918, "313": 10.130000114440918, "314": 10.050000190734863, "315": 10.119999885559082, "316": 10.130000114440918, "317": 10.109999656677246, "318": 10.109999656677246, "319": 10.140000343322754, "320": 10.140000343322754, "321": 10.15999984741211, "322": 10.15999984741211, "323": 10.140000343322754, "324": 10.149999618530273, "325": 10.140000343322754, "326": 10.149999618530273, "327": 10.130000114440918, "328": 10.149999618530273, "329": 10.15999984741211, "330": 10.180000305175781, "331": 10.170000076293945, "332": 10.170000076293945, "333": 10.170000076293945, "334": 10.1850004196167, "335": 10.1899995803833, "336": 10.194999694824219, "337": 10.229999542236328, "338": 10.1899995803833, "339": 10.329999923706055, "340": 10.100000381469727, "341": 10.079999923706055, "342": 10.09000015258789, "343": 10.050000190734863, "344": 10.100000381469727, "345": 10.0600004196167, "346": 10.0600004196167, "347": 10.100000381469727, "348": 10.25, "349": 10.229999542236328, "350": 10.130000114440918, "351": 10.180000305175781, "352": 10.109999656677246, "353": 10.069999694824219, "354": 10.0600004196167, "355": 10.0600004196167, "356": 10.0600004196167, "357": 10.0600004196167, "358": 10.0600004196167, "359": 10.0600004196167, "360": 10.0600004196167, "361": 10.109999656677246, "362": 10.109999656677246, "363": 10.109999656677246, "364": 10.109999656677246, "365": 10.109999656677246, "366": 10.109999656677246, "367": 10.109999656677246, "368": 10.109999656677246, "369": 10.119999885559082, "370": 10.119999885559082, "371": 10.130000114440918, "372": 10.109999656677246, "373": 10.140000343322754, "374": 10.319999694824219, "375": 10.25, "376": 10.350000381469727, "377": 10.25, "378": 10.220000267028809, "379": 10.229999542236328, "380": 10.279999732971191, "381": 10.229999542236328, "382": 10.350000381469727, "383": 10.130000114440918, "384": 10.239999771118164, "385": 10.239999771118164, "386": 10.25, "387": 10.399999618530273, "388": 10.350000381469727, "389": 10.399999618530273, "390": 10.329999923706055, "391": 10.329999923706055, "392": 10.25, "393": 10.25, "394": 10.260000228881836, "395": 10.300000190734863, "396": 10.300000190734863, "397": 10.270000457763672, "398": 10.270000457763672, "399": 10.270000457763672, "400": 10.270000457763672, "401": 10.270000457763672, "402": 10.270000457763672, "403": 10.430000305175781}, "high": {"0": 9.699999809265137, "1": 9.729999542236328, "2": 9.710000038146973, "3": 9.75, "4": 9.75, "5": 9.720000267028809, "6": 9.78499984741211, "7": 9.729999542236328, "8": 9.720000267028809, "9": 9.74899959564209, "10": 9.760000228881836, "11": 9.770000457763672, "12": 9.729999542236328, "13": 9.739999771118164, "14": 9.75, "15": 9.699999809265137, "16": 9.699999809265137, "17": 9.699999809265137, "18": 9.699999809265137, "19": 9.6899995803833, "20": 9.699999809265137, "21": 9.699999809265137, "22": 9.720000267028809, "23": 9.720000267028809, "24": 9.75, "25": 9.720000267028809, "26": 9.680000305175781, "27": 9.680000305175781, "28": 9.680000305175781, "29": 9.680000305175781, "30": 9.689000129699707, "31": 9.6899995803833, "32": 9.6899995803833, "33": 9.6899995803833, "34": 9.6899995803833, "35": 9.680000305175781, "36": 9.699999809265137, "37": 9.739999771118164, "38": 9.6850004196167, "39": 9.680000305175781, "40": 9.680000305175781, "41": 9.670000076293945, "42": 9.680000305175781, "43": 9.670000076293945, "44": 9.65999984741211, "45": 9.664999961853027, "46": 9.699999809265137, "47": 9.670000076293945, "48": 9.649999618530273, "49": 9.649999618530273, "50": 9.670000076293945, "51": 9.725000381469727, "52": 9.720000267028809, "53": 9.720000267028809, "54": 9.729999542236328, "55": 9.729999542236328, "56": 9.699999809265137, "57": 9.699999809265137, "58": 9.699999809265137, "59": 9.699999809265137, "60": 9.6899995803833, "61": 9.6899995803833, "62": 9.6899995803833, "63": 9.6899995803833, "64": 9.6899995803833, "65": 9.6899995803833, "66": 9.699999809265137, "67": 9.6899995803833, "68": 9.739999771118164, "69": 9.729000091552734, "70": 9.710000038146973, "71": 9.710000038146973, "72": 9.729999542236328, "73": 9.739999771118164, "74": 9.739999771118164, "75": 9.770000457763672, "76": 9.718999862670898, "77": 9.718999862670898, "78": 9.729999542236328, "79": 9.720000267028809, "80": 9.720000267028809, "81": 9.720000267028809, "82": 9.720000267028809, "83": 9.734999656677246, "84": 9.720000267028809, "85": 9.720000267028809, "86": 9.720000267028809, "87": 9.739999771118164, "88": 9.739999771118164, "89": 9.779999732971191, "90": 9.729999542236328, "91": 9.75, "92": 9.765000343322754, "93": 9.75, "94": 9.770000457763672, "95": 9.75, "96": 9.760000228881836, "97": 9.760000228881836, "98": 9.760000228881836, "99": 9.765000343322754, "100": 9.78499984741211, "101": 9.779999732971191, "102": 9.770000457763672, "103": 9.782999992370605, "104": 9.779999732971191, "105": 9.779999732971191, "106": 9.800000190734863, "107": 9.779999732971191, "108": 9.779999732971191, "109": 9.779999732971191, "110": 9.779999732971191, "111": 9.779999732971191, "112": 9.779999732971191, "113": 9.800000190734863, "114": 9.8100004196167, "115": 9.8100004196167, "116": 9.8100004196167, "117": 9.8100004196167, "118": 9.779999732971191, "119": 9.774999618530273, "120": 9.770000457763672, "121": 9.770000457763672, "122": 9.770000457763672, "123": 9.729999542236328, "124": 9.720000267028809, "125": 9.720000267028809, "126": 9.729999542236328, "127": 9.710000038146973, "128": 9.720000267028809, "129": 9.720000267028809, "130": 9.760000228881836, "131": 9.765000343322754, "132": 9.75, "133": 9.75, "134": 9.75, "135": 9.75, "136": 9.800000190734863, "137": 9.770000457763672, "138": 9.760000228881836, "139": 9.770000457763672, "140": 9.770000457763672, "141": 9.770000457763672, "142": 9.8100004196167, "143": 9.739999771118164, "144": 9.800000190734863, "145": 9.770000457763672, "146": 9.770000457763672, "147": 9.779999732971191, "148": 9.770000457763672, "149": 9.770000457763672, "150": 9.770000457763672, "151": 9.770000457763672, "152": 9.774999618530273, "153": 9.760000228881836, "154": 9.779999732971191, "155": 9.779999732971191, "156": 9.789999961853027, "157": 9.789999961853027, "158": 9.789999961853027, "159": 9.779999732971191, "160": 9.779999732971191, "161": 9.779999732971191, "162": 9.779999732971191, "163": 9.774999618530273, "164": 9.774999618530273, "165": 9.8100004196167, "166": 9.8100004196167, "167": 9.800000190734863, "168": 9.800000190734863, "169": 9.84000015258789, "170": 9.805000305175781, "171": 9.805000305175781, "172": 9.800000190734863, "173": 9.800000190734863, "174": 9.800000190734863, "175": 9.850000381469727, "176": 9.824999809265137, "177": 9.8100004196167, "178": 9.850000381469727, "179": 9.800000190734863, "180": 9.819999694824219, "181": 9.819999694824219, "182": 9.84000015258789, "183": 9.84000015258789, "184": 9.829999923706055, "185": 9.84000015258789, "186": 9.829999923706055, "187": 9.829999923706055, "188": 9.819999694824219, "189": 9.829999923706055, "190": 9.829999923706055, "191": 9.829999923706055, "192": 9.829999923706055, "193": 9.859999656677246, "194": 9.819999694824219, "195": 9.819999694824219, "196": 9.829999923706055, "197": 9.850000381469727, "198": 9.819999694824219, "199": 9.819999694824219, "200": 9.819999694824219, "201": 9.819999694824219, "202": 9.829999923706055, "203": 9.829999923706055, "204": 9.829999923706055, "205": 9.819999694824219, "206": 9.819999694824219, "207": 9.84000015258789, "208": 9.819999694824219, "209": 9.819999694824219, "210": 9.819999694824219, "211": 9.819999694824219, "212": 9.819999694824219, "213": 9.819999694824219, "214": 9.819999694824219, "215": 9.859999656677246, "216": 9.845000267028809, "217": 9.84000015258789, "218": 9.84000015258789, "219": 9.84000015258789, "220": 9.850000381469727, "221": 9.84000015258789, "222": 9.854999542236328, "223": 9.850000381469727, "224": 9.850000381469727, "225": 9.850000381469727, "226": 9.840999603271484, "227": 9.84000015258789, "228": 9.84000015258789, "229": 9.84000015258789, "230": 9.850000381469727, "231": 9.850000381469727, "232": 9.850000381469727, "233": 9.850000381469727, "234": 9.869999885559082, "235": 9.899999618530273, "236": 9.90999984741211, "237": 9.90999984741211, "238": 9.90999984741211, "239": 9.930000305175781, "240": 9.930000305175781, "241": 9.930000305175781, "242": 9.925000190734863, "243": 9.920000076293945, "244": 10.010000228881836, "245": 9.994999885559082, "246": 10.010000228881836, "247": 10.0, "248": 9.996000289916992, "249": 10.005000114440918, "250": 10.015000343322754, "251": 10.010000228881836, "252": 10.010000228881836, "253": 10.149999618530273, "254": 10.039999961853027, "255": 10.029999732971191, "256": 10.029999732971191, "257": 10.029999732971191, "258": 10.010000228881836, "259": 10.010000228881836, "260": 10.04800033569336, "261": 10.039999961853027, "262": 10.039999961853027, "263": 10.029999732971191, "264": 10.029999732971191, "265": 10.109999656677246, "266": 10.1899995803833, "267": 10.010000228881836, "268": 10.029999732971191, "269": 9.970000267028809, "270": 10.0, "271": 9.989999771118164, "272": 10.029999732971191, "273": 10.039999961853027, "274": 10.039999961853027, "275": 10.069999694824219, "276": 10.045000076293945, "277": 10.071000099182129, "278": 10.430000305175781, "279": 10.25, "280": 10.039999961853027, "281": 10.289999961853027, "282": 10.069999694824219, "283": 10.039999961853027, "284": 10.039999961853027, "285": 10.029999732971191, "286": 10.069999694824219, "287": 10.050000190734863, "288": 10.050000190734863, "289": 10.0600004196167, "290": 10.029999732971191, "291": 10.170000076293945, "292": 10.109999656677246, "293": 10.119999885559082, "294": 10.029999732971191, "295": 10.029999732971191, "296": 10.029999732971191, "297": 10.069999694824219, "298": 10.1899995803833, "299": 10.149999618530273, "300": 10.149999618530273, "301": 10.100000381469727, "302": 10.100000381469727, "303": 10.109999656677246, "304": 10.130000114440918, "305": 10.118000030517578, "306": 10.109999656677246, "307": 10.109999656677246, "308": 10.109999656677246, "309": 10.100000381469727, "310": 10.119999885559082, "311": 10.109999656677246, "312": 10.130000114440918, "313": 10.130000114440918, "314": 10.130000114440918, "315": 10.119999885559082, "316": 10.130000114440918, "317": 10.140000343322754, "318": 10.109999656677246, "319": 10.140000343322754, "320": 10.140000343322754, "321": 10.170000076293945, "322": 10.204999923706055, "323": 10.15999984741211, "324": 10.170000076293945, "325": 10.140000343322754, "326": 10.15999984741211, "327": 10.149999618530273, "328": 10.149999618530273, "329": 10.170000076293945, "330": 10.229999542236328, "331": 10.170000076293945, "332": 10.170000076293945, "333": 10.170000076293945, "334": 10.1850004196167, "335": 10.199999809265137, "336": 10.194999694824219, "337": 10.574999809265137, "338": 11.359999656677246, "339": 10.460000038146973, "340": 10.140000343322754, "341": 10.079999923706055, "342": 10.100000381469727, "343": 10.140000343322754, "344": 10.100000381469727, "345": 10.0600004196167, "346": 10.100000381469727, "347": 10.875, "348": 10.539999961853027, "349": 10.229999542236328, "350": 10.199999809265137, "351": 10.199999809265137, "352": 10.109999656677246, "353": 10.100000381469727, "354": 10.0600004196167, "355": 10.0600004196167, "356": 10.0600004196167, "357": 10.0600004196167, "358": 10.0600004196167, "359": 10.0600004196167, "360": 10.0600004196167, "361": 10.130000114440918, "362": 10.109999656677246, "363": 10.109999656677246, "364": 10.109999656677246, "365": 10.109999656677246, "366": 10.109999656677246, "367": 10.111000061035156, "368": 10.119999885559082, "369": 10.130000114440918, "370": 10.119999885559082, "371": 10.4399995803833, "372": 10.109999656677246, "373": 10.510000228881836, "374": 10.319999694824219, "375": 10.25, "376": 10.460000038146973, "377": 10.4399995803833, "378": 10.220000267028809, "379": 10.329999923706055, "380": 10.390000343322754, "381": 10.449999809265137, "382": 10.350000381469727, "383": 10.359999656677246, "384": 10.239999771118164, "385": 10.350000381469727, "386": 10.5, "387": 10.420000076293945, "388": 10.399999618530273, "389": 10.399999618530273, "390": 10.329999923706055, "391": 10.329999923706055, "392": 10.489999771118164, "393": 10.319999694824219, "394": 10.319999694824219, "395": 10.300000190734863, "396": 10.300000190734863, "397": 10.270000457763672, "398": 10.270000457763672, "399": 10.270000457763672, "400": 10.270000457763672, "401": 10.270000457763672, "402": 10.270000457763672, "403": 10.430000305175781}, "low": {"0": 9.649999618530273, "1": 9.6899995803833, "2": 9.699999809265137, "3": 9.699999809265137, "4": 9.699999809265137, "5": 9.717000007629395, "6": 9.699999809265137, "7": 9.699999809265137, "8": 9.699999809265137, "9": 9.710000038146973, "10": 9.75, "11": 9.729999542236328, "12": 9.720000267028809, "13": 9.73900032043457, "14": 9.699999809265137, "15": 9.699999809265137, "16": 9.6899995803833, "17": 9.694999694824219, "18": 9.680000305175781, "19": 9.680000305175781, "20": 9.670000076293945, "21": 9.699999809265137, "22": 9.699999809265137, "23": 9.710000038146973, "24": 9.75, "25": 9.670000076293945, "26": 9.680000305175781, "27": 9.680000305175781, "28": 9.680000305175781, "29": 9.670000076293945, "30": 9.680000305175781, "31": 9.6899995803833, "32": 9.680000305175781, "33": 9.680000305175781, "34": 9.6850004196167, "35": 9.680000305175781, "36": 9.680000305175781, "37": 9.699999809265137, "38": 9.6850004196167, "39": 9.670000076293945, "40": 9.680000305175781, "41": 9.65999984741211, "42": 9.670000076293945, "43": 9.670000076293945, "44": 9.65999984741211, "45": 9.649999618530273, "46": 9.65999984741211, "47": 9.649999618530273, "48": 9.649999618530273, "49": 9.649999618530273, "50": 9.65999984741211, "51": 9.699999809265137, "52": 9.6899995803833, "53": 9.720000267028809, "54": 9.710000038146973, "55": 9.729999542236328, "56": 9.699999809265137, "57": 9.699999809265137, "58": 9.699999809265137, "59": 9.699999809265137, "60": 9.6899995803833, "61": 9.6899995803833, "62": 9.6899995803833, "63": 9.6899995803833, "64": 9.6899995803833, "65": 9.6899995803833, "66": 9.680000305175781, "67": 9.6899995803833, "68": 9.699999809265137, "69": 9.710000038146973, "70": 9.710000038146973, "71": 9.699999809265137, "72": 9.720000267028809, "73": 9.739999771118164, "74": 9.739999771118164, "75": 9.718999862670898, "76": 9.718999862670898, "77": 9.718999862670898, "78": 9.710000038146973, "79": 9.720000267028809, "80": 9.720000267028809, "81": 9.720000267028809, "82": 9.720000267028809, "83": 9.720000267028809, "84": 9.720000267028809, "85": 9.710000038146973, "86": 9.720000267028809, "87": 9.734999656677246, "88": 9.739999771118164, "89": 9.729999542236328, "90": 9.729999542236328, "91": 9.75, "92": 9.75, "93": 9.739999771118164, "94": 9.739999771118164, "95": 9.739999771118164, "96": 9.739999771118164, "97": 9.75, "98": 9.760000228881836, "99": 9.760000228881836, "100": 9.75, "101": 9.770000457763672, "102": 9.770000457763672, "103": 9.782999992370605, "104": 9.779999732971191, "105": 9.760000228881836, "106": 9.779999732971191, "107": 9.770000457763672, "108": 9.779999732971191, "109": 9.760000228881836, "110": 9.779999732971191, "111": 9.779999732971191, "112": 9.779999732971191, "113": 9.760000228881836, "114": 9.8100004196167, "115": 9.8100004196167, "116": 9.8100004196167, "117": 9.8100004196167, "118": 9.75, "119": 9.774999618530273, "120": 9.770000457763672, "121": 9.770000457763672, "122": 9.770000457763672, "123": 9.729999542236328, "124": 9.720000267028809, "125": 9.718000411987305, "126": 9.720000267028809, "127": 9.710000038146973, "128": 9.720000267028809, "129": 9.720000267028809, "130": 9.760000228881836, "131": 9.765000343322754, "132": 9.739999771118164, "133": 9.75, "134": 9.75, "135": 9.75, "136": 9.800000190734863, "137": 9.75, "138": 9.760000228881836, "139": 9.760000228881836, "140": 9.75, "141": 9.770000457763672, "142": 9.720000267028809, "143": 9.739999771118164, "144": 9.729999542236328, "145": 9.739999771118164, "146": 9.760000228881836, "147": 9.770000457763672, "148": 9.770000457763672, "149": 9.770000457763672, "150": 9.770000457763672, "151": 9.770000457763672, "152": 9.774999618530273, "153": 9.760000228881836, "154": 9.779999732971191, "155": 9.779999732971191, "156": 9.760000228881836, "157": 9.789999961853027, "158": 9.789999961853027, "159": 9.779999732971191, "160": 9.779999732971191, "161": 9.779999732971191, "162": 9.760000228881836, "163": 9.774999618530273, "164": 9.774999618530273, "165": 9.8100004196167, "166": 9.8100004196167, "167": 9.789999961853027, "168": 9.800000190734863, "169": 9.800000190734863, "170": 9.805000305175781, "171": 9.805000305175781, "172": 9.800000190734863, "173": 9.800000190734863, "174": 9.800000190734863, "175": 9.800000190734863, "176": 9.8100004196167, "177": 9.8100004196167, "178": 9.800000190734863, "179": 9.800000190734863, "180": 9.819999694824219, "181": 9.819999694824219, "182": 9.819999694824219, "183": 9.84000015258789, "184": 9.829999923706055, "185": 9.84000015258789, "186": 9.819999694824219, "187": 9.819999694824219, "188": 9.819999694824219, "189": 9.829999923706055, "190": 9.829999923706055, "191": 9.819999694824219, "192": 9.829999923706055, "193": 9.819999694824219, "194": 9.819999694824219, "195": 9.819999694824219, "196": 9.819999694824219, "197": 9.779999732971191, "198": 9.8100004196167, "199": 9.8100004196167, "200": 9.819999694824219, "201": 9.819999694824219, "202": 9.819999694824219, "203": 9.819999694824219, "204": 9.819999694824219, "205": 9.819999694824219, "206": 9.819999694824219, "207": 9.770000457763672, "208": 9.819999694824219, "209": 9.770000457763672, "210": 9.819999694824219, "211": 9.819999694824219, "212": 9.819999694824219, "213": 9.8100004196167, "214": 9.819999694824219, "215": 9.819999694824219, "216": 9.845000267028809, "217": 9.84000015258789, "218": 9.829999923706055, "219": 9.84000015258789, "220": 9.84000015258789, "221": 9.84000015258789, "222": 9.84000015258789, "223": 9.84000015258789, "224": 9.850000381469727, "225": 9.850000381469727, "226": 9.84000015258789, "227": 9.84000015258789, "228": 9.84000015258789, "229": 9.84000015258789, "230": 9.850000381469727, "231": 9.850000381469727, "232": 9.850000381469727, "233": 9.850000381469727, "234": 9.850000381469727, "235": 9.880000114440918, "236": 9.890000343322754, "237": 9.90999984741211, "238": 9.90999984741211, "239": 9.925000190734863, "240": 9.930000305175781, "241": 9.914999961853027, "242": 9.90999984741211, "243": 9.90999984741211, "244": 9.989999771118164, "245": 9.979999542236328, "246": 9.979999542236328, "247": 10.0, "248": 9.989999771118164, "249": 9.989999771118164, "250": 10.010000228881836, "251": 10.010000228881836, "252": 10.0, "253": 10.0, "254": 10.010000228881836, "255": 10.010000228881836, "256": 10.020000457763672, "257": 10.029999732971191, "258": 10.010000228881836, "259": 10.010000228881836, "260": 10.039999961853027, "261": 10.020000457763672, "262": 10.020000457763672, "263": 10.020000457763672, "264": 10.020000457763672, "265": 10.109999656677246, "266": 10.010000228881836, "267": 10.010000228881836, "268": 9.960000038146973, "269": 9.970000267028809, "270": 9.970000267028809, "271": 9.979999542236328, "272": 9.989999771118164, "273": 10.039999961853027, "274": 10.010000228881836, "275": 10.039999961853027, "276": 10.039999961853027, "277": 10.050000190734863, "278": 10.050000190734863, "279": 10.039999961853027, "280": 10.039999961853027, "281": 10.100000381469727, "282": 10.069999694824219, "283": 10.039999961853027, "284": 10.029999732971191, "285": 10.029999732971191, "286": 10.050000190734863, "287": 10.050000190734863, "288": 10.050000190734863, "289": 10.015000343322754, "290": 10.0, "291": 10.050000190734863, "292": 10.109999656677246, "293": 10.119999885559082, "294": 10.029999732971191, "295": 10.029999732971191, "296": 10.029999732971191, "297": 10.069999694824219, "298": 10.029999732971191, "299": 10.149999618530273, "300": 10.149999618530273, "301": 10.100000381469727, "302": 10.100000381469727, "303": 10.100000381469727, "304": 10.09000015258789, "305": 10.109999656677246, "306": 10.109999656677246, "307": 10.109999656677246, "308": 10.109999656677246, "309": 10.100000381469727, "310": 10.109999656677246, "311": 10.109999656677246, "312": 10.130000114440918, "313": 10.130000114440918, "314": 10.050000190734863, "315": 10.119999885559082, "316": 10.109999656677246, "317": 10.109999656677246, "318": 10.109999656677246, "319": 10.140000343322754, "320": 10.140000343322754, "321": 10.140000343322754, "322": 10.149999618530273, "323": 10.140000343322754, "324": 10.140000343322754, "325": 10.140000343322754, "326": 10.149999618530273, "327": 10.130000114440918, "328": 10.149999618530273, "329": 10.15999984741211, "330": 10.170000076293945, "331": 10.170000076293945, "332": 10.170000076293945, "333": 10.170000076293945, "334": 10.170000076293945, "335": 10.1899995803833, "336": 10.194999694824219, "337": 10.0, "338": 10.079999923706055, "339": 10.100000381469727, "340": 10.0600004196167, "341": 10.0600004196167, "342": 10.050000190734863, "343": 10.050000190734863, "344": 10.050000190734863, "345": 10.0600004196167, "346": 10.0600004196167, "347": 10.0600004196167, "348": 10.095000267028809, "349": 10.229999542236328, "350": 10.119999885559082, "351": 10.130000114440918, "352": 10.0600004196167, "353": 10.069999694824219, "354": 10.0600004196167, "355": 10.0600004196167, "356": 10.0600004196167, "357": 10.0600004196167, "358": 10.0600004196167, "359": 10.0600004196167, "360": 10.0600004196167, "361": 10.09000015258789, "362": 10.100000381469727, "363": 10.100000381469727, "364": 10.109999656677246, "365": 10.095000267028809, "366": 10.100000381469727, "367": 10.109999656677246, "368": 10.109999656677246, "369": 10.119999885559082, "370": 10.119999885559082, "371": 10.109999656677246, "372": 10.109999656677246, "373": 10.119999885559082, "374": 10.130000114440918, "375": 10.25, "376": 10.149999618530273, "377": 10.130000114440918, "378": 10.175000190734863, "379": 10.210000038146973, "380": 10.229999542236328, "381": 10.229999542236328, "382": 10.350000381469727, "383": 10.130000114440918, "384": 10.239999771118164, "385": 10.140000343322754, "386": 10.229999542236328, "387": 10.25, "388": 10.305000305175781, "389": 10.329999923706055, "390": 10.329999923706055, "391": 10.329999923706055, "392": 10.222999572753906, "393": 10.239999771118164, "394": 10.220000267028809, "395": 10.300000190734863, "396": 10.300000190734863, "397": 10.270000457763672, "398": 10.270000457763672, "399": 10.270000457763672, "400": 10.270000457763672, "401": 10.270000457763672, "402": 10.270000457763672, "403": 10.430000305175781}, "close": {"0": 9.699999809265137, "1": 9.720000267028809, "2": 9.710000038146973, "3": 9.699999809265137, "4": 9.720000267028809, "5": 9.720000267028809, "6": 9.720000267028809, "7": 9.699999809265137, "8": 9.699999809265137, "9": 9.739999771118164, "10": 9.760000228881836, "11": 9.729999542236328, "12": 9.729999542236328, "13": 9.739999771118164, "14": 9.699999809265137, "15": 9.699999809265137, "16": 9.699999809265137, "17": 9.699999809265137, "18": 9.6899995803833, "19": 9.680000305175781, "20": 9.699999809265137, "21": 9.699999809265137, "22": 9.720000267028809, "23": 9.720000267028809, "24": 9.75, "25": 9.680000305175781, "26": 9.680000305175781, "27": 9.680000305175781, "28": 9.680000305175781, "29": 9.670000076293945, "30": 9.680000305175781, "31": 9.6899995803833, "32": 9.6899995803833, "33": 9.6899995803833, "34": 9.6899995803833, "35": 9.680000305175781, "36": 9.699999809265137, "37": 9.699999809265137, "38": 9.6850004196167, "39": 9.680000305175781, "40": 9.680000305175781, "41": 9.668999671936035, "42": 9.670000076293945, "43": 9.670000076293945, "44": 9.65999984741211, "45": 9.65999984741211, "46": 9.6899995803833, "47": 9.670000076293945, "48": 9.649999618530273, "49": 9.649999618530273, "50": 9.670000076293945, "51": 9.720000267028809, "52": 9.720000267028809, "53": 9.720000267028809, "54": 9.729999542236328, "55": 9.729999542236328, "56": 9.699999809265137, "57": 9.699999809265137, "58": 9.699999809265137, "59": 9.699999809265137, "60": 9.6899995803833, "61": 9.6899995803833, "62": 9.6899995803833, "63": 9.6899995803833, "64": 9.6899995803833, "65": 9.6899995803833, "66": 9.6899995803833, "67": 9.6899995803833, "68": 9.710000038146973, "69": 9.710000038146973, "70": 9.710000038146973, "71": 9.699999809265137, "72": 9.729999542236328, "73": 9.739999771118164, "74": 9.739999771118164, "75": 9.718999862670898, "76": 9.718999862670898, "77": 9.718999862670898, "78": 9.720000267028809, "79": 9.720000267028809, "80": 9.720000267028809, "81": 9.720000267028809, "82": 9.720000267028809, "83": 9.720000267028809, "84": 9.720000267028809, "85": 9.720000267028809, "86": 9.720000267028809, "87": 9.739999771118164, "88": 9.739999771118164, "89": 9.729999542236328, "90": 9.729999542236328, "91": 9.75, "92": 9.75, "93": 9.75, "94": 9.744999885559082, "95": 9.739999771118164, "96": 9.760000228881836, "97": 9.760000228881836, "98": 9.760000228881836, "99": 9.760000228881836, "100": 9.779999732971191, "101": 9.770000457763672, "102": 9.770000457763672, "103": 9.782999992370605, "104": 9.779999732971191, "105": 9.770000457763672, "106": 9.789999961853027, "107": 9.779999732971191, "108": 9.779999732971191, "109": 9.779999732971191, "110": 9.779999732971191, "111": 9.779999732971191, "112": 9.779999732971191, "113": 9.770000457763672, "114": 9.8100004196167, "115": 9.8100004196167, "116": 9.8100004196167, "117": 9.8100004196167, "118": 9.770000457763672, "119": 9.774999618530273, "120": 9.770000457763672, "121": 9.770000457763672, "122": 9.770000457763672, "123": 9.729999542236328, "124": 9.720000267028809, "125": 9.718000411987305, "126": 9.720000267028809, "127": 9.710000038146973, "128": 9.720000267028809, "129": 9.720000267028809, "130": 9.760000228881836, "131": 9.765000343322754, "132": 9.75, "133": 9.75, "134": 9.75, "135": 9.75, "136": 9.800000190734863, "137": 9.760000228881836, "138": 9.760000228881836, "139": 9.760000228881836, "140": 9.770000457763672, "141": 9.770000457763672, "142": 9.739999771118164, "143": 9.739999771118164, "144": 9.760000228881836, "145": 9.760000228881836, "146": 9.770000457763672, "147": 9.770000457763672, "148": 9.770000457763672, "149": 9.770000457763672, "150": 9.770000457763672, "151": 9.770000457763672, "152": 9.774999618530273, "153": 9.760000228881836, "154": 9.779999732971191, "155": 9.779999732971191, "156": 9.789999961853027, "157": 9.789999961853027, "158": 9.789999961853027, "159": 9.779999732971191, "160": 9.779999732971191, "161": 9.779999732971191, "162": 9.774999618530273, "163": 9.774999618530273, "164": 9.774999618530273, "165": 9.8100004196167, "166": 9.8100004196167, "167": 9.800000190734863, "168": 9.800000190734863, "169": 9.805000305175781, "170": 9.805000305175781, "171": 9.805000305175781, "172": 9.800000190734863, "173": 9.800000190734863, "174": 9.800000190734863, "175": 9.800000190734863, "176": 9.8100004196167, "177": 9.8100004196167, "178": 9.800000190734863, "179": 9.800000190734863, "180": 9.819999694824219, "181": 9.819999694824219, "182": 9.84000015258789, "183": 9.84000015258789, "184": 9.829999923706055, "185": 9.84000015258789, "186": 9.819999694824219, "187": 9.829999923706055, "188": 9.819999694824219, "189": 9.829999923706055, "190": 9.829999923706055, "191": 9.829999923706055, "192": 9.829999923706055, "193": 9.819999694824219, "194": 9.819999694824219, "195": 9.819999694824219, "196": 9.829999923706055, "197": 9.779999732971191, "198": 9.8100004196167, "199": 9.819999694824219, "200": 9.819999694824219, "201": 9.819999694824219, "202": 9.829999923706055, "203": 9.819999694824219, "204": 9.829999923706055, "205": 9.819999694824219, "206": 9.819999694824219, "207": 9.819999694824219, "208": 9.819999694824219, "209": 9.819999694824219, "210": 9.819999694824219, "211": 9.819999694824219, "212": 9.819999694824219, "213": 9.819999694824219, "214": 9.819999694824219, "215": 9.859999656677246, "216": 9.845000267028809, "217": 9.84000015258789, "218": 9.835000038146973, "219": 9.84000015258789, "220": 9.84000015258789, "221": 9.84000015258789, "222": 9.854999542236328, "223": 9.850000381469727, "224": 9.850000381469727, "225": 9.850000381469727, "226": 9.84000015258789, "227": 9.84000015258789, "228": 9.84000015258789, "229": 9.84000015258789, "230": 9.850000381469727, "231": 9.850000381469727, "232": 9.850000381469727, "233": 9.850000381469727, "234": 9.869999885559082, "235": 9.899999618530273, "236": 9.899999618530273, "237": 9.90999984741211, "238": 9.90999984741211, "239": 9.930000305175781, "240": 9.930000305175781, "241": 9.920000076293945, "242": 9.920000076293945, "243": 9.90999984741211, "244": 10.0, "245": 9.984999656677246, "246": 10.010000228881836, "247": 10.0, "248": 9.989999771118164, "249": 10.005000114440918, "250": 10.010000228881836, "251": 10.010000228881836, "252": 10.010000228881836, "253": 10.015000343322754, "254": 10.020000457763672, "255": 10.020000457763672, "256": 10.029999732971191, "257": 10.029999732971191, "258": 10.010000228881836, "259": 10.010000228881836, "260": 10.039999961853027, "261": 10.020000457763672, "262": 10.020000457763672, "263": 10.029999732971191, "264": 10.029999732971191, "265": 10.109999656677246, "266": 10.010000228881836, "267": 10.010000228881836, "268": 9.970000267028809, "269": 9.970000267028809, "270": 9.979999542236328, "271": 9.979999542236328, "272": 10.029999732971191, "273": 10.039999961853027, "274": 10.039999961853027, "275": 10.039999961853027, "276": 10.045000076293945, "277": 10.050999641418457, "278": 10.050000190734863, "279": 10.039999961853027, "280": 10.039999961853027, "281": 10.100000381469727, "282": 10.069999694824219, "283": 10.039999961853027, "284": 10.029999732971191, "285": 10.029999732971191, "286": 10.050000190734863, "287": 10.050000190734863, "288": 10.050000190734863, "289": 10.050000190734863, "290": 10.029999732971191, "291": 10.109999656677246, "292": 10.109999656677246, "293": 10.119999885559082, "294": 10.029999732971191, "295": 10.029999732971191, "296": 10.029999732971191, "297": 10.069999694824219, "298": 10.100000381469727, "299": 10.149999618530273, "300": 10.149999618530273, "301": 10.100000381469727, "302": 10.100000381469727, "303": 10.100000381469727, "304": 10.100000381469727, "305": 10.109999656677246, "306": 10.109999656677246, "307": 10.109999656677246, "308": 10.109999656677246, "309": 10.100000381469727, "310": 10.109999656677246, "311": 10.109999656677246, "312": 10.130000114440918, "313": 10.130000114440918, "314": 10.119999885559082, "315": 10.119999885559082, "316": 10.109999656677246, "317": 10.125, "318": 10.109999656677246, "319": 10.140000343322754, "320": 10.140000343322754, "321": 10.140000343322754, "322": 10.149999618530273, "323": 10.149999618530273, "324": 10.140000343322754, "325": 10.140000343322754, "326": 10.149999618530273, "327": 10.149999618530273, "328": 10.149999618530273, "329": 10.170000076293945, "330": 10.170000076293945, "331": 10.170000076293945, "332": 10.170000076293945, "333": 10.170000076293945, "334": 10.170000076293945, "335": 10.194999694824219, "336": 10.194999694824219, "337": 10.039999961853027, "338": 10.109999656677246, "339": 10.140000343322754, "340": 10.0600004196167, "341": 10.0600004196167, "342": 10.050000190734863, "343": 10.140000343322754, "344": 10.050000190734863, "345": 10.0600004196167, "346": 10.0600004196167, "347": 10.199999809265137, "348": 10.229999542236328, "349": 10.229999542236328, "350": 10.119999885559082, "351": 10.149999618530273, "352": 10.0600004196167, "353": 10.09000015258789, "354": 10.0600004196167, "355": 10.0600004196167, "356": 10.0600004196167, "357": 10.0600004196167, "358": 10.0600004196167, "359": 10.0600004196167, "360": 10.0600004196167, "361": 10.130000114440918, "362": 10.100000381469727, "363": 10.100000381469727, "364": 10.109999656677246, "365": 10.109999656677246, "366": 10.100000381469727, "367": 10.111000061035156, "368": 10.119999885559082, "369": 10.130000114440918, "370": 10.119999885559082, "371": 10.109999656677246, "372": 10.109999656677246, "373": 10.15999984741211, "374": 10.25, "375": 10.25, "376": 10.25, "377": 10.180000305175781, "378": 10.175000190734863, "379": 10.329999923706055, "380": 10.34000015258789, "381": 10.229999542236328, "382": 10.350000381469727, "383": 10.350000381469727, "384": 10.239999771118164, "385": 10.329999923706055, "386": 10.359999656677246, "387": 10.40999984741211, "388": 10.329999923706055, "389": 10.329999923706055, "390": 10.329999923706055, "391": 10.329999923706055, "392": 10.25, "393": 10.3100004196167, "394": 10.300000190734863, "395": 10.300000190734863, "396": 10.300000190734863, "397": 10.270000457763672, "398": 10.270000457763672, "399": 10.270000457763672, "400": 10.270000457763672, "401": 10.270000457763672, "402": 10.270000457763672, "403": 10.430000305175781}, "volume": {"0": 185700, "1": 445900, "2": 6100, "3": 25300, "4": 541200, "5": 15100, "6": 291200, "7": 816300, "8": 180800, "9": 7900, "10": 5000, "11": 6700, "12": 555700, "13": 10200, "14": 92700, "15": 450000, "16": 25200, "17": 103700, "18": 1027900, "19": 23000, "20": 524100, "21": 150900, "22": 103800, "23": 14600, "24": 100, "25": 12300, "26": 0, "27": 0, "28": 2100, "29": 3000, "30": 39600, "31": 4500, "32": 96200, "33": 29700, "34": 201100, "35": 1600, "36": 1400, "37": 80200, "38": 5400, "39": 12100, "40": 3200, "41": 73700, "42": 103000, "43": 1100, "44": 3500, "45": 57600, "46": 15700, "47": 300, "48": 700, "49": 0, "50": 5000, "51": 11400, "52": 3600, "53": 0, "54": 1700, "55": 0, "56": 1000, "57": 1000, "58": 0, "59": 0, "60": 1100, "61": 0, "62": 0, "63": 0, "64": 0, "65": 0, "66": 12300, "67": 0, "68": 7500, "69": 1800, "70": 0, "71": 800500, "72": 2100, "73": 100, "74": 0, "75": 1200, "76": 0, "77": 0, "78": 20700, "79": 0, "80": 0, "81": 0, "82": 0, "83": 300, "84": 0, "85": 700, "86": 0, "87": 700, "88": 0, "89": 1400, "90": 0, "91": 200, "92": 156400, "93": 52400, "94": 3100, "95": 68900, "96": 7700, "97": 4800, "98": 14200, "99": 22100, "100": 513200, "101": 297000, "102": 0, "103": 200, "104": 2500, "105": 7800, "106": 6000, "107": 44700, "108": 0, "109": 371200, "110": 0, "111": 0, "112": 0, "113": 22800, "114": 200, "115": 0, "116": 0, "117": 0, "118": 50900, "119": 200, "120": 300, "121": 1500, "122": 0, "123": 3200, "124": 100, "125": 800, "126": 184700, "127": 200, "128": 1300, "129": 0, "130": 300, "131": 269700, "132": 126200, "133": 0, "134": 0, "135": 0, "136": 300, "137": 15900, "138": 0, "139": 5100, "140": 2100, "141": 0, "142": 25200, "143": 0, "144": 1600, "145": 1704200, "146": 82700, "147": 360300, "148": 0, "149": 0, "150": 0, "151": 400, "152": 200, "153": 100, "154": 1000, "155": 81100, "156": 2200, "157": 100, "158": 1200, "159": 1000, "160": 0, "161": 0, "162": 3400, "163": 0, "164": 0, "165": 1000, "166": 0, "167": 200, "168": 2000, "169": 1100, "170": 0, "171": 0, "172": 4500, "173": 3000, "174": 0, "175": 1800, "176": 12200, "177": 0, "178": 3300, "179": 0, "180": 900, "181": 0, "182": 900, "183": 0, "184": 300, "185": 100, "186": 625300, "187": 116900, "188": 31400, "189": 400, "190": 0, "191": 37800, "192": 0, "193": 500, "194": 100, "195": 7000, "196": 202600, "197": 991200, "198": 38800, "199": 40200, "200": 100, "201": 300, "202": 200, "203": 55500, "204": 41100, "205": 500, "206": 3300, "207": 11900, "208": 0, "209": 44700, "210": 10000, "211": 200, "212": 28800, "213": 700, "214": 13100, "215": 246000, "216": 600, "217": 1200, "218": 138600, "219": 37800, "220": 55900, "221": 0, "222": 34800, "223": 201000, "224": 0, "225": 0, "226": 61100, "227": 0, "228": 0, "229": 0, "230": 100, "231": 0, "232": 0, "233": 0, "234": 1600, "235": 49900, "236": 51300, "237": 34100, "238": 50000, "239": 46200, "240": 0, "241": 212900, "242": 81200, "243": 132300, "244": 603900, "245": 595500, "246": 407200, "247": 103500, "248": 266000, "249": 453700, "250": 329000, "251": 0, "252": 200, "253": 1600, "254": 928000, "255": 175800, "256": 13600, "257": 0, "258": 4000, "259": 0, "260": 2100, "261": 2864000, "262": 206100, "263": 74200, "264": 271700, "265": 200, "266": 10100, "267": 0, "268": 4400, "269": 0, "270": 101600, "271": 118300, "272": 501500, "273": 400, "274": 1500, "275": 1500, "276": 900, "277": 7800, "278": 1800, "279": 3500, "280": 0, "281": 600, "282": 400, "283": 2500, "284": 2200, "285": 100, "286": 600, "287": 0, "288": 0, "289": 2100, "290": 3000, "291": 60600, "292": 0, "293": 200, "294": 200, "295": 0, "296": 0, "297": 200, "298": 13100, "299": 200, "300": 400, "301": 1400, "302": 3000, "303": 4100, "304": 735900, "305": 44000, "306": 0, "307": 150700, "308": 7900, "309": 400, "310": 157100, "311": 50500, "312": 200, "313": 0, "314": 2500, "315": 0, "316": 300, "317": 22000, "318": 300, "319": 41300, "320": 0, "321": 19300, "322": 19100, "323": 134000, "324": 981100, "325": 11100, "326": 17800, "327": 355100, "328": 0, "329": 1460600, "330": 61700, "331": 0, "332": 0, "333": 0, "334": 8400, "335": 736700, "336": 0, "337": 163900, "338": 118000, "339": 8100, "340": 17100, "341": 700, "342": 18300, "343": 110500, "344": 5700, "345": 700, "346": 1900, "347": 84800, "348": 19700, "349": 0, "350": 14600, "351": 25100, "352": 6600, "353": 10700, "354": 200, "355": 0, "356": 0, "357": 0, "358": 0, "359": 0, "360": 0, "361": 25400, "362": 400, "363": 18100, "364": 25000, "365": 16900, "366": 34100, "367": 25200, "368": 60600, "369": 11600, "370": 25500, "371": 82000, "372": 0, "373": 69300, "374": 15500, "375": 0, "376": 4900, "377": 4900, "378": 2400, "379": 30500, "380": 6900, "381": 2600, "382": 100, "383": 700, "384": 400, "385": 5600, "386": 28500, "387": 14600, "388": 5100, "389": 2600, "390": 0, "391": 0, "392": 9400, "393": 4500, "394": 3700, "395": 0, "396": 0, "397": 300, "398": 0, "399": 0, "400": 100, "401": 0, "402": 100, "403": 500}, "adjclose": {"0": 9.699999809265137, "1": 9.720000267028809, "2": 9.710000038146973, "3": 9.699999809265137, "4": 9.720000267028809, "5": 9.720000267028809, "6": 9.720000267028809, "7": 9.699999809265137, "8": 9.699999809265137, "9": 9.739999771118164, "10": 9.760000228881836, "11": 9.729999542236328, "12": 9.729999542236328, "13": 9.739999771118164, "14": 9.699999809265137, "15": 9.699999809265137, "16": 9.699999809265137, "17": 9.699999809265137, "18": 9.6899995803833, "19": 9.680000305175781, "20": 9.699999809265137, "21": 9.699999809265137, "22": 9.720000267028809, "23": 9.720000267028809, "24": 9.75, "25": 9.680000305175781, "26": 9.680000305175781, "27": 9.680000305175781, "28": 9.680000305175781, "29": 9.670000076293945, "30": 9.680000305175781, "31": 9.6899995803833, "32": 9.6899995803833, "33": 9.6899995803833, "34": 9.6899995803833, "35": 9.680000305175781, "36": 9.699999809265137, "37": 9.699999809265137, "38": 9.6850004196167, "39": 9.680000305175781, "40": 9.680000305175781, "41": 9.668999671936035, "42": 9.670000076293945, "43": 9.670000076293945, "44": 9.65999984741211, "45": 9.65999984741211, "46": 9.6899995803833, "47": 9.670000076293945, "48": 9.649999618530273, "49": 9.649999618530273, "50": 9.670000076293945, "51": 9.720000267028809, "52": 9.720000267028809, "53": 9.720000267028809, "54": 9.729999542236328, "55": 9.729999542236328, "56": 9.699999809265137, "57": 9.699999809265137, "58": 9.699999809265137, "59": 9.699999809265137, "60": 9.6899995803833, "61": 9.6899995803833, "62": 9.6899995803833, "63": 9.6899995803833, "64": 9.6899995803833, "65": 9.6899995803833, "66": 9.6899995803833, "67": 9.6899995803833, "68": 9.710000038146973, "69": 9.710000038146973, "70": 9.710000038146973, "71": 9.699999809265137, "72": 9.729999542236328, "73": 9.739999771118164, "74": 9.739999771118164, "75": 9.718999862670898, "76": 9.718999862670898, "77": 9.718999862670898, "78": 9.720000267028809, "79": 9.720000267028809, "80": 9.720000267028809, "81": 9.720000267028809, "82": 9.720000267028809, "83": 9.720000267028809, "84": 9.720000267028809, "85": 9.720000267028809, "86": 9.720000267028809, "87": 9.739999771118164, "88": 9.739999771118164, "89": 9.729999542236328, "90": 9.729999542236328, "91": 9.75, "92": 9.75, "93": 9.75, "94": 9.744999885559082, "95": 9.739999771118164, "96": 9.760000228881836, "97": 9.760000228881836, "98": 9.760000228881836, "99": 9.760000228881836, "100": 9.779999732971191, "101": 9.770000457763672, "102": 9.770000457763672, "103": 9.782999992370605, "104": 9.779999732971191, "105": 9.770000457763672, "106": 9.789999961853027, "107": 9.779999732971191, "108": 9.779999732971191, "109": 9.779999732971191, "110": 9.779999732971191, "111": 9.779999732971191, "112": 9.779999732971191, "113": 9.770000457763672, "114": 9.8100004196167, "115": 9.8100004196167, "116": 9.8100004196167, "117": 9.8100004196167, "118": 9.770000457763672, "119": 9.774999618530273, "120": 9.770000457763672, "121": 9.770000457763672, "122": 9.770000457763672, "123": 9.729999542236328, "124": 9.720000267028809, "125": 9.718000411987305, "126": 9.720000267028809, "127": 9.710000038146973, "128": 9.720000267028809, "129": 9.720000267028809, "130": 9.760000228881836, "131": 9.765000343322754, "132": 9.75, "133": 9.75, "134": 9.75, "135": 9.75, "136": 9.800000190734863, "137": 9.760000228881836, "138": 9.760000228881836, "139": 9.760000228881836, "140": 9.770000457763672, "141": 9.770000457763672, "142": 9.739999771118164, "143": 9.739999771118164, "144": 9.760000228881836, "145": 9.760000228881836, "146": 9.770000457763672, "147": 9.770000457763672, "148": 9.770000457763672, "149": 9.770000457763672, "150": 9.770000457763672, "151": 9.770000457763672, "152": 9.774999618530273, "153": 9.760000228881836, "154": 9.779999732971191, "155": 9.779999732971191, "156": 9.789999961853027, "157": 9.789999961853027, "158": 9.789999961853027, "159": 9.779999732971191, "160": 9.779999732971191, "161": 9.779999732971191, "162": 9.774999618530273, "163": 9.774999618530273, "164": 9.774999618530273, "165": 9.8100004196167, "166": 9.8100004196167, "167": 9.800000190734863, "168": 9.800000190734863, "169": 9.805000305175781, "170": 9.805000305175781, "171": 9.805000305175781, "172": 9.800000190734863, "173": 9.800000190734863, "174": 9.800000190734863, "175": 9.800000190734863, "176": 9.8100004196167, "177": 9.8100004196167, "178": 9.800000190734863, "179": 9.800000190734863, "180": 9.819999694824219, "181": 9.819999694824219, "182": 9.84000015258789, "183": 9.84000015258789, "184": 9.829999923706055, "185": 9.84000015258789, "186": 9.819999694824219, "187": 9.829999923706055, "188": 9.819999694824219, "189": 9.829999923706055, "190": 9.829999923706055, "191": 9.829999923706055, "192": 9.829999923706055, "193": 9.819999694824219, "194": 9.819999694824219, "195": 9.819999694824219, "196": 9.829999923706055, "197": 9.779999732971191, "198": 9.8100004196167, "199": 9.819999694824219, "200": 9.819999694824219, "201": 9.819999694824219, "202": 9.829999923706055, "203": 9.819999694824219, "204": 9.829999923706055, "205": 9.819999694824219, "206": 9.819999694824219, "207": 9.819999694824219, "208": 9.819999694824219, "209": 9.819999694824219, "210": 9.819999694824219, "211": 9.819999694824219, "212": 9.819999694824219, "213": 9.819999694824219, "214": 9.819999694824219, "215": 9.859999656677246, "216": 9.845000267028809, "217": 9.84000015258789, "218": 9.835000038146973, "219": 9.84000015258789, "220": 9.84000015258789, "221": 9.84000015258789, "222": 9.854999542236328, "223": 9.850000381469727, "224": 9.850000381469727, "225": 9.850000381469727, "226": 9.84000015258789, "227": 9.84000015258789, "228": 9.84000015258789, "229": 9.84000015258789, "230": 9.850000381469727, "231": 9.850000381469727, "232": 9.850000381469727, "233": 9.850000381469727, "234": 9.869999885559082, "235": 9.899999618530273, "236": 9.899999618530273, "237": 9.90999984741211, "238": 9.90999984741211, "239": 9.930000305175781, "240": 9.930000305175781, "241": 9.920000076293945, "242": 9.920000076293945, "243": 9.90999984741211, "244": 10.0, "245": 9.984999656677246, "246": 10.010000228881836, "247": 10.0, "248": 9.989999771118164, "249": 10.005000114440918, "250": 10.010000228881836, "251": 10.010000228881836, "252": 10.010000228881836, "253": 10.015000343322754, "254": 10.020000457763672, "255": 10.020000457763672, "256": 10.029999732971191, "257": 10.029999732971191, "258": 10.010000228881836, "259": 10.010000228881836, "260": 10.039999961853027, "261": 10.020000457763672, "262": 10.020000457763672, "263": 10.029999732971191, "264": 10.029999732971191, "265": 10.109999656677246, "266": 10.010000228881836, "267": 10.010000228881836, "268": 9.970000267028809, "269": 9.970000267028809, "270": 9.979999542236328, "271": 9.979999542236328, "272": 10.029999732971191, "273": 10.039999961853027, "274": 10.039999961853027, "275": 10.039999961853027, "276": 10.045000076293945, "277": 10.050999641418457, "278": 10.050000190734863, "279": 10.039999961853027, "280": 10.039999961853027, "281": 10.100000381469727, "282": 10.069999694824219, "283": 10.039999961853027, "284": 10.029999732971191, "285": 10.029999732971191, "286": 10.050000190734863, "287": 10.050000190734863, "288": 10.050000190734863, "289": 10.050000190734863, "290": 10.029999732971191, "291": 10.109999656677246, "292": 10.109999656677246, "293": 10.119999885559082, "294": 10.029999732971191, "295": 10.029999732971191, "296": 10.029999732971191, "297": 10.069999694824219, "298": 10.100000381469727, "299": 10.149999618530273, "300": 10.149999618530273, "301": 10.100000381469727, "302": 10.100000381469727, "303": 10.100000381469727, "304": 10.100000381469727, "305": 10.109999656677246, "306": 10.109999656677246, "307": 10.109999656677246, "308": 10.109999656677246, "309": 10.100000381469727, "310": 10.109999656677246, "311": 10.109999656677246, "312": 10.130000114440918, "313": 10.130000114440918, "314": 10.119999885559082, "315": 10.119999885559082, "316": 10.109999656677246, "317": 10.125, "318": 10.109999656677246, "319": 10.140000343322754, "320": 10.140000343322754, "321": 10.140000343322754, "322": 10.149999618530273, "323": 10.149999618530273, "324": 10.140000343322754, "325": 10.140000343322754, "326": 10.149999618530273, "327": 10.149999618530273, "328": 10.149999618530273, "329": 10.170000076293945, "330": 10.170000076293945, "331": 10.170000076293945, "332": 10.170000076293945, "333": 10.170000076293945, "334": 10.170000076293945, "335": 10.194999694824219, "336": 10.194999694824219, "337": 10.039999961853027, "338": 10.109999656677246, "339": 10.140000343322754, "340": 10.0600004196167, "341": 10.0600004196167, "342": 10.050000190734863, "343": 10.140000343322754, "344": 10.050000190734863, "345": 10.0600004196167, "346": 10.0600004196167, "347": 10.199999809265137, "348": 10.229999542236328, "349": 10.229999542236328, "350": 10.119999885559082, "351": 10.149999618530273, "352": 10.0600004196167, "353": 10.09000015258789, "354": 10.0600004196167, "355": 10.0600004196167, "356": 10.0600004196167, "357": 10.0600004196167, "358": 10.0600004196167, "359": 10.0600004196167, "360": 10.0600004196167, "361": 10.130000114440918, "362": 10.100000381469727, "363": 10.100000381469727, "364": 10.109999656677246, "365": 10.109999656677246, "366": 10.100000381469727, "367": 10.111000061035156, "368": 10.119999885559082, "369": 10.130000114440918, "370": 10.119999885559082, "371": 10.109999656677246, "372": 10.109999656677246, "373": 10.15999984741211, "374": 10.25, "375": 10.25, "376": 10.25, "377": 10.180000305175781, "378": 10.175000190734863, "379": 10.329999923706055, "380": 10.34000015258789, "381": 10.229999542236328, "382": 10.350000381469727, "383": 10.350000381469727, "384": 10.239999771118164, "385": 10.329999923706055, "386": 10.359999656677246, "387": 10.40999984741211, "388": 10.329999923706055, "389": 10.329999923706055, "390": 10.329999923706055, "391": 10.329999923706055, "392": 10.25, "393": 10.3100004196167, "394": 10.300000190734863, "395": 10.300000190734863, "396": 10.300000190734863, "397": 10.270000457763672, "398": 10.270000457763672, "399": 10.270000457763672, "400": 10.270000457763672, "401": 10.270000457763672, "402": 10.270000457763672, "403": 10.430000305175781}}, "profile": {"address1": "667 Madison Avenue", "address2": "18th Floor", "city": "New York", "state": "NY", "zip": "10065", "country": "United States", "phone": "212 935 7676", "website": "https://www.berensonacquisitioncorp.com", "industry": "Shell Companies", "industryDisp": "Shell Companies", "sector": "Financial Services", "longBusinessSummary": "Berenson Acquisition Corp. I does not have significant operations. The company intends to effect a merger, capital stock exchange, asset acquisition, stock purchase, reorganization, or similar business combination with one or more businesses. It focuses on identifying business combination targets in the software and technology-enabled services industry. The company was incorporated in 2021 and is based in New York, New York.", "companyOfficers": [{"maxAge": 1, "name": "Mr. Mohammed M. Ansari", "age": 47, "title": "CEO & Director", "yearBorn": 1975, "exercisedValue": 0, "unexercisedValue": 0}, {"maxAge": 1, "name": "Mr. Amir M. Hegazy", "age": 35, "title": "Chief Financial Officer", "yearBorn": 1987, "exercisedValue": 0, "unexercisedValue": 0}], "maxAge": 86400, "latitude": 40.76462166419469, "longitude": -73.97023936452821}}