{"income_statement": {"annual": {"Year": {"1": "Revenue", "2": "Revenue Growth (YoY)", "3": "Cost of Revenue", "4": "Gross Profit", "5": "Selling, General & Admin", "6": "Operating Expenses", "7": "Operating Income", "8": "Interest Expense / Income", "9": "Other Expense / Income", "10": "Pretax Income", "11": "Income Tax", "12": "Net Income", "13": "Net Income Growth", "14": "Shares Outstanding (Basic)", "15": "Free Cash Flow Per Share", "16": "Gross Margin", "17": "Operating Margin", "18": "Profit Margin", "19": "Free Cash Flow Margin", "20": "Effective Tax Rate", "21": "EBITDA", "22": "EBITDA Margin", "23": "Depreciation & Amortization", "24": "EBIT", "25": "EBIT Margin"}, "2022": {"1": "3,627", "2": "17.49%", "3": "900", "4": "2,727", "5": "317", "6": "317", "7": "2,410", "8": "154", "9": "-286", "10": "2,542", "11": "627", "12": "1,915", "13": "2.46%", "14": "386", "15": "-1.00", "16": "75.19%", "17": "66.45%", "18": "52.80%", "19": "-10.67%", "20": "24.67%", "21": "2,709", "22": "74.69%", "23": "13", "24": "2,696", "25": "74.33%"}, "2021": {"1": "3,087", "2": "43.31%", "3": "914", "4": "2,173", "5": "317", "6": "317", "7": "1,856", "8": "171", "9": "-688", "10": "2,373", "11": "504", "12": "1,869", "13": "369.60%", "14": "386", "15": "3.65", "16": "70.39%", "17": "60.12%", "18": "60.54%", "19": "45.61%", "20": "21.24%", "21": "2,555", "22": "82.77%", "23": "11", "24": "2,544", "25": "82.41%"}, "2020": {"1": "2,154", "2": "-0.87%", "3": "639", "4": "1,515", "5": "271", "6": "271", "7": "1,244", "8": "257", "9": "363", "10": "624", "11": "226", "12": "398", "13": "-79.19%", "14": "-", "15": "-", "16": "70.33%", "17": "57.75%", "18": "18.48%", "19": "81.99%", "20": "36.22%", "21": "888", "22": "41.23%", "23": "7", "24": "881", "25": "40.90%"}, "2019": {"1": "2,173", "2": "-", "3": "691", "4": "1,482", "5": "266", "6": "266", "7": "1,216", "8": "154", "9": "-476", "10": "1,538", "11": "-375", "12": "1,913", "13": "-", "14": "-", "15": "-", "16": "68.20%", "17": "55.96%", "18": "88.03%", "19": "38.10%", "20": "-24.38%", "21": "1,698", "22": "78.14%", "23": "6", "24": "1,692", "25": "77.86%"}}, "quarterly": {"Metrics": {"1": "Revenue", "2": "Revenue Growth (YoY)", "3": "Cost of Revenue", "4": "Gross Profit", "5": "Selling, General & Admin", "6": "Operating Expenses", "7": "Operating Income", "8": "Interest Expense / Income", "9": "Other Expense / Income", "10": "Pretax Income", "11": "Income Tax", "12": "Net Income", "13": "Net Income Growth", "14": "Shares Outstanding (Basic)", "15": "Free Cash Flow Per Share", "16": "Dividend Per Share", "17": "Gross Margin", "18": "Operating Margin", "19": "Profit Margin", "20": "Free Cash Flow Margin", "21": "Effective Tax Rate", "22": "EBITDA", "23": "EBITDA Margin", "24": "Depreciation & Amortization", "25": "EBIT", "26": "EBIT Margin"}, "2023-03-31": {"1": "1,054", "2": "39.60%", "3": "387", "4": "667", "5": "77", "6": "77", "7": "590", "8": "2", "9": "-21", "10": "609", "11": "93", "12": "516", "13": "48.28%", "14": "386", "15": "-0.11", "16": "0.070", "17": "63.28%", "18": "55.98%", "19": "48.96%", "20": "-3.98%", "21": "15.27%", "22": "615", "23": "58.35%", "24": "4", "25": "611", "26": "57.97%"}, "2022-12-31": {"1": "1,117", "2": "28.69%", "3": "237", "4": "880", "5": "34", "6": "34", "7": "846", "8": "21", "9": "138", "10": "687", "11": "183", "12": "504", "13": "-12.35%", "14": "386", "15": "-12.22", "16": "-", "17": "78.78%", "18": "75.74%", "19": "45.12%", "20": "-421.84%", "21": "26.64%", "22": "712", "23": "63.74%", "24": "4", "25": "708", "26": "63.38%"}, "2022-09-30": {"1": "831", "2": "-1.77%", "3": "229", "4": "602", "5": "103", "6": "103", "7": "499", "8": "48", "9": "-84", "10": "535", "11": "140", "12": "395", "13": "-12.80%", "14": "386", "15": "5.38", "16": "-", "17": "72.44%", "18": "60.05%", "19": "47.53%", "20": "249.82%", "21": "26.17%", "22": "587", "23": "70.64%", "24": "4", "25": "583", "26": "70.16%"}, "2022-06-30": {"1": "924", "2": "24.70%", "3": "152", "4": "772", "5": "89", "6": "89", "7": "683", "8": "43", "9": "-190", "10": "830", "11": "162", "12": "668", "13": "61.35%", "14": "386", "15": "6.91", "16": "-", "17": "83.55%", "18": "73.92%", "19": "72.29%", "20": "288.42%", "21": "19.52%", "22": "875", "23": "94.70%", "24": "2", "25": "873", "26": "94.48%"}, "2022-03-31": {"1": "755", "2": "-", "3": "282", "4": "473", "5": "91", "6": "91", "7": "382", "8": "42", "9": "-150", "10": "490", "11": "142", "12": "348", "13": "-", "14": "386", "15": "-1.08", "16": "-", "17": "62.65%", "18": "50.60%", "19": "46.09%", "20": "-55.10%", "21": "28.98%", "22": "535", "23": "70.86%", "24": "3", "25": "532", "26": "70.46%"}, "2021-12-31": {"1": "868", "2": "-", "3": "228", "4": "640", "5": "83", "6": "83", "7": "557", "8": "45", "9": "-230", "10": "742", "11": "167", "12": "575", "13": "-", "14": "386", "15": "3.63", "16": "-", "17": "73.73%", "18": "64.17%", "19": "66.24%", "20": "161.52%", "21": "22.51%", "22": "792", "23": "91.24%", "24": "5", "25": "787", "26": "90.67%"}, "2021-09-30": {"1": "846", "2": "-", "3": "194", "4": "652", "5": "87", "6": "87", "7": "565", "8": "56", "9": "-130", "10": "639", "11": "186", "12": "453", "13": "-", "14": "-", "15": "-", "16": "-", "17": "77.07%", "18": "66.78%", "19": "53.55%", "20": "-165.72%", "21": "29.11%", "22": "697", "23": "82.39%", "24": "2", "25": "695", "26": "82.15%"}, "2021-06-30": {"1": "741", "2": "-", "3": "258", "4": "483", "5": "75", "6": "75", "7": "408", "8": "23", "9": "-91", "10": "476", "11": "62", "12": "414", "13": "-", "14": "-", "15": "-", "16": "-", "17": "65.18%", "18": "55.06%", "19": "55.87%", "20": "275.30%", "21": "13.03%", "22": "501", "23": "67.61%", "24": "2", "25": "499", "26": "67.34%"}}}, "balance_sheet": {"annual": {"Year": {"1": "Cash & Equivalents", "2": "Cash & Cash Equivalents", "3": "Cash Growth", "4": "Receivables", "5": "Property, Plant & Equipment", "6": "Goodwill and Intangibles", "7": "Total Assets", "8": "Accounts Payable", "9": "Total Liabilities", "10": "Total Debt", "11": "Common Stock", "12": "Retained Earnings", "13": "Comprehensive Income", "14": "Shareholders' Equity", "15": "Total Liabilities and Equity", "16": "Net Cash / Debt", "17": "Net Cash / Debt Growth", "18": "Book Value Per Share"}, "2022": {"1": "3,545", "2": "3,545", "3": "42.14%", "4": "2,550", "5": "68", "6": "308", "7": "14,087", "8": "2,653", "9": "2,670", "10": "0", "11": "9,271", "12": "84", "13": "153", "14": "9,508", "15": "12,178", "16": "3,545", "17": "74.37%", "18": "24.65"}, "2021": {"1": "2,494", "2": "2,494", "3": "18.71%", "4": "6,956", "5": "48", "6": "313", "7": "25,643", "8": "10,079", "9": "11,240", "10": "461", "11": "9,715", "12": "0", "13": "156", "14": "9,871", "15": "21,111", "16": "2,033", "17": "-3.24%", "18": "25.59"}, "2020": {"1": "2,101", "2": "2,101", "3": "-", "4": "6,829", "5": "21", "6": "320", "7": "22,471", "8": "10,051", "9": "10,523", "10": "0", "11": "11,948", "12": "-", "13": "0", "14": "11,948", "15": "22,471", "16": "2,101", "17": "-", "18": "-"}}, "quarterly": {"Metrics": {"1": "Cash & Equivalents", "2": "Cash & Cash Equivalents", "3": "Cash Growth", "4": "Receivables", "5": "Property, Plant & Equipment", "6": "Goodwill and Intangibles", "7": "Total Assets", "8": "Accounts Payable", "9": "Total Liabilities", "10": "Total Debt", "11": "Debt Growth", "12": "Common Stock", "13": "Retained Earnings", "14": "Comprehensive Income", "15": "Shareholders' Equity", "16": "Total Liabilities and Equity", "17": "Net Cash / Debt", "18": "Net Cash / Debt Growth", "19": "Book Value Per Share"}, "2023-03-31": {"1": "3,152", "2": "3,152", "3": "-11.09%", "4": "2,721", "5": "67", "6": "320", "7": "13,973", "8": "2,430", "9": "2,448", "10": "0", "11": "-", "12": "9,274", "13": "72", "14": "159", "15": "9,505", "16": "11,953", "17": "3,152", "18": "-11.09%", "19": "24.65"}, "2022-12-31": {"1": "3,545", "2": "3,545", "3": "42.14%", "4": "2,550", "5": "68", "6": "308", "7": "14,087", "8": "2,653", "9": "2,670", "10": "0", "11": "-", "12": "9,271", "13": "84", "14": "153", "15": "9,508", "16": "12,178", "17": "3,545", "18": "74.37%", "19": "24.65"}, "2022-09-30": {"1": "2,601", "2": "2,601", "3": "4.29%", "4": "8,222", "5": "61", "6": "307", "7": "28,179", "8": "14,741", "9": "16,315", "10": "683", "11": "48.16%", "12": "11,864", "13": "-", "14": "0", "15": "11,864", "16": "28,179", "17": "1,918", "18": "-5.66%", "19": "30.76"}, "2022-06-30": {"1": "2,640", "2": "2,640", "3": "5.85%", "4": "7,553", "5": "62", "6": "308", "7": "27,519", "8": "12,515", "9": "14,661", "10": "1,315", "11": "185.25%", "12": "12,858", "13": "-", "14": "0", "15": "12,858", "16": "27,519", "17": "1,325", "18": "-34.83%", "19": "33.34"}, "2022-03-31": {"1": "3,545", "2": "3,545", "3": "68.73%", "4": "2,550", "5": "68", "6": "308", "7": "14,087", "8": "2,653", "9": "2,670", "10": "0", "11": "-", "12": "9,271", "13": "84", "14": "153", "15": "9,508", "16": "12,178", "17": "3,545", "18": "68.73%", "19": "24.65"}, "2021-12-31": {"1": "2,494", "2": "2,494", "3": "-", "4": "6,956", "5": "48", "6": "313", "7": "25,643", "8": "10,079", "9": "11,240", "10": "461", "11": "-", "12": "9,715", "13": "0", "14": "156", "15": "9,871", "16": "21,111", "17": "2,033", "18": "-", "19": "25.59"}, "2021-09-30": {"1": "2,494", "2": "2,494", "3": "-", "4": "6,769", "5": "48", "6": "313", "7": "25,729", "8": "10,239", "9": "11,400", "10": "461", "11": "-", "12": "14,329", "13": "-", "14": "0", "15": "14,329", "16": "25,729", "17": "2,033", "18": "-", "19": "-"}, "2021-06-30": {"1": "2,494", "2": "2,494", "3": "-", "4": "6,769", "5": "48", "6": "313", "7": "25,729", "8": "10,239", "9": "11,400", "10": "461", "11": "-", "12": "14,329", "13": "-", "14": "0", "15": "14,329", "16": "25,729", "17": "2,033", "18": "-", "19": "-"}, "2020-12-31": {"1": "2,101", "2": "2,101", "3": "-", "4": "6,829", "5": "21", "6": "320", "7": "22,471", "8": "10,051", "9": "10,523", "10": "0", "11": "-", "12": "11,948", "13": "-", "14": "0", "15": "11,948", "16": "22,471", "17": "2,101", "18": "-", "19": "-"}}}, "cash_flow_statement": {"annual": {"Year": {"1": "Net Income", "2": "Depreciation & Amortization", "3": "Share-Based Compensation", "4": "Other Operating Activities", "5": "Operating Cash Flow", "6": "Operating Cash Flow Growth", "7": "Capital Expenditures", "8": "Change in Investments", "9": "Investing Cash Flow", "10": "Debt Issued / Paid", "11": "Other Financing Activities", "12": "Financing Cash Flow", "13": "Net Cash Flow", "14": "Free Cash Flow", "15": "Free Cash Flow Growth", "16": "Free Cash Flow Margin", "17": "Free Cash Flow Per Share"}, "2022": {"1": "1,915", "2": "13", "3": "-48", "4": "-2,254", "5": "-374", "6": "-", "7": "-13", "8": "1,719", "9": "1,706", "10": "-1,440", "11": "1,160", "12": "-280", "13": "1,052", "14": "-387", "15": "-", "16": "-10.67%", "17": "-1.00"}, "2021": {"1": "1,869", "2": "11", "3": "199", "4": "-636", "5": "1,443", "6": "-19.20%", "7": "-35", "8": "-826", "9": "-861", "10": "446", "11": "-633", "12": "-187", "13": "395", "14": "1,408", "15": "-20.27%", "16": "45.61%", "17": "3.65"}, "2020": {"1": "398", "2": "7", "3": "99", "4": "1,282", "5": "1,786", "6": "115.44%", "7": "-20", "8": "-739", "9": "-759", "10": "76", "11": "-652", "12": "-576", "13": "451", "14": "1,766", "15": "113.29%", "16": "81.99%", "17": "-"}, "2019": {"1": "1,913", "2": "6", "3": "182", "4": "-1,272", "5": "829", "6": "-", "7": "-1", "8": "-3,997", "9": "-3,998", "10": "505", "11": "2,879", "12": "3,384", "13": "215", "14": "828", "15": "-", "16": "38.10%", "17": "-"}}, "quarterly": {"Metrics": {"1": "Net Income", "2": "Depreciation & Amortization", "3": "Share-Based Compensation", "4": "Other Operating Activities", "5": "Operating Cash Flow", "6": "Operating Cash Flow Growth", "7": "Capital Expenditures", "8": "Change in Investments", "9": "Other Investing Activities", "10": "Investing Cash Flow", "11": "Dividends Paid", "12": "Share Issuance / Repurchase", "13": "Debt Issued / Paid", "14": "Other Financing Activities", "15": "Financing Cash Flow", "16": "Net Cash Flow", "17": "Free Cash Flow", "18": "Free Cash Flow Growth", "19": "Free Cash Flow Margin", "20": "Free Cash Flow Per Share"}, "2023-03-31": {"1": "516", "2": "4", "3": "20", "4": "-581", "5": "-41", "6": "-", "7": "-1", "8": "-4", "9": "-", "10": "-5", "11": "-528", "12": "41", "13": "140", "14": "-", "15": "-347", "16": "-393", "17": "-42", "18": "-", "19": "-3.98%", "20": "-0.11"}, "2022-12-31": {"1": "504", "2": "4", "3": "-77", "4": "-5,150", "5": "-4,719", "6": "-", "7": "7", "8": "1,643", "9": "3", "10": "1,653", "11": "0", "12": "0", "13": "-2,006", "14": "6,014", "15": "4,008", "16": "942", "17": "-4,712", "18": "-", "19": "-421.84%", "20": "-12.22"}, "2022-09-30": {"1": "395", "2": "4", "3": "23", "4": "1,655", "5": "2,077", "6": "-", "7": "-1", "8": "131", "9": "-", "10": "130", "11": "0", "12": "0", "13": "-580", "14": "-1,665", "15": "-2,245", "16": "-38", "17": "2,076", "18": "-", "19": "249.82%", "20": "5.38"}, "2022-06-30": {"1": "668", "2": "2", "3": "-129", "4": "2,126", "5": "2,667", "6": "30.74%", "7": "-2", "8": "-334", "9": "-3", "10": "-339", "11": "0", "12": "0", "13": "1,068", "14": "-3,333", "15": "-2,265", "16": "63", "17": "2,665", "18": "30.64%", "19": "288.42%", "20": "6.91"}, "2022-03-31": {"1": "348", "2": "3", "3": "135", "4": "-885", "5": "-399", "6": "-", "7": "-17", "8": "279", "9": "-", "10": "262", "11": "-207", "12": "0", "13": "78", "14": "351", "15": "222", "16": "85", "17": "-416", "18": "-", "19": "-55.10%", "20": "-1.08"}, "2021-12-31": {"1": "575", "2": "5", "3": "92", "4": "763", "5": "1,435", "6": "-", "7": "-33", "8": "-715", "9": "1", "10": "-747", "11": "0", "12": "0", "13": "-468", "14": "-43", "15": "-511", "16": "177", "17": "1,402", "18": "-", "19": "161.52%", "20": "3.63"}, "2021-09-30": {"1": "453", "2": "2", "3": "13", "4": "-1,868", "5": "-1,400", "6": "-", "7": "-2", "8": "-142", "9": "1", "10": "-143", "11": "0", "12": "0", "13": "497", "14": "920", "15": "1,417", "16": "-126", "17": "-1,402", "18": "-", "19": "-165.72%", "20": "-"}, "2021-06-30": {"1": "414", "2": "2", "3": "-3", "4": "1,627", "5": "2,040", "6": "-", "7": "0", "8": "387", "9": "-2", "10": "385", "11": "0", "12": "0", "13": "211", "14": "-2,376", "15": "-2,165", "16": "260", "17": "2,040", "18": "-", "19": "275.30%", "20": "-"}}}, "ratios": {"annual": {"Year": {"1": "Market Capitalization", "2": "Enterprise Value", "3": "PE Ratio", "4": "PS Ratio", "5": "PB Ratio", "6": "P/FCF Ratio", "7": "P/OCF Ratio", "8": "EV/Sales Ratio", "9": "EV/EBITDA Ratio", "10": "EV/EBIT Ratio", "11": "EV/FCF Ratio", "12": "Debt / Equity Ratio", "13": "Debt / EBITDA Ratio", "14": "Debt / FCF Ratio", "15": "Asset Turnover", "16": "Return on Equity (ROE)", "17": "Return on Assets (ROA)", "18": "Return on Capital (ROIC)", "19": "Earnings Yield", "20": "FCF Yield", "21": "Dividend Yield", "22": "Total Shareholder Return"}, "Current": {"1": "12,763", "2": "9,728", "3": "7.25", "4": "3.28", "5": "1.36", "6": "-970.67", "7": "-788.67", "8": "2.48", "9": "3.49", "10": "3.51", "11": "-728.21", "12": "-", "13": "-", "14": "-", "15": "0.19", "16": "19.10%", "17": "9.90%", "18": "15.30%", "19": "16.17%", "20": "-0.10%", "21": "2.39%", "22": "2.37%"}, "2022": {"1": "11,057", "2": "7,512", "3": "5.77", "4": "3.05", "5": "1.16", "6": "-28.57", "7": "-29.56", "8": "2.07", "9": "2.77", "10": "2.79", "11": "-19.41", "12": "-", "13": "-", "14": "-", "15": "0.17", "16": "17.50%", "17": "9.10%", "18": "14.90%", "19": "17.32%", "20": "-3.50%", "21": "-", "22": "-"}, "2021": {"1": "-", "2": "-2,033", "3": "-", "4": "-", "5": "-", "6": "-", "7": "-", "8": "-0.66", "9": "-0.80", "10": "-0.80", "11": "-1.44", "12": "0.05", "13": "0.18", "14": "0.33", "15": "0.13", "16": "17.10%", "17": "7.80%", "18": "11.70%", "19": "-", "20": "-", "21": "-", "22": "-"}}, "quarterly": {"Metrics": {"1": "Market Capitalization", "2": "Enterprise Value", "3": "PE Ratio", "4": "PS Ratio", "5": "PB Ratio", "6": "Debt / Equity Ratio", "7": "Dividend Yield", "8": "Total Shareholder Return"}, "Current": {"1": "12,880", "2": "9,728", "3": "7.25", "4": "3.28", "5": "1.36", "6": "-", "7": "2.37%", "8": "2.37%"}, "2023-03-31": {"1": "12,619", "2": "9,467", "3": "6.06", "4": "3.21", "5": "1.33", "6": "-", "7": "0.21%", "8": "0.21%"}, "2022-12-31": {"1": "11,057", "2": "7,512", "3": "5.77", "4": "3.05", "5": "1.16", "6": "-", "7": "-", "8": "-"}, "2022-09-30": {"1": "-", "2": "-1,918", "3": "-", "4": "-", "5": "-", "6": "0.06", "7": "-", "8": "-"}, "2022-06-30": {"1": "-", "2": "-1,325", "3": "-", "4": "-", "5": "-", "6": "0.10", "7": "-", "8": "-"}, "2022-03-31": {"1": "-", "2": "-3,545", "3": "-", "4": "-", "5": "-", "6": "-", "7": "-", "8": "-"}, "2021-12-31": {"1": "-", "2": "-2,033", "3": "-", "4": "-", "5": "-", "6": "0.05", "7": "-", "8": "-"}, "2021-09-30": {"1": "-", "2": "-2,033", "3": "-", "4": "-", "5": "-", "6": "0.03", "7": "-", "8": "-"}, "2021-06-30": {"1": "-", "2": "-2,033", "3": "-", "4": "-", "5": "-", "6": "0.03", "7": "-", "8": "-"}}}, "stock_price": {"index": {}, "high": {}, "low": {}, "volume": {}, "open": {}, "close": {}}, "profile": {"address1": "Brookfield Place", "address2": "Suite 300 181 Bay Street", "city": "Toronto", "state": "ON", "zip": "M5J 2T3", "country": "Canada", "phone": "416 363 9491", "website": "https://www.brookfield.com", "industry": "Asset Management", "industryDisp": "Asset Management", "sector": "Financial Services", "longBusinessSummary": "Brookfield Asset Management Ltd. provides alternative asset management services. Its renewable power and transition business includes the ownership, operation, and development of hydroelectric, wind, solar, and energy transition power generating assets. The company's infrastructure business engages in the ownership, operation, and development of utilities, transport, midstream, data and sustainable resource assets. In addition, its private equity business offers business, infrastructure, and industrials services; and real estate business, which includes core investments, and transitional and development investments. Further, the company engages in the residential development business including homebuilding, and condominium and land development. The company was incorporated in 2022 and is headquartered in Toronto, Canada.", "fullTimeEmployees": 2500, "companyOfficers": [{"maxAge": 1, "name": "Mr. Mark J. Carney FPC, MPC, PRC", "age": 57, "title": "Chair of Board & Head of Transition Investing", "yearBorn": 1965, "exercisedValue": 0, "unexercisedValue": 0}, {"maxAge": 1, "name": "Mr. James Bruce Flatt", "age": 57, "title": "CEO & Director", "yearBorn": 1965, "exercisedValue": 0, "unexercisedValue": 0}, {"maxAge": 1, "name": "Mr. Connor David Teskey", "age": 34, "title": "Pres and CEO Renewable Power & Transition", "yearBorn": 1988, "exercisedValue": 0, "unexercisedValue": 0}, {"maxAge": 1, "name": "Mr. Bahir  Manios", "age": 43, "title": "Managing Partner & CFO", "yearBorn": 1979, "exercisedValue": 0, "unexercisedValue": 0}, {"maxAge": 1, "name": "Ms. Lori Anne Pearson F.C.A., FCPA", "age": 60, "title": "Managing Partner & COO", "yearBorn": 1962, "exercisedValue": 0, "unexercisedValue": 0}, {"maxAge": 1, "name": "Mr. Dominic  Dodds", "title": "Managing Director of Technology", "exercisedValue": 0, "unexercisedValue": 0}, {"maxAge": 1, "name": "Mr. Justin B. Beber", "age": 52, "title": "Managing Partner, Chief Admin. Officer & Gen. Counsel", "yearBorn": 1970, "exercisedValue": 0, "unexercisedValue": 0}, {"maxAge": 1, "name": "Mr. Ronald  Fisher-Dayn", "title": "Managing Partner of Compliance", "exercisedValue": 0, "unexercisedValue": 0}, {"maxAge": 1, "name": "Mr. Brian William Kingston", "age": 48, "title": "Managing Partner, CEO of Real Estate & Director", "yearBorn": 1974, "exercisedValue": 0, "unexercisedValue": 0}, {"maxAge": 1, "name": "Mr. Cyrus  Madon", "age": 56, "title": "Managing Partner, CEO of Private Equity & Director", "yearBorn": 1966, "exercisedValue": 0, "unexercisedValue": 0}], "maxAge": 86400, "latitude": 43.64721600000007, "longitude": -79.37871299999995}}