{"income_statement": {"annual": {"Year": {"1": "Revenue", "2": "Revenue Growth (YoY)", "3": "Cost of Revenue", "4": "Gross Profit", "5": "Selling, General & Admin", "6": "Other Operating Expenses", "7": "Operating Expenses", "8": "Operating Income", "9": "Interest Expense / Income", "10": "Other Expense / Income", "11": "Pretax Income", "12": "Income Tax", "13": "Net Income", "14": "Net Income Growth", "15": "Shares Outstanding (Basic)", "16": "Shares Change", "17": "Free Cash Flow Per Share", "18": "Gross Margin", "19": "Operating Margin", "20": "Profit Margin", "21": "Free Cash Flow Margin", "22": "Effective Tax Rate", "23": "EBITDA", "24": "EBITDA Margin", "25": "Depreciation & Amortization", "26": "EBIT", "27": "EBIT Margin"}, "2022": {"1": "10,598", "2": "9.84%", "3": "9,466", "4": "1,132", "5": "372", "6": "21", "7": "393", "8": "739", "9": "742", "10": "-509", "11": "506", "12": "-405", "13": "911", "14": "2430.56%", "15": "99", "16": "26.85%", "17": "-4.46", "18": "10.68%", "19": "6.97%", "20": "8.60%", "21": "-4.16%", "22": "-80.04%", "23": "2,140", "24": "20.19%", "25": "892", "26": "1,248", "27": "11.78%"}, "2021": {"1": "9,649", "2": "0.45%", "3": "8,801", "4": "848", "5": "282", "6": "0", "7": "282", "8": "566", "9": "401", "10": "141", "11": "24", "12": "-12", "13": "36", "14": "-", "15": "78", "16": "-", "17": "-1.29", "18": "8.79%", "19": "5.87%", "20": "0.37%", "21": "-1.05%", "22": "-50.00%", "23": "1,028", "24": "10.65%", "25": "603", "26": "425", "27": "4.40%"}, "2020": {"1": "9,606", "2": "-3.00%", "3": "8,853", "4": "753", "5": "313", "6": "0", "7": "313", "8": "440", "9": "405", "10": "213", "11": "-178", "12": "-14", "13": "-164", "14": "-", "15": "-", "16": "-", "17": "-", "18": "7.84%", "19": "4.58%", "20": "-1.71%", "21": "0.48%", "22": "-", "23": "812", "24": "8.45%", "25": "585", "26": "227", "27": "2.36%"}, "2019": {"1": "9,903", "2": "42.37%", "3": "9,058", "4": "845", "5": "336", "6": "131", "7": "467", "8": "378", "9": "396", "10": "101", "11": "-119", "12": "9", "13": "-128", "14": "-", "15": "-", "16": "-", "17": "-", "18": "8.53%", "19": "3.82%", "20": "-1.29%", "21": "3.71%", "22": "-", "23": "797", "24": "8.05%", "25": "520", "26": "277", "27": "2.80%"}, "2018": {"1": "6,956", "2": "-", "3": "6,513", "4": "443", "5": "212", "6": "0", "7": "212", "8": "231", "9": "172", "10": "64", "11": "-5", "12": "43", "13": "-48", "14": "-", "15": "-", "16": "-", "17": "-", "18": "6.37%", "19": "3.32%", "20": "-0.69%", "21": "-4.47%", "22": "-", "23": "414", "24": "5.95%", "25": "247", "26": "167", "27": "2.40%"}}, "quarterly": {"Metrics": {"1": "Revenue", "2": "Revenue Growth (YoY)", "3": "Cost of Revenue", "4": "Gross Profit", "5": "Selling, General & Admin", "6": "Other Operating Expenses", "7": "Operating Expenses", "8": "Operating Income", "9": "Interest Expense / Income", "10": "Other Expense / Income", "11": "Pretax Income", "12": "Income Tax", "13": "Net Income", "14": "Net Income Growth", "15": "Shares Outstanding (Basic)", "16": "Shares Change", "17": "Free Cash Flow Per Share", "18": "Gross Margin", "19": "Operating Margin", "20": "Profit Margin", "21": "Free Cash Flow Margin", "22": "Effective Tax Rate", "23": "EBITDA", "24": "EBITDA Margin", "25": "Depreciation & Amortization", "26": "EBIT", "27": "EBIT Margin"}, "2023-03-31": {"1": "2,921", "2": "29.76%", "3": "2,551", "4": "370", "5": "107", "6": "0", "7": "107", "8": "263", "9": "279", "10": "212", "11": "-228", "12": "2", "13": "-230", "14": "-", "15": "99", "16": "-0.05%", "17": "-3.07", "18": "12.67%", "19": "9.00%", "20": "-7.87%", "21": "-10.41%", "22": "-", "23": "333", "24": "11.40%", "25": "282", "26": "51", "27": "1.75%"}, "2022-12-31": {"1": "3,124", "2": "25.56%", "3": "2,727", "4": "397", "5": "103", "6": "21", "7": "124", "8": "273", "9": "254", "10": "-160", "11": "179", "12": "-15", "13": "194", "14": "438.89%", "15": "99", "16": "26.85%", "17": "-0.96", "18": "12.71%", "19": "8.74%", "20": "6.21%", "21": "-3.04%", "22": "-8.38%", "23": "714", "24": "22.86%", "25": "281", "26": "433", "27": "13.86%"}, "2022-09-30": {"1": "2,905", "2": "24.15%", "3": "2,604", "4": "301", "5": "129", "6": "0", "7": "129", "8": "172", "9": "248", "10": "-147", "11": "71", "12": "-21", "13": "92", "14": "9100.00%", "15": "99", "16": "-", "17": "-2.87", "18": "10.36%", "19": "5.92%", "20": "3.17%", "21": "-9.78%", "22": "-29.58%", "23": "625", "24": "21.51%", "25": "306", "26": "319", "27": "10.98%"}, "2022-06-30": {"1": "2,318", "2": "-5.46%", "3": "2,110", "4": "208", "5": "72", "6": "0", "7": "72", "8": "136", "9": "133", "10": "-413", "11": "416", "12": "-373", "13": "789", "14": "-", "15": "99", "16": "-", "17": "0.39", "18": "8.97%", "19": "5.87%", "20": "34.04%", "21": "1.68%", "22": "-89.66%", "23": "705", "24": "30.41%", "25": "156", "26": "549", "27": "23.68%"}, "2022-03-31": {"1": "2,251", "2": "-4.98%", "3": "2,025", "4": "226", "5": "68", "6": "0", "7": "68", "8": "158", "9": "107", "10": "209", "11": "-158", "12": "4", "13": "-162", "14": "-", "15": "99", "16": "-", "17": "-1.02", "18": "10.04%", "19": "7.02%", "20": "-7.20%", "21": "-4.49%", "22": "-", "23": "98", "24": "4.35%", "25": "149", "26": "-51", "27": "-2.27%"}, "2021-12-31": {"1": "2,488", "2": "-", "3": "2,195", "4": "293", "5": "66", "6": "0", "7": "66", "8": "227", "9": "96", "10": "126", "11": "5", "12": "-31", "13": "36", "14": "-", "15": "78", "16": "-", "17": "0.49", "18": "11.78%", "19": "9.12%", "20": "1.45%", "21": "1.53%", "22": "-620.00%", "23": "253", "24": "10.17%", "25": "152", "26": "101", "27": "4.06%"}, "2021-09-30": {"1": "2,340", "2": "-", "3": "2,162", "4": "178", "5": "74", "6": "0", "7": "74", "8": "104", "9": "106", "10": "-5", "11": "3", "12": "2", "13": "1", "14": "-", "15": "-", "16": "-", "17": "-", "18": "7.61%", "19": "4.44%", "20": "0.04%", "21": "-2.39%", "22": "66.67%", "23": "258", "24": "11.03%", "25": "149", "26": "109", "27": "4.66%"}, "2021-06-30": {"1": "2,452", "2": "-", "3": "2,269", "4": "183", "5": "80", "6": "0", "7": "80", "8": "103", "9": "100", "10": "7", "11": "-4", "12": "8", "13": "-12", "14": "-", "15": "-", "16": "-", "17": "-", "18": "7.46%", "19": "4.20%", "20": "-0.49%", "21": "0.49%", "22": "-", "23": "248", "24": "10.11%", "25": "152", "26": "96", "27": "3.92%"}, "2021-03-31": {"1": "2,369", "2": "-", "3": "2,175", "4": "194", "5": "62", "6": "0", "7": "62", "8": "132", "9": "99", "10": "13", "11": "20", "12": "9", "13": "11", "14": "-", "15": "-", "16": "-", "17": "-", "18": "8.19%", "19": "5.57%", "20": "0.46%", "21": "-4.01%", "22": "45.00%", "23": "269", "24": "11.36%", "25": "150", "26": "119", "27": "5.02%"}, "2020-12-31": {"1": "-", "2": "-", "3": "-", "4": "-", "5": "-", "6": "0", "7": "-", "8": "-", "9": "-", "10": "-", "11": "-", "12": "-", "13": "-", "14": "-", "15": "-", "16": "-", "17": "-", "18": "-", "19": "-", "20": "-", "21": "-", "22": "-", "23": "-", "24": "-", "25": "-", "26": "-", "27": "-"}}}, "balance_sheet": {"annual": {"Year": {"1": "Cash & Equivalents", "2": "Short-Term Investments", "3": "Cash & Cash Equivalents", "4": "Cash Growth", "5": "Receivables", "6": "Inventory", "7": "Other Current Assets", "8": "Total Current Assets", "9": "Property, Plant & Equipment", "10": "Long-Term Investments", "11": "Goodwill and Intangibles", "12": "Other Long-Term Assets", "13": "Total Long-Term Assets", "14": "Total Assets", "15": "Accounts Payable", "16": "Current Debt", "17": "Other Current Liabilities", "18": "Total Current Liabilities", "19": "Long-Term Debt", "20": "Other Long-Term Liabilities", "21": "Total Long-Term Liabilities", "22": "Total Liabilities", "23": "Total Debt", "24": "Debt Growth", "25": "Common Stock", "26": "Shareholders' Equity", "27": "Total Liabilities and Equity", "28": "Net Cash / Debt", "29": "Working Capital", "30": "Book Value Per Share"}, "2022": {"1": "736", "2": "80", "3": "816", "4": "-16.90%", "5": "3,191", "6": "635", "7": "238", "8": "4,880", "9": "3,765", "10": "668", "11": "16,209", "12": "1,854", "13": "22,496", "14": "27,376", "15": "7,639", "16": "415", "17": "-2,069", "18": "5,985", "19": "12,498", "20": "4,822", "21": "17,320", "22": "23,305", "23": "12,913", "24": "146.15%", "25": "359", "26": "359", "27": "23,664", "28": "-12,097", "29": "-1,105", "30": "3.63"}, "2021": {"1": "894", "2": "88", "3": "982", "4": "-10.40%", "5": "2,281", "6": "580", "7": "23", "8": "3,866", "9": "4,036", "10": "331", "11": "6,442", "12": "1,245", "13": "12,054", "14": "15,920", "15": "9,051", "16": "53", "17": "-3,475", "18": "5,629", "19": "5,193", "20": "3,962", "21": "9,155", "22": "14,784", "23": "5,246", "24": "1.10%", "25": "-516", "26": "-516", "27": "14,268", "28": "-4,264", "29": "-1,763", "30": "-6.62"}, "2020": {"1": "777", "2": "319", "3": "1,096", "4": "20.57%", "5": "2,302", "6": "713", "7": "52", "8": "4,163", "9": "4,318", "10": "314", "11": "6,696", "12": "1,166", "13": "12,494", "14": "16,657", "15": "8,248", "16": "114", "17": "-4,096", "18": "4,266", "19": "5,075", "20": "4,610", "21": "9,685", "22": "13,951", "23": "5,189", "24": "-1.91%", "25": "1,227", "26": "1,227", "27": "15,178", "28": "-4,093", "29": "-103", "30": "-"}, "2019": {"1": "792", "2": "117", "3": "909", "4": "-", "5": "2,457", "6": "726", "7": "42", "8": "4,134", "9": "4,067", "10": "306", "11": "6,856", "12": "1,318", "13": "12,547", "14": "16,681", "15": "7,587", "16": "274", "17": "-3,763", "18": "4,098", "19": "5,016", "20": "4,402", "21": "9,418", "22": "13,516", "23": "5,290", "24": "-", "25": "1,397", "26": "1,397", "27": "14,913", "28": "-4,381", "29": "36", "30": "-"}}, "quarterly": {"Metrics": {"1": "Cash & Equivalents", "2": "Short-Term Investments", "3": "Cash & Cash Equivalents", "4": "Cash Growth", "5": "Receivables", "6": "Inventory", "7": "Other Current Assets", "8": "Total Current Assets", "9": "Property, Plant & Equipment", "10": "Long-Term Investments", "11": "Goodwill and Intangibles", "12": "Other Long-Term Assets", "13": "Total Long-Term Assets", "14": "Total Assets", "15": "Accounts Payable", "16": "Current Debt", "17": "Other Current Liabilities", "18": "Total Current Liabilities", "19": "Long-Term Debt", "20": "Other Long-Term Liabilities", "21": "Total Long-Term Liabilities", "22": "Total Liabilities", "23": "Total Debt", "24": "Debt Growth", "25": "Common Stock", "26": "Shareholders' Equity", "27": "Total Liabilities and Equity", "28": "Net Cash / Debt", "29": "Working Capital", "30": "Book Value Per Share"}, "2023-03-31": {"1": "810", "2": "111", "3": "921", "4": "19.77%", "5": "3,512", "6": "655", "7": "482", "8": "5,570", "9": "3,731", "10": "611", "11": "15,665", "12": "2,001", "13": "22,008", "14": "27,578", "15": "7,648", "16": "611", "17": "-1,981", "18": "6,278", "19": "12,585", "20": "4,829", "21": "17,414", "22": "23,692", "23": "13,196", "24": "129.14%", "25": "192", "26": "192", "27": "23,884", "28": "-12,275", "29": "-708", "30": "1.94"}, "2022-12-31": {"1": "736", "2": "80", "3": "816", "4": "-16.90%", "5": "3,191", "6": "635", "7": "238", "8": "4,880", "9": "3,765", "10": "668", "11": "16,209", "12": "1,854", "13": "22,496", "14": "27,376", "15": "7,639", "16": "415", "17": "-2,069", "18": "5,985", "19": "12,498", "20": "4,822", "21": "17,320", "22": "23,305", "23": "12,913", "24": "146.15%", "25": "359", "26": "359", "27": "23,664", "28": "-12,097", "29": "-1,105", "30": "3.63"}, "2022-09-30": {"1": "883", "2": "164", "3": "1,047", "4": "-", "5": "2,616", "6": "600", "7": "255", "8": "4,518", "9": "3,538", "10": "693", "11": "16,072", "12": "1,782", "13": "22,085", "14": "26,603", "15": "7,233", "16": "460", "17": "-2,002", "18": "5,691", "19": "12,787", "20": "4,967", "21": "17,754", "22": "23,445", "23": "13,247", "24": "-", "25": "131", "26": "131", "27": "23,576", "28": "-12,200", "29": "-1,173", "30": "1.32"}, "2022-06-30": {"1": "828", "2": "878", "3": "1,706", "4": "-", "5": "2,946", "6": "615", "7": "-10", "8": "5,257", "9": "3,783", "10": "443", "11": "7,120", "12": "1,567", "13": "12,913", "14": "18,170", "15": "6,908", "16": "426", "17": "-1,645", "18": "5,689", "19": "7,467", "20": "3,682", "21": "11,149", "22": "16,838", "23": "7,893", "24": "-", "25": "56", "26": "56", "27": "16,894", "28": "-6,187", "29": "-432", "30": "0.57"}, "2022-03-31": {"1": "667", "2": "102", "3": "769", "4": "-", "5": "2,862", "6": "581", "7": "-111", "8": "4,101", "9": "4,077", "10": "394", "11": "6,868", "12": "1,408", "13": "12,747", "14": "16,848", "15": "7,345", "16": "198", "17": "-1,280", "18": "6,263", "19": "5,561", "20": "4,067", "21": "9,628", "22": "15,891", "23": "5,759", "24": "-", "25": "-673", "26": "-673", "27": "15,218", "28": "-4,990", "29": "-2,162", "30": "-6.80"}, "2021-12-31": {"1": "894", "2": "88", "3": "982", "4": "-10.40%", "5": "2,281", "6": "580", "7": "23", "8": "3,866", "9": "4,036", "10": "331", "11": "6,442", "12": "1,245", "13": "12,054", "14": "15,920", "15": "9,051", "16": "53", "17": "-3,475", "18": "5,629", "19": "5,193", "20": "3,962", "21": "9,155", "22": "14,784", "23": "5,246", "24": "1.10%", "25": "-516", "26": "-516", "27": "14,268", "28": "-4,264", "29": "-1,763", "30": "-6.62"}, "2021-09-30": {"1": "-", "2": "-", "3": "0", "4": "-", "5": "-", "6": "-", "7": "-", "8": "-", "9": "-", "10": "-", "11": "-", "12": "-", "13": "-", "14": "-", "15": "-", "16": "-", "17": "-", "18": "-", "19": "-", "20": "-", "21": "-", "22": "-", "23": "-", "24": "-", "25": "-", "26": "-", "27": "-", "28": "0", "29": "-", "30": "-"}, "2021-06-30": {"1": "-", "2": "-", "3": "0", "4": "-", "5": "-", "6": "-", "7": "-", "8": "-", "9": "-", "10": "-", "11": "-", "12": "-", "13": "-", "14": "-", "15": "-", "16": "-", "17": "-", "18": "-", "19": "-", "20": "-", "21": "-", "22": "-", "23": "-", "24": "-", "25": "-", "26": "-", "27": "-", "28": "0", "29": "-", "30": "-"}, "2021-03-31": {"1": "-", "2": "-", "3": "0", "4": "-", "5": "-", "6": "-", "7": "-", "8": "-", "9": "-", "10": "-", "11": "-", "12": "-", "13": "-", "14": "-", "15": "-", "16": "-", "17": "-", "18": "-", "19": "-", "20": "-", "21": "-", "22": "-", "23": "-", "24": "-", "25": "-", "26": "-", "27": "-", "28": "0", "29": "-", "30": "-"}, "2020-12-31": {"1": "777", "2": "319", "3": "1,096", "4": "-", "5": "2,302", "6": "713", "7": "52", "8": "4,163", "9": "4,318", "10": "314", "11": "6,696", "12": "1,166", "13": "12,494", "14": "16,657", "15": "8,248", "16": "114", "17": "-4,096", "18": "4,266", "19": "5,075", "20": "4,610", "21": "9,685", "22": "13,951", "23": "5,189", "24": "-", "25": "1,227", "26": "1,227", "27": "15,178", "28": "-4,093", "29": "-103", "30": "-"}, "2019-12-31": {"1": "792", "2": "117", "3": "909", "4": "-", "5": "2,457", "6": "726", "7": "42", "8": "4,134", "9": "4,067", "10": "306", "11": "6,856", "12": "1,318", "13": "12,547", "14": "16,681", "15": "7,587", "16": "274", "17": "-3,763", "18": "4,098", "19": "5,016", "20": "4,402", "21": "9,418", "22": "13,516", "23": "5,290", "24": "-", "25": "1,397", "26": "1,397", "27": "14,913", "28": "-4,381", "29": "36", "30": "-"}}}, "cash_flow_statement": {"annual": {"Year": {"1": "Net Income", "2": "Depreciation & Amortization", "3": "Other Operating Activities", "4": "Operating Cash Flow", "5": "Operating Cash Flow Growth", "6": "Capital Expenditures", "7": "Acquisitions", "8": "Change in Investments", "9": "Other Investing Activities", "10": "Investing Cash Flow", "11": "Debt Issued / Paid", "12": "Other Financing Activities", "13": "Financing Cash Flow", "14": "Net Cash Flow", "15": "Free Cash Flow", "16": "Free Cash Flow Growth", "17": "Free Cash Flow Margin", "18": "Free Cash Flow Per Share"}, "2022": {"1": "911", "2": "892", "3": "-1,622", "4": "181", "5": "-70.71%", "6": "-622", "7": "-8,743", "8": "131", "9": "4", "10": "-9,230", "11": "7,868", "12": "1,045", "13": "8,913", "14": "-136", "15": "-441", "16": "-", "17": "-4.16%", "18": "-4.46"}, "2021": {"1": "36", "2": "603", "3": "-21", "4": "618", "5": "20.23%", "6": "-719", "7": "-7", "8": "6", "9": "242", "10": "-478", "11": "-20", "12": "34", "13": "14", "14": "154", "15": "-101", "16": "-", "17": "-1.05%", "18": "-1.29"}, "2020": {"1": "-164", "2": "585", "3": "93", "4": "514", "5": "-31.74%", "6": "-468", "7": "349", "8": "119", "9": "-235", "10": "-235", "11": "-173", "12": "-120", "13": "-293", "14": "-14", "15": "46", "16": "-87.47%", "17": "0.48%", "18": "-"}, "2019": {"1": "-128", "2": "520", "3": "361", "4": "753", "5": "-", "6": "-386", "7": "-4,111", "8": "200", "9": "167", "10": "-4,130", "11": "3,264", "12": "297", "13": "3,561", "14": "184", "15": "367", "16": "-", "17": "3.71%", "18": "-"}, "2018": {"1": "-48", "2": "247", "3": "-323", "4": "-124", "5": "-", "6": "-187", "7": "-3,485", "8": "-5", "9": "-67", "10": "-3,744", "11": "3,009", "12": "1,151", "13": "4,160", "14": "292", "15": "-311", "16": "-", "17": "-4.47%", "18": "-"}}, "quarterly": {"Metrics": {"1": "Net Income", "2": "Depreciation & Amortization", "3": "Other Operating Activities", "4": "Operating Cash Flow", "5": "Operating Cash Flow Growth", "6": "Capital Expenditures", "7": "Acquisitions", "8": "Change in Investments", "9": "Other Investing Activities", "10": "Investing Cash Flow", "11": "Debt Issued / Paid", "12": "Other Financing Activities", "13": "Financing Cash Flow", "14": "Net Cash Flow", "15": "Free Cash Flow", "16": "Free Cash Flow Growth", "17": "Free Cash Flow Margin", "18": "Free Cash Flow Per Share"}, "2023-03-31": {"1": "-230", "2": "282", "3": "-192", "4": "-140", "5": "-", "6": "-164", "7": "274", "8": "-2", "9": "2", "10": "110", "11": "149", "12": "-60", "13": "89", "14": "59", "15": "-304", "16": "-", "17": "-10.41%", "18": "-3.07"}, "2022-12-31": {"1": "194", "2": "281", "3": "-354", "4": "121", "5": "-33.52%", "6": "-216", "7": "-9", "8": "9", "9": "1", "10": "-215", "11": "-206", "12": "119", "13": "-87", "14": "-181", "15": "-95", "16": "-", "17": "-3.04%", "18": "-0.96"}, "2022-09-30": {"1": "92", "2": "306", "3": "-534", "4": "-136", "5": "-", "6": "-148", "7": "-8,017", "8": "80", "9": "753", "10": "-7,332", "11": "5,820", "12": "1,739", "13": "7,559", "14": "91", "15": "-284", "16": "-", "17": "-9.78%", "18": "-2.87"}, "2022-06-30": {"1": "789", "2": "156", "3": "-783", "4": "162", "5": "16.55%", "6": "-123", "7": "-717", "8": "42", "9": "-750", "10": "-1,548", "11": "2,118", "12": "-522", "13": "1,596", "14": "210", "15": "39", "16": "225.00%", "17": "1.68%", "18": "0.39"}, "2022-03-31": {"1": "-162", "2": "149", "3": "47", "4": "34", "5": "-", "6": "-135", "7": "0", "8": "0", "9": "-", "10": "-135", "11": "-135", "12": "-20", "13": "-155", "14": "-256", "15": "-101", "16": "-", "17": "-4.49%", "18": "-1.02"}, "2021-12-31": {"1": "36", "2": "152", "3": "-6", "4": "182", "5": "-", "6": "-144", "7": "0", "8": "0", "9": "-7", "10": "-151", "11": "1", "12": "40", "13": "41", "14": "72", "15": "38", "16": "-", "17": "1.53%", "18": "0.49"}, "2021-09-30": {"1": "1", "2": "149", "3": "166", "4": "316", "5": "-", "6": "-372", "7": "-1", "8": "0", "9": "224", "10": "-149", "11": "-37", "12": "36", "13": "-1", "14": "166", "15": "-56", "16": "-", "17": "-2.39%", "18": "-"}, "2021-06-30": {"1": "-12", "2": "152", "3": "-1", "4": "139", "5": "-", "6": "-127", "7": "-6", "8": "7", "9": "22", "10": "-104", "11": "-54", "12": "22", "13": "-32", "14": "3", "15": "12", "16": "-", "17": "0.49%", "18": "-"}, "2021-03-31": {"1": "11", "2": "150", "3": "-180", "4": "-19", "5": "-", "6": "-76", "7": "0", "8": "-1", "9": "3", "10": "-74", "11": "70", "12": "-64", "13": "6", "14": "-87", "15": "-95", "16": "-", "17": "-4.01%", "18": "-"}, "2020-12-31": {"1": "-", "2": "-", "3": "-", "4": "-", "5": "-", "6": "-", "7": "-", "8": "-", "9": "-", "10": "-", "11": "-", "12": "-", "13": "-", "14": "-", "15": "-", "16": "-", "17": "-", "18": "-"}}}, "ratios": {"annual": {"Year": {"1": "Market Capitalization", "2": "Enterprise Value", "3": "PE Ratio", "4": "PS Ratio", "5": "PB Ratio", "6": "P/FCF Ratio", "7": "P/OCF Ratio", "8": "EV/Sales Ratio", "9": "EV/EBITDA Ratio", "10": "EV/EBIT Ratio", "11": "EV/FCF Ratio", "12": "Debt / Equity Ratio", "13": "Debt / EBITDA Ratio", "14": "Debt / FCF Ratio", "15": "Current Ratio", "16": "Asset Turnover", "17": "Return on Equity (ROE)", "18": "Return on Assets (ROA)", "19": "Return on Capital (ROIC)", "20": "Earnings Yield", "21": "FCF Yield", "22": "Dividend Yield", "23": "Buyback Yield / Dilution", "24": "Total Shareholder Return"}, "Current": {"1": "1,557", "2": "13,814", "3": "1.66", "4": "0.14", "5": "8.01", "6": "-3.04", "7": "219.83", "8": "1.23", "9": "5.81", "10": "10.22", "11": "-22.10", "12": "68.73", "13": "5.55", "14": "-20.49", "15": "0.89", "16": "0.45", "17": "458.00%", "18": "3.40%", "19": "8.30%", "20": "54.91%", "21": "-41.85%", "22": "1.17%", "23": "0.05%", "24": "1.24%"}, "2022": {"1": "1,859", "2": "13,956", "3": "2.04", "4": "0.18", "5": "5.18", "6": "-4.22", "7": "10.27", "8": "1.32", "9": "6.52", "10": "11.18", "11": "-31.65", "12": "35.97", "13": "6.03", "14": "-29.28", "15": "0.82", "16": "0.48", "17": "-2869.30%", "18": "4.10%", "19": "8.90%", "20": "49.00%", "21": "-23.72%", "22": "-", "23": "-26.85%", "24": "-26.85%"}, "2021": {"1": "-", "2": "4,264", "3": "-", "4": "-", "5": "-", "6": "-", "7": "-", "8": "0.44", "9": "4.15", "10": "10.03", "11": "-42.22", "12": "-10.17", "13": "5.10", "14": "-51.94", "15": "0.69", "16": "0.59", "17": "10.10%", "18": "0.20%", "19": "4.60%", "20": "-", "21": "-", "22": "-", "23": "-", "24": "-"}, "2020": {"1": "-", "2": "4,093", "3": "-", "4": "-", "5": "-", "6": "-", "7": "-", "8": "0.43", "9": "5.04", "10": "18.03", "11": "88.98", "12": "4.23", "13": "6.39", "14": "112.80", "15": "0.98", "16": "0.58", "17": "-12.50%", "18": "-1.00%", "19": "2.20%", "20": "-", "21": "-", "22": "-", "23": "-", "24": "-"}, "2019": {"1": "-", "2": "4,381", "3": "-", "4": "-", "5": "-", "6": "-", "7": "-", "8": "0.44", "9": "5.50", "10": "15.82", "11": "11.94", "12": "3.79", "13": "6.64", "14": "14.41", "15": "1.01", "16": "-", "17": "-", "18": "-", "19": "-", "20": "-", "21": "-", "22": "-", "23": "-", "24": "-"}}, "quarterly": {"Metrics": {"1": "Market Capitalization", "2": "Market Cap Growth", "3": "Enterprise Value", "4": "PE Ratio", "5": "PS Ratio", "6": "PB Ratio", "7": "Debt / Equity Ratio", "8": "Current Ratio", "9": "Dividend Yield", "10": "Buyback Yield / Dilution", "11": "Total Shareholder Return"}, "Current": {"1": "1,557", "2": "-", "3": "13,814", "4": "1.66", "5": "0.14", "6": "8.01", "7": "68.73", "8": "0.89", "9": "1.17%", "10": "0.05%", "11": "1.24%"}, "2023-03-31": {"1": "1,960", "2": "-39.25%", "3": "14,235", "4": "2.32", "5": "0.17", "6": "10.21", "7": "68.73", "8": "0.89", "9": "-", "10": "0.05%", "11": "0.05%"}, "2022-12-31": {"1": "1,859", "2": "-", "3": "13,956", "4": "2.04", "5": "0.18", "6": "5.18", "7": "35.97", "8": "0.82", "9": "-", "10": "-26.85%", "11": "-26.85%"}, "2022-09-30": {"1": "2,187", "2": "-", "3": "14,387", "4": "2.90", "5": "0.22", "6": "16.69", "7": "101.12", "8": "0.79", "9": "-", "10": "-", "11": "-"}, "2022-06-30": {"1": "2,277", "2": "-", "3": "8,464", "4": "3.43", "5": "0.24", "6": "40.66", "7": "140.95", "8": "0.92", "9": "-", "10": "-", "11": "-"}, "2022-03-31": {"1": "3,227", "2": "-", "3": "8,217", "4": "-23.55", "5": "0.34", "6": "-4.79", "7": "-8.56", "8": "0.66", "9": "-", "10": "-", "11": "-"}, "2021-12-31": {"1": "-", "2": "-", "3": "4,264", "4": "-", "5": "-", "6": "-", "7": "-10.17", "8": "0.69", "9": "-", "10": "-", "11": "-"}, "2021-09-30": {"1": "-", "2": "-", "3": "-", "4": "-", "5": "-", "6": "-", "7": "-", "8": "-", "9": "-", "10": "-", "11": "-"}, "2021-06-30": {"1": "-", "2": "-", "3": "-", "4": "-", "5": "-", "6": "-", "7": "-", "8": "-", "9": "-", "10": "-", "11": "-"}, "2021-03-31": {"1": "-", "2": "-", "3": "-", "4": "-", "5": "-", "6": "-", "7": "-", "8": "-", "9": "-", "10": "-", "11": "-"}, "2020-12-31": {"1": "-", "2": "-", "3": "4,093", "4": "-", "5": "-", "6": "-", "7": "4.23", "8": "0.98", "9": "-", "10": "-", "11": "-"}, "2019-12-31": {"1": "-", "2": "-", "3": "4,381", "4": "-", "5": "-", "6": "-", "7": "3.79", "8": "1.01", "9": "-", "10": "-", "11": "-"}}}, "stock_price": {"symbol": {"0": "BBUC", "1": "BBUC", "2": "BBUC", "3": "BBUC", "4": "BBUC", "5": "BBUC", "6": "BBUC", "7": "BBUC", "8": "BBUC", "9": "BBUC", "10": "BBUC", "11": "BBUC", "12": "BBUC", "13": "BBUC", "14": "BBUC", "15": "BBUC", "16": "BBUC", "17": "BBUC", "18": "BBUC", "19": "BBUC", "20": "BBUC", "21": "BBUC", "22": "BBUC", "23": "BBUC", "24": "BBUC", "25": "BBUC", "26": "BBUC", "27": "BBUC", "28": "BBUC", "29": "BBUC", "30": "BBUC", "31": "BBUC", "32": "BBUC", "33": "BBUC", "34": "BBUC", "35": "BBUC", "36": "BBUC", "37": "BBUC", "38": "BBUC", "39": "BBUC", "40": "BBUC", "41": "BBUC", "42": "BBUC", "43": "BBUC", "44": "BBUC", "45": "BBUC", "46": "BBUC", "47": "BBUC", "48": "BBUC", "49": "BBUC", "50": "BBUC", "51": "BBUC", "52": "BBUC", "53": "BBUC", "54": "BBUC", "55": "BBUC", "56": "BBUC", "57": "BBUC", "58": "BBUC", "59": "BBUC", "60": "BBUC", "61": "BBUC", "62": "BBUC", "63": "BBUC", "64": "BBUC", "65": "BBUC", "66": "BBUC", "67": "BBUC", "68": "BBUC", "69": "BBUC", "70": "BBUC", "71": "BBUC", "72": "BBUC", "73": "BBUC", "74": "BBUC", "75": "BBUC", "76": "BBUC", "77": "BBUC", "78": "BBUC", "79": "BBUC", "80": "BBUC", "81": "BBUC", "82": "BBUC", "83": "BBUC", "84": "BBUC", "85": "BBUC", "86": "BBUC", "87": "BBUC", "88": "BBUC", "89": "BBUC", "90": "BBUC", "91": "BBUC", "92": "BBUC", "93": "BBUC", "94": "BBUC", "95": "BBUC", "96": "BBUC", "97": "BBUC", "98": "BBUC", "99": "BBUC", "100": "BBUC", "101": "BBUC", "102": "BBUC", "103": "BBUC", "104": "BBUC", "105": "BBUC", "106": "BBUC", "107": "BBUC", "108": "BBUC", "109": "BBUC", "110": "BBUC", "111": "BBUC", "112": "BBUC", "113": "BBUC", "114": "BBUC", "115": "BBUC", "116": "BBUC", "117": "BBUC", "118": "BBUC", "119": "BBUC", "120": "BBUC", "121": "BBUC", "122": "BBUC", "123": "BBUC", "124": "BBUC", "125": "BBUC", "126": "BBUC", "127": "BBUC", "128": "BBUC", "129": "BBUC", "130": "BBUC", "131": "BBUC", "132": "BBUC", "133": "BBUC", "134": "BBUC", "135": "BBUC", "136": "BBUC", "137": "BBUC", "138": "BBUC", "139": "BBUC", "140": "BBUC", "141": "BBUC", "142": "BBUC", "143": "BBUC", "144": "BBUC", "145": "BBUC", "146": "BBUC", "147": "BBUC", "148": "BBUC", "149": "BBUC", "150": "BBUC", "151": "BBUC", "152": "BBUC", "153": "BBUC", "154": "BBUC", "155": "BBUC", "156": "BBUC", "157": "BBUC", "158": "BBUC", "159": "BBUC", "160": "BBUC", "161": "BBUC", "162": "BBUC", "163": "BBUC", "164": "BBUC", "165": "BBUC", "166": "BBUC", "167": "BBUC", "168": "BBUC", "169": "BBUC", "170": "BBUC", "171": "BBUC", "172": "BBUC", "173": "BBUC", "174": "BBUC", "175": "BBUC", "176": "BBUC", "177": "BBUC", "178": "BBUC", "179": "BBUC", "180": "BBUC", "181": "BBUC", "182": "BBUC", "183": "BBUC", "184": "BBUC", "185": "BBUC", "186": "BBUC", "187": "BBUC", "188": "BBUC", "189": "BBUC", "190": "BBUC", "191": "BBUC", "192": "BBUC", "193": "BBUC", "194": "BBUC", "195": "BBUC", "196": "BBUC", "197": "BBUC", "198": "BBUC", "199": "BBUC", "200": "BBUC", "201": "BBUC", "202": "BBUC", "203": "BBUC", "204": "BBUC", "205": "BBUC", "206": "BBUC", "207": "BBUC", "208": "BBUC", "209": "BBUC", "210": "BBUC", "211": "BBUC", "212": "BBUC", "213": "BBUC", "214": "BBUC", "215": "BBUC", "216": "BBUC", "217": "BBUC", "218": "BBUC", "219": "BBUC", "220": "BBUC", "221": "BBUC", "222": "BBUC", "223": "BBUC", "224": "BBUC", "225": "BBUC", "226": "BBUC", "227": "BBUC", "228": "BBUC", "229": "BBUC", "230": "BBUC", "231": "BBUC", "232": "BBUC", "233": "BBUC", "234": "BBUC", "235": "BBUC", "236": "BBUC", "237": "BBUC", "238": "BBUC", "239": "BBUC", "240": "BBUC", "241": "BBUC", "242": "BBUC", "243": "BBUC", "244": "BBUC", "245": "BBUC", "246": "BBUC", "247": "BBUC", "248": "BBUC", "249": "BBUC", "250": "BBUC", "251": "BBUC", "252": "BBUC", "253": "BBUC", "254": "BBUC", "255": "BBUC", "256": "BBUC", "257": "BBUC", "258": "BBUC", "259": "BBUC", "260": "BBUC", "261": "BBUC", "262": "BBUC", "263": "BBUC", "264": "BBUC", "265": "BBUC", "266": "BBUC", "267": "BBUC", "268": "BBUC", "269": "BBUC", "270": "BBUC", "271": "BBUC", "272": "BBUC", "273": "BBUC", "274": "BBUC", "275": "BBUC", "276": "BBUC", "277": "BBUC", "278": "BBUC", "279": "BBUC", "280": "BBUC", "281": "BBUC", "282": "BBUC", "283": "BBUC", "284": "BBUC", "285": "BBUC", "286": "BBUC", "287": "BBUC", "288": "BBUC", "289": "BBUC", "290": "BBUC", "291": "BBUC", "292": "BBUC", "293": "BBUC", "294": "BBUC", "295": "BBUC", "296": "BBUC", "297": "BBUC", "298": "BBUC", "299": "BBUC", "300": "BBUC", "301": "BBUC", "302": "BBUC", "303": "BBUC", "304": "BBUC", "305": "BBUC", "306": "BBUC", "307": "BBUC", "308": "BBUC", "309": "BBUC", "310": "BBUC", "311": "BBUC", "312": "BBUC", "313": "BBUC", "314": "BBUC", "315": "BBUC", "316": "BBUC", "317": "BBUC", "318": "BBUC", "319": "BBUC", "320": "BBUC", "321": "BBUC", "322": "BBUC", "323": "BBUC", "324": "BBUC", "325": "BBUC", "326": "BBUC", "327": "BBUC", "328": "BBUC", "329": "BBUC", "330": "BBUC"}, "date": {"0": "2022-03-07", "1": "2022-03-08", "2": "2022-03-09", "3": "2022-03-10", "4": "2022-03-11", "5": "2022-03-14", "6": "2022-03-15", "7": "2022-03-16", "8": "2022-03-17", "9": "2022-03-18", "10": "2022-03-21", "11": "2022-03-22", "12": "2022-03-23", "13": "2022-03-24", "14": "2022-03-25", "15": "2022-03-28", "16": "2022-03-29", "17": "2022-03-30", "18": "2022-03-31", "19": "2022-04-01", "20": "2022-04-04", "21": "2022-04-05", "22": "2022-04-06", "23": "2022-04-07", "24": "2022-04-08", "25": "2022-04-11", "26": "2022-04-12", "27": "2022-04-13", "28": "2022-04-14", "29": "2022-04-18", "30": "2022-04-19", "31": "2022-04-20", "32": "2022-04-21", "33": "2022-04-22", "34": "2022-04-25", "35": "2022-04-26", "36": "2022-04-27", "37": "2022-04-28", "38": "2022-04-29", "39": "2022-05-02", "40": "2022-05-03", "41": "2022-05-04", "42": "2022-05-05", "43": "2022-05-06", "44": "2022-05-09", "45": "2022-05-10", "46": "2022-05-11", "47": "2022-05-12", "48": "2022-05-13", "49": "2022-05-16", "50": "2022-05-17", "51": "2022-05-18", "52": "2022-05-19", "53": "2022-05-20", "54": "2022-05-23", "55": "2022-05-24", "56": "2022-05-25", "57": "2022-05-26", "58": "2022-05-27", "59": "2022-05-31", "60": "2022-06-01", "61": "2022-06-02", "62": "2022-06-03", "63": "2022-06-06", "64": "2022-06-07", "65": "2022-06-08", "66": "2022-06-09", "67": "2022-06-10", "68": "2022-06-13", "69": "2022-06-14", "70": "2022-06-15", "71": "2022-06-16", "72": "2022-06-17", "73": "2022-06-21", "74": "2022-06-22", "75": "2022-06-23", "76": "2022-06-24", "77": "2022-06-27", "78": "2022-06-28", "79": "2022-06-29", "80": "2022-06-30", "81": "2022-07-01", "82": "2022-07-05", "83": "2022-07-06", "84": "2022-07-07", "85": "2022-07-08", "86": "2022-07-11", "87": "2022-07-12", "88": "2022-07-13", "89": "2022-07-14", "90": "2022-07-15", "91": "2022-07-18", "92": "2022-07-19", "93": "2022-07-20", "94": "2022-07-21", "95": "2022-07-22", "96": "2022-07-25", "97": "2022-07-26", "98": "2022-07-27", "99": "2022-07-28", "100": "2022-07-29", "101": "2022-08-01", "102": "2022-08-02", "103": "2022-08-03", "104": "2022-08-04", "105": "2022-08-05", "106": "2022-08-08", "107": "2022-08-09", "108": "2022-08-10", "109": "2022-08-11", "110": "2022-08-12", "111": "2022-08-15", "112": "2022-08-16", "113": "2022-08-17", "114": "2022-08-18", "115": "2022-08-19", "116": "2022-08-22", "117": "2022-08-23", "118": "2022-08-24", "119": "2022-08-25", "120": "2022-08-26", "121": "2022-08-29", "122": "2022-08-30", "123": "2022-08-31", "124": "2022-09-01", "125": "2022-09-02", "126": "2022-09-06", "127": "2022-09-07", "128": "2022-09-08", "129": "2022-09-09", "130": "2022-09-12", "131": "2022-09-13", "132": "2022-09-14", "133": "2022-09-15", "134": "2022-09-16", "135": "2022-09-19", "136": "2022-09-20", "137": "2022-09-21", "138": "2022-09-22", "139": "2022-09-23", "140": "2022-09-26", "141": "2022-09-27", "142": "2022-09-28", "143": "2022-09-29", "144": "2022-09-30", "145": "2022-10-03", "146": "2022-10-04", "147": "2022-10-05", "148": "2022-10-06", "149": "2022-10-07", "150": "2022-10-10", "151": "2022-10-11", "152": "2022-10-12", "153": "2022-10-13", "154": "2022-10-14", "155": "2022-10-17", "156": "2022-10-18", "157": "2022-10-19", "158": "2022-10-20", "159": "2022-10-21", "160": "2022-10-24", "161": "2022-10-25", "162": "2022-10-26", "163": "2022-10-27", "164": "2022-10-28", "165": "2022-10-31", "166": "2022-11-01", "167": "2022-11-02", "168": "2022-11-03", "169": "2022-11-04", "170": "2022-11-07", "171": "2022-11-08", "172": "2022-11-09", "173": "2022-11-10", "174": "2022-11-11", "175": "2022-11-14", "176": "2022-11-15", "177": "2022-11-16", "178": "2022-11-17", "179": "2022-11-18", "180": "2022-11-21", "181": "2022-11-22", "182": "2022-11-23", "183": "2022-11-25", "184": "2022-11-28", "185": "2022-11-29", "186": "2022-11-30", "187": "2022-12-01", "188": "2022-12-02", "189": "2022-12-05", "190": "2022-12-06", "191": "2022-12-07", "192": "2022-12-08", "193": "2022-12-09", "194": "2022-12-12", "195": "2022-12-13", "196": "2022-12-14", "197": "2022-12-15", "198": "2022-12-16", "199": "2022-12-19", "200": "2022-12-20", "201": "2022-12-21", "202": "2022-12-22", "203": "2022-12-23", "204": "2022-12-27", "205": "2022-12-28", "206": "2022-12-29", "207": "2022-12-30", "208": "2023-01-03", "209": "2023-01-04", "210": "2023-01-05", "211": "2023-01-06", "212": "2023-01-09", "213": "2023-01-10", "214": "2023-01-11", "215": "2023-01-12", "216": "2023-01-13", "217": "2023-01-17", "218": "2023-01-18", "219": "2023-01-19", "220": "2023-01-20", "221": "2023-01-23", "222": "2023-01-24", "223": "2023-01-25", "224": "2023-01-26", "225": "2023-01-27", "226": "2023-01-30", "227": "2023-01-31", "228": "2023-02-01", "229": "2023-02-02", "230": "2023-02-03", "231": "2023-02-06", "232": "2023-02-07", "233": "2023-02-08", "234": "2023-02-09", "235": "2023-02-10", "236": "2023-02-13", "237": "2023-02-14", "238": "2023-02-15", "239": "2023-02-16", "240": "2023-02-17", "241": "2023-02-21", "242": "2023-02-22", "243": "2023-02-23", "244": "2023-02-24", "245": "2023-02-27", "246": "2023-02-28", "247": "2023-03-01", "248": "2023-03-02", "249": "2023-03-03", "250": "2023-03-06", "251": "2023-03-07", "252": "2023-03-08", "253": "2023-03-09", "254": "2023-03-10", "255": "2023-03-13", "256": "2023-03-14", "257": "2023-03-15", "258": "2023-03-16", "259": "2023-03-17", "260": "2023-03-20", "261": "2023-03-21", "262": "2023-03-22", "263": "2023-03-23", "264": "2023-03-24", "265": "2023-03-27", "266": "2023-03-28", "267": "2023-03-29", "268": "2023-03-30", "269": "2023-03-31", "270": "2023-04-03", "271": "2023-04-04", "272": "2023-04-05", "273": "2023-04-06", "274": "2023-04-10", "275": "2023-04-11", "276": "2023-04-12", "277": "2023-04-13", "278": "2023-04-14", "279": "2023-04-17", "280": "2023-04-18", "281": "2023-04-19", "282": "2023-04-20", "283": "2023-04-21", "284": "2023-04-24", "285": "2023-04-25", "286": "2023-04-26", "287": "2023-04-27", "288": "2023-04-28", "289": "2023-05-01", "290": "2023-05-02", "291": "2023-05-03", "292": "2023-05-04", "293": "2023-05-05", "294": "2023-05-08", "295": "2023-05-09", "296": "2023-05-10", "297": "2023-05-11", "298": "2023-05-12", "299": "2023-05-15", "300": "2023-05-16", "301": "2023-05-17", "302": "2023-05-18", "303": "2023-05-19", "304": "2023-05-22", "305": "2023-05-23", "306": "2023-05-24", "307": "2023-05-25", "308": "2023-05-26", "309": "2023-05-30", "310": "2023-05-31", "311": "2023-06-01", "312": "2023-06-02", "313": "2023-06-05", "314": "2023-06-06", "315": "2023-06-07", "316": "2023-06-08", "317": "2023-06-09", "318": "2023-06-12", "319": "2023-06-13", "320": "2023-06-14", "321": "2023-06-15", "322": "2023-06-16", "323": "2023-06-20", "324": "2023-06-21", "325": "2023-06-22", "326": "2023-06-23", "327": "2023-06-26", "328": "2023-06-27", "329": "2023-06-28", "330": "2023-06-29"}, "open": {"0": 36.790000915527344, "1": 36.790000915527344, "2": 28.399999618530273, "3": 28.399999618530273, "4": 28.399999618530273, "5": 28.399999618530273, "6": 27.75, "7": 31.18000030517578, "8": 31.68000030517578, "9": 31.450000762939453, "10": 30.0, "11": 30.889999389648438, "12": 30.0, "13": 31.729999542236328, "14": 32.439998626708984, "15": 34.56999969482422, "16": 33.209999084472656, "17": 31.959999084472656, "18": 33.880001068115234, "19": 32.380001068115234, "20": 32.31999969482422, "21": 32.439998626708984, "22": 31.299999237060547, "23": 30.770000457763672, "24": 30.709999084472656, "25": 29.93000030517578, "26": 30.649999618530273, "27": 30.450000762939453, "28": 31.110000610351562, "29": 30.440000534057617, "30": 30.989999771118164, "31": 31.399999618530273, "32": 31.719999313354492, "33": 30.8799991607666, "34": 28.8799991607666, "35": 27.0, "36": 28.360000610351562, "37": 28.479999542236328, "38": 28.3700008392334, "39": 26.670000076293945, "40": 27.0, "41": 25.81999969482422, "42": 24.81999969482422, "43": 23.770000457763672, "44": 25.190000534057617, "45": 24.770000457763672, "46": 24.09000015258789, "47": 25.09000015258789, "48": 24.479999542236328, "49": 25.209999084472656, "50": 25.850000381469727, "51": 24.850000381469727, "52": 24.290000915527344, "53": 23.989999771118164, "54": 23.6299991607666, "55": 25.309999465942383, "56": 24.049999237060547, "57": 25.219999313354492, "58": 26.81999969482422, "59": 25.645000457763672, "60": 26.030000686645508, "61": 26.780000686645508, "62": 26.989999771118164, "63": 26.959999084472656, "64": 28.350000381469727, "65": 27.100000381469727, "66": 28.18000030517578, "67": 27.219999313354492, "68": 26.010000228881836, "69": 25.040000915527344, "70": 25.360000610351562, "71": 26.059999465942383, "72": 24.979999542236328, "73": 27.030000686645508, "74": 26.59000015258789, "75": 26.030000686645508, "76": 25.43000030517578, "77": 24.950000762939453, "78": 23.649999618530273, "79": 23.350000381469727, "80": 22.959999084472656, "81": 22.920000076293945, "82": 22.600000381469727, "83": 22.290000915527344, "84": 22.09000015258789, "85": 22.18000030517578, "86": 21.899999618530273, "87": 21.59000015258789, "88": 22.81999969482422, "89": 21.729999542236328, "90": 22.1200008392334, "91": 22.75, "92": 23.360000610351562, "93": 23.239999771118164, "94": 22.84000015258789, "95": 23.459999084472656, "96": 23.25, "97": 23.309999465942383, "98": 23.290000915527344, "99": 22.940000534057617, "100": 23.15999984741211, "101": 22.850000381469727, "102": 22.969999313354492, "103": 23.149999618530273, "104": 25.280000686645508, "105": 25.489999771118164, "106": 27.329999923706055, "107": 27.299999237060547, "108": 28.969999313354492, "109": 28.270000457763672, "110": 28.100000381469727, "111": 28.545000076293945, "112": 28.75, "113": 29.09000015258789, "114": 28.110000610351562, "115": 27.190000534057617, "116": 26.350000381469727, "117": 25.969999313354492, "118": 26.149999618530273, "119": 25.940000534057617, "120": 25.739999771118164, "121": 24.68000030517578, "122": 24.920000076293945, "123": 24.600000381469727, "124": 24.459999084472656, "125": 24.551000595092773, "126": 24.40999984741211, "127": 24.3700008392334, "128": 24.93000030517578, "129": 26.469999313354492, "130": 26.530000686645508, "131": 26.81999969482422, "132": 26.65999984741211, "133": 26.209999084472656, "134": 25.540000915527344, "135": 24.510000228881836, "136": 24.700000762939453, "137": 24.3799991607666, "138": 23.530000686645508, "139": 23.170000076293945, "140": 22.850000381469727, "141": 22.0, "142": 22.329999923706055, "143": 22.450000762939453, "144": 21.729999542236328, "145": 22.459999084472656, "146": 23.829999923706055, "147": 24.280000686645508, "148": 22.520000457763672, "149": 21.59000015258789, "150": 21.579999923706055, "151": 21.59000015258789, "152": 21.309999465942383, "153": 22.020000457763672, "154": 23.34000015258789, "155": 22.68000030517578, "156": 22.59000015258789, "157": 22.170000076293945, "158": 22.809999465942383, "159": 22.860000610351562, "160": 23.440000534057617, "161": 22.450000762939453, "162": 24.200000762939453, "163": 24.520000457763672, "164": 25.049999237060547, "165": 25.790000915527344, "166": 26.139999389648438, "167": 25.440000534057617, "168": 23.1299991607666, "169": 23.030000686645508, "170": 23.1299991607666, "171": 22.889999389648438, "172": 22.280000686645508, "173": 23.049999237060547, "174": 24.670000076293945, "175": 24.239999771118164, "176": 24.479999542236328, "177": 22.799999237060547, "178": 21.809999465942383, "179": 22.360000610351562, "180": 21.65999984741211, "181": 21.8700008392334, "182": 22.15999984741211, "183": 21.8799991607666, "184": 21.459999084472656, "185": 21.190000534057617, "186": 21.170000076293945, "187": 22.34000015258789, "188": 20.770000457763672, "189": 20.579999923706055, "190": 20.239999771118164, "191": 19.739999771118164, "192": 20.209999084472656, "193": 19.8799991607666, "194": 19.5, "195": 20.790000915527344, "196": 20.459999084472656, "197": 19.969999313354492, "198": 18.920000076293945, "199": 18.959999084472656, "200": 18.829999923706055, "201": 18.309999465942383, "202": 17.81999969482422, "203": 18.18000030517578, "204": 18.8700008392334, "205": 18.799999237060547, "206": 18.239999771118164, "207": 18.950000762939453, "208": 19.06999969482422, "209": 19.0, "210": 19.739999771118164, "211": 19.790000915527344, "212": 19.360000610351562, "213": 19.670000076293945, "214": 20.209999084472656, "215": 20.719999313354492, "216": 20.25, "217": 20.260000228881836, "218": 20.81999969482422, "219": 20.329999923706055, "220": 20.510000228881836, "221": 21.190000534057617, "222": 21.34000015258789, "223": 22.25, "224": 22.40999984741211, "225": 22.790000915527344, "226": 22.360000610351562, "227": 22.399999618530273, "228": 22.649999618530273, "229": 23.559999465942383, "230": 23.209999084472656, "231": 23.010000228881836, "232": 22.149999618530273, "233": 21.829999923706055, "234": 21.959999084472656, "235": 21.110000610351562, "236": 21.219999313354492, "237": 20.809999465942383, "238": 20.559999465942383, "239": 20.8700008392334, "240": 21.079999923706055, "241": 20.649999618530273, "242": 20.110000610351562, "243": 20.06999969482422, "244": 19.229999542236328, "245": 19.43000030517578, "246": 19.149999618530273, "247": 19.610000610351562, "248": 19.450000762939453, "249": 20.020000457763672, "250": 20.239999771118164, "251": 19.540000915527344, "252": 19.3700008392334, "253": 19.079999923706055, "254": 18.780000686645508, "255": 18.190000534057617, "256": 18.43000030517578, "257": 17.540000915527344, "258": 17.399999618530273, "259": 17.25, "260": 17.350000381469727, "261": 17.579999923706055, "262": 17.440000534057617, "263": 17.229999542236328, "264": 16.920000076293945, "265": 17.34000015258789, "266": 17.6299991607666, "267": 17.6200008392334, "268": 18.329999923706055, "269": 19.040000915527344, "270": 19.809999465942383, "271": 19.690000534057617, "272": 19.540000915527344, "273": 19.170000076293945, "274": 18.959999084472656, "275": 20.049999237060547, "276": 20.68000030517578, "277": 20.110000610351562, "278": 20.219999313354492, "279": 19.989999771118164, "280": 20.700000762939453, "281": 20.56999969482422, "282": 20.440000534057617, "283": 20.1200008392334, "284": 19.6200008392334, "285": 19.549999237060547, "286": 18.68000030517578, "287": 18.469999313354492, "288": 18.280000686645508, "289": 18.360000610351562, "290": 18.790000915527344, "291": 18.25, "292": 17.8700008392334, "293": 18.020000457763672, "294": 18.350000381469727, "295": 18.6299991607666, "296": 19.100000381469727, "297": 18.8700008392334, "298": 18.770000457763672, "299": 19.979999542236328, "300": 21.149999618530273, "301": 21.06999969482422, "302": 22.899999618530273, "303": 22.59000015258789, "304": 22.139999389648438, "305": 22.93000030517578, "306": 22.18000030517578, "307": 21.450000762939453, "308": 21.149999618530273, "309": 21.020000457763672, "310": 20.81999969482422, "311": 20.950000762939453, "312": 20.959999084472656, "313": 20.68000030517578, "314": 20.709999084472656, "315": 21.139999389648438, "316": 20.959999084472656, "317": 20.829999923706055, "318": 20.809999465942383, "319": 20.84000015258789, "320": 21.3799991607666, "321": 20.950000762939453, "322": 21.81999969482422, "323": 20.969999313354492, "324": 19.709999084472656, "325": 19.530000686645508, "326": 18.690000534057617, "327": 18.6200008392334, "328": 18.719999313354492, "329": 18.809999465942383, "330": 18.790000915527344}, "high": {"0": 36.790000915527344, "1": 36.790000915527344, "2": 28.399999618530273, "3": 28.399999618530273, "4": 28.399999618530273, "5": 28.399999618530273, "6": 30.5, "7": 34.650001525878906, "8": 32.72999954223633, "9": 31.450000762939453, "10": 31.75, "11": 30.889999389648438, "12": 32.119998931884766, "13": 32.90999984741211, "14": 34.189998626708984, "15": 34.91999816894531, "16": 33.220001220703125, "17": 34.279998779296875, "18": 34.209999084472656, "19": 32.733001708984375, "20": 32.41999816894531, "21": 32.439998626708984, "22": 31.549999237060547, "23": 30.770000457763672, "24": 30.709999084472656, "25": 31.094999313354492, "26": 31.6299991607666, "27": 31.90999984741211, "28": 31.110000610351562, "29": 31.34000015258789, "30": 31.260000228881836, "31": 32.0099983215332, "32": 31.719999313354492, "33": 30.8799991607666, "34": 28.8799991607666, "35": 27.989999771118164, "36": 28.43000030517578, "37": 28.96500015258789, "38": 28.3700008392334, "39": 27.40999984741211, "40": 27.200000762939453, "41": 25.81999969482422, "42": 25.079999923706055, "43": 26.329999923706055, "44": 25.229999542236328, "45": 24.850000381469727, "46": 25.8700008392334, "47": 25.09000015258789, "48": 25.93000030517578, "49": 26.479999542236328, "50": 25.850000381469727, "51": 24.850000381469727, "52": 24.399999618530273, "53": 23.989999771118164, "54": 26.219999313354492, "55": 25.389999389648438, "56": 25.440000534057617, "57": 27.209999084472656, "58": 27.049999237060547, "59": 26.040000915527344, "60": 26.770000457763672, "61": 27.549999237060547, "62": 27.299999237060547, "63": 28.59000015258789, "64": 28.3799991607666, "65": 28.559999465942383, "66": 28.229999542236328, "67": 27.309999465942383, "68": 26.290000915527344, "69": 25.549999237060547, "70": 27.260000228881836, "71": 26.665000915527344, "72": 27.010000228881836, "73": 28.0, "74": 27.1299991607666, "75": 26.030000686645508, "76": 26.209999084472656, "77": 25.024999618530273, "78": 23.8700008392334, "79": 23.75, "80": 23.104999542236328, "81": 23.350000381469727, "82": 22.889999389648438, "83": 22.65999984741211, "84": 22.510000228881836, "85": 22.899999618530273, "86": 22.0, "87": 23.010000228881836, "88": 22.8799991607666, "89": 21.760000228881836, "90": 22.290000915527344, "91": 23.200000762939453, "92": 23.84000015258789, "93": 23.299999237060547, "94": 23.270000457763672, "95": 23.799999237060547, "96": 23.25, "97": 23.309999465942383, "98": 23.290000915527344, "99": 23.540000915527344, "100": 23.280000686645508, "101": 23.3700008392334, "102": 23.239999771118164, "103": 25.780000686645508, "104": 25.90999984741211, "105": 27.3700008392334, "106": 28.899999618530273, "107": 28.790000915527344, "108": 29.110000610351562, "109": 28.299999237060547, "110": 28.68000030517578, "111": 28.899999618530273, "112": 29.649999618530273, "113": 29.09000015258789, "114": 28.110000610351562, "115": 27.209999084472656, "116": 26.3700008392334, "117": 26.670000076293945, "118": 26.510000228881836, "119": 26.280000686645508, "120": 25.788000106811523, "121": 25.34000015258789, "122": 24.920000076293945, "123": 24.68000030517578, "124": 24.459999084472656, "125": 24.700000762939453, "126": 24.5049991607666, "127": 25.420000076293945, "128": 26.040000915527344, "129": 26.8799991607666, "130": 27.625, "131": 27.219999313354492, "132": 26.739999771118164, "133": 26.360000610351562, "134": 25.540000915527344, "135": 24.989999771118164, "136": 24.700000762939453, "137": 24.3799991607666, "138": 23.530000686645508, "139": 23.170000076293945, "140": 23.190000534057617, "141": 22.764999389648438, "142": 22.989999771118164, "143": 22.450000762939453, "144": 22.809999465942383, "145": 23.809999465942383, "146": 24.6200008392334, "147": 24.280000686645508, "148": 22.610000610351562, "149": 21.690000534057617, "150": 22.190000534057617, "151": 21.59000015258789, "152": 22.56999969482422, "153": 23.434999465942383, "154": 23.34000015258789, "155": 22.760000228881836, "156": 22.610000610351562, "157": 22.770000457763672, "158": 22.93000030517578, "159": 23.540000915527344, "160": 23.440000534057617, "161": 24.040000915527344, "162": 25.125, "163": 25.135000228881836, "164": 26.299999237060547, "165": 25.889999389648438, "166": 26.290000915527344, "167": 25.485000610351562, "168": 23.290000915527344, "169": 23.15999984741211, "170": 23.1299991607666, "171": 22.889999389648438, "172": 22.71500015258789, "173": 24.350000381469727, "174": 25.170000076293945, "175": 25.014999389648438, "176": 24.540000915527344, "177": 22.799999237060547, "178": 22.309999465942383, "179": 22.850000381469727, "180": 22.18000030517578, "181": 22.40999984741211, "182": 22.420000076293945, "183": 22.229999542236328, "184": 21.674999237060547, "185": 21.190000534057617, "186": 22.354999542236328, "187": 22.34000015258789, "188": 20.985000610351562, "189": 20.665000915527344, "190": 20.28499984741211, "191": 20.3700008392334, "192": 20.209999084472656, "193": 20.229999542236328, "194": 20.389999389648438, "195": 21.030000686645508, "196": 20.459999084472656, "197": 19.969999313354492, "198": 19.34000015258789, "199": 18.982999801635742, "200": 18.829999923706055, "201": 18.5939998626709, "202": 18.360000610351562, "203": 19.010000228881836, "204": 19.280000686645508, "205": 19.0, "206": 19.040000915527344, "207": 19.239999771118164, "208": 19.170000076293945, "209": 19.75, "210": 19.739999771118164, "211": 19.979999542236328, "212": 20.229999542236328, "213": 20.100000381469727, "214": 20.559999465942383, "215": 20.719999313354492, "216": 20.290000915527344, "217": 20.788999557495117, "218": 21.05500030517578, "219": 20.34000015258789, "220": 21.100000381469727, "221": 21.770000457763672, "222": 22.600000381469727, "223": 22.25, "224": 22.829999923706055, "225": 22.790000915527344, "226": 23.139999389648438, "227": 23.024999618530273, "228": 23.639999389648438, "229": 23.649999618530273, "230": 23.4950008392334, "231": 23.010000228881836, "232": 22.149999618530273, "233": 21.93000030517578, "234": 21.959999084472656, "235": 21.309999465942383, "236": 21.219999313354492, "237": 21.06999969482422, "238": 21.31999969482422, "239": 21.309999465942383, "240": 21.110000610351562, "241": 20.915000915527344, "242": 20.139999389648438, "243": 20.06999969482422, "244": 19.229999542236328, "245": 19.559999465942383, "246": 19.799999237060547, "247": 20.040000915527344, "248": 19.829999923706055, "249": 20.280000686645508, "250": 20.40999984741211, "251": 19.540000915527344, "252": 19.3700008392334, "253": 19.309999465942383, "254": 18.809999465942383, "255": 18.190000534057617, "256": 18.43000030517578, "257": 17.860000610351562, "258": 17.420000076293945, "259": 17.260000228881836, "260": 17.549999237060547, "261": 17.84000015258789, "262": 17.739999771118164, "263": 17.670000076293945, "264": 17.450000762939453, "265": 17.81999969482422, "266": 17.809999465942383, "267": 18.329999923706055, "268": 19.049999237060547, "269": 20.0, "270": 20.030000686645508, "271": 19.920000076293945, "272": 19.829999923706055, "273": 19.190000534057617, "274": 20.1200008392334, "275": 20.559999465942383, "276": 20.690000534057617, "277": 20.479999542236328, "278": 20.600000381469727, "279": 20.670000076293945, "280": 20.8799991607666, "281": 20.649999618530273, "282": 20.594999313354492, "283": 20.770000457763672, "284": 19.950000762939453, "285": 19.90999984741211, "286": 18.829999923706055, "287": 18.579999923706055, "288": 18.649999618530273, "289": 18.93000030517578, "290": 18.81999969482422, "291": 18.420000076293945, "292": 18.149999618530273, "293": 18.459999084472656, "294": 18.875999450683594, "295": 19.079999923706055, "296": 19.200000762939453, "297": 18.8700008392334, "298": 19.920000076293945, "299": 21.360000610351562, "300": 21.469999313354492, "301": 22.959999084472656, "302": 23.149999618530273, "303": 22.899999618530273, "304": 23.079999923706055, "305": 22.93000030517578, "306": 22.18000030517578, "307": 21.6299991607666, "308": 21.3799991607666, "309": 21.020000457763672, "310": 20.920000076293945, "311": 20.950000762939453, "312": 20.959999084472656, "313": 20.729999542236328, "314": 21.040000915527344, "315": 21.149999618530273, "316": 21.049999237060547, "317": 20.989999771118164, "318": 21.059999465942383, "319": 21.329999923706055, "320": 21.43000030517578, "321": 21.520000457763672, "322": 21.81999969482422, "323": 20.969999313354492, "324": 19.850000381469727, "325": 19.600000381469727, "326": 18.84000015258789, "327": 19.100000381469727, "328": 18.860000610351562, "329": 18.889999389648438, "330": 19.049999237060547}, "low": {"0": 36.790000915527344, "1": 36.790000915527344, "2": 28.399999618530273, "3": 28.399999618530273, "4": 28.399999618530273, "5": 28.399999618530273, "6": 27.5, "7": 31.18000030517578, "8": 30.049999237060547, "9": 29.719999313354492, "10": 29.756999969482422, "11": 30.0, "12": 30.0, "13": 31.729999542236328, "14": 32.439998626708984, "15": 32.5099983215332, "16": 32.209999084472656, "17": 31.959999084472656, "18": 32.04999923706055, "19": 32.119998931884766, "20": 31.260000228881836, "21": 31.440000534057617, "22": 30.25, "23": 29.579999923706055, "24": 29.790000915527344, "25": 29.899999618530273, "26": 30.309999465942383, "27": 30.450000762939453, "28": 30.450000762939453, "29": 30.299999237060547, "30": 30.770000457763672, "31": 30.899999618530273, "32": 30.190000534057617, "33": 27.690000534057617, "34": 26.729999542236328, "35": 26.84000015258789, "36": 27.113000869750977, "37": 28.052000045776367, "38": 26.469999313354492, "39": 26.15999984741211, "40": 24.579999923706055, "41": 25.020000457763672, "42": 22.71500015258789, "43": 23.770000457763672, "44": 24.100000381469727, "45": 23.770000457763672, "46": 23.915000915527344, "47": 23.559999465942383, "48": 24.34000015258789, "49": 24.979999542236328, "50": 24.489999771118164, "51": 23.6299991607666, "52": 23.520000457763672, "53": 22.638999938964844, "54": 23.6299991607666, "55": 23.540000915527344, "56": 24.049999237060547, "57": 25.190000534057617, "58": 26.100000381469727, "59": 25.139999389648438, "60": 25.280000686645508, "61": 26.780000686645508, "62": 26.079999923706055, "63": 26.959999084472656, "64": 26.864999771118164, "65": 26.950000762939453, "66": 27.0, "67": 26.454999923706055, "68": 24.309999465942383, "69": 24.549999237060547, "70": 25.360000610351562, "71": 24.979999542236328, "72": 24.739999771118164, "73": 26.700000762939453, "74": 25.1200008392334, "75": 24.780000686645508, "76": 24.440000534057617, "77": 23.0, "78": 23.15999984741211, "79": 22.940000534057617, "80": 22.389999389648438, "81": 22.170000076293945, "82": 21.579999923706055, "83": 21.549999237060547, "84": 21.649999618530273, "85": 21.950000762939453, "86": 21.0, "87": 21.59000015258789, "88": 22.079999923706055, "89": 21.239999771118164, "90": 21.700000762939453, "91": 22.450000762939453, "92": 22.860000610351562, "93": 22.950000762939453, "94": 22.610000610351562, "95": 22.799999237060547, "96": 22.729999542236328, "97": 22.860000610351562, "98": 22.329999923706055, "99": 22.829999923706055, "100": 22.59000015258789, "101": 22.56999969482422, "102": 22.75, "103": 22.899999618530273, "104": 24.610000610351562, "105": 25.190000534057617, "106": 27.329999923706055, "107": 27.299999237060547, "108": 27.68400001525879, "109": 27.360000610351562, "110": 27.65999984741211, "111": 28.309999465942383, "112": 28.75, "113": 28.0, "114": 27.25, "115": 26.475000381469727, "116": 25.6299991607666, "117": 25.969999313354492, "118": 25.59000015258789, "119": 25.450000762939453, "120": 24.860000610351562, "121": 24.549999237060547, "122": 24.014999389648438, "123": 24.1200008392334, "124": 23.239999771118164, "125": 24.18000030517578, "126": 23.979000091552734, "127": 24.3700008392334, "128": 24.743000030517578, "129": 26.110000610351562, "130": 26.530000686645508, "131": 26.56999969482422, "132": 26.209999084472656, "133": 25.75, "134": 24.549999237060547, "135": 24.32699966430664, "136": 23.940000534057617, "137": 23.4950008392334, "138": 23.18000030517578, "139": 22.579999923706055, "140": 21.65999984741211, "141": 21.969999313354492, "142": 22.079999923706055, "143": 21.549999237060547, "144": 21.68000030517578, "145": 22.110000610351562, "146": 23.829999923706055, "147": 22.829999923706055, "148": 21.677000045776367, "149": 21.329999923706055, "150": 21.360000610351562, "151": 20.899999618530273, "152": 21.309999465942383, "153": 21.81999969482422, "154": 21.8700008392334, "155": 21.56999969482422, "156": 21.989999771118164, "157": 21.790000915527344, "158": 22.125999450683594, "159": 22.329999923706055, "160": 22.110000610351562, "161": 22.450000762939453, "162": 24.010000228881836, "163": 24.15999984741211, "164": 24.950000762939453, "165": 25.329999923706055, "166": 24.8700008392334, "167": 23.309999465942383, "168": 22.368000030517578, "169": 21.06999969482422, "170": 21.979999542236328, "171": 22.200000762939453, "172": 21.790000915527344, "173": 22.940000534057617, "174": 24.40999984741211, "175": 24.030000686645508, "176": 22.610000610351562, "177": 21.68000030517578, "178": 21.479999542236328, "179": 21.469999313354492, "180": 21.270000457763672, "181": 21.725000381469727, "182": 22.003999710083008, "183": 21.510000228881836, "184": 20.966999053955078, "185": 20.700000762939453, "186": 20.950000762939453, "187": 21.139999389648438, "188": 20.450000762939453, "189": 20.1200008392334, "190": 19.68000030517578, "191": 19.604999542236328, "192": 19.69099998474121, "193": 19.649999618530273, "194": 19.469999313354492, "195": 20.139999389648438, "196": 19.670000076293945, "197": 19.260000228881836, "198": 18.420000076293945, "199": 18.479999542236328, "200": 18.040000915527344, "201": 17.93000030517578, "202": 17.579999923706055, "203": 18.149999618530273, "204": 18.549999237060547, "205": 18.09000015258789, "206": 18.239999771118164, "207": 18.649999618530273, "208": 18.454999923706055, "209": 18.920000076293945, "210": 19.270000457763672, "211": 18.979999542236328, "212": 19.360000610351562, "213": 19.559999465942383, "214": 20.115999221801758, "215": 20.190000534057617, "216": 20.049999237060547, "217": 19.889999389648438, "218": 20.332000732421875, "219": 20.0, "220": 20.055999755859375, "221": 20.940000534057617, "222": 21.309999465942383, "223": 21.65999984741211, "224": 22.09000015258789, "225": 22.18000030517578, "226": 22.200000762939453, "227": 22.350000381469727, "228": 22.1299991607666, "229": 23.030000686645508, "230": 22.899999618530273, "231": 21.84000015258789, "232": 21.329999923706055, "233": 21.239999771118164, "234": 20.709999084472656, "235": 20.600000381469727, "236": 20.450000762939453, "237": 20.55500030517578, "238": 20.559999465942383, "239": 20.709999084472656, "240": 20.790000915527344, "241": 19.93000030517578, "242": 19.610000610351562, "243": 19.610000610351562, "244": 18.899999618530273, "245": 19.040000915527344, "246": 19.049999237060547, "247": 19.540000915527344, "248": 19.399999618530273, "249": 19.829999923706055, "250": 19.34000015258789, "251": 18.549999237060547, "252": 18.600000381469727, "253": 18.75, "254": 18.200000762939453, "255": 17.579999923706055, "256": 17.809999465942383, "257": 17.040000915527344, "258": 16.959999084472656, "259": 16.850000381469727, "260": 17.079999923706055, "261": 17.209999084472656, "262": 17.121000289916992, "263": 17.06999969482422, "264": 16.809999465942383, "265": 17.34000015258789, "266": 17.489999771118164, "267": 17.6200008392334, "268": 18.25, "269": 19.040000915527344, "270": 19.604999542236328, "271": 19.469999313354492, "272": 18.940000534057617, "273": 18.84000015258789, "274": 18.950000762939453, "275": 20.049999237060547, "276": 20.0, "277": 20.110000610351562, "278": 19.8799991607666, "279": 19.989999771118164, "280": 20.489999771118164, "281": 20.459999084472656, "282": 20.010000228881836, "283": 19.600000381469727, "284": 19.489999771118164, "285": 18.75, "286": 18.1299991607666, "287": 18.149999618530273, "288": 18.233999252319336, "289": 18.360000610351562, "290": 18.118000030517578, "291": 18.040000915527344, "292": 17.43000030517578, "293": 18.020000457763672, "294": 18.25, "295": 18.5, "296": 18.56999969482422, "297": 18.399999618530273, "298": 18.770000457763672, "299": 19.979999542236328, "300": 20.90999984741211, "301": 21.06999969482422, "302": 22.440000534057617, "303": 21.889999389648438, "304": 22.0, "305": 21.979999542236328, "306": 21.530000686645508, "307": 21.079999923706055, "308": 21.0, "309": 20.600000381469727, "310": 20.209999084472656, "311": 20.079999923706055, "312": 20.540000915527344, "313": 20.389999389648438, "314": 20.440000534057617, "315": 20.600000381469727, "316": 20.770000457763672, "317": 20.44499969482422, "318": 20.799999237060547, "319": 20.790000915527344, "320": 20.7549991607666, "321": 20.844999313354492, "322": 21.100000381469727, "323": 19.75, "324": 19.549999237060547, "325": 18.969999313354492, "326": 18.5, "327": 18.530000686645508, "328": 18.579999923706055, "329": 18.56999969482422, "330": 18.709999084472656}, "close": {"0": 36.790000915527344, "1": 36.790000915527344, "2": 28.399999618530273, "3": 28.399999618530273, "4": 28.399999618530273, "5": 28.399999618530273, "6": 29.110000610351562, "7": 32.95000076293945, "8": 31.5, "9": 30.59000015258789, "10": 30.049999237060547, "11": 30.200000762939453, "12": 32.099998474121094, "13": 32.83000183105469, "14": 33.97999954223633, "15": 32.90999984741211, "16": 32.529998779296875, "17": 33.09000015258789, "18": 32.61000061035156, "19": 32.47999954223633, "20": 31.950000762939453, "21": 31.690000534057617, "22": 30.260000228881836, "23": 30.25, "24": 30.420000076293945, "25": 31.020000457763672, "26": 30.959999084472656, "27": 31.389999389648438, "28": 30.719999313354492, "29": 31.139999389648438, "30": 31.260000228881836, "31": 31.479999542236328, "32": 30.540000915527344, "33": 27.989999771118164, "34": 27.280000686645508, "35": 27.979999542236328, "36": 28.18000030517578, "37": 28.34000015258789, "38": 26.540000915527344, "39": 27.40999984741211, "40": 25.559999465942383, "41": 25.489999771118164, "42": 23.719999313354492, "43": 25.6200008392334, "44": 24.440000534057617, "45": 24.239999771118164, "46": 25.18000030517578, "47": 24.34000015258789, "48": 25.450000762939453, "49": 25.3799991607666, "50": 25.329999923706055, "51": 24.110000610351562, "52": 23.90999984741211, "53": 23.639999389648438, "54": 25.93000030517578, "55": 24.100000381469727, "56": 25.440000534057617, "57": 26.65999984741211, "58": 26.440000534057617, "59": 25.729999542236328, "60": 26.450000762939453, "61": 27.18000030517578, "62": 26.3700008392334, "63": 28.450000762939453, "64": 27.200000762939453, "65": 28.540000915527344, "66": 27.479999542236328, "67": 26.510000228881836, "68": 24.799999237060547, "69": 25.15999984741211, "70": 26.579999923706055, "71": 25.260000228881836, "72": 26.469999313354492, "73": 27.100000381469727, "74": 25.760000228881836, "75": 25.3700008392334, "76": 24.440000534057617, "77": 23.219999313354492, "78": 23.309999465942383, "79": 23.3799991607666, "80": 23.010000228881836, "81": 23.1299991607666, "82": 22.309999465942383, "83": 21.899999618530273, "84": 22.479999542236328, "85": 22.239999771118164, "86": 21.450000762939453, "87": 22.989999771118164, "88": 22.170000076293945, "89": 21.56999969482422, "90": 22.239999771118164, "91": 22.959999084472656, "92": 23.040000915527344, "93": 23.079999923706055, "94": 23.270000457763672, "95": 23.0, "96": 23.18000030517578, "97": 23.0, "98": 23.020000457763672, "99": 23.200000762939453, "100": 22.850000381469727, "101": 23.25, "102": 22.959999084472656, "103": 25.520000457763672, "104": 25.90999984741211, "105": 27.25, "106": 27.649999618530273, "107": 28.719999313354492, "108": 27.75, "109": 27.860000610351562, "110": 28.670000076293945, "111": 28.65999984741211, "112": 29.260000228881836, "113": 28.0, "114": 27.34000015258789, "115": 26.719999313354492, "116": 25.93000030517578, "117": 26.360000610351562, "118": 25.969999313354492, "119": 25.59000015258789, "120": 25.040000915527344, "121": 24.84000015258789, "122": 24.420000076293945, "123": 24.31999969482422, "124": 24.270000457763672, "125": 24.540000915527344, "126": 24.239999771118164, "127": 25.40999984741211, "128": 26.040000915527344, "129": 26.520000457763672, "130": 27.420000076293945, "131": 26.6299991607666, "132": 26.489999771118164, "133": 25.75, "134": 24.90999984741211, "135": 24.989999771118164, "136": 24.239999771118164, "137": 23.6200008392334, "138": 23.479999542236328, "139": 22.969999313354492, "140": 22.06999969482422, "141": 22.329999923706055, "142": 22.809999465942383, "143": 21.8700008392334, "144": 22.100000381469727, "145": 23.649999618530273, "146": 24.31999969482422, "147": 23.110000610351562, "148": 21.920000076293945, "149": 21.6299991607666, "150": 21.75, "151": 21.139999389648438, "152": 22.469999313354492, "153": 23.350000381469727, "154": 22.049999237060547, "155": 21.979999542236328, "156": 22.59000015258789, "157": 22.670000076293945, "158": 22.489999771118164, "159": 23.450000762939453, "160": 22.43000030517578, "161": 23.989999771118164, "162": 24.43000030517578, "163": 24.90999984741211, "164": 26.1299991607666, "165": 25.6200008392334, "166": 25.56999969482422, "167": 23.450000762939453, "168": 22.43000030517578, "169": 22.969999313354492, "170": 22.540000915527344, "171": 22.739999771118164, "172": 22.040000915527344, "173": 24.350000381469727, "174": 24.59000015258789, "175": 24.049999237060547, "176": 22.709999084472656, "177": 21.969999313354492, "178": 22.309999465942383, "179": 21.850000381469727, "180": 21.860000610351562, "181": 22.350000381469727, "182": 22.229999542236328, "183": 21.56999969482422, "184": 21.25, "185": 20.979999542236328, "186": 22.18000030517578, "187": 21.25, "188": 20.93000030517578, "189": 20.440000534057617, "190": 19.940000534057617, "191": 20.219999313354492, "192": 20.139999389648438, "193": 19.719999313354492, "194": 20.31999969482422, "195": 20.34000015258789, "196": 19.969999313354492, "197": 19.440000534057617, "198": 19.190000534057617, "199": 18.809999465942383, "200": 18.079999923706055, "201": 18.260000228881836, "202": 18.09000015258789, "203": 18.860000610351562, "204": 18.760000228881836, "205": 18.1200008392334, "206": 19.030000686645508, "207": 18.790000915527344, "208": 18.739999771118164, "209": 19.729999542236328, "210": 19.450000762939453, "211": 19.329999923706055, "212": 19.690000534057617, "213": 20.100000381469727, "214": 20.540000915527344, "215": 20.3799991607666, "216": 20.200000762939453, "217": 20.780000686645508, "218": 20.469999313354492, "219": 20.280000686645508, "220": 21.09000015258789, "221": 21.709999084472656, "222": 22.43000030517578, "223": 22.15999984741211, "224": 22.780000686645508, "225": 22.649999618530273, "226": 22.209999084472656, "227": 22.649999618530273, "228": 23.3799991607666, "229": 23.59000015258789, "230": 23.110000610351562, "231": 22.149999618530273, "232": 22.1200008392334, "233": 21.59000015258789, "234": 20.889999389648438, "235": 21.079999923706055, "236": 20.8700008392334, "237": 20.790000915527344, "238": 21.139999389648438, "239": 20.90999984741211, "240": 21.010000228881836, "241": 19.959999084472656, "242": 19.790000915527344, "243": 19.649999618530273, "244": 19.1200008392334, "245": 19.260000228881836, "246": 19.399999618530273, "247": 19.670000076293945, "248": 19.709999084472656, "249": 20.139999389648438, "250": 19.350000381469727, "251": 19.350000381469727, "252": 18.979999542236328, "253": 18.959999084472656, "254": 18.399999618530273, "255": 17.809999465942383, "256": 18.06999969482422, "257": 17.719999313354492, "258": 17.329999923706055, "259": 17.239999771118164, "260": 17.239999771118164, "261": 17.540000915527344, "262": 17.239999771118164, "263": 17.200000762939453, "264": 17.40999984741211, "265": 17.739999771118164, "266": 17.559999465942383, "267": 18.299999237060547, "268": 19.040000915527344, "269": 19.81999969482422, "270": 19.790000915527344, "271": 19.690000534057617, "272": 18.989999771118164, "273": 19.149999618530273, "274": 19.8700008392334, "275": 20.43000030517578, "276": 20.049999237060547, "277": 20.25, "278": 20.049999237060547, "279": 20.610000610351562, "280": 20.649999618530273, "281": 20.579999923706055, "282": 20.209999084472656, "283": 19.639999389648438, "284": 19.829999923706055, "285": 18.860000610351562, "286": 18.309999465942383, "287": 18.290000915527344, "288": 18.459999084472656, "289": 18.829999923706055, "290": 18.170000076293945, "291": 18.1200008392334, "292": 17.65999984741211, "293": 18.229999542236328, "294": 18.610000610351562, "295": 18.809999465942383, "296": 19.010000228881836, "297": 18.610000610351562, "298": 19.850000381469727, "299": 21.329999923706055, "300": 21.020000457763672, "301": 22.81999969482422, "302": 22.530000686645508, "303": 22.1200008392334, "304": 22.889999389648438, "305": 22.450000762939453, "306": 21.530000686645508, "307": 21.229999542236328, "308": 21.1299991607666, "309": 20.8799991607666, "310": 20.56999969482422, "311": 20.530000686645508, "312": 20.90999984741211, "313": 20.540000915527344, "314": 20.90999984741211, "315": 21.0, "316": 20.979999542236328, "317": 20.93000030517578, "318": 20.850000381469727, "319": 21.219999313354492, "320": 21.0, "321": 21.520000457763672, "322": 21.280000686645508, "323": 19.790000915527344, "324": 19.6200008392334, "325": 19.09000015258789, "326": 18.81999969482422, "327": 18.84000015258789, "328": 18.850000381469727, "329": 18.860000610351562, "330": 18.989999771118164}, "volume": {"0": 100, "1": 0, "2": 200, "3": 0, "4": 0, "5": 0, "6": 18000, "7": 23300, "8": 11200, "9": 36200, "10": 35500, "11": 17500, "12": 37100, "13": 7700, "14": 9700, "15": 17000, "16": 22400, "17": 30200, "18": 40700, "19": 21600, "20": 11500, "21": 7200, "22": 20700, "23": 17800, "24": 40800, "25": 20600, "26": 43200, "27": 20000, "28": 11100, "29": 16200, "30": 99600, "31": 39700, "32": 39500, "33": 72800, "34": 49000, "35": 33200, "36": 32100, "37": 17100, "38": 36300, "39": 47100, "40": 35200, "41": 21200, "42": 37100, "43": 64900, "44": 120200, "45": 234900, "46": 94200, "47": 149800, "48": 91300, "49": 84000, "50": 130900, "51": 102900, "52": 95200, "53": 169400, "54": 69100, "55": 143200, "56": 76800, "57": 72200, "58": 67100, "59": 61300, "60": 110700, "61": 73200, "62": 133500, "63": 254500, "64": 210300, "65": 140700, "66": 94300, "67": 82300, "68": 104100, "69": 97200, "70": 122300, "71": 122100, "72": 153300, "73": 141900, "74": 120500, "75": 230500, "76": 2842800, "77": 189500, "78": 137500, "79": 143800, "80": 191400, "81": 53900, "82": 110300, "83": 69800, "84": 95900, "85": 43800, "86": 92200, "87": 55000, "88": 47900, "89": 49200, "90": 59700, "91": 37800, "92": 39200, "93": 53500, "94": 37400, "95": 39000, "96": 31500, "97": 26500, "98": 54800, "99": 34700, "100": 79300, "101": 32500, "102": 89000, "103": 103100, "104": 46600, "105": 38200, "106": 55100, "107": 33000, "108": 25200, "109": 30300, "110": 49800, "111": 32400, "112": 34900, "113": 18700, "114": 34000, "115": 37100, "116": 25600, "117": 20500, "118": 19800, "119": 22400, "120": 48100, "121": 19300, "122": 30900, "123": 19600, "124": 27400, "125": 20500, "126": 18500, "127": 42100, "128": 22200, "129": 49600, "130": 43300, "131": 35400, "132": 22500, "133": 15300, "134": 51700, "135": 15700, "136": 22200, "137": 34600, "138": 16400, "139": 23000, "140": 24900, "141": 23700, "142": 27000, "143": 26100, "144": 47700, "145": 25500, "146": 32800, "147": 21600, "148": 31400, "149": 25400, "150": 32900, "151": 26300, "152": 38700, "153": 38000, "154": 39900, "155": 42800, "156": 23600, "157": 33600, "158": 24800, "159": 50000, "160": 31900, "161": 50800, "162": 59800, "163": 55900, "164": 56000, "165": 32300, "166": 48300, "167": 68900, "168": 25400, "169": 44300, "170": 57900, "171": 31800, "172": 71700, "173": 62200, "174": 51800, "175": 38300, "176": 45200, "177": 32100, "178": 27200, "179": 59800, "180": 37000, "181": 20000, "182": 25300, "183": 16200, "184": 54100, "185": 59800, "186": 43300, "187": 28200, "188": 48600, "189": 51600, "190": 62200, "191": 50200, "192": 47700, "193": 46200, "194": 45500, "195": 151100, "196": 55800, "197": 72700, "198": 188800, "199": 86300, "200": 36400, "201": 49100, "202": 59800, "203": 51000, "204": 39500, "205": 54900, "206": 29200, "207": 30500, "208": 95100, "209": 37200, "210": 26000, "211": 52100, "212": 24300, "213": 22200, "214": 17800, "215": 23600, "216": 23100, "217": 28300, "218": 36500, "219": 23100, "220": 27700, "221": 25400, "222": 20600, "223": 17500, "224": 28400, "225": 16400, "226": 27200, "227": 29300, "228": 23600, "229": 33200, "230": 21500, "231": 36600, "232": 64400, "233": 26700, "234": 39700, "235": 26800, "236": 26100, "237": 34900, "238": 21900, "239": 27000, "240": 37300, "241": 30200, "242": 35100, "243": 23700, "244": 28800, "245": 19200, "246": 48700, "247": 17400, "248": 13200, "249": 18600, "250": 33800, "251": 60400, "252": 65300, "253": 35700, "254": 37800, "255": 47500, "256": 42900, "257": 75700, "258": 42700, "259": 94100, "260": 37400, "261": 47700, "262": 35500, "263": 44200, "264": 41700, "265": 35300, "266": 20600, "267": 29000, "268": 34800, "269": 53500, "270": 93100, "271": 65500, "272": 27500, "273": 13800, "274": 34700, "275": 28600, "276": 20700, "277": 15300, "278": 26400, "279": 16700, "280": 27400, "281": 9100, "282": 26600, "283": 29900, "284": 14100, "285": 44400, "286": 93500, "287": 66100, "288": 36500, "289": 29800, "290": 33600, "291": 83500, "292": 56200, "293": 30900, "294": 23100, "295": 23300, "296": 30900, "297": 48000, "298": 27500, "299": 31200, "300": 33400, "301": 76300, "302": 49700, "303": 30000, "304": 28700, "305": 83800, "306": 21200, "307": 22700, "308": 22700, "309": 18000, "310": 60900, "311": 61500, "312": 77700, "313": 14900, "314": 50100, "315": 83400, "316": 38300, "317": 35400, "318": 35900, "319": 54800, "320": 43200, "321": 43400, "322": 83100, "323": 67900, "324": 32300, "325": 42100, "326": 320300, "327": 52200, "328": 79100, "329": 42600, "330": 46500}, "adjclose": {"0": 36.38044738769531, "1": 36.38044738769531, "2": 28.083843231201172, "3": 28.083843231201172, "4": 28.083843231201172, "5": 28.083843231201172, "6": 28.785940170288086, "7": 32.583194732666016, "8": 31.149333953857422, "9": 30.249465942382812, "10": 29.715476989746094, "11": 29.863807678222656, "12": 31.74265480041504, "13": 32.46453094482422, "14": 33.60172653198242, "15": 32.54364013671875, "16": 32.167869567871094, "17": 32.72163772583008, "18": 32.15083312988281, "19": 32.02265930175781, "20": 31.500125885009766, "21": 31.24378776550293, "22": 29.83392333984375, "23": 29.82406234741211, "24": 29.991670608520508, "25": 30.583219528198242, "26": 30.524063110351562, "27": 30.94801139831543, "28": 30.287445068359375, "29": 30.701528549194336, "30": 30.819841384887695, "31": 31.036745071411133, "32": 30.1099796295166, "33": 27.59588623046875, "34": 26.895883560180664, "35": 27.58602523803711, "36": 27.7832088470459, "37": 27.94095802307129, "38": 26.166301727294922, "39": 27.024051666259766, "40": 25.200098037719727, "41": 25.131086349487305, "42": 23.386009216308594, "43": 25.259258270263672, "44": 24.095870971679688, "45": 23.8986873626709, "46": 24.825450897216797, "47": 23.99728012084961, "48": 25.091651916503906, "49": 25.02263641357422, "50": 24.973339080810547, "51": 23.770517349243164, "52": 23.573333740234375, "53": 23.3071346282959, "54": 25.564891815185547, "55": 23.760658264160156, "56": 25.081789016723633, "57": 26.28461265563965, "58": 26.067710876464844, "59": 25.428295135498047, "60": 26.139854431152344, "61": 26.861295700073242, "62": 26.060792922973633, "63": 28.11640167236328, "64": 26.881059646606445, "65": 28.20534896850586, "66": 27.15777587890625, "67": 26.19915199279785, "68": 24.509201049804688, "69": 24.864978790283203, "70": 26.268327713012695, "71": 24.963808059692383, "72": 26.159616470336914, "73": 26.78223419189453, "74": 25.457944869995117, "75": 25.072519302368164, "76": 24.153423309326172, "77": 22.94772720336914, "78": 23.036672592163086, "79": 23.105852127075195, "80": 22.740190505981445, "81": 22.858779907226562, "82": 22.048397064208984, "83": 21.643205642700195, "84": 22.216405868530273, "85": 21.979219436645508, "86": 21.198484420776367, "87": 22.72042465209961, "88": 21.9100399017334, "89": 21.317073822021484, "90": 21.979219436645508, "91": 22.69077491760254, "92": 22.769840240478516, "93": 22.809371948242188, "94": 22.997142791748047, "95": 22.730308532714844, "96": 22.9081974029541, "97": 22.730308532714844, "98": 22.750072479248047, "99": 22.927963256835938, "100": 22.582067489624023, "101": 22.97737693786621, "102": 22.69077491760254, "103": 25.22075843811035, "104": 25.606185913085938, "105": 26.93047332763672, "106": 27.325782775878906, "107": 28.38323402404785, "108": 27.424612045288086, "109": 27.533321380615234, "110": 28.333824157714844, "111": 28.32394027709961, "112": 28.91690444946289, "113": 27.67167854309082, "114": 27.019418716430664, "115": 26.406688690185547, "116": 25.625951766967773, "117": 26.050907135009766, "118": 25.665481567382812, "119": 25.28993797302246, "120": 24.746389389038086, "121": 24.548730850219727, "122": 24.19502067565918, "123": 24.0959415435791, "124": 24.046403884887695, "125": 24.313915252685547, "126": 24.016677856445312, "127": 25.175899505615234, "128": 25.800098419189453, "129": 26.27567481994629, "130": 27.167381286621094, "131": 26.384658813476562, "132": 26.245948791503906, "133": 25.512767791748047, "134": 24.68050765991211, "135": 24.759769439697266, "136": 24.016677856445312, "137": 23.402393341064453, "138": 23.26367950439453, "139": 22.758378982543945, "140": 21.866670608520508, "141": 22.12427520751953, "142": 22.599853515625, "143": 21.668514251708984, "144": 21.89639663696289, "145": 23.43211555480957, "146": 24.0959415435791, "147": 22.897090911865234, "148": 21.718053817749023, "149": 21.430723190307617, "150": 21.549619674682617, "151": 20.94523811340332, "152": 22.262985229492188, "153": 23.1348819732666, "154": 21.84685516357422, "155": 21.77750015258789, "156": 22.381881713867188, "157": 22.461143493652344, "158": 22.28280258178711, "159": 23.233959197998047, "160": 22.223356246948242, "161": 23.768983840942383, "162": 24.20492935180664, "163": 24.68050765991211, "164": 25.889266967773438, "165": 25.38396644592285, "166": 25.33442497253418, "167": 23.233959197998047, "168": 22.223356246948242, "169": 22.758378982543945, "170": 22.33234405517578, "171": 22.530498504638672, "172": 21.83694839477539, "173": 24.12566566467285, "174": 24.363454818725586, "175": 23.82843017578125, "176": 22.500774383544922, "177": 21.76759147644043, "178": 22.104459762573242, "179": 21.648698806762695, "180": 21.658607482910156, "181": 22.144092559814453, "182": 22.025196075439453, "183": 21.37127685546875, "184": 21.05422592163086, "185": 20.848522186279297, "186": 22.041006088256836, "187": 21.116830825805664, "188": 20.798837661743164, "189": 20.311908721923828, "190": 19.81504249572754, "191": 20.093284606933594, "192": 20.01378631591797, "193": 19.596420288085938, "194": 20.192659378051758, "195": 20.212535858154297, "196": 19.844852447509766, "197": 19.31817626953125, "198": 19.06974220275879, "199": 18.692121505737305, "200": 17.966697692871094, "201": 18.14556884765625, "202": 17.976634979248047, "203": 18.741809844970703, "204": 18.642436981201172, "205": 18.006446838378906, "206": 18.91074562072754, "207": 18.67224884033203, "208": 18.622562408447266, "209": 19.606355667114258, "210": 19.328113555908203, "211": 19.208864212036133, "212": 19.566608428955078, "213": 19.97403907775879, "214": 20.41128158569336, "215": 20.252283096313477, "216": 20.073413848876953, "217": 20.649778366088867, "218": 20.341720581054688, "219": 20.152912139892578, "220": 20.957834243774414, "221": 21.57394790649414, "222": 22.289438247680664, "223": 22.021129608154297, "224": 22.637245178222656, "225": 22.508058547973633, "226": 22.070816040039062, "227": 22.508058547973633, "228": 23.233484268188477, "229": 23.442167282104492, "230": 22.965177536010742, "231": 22.01119041442871, "232": 21.981380462646484, "233": 21.454702377319336, "234": 20.75908660888672, "235": 20.94789695739746, "236": 20.739213943481445, "237": 20.65971565246582, "238": 21.00752067565918, "239": 20.778963088989258, "240": 20.87833595275879, "241": 19.834915161132812, "242": 19.665983200073242, "243": 19.526857376098633, "244": 19.000181198120117, "245": 19.20257568359375, "246": 19.3421573638916, "247": 19.611352920532227, "248": 19.651233673095703, "249": 20.0799503326416, "250": 19.292306900024414, "251": 19.292306900024414, "252": 18.923410415649414, "253": 18.90346908569336, "254": 18.345138549804688, "255": 17.756898880004883, "256": 18.016122817993164, "257": 17.667165756225586, "258": 17.278329849243164, "259": 17.1885986328125, "260": 17.1885986328125, "261": 17.48770523071289, "262": 17.1885986328125, "263": 17.148717880249023, "264": 17.358091354370117, "265": 17.68710708618164, "266": 17.50764274597168, "267": 18.245437622070312, "268": 18.983232498168945, "269": 19.760906219482422, "270": 19.73099708557129, "271": 19.63129425048828, "272": 18.933380126953125, "273": 19.09290313720703, "274": 19.81075668334961, "275": 20.36908721923828, "276": 19.990219116210938, "277": 20.18962287902832, "278": 19.990219116210938, "279": 20.548551559448242, "280": 20.588430404663086, "281": 20.518640518188477, "282": 20.149742126464844, "283": 19.58144187927246, "284": 19.770875930786133, "285": 18.803768157958984, "286": 18.255407333374023, "287": 18.2354679107666, "288": 18.40496063232422, "289": 18.77385711669922, "290": 18.115825653076172, "291": 18.065975189208984, "292": 17.607345581054688, "293": 18.17564582824707, "294": 18.554513931274414, "295": 18.753915786743164, "296": 18.95332145690918, "297": 18.554513931274414, "298": 19.790817260742188, "299": 21.266403198242188, "300": 20.95732879638672, "301": 22.75196075439453, "302": 22.462825775146484, "303": 22.054048538208008, "304": 22.821752548217773, "305": 22.38306427001953, "306": 21.465808868408203, "307": 21.166702270507812, "308": 21.066999435424805, "309": 20.8799991607666, "310": 20.56999969482422, "311": 20.530000686645508, "312": 20.90999984741211, "313": 20.540000915527344, "314": 20.90999984741211, "315": 21.0, "316": 20.979999542236328, "317": 20.93000030517578, "318": 20.850000381469727, "319": 21.219999313354492, "320": 21.0, "321": 21.520000457763672, "322": 21.280000686645508, "323": 19.790000915527344, "324": 19.6200008392334, "325": 19.09000015258789, "326": 18.81999969482422, "327": 18.84000015258789, "328": 18.850000381469727, "329": 18.860000610351562, "330": 18.989999771118164}, "dividends": {"0": NaN, "1": NaN, "2": NaN, "3": NaN, "4": NaN, "5": NaN, "6": NaN, "7": NaN, "8": NaN, "9": NaN, "10": NaN, "11": NaN, "12": NaN, "13": NaN, "14": NaN, "15": NaN, "16": NaN, "17": NaN, "18": 0.0, "19": 0.0, "20": 0.0, "21": 0.0, "22": 0.0, "23": 0.0, "24": 0.0, "25": 0.0, "26": 0.0, "27": 0.0, "28": 0.0, "29": 0.0, "30": 0.0, "31": 0.0, "32": 0.0, "33": 0.0, "34": 0.0, "35": 0.0, "36": 0.0, "37": 0.0, "38": 0.0, "39": 0.0, "40": 0.0, "41": 0.0, "42": 0.0, "43": 0.0, "44": 0.0, "45": 0.0, "46": 0.0, "47": 0.0, "48": 0.0, "49": 0.0, "50": 0.0, "51": 0.0, "52": 0.0, "53": 0.0, "54": 0.0, "55": 0.0, "56": 0.0, "57": 0.0, "58": 0.0, "59": 0.063, "60": 0.0, "61": 0.0, "62": 0.0, "63": 0.0, "64": 0.0, "65": 0.0, "66": 0.0, "67": 0.0, "68": 0.0, "69": 0.0, "70": 0.0, "71": 0.0, "72": 0.0, "73": 0.0, "74": 0.0, "75": 0.0, "76": 0.0, "77": 0.0, "78": 0.0, "79": 0.0, "80": 0.0, "81": 0.0, "82": 0.0, "83": 0.0, "84": 0.0, "85": 0.0, "86": 0.0, "87": 0.0, "88": 0.0, "89": 0.0, "90": 0.0, "91": 0.0, "92": 0.0, "93": 0.0, "94": 0.0, "95": 0.0, "96": 0.0, "97": 0.0, "98": 0.0, "99": 0.0, "100": 0.0, "101": 0.0, "102": 0.0, "103": 0.0, "104": 0.0, "105": 0.0, "106": 0.0, "107": 0.0, "108": 0.0, "109": 0.0, "110": 0.0, "111": 0.0, "112": 0.0, "113": 0.0, "114": 0.0, "115": 0.0, "116": 0.0, "117": 0.0, "118": 0.0, "119": 0.0, "120": 0.0, "121": 0.0, "122": 0.063, "123": 0.0, "124": 0.0, "125": 0.0, "126": 0.0, "127": 0.0, "128": 0.0, "129": 0.0, "130": 0.0, "131": 0.0, "132": 0.0, "133": 0.0, "134": 0.0, "135": 0.0, "136": 0.0, "137": 0.0, "138": 0.0, "139": 0.0, "140": 0.0, "141": 0.0, "142": 0.0, "143": 0.0, "144": 0.0, "145": 0.0, "146": 0.0, "147": 0.0, "148": 0.0, "149": 0.0, "150": 0.0, "151": 0.0, "152": 0.0, "153": 0.0, "154": 0.0, "155": 0.0, "156": 0.0, "157": 0.0, "158": 0.0, "159": 0.0, "160": 0.0, "161": 0.0, "162": 0.0, "163": 0.0, "164": 0.0, "165": 0.0, "166": 0.0, "167": 0.0, "168": 0.0, "169": 0.0, "170": 0.0, "171": 0.0, "172": 0.0, "173": 0.0, "174": 0.0, "175": 0.0, "176": 0.0, "177": 0.0, "178": 0.0, "179": 0.0, "180": 0.0, "181": 0.0, "182": 0.0, "183": 0.0, "184": 0.0, "185": 0.063, "186": 0.0, "187": 0.0, "188": 0.0, "189": 0.0, "190": 0.0, "191": 0.0, "192": 0.0, "193": 0.0, "194": 0.0, "195": 0.0, "196": 0.0, "197": 0.0, "198": 0.0, "199": 0.0, "200": 0.0, "201": 0.0, "202": 0.0, "203": 0.0, "204": 0.0, "205": 0.0, "206": 0.0, "207": 0.0, "208": 0.0, "209": 0.0, "210": 0.0, "211": 0.0, "212": 0.0, "213": 0.0, "214": 0.0, "215": 0.0, "216": 0.0, "217": 0.0, "218": 0.0, "219": 0.0, "220": 0.0, "221": 0.0, "222": 0.0, "223": 0.0, "224": 0.0, "225": 0.0, "226": 0.0, "227": 0.0, "228": 0.0, "229": 0.0, "230": 0.0, "231": 0.0, "232": 0.0, "233": 0.0, "234": 0.0, "235": 0.0, "236": 0.0, "237": 0.0, "238": 0.0, "239": 0.0, "240": 0.0, "241": 0.0, "242": 0.0, "243": 0.0, "244": 0.0, "245": 0.063, "246": 0.0, "247": 0.0, "248": 0.0, "249": 0.0, "250": 0.0, "251": 0.0, "252": 0.0, "253": 0.0, "254": 0.0, "255": 0.0, "256": 0.0, "257": 0.0, "258": 0.0, "259": 0.0, "260": 0.0, "261": 0.0, "262": 0.0, "263": 0.0, "264": 0.0, "265": 0.0, "266": 0.0, "267": 0.0, "268": 0.0, "269": 0.0, "270": 0.0, "271": 0.0, "272": 0.0, "273": 0.0, "274": 0.0, "275": 0.0, "276": 0.0, "277": 0.0, "278": 0.0, "279": 0.0, "280": 0.0, "281": 0.0, "282": 0.0, "283": 0.0, "284": 0.0, "285": 0.0, "286": 0.0, "287": 0.0, "288": 0.0, "289": 0.0, "290": 0.0, "291": 0.0, "292": 0.0, "293": 0.0, "294": 0.0, "295": 0.0, "296": 0.0, "297": 0.0, "298": 0.0, "299": 0.0, "300": 0.0, "301": 0.0, "302": 0.0, "303": 0.0, "304": 0.0, "305": 0.0, "306": 0.0, "307": 0.0, "308": 0.0, "309": 0.063, "310": 0.0, "311": 0.0, "312": 0.0, "313": 0.0, "314": 0.0, "315": 0.0, "316": 0.0, "317": 0.0, "318": 0.0, "319": 0.0, "320": 0.0, "321": 0.0, "322": 0.0, "323": 0.0, "324": 0.0, "325": 0.0, "326": 0.0, "327": 0.0, "328": 0.0, "329": 0.0, "330": 0.0}}, "profile": {"address1": "250 Vesey Street", "address2": "15th Floor", "city": "New York", "state": "NY", "zip": "10281-0221", "country": "United States", "phone": "212 417 7000", "website": "https://www.brookfield.com", "industry": "Asset Management", "industryDisp": "Asset Management", "sector": "Financial Services", "longBusinessSummary": "Brookfield Business Corporation engages in the renewable power and transition, infrastructure, private equity, real estate, credit, and insurance solutions in the United States, Australia, Brazil, Europe, the United Kingdom, and internationally. It operates through three segments: Business Services, Infrastructure Services, and Industrials. The company operates 39 hospitals; offers construction services for landmark buildings and social infrastructure; provides nuclear technology services to the nuclear power generation industry; and offers cloud-based software as a service solutions to dealerships and original equipment manufacturers in automotive and related industries. It is also involved in the provision of sanitation service, which include collection, treatment, and distribution of water and wastewater to the residential and governmental customers. The company was incorporated in 2021 and is headquartered in New York, New York.", "companyOfficers": [{"maxAge": 1, "name": "Mr. Cyrus  Madon", "age": 56, "title": "Chief Exec. Officer", "yearBorn": 1966, "fiscalYear": 2022, "totalPay": 421309, "exercisedValue": 0, "unexercisedValue": 0}, {"maxAge": 1, "name": "Ms. Jaspreet  Dehl CPA, CPA", "age": 45, "title": "Chief Financial Officer", "yearBorn": 1977, "fiscalYear": 2022, "totalPay": 678150, "exercisedValue": 0, "unexercisedValue": 0}, {"maxAge": 1, "name": "Mr. Arin Jonathan Silber", "age": 42, "title": "MD & Gen. Counsel", "yearBorn": 1980, "fiscalYear": 2022, "totalPay": 326670, "exercisedValue": 0, "unexercisedValue": 0}, {"maxAge": 1, "name": "Mr. Denis Andre Turcotte M.B.A., MBA, P.Eng.", "age": 60, "title": "Managing Partner of Private Equity - Brookfield Asset Management Inc.", "yearBorn": 1962, "fiscalYear": 2022, "totalPay": 849451, "exercisedValue": 0, "unexercisedValue": 0}, {"maxAge": 1, "name": "Ms. Amanda  Marshall", "age": 37, "title": "Managing Director of Tax", "yearBorn": 1985, "fiscalYear": 2022, "totalPay": 353605, "exercisedValue": 0, "unexercisedValue": 0}, {"maxAge": 1, "name": "Mr. Alan Matthew Fleming", "title": "Managing Director of Investor Relations", "exercisedValue": 0, "unexercisedValue": 0}], "compensationAsOfEpochDate": "2022-12-30 19:00:00", "maxAge": 86400, "latitude": 40.714450818819216, "longitude": -74.01585032884769}}