{"income_statement": {"annual": {"Year": {"1": "Selling, General & Admin", "2": "Operating Expenses", "3": "Operating Income", "4": "Other Expense / Income", "5": "Pretax Income", "6": "Net Income", "7": "Shares Outstanding (Basic)", "8": "Shares Outstanding (Diluted)", "9": "Shares Change", "10": "EPS (Basic)", "11": "EPS (Diluted)", "12": "Free Cash Flow Per Share", "13": "EBITDA", "14": "EBIT"}, "2022": {"1": "4.28", "2": "4.28", "3": "-4.28", "4": "-13.63", "5": "9.35", "6": "9.35", "7": "41", "8": "41", "9": "169.72%", "10": "0.23", "11": "0.23", "12": "-0.01", "13": "9.35", "14": "9.35"}, "2021": {"1": "0.34", "2": "0.34", "3": "-0.34", "4": "0.02", "5": "-0.36", "6": "-0.36", "7": "15", "8": "15", "9": "-", "10": "-0.02", "11": "-0.02", "12": "-0.06", "13": "-0.36", "14": "-0.36"}}, "quarterly": {"Metrics": {"1": "Selling, General & Admin", "2": "Operating Expenses", "3": "Operating Income", "4": "Other Expense / Income", "5": "Pretax Income", "6": "Net Income", "7": "Shares Outstanding (Basic)", "8": "Shares Outstanding (Diluted)", "9": "Shares Change", "10": "EPS (Basic)", "11": "EPS (Diluted)", "12": "Free Cash Flow Per Share", "13": "EBITDA", "14": "EBIT"}, "2022-12-31": {"1": "1.06", "2": "1.06", "3": "-1.06", "4": "-2.12", "5": "1.07", "6": "1.07", "7": "41", "8": "41", "9": "169.72%", "10": "0.03", "11": "0.03", "12": "-0.00", "13": "1.07", "14": "1.07"}, "2022-09-30": {"1": "1.22", "2": "1.22", "3": "-1.22", "4": "-1.65", "5": "0.43", "6": "0.43", "7": "41", "8": "41", "9": "374.97%", "10": "0.01", "11": "0.01", "12": "-0.00", "13": "0.43", "14": "0.43"}, "2022-06-30": {"1": "1.61", "2": "1.61", "3": "-1.61", "4": "-5.15", "5": "3.54", "6": "3.54", "7": "41", "8": "41", "9": "395.86%", "10": "0.09", "11": "0.09", "12": "-0.00", "13": "3.54", "14": "3.54"}, "2022-03-31": {"1": "0.39", "2": "0.39", "3": "-0.39", "4": "-4.71", "5": "4.31", "6": "4.31", "7": "41", "8": "41", "9": "-", "10": "0.10", "11": "0.10", "12": "-0.01", "13": "4.31", "14": "4.31"}, "2021-12-31": {"1": "-", "2": "-", "3": "-", "4": "-", "5": "-", "6": "-", "7": "15", "8": "-", "9": "-", "10": "-", "11": "-", "12": "-", "13": "-", "14": "-"}, "2021-09-30": {"1": "0.01", "2": "0.01", "3": "-0.01", "4": "-", "5": "-0.01", "6": "-0.01", "7": "9", "8": "9", "9": "-", "10": "-", "11": "-", "12": "-", "13": "-", "14": "-0.01"}, "2021-07-02": {"1": "0.01", "2": "0.01", "3": "-0.01", "4": "-", "5": "-0.01", "6": "-0.01", "7": "8", "8": "8", "9": "-", "10": "-", "11": "-", "12": "-", "13": "-0.01", "14": "-0.01"}}}, "balance_sheet": {"annual": {"Year": {"1": "Cash & Equivalents", "2": "Cash & Cash Equivalents", "3": "Cash Growth", "4": "Other Current Assets", "5": "Total Current Assets", "6": "Long-Term Investments", "7": "Total Long-Term Assets", "8": "Total Assets", "9": "Accounts Payable", "10": "Current Debt", "11": "Other Current Liabilities", "12": "Total Current Liabilities", "13": "Other Long-Term Liabilities", "14": "Total Long-Term Liabilities", "15": "Total Liabilities", "16": "Total Debt", "17": "Common Stock", "18": "Retained Earnings", "19": "Shareholders' Equity", "20": "Total Liabilities and Equity", "21": "Net Cash / Debt", "22": "Net Cash Per Share", "23": "Working Capital", "24": "Book Value Per Share"}, "2022": {"1": "0.25", "2": "0.25", "3": "-32.96%", "4": "0.38", "5": "0.64", "6": "310.26", "7": "310.26", "8": "310.9", "9": "3.7", "10": "0.53", "11": "0.32", "12": "4.55", "13": "12.86", "14": "12.86", "15": "17.41", "16": "0.53", "17": "0", "18": "-16.67", "19": "-16.67", "20": "0.74", "21": "-0.27", "22": "-0.01", "23": "-3.91", "24": "-0.40"}, "2021": {"1": "0.38", "2": "0.38", "3": "-", "4": "0.72", "5": "1.1", "6": "306", "7": "306", "8": "307.1", "9": "0.56", "10": "0", "11": "0.15", "12": "0.71", "13": "22.24", "14": "22.24", "15": "22.96", "16": "0", "17": "0", "18": "-21.86", "19": "-21.86", "20": "1.1", "21": "0.38", "22": "0.02", "23": "0.38", "24": "-1.43"}}, "quarterly": {"Metrics": {"1": "Cash & Equivalents", "2": "Cash & Cash Equivalents", "3": "Cash Growth", "4": "Other Current Assets", "5": "Total Current Assets", "6": "Long-Term Investments", "7": "Other Long-Term Assets", "8": "Total Long-Term Assets", "9": "Total Assets", "10": "Accounts Payable", "11": "Current Debt", "12": "Other Current Liabilities", "13": "Total Current Liabilities", "14": "Other Long-Term Liabilities", "15": "Total Long-Term Liabilities", "16": "Total Liabilities", "17": "Total Debt", "18": "Debt Growth", "19": "Common Stock", "20": "Retained Earnings", "21": "Shareholders' Equity", "22": "Total Liabilities and Equity", "23": "Net Cash / Debt", "24": "Net Cash / Debt Growth", "25": "Net Cash Per Share", "26": "Working Capital", "27": "Book Value Per Share"}, "2022-12-31": {"1": "0.25", "2": "0.25", "3": "-32.96%", "4": "0.38", "5": "0.64", "6": "310.26", "7": "0", "8": "310.26", "9": "310.9", "10": "3.7", "11": "0.53", "12": "0.32", "13": "4.55", "14": "12.86", "15": "12.86", "16": "17.41", "17": "0.53", "18": "-", "19": "0", "20": "-16.67", "21": "-16.67", "22": "0.74", "23": "-0.27", "24": "-", "25": "-0.01", "26": "-3.91", "27": "-0.40"}, "2022-09-30": {"1": "0.09", "2": "0.09", "3": "240.58%", "4": "0.47", "5": "0.56", "6": "307.68", "7": "0", "8": "307.68", "9": "308.24", "10": "0.72", "11": "0.17", "12": "2.51", "13": "3.4", "14": "12.42", "15": "12.42", "16": "15.81", "17": "0.17", "18": "53.34%", "19": "0", "20": "-15.16", "21": "-15.16", "22": "0.66", "23": "-0.08", "24": "-", "25": "-0.00", "26": "-2.84", "27": "-0.37"}, "2022-06-30": {"1": "0.2", "2": "0.2", "3": "705.51%", "4": "0.33", "5": "0.53", "6": "306.15", "7": "0", "8": "306.15", "9": "306.68", "10": "0.63", "11": "0.17", "12": "1.35", "13": "2.15", "14": "12.53", "15": "12.53", "16": "14.68", "17": "0.17", "18": "-", "19": "0", "20": "-14.05", "21": "-14.05", "22": "0.63", "23": "0.03", "24": "25.51%", "25": "0.00", "26": "-1.62", "27": "-0.34"}, "2022-03-31": {"1": "0.18", "2": "0.18", "3": "-", "4": "0.55", "5": "0.73", "6": "306.01", "7": "0", "8": "306.01", "9": "306.74", "10": "0.57", "11": "0", "12": "0.17", "13": "0.74", "14": "17.54", "15": "17.54", "16": "18.28", "17": "0", "18": "-", "19": "0", "20": "-17.55", "21": "-17.54", "22": "0.74", "23": "0.18", "24": "-", "25": "0.00", "26": "-0.01", "27": "-0.42"}, "2021-12-31": {"1": "0.38", "2": "0.38", "3": "-", "4": "0.72", "5": "1.1", "6": "306", "7": "0", "8": "306", "9": "307.1", "10": "0.56", "11": "0", "12": "0.15", "13": "0.71", "14": "22.24", "15": "22.24", "16": "22.96", "17": "0", "18": "-", "19": "0", "20": "-21.86", "21": "-21.86", "22": "1.1", "23": "0.38", "24": "-", "25": "-", "26": "0.38", "27": "-1.43"}, "2021-09-30": {"1": "0.03", "2": "0.03", "3": "-", "4": "-", "5": "-", "6": "-", "7": "-", "8": "-", "9": "0.7", "10": "0", "11": "0.11", "12": "0.57", "13": "0.68", "14": "0", "15": "0", "16": "0.68", "17": "0.11", "18": "-", "19": "0.03", "20": "-0.01", "21": "0.02", "22": "0.7", "23": "-0.09", "24": "-", "25": "-0.01", "26": "-", "27": "0.00"}, "2021-07-02": {"1": "0.03", "2": "0.03", "3": "-", "4": "0", "5": "0.03", "6": "0", "7": "0.3", "8": "0.3", "9": "0.32", "10": "0", "11": "0", "12": "0.3", "13": "0.3", "14": "0", "15": "0", "16": "0.3", "17": "0", "18": "-", "19": "0.03", "20": "-0.01", "21": "0.02", "22": "0.32", "23": "0.03", "24": "-", "25": "0.00", "26": "-0.28", "27": "0.00"}}}, "cash_flow_statement": {"annual": {"Year": {"1": "Net Income", "2": "Other Operating Activities", "3": "Operating Cash Flow", "4": "Change in Investments", "5": "Investing Cash Flow", "6": "Share Issuance / Repurchase", "7": "Debt Issued / Paid", "8": "Other Financing Activities", "9": "Financing Cash Flow", "10": "Net Cash Flow", "11": "Free Cash Flow", "12": "Free Cash Flow Per Share"}, "2022": {"1": "9.35", "2": "-9.89", "3": "-0.54", "4": "0", "5": "0", "6": "0", "7": "0.51", "8": "-0.1", "9": "0.41", "10": "-0.13", "11": "-0.54", "12": "-0.01"}, "2021": {"1": "-0.36", "2": "-0.61", "3": "-0.96", "4": "-306", "5": "-306", "6": "313.25", "7": "-0.13", "8": "-5.77", "9": "307.34", "10": "0.38", "11": "-0.96", "12": "-0.06"}}, "quarterly": {"Metrics": {"1": "Net Income", "2": "Other Operating Activities", "3": "Operating Cash Flow", "4": "Debt Issued / Paid", "5": "Other Financing Activities", "6": "Financing Cash Flow", "7": "Net Cash Flow", "8": "Free Cash Flow", "9": "Free Cash Flow Per Share"}, "2022-12-31": {"1": "1.07", "2": "-1.17", "3": "-0.1", "4": "0.34", "5": "-0.07", "6": "0.27", "7": "0.17", "8": "-0.1", "9": "-0.00"}, "2022-09-30": {"1": "0.43", "2": "-0.52", "3": "-0.09", "4": "0", "5": "-0.03", "6": "-0.03", "7": "-0.12", "8": "-0.09", "9": "-0.00"}, "2022-06-30": {"1": "3.54", "2": "-3.68", "3": "-0.14", "4": "0", "5": "-", "6": "0", "7": "0.03", "8": "-0.14", "9": "-0.00"}, "2022-03-31": {"1": "4.31", "2": "-4.52", "3": "-0.2", "4": "0", "5": "-", "6": "0", "7": "-0.2", "8": "-0.2", "9": "-0.01"}, "2021-12-31": {"1": "-", "2": "-", "3": "-", "4": "-", "5": "-", "6": "-", "7": "-", "8": "-", "9": "-"}, "2021-09-30": {"1": "-0.01", "2": "0.01", "3": "-", "4": "-", "5": "-", "6": "-", "7": "-", "8": "-", "9": "-"}}}, "ratios": {"annual": {"Year": {"1": "Market Capitalization", "2": "Market Cap Growth", "3": "Enterprise Value", "4": "PE Ratio", "5": "PB Ratio", "6": "P/FCF Ratio", "7": "P/OCF Ratio", "8": "EV/EBITDA Ratio", "9": "EV/EBIT Ratio", "10": "EV/FCF Ratio", "11": "Debt / Equity Ratio", "12": "Debt / EBITDA Ratio", "13": "Debt / FCF Ratio", "14": "Current Ratio", "15": "Return on Equity (ROE)", "16": "Return on Assets (ROA)", "17": "Return on Capital (ROIC)", "18": "Earnings Yield", "19": "FCF Yield", "20": "Buyback Yield / Dilution", "21": "Total Shareholder Return"}, "Current": {"1": "155", "2": "-", "3": "155", "4": "45.22", "5": "-25.38", "6": "-787.59", "7": "-787.59", "8": "16.62", "9": "16.62", "10": "-788.10", "11": "-0.03", "12": "0.06", "13": "-0.98", "14": "0.14", "15": "-59.00%", "16": "3.00%", "17": "3.10%", "18": "6.03%", "19": "-0.35%", "20": "-169.72%", "21": "-169.72%"}, "2022": {"1": "423", "2": "4.17%", "3": "423", "4": "45.26", "5": "-25.38", "6": "-787.59", "7": "-787.59", "8": "45.29", "9": "45.29", "10": "-788.10", "11": "-0.03", "12": "0.06", "13": "-0.98", "14": "0.14", "15": "-59.00%", "16": "3.00%", "17": "3.10%", "18": "2.21%", "19": "-0.13%", "20": "-169.72%", "21": "-169.72%"}, "2021": {"1": "406", "2": "-", "3": "406", "4": "-1132.65", "5": "-18.58", "6": "-421.22", "7": "-421.22", "8": "-1131.59", "9": "-1131.59", "10": "-420.83", "11": "-", "12": "-", "13": "-", "14": "1.54", "15": "-", "16": "-", "17": "-", "18": "-0.09%", "19": "-0.24%", "20": "-", "21": "-"}}, "quarterly": {"Metrics": {"1": "Market Capitalization", "2": "Market Cap Growth", "3": "Enterprise Value", "4": "PE Ratio", "5": "PB Ratio", "6": "Debt / Equity Ratio", "7": "Current Ratio", "8": "Buyback Yield / Dilution", "9": "Total Shareholder Return"}, "Current": {"1": "155", "2": "-", "3": "155", "4": "45.22", "5": "-25.38", "6": "-0.03", "7": "0.14", "8": "-169.72%", "9": "-169.72%"}, "2022-12-31": {"1": "423", "2": "4.17%", "3": "423", "4": "45.26", "5": "-25.38", "6": "-0.03", "7": "0.14", "8": "-169.72%", "9": "-169.72%"}, "2022-09-30": {"1": "417", "2": "-", "3": "417", "4": "-", "5": "-27.48", "6": "-0.01", "7": "0.16", "8": "-374.97%", "9": "-374.97%"}, "2022-06-30": {"1": "410", "2": "-", "3": "410", "4": "54.67", "5": "-29.17", "6": "-0.01", "7": "0.25", "8": "-395.86%", "9": "-395.86%"}, "2022-03-31": {"1": "410", "2": "-", "3": "410", "4": "-", "5": "-23.39", "6": "-", "7": "0.99", "8": "-", "9": "-"}, "2021-12-31": {"1": "406", "2": "-", "3": "406", "4": "-1132.65", "5": "-18.58", "6": "-", "7": "1.54", "8": "-", "9": "-"}, "2021-09-30": {"1": "-", "2": "-", "3": "0", "4": "-", "5": "-", "6": "5.54", "7": "-", "8": "-", "9": "-"}}}, "stock_price": {"symbol": {"0": "BCSA", "1": "BCSA", "2": "BCSA", "3": "BCSA", "4": "BCSA", "5": "BCSA", "6": "BCSA", "7": "BCSA", "8": "BCSA", "9": "BCSA", "10": "BCSA", "11": "BCSA", "12": "BCSA", "13": "BCSA", "14": "BCSA", "15": "BCSA", "16": "BCSA", "17": "BCSA", "18": "BCSA", "19": "BCSA", "20": "BCSA", "21": "BCSA", "22": "BCSA", "23": "BCSA", "24": "BCSA", "25": "BCSA", "26": "BCSA", "27": "BCSA", "28": "BCSA", "29": "BCSA", "30": "BCSA", "31": "BCSA", "32": "BCSA", "33": "BCSA", "34": "BCSA", "35": "BCSA", "36": "BCSA", "37": "BCSA", "38": "BCSA", "39": "BCSA", "40": "BCSA", "41": "BCSA", "42": "BCSA", "43": "BCSA", "44": "BCSA", "45": "BCSA", "46": "BCSA", "47": "BCSA", "48": "BCSA", "49": "BCSA", "50": "BCSA", "51": "BCSA", "52": "BCSA", "53": "BCSA", "54": "BCSA", "55": "BCSA", "56": "BCSA", "57": "BCSA", "58": "BCSA", "59": "BCSA", "60": "BCSA", "61": "BCSA", "62": "BCSA", "63": "BCSA", "64": "BCSA", "65": "BCSA", "66": "BCSA", "67": "BCSA", "68": "BCSA", "69": "BCSA", "70": "BCSA", "71": "BCSA", "72": "BCSA", "73": "BCSA", "74": "BCSA", "75": "BCSA", "76": "BCSA", "77": "BCSA", "78": "BCSA", "79": "BCSA", "80": "BCSA", "81": "BCSA", "82": "BCSA", "83": "BCSA", "84": "BCSA", "85": "BCSA", "86": "BCSA", "87": "BCSA", "88": "BCSA", "89": "BCSA", "90": "BCSA", "91": "BCSA", "92": "BCSA", "93": "BCSA", "94": "BCSA", "95": "BCSA", "96": "BCSA", "97": "BCSA", "98": "BCSA", "99": "BCSA", "100": "BCSA", "101": "BCSA", "102": "BCSA", "103": "BCSA", "104": "BCSA", "105": "BCSA", "106": "BCSA", "107": "BCSA", "108": "BCSA", "109": "BCSA", "110": "BCSA", "111": "BCSA", "112": "BCSA", "113": "BCSA", "114": "BCSA", "115": "BCSA", "116": "BCSA", "117": "BCSA", "118": "BCSA", "119": "BCSA", "120": "BCSA", "121": "BCSA", "122": "BCSA", "123": "BCSA", "124": "BCSA", "125": "BCSA", "126": "BCSA", "127": "BCSA", "128": "BCSA", "129": "BCSA", "130": "BCSA", "131": "BCSA", "132": "BCSA", "133": "BCSA", "134": "BCSA", "135": "BCSA", "136": "BCSA", "137": "BCSA", "138": "BCSA", "139": "BCSA", "140": "BCSA", "141": "BCSA", "142": "BCSA", "143": "BCSA", "144": "BCSA", "145": "BCSA", "146": "BCSA", "147": "BCSA", "148": "BCSA", "149": "BCSA", "150": "BCSA", "151": "BCSA", "152": "BCSA", "153": "BCSA", "154": "BCSA", "155": "BCSA", "156": "BCSA", "157": "BCSA", "158": "BCSA", "159": "BCSA", "160": "BCSA", "161": "BCSA", "162": "BCSA", "163": "BCSA", "164": "BCSA", "165": "BCSA", "166": "BCSA", "167": "BCSA", "168": "BCSA", "169": "BCSA", "170": "BCSA", "171": "BCSA", "172": "BCSA", "173": "BCSA", "174": "BCSA", "175": "BCSA", "176": "BCSA", "177": "BCSA", "178": "BCSA", "179": "BCSA", "180": "BCSA", "181": "BCSA", "182": "BCSA", "183": "BCSA", "184": "BCSA", "185": "BCSA", "186": "BCSA", "187": "BCSA", "188": "BCSA", "189": "BCSA", "190": "BCSA", "191": "BCSA", "192": "BCSA", "193": "BCSA", "194": "BCSA", "195": "BCSA", "196": "BCSA", "197": "BCSA", "198": "BCSA", "199": "BCSA", "200": "BCSA", "201": "BCSA", "202": "BCSA", "203": "BCSA", "204": "BCSA", "205": "BCSA", "206": "BCSA", "207": "BCSA", "208": "BCSA", "209": "BCSA", "210": "BCSA", "211": "BCSA", "212": "BCSA", "213": "BCSA", "214": "BCSA", "215": "BCSA", "216": "BCSA", "217": "BCSA", "218": "BCSA", "219": "BCSA", "220": "BCSA", "221": "BCSA", "222": "BCSA", "223": "BCSA", "224": "BCSA", "225": "BCSA", "226": "BCSA", "227": "BCSA", "228": "BCSA", "229": "BCSA", "230": "BCSA", "231": "BCSA", "232": "BCSA", "233": "BCSA", "234": "BCSA", "235": "BCSA", "236": "BCSA", "237": "BCSA", "238": "BCSA", "239": "BCSA", "240": "BCSA", "241": "BCSA", "242": "BCSA", "243": "BCSA", "244": "BCSA", "245": "BCSA", "246": "BCSA", "247": "BCSA", "248": "BCSA", "249": "BCSA", "250": "BCSA", "251": "BCSA", "252": "BCSA", "253": "BCSA", "254": "BCSA", "255": "BCSA", "256": "BCSA", "257": "BCSA", "258": "BCSA", "259": "BCSA", "260": "BCSA", "261": "BCSA", "262": "BCSA", "263": "BCSA", "264": "BCSA", "265": "BCSA", "266": "BCSA", "267": "BCSA", "268": "BCSA", "269": "BCSA", "270": "BCSA", "271": "BCSA", "272": "BCSA", "273": "BCSA", "274": "BCSA", "275": "BCSA", "276": "BCSA", "277": "BCSA", "278": "BCSA", "279": "BCSA", "280": "BCSA", "281": "BCSA", "282": "BCSA", "283": "BCSA", "284": "BCSA", "285": "BCSA", "286": "BCSA", "287": "BCSA", "288": "BCSA", "289": "BCSA", "290": "BCSA", "291": "BCSA", "292": "BCSA", "293": "BCSA", "294": "BCSA", "295": "BCSA", "296": "BCSA", "297": "BCSA", "298": "BCSA", "299": "BCSA", "300": "BCSA", "301": "BCSA", "302": "BCSA", "303": "BCSA", "304": "BCSA", "305": "BCSA", "306": "BCSA", "307": "BCSA", "308": "BCSA", "309": "BCSA", "310": "BCSA", "311": "BCSA", "312": "BCSA", "313": "BCSA", "314": "BCSA", "315": "BCSA", "316": "BCSA", "317": "BCSA", "318": "BCSA", "319": "BCSA", "320": "BCSA", "321": "BCSA", "322": "BCSA", "323": "BCSA", "324": "BCSA", "325": "BCSA", "326": "BCSA", "327": "BCSA", "328": "BCSA", "329": "BCSA", "330": "BCSA", "331": "BCSA", "332": "BCSA", "333": "BCSA", "334": "BCSA", "335": "BCSA", "336": "BCSA", "337": "BCSA", "338": "BCSA", "339": "BCSA", "340": "BCSA", "341": "BCSA", "342": "BCSA", "343": "BCSA", "344": "BCSA", "345": "BCSA", "346": "BCSA", "347": "BCSA", "348": "BCSA", "349": "BCSA", "350": "BCSA", "351": "BCSA", "352": "BCSA", "353": "BCSA", "354": "BCSA", "355": "BCSA", "356": "BCSA", "357": "BCSA", "358": "BCSA", "359": "BCSA", "360": "BCSA", "361": "BCSA", "362": "BCSA", "363": "BCSA", "364": "BCSA", "365": "BCSA", "366": "BCSA", "367": "BCSA", "368": "BCSA", "369": "BCSA", "370": "BCSA", "371": "BCSA", "372": "BCSA", "373": "BCSA", "374": "BCSA"}, "date": {"0": "2021-12-31", "1": "2022-01-03", "2": "2022-01-04", "3": "2022-01-05", "4": "2022-01-06", "5": "2022-01-07", "6": "2022-01-10", "7": "2022-01-11", "8": "2022-01-12", "9": "2022-01-13", "10": "2022-01-14", "11": "2022-01-18", "12": "2022-01-19", "13": "2022-01-20", "14": "2022-01-21", "15": "2022-01-24", "16": "2022-01-25", "17": "2022-01-26", "18": "2022-01-27", "19": "2022-01-28", "20": "2022-01-31", "21": "2022-02-01", "22": "2022-02-02", "23": "2022-02-03", "24": "2022-02-04", "25": "2022-02-07", "26": "2022-02-08", "27": "2022-02-09", "28": "2022-02-10", "29": "2022-02-11", "30": "2022-02-14", "31": "2022-02-15", "32": "2022-02-16", "33": "2022-02-17", "34": "2022-02-18", "35": "2022-02-22", "36": "2022-02-23", "37": "2022-02-24", "38": "2022-02-25", "39": "2022-02-28", "40": "2022-03-01", "41": "2022-03-02", "42": "2022-03-03", "43": "2022-03-04", "44": "2022-03-07", "45": "2022-03-08", "46": "2022-03-09", "47": "2022-03-10", "48": "2022-03-11", "49": "2022-03-14", "50": "2022-03-15", "51": "2022-03-16", "52": "2022-03-17", "53": "2022-03-18", "54": "2022-03-21", "55": "2022-03-22", "56": "2022-03-23", "57": "2022-03-24", "58": "2022-03-25", "59": "2022-03-28", "60": "2022-03-29", "61": "2022-03-30", "62": "2022-03-31", "63": "2022-04-01", "64": "2022-04-04", "65": "2022-04-05", "66": "2022-04-06", "67": "2022-04-07", "68": "2022-04-08", "69": "2022-04-11", "70": "2022-04-12", "71": "2022-04-13", "72": "2022-04-14", "73": "2022-04-18", "74": "2022-04-19", "75": "2022-04-20", "76": "2022-04-21", "77": "2022-04-22", "78": "2022-04-25", "79": "2022-04-26", "80": "2022-04-27", "81": "2022-04-28", "82": "2022-04-29", "83": "2022-05-02", "84": "2022-05-03", "85": "2022-05-04", "86": "2022-05-05", "87": "2022-05-06", "88": "2022-05-09", "89": "2022-05-10", "90": "2022-05-11", "91": "2022-05-12", "92": "2022-05-13", "93": "2022-05-16", "94": "2022-05-17", "95": "2022-05-18", "96": "2022-05-19", "97": "2022-05-20", "98": "2022-05-23", "99": "2022-05-24", "100": "2022-05-25", "101": "2022-05-26", "102": "2022-05-27", "103": "2022-05-31", "104": "2022-06-01", "105": "2022-06-02", "106": "2022-06-03", "107": "2022-06-06", "108": "2022-06-07", "109": "2022-06-08", "110": "2022-06-09", "111": "2022-06-10", "112": "2022-06-13", "113": "2022-06-14", "114": "2022-06-15", "115": "2022-06-16", "116": "2022-06-17", "117": "2022-06-21", "118": "2022-06-22", "119": "2022-06-23", "120": "2022-06-24", "121": "2022-06-27", "122": "2022-06-28", "123": "2022-06-29", "124": "2022-06-30", "125": "2022-07-01", "126": "2022-07-05", "127": "2022-07-06", "128": "2022-07-07", "129": "2022-07-08", "130": "2022-07-11", "131": "2022-07-12", "132": "2022-07-13", "133": "2022-07-14", "134": "2022-07-15", "135": "2022-07-18", "136": "2022-07-19", "137": "2022-07-20", "138": "2022-07-21", "139": "2022-07-22", "140": "2022-07-25", "141": "2022-07-26", "142": "2022-07-27", "143": "2022-07-28", "144": "2022-07-29", "145": "2022-08-01", "146": "2022-08-02", "147": "2022-08-03", "148": "2022-08-04", "149": "2022-08-05", "150": "2022-08-08", "151": "2022-08-09", "152": "2022-08-10", "153": "2022-08-11", "154": "2022-08-12", "155": "2022-08-15", "156": "2022-08-16", "157": "2022-08-17", "158": "2022-08-18", "159": "2022-08-19", "160": "2022-08-22", "161": "2022-08-23", "162": "2022-08-24", "163": "2022-08-25", "164": "2022-08-26", "165": "2022-08-29", "166": "2022-08-30", "167": "2022-08-31", "168": "2022-09-01", "169": "2022-09-02", "170": "2022-09-06", "171": "2022-09-07", "172": "2022-09-08", "173": "2022-09-09", "174": "2022-09-12", "175": "2022-09-13", "176": "2022-09-14", "177": "2022-09-15", "178": "2022-09-16", "179": "2022-09-19", "180": "2022-09-20", "181": "2022-09-21", "182": "2022-09-22", "183": "2022-09-23", "184": "2022-09-26", "185": "2022-09-27", "186": "2022-09-28", "187": "2022-09-29", "188": "2022-09-30", "189": "2022-10-03", "190": "2022-10-04", "191": "2022-10-05", "192": "2022-10-06", "193": "2022-10-07", "194": "2022-10-10", "195": "2022-10-11", "196": "2022-10-12", "197": "2022-10-13", "198": "2022-10-14", "199": "2022-10-17", "200": "2022-10-18", "201": "2022-10-19", "202": "2022-10-20", "203": "2022-10-21", "204": "2022-10-24", "205": "2022-10-25", "206": "2022-10-26", "207": "2022-10-27", "208": "2022-10-28", "209": "2022-10-31", "210": "2022-11-01", "211": "2022-11-02", "212": "2022-11-03", "213": "2022-11-04", "214": "2022-11-07", "215": "2022-11-08", "216": "2022-11-09", "217": "2022-11-10", "218": "2022-11-11", "219": "2022-11-14", "220": "2022-11-15", "221": "2022-11-16", "222": "2022-11-17", "223": "2022-11-18", "224": "2022-11-21", "225": "2022-11-22", "226": "2022-11-23", "227": "2022-11-25", "228": "2022-11-28", "229": "2022-11-29", "230": "2022-11-30", "231": "2022-12-01", "232": "2022-12-02", "233": "2022-12-05", "234": "2022-12-06", "235": "2022-12-07", "236": "2022-12-08", "237": "2022-12-09", "238": "2022-12-12", "239": "2022-12-13", "240": "2022-12-14", "241": "2022-12-15", "242": "2022-12-16", "243": "2022-12-19", "244": "2022-12-20", "245": "2022-12-21", "246": "2022-12-22", "247": "2022-12-23", "248": "2022-12-27", "249": "2022-12-28", "250": "2022-12-29", "251": "2022-12-30", "252": "2023-01-03", "253": "2023-01-04", "254": "2023-01-05", "255": "2023-01-06", "256": "2023-01-09", "257": "2023-01-10", "258": "2023-01-11", "259": "2023-01-12", "260": "2023-01-13", "261": "2023-01-17", "262": "2023-01-18", "263": "2023-01-19", "264": "2023-01-20", "265": "2023-01-23", "266": "2023-01-24", "267": "2023-01-25", "268": "2023-01-26", "269": "2023-01-27", "270": "2023-01-30", "271": "2023-01-31", "272": "2023-02-01", "273": "2023-02-02", "274": "2023-02-03", "275": "2023-02-06", "276": "2023-02-07", "277": "2023-02-08", "278": "2023-02-09", "279": "2023-02-10", "280": "2023-02-13", "281": "2023-02-14", "282": "2023-02-15", "283": "2023-02-16", "284": "2023-02-17", "285": "2023-02-21", "286": "2023-02-22", "287": "2023-02-23", "288": "2023-02-24", "289": "2023-02-27", "290": "2023-02-28", "291": "2023-03-01", "292": "2023-03-02", "293": "2023-03-03", "294": "2023-03-06", "295": "2023-03-07", "296": "2023-03-08", "297": "2023-03-09", "298": "2023-03-10", "299": "2023-03-13", "300": "2023-03-14", "301": "2023-03-15", "302": "2023-03-16", "303": "2023-03-17", "304": "2023-03-20", "305": "2023-03-21", "306": "2023-03-22", "307": "2023-03-23", "308": "2023-03-24", "309": "2023-03-27", "310": "2023-03-28", "311": "2023-03-29", "312": "2023-03-30", "313": "2023-03-31", "314": "2023-04-03", "315": "2023-04-04", "316": "2023-04-05", "317": "2023-04-06", "318": "2023-04-10", "319": "2023-04-11", "320": "2023-04-12", "321": "2023-04-13", "322": "2023-04-14", "323": "2023-04-17", "324": "2023-04-18", "325": "2023-04-19", "326": "2023-04-20", "327": "2023-04-21", "328": "2023-04-24", "329": "2023-04-25", "330": "2023-04-26", "331": "2023-04-27", "332": "2023-04-28", "333": "2023-05-01", "334": "2023-05-02", "335": "2023-05-03", "336": "2023-05-04", "337": "2023-05-05", "338": "2023-05-08", "339": "2023-05-09", "340": "2023-05-10", "341": "2023-05-11", "342": "2023-05-12", "343": "2023-05-15", "344": "2023-05-16", "345": "2023-05-17", "346": "2023-05-18", "347": "2023-05-19", "348": "2023-05-22", "349": "2023-05-23", "350": "2023-05-24", "351": "2023-05-25", "352": "2023-05-26", "353": "2023-05-30", "354": "2023-05-31", "355": "2023-06-01", "356": "2023-06-02", "357": "2023-06-05", "358": "2023-06-06", "359": "2023-06-07", "360": "2023-06-08", "361": "2023-06-09", "362": "2023-06-12", "363": "2023-06-13", "364": "2023-06-14", "365": "2023-06-15", "366": "2023-06-16", "367": "2023-06-20", "368": "2023-06-21", "369": "2023-06-22", "370": "2023-06-23", "371": "2023-06-26", "372": "2023-06-27", "373": "2023-06-28", "374": "2023-06-29"}, "open": {"0": 9.829999923706055, "1": 4.090000152587891, "2": 9.836999893188477, "3": 9.899999618530273, "4": 9.84000015258789, "5": 9.859999656677246, "6": 10.0, "7": 9.880000114440918, "8": 9.859999656677246, "9": 10.029999732971191, "10": 9.84000015258789, "11": 9.899999618530273, "12": 9.84000015258789, "13": 9.989999771118164, "14": 9.859999656677246, "15": 9.869999885559082, "16": 9.84000015258789, "17": 9.84000015258789, "18": 9.84000015258789, "19": 9.869999885559082, "20": 9.84000015258789, "21": 9.869999885559082, "22": 9.84000015258789, "23": 9.869999885559082, "24": 9.869999885559082, "25": 9.869999885559082, "26": 9.869999885559082, "27": 9.850000381469727, "28": 9.850000381469727, "29": 9.875, "30": 9.875, "31": 9.875, "32": 9.857999801635742, "33": 9.857999801635742, "34": 9.857999801635742, "35": 9.850000381469727, "36": 9.850000381469727, "37": 9.84000015258789, "38": 9.850000381469727, "39": 9.880000114440918, "40": 9.84000015258789, "41": 9.869999885559082, "42": 9.880000114440918, "43": 9.869999885559082, "44": 9.880000114440918, "45": 9.859999656677246, "46": 9.869999885559082, "47": 9.890000343322754, "48": 9.949999809265137, "49": 9.890000343322754, "50": 9.880000114440918, "51": 9.859999656677246, "52": 9.868000030517578, "53": 9.890000343322754, "54": 9.885000228881836, "55": 9.883999824523926, "56": 9.869999885559082, "57": 9.899999618530273, "58": 9.899999618530273, "59": 9.899999618530273, "60": 9.920000076293945, "61": 9.920000076293945, "62": 9.925000190734863, "63": 9.949999809265137, "64": 9.930000305175781, "65": 9.949999809265137, "66": 9.90999984741211, "67": 9.960000038146973, "68": 9.960000038146973, "69": 9.920000076293945, "70": 9.960000038146973, "71": 9.960000038146973, "72": 9.970000267028809, "73": 9.979999542236328, "74": 9.970000267028809, "75": 9.949999809265137, "76": 9.951000213623047, "77": 9.930000305175781, "78": 9.949999809265137, "79": 9.949999809265137, "80": 9.960000038146973, "81": 9.949999809265137, "82": 9.949999809265137, "83": 9.970000267028809, "84": 10.0, "85": 10.0, "86": 9.970000267028809, "87": 10.0, "88": 9.949999809265137, "89": 9.979999542236328, "90": 9.930000305175781, "91": 9.920000076293945, "92": 9.9399995803833, "93": 9.9399995803833, "94": 9.960000038146973, "95": 9.949999809265137, "96": 9.949999809265137, "97": 9.899999618530273, "98": 9.960000038146973, "99": 9.920000076293945, "100": 9.90999984741211, "101": 9.920000076293945, "102": 9.960000038146973, "103": 9.930000305175781, "104": 9.930000305175781, "105": 9.930000305175781, "106": 9.9399995803833, "107": 9.970000267028809, "108": 9.970000267028809, "109": 9.930000305175781, "110": 9.930000305175781, "111": 9.9399995803833, "112": 9.9399995803833, "113": 9.9399995803833, "114": 9.9399995803833, "115": 9.930000305175781, "116": 9.970000267028809, "117": 9.9399995803833, "118": 9.920000076293945, "119": 9.930000305175781, "120": 9.930000305175781, "121": 9.930000305175781, "122": 9.960000038146973, "123": 9.934000015258789, "124": 9.920000076293945, "125": 9.920000076293945, "126": 9.920000076293945, "127": 9.949999809265137, "128": 9.960000038146973, "129": 9.925000190734863, "130": 9.925000190734863, "131": 9.9399995803833, "132": 9.9399995803833, "133": 9.9399995803833, "134": 9.970000267028809, "135": 9.989999771118164, "136": 9.960000038146973, "137": 9.970000267028809, "138": 10.010000228881836, "139": 9.989999771118164, "140": 9.96500015258789, "141": 9.970000267028809, "142": 9.979999542236328, "143": 9.994999885559082, "144": 10.0, "145": 9.979999542236328, "146": 9.989999771118164, "147": 10.010000228881836, "148": 10.010000228881836, "149": 10.005000114440918, "150": 10.005000114440918, "151": 10.0, "152": 10.0, "153": 10.020000457763672, "154": 10.020000457763672, "155": 10.029999732971191, "156": 10.020000457763672, "157": 10.020000457763672, "158": 10.020000457763672, "159": 10.020000457763672, "160": 10.0600004196167, "161": 10.015000343322754, "162": 10.020000457763672, "163": 10.029999732971191, "164": 10.029999732971191, "165": 10.097000122070312, "166": 10.029999732971191, "167": 10.029999732971191, "168": 10.029999732971191, "169": 10.0, "170": 9.979999542236328, "171": 9.979999542236328, "172": 10.079999923706055, "173": 10.079999923706055, "174": 10.079999923706055, "175": 10.039999961853027, "176": 10.039999961853027, "177": 10.029999732971191, "178": 10.039999961853027, "179": 10.03499984741211, "180": 10.039999961853027, "181": 10.050000190734863, "182": 10.050000190734863, "183": 10.069999694824219, "184": 9.989999771118164, "185": 10.100000381469727, "186": 10.100000381469727, "187": 10.069999694824219, "188": 10.079999923706055, "189": 10.079999923706055, "190": 10.097000122070312, "191": 10.0, "192": 10.09000015258789, "193": 10.0600004196167, "194": 10.069999694824219, "195": 10.050000190734863, "196": 10.050000190734863, "197": 10.0600004196167, "198": 10.09000015258789, "199": 10.09000015258789, "200": 10.09000015258789, "201": 10.079999923706055, "202": 10.095000267028809, "203": 10.100000381469727, "204": 10.100000381469727, "205": 10.100000381469727, "206": 10.180000305175781, "207": 10.100000381469727, "208": 10.130000114440918, "209": 10.130000114440918, "210": 10.149999618530273, "211": 10.130000114440918, "212": 10.130000114440918, "213": 10.140000343322754, "214": 10.149999618530273, "215": 10.15999984741211, "216": 10.140000343322754, "217": 10.154000282287598, "218": 10.109999656677246, "219": 10.119999885559082, "220": 10.109999656677246, "221": 10.119999885559082, "222": 10.130000114440918, "223": 10.131999969482422, "224": 10.170000076293945, "225": 10.170000076293945, "226": 10.180000305175781, "227": 10.180000305175781, "228": 10.229999542236328, "229": 10.199999809265137, "230": 10.180000305175781, "231": 10.180000305175781, "232": 10.210000038146973, "233": 10.210000038146973, "234": 10.210000038146973, "235": 10.199999809265137, "236": 10.199999809265137, "237": 10.204999923706055, "238": 10.210000038146973, "239": 10.210000038146973, "240": 10.220000267028809, "241": 10.210000038146973, "242": 10.220000267028809, "243": 10.279999732971191, "244": 10.265000343322754, "245": 10.229999542236328, "246": 10.270000457763672, "247": 10.270000457763672, "248": 10.255000114440918, "249": 10.239999771118164, "250": 10.239999771118164, "251": 10.239999771118164, "252": 10.289999961853027, "253": 10.28499984741211, "254": 10.270000457763672, "255": 10.319999694824219, "256": 10.295000076293945, "257": 10.307999610900879, "258": 10.319999694824219, "259": 10.270000457763672, "260": 10.321999549865723, "261": 10.5, "262": 10.319999694824219, "263": 10.300000190734863, "264": 10.3100004196167, "265": 10.3100004196167, "266": 10.300000190734863, "267": 10.1899995803833, "268": 10.1899995803833, "269": 10.170000076293945, "270": 10.609999656677246, "271": 10.649999618530273, "272": 10.350000381469727, "273": 10.550000190734863, "274": 10.609999656677246, "275": 10.930000305175781, "276": 10.449999809265137, "277": 10.260000228881836, "278": 10.289999961853027, "279": 10.220000267028809, "280": 10.220000267028809, "281": 10.220000267028809, "282": 10.220000267028809, "283": 10.229999542236328, "284": 10.229999542236328, "285": 10.210000038146973, "286": 10.239999771118164, "287": 10.25, "288": 10.25, "289": 10.25, "290": 10.25, "291": 10.220000267028809, "292": 10.25, "293": 10.300000190734863, "294": 10.5, "295": 10.300000190734863, "296": 10.25, "297": 10.25, "298": 10.25, "299": 10.25, "300": 10.25, "301": 10.25, "302": 10.25, "303": 10.25, "304": 10.25, "305": 10.25, "306": 10.25, "307": 10.25, "308": 10.25, "309": 10.260000228881836, "310": 10.260000228881836, "311": 10.289999961853027, "312": 10.300000190734863, "313": 10.270000457763672, "314": 10.270000457763672, "315": 10.270000457763672, "316": 10.270000457763672, "317": 10.319999694824219, "318": 10.350000381469727, "319": 10.350000381469727, "320": 10.300000190734863, "321": 10.300000190734863, "322": 10.300000190734863, "323": 10.300000190734863, "324": 10.300000190734863, "325": 10.300000190734863, "326": 10.300000190734863, "327": 10.359999656677246, "328": 10.3100004196167, "329": 10.350000381469727, "330": 10.399999618530273, "331": 10.399999618530273, "332": 10.399999618530273, "333": 10.399999618530273, "334": 10.399999618530273, "335": 10.399999618530273, "336": 10.399999618530273, "337": 10.399999618530273, "338": 10.399999618530273, "339": 10.369999885559082, "340": 10.369999885559082, "341": 10.390000343322754, "342": 10.390000343322754, "343": 10.390000343322754, "344": 10.399999618530273, "345": 10.399999618530273, "346": 10.399999618530273, "347": 10.430000305175781, "348": 10.5, "349": 10.5, "350": 10.5, "351": 10.5, "352": 10.5, "353": 10.5, "354": 10.5, "355": 10.5, "356": 10.510000228881836, "357": 10.649999618530273, "358": 10.649999618530273, "359": 10.649999618530273, "360": 10.649999618530273, "361": 10.649999618530273, "362": 10.649999618530273, "363": 10.649999618530273, "364": 10.649999618530273, "365": 10.649999618530273, "366": 10.649999618530273, "367": 10.460000038146973, "368": 10.640000343322754, "369": 10.640000343322754, "370": 10.640000343322754, "371": 10.640000343322754, "372": 10.640000343322754, "373": 10.640000343322754, "374": 10.649999618530273}, "high": {"0": 9.829999923706055, "1": 10.329999923706055, "2": 9.883000373840332, "3": 9.930000305175781, "4": 9.869999885559082, "5": 9.920000076293945, "6": 10.0, "7": 10.579999923706055, "8": 9.899999618530273, "9": 10.029999732971191, "10": 9.869999885559082, "11": 9.899999618530273, "12": 9.880000114440918, "13": 9.989999771118164, "14": 9.869999885559082, "15": 9.869999885559082, "16": 9.869999885559082, "17": 9.84000015258789, "18": 9.854999542236328, "19": 9.869999885559082, "20": 9.869999885559082, "21": 9.880000114440918, "22": 9.869999885559082, "23": 9.869999885559082, "24": 9.869999885559082, "25": 9.869999885559082, "26": 9.869999885559082, "27": 9.850000381469727, "28": 9.875, "29": 9.875, "30": 9.875, "31": 9.875, "32": 9.857999801635742, "33": 9.857999801635742, "34": 9.857999801635742, "35": 9.850000381469727, "36": 9.850000381469727, "37": 9.880000114440918, "38": 9.850000381469727, "39": 9.880000114440918, "40": 9.880000114440918, "41": 9.869999885559082, "42": 9.880000114440918, "43": 9.869999885559082, "44": 9.880000114440918, "45": 9.880000114440918, "46": 9.918000221252441, "47": 9.890000343322754, "48": 9.949999809265137, "49": 9.890000343322754, "50": 9.880000114440918, "51": 9.880000114440918, "52": 9.92300033569336, "53": 9.890000343322754, "54": 9.899999618530273, "55": 9.920000076293945, "56": 9.869999885559082, "57": 9.899999618530273, "58": 9.899999618530273, "59": 9.920000076293945, "60": 9.920000076293945, "61": 9.920000076293945, "62": 9.930000305175781, "63": 9.949999809265137, "64": 9.930000305175781, "65": 9.949999809265137, "66": 9.9399995803833, "67": 9.960000038146973, "68": 9.960000038146973, "69": 9.920000076293945, "70": 9.960000038146973, "71": 9.960000038146973, "72": 9.970000267028809, "73": 9.979999542236328, "74": 9.970000267028809, "75": 9.949999809265137, "76": 9.951000213623047, "77": 9.970000267028809, "78": 9.949999809265137, "79": 9.949999809265137, "80": 9.960000038146973, "81": 9.949999809265137, "82": 9.949999809265137, "83": 9.970000267028809, "84": 10.0, "85": 10.0, "86": 9.970000267028809, "87": 10.0, "88": 9.954999923706055, "89": 9.979999542236328, "90": 9.979999542236328, "91": 9.970000267028809, "92": 9.9399995803833, "93": 9.949999809265137, "94": 9.960000038146973, "95": 9.949999809265137, "96": 9.949999809265137, "97": 9.960000038146973, "98": 9.960000038146973, "99": 9.920000076293945, "100": 9.9399995803833, "101": 9.920000076293945, "102": 9.970000267028809, "103": 9.930000305175781, "104": 9.9399995803833, "105": 9.9399995803833, "106": 9.9399995803833, "107": 9.970000267028809, "108": 9.970000267028809, "109": 9.9399995803833, "110": 9.970000267028809, "111": 9.9399995803833, "112": 9.9399995803833, "113": 9.9399995803833, "114": 9.9399995803833, "115": 9.970000267028809, "116": 9.970000267028809, "117": 9.9399995803833, "118": 9.920000076293945, "119": 9.930000305175781, "120": 9.930000305175781, "121": 9.930000305175781, "122": 9.960000038146973, "123": 9.934000015258789, "124": 9.920000076293945, "125": 9.920000076293945, "126": 9.944999694824219, "127": 9.949999809265137, "128": 9.960000038146973, "129": 9.925000190734863, "130": 9.925000190734863, "131": 9.9399995803833, "132": 9.9399995803833, "133": 9.9399995803833, "134": 9.970000267028809, "135": 9.989999771118164, "136": 9.960000038146973, "137": 9.975000381469727, "138": 10.010000228881836, "139": 9.989999771118164, "140": 9.979999542236328, "141": 10.0, "142": 9.994999885559082, "143": 9.994999885559082, "144": 10.0, "145": 9.989999771118164, "146": 9.989999771118164, "147": 10.010000228881836, "148": 10.010000228881836, "149": 10.010000228881836, "150": 10.024999618530273, "151": 10.0, "152": 10.0, "153": 10.020000457763672, "154": 10.029999732971191, "155": 10.029999732971191, "156": 10.029999732971191, "157": 10.029999732971191, "158": 10.020000457763672, "159": 10.029999732971191, "160": 10.0600004196167, "161": 10.029999732971191, "162": 10.020000457763672, "163": 10.029999732971191, "164": 10.029999732971191, "165": 10.097000122070312, "166": 10.029999732971191, "167": 10.029999732971191, "168": 10.029999732971191, "169": 10.024999618530273, "170": 9.979999542236328, "171": 9.979999542236328, "172": 10.079999923706055, "173": 10.079999923706055, "174": 10.079999923706055, "175": 10.039999961853027, "176": 10.039999961853027, "177": 10.039999961853027, "178": 10.039999961853027, "179": 10.039999961853027, "180": 10.050000190734863, "181": 10.0600004196167, "182": 10.0600004196167, "183": 10.069999694824219, "184": 10.0600004196167, "185": 10.100000381469727, "186": 10.100000381469727, "187": 10.09000015258789, "188": 10.079999923706055, "189": 10.079999923706055, "190": 10.097000122070312, "191": 10.0, "192": 10.09000015258789, "193": 10.0600004196167, "194": 10.069999694824219, "195": 10.050000190734863, "196": 10.050000190734863, "197": 10.0600004196167, "198": 10.09000015258789, "199": 10.09000015258789, "200": 10.09000015258789, "201": 10.079999923706055, "202": 10.100000381469727, "203": 10.104999542236328, "204": 10.100000381469727, "205": 10.100000381469727, "206": 10.180000305175781, "207": 10.100000381469727, "208": 10.130000114440918, "209": 10.130000114440918, "210": 10.149999618530273, "211": 10.130000114440918, "212": 10.130000114440918, "213": 10.140000343322754, "214": 10.149999618530273, "215": 10.15999984741211, "216": 10.140000343322754, "217": 10.159000396728516, "218": 10.109999656677246, "219": 10.119999885559082, "220": 10.109999656677246, "221": 10.149999618530273, "222": 10.130000114440918, "223": 10.15999984741211, "224": 10.170000076293945, "225": 10.170000076293945, "226": 10.180000305175781, "227": 10.180000305175781, "228": 10.229999542236328, "229": 10.199999809265137, "230": 10.199999809265137, "231": 10.199999809265137, "232": 10.220000267028809, "233": 10.210000038146973, "234": 10.210000038146973, "235": 10.199999809265137, "236": 10.199999809265137, "237": 10.210000038146973, "238": 10.210000038146973, "239": 10.210000038146973, "240": 10.220000267028809, "241": 10.225000381469727, "242": 10.234999656677246, "243": 10.279999732971191, "244": 10.265000343322754, "245": 10.229999542236328, "246": 10.270000457763672, "247": 10.270000457763672, "248": 10.255000114440918, "249": 10.260000228881836, "250": 10.25, "251": 10.239999771118164, "252": 10.289999961853027, "253": 10.28499984741211, "254": 10.319999694824219, "255": 10.699999809265137, "256": 10.319999694824219, "257": 10.307999610900879, "258": 10.329999923706055, "259": 10.270000457763672, "260": 10.350000381469727, "261": 10.5, "262": 10.350000381469727, "263": 10.3100004196167, "264": 10.3100004196167, "265": 10.3100004196167, "266": 10.300000190734863, "267": 10.239999771118164, "268": 10.1899995803833, "269": 10.170000076293945, "270": 11.399999618530273, "271": 12.800000190734863, "272": 11.899999618530273, "273": 11.640000343322754, "274": 10.819999694824219, "275": 10.930000305175781, "276": 10.600000381469727, "277": 10.300000190734863, "278": 10.300000190734863, "279": 10.220000267028809, "280": 10.220000267028809, "281": 10.220000267028809, "282": 10.220000267028809, "283": 10.229999542236328, "284": 10.229999542236328, "285": 10.210000038146973, "286": 10.25, "287": 10.25, "288": 10.25, "289": 10.25, "290": 10.25, "291": 10.220000267028809, "292": 10.25, "293": 10.300000190734863, "294": 10.5, "295": 10.300000190734863, "296": 10.25, "297": 10.25, "298": 10.25, "299": 10.25, "300": 10.25, "301": 10.25, "302": 10.25, "303": 10.25, "304": 10.25, "305": 10.25, "306": 10.25, "307": 10.25, "308": 10.25, "309": 10.260000228881836, "310": 10.260000228881836, "311": 10.300000190734863, "312": 10.300000190734863, "313": 10.270000457763672, "314": 10.270000457763672, "315": 10.270000457763672, "316": 10.270000457763672, "317": 10.319999694824219, "318": 10.350000381469727, "319": 10.354999542236328, "320": 10.300000190734863, "321": 10.300000190734863, "322": 10.300000190734863, "323": 10.300000190734863, "324": 10.300000190734863, "325": 10.300000190734863, "326": 10.300000190734863, "327": 10.359999656677246, "328": 10.350000381469727, "329": 10.350000381469727, "330": 10.399999618530273, "331": 10.399999618530273, "332": 10.399999618530273, "333": 10.399999618530273, "334": 10.399999618530273, "335": 10.399999618530273, "336": 10.399999618530273, "337": 10.399999618530273, "338": 10.399999618530273, "339": 10.390000343322754, "340": 10.390000343322754, "341": 10.390000343322754, "342": 10.399999618530273, "343": 10.390000343322754, "344": 10.399999618530273, "345": 10.399999618530273, "346": 10.399999618530273, "347": 10.5, "348": 10.5, "349": 10.5, "350": 10.5, "351": 10.5, "352": 10.5, "353": 10.5, "354": 10.5, "355": 10.5, "356": 10.649999618530273, "357": 10.649999618530273, "358": 10.649999618530273, "359": 10.649999618530273, "360": 10.649999618530273, "361": 10.649999618530273, "362": 10.649999618530273, "363": 10.649999618530273, "364": 10.649999618530273, "365": 10.649999618530273, "366": 10.649999618530273, "367": 10.645000457763672, "368": 10.640000343322754, "369": 10.640000343322754, "370": 10.640000343322754, "371": 10.640000343322754, "372": 10.645000457763672, "373": 10.649999618530273, "374": 10.649999618530273}, "low": {"0": 9.829999923706055, "1": 4.090000152587891, "2": 9.819999694824219, "3": 9.84000015258789, "4": 9.84000015258789, "5": 9.850000381469727, "6": 9.869999885559082, "7": 9.869999885559082, "8": 9.859999656677246, "9": 9.859999656677246, "10": 9.84000015258789, "11": 9.84000015258789, "12": 9.84000015258789, "13": 9.819999694824219, "14": 9.789999961853027, "15": 9.869999885559082, "16": 9.84000015258789, "17": 9.84000015258789, "18": 9.84000015258789, "19": 9.869999885559082, "20": 9.84000015258789, "21": 9.84000015258789, "22": 9.84000015258789, "23": 9.869999885559082, "24": 9.869999885559082, "25": 9.869999885559082, "26": 9.869999885559082, "27": 9.850000381469727, "28": 9.84000015258789, "29": 9.875, "30": 9.875, "31": 9.875, "32": 9.843000411987305, "33": 9.857999801635742, "34": 9.857999801635742, "35": 9.850000381469727, "36": 9.850000381469727, "37": 9.84000015258789, "38": 9.850000381469727, "39": 9.880000114440918, "40": 9.84000015258789, "41": 9.869999885559082, "42": 9.880000114440918, "43": 9.869999885559082, "44": 9.859999656677246, "45": 9.854999542236328, "46": 9.869999885559082, "47": 9.890000343322754, "48": 9.890000343322754, "49": 9.869999885559082, "50": 9.859999656677246, "51": 9.850000381469727, "52": 9.859999656677246, "53": 9.890000343322754, "54": 9.869999885559082, "55": 9.869999885559082, "56": 9.869999885559082, "57": 9.899999618530273, "58": 9.899999618530273, "59": 9.899999618530273, "60": 9.920000076293945, "61": 9.920000076293945, "62": 9.925000190734863, "63": 9.920000076293945, "64": 9.930000305175781, "65": 9.949999809265137, "66": 9.90999984741211, "67": 9.960000038146973, "68": 9.960000038146973, "69": 9.920000076293945, "70": 9.91100025177002, "71": 9.9350004196167, "72": 9.970000267028809, "73": 9.9399995803833, "74": 9.949999809265137, "75": 9.949999809265137, "76": 9.949999809265137, "77": 9.930000305175781, "78": 9.949999809265137, "79": 9.949999809265137, "80": 9.960000038146973, "81": 9.949999809265137, "82": 9.949999809265137, "83": 9.970000267028809, "84": 9.979999542236328, "85": 10.0, "86": 9.970000267028809, "87": 9.960000038146973, "88": 9.949999809265137, "89": 9.9399995803833, "90": 9.930000305175781, "91": 9.920000076293945, "92": 9.930000305175781, "93": 9.9399995803833, "94": 9.960000038146973, "95": 9.949999809265137, "96": 9.949999809265137, "97": 9.899999618530273, "98": 9.960000038146973, "99": 9.899999618530273, "100": 9.90999984741211, "101": 9.920000076293945, "102": 9.899999618530273, "103": 9.920000076293945, "104": 9.930000305175781, "105": 9.920000076293945, "106": 9.9399995803833, "107": 9.970000267028809, "108": 9.937999725341797, "109": 9.920000076293945, "110": 9.930000305175781, "111": 9.9399995803833, "112": 9.920000076293945, "113": 9.930000305175781, "114": 9.925000190734863, "115": 9.930000305175781, "116": 9.970000267028809, "117": 9.920000076293945, "118": 9.920000076293945, "119": 9.930000305175781, "120": 9.930000305175781, "121": 9.930000305175781, "122": 9.920000076293945, "123": 9.934000015258789, "124": 9.920000076293945, "125": 9.920000076293945, "126": 9.920000076293945, "127": 9.949999809265137, "128": 9.925000190734863, "129": 9.925000190734863, "130": 9.925000190734863, "131": 9.9399995803833, "132": 9.9399995803833, "133": 9.9399995803833, "134": 9.970000267028809, "135": 9.9399995803833, "136": 9.9399995803833, "137": 9.970000267028809, "138": 9.989999771118164, "139": 9.989999771118164, "140": 9.954999923706055, "141": 9.960000038146973, "142": 9.970000267028809, "143": 9.994999885559082, "144": 9.989999771118164, "145": 9.970000267028809, "146": 9.989999771118164, "147": 9.979999542236328, "148": 10.010000228881836, "149": 10.0, "150": 10.005000114440918, "151": 10.0, "152": 10.0, "153": 10.0, "154": 10.015000343322754, "155": 10.020000457763672, "156": 10.020000457763672, "157": 9.994999885559082, "158": 10.0, "159": 10.015000343322754, "160": 10.010000228881836, "161": 10.010000228881836, "162": 10.020000457763672, "163": 10.029999732971191, "164": 10.029999732971191, "165": 10.029999732971191, "166": 10.029999732971191, "167": 10.029999732971191, "168": 10.0, "169": 9.979999542236328, "170": 9.979999542236328, "171": 9.979999542236328, "172": 10.079999923706055, "173": 10.079999923706055, "174": 10.079999923706055, "175": 10.020000457763672, "176": 10.029999732971191, "177": 10.029999732971191, "178": 10.039999961853027, "179": 10.03499984741211, "180": 10.039999961853027, "181": 10.050000190734863, "182": 10.050000190734863, "183": 10.069999694824219, "184": 9.989999771118164, "185": 10.029999732971191, "186": 10.039999961853027, "187": 10.069999694824219, "188": 10.079999923706055, "189": 10.079999923706055, "190": 10.097000122070312, "191": 10.0, "192": 10.0600004196167, "193": 10.0600004196167, "194": 10.0600004196167, "195": 10.050000190734863, "196": 10.050000190734863, "197": 10.0600004196167, "198": 10.005000114440918, "199": 10.050000190734863, "200": 10.069999694824219, "201": 10.079999923706055, "202": 10.095000267028809, "203": 10.100000381469727, "204": 10.100000381469727, "205": 10.100000381469727, "206": 10.100000381469727, "207": 10.100000381469727, "208": 10.130000114440918, "209": 10.130000114440918, "210": 10.130000114440918, "211": 10.130000114440918, "212": 10.130000114440918, "213": 10.140000343322754, "214": 10.149999618530273, "215": 10.140000343322754, "216": 10.140000343322754, "217": 10.119999885559082, "218": 10.109999656677246, "219": 10.109999656677246, "220": 10.109999656677246, "221": 10.119999885559082, "222": 10.130000114440918, "223": 10.130000114440918, "224": 10.170000076293945, "225": 10.170000076293945, "226": 10.180000305175781, "227": 10.180000305175781, "228": 10.199999809265137, "229": 10.199999809265137, "230": 10.180000305175781, "231": 10.180000305175781, "232": 10.210000038146973, "233": 10.210000038146973, "234": 10.210000038146973, "235": 10.199999809265137, "236": 10.199999809265137, "237": 10.199999809265137, "238": 10.210000038146973, "239": 10.210000038146973, "240": 10.220000267028809, "241": 10.210000038146973, "242": 10.220000267028809, "243": 10.260000228881836, "244": 10.265000343322754, "245": 10.229999542236328, "246": 10.270000457763672, "247": 10.270000457763672, "248": 10.229999542236328, "249": 10.239999771118164, "250": 10.239999771118164, "251": 10.239999771118164, "252": 10.260000228881836, "253": 10.270000457763672, "254": 10.270000457763672, "255": 10.300000190734863, "256": 10.295000076293945, "257": 10.300000190734863, "258": 10.260000228881836, "259": 10.270000457763672, "260": 10.321999549865723, "261": 10.3100004196167, "262": 10.300000190734863, "263": 10.300000190734863, "264": 10.289999961853027, "265": 10.289999961853027, "266": 10.300000190734863, "267": 10.180000305175781, "268": 10.170000076293945, "269": 10.170000076293945, "270": 10.220000267028809, "271": 10.350000381469727, "272": 10.350000381469727, "273": 10.399999618530273, "274": 10.199999809265137, "275": 10.170000076293945, "276": 10.300000190734863, "277": 10.260000228881836, "278": 10.220000267028809, "279": 10.220000267028809, "280": 10.220000267028809, "281": 10.220000267028809, "282": 10.220000267028809, "283": 10.229999542236328, "284": 10.229999542236328, "285": 10.210000038146973, "286": 10.210000038146973, "287": 10.25, "288": 10.25, "289": 10.25, "290": 10.25, "291": 10.220000267028809, "292": 10.25, "293": 10.279999732971191, "294": 10.289999961853027, "295": 10.25, "296": 10.25, "297": 10.25, "298": 10.25, "299": 10.25, "300": 10.25, "301": 10.25, "302": 10.25, "303": 10.25, "304": 10.25, "305": 10.25, "306": 10.25, "307": 10.25, "308": 10.25, "309": 10.260000228881836, "310": 10.260000228881836, "311": 10.289999961853027, "312": 10.300000190734863, "313": 10.270000457763672, "314": 10.270000457763672, "315": 10.270000457763672, "316": 10.270000457763672, "317": 10.319999694824219, "318": 10.350000381469727, "319": 10.300000190734863, "320": 10.300000190734863, "321": 10.300000190734863, "322": 10.300000190734863, "323": 10.300000190734863, "324": 10.300000190734863, "325": 10.300000190734863, "326": 10.300000190734863, "327": 10.359999656677246, "328": 10.3100004196167, "329": 10.350000381469727, "330": 10.399999618530273, "331": 10.399999618530273, "332": 10.399999618530273, "333": 10.399999618530273, "334": 10.399999618530273, "335": 10.399999618530273, "336": 10.399999618530273, "337": 10.399999618530273, "338": 10.399999618530273, "339": 10.369999885559082, "340": 10.369999885559082, "341": 10.390000343322754, "342": 10.390000343322754, "343": 10.390000343322754, "344": 10.399999618530273, "345": 10.399999618530273, "346": 10.399999618530273, "347": 10.430000305175781, "348": 10.5, "349": 10.5, "350": 10.5, "351": 10.5, "352": 10.5, "353": 10.5, "354": 10.5, "355": 10.5, "356": 10.510000228881836, "357": 10.649999618530273, "358": 10.649999618530273, "359": 10.649999618530273, "360": 10.649999618530273, "361": 10.649999618530273, "362": 10.649999618530273, "363": 10.649999618530273, "364": 10.649999618530273, "365": 10.649999618530273, "366": 10.649999618530273, "367": 10.460000038146973, "368": 10.640000343322754, "369": 10.640000343322754, "370": 10.640000343322754, "371": 10.640000343322754, "372": 10.640000343322754, "373": 10.640000343322754, "374": 10.649999618530273}, "close": {"0": 9.829999923706055, "1": 9.850000381469727, "2": 9.842000007629395, "3": 9.864999771118164, "4": 9.84000015258789, "5": 9.920000076293945, "6": 9.880000114440918, "7": 9.890000343322754, "8": 9.899999618530273, "9": 9.859999656677246, "10": 9.850000381469727, "11": 9.84000015258789, "12": 9.880000114440918, "13": 9.859999656677246, "14": 9.869999885559082, "15": 9.869999885559082, "16": 9.84000015258789, "17": 9.84000015258789, "18": 9.84000015258789, "19": 9.869999885559082, "20": 9.859999656677246, "21": 9.84000015258789, "22": 9.869999885559082, "23": 9.869999885559082, "24": 9.869999885559082, "25": 9.869999885559082, "26": 9.869999885559082, "27": 9.850000381469727, "28": 9.875, "29": 9.875, "30": 9.875, "31": 9.875, "32": 9.850000381469727, "33": 9.857999801635742, "34": 9.857999801635742, "35": 9.850000381469727, "36": 9.850000381469727, "37": 9.850000381469727, "38": 9.850000381469727, "39": 9.880000114440918, "40": 9.869999885559082, "41": 9.869999885559082, "42": 9.880000114440918, "43": 9.869999885559082, "44": 9.880000114440918, "45": 9.869999885559082, "46": 9.890000343322754, "47": 9.890000343322754, "48": 9.890000343322754, "49": 9.869999885559082, "50": 9.880000114440918, "51": 9.880000114440918, "52": 9.890000343322754, "53": 9.890000343322754, "54": 9.869999885559082, "55": 9.914999961853027, "56": 9.869999885559082, "57": 9.899999618530273, "58": 9.899999618530273, "59": 9.920000076293945, "60": 9.920000076293945, "61": 9.920000076293945, "62": 9.930000305175781, "63": 9.930000305175781, "64": 9.930000305175781, "65": 9.949999809265137, "66": 9.932000160217285, "67": 9.960000038146973, "68": 9.960000038146973, "69": 9.920000076293945, "70": 9.949999809265137, "71": 9.9350004196167, "72": 9.970000267028809, "73": 9.970000267028809, "74": 9.949999809265137, "75": 9.949999809265137, "76": 9.949999809265137, "77": 9.970000267028809, "78": 9.949999809265137, "79": 9.949999809265137, "80": 9.960000038146973, "81": 9.949999809265137, "82": 9.949999809265137, "83": 9.970000267028809, "84": 10.0, "85": 10.0, "86": 9.970000267028809, "87": 9.960000038146973, "88": 9.949999809265137, "89": 9.9399995803833, "90": 9.954999923706055, "91": 9.960000038146973, "92": 9.930000305175781, "93": 9.949999809265137, "94": 9.960000038146973, "95": 9.949999809265137, "96": 9.949999809265137, "97": 9.9350004196167, "98": 9.960000038146973, "99": 9.899999618530273, "100": 9.930000305175781, "101": 9.920000076293945, "102": 9.899999618530273, "103": 9.920000076293945, "104": 9.9399995803833, "105": 9.9399995803833, "106": 9.9399995803833, "107": 9.970000267028809, "108": 9.970000267028809, "109": 9.920000076293945, "110": 9.970000267028809, "111": 9.9399995803833, "112": 9.9399995803833, "113": 9.9399995803833, "114": 9.930000305175781, "115": 9.970000267028809, "116": 9.970000267028809, "117": 9.920000076293945, "118": 9.920000076293945, "119": 9.930000305175781, "120": 9.930000305175781, "121": 9.930000305175781, "122": 9.920000076293945, "123": 9.934000015258789, "124": 9.920000076293945, "125": 9.920000076293945, "126": 9.930000305175781, "127": 9.949999809265137, "128": 9.925000190734863, "129": 9.925000190734863, "130": 9.925000190734863, "131": 9.9399995803833, "132": 9.9399995803833, "133": 9.9399995803833, "134": 9.970000267028809, "135": 9.944999694824219, "136": 9.9399995803833, "137": 9.975000381469727, "138": 9.989999771118164, "139": 9.989999771118164, "140": 9.970000267028809, "141": 10.0, "142": 9.970000267028809, "143": 9.994999885559082, "144": 9.996000289916992, "145": 9.989999771118164, "146": 9.989999771118164, "147": 9.989999771118164, "148": 10.010000228881836, "149": 10.010000228881836, "150": 10.020000457763672, "151": 10.0, "152": 10.0, "153": 10.010000228881836, "154": 10.029999732971191, "155": 10.020000457763672, "156": 10.020000457763672, "157": 9.994999885559082, "158": 10.0, "159": 10.020000457763672, "160": 10.020000457763672, "161": 10.029999732971191, "162": 10.020000457763672, "163": 10.029999732971191, "164": 10.029999732971191, "165": 10.029999732971191, "166": 10.029999732971191, "167": 10.029999732971191, "168": 10.0, "169": 9.979999542236328, "170": 9.979999542236328, "171": 9.979999542236328, "172": 10.079999923706055, "173": 10.079999923706055, "174": 10.079999923706055, "175": 10.039999961853027, "176": 10.029999732971191, "177": 10.039999961853027, "178": 10.039999961853027, "179": 10.039999961853027, "180": 10.050000190734863, "181": 10.0600004196167, "182": 10.0600004196167, "183": 10.069999694824219, "184": 10.0600004196167, "185": 10.069999694824219, "186": 10.069999694824219, "187": 10.079999923706055, "188": 10.079999923706055, "189": 10.079999923706055, "190": 10.097000122070312, "191": 10.0, "192": 10.0600004196167, "193": 10.0600004196167, "194": 10.0600004196167, "195": 10.050000190734863, "196": 10.050000190734863, "197": 10.0600004196167, "198": 10.050000190734863, "199": 10.050000190734863, "200": 10.069999694824219, "201": 10.079999923706055, "202": 10.100000381469727, "203": 10.100000381469727, "204": 10.100000381469727, "205": 10.100000381469727, "206": 10.100000381469727, "207": 10.100000381469727, "208": 10.130000114440918, "209": 10.130000114440918, "210": 10.130000114440918, "211": 10.130000114440918, "212": 10.130000114440918, "213": 10.140000343322754, "214": 10.149999618530273, "215": 10.140000343322754, "216": 10.140000343322754, "217": 10.149999618530273, "218": 10.109999656677246, "219": 10.109999656677246, "220": 10.109999656677246, "221": 10.130000114440918, "222": 10.130000114440918, "223": 10.154999732971191, "224": 10.170000076293945, "225": 10.170000076293945, "226": 10.180000305175781, "227": 10.180000305175781, "228": 10.199999809265137, "229": 10.199999809265137, "230": 10.199999809265137, "231": 10.199999809265137, "232": 10.220000267028809, "233": 10.210000038146973, "234": 10.210000038146973, "235": 10.199999809265137, "236": 10.199999809265137, "237": 10.210000038146973, "238": 10.210000038146973, "239": 10.210000038146973, "240": 10.220000267028809, "241": 10.225000381469727, "242": 10.229999542236328, "243": 10.265000343322754, "244": 10.265000343322754, "245": 10.229999542236328, "246": 10.270000457763672, "247": 10.270000457763672, "248": 10.239999771118164, "249": 10.239999771118164, "250": 10.239999771118164, "251": 10.239999771118164, "252": 10.270000457763672, "253": 10.274999618530273, "254": 10.3100004196167, "255": 10.3100004196167, "256": 10.319999694824219, "257": 10.300000190734863, "258": 10.279999732971191, "259": 10.270000457763672, "260": 10.350000381469727, "261": 10.399999618530273, "262": 10.300000190734863, "263": 10.305000305175781, "264": 10.289999961853027, "265": 10.289999961853027, "266": 10.300000190734863, "267": 10.229999542236328, "268": 10.170000076293945, "269": 10.170000076293945, "270": 10.270000457763672, "271": 10.470000267028809, "272": 11.0, "273": 11.0, "274": 10.359999656677246, "275": 10.211000442504883, "276": 10.369999885559082, "277": 10.270000457763672, "278": 10.220000267028809, "279": 10.220000267028809, "280": 10.220000267028809, "281": 10.220000267028809, "282": 10.220000267028809, "283": 10.229999542236328, "284": 10.229999542236328, "285": 10.210000038146973, "286": 10.25, "287": 10.25, "288": 10.25, "289": 10.25, "290": 10.25, "291": 10.220000267028809, "292": 10.25, "293": 10.279999732971191, "294": 10.289999961853027, "295": 10.25, "296": 10.25, "297": 10.25, "298": 10.25, "299": 10.25, "300": 10.25, "301": 10.25, "302": 10.25, "303": 10.25, "304": 10.25, "305": 10.25, "306": 10.25, "307": 10.25, "308": 10.25, "309": 10.260000228881836, "310": 10.260000228881836, "311": 10.300000190734863, "312": 10.300000190734863, "313": 10.270000457763672, "314": 10.270000457763672, "315": 10.270000457763672, "316": 10.270000457763672, "317": 10.319999694824219, "318": 10.350000381469727, "319": 10.300000190734863, "320": 10.300000190734863, "321": 10.300000190734863, "322": 10.300000190734863, "323": 10.300000190734863, "324": 10.300000190734863, "325": 10.300000190734863, "326": 10.300000190734863, "327": 10.359999656677246, "328": 10.350000381469727, "329": 10.350000381469727, "330": 10.399999618530273, "331": 10.399999618530273, "332": 10.399999618530273, "333": 10.399999618530273, "334": 10.399999618530273, "335": 10.399999618530273, "336": 10.399999618530273, "337": 10.399999618530273, "338": 10.399999618530273, "339": 10.380000114440918, "340": 10.390000343322754, "341": 10.390000343322754, "342": 10.390000343322754, "343": 10.390000343322754, "344": 10.399999618530273, "345": 10.399999618530273, "346": 10.399999618530273, "347": 10.5, "348": 10.5, "349": 10.5, "350": 10.5, "351": 10.5, "352": 10.5, "353": 10.5, "354": 10.5, "355": 10.5, "356": 10.649999618530273, "357": 10.649999618530273, "358": 10.649999618530273, "359": 10.649999618530273, "360": 10.649999618530273, "361": 10.649999618530273, "362": 10.649999618530273, "363": 10.649999618530273, "364": 10.649999618530273, "365": 10.649999618530273, "366": 10.649999618530273, "367": 10.640000343322754, "368": 10.640000343322754, "369": 10.640000343322754, "370": 10.640000343322754, "371": 10.640000343322754, "372": 10.645000457763672, "373": 10.649999618530273, "374": 10.649999618530273}, "volume": {"0": 100000, "1": 101500, "2": 10800, "3": 177200, "4": 48800, "5": 142200, "6": 458800, "7": 26500, "8": 1000, "9": 24100, "10": 165500, "11": 202800, "12": 4800, "13": 55600, "14": 60200, "15": 300, "16": 7000, "17": 26100, "18": 75800, "19": 200, "20": 104100, "21": 125800, "22": 700, "23": 400, "24": 0, "25": 0, "26": 0, "27": 200, "28": 17700, "29": 0, "30": 0, "31": 0, "32": 1400, "33": 200, "34": 0, "35": 2400, "36": 56300, "37": 102300, "38": 900, "39": 1100, "40": 43500, "41": 500, "42": 100, "43": 1100, "44": 159100, "45": 228100, "46": 195200, "47": 0, "48": 77800, "49": 8300, "50": 47800, "51": 168600, "52": 19600, "53": 0, "54": 5800, "55": 1700, "56": 400, "57": 400, "58": 100, "59": 13500, "60": 100, "61": 100, "62": 400, "63": 5800, "64": 300, "65": 3900, "66": 1400, "67": 200, "68": 0, "69": 3800, "70": 700, "71": 200, "72": 200, "73": 541600, "74": 1800, "75": 300, "76": 600800, "77": 6700, "78": 71100, "79": 0, "80": 200, "81": 200, "82": 0, "83": 13200, "84": 2000, "85": 0, "86": 100, "87": 114200, "88": 4000, "89": 21000, "90": 4000, "91": 6300, "92": 700, "93": 400, "94": 200, "95": 1800, "96": 0, "97": 1024800, "98": 200, "99": 35200, "100": 6100, "101": 400, "102": 4800, "103": 4000, "104": 30000, "105": 183200, "106": 0, "107": 400, "108": 1100, "109": 35800, "110": 1600, "111": 200, "112": 62700, "113": 69100, "114": 144900, "115": 1500, "116": 0, "117": 27700, "118": 500, "119": 900, "120": 200, "121": 0, "122": 26700, "123": 600, "124": 200, "125": 0, "126": 190500, "127": 400100, "128": 48400, "129": 0, "130": 0, "131": 300, "132": 0, "133": 100, "134": 2700, "135": 12400, "136": 116300, "137": 125200, "138": 170400, "139": 170000, "140": 94400, "141": 193400, "142": 1400, "143": 800, "144": 500, "145": 13100, "146": 1700, "147": 122000, "148": 9300, "149": 14200, "150": 102000, "151": 10700, "152": 900, "153": 48300, "154": 520200, "155": 26000, "156": 3600, "157": 631600, "158": 12300, "159": 40500, "160": 5200, "161": 11500, "162": 900, "163": 200, "164": 200, "165": 3600, "166": 0, "167": 0, "168": 15800, "169": 2600, "170": 0, "171": 0, "172": 200, "173": 0, "174": 0, "175": 5700, "176": 700, "177": 1100, "178": 1700, "179": 6300, "180": 6700, "181": 256600, "182": 1100, "183": 300, "184": 4900, "185": 6000, "186": 40500, "187": 20100, "188": 0, "189": 47400, "190": 300, "191": 900, "192": 15500, "193": 0, "194": 20000, "195": 2000, "196": 100, "197": 3600, "198": 507000, "199": 600, "200": 3500, "201": 100, "202": 14500, "203": 3500, "204": 0, "205": 200, "206": 500, "207": 0, "208": 1400, "209": 0, "210": 14800, "211": 0, "212": 0, "213": 600, "214": 50600, "215": 159300, "216": 0, "217": 5600, "218": 400, "219": 4100, "220": 100, "221": 785200, "222": 0, "223": 124500, "224": 4200, "225": 100, "226": 200, "227": 0, "228": 11500, "229": 0, "230": 3000, "231": 165400, "232": 1700, "233": 75100, "234": 75100, "235": 200, "236": 1900, "237": 10400, "238": 0, "239": 1000, "240": 200, "241": 5700, "242": 15900, "243": 2000, "244": 0, "245": 200, "246": 3000, "247": 0, "248": 27600, "249": 58400, "250": 1255500, "251": 200, "252": 6200, "253": 2900, "254": 5112900, "255": 947400, "256": 702300, "257": 6000, "258": 82400, "259": 200, "260": 1900, "261": 1500, "262": 4200, "263": 1000, "264": 500, "265": 2800, "266": 400, "267": 900, "268": 1000, "269": 0, "270": 21600, "271": 178200, "272": 98900, "273": 975000, "274": 26600, "275": 8100, "276": 1600, "277": 7900, "278": 9500, "279": 1100, "280": 6300, "281": 300, "282": 0, "283": 600, "284": 100, "285": 100, "286": 2200, "287": 0, "288": 0, "289": 0, "290": 0, "291": 1000, "292": 1000, "293": 2900, "294": 1900, "295": 4700, "296": 700, "297": 100, "298": 0, "299": 300, "300": 0, "301": 200200, "302": 375400, "303": 200, "304": 0, "305": 100, "306": 100, "307": 1500, "308": 0, "309": 5300, "310": 0, "311": 3500, "312": 0, "313": 300, "314": 0, "315": 0, "316": 0, "317": 1000, "318": 3400, "319": 101800, "320": 0, "321": 0, "322": 0, "323": 0, "324": 0, "325": 0, "326": 0, "327": 1100, "328": 3900, "329": 3100, "330": 200, "331": 0, "332": 0, "333": 0, "334": 0, "335": 100, "336": 0, "337": 0, "338": 0, "339": 15700, "340": 17500, "341": 36700, "342": 357400, "343": 0, "344": 2900, "345": 0, "346": 0, "347": 32800, "348": 0, "349": 0, "350": 0, "351": 0, "352": 0, "353": 100, "354": 0, "355": 0, "356": 1300, "357": 700, "358": 0, "359": 0, "360": 100, "361": 0, "362": 2000, "363": 300, "364": 0, "365": 0, "366": 0, "367": 3200, "368": 0, "369": 100, "370": 0, "371": 10100, "372": 9800, "373": 27700, "374": 5200}, "adjclose": {"0": 9.829999923706055, "1": 9.850000381469727, "2": 9.842000007629395, "3": 9.864999771118164, "4": 9.84000015258789, "5": 9.920000076293945, "6": 9.880000114440918, "7": 9.890000343322754, "8": 9.899999618530273, "9": 9.859999656677246, "10": 9.850000381469727, "11": 9.84000015258789, "12": 9.880000114440918, "13": 9.859999656677246, "14": 9.869999885559082, "15": 9.869999885559082, "16": 9.84000015258789, "17": 9.84000015258789, "18": 9.84000015258789, "19": 9.869999885559082, "20": 9.859999656677246, "21": 9.84000015258789, "22": 9.869999885559082, "23": 9.869999885559082, "24": 9.869999885559082, "25": 9.869999885559082, "26": 9.869999885559082, "27": 9.850000381469727, "28": 9.875, "29": 9.875, "30": 9.875, "31": 9.875, "32": 9.850000381469727, "33": 9.857999801635742, "34": 9.857999801635742, "35": 9.850000381469727, "36": 9.850000381469727, "37": 9.850000381469727, "38": 9.850000381469727, "39": 9.880000114440918, "40": 9.869999885559082, "41": 9.869999885559082, "42": 9.880000114440918, "43": 9.869999885559082, "44": 9.880000114440918, "45": 9.869999885559082, "46": 9.890000343322754, "47": 9.890000343322754, "48": 9.890000343322754, "49": 9.869999885559082, "50": 9.880000114440918, "51": 9.880000114440918, "52": 9.890000343322754, "53": 9.890000343322754, "54": 9.869999885559082, "55": 9.914999961853027, "56": 9.869999885559082, "57": 9.899999618530273, "58": 9.899999618530273, "59": 9.920000076293945, "60": 9.920000076293945, "61": 9.920000076293945, "62": 9.930000305175781, "63": 9.930000305175781, "64": 9.930000305175781, "65": 9.949999809265137, "66": 9.932000160217285, "67": 9.960000038146973, "68": 9.960000038146973, "69": 9.920000076293945, "70": 9.949999809265137, "71": 9.9350004196167, "72": 9.970000267028809, "73": 9.970000267028809, "74": 9.949999809265137, "75": 9.949999809265137, "76": 9.949999809265137, "77": 9.970000267028809, "78": 9.949999809265137, "79": 9.949999809265137, "80": 9.960000038146973, "81": 9.949999809265137, "82": 9.949999809265137, "83": 9.970000267028809, "84": 10.0, "85": 10.0, "86": 9.970000267028809, "87": 9.960000038146973, "88": 9.949999809265137, "89": 9.9399995803833, "90": 9.954999923706055, "91": 9.960000038146973, "92": 9.930000305175781, "93": 9.949999809265137, "94": 9.960000038146973, "95": 9.949999809265137, "96": 9.949999809265137, "97": 9.9350004196167, "98": 9.960000038146973, "99": 9.899999618530273, "100": 9.930000305175781, "101": 9.920000076293945, "102": 9.899999618530273, "103": 9.920000076293945, "104": 9.9399995803833, "105": 9.9399995803833, "106": 9.9399995803833, "107": 9.970000267028809, "108": 9.970000267028809, "109": 9.920000076293945, "110": 9.970000267028809, "111": 9.9399995803833, "112": 9.9399995803833, "113": 9.9399995803833, "114": 9.930000305175781, "115": 9.970000267028809, "116": 9.970000267028809, "117": 9.920000076293945, "118": 9.920000076293945, "119": 9.930000305175781, "120": 9.930000305175781, "121": 9.930000305175781, "122": 9.920000076293945, "123": 9.934000015258789, "124": 9.920000076293945, "125": 9.920000076293945, "126": 9.930000305175781, "127": 9.949999809265137, "128": 9.925000190734863, "129": 9.925000190734863, "130": 9.925000190734863, "131": 9.9399995803833, "132": 9.9399995803833, "133": 9.9399995803833, "134": 9.970000267028809, "135": 9.944999694824219, "136": 9.9399995803833, "137": 9.975000381469727, "138": 9.989999771118164, "139": 9.989999771118164, "140": 9.970000267028809, "141": 10.0, "142": 9.970000267028809, "143": 9.994999885559082, "144": 9.996000289916992, "145": 9.989999771118164, "146": 9.989999771118164, "147": 9.989999771118164, "148": 10.010000228881836, "149": 10.010000228881836, "150": 10.020000457763672, "151": 10.0, "152": 10.0, "153": 10.010000228881836, "154": 10.029999732971191, "155": 10.020000457763672, "156": 10.020000457763672, "157": 9.994999885559082, "158": 10.0, "159": 10.020000457763672, "160": 10.020000457763672, "161": 10.029999732971191, "162": 10.020000457763672, "163": 10.029999732971191, "164": 10.029999732971191, "165": 10.029999732971191, "166": 10.029999732971191, "167": 10.029999732971191, "168": 10.0, "169": 9.979999542236328, "170": 9.979999542236328, "171": 9.979999542236328, "172": 10.079999923706055, "173": 10.079999923706055, "174": 10.079999923706055, "175": 10.039999961853027, "176": 10.029999732971191, "177": 10.039999961853027, "178": 10.039999961853027, "179": 10.039999961853027, "180": 10.050000190734863, "181": 10.0600004196167, "182": 10.0600004196167, "183": 10.069999694824219, "184": 10.0600004196167, "185": 10.069999694824219, "186": 10.069999694824219, "187": 10.079999923706055, "188": 10.079999923706055, "189": 10.079999923706055, "190": 10.097000122070312, "191": 10.0, "192": 10.0600004196167, "193": 10.0600004196167, "194": 10.0600004196167, "195": 10.050000190734863, "196": 10.050000190734863, "197": 10.0600004196167, "198": 10.050000190734863, "199": 10.050000190734863, "200": 10.069999694824219, "201": 10.079999923706055, "202": 10.100000381469727, "203": 10.100000381469727, "204": 10.100000381469727, "205": 10.100000381469727, "206": 10.100000381469727, "207": 10.100000381469727, "208": 10.130000114440918, "209": 10.130000114440918, "210": 10.130000114440918, "211": 10.130000114440918, "212": 10.130000114440918, "213": 10.140000343322754, "214": 10.149999618530273, "215": 10.140000343322754, "216": 10.140000343322754, "217": 10.149999618530273, "218": 10.109999656677246, "219": 10.109999656677246, "220": 10.109999656677246, "221": 10.130000114440918, "222": 10.130000114440918, "223": 10.154999732971191, "224": 10.170000076293945, "225": 10.170000076293945, "226": 10.180000305175781, "227": 10.180000305175781, "228": 10.199999809265137, "229": 10.199999809265137, "230": 10.199999809265137, "231": 10.199999809265137, "232": 10.220000267028809, "233": 10.210000038146973, "234": 10.210000038146973, "235": 10.199999809265137, "236": 10.199999809265137, "237": 10.210000038146973, "238": 10.210000038146973, "239": 10.210000038146973, "240": 10.220000267028809, "241": 10.225000381469727, "242": 10.229999542236328, "243": 10.265000343322754, "244": 10.265000343322754, "245": 10.229999542236328, "246": 10.270000457763672, "247": 10.270000457763672, "248": 10.239999771118164, "249": 10.239999771118164, "250": 10.239999771118164, "251": 10.239999771118164, "252": 10.270000457763672, "253": 10.274999618530273, "254": 10.3100004196167, "255": 10.3100004196167, "256": 10.319999694824219, "257": 10.300000190734863, "258": 10.279999732971191, "259": 10.270000457763672, "260": 10.350000381469727, "261": 10.399999618530273, "262": 10.300000190734863, "263": 10.305000305175781, "264": 10.289999961853027, "265": 10.289999961853027, "266": 10.300000190734863, "267": 10.229999542236328, "268": 10.170000076293945, "269": 10.170000076293945, "270": 10.270000457763672, "271": 10.470000267028809, "272": 11.0, "273": 11.0, "274": 10.359999656677246, "275": 10.211000442504883, "276": 10.369999885559082, "277": 10.270000457763672, "278": 10.220000267028809, "279": 10.220000267028809, "280": 10.220000267028809, "281": 10.220000267028809, "282": 10.220000267028809, "283": 10.229999542236328, "284": 10.229999542236328, "285": 10.210000038146973, "286": 10.25, "287": 10.25, "288": 10.25, "289": 10.25, "290": 10.25, "291": 10.220000267028809, "292": 10.25, "293": 10.279999732971191, "294": 10.289999961853027, "295": 10.25, "296": 10.25, "297": 10.25, "298": 10.25, "299": 10.25, "300": 10.25, "301": 10.25, "302": 10.25, "303": 10.25, "304": 10.25, "305": 10.25, "306": 10.25, "307": 10.25, "308": 10.25, "309": 10.260000228881836, "310": 10.260000228881836, "311": 10.300000190734863, "312": 10.300000190734863, "313": 10.270000457763672, "314": 10.270000457763672, "315": 10.270000457763672, "316": 10.270000457763672, "317": 10.319999694824219, "318": 10.350000381469727, "319": 10.300000190734863, "320": 10.300000190734863, "321": 10.300000190734863, "322": 10.300000190734863, "323": 10.300000190734863, "324": 10.300000190734863, "325": 10.300000190734863, "326": 10.300000190734863, "327": 10.359999656677246, "328": 10.350000381469727, "329": 10.350000381469727, "330": 10.399999618530273, "331": 10.399999618530273, "332": 10.399999618530273, "333": 10.399999618530273, "334": 10.399999618530273, "335": 10.399999618530273, "336": 10.399999618530273, "337": 10.399999618530273, "338": 10.399999618530273, "339": 10.380000114440918, "340": 10.390000343322754, "341": 10.390000343322754, "342": 10.390000343322754, "343": 10.390000343322754, "344": 10.399999618530273, "345": 10.399999618530273, "346": 10.399999618530273, "347": 10.5, "348": 10.5, "349": 10.5, "350": 10.5, "351": 10.5, "352": 10.5, "353": 10.5, "354": 10.5, "355": 10.5, "356": 10.649999618530273, "357": 10.649999618530273, "358": 10.649999618530273, "359": 10.649999618530273, "360": 10.649999618530273, "361": 10.649999618530273, "362": 10.649999618530273, "363": 10.649999618530273, "364": 10.649999618530273, "365": 10.649999618530273, "366": 10.649999618530273, "367": 10.640000343322754, "368": 10.640000343322754, "369": 10.640000343322754, "370": 10.640000343322754, "371": 10.640000343322754, "372": 10.645000457763672, "373": 10.649999618530273, "374": 10.649999618530273}}, "profile": {"address1": "Boundary Hall Cricket Square", "address2": "PO Box 1093", "city": "Grand Cayman", "zip": "KY1-1102", "country": "Cayman Islands", "phone": "345-814-5726", "website": "https://www.blockchaincac1.com", "industry": "Shell Companies", "industryDisp": "Shell Companies", "sector": "Financial Services", "longBusinessSummary": "Blockchain Coinvestors Acquisition Corp. I does not have significant operations. It intends to effect a merger, share exchange, asset acquisition, share purchase, reorganization, or similar business combination with one or more businesses in the financial services, technology, and other sectors of the economy that are being enabled by emerging applications of blockchain. The company was incorporated in 2021 and is based in Grand Cayman, the Cayman Islands.", "companyOfficers": [{"maxAge": 1, "name": "Mr. Matthew C. Le Merle", "age": 60, "title": "MD & Chairman", "yearBorn": 1962, "exercisedValue": 0, "unexercisedValue": 0}, {"maxAge": 1, "name": "Mr. Lou  Kerner", "age": 60, "title": "MD, CEO & Director", "yearBorn": 1962, "exercisedValue": 0, "unexercisedValue": 0}, {"maxAge": 1, "name": "Mr. Mitchell  Mechigian", "age": 27, "title": "Chief Financial Officer", "yearBorn": 1995, "exercisedValue": 0, "unexercisedValue": 0}, {"maxAge": 1, "name": "Ms. Alison  Davis", "age": 61, "title": "Managing Director", "yearBorn": 1961, "exercisedValue": 0, "unexercisedValue": 0}], "maxAge": 86400, "latitude": 19.29281590900007, "longitude": -81.36769499999997}}