{"income_statement": {"annual": {"Year": {"1": "Selling, General & Admin", "2": "Operating Expenses", "3": "Operating Income", "4": "Other Expense / Income", "5": "Pretax Income", "6": "Net Income", "7": "Net Income Growth", "8": "Shares Outstanding (Basic)", "9": "Shares Outstanding (Diluted)", "10": "Shares Change", "11": "EPS (Basic)", "12": "EPS (Diluted)", "13": "EPS Growth", "14": "Free Cash Flow Per Share", "15": "EBITDA", "16": "EBIT"}, "2022": {"1": "1.57", "2": "1.57", "3": "-1.57", "4": "-22.82", "5": "21.25", "6": "21.25", "7": "233.37%", "8": "43", "9": "43", "10": "317.97%", "11": "0.49", "12": "0.49", "13": "-20.97%", "14": "-0.01", "15": "21.25", "16": "21.25"}, "2021": {"1": "0.19", "2": "0.19", "3": "-0.19", "4": "-6.56", "5": "6.38", "6": "6.38", "7": "-", "8": "10", "9": "10", "10": "-", "11": "0.62", "12": "0.62", "13": "-", "14": "-0.09", "15": "6.38", "16": "6.38"}}, "quarterly": {"Metrics": {"1": "Selling, General & Admin", "2": "Other Operating Expenses", "3": "Operating Expenses", "4": "Operating Income", "5": "Other Expense / Income", "6": "Pretax Income", "7": "Net Income", "8": "Net Income Growth", "9": "Shares Outstanding (Basic)", "10": "Shares Outstanding (Diluted)", "11": "Shares Change", "12": "EPS (Basic)", "13": "EPS (Diluted)", "14": "EPS Growth", "15": "Free Cash Flow Per Share", "16": "EBITDA", "17": "EBIT"}, "2023-03-31": {"1": "0.42", "2": "0", "3": "0.42", "4": "-0.42", "5": "-2.6", "6": "2.18", "7": "2.18", "8": "-79.33%", "9": "43", "10": "43", "11": "-", "12": "0.05", "13": "0.05", "14": "-79.17%", "15": "-0.01", "16": "2.18", "17": "2.18"}, "2022-12-31": {"1": "0.19", "2": "0", "3": "0.19", "4": "-0.19", "5": "-4.58", "6": "4.39", "7": "4.39", "8": "-31.17%", "9": "43", "10": "43", "11": "253.60%", "12": "0.10", "13": "0.10", "14": "-83.87%", "15": "-0.00", "16": "4.39", "17": "4.39"}, "2022-09-30": {"1": "0.24", "2": "0", "3": "0.24", "4": "-0.24", "5": "-3.97", "6": "3.74", "7": "3.74", "8": "-", "9": "43", "10": "43", "11": "475.00%", "12": "0.09", "13": "0.09", "14": "-", "15": "-0.00", "16": "3.74", "17": "3.74"}, "2022-06-30": {"1": "0.84", "2": "0", "3": "0.84", "4": "-0.84", "5": "-3.44", "6": "2.6", "7": "2.6", "8": "-", "9": "43", "10": "43", "11": "590.00%", "12": "0.06", "13": "0.06", "14": "-", "15": "-0.01", "16": "2.6", "17": "2.6"}, "2022-03-31": {"1": "0.31", "2": "0", "3": "0.31", "4": "-0.31", "5": "-10.83", "6": "10.53", "7": "10.53", "8": "-", "9": "43", "10": "43", "11": "-", "12": "0.24", "13": "0.24", "14": "-", "15": "-0.01", "16": "10.53", "17": "10.53"}, "2021-12-31": {"1": "0.19", "2": "0", "3": "0.19", "4": "-0.19", "5": "-6.56", "6": "6.38", "7": "6.38", "8": "-", "9": "12", "10": "12", "11": "-", "12": "0.62", "13": "0.62", "14": "-", "15": "-0.07", "16": "6.38", "17": "6.38"}, "2021-09-30": {"1": "0", "2": "0", "3": "0", "4": "-0", "5": "-", "6": "-0", "7": "-0", "8": "-", "9": "8", "10": "8", "11": "-", "12": "-", "13": "-", "14": "-", "15": "-", "16": "-0", "17": "-0"}, "2021-08-04": {"1": "0", "2": "0", "3": "0", "4": "-0", "5": "-", "6": "-0", "7": "-0", "8": "-", "9": "6", "10": "6", "11": "-", "12": "-", "13": "-", "14": "-", "15": "-", "16": "-0", "17": "-0"}}}, "balance_sheet": {"annual": {"Year": {"1": "Cash & Equivalents", "2": "Cash & Cash Equivalents", "3": "Cash Growth", "4": "Other Current Assets", "5": "Total Current Assets", "6": "Long-Term Investments", "7": "Other Long-Term Assets", "8": "Total Long-Term Assets", "9": "Total Assets", "10": "Accounts Payable", "11": "Total Current Liabilities", "12": "Other Long-Term Liabilities", "13": "Total Long-Term Liabilities", "14": "Total Liabilities", "15": "Common Stock", "16": "Retained Earnings", "17": "Shareholders' Equity", "18": "Total Liabilities and Equity", "19": "Net Cash / Debt", "20": "Net Cash / Debt Growth", "21": "Net Cash Per Share", "22": "Working Capital", "23": "Book Value Per Share"}, "2022": {"1": "0.3", "2": "0.3", "3": "-67.69%", "4": "0.39", "5": "0.69", "6": "356.98", "7": "0", "8": "356.98", "9": "357.67", "10": "0.63", "11": "0.63", "12": "2.22", "13": "2.22", "14": "2.85", "15": "0", "16": "-2.16", "17": "-2.16", "18": "0.69", "19": "0.3", "20": "-67.69%", "21": "0.01", "22": "0.06", "23": "-0.05"}, "2021": {"1": "0.93", "2": "0.93", "3": "-", "4": "0.44", "5": "1.36", "6": "351.9", "7": "0.41", "8": "352.32", "9": "353.68", "10": "0.15", "11": "0.15", "12": "19.96", "13": "19.96", "14": "20.11", "15": "0", "16": "-18.33", "17": "-18.33", "18": "1.78", "19": "0.93", "20": "-", "21": "0.09", "22": "1.21", "23": "-1.78"}}, "quarterly": {"Metrics": {"1": "Cash & Equivalents", "2": "Cash & Cash Equivalents", "3": "Cash Growth", "4": "Other Current Assets", "5": "Total Current Assets", "6": "Long-Term Investments", "7": "Other Long-Term Assets", "8": "Total Long-Term Assets", "9": "Total Assets", "10": "Accounts Payable", "11": "Other Current Liabilities", "12": "Total Current Liabilities", "13": "Other Long-Term Liabilities", "14": "Total Long-Term Liabilities", "15": "Total Liabilities", "16": "Common Stock", "17": "Retained Earnings", "18": "Shareholders' Equity", "19": "Total Liabilities and Equity", "20": "Net Cash / Debt", "21": "Net Cash / Debt Growth", "22": "Net Cash Per Share", "23": "Working Capital", "24": "Book Value Per Share"}, "2023-03-31": {"1": "0.09", "2": "0.09", "3": "-87.02%", "4": "0.35", "5": "0.44", "6": "360.76", "7": "0", "8": "360.76", "9": "361.2", "10": "0.79", "11": "0", "12": "0.79", "13": "3.41", "14": "3.41", "15": "4.2", "16": "0", "17": "-3.77", "18": "-3.77", "19": "0.44", "20": "0.09", "21": "-87.02%", "22": "0.00", "23": "-0.36", "24": "-0.09"}, "2022-12-31": {"1": "0.3", "2": "0.3", "3": "-67.69%", "4": "0.39", "5": "0.69", "6": "356.98", "7": "0", "8": "356.98", "9": "357.67", "10": "0.63", "11": "0", "12": "0.63", "13": "2.22", "14": "2.22", "15": "2.85", "16": "0", "17": "-2.16", "18": "-2.16", "19": "0.69", "20": "0.3", "21": "-67.69%", "22": "0.01", "23": "0.06", "24": "-0.05"}, "2022-09-30": {"1": "0.36", "2": "0.36", "3": "-", "4": "0.45", "5": "0.81", "6": "354", "7": "0.07", "8": "354.07", "9": "354.88", "10": "0.63", "11": "0", "12": "0.63", "13": "3.82", "14": "3.82", "15": "4.45", "16": "0", "17": "-3.57", "18": "-3.57", "19": "0.88", "20": "0.36", "21": "-", "22": "0.01", "23": "0.18", "24": "-0.08"}, "2022-06-30": {"1": "0.44", "2": "0.44", "3": "-", "4": "0.48", "5": "0.92", "6": "352.41", "7": "0.18", "8": "352.59", "9": "353.51", "10": "0.61", "11": "0", "12": "0.61", "13": "6.2", "14": "6.2", "15": "6.82", "16": "0", "17": "-5.72", "18": "-5.72", "19": "1.1", "20": "0.44", "21": "-", "22": "0.01", "23": "0.31", "24": "-0.13"}, "2022-03-31": {"1": "0.68", "2": "0.68", "3": "-", "4": "0.44", "5": "1.12", "6": "351.94", "7": "0.3", "8": "352.24", "9": "353.36", "10": "0.1", "11": "0", "12": "0.1", "13": "9.16", "14": "9.16", "15": "9.26", "16": "0", "17": "-7.81", "18": "-7.8", "19": "1.46", "20": "0.68", "21": "-", "22": "0.02", "23": "1.02", "24": "-0.18"}, "2021-12-31": {"1": "0.93", "2": "0.93", "3": "-", "4": "0.44", "5": "1.36", "6": "351.9", "7": "0.41", "8": "352.32", "9": "353.68", "10": "0.15", "11": "0", "12": "0.15", "13": "19.96", "14": "19.96", "15": "20.11", "16": "0", "17": "-18.33", "18": "-18.33", "19": "1.78", "20": "0.93", "21": "-", "22": "0.08", "23": "1.21", "24": "-1.50"}, "2021-09-30": {"1": "0", "2": "0", "3": "-", "4": "-", "5": "-", "6": "-", "7": "-", "8": "-", "9": "0.15", "10": "0", "11": "0.13", "12": "0.13", "13": "0", "14": "0", "15": "0.13", "16": "0.03", "17": "-0", "18": "0.02", "19": "0.15", "20": "0", "21": "-", "22": "-", "23": "-", "24": "0.00"}, "2021-08-04": {"1": "0", "2": "0", "3": "-", "4": "-", "5": "-", "6": "-", "7": "-", "8": "-", "9": "0.07", "10": "0", "11": "0.05", "12": "0.05", "13": "0", "14": "0", "15": "0.05", "16": "0.03", "17": "-0", "18": "0.02", "19": "0.07", "20": "0", "21": "-", "22": "-", "23": "-", "24": "0.00"}}}, "cash_flow_statement": {"annual": {"Year": {"1": "Net Income", "2": "Other Operating Activities", "3": "Operating Cash Flow", "4": "Change in Investments", "5": "Investing Cash Flow", "6": "Share Issuance / Repurchase", "7": "Other Financing Activities", "8": "Financing Cash Flow", "9": "Net Cash Flow", "10": "Free Cash Flow", "11": "Free Cash Flow Per Share"}, "2022": {"1": "21.25", "2": "-21.88", "3": "-0.63", "4": "0", "5": "0", "6": "0", "7": "-", "8": "0", "9": "-0.63", "10": "-0.63", "11": "-0.01"}, "2021": {"1": "6.38", "2": "-7.27", "3": "-0.89", "4": "-351.9", "5": "-351.9", "6": "338.1", "7": "15.62", "8": "353.72", "9": "0.93", "10": "-0.89", "11": "-0.09"}}, "quarterly": {"Metrics": {"1": "Net Income", "2": "Other Operating Activities", "3": "Operating Cash Flow", "4": "Net Cash Flow", "5": "Free Cash Flow", "6": "Free Cash Flow Per Share"}, "2023-03-31": {"1": "2.18", "2": "-2.39", "3": "-0.21", "4": "-0.21", "5": "-0.21", "6": "-0.01"}, "2022-12-31": {"1": "4.39", "2": "-4.45", "3": "-0.06", "4": "-0.06", "5": "-0.06", "6": "-0.00"}, "2022-09-30": {"1": "3.74", "2": "-3.82", "3": "-0.09", "4": "-0.09", "5": "-0.09", "6": "-0.00"}, "2022-06-30": {"1": "2.6", "2": "-2.84", "3": "-0.24", "4": "-0.24", "5": "-0.24", "6": "-0.01"}, "2022-03-31": {"1": "10.53", "2": "-10.77", "3": "-0.24", "4": "-0.24", "5": "-0.24", "6": "-0.01"}, "2021-12-31": {"1": "6.38", "2": "-7.27", "3": "-0.89", "4": "0.93", "5": "-0.89", "6": "-0.07"}, "2021-09-30": {"1": "-0", "2": "0", "3": "0", "4": "0", "5": "0", "6": "-"}}}, "ratios": {"annual": {"Year": {"1": "Market Capitalization", "2": "Market Cap Growth", "3": "Enterprise Value", "4": "PE Ratio", "5": "PB Ratio", "6": "P/FCF Ratio", "7": "P/OCF Ratio", "8": "EV/EBITDA Ratio", "9": "EV/EBIT Ratio", "10": "EV/FCF Ratio", "11": "Current Ratio", "12": "Return on Equity (ROE)", "13": "Return on Assets (ROA)", "14": "Return on Capital (ROIC)", "15": "Earnings Yield", "16": "FCF Yield", "17": "Buyback Yield / Dilution", "18": "Total Shareholder Return"}, "Current": {"1": "544", "2": "-", "3": "544", "4": "21.45", "5": "-119.51", "6": "-759.00", "7": "-759.00", "8": "25.60", "9": "25.60", "10": "-758.85", "11": "0.55", "12": "-339.20%", "13": "3.60%", "14": "3.60%", "15": "3.90%", "16": "-0.12%", "17": "-317.97%", "18": "-317.97%"}, "2022": {"1": "443", "2": "41.73%", "3": "443", "4": "20.84", "5": "-205.40", "6": "-706.81", "7": "-706.81", "8": "20.83", "9": "20.83", "10": "-706.33", "11": "1.10", "12": "-441.60%", "13": "6.00%", "14": "6.00%", "15": "4.80%", "16": "-0.14%", "17": "-317.97%", "18": "-317.97%"}, "2021": {"1": "313", "2": "-", "3": "312", "4": "49.02", "5": "-17.05", "6": "-350.33", "7": "-350.33", "8": "48.87", "9": "48.87", "10": "-349.29", "11": "9.11", "12": "-", "13": "-", "14": "-", "15": "2.04%", "16": "-0.29%", "17": "-", "18": "-"}}, "quarterly": {"Metrics": {"1": "Market Capitalization", "2": "Market Cap Growth", "3": "Enterprise Value", "4": "PE Ratio", "5": "PB Ratio", "6": "Current Ratio", "7": "Buyback Yield / Dilution", "8": "Total Shareholder Return"}, "Current": {"1": "544", "2": "-", "3": "544", "4": "21.45", "5": "-119.51", "6": "0.55", "7": "-317.97%", "8": "-317.97%"}, "2023-03-31": {"1": "450", "2": "5.61%", "3": "450", "4": "34.90", "5": "-119.51", "6": "0.55", "7": "-", "8": "-"}, "2022-12-31": {"1": "443", "2": "41.73%", "3": "443", "4": "20.84", "5": "-205.40", "6": "1.10", "7": "-253.60%", "8": "-253.60%"}, "2022-09-30": {"1": "435", "2": "-", "3": "435", "4": "18.72", "5": "-121.86", "6": "1.28", "7": "-475.00%", "8": "-475.00%"}, "2022-06-30": {"1": "429", "2": "-", "3": "428", "4": "21.98", "5": "-74.96", "6": "1.50", "7": "-590.00%", "8": "-590.00%"}, "2022-03-31": {"1": "426", "2": "-", "3": "426", "4": "-", "5": "-54.62", "6": "11.19", "7": "-", "8": "-"}, "2021-12-31": {"1": "313", "2": "-", "3": "312", "4": "49.02", "5": "-17.05", "6": "9.11", "7": "-", "8": "-"}}}, "stock_price": {"symbol": {"0": "BFAC", "1": "BFAC", "2": "BFAC", "3": "BFAC", "4": "BFAC", "5": "BFAC", "6": "BFAC", "7": "BFAC", "8": "BFAC", "9": "BFAC", "10": "BFAC", "11": "BFAC", "12": "BFAC", "13": "BFAC", "14": "BFAC", "15": "BFAC", "16": "BFAC", "17": "BFAC", "18": "BFAC", "19": "BFAC", "20": "BFAC", "21": "BFAC", "22": "BFAC", "23": "BFAC", "24": "BFAC", "25": "BFAC", "26": "BFAC", "27": "BFAC", "28": "BFAC", "29": "BFAC", "30": "BFAC", "31": "BFAC", "32": "BFAC", "33": "BFAC", "34": "BFAC", "35": "BFAC", "36": "BFAC", "37": "BFAC", "38": "BFAC", "39": "BFAC", "40": "BFAC", "41": "BFAC", "42": "BFAC", "43": "BFAC", "44": "BFAC", "45": "BFAC", "46": "BFAC", "47": "BFAC", "48": "BFAC", "49": "BFAC", "50": "BFAC", "51": "BFAC", "52": "BFAC", "53": "BFAC", "54": "BFAC", "55": "BFAC", "56": "BFAC", "57": "BFAC", "58": "BFAC", "59": "BFAC", "60": "BFAC", "61": "BFAC", "62": "BFAC", "63": "BFAC", "64": "BFAC", "65": "BFAC", "66": "BFAC", "67": "BFAC", "68": "BFAC", "69": "BFAC", "70": "BFAC", "71": "BFAC", "72": "BFAC", "73": "BFAC", "74": "BFAC", "75": "BFAC", "76": "BFAC", "77": "BFAC", "78": "BFAC", "79": "BFAC", "80": "BFAC", "81": "BFAC", "82": "BFAC", "83": "BFAC", "84": "BFAC", "85": "BFAC", "86": "BFAC", "87": "BFAC", "88": "BFAC", "89": "BFAC", "90": "BFAC", "91": "BFAC", "92": "BFAC", "93": "BFAC", "94": "BFAC", "95": "BFAC", "96": "BFAC", "97": "BFAC", "98": "BFAC", "99": "BFAC", "100": "BFAC", "101": "BFAC", "102": "BFAC", "103": "BFAC", "104": "BFAC", "105": "BFAC", "106": "BFAC", "107": "BFAC", "108": "BFAC", "109": "BFAC", "110": "BFAC", "111": "BFAC", "112": "BFAC", "113": "BFAC", "114": "BFAC", "115": "BFAC", "116": "BFAC", "117": "BFAC", "118": "BFAC", "119": "BFAC", "120": "BFAC", "121": "BFAC", "122": "BFAC", "123": "BFAC", "124": "BFAC", "125": "BFAC", "126": "BFAC", "127": "BFAC", "128": "BFAC", "129": "BFAC", "130": "BFAC", "131": "BFAC", "132": "BFAC", "133": "BFAC", "134": "BFAC", "135": "BFAC", "136": "BFAC", "137": "BFAC", "138": "BFAC", "139": "BFAC", "140": "BFAC", "141": "BFAC", "142": "BFAC", "143": "BFAC", "144": "BFAC", "145": "BFAC", "146": "BFAC", "147": "BFAC", "148": "BFAC", "149": "BFAC", "150": "BFAC", "151": "BFAC", "152": "BFAC", "153": "BFAC", "154": "BFAC", "155": "BFAC", "156": "BFAC", "157": "BFAC", "158": "BFAC", "159": "BFAC", "160": "BFAC", "161": "BFAC", "162": "BFAC", "163": "BFAC", "164": "BFAC", "165": "BFAC", "166": "BFAC", "167": "BFAC", "168": "BFAC", "169": "BFAC", "170": "BFAC", "171": "BFAC", "172": "BFAC", "173": "BFAC", "174": "BFAC", "175": "BFAC", "176": "BFAC", "177": "BFAC", "178": "BFAC", "179": "BFAC", "180": "BFAC", "181": "BFAC", "182": "BFAC", "183": "BFAC", "184": "BFAC", "185": "BFAC", "186": "BFAC", "187": "BFAC", "188": "BFAC", "189": "BFAC", "190": "BFAC", "191": "BFAC", "192": "BFAC", "193": "BFAC", "194": "BFAC", "195": "BFAC", "196": "BFAC", "197": "BFAC", "198": "BFAC", "199": "BFAC", "200": "BFAC", "201": "BFAC", "202": "BFAC", "203": "BFAC", "204": "BFAC", "205": "BFAC", "206": "BFAC", "207": "BFAC", "208": "BFAC", "209": "BFAC", "210": "BFAC", "211": "BFAC", "212": "BFAC", "213": "BFAC", "214": "BFAC", "215": "BFAC", "216": "BFAC", "217": "BFAC", "218": "BFAC", "219": "BFAC", "220": "BFAC", "221": "BFAC", "222": "BFAC", "223": "BFAC", "224": "BFAC", "225": "BFAC", "226": "BFAC", "227": "BFAC", "228": "BFAC", "229": "BFAC", "230": "BFAC", "231": "BFAC", "232": "BFAC", "233": "BFAC", "234": "BFAC", "235": "BFAC", "236": "BFAC", "237": "BFAC", "238": "BFAC", "239": "BFAC", "240": "BFAC", "241": "BFAC", "242": "BFAC", "243": "BFAC", "244": "BFAC", "245": "BFAC", "246": "BFAC", "247": "BFAC", "248": "BFAC", "249": "BFAC", "250": "BFAC", "251": "BFAC", "252": "BFAC", "253": "BFAC", "254": "BFAC", "255": "BFAC", "256": "BFAC", "257": "BFAC", "258": "BFAC", "259": "BFAC", "260": "BFAC", "261": "BFAC", "262": "BFAC", "263": "BFAC", "264": "BFAC", "265": "BFAC", "266": "BFAC", "267": "BFAC", "268": "BFAC", "269": "BFAC", "270": "BFAC", "271": "BFAC", "272": "BFAC", "273": "BFAC", "274": "BFAC", "275": "BFAC", "276": "BFAC", "277": "BFAC", "278": "BFAC", "279": "BFAC", "280": "BFAC", "281": "BFAC", "282": "BFAC", "283": "BFAC", "284": "BFAC", "285": "BFAC", "286": "BFAC", "287": "BFAC", "288": "BFAC", "289": "BFAC", "290": "BFAC", "291": "BFAC", "292": "BFAC", "293": "BFAC", "294": "BFAC", "295": "BFAC", "296": "BFAC", "297": "BFAC", "298": "BFAC", "299": "BFAC", "300": "BFAC", "301": "BFAC", "302": "BFAC", "303": "BFAC", "304": "BFAC", "305": "BFAC", "306": "BFAC", "307": "BFAC", "308": "BFAC", "309": "BFAC", "310": "BFAC", "311": "BFAC", "312": "BFAC", "313": "BFAC", "314": "BFAC", "315": "BFAC", "316": "BFAC", "317": "BFAC", "318": "BFAC", "319": "BFAC", "320": "BFAC", "321": "BFAC", "322": "BFAC", "323": "BFAC", "324": "BFAC", "325": "BFAC", "326": "BFAC", "327": "BFAC", "328": "BFAC", "329": "BFAC", "330": "BFAC", "331": "BFAC", "332": "BFAC", "333": "BFAC", "334": "BFAC", "335": "BFAC", "336": "BFAC", "337": "BFAC", "338": "BFAC", "339": "BFAC", "340": "BFAC", "341": "BFAC", "342": "BFAC", "343": "BFAC", "344": "BFAC", "345": "BFAC", "346": "BFAC", "347": "BFAC", "348": "BFAC", "349": "BFAC", "350": "BFAC", "351": "BFAC", "352": "BFAC"}, "date": {"0": "2022-02-04", "1": "2022-02-07", "2": "2022-02-08", "3": "2022-02-09", "4": "2022-02-10", "5": "2022-02-11", "6": "2022-02-14", "7": "2022-02-15", "8": "2022-02-16", "9": "2022-02-17", "10": "2022-02-18", "11": "2022-02-22", "12": "2022-02-23", "13": "2022-02-24", "14": "2022-02-25", "15": "2022-02-28", "16": "2022-03-01", "17": "2022-03-02", "18": "2022-03-03", "19": "2022-03-04", "20": "2022-03-07", "21": "2022-03-08", "22": "2022-03-09", "23": "2022-03-10", "24": "2022-03-11", "25": "2022-03-14", "26": "2022-03-15", "27": "2022-03-16", "28": "2022-03-17", "29": "2022-03-18", "30": "2022-03-21", "31": "2022-03-22", "32": "2022-03-23", "33": "2022-03-24", "34": "2022-03-25", "35": "2022-03-28", "36": "2022-03-29", "37": "2022-03-30", "38": "2022-03-31", "39": "2022-04-01", "40": "2022-04-04", "41": "2022-04-05", "42": "2022-04-06", "43": "2022-04-07", "44": "2022-04-08", "45": "2022-04-11", "46": "2022-04-12", "47": "2022-04-13", "48": "2022-04-14", "49": "2022-04-18", "50": "2022-04-19", "51": "2022-04-20", "52": "2022-04-21", "53": "2022-04-22", "54": "2022-04-25", "55": "2022-04-26", "56": "2022-04-27", "57": "2022-04-28", "58": "2022-04-29", "59": "2022-05-02", "60": "2022-05-03", "61": "2022-05-04", "62": "2022-05-05", "63": "2022-05-06", "64": "2022-05-09", "65": "2022-05-10", "66": "2022-05-11", "67": "2022-05-12", "68": "2022-05-13", "69": "2022-05-16", "70": "2022-05-17", "71": "2022-05-18", "72": "2022-05-19", "73": "2022-05-20", "74": "2022-05-23", "75": "2022-05-24", "76": "2022-05-25", "77": "2022-05-26", "78": "2022-05-27", "79": "2022-05-31", "80": "2022-06-01", "81": "2022-06-02", "82": "2022-06-03", "83": "2022-06-06", "84": "2022-06-07", "85": "2022-06-08", "86": "2022-06-09", "87": "2022-06-10", "88": "2022-06-13", "89": "2022-06-14", "90": "2022-06-15", "91": "2022-06-16", "92": "2022-06-17", "93": "2022-06-21", "94": "2022-06-22", "95": "2022-06-23", "96": "2022-06-24", "97": "2022-06-27", "98": "2022-06-28", "99": "2022-06-29", "100": "2022-06-30", "101": "2022-07-01", "102": "2022-07-05", "103": "2022-07-06", "104": "2022-07-07", "105": "2022-07-08", "106": "2022-07-11", "107": "2022-07-12", "108": "2022-07-13", "109": "2022-07-14", "110": "2022-07-15", "111": "2022-07-18", "112": "2022-07-19", "113": "2022-07-20", "114": "2022-07-21", "115": "2022-07-22", "116": "2022-07-25", "117": "2022-07-26", "118": "2022-07-27", "119": "2022-07-28", "120": "2022-07-29", "121": "2022-08-01", "122": "2022-08-02", "123": "2022-08-03", "124": "2022-08-04", "125": "2022-08-05", "126": "2022-08-08", "127": "2022-08-09", "128": "2022-08-10", "129": "2022-08-11", "130": "2022-08-12", "131": "2022-08-15", "132": "2022-08-16", "133": "2022-08-17", "134": "2022-08-18", "135": "2022-08-19", "136": "2022-08-22", "137": "2022-08-23", "138": "2022-08-24", "139": "2022-08-25", "140": "2022-08-26", "141": "2022-08-29", "142": "2022-08-30", "143": "2022-08-31", "144": "2022-09-01", "145": "2022-09-02", "146": "2022-09-06", "147": "2022-09-07", "148": "2022-09-08", "149": "2022-09-09", "150": "2022-09-12", "151": "2022-09-13", "152": "2022-09-14", "153": "2022-09-15", "154": "2022-09-16", "155": "2022-09-19", "156": "2022-09-20", "157": "2022-09-21", "158": "2022-09-22", "159": "2022-09-23", "160": "2022-09-26", "161": "2022-09-27", "162": "2022-09-28", "163": "2022-09-29", "164": "2022-09-30", "165": "2022-10-03", "166": "2022-10-04", "167": "2022-10-05", "168": "2022-10-06", "169": "2022-10-07", "170": "2022-10-10", "171": "2022-10-11", "172": "2022-10-12", "173": "2022-10-13", "174": "2022-10-14", "175": "2022-10-17", "176": "2022-10-18", "177": "2022-10-19", "178": "2022-10-20", "179": "2022-10-21", "180": "2022-10-24", "181": "2022-10-25", "182": "2022-10-26", "183": "2022-10-27", "184": "2022-10-28", "185": "2022-10-31", "186": "2022-11-01", "187": "2022-11-02", "188": "2022-11-03", "189": "2022-11-04", "190": "2022-11-07", "191": "2022-11-08", "192": "2022-11-09", "193": "2022-11-10", "194": "2022-11-11", "195": "2022-11-14", "196": "2022-11-15", "197": "2022-11-16", "198": "2022-11-17", "199": "2022-11-18", "200": "2022-11-21", "201": "2022-11-22", "202": "2022-11-23", "203": "2022-11-25", "204": "2022-11-28", "205": "2022-11-29", "206": "2022-11-30", "207": "2022-12-01", "208": "2022-12-02", "209": "2022-12-05", "210": "2022-12-06", "211": "2022-12-07", "212": "2022-12-08", "213": "2022-12-09", "214": "2022-12-12", "215": "2022-12-13", "216": "2022-12-14", "217": "2022-12-15", "218": "2022-12-16", "219": "2022-12-19", "220": "2022-12-20", "221": "2022-12-21", "222": "2022-12-22", "223": "2022-12-23", "224": "2022-12-27", "225": "2022-12-28", "226": "2022-12-29", "227": "2022-12-30", "228": "2023-01-03", "229": "2023-01-04", "230": "2023-01-05", "231": "2023-01-06", "232": "2023-01-09", "233": "2023-01-10", "234": "2023-01-11", "235": "2023-01-12", "236": "2023-01-13", "237": "2023-01-17", "238": "2023-01-18", "239": "2023-01-19", "240": "2023-01-20", "241": "2023-01-23", "242": "2023-01-24", "243": "2023-01-25", "244": "2023-01-26", "245": "2023-01-27", "246": "2023-01-30", "247": "2023-01-31", "248": "2023-02-01", "249": "2023-02-02", "250": "2023-02-03", "251": "2023-02-06", "252": "2023-02-07", "253": "2023-02-08", "254": "2023-02-09", "255": "2023-02-10", "256": "2023-02-13", "257": "2023-02-14", "258": "2023-02-15", "259": "2023-02-16", "260": "2023-02-17", "261": "2023-02-21", "262": "2023-02-22", "263": "2023-02-23", "264": "2023-02-24", "265": "2023-02-27", "266": "2023-02-28", "267": "2023-03-01", "268": "2023-03-02", "269": "2023-03-03", "270": "2023-03-06", "271": "2023-03-07", "272": "2023-03-08", "273": "2023-03-09", "274": "2023-03-10", "275": "2023-03-13", "276": "2023-03-14", "277": "2023-03-15", "278": "2023-03-16", "279": "2023-03-17", "280": "2023-03-20", "281": "2023-03-21", "282": "2023-03-22", "283": "2023-03-23", "284": "2023-03-24", "285": "2023-03-27", "286": "2023-03-28", "287": "2023-03-29", "288": "2023-03-30", "289": "2023-03-31", "290": "2023-04-03", "291": "2023-04-04", "292": "2023-04-05", "293": "2023-04-06", "294": "2023-04-10", "295": "2023-04-11", "296": "2023-04-12", "297": "2023-04-13", "298": "2023-04-14", "299": "2023-04-17", "300": "2023-04-18", "301": "2023-04-19", "302": "2023-04-20", "303": "2023-04-21", "304": "2023-04-24", "305": "2023-04-25", "306": "2023-04-26", "307": "2023-04-27", "308": "2023-04-28", "309": "2023-05-01", "310": "2023-05-02", "311": "2023-05-03", "312": "2023-05-04", "313": "2023-05-05", "314": "2023-05-08", "315": "2023-05-09", "316": "2023-05-10", "317": "2023-05-11", "318": "2023-05-12", "319": "2023-05-15", "320": "2023-05-16", "321": "2023-05-17", "322": "2023-05-18", "323": "2023-05-19", "324": "2023-05-22", "325": "2023-05-23", "326": "2023-05-24", "327": "2023-05-25", "328": "2023-05-26", "329": "2023-05-30", "330": "2023-05-31", "331": "2023-06-01", "332": "2023-06-02", "333": "2023-06-05", "334": "2023-06-06", "335": "2023-06-07", "336": "2023-06-08", "337": "2023-06-09", "338": "2023-06-12", "339": "2023-06-13", "340": "2023-06-14", "341": "2023-06-15", "342": "2023-06-16", "343": "2023-06-20", "344": "2023-06-21", "345": "2023-06-22", "346": "2023-06-23", "347": "2023-06-26", "348": "2023-06-27", "349": "2023-06-28", "350": "2023-06-29", "351": "2023-06-29", "352": "2023-06-29"}, "open": {"0": 9.880000114440918, "1": 9.920000076293945, "2": 9.850000381469727, "3": 9.930000305175781, "4": 9.859999656677246, "5": 9.8100004196167, "6": 9.869999885559082, "7": 9.84000015258789, "8": 9.84000015258789, "9": 9.829999923706055, "10": 9.890000343322754, "11": 9.859999656677246, "12": 9.850000381469727, "13": 9.760000228881836, "14": 9.850000381469727, "15": 9.84000015258789, "16": 9.859999656677246, "17": 9.84000015258789, "18": 9.850000381469727, "19": 9.890000343322754, "20": 9.890000343322754, "21": 9.890000343322754, "22": 9.890000343322754, "23": 9.890000343322754, "24": 9.890000343322754, "25": 9.930000305175781, "26": 9.864999771118164, "27": 9.899999618530273, "28": 9.920000076293945, "29": 9.899999618530273, "30": 9.920000076293945, "31": 9.800000190734863, "32": 10.0, "33": 10.010000228881836, "34": 9.869999885559082, "35": 10.010000228881836, "36": 10.010000228881836, "37": 9.90999984741211, "38": 9.930000305175781, "39": 9.90999984741211, "40": 9.90999984741211, "41": 9.930000305175781, "42": 9.920000076293945, "43": 9.880000114440918, "44": 9.9399995803833, "45": 9.9399995803833, "46": 9.930000305175781, "47": 9.930000305175781, "48": 9.930000305175781, "49": 9.960000038146973, "50": 9.970000267028809, "51": 9.949999809265137, "52": 9.949999809265137, "53": 9.949999809265137, "54": 9.9399995803833, "55": 9.979999542236328, "56": 9.920000076293945, "57": 9.979999542236328, "58": 9.920000076293945, "59": 9.930000305175781, "60": 9.970000267028809, "61": 9.9399995803833, "62": 9.979999542236328, "63": 9.989999771118164, "64": 9.920000076293945, "65": 9.960000038146973, "66": 9.90999984741211, "67": 9.880000114440918, "68": 9.960000038146973, "69": 9.869999885559082, "70": 9.869999885559082, "71": 9.869999885559082, "72": 9.890000343322754, "73": 9.949999809265137, "74": 9.949999809265137, "75": 9.949999809265137, "76": 9.869999885559082, "77": 9.895000457763672, "78": 9.9399995803833, "79": 9.869999885559082, "80": 9.890000343322754, "81": 9.899999618530273, "82": 9.899999618530273, "83": 9.949999809265137, "84": 9.920000076293945, "85": 9.920000076293945, "86": 9.930000305175781, "87": 9.932999610900879, "88": 9.930000305175781, "89": 9.920000076293945, "90": 9.970000267028809, "91": 9.920000076293945, "92": 9.920000076293945, "93": 9.960000038146973, "94": 9.899999618530273, "95": 9.90999984741211, "96": 9.920000076293945, "97": 10.154999732971191, "98": 9.90999984741211, "99": 9.90999984741211, "100": 9.925000190734863, "101": 9.90999984741211, "102": 9.90999984741211, "103": 9.90999984741211, "104": 9.90999984741211, "105": 9.9399995803833, "106": 9.949999809265137, "107": 9.930000305175781, "108": 9.930000305175781, "109": 9.930000305175781, "110": 9.930000305175781, "111": 9.960000038146973, "112": 9.930000305175781, "113": 9.930000305175781, "114": 9.9350004196167, "115": 9.9350004196167, "116": 10.010000228881836, "117": 9.949999809265137, "118": 9.930000305175781, "119": 9.970000267028809, "120": 9.949999809265137, "121": 9.9399995803833, "122": 9.970000267028809, "123": 9.970000267028809, "124": 9.949999809265137, "125": 9.9399995803833, "126": 9.960000038146973, "127": 9.960000038146973, "128": 10.0, "129": 10.0, "130": 9.9399995803833, "131": 9.9399995803833, "132": 9.979999542236328, "133": 9.949999809265137, "134": 10.010000228881836, "135": 10.010000228881836, "136": 10.0, "137": 9.979999542236328, "138": 9.9399995803833, "139": 9.979999542236328, "140": 9.989999771118164, "141": 10.029999732971191, "142": 9.989999771118164, "143": 10.0, "144": 10.020000457763672, "145": 10.020000457763672, "146": 10.010000228881836, "147": 10.029999732971191, "148": 10.029999732971191, "149": 10.0600004196167, "150": 10.0600004196167, "151": 10.020000457763672, "152": 10.050000190734863, "153": 10.050000190734863, "154": 10.039999961853027, "155": 10.020000457763672, "156": 10.029999732971191, "157": 10.069999694824219, "158": 10.020000457763672, "159": 10.074000358581543, "160": 10.079999923706055, "161": 10.050000190734863, "162": 10.09000015258789, "163": 10.09000015258789, "164": 10.069999694824219, "165": 10.09000015258789, "166": 10.09000015258789, "167": 10.0, "168": 10.079999923706055, "169": 10.079999923706055, "170": 10.079999923706055, "171": 10.0600004196167, "172": 10.109999656677246, "173": 10.020000457763672, "174": 10.100000381469727, "175": 10.069999694824219, "176": 10.100000381469727, "177": 10.069999694824219, "178": 10.069999694824219, "179": 10.109999656677246, "180": 10.109999656677246, "181": 10.109999656677246, "182": 10.109999656677246, "183": 10.109999656677246, "184": 10.109000205993652, "185": 10.149999618530273, "186": 10.100000381469727, "187": 10.109999656677246, "188": 10.109999656677246, "189": 10.119999885559082, "190": 10.119999885559082, "191": 10.119999885559082, "192": 10.130000114440918, "193": 10.135000228881836, "194": 10.130000114440918, "195": 10.140000343322754, "196": 10.140000343322754, "197": 10.15999984741211, "198": 10.149999618530273, "199": 10.15999984741211, "200": 10.170000076293945, "201": 10.164999961853027, "202": 10.15999984741211, "203": 10.180000305175781, "204": 10.180000305175781, "205": 10.170000076293945, "206": 10.1899995803833, "207": 10.170000076293945, "208": 10.180000305175781, "209": 10.220000267028809, "210": 10.229999542236328, "211": 10.229999542236328, "212": 10.199999809265137, "213": 10.199999809265137, "214": 10.199999809265137, "215": 10.199999809265137, "216": 10.210000038146973, "217": 10.220000267028809, "218": 10.210000038146973, "219": 10.210000038146973, "220": 10.220000267028809, "221": 10.25, "222": 10.220000267028809, "223": 10.279999732971191, "224": 10.279999732971191, "225": 10.279999732971191, "226": 10.279999732971191, "227": 10.279999732971191, "228": 10.255000114440918, "229": 10.260000228881836, "230": 10.289999961853027, "231": 10.34000015258789, "232": 10.300000190734863, "233": 10.289999961853027, "234": 10.319999694824219, "235": 10.319999694824219, "236": 10.289999961853027, "237": 10.359999656677246, "238": 10.289999961853027, "239": 10.3100004196167, "240": 10.319999694824219, "241": 10.300000190734863, "242": 10.3100004196167, "243": 10.300000190734863, "244": 10.3100004196167, "245": 10.3100004196167, "246": 10.300000190734863, "247": 10.3100004196167, "248": 10.319999694824219, "249": 10.329999923706055, "250": 10.329999923706055, "251": 10.359999656677246, "252": 10.350000381469727, "253": 10.350000381469727, "254": 10.350000381469727, "255": 10.34000015258789, "256": 10.34000015258789, "257": 10.369999885559082, "258": 10.369999885559082, "259": 10.369999885559082, "260": 10.369999885559082, "261": 10.380000114440918, "262": 10.380000114440918, "263": 10.380000114440918, "264": 10.380000114440918, "265": 10.380000114440918, "266": 10.380000114440918, "267": 10.380000114440918, "268": 10.399999618530273, "269": 10.420000076293945, "270": 10.399999618530273, "271": 10.40999984741211, "272": 10.899999618530273, "273": 10.449999809265137, "274": 10.449999809265137, "275": 10.600000381469727, "276": 10.430000305175781, "277": 10.449999809265137, "278": 10.420000076293945, "279": 10.420000076293945, "280": 10.529999732971191, "281": 10.510000228881836, "282": 10.520000457763672, "283": 10.430000305175781, "284": 10.449999809265137, "285": 10.550000190734863, "286": 10.449999809265137, "287": 10.449999809265137, "288": 10.4399995803833, "289": 10.4399995803833, "290": 10.4399995803833, "291": 10.449999809265137, "292": 10.4399995803833, "293": 10.4399995803833, "294": 11.0, "295": 10.449999809265137, "296": 10.4399995803833, "297": 10.460000038146973, "298": 10.449999809265137, "299": 10.470000267028809, "300": 10.475000381469727, "301": 10.699999809265137, "302": 10.479999542236328, "303": 10.460000038146973, "304": 10.600000381469727, "305": 10.479999542236328, "306": 10.489999771118164, "307": 10.479999542236328, "308": 10.529999732971191, "309": 10.489999771118164, "310": 10.489999771118164, "311": 10.489999771118164, "312": 10.5, "313": 10.5, "314": 10.5, "315": 10.489999771118164, "316": 10.5, "317": 10.550000190734863, "318": 10.5, "319": 10.510000228881836, "320": 10.510000228881836, "321": 11.270000457763672, "322": 10.53499984741211, "323": 10.520000457763672, "324": 10.84000015258789, "325": 10.520000457763672, "326": 10.529999732971191, "327": 10.539999961853027, "328": 10.529999732971191, "329": 11.199999809265137, "330": 10.539999961853027, "331": 10.529999732971191, "332": 10.569999694824219, "333": 10.609999656677246, "334": 10.569999694824219, "335": 10.520000457763672, "336": 10.550000190734863, "337": 10.579999923706055, "338": 10.579999923706055, "339": 10.550000190734863, "340": 10.579999923706055, "341": 10.569999694824219, "342": 10.579999923706055, "343": 10.59000015258789, "344": 10.59000015258789, "345": 10.569999694824219, "346": 10.579999923706055, "347": 10.59000015258789, "348": 10.579999923706055, "349": 10.59000015258789, "350": 10.59000015258789, "351": 10.59000015258789, "352": 10.59000015258789}, "high": {"0": 9.920000076293945, "1": 9.920000076293945, "2": 9.850000381469727, "3": 9.930000305175781, "4": 9.890000343322754, "5": 9.869999885559082, "6": 9.869999885559082, "7": 9.84000015258789, "8": 9.84000015258789, "9": 9.890000343322754, "10": 9.890000343322754, "11": 9.859999656677246, "12": 9.850000381469727, "13": 9.829999923706055, "14": 9.850000381469727, "15": 9.84000015258789, "16": 9.859999656677246, "17": 9.859999656677246, "18": 9.880000114440918, "19": 9.890000343322754, "20": 9.890000343322754, "21": 9.890000343322754, "22": 9.890000343322754, "23": 9.890000343322754, "24": 9.890000343322754, "25": 9.930000305175781, "26": 9.90999984741211, "27": 9.899999618530273, "28": 9.920000076293945, "29": 9.899999618530273, "30": 9.920000076293945, "31": 9.90999984741211, "32": 10.0, "33": 10.010000228881836, "34": 9.920000076293945, "35": 10.010000228881836, "36": 10.010000228881836, "37": 9.90999984741211, "38": 9.930000305175781, "39": 9.90999984741211, "40": 9.90999984741211, "41": 9.930000305175781, "42": 9.920000076293945, "43": 9.920000076293945, "44": 9.9399995803833, "45": 9.9399995803833, "46": 9.9399995803833, "47": 9.9399995803833, "48": 9.949999809265137, "49": 9.960000038146973, "50": 9.970000267028809, "51": 9.949999809265137, "52": 9.949999809265137, "53": 9.949999809265137, "54": 9.9399995803833, "55": 9.979999542236328, "56": 9.930000305175781, "57": 9.979999542236328, "58": 10.175000190734863, "59": 9.9399995803833, "60": 9.970000267028809, "61": 9.9399995803833, "62": 9.979999542236328, "63": 9.989999771118164, "64": 9.9399995803833, "65": 9.960000038146973, "66": 9.90999984741211, "67": 9.890000343322754, "68": 9.960000038146973, "69": 9.890000343322754, "70": 9.869999885559082, "71": 9.869999885559082, "72": 9.913999557495117, "73": 9.949999809265137, "74": 9.949999809265137, "75": 9.949999809265137, "76": 9.907999992370605, "77": 9.895000457763672, "78": 9.9399995803833, "79": 9.890000343322754, "80": 9.9399995803833, "81": 9.899999618530273, "82": 9.899999618530273, "83": 9.949999809265137, "84": 9.925000190734863, "85": 9.944999694824219, "86": 9.949999809265137, "87": 9.932999610900879, "88": 9.930000305175781, "89": 9.930000305175781, "90": 9.970000267028809, "91": 9.930000305175781, "92": 9.920000076293945, "93": 9.960000038146973, "94": 9.90999984741211, "95": 9.920000076293945, "96": 9.920000076293945, "97": 10.40999984741211, "98": 10.041000366210938, "99": 10.133000373840332, "100": 9.9399995803833, "101": 9.90999984741211, "102": 9.90999984741211, "103": 9.9399995803833, "104": 9.9399995803833, "105": 9.9399995803833, "106": 9.949999809265137, "107": 10.175000190734863, "108": 9.930000305175781, "109": 9.930000305175781, "110": 9.930000305175781, "111": 9.960000038146973, "112": 9.935999870300293, "113": 9.9350004196167, "114": 9.9350004196167, "115": 9.949999809265137, "116": 10.010000228881836, "117": 9.970000267028809, "118": 9.949999809265137, "119": 9.970000267028809, "120": 9.970000267028809, "121": 9.960000038146973, "122": 9.979999542236328, "123": 9.970000267028809, "124": 9.949999809265137, "125": 9.989999771118164, "126": 9.960000038146973, "127": 9.979999542236328, "128": 10.0, "129": 10.0, "130": 9.9399995803833, "131": 9.991999626159668, "132": 9.979999542236328, "133": 10.0, "134": 10.010000228881836, "135": 10.010000228881836, "136": 10.0, "137": 9.979999542236328, "138": 9.989999771118164, "139": 9.989999771118164, "140": 9.989999771118164, "141": 10.029999732971191, "142": 10.0, "143": 10.010000228881836, "144": 10.020000457763672, "145": 10.020000457763672, "146": 10.020000457763672, "147": 10.039999961853027, "148": 10.050000190734863, "149": 10.0600004196167, "150": 10.0600004196167, "151": 10.039999961853027, "152": 10.050000190734863, "153": 10.050000190734863, "154": 10.050000190734863, "155": 10.050000190734863, "156": 10.0600004196167, "157": 10.069999694824219, "158": 10.0600004196167, "159": 10.074000358581543, "160": 10.079999923706055, "161": 10.050000190734863, "162": 10.09000015258789, "163": 10.100000381469727, "164": 10.08899974822998, "165": 10.09000015258789, "166": 10.09000015258789, "167": 10.055000305175781, "168": 10.079999923706055, "169": 10.079999923706055, "170": 10.079999923706055, "171": 10.09000015258789, "172": 10.109999656677246, "173": 10.109999656677246, "174": 10.100000381469727, "175": 10.100000381469727, "176": 10.100000381469727, "177": 10.069999694824219, "178": 10.10200023651123, "179": 10.109999656677246, "180": 10.109999656677246, "181": 10.109999656677246, "182": 10.109999656677246, "183": 10.109999656677246, "184": 10.109000205993652, "185": 10.149999618530273, "186": 10.114999771118164, "187": 10.119999885559082, "188": 10.119999885559082, "189": 10.119999885559082, "190": 10.119999885559082, "191": 10.130000114440918, "192": 10.140000343322754, "193": 10.135000228881836, "194": 10.130000114440918, "195": 10.149999618530273, "196": 10.149999618530273, "197": 10.15999984741211, "198": 10.149999618530273, "199": 10.15999984741211, "200": 10.170000076293945, "201": 10.164999961853027, "202": 10.170000076293945, "203": 10.180000305175781, "204": 10.180000305175781, "205": 10.180000305175781, "206": 10.1899995803833, "207": 10.180000305175781, "208": 10.1899995803833, "209": 10.220000267028809, "210": 10.229999542236328, "211": 10.229999542236328, "212": 10.210000038146973, "213": 10.199999809265137, "214": 10.210000038146973, "215": 10.229999542236328, "216": 10.220000267028809, "217": 10.220000267028809, "218": 10.220000267028809, "219": 10.220000267028809, "220": 10.229999542236328, "221": 10.270000457763672, "222": 10.282999992370605, "223": 10.279999732971191, "224": 10.279999732971191, "225": 10.279999732971191, "226": 10.279999732971191, "227": 10.279999732971191, "228": 10.265000343322754, "229": 10.260000228881836, "230": 10.289999961853027, "231": 10.34000015258789, "232": 10.300000190734863, "233": 10.289999961853027, "234": 10.319999694824219, "235": 10.319999694824219, "236": 10.289999961853027, "237": 10.359999656677246, "238": 10.3100004196167, "239": 10.3100004196167, "240": 10.319999694824219, "241": 10.3100004196167, "242": 10.3100004196167, "243": 10.3100004196167, "244": 10.319999694824219, "245": 10.319999694824219, "246": 10.329999923706055, "247": 10.32800006866455, "248": 10.34000015258789, "249": 10.34000015258789, "250": 10.329999923706055, "251": 10.359999656677246, "252": 10.359999656677246, "253": 10.350000381469727, "254": 10.350000381469727, "255": 10.345000267028809, "256": 10.364999771118164, "257": 10.369999885559082, "258": 10.369999885559082, "259": 10.369999885559082, "260": 10.369999885559082, "261": 10.380000114440918, "262": 10.380000114440918, "263": 10.380000114440918, "264": 10.390000343322754, "265": 10.385000228881836, "266": 10.404999732971191, "267": 10.399999618530273, "268": 10.399999618530273, "269": 10.420000076293945, "270": 10.399999618530273, "271": 10.420000076293945, "272": 10.899999618530273, "273": 10.449999809265137, "274": 10.449999809265137, "275": 10.600000381469727, "276": 10.430000305175781, "277": 10.460000038146973, "278": 10.430000305175781, "279": 10.460000038146973, "280": 10.529999732971191, "281": 10.510000228881836, "282": 10.520000457763672, "283": 10.479999542236328, "284": 10.454999923706055, "285": 10.550000190734863, "286": 10.449999809265137, "287": 10.449999809265137, "288": 10.4399995803833, "289": 10.4399995803833, "290": 10.4399995803833, "291": 10.449999809265137, "292": 10.4399995803833, "293": 10.5, "294": 11.0, "295": 10.449999809265137, "296": 10.4399995803833, "297": 10.460000038146973, "298": 10.460000038146973, "299": 10.5, "300": 10.48900032043457, "301": 10.789999961853027, "302": 10.510000228881836, "303": 10.899999618530273, "304": 10.670000076293945, "305": 10.510000228881836, "306": 10.489999771118164, "307": 10.489999771118164, "308": 10.529999732971191, "309": 10.494999885559082, "310": 10.5, "311": 10.489999771118164, "312": 10.5, "313": 10.5, "314": 10.5, "315": 10.489999771118164, "316": 10.520000457763672, "317": 10.550000190734863, "318": 10.529999732971191, "319": 10.510000228881836, "320": 10.510000228881836, "321": 11.270000457763672, "322": 10.539999961853027, "323": 10.520000457763672, "324": 10.84000015258789, "325": 10.529999732971191, "326": 10.529999732971191, "327": 10.539999961853027, "328": 10.550000190734863, "329": 11.199999809265137, "330": 10.550000190734863, "331": 10.539999961853027, "332": 10.569999694824219, "333": 10.609999656677246, "334": 10.569999694824219, "335": 10.569999694824219, "336": 10.574999809265137, "337": 10.579999923706055, "338": 10.579999923706055, "339": 10.569999694824219, "340": 10.579999923706055, "341": 10.579999923706055, "342": 10.59000015258789, "343": 10.59000015258789, "344": 10.59000015258789, "345": 10.569999694824219, "346": 10.616000175476074, "347": 10.59000015258789, "348": 10.630000114440918, "349": 10.609999656677246, "350": 10.609999656677246, "351": 10.609999656677246, "352": 10.609999656677246}, "low": {"0": 9.880000114440918, "1": 9.920000076293945, "2": 9.850000381469727, "3": 9.753999710083008, "4": 9.800000190734863, "5": 9.8100004196167, "6": 9.800000190734863, "7": 9.84000015258789, "8": 9.819999694824219, "9": 9.819999694824219, "10": 9.800000190734863, "11": 9.859999656677246, "12": 9.8100004196167, "13": 9.760000228881836, "14": 9.8100004196167, "15": 9.84000015258789, "16": 9.850000381469727, "17": 9.84000015258789, "18": 9.850000381469727, "19": 9.890000343322754, "20": 9.880000114440918, "21": 9.850000381469727, "22": 9.890000343322754, "23": 9.880000114440918, "24": 9.869999885559082, "25": 9.880000114440918, "26": 9.864999771118164, "27": 9.845000267028809, "28": 9.895000457763672, "29": 9.899999618530273, "30": 9.890000343322754, "31": 9.800000190734863, "32": 9.899999618530273, "33": 9.90999984741211, "34": 9.869999885559082, "35": 9.899999618530273, "36": 9.890000343322754, "37": 9.880000114440918, "38": 9.880000114440918, "39": 9.90999984741211, "40": 9.90999984741211, "41": 9.90999984741211, "42": 9.899999618530273, "43": 9.880000114440918, "44": 9.90999984741211, "45": 9.930000305175781, "46": 9.909000396728516, "47": 9.928999900817871, "48": 9.925999641418457, "49": 9.920000076293945, "50": 9.930000305175781, "51": 9.949999809265137, "52": 9.920000076293945, "53": 9.9399995803833, "54": 9.9399995803833, "55": 9.920000076293945, "56": 9.914999961853027, "57": 9.9399995803833, "58": 9.90999984741211, "59": 9.920000076293945, "60": 9.949999809265137, "61": 9.9399995803833, "62": 9.939000129699707, "63": 9.930000305175781, "64": 9.920000076293945, "65": 9.899999618530273, "66": 9.890000343322754, "67": 9.880000114440918, "68": 9.890000343322754, "69": 9.869999885559082, "70": 9.869999885559082, "71": 9.869999885559082, "72": 9.890000343322754, "73": 9.890000343322754, "74": 9.880000114440918, "75": 9.869999885559082, "76": 9.869999885559082, "77": 9.890000343322754, "78": 9.899999618530273, "79": 9.869999885559082, "80": 9.890000343322754, "81": 9.899999618530273, "82": 9.899999618530273, "83": 9.899999618530273, "84": 9.899999618530273, "85": 9.920000076293945, "86": 9.930000305175781, "87": 9.920000076293945, "88": 9.920000076293945, "89": 9.920000076293945, "90": 9.970000267028809, "91": 9.920000076293945, "92": 9.920000076293945, "93": 9.90999984741211, "94": 9.899999618530273, "95": 9.899999618530273, "96": 9.920000076293945, "97": 9.899999618530273, "98": 9.90999984741211, "99": 9.90999984741211, "100": 9.90999984741211, "101": 9.90999984741211, "102": 9.90999984741211, "103": 9.90999984741211, "104": 9.90999984741211, "105": 9.9399995803833, "106": 9.930000305175781, "107": 9.930000305175781, "108": 9.930000305175781, "109": 9.920000076293945, "110": 9.925000190734863, "111": 9.930000305175781, "112": 9.930000305175781, "113": 9.920000076293945, "114": 9.9350004196167, "115": 9.9350004196167, "116": 9.970000267028809, "117": 9.949999809265137, "118": 9.930000305175781, "119": 9.930000305175781, "120": 9.930000305175781, "121": 9.9399995803833, "122": 9.949999809265137, "123": 9.970000267028809, "124": 9.949999809265137, "125": 9.9399995803833, "126": 9.960000038146973, "127": 9.960000038146973, "128": 9.975000381469727, "129": 9.975000381469727, "130": 9.9399995803833, "131": 9.9399995803833, "132": 9.979999542236328, "133": 9.949999809265137, "134": 10.010000228881836, "135": 9.979999542236328, "136": 10.0, "137": 9.979999542236328, "138": 9.9399995803833, "139": 9.979999542236328, "140": 9.989999771118164, "141": 9.989999771118164, "142": 9.989999771118164, "143": 9.979999542236328, "144": 10.010000228881836, "145": 10.010000228881836, "146": 10.010000228881836, "147": 10.029999732971191, "148": 10.029999732971191, "149": 10.0600004196167, "150": 10.010000228881836, "151": 10.020000457763672, "152": 10.039999961853027, "153": 10.039999961853027, "154": 10.039999961853027, "155": 10.020000457763672, "156": 10.029999732971191, "157": 10.045000076293945, "158": 10.020000457763672, "159": 10.050000190734863, "160": 10.050000190734863, "161": 10.050000190734863, "162": 10.050000190734863, "163": 10.0600004196167, "164": 10.069999694824219, "165": 10.09000015258789, "166": 10.069999694824219, "167": 10.0, "168": 10.079999923706055, "169": 10.079999923706055, "170": 10.079999923706055, "171": 10.0600004196167, "172": 10.0600004196167, "173": 10.020000457763672, "174": 10.100000381469727, "175": 10.069999694824219, "176": 10.100000381469727, "177": 10.069999694824219, "178": 10.069999694824219, "179": 10.079999923706055, "180": 10.109999656677246, "181": 10.109999656677246, "182": 10.079999923706055, "183": 10.079999923706055, "184": 10.100000381469727, "185": 10.100000381469727, "186": 10.100000381469727, "187": 10.109999656677246, "188": 10.109999656677246, "189": 10.119999885559082, "190": 10.119999885559082, "191": 10.119999885559082, "192": 10.130000114440918, "193": 10.130000114440918, "194": 10.130000114440918, "195": 10.140000343322754, "196": 10.140000343322754, "197": 10.140000343322754, "198": 10.149999618530273, "199": 10.15999984741211, "200": 10.15999984741211, "201": 10.164999961853027, "202": 10.15999984741211, "203": 10.180000305175781, "204": 10.180000305175781, "205": 10.170000076293945, "206": 10.1899995803833, "207": 10.170000076293945, "208": 10.180000305175781, "209": 10.1899995803833, "210": 10.1899995803833, "211": 10.229999542236328, "212": 10.199999809265137, "213": 10.199999809265137, "214": 10.199999809265137, "215": 10.199999809265137, "216": 10.210000038146973, "217": 10.220000267028809, "218": 10.210000038146973, "219": 10.210000038146973, "220": 10.220000267028809, "221": 10.239999771118164, "222": 10.220000267028809, "223": 10.279999732971191, "224": 10.279999732971191, "225": 10.279999732971191, "226": 10.279999732971191, "227": 10.270000457763672, "228": 10.255000114440918, "229": 10.260000228881836, "230": 10.289999961853027, "231": 10.274999618530273, "232": 10.289999961853027, "233": 10.289999961853027, "234": 10.289999961853027, "235": 10.270000457763672, "236": 10.289999961853027, "237": 10.3100004196167, "238": 10.289999961853027, "239": 10.3100004196167, "240": 10.300000190734863, "241": 10.300000190734863, "242": 10.3100004196167, "243": 10.300000190734863, "244": 10.3100004196167, "245": 10.3100004196167, "246": 10.300000190734863, "247": 10.3100004196167, "248": 10.319999694824219, "249": 10.329999923706055, "250": 10.329999923706055, "251": 10.329999923706055, "252": 10.345000267028809, "253": 10.34000015258789, "254": 10.329999923706055, "255": 10.34000015258789, "256": 10.34000015258789, "257": 10.34000015258789, "258": 10.350000381469727, "259": 10.359999656677246, "260": 10.359999656677246, "261": 10.364999771118164, "262": 10.359999656677246, "263": 10.380000114440918, "264": 10.380000114440918, "265": 10.380000114440918, "266": 10.380000114440918, "267": 10.350000381469727, "268": 10.385000228881836, "269": 10.390000343322754, "270": 10.390000343322754, "271": 10.395000457763672, "272": 10.399999618530273, "273": 10.420000076293945, "274": 10.420000076293945, "275": 10.40999984741211, "276": 10.420000076293945, "277": 10.420000076293945, "278": 10.420000076293945, "279": 10.420000076293945, "280": 10.42199993133545, "281": 10.460000038146973, "282": 10.470000267028809, "283": 10.430000305175781, "284": 10.449999809265137, "285": 10.449999809265137, "286": 10.449999809265137, "287": 10.449999809265137, "288": 10.4399995803833, "289": 10.4399995803833, "290": 10.4399995803833, "291": 10.4399995803833, "292": 10.4399995803833, "293": 10.4399995803833, "294": 10.449999809265137, "295": 10.4399995803833, "296": 10.4399995803833, "297": 10.460000038146973, "298": 10.449999809265137, "299": 10.460000038146973, "300": 10.470000267028809, "301": 10.470000267028809, "302": 10.449999809265137, "303": 10.460000038146973, "304": 10.5, "305": 10.479999542236328, "306": 10.479999542236328, "307": 10.479999542236328, "308": 10.479999542236328, "309": 10.489999771118164, "310": 10.489999771118164, "311": 10.489999771118164, "312": 10.489999771118164, "313": 10.489999771118164, "314": 10.489999771118164, "315": 10.489999771118164, "316": 10.494999885559082, "317": 10.5, "318": 10.5, "319": 10.510000228881836, "320": 10.510000228881836, "321": 10.539999961853027, "322": 10.520000457763672, "323": 10.520000457763672, "324": 10.520000457763672, "325": 10.520000457763672, "326": 10.529999732971191, "327": 10.529999732971191, "328": 10.529999732971191, "329": 10.529999732971191, "330": 10.520000457763672, "331": 10.529999732971191, "332": 10.555000305175781, "333": 10.545000076293945, "334": 10.539999961853027, "335": 10.520000457763672, "336": 10.550000190734863, "337": 10.550000190734863, "338": 10.550000190734863, "339": 10.550000190734863, "340": 10.5600004196167, "341": 10.5600004196167, "342": 10.569999694824219, "343": 10.569999694824219, "344": 10.569999694824219, "345": 10.569999694824219, "346": 10.579999923706055, "347": 10.579999923706055, "348": 10.579999923706055, "349": 10.579999923706055, "350": 10.59000015258789, "351": 10.59000015258789, "352": 10.59000015258789}, "close": {"0": 9.920000076293945, "1": 9.920000076293945, "2": 9.850000381469727, "3": 9.859999656677246, "4": 9.800000190734863, "5": 9.824999809265137, "6": 9.84000015258789, "7": 9.84000015258789, "8": 9.829999923706055, "9": 9.880000114440918, "10": 9.859999656677246, "11": 9.859999656677246, "12": 9.8149995803833, "13": 9.829999923706055, "14": 9.8100004196167, "15": 9.84000015258789, "16": 9.850000381469727, "17": 9.850000381469727, "18": 9.869999885559082, "19": 9.890000343322754, "20": 9.880000114440918, "21": 9.880000114440918, "22": 9.890000343322754, "23": 9.890000343322754, "24": 9.890000343322754, "25": 9.90999984741211, "26": 9.899999618530273, "27": 9.890000343322754, "28": 9.895000457763672, "29": 9.899999618530273, "30": 9.90999984741211, "31": 9.899999618530273, "32": 9.899999618530273, "33": 9.914999961853027, "34": 9.914999961853027, "35": 9.920000076293945, "36": 9.890000343322754, "37": 9.90999984741211, "38": 9.904999732971191, "39": 9.90999984741211, "40": 9.90999984741211, "41": 9.90999984741211, "42": 9.90999984741211, "43": 9.920000076293945, "44": 9.90999984741211, "45": 9.930000305175781, "46": 9.9399995803833, "47": 9.930000305175781, "48": 9.949999809265137, "49": 9.960000038146973, "50": 9.949999809265137, "51": 9.949999809265137, "52": 9.949999809265137, "53": 9.9399995803833, "54": 9.9399995803833, "55": 9.920000076293945, "56": 9.930000305175781, "57": 9.9399995803833, "58": 9.90999984741211, "59": 9.9399995803833, "60": 9.949999809265137, "61": 9.9399995803833, "62": 9.949999809265137, "63": 9.930000305175781, "64": 9.930000305175781, "65": 9.899999618530273, "66": 9.890000343322754, "67": 9.890000343322754, "68": 9.890000343322754, "69": 9.869999885559082, "70": 9.869999885559082, "71": 9.869999885559082, "72": 9.890000343322754, "73": 9.890000343322754, "74": 9.890000343322754, "75": 9.869999885559082, "76": 9.890000343322754, "77": 9.890000343322754, "78": 9.899999618530273, "79": 9.890000343322754, "80": 9.899999618530273, "81": 9.899999618530273, "82": 9.899999618530273, "83": 9.920000076293945, "84": 9.925000190734863, "85": 9.920000076293945, "86": 9.9350004196167, "87": 9.920000076293945, "88": 9.920000076293945, "89": 9.930000305175781, "90": 9.970000267028809, "91": 9.920000076293945, "92": 9.920000076293945, "93": 9.920000076293945, "94": 9.90999984741211, "95": 9.920000076293945, "96": 9.920000076293945, "97": 9.90999984741211, "98": 9.90999984741211, "99": 9.90999984741211, "100": 9.9399995803833, "101": 9.90999984741211, "102": 9.90999984741211, "103": 9.930000305175781, "104": 9.930000305175781, "105": 9.9399995803833, "106": 9.930000305175781, "107": 9.930000305175781, "108": 9.930000305175781, "109": 9.930000305175781, "110": 9.930000305175781, "111": 9.930000305175781, "112": 9.930000305175781, "113": 9.9350004196167, "114": 9.9350004196167, "115": 9.949999809265137, "116": 9.984999656677246, "117": 9.96500015258789, "118": 9.949999809265137, "119": 9.930000305175781, "120": 9.930000305175781, "121": 9.960000038146973, "122": 9.960000038146973, "123": 9.970000267028809, "124": 9.949999809265137, "125": 9.989999771118164, "126": 9.960000038146973, "127": 9.960000038146973, "128": 9.979999542236328, "129": 9.979999542236328, "130": 9.9399995803833, "131": 9.979999542236328, "132": 9.979999542236328, "133": 9.979999542236328, "134": 10.010000228881836, "135": 10.010000228881836, "136": 10.0, "137": 9.979999542236328, "138": 9.989999771118164, "139": 9.989999771118164, "140": 9.989999771118164, "141": 9.989999771118164, "142": 10.0, "143": 10.010000228881836, "144": 10.010000228881836, "145": 10.020000457763672, "146": 10.020000457763672, "147": 10.039999961853027, "148": 10.039999961853027, "149": 10.0600004196167, "150": 10.029999732971191, "151": 10.03499984741211, "152": 10.045000076293945, "153": 10.050000190734863, "154": 10.050000190734863, "155": 10.039999961853027, "156": 10.0600004196167, "157": 10.045000076293945, "158": 10.0600004196167, "159": 10.050000190734863, "160": 10.050000190734863, "161": 10.050000190734863, "162": 10.069999694824219, "163": 10.0600004196167, "164": 10.08899974822998, "165": 10.09000015258789, "166": 10.069999694824219, "167": 10.0, "168": 10.079999923706055, "169": 10.079999923706055, "170": 10.079999923706055, "171": 10.09000015258789, "172": 10.104999542236328, "173": 10.109999656677246, "174": 10.100000381469727, "175": 10.100000381469727, "176": 10.100000381469727, "177": 10.069999694824219, "178": 10.10200023651123, "179": 10.079999923706055, "180": 10.109999656677246, "181": 10.109999656677246, "182": 10.079999923706055, "183": 10.079999923706055, "184": 10.100000381469727, "185": 10.100000381469727, "186": 10.114999771118164, "187": 10.119999885559082, "188": 10.119999885559082, "189": 10.119999885559082, "190": 10.119999885559082, "191": 10.119999885559082, "192": 10.140000343322754, "193": 10.130000114440918, "194": 10.130000114440918, "195": 10.140000343322754, "196": 10.149999618530273, "197": 10.149999618530273, "198": 10.149999618530273, "199": 10.15999984741211, "200": 10.15999984741211, "201": 10.164999961853027, "202": 10.170000076293945, "203": 10.180000305175781, "204": 10.180000305175781, "205": 10.180000305175781, "206": 10.1899995803833, "207": 10.170000076293945, "208": 10.1899995803833, "209": 10.1899995803833, "210": 10.1899995803833, "211": 10.229999542236328, "212": 10.210000038146973, "213": 10.199999809265137, "214": 10.210000038146973, "215": 10.21399974822998, "216": 10.220000267028809, "217": 10.220000267028809, "218": 10.220000267028809, "219": 10.220000267028809, "220": 10.220000267028809, "221": 10.239999771118164, "222": 10.279999732971191, "223": 10.279999732971191, "224": 10.279999732971191, "225": 10.279999732971191, "226": 10.279999732971191, "227": 10.270000457763672, "228": 10.260000228881836, "229": 10.260000228881836, "230": 10.289999961853027, "231": 10.274999618530273, "232": 10.289999961853027, "233": 10.289999961853027, "234": 10.289999961853027, "235": 10.270000457763672, "236": 10.289999961853027, "237": 10.3100004196167, "238": 10.3100004196167, "239": 10.3100004196167, "240": 10.3100004196167, "241": 10.3100004196167, "242": 10.3100004196167, "243": 10.3100004196167, "244": 10.3100004196167, "245": 10.319999694824219, "246": 10.324999809265137, "247": 10.32800006866455, "248": 10.34000015258789, "249": 10.336999893188477, "250": 10.329999923706055, "251": 10.329999923706055, "252": 10.345000267028809, "253": 10.34000015258789, "254": 10.34000015258789, "255": 10.340999603271484, "256": 10.359999656677246, "257": 10.34000015258789, "258": 10.359999656677246, "259": 10.359999656677246, "260": 10.359999656677246, "261": 10.369999885559082, "262": 10.380000114440918, "263": 10.380000114440918, "264": 10.390000343322754, "265": 10.385000228881836, "266": 10.385000228881836, "267": 10.350000381469727, "268": 10.385000228881836, "269": 10.399999618530273, "270": 10.390000343322754, "271": 10.399999618530273, "272": 10.430000305175781, "273": 10.420000076293945, "274": 10.420000076293945, "275": 10.40999984741211, "276": 10.420000076293945, "277": 10.420000076293945, "278": 10.430000305175781, "279": 10.460000038146973, "280": 10.460000038146973, "281": 10.5, "282": 10.510000228881836, "283": 10.479999542236328, "284": 10.449999809265137, "285": 10.449999809265137, "286": 10.449999809265137, "287": 10.449999809265137, "288": 10.4399995803833, "289": 10.4399995803833, "290": 10.4399995803833, "291": 10.4399995803833, "292": 10.4399995803833, "293": 10.479999542236328, "294": 10.460000038146973, "295": 10.4399995803833, "296": 10.4399995803833, "297": 10.460000038146973, "298": 10.460000038146973, "299": 10.5, "300": 10.470000267028809, "301": 10.529999732971191, "302": 10.449999809265137, "303": 10.899999618530273, "304": 10.670000076293945, "305": 10.479999542236328, "306": 10.479999542236328, "307": 10.479999542236328, "308": 10.510000228881836, "309": 10.489999771118164, "310": 10.494999885559082, "311": 10.489999771118164, "312": 10.489999771118164, "313": 10.489999771118164, "314": 10.489999771118164, "315": 10.489999771118164, "316": 10.520000457763672, "317": 10.5, "318": 10.510000228881836, "319": 10.510000228881836, "320": 10.510000228881836, "321": 10.539999961853027, "322": 10.520000457763672, "323": 10.520000457763672, "324": 10.520000457763672, "325": 10.529999732971191, "326": 10.529999732971191, "327": 10.529999732971191, "328": 10.545000076293945, "329": 10.550000190734863, "330": 10.520000457763672, "331": 10.539999961853027, "332": 10.569999694824219, "333": 10.574999809265137, "334": 10.539999961853027, "335": 10.550000190734863, "336": 10.5600004196167, "337": 10.5600004196167, "338": 10.550000190734863, "339": 10.569999694824219, "340": 10.569999694824219, "341": 10.5600004196167, "342": 10.569999694824219, "343": 10.569999694824219, "344": 10.579999923706055, "345": 10.569999694824219, "346": 10.616000175476074, "347": 10.579999923706055, "348": 10.59000015258789, "349": 10.600000381469727, "350": 10.609999656677246, "351": 10.609999656677246, "352": 10.609999656677246}, "volume": {"0": 200, "1": 100, "2": 500, "3": 3100, "4": 115600, "5": 18300, "6": 1600, "7": 600, "8": 68100, "9": 30100, "10": 10800, "11": 100, "12": 1700, "13": 12500, "14": 5800, "15": 300, "16": 2800, "17": 107000, "18": 93200, "19": 200, "20": 2900, "21": 4200, "22": 5600, "23": 5300, "24": 175500, "25": 300400, "26": 2700, "27": 35000, "28": 1300, "29": 1100, "30": 10000, "31": 5600, "32": 10200, "33": 714000, "34": 25200, "35": 26000, "36": 25900, "37": 118100, "38": 22800, "39": 200, "40": 200, "41": 6200, "42": 5600, "43": 1400, "44": 60400, "45": 17800, "46": 11900, "47": 51300, "48": 17400, "49": 15700, "50": 68800, "51": 0, "52": 2700, "53": 5200, "54": 200000, "55": 2100, "56": 4400, "57": 2300, "58": 6100, "59": 257300, "60": 302300, "61": 700, "62": 6600, "63": 109500, "64": 3500, "65": 30500, "66": 16400, "67": 370700, "68": 42800, "69": 69000, "70": 0, "71": 0, "72": 3500, "73": 102600, "74": 3900, "75": 3500, "76": 111900, "77": 1010000, "78": 119600, "79": 5800, "80": 223100, "81": 0, "82": 0, "83": 1286200, "84": 87100, "85": 3700, "86": 21100, "87": 11100, "88": 12300, "89": 200, "90": 100, "91": 3400, "92": 0, "93": 900, "94": 8300, "95": 18700, "96": 0, "97": 2600, "98": 2700, "99": 2700, "100": 25700, "101": 200, "102": 0, "103": 244200, "104": 3600, "105": 700, "106": 1700, "107": 5300, "108": 100, "109": 35400, "110": 1400, "111": 600, "112": 500, "113": 6400, "114": 200, "115": 5200, "116": 1000, "117": 250300, "118": 400, "119": 1200, "120": 353800, "121": 2500, "122": 11600, "123": 5400, "124": 345000, "125": 10600, "126": 200, "127": 29900, "128": 37700, "129": 3500, "130": 100, "131": 18600, "132": 100, "133": 350300, "134": 100, "135": 414500, "136": 800, "137": 400, "138": 600, "139": 1900, "140": 1800, "141": 500, "142": 56100, "143": 22900, "144": 5100, "145": 42700, "146": 17500, "147": 148100, "148": 212100, "149": 200, "150": 3500, "151": 197900, "152": 15100, "153": 73400, "154": 22800, "155": 1265300, "156": 12900, "157": 1000, "158": 138400, "159": 150500, "160": 500, "161": 2100, "162": 112900, "163": 457400, "164": 600, "165": 2700, "166": 200, "167": 300, "168": 25100, "169": 0, "170": 13700, "171": 12900, "172": 190500, "173": 53500, "174": 600, "175": 707500, "176": 1200, "177": 200, "178": 417800, "179": 14600, "180": 100, "181": 100, "182": 9400, "183": 300, "184": 10100, "185": 24200, "186": 27700, "187": 600, "188": 21000, "189": 3100, "190": 101300, "191": 123200, "192": 232100, "193": 26500, "194": 100, "195": 44300, "196": 800, "197": 9200, "198": 300, "199": 200, "200": 500, "201": 200, "202": 23600, "203": 800, "204": 0, "205": 200, "206": 200, "207": 2800, "208": 14200, "209": 1200, "210": 1220500, "211": 100, "212": 6100, "213": 100, "214": 50500, "215": 6200, "216": 800, "217": 0, "218": 600, "219": 600, "220": 11000, "221": 102000, "222": 8300, "223": 0, "224": 0, "225": 0, "226": 17600, "227": 55200, "228": 20400, "229": 5200, "230": 1174500, "231": 7100, "232": 300, "233": 400, "234": 1400, "235": 21000, "236": 29800, "237": 5100, "238": 300, "239": 700, "240": 3400, "241": 26600, "242": 700, "243": 7800, "244": 116400, "245": 900, "246": 129400, "247": 400, "248": 226600, "249": 14200, "250": 100, "251": 510200, "252": 1800, "253": 500, "254": 500, "255": 700, "256": 469600, "257": 2100, "258": 5900, "259": 1900, "260": 7400, "261": 1600, "262": 968400, "263": 27200, "264": 5300, "265": 6300, "266": 654000, "267": 32000, "268": 15200, "269": 900, "270": 55000, "271": 21300, "272": 1658700, "273": 229200, "274": 6700, "275": 9700, "276": 75500, "277": 79300, "278": 656800, "279": 38000, "280": 4000, "281": 517700, "282": 800, "283": 400, "284": 309600, "285": 310300, "286": 4600, "287": 0, "288": 869200, "289": 200, "290": 182400, "291": 5100, "292": 25300, "293": 19400, "294": 2800, "295": 300, "296": 3800, "297": 8000, "298": 25600, "299": 697100, "300": 102900, "301": 126000, "302": 834300, "303": 2000, "304": 7700, "305": 291800, "306": 511300, "307": 35600, "308": 27700, "309": 184000, "310": 39100, "311": 800, "312": 9600, "313": 166200, "314": 3800, "315": 100, "316": 9600, "317": 200, "318": 2800, "319": 0, "320": 0, "321": 11600, "322": 1500500, "323": 500, "324": 48400, "325": 14900, "326": 0, "327": 1600, "328": 100600, "329": 2561500, "330": 23500, "331": 250700, "332": 19900, "333": 14900, "334": 2700, "335": 4040600, "336": 257300, "337": 5200, "338": 2900, "339": 136400, "340": 28200, "341": 54600, "342": 278800, "343": 23800, "344": 173300, "345": 37700, "346": 2000, "347": 3600, "348": 1800, "349": 57700, "350": 400, "351": 403, "352": 403}, "adjclose": {"0": 9.920000076293945, "1": 9.920000076293945, "2": 9.850000381469727, "3": 9.859999656677246, "4": 9.800000190734863, "5": 9.824999809265137, "6": 9.84000015258789, "7": 9.84000015258789, "8": 9.829999923706055, "9": 9.880000114440918, "10": 9.859999656677246, "11": 9.859999656677246, "12": 9.8149995803833, "13": 9.829999923706055, "14": 9.8100004196167, "15": 9.84000015258789, "16": 9.850000381469727, "17": 9.850000381469727, "18": 9.869999885559082, "19": 9.890000343322754, "20": 9.880000114440918, "21": 9.880000114440918, "22": 9.890000343322754, "23": 9.890000343322754, "24": 9.890000343322754, "25": 9.90999984741211, "26": 9.899999618530273, "27": 9.890000343322754, "28": 9.895000457763672, "29": 9.899999618530273, "30": 9.90999984741211, "31": 9.899999618530273, "32": 9.899999618530273, "33": 9.914999961853027, "34": 9.914999961853027, "35": 9.920000076293945, "36": 9.890000343322754, "37": 9.90999984741211, "38": 9.904999732971191, "39": 9.90999984741211, "40": 9.90999984741211, "41": 9.90999984741211, "42": 9.90999984741211, "43": 9.920000076293945, "44": 9.90999984741211, "45": 9.930000305175781, "46": 9.9399995803833, "47": 9.930000305175781, "48": 9.949999809265137, "49": 9.960000038146973, "50": 9.949999809265137, "51": 9.949999809265137, "52": 9.949999809265137, "53": 9.9399995803833, "54": 9.9399995803833, "55": 9.920000076293945, "56": 9.930000305175781, "57": 9.9399995803833, "58": 9.90999984741211, "59": 9.9399995803833, "60": 9.949999809265137, "61": 9.9399995803833, "62": 9.949999809265137, "63": 9.930000305175781, "64": 9.930000305175781, "65": 9.899999618530273, "66": 9.890000343322754, "67": 9.890000343322754, "68": 9.890000343322754, "69": 9.869999885559082, "70": 9.869999885559082, "71": 9.869999885559082, "72": 9.890000343322754, "73": 9.890000343322754, "74": 9.890000343322754, "75": 9.869999885559082, "76": 9.890000343322754, "77": 9.890000343322754, "78": 9.899999618530273, "79": 9.890000343322754, "80": 9.899999618530273, "81": 9.899999618530273, "82": 9.899999618530273, "83": 9.920000076293945, "84": 9.925000190734863, "85": 9.920000076293945, "86": 9.9350004196167, "87": 9.920000076293945, "88": 9.920000076293945, "89": 9.930000305175781, "90": 9.970000267028809, "91": 9.920000076293945, "92": 9.920000076293945, "93": 9.920000076293945, "94": 9.90999984741211, "95": 9.920000076293945, "96": 9.920000076293945, "97": 9.90999984741211, "98": 9.90999984741211, "99": 9.90999984741211, "100": 9.9399995803833, "101": 9.90999984741211, "102": 9.90999984741211, "103": 9.930000305175781, "104": 9.930000305175781, "105": 9.9399995803833, "106": 9.930000305175781, "107": 9.930000305175781, "108": 9.930000305175781, "109": 9.930000305175781, "110": 9.930000305175781, "111": 9.930000305175781, "112": 9.930000305175781, "113": 9.9350004196167, "114": 9.9350004196167, "115": 9.949999809265137, "116": 9.984999656677246, "117": 9.96500015258789, "118": 9.949999809265137, "119": 9.930000305175781, "120": 9.930000305175781, "121": 9.960000038146973, "122": 9.960000038146973, "123": 9.970000267028809, "124": 9.949999809265137, "125": 9.989999771118164, "126": 9.960000038146973, "127": 9.960000038146973, "128": 9.979999542236328, "129": 9.979999542236328, "130": 9.9399995803833, "131": 9.979999542236328, "132": 9.979999542236328, "133": 9.979999542236328, "134": 10.010000228881836, "135": 10.010000228881836, "136": 10.0, "137": 9.979999542236328, "138": 9.989999771118164, "139": 9.989999771118164, "140": 9.989999771118164, "141": 9.989999771118164, "142": 10.0, "143": 10.010000228881836, "144": 10.010000228881836, "145": 10.020000457763672, "146": 10.020000457763672, "147": 10.039999961853027, "148": 10.039999961853027, "149": 10.0600004196167, "150": 10.029999732971191, "151": 10.03499984741211, "152": 10.045000076293945, "153": 10.050000190734863, "154": 10.050000190734863, "155": 10.039999961853027, "156": 10.0600004196167, "157": 10.045000076293945, "158": 10.0600004196167, "159": 10.050000190734863, "160": 10.050000190734863, "161": 10.050000190734863, "162": 10.069999694824219, "163": 10.0600004196167, "164": 10.08899974822998, "165": 10.09000015258789, "166": 10.069999694824219, "167": 10.0, "168": 10.079999923706055, "169": 10.079999923706055, "170": 10.079999923706055, "171": 10.09000015258789, "172": 10.104999542236328, "173": 10.109999656677246, "174": 10.100000381469727, "175": 10.100000381469727, "176": 10.100000381469727, "177": 10.069999694824219, "178": 10.10200023651123, "179": 10.079999923706055, "180": 10.109999656677246, "181": 10.109999656677246, "182": 10.079999923706055, "183": 10.079999923706055, "184": 10.100000381469727, "185": 10.100000381469727, "186": 10.114999771118164, "187": 10.119999885559082, "188": 10.119999885559082, "189": 10.119999885559082, "190": 10.119999885559082, "191": 10.119999885559082, "192": 10.140000343322754, "193": 10.130000114440918, "194": 10.130000114440918, "195": 10.140000343322754, "196": 10.149999618530273, "197": 10.149999618530273, "198": 10.149999618530273, "199": 10.15999984741211, "200": 10.15999984741211, "201": 10.164999961853027, "202": 10.170000076293945, "203": 10.180000305175781, "204": 10.180000305175781, "205": 10.180000305175781, "206": 10.1899995803833, "207": 10.170000076293945, "208": 10.1899995803833, "209": 10.1899995803833, "210": 10.1899995803833, "211": 10.229999542236328, "212": 10.210000038146973, "213": 10.199999809265137, "214": 10.210000038146973, "215": 10.21399974822998, "216": 10.220000267028809, "217": 10.220000267028809, "218": 10.220000267028809, "219": 10.220000267028809, "220": 10.220000267028809, "221": 10.239999771118164, "222": 10.279999732971191, "223": 10.279999732971191, "224": 10.279999732971191, "225": 10.279999732971191, "226": 10.279999732971191, "227": 10.270000457763672, "228": 10.260000228881836, "229": 10.260000228881836, "230": 10.289999961853027, "231": 10.274999618530273, "232": 10.289999961853027, "233": 10.289999961853027, "234": 10.289999961853027, "235": 10.270000457763672, "236": 10.289999961853027, "237": 10.3100004196167, "238": 10.3100004196167, "239": 10.3100004196167, "240": 10.3100004196167, "241": 10.3100004196167, "242": 10.3100004196167, "243": 10.3100004196167, "244": 10.3100004196167, "245": 10.319999694824219, "246": 10.324999809265137, "247": 10.32800006866455, "248": 10.34000015258789, "249": 10.336999893188477, "250": 10.329999923706055, "251": 10.329999923706055, "252": 10.345000267028809, "253": 10.34000015258789, "254": 10.34000015258789, "255": 10.340999603271484, "256": 10.359999656677246, "257": 10.34000015258789, "258": 10.359999656677246, "259": 10.359999656677246, "260": 10.359999656677246, "261": 10.369999885559082, "262": 10.380000114440918, "263": 10.380000114440918, "264": 10.390000343322754, "265": 10.385000228881836, "266": 10.385000228881836, "267": 10.350000381469727, "268": 10.385000228881836, "269": 10.399999618530273, "270": 10.390000343322754, "271": 10.399999618530273, "272": 10.430000305175781, "273": 10.420000076293945, "274": 10.420000076293945, "275": 10.40999984741211, "276": 10.420000076293945, "277": 10.420000076293945, "278": 10.430000305175781, "279": 10.460000038146973, "280": 10.460000038146973, "281": 10.5, "282": 10.510000228881836, "283": 10.479999542236328, "284": 10.449999809265137, "285": 10.449999809265137, "286": 10.449999809265137, "287": 10.449999809265137, "288": 10.4399995803833, "289": 10.4399995803833, "290": 10.4399995803833, "291": 10.4399995803833, "292": 10.4399995803833, "293": 10.479999542236328, "294": 10.460000038146973, "295": 10.4399995803833, "296": 10.4399995803833, "297": 10.460000038146973, "298": 10.460000038146973, "299": 10.5, "300": 10.470000267028809, "301": 10.529999732971191, "302": 10.449999809265137, "303": 10.899999618530273, "304": 10.670000076293945, "305": 10.479999542236328, "306": 10.479999542236328, "307": 10.479999542236328, "308": 10.510000228881836, "309": 10.489999771118164, "310": 10.494999885559082, "311": 10.489999771118164, "312": 10.489999771118164, "313": 10.489999771118164, "314": 10.489999771118164, "315": 10.489999771118164, "316": 10.520000457763672, "317": 10.5, "318": 10.510000228881836, "319": 10.510000228881836, "320": 10.510000228881836, "321": 10.539999961853027, "322": 10.520000457763672, "323": 10.520000457763672, "324": 10.520000457763672, "325": 10.529999732971191, "326": 10.529999732971191, "327": 10.529999732971191, "328": 10.545000076293945, "329": 10.550000190734863, "330": 10.520000457763672, "331": 10.539999961853027, "332": 10.569999694824219, "333": 10.574999809265137, "334": 10.539999961853027, "335": 10.550000190734863, "336": 10.5600004196167, "337": 10.5600004196167, "338": 10.550000190734863, "339": 10.569999694824219, "340": 10.569999694824219, "341": 10.5600004196167, "342": 10.569999694824219, "343": 10.569999694824219, "344": 10.579999923706055, "345": 10.569999694824219, "346": 10.616000175476074, "347": 10.579999923706055, "348": 10.59000015258789, "349": 10.600000381469727, "350": 10.609999656677246, "351": 10.609999656677246, "352": 10.609999656677246}}, "profile": {"address1": "777 Brickell Avenue", "address2": "No. 500-97545", "city": "Miami", "state": "FL", "zip": "33131", "country": "United States", "phone": "61 460 545 788", "website": "https://www.futureacquisition.com", "industry": "Shell Companies", "industryDisp": "Shell Companies", "sector": "Financial Services", "longBusinessSummary": "Battery Future Acquisition Corp. does not have significant operations. It intends to effect a merger, capital share exchange, asset acquisition, stock purchase, reorganization, or similar business combination with one or more businesses. The company intends to search on industries spearheading the shift from fossil fuels to electrification, including companies in the battery value chain. Battery Future Acquisition Corp. was incorporated in 2021 and is based in Miami, Florida.", "companyOfficers": [{"maxAge": 1, "name": "Mr. Gregory Pentland Martyr BEc, LLB", "age": 58, "title": "CEO & Director", "yearBorn": 1964, "exercisedValue": 0, "unexercisedValue": 0}, {"maxAge": 1, "name": "Mr. Kristopher Laurens Salinger", "age": 39, "title": "CFO & Director", "yearBorn": 1983, "exercisedValue": 0, "unexercisedValue": 0}, {"maxAge": 1, "name": "Mr. Joshua David Payne", "age": 28, "title": "Chief Operating Officer", "yearBorn": 1994, "exercisedValue": 0, "unexercisedValue": 0}, {"maxAge": 1, "name": "Mr. Nicholas Charles O'Loughlin", "age": 32, "title": "Chief Devel. Officer", "yearBorn": 1990, "exercisedValue": 0, "unexercisedValue": 0}], "maxAge": 86400, "latitude": 25.76619399048677, "longitude": -80.18894599759436}}