{"income_statement": {"annual": {"Year": {"1": "Selling, General & Admin", "2": "Operating Expenses", "3": "Operating Income", "4": "Other Expense / Income", "5": "Pretax Income", "6": "Income Tax", "7": "Net Income", "8": "Net Income Growth", "9": "Shares Outstanding (Basic)", "10": "Shares Outstanding (Diluted)", "11": "Shares Change", "12": "EPS (Basic)", "13": "EPS (Diluted)", "14": "Free Cash Flow Per Share", "15": "Effective Tax Rate", "16": "EBITDA", "17": "EBIT"}, "2022": {"1": "2.12", "2": "2.12", "3": "-2.12", "4": "-9.87", "5": "7.75", "6": "0.09", "7": "7.67", "8": "-38.31%", "9": "28", "10": "28", "11": "118.19%", "12": "0.13", "13": "0.13", "14": "-0.06", "15": "1.11%", "16": "7.75", "17": "7.75"}, "2021": {"1": "0.56", "2": "0.56", "3": "-0.56", "4": "-12.99", "5": "12.43", "6": "0", "7": "12.43", "8": "-", "9": "13", "10": "13", "11": "-", "12": "-1.95", "13": "-1.95", "14": "-0.09", "15": "-", "16": "12.43", "17": "12.43"}}, "quarterly": {"Metrics": {"1": "Selling, General & Admin", "2": "Operating Expenses", "3": "Operating Income", "4": "Other Expense / Income", "5": "Pretax Income", "6": "Income Tax", "7": "Net Income", "8": "Shares Outstanding (Basic)", "9": "Shares Outstanding (Diluted)", "10": "Shares Change", "11": "EPS (Basic)", "12": "EPS (Diluted)", "13": "Free Cash Flow Per Share", "14": "Effective Tax Rate", "15": "EBITDA", "16": "EBIT"}, "2022-12-31": {"1": "0.68", "2": "0.68", "3": "-0.68", "4": "-1.88", "5": "1.2", "6": "0.09", "7": "1.12", "8": "24", "9": "24", "10": "90.11%", "11": "-0.04", "12": "-0.04", "13": "-0.04", "14": "7.17%", "15": "1.2", "16": "1.2"}, "2022-09-30": {"1": "0.45", "2": "0.45", "3": "-0.45", "4": "-1.76", "5": "1.32", "6": "0", "7": "1.32", "8": "29", "9": "29", "10": "400.00%", "11": "-", "12": "-", "13": "0.00", "14": "-", "15": "1.32", "16": "1.32"}, "2022-06-30": {"1": "0.54", "2": "0.54", "3": "-0.54", "4": "-5.42", "5": "4.88", "6": "0", "7": "4.88", "8": "29", "9": "29", "10": "400.00%", "11": "0.17", "12": "0.17", "13": "-0.01", "14": "-", "15": "4.88", "16": "4.88"}, "2022-03-31": {"1": "0.46", "2": "0.46", "3": "-0.46", "4": "-0.81", "5": "0.36", "6": "0", "7": "0.36", "8": "29", "9": "29", "10": "-", "11": "-0.01", "12": "-0.01", "13": "-0.01", "14": "-", "15": "0.36", "16": "0.36"}, "2021-12-31": {"1": "-", "2": "-", "3": "-", "4": "-", "5": "-", "6": "-", "7": "-", "8": "13", "9": "-", "10": "-", "11": "-", "12": "-", "13": "-", "14": "-", "15": "-", "16": "-"}, "2021-09-30": {"1": "0", "2": "0", "3": "0", "4": "-", "5": "0", "6": "0", "7": "0", "8": "6", "9": "6", "10": "-", "11": "-", "12": "-", "13": "-0.01", "14": "-", "15": "0", "16": "0"}, "2021-06-30": {"1": "0.03", "2": "0.03", "3": "-0.03", "4": "-", "5": "-0.03", "6": "0", "7": "-0.03", "8": "6", "9": "6", "10": "-", "11": "-", "12": "-", "13": "-0.02", "14": "-", "15": "-0.03", "16": "-0.03"}}}, "balance_sheet": {"annual": {"Year": {"1": "Cash & Equivalents", "2": "Cash & Cash Equivalents", "3": "Cash Growth", "4": "Other Current Assets", "5": "Total Current Assets", "6": "Long-Term Investments", "7": "Total Long-Term Assets", "8": "Total Assets", "9": "Current Debt", "10": "Other Current Liabilities", "11": "Total Current Liabilities", "12": "Other Long-Term Liabilities", "13": "Total Long-Term Liabilities", "14": "Total Liabilities", "15": "Total Debt", "16": "Common Stock", "17": "Retained Earnings", "18": "Shareholders' Equity", "19": "Total Liabilities and Equity", "20": "Net Cash / Debt", "21": "Net Cash Per Share", "22": "Working Capital", "23": "Book Value Per Share"}, "2022": {"1": "0.01", "2": "0.01", "3": "-98.79%", "4": "0", "5": "0.01", "6": "51.34", "7": "51.34", "8": "51.35", "9": "0.3", "10": "2.21", "11": "2.51", "12": "8.05", "13": "8.05", "14": "10.56", "15": "0.3", "16": "0", "17": "-9.33", "18": "-9.33", "19": "1.23", "20": "-0.29", "21": "-0.01", "22": "-2.5", "23": "-0.34"}, "2021": {"1": "1.13", "2": "1.13", "3": "-", "4": "0.57", "5": "1.7", "6": "232.28", "7": "232.28", "8": "233.99", "9": "0", "10": "8.96", "11": "8.96", "12": "8.05", "13": "8.05", "14": "17.01", "15": "0", "16": "0", "17": "-13.03", "18": "-13.03", "19": "3.99", "20": "1.13", "21": "0.09", "22": "-7.26", "23": "-1.03"}}, "quarterly": {"Metrics": {"1": "Cash & Equivalents", "2": "Cash & Cash Equivalents", "3": "Cash Growth", "4": "Other Current Assets", "5": "Total Current Assets", "6": "Long-Term Investments", "7": "Other Long-Term Assets", "8": "Total Long-Term Assets", "9": "Total Assets", "10": "Current Debt", "11": "Other Current Liabilities", "12": "Total Current Liabilities", "13": "Long-Term Debt", "14": "Other Long-Term Liabilities", "15": "Total Long-Term Liabilities", "16": "Total Liabilities", "17": "Total Debt", "18": "Common Stock", "19": "Retained Earnings", "20": "Shareholders' Equity", "21": "Total Liabilities and Equity", "22": "Net Cash / Debt", "23": "Net Cash Per Share", "24": "Working Capital", "25": "Book Value Per Share"}, "2022-12-31": {"1": "0.01", "2": "0.01", "3": "-98.79%", "4": "0", "5": "0.01", "6": "51.34", "7": "0", "8": "51.34", "9": "51.35", "10": "0.3", "11": "2.21", "12": "2.51", "13": "0", "14": "8.05", "15": "8.05", "16": "10.56", "17": "0.3", "18": "0", "19": "-9.33", "20": "-9.33", "21": "1.23", "22": "-0.29", "23": "-0.01", "24": "-2.5", "25": "-0.39"}, "2022-09-30": {"1": "0.37", "2": "0.37", "3": "31511.24%", "4": "0.02", "5": "0.38", "6": "233.94", "7": "0", "8": "233.94", "9": "234.32", "10": "0", "11": "2.75", "12": "2.75", "13": "0", "14": "8.05", "15": "8.05", "16": "10.8", "17": "0", "18": "0", "19": "-8.2", "20": "-8.2", "21": "2.6", "22": "0.37", "23": "0.01", "24": "-2.37", "25": "-0.28"}, "2022-06-30": {"1": "0.62", "2": "0.62", "3": "9803.65%", "4": "0.2", "5": "0.82", "6": "232.53", "7": "0", "8": "232.53", "9": "233.35", "10": "0", "11": "3.09", "12": "3.09", "13": "0", "14": "8.05", "15": "8.05", "16": "11.14", "17": "0", "18": "0", "19": "-7.8", "20": "-7.8", "21": "3.35", "22": "0.62", "23": "0.02", "24": "-2.27", "25": "-0.27"}, "2022-03-31": {"1": "0.85", "2": "0.85", "3": "-", "4": "0.39", "5": "1.24", "6": "232.32", "7": "0", "8": "232.32", "9": "233.56", "10": "0", "11": "8.18", "12": "8.18", "13": "0", "14": "8.05", "15": "8.05", "16": "16.23", "17": "0", "18": "0", "19": "-12.67", "20": "-12.67", "21": "3.56", "22": "0.85", "23": "0.03", "24": "-6.94", "25": "-0.44"}, "2021-12-31": {"1": "1.13", "2": "1.13", "3": "-", "4": "0.57", "5": "1.7", "6": "232.28", "7": "0", "8": "232.28", "9": "233.99", "10": "0", "11": "8.96", "12": "8.96", "13": "0", "14": "8.05", "15": "8.05", "16": "17.01", "17": "0", "18": "0", "19": "-13.03", "20": "-13.03", "21": "3.99", "22": "1.13", "23": "-", "24": "-7.26", "25": "-1.03"}, "2021-09-30": {"1": "0", "2": "0", "3": "-", "4": "0.02", "5": "0.02", "6": "0", "7": "0.33", "8": "0.33", "9": "0.35", "10": "0.15", "11": "0.21", "12": "0.35", "13": "0", "14": "0", "15": "0", "16": "0.35", "17": "0.15", "18": "0.03", "19": "-0.03", "20": "-0.01", "21": "0.35", "22": "-0.14", "23": "-0.03", "24": "-0.33", "25": "-0.00"}, "2021-06-30": {"1": "0.01", "2": "0.01", "3": "-", "4": "0.02", "5": "0.02", "6": "0", "7": "0.3", "8": "0.3", "9": "0.32", "10": "0", "11": "0.21", "12": "0.21", "13": "0.12", "14": "0", "15": "0.12", "16": "0.33", "17": "0.12", "18": "0.03", "19": "-0.03", "20": "-0.01", "21": "0.32", "22": "-0.11", "23": "-0.02", "24": "-0.18", "25": "-0.00"}}}, "cash_flow_statement": {"annual": {"Year": {"1": "Net Income", "2": "Other Operating Activities", "3": "Operating Cash Flow", "4": "Change in Investments", "5": "Investing Cash Flow", "6": "Share Issuance / Repurchase", "7": "Debt Issued / Paid", "8": "Other Financing Activities", "9": "Financing Cash Flow", "10": "Net Cash Flow", "11": "Free Cash Flow", "12": "Free Cash Flow Per Share"}, "2022": {"1": "7.67", "2": "-9.22", "3": "-1.56", "4": "183.98", "5": "183.98", "6": "-183.84", "7": "0.3", "8": "-", "9": "-183.54", "10": "-1.12", "11": "-1.56", "12": "-0.06"}, "2021": {"1": "12.43", "2": "-13.56", "3": "-1.13", "4": "-232.3", "5": "-232.3", "6": "225.43", "7": "0", "8": "9.13", "9": "234.56", "10": "1.13", "11": "-1.13", "12": "-0.09"}}, "quarterly": {"Metrics": {"1": "Net Income", "2": "Other Operating Activities", "3": "Operating Cash Flow", "4": "Change in Investments", "5": "Investing Cash Flow", "6": "Share Issuance / Repurchase", "7": "Debt Issued / Paid", "8": "Financing Cash Flow", "9": "Net Cash Flow", "10": "Free Cash Flow", "11": "Free Cash Flow Per Share"}, "2022-12-31": {"1": "1.12", "2": "-2.12", "3": "-1.01", "4": "184.2", "5": "184.2", "6": "-183.84", "7": "0.3", "8": "-183.54", "9": "-0.35", "10": "-1.01", "11": "-0.04"}, "2022-09-30": {"1": "1.32", "2": "-1.29", "3": "0.03", "4": "-0.28", "5": "-0.28", "6": "0", "7": "0", "8": "0", "9": "-0.25", "10": "0.03", "11": "0.00"}, "2022-06-30": {"1": "4.88", "2": "-5.18", "3": "-0.3", "4": "0", "5": "0", "6": "0", "7": "0", "8": "0", "9": "-0.23", "10": "-0.3", "11": "-0.01"}, "2022-03-31": {"1": "0.36", "2": "-0.64", "3": "-0.28", "4": "0", "5": "0", "6": "0", "7": "0", "8": "0", "9": "-0.28", "10": "-0.28", "11": "-0.01"}, "2021-12-31": {"1": "-", "2": "-", "3": "-", "4": "-", "5": "-", "6": "-", "7": "-", "8": "-", "9": "-", "10": "-", "11": "-"}, "2021-09-30": {"1": "0", "2": "-0.03", "3": "-0.03", "4": "0", "5": "0", "6": "0", "7": "0.03", "8": "0.03", "9": "-0.01", "10": "-0.03", "11": "-0.01"}, "2021-06-30": {"1": "-0.03", "2": "-0.11", "3": "-0.13", "4": "0", "5": "0", "6": "0", "7": "0.11", "8": "0.11", "9": "-0.02", "10": "-0.13", "11": "-0.02"}}}, "ratios": {"annual": {"Year": {"1": "Market Capitalization", "2": "Market Cap Growth", "3": "Enterprise Value", "4": "PE Ratio", "5": "PB Ratio", "6": "P/FCF Ratio", "7": "P/OCF Ratio", "8": "EV/EBITDA Ratio", "9": "EV/EBIT Ratio", "10": "EV/FCF Ratio", "11": "Debt / Equity Ratio", "12": "Debt / EBITDA Ratio", "13": "Debt / FCF Ratio", "14": "Current Ratio", "15": "Return on Equity (ROE)", "16": "Return on Assets (ROA)", "17": "Return on Capital (ROIC)", "18": "Earnings Yield", "19": "FCF Yield", "20": "Buyback Yield / Dilution", "21": "Total Shareholder Return"}, "Current": {"1": "105", "2": "-", "3": "106", "4": "79.38", "5": "-30.96", "6": "-185.60", "7": "-185.60", "8": "13.64", "9": "13.64", "10": "-185.78", "11": "-0.03", "12": "0.04", "13": "-0.19", "14": "0.01", "15": "-80.70%", "16": "4.10%", "17": "4.20%", "18": "7.27%", "19": "-1.48%", "20": "-118.19%", "21": "-118.19%"}, "2022": {"1": "289", "2": "2.55%", "3": "289", "4": "37.69", "5": "-30.96", "6": "-185.60", "7": "-185.60", "8": "37.31", "9": "37.31", "10": "-185.78", "11": "-0.03", "12": "0.04", "13": "-0.19", "14": "0.01", "15": "-80.70%", "16": "4.10%", "17": "4.20%", "18": "2.65%", "19": "-0.54%", "20": "-118.19%", "21": "-118.19%"}, "2021": {"1": "282", "2": "-", "3": "281", "4": "22.67", "5": "-21.63", "6": "-249.74", "7": "-249.74", "8": "22.58", "9": "22.58", "10": "-248.74", "11": "-", "12": "-", "13": "-", "14": "0.19", "15": "-", "16": "-", "17": "-", "18": "4.41%", "19": "-0.40%", "20": "-", "21": "-"}}, "quarterly": {"Metrics": {"1": "Market Capitalization", "2": "Market Cap Growth", "3": "Enterprise Value", "4": "PE Ratio", "5": "PB Ratio", "6": "Debt / Equity Ratio", "7": "Current Ratio", "8": "Buyback Yield / Dilution", "9": "Total Shareholder Return"}, "Current": {"1": "105", "2": "-", "3": "106", "4": "79.38", "5": "-30.96", "6": "-0.03", "7": "0.01", "8": "-118.19%", "9": "-118.19%"}, "2022-12-31": {"1": "289", "2": "2.55%", "3": "289", "4": "37.69", "5": "-30.96", "6": "-0.03", "7": "0.01", "8": "-90.11%", "9": "-90.11%"}, "2022-09-30": {"1": "285", "2": "-", "3": "285", "4": "-", "5": "-34.82", "6": "-", "7": "0.14", "8": "-400.00%", "9": "-400.00%"}, "2022-06-30": {"1": "283", "2": "-", "3": "283", "4": "16.03", "5": "-36.36", "6": "-", "7": "0.27", "8": "-400.00%", "9": "-400.00%"}, "2022-03-31": {"1": "283", "2": "-", "3": "282", "4": "-", "5": "-22.35", "6": "-", "7": "0.15", "8": "-", "9": "-"}, "2021-12-31": {"1": "282", "2": "-", "3": "281", "4": "22.67", "5": "-21.63", "6": "-", "7": "0.19", "8": "-", "9": "-"}, "2021-09-30": {"1": "-", "2": "-", "3": "0", "4": "-", "5": "-", "6": "-26.14", "7": "0.05", "8": "-", "9": "-"}, "2021-06-30": {"1": "-", "2": "-", "3": "0", "4": "-", "5": "-", "6": "-21.63", "7": "0.11", "8": "-", "9": "-"}}}, "stock_price": {"symbol": {"0": "BHAC", "1": "BHAC", "2": "BHAC", "3": "BHAC", "4": "BHAC", "5": "BHAC", "6": "BHAC", "7": "BHAC", "8": "BHAC", "9": "BHAC", "10": "BHAC", "11": "BHAC", "12": "BHAC", "13": "BHAC", "14": "BHAC", "15": "BHAC", "16": "BHAC", "17": "BHAC", "18": "BHAC", "19": "BHAC", "20": "BHAC", "21": "BHAC", "22": "BHAC", "23": "BHAC", "24": "BHAC", "25": "BHAC", "26": "BHAC", "27": "BHAC", "28": "BHAC", "29": "BHAC", "30": "BHAC", "31": "BHAC", "32": "BHAC", "33": "BHAC", "34": "BHAC", "35": "BHAC", "36": "BHAC", "37": "BHAC", "38": "BHAC", "39": "BHAC", "40": "BHAC", "41": "BHAC", "42": "BHAC", "43": "BHAC", "44": "BHAC", "45": "BHAC", "46": "BHAC", "47": "BHAC", "48": "BHAC", "49": "BHAC", "50": "BHAC", "51": "BHAC", "52": "BHAC", "53": "BHAC", "54": "BHAC", "55": "BHAC", "56": "BHAC", "57": "BHAC", "58": "BHAC", "59": "BHAC", "60": "BHAC", "61": "BHAC", "62": "BHAC", "63": "BHAC", "64": "BHAC", "65": "BHAC", "66": "BHAC", "67": "BHAC", "68": "BHAC", "69": "BHAC", "70": "BHAC", "71": "BHAC", "72": "BHAC", "73": "BHAC", "74": "BHAC", "75": "BHAC", "76": "BHAC", "77": "BHAC", "78": "BHAC", "79": "BHAC", "80": "BHAC", "81": "BHAC", "82": "BHAC", "83": "BHAC", "84": "BHAC", "85": "BHAC", "86": "BHAC", "87": "BHAC", "88": "BHAC", "89": "BHAC", "90": "BHAC", "91": "BHAC", "92": "BHAC", "93": "BHAC", "94": "BHAC", "95": "BHAC", "96": "BHAC", "97": "BHAC", "98": "BHAC", "99": "BHAC", "100": "BHAC", "101": "BHAC", "102": "BHAC", "103": "BHAC", "104": "BHAC", "105": "BHAC", "106": "BHAC", "107": "BHAC", "108": "BHAC", "109": "BHAC", "110": "BHAC", "111": "BHAC", "112": "BHAC", "113": "BHAC", "114": "BHAC", "115": "BHAC", "116": "BHAC", "117": "BHAC", "118": "BHAC", "119": "BHAC", "120": "BHAC", "121": "BHAC", "122": "BHAC", "123": "BHAC", "124": "BHAC", "125": "BHAC", "126": "BHAC", "127": "BHAC", "128": "BHAC", "129": "BHAC", "130": "BHAC", "131": "BHAC", "132": "BHAC", "133": "BHAC", "134": "BHAC", "135": "BHAC", "136": "BHAC", "137": "BHAC", "138": "BHAC", "139": "BHAC", "140": "BHAC", "141": "BHAC", "142": "BHAC", "143": "BHAC", "144": "BHAC", "145": "BHAC", "146": "BHAC", "147": "BHAC", "148": "BHAC", "149": "BHAC", "150": "BHAC", "151": "BHAC", "152": "BHAC", "153": "BHAC", "154": "BHAC", "155": "BHAC", "156": "BHAC", "157": "BHAC", "158": "BHAC", "159": "BHAC", "160": "BHAC", "161": "BHAC", "162": "BHAC", "163": "BHAC", "164": "BHAC", "165": "BHAC", "166": "BHAC", "167": "BHAC", "168": "BHAC", "169": "BHAC", "170": "BHAC", "171": "BHAC", "172": "BHAC", "173": "BHAC", "174": "BHAC", "175": "BHAC", "176": "BHAC", "177": "BHAC", "178": "BHAC", "179": "BHAC", "180": "BHAC", "181": "BHAC", "182": "BHAC", "183": "BHAC", "184": "BHAC", "185": "BHAC", "186": "BHAC", "187": "BHAC", "188": "BHAC", "189": "BHAC", "190": "BHAC", "191": "BHAC", "192": "BHAC", "193": "BHAC", "194": "BHAC", "195": "BHAC", "196": "BHAC", "197": "BHAC", "198": "BHAC", "199": "BHAC", "200": "BHAC", "201": "BHAC", "202": "BHAC", "203": "BHAC", "204": "BHAC", "205": "BHAC", "206": "BHAC", "207": "BHAC", "208": "BHAC", "209": "BHAC", "210": "BHAC", "211": "BHAC", "212": "BHAC", "213": "BHAC", "214": "BHAC", "215": "BHAC", "216": "BHAC", "217": "BHAC", "218": "BHAC", "219": "BHAC", "220": "BHAC", "221": "BHAC", "222": "BHAC", "223": "BHAC", "224": "BHAC", "225": "BHAC", "226": "BHAC", "227": "BHAC", "228": "BHAC", "229": "BHAC", "230": "BHAC", "231": "BHAC", "232": "BHAC", "233": "BHAC", "234": "BHAC", "235": "BHAC", "236": "BHAC", "237": "BHAC", "238": "BHAC", "239": "BHAC", "240": "BHAC", "241": "BHAC", "242": "BHAC", "243": "BHAC", "244": "BHAC", "245": "BHAC", "246": "BHAC", "247": "BHAC", "248": "BHAC", "249": "BHAC", "250": "BHAC", "251": "BHAC", "252": "BHAC", "253": "BHAC", "254": "BHAC", "255": "BHAC", "256": "BHAC", "257": "BHAC", "258": "BHAC", "259": "BHAC", "260": "BHAC", "261": "BHAC", "262": "BHAC", "263": "BHAC", "264": "BHAC", "265": "BHAC", "266": "BHAC", "267": "BHAC", "268": "BHAC", "269": "BHAC", "270": "BHAC", "271": "BHAC", "272": "BHAC", "273": "BHAC", "274": "BHAC", "275": "BHAC", "276": "BHAC", "277": "BHAC", "278": "BHAC", "279": "BHAC", "280": "BHAC", "281": "BHAC", "282": "BHAC", "283": "BHAC", "284": "BHAC", "285": "BHAC", "286": "BHAC", "287": "BHAC", "288": "BHAC", "289": "BHAC", "290": "BHAC", "291": "BHAC", "292": "BHAC", "293": "BHAC", "294": "BHAC", "295": "BHAC", "296": "BHAC", "297": "BHAC", "298": "BHAC", "299": "BHAC", "300": "BHAC", "301": "BHAC", "302": "BHAC", "303": "BHAC", "304": "BHAC", "305": "BHAC", "306": "BHAC", "307": "BHAC", "308": "BHAC", "309": "BHAC", "310": "BHAC", "311": "BHAC", "312": "BHAC", "313": "BHAC", "314": "BHAC", "315": "BHAC", "316": "BHAC", "317": "BHAC", "318": "BHAC", "319": "BHAC", "320": "BHAC", "321": "BHAC", "322": "BHAC", "323": "BHAC", "324": "BHAC", "325": "BHAC", "326": "BHAC", "327": "BHAC", "328": "BHAC", "329": "BHAC", "330": "BHAC", "331": "BHAC", "332": "BHAC", "333": "BHAC", "334": "BHAC", "335": "BHAC", "336": "BHAC", "337": "BHAC", "338": "BHAC", "339": "BHAC", "340": "BHAC", "341": "BHAC", "342": "BHAC", "343": "BHAC", "344": "BHAC", "345": "BHAC", "346": "BHAC", "347": "BHAC", "348": "BHAC", "349": "BHAC", "350": "BHAC", "351": "BHAC", "352": "BHAC", "353": "BHAC", "354": "BHAC", "355": "BHAC", "356": "BHAC", "357": "BHAC", "358": "BHAC", "359": "BHAC", "360": "BHAC", "361": "BHAC", "362": "BHAC", "363": "BHAC", "364": "BHAC", "365": "BHAC", "366": "BHAC", "367": "BHAC", "368": "BHAC", "369": "BHAC", "370": "BHAC", "371": "BHAC", "372": "BHAC", "373": "BHAC", "374": "BHAC", "375": "BHAC", "376": "BHAC", "377": "BHAC", "378": "BHAC", "379": "BHAC", "380": "BHAC", "381": "BHAC", "382": "BHAC", "383": "BHAC", "384": "BHAC", "385": "BHAC", "386": "BHAC", "387": "BHAC", "388": "BHAC", "389": "BHAC", "390": "BHAC", "391": "BHAC", "392": "BHAC", "393": "BHAC", "394": "BHAC", "395": "BHAC"}, "date": {"0": "2021-11-30", "1": "2021-12-01", "2": "2021-12-02", "3": "2021-12-03", "4": "2021-12-06", "5": "2021-12-07", "6": "2021-12-08", "7": "2021-12-09", "8": "2021-12-10", "9": "2021-12-13", "10": "2021-12-14", "11": "2021-12-15", "12": "2021-12-16", "13": "2021-12-17", "14": "2021-12-20", "15": "2021-12-21", "16": "2021-12-22", "17": "2021-12-23", "18": "2021-12-27", "19": "2021-12-28", "20": "2021-12-29", "21": "2021-12-30", "22": "2021-12-31", "23": "2022-01-03", "24": "2022-01-04", "25": "2022-01-05", "26": "2022-01-06", "27": "2022-01-07", "28": "2022-01-10", "29": "2022-01-11", "30": "2022-01-12", "31": "2022-01-13", "32": "2022-01-14", "33": "2022-01-18", "34": "2022-01-19", "35": "2022-01-20", "36": "2022-01-21", "37": "2022-01-24", "38": "2022-01-25", "39": "2022-01-26", "40": "2022-01-27", "41": "2022-01-28", "42": "2022-01-31", "43": "2022-02-01", "44": "2022-02-02", "45": "2022-02-03", "46": "2022-02-04", "47": "2022-02-07", "48": "2022-02-08", "49": "2022-02-09", "50": "2022-02-10", "51": "2022-02-11", "52": "2022-02-14", "53": "2022-02-15", "54": "2022-02-16", "55": "2022-02-17", "56": "2022-02-18", "57": "2022-02-22", "58": "2022-02-23", "59": "2022-02-24", "60": "2022-02-25", "61": "2022-02-28", "62": "2022-03-01", "63": "2022-03-02", "64": "2022-03-03", "65": "2022-03-04", "66": "2022-03-07", "67": "2022-03-08", "68": "2022-03-09", "69": "2022-03-10", "70": "2022-03-11", "71": "2022-03-14", "72": "2022-03-15", "73": "2022-03-16", "74": "2022-03-17", "75": "2022-03-18", "76": "2022-03-21", "77": "2022-03-22", "78": "2022-03-23", "79": "2022-03-24", "80": "2022-03-25", "81": "2022-03-28", "82": "2022-03-29", "83": "2022-03-30", "84": "2022-03-31", "85": "2022-04-01", "86": "2022-04-04", "87": "2022-04-05", "88": "2022-04-06", "89": "2022-04-07", "90": "2022-04-08", "91": "2022-04-11", "92": "2022-04-12", "93": "2022-04-13", "94": "2022-04-14", "95": "2022-04-18", "96": "2022-04-19", "97": "2022-04-20", "98": "2022-04-21", "99": "2022-04-22", "100": "2022-04-25", "101": "2022-04-26", "102": "2022-04-27", "103": "2022-04-28", "104": "2022-04-29", "105": "2022-05-02", "106": "2022-05-03", "107": "2022-05-04", "108": "2022-05-05", "109": "2022-05-06", "110": "2022-05-09", "111": "2022-05-10", "112": "2022-05-11", "113": "2022-05-12", "114": "2022-05-13", "115": "2022-05-16", "116": "2022-05-17", "117": "2022-05-18", "118": "2022-05-19", "119": "2022-05-20", "120": "2022-05-23", "121": "2022-05-24", "122": "2022-05-25", "123": "2022-05-26", "124": "2022-05-27", "125": "2022-05-31", "126": "2022-06-01", "127": "2022-06-02", "128": "2022-06-03", "129": "2022-06-06", "130": "2022-06-07", "131": "2022-06-08", "132": "2022-06-09", "133": "2022-06-10", "134": "2022-06-13", "135": "2022-06-14", "136": "2022-06-15", "137": "2022-06-16", "138": "2022-06-17", "139": "2022-06-21", "140": "2022-06-22", "141": "2022-06-23", "142": "2022-06-24", "143": "2022-06-27", "144": "2022-06-28", "145": "2022-06-29", "146": "2022-06-30", "147": "2022-07-01", "148": "2022-07-05", "149": "2022-07-06", "150": "2022-07-07", "151": "2022-07-08", "152": "2022-07-11", "153": "2022-07-12", "154": "2022-07-13", "155": "2022-07-14", "156": "2022-07-15", "157": "2022-07-18", "158": "2022-07-19", "159": "2022-07-20", "160": "2022-07-21", "161": "2022-07-22", "162": "2022-07-25", "163": "2022-07-26", "164": "2022-07-27", "165": "2022-07-28", "166": "2022-07-29", "167": "2022-08-01", "168": "2022-08-02", "169": "2022-08-03", "170": "2022-08-04", "171": "2022-08-05", "172": "2022-08-08", "173": "2022-08-09", "174": "2022-08-10", "175": "2022-08-11", "176": "2022-08-12", "177": "2022-08-15", "178": "2022-08-16", "179": "2022-08-17", "180": "2022-08-18", "181": "2022-08-19", "182": "2022-08-22", "183": "2022-08-23", "184": "2022-08-24", "185": "2022-08-25", "186": "2022-08-26", "187": "2022-08-29", "188": "2022-08-30", "189": "2022-08-31", "190": "2022-09-01", "191": "2022-09-02", "192": "2022-09-06", "193": "2022-09-07", "194": "2022-09-08", "195": "2022-09-09", "196": "2022-09-12", "197": "2022-09-13", "198": "2022-09-14", "199": "2022-09-15", "200": "2022-09-16", "201": "2022-09-19", "202": "2022-09-20", "203": "2022-09-21", "204": "2022-09-22", "205": "2022-09-23", "206": "2022-09-26", "207": "2022-09-27", "208": "2022-09-28", "209": "2022-09-29", "210": "2022-09-30", "211": "2022-10-03", "212": "2022-10-04", "213": "2022-10-05", "214": "2022-10-06", "215": "2022-10-07", "216": "2022-10-10", "217": "2022-10-11", "218": "2022-10-12", "219": "2022-10-13", "220": "2022-10-14", "221": "2022-10-17", "222": "2022-10-18", "223": "2022-10-19", "224": "2022-10-20", "225": "2022-10-21", "226": "2022-10-24", "227": "2022-10-25", "228": "2022-10-26", "229": "2022-10-27", "230": "2022-10-28", "231": "2022-10-31", "232": "2022-11-01", "233": "2022-11-02", "234": "2022-11-03", "235": "2022-11-04", "236": "2022-11-07", "237": "2022-11-08", "238": "2022-11-09", "239": "2022-11-10", "240": "2022-11-11", "241": "2022-11-14", "242": "2022-11-15", "243": "2022-11-16", "244": "2022-11-17", "245": "2022-11-18", "246": "2022-11-21", "247": "2022-11-22", "248": "2022-11-23", "249": "2022-11-25", "250": "2022-11-28", "251": "2022-11-29", "252": "2022-11-30", "253": "2022-12-01", "254": "2022-12-02", "255": "2022-12-05", "256": "2022-12-06", "257": "2022-12-07", "258": "2022-12-08", "259": "2022-12-09", "260": "2022-12-12", "261": "2022-12-13", "262": "2022-12-14", "263": "2022-12-15", "264": "2022-12-16", "265": "2022-12-19", "266": "2022-12-20", "267": "2022-12-21", "268": "2022-12-22", "269": "2022-12-23", "270": "2022-12-27", "271": "2022-12-28", "272": "2022-12-29", "273": "2022-12-30", "274": "2023-01-03", "275": "2023-01-04", "276": "2023-01-05", "277": "2023-01-06", "278": "2023-01-09", "279": "2023-01-10", "280": "2023-01-11", "281": "2023-01-12", "282": "2023-01-13", "283": "2023-01-17", "284": "2023-01-18", "285": "2023-01-19", "286": "2023-01-20", "287": "2023-01-23", "288": "2023-01-24", "289": "2023-01-25", "290": "2023-01-26", "291": "2023-01-27", "292": "2023-01-30", "293": "2023-01-31", "294": "2023-02-01", "295": "2023-02-02", "296": "2023-02-03", "297": "2023-02-06", "298": "2023-02-07", "299": "2023-02-08", "300": "2023-02-09", "301": "2023-02-10", "302": "2023-02-13", "303": "2023-02-14", "304": "2023-02-15", "305": "2023-02-16", "306": "2023-02-17", "307": "2023-02-21", "308": "2023-02-22", "309": "2023-02-23", "310": "2023-02-24", "311": "2023-02-27", "312": "2023-02-28", "313": "2023-03-01", "314": "2023-03-02", "315": "2023-03-03", "316": "2023-03-06", "317": "2023-03-07", "318": "2023-03-08", "319": "2023-03-09", "320": "2023-03-10", "321": "2023-03-13", "322": "2023-03-14", "323": "2023-03-15", "324": "2023-03-16", "325": "2023-03-17", "326": "2023-03-20", "327": "2023-03-21", "328": "2023-03-22", "329": "2023-03-23", "330": "2023-03-24", "331": "2023-03-27", "332": "2023-03-28", "333": "2023-03-29", "334": "2023-03-30", "335": "2023-03-31", "336": "2023-04-03", "337": "2023-04-04", "338": "2023-04-05", "339": "2023-04-06", "340": "2023-04-10", "341": "2023-04-11", "342": "2023-04-12", "343": "2023-04-13", "344": "2023-04-14", "345": "2023-04-17", "346": "2023-04-18", "347": "2023-04-19", "348": "2023-04-20", "349": "2023-04-21", "350": "2023-04-24", "351": "2023-04-25", "352": "2023-04-26", "353": "2023-04-27", "354": "2023-04-28", "355": "2023-05-01", "356": "2023-05-02", "357": "2023-05-03", "358": "2023-05-04", "359": "2023-05-05", "360": "2023-05-08", "361": "2023-05-09", "362": "2023-05-10", "363": "2023-05-11", "364": "2023-05-12", "365": "2023-05-15", "366": "2023-05-16", "367": "2023-05-17", "368": "2023-05-18", "369": "2023-05-19", "370": "2023-05-22", "371": "2023-05-23", "372": "2023-05-24", "373": "2023-05-25", "374": "2023-05-26", "375": "2023-05-30", "376": "2023-05-31", "377": "2023-06-01", "378": "2023-06-02", "379": "2023-06-05", "380": "2023-06-06", "381": "2023-06-07", "382": "2023-06-08", "383": "2023-06-09", "384": "2023-06-12", "385": "2023-06-13", "386": "2023-06-14", "387": "2023-06-15", "388": "2023-06-16", "389": "2023-06-20", "390": "2023-06-21", "391": "2023-06-22", "392": "2023-06-23", "393": "2023-06-26", "394": "2023-06-27", "395": "2023-06-28"}, "open": {"0": 9.800000190734863, "1": 9.75, "2": 9.720000267028809, "3": 9.75, "4": 9.729999542236328, "5": 9.729999542236328, "6": 9.729999542236328, "7": 9.729999542236328, "8": 9.800000190734863, "9": 9.710000038146973, "10": 9.710000038146973, "11": 9.710000038146973, "12": 9.75, "13": 9.739999771118164, "14": 9.75, "15": 9.75, "16": 9.75, "17": 9.753999710083008, "18": 9.760000228881836, "19": 9.819999694824219, "20": 9.800000190734863, "21": 9.800000190734863, "22": 9.800000190734863, "23": 9.800000190734863, "24": 9.800000190734863, "25": 9.800000190734863, "26": 9.800000190734863, "27": 9.789999961853027, "28": 10.350000381469727, "29": 9.8100004196167, "30": 9.770000457763672, "31": 9.760000228881836, "32": 10.15999984741211, "33": 9.75, "34": 9.75, "35": 9.75, "36": 9.75, "37": 9.75, "38": 9.75, "39": 9.8100004196167, "40": 9.8100004196167, "41": 9.8100004196167, "42": 9.8100004196167, "43": 9.9399995803833, "44": 9.9399995803833, "45": 9.770000457763672, "46": 9.890000343322754, "47": 9.890000343322754, "48": 9.890000343322754, "49": 9.890000343322754, "50": 9.890000343322754, "51": 9.805000305175781, "52": 9.819999694824219, "53": 9.819999694824219, "54": 9.819999694824219, "55": 9.819999694824219, "56": 9.8100004196167, "57": 9.800000190734863, "58": 9.800000190734863, "59": 9.789999961853027, "60": 9.789999961853027, "61": 9.779999732971191, "62": 9.789999961853027, "63": 9.789999961853027, "64": 9.789999961853027, "65": 9.789999961853027, "66": 9.819999694824219, "67": 9.819999694824219, "68": 9.819999694824219, "69": 9.819999694824219, "70": 9.8100004196167, "71": 9.84000015258789, "72": 9.829999923706055, "73": 9.84000015258789, "74": 9.84000015258789, "75": 9.850000381469727, "76": 9.84000015258789, "77": 9.880000114440918, "78": 9.84000015258789, "79": 9.859999656677246, "80": 9.859999656677246, "81": 9.859999656677246, "82": 9.84000015258789, "83": 9.850000381469727, "84": 9.850000381469727, "85": 9.850000381469727, "86": 9.880000114440918, "87": 9.880000114440918, "88": 9.850000381469727, "89": 9.850000381469727, "90": 9.84000015258789, "91": 9.84000015258789, "92": 9.84000015258789, "93": 9.84000015258789, "94": 9.84000015258789, "95": 9.84000015258789, "96": 9.84000015258789, "97": 9.84000015258789, "98": 9.869999885559082, "99": 9.84000015258789, "100": 9.920000076293945, "101": 9.920000076293945, "102": 9.920000076293945, "103": 9.869999885559082, "104": 9.869999885559082, "105": 9.869999885559082, "106": 9.869999885559082, "107": 9.869999885559082, "108": 9.869999885559082, "109": 9.869999885559082, "110": 9.869999885559082, "111": 9.850000381469727, "112": 9.850000381469727, "113": 9.854000091552734, "114": 9.88599967956543, "115": 9.829999923706055, "116": 9.829999923706055, "117": 9.829999923706055, "118": 9.829999923706055, "119": 9.829999923706055, "120": 9.829999923706055, "121": 9.829999923706055, "122": 9.829999923706055, "123": 9.829999923706055, "124": 9.829999923706055, "125": 9.829999923706055, "126": 9.829999923706055, "127": 9.850000381469727, "128": 9.850000381469727, "129": 10.350000381469727, "130": 10.350000381469727, "131": 9.850000381469727, "132": 10.350000381469727, "133": 9.90999984741211, "134": 10.100000381469727, "135": 9.84000015258789, "136": 9.84000015258789, "137": 9.850000381469727, "138": 9.850000381469727, "139": 9.859999656677246, "140": 9.859999656677246, "141": 9.859999656677246, "142": 10.0, "143": 10.279999732971191, "144": 10.279999732971191, "145": 9.9399995803833, "146": 9.829999923706055, "147": 9.859999656677246, "148": 9.854999542236328, "149": 9.859999656677246, "150": 9.869999885559082, "151": 9.869999885559082, "152": 9.869999885559082, "153": 9.869999885559082, "154": 9.880000114440918, "155": 9.869999885559082, "156": 9.869999885559082, "157": 9.90999984741211, "158": 9.920000076293945, "159": 9.899999618530273, "160": 9.90999984741211, "161": 9.890000343322754, "162": 9.890000343322754, "163": 9.890000343322754, "164": 9.90999984741211, "165": 9.90999984741211, "166": 9.90999984741211, "167": 9.90999984741211, "168": 10.399999618530273, "169": 9.930000305175781, "170": 9.930000305175781, "171": 9.930000305175781, "172": 9.930000305175781, "173": 9.920000076293945, "174": 9.949999809265137, "175": 9.949999809265137, "176": 9.9399995803833, "177": 9.9399995803833, "178": 9.9399995803833, "179": 9.9399995803833, "180": 9.920000076293945, "181": 9.920000076293945, "182": 9.920000076293945, "183": 9.920000076293945, "184": 9.90999984741211, "185": 9.899999618530273, "186": 9.899999618530273, "187": 9.90999984741211, "188": 9.890000343322754, "189": 9.880000114440918, "190": 9.880000114440918, "191": 9.880000114440918, "192": 9.880000114440918, "193": 9.90999984741211, "194": 9.920000076293945, "195": 9.920000076293945, "196": 9.899999618530273, "197": 9.880000114440918, "198": 9.880000114440918, "199": 9.880000114440918, "200": 9.880000114440918, "201": 9.880000114440918, "202": 9.880000114440918, "203": 9.880000114440918, "204": 9.899999618530273, "205": 9.899999618530273, "206": 9.899999618530273, "207": 9.979999542236328, "208": 9.930000305175781, "209": 9.930000305175781, "210": 9.930000305175781, "211": 9.930000305175781, "212": 9.930000305175781, "213": 9.9399995803833, "214": 9.9399995803833, "215": 9.9399995803833, "216": 9.9399995803833, "217": 9.9399995803833, "218": 9.9399995803833, "219": 9.930000305175781, "220": 9.930000305175781, "221": 9.930000305175781, "222": 9.930000305175781, "223": 9.930000305175781, "224": 9.930000305175781, "225": 9.949999809265137, "226": 9.949999809265137, "227": 9.949999809265137, "228": 9.949999809265137, "229": 9.949999809265137, "230": 9.970000267028809, "231": 9.960000038146973, "232": 10.069999694824219, "233": 10.0600004196167, "234": 10.050000190734863, "235": 10.050000190734863, "236": 10.050000190734863, "237": 10.050000190734863, "238": 10.0600004196167, "239": 10.079999923706055, "240": 10.0600004196167, "241": 10.050000190734863, "242": 10.0600004196167, "243": 10.050000190734863, "244": 10.050000190734863, "245": 10.069999694824219, "246": 10.0600004196167, "247": 10.0649995803833, "248": 10.055000305175781, "249": 10.09000015258789, "250": 10.079999923706055, "251": 10.079999923706055, "252": 10.079999923706055, "253": 10.140000343322754, "254": 10.079999923706055, "255": 10.149999618530273, "256": 10.149999618530273, "257": 10.149999618530273, "258": 10.039999961853027, "259": 9.979999542236328, "260": 9.970000267028809, "261": 10.020000457763672, "262": 10.130000114440918, "263": 10.449999809265137, "264": 9.920000076293945, "265": 10.039999961853027, "266": 10.0, "267": 10.039999961853027, "268": 10.0600004196167, "269": 10.039999961853027, "270": 10.029999732971191, "271": 10.029999732971191, "272": 10.029999732971191, "273": 9.979999542236328, "274": 10.050000190734863, "275": 10.050000190734863, "276": 10.420000076293945, "277": 10.25, "278": 10.229999542236328, "279": 10.430000305175781, "280": 10.109999656677246, "281": 10.050000190734863, "282": 10.109999656677246, "283": 10.100000381469727, "284": 10.109999656677246, "285": 10.140000343322754, "286": 10.1899995803833, "287": 10.15999984741211, "288": 10.15999984741211, "289": 10.15999984741211, "290": 10.15999984741211, "291": 10.15999984741211, "292": 10.15999984741211, "293": 10.15999984741211, "294": 10.15999984741211, "295": 10.15999984741211, "296": 10.15999984741211, "297": 10.15999984741211, "298": 10.15999984741211, "299": 10.229999542236328, "300": 10.260000228881836, "301": 10.260000228881836, "302": 10.270000457763672, "303": 10.270000457763672, "304": 10.270000457763672, "305": 10.270000457763672, "306": 10.270000457763672, "307": 10.270000457763672, "308": 10.279999732971191, "309": 10.279999732971191, "310": 10.279999732971191, "311": 10.270000457763672, "312": 10.279999732971191, "313": 10.279999732971191, "314": 10.279999732971191, "315": 10.279999732971191, "316": 10.279999732971191, "317": 10.279999732971191, "318": 10.279999732971191, "319": 10.279999732971191, "320": 10.279999732971191, "321": 10.3100004196167, "322": 10.279999732971191, "323": 10.279999732971191, "324": 10.279999732971191, "325": 10.279999732971191, "326": 10.279999732971191, "327": 10.279999732971191, "328": 10.279999732971191, "329": 10.279999732971191, "330": 10.279999732971191, "331": 10.279999732971191, "332": 10.279999732971191, "333": 10.279999732971191, "334": 10.279999732971191, "335": 10.289999961853027, "336": 10.3100004196167, "337": 10.229999542236328, "338": 10.289999961853027, "339": 10.229999542236328, "340": 10.789999961853027, "341": 10.239999771118164, "342": 10.239999771118164, "343": 10.270000457763672, "344": 10.265000343322754, "345": 10.3100004196167, "346": 10.239999771118164, "347": 10.25, "348": 10.270000457763672, "349": 10.289999961853027, "350": 10.289999961853027, "351": 10.25, "352": 10.25, "353": 10.260000228881836, "354": 10.260000228881836, "355": 10.270000457763672, "356": 10.270000457763672, "357": 10.279999732971191, "358": 10.279999732971191, "359": 10.319999694824219, "360": 10.319999694824219, "361": 10.319999694824219, "362": 10.319999694824219, "363": 10.319999694824219, "364": 10.8149995803833, "365": 10.319999694824219, "366": 10.319999694824219, "367": 10.319999694824219, "368": 10.319999694824219, "369": 10.319999694824219, "370": 10.319999694824219, "371": 10.319999694824219, "372": 10.270000457763672, "373": 10.319999694824219, "374": 10.319999694824219, "375": 10.359999656677246, "376": 10.319999694824219, "377": 10.319999694824219, "378": 10.319999694824219, "379": 10.3100004196167, "380": 10.3100004196167, "381": 10.3100004196167, "382": 10.319999694824219, "383": 10.279999732971191, "384": 10.279999732971191, "385": 10.322999954223633, "386": 10.350000381469727, "387": 10.279999732971191, "388": 10.3100004196167, "389": 10.350000381469727, "390": 10.390000343322754, "391": 10.390000343322754, "392": 10.359999656677246, "393": 10.359999656677246, "394": 10.359999656677246, "395": 10.359999656677246}, "high": {"0": 9.800000190734863, "1": 9.880000114440918, "2": 9.760000228881836, "3": 9.75, "4": 9.729999542236328, "5": 9.729999542236328, "6": 9.729999542236328, "7": 9.729999542236328, "8": 9.800000190734863, "9": 9.710000038146973, "10": 9.710000038146973, "11": 9.710000038146973, "12": 9.75, "13": 9.739999771118164, "14": 9.75, "15": 9.75, "16": 9.75, "17": 9.755000114440918, "18": 9.772000312805176, "19": 9.819999694824219, "20": 9.800000190734863, "21": 9.800000190734863, "22": 9.800000190734863, "23": 9.800000190734863, "24": 9.800000190734863, "25": 10.260000228881836, "26": 9.800000190734863, "27": 9.800000190734863, "28": 10.350000381469727, "29": 9.8100004196167, "30": 9.770000457763672, "31": 9.760000228881836, "32": 10.15999984741211, "33": 9.75, "34": 9.75, "35": 9.75, "36": 9.75, "37": 9.75, "38": 9.75, "39": 9.8100004196167, "40": 9.8100004196167, "41": 9.8100004196167, "42": 9.8100004196167, "43": 9.9399995803833, "44": 9.9399995803833, "45": 9.890000343322754, "46": 9.890000343322754, "47": 9.890000343322754, "48": 9.890000343322754, "49": 9.890000343322754, "50": 9.890000343322754, "51": 10.260000228881836, "52": 9.819999694824219, "53": 9.819999694824219, "54": 9.819999694824219, "55": 9.819999694824219, "56": 9.8100004196167, "57": 9.800000190734863, "58": 9.800000190734863, "59": 9.789999961853027, "60": 9.789999961853027, "61": 9.789999961853027, "62": 9.789999961853027, "63": 9.789999961853027, "64": 9.789999961853027, "65": 9.789999961853027, "66": 9.819999694824219, "67": 9.819999694824219, "68": 9.819999694824219, "69": 9.819999694824219, "70": 9.8100004196167, "71": 9.850000381469727, "72": 9.84000015258789, "73": 9.84000015258789, "74": 9.84000015258789, "75": 9.869999885559082, "76": 9.84000015258789, "77": 9.880000114440918, "78": 9.84000015258789, "79": 9.859999656677246, "80": 9.859999656677246, "81": 9.859999656677246, "82": 9.84000015258789, "83": 9.850000381469727, "84": 9.850000381469727, "85": 9.850000381469727, "86": 9.880000114440918, "87": 9.880000114440918, "88": 9.850000381469727, "89": 9.850000381469727, "90": 9.84000015258789, "91": 9.84000015258789, "92": 9.84000015258789, "93": 9.84000015258789, "94": 9.84000015258789, "95": 9.84000015258789, "96": 9.84000015258789, "97": 9.84000015258789, "98": 9.869999885559082, "99": 9.84000015258789, "100": 9.920000076293945, "101": 9.920000076293945, "102": 9.920000076293945, "103": 9.869999885559082, "104": 9.869999885559082, "105": 9.869999885559082, "106": 9.869999885559082, "107": 9.869999885559082, "108": 9.869999885559082, "109": 9.869999885559082, "110": 9.869999885559082, "111": 9.850000381469727, "112": 9.850000381469727, "113": 9.88599967956543, "114": 9.88599967956543, "115": 9.829999923706055, "116": 9.829999923706055, "117": 9.829999923706055, "118": 9.829999923706055, "119": 9.829999923706055, "120": 9.829999923706055, "121": 9.829999923706055, "122": 9.829999923706055, "123": 9.829999923706055, "124": 9.829999923706055, "125": 9.864999771118164, "126": 9.829999923706055, "127": 9.850000381469727, "128": 9.850000381469727, "129": 10.350000381469727, "130": 10.350000381469727, "131": 9.850000381469727, "132": 10.350000381469727, "133": 9.90999984741211, "134": 10.100000381469727, "135": 9.84000015258789, "136": 9.84000015258789, "137": 9.850000381469727, "138": 9.850000381469727, "139": 9.859999656677246, "140": 9.859999656677246, "141": 9.859999656677246, "142": 10.399999618530273, "143": 10.279999732971191, "144": 10.279999732971191, "145": 9.9399995803833, "146": 9.859999656677246, "147": 9.859999656677246, "148": 9.869999885559082, "149": 9.890000343322754, "150": 9.869999885559082, "151": 9.880000114440918, "152": 9.869999885559082, "153": 9.869999885559082, "154": 9.880000114440918, "155": 9.880000114440918, "156": 9.869999885559082, "157": 9.90999984741211, "158": 9.920000076293945, "159": 9.899999618530273, "160": 9.90999984741211, "161": 9.890000343322754, "162": 9.890000343322754, "163": 9.890000343322754, "164": 9.90999984741211, "165": 9.90999984741211, "166": 9.90999984741211, "167": 9.90999984741211, "168": 10.399999618530273, "169": 9.930000305175781, "170": 9.930000305175781, "171": 9.930000305175781, "172": 9.930000305175781, "173": 9.920000076293945, "174": 9.949999809265137, "175": 9.949999809265137, "176": 9.9399995803833, "177": 9.9399995803833, "178": 9.9399995803833, "179": 9.9399995803833, "180": 9.920000076293945, "181": 9.920000076293945, "182": 9.920000076293945, "183": 9.920000076293945, "184": 9.90999984741211, "185": 9.899999618530273, "186": 9.899999618530273, "187": 9.930000305175781, "188": 9.890000343322754, "189": 9.880000114440918, "190": 9.880000114440918, "191": 9.880000114440918, "192": 9.880000114440918, "193": 9.90999984741211, "194": 9.920000076293945, "195": 9.920000076293945, "196": 9.899999618530273, "197": 9.914999961853027, "198": 9.880000114440918, "199": 9.880000114440918, "200": 9.880000114440918, "201": 9.880000114440918, "202": 9.880000114440918, "203": 9.880000114440918, "204": 9.899999618530273, "205": 9.899999618530273, "206": 9.899999618530273, "207": 9.979999542236328, "208": 9.930000305175781, "209": 9.930000305175781, "210": 9.930000305175781, "211": 9.930000305175781, "212": 9.930000305175781, "213": 9.9399995803833, "214": 9.9399995803833, "215": 9.9399995803833, "216": 9.9399995803833, "217": 9.9399995803833, "218": 9.9399995803833, "219": 9.930000305175781, "220": 9.930000305175781, "221": 9.930000305175781, "222": 9.930000305175781, "223": 9.930000305175781, "224": 9.930000305175781, "225": 9.949999809265137, "226": 9.949999809265137, "227": 9.949999809265137, "228": 9.949999809265137, "229": 9.970000267028809, "230": 9.970000267028809, "231": 9.979999542236328, "232": 10.100000381469727, "233": 10.069999694824219, "234": 10.050000190734863, "235": 10.0600004196167, "236": 10.050000190734863, "237": 10.050000190734863, "238": 10.0600004196167, "239": 10.100000381469727, "240": 10.0600004196167, "241": 10.050000190734863, "242": 10.0600004196167, "243": 10.079999923706055, "244": 10.050000190734863, "245": 10.109999656677246, "246": 10.09000015258789, "247": 10.083999633789062, "248": 10.055000305175781, "249": 10.09000015258789, "250": 10.100000381469727, "251": 10.079999923706055, "252": 10.079999923706055, "253": 10.1899995803833, "254": 10.149999618530273, "255": 10.149999618530273, "256": 10.149999618530273, "257": 10.149999618530273, "258": 10.140000343322754, "259": 9.979999542236328, "260": 10.029999732971191, "261": 10.404000282287598, "262": 10.375, "263": 10.449999809265137, "264": 10.199999809265137, "265": 10.050000190734863, "266": 10.0, "267": 10.039999961853027, "268": 10.0600004196167, "269": 10.039999961853027, "270": 10.029999732971191, "271": 10.029999732971191, "272": 10.029999732971191, "273": 10.050000190734863, "274": 10.050000190734863, "275": 10.050000190734863, "276": 10.420000076293945, "277": 10.25, "278": 10.239999771118164, "279": 10.430000305175781, "280": 10.109999656677246, "281": 10.050000190734863, "282": 10.109999656677246, "283": 10.135000228881836, "284": 10.149999618530273, "285": 10.1899995803833, "286": 10.1899995803833, "287": 10.15999984741211, "288": 10.15999984741211, "289": 10.15999984741211, "290": 10.15999984741211, "291": 10.15999984741211, "292": 10.15999984741211, "293": 10.15999984741211, "294": 10.15999984741211, "295": 10.15999984741211, "296": 10.15999984741211, "297": 10.15999984741211, "298": 10.15999984741211, "299": 10.239999771118164, "300": 10.260000228881836, "301": 10.260000228881836, "302": 10.270000457763672, "303": 10.270000457763672, "304": 10.270000457763672, "305": 10.270000457763672, "306": 10.270000457763672, "307": 10.279999732971191, "308": 10.279999732971191, "309": 10.279999732971191, "310": 10.279999732971191, "311": 10.279999732971191, "312": 10.279999732971191, "313": 10.279999732971191, "314": 10.279999732971191, "315": 10.279999732971191, "316": 10.279999732971191, "317": 10.279999732971191, "318": 10.279999732971191, "319": 10.279999732971191, "320": 10.279999732971191, "321": 10.3100004196167, "322": 10.279999732971191, "323": 10.279999732971191, "324": 10.279999732971191, "325": 10.279999732971191, "326": 10.279999732971191, "327": 10.279999732971191, "328": 10.279999732971191, "329": 10.279999732971191, "330": 10.279999732971191, "331": 10.279999732971191, "332": 10.279999732971191, "333": 10.279999732971191, "334": 10.279999732971191, "335": 10.289999961853027, "336": 10.3100004196167, "337": 10.229999542236328, "338": 10.3100004196167, "339": 10.229999542236328, "340": 10.789999961853027, "341": 10.239999771118164, "342": 10.239999771118164, "343": 10.270000457763672, "344": 10.270000457763672, "345": 10.3100004196167, "346": 10.25, "347": 10.274999618530273, "348": 10.270000457763672, "349": 10.289999961853027, "350": 10.289999961853027, "351": 10.28499984741211, "352": 10.270000457763672, "353": 10.3100004196167, "354": 10.270000457763672, "355": 10.270000457763672, "356": 10.270000457763672, "357": 10.300000190734863, "358": 10.319999694824219, "359": 10.319999694824219, "360": 10.319999694824219, "361": 10.319999694824219, "362": 10.319999694824219, "363": 10.319999694824219, "364": 10.8149995803833, "365": 10.319999694824219, "366": 10.319999694824219, "367": 10.319999694824219, "368": 10.319999694824219, "369": 10.319999694824219, "370": 10.319999694824219, "371": 10.319999694824219, "372": 10.319999694824219, "373": 10.319999694824219, "374": 10.319999694824219, "375": 10.359999656677246, "376": 10.319999694824219, "377": 10.319999694824219, "378": 10.319999694824219, "379": 10.3100004196167, "380": 10.3100004196167, "381": 10.319999694824219, "382": 10.319999694824219, "383": 10.279999732971191, "384": 10.279999732971191, "385": 10.322999954223633, "386": 10.350000381469727, "387": 10.279999732971191, "388": 10.329999923706055, "389": 10.350000381469727, "390": 10.390000343322754, "391": 10.390000343322754, "392": 10.359999656677246, "393": 10.359999656677246, "394": 10.359999656677246, "395": 10.359999656677246}, "low": {"0": 9.779999732971191, "1": 9.720000267028809, "2": 9.720000267028809, "3": 9.75, "4": 9.729999542236328, "5": 9.729999542236328, "6": 9.729999542236328, "7": 9.729999542236328, "8": 9.710000038146973, "9": 9.710000038146973, "10": 9.710000038146973, "11": 9.710000038146973, "12": 9.720000267028809, "13": 9.739999771118164, "14": 9.75, "15": 9.75, "16": 9.75, "17": 9.720000267028809, "18": 9.739999771118164, "19": 9.770000457763672, "20": 9.800000190734863, "21": 9.800000190734863, "22": 9.800000190734863, "23": 9.800000190734863, "24": 9.800000190734863, "25": 9.789999961853027, "26": 9.800000190734863, "27": 9.739999771118164, "28": 9.779999732971191, "29": 9.770000457763672, "30": 9.770000457763672, "31": 9.760000228881836, "32": 9.739999771118164, "33": 9.75, "34": 9.75, "35": 9.75, "36": 9.75, "37": 9.75, "38": 9.75, "39": 9.8100004196167, "40": 9.8100004196167, "41": 9.8100004196167, "42": 9.8100004196167, "43": 9.9399995803833, "44": 9.9399995803833, "45": 9.770000457763672, "46": 9.890000343322754, "47": 9.890000343322754, "48": 9.890000343322754, "49": 9.890000343322754, "50": 9.890000343322754, "51": 9.739999771118164, "52": 9.819999694824219, "53": 9.819999694824219, "54": 9.819999694824219, "55": 9.819999694824219, "56": 9.8100004196167, "57": 9.800000190734863, "58": 9.800000190734863, "59": 9.789999961853027, "60": 9.789999961853027, "61": 9.779999732971191, "62": 9.789999961853027, "63": 9.789999961853027, "64": 9.789999961853027, "65": 9.789999961853027, "66": 9.819999694824219, "67": 9.819999694824219, "68": 9.819999694824219, "69": 9.819999694824219, "70": 9.8100004196167, "71": 9.84000015258789, "72": 9.829999923706055, "73": 9.84000015258789, "74": 9.84000015258789, "75": 9.850000381469727, "76": 9.84000015258789, "77": 9.84000015258789, "78": 9.84000015258789, "79": 9.859999656677246, "80": 9.859999656677246, "81": 9.859999656677246, "82": 9.84000015258789, "83": 9.850000381469727, "84": 9.850000381469727, "85": 9.850000381469727, "86": 9.880000114440918, "87": 9.880000114440918, "88": 9.850000381469727, "89": 9.850000381469727, "90": 9.84000015258789, "91": 9.84000015258789, "92": 9.84000015258789, "93": 9.84000015258789, "94": 9.84000015258789, "95": 9.84000015258789, "96": 9.84000015258789, "97": 9.84000015258789, "98": 9.84000015258789, "99": 9.84000015258789, "100": 9.920000076293945, "101": 9.920000076293945, "102": 9.920000076293945, "103": 9.869999885559082, "104": 9.869999885559082, "105": 9.869999885559082, "106": 9.869999885559082, "107": 9.869999885559082, "108": 9.869999885559082, "109": 9.869999885559082, "110": 9.869999885559082, "111": 9.850000381469727, "112": 9.850000381469727, "113": 9.829999923706055, "114": 9.88599967956543, "115": 9.829999923706055, "116": 9.829999923706055, "117": 9.829999923706055, "118": 9.829999923706055, "119": 9.829999923706055, "120": 9.829999923706055, "121": 9.829999923706055, "122": 9.829999923706055, "123": 9.829999923706055, "124": 9.829999923706055, "125": 9.829999923706055, "126": 9.829999923706055, "127": 9.850000381469727, "128": 9.850000381469727, "129": 9.880000114440918, "130": 9.899999618530273, "131": 9.850000381469727, "132": 9.880000114440918, "133": 9.850000381469727, "134": 10.100000381469727, "135": 9.84000015258789, "136": 9.84000015258789, "137": 9.850000381469727, "138": 9.850000381469727, "139": 9.859999656677246, "140": 9.859999656677246, "141": 9.859999656677246, "142": 9.84000015258789, "143": 9.850000381469727, "144": 9.869999885559082, "145": 9.9399995803833, "146": 9.829999923706055, "147": 9.859999656677246, "148": 9.854999542236328, "149": 9.859999656677246, "150": 9.869999885559082, "151": 9.859999656677246, "152": 9.859999656677246, "153": 9.869999885559082, "154": 9.869999885559082, "155": 9.869999885559082, "156": 9.869999885559082, "157": 9.890000343322754, "158": 9.880000114440918, "159": 9.880000114440918, "160": 9.90999984741211, "161": 9.890000343322754, "162": 9.890000343322754, "163": 9.890000343322754, "164": 9.90999984741211, "165": 9.90999984741211, "166": 9.90999984741211, "167": 9.90999984741211, "168": 9.930000305175781, "169": 9.930000305175781, "170": 9.930000305175781, "171": 9.930000305175781, "172": 9.930000305175781, "173": 9.920000076293945, "174": 9.920000076293945, "175": 9.949999809265137, "176": 9.9399995803833, "177": 9.9399995803833, "178": 9.9399995803833, "179": 9.9399995803833, "180": 9.920000076293945, "181": 9.90999984741211, "182": 9.920000076293945, "183": 9.920000076293945, "184": 9.899999618530273, "185": 9.899999618530273, "186": 9.899999618530273, "187": 9.90999984741211, "188": 9.880000114440918, "189": 9.880000114440918, "190": 9.880000114440918, "191": 9.880000114440918, "192": 9.880000114440918, "193": 9.90999984741211, "194": 9.920000076293945, "195": 9.920000076293945, "196": 9.880000114440918, "197": 9.880000114440918, "198": 9.880000114440918, "199": 9.880000114440918, "200": 9.880000114440918, "201": 9.880000114440918, "202": 9.880000114440918, "203": 9.880000114440918, "204": 9.890000343322754, "205": 9.899999618530273, "206": 9.899999618530273, "207": 9.899999618530273, "208": 9.930000305175781, "209": 9.930000305175781, "210": 9.930000305175781, "211": 9.930000305175781, "212": 9.930000305175781, "213": 9.9399995803833, "214": 9.9399995803833, "215": 9.9399995803833, "216": 9.9399995803833, "217": 9.9399995803833, "218": 9.930000305175781, "219": 9.930000305175781, "220": 9.930000305175781, "221": 9.930000305175781, "222": 9.930000305175781, "223": 9.930000305175781, "224": 9.930000305175781, "225": 9.949999809265137, "226": 9.949999809265137, "227": 9.949999809265137, "228": 9.949999809265137, "229": 9.949999809265137, "230": 9.970000267028809, "231": 9.949999809265137, "232": 10.050000190734863, "233": 10.039999961853027, "234": 10.050000190734863, "235": 10.050000190734863, "236": 10.043999671936035, "237": 10.050000190734863, "238": 10.050000190734863, "239": 10.0600004196167, "240": 10.050000190734863, "241": 10.050000190734863, "242": 10.029999732971191, "243": 10.010000228881836, "244": 10.010000228881836, "245": 10.0600004196167, "246": 10.0600004196167, "247": 10.039999961853027, "248": 10.055000305175781, "249": 10.0600004196167, "250": 10.050000190734863, "251": 10.079999923706055, "252": 10.079999923706055, "253": 10.140000343322754, "254": 10.079999923706055, "255": 10.149999618530273, "256": 10.149999618530273, "257": 10.149999618530273, "258": 9.979999542236328, "259": 9.970000267028809, "260": 9.970000267028809, "261": 10.0, "262": 10.0, "263": 10.0, "264": 9.920000076293945, "265": 10.039999961853027, "266": 10.0, "267": 10.0, "268": 10.039999961853027, "269": 10.029999732971191, "270": 10.029999732971191, "271": 10.029999732971191, "272": 10.029999732971191, "273": 9.979999542236328, "274": 10.050000190734863, "275": 10.050000190734863, "276": 10.0600004196167, "277": 10.239999771118164, "278": 10.140000343322754, "279": 10.430000305175781, "280": 10.050000190734863, "281": 10.050000190734863, "282": 10.100000381469727, "283": 10.100000381469727, "284": 10.109999656677246, "285": 10.135000228881836, "286": 10.1899995803833, "287": 10.15999984741211, "288": 10.15999984741211, "289": 10.15999984741211, "290": 10.15999984741211, "291": 10.15999984741211, "292": 10.15999984741211, "293": 10.15999984741211, "294": 10.15999984741211, "295": 10.15999984741211, "296": 10.15999984741211, "297": 10.15999984741211, "298": 10.15999984741211, "299": 10.210000038146973, "300": 10.260000228881836, "301": 10.260000228881836, "302": 10.270000457763672, "303": 10.270000457763672, "304": 10.270000457763672, "305": 10.270000457763672, "306": 10.270000457763672, "307": 10.260000228881836, "308": 10.279999732971191, "309": 10.279999732971191, "310": 10.279999732971191, "311": 10.270000457763672, "312": 10.279999732971191, "313": 10.279999732971191, "314": 10.279999732971191, "315": 10.279999732971191, "316": 10.279999732971191, "317": 10.279999732971191, "318": 10.279999732971191, "319": 10.279999732971191, "320": 10.279999732971191, "321": 10.279999732971191, "322": 10.279999732971191, "323": 10.279999732971191, "324": 10.279999732971191, "325": 10.279999732971191, "326": 10.279999732971191, "327": 10.279999732971191, "328": 10.279999732971191, "329": 10.279999732971191, "330": 10.279999732971191, "331": 10.279999732971191, "332": 10.279999732971191, "333": 10.279999732971191, "334": 10.279999732971191, "335": 10.289999961853027, "336": 10.3100004196167, "337": 10.229999542236328, "338": 10.229999542236328, "339": 10.229999542236328, "340": 10.239999771118164, "341": 10.239999771118164, "342": 10.239999771118164, "343": 10.229999542236328, "344": 10.265000343322754, "345": 10.25, "346": 10.239999771118164, "347": 10.25, "348": 10.270000457763672, "349": 10.289999961853027, "350": 10.289999961853027, "351": 10.220000267028809, "352": 10.25, "353": 10.260000228881836, "354": 10.260000228881836, "355": 10.270000457763672, "356": 10.270000457763672, "357": 10.279999732971191, "358": 10.279999732971191, "359": 10.319999694824219, "360": 10.319999694824219, "361": 10.319999694824219, "362": 10.319999694824219, "363": 10.319999694824219, "364": 10.8149995803833, "365": 10.319999694824219, "366": 10.319999694824219, "367": 10.319999694824219, "368": 10.319999694824219, "369": 10.319999694824219, "370": 10.319999694824219, "371": 10.319999694824219, "372": 10.270000457763672, "373": 10.319999694824219, "374": 10.319999694824219, "375": 10.359999656677246, "376": 10.3100004196167, "377": 10.3100004196167, "378": 10.319999694824219, "379": 10.3100004196167, "380": 10.3100004196167, "381": 10.3100004196167, "382": 10.319999694824219, "383": 10.279999732971191, "384": 10.279999732971191, "385": 10.322999954223633, "386": 10.350000381469727, "387": 10.279999732971191, "388": 10.3100004196167, "389": 10.34000015258789, "390": 10.390000343322754, "391": 10.390000343322754, "392": 10.359999656677246, "393": 10.359999656677246, "394": 10.359999656677246, "395": 10.359999656677246}, "close": {"0": 9.779999732971191, "1": 9.720000267028809, "2": 9.75, "3": 9.75, "4": 9.729999542236328, "5": 9.729999542236328, "6": 9.729999542236328, "7": 9.729999542236328, "8": 9.710000038146973, "9": 9.710000038146973, "10": 9.710000038146973, "11": 9.710000038146973, "12": 9.739999771118164, "13": 9.739999771118164, "14": 9.75, "15": 9.75, "16": 9.75, "17": 9.720000267028809, "18": 9.739999771118164, "19": 9.800000190734863, "20": 9.800000190734863, "21": 9.800000190734863, "22": 9.800000190734863, "23": 9.800000190734863, "24": 9.800000190734863, "25": 9.789999961853027, "26": 9.800000190734863, "27": 9.800000190734863, "28": 9.779999732971191, "29": 9.770000457763672, "30": 9.770000457763672, "31": 9.760000228881836, "32": 9.739999771118164, "33": 9.75, "34": 9.75, "35": 9.75, "36": 9.75, "37": 9.75, "38": 9.75, "39": 9.8100004196167, "40": 9.8100004196167, "41": 9.8100004196167, "42": 9.8100004196167, "43": 9.9399995803833, "44": 9.9399995803833, "45": 9.890000343322754, "46": 9.890000343322754, "47": 9.890000343322754, "48": 9.890000343322754, "49": 9.890000343322754, "50": 9.890000343322754, "51": 9.819999694824219, "52": 9.819999694824219, "53": 9.819999694824219, "54": 9.819999694824219, "55": 9.819999694824219, "56": 9.8100004196167, "57": 9.800000190734863, "58": 9.800000190734863, "59": 9.789999961853027, "60": 9.789999961853027, "61": 9.789999961853027, "62": 9.789999961853027, "63": 9.789999961853027, "64": 9.789999961853027, "65": 9.789999961853027, "66": 9.819999694824219, "67": 9.819999694824219, "68": 9.819999694824219, "69": 9.819999694824219, "70": 9.8100004196167, "71": 9.84000015258789, "72": 9.84000015258789, "73": 9.84000015258789, "74": 9.84000015258789, "75": 9.869999885559082, "76": 9.84000015258789, "77": 9.859999656677246, "78": 9.84000015258789, "79": 9.859999656677246, "80": 9.859999656677246, "81": 9.859999656677246, "82": 9.84000015258789, "83": 9.850000381469727, "84": 9.850000381469727, "85": 9.850000381469727, "86": 9.880000114440918, "87": 9.880000114440918, "88": 9.850000381469727, "89": 9.850000381469727, "90": 9.84000015258789, "91": 9.84000015258789, "92": 9.84000015258789, "93": 9.84000015258789, "94": 9.84000015258789, "95": 9.84000015258789, "96": 9.84000015258789, "97": 9.84000015258789, "98": 9.84000015258789, "99": 9.84000015258789, "100": 9.920000076293945, "101": 9.920000076293945, "102": 9.920000076293945, "103": 9.869999885559082, "104": 9.869999885559082, "105": 9.869999885559082, "106": 9.869999885559082, "107": 9.869999885559082, "108": 9.869999885559082, "109": 9.869999885559082, "110": 9.869999885559082, "111": 9.850000381469727, "112": 9.850000381469727, "113": 9.88599967956543, "114": 9.88599967956543, "115": 9.829999923706055, "116": 9.829999923706055, "117": 9.829999923706055, "118": 9.829999923706055, "119": 9.829999923706055, "120": 9.829999923706055, "121": 9.829999923706055, "122": 9.829999923706055, "123": 9.829999923706055, "124": 9.829999923706055, "125": 9.829999923706055, "126": 9.829999923706055, "127": 9.850000381469727, "128": 9.850000381469727, "129": 9.880000114440918, "130": 9.899999618530273, "131": 9.850000381469727, "132": 9.899999618530273, "133": 9.850000381469727, "134": 10.100000381469727, "135": 9.84000015258789, "136": 9.84000015258789, "137": 9.850000381469727, "138": 9.850000381469727, "139": 9.859999656677246, "140": 9.859999656677246, "141": 9.859999656677246, "142": 9.859999656677246, "143": 9.875, "144": 9.869999885559082, "145": 9.9399995803833, "146": 9.859999656677246, "147": 9.859999656677246, "148": 9.859999656677246, "149": 9.880000114440918, "150": 9.869999885559082, "151": 9.869999885559082, "152": 9.859999656677246, "153": 9.869999885559082, "154": 9.869999885559082, "155": 9.869999885559082, "156": 9.869999885559082, "157": 9.890000343322754, "158": 9.880000114440918, "159": 9.880000114440918, "160": 9.90999984741211, "161": 9.890000343322754, "162": 9.890000343322754, "163": 9.890000343322754, "164": 9.90999984741211, "165": 9.90999984741211, "166": 9.90999984741211, "167": 9.90999984741211, "168": 9.930000305175781, "169": 9.930000305175781, "170": 9.930000305175781, "171": 9.930000305175781, "172": 9.930000305175781, "173": 9.920000076293945, "174": 9.920000076293945, "175": 9.949999809265137, "176": 9.9399995803833, "177": 9.9399995803833, "178": 9.9399995803833, "179": 9.9399995803833, "180": 9.920000076293945, "181": 9.920000076293945, "182": 9.920000076293945, "183": 9.920000076293945, "184": 9.899999618530273, "185": 9.899999618530273, "186": 9.899999618530273, "187": 9.90999984741211, "188": 9.880000114440918, "189": 9.880000114440918, "190": 9.880000114440918, "191": 9.880000114440918, "192": 9.880000114440918, "193": 9.90999984741211, "194": 9.920000076293945, "195": 9.920000076293945, "196": 9.880000114440918, "197": 9.914999961853027, "198": 9.880000114440918, "199": 9.880000114440918, "200": 9.880000114440918, "201": 9.880000114440918, "202": 9.880000114440918, "203": 9.880000114440918, "204": 9.899999618530273, "205": 9.899999618530273, "206": 9.899999618530273, "207": 9.90999984741211, "208": 9.930000305175781, "209": 9.930000305175781, "210": 9.930000305175781, "211": 9.930000305175781, "212": 9.930000305175781, "213": 9.9399995803833, "214": 9.9399995803833, "215": 9.9399995803833, "216": 9.9399995803833, "217": 9.9399995803833, "218": 9.930000305175781, "219": 9.930000305175781, "220": 9.930000305175781, "221": 9.930000305175781, "222": 9.930000305175781, "223": 9.930000305175781, "224": 9.930000305175781, "225": 9.949999809265137, "226": 9.949999809265137, "227": 9.949999809265137, "228": 9.949999809265137, "229": 9.970000267028809, "230": 9.970000267028809, "231": 9.979999542236328, "232": 10.050000190734863, "233": 10.069999694824219, "234": 10.050000190734863, "235": 10.050000190734863, "236": 10.050000190734863, "237": 10.050000190734863, "238": 10.050000190734863, "239": 10.0600004196167, "240": 10.050000190734863, "241": 10.050000190734863, "242": 10.029999732971191, "243": 10.010000228881836, "244": 10.010000228881836, "245": 10.09000015258789, "246": 10.069999694824219, "247": 10.083999633789062, "248": 10.055000305175781, "249": 10.0600004196167, "250": 10.0600004196167, "251": 10.079999923706055, "252": 10.079999923706055, "253": 10.170000076293945, "254": 10.149999618530273, "255": 10.149999618530273, "256": 10.149999618530273, "257": 10.149999618530273, "258": 9.979999542236328, "259": 9.970000267028809, "260": 10.029999732971191, "261": 10.0, "262": 10.0, "263": 10.010000228881836, "264": 10.020000457763672, "265": 10.039999961853027, "266": 10.0, "267": 10.039999961853027, "268": 10.039999961853027, "269": 10.029999732971191, "270": 10.029999732971191, "271": 10.029999732971191, "272": 10.029999732971191, "273": 10.050000190734863, "274": 10.050000190734863, "275": 10.050000190734863, "276": 10.244999885559082, "277": 10.239999771118164, "278": 10.140000343322754, "279": 10.430000305175781, "280": 10.050000190734863, "281": 10.050000190734863, "282": 10.100000381469727, "283": 10.100000381469727, "284": 10.149999618530273, "285": 10.1899995803833, "286": 10.1899995803833, "287": 10.15999984741211, "288": 10.15999984741211, "289": 10.15999984741211, "290": 10.15999984741211, "291": 10.15999984741211, "292": 10.15999984741211, "293": 10.15999984741211, "294": 10.15999984741211, "295": 10.15999984741211, "296": 10.15999984741211, "297": 10.15999984741211, "298": 10.15999984741211, "299": 10.229999542236328, "300": 10.260000228881836, "301": 10.260000228881836, "302": 10.270000457763672, "303": 10.270000457763672, "304": 10.270000457763672, "305": 10.270000457763672, "306": 10.270000457763672, "307": 10.279999732971191, "308": 10.279999732971191, "309": 10.279999732971191, "310": 10.279999732971191, "311": 10.279999732971191, "312": 10.279999732971191, "313": 10.279999732971191, "314": 10.279999732971191, "315": 10.279999732971191, "316": 10.279999732971191, "317": 10.279999732971191, "318": 10.279999732971191, "319": 10.279999732971191, "320": 10.279999732971191, "321": 10.279999732971191, "322": 10.279999732971191, "323": 10.279999732971191, "324": 10.279999732971191, "325": 10.279999732971191, "326": 10.279999732971191, "327": 10.279999732971191, "328": 10.279999732971191, "329": 10.279999732971191, "330": 10.279999732971191, "331": 10.279999732971191, "332": 10.279999732971191, "333": 10.279999732971191, "334": 10.279999732971191, "335": 10.289999961853027, "336": 10.3100004196167, "337": 10.229999542236328, "338": 10.239999771118164, "339": 10.229999542236328, "340": 10.239999771118164, "341": 10.239999771118164, "342": 10.239999771118164, "343": 10.239999771118164, "344": 10.270000457763672, "345": 10.25, "346": 10.25, "347": 10.270000457763672, "348": 10.270000457763672, "349": 10.289999961853027, "350": 10.289999961853027, "351": 10.260000228881836, "352": 10.270000457763672, "353": 10.3100004196167, "354": 10.270000457763672, "355": 10.270000457763672, "356": 10.270000457763672, "357": 10.300000190734863, "358": 10.319999694824219, "359": 10.319999694824219, "360": 10.319999694824219, "361": 10.319999694824219, "362": 10.319999694824219, "363": 10.319999694824219, "364": 10.8149995803833, "365": 10.319999694824219, "366": 10.319999694824219, "367": 10.319999694824219, "368": 10.319999694824219, "369": 10.319999694824219, "370": 10.319999694824219, "371": 10.319999694824219, "372": 10.319999694824219, "373": 10.319999694824219, "374": 10.319999694824219, "375": 10.359999656677246, "376": 10.319999694824219, "377": 10.319999694824219, "378": 10.319999694824219, "379": 10.3100004196167, "380": 10.3100004196167, "381": 10.319999694824219, "382": 10.319999694824219, "383": 10.279999732971191, "384": 10.279999732971191, "385": 10.322999954223633, "386": 10.350000381469727, "387": 10.279999732971191, "388": 10.329999923706055, "389": 10.350000381469727, "390": 10.390000343322754, "391": 10.390000343322754, "392": 10.359999656677246, "393": 10.359999656677246, "394": 10.359999656677246, "395": 10.359999656677246}, "volume": {"0": 1300, "1": 4500, "2": 41700, "3": 100, "4": 100, "5": 450000, "6": 100, "7": 0, "8": 25200, "9": 300, "10": 0, "11": 1400, "12": 16800, "13": 1000, "14": 10000, "15": 19600, "16": 0, "17": 3600, "18": 23800, "19": 40400, "20": 0, "21": 0, "22": 0, "23": 0, "24": 0, "25": 19600, "26": 600, "27": 135900, "28": 3300, "29": 700, "30": 0, "31": 300, "32": 15200, "33": 100, "34": 0, "35": 0, "36": 0, "37": 0, "38": 0, "39": 25200, "40": 0, "41": 0, "42": 0, "43": 4600, "44": 0, "45": 200, "46": 0, "47": 0, "48": 0, "49": 0, "50": 90000, "51": 43500, "52": 0, "53": 0, "54": 0, "55": 0, "56": 200, "57": 1800, "58": 0, "59": 6000, "60": 0, "61": 20500, "62": 0, "63": 0, "64": 0, "65": 0, "66": 600, "67": 500, "68": 0, "69": 0, "70": 200, "71": 329600, "72": 34600, "73": 200, "74": 0, "75": 7100, "76": 5300, "77": 4300, "78": 70900, "79": 3400, "80": 0, "81": 0, "82": 200, "83": 19700, "84": 0, "85": 0, "86": 200, "87": 0, "88": 760200, "89": 0, "90": 500, "91": 0, "92": 800, "93": 310000, "94": 0, "95": 0, "96": 0, "97": 0, "98": 102700, "99": 0, "100": 200, "101": 0, "102": 0, "103": 300, "104": 0, "105": 0, "106": 0, "107": 0, "108": 0, "109": 0, "110": 0, "111": 25000, "112": 0, "113": 3600, "114": 0, "115": 2000, "116": 0, "117": 0, "118": 0, "119": 0, "120": 25000, "121": 1000, "122": 0, "123": 0, "124": 0, "125": 290700, "126": 0, "127": 200, "128": 0, "129": 500, "130": 400, "131": 7400, "132": 500, "133": 15800, "134": 300, "135": 1600, "136": 1100, "137": 900, "138": 0, "139": 200, "140": 0, "141": 0, "142": 600, "143": 4900, "144": 300, "145": 100, "146": 63500, "147": 100, "148": 442600, "149": 3700, "150": 100, "151": 91600, "152": 3200, "153": 100, "154": 400, "155": 40500, "156": 5400, "157": 400, "158": 900, "159": 132900, "160": 200, "161": 22500, "162": 0, "163": 0, "164": 100, "165": 200, "166": 0, "167": 0, "168": 400, "169": 0, "170": 0, "171": 0, "172": 0, "173": 47800, "174": 40200, "175": 200, "176": 400, "177": 200, "178": 400, "179": 200, "180": 900, "181": 1600, "182": 56900, "183": 0, "184": 1300, "185": 0, "186": 0, "187": 1500, "188": 1300, "189": 200, "190": 0, "191": 200, "192": 0, "193": 200, "194": 200, "195": 0, "196": 1300, "197": 900, "198": 5000, "199": 0, "200": 0, "201": 0, "202": 400, "203": 0, "204": 229400, "205": 0, "206": 0, "207": 11000, "208": 1000, "209": 0, "210": 118100, "211": 500, "212": 0, "213": 700, "214": 0, "215": 0, "216": 0, "217": 0, "218": 496400, "219": 0, "220": 0, "221": 0, "222": 0, "223": 0, "224": 0, "225": 300000, "226": 0, "227": 0, "228": 0, "229": 400, "230": 0, "231": 358100, "232": 800700, "233": 350000, "234": 77400, "235": 72800, "236": 77500, "237": 208200, "238": 35800, "239": 784800, "240": 810900, "241": 200, "242": 29800, "243": 16900, "244": 2000, "245": 47000, "246": 276500, "247": 1200, "248": 100, "249": 12600, "250": 45000, "251": 100, "252": 31100, "253": 2499500, "254": 900, "255": 0, "256": 0, "257": 0, "258": 18700, "259": 600, "260": 259300, "261": 34100, "262": 50200, "263": 78800, "264": 22900, "265": 2000, "266": 1100, "267": 13000, "268": 1000, "269": 2200, "270": 300, "271": 400, "272": 300, "273": 500, "274": 0, "275": 0, "276": 27900, "277": 600, "278": 3600, "279": 200, "280": 1200, "281": 0, "282": 800, "283": 1800, "284": 4500, "285": 7800, "286": 0, "287": 100, "288": 0, "289": 0, "290": 0, "291": 400, "292": 100, "293": 0, "294": 0, "295": 2100, "296": 0, "297": 0, "298": 0, "299": 27200, "300": 100, "301": 0, "302": 100, "303": 0, "304": 0, "305": 0, "306": 100, "307": 7700, "308": 0, "309": 0, "310": 0, "311": 70900, "312": 0, "313": 0, "314": 0, "315": 0, "316": 1400, "317": 0, "318": 0, "319": 0, "320": 0, "321": 200, "322": 0, "323": 100, "324": 0, "325": 0, "326": 0, "327": 100, "328": 0, "329": 0, "330": 0, "331": 0, "332": 0, "333": 0, "334": 0, "335": 42000, "336": 300, "337": 1000, "338": 50300, "339": 200, "340": 400, "341": 0, "342": 0, "343": 496900, "344": 2600, "345": 73800, "346": 2400, "347": 63300, "348": 0, "349": 2400, "350": 0, "351": 26500, "352": 102900, "353": 3400, "354": 1400, "355": 0, "356": 100, "357": 2400, "358": 300, "359": 0, "360": 0, "361": 0, "362": 0, "363": 0, "364": 700, "365": 400, "366": 0, "367": 0, "368": 0, "369": 100, "370": 0, "371": 0, "372": 500, "373": 0, "374": 0, "375": 100, "376": 26000, "377": 52400, "378": 0, "379": 100, "380": 100, "381": 9200, "382": 0, "383": 100, "384": 700, "385": 1900, "386": 100, "387": 100, "388": 900, "389": 3300, "390": 100, "391": 100, "392": 100, "393": 1200, "394": 100, "395": 0}, "adjclose": {"0": 9.779999732971191, "1": 9.720000267028809, "2": 9.75, "3": 9.75, "4": 9.729999542236328, "5": 9.729999542236328, "6": 9.729999542236328, "7": 9.729999542236328, "8": 9.710000038146973, "9": 9.710000038146973, "10": 9.710000038146973, "11": 9.710000038146973, "12": 9.739999771118164, "13": 9.739999771118164, "14": 9.75, "15": 9.75, "16": 9.75, "17": 9.720000267028809, "18": 9.739999771118164, "19": 9.800000190734863, "20": 9.800000190734863, "21": 9.800000190734863, "22": 9.800000190734863, "23": 9.800000190734863, "24": 9.800000190734863, "25": 9.789999961853027, "26": 9.800000190734863, "27": 9.800000190734863, "28": 9.779999732971191, "29": 9.770000457763672, "30": 9.770000457763672, "31": 9.760000228881836, "32": 9.739999771118164, "33": 9.75, "34": 9.75, "35": 9.75, "36": 9.75, "37": 9.75, "38": 9.75, "39": 9.8100004196167, "40": 9.8100004196167, "41": 9.8100004196167, "42": 9.8100004196167, "43": 9.9399995803833, "44": 9.9399995803833, "45": 9.890000343322754, "46": 9.890000343322754, "47": 9.890000343322754, "48": 9.890000343322754, "49": 9.890000343322754, "50": 9.890000343322754, "51": 9.819999694824219, "52": 9.819999694824219, "53": 9.819999694824219, "54": 9.819999694824219, "55": 9.819999694824219, "56": 9.8100004196167, "57": 9.800000190734863, "58": 9.800000190734863, "59": 9.789999961853027, "60": 9.789999961853027, "61": 9.789999961853027, "62": 9.789999961853027, "63": 9.789999961853027, "64": 9.789999961853027, "65": 9.789999961853027, "66": 9.819999694824219, "67": 9.819999694824219, "68": 9.819999694824219, "69": 9.819999694824219, "70": 9.8100004196167, "71": 9.84000015258789, "72": 9.84000015258789, "73": 9.84000015258789, "74": 9.84000015258789, "75": 9.869999885559082, "76": 9.84000015258789, "77": 9.859999656677246, "78": 9.84000015258789, "79": 9.859999656677246, "80": 9.859999656677246, "81": 9.859999656677246, "82": 9.84000015258789, "83": 9.850000381469727, "84": 9.850000381469727, "85": 9.850000381469727, "86": 9.880000114440918, "87": 9.880000114440918, "88": 9.850000381469727, "89": 9.850000381469727, "90": 9.84000015258789, "91": 9.84000015258789, "92": 9.84000015258789, "93": 9.84000015258789, "94": 9.84000015258789, "95": 9.84000015258789, "96": 9.84000015258789, "97": 9.84000015258789, "98": 9.84000015258789, "99": 9.84000015258789, "100": 9.920000076293945, "101": 9.920000076293945, "102": 9.920000076293945, "103": 9.869999885559082, "104": 9.869999885559082, "105": 9.869999885559082, "106": 9.869999885559082, "107": 9.869999885559082, "108": 9.869999885559082, "109": 9.869999885559082, "110": 9.869999885559082, "111": 9.850000381469727, "112": 9.850000381469727, "113": 9.88599967956543, "114": 9.88599967956543, "115": 9.829999923706055, "116": 9.829999923706055, "117": 9.829999923706055, "118": 9.829999923706055, "119": 9.829999923706055, "120": 9.829999923706055, "121": 9.829999923706055, "122": 9.829999923706055, "123": 9.829999923706055, "124": 9.829999923706055, "125": 9.829999923706055, "126": 9.829999923706055, "127": 9.850000381469727, "128": 9.850000381469727, "129": 9.880000114440918, "130": 9.899999618530273, "131": 9.850000381469727, "132": 9.899999618530273, "133": 9.850000381469727, "134": 10.100000381469727, "135": 9.84000015258789, "136": 9.84000015258789, "137": 9.850000381469727, "138": 9.850000381469727, "139": 9.859999656677246, "140": 9.859999656677246, "141": 9.859999656677246, "142": 9.859999656677246, "143": 9.875, "144": 9.869999885559082, "145": 9.9399995803833, "146": 9.859999656677246, "147": 9.859999656677246, "148": 9.859999656677246, "149": 9.880000114440918, "150": 9.869999885559082, "151": 9.869999885559082, "152": 9.859999656677246, "153": 9.869999885559082, "154": 9.869999885559082, "155": 9.869999885559082, "156": 9.869999885559082, "157": 9.890000343322754, "158": 9.880000114440918, "159": 9.880000114440918, "160": 9.90999984741211, "161": 9.890000343322754, "162": 9.890000343322754, "163": 9.890000343322754, "164": 9.90999984741211, "165": 9.90999984741211, "166": 9.90999984741211, "167": 9.90999984741211, "168": 9.930000305175781, "169": 9.930000305175781, "170": 9.930000305175781, "171": 9.930000305175781, "172": 9.930000305175781, "173": 9.920000076293945, "174": 9.920000076293945, "175": 9.949999809265137, "176": 9.9399995803833, "177": 9.9399995803833, "178": 9.9399995803833, "179": 9.9399995803833, "180": 9.920000076293945, "181": 9.920000076293945, "182": 9.920000076293945, "183": 9.920000076293945, "184": 9.899999618530273, "185": 9.899999618530273, "186": 9.899999618530273, "187": 9.90999984741211, "188": 9.880000114440918, "189": 9.880000114440918, "190": 9.880000114440918, "191": 9.880000114440918, "192": 9.880000114440918, "193": 9.90999984741211, "194": 9.920000076293945, "195": 9.920000076293945, "196": 9.880000114440918, "197": 9.914999961853027, "198": 9.880000114440918, "199": 9.880000114440918, "200": 9.880000114440918, "201": 9.880000114440918, "202": 9.880000114440918, "203": 9.880000114440918, "204": 9.899999618530273, "205": 9.899999618530273, "206": 9.899999618530273, "207": 9.90999984741211, "208": 9.930000305175781, "209": 9.930000305175781, "210": 9.930000305175781, "211": 9.930000305175781, "212": 9.930000305175781, "213": 9.9399995803833, "214": 9.9399995803833, "215": 9.9399995803833, "216": 9.9399995803833, "217": 9.9399995803833, "218": 9.930000305175781, "219": 9.930000305175781, "220": 9.930000305175781, "221": 9.930000305175781, "222": 9.930000305175781, "223": 9.930000305175781, "224": 9.930000305175781, "225": 9.949999809265137, "226": 9.949999809265137, "227": 9.949999809265137, "228": 9.949999809265137, "229": 9.970000267028809, "230": 9.970000267028809, "231": 9.979999542236328, "232": 10.050000190734863, "233": 10.069999694824219, "234": 10.050000190734863, "235": 10.050000190734863, "236": 10.050000190734863, "237": 10.050000190734863, "238": 10.050000190734863, "239": 10.0600004196167, "240": 10.050000190734863, "241": 10.050000190734863, "242": 10.029999732971191, "243": 10.010000228881836, "244": 10.010000228881836, "245": 10.09000015258789, "246": 10.069999694824219, "247": 10.083999633789062, "248": 10.055000305175781, "249": 10.0600004196167, "250": 10.0600004196167, "251": 10.079999923706055, "252": 10.079999923706055, "253": 10.170000076293945, "254": 10.149999618530273, "255": 10.149999618530273, "256": 10.149999618530273, "257": 10.149999618530273, "258": 9.979999542236328, "259": 9.970000267028809, "260": 10.029999732971191, "261": 10.0, "262": 10.0, "263": 10.010000228881836, "264": 10.020000457763672, "265": 10.039999961853027, "266": 10.0, "267": 10.039999961853027, "268": 10.039999961853027, "269": 10.029999732971191, "270": 10.029999732971191, "271": 10.029999732971191, "272": 10.029999732971191, "273": 10.050000190734863, "274": 10.050000190734863, "275": 10.050000190734863, "276": 10.244999885559082, "277": 10.239999771118164, "278": 10.140000343322754, "279": 10.430000305175781, "280": 10.050000190734863, "281": 10.050000190734863, "282": 10.100000381469727, "283": 10.100000381469727, "284": 10.149999618530273, "285": 10.1899995803833, "286": 10.1899995803833, "287": 10.15999984741211, "288": 10.15999984741211, "289": 10.15999984741211, "290": 10.15999984741211, "291": 10.15999984741211, "292": 10.15999984741211, "293": 10.15999984741211, "294": 10.15999984741211, "295": 10.15999984741211, "296": 10.15999984741211, "297": 10.15999984741211, "298": 10.15999984741211, "299": 10.229999542236328, "300": 10.260000228881836, "301": 10.260000228881836, "302": 10.270000457763672, "303": 10.270000457763672, "304": 10.270000457763672, "305": 10.270000457763672, "306": 10.270000457763672, "307": 10.279999732971191, "308": 10.279999732971191, "309": 10.279999732971191, "310": 10.279999732971191, "311": 10.279999732971191, "312": 10.279999732971191, "313": 10.279999732971191, "314": 10.279999732971191, "315": 10.279999732971191, "316": 10.279999732971191, "317": 10.279999732971191, "318": 10.279999732971191, "319": 10.279999732971191, "320": 10.279999732971191, "321": 10.279999732971191, "322": 10.279999732971191, "323": 10.279999732971191, "324": 10.279999732971191, "325": 10.279999732971191, "326": 10.279999732971191, "327": 10.279999732971191, "328": 10.279999732971191, "329": 10.279999732971191, "330": 10.279999732971191, "331": 10.279999732971191, "332": 10.279999732971191, "333": 10.279999732971191, "334": 10.279999732971191, "335": 10.289999961853027, "336": 10.3100004196167, "337": 10.229999542236328, "338": 10.239999771118164, "339": 10.229999542236328, "340": 10.239999771118164, "341": 10.239999771118164, "342": 10.239999771118164, "343": 10.239999771118164, "344": 10.270000457763672, "345": 10.25, "346": 10.25, "347": 10.270000457763672, "348": 10.270000457763672, "349": 10.289999961853027, "350": 10.289999961853027, "351": 10.260000228881836, "352": 10.270000457763672, "353": 10.3100004196167, "354": 10.270000457763672, "355": 10.270000457763672, "356": 10.270000457763672, "357": 10.300000190734863, "358": 10.319999694824219, "359": 10.319999694824219, "360": 10.319999694824219, "361": 10.319999694824219, "362": 10.319999694824219, "363": 10.319999694824219, "364": 10.8149995803833, "365": 10.319999694824219, "366": 10.319999694824219, "367": 10.319999694824219, "368": 10.319999694824219, "369": 10.319999694824219, "370": 10.319999694824219, "371": 10.319999694824219, "372": 10.319999694824219, "373": 10.319999694824219, "374": 10.319999694824219, "375": 10.359999656677246, "376": 10.319999694824219, "377": 10.319999694824219, "378": 10.319999694824219, "379": 10.3100004196167, "380": 10.3100004196167, "381": 10.319999694824219, "382": 10.319999694824219, "383": 10.279999732971191, "384": 10.279999732971191, "385": 10.322999954223633, "386": 10.350000381469727, "387": 10.279999732971191, "388": 10.329999923706055, "389": 10.350000381469727, "390": 10.390000343322754, "391": 10.390000343322754, "392": 10.359999656677246, "393": 10.359999656677246, "394": 10.359999656677246, "395": 10.359999656677246}}, "profile": {"address1": "819 NE 2nd Avenue", "address2": "Suite 500", "city": "Fort Lauderdale", "state": "FL", "zip": "33304", "country": "United States", "phone": "954 416 3140", "fax": "954 603 3432", "website": "https://www.bh3ac.com", "industry": "Shell Companies", "industryDisp": "Shell Companies", "sector": "Financial Services", "longBusinessSummary": "Crixus BH3 Acquisition Company does not have significant operations. The company focuses on effecting a merger, share exchange, asset acquisition, share purchase, reorganization, or similar business combination with one or more businesses. It intends to focus on businesses that manages, finances, operates, constructs, controls, owns, or supports real estate, construction, or infrastructure related activities. The company was formerly known as BH3 Acquisition Corp. and changed its name to Crixus BH3 Acquisition Company in July 2021. Crixus BH3 Acquisition Company was incorporated in 2021 and is based in Fort Lauderdale, Florida.", "companyOfficers": [{"maxAge": 1, "name": "Mr. Gregory  Freedman", "age": 42, "title": "Co-CEO, CFO & Director", "yearBorn": 1980, "exercisedValue": 0, "unexercisedValue": 0}, {"maxAge": 1, "name": "Mr. Daniel  Lebensohn", "age": 50, "title": "Co-CEO & Director", "yearBorn": 1972, "exercisedValue": 0, "unexercisedValue": 0}, {"maxAge": 1, "name": "Ms. Michelle  Guber", "age": 35, "title": "Chief Operating Officer", "yearBorn": 1987, "exercisedValue": 0, "unexercisedValue": 0}], "maxAge": 86400, "latitude": 26.134084982859946, "longitude": -80.14249801642377}}