{"income_statement": {"annual": {"Year": {"1": "Selling, General & Admin", "2": "Operating Expenses", "3": "Operating Income", "4": "Pretax Income", "5": "Net Income", "6": "Shares Outstanding (Basic)", "7": "Shares Outstanding (Diluted)", "8": "EPS (Basic)", "9": "EPS (Diluted)", "10": "Free Cash Flow Per Share", "11": "EBITDA", "12": "EBIT"}, "2022": {"1": "0.04", "2": "0.04", "3": "-0.04", "4": "-0.04", "5": "-0.04", "6": "2", "7": "2", "8": "-0.01", "9": "-0.01", "10": "-0.00", "11": "-0.04", "12": "-0.04"}, "2021": {"1": "0", "2": "0", "3": "-0", "4": "-0", "5": "-0", "6": "2", "7": "2", "8": "-", "9": "-", "10": "-", "11": "-0", "12": "-0"}}, "quarterly": {"Metrics": {"1": "Selling, General & Admin", "2": "Operating Expenses", "3": "Operating Income", "4": "Pretax Income", "5": "Net Income", "6": "Shares Outstanding (Basic)", "7": "Shares Outstanding (Diluted)", "8": "EPS (Basic)", "9": "EPS (Diluted)", "10": "Free Cash Flow Per Share", "11": "EBITDA", "12": "EBIT"}, "2022-12-31": {"1": "0.01", "2": "0.01", "3": "-0.01", "4": "-0.01", "5": "-0.01", "6": "2", "7": "2", "8": "-", "9": "-", "10": "-0.00", "11": "-0.01", "12": "-0.01"}, "2022-09-30": {"1": "0.02", "2": "0.02", "3": "-0.02", "4": "-0.02", "5": "-0.02", "6": "2", "7": "2", "8": "-0.01", "9": "-0.01", "10": "0.00", "11": "-0.02", "12": "-0.02"}, "2022-06-30": {"1": "0", "2": "0", "3": "-0", "4": "-0", "5": "-0", "6": "2", "7": "2", "8": "-", "9": "-", "10": "-", "11": "-", "12": "-0"}, "2021-12-31": {"1": "0", "2": "0", "3": "-0", "4": "-0", "5": "-0", "6": "2", "7": "2", "8": "-", "9": "-", "10": "-", "11": "-0", "12": "-0"}, "2021-09-30": {"1": "0", "2": "0", "3": "-0", "4": "-0", "5": "-0", "6": "2", "7": "2", "8": "-", "9": "-", "10": "-", "11": "-0", "12": "-0"}, "2021-06-30": {"1": "0", "2": "0", "3": "-0", "4": "-0", "5": "-0", "6": "2", "7": "2", "8": "-", "9": "-", "10": "-", "11": "-", "12": "-0"}}}, "balance_sheet": {"annual": {"Year": {"1": "Cash & Equivalents", "2": "Cash & Cash Equivalents", "3": "Cash Growth", "4": "Total Current Assets", "5": "Other Long-Term Assets", "6": "Total Long-Term Assets", "7": "Total Assets", "8": "Accounts Payable", "9": "Current Debt", "10": "Other Current Liabilities", "11": "Total Current Liabilities", "12": "Total Liabilities", "13": "Total Debt", "14": "Debt Growth", "15": "Common Stock", "16": "Retained Earnings", "17": "Shareholders' Equity", "18": "Total Liabilities and Equity", "19": "Net Cash / Debt", "20": "Net Cash Per Share", "21": "Working Capital", "22": "Book Value Per Share"}, "2022": {"1": "0.12", "2": "0.12", "3": "2517.22%", "4": "0.12", "5": "1.1", "6": "1.1", "7": "1.23", "8": "0.05", "9": "1.2", "10": "0.01", "11": "1.26", "12": "1.26", "13": "1.2", "14": "200.00%", "15": "0.03", "16": "-0.06", "17": "-0.04", "18": "1.23", "19": "-1.08", "20": "-0.72", "21": "-1.14", "22": "-0.03"}, "2021": {"1": "0", "2": "0", "3": "-", "4": "0", "5": "0.7", "6": "0.7", "7": "0.71", "8": "0.01", "9": "0.4", "10": "0.29", "11": "0.71", "12": "0.71", "13": "0.4", "14": "-", "15": "0.03", "16": "-0.03", "17": "-0", "18": "0.71", "19": "-0.4", "20": "-0.26", "21": "-0.7", "22": "-0.00"}}, "quarterly": {"Metrics": {"1": "Cash & Equivalents", "2": "Cash & Cash Equivalents", "3": "Cash Growth", "4": "Total Current Assets", "5": "Other Long-Term Assets", "6": "Total Long-Term Assets", "7": "Total Assets", "8": "Accounts Payable", "9": "Current Debt", "10": "Other Current Liabilities", "11": "Total Current Liabilities", "12": "Total Liabilities", "13": "Total Debt", "14": "Debt Growth", "15": "Common Stock", "16": "Retained Earnings", "17": "Shareholders' Equity", "18": "Total Liabilities and Equity", "19": "Net Cash / Debt", "20": "Net Cash Per Share", "21": "Working Capital", "22": "Book Value Per Share"}, "2022-12-31": {"1": "0.12", "2": "0.12", "3": "-", "4": "0.12", "5": "1.1", "6": "1.1", "7": "1.23", "8": "0.05", "9": "1.2", "10": "0.01", "11": "1.26", "12": "1.26", "13": "1.2", "14": "-", "15": "0.03", "16": "-0.06", "17": "-0.04", "18": "1.23", "19": "-1.08", "20": "-0.72", "21": "-1.14", "22": "-0.03"}, "2022-09-30": {"1": "0.07", "2": "0.07", "3": "-", "4": "0.07", "5": "1.09", "6": "1.09", "7": "1.16", "8": "0.04", "9": "0.9", "10": "0.25", "11": "1.19", "12": "1.19", "13": "0.9", "14": "-", "15": "0.03", "16": "-0.05", "17": "-0.02", "18": "1.16", "19": "-0.83", "20": "-0.55", "21": "-1.12", "22": "-0.02"}, "2022-06-30": {"1": "0.07", "2": "0.07", "3": "18.39%", "4": "0.07", "5": "0.98", "6": "0.98", "7": "1.06", "8": "0.01", "9": "0.9", "10": "0.15", "11": "1.06", "12": "1.06", "13": "0.9", "14": "200.00%", "15": "0.03", "16": "-0.03", "17": "-0", "18": "1.06", "19": "-0.83", "20": "-0.55", "21": "-0.99", "22": "-0.00"}, "2021-12-31": {"1": "0", "2": "0", "3": "-", "4": "0", "5": "0.7", "6": "0.7", "7": "0.71", "8": "0.01", "9": "0.4", "10": "0.29", "11": "0.71", "12": "0.71", "13": "0.4", "14": "-", "15": "0.03", "16": "-0.03", "17": "-0", "18": "0.71", "19": "-0.4", "20": "-0.26", "21": "-0.7", "22": "-0.00"}, "2021-09-30": {"1": "-", "2": "0", "3": "-", "4": "-", "5": "-", "6": "-", "7": "-", "8": "-", "9": "-", "10": "-", "11": "-", "12": "-", "13": "-", "14": "-", "15": "-", "16": "-", "17": "-", "18": "-", "19": "0", "20": "-", "21": "-", "22": "-"}, "2021-06-30": {"1": "-", "2": "0", "3": "-", "4": "-", "5": "-", "6": "-", "7": "-", "8": "-", "9": "-", "10": "-", "11": "-", "12": "-", "13": "-", "14": "-", "15": "-", "16": "-", "17": "-", "18": "-", "19": "0", "20": "-", "21": "-", "22": "-"}, "2020-12-31": {"1": "0.06", "2": "0.06", "3": "-", "4": "0.06", "5": "0.26", "6": "0.26", "7": "0.32", "8": "0", "9": "0.3", "10": "0.02", "11": "0.32", "12": "0.32", "13": "0.3", "14": "-", "15": "0.03", "16": "-0.02", "17": "0", "18": "0.32", "19": "-0.24", "20": "-", "21": "-0.26", "22": "-"}}}, "cash_flow_statement": {"annual": {"Year": {"1": "Net Income", "2": "Other Operating Activities", "3": "Operating Cash Flow", "4": "Debt Issued / Paid", "5": "Other Financing Activities", "6": "Financing Cash Flow", "7": "Net Cash Flow", "8": "Free Cash Flow", "9": "Free Cash Flow Per Share"}, "2022": {"1": "-0.04", "2": "0.03", "3": "-0", "4": "0.79", "5": "-0.67", "6": "0.12", "7": "0.12", "8": "-0", "9": "-0.00"}, "2021": {"1": "-0", "2": "0", "3": "-0", "4": "0.1", "5": "-0.16", "6": "-0.06", "7": "-0.06", "8": "-0", "9": "-"}}, "quarterly": {"Metrics": {"1": "Net Income", "2": "Other Operating Activities", "3": "Operating Cash Flow", "4": "Debt Issued / Paid", "5": "Other Financing Activities", "6": "Financing Cash Flow", "7": "Net Cash Flow", "8": "Free Cash Flow", "9": "Free Cash Flow Per Share"}, "2022-12-31": {"1": "-0.01", "2": "0.01", "3": "-0", "4": "0.3", "5": "-0.24", "6": "0.06", "7": "0.06", "8": "-0", "9": "-0.00"}, "2022-09-30": {"1": "-0.02", "2": "0.02", "3": "0", "4": "0", "5": "-0.01", "6": "-0.01", "7": "-0.01", "8": "0", "9": "0.00"}, "2022-06-30": {"1": "-0", "2": "0", "3": "-", "4": "-", "5": "-", "6": "-", "7": "-", "8": "-", "9": "-"}, "2021-12-31": {"1": "-0", "2": "0", "3": "-0", "4": "0", "5": "-0", "6": "-0", "7": "-0", "8": "-0", "9": "-"}, "2021-09-30": {"1": "-0", "2": "-0", "3": "-0", "4": "0.1", "5": "-0.11", "6": "-0.01", "7": "-0.01", "8": "-0", "9": "-"}, "2021-06-30": {"1": "-0", "2": "0", "3": "-", "4": "-", "5": "-", "6": "-", "7": "-", "8": "-", "9": "-"}}}, "ratios": {"annual": {"Year": {"1": "Market Capitalization", "2": "Enterprise Value", "3": "EV/EBITDA Ratio", "4": "EV/EBIT Ratio", "5": "EV/FCF Ratio", "6": "Debt / Equity Ratio", "7": "Debt / EBITDA Ratio", "8": "Debt / FCF Ratio", "9": "Current Ratio", "10": "Return on Equity (ROE)", "11": "Return on Assets (ROA)", "12": "Return on Capital (ROIC)", "13": "Earnings Yield", "14": "FCF Yield"}, "Current": {"1": "15", "2": "16", "3": "-30.39", "4": "-30.39", "5": "-253.95", "6": "-31.99", "7": "-33.91", "8": "-283.35", "9": "0.10", "10": "178.60%", "11": "-3.70%", "12": "-4.90%", "13": "-0.23%", "14": "-0.03%"}, "2022": {"1": "-", "2": "1", "3": "-30.39", "4": "-30.39", "5": "-253.95", "6": "-31.99", "7": "-33.91", "8": "-283.35", "9": "0.10", "10": "178.60%", "11": "-3.70%", "12": "-4.90%", "13": "-", "14": "-"}, "2021": {"1": "-", "2": "0", "3": "-119.48", "4": "-119.48", "5": "-857.36", "6": "-188.68", "7": "-120.92", "8": "-867.68", "9": "0.01", "10": "709.90%", "11": "-0.60%", "12": "-1.00%", "13": "-", "14": "-"}}, "quarterly": {"Metrics": {"1": "Market Capitalization", "2": "Enterprise Value", "3": "Debt / Equity Ratio", "4": "Current Ratio"}, "Current": {"1": "15", "2": "16", "3": "-31.99", "4": "0.10"}, "2022-12-31": {"1": "-", "2": "1", "3": "-31.99", "4": "0.10"}, "2022-09-30": {"1": "-", "2": "1", "3": "-38.70", "4": "0.06"}, "2022-06-30": {"1": "-", "2": "1", "3": "-278.29", "4": "0.07"}, "2021-12-31": {"1": "-", "2": "0", "3": "-188.68", "4": "0.01"}, "2021-09-30": {"1": "-", "2": "-", "3": "-", "4": "-"}, "2021-06-30": {"1": "-", "2": "-", "3": "-", "4": "-"}, "2020-12-31": {"1": "-", "2": "0", "3": "252.53", "4": "0.20"}}}, "stock_price": {"index": {}, "high": {}, "low": {}, "volume": {}, "open": {}, "close": {}}, "profile": {"address1": "10900 NE 4th Street", "address2": "Suite 2300", "city": "Bellevue", "state": "WA", "zip": "98004", "country": "United States", "phone": "425 635 7700", "industry": "Shell Companies", "industryDisp": "Shell Companies", "sector": "Financial Services", "longBusinessSummary": "Bellevue Life Sciences Acquisition Corp. focuses on effecting a merger, share exchange, asset acquisition, stock purchase, recapitalization, reorganization, or similar business combination with one or more businesses or entities. The company intends to acquire companies in the healthcare industry. Bellevue Life Sciences Acquisition Corp. was founded in 2020 and is based in Bellevue, Washington. Bellevue Life Sciences Acquisition Corp. operates as a subsidiary of Bellevue Global Life Sciences Investors LLC.", "companyOfficers": [{"maxAge": 1, "name": "Mr. Kuk Hyoun Hwang", "age": 45, "title": "CEO & Director", "yearBorn": 1977, "exercisedValue": 0, "unexercisedValue": 0}, {"maxAge": 1, "name": "Mr. David Jin Yoo", "age": 48, "title": "Chief Financial Officer", "yearBorn": 1974, "exercisedValue": 0, "unexercisedValue": 0}], "maxAge": 86400, "latitude": 47.614059009409544, "longitude": -122.19421899979665}}