{"income_statement": {"annual": {"Year": {"1": "Selling, General & Admin", "2": "Operating Expenses", "3": "Operating Income", "4": "Other Expense / Income", "5": "Pretax Income", "6": "Net Income", "7": "Shares Outstanding (Basic)", "8": "Shares Outstanding (Diluted)", "9": "Shares Change", "10": "EPS (Basic)", "11": "EPS (Diluted)", "12": "Free Cash Flow Per Share", "13": "EBITDA", "14": "EBIT"}, "2022": {"1": "0.88", "2": "0.88", "3": "-0.88", "4": "-3.39", "5": "2.51", "6": "2.51", "7": "35", "8": "35", "9": "263.16%", "10": "0.07", "11": "0.07", "12": "-0.01", "13": "2.51", "14": "2.51"}, "2021": {"1": "0.25", "2": "0.25", "3": "-0.25", "4": "0.03", "5": "-0.28", "6": "-0.28", "7": "10", "8": "10", "9": "-", "10": "-0.03", "11": "-0.03", "12": "-0.09", "13": "-0.28", "14": "-0.28"}}, "quarterly": {"Metrics": {"1": "Selling, General & Admin", "2": "Operating Expenses", "3": "Operating Income", "4": "Other Expense / Income", "5": "Pretax Income", "6": "Net Income", "7": "Shares Outstanding (Basic)", "8": "Shares Outstanding (Diluted)", "9": "Shares Change", "10": "EPS (Basic)", "11": "EPS (Diluted)", "12": "Free Cash Flow Per Share", "13": "EBITDA", "14": "EBIT"}, "2022-12-31": {"1": "0.19", "2": "0.19", "3": "-0.19", "4": "-2.36", "5": "2.17", "6": "2.17", "7": "35", "8": "35", "9": "263.16%", "10": "0.06", "11": "0.06", "12": "-0.00", "13": "2.17", "14": "2.17"}, "2022-09-30": {"1": "0.19", "2": "0.19", "3": "-0.19", "4": "-1.15", "5": "0.96", "6": "0.96", "7": "35", "8": "35", "9": "475.00%", "10": "0.03", "11": "0.03", "12": "-0.01", "13": "0.96", "14": "0.96"}, "2022-06-30": {"1": "0.2", "2": "0.2", "3": "-0.2", "4": "0.11", "5": "-0.31", "6": "-0.31", "7": "35", "8": "35", "9": "475.00%", "10": "-0.01", "11": "-0.01", "12": "-0.00", "13": "-0.31", "14": "-0.31"}, "2022-03-31": {"1": "0.3", "2": "0.3", "3": "-0.3", "4": "0.02", "5": "-0.32", "6": "-0.32", "7": "35", "8": "35", "9": "-", "10": "-0.01", "11": "-0.01", "12": "-0.00", "13": "-0.32", "14": "-0.32"}, "2021-12-31": {"1": "0.2", "2": "0.2", "3": "-0.2", "4": "0.03", "5": "-0.22", "6": "-0.22", "7": "10", "8": "10", "9": "-", "10": "-0.02", "11": "-0.02", "12": "-0.09", "13": "-0.22", "14": "-0.22"}, "2021-09-30": {"1": "0.01", "2": "0.01", "3": "-0.01", "4": "-", "5": "-0.01", "6": "-0.01", "7": "6", "8": "6", "9": "-", "10": "-", "11": "-", "12": "-", "13": "-0.01", "14": "-0.01"}, "2021-06-30": {"1": "0.01", "2": "0.01", "3": "-0.01", "4": "-", "5": "-0.01", "6": "-0.01", "7": "6", "8": "6", "9": "-", "10": "-", "11": "-", "12": "-", "13": "-0.01", "14": "-0.01"}}}, "balance_sheet": {"annual": {"Year": {"1": "Cash & Equivalents", "2": "Cash & Cash Equivalents", "3": "Cash Growth", "4": "Other Current Assets", "5": "Total Current Assets", "6": "Long-Term Investments", "7": "Total Long-Term Assets", "8": "Total Assets", "9": "Accounts Payable", "10": "Other Current Liabilities", "11": "Total Current Liabilities", "12": "Long-Term Debt", "13": "Other Long-Term Liabilities", "14": "Total Long-Term Liabilities", "15": "Total Liabilities", "16": "Total Debt", "17": "Common Stock", "18": "Retained Earnings", "19": "Shareholders' Equity", "20": "Total Liabilities and Equity", "21": "Net Cash / Debt", "22": "Net Cash Per Share", "23": "Working Capital", "24": "Book Value Per Share"}, "2022": {"1": "0.06", "2": "0.06", "3": "-60.97%", "4": "0.28", "5": "0.35", "6": "279.36", "7": "279.36", "8": "279.7", "9": "0.25", "10": "0.01", "11": "0.26", "12": "0.3", "13": "9.66", "14": "9.96", "15": "10.22", "16": "0.3", "17": "0", "18": "-9.77", "19": "-9.77", "20": "0.45", "21": "-0.24", "22": "-0.01", "23": "0.09", "24": "-0.28"}, "2021": {"1": "0.16", "2": "0.16", "3": "-", "4": "0.62", "5": "0.77", "6": "275.97", "7": "275.97", "8": "276.75", "9": "0.01", "10": "0.09", "11": "0.1", "12": "0", "13": "9.66", "14": "9.66", "15": "9.76", "16": "0", "17": "0", "18": "-9.02", "19": "-9.02", "20": "0.75", "21": "0.16", "22": "0.02", "23": "0.67", "24": "-0.95"}}, "quarterly": {"Metrics": {"1": "Cash & Equivalents", "2": "Cash & Cash Equivalents", "3": "Cash Growth", "4": "Other Current Assets", "5": "Total Current Assets", "6": "Long-Term Investments", "7": "Other Long-Term Assets", "8": "Total Long-Term Assets", "9": "Total Assets", "10": "Accounts Payable", "11": "Current Debt", "12": "Other Current Liabilities", "13": "Total Current Liabilities", "14": "Long-Term Debt", "15": "Other Long-Term Liabilities", "16": "Total Long-Term Liabilities", "17": "Total Liabilities", "18": "Total Debt", "19": "Debt Growth", "20": "Common Stock", "21": "Retained Earnings", "22": "Shareholders' Equity", "23": "Total Liabilities and Equity", "24": "Net Cash / Debt", "25": "Net Cash Per Share", "26": "Working Capital", "27": "Book Value Per Share"}, "2022-12-31": {"1": "0.06", "2": "0.06", "3": "-60.97%", "4": "0.28", "5": "0.35", "6": "279.36", "7": "0", "8": "279.36", "9": "279.7", "10": "0.25", "11": "0", "12": "0.01", "13": "0.26", "14": "0.3", "15": "9.66", "16": "9.96", "17": "10.22", "18": "0.3", "19": "-", "20": "0", "21": "-9.77", "22": "-9.77", "23": "0.45", "24": "-0.24", "25": "-0.01", "26": "0.09", "27": "-0.28"}, "2022-09-30": {"1": "0.1", "2": "0.1", "3": "-", "4": "0.37", "5": "0.47", "6": "277", "7": "0", "8": "277", "9": "277.47", "10": "0.07", "11": "0.3", "12": "0.12", "13": "0.49", "14": "0", "15": "9.66", "16": "9.66", "17": "10.15", "18": "0.3", "19": "85.47%", "20": "0", "21": "-9.58", "22": "-9.58", "23": "0.57", "24": "-0.2", "25": "-0.01", "26": "-0.02", "27": "-0.28"}, "2022-06-30": {"1": "0", "2": "0", "3": "-", "4": "0.47", "5": "0.47", "6": "275.84", "7": "0", "8": "275.84", "9": "276.32", "10": "0.22", "11": "0", "12": "0.09", "13": "0.31", "14": "0", "15": "9.66", "16": "9.66", "17": "9.97", "18": "0", "19": "-", "20": "0", "21": "-9.65", "22": "-9.65", "23": "0.32", "24": "0", "25": "0.00", "26": "0.17", "27": "-0.28"}, "2022-03-31": {"1": "0.05", "2": "0.05", "3": "-", "4": "0.58", "5": "0.63", "6": "275.96", "7": "0", "8": "275.96", "9": "276.59", "10": "0.09", "11": "0", "12": "0.17", "13": "0.26", "14": "0", "15": "9.66", "16": "9.66", "17": "9.92", "18": "0", "19": "-", "20": "0", "21": "-9.34", "22": "-9.34", "23": "0.59", "24": "0.05", "25": "0.00", "26": "0.37", "27": "-0.27"}, "2021-12-31": {"1": "0.16", "2": "0.16", "3": "-", "4": "0.62", "5": "0.77", "6": "275.97", "7": "0", "8": "275.97", "9": "276.75", "10": "0.01", "11": "0", "12": "0.09", "13": "0.1", "14": "0", "15": "9.66", "16": "9.66", "17": "9.76", "18": "0", "19": "-", "20": "0", "21": "-9.02", "22": "-9.02", "23": "0.75", "24": "0.16", "25": "0.02", "26": "0.67", "27": "-0.95"}, "2021-09-30": {"1": "0", "2": "0", "3": "-", "4": "0", "5": "0", "6": "0", "7": "0.66", "8": "0.66", "9": "0.66", "10": "0.04", "11": "0.16", "12": "0.49", "13": "0.69", "14": "0", "15": "0", "16": "0", "17": "0.69", "18": "0.16", "19": "-", "20": "0.03", "21": "-0.05", "22": "-0.03", "23": "0.66", "24": "-0.16", "25": "-0.03", "26": "-0.69", "27": "-0.01"}, "2021-06-30": {"1": "-", "2": "0", "3": "-", "4": "-", "5": "-", "6": "-", "7": "-", "8": "-", "9": "-", "10": "-", "11": "-", "12": "-", "13": "-", "14": "-", "15": "-", "16": "-", "17": "-", "18": "-", "19": "-", "20": "-", "21": "-", "22": "-", "23": "-", "24": "0", "25": "-", "26": "-", "27": "-"}, "2021-02-12": {"1": "0", "2": "0", "3": "-", "4": "0.02", "5": "0.02", "6": "0", "7": "0.14", "8": "0.14", "9": "0.16", "10": "0", "11": "0", "12": "0.14", "13": "0.14", "14": "0", "15": "0", "16": "0", "17": "0.14", "18": "0", "19": "-", "20": "0.03", "21": "-0.01", "22": "0.02", "23": "0.16", "24": "0", "25": "-", "26": "-0.12", "27": "-"}}}, "cash_flow_statement": {"annual": {"Year": {"1": "Net Income", "2": "Other Operating Activities", "3": "Operating Cash Flow", "4": "Change in Investments", "5": "Investing Cash Flow", "6": "Share Issuance / Repurchase", "7": "Debt Issued / Paid", "8": "Other Financing Activities", "9": "Financing Cash Flow", "10": "Net Cash Flow", "11": "Free Cash Flow", "12": "Free Cash Flow Per Share"}, "2022": {"1": "2.51", "2": "-2.9", "3": "-0.39", "4": "0", "5": "0", "6": "0", "7": "0.3", "8": "-", "9": "0.3", "10": "-0.09", "11": "-0.39", "12": "-0.01"}, "2021": {"1": "-0.28", "2": "-0.53", "3": "-0.8", "4": "-276", "5": "-276", "6": "283.52", "7": "-0.17", "8": "-6.39", "9": "276.96", "10": "0.16", "11": "-0.8", "12": "-0.09"}}, "quarterly": {"Metrics": {"1": "Net Income", "2": "Other Operating Activities", "3": "Operating Cash Flow", "4": "Share Issuance / Repurchase", "5": "Debt Issued / Paid", "6": "Other Financing Activities", "7": "Financing Cash Flow", "8": "Net Cash Flow", "9": "Free Cash Flow", "10": "Free Cash Flow Per Share"}, "2022-12-31": {"1": "2.17", "2": "-2.21", "3": "-0.04", "4": "0", "5": "0", "6": "-", "7": "0", "8": "-0.04", "9": "-0.04", "10": "-0.00"}, "2022-09-30": {"1": "0.96", "2": "-1.17", "3": "-0.2", "4": "0", "5": "0", "6": "-", "7": "0", "8": "0.1", "9": "-0.2", "10": "-0.01"}, "2022-06-30": {"1": "-0.31", "2": "0.26", "3": "-0.05", "4": "0", "5": "0", "6": "-", "7": "0", "8": "-0.05", "9": "-0.05", "10": "-0.00"}, "2022-03-31": {"1": "-0.32", "2": "0.22", "3": "-0.1", "4": "0", "5": "0", "6": "-", "7": "0", "8": "-0.1", "9": "-0.1", "10": "-0.00"}, "2021-12-31": {"1": "-0.22", "2": "-0.58", "3": "-0.8", "4": "283.52", "5": "-0.17", "6": "-6.39", "7": "276.96", "8": "0.16", "9": "-0.8", "10": "-0.09"}, "2021-09-30": {"1": "-0.01", "2": "0.01", "3": "0", "4": "0", "5": "0", "6": "-", "7": "0", "8": "0", "9": "0", "10": "-"}, "2021-06-30": {"1": "-0.01", "2": "0.01", "3": "0", "4": "0", "5": "0", "6": "-", "7": "0", "8": "0", "9": "0", "10": "-"}}}, "ratios": {"annual": {"Year": {"1": "Market Capitalization", "2": "Market Cap Growth", "3": "Enterprise Value", "4": "PE Ratio", "5": "PB Ratio", "6": "P/FCF Ratio", "7": "P/OCF Ratio", "8": "EV/EBITDA Ratio", "9": "EV/EBIT Ratio", "10": "EV/FCF Ratio", "11": "Debt / Equity Ratio", "12": "Debt / EBITDA Ratio", "13": "Debt / FCF Ratio", "14": "Current Ratio", "15": "Return on Equity (ROE)", "16": "Return on Assets (ROA)", "17": "Return on Capital (ROIC)", "18": "Earnings Yield", "19": "FCF Yield", "20": "Buyback Yield / Dilution", "21": "Total Shareholder Return"}, "Current": {"1": "355", "2": "-", "3": "355", "4": "147.00", "5": "-35.52", "6": "-879.44", "7": "-879.44", "8": "141.79", "9": "141.79", "10": "-880.05", "11": "-0.03", "12": "0.12", "13": "-0.76", "14": "1.35", "15": "-26.10%", "16": "0.90%", "17": "0.90%", "18": "0.71%", "19": "-0.11%", "20": "-263.16%", "21": "-263.16%"}, "2022": {"1": "347", "2": "38.14%", "3": "347", "4": "138.53", "5": "-35.52", "6": "-879.44", "7": "-879.44", "8": "138.62", "9": "138.62", "10": "-880.05", "11": "-0.03", "12": "0.12", "13": "-0.76", "14": "1.35", "15": "-26.10%", "16": "0.90%", "17": "0.90%", "18": "0.72%", "19": "-0.11%", "20": "-263.16%", "21": "-263.16%"}, "2021": {"1": "251", "2": "-", "3": "251", "4": "-910.30", "5": "-27.86", "6": "-312.72", "7": "-312.72", "8": "-909.74", "9": "-909.74", "10": "-312.53", "11": "-", "12": "-", "13": "-", "14": "7.52", "15": "-", "16": "-", "17": "-", "18": "-0.11%", "19": "-0.32%", "20": "-", "21": "-"}}, "quarterly": {"Metrics": {"1": "Market Capitalization", "2": "Market Cap Growth", "3": "Enterprise Value", "4": "PE Ratio", "5": "PB Ratio", "6": "Debt / Equity Ratio", "7": "Current Ratio", "8": "Buyback Yield / Dilution", "9": "Total Shareholder Return"}, "Current": {"1": "355", "2": "-", "3": "355", "4": "147.00", "5": "-35.52", "6": "-0.03", "7": "1.35", "8": "-263.16%", "9": "-263.16%"}, "2022-12-31": {"1": "347", "2": "38.14%", "3": "347", "4": "138.53", "5": "-35.52", "6": "-0.03", "7": "1.35", "8": "-263.16%", "9": "-263.16%"}, "2022-09-30": {"1": "340", "2": "-", "3": "340", "4": "3152.55", "5": "-35.50", "6": "-0.03", "7": "0.95", "8": "-475.00%", "9": "-475.00%"}, "2022-06-30": {"1": "336", "2": "-", "3": "336", "4": "-386.49", "5": "-34.82", "6": "-", "7": "1.54", "8": "-475.00%", "9": "-475.00%"}, "2022-03-31": {"1": "244", "2": "-", "3": "243", "4": "-432.10", "5": "-26.08", "6": "-", "7": "2.40", "8": "-", "9": "-"}, "2021-12-31": {"1": "251", "2": "-", "3": "251", "4": "-910.30", "5": "-27.86", "6": "-", "7": "7.52", "8": "-", "9": "-"}, "2021-09-30": {"1": "-", "2": "-", "3": "0", "4": "-", "5": "-", "6": "-5.94", "7": "0", "8": "-", "9": "-"}}}, "stock_price": {"symbol": {"0": "BLEU", "1": "BLEU", "2": "BLEU", "3": "BLEU", "4": "BLEU", "5": "BLEU", "6": "BLEU", "7": "BLEU", "8": "BLEU", "9": "BLEU", "10": "BLEU", "11": "BLEU", "12": "BLEU", "13": "BLEU", "14": "BLEU", "15": "BLEU", "16": "BLEU", "17": "BLEU", "18": "BLEU", "19": "BLEU", "20": "BLEU", "21": "BLEU", "22": "BLEU", "23": "BLEU", "24": "BLEU", "25": "BLEU", "26": "BLEU", "27": "BLEU", "28": "BLEU", "29": "BLEU", "30": "BLEU", "31": "BLEU", "32": "BLEU", "33": "BLEU", "34": "BLEU", "35": "BLEU", "36": "BLEU", "37": "BLEU", "38": "BLEU", "39": "BLEU", "40": "BLEU", "41": "BLEU", "42": "BLEU", "43": "BLEU", "44": "BLEU", "45": "BLEU", "46": "BLEU", "47": "BLEU", "48": "BLEU", "49": "BLEU", "50": "BLEU", "51": "BLEU", "52": "BLEU", "53": "BLEU", "54": "BLEU", "55": "BLEU", "56": "BLEU", "57": "BLEU", "58": "BLEU", "59": "BLEU", "60": "BLEU", "61": "BLEU", "62": "BLEU", "63": "BLEU", "64": "BLEU", "65": "BLEU", "66": "BLEU", "67": "BLEU", "68": "BLEU", "69": "BLEU", "70": "BLEU", "71": "BLEU", "72": "BLEU", "73": "BLEU", "74": "BLEU", "75": "BLEU", "76": "BLEU", "77": "BLEU", "78": "BLEU", "79": "BLEU", "80": "BLEU", "81": "BLEU", "82": "BLEU", "83": "BLEU", "84": "BLEU", "85": "BLEU", "86": "BLEU", "87": "BLEU", "88": "BLEU", "89": "BLEU", "90": "BLEU", "91": "BLEU", "92": "BLEU", "93": "BLEU", "94": "BLEU", "95": "BLEU", "96": "BLEU", "97": "BLEU", "98": "BLEU", "99": "BLEU", "100": "BLEU", "101": "BLEU", "102": "BLEU", "103": "BLEU", "104": "BLEU", "105": "BLEU", "106": "BLEU", "107": "BLEU", "108": "BLEU", "109": "BLEU", "110": "BLEU", "111": "BLEU", "112": "BLEU", "113": "BLEU", "114": "BLEU", "115": "BLEU", "116": "BLEU", "117": "BLEU", "118": "BLEU", "119": "BLEU", "120": "BLEU", "121": "BLEU", "122": "BLEU", "123": "BLEU", "124": "BLEU", "125": "BLEU", "126": "BLEU", "127": "BLEU", "128": "BLEU", "129": "BLEU", "130": "BLEU", "131": "BLEU", "132": "BLEU", "133": "BLEU", "134": "BLEU", "135": "BLEU", "136": "BLEU", "137": "BLEU", "138": "BLEU", "139": "BLEU", "140": "BLEU", "141": "BLEU", "142": "BLEU", "143": "BLEU", "144": "BLEU", "145": "BLEU", "146": "BLEU", "147": "BLEU", "148": "BLEU", "149": "BLEU", "150": "BLEU", "151": "BLEU", "152": "BLEU", "153": "BLEU", "154": "BLEU", "155": "BLEU", "156": "BLEU", "157": "BLEU", "158": "BLEU", "159": "BLEU", "160": "BLEU", "161": "BLEU", "162": "BLEU", "163": "BLEU", "164": "BLEU", "165": "BLEU", "166": "BLEU", "167": "BLEU", "168": "BLEU", "169": "BLEU", "170": "BLEU", "171": "BLEU", "172": "BLEU", "173": "BLEU", "174": "BLEU", "175": "BLEU", "176": "BLEU", "177": "BLEU", "178": "BLEU", "179": "BLEU", "180": "BLEU", "181": "BLEU", "182": "BLEU", "183": "BLEU", "184": "BLEU", "185": "BLEU", "186": "BLEU", "187": "BLEU", "188": "BLEU", "189": "BLEU", "190": "BLEU", "191": "BLEU", "192": "BLEU", "193": "BLEU", "194": "BLEU", "195": "BLEU", "196": "BLEU", "197": "BLEU", "198": "BLEU", "199": "BLEU", "200": "BLEU", "201": "BLEU", "202": "BLEU", "203": "BLEU", "204": "BLEU", "205": "BLEU", "206": "BLEU", "207": "BLEU", "208": "BLEU", "209": "BLEU", "210": "BLEU", "211": "BLEU", "212": "BLEU", "213": "BLEU", "214": "BLEU", "215": "BLEU", "216": "BLEU", "217": "BLEU", "218": "BLEU", "219": "BLEU", "220": "BLEU", "221": "BLEU", "222": "BLEU", "223": "BLEU", "224": "BLEU", "225": "BLEU", "226": "BLEU", "227": "BLEU", "228": "BLEU", "229": "BLEU", "230": "BLEU", "231": "BLEU", "232": "BLEU", "233": "BLEU", "234": "BLEU", "235": "BLEU", "236": "BLEU", "237": "BLEU", "238": "BLEU", "239": "BLEU", "240": "BLEU", "241": "BLEU", "242": "BLEU", "243": "BLEU", "244": "BLEU", "245": "BLEU", "246": "BLEU", "247": "BLEU", "248": "BLEU", "249": "BLEU", "250": "BLEU", "251": "BLEU", "252": "BLEU", "253": "BLEU", "254": "BLEU", "255": "BLEU", "256": "BLEU", "257": "BLEU", "258": "BLEU", "259": "BLEU", "260": "BLEU", "261": "BLEU", "262": "BLEU", "263": "BLEU", "264": "BLEU", "265": "BLEU", "266": "BLEU", "267": "BLEU", "268": "BLEU", "269": "BLEU", "270": "BLEU", "271": "BLEU", "272": "BLEU", "273": "BLEU", "274": "BLEU", "275": "BLEU", "276": "BLEU", "277": "BLEU", "278": "BLEU", "279": "BLEU", "280": "BLEU", "281": "BLEU", "282": "BLEU", "283": "BLEU", "284": "BLEU", "285": "BLEU", "286": "BLEU", "287": "BLEU", "288": "BLEU", "289": "BLEU", "290": "BLEU", "291": "BLEU", "292": "BLEU", "293": "BLEU", "294": "BLEU", "295": "BLEU", "296": "BLEU", "297": "BLEU", "298": "BLEU", "299": "BLEU", "300": "BLEU", "301": "BLEU", "302": "BLEU", "303": "BLEU", "304": "BLEU", "305": "BLEU", "306": "BLEU", "307": "BLEU", "308": "BLEU", "309": "BLEU", "310": "BLEU", "311": "BLEU", "312": "BLEU", "313": "BLEU", "314": "BLEU", "315": "BLEU", "316": "BLEU", "317": "BLEU", "318": "BLEU", "319": "BLEU", "320": "BLEU", "321": "BLEU", "322": "BLEU", "323": "BLEU", "324": "BLEU", "325": "BLEU", "326": "BLEU", "327": "BLEU", "328": "BLEU", "329": "BLEU", "330": "BLEU", "331": "BLEU", "332": "BLEU", "333": "BLEU", "334": "BLEU", "335": "BLEU", "336": "BLEU", "337": "BLEU", "338": "BLEU", "339": "BLEU", "340": "BLEU", "341": "BLEU", "342": "BLEU", "343": "BLEU", "344": "BLEU", "345": "BLEU", "346": "BLEU", "347": "BLEU", "348": "BLEU", "349": "BLEU", "350": "BLEU", "351": "BLEU", "352": "BLEU", "353": "BLEU", "354": "BLEU", "355": "BLEU", "356": "BLEU", "357": "BLEU", "358": "BLEU", "359": "BLEU", "360": "BLEU", "361": "BLEU", "362": "BLEU", "363": "BLEU", "364": "BLEU", "365": "BLEU", "366": "BLEU", "367": "BLEU"}, "date": {"0": "2022-01-10", "1": "2022-01-11", "2": "2022-01-12", "3": "2022-01-13", "4": "2022-01-14", "5": "2022-01-18", "6": "2022-01-19", "7": "2022-01-20", "8": "2022-01-21", "9": "2022-01-24", "10": "2022-01-25", "11": "2022-01-26", "12": "2022-01-27", "13": "2022-01-28", "14": "2022-01-31", "15": "2022-02-01", "16": "2022-02-02", "17": "2022-02-03", "18": "2022-02-04", "19": "2022-02-07", "20": "2022-02-08", "21": "2022-02-09", "22": "2022-02-10", "23": "2022-02-11", "24": "2022-02-14", "25": "2022-02-15", "26": "2022-02-16", "27": "2022-02-17", "28": "2022-02-18", "29": "2022-02-22", "30": "2022-02-23", "31": "2022-02-24", "32": "2022-02-25", "33": "2022-02-28", "34": "2022-03-01", "35": "2022-03-02", "36": "2022-03-03", "37": "2022-03-04", "38": "2022-03-07", "39": "2022-03-08", "40": "2022-03-09", "41": "2022-03-10", "42": "2022-03-11", "43": "2022-03-14", "44": "2022-03-15", "45": "2022-03-16", "46": "2022-03-17", "47": "2022-03-18", "48": "2022-03-21", "49": "2022-03-22", "50": "2022-03-23", "51": "2022-03-24", "52": "2022-03-25", "53": "2022-03-28", "54": "2022-03-29", "55": "2022-03-30", "56": "2022-03-31", "57": "2022-04-01", "58": "2022-04-04", "59": "2022-04-05", "60": "2022-04-06", "61": "2022-04-07", "62": "2022-04-08", "63": "2022-04-11", "64": "2022-04-12", "65": "2022-04-13", "66": "2022-04-14", "67": "2022-04-18", "68": "2022-04-19", "69": "2022-04-20", "70": "2022-04-21", "71": "2022-04-22", "72": "2022-04-25", "73": "2022-04-26", "74": "2022-04-27", "75": "2022-04-28", "76": "2022-04-29", "77": "2022-05-02", "78": "2022-05-03", "79": "2022-05-04", "80": "2022-05-05", "81": "2022-05-06", "82": "2022-05-09", "83": "2022-05-10", "84": "2022-05-11", "85": "2022-05-12", "86": "2022-05-13", "87": "2022-05-16", "88": "2022-05-17", "89": "2022-05-18", "90": "2022-05-19", "91": "2022-05-20", "92": "2022-05-23", "93": "2022-05-24", "94": "2022-05-25", "95": "2022-05-26", "96": "2022-05-27", "97": "2022-05-31", "98": "2022-06-01", "99": "2022-06-02", "100": "2022-06-03", "101": "2022-06-06", "102": "2022-06-07", "103": "2022-06-08", "104": "2022-06-09", "105": "2022-06-10", "106": "2022-06-13", "107": "2022-06-14", "108": "2022-06-15", "109": "2022-06-16", "110": "2022-06-17", "111": "2022-06-21", "112": "2022-06-22", "113": "2022-06-23", "114": "2022-06-24", "115": "2022-06-27", "116": "2022-06-28", "117": "2022-06-29", "118": "2022-06-30", "119": "2022-07-01", "120": "2022-07-05", "121": "2022-07-06", "122": "2022-07-07", "123": "2022-07-08", "124": "2022-07-11", "125": "2022-07-12", "126": "2022-07-13", "127": "2022-07-14", "128": "2022-07-15", "129": "2022-07-18", "130": "2022-07-19", "131": "2022-07-20", "132": "2022-07-21", "133": "2022-07-22", "134": "2022-07-25", "135": "2022-07-26", "136": "2022-07-27", "137": "2022-07-28", "138": "2022-07-29", "139": "2022-08-01", "140": "2022-08-02", "141": "2022-08-03", "142": "2022-08-04", "143": "2022-08-05", "144": "2022-08-08", "145": "2022-08-09", "146": "2022-08-10", "147": "2022-08-11", "148": "2022-08-12", "149": "2022-08-15", "150": "2022-08-16", "151": "2022-08-17", "152": "2022-08-18", "153": "2022-08-19", "154": "2022-08-22", "155": "2022-08-23", "156": "2022-08-24", "157": "2022-08-25", "158": "2022-08-26", "159": "2022-08-29", "160": "2022-08-30", "161": "2022-08-31", "162": "2022-09-01", "163": "2022-09-02", "164": "2022-09-06", "165": "2022-09-07", "166": "2022-09-08", "167": "2022-09-09", "168": "2022-09-12", "169": "2022-09-13", "170": "2022-09-14", "171": "2022-09-15", "172": "2022-09-16", "173": "2022-09-19", "174": "2022-09-20", "175": "2022-09-21", "176": "2022-09-22", "177": "2022-09-23", "178": "2022-09-26", "179": "2022-09-27", "180": "2022-09-28", "181": "2022-09-29", "182": "2022-09-30", "183": "2022-10-03", "184": "2022-10-04", "185": "2022-10-05", "186": "2022-10-06", "187": "2022-10-07", "188": "2022-10-10", "189": "2022-10-11", "190": "2022-10-12", "191": "2022-10-13", "192": "2022-10-14", "193": "2022-10-17", "194": "2022-10-18", "195": "2022-10-19", "196": "2022-10-20", "197": "2022-10-21", "198": "2022-10-24", "199": "2022-10-25", "200": "2022-10-26", "201": "2022-10-27", "202": "2022-10-28", "203": "2022-10-31", "204": "2022-11-01", "205": "2022-11-02", "206": "2022-11-03", "207": "2022-11-04", "208": "2022-11-07", "209": "2022-11-08", "210": "2022-11-09", "211": "2022-11-10", "212": "2022-11-11", "213": "2022-11-14", "214": "2022-11-15", "215": "2022-11-16", "216": "2022-11-17", "217": "2022-11-18", "218": "2022-11-21", "219": "2022-11-22", "220": "2022-11-23", "221": "2022-11-25", "222": "2022-11-28", "223": "2022-11-29", "224": "2022-11-30", "225": "2022-12-01", "226": "2022-12-02", "227": "2022-12-05", "228": "2022-12-06", "229": "2022-12-07", "230": "2022-12-08", "231": "2022-12-09", "232": "2022-12-12", "233": "2022-12-13", "234": "2022-12-14", "235": "2022-12-15", "236": "2022-12-16", "237": "2022-12-19", "238": "2022-12-20", "239": "2022-12-21", "240": "2022-12-22", "241": "2022-12-23", "242": "2022-12-27", "243": "2022-12-28", "244": "2022-12-29", "245": "2022-12-30", "246": "2023-01-03", "247": "2023-01-04", "248": "2023-01-05", "249": "2023-01-06", "250": "2023-01-09", "251": "2023-01-10", "252": "2023-01-11", "253": "2023-01-12", "254": "2023-01-13", "255": "2023-01-17", "256": "2023-01-18", "257": "2023-01-19", "258": "2023-01-20", "259": "2023-01-23", "260": "2023-01-24", "261": "2023-01-25", "262": "2023-01-26", "263": "2023-01-27", "264": "2023-01-30", "265": "2023-01-31", "266": "2023-02-01", "267": "2023-02-02", "268": "2023-02-03", "269": "2023-02-06", "270": "2023-02-07", "271": "2023-02-08", "272": "2023-02-09", "273": "2023-02-10", "274": "2023-02-13", "275": "2023-02-14", "276": "2023-02-15", "277": "2023-02-16", "278": "2023-02-17", "279": "2023-02-21", "280": "2023-02-22", "281": "2023-02-23", "282": "2023-02-24", "283": "2023-02-27", "284": "2023-02-28", "285": "2023-03-01", "286": "2023-03-02", "287": "2023-03-03", "288": "2023-03-06", "289": "2023-03-07", "290": "2023-03-08", "291": "2023-03-09", "292": "2023-03-10", "293": "2023-03-13", "294": "2023-03-14", "295": "2023-03-15", "296": "2023-03-16", "297": "2023-03-17", "298": "2023-03-20", "299": "2023-03-21", "300": "2023-03-22", "301": "2023-03-23", "302": "2023-03-24", "303": "2023-03-27", "304": "2023-03-28", "305": "2023-03-29", "306": "2023-03-30", "307": "2023-03-31", "308": "2023-04-03", "309": "2023-04-04", "310": "2023-04-05", "311": "2023-04-06", "312": "2023-04-10", "313": "2023-04-11", "314": "2023-04-12", "315": "2023-04-13", "316": "2023-04-14", "317": "2023-04-17", "318": "2023-04-18", "319": "2023-04-19", "320": "2023-04-20", "321": "2023-04-21", "322": "2023-04-24", "323": "2023-04-25", "324": "2023-04-26", "325": "2023-04-27", "326": "2023-04-28", "327": "2023-05-01", "328": "2023-05-02", "329": "2023-05-03", "330": "2023-05-04", "331": "2023-05-05", "332": "2023-05-08", "333": "2023-05-09", "334": "2023-05-10", "335": "2023-05-11", "336": "2023-05-12", "337": "2023-05-15", "338": "2023-05-16", "339": "2023-05-17", "340": "2023-05-18", "341": "2023-05-19", "342": "2023-05-22", "343": "2023-05-23", "344": "2023-05-24", "345": "2023-05-25", "346": "2023-05-26", "347": "2023-05-30", "348": "2023-05-31", "349": "2023-06-01", "350": "2023-06-02", "351": "2023-06-05", "352": "2023-06-06", "353": "2023-06-07", "354": "2023-06-08", "355": "2023-06-09", "356": "2023-06-12", "357": "2023-06-13", "358": "2023-06-14", "359": "2023-06-15", "360": "2023-06-16", "361": "2023-06-20", "362": "2023-06-21", "363": "2023-06-22", "364": "2023-06-23", "365": "2023-06-26", "366": "2023-06-27", "367": "2023-06-28"}, "open": {"0": 9.699999809265137, "1": 9.609999656677246, "2": 9.65999984741211, "3": 9.65999984741211, "4": 9.649999618530273, "5": 9.649999618530273, "6": 9.649999618530273, "7": 9.649999618530273, "8": 9.65999984741211, "9": 9.657999992370605, "10": 9.65999984741211, "11": 9.65999984741211, "12": 9.65999984741211, "13": 9.65999984741211, "14": 9.65999984741211, "15": 9.65999984741211, "16": 9.699999809265137, "17": 9.699999809265137, "18": 9.699999809265137, "19": 9.699999809265137, "20": 9.670000076293945, "21": 9.65999984741211, "22": 9.670000076293945, "23": 9.699999809265137, "24": 9.680000305175781, "25": 9.680000305175781, "26": 9.680000305175781, "27": 9.670000076293945, "28": 9.65999984741211, "29": 9.680000305175781, "30": 9.670000076293945, "31": 9.670000076293945, "32": 9.670000076293945, "33": 9.670000076293945, "34": 9.670000076293945, "35": 9.619999885559082, "36": 9.680000305175781, "37": 9.699999809265137, "38": 9.699999809265137, "39": 9.699999809265137, "40": 9.699999809265137, "41": 9.699999809265137, "42": 9.699999809265137, "43": 9.699999809265137, "44": 9.699999809265137, "45": 9.699999809265137, "46": 9.720000267028809, "47": 9.710000038146973, "48": 9.739999771118164, "49": 9.739999771118164, "50": 9.710000038146973, "51": 9.710000038146973, "52": 9.710000038146973, "53": 9.739999771118164, "54": 9.739999771118164, "55": 9.739999771118164, "56": 9.739999771118164, "57": 9.729999542236328, "58": 9.720000267028809, "59": 9.729999542236328, "60": 9.75, "61": 9.739999771118164, "62": 9.720000267028809, "63": 9.729999542236328, "64": 9.760000228881836, "65": 9.760000228881836, "66": 9.75, "67": 9.770000457763672, "68": 9.770000457763672, "69": 9.760000228881836, "70": 9.779999732971191, "71": 9.779999732971191, "72": 9.779999732971191, "73": 9.760000228881836, "74": 9.75, "75": 9.739999771118164, "76": 9.739999771118164, "77": 9.739999771118164, "78": 9.75, "79": 9.800000190734863, "80": 9.800000190734863, "81": 9.75, "82": 9.75, "83": 9.75, "84": 9.739999771118164, "85": 9.739999771118164, "86": 9.739999771118164, "87": 9.739999771118164, "88": 9.75, "89": 9.75, "90": 9.75, "91": 9.75, "92": 9.75, "93": 9.75, "94": 9.75, "95": 9.720000267028809, "96": 9.760000228881836, "97": 9.760000228881836, "98": 9.760000228881836, "99": 9.760000228881836, "100": 9.760000228881836, "101": 9.760000228881836, "102": 9.760000228881836, "103": 9.760000228881836, "104": 9.760000228881836, "105": 9.760000228881836, "106": 9.779999732971191, "107": 9.760000228881836, "108": 9.8100004196167, "109": 9.75, "110": 9.760000228881836, "111": 9.850000381469727, "112": 9.739999771118164, "113": 9.869999885559082, "114": 9.869999885559082, "115": 9.739999771118164, "116": 9.760000228881836, "117": 9.760000228881836, "118": 9.739999771118164, "119": 9.869999885559082, "120": 9.859999656677246, "121": 9.739999771118164, "122": 9.739999771118164, "123": 9.739999771118164, "124": 9.779999732971191, "125": 9.770000457763672, "126": 9.75, "127": 9.75, "128": 9.75, "129": 9.760000228881836, "130": 9.760000228881836, "131": 9.760000228881836, "132": 9.789999961853027, "133": 9.819999694824219, "134": 9.819999694824219, "135": 9.819999694824219, "136": 9.819999694824219, "137": 9.8100004196167, "138": 9.8100004196167, "139": 9.8100004196167, "140": 9.789999961853027, "141": 9.789999961853027, "142": 9.789999961853027, "143": 9.789999961853027, "144": 9.789999961853027, "145": 9.789999961853027, "146": 9.789999961853027, "147": 9.789999961853027, "148": 9.789999961853027, "149": 9.789999961853027, "150": 9.789999961853027, "151": 9.789999961853027, "152": 9.800000190734863, "153": 9.800000190734863, "154": 9.800000190734863, "155": 9.800000190734863, "156": 9.800000190734863, "157": 9.800000190734863, "158": 9.800000190734863, "159": 9.800000190734863, "160": 9.800000190734863, "161": 9.800000190734863, "162": 9.819999694824219, "163": 9.850000381469727, "164": 9.850000381469727, "165": 9.829999923706055, "166": 9.829999923706055, "167": 9.829999923706055, "168": 9.850000381469727, "169": 9.84000015258789, "170": 9.829999923706055, "171": 9.829999923706055, "172": 9.829999923706055, "173": 9.829999923706055, "174": 9.829999923706055, "175": 9.829999923706055, "176": 9.84000015258789, "177": 9.850000381469727, "178": 9.84000015258789, "179": 9.859999656677246, "180": 9.859999656677246, "181": 9.859999656677246, "182": 9.859999656677246, "183": 9.859999656677246, "184": 9.859999656677246, "185": 9.869999885559082, "186": 9.850000381469727, "187": 9.850000381469727, "188": 9.850000381469727, "189": 9.850000381469727, "190": 9.850000381469727, "191": 9.864999771118164, "192": 9.880000114440918, "193": 9.880000114440918, "194": 9.859999656677246, "195": 9.859999656677246, "196": 9.890000343322754, "197": 9.904999732971191, "198": 9.920000076293945, "199": 9.914999961853027, "200": 9.920000076293945, "201": 9.920000076293945, "202": 9.920000076293945, "203": 9.930000305175781, "204": 9.930000305175781, "205": 9.9350004196167, "206": 9.9399995803833, "207": 9.949999809265137, "208": 9.949999809265137, "209": 9.949999809265137, "210": 9.949999809265137, "211": 9.949999809265137, "212": 9.960000038146973, "213": 9.960000038146973, "214": 9.970000267028809, "215": 9.970000267028809, "216": 9.970000267028809, "217": 9.970000267028809, "218": 9.970000267028809, "219": 9.979999542236328, "220": 9.989999771118164, "221": 9.970000267028809, "222": 9.989999771118164, "223": 9.989999771118164, "224": 9.989999771118164, "225": 9.989999771118164, "226": 10.0, "227": 10.0, "228": 10.010000228881836, "229": 10.015000343322754, "230": 10.029999732971191, "231": 10.010000228881836, "232": 10.005000114440918, "233": 10.005000114440918, "234": 10.020000457763672, "235": 10.039999961853027, "236": 10.029999732971191, "237": 10.039999961853027, "238": 10.029999732971191, "239": 10.050000190734863, "240": 10.039999961853027, "241": 10.039999961853027, "242": 10.079999923706055, "243": 10.0600004196167, "244": 10.0600004196167, "245": 10.0600004196167, "246": 10.069999694824219, "247": 10.050000190734863, "248": 10.050000190734863, "249": 10.050000190734863, "250": 10.055000305175781, "251": 10.0600004196167, "252": 10.050000190734863, "253": 10.09000015258789, "254": 10.100000381469727, "255": 10.069999694824219, "256": 10.069999694824219, "257": 10.109999656677246, "258": 10.109999656677246, "259": 10.095000267028809, "260": 10.09000015258789, "261": 10.100000381469727, "262": 10.109999656677246, "263": 10.109999656677246, "264": 10.109999656677246, "265": 10.109999656677246, "266": 10.119999885559082, "267": 10.135000228881836, "268": 10.135000228881836, "269": 10.130000114440918, "270": 10.149999618530273, "271": 10.149999618530273, "272": 10.135000228881836, "273": 10.140000343322754, "274": 10.140000343322754, "275": 10.145000457763672, "276": 10.140000343322754, "277": 10.149999618530273, "278": 10.145000457763672, "279": 10.149999618530273, "280": 10.149999618530273, "281": 10.149999618530273, "282": 10.15999984741211, "283": 10.15999984741211, "284": 10.15999984741211, "285": 10.175000190734863, "286": 10.149999618530273, "287": 10.1899995803833, "288": 10.199999809265137, "289": 10.1899995803833, "290": 10.15999984741211, "291": 10.180000305175781, "292": 10.180000305175781, "293": 10.180000305175781, "294": 10.180000305175781, "295": 10.180000305175781, "296": 10.1850004196167, "297": 10.1899995803833, "298": 10.199999809265137, "299": 10.1899995803833, "300": 10.199999809265137, "301": 10.199999809265137, "302": 10.180000305175781, "303": 10.199999809265137, "304": 10.220000267028809, "305": 10.210000038146973, "306": 10.21500015258789, "307": 10.220000267028809, "308": 10.229999542236328, "309": 10.229999542236328, "310": 10.220000267028809, "311": 10.220000267028809, "312": 10.220000267028809, "313": 10.220000267028809, "314": 10.75, "315": 10.5, "316": 10.300000190734863, "317": 10.229999542236328, "318": 10.229999542236328, "319": 10.229999542236328, "320": 10.25, "321": 10.260000228881836, "322": 10.244999885559082, "323": 10.239999771118164, "324": 10.260000228881836, "325": 10.239999771118164, "326": 10.25, "327": 10.75, "328": 10.239999771118164, "329": 10.239999771118164, "330": 10.289999961853027, "331": 10.289999961853027, "332": 10.270000457763672, "333": 10.260000228881836, "334": 10.260000228881836, "335": 10.270000457763672, "336": 10.265999794006348, "337": 10.279999732971191, "338": 10.279999732971191, "339": 10.289999961853027, "340": 10.899999618530273, "341": 10.5, "342": 10.510000228881836, "343": 10.600000381469727, "344": 10.173999786376953, "345": 10.600000381469727, "346": 10.600000381469727, "347": 10.510000228881836, "348": 10.260000228881836, "349": 10.204999923706055, "350": 10.204000473022461, "351": 10.204000473022461, "352": 10.204000473022461, "353": 10.204000473022461, "354": 10.204000473022461, "355": 10.229999542236328, "356": 10.229999542236328, "357": 10.25, "358": 10.25, "359": 10.260000228881836, "360": 10.260000228881836, "361": 10.260000228881836, "362": 10.260000228881836, "363": 10.260000228881836, "364": 10.260000228881836, "365": 10.260000228881836, "366": 10.260000228881836, "367": 10.260000228881836}, "high": {"0": 9.699999809265137, "1": 9.65999984741211, "2": 9.65999984741211, "3": 9.65999984741211, "4": 9.699999809265137, "5": 9.6899995803833, "6": 9.649999618530273, "7": 9.649999618530273, "8": 9.65999984741211, "9": 9.65999984741211, "10": 9.65999984741211, "11": 9.65999984741211, "12": 9.65999984741211, "13": 9.65999984741211, "14": 9.65999984741211, "15": 9.699999809265137, "16": 9.699999809265137, "17": 9.699999809265137, "18": 9.699999809265137, "19": 9.699999809265137, "20": 9.670000076293945, "21": 9.65999984741211, "22": 9.670000076293945, "23": 9.699999809265137, "24": 9.680000305175781, "25": 9.699999809265137, "26": 9.680000305175781, "27": 9.6899995803833, "28": 9.65999984741211, "29": 9.680000305175781, "30": 9.670000076293945, "31": 9.670000076293945, "32": 9.670000076293945, "33": 9.670000076293945, "34": 9.670000076293945, "35": 9.619999885559082, "36": 9.699999809265137, "37": 9.699999809265137, "38": 9.699999809265137, "39": 9.699999809265137, "40": 9.699999809265137, "41": 9.699999809265137, "42": 9.699999809265137, "43": 9.699999809265137, "44": 9.699999809265137, "45": 9.699999809265137, "46": 9.720000267028809, "47": 9.739999771118164, "48": 9.739999771118164, "49": 9.739999771118164, "50": 9.710000038146973, "51": 9.710000038146973, "52": 9.710000038146973, "53": 9.739999771118164, "54": 9.739999771118164, "55": 9.739999771118164, "56": 9.739999771118164, "57": 9.729999542236328, "58": 9.739999771118164, "59": 9.739999771118164, "60": 9.75, "61": 9.739999771118164, "62": 9.729999542236328, "63": 9.729999542236328, "64": 9.789999961853027, "65": 9.770000457763672, "66": 9.760000228881836, "67": 9.770000457763672, "68": 9.770000457763672, "69": 9.779999732971191, "70": 9.779999732971191, "71": 9.779999732971191, "72": 9.779999732971191, "73": 9.770000457763672, "74": 9.75, "75": 9.739999771118164, "76": 9.739999771118164, "77": 9.739999771118164, "78": 9.75, "79": 9.800000190734863, "80": 9.800000190734863, "81": 9.75, "82": 9.75, "83": 9.75, "84": 9.739999771118164, "85": 9.739999771118164, "86": 9.739999771118164, "87": 9.739999771118164, "88": 9.75, "89": 9.75, "90": 9.75, "91": 9.75, "92": 9.75, "93": 9.75, "94": 9.75, "95": 9.720000267028809, "96": 9.760000228881836, "97": 9.760000228881836, "98": 9.760000228881836, "99": 9.760000228881836, "100": 9.760000228881836, "101": 9.760000228881836, "102": 9.760000228881836, "103": 9.760000228881836, "104": 9.760000228881836, "105": 9.760000228881836, "106": 9.779999732971191, "107": 9.760000228881836, "108": 9.8100004196167, "109": 9.760000228881836, "110": 9.949999809265137, "111": 9.850000381469727, "112": 9.739999771118164, "113": 9.869999885559082, "114": 9.869999885559082, "115": 9.75, "116": 9.760000228881836, "117": 9.760000228881836, "118": 9.739999771118164, "119": 9.869999885559082, "120": 9.859999656677246, "121": 9.826000213623047, "122": 9.75, "123": 9.869999885559082, "124": 9.779999732971191, "125": 9.770000457763672, "126": 9.760000228881836, "127": 9.760000228881836, "128": 9.765000343322754, "129": 9.770000457763672, "130": 9.760000228881836, "131": 9.78499984741211, "132": 9.800000190734863, "133": 9.819999694824219, "134": 9.819999694824219, "135": 9.819999694824219, "136": 9.819999694824219, "137": 9.8100004196167, "138": 9.8100004196167, "139": 9.8100004196167, "140": 9.789999961853027, "141": 9.789999961853027, "142": 9.789999961853027, "143": 9.789999961853027, "144": 9.789999961853027, "145": 9.789999961853027, "146": 9.789999961853027, "147": 9.789999961853027, "148": 9.789999961853027, "149": 9.789999961853027, "150": 9.789999961853027, "151": 9.789999961853027, "152": 9.8100004196167, "153": 9.800000190734863, "154": 9.800000190734863, "155": 9.800000190734863, "156": 9.800000190734863, "157": 9.800000190734863, "158": 9.800000190734863, "159": 9.800000190734863, "160": 9.800000190734863, "161": 9.800000190734863, "162": 9.899999618530273, "163": 9.850000381469727, "164": 9.850000381469727, "165": 9.84000015258789, "166": 9.829999923706055, "167": 9.845000267028809, "168": 9.850000381469727, "169": 9.84000015258789, "170": 9.829999923706055, "171": 9.829999923706055, "172": 9.829999923706055, "173": 9.829999923706055, "174": 9.829999923706055, "175": 9.850000381469727, "176": 9.850000381469727, "177": 9.869999885559082, "178": 9.850000381469727, "179": 9.869999885559082, "180": 9.869999885559082, "181": 9.859999656677246, "182": 9.859999656677246, "183": 9.859999656677246, "184": 9.859999656677246, "185": 9.869999885559082, "186": 9.850000381469727, "187": 9.850000381469727, "188": 9.850000381469727, "189": 9.850000381469727, "190": 9.850000381469727, "191": 9.880000114440918, "192": 9.880000114440918, "193": 9.880000114440918, "194": 9.880000114440918, "195": 9.890000343322754, "196": 9.90999984741211, "197": 9.920000076293945, "198": 9.920000076293945, "199": 9.920000076293945, "200": 9.920000076293945, "201": 9.920000076293945, "202": 9.920000076293945, "203": 9.930000305175781, "204": 9.9399995803833, "205": 9.9350004196167, "206": 9.949999809265137, "207": 9.949999809265137, "208": 9.970000267028809, "209": 9.949999809265137, "210": 9.949999809265137, "211": 9.970000267028809, "212": 9.960000038146973, "213": 9.984999656677246, "214": 9.970000267028809, "215": 9.970000267028809, "216": 9.970000267028809, "217": 10.010000228881836, "218": 9.979999542236328, "219": 9.979999542236328, "220": 9.989999771118164, "221": 9.970000267028809, "222": 9.989999771118164, "223": 10.0, "224": 9.994999885559082, "225": 10.0, "226": 10.0, "227": 10.010000228881836, "228": 10.010000228881836, "229": 10.015000343322754, "230": 10.029999732971191, "231": 10.010000228881836, "232": 10.005000114440918, "233": 10.005000114440918, "234": 10.020000457763672, "235": 10.039999961853027, "236": 10.029999732971191, "237": 10.039999961853027, "238": 10.029999732971191, "239": 10.050000190734863, "240": 10.039999961853027, "241": 10.039999961853027, "242": 10.079999923706055, "243": 10.0600004196167, "244": 10.0600004196167, "245": 10.0600004196167, "246": 10.069999694824219, "247": 10.050000190734863, "248": 10.050000190734863, "249": 10.050000190734863, "250": 10.0600004196167, "251": 10.079999923706055, "252": 10.085000038146973, "253": 10.09000015258789, "254": 10.100000381469727, "255": 10.069999694824219, "256": 10.069999694824219, "257": 10.109999656677246, "258": 10.109999656677246, "259": 10.095000267028809, "260": 10.100000381469727, "261": 10.104999542236328, "262": 10.119999885559082, "263": 10.109999656677246, "264": 10.109999656677246, "265": 10.109999656677246, "266": 10.119999885559082, "267": 10.140000343322754, "268": 10.135000228881836, "269": 10.149999618530273, "270": 10.149999618530273, "271": 10.149999618530273, "272": 10.140000343322754, "273": 10.140000343322754, "274": 10.145000457763672, "275": 10.145000457763672, "276": 10.144000053405762, "277": 10.149999618530273, "278": 10.145000457763672, "279": 10.149999618530273, "280": 10.149999618530273, "281": 10.15999984741211, "282": 10.15999984741211, "283": 10.15999984741211, "284": 10.15999984741211, "285": 10.1899995803833, "286": 10.149999618530273, "287": 10.199999809265137, "288": 10.199999809265137, "289": 10.220000267028809, "290": 10.164999961853027, "291": 10.180000305175781, "292": 10.180000305175781, "293": 10.180000305175781, "294": 10.180000305175781, "295": 10.180000305175781, "296": 10.194999694824219, "297": 10.1899995803833, "298": 10.199999809265137, "299": 10.199999809265137, "300": 10.199999809265137, "301": 10.199999809265137, "302": 10.199999809265137, "303": 10.199999809265137, "304": 10.220000267028809, "305": 10.210000038146973, "306": 10.229999542236328, "307": 10.220000267028809, "308": 10.229999542236328, "309": 10.239999771118164, "310": 10.220000267028809, "311": 10.220000267028809, "312": 10.220000267028809, "313": 10.239999771118164, "314": 10.75, "315": 11.045000076293945, "316": 10.300000190734863, "317": 10.270000457763672, "318": 10.229999542236328, "319": 10.279999732971191, "320": 10.25, "321": 10.260000228881836, "322": 10.25, "323": 10.239999771118164, "324": 10.260000228881836, "325": 10.270000457763672, "326": 10.25, "327": 10.75, "328": 10.239999771118164, "329": 10.239999771118164, "330": 10.289999961853027, "331": 10.289999961853027, "332": 10.300000190734863, "333": 10.260000228881836, "334": 10.270000457763672, "335": 10.270000457763672, "336": 10.279999732971191, "337": 10.289999961853027, "338": 10.289999961853027, "339": 10.510000228881836, "340": 10.899999618530273, "341": 10.5, "342": 10.510000228881836, "343": 10.600000381469727, "344": 10.324999809265137, "345": 10.649999618530273, "346": 10.899999618530273, "347": 10.510000228881836, "348": 10.260000228881836, "349": 10.204999923706055, "350": 10.204000473022461, "351": 10.204000473022461, "352": 10.204000473022461, "353": 10.204000473022461, "354": 10.204000473022461, "355": 10.229999542236328, "356": 10.229999542236328, "357": 10.25, "358": 10.25, "359": 10.260000228881836, "360": 10.260000228881836, "361": 10.260000228881836, "362": 10.260000228881836, "363": 10.260000228881836, "364": 10.260000228881836, "365": 10.260000228881836, "366": 10.260000228881836, "367": 10.260000228881836}, "low": {"0": 9.609999656677246, "1": 9.609999656677246, "2": 9.640000343322754, "3": 9.649999618530273, "4": 9.630000114440918, "5": 9.640000343322754, "6": 9.649999618530273, "7": 9.649999618530273, "8": 9.640000343322754, "9": 9.657999992370605, "10": 9.65999984741211, "11": 9.65999984741211, "12": 9.649999618530273, "13": 9.65999984741211, "14": 9.65999984741211, "15": 9.65999984741211, "16": 9.699999809265137, "17": 9.699999809265137, "18": 9.699999809265137, "19": 9.699999809265137, "20": 9.649999618530273, "21": 9.65999984741211, "22": 9.640999794006348, "23": 9.699999809265137, "24": 9.680000305175781, "25": 9.680000305175781, "26": 9.680000305175781, "27": 9.630000114440918, "28": 9.65999984741211, "29": 9.680000305175781, "30": 9.670000076293945, "31": 9.670000076293945, "32": 9.670000076293945, "33": 9.670000076293945, "34": 9.619999885559082, "35": 9.619999885559082, "36": 9.649999618530273, "37": 9.699999809265137, "38": 9.699999809265137, "39": 9.699999809265137, "40": 9.699999809265137, "41": 9.699999809265137, "42": 9.699999809265137, "43": 9.699999809265137, "44": 9.699999809265137, "45": 9.699999809265137, "46": 9.720000267028809, "47": 9.699999809265137, "48": 9.739999771118164, "49": 9.710000038146973, "50": 9.710000038146973, "51": 9.710000038146973, "52": 9.710000038146973, "53": 9.739999771118164, "54": 9.739999771118164, "55": 9.739999771118164, "56": 9.739999771118164, "57": 9.729999542236328, "58": 9.720000267028809, "59": 9.729999542236328, "60": 9.739999771118164, "61": 9.729999542236328, "62": 9.720000267028809, "63": 9.729999542236328, "64": 9.760000228881836, "65": 9.729999542236328, "66": 9.75, "67": 9.770000457763672, "68": 9.770000457763672, "69": 9.760000228881836, "70": 9.779999732971191, "71": 9.779999732971191, "72": 9.779999732971191, "73": 9.75, "74": 9.75, "75": 9.739999771118164, "76": 9.739999771118164, "77": 9.739999771118164, "78": 9.75, "79": 9.800000190734863, "80": 9.800000190734863, "81": 9.75, "82": 9.75, "83": 9.75, "84": 9.739999771118164, "85": 9.739999771118164, "86": 9.739999771118164, "87": 9.739999771118164, "88": 9.75, "89": 9.75, "90": 9.75, "91": 9.75, "92": 9.75, "93": 9.75, "94": 9.75, "95": 9.720000267028809, "96": 9.760000228881836, "97": 9.760000228881836, "98": 9.760000228881836, "99": 9.760000228881836, "100": 9.760000228881836, "101": 9.760000228881836, "102": 9.760000228881836, "103": 9.760000228881836, "104": 9.760000228881836, "105": 9.760000228881836, "106": 9.75, "107": 9.760000228881836, "108": 9.75, "109": 9.75, "110": 9.736000061035156, "111": 9.720000267028809, "112": 9.739999771118164, "113": 9.739999771118164, "114": 9.720000267028809, "115": 9.739999771118164, "116": 9.760000228881836, "117": 9.729999542236328, "118": 9.739999771118164, "119": 9.739999771118164, "120": 9.739999771118164, "121": 9.739999771118164, "122": 9.739999771118164, "123": 9.739999771118164, "124": 9.770000457763672, "125": 9.770000457763672, "126": 9.75, "127": 9.75, "128": 9.75, "129": 9.760000228881836, "130": 9.760000228881836, "131": 9.760000228881836, "132": 9.789999961853027, "133": 9.8100004196167, "134": 9.819999694824219, "135": 9.800000190734863, "136": 9.819999694824219, "137": 9.8100004196167, "138": 9.8100004196167, "139": 9.8100004196167, "140": 9.789999961853027, "141": 9.789999961853027, "142": 9.789999961853027, "143": 9.789999961853027, "144": 9.789999961853027, "145": 9.789999961853027, "146": 9.789999961853027, "147": 9.789999961853027, "148": 9.789999961853027, "149": 9.789999961853027, "150": 9.789999961853027, "151": 9.779999732971191, "152": 9.789999961853027, "153": 9.800000190734863, "154": 9.800000190734863, "155": 9.800000190734863, "156": 9.800000190734863, "157": 9.800000190734863, "158": 9.800000190734863, "159": 9.800000190734863, "160": 9.800000190734863, "161": 9.800000190734863, "162": 9.800000190734863, "163": 9.850000381469727, "164": 9.850000381469727, "165": 9.819999694824219, "166": 9.829999923706055, "167": 9.829999923706055, "168": 9.84000015258789, "169": 9.84000015258789, "170": 9.829999923706055, "171": 9.829999923706055, "172": 9.829999923706055, "173": 9.829999923706055, "174": 9.829999923706055, "175": 9.829999923706055, "176": 9.829999923706055, "177": 9.850000381469727, "178": 9.84000015258789, "179": 9.850000381469727, "180": 9.859999656677246, "181": 9.859999656677246, "182": 9.859999656677246, "183": 9.859999656677246, "184": 9.859999656677246, "185": 9.869999885559082, "186": 9.850000381469727, "187": 9.850000381469727, "188": 9.850000381469727, "189": 9.850000381469727, "190": 9.850000381469727, "191": 9.859999656677246, "192": 9.880000114440918, "193": 9.880000114440918, "194": 9.859999656677246, "195": 9.850000381469727, "196": 9.890000343322754, "197": 9.899999618530273, "198": 9.90999984741211, "199": 9.914999961853027, "200": 9.920000076293945, "201": 9.920000076293945, "202": 9.920000076293945, "203": 9.925000190734863, "204": 9.925000190734863, "205": 9.9350004196167, "206": 9.930000305175781, "207": 9.949999809265137, "208": 9.949999809265137, "209": 9.9399995803833, "210": 9.949999809265137, "211": 9.949999809265137, "212": 9.960000038146973, "213": 9.960000038146973, "214": 9.96500015258789, "215": 9.970000267028809, "216": 9.970000267028809, "217": 9.970000267028809, "218": 9.970000267028809, "219": 9.975000381469727, "220": 9.970000267028809, "221": 9.970000267028809, "222": 9.989999771118164, "223": 9.989999771118164, "224": 9.989999771118164, "225": 9.989999771118164, "226": 10.0, "227": 10.0, "228": 10.010000228881836, "229": 10.0, "230": 10.029999732971191, "231": 10.0, "232": 10.005000114440918, "233": 10.005000114440918, "234": 10.020000457763672, "235": 10.020000457763672, "236": 10.029999732971191, "237": 10.039999961853027, "238": 10.029999732971191, "239": 10.039999961853027, "240": 10.039999961853027, "241": 10.039999961853027, "242": 10.039999961853027, "243": 10.039999961853027, "244": 10.039999961853027, "245": 10.0600004196167, "246": 10.039999961853027, "247": 10.050000190734863, "248": 10.050000190734863, "249": 10.050000190734863, "250": 10.055000305175781, "251": 10.0600004196167, "252": 10.050000190734863, "253": 10.069999694824219, "254": 10.069999694824219, "255": 10.069999694824219, "256": 10.069999694824219, "257": 10.09000015258789, "258": 10.109999656677246, "259": 10.09000015258789, "260": 10.09000015258789, "261": 10.100000381469727, "262": 10.100000381469727, "263": 10.109999656677246, "264": 10.109999656677246, "265": 10.109999656677246, "266": 10.119999885559082, "267": 10.130000114440918, "268": 10.135000228881836, "269": 10.130000114440918, "270": 10.149999618530273, "271": 10.145000457763672, "272": 10.135000228881836, "273": 10.140000343322754, "274": 10.140000343322754, "275": 10.145000457763672, "276": 10.140000343322754, "277": 10.149999618530273, "278": 10.140000343322754, "279": 10.149999618530273, "280": 10.149999618530273, "281": 10.145000457763672, "282": 10.149999618530273, "283": 10.15999984741211, "284": 10.15999984741211, "285": 10.140000343322754, "286": 10.149999618530273, "287": 10.1899995803833, "288": 10.170000076293945, "289": 10.177000045776367, "290": 10.15999984741211, "291": 10.170000076293945, "292": 10.180000305175781, "293": 10.180000305175781, "294": 10.180000305175781, "295": 10.180000305175781, "296": 10.1850004196167, "297": 10.180000305175781, "298": 10.1899995803833, "299": 10.1899995803833, "300": 10.199999809265137, "301": 10.199999809265137, "302": 10.180000305175781, "303": 10.199999809265137, "304": 10.210000038146973, "305": 10.210000038146973, "306": 10.210000038146973, "307": 10.220000267028809, "308": 10.220000267028809, "309": 10.220000267028809, "310": 10.220000267028809, "311": 10.220000267028809, "312": 10.220000267028809, "313": 10.220000267028809, "314": 10.229999542236328, "315": 10.229999542236328, "316": 10.229999542236328, "317": 10.229999542236328, "318": 10.229999542236328, "319": 10.229999542236328, "320": 10.25, "321": 10.239999771118164, "322": 10.239999771118164, "323": 10.239999771118164, "324": 10.239999771118164, "325": 10.239999771118164, "326": 10.25, "327": 10.239999771118164, "328": 10.239999771118164, "329": 10.239999771118164, "330": 10.289999961853027, "331": 10.289999961853027, "332": 10.260000228881836, "333": 10.260000228881836, "334": 10.260000228881836, "335": 10.260000228881836, "336": 10.260000228881836, "337": 10.260000228881836, "338": 10.279999732971191, "339": 10.1899995803833, "340": 10.260000228881836, "341": 10.5, "342": 10.239999771118164, "343": 10.399999618530273, "344": 10.15999984741211, "345": 10.5, "346": 10.350000381469727, "347": 10.149999618530273, "348": 10.229999542236328, "349": 10.204000473022461, "350": 10.204000473022461, "351": 10.204000473022461, "352": 10.204000473022461, "353": 10.204000473022461, "354": 10.204000473022461, "355": 10.229999542236328, "356": 10.229999542236328, "357": 10.25, "358": 10.25, "359": 10.260000228881836, "360": 10.260000228881836, "361": 10.260000228881836, "362": 10.260000228881836, "363": 10.260000228881836, "364": 10.260000228881836, "365": 10.260000228881836, "366": 10.260000228881836, "367": 10.260000228881836}, "close": {"0": 9.609999656677246, "1": 9.65999984741211, "2": 9.65999984741211, "3": 9.649999618530273, "4": 9.630000114440918, "5": 9.640000343322754, "6": 9.649999618530273, "7": 9.649999618530273, "8": 9.640000343322754, "9": 9.65999984741211, "10": 9.65999984741211, "11": 9.65999984741211, "12": 9.649999618530273, "13": 9.65999984741211, "14": 9.65999984741211, "15": 9.699999809265137, "16": 9.699999809265137, "17": 9.699999809265137, "18": 9.699999809265137, "19": 9.699999809265137, "20": 9.649999618530273, "21": 9.65999984741211, "22": 9.65999984741211, "23": 9.699999809265137, "24": 9.680000305175781, "25": 9.680000305175781, "26": 9.680000305175781, "27": 9.630000114440918, "28": 9.65999984741211, "29": 9.680000305175781, "30": 9.670000076293945, "31": 9.670000076293945, "32": 9.670000076293945, "33": 9.670000076293945, "34": 9.619999885559082, "35": 9.619999885559082, "36": 9.699999809265137, "37": 9.699999809265137, "38": 9.699999809265137, "39": 9.699999809265137, "40": 9.699999809265137, "41": 9.699999809265137, "42": 9.699999809265137, "43": 9.699999809265137, "44": 9.699999809265137, "45": 9.699999809265137, "46": 9.720000267028809, "47": 9.739999771118164, "48": 9.739999771118164, "49": 9.710000038146973, "50": 9.710000038146973, "51": 9.710000038146973, "52": 9.710000038146973, "53": 9.739999771118164, "54": 9.739999771118164, "55": 9.739999771118164, "56": 9.739999771118164, "57": 9.729999542236328, "58": 9.729999542236328, "59": 9.739999771118164, "60": 9.739999771118164, "61": 9.729999542236328, "62": 9.729999542236328, "63": 9.729999542236328, "64": 9.760000228881836, "65": 9.75, "66": 9.760000228881836, "67": 9.770000457763672, "68": 9.770000457763672, "69": 9.779999732971191, "70": 9.779999732971191, "71": 9.779999732971191, "72": 9.779999732971191, "73": 9.75, "74": 9.75, "75": 9.739999771118164, "76": 9.739999771118164, "77": 9.739999771118164, "78": 9.75, "79": 9.800000190734863, "80": 9.800000190734863, "81": 9.75, "82": 9.75, "83": 9.75, "84": 9.739999771118164, "85": 9.739999771118164, "86": 9.739999771118164, "87": 9.739999771118164, "88": 9.75, "89": 9.75, "90": 9.75, "91": 9.75, "92": 9.75, "93": 9.75, "94": 9.75, "95": 9.720000267028809, "96": 9.760000228881836, "97": 9.760000228881836, "98": 9.760000228881836, "99": 9.760000228881836, "100": 9.760000228881836, "101": 9.760000228881836, "102": 9.760000228881836, "103": 9.760000228881836, "104": 9.760000228881836, "105": 9.760000228881836, "106": 9.779999732971191, "107": 9.760000228881836, "108": 9.75, "109": 9.75, "110": 9.869999885559082, "111": 9.739999771118164, "112": 9.739999771118164, "113": 9.739999771118164, "114": 9.75, "115": 9.739999771118164, "116": 9.760000228881836, "117": 9.729999542236328, "118": 9.739999771118164, "119": 9.739999771118164, "120": 9.760000228881836, "121": 9.75, "122": 9.739999771118164, "123": 9.869999885559082, "124": 9.770000457763672, "125": 9.770000457763672, "126": 9.760000228881836, "127": 9.760000228881836, "128": 9.760000228881836, "129": 9.770000457763672, "130": 9.760000228881836, "131": 9.78499984741211, "132": 9.800000190734863, "133": 9.819999694824219, "134": 9.819999694824219, "135": 9.819999694824219, "136": 9.819999694824219, "137": 9.8100004196167, "138": 9.8100004196167, "139": 9.8100004196167, "140": 9.789999961853027, "141": 9.789999961853027, "142": 9.789999961853027, "143": 9.789999961853027, "144": 9.789999961853027, "145": 9.789999961853027, "146": 9.789999961853027, "147": 9.789999961853027, "148": 9.789999961853027, "149": 9.789999961853027, "150": 9.789999961853027, "151": 9.779999732971191, "152": 9.800000190734863, "153": 9.800000190734863, "154": 9.800000190734863, "155": 9.800000190734863, "156": 9.800000190734863, "157": 9.800000190734863, "158": 9.800000190734863, "159": 9.800000190734863, "160": 9.800000190734863, "161": 9.800000190734863, "162": 9.850000381469727, "163": 9.850000381469727, "164": 9.850000381469727, "165": 9.829999923706055, "166": 9.829999923706055, "167": 9.845000267028809, "168": 9.84000015258789, "169": 9.84000015258789, "170": 9.829999923706055, "171": 9.829999923706055, "172": 9.829999923706055, "173": 9.829999923706055, "174": 9.829999923706055, "175": 9.84000015258789, "176": 9.850000381469727, "177": 9.850000381469727, "178": 9.850000381469727, "179": 9.850000381469727, "180": 9.859999656677246, "181": 9.859999656677246, "182": 9.859999656677246, "183": 9.859999656677246, "184": 9.859999656677246, "185": 9.869999885559082, "186": 9.850000381469727, "187": 9.850000381469727, "188": 9.850000381469727, "189": 9.850000381469727, "190": 9.850000381469727, "191": 9.880000114440918, "192": 9.880000114440918, "193": 9.880000114440918, "194": 9.880000114440918, "195": 9.880000114440918, "196": 9.90999984741211, "197": 9.920000076293945, "198": 9.90999984741211, "199": 9.920000076293945, "200": 9.920000076293945, "201": 9.920000076293945, "202": 9.920000076293945, "203": 9.925000190734863, "204": 9.9350004196167, "205": 9.9350004196167, "206": 9.944999694824219, "207": 9.949999809265137, "208": 9.949999809265137, "209": 9.949999809265137, "210": 9.949999809265137, "211": 9.970000267028809, "212": 9.960000038146973, "213": 9.970000267028809, "214": 9.96500015258789, "215": 9.970000267028809, "216": 9.970000267028809, "217": 9.970000267028809, "218": 9.970000267028809, "219": 9.975000381469727, "220": 9.970000267028809, "221": 9.970000267028809, "222": 9.989999771118164, "223": 9.989999771118164, "224": 9.989999771118164, "225": 10.0, "226": 10.0, "227": 10.010000228881836, "228": 10.010000228881836, "229": 10.0, "230": 10.029999732971191, "231": 10.005000114440918, "232": 10.005000114440918, "233": 10.005000114440918, "234": 10.020000457763672, "235": 10.029999732971191, "236": 10.029999732971191, "237": 10.039999961853027, "238": 10.029999732971191, "239": 10.039999961853027, "240": 10.039999961853027, "241": 10.039999961853027, "242": 10.039999961853027, "243": 10.039999961853027, "244": 10.039999961853027, "245": 10.0600004196167, "246": 10.039999961853027, "247": 10.050000190734863, "248": 10.050000190734863, "249": 10.050000190734863, "250": 10.0600004196167, "251": 10.079999923706055, "252": 10.079999923706055, "253": 10.069999694824219, "254": 10.069999694824219, "255": 10.069999694824219, "256": 10.069999694824219, "257": 10.109999656677246, "258": 10.109999656677246, "259": 10.09000015258789, "260": 10.100000381469727, "261": 10.100000381469727, "262": 10.119999885559082, "263": 10.109999656677246, "264": 10.109999656677246, "265": 10.109999656677246, "266": 10.119999885559082, "267": 10.135000228881836, "268": 10.135000228881836, "269": 10.149999618530273, "270": 10.149999618530273, "271": 10.149999618530273, "272": 10.140000343322754, "273": 10.140000343322754, "274": 10.145000457763672, "275": 10.145000457763672, "276": 10.144000053405762, "277": 10.149999618530273, "278": 10.140000343322754, "279": 10.149999618530273, "280": 10.149999618530273, "281": 10.15999984741211, "282": 10.15999984741211, "283": 10.15999984741211, "284": 10.15999984741211, "285": 10.149999618530273, "286": 10.149999618530273, "287": 10.199999809265137, "288": 10.170000076293945, "289": 10.180000305175781, "290": 10.164999961853027, "291": 10.180000305175781, "292": 10.180000305175781, "293": 10.180000305175781, "294": 10.180000305175781, "295": 10.180000305175781, "296": 10.1899995803833, "297": 10.180000305175781, "298": 10.1899995803833, "299": 10.199999809265137, "300": 10.199999809265137, "301": 10.199999809265137, "302": 10.199999809265137, "303": 10.199999809265137, "304": 10.210000038146973, "305": 10.210000038146973, "306": 10.220000267028809, "307": 10.220000267028809, "308": 10.225000381469727, "309": 10.220000267028809, "310": 10.220000267028809, "311": 10.220000267028809, "312": 10.220000267028809, "313": 10.229999542236328, "314": 10.239999771118164, "315": 10.229999542236328, "316": 10.229999542236328, "317": 10.229999542236328, "318": 10.229999542236328, "319": 10.279999732971191, "320": 10.25, "321": 10.239999771118164, "322": 10.25, "323": 10.239999771118164, "324": 10.239999771118164, "325": 10.25, "326": 10.25, "327": 10.239999771118164, "328": 10.239999771118164, "329": 10.239999771118164, "330": 10.289999961853027, "331": 10.289999961853027, "332": 10.260000228881836, "333": 10.260000228881836, "334": 10.270000457763672, "335": 10.260000228881836, "336": 10.260000228881836, "337": 10.270000457763672, "338": 10.289999961853027, "339": 10.420000076293945, "340": 10.420000076293945, "341": 10.5, "342": 10.270000457763672, "343": 10.5, "344": 10.15999984741211, "345": 10.600000381469727, "346": 10.350000381469727, "347": 10.149999618530273, "348": 10.229999542236328, "349": 10.204000473022461, "350": 10.204000473022461, "351": 10.204000473022461, "352": 10.204000473022461, "353": 10.204000473022461, "354": 10.204000473022461, "355": 10.229999542236328, "356": 10.229999542236328, "357": 10.25, "358": 10.25, "359": 10.260000228881836, "360": 10.260000228881836, "361": 10.260000228881836, "362": 10.260000228881836, "363": 10.260000228881836, "364": 10.260000228881836, "365": 10.260000228881836, "366": 10.260000228881836, "367": 10.260000228881836}, "volume": {"0": 1000, "1": 10100, "2": 33100, "3": 171800, "4": 179200, "5": 66200, "6": 1200, "7": 0, "8": 12500, "9": 9800, "10": 0, "11": 0, "12": 21000, "13": 3100, "14": 300, "15": 11100, "16": 0, "17": 0, "18": 0, "19": 1200, "20": 18200, "21": 650200, "22": 160600, "23": 100, "24": 500, "25": 6300, "26": 0, "27": 762400, "28": 50000, "29": 2000, "30": 300, "31": 0, "32": 0, "33": 300, "34": 300, "35": 0, "36": 256300, "37": 0, "38": 0, "39": 0, "40": 0, "41": 0, "42": 0, "43": 0, "44": 149200, "45": 700, "46": 58700, "47": 40600, "48": 0, "49": 242000, "50": 0, "51": 0, "52": 0, "53": 10600, "54": 0, "55": 0, "56": 0, "57": 300, "58": 324600, "59": 114800, "60": 71000, "61": 140100, "62": 300, "63": 0, "64": 7800, "65": 67600, "66": 9100, "67": 100, "68": 0, "69": 452000, "70": 0, "71": 0, "72": 0, "73": 600, "74": 0, "75": 1700, "76": 0, "77": 28000, "78": 50000, "79": 200, "80": 0, "81": 3000, "82": 4600, "83": 0, "84": 11400, "85": 0, "86": 0, "87": 0, "88": 1500000, "89": 0, "90": 0, "91": 0, "92": 0, "93": 0, "94": 0, "95": 900, "96": 100, "97": 100, "98": 0, "99": 0, "100": 0, "101": 0, "102": 0, "103": 0, "104": 0, "105": 0, "106": 2800, "107": 10000, "108": 16200, "109": 3600, "110": 103500, "111": 36600, "112": 58000, "113": 300, "114": 2500, "115": 4900, "116": 300, "117": 4200, "118": 700, "119": 2100, "120": 263200, "121": 5800, "122": 5300, "123": 600, "124": 500, "125": 0, "126": 500, "127": 210800, "128": 41100, "129": 50100, "130": 50000, "131": 210600, "132": 29600, "133": 28000, "134": 21100, "135": 5700, "136": 0, "137": 600, "138": 0, "139": 0, "140": 400, "141": 20600, "142": 0, "143": 0, "144": 0, "145": 57300, "146": 0, "147": 100, "148": 500, "149": 0, "150": 0, "151": 466000, "152": 5500, "153": 0, "154": 0, "155": 100, "156": 0, "157": 0, "158": 0, "159": 0, "160": 0, "161": 0, "162": 92900, "163": 100, "164": 0, "165": 214900, "166": 0, "167": 335300, "168": 66500, "169": 0, "170": 63000, "171": 0, "172": 0, "173": 0, "174": 0, "175": 9000, "176": 154700, "177": 400500, "178": 15200, "179": 19500, "180": 25900, "181": 0, "182": 0, "183": 9400, "184": 0, "185": 200, "186": 400, "187": 0, "188": 0, "189": 0, "190": 0, "191": 700, "192": 100, "193": 0, "194": 916600, "195": 21900, "196": 29700, "197": 59700, "198": 2100, "199": 6100, "200": 0, "201": 1200, "202": 0, "203": 400, "204": 145100, "205": 0, "206": 45800, "207": 300, "208": 15500, "209": 571300, "210": 0, "211": 29300, "212": 100, "213": 8300, "214": 2300, "215": 146100, "216": 2300, "217": 12300, "218": 150200, "219": 25700, "220": 87800, "221": 0, "222": 200, "223": 1217900, "224": 668800, "225": 172900, "226": 29600, "227": 3600, "228": 0, "229": 39000, "230": 400, "231": 46900, "232": 0, "233": 0, "234": 19700, "235": 129100, "236": 4400, "237": 200, "238": 800, "239": 4200, "240": 0, "241": 35600, "242": 200, "243": 20200, "244": 765700, "245": 200, "246": 2300, "247": 25100, "248": 543800, "249": 0, "250": 28800, "251": 6300, "252": 1734800, "253": 55800, "254": 2000, "255": 0, "256": 0, "257": 103200, "258": 0, "259": 7300, "260": 2400, "261": 575400, "262": 661600, "263": 1575300, "264": 200, "265": 1100400, "266": 6200, "267": 102000, "268": 0, "269": 32000, "270": 300, "271": 25400, "272": 1500, "273": 0, "274": 3700, "275": 0, "276": 500400, "277": 1100, "278": 2200, "279": 400, "280": 206200, "281": 215400, "282": 56300, "283": 200, "284": 0, "285": 38200, "286": 54800, "287": 1900, "288": 3600, "289": 55900, "290": 600, "291": 10300, "292": 31700, "293": 3900, "294": 100, "295": 200000, "296": 6900, "297": 46400, "298": 600, "299": 226500, "300": 400, "301": 0, "302": 85200, "303": 160000, "304": 349900, "305": 200, "306": 635900, "307": 3600, "308": 377300, "309": 815200, "310": 20200, "311": 7000, "312": 70100, "313": 258900, "314": 36000, "315": 18700, "316": 63700, "317": 304800, "318": 9500, "319": 35000, "320": 400, "321": 166400, "322": 52100, "323": 7000, "324": 27600, "325": 508200, "326": 400, "327": 1600, "328": 0, "329": 100, "330": 200, "331": 0, "332": 5800, "333": 0, "334": 50500, "335": 1100, "336": 227200, "337": 56900, "338": 696800, "339": 199200, "340": 4100, "341": 200, "342": 19200, "343": 2100, "344": 400, "345": 1000, "346": 11700, "347": 1500, "348": 2500, "349": 300, "350": 0, "351": 0, "352": 0, "353": 0, "354": 0, "355": 100, "356": 0, "357": 700, "358": 0, "359": 700, "360": 0, "361": 0, "362": 0, "363": 100, "364": 0, "365": 0, "366": 0, "367": 0}, "adjclose": {"0": 9.609999656677246, "1": 9.65999984741211, "2": 9.65999984741211, "3": 9.649999618530273, "4": 9.630000114440918, "5": 9.640000343322754, "6": 9.649999618530273, "7": 9.649999618530273, "8": 9.640000343322754, "9": 9.65999984741211, "10": 9.65999984741211, "11": 9.65999984741211, "12": 9.649999618530273, "13": 9.65999984741211, "14": 9.65999984741211, "15": 9.699999809265137, "16": 9.699999809265137, "17": 9.699999809265137, "18": 9.699999809265137, "19": 9.699999809265137, "20": 9.649999618530273, "21": 9.65999984741211, "22": 9.65999984741211, "23": 9.699999809265137, "24": 9.680000305175781, "25": 9.680000305175781, "26": 9.680000305175781, "27": 9.630000114440918, "28": 9.65999984741211, "29": 9.680000305175781, "30": 9.670000076293945, "31": 9.670000076293945, "32": 9.670000076293945, "33": 9.670000076293945, "34": 9.619999885559082, "35": 9.619999885559082, "36": 9.699999809265137, "37": 9.699999809265137, "38": 9.699999809265137, "39": 9.699999809265137, "40": 9.699999809265137, "41": 9.699999809265137, "42": 9.699999809265137, "43": 9.699999809265137, "44": 9.699999809265137, "45": 9.699999809265137, "46": 9.720000267028809, "47": 9.739999771118164, "48": 9.739999771118164, "49": 9.710000038146973, "50": 9.710000038146973, "51": 9.710000038146973, "52": 9.710000038146973, "53": 9.739999771118164, "54": 9.739999771118164, "55": 9.739999771118164, "56": 9.739999771118164, "57": 9.729999542236328, "58": 9.729999542236328, "59": 9.739999771118164, "60": 9.739999771118164, "61": 9.729999542236328, "62": 9.729999542236328, "63": 9.729999542236328, "64": 9.760000228881836, "65": 9.75, "66": 9.760000228881836, "67": 9.770000457763672, "68": 9.770000457763672, "69": 9.779999732971191, "70": 9.779999732971191, "71": 9.779999732971191, "72": 9.779999732971191, "73": 9.75, "74": 9.75, "75": 9.739999771118164, "76": 9.739999771118164, "77": 9.739999771118164, "78": 9.75, "79": 9.800000190734863, "80": 9.800000190734863, "81": 9.75, "82": 9.75, "83": 9.75, "84": 9.739999771118164, "85": 9.739999771118164, "86": 9.739999771118164, "87": 9.739999771118164, "88": 9.75, "89": 9.75, "90": 9.75, "91": 9.75, "92": 9.75, "93": 9.75, "94": 9.75, "95": 9.720000267028809, "96": 9.760000228881836, "97": 9.760000228881836, "98": 9.760000228881836, "99": 9.760000228881836, "100": 9.760000228881836, "101": 9.760000228881836, "102": 9.760000228881836, "103": 9.760000228881836, "104": 9.760000228881836, "105": 9.760000228881836, "106": 9.779999732971191, "107": 9.760000228881836, "108": 9.75, "109": 9.75, "110": 9.869999885559082, "111": 9.739999771118164, "112": 9.739999771118164, "113": 9.739999771118164, "114": 9.75, "115": 9.739999771118164, "116": 9.760000228881836, "117": 9.729999542236328, "118": 9.739999771118164, "119": 9.739999771118164, "120": 9.760000228881836, "121": 9.75, "122": 9.739999771118164, "123": 9.869999885559082, "124": 9.770000457763672, "125": 9.770000457763672, "126": 9.760000228881836, "127": 9.760000228881836, "128": 9.760000228881836, "129": 9.770000457763672, "130": 9.760000228881836, "131": 9.78499984741211, "132": 9.800000190734863, "133": 9.819999694824219, "134": 9.819999694824219, "135": 9.819999694824219, "136": 9.819999694824219, "137": 9.8100004196167, "138": 9.8100004196167, "139": 9.8100004196167, "140": 9.789999961853027, "141": 9.789999961853027, "142": 9.789999961853027, "143": 9.789999961853027, "144": 9.789999961853027, "145": 9.789999961853027, "146": 9.789999961853027, "147": 9.789999961853027, "148": 9.789999961853027, "149": 9.789999961853027, "150": 9.789999961853027, "151": 9.779999732971191, "152": 9.800000190734863, "153": 9.800000190734863, "154": 9.800000190734863, "155": 9.800000190734863, "156": 9.800000190734863, "157": 9.800000190734863, "158": 9.800000190734863, "159": 9.800000190734863, "160": 9.800000190734863, "161": 9.800000190734863, "162": 9.850000381469727, "163": 9.850000381469727, "164": 9.850000381469727, "165": 9.829999923706055, "166": 9.829999923706055, "167": 9.845000267028809, "168": 9.84000015258789, "169": 9.84000015258789, "170": 9.829999923706055, "171": 9.829999923706055, "172": 9.829999923706055, "173": 9.829999923706055, "174": 9.829999923706055, "175": 9.84000015258789, "176": 9.850000381469727, "177": 9.850000381469727, "178": 9.850000381469727, "179": 9.850000381469727, "180": 9.859999656677246, "181": 9.859999656677246, "182": 9.859999656677246, "183": 9.859999656677246, "184": 9.859999656677246, "185": 9.869999885559082, "186": 9.850000381469727, "187": 9.850000381469727, "188": 9.850000381469727, "189": 9.850000381469727, "190": 9.850000381469727, "191": 9.880000114440918, "192": 9.880000114440918, "193": 9.880000114440918, "194": 9.880000114440918, "195": 9.880000114440918, "196": 9.90999984741211, "197": 9.920000076293945, "198": 9.90999984741211, "199": 9.920000076293945, "200": 9.920000076293945, "201": 9.920000076293945, "202": 9.920000076293945, "203": 9.925000190734863, "204": 9.9350004196167, "205": 9.9350004196167, "206": 9.944999694824219, "207": 9.949999809265137, "208": 9.949999809265137, "209": 9.949999809265137, "210": 9.949999809265137, "211": 9.970000267028809, "212": 9.960000038146973, "213": 9.970000267028809, "214": 9.96500015258789, "215": 9.970000267028809, "216": 9.970000267028809, "217": 9.970000267028809, "218": 9.970000267028809, "219": 9.975000381469727, "220": 9.970000267028809, "221": 9.970000267028809, "222": 9.989999771118164, "223": 9.989999771118164, "224": 9.989999771118164, "225": 10.0, "226": 10.0, "227": 10.010000228881836, "228": 10.010000228881836, "229": 10.0, "230": 10.029999732971191, "231": 10.005000114440918, "232": 10.005000114440918, "233": 10.005000114440918, "234": 10.020000457763672, "235": 10.029999732971191, "236": 10.029999732971191, "237": 10.039999961853027, "238": 10.029999732971191, "239": 10.039999961853027, "240": 10.039999961853027, "241": 10.039999961853027, "242": 10.039999961853027, "243": 10.039999961853027, "244": 10.039999961853027, "245": 10.0600004196167, "246": 10.039999961853027, "247": 10.050000190734863, "248": 10.050000190734863, "249": 10.050000190734863, "250": 10.0600004196167, "251": 10.079999923706055, "252": 10.079999923706055, "253": 10.069999694824219, "254": 10.069999694824219, "255": 10.069999694824219, "256": 10.069999694824219, "257": 10.109999656677246, "258": 10.109999656677246, "259": 10.09000015258789, "260": 10.100000381469727, "261": 10.100000381469727, "262": 10.119999885559082, "263": 10.109999656677246, "264": 10.109999656677246, "265": 10.109999656677246, "266": 10.119999885559082, "267": 10.135000228881836, "268": 10.135000228881836, "269": 10.149999618530273, "270": 10.149999618530273, "271": 10.149999618530273, "272": 10.140000343322754, "273": 10.140000343322754, "274": 10.145000457763672, "275": 10.145000457763672, "276": 10.144000053405762, "277": 10.149999618530273, "278": 10.140000343322754, "279": 10.149999618530273, "280": 10.149999618530273, "281": 10.15999984741211, "282": 10.15999984741211, "283": 10.15999984741211, "284": 10.15999984741211, "285": 10.149999618530273, "286": 10.149999618530273, "287": 10.199999809265137, "288": 10.170000076293945, "289": 10.180000305175781, "290": 10.164999961853027, "291": 10.180000305175781, "292": 10.180000305175781, "293": 10.180000305175781, "294": 10.180000305175781, "295": 10.180000305175781, "296": 10.1899995803833, "297": 10.180000305175781, "298": 10.1899995803833, "299": 10.199999809265137, "300": 10.199999809265137, "301": 10.199999809265137, "302": 10.199999809265137, "303": 10.199999809265137, "304": 10.210000038146973, "305": 10.210000038146973, "306": 10.220000267028809, "307": 10.220000267028809, "308": 10.225000381469727, "309": 10.220000267028809, "310": 10.220000267028809, "311": 10.220000267028809, "312": 10.220000267028809, "313": 10.229999542236328, "314": 10.239999771118164, "315": 10.229999542236328, "316": 10.229999542236328, "317": 10.229999542236328, "318": 10.229999542236328, "319": 10.279999732971191, "320": 10.25, "321": 10.239999771118164, "322": 10.25, "323": 10.239999771118164, "324": 10.239999771118164, "325": 10.25, "326": 10.25, "327": 10.239999771118164, "328": 10.239999771118164, "329": 10.239999771118164, "330": 10.289999961853027, "331": 10.289999961853027, "332": 10.260000228881836, "333": 10.260000228881836, "334": 10.270000457763672, "335": 10.260000228881836, "336": 10.260000228881836, "337": 10.270000457763672, "338": 10.289999961853027, "339": 10.420000076293945, "340": 10.420000076293945, "341": 10.5, "342": 10.270000457763672, "343": 10.5, "344": 10.15999984741211, "345": 10.600000381469727, "346": 10.350000381469727, "347": 10.149999618530273, "348": 10.229999542236328, "349": 10.204000473022461, "350": 10.204000473022461, "351": 10.204000473022461, "352": 10.204000473022461, "353": 10.204000473022461, "354": 10.204000473022461, "355": 10.229999542236328, "356": 10.229999542236328, "357": 10.25, "358": 10.25, "359": 10.260000228881836, "360": 10.260000228881836, "361": 10.260000228881836, "362": 10.260000228881836, "363": 10.260000228881836, "364": 10.260000228881836, "365": 10.260000228881836, "366": 10.260000228881836, "367": 10.260000228881836}}, "profile": {"address1": "500 Fifth Avenue", "city": "New York", "state": "NY", "zip": "10110", "country": "United States", "phone": "212 935 5599", "website": "https://www.acacia.blue", "industry": "Shell Companies", "industryDisp": "Shell Companies", "sector": "Financial Services", "longBusinessSummary": "bleuacacia ltd does not have significant operations. The company focuses on effecting a merger, capital stock exchange, asset acquisition, stock purchase, reorganization, or related business combination with one or more businesses. It intends to identify business opportunities in the field of premium branded consumer retail. The company was incorporated in 2021 and is based in New York, New York.", "companyOfficers": [{"maxAge": 1, "name": "Mr. Jide J. Zeitlin", "age": 58, "title": "Co-CEO & Co-Chairman", "yearBorn": 1964, "exercisedValue": 0, "unexercisedValue": 0}, {"maxAge": 1, "name": "Mr. Lew  Frankfort", "age": 76, "title": "Co-Chairman & Co-CEO", "yearBorn": 1946, "exercisedValue": 0, "unexercisedValue": 0}, {"maxAge": 1, "name": "Mr. Charles C. McGuigan", "age": 65, "title": "Pres, COO & Director", "yearBorn": 1957, "exercisedValue": 0, "unexercisedValue": 0}, {"maxAge": 1, "name": "Mr. Thomas  Northover", "age": 32, "title": "Exec. Director", "yearBorn": 1990, "exercisedValue": 0, "unexercisedValue": 0}], "maxAge": 86400, "latitude": 40.75360686733697, "longitude": -73.98087680711417}}