{"income_statement": {"annual": {"Year": {"1": "Selling, General & Admin", "2": "Operating Expenses", "3": "Operating Income", "4": "Other Expense / Income", "5": "Pretax Income", "6": "Income Tax", "7": "Net Income", "8": "Net Income Growth", "9": "Shares Outstanding (Basic)", "10": "Shares Outstanding (Diluted)", "11": "Shares Change", "12": "EPS (Basic)", "13": "EPS (Diluted)", "14": "EPS Growth", "15": "Free Cash Flow Per Share", "16": "Effective Tax Rate", "17": "EBITDA", "18": "EBIT"}, "2022": {"1": "1.72", "2": "1.72", "3": "-1.72", "4": "-5.05", "5": "3.33", "6": "0.34", "7": "2.99", "8": "36.59%", "9": "19", "10": "19", "11": "83.18%", "12": "0.15", "13": "0.15", "14": "-28.57%", "15": "0.47", "16": "10.27%", "17": "3.33", "18": "3.33"}, "2021": {"1": "0.6", "2": "0.6", "3": "-0.6", "4": "-2.78", "5": "2.19", "6": "0", "7": "2.19", "8": "-", "9": "11", "10": "11", "11": "-", "12": "0.21", "13": "0.21", "14": "-", "15": "-0.07", "16": "-", "17": "2.19", "18": "2.19"}}, "quarterly": {"Metrics": {"1": "Selling, General & Admin", "2": "Operating Expenses", "3": "Operating Income", "4": "Other Expense / Income", "5": "Pretax Income", "6": "Income Tax", "7": "Net Income", "8": "Net Income Growth", "9": "Shares Outstanding (Basic)", "10": "Shares Outstanding (Diluted)", "11": "Shares Change", "12": "EPS (Basic)", "13": "EPS (Diluted)", "14": "EPS Growth", "15": "Free Cash Flow Per Share", "16": "Effective Tax Rate", "17": "EBITDA", "18": "EBIT"}, "2023-03-31": {"1": "1.03", "2": "1.03", "3": "-1.03", "4": "-1.19", "5": "0.17", "6": "0.08", "7": "0.09", "8": "-94.28%", "9": "8", "10": "8", "11": "-56.35%", "12": "0.01", "13": "0.01", "14": "-87.50%", "15": "-1.29", "16": "46.35%", "17": "0.17", "18": "0.17"}, "2022-12-31": {"1": "0.93", "2": "0.93", "3": "-0.93", "4": "-0.5", "5": "-0.43", "6": "0.22", "7": "-0.66", "8": "-", "9": "19", "10": "19", "11": "82.33%", "12": "-0.04", "13": "-0.04", "14": "-", "15": "0.52", "16": "-", "17": "-0.43", "18": "-0.43"}, "2022-09-30": {"1": "0.28", "2": "0.28", "3": "-0.28", "4": "-1.07", "5": "0.78", "6": "0.11", "7": "0.67", "8": "-72.57%", "9": "19", "10": "19", "11": "29.63%", "12": "0.03", "13": "0.03", "14": "-81.25%", "15": "-0.02", "16": "14.07%", "17": "0.78", "18": "0.78"}, "2022-06-30": {"1": "0.25", "2": "0.25", "3": "-0.25", "4": "-1.68", "5": "1.43", "6": "0.01", "7": "1.42", "8": "47418933.33%", "9": "19", "10": "19", "11": "336.80%", "12": "0.07", "13": "0.07", "14": "-", "15": "-0.01", "16": "0.51%", "17": "1.43", "18": "1.43"}, "2022-03-31": {"1": "0.25", "2": "0.25", "3": "-0.25", "4": "-1.8", "5": "1.55", "6": "0", "7": "1.55", "8": "-", "9": "19", "10": "19", "11": "400.00%", "12": "0.08", "13": "0.08", "14": "-", "15": "-0.02", "16": "-", "17": "1.55", "18": "1.55"}, "2021-12-31": {"1": "0.42", "2": "0.42", "3": "-0.42", "4": "-0.16", "5": "-0.26", "6": "0", "7": "-0.26", "8": "-", "9": "11", "10": "11", "11": "-", "12": "-0.10", "13": "-0.10", "14": "-", "15": "-0.01", "16": "-", "17": "-0.26", "18": "-0.26"}, "2021-09-30": {"1": "0.18", "2": "0.18", "3": "-0.18", "4": "-2.62", "5": "2.45", "6": "0", "7": "2.45", "8": "-", "9": "15", "10": "15", "11": "-", "12": "0.16", "13": "0.16", "14": "-", "15": "-0.04", "16": "-", "17": "2.45", "18": "2.45"}, "2021-06-30": {"1": "-0", "2": "-0", "3": "0", "4": "-", "5": "0", "6": "0", "7": "0", "8": "-", "9": "4", "10": "4", "11": "-", "12": "-", "13": "-", "14": "-", "15": "-", "16": "-", "17": "0", "18": "0"}, "2021-03-31": {"1": "0", "2": "0", "3": "-0", "4": "-", "5": "-0", "6": "0", "7": "-0", "8": "-", "9": "4", "10": "4", "11": "-", "12": "-", "13": "-", "14": "-", "15": "-", "16": "-", "17": "-0", "18": "-0"}}}, "balance_sheet": {"annual": {"Year": {"1": "Cash & Equivalents", "2": "Cash & Cash Equivalents", "3": "Cash Growth", "4": "Other Current Assets", "5": "Total Current Assets", "6": "Long-Term Investments", "7": "Total Long-Term Assets", "8": "Total Assets", "9": "Accounts Payable", "10": "Other Current Liabilities", "11": "Total Current Liabilities", "12": "Other Long-Term Liabilities", "13": "Total Long-Term Liabilities", "14": "Total Liabilities", "15": "Common Stock", "16": "Retained Earnings", "17": "Shareholders' Equity", "18": "Total Liabilities and Equity", "19": "Net Cash / Debt", "20": "Net Cash / Debt Growth", "21": "Net Cash Per Share", "22": "Working Capital", "23": "Book Value Per Share"}, "2022": {"1": "0.78", "2": "0.78", "3": "-44.14%", "4": "0.18", "5": "0.96", "6": "51.36", "7": "51.36", "8": "52.32", "9": "10.54", "10": "0.82", "11": "11.36", "12": "6.34", "13": "6.34", "14": "17.7", "15": "0", "16": "-6.18", "17": "-6.18", "18": "11.52", "19": "0.78", "20": "-44.14%", "21": "0.04", "22": "-10.4", "23": "-0.32"}, "2021": {"1": "1.4", "2": "1.4", "3": "-", "4": "0.38", "5": "1.78", "6": "150", "7": "150", "8": "151.78", "9": "0", "10": "0.29", "11": "0.29", "12": "9.37", "13": "9.37", "14": "9.66", "15": "0", "16": "-7.88", "17": "-7.88", "18": "1.78", "19": "1.4", "20": "-", "21": "0.13", "22": "1.48", "23": "-0.74"}}, "quarterly": {"Metrics": {"1": "Cash & Equivalents", "2": "Cash & Cash Equivalents", "3": "Cash Growth", "4": "Other Current Assets", "5": "Total Current Assets", "6": "Long-Term Investments", "7": "Total Long-Term Assets", "8": "Total Assets", "9": "Accounts Payable", "10": "Current Debt", "11": "Other Current Liabilities", "12": "Total Current Liabilities", "13": "Other Long-Term Liabilities", "14": "Total Long-Term Liabilities", "15": "Total Liabilities", "16": "Total Debt", "17": "Common Stock", "18": "Retained Earnings", "19": "Shareholders' Equity", "20": "Total Liabilities and Equity", "21": "Net Cash / Debt", "22": "Net Cash / Debt Growth", "23": "Net Cash Per Share", "24": "Working Capital", "25": "Book Value Per Share"}, "2023-03-31": {"1": "0.41", "2": "0.41", "3": "-62.33%", "4": "0.15", "5": "0.56", "6": "41.24", "7": "41.24", "8": "41.8", "9": "0", "10": "0", "11": "1.53", "12": "1.53", "13": "5.56", "14": "5.56", "15": "7.09", "16": "0", "17": "0", "18": "-6.38", "19": "-6.38", "20": "0.71", "21": "0.41", "22": "-62.33%", "23": "0.05", "24": "-0.97", "25": "-0.75"}, "2022-12-31": {"1": "0.78", "2": "0.78", "3": "-44.14%", "4": "0.18", "5": "0.96", "6": "51.36", "7": "51.36", "8": "52.32", "9": "10.54", "10": "0", "11": "0.82", "12": "11.36", "13": "6.34", "14": "6.34", "15": "17.7", "16": "0", "17": "0", "18": "-6.18", "19": "-6.18", "20": "11.52", "21": "0.78", "22": "-44.14%", "23": "0.04", "24": "-10.4", "25": "-0.32"}, "2022-09-30": {"1": "0.91", "2": "0.91", "3": "-40.01%", "4": "0.23", "5": "1.14", "6": "150.59", "7": "150.59", "8": "151.72", "9": "0", "10": "0", "11": "0.24", "12": "0.24", "13": "5.72", "14": "5.72", "15": "5.96", "16": "0", "17": "0", "18": "-4.68", "19": "-4.68", "20": "1.28", "21": "0.91", "22": "-40.01%", "23": "0.05", "24": "0.9", "25": "-0.24"}, "2022-06-30": {"1": "0.95", "2": "0.95", "3": "-", "4": "0.27", "5": "1.23", "6": "150.22", "7": "150.22", "8": "151.45", "9": "0", "10": "0", "11": "0.25", "12": "0.25", "13": "6.11", "14": "6.11", "15": "6.35", "16": "0", "17": "0", "18": "-4.91", "19": "-4.91", "20": "1.45", "21": "0.95", "22": "-", "23": "0.05", "24": "0.98", "25": "-0.25"}, "2022-03-31": {"1": "1.08", "2": "1.08", "3": "4930750.00%", "4": "0.35", "5": "1.44", "6": "150.02", "7": "150.02", "8": "151.46", "9": "0", "10": "0", "11": "0.2", "12": "0.2", "13": "7.58", "14": "7.58", "15": "7.78", "16": "0", "17": "0", "18": "-6.33", "19": "-6.33", "20": "1.46", "21": "1.08", "22": "-", "23": "0.06", "24": "1.23", "25": "-0.33"}, "2021-12-31": {"1": "1.4", "2": "1.4", "3": "-", "4": "0.38", "5": "1.78", "6": "150", "7": "150", "8": "151.78", "9": "0", "10": "0", "11": "0.29", "12": "0.29", "13": "9.37", "14": "9.37", "15": "9.66", "16": "0", "17": "0", "18": "-7.88", "19": "-7.88", "20": "1.78", "21": "1.4", "22": "-", "23": "0.13", "24": "1.48", "25": "-0.74"}, "2021-09-30": {"1": "1.51", "2": "1.51", "3": "-", "4": "0.45", "5": "1.96", "6": "150", "7": "150", "8": "151.97", "9": "0", "10": "0", "11": "0.06", "12": "0.06", "13": "9.53", "14": "9.53", "15": "9.59", "16": "0", "17": "0", "18": "-7.62", "19": "-7.62", "20": "1.97", "21": "1.51", "22": "-", "23": "0.10", "24": "1.9", "25": "-0.51"}, "2021-06-30": {"1": "0", "2": "0", "3": "-", "4": "-", "5": "-", "6": "-", "7": "-", "8": "0.25", "9": "0", "10": "0.08", "11": "0.15", "12": "0.22", "13": "0", "14": "0", "15": "0.22", "16": "0.08", "17": "0.03", "18": "-0", "19": "0.02", "20": "0.25", "21": "-0.08", "22": "-", "23": "-0.02", "24": "-", "25": "0.01"}, "2021-03-31": {"1": "0", "2": "0", "3": "-", "4": "-", "5": "-", "6": "-", "7": "-", "8": "0.21", "9": "0", "10": "0.08", "11": "0.11", "12": "0.18", "13": "0", "14": "0", "15": "0.18", "16": "0.08", "17": "0.03", "18": "-0", "19": "0.02", "20": "0.21", "21": "-0.08", "22": "-", "23": "-0.02", "24": "-", "25": "0.01"}, "2021-01-14": {"1": "0", "2": "0", "3": "-", "4": "-", "5": "-", "6": "-", "7": "-", "8": "0.03", "9": "0", "10": "0", "11": "0.01", "12": "0.01", "13": "0", "14": "0", "15": "0.01", "16": "0", "17": "0.03", "18": "-0", "19": "0.02", "20": "0.03", "21": "0", "22": "-", "23": "-", "24": "-", "25": "-"}}}, "cash_flow_statement": {"annual": {"Year": {"1": "Net Income", "2": "Other Operating Activities", "3": "Operating Cash Flow", "4": "Change in Investments", "5": "Investing Cash Flow", "6": "Share Issuance / Repurchase", "7": "Other Financing Activities", "8": "Financing Cash Flow", "9": "Net Cash Flow", "10": "Free Cash Flow", "11": "Free Cash Flow Per Share"}, "2022": {"1": "2.99", "2": "6.22", "3": "9.21", "4": "100.66", "5": "100.66", "6": "-110.48", "7": "-", "8": "-110.48", "9": "-0.62", "10": "9.21", "11": "0.47"}, "2021": {"1": "2.19", "2": "-2.87", "3": "-0.68", "4": "-150", "5": "-150", "6": "152.5", "7": "-0.42", "8": "152.08", "9": "1.4", "10": "-0.68", "11": "-0.07"}}, "quarterly": {"Metrics": {"1": "Net Income", "2": "Other Operating Activities", "3": "Operating Cash Flow", "4": "Change in Investments", "5": "Investing Cash Flow", "6": "Share Issuance / Repurchase", "7": "Debt Issued / Paid", "8": "Other Financing Activities", "9": "Financing Cash Flow", "10": "Net Cash Flow", "11": "Free Cash Flow", "12": "Free Cash Flow Per Share"}, "2023-03-31": {"1": "0.09", "2": "-11", "3": "-10.91", "4": "10.54", "5": "10.54", "6": "0", "7": "0", "8": "-", "9": "0", "10": "-0.37", "11": "-10.91", "12": "-1.29"}, "2022-12-31": {"1": "-0.66", "2": "10.67", "3": "10.01", "4": "100.35", "5": "100.35", "6": "-110.48", "7": "0", "8": "-", "9": "-110.48", "10": "-0.13", "11": "10.01", "12": "0.52"}, "2022-09-30": {"1": "0.67", "2": "-1.03", "3": "-0.36", "4": "0", "5": "0", "6": "0", "7": "0", "8": "-", "9": "0", "10": "-0.05", "11": "-0.36", "12": "-0.02"}, "2022-06-30": {"1": "1.42", "2": "-1.56", "3": "-0.13", "4": "0", "5": "0", "6": "0", "7": "0", "8": "-", "9": "0", "10": "-0.13", "11": "-0.13", "12": "-0.01"}, "2022-03-31": {"1": "1.55", "2": "-1.87", "3": "-0.31", "4": "0", "5": "0", "6": "0", "7": "0", "8": "-", "9": "0", "10": "-0.31", "11": "-0.31", "12": "-0.02"}, "2021-12-31": {"1": "-0.26", "2": "0.15", "3": "-0.11", "4": "0", "5": "0", "6": "0", "7": "0", "8": "-", "9": "0", "10": "-0.11", "11": "-0.11", "12": "-0.01"}, "2021-09-30": {"1": "2.45", "2": "-3.02", "3": "-0.57", "4": "0", "5": "0", "6": "152.5", "7": "-0", "8": "-0.42", "9": "152.08", "10": "1.51", "11": "-0.57", "12": "-0.04"}, "2021-06-30": {"1": "0", "2": "-", "3": "0", "4": "0", "5": "0", "6": "0", "7": "0", "8": "-", "9": "0", "10": "0", "11": "0", "12": "-"}, "2021-03-31": {"1": "-0", "2": "0", "3": "-0", "4": "0", "5": "0", "6": "0", "7": "0", "8": "-", "9": "0", "10": "0", "11": "-0", "12": "-"}}}, "ratios": {"annual": {"Year": {"1": "Market Capitalization", "2": "Market Cap Growth", "3": "Enterprise Value", "4": "PE Ratio", "5": "PB Ratio", "6": "P/FCF Ratio", "7": "P/OCF Ratio", "8": "EV/EBITDA Ratio", "9": "EV/EBIT Ratio", "10": "EV/FCF Ratio", "11": "Current Ratio", "12": "Return on Equity (ROE)", "13": "Return on Assets (ROA)", "14": "Return on Capital (ROIC)", "15": "Earnings Yield", "16": "FCF Yield", "17": "Buyback Yield / Dilution", "18": "Total Shareholder Return"}, "Current": {"1": "86", "2": "-", "3": "86", "4": "145.00", "5": "-13.30", "6": "-61.06", "7": "-61.06", "8": "44.05", "9": "44.05", "10": "-60.77", "11": "0.37", "12": "-27.50%", "13": "1.50%", "14": "2.00%", "15": "1.77%", "16": "-1.62%", "17": "56.35%", "18": "56.35%"}, "2022": {"1": "192", "2": "1.75%", "3": "191", "4": "64.36", "5": "-31.11", "6": "20.88", "7": "20.88", "8": "57.51", "9": "57.51", "10": "20.79", "11": "0.09", "12": "-54.10%", "13": "2.40%", "14": "2.70%", "15": "1.55%", "16": "4.79%", "17": "-83.18%", "18": "-83.18%"}, "2021": {"1": "189", "2": "-", "3": "188", "4": "86.39", "5": "-23.97", "6": "-276.31", "7": "-276.31", "8": "85.75", "9": "85.75", "10": "-274.26", "11": "6.05", "12": "-56.60%", "13": "2.90%", "14": "2.90%", "15": "1.16%", "16": "-0.36%", "17": "-", "18": "-"}}, "quarterly": {"Metrics": {"1": "Market Capitalization", "2": "Market Cap Growth", "3": "Enterprise Value", "4": "PE Ratio", "5": "PB Ratio", "6": "Debt / Equity Ratio", "7": "Current Ratio", "8": "Buyback Yield / Dilution", "9": "Total Shareholder Return"}, "Current": {"1": "86", "2": "-", "3": "86", "4": "145.00", "5": "-13.30", "6": "-", "7": "0.37", "8": "56.35%", "9": "56.35%"}, "2023-03-31": {"1": "85", "2": "-55.21%", "3": "84", "4": "55.69", "5": "-13.30", "6": "-", "7": "0.37", "8": "56.35%", "9": "56.35%"}, "2022-12-31": {"1": "192", "2": "1.75%", "3": "191", "4": "64.36", "5": "-31.11", "6": "-", "7": "0.09", "8": "-82.33%", "9": "-82.33%"}, "2022-09-30": {"1": "192", "2": "-1.11%", "3": "191", "4": "56.58", "5": "-40.98", "6": "-", "7": "4.72", "8": "-29.63%", "9": "-29.63%"}, "2022-06-30": {"1": "191", "2": "-", "3": "190", "4": "36.93", "5": "-38.86", "6": "-", "7": "4.92", "8": "-336.80%", "9": "-336.80%"}, "2022-03-31": {"1": "189", "2": "-", "3": "188", "4": "50.64", "5": "-29.93", "6": "-", "7": "7.10", "8": "-400.00%", "9": "-400.00%"}, "2021-12-31": {"1": "189", "2": "-", "3": "188", "4": "86.39", "5": "-23.97", "6": "-", "7": "6.05", "8": "-", "9": "-"}, "2021-09-30": {"1": "194", "2": "-", "3": "192", "4": "-", "5": "-25.42", "6": "-", "7": "31.74", "8": "-", "9": "-"}, "2021-06-30": {"1": "-", "2": "-", "3": "0", "4": "-", "5": "-", "6": "3.20", "7": "-", "8": "-", "9": "-"}, "2021-03-31": {"1": "-", "2": "-", "3": "0", "4": "-", "5": "-", "6": "3.20", "7": "-", "8": "-", "9": "-"}}}, "stock_price": {"symbol": {"0": "BLNG", "1": "BLNG", "2": "BLNG", "3": "BLNG", "4": "BLNG", "5": "BLNG", "6": "BLNG", "7": "BLNG", "8": "BLNG", "9": "BLNG", "10": "BLNG", "11": "BLNG", "12": "BLNG", "13": "BLNG", "14": "BLNG", "15": "BLNG", "16": "BLNG", "17": "BLNG", "18": "BLNG", "19": "BLNG", "20": "BLNG", "21": "BLNG", "22": "BLNG", "23": "BLNG", "24": "BLNG", "25": "BLNG", "26": "BLNG", "27": "BLNG", "28": "BLNG", "29": "BLNG", "30": "BLNG", "31": "BLNG", "32": "BLNG", "33": "BLNG", "34": "BLNG", "35": "BLNG", "36": "BLNG", "37": "BLNG", "38": "BLNG", "39": "BLNG", "40": "BLNG", "41": "BLNG", "42": "BLNG", "43": "BLNG", "44": "BLNG", "45": "BLNG", "46": "BLNG", "47": "BLNG", "48": "BLNG", "49": "BLNG", "50": "BLNG", "51": "BLNG", "52": "BLNG", "53": "BLNG", "54": "BLNG", "55": "BLNG", "56": "BLNG", "57": "BLNG", "58": "BLNG", "59": "BLNG", "60": "BLNG", "61": "BLNG", "62": "BLNG", "63": "BLNG", "64": "BLNG", "65": "BLNG", "66": "BLNG", "67": "BLNG", "68": "BLNG", "69": "BLNG", "70": "BLNG", "71": "BLNG", "72": "BLNG", "73": "BLNG", "74": "BLNG", "75": "BLNG", "76": "BLNG", "77": "BLNG", "78": "BLNG", "79": "BLNG", "80": "BLNG", "81": "BLNG", "82": "BLNG", "83": "BLNG", "84": "BLNG", "85": "BLNG", "86": "BLNG", "87": "BLNG", "88": "BLNG", "89": "BLNG", "90": "BLNG", "91": "BLNG", "92": "BLNG", "93": "BLNG", "94": "BLNG", "95": "BLNG", "96": "BLNG", "97": "BLNG", "98": "BLNG", "99": "BLNG", "100": "BLNG", "101": "BLNG", "102": "BLNG", "103": "BLNG", "104": "BLNG", "105": "BLNG", "106": "BLNG", "107": "BLNG", "108": "BLNG", "109": "BLNG", "110": "BLNG", "111": "BLNG", "112": "BLNG", "113": "BLNG", "114": "BLNG", "115": "BLNG", "116": "BLNG", "117": "BLNG", "118": "BLNG", "119": "BLNG", "120": "BLNG", "121": "BLNG", "122": "BLNG", "123": "BLNG", "124": "BLNG", "125": "BLNG", "126": "BLNG", "127": "BLNG", "128": "BLNG", "129": "BLNG", "130": "BLNG", "131": "BLNG", "132": "BLNG", "133": "BLNG", "134": "BLNG", "135": "BLNG", "136": "BLNG", "137": "BLNG", "138": "BLNG", "139": "BLNG", "140": "BLNG", "141": "BLNG", "142": "BLNG", "143": "BLNG", "144": "BLNG", "145": "BLNG", "146": "BLNG", "147": "BLNG", "148": "BLNG", "149": "BLNG", "150": "BLNG", "151": "BLNG", "152": "BLNG", "153": "BLNG", "154": "BLNG", "155": "BLNG", "156": "BLNG", "157": "BLNG", "158": "BLNG", "159": "BLNG", "160": "BLNG", "161": "BLNG", "162": "BLNG", "163": "BLNG", "164": "BLNG", "165": "BLNG", "166": "BLNG", "167": "BLNG", "168": "BLNG", "169": "BLNG", "170": "BLNG", "171": "BLNG", "172": "BLNG", "173": "BLNG", "174": "BLNG", "175": "BLNG", "176": "BLNG", "177": "BLNG", "178": "BLNG", "179": "BLNG", "180": "BLNG", "181": "BLNG", "182": "BLNG", "183": "BLNG", "184": "BLNG", "185": "BLNG", "186": "BLNG", "187": "BLNG", "188": "BLNG", "189": "BLNG", "190": "BLNG", "191": "BLNG", "192": "BLNG", "193": "BLNG", "194": "BLNG", "195": "BLNG", "196": "BLNG", "197": "BLNG", "198": "BLNG", "199": "BLNG", "200": "BLNG", "201": "BLNG", "202": "BLNG", "203": "BLNG", "204": "BLNG", "205": "BLNG", "206": "BLNG", "207": "BLNG", "208": "BLNG", "209": "BLNG", "210": "BLNG", "211": "BLNG", "212": "BLNG", "213": "BLNG", "214": "BLNG", "215": "BLNG", "216": "BLNG", "217": "BLNG", "218": "BLNG", "219": "BLNG", "220": "BLNG", "221": "BLNG", "222": "BLNG", "223": "BLNG", "224": "BLNG", "225": "BLNG", "226": "BLNG", "227": "BLNG", "228": "BLNG", "229": "BLNG", "230": "BLNG", "231": "BLNG", "232": "BLNG", "233": "BLNG", "234": "BLNG", "235": "BLNG", "236": "BLNG", "237": "BLNG", "238": "BLNG", "239": "BLNG", "240": "BLNG", "241": "BLNG", "242": "BLNG", "243": "BLNG", "244": "BLNG", "245": "BLNG", "246": "BLNG", "247": "BLNG", "248": "BLNG", "249": "BLNG", "250": "BLNG", "251": "BLNG", "252": "BLNG", "253": "BLNG", "254": "BLNG", "255": "BLNG", "256": "BLNG", "257": "BLNG", "258": "BLNG", "259": "BLNG", "260": "BLNG", "261": "BLNG", "262": "BLNG", "263": "BLNG", "264": "BLNG", "265": "BLNG", "266": "BLNG", "267": "BLNG", "268": "BLNG", "269": "BLNG", "270": "BLNG", "271": "BLNG", "272": "BLNG", "273": "BLNG", "274": "BLNG", "275": "BLNG", "276": "BLNG", "277": "BLNG", "278": "BLNG", "279": "BLNG", "280": "BLNG", "281": "BLNG", "282": "BLNG", "283": "BLNG", "284": "BLNG", "285": "BLNG", "286": "BLNG", "287": "BLNG", "288": "BLNG", "289": "BLNG", "290": "BLNG", "291": "BLNG", "292": "BLNG", "293": "BLNG", "294": "BLNG", "295": "BLNG", "296": "BLNG", "297": "BLNG", "298": "BLNG", "299": "BLNG", "300": "BLNG", "301": "BLNG", "302": "BLNG", "303": "BLNG", "304": "BLNG", "305": "BLNG", "306": "BLNG", "307": "BLNG", "308": "BLNG", "309": "BLNG", "310": "BLNG", "311": "BLNG", "312": "BLNG", "313": "BLNG", "314": "BLNG", "315": "BLNG", "316": "BLNG", "317": "BLNG", "318": "BLNG", "319": "BLNG", "320": "BLNG", "321": "BLNG", "322": "BLNG", "323": "BLNG", "324": "BLNG", "325": "BLNG", "326": "BLNG", "327": "BLNG", "328": "BLNG", "329": "BLNG", "330": "BLNG", "331": "BLNG", "332": "BLNG", "333": "BLNG", "334": "BLNG", "335": "BLNG", "336": "BLNG", "337": "BLNG", "338": "BLNG", "339": "BLNG", "340": "BLNG", "341": "BLNG", "342": "BLNG", "343": "BLNG", "344": "BLNG", "345": "BLNG", "346": "BLNG", "347": "BLNG", "348": "BLNG", "349": "BLNG", "350": "BLNG", "351": "BLNG", "352": "BLNG", "353": "BLNG", "354": "BLNG", "355": "BLNG", "356": "BLNG", "357": "BLNG", "358": "BLNG", "359": "BLNG", "360": "BLNG", "361": "BLNG", "362": "BLNG", "363": "BLNG", "364": "BLNG", "365": "BLNG", "366": "BLNG", "367": "BLNG", "368": "BLNG", "369": "BLNG", "370": "BLNG", "371": "BLNG", "372": "BLNG", "373": "BLNG", "374": "BLNG", "375": "BLNG", "376": "BLNG", "377": "BLNG", "378": "BLNG", "379": "BLNG", "380": "BLNG", "381": "BLNG", "382": "BLNG", "383": "BLNG", "384": "BLNG", "385": "BLNG", "386": "BLNG", "387": "BLNG", "388": "BLNG", "389": "BLNG", "390": "BLNG", "391": "BLNG", "392": "BLNG", "393": "BLNG", "394": "BLNG", "395": "BLNG", "396": "BLNG", "397": "BLNG", "398": "BLNG", "399": "BLNG", "400": "BLNG", "401": "BLNG", "402": "BLNG", "403": "BLNG", "404": "BLNG", "405": "BLNG", "406": "BLNG", "407": "BLNG", "408": "BLNG", "409": "BLNG", "410": "BLNG", "411": "BLNG", "412": "BLNG", "413": "BLNG", "414": "BLNG", "415": "BLNG", "416": "BLNG", "417": "BLNG", "418": "BLNG", "419": "BLNG", "420": "BLNG", "421": "BLNG", "422": "BLNG", "423": "BLNG", "424": "BLNG", "425": "BLNG", "426": "BLNG", "427": "BLNG", "428": "BLNG", "429": "BLNG", "430": "BLNG", "431": "BLNG", "432": "BLNG", "433": "BLNG", "434": "BLNG", "435": "BLNG", "436": "BLNG", "437": "BLNG", "438": "BLNG", "439": "BLNG", "440": "BLNG", "441": "BLNG", "442": "BLNG", "443": "BLNG", "444": "BLNG", "445": "BLNG"}, "date": {"0": "2021-09-20", "1": "2021-09-21", "2": "2021-09-22", "3": "2021-09-23", "4": "2021-09-24", "5": "2021-09-27", "6": "2021-09-28", "7": "2021-09-29", "8": "2021-09-30", "9": "2021-10-01", "10": "2021-10-04", "11": "2021-10-05", "12": "2021-10-06", "13": "2021-10-07", "14": "2021-10-08", "15": "2021-10-11", "16": "2021-10-12", "17": "2021-10-13", "18": "2021-10-14", "19": "2021-10-15", "20": "2021-10-18", "21": "2021-10-19", "22": "2021-10-20", "23": "2021-10-21", "24": "2021-10-22", "25": "2021-10-25", "26": "2021-10-26", "27": "2021-10-27", "28": "2021-10-28", "29": "2021-10-29", "30": "2021-11-01", "31": "2021-11-02", "32": "2021-11-03", "33": "2021-11-04", "34": "2021-11-05", "35": "2021-11-08", "36": "2021-11-09", "37": "2021-11-10", "38": "2021-11-11", "39": "2021-11-12", "40": "2021-11-15", "41": "2021-11-16", "42": "2021-11-17", "43": "2021-11-18", "44": "2021-11-19", "45": "2021-11-22", "46": "2021-11-23", "47": "2021-11-24", "48": "2021-11-26", "49": "2021-11-29", "50": "2021-11-30", "51": "2021-12-01", "52": "2021-12-02", "53": "2021-12-03", "54": "2021-12-06", "55": "2021-12-07", "56": "2021-12-08", "57": "2021-12-09", "58": "2021-12-10", "59": "2021-12-13", "60": "2021-12-14", "61": "2021-12-15", "62": "2021-12-16", "63": "2021-12-17", "64": "2021-12-20", "65": "2021-12-21", "66": "2021-12-22", "67": "2021-12-23", "68": "2021-12-27", "69": "2021-12-28", "70": "2021-12-29", "71": "2021-12-30", "72": "2021-12-31", "73": "2022-01-03", "74": "2022-01-04", "75": "2022-01-05", "76": "2022-01-06", "77": "2022-01-07", "78": "2022-01-10", "79": "2022-01-11", "80": "2022-01-12", "81": "2022-01-13", "82": "2022-01-14", "83": "2022-01-18", "84": "2022-01-19", "85": "2022-01-20", "86": "2022-01-21", "87": "2022-01-24", "88": "2022-01-25", "89": "2022-01-26", "90": "2022-01-27", "91": "2022-01-28", "92": "2022-01-31", "93": "2022-02-01", "94": "2022-02-02", "95": "2022-02-03", "96": "2022-02-04", "97": "2022-02-07", "98": "2022-02-08", "99": "2022-02-09", "100": "2022-02-10", "101": "2022-02-11", "102": "2022-02-14", "103": "2022-02-15", "104": "2022-02-16", "105": "2022-02-17", "106": "2022-02-18", "107": "2022-02-22", "108": "2022-02-23", "109": "2022-02-24", "110": "2022-02-25", "111": "2022-02-28", "112": "2022-03-01", "113": "2022-03-02", "114": "2022-03-03", "115": "2022-03-04", "116": "2022-03-07", "117": "2022-03-08", "118": "2022-03-09", "119": "2022-03-10", "120": "2022-03-11", "121": "2022-03-14", "122": "2022-03-15", "123": "2022-03-16", "124": "2022-03-17", "125": "2022-03-18", "126": "2022-03-21", "127": "2022-03-22", "128": "2022-03-23", "129": "2022-03-24", "130": "2022-03-25", "131": "2022-03-28", "132": "2022-03-29", "133": "2022-03-30", "134": "2022-03-31", "135": "2022-04-01", "136": "2022-04-04", "137": "2022-04-05", "138": "2022-04-06", "139": "2022-04-07", "140": "2022-04-08", "141": "2022-04-11", "142": "2022-04-12", "143": "2022-04-13", "144": "2022-04-14", "145": "2022-04-18", "146": "2022-04-19", "147": "2022-04-20", "148": "2022-04-21", "149": "2022-04-22", "150": "2022-04-25", "151": "2022-04-26", "152": "2022-04-27", "153": "2022-04-28", "154": "2022-04-29", "155": "2022-05-02", "156": "2022-05-03", "157": "2022-05-04", "158": "2022-05-05", "159": "2022-05-06", "160": "2022-05-09", "161": "2022-05-10", "162": "2022-05-11", "163": "2022-05-12", "164": "2022-05-13", "165": "2022-05-16", "166": "2022-05-17", "167": "2022-05-18", "168": "2022-05-19", "169": "2022-05-20", "170": "2022-05-23", "171": "2022-05-24", "172": "2022-05-25", "173": "2022-05-26", "174": "2022-05-27", "175": "2022-05-31", "176": "2022-06-01", "177": "2022-06-02", "178": "2022-06-03", "179": "2022-06-06", "180": "2022-06-07", "181": "2022-06-08", "182": "2022-06-09", "183": "2022-06-10", "184": "2022-06-13", "185": "2022-06-14", "186": "2022-06-15", "187": "2022-06-16", "188": "2022-06-17", "189": "2022-06-21", "190": "2022-06-22", "191": "2022-06-23", "192": "2022-06-24", "193": "2022-06-27", "194": "2022-06-28", "195": "2022-06-29", "196": "2022-06-30", "197": "2022-07-01", "198": "2022-07-05", "199": "2022-07-06", "200": "2022-07-07", "201": "2022-07-08", "202": "2022-07-11", "203": "2022-07-12", "204": "2022-07-13", "205": "2022-07-14", "206": "2022-07-15", "207": "2022-07-18", "208": "2022-07-19", "209": "2022-07-20", "210": "2022-07-21", "211": "2022-07-22", "212": "2022-07-25", "213": "2022-07-26", "214": "2022-07-27", "215": "2022-07-28", "216": "2022-07-29", "217": "2022-08-01", "218": "2022-08-02", "219": "2022-08-03", "220": "2022-08-04", "221": "2022-08-05", "222": "2022-08-08", "223": "2022-08-09", "224": "2022-08-10", "225": "2022-08-11", "226": "2022-08-12", "227": "2022-08-15", "228": "2022-08-16", "229": "2022-08-17", "230": "2022-08-18", "231": "2022-08-19", "232": "2022-08-22", "233": "2022-08-23", "234": "2022-08-24", "235": "2022-08-25", "236": "2022-08-26", "237": "2022-08-29", "238": "2022-08-30", "239": "2022-08-31", "240": "2022-09-01", "241": "2022-09-02", "242": "2022-09-06", "243": "2022-09-07", "244": "2022-09-08", "245": "2022-09-09", "246": "2022-09-12", "247": "2022-09-13", "248": "2022-09-14", "249": "2022-09-15", "250": "2022-09-16", "251": "2022-09-19", "252": "2022-09-20", "253": "2022-09-21", "254": "2022-09-22", "255": "2022-09-23", "256": "2022-09-26", "257": "2022-09-27", "258": "2022-09-28", "259": "2022-09-29", "260": "2022-09-30", "261": "2022-10-03", "262": "2022-10-04", "263": "2022-10-05", "264": "2022-10-06", "265": "2022-10-07", "266": "2022-10-10", "267": "2022-10-11", "268": "2022-10-12", "269": "2022-10-13", "270": "2022-10-14", "271": "2022-10-17", "272": "2022-10-18", "273": "2022-10-19", "274": "2022-10-20", "275": "2022-10-21", "276": "2022-10-24", "277": "2022-10-25", "278": "2022-10-26", "279": "2022-10-27", "280": "2022-10-28", "281": "2022-10-31", "282": "2022-11-01", "283": "2022-11-02", "284": "2022-11-03", "285": "2022-11-04", "286": "2022-11-07", "287": "2022-11-08", "288": "2022-11-09", "289": "2022-11-10", "290": "2022-11-11", "291": "2022-11-14", "292": "2022-11-15", "293": "2022-11-16", "294": "2022-11-17", "295": "2022-11-18", "296": "2022-11-21", "297": "2022-11-22", "298": "2022-11-23", "299": "2022-11-25", "300": "2022-11-28", "301": "2022-11-29", "302": "2022-11-30", "303": "2022-12-01", "304": "2022-12-02", "305": "2022-12-05", "306": "2022-12-06", "307": "2022-12-07", "308": "2022-12-08", "309": "2022-12-09", "310": "2022-12-12", "311": "2022-12-13", "312": "2022-12-14", "313": "2022-12-15", "314": "2022-12-16", "315": "2022-12-19", "316": "2022-12-20", "317": "2022-12-21", "318": "2022-12-22", "319": "2022-12-23", "320": "2022-12-27", "321": "2022-12-28", "322": "2022-12-29", "323": "2022-12-30", "324": "2023-01-03", "325": "2023-01-04", "326": "2023-01-05", "327": "2023-01-06", "328": "2023-01-09", "329": "2023-01-10", "330": "2023-01-11", "331": "2023-01-12", "332": "2023-01-13", "333": "2023-01-17", "334": "2023-01-18", "335": "2023-01-19", "336": "2023-01-20", "337": "2023-01-23", "338": "2023-01-24", "339": "2023-01-25", "340": "2023-01-26", "341": "2023-01-27", "342": "2023-01-30", "343": "2023-01-31", "344": "2023-02-01", "345": "2023-02-02", "346": "2023-02-03", "347": "2023-02-06", "348": "2023-02-07", "349": "2023-02-08", "350": "2023-02-09", "351": "2023-02-10", "352": "2023-02-13", "353": "2023-02-14", "354": "2023-02-15", "355": "2023-02-16", "356": "2023-02-17", "357": "2023-02-21", "358": "2023-02-22", "359": "2023-02-23", "360": "2023-02-24", "361": "2023-02-27", "362": "2023-02-28", "363": "2023-03-01", "364": "2023-03-02", "365": "2023-03-03", "366": "2023-03-06", "367": "2023-03-07", "368": "2023-03-08", "369": "2023-03-09", "370": "2023-03-10", "371": "2023-03-13", "372": "2023-03-14", "373": "2023-03-15", "374": "2023-03-16", "375": "2023-03-17", "376": "2023-03-20", "377": "2023-03-21", "378": "2023-03-22", "379": "2023-03-23", "380": "2023-03-24", "381": "2023-03-27", "382": "2023-03-28", "383": "2023-03-29", "384": "2023-03-30", "385": "2023-03-31", "386": "2023-04-03", "387": "2023-04-04", "388": "2023-04-05", "389": "2023-04-06", "390": "2023-04-10", "391": "2023-04-11", "392": "2023-04-12", "393": "2023-04-13", "394": "2023-04-14", "395": "2023-04-17", "396": "2023-04-18", "397": "2023-04-19", "398": "2023-04-20", "399": "2023-04-21", "400": "2023-04-24", "401": "2023-04-25", "402": "2023-04-26", "403": "2023-04-27", "404": "2023-04-28", "405": "2023-05-01", "406": "2023-05-02", "407": "2023-05-03", "408": "2023-05-04", "409": "2023-05-05", "410": "2023-05-08", "411": "2023-05-09", "412": "2023-05-10", "413": "2023-05-11", "414": "2023-05-12", "415": "2023-05-15", "416": "2023-05-16", "417": "2023-05-17", "418": "2023-05-18", "419": "2023-05-19", "420": "2023-05-22", "421": "2023-05-23", "422": "2023-05-24", "423": "2023-05-25", "424": "2023-05-26", "425": "2023-05-30", "426": "2023-05-31", "427": "2023-06-01", "428": "2023-06-02", "429": "2023-06-05", "430": "2023-06-06", "431": "2023-06-07", "432": "2023-06-08", "433": "2023-06-09", "434": "2023-06-12", "435": "2023-06-13", "436": "2023-06-14", "437": "2023-06-15", "438": "2023-06-16", "439": "2023-06-20", "440": "2023-06-21", "441": "2023-06-22", "442": "2023-06-23", "443": "2023-06-26", "444": "2023-06-27", "445": "2023-06-28"}, "open": {"0": 9.550000190734863, "1": 9.65999984741211, "2": 9.670000076293945, "3": 9.680000305175781, "4": 9.6899995803833, "5": 9.6899995803833, "6": 9.680000305175781, "7": 9.680000305175781, "8": 9.6899995803833, "9": 9.6899995803833, "10": 9.770000457763672, "11": 9.770000457763672, "12": 9.770000457763672, "13": 9.84000015258789, "14": 9.720000267028809, "15": 9.770000457763672, "16": 9.710000038146973, "17": 9.720000267028809, "18": 9.739999771118164, "19": 9.699999809265137, "20": 9.6899995803833, "21": 9.699999809265137, "22": 9.699999809265137, "23": 9.6899995803833, "24": 9.699999809265137, "25": 9.699999809265137, "26": 9.699999809265137, "27": 9.699999809265137, "28": 9.699999809265137, "29": 9.699999809265137, "30": 9.720000267028809, "31": 9.729999542236328, "32": 9.760000228881836, "33": 9.770000457763672, "34": 9.770000457763672, "35": 9.770000457763672, "36": 9.729999542236328, "37": 9.699999809265137, "38": 9.720000267028809, "39": 9.789999961853027, "40": 9.720000267028809, "41": 9.729999542236328, "42": 9.739999771118164, "43": 9.720000267028809, "44": 9.84000015258789, "45": 9.729999542236328, "46": 9.75, "47": 9.720000267028809, "48": 9.770000457763672, "49": 9.732000350952148, "50": 9.75, "51": 9.729999542236328, "52": 9.739999771118164, "53": 9.729999542236328, "54": 9.729999542236328, "55": 9.720000267028809, "56": 9.800000190734863, "57": 9.729999542236328, "58": 9.729999542236328, "59": 9.729999542236328, "60": 9.699999809265137, "61": 9.704999923706055, "62": 9.710000038146973, "63": 9.710000038146973, "64": 9.710000038146973, "65": 9.729999542236328, "66": 9.699999809265137, "67": 9.699999809265137, "68": 9.699999809265137, "69": 9.710000038146973, "70": 9.699999809265137, "71": 9.699999809265137, "72": 9.720000267028809, "73": 9.710000038146973, "74": 9.710000038146973, "75": 9.720000267028809, "76": 9.729999542236328, "77": 9.729999542236328, "78": 9.729999542236328, "79": 9.729999542236328, "80": 9.710000038146973, "81": 9.729999542236328, "82": 9.729999542236328, "83": 9.729999542236328, "84": 9.6899995803833, "85": 9.6899995803833, "86": 9.729999542236328, "87": 9.710000038146973, "88": 9.710000038146973, "89": 9.699999809265137, "90": 9.710000038146973, "91": 9.710000038146973, "92": 9.710000038146973, "93": 9.765000343322754, "94": 9.75, "95": 9.760000228881836, "96": 9.75, "97": 9.75, "98": 9.710000038146973, "99": 9.720000267028809, "100": 9.720000267028809, "101": 9.720000267028809, "102": 9.720000267028809, "103": 9.739999771118164, "104": 9.760000228881836, "105": 9.760000228881836, "106": 9.760000228881836, "107": 9.755000114440918, "108": 9.829999923706055, "109": 9.729999542236328, "110": 9.729999542236328, "111": 9.729999542236328, "112": 9.729999542236328, "113": 9.739999771118164, "114": 9.75, "115": 9.75, "116": 9.75, "117": 9.760000228881836, "118": 9.760000228881836, "119": 9.75, "120": 9.75, "121": 9.760000228881836, "122": 9.8100004196167, "123": 9.760000228881836, "124": 9.760000228881836, "125": 9.760000228881836, "126": 9.949999809265137, "127": 9.770000457763672, "128": 9.949999809265137, "129": 9.760000228881836, "130": 9.760000228881836, "131": 9.774999618530273, "132": 9.8100004196167, "133": 9.8100004196167, "134": 9.770000457763672, "135": 9.819999694824219, "136": 9.779999732971191, "137": 9.779999732971191, "138": 9.800000190734863, "139": 9.789999961853027, "140": 9.800000190734863, "141": 9.800000190734863, "142": 9.800000190734863, "143": 9.800000190734863, "144": 9.800000190734863, "145": 9.800000190734863, "146": 9.800000190734863, "147": 9.800000190734863, "148": 9.800000190734863, "149": 9.800000190734863, "150": 9.800000190734863, "151": 9.800000190734863, "152": 9.8100004196167, "153": 9.8100004196167, "154": 9.8149995803833, "155": 9.817000389099121, "156": 9.824999809265137, "157": 9.8100004196167, "158": 9.8100004196167, "159": 9.8100004196167, "160": 9.8100004196167, "161": 9.800000190734863, "162": 9.800000190734863, "163": 9.805000305175781, "164": 9.805000305175781, "165": 9.805000305175781, "166": 9.805000305175781, "167": 9.805000305175781, "168": 9.805000305175781, "169": 9.819999694824219, "170": 9.829999923706055, "171": 9.829999923706055, "172": 9.829999923706055, "173": 9.829999923706055, "174": 9.829999923706055, "175": 9.829999923706055, "176": 9.829999923706055, "177": 9.8100004196167, "178": 9.8100004196167, "179": 9.8100004196167, "180": 9.800000190734863, "181": 9.8100004196167, "182": 9.819999694824219, "183": 9.819999694824219, "184": 9.819999694824219, "185": 9.819999694824219, "186": 9.819999694824219, "187": 9.800000190734863, "188": 9.800000190734863, "189": 9.800000190734863, "190": 9.800000190734863, "191": 9.800000190734863, "192": 9.8100004196167, "193": 9.8100004196167, "194": 9.8100004196167, "195": 9.8100004196167, "196": 9.8100004196167, "197": 9.8100004196167, "198": 9.8100004196167, "199": 9.8100004196167, "200": 9.8100004196167, "201": 9.819999694824219, "202": 9.819999694824219, "203": 9.819999694824219, "204": 9.819999694824219, "205": 9.819999694824219, "206": 9.829999923706055, "207": 9.829999923706055, "208": 9.829999923706055, "209": 9.829999923706055, "210": 9.829999923706055, "211": 9.829999923706055, "212": 9.83899974822998, "213": 9.850000381469727, "214": 9.850000381469727, "215": 9.850000381469727, "216": 9.850000381469727, "217": 9.850000381469727, "218": 9.850000381469727, "219": 9.859999656677246, "220": 9.859999656677246, "221": 9.859999656677246, "222": 9.859999656677246, "223": 9.859999656677246, "224": 9.859999656677246, "225": 9.859999656677246, "226": 9.859999656677246, "227": 9.859999656677246, "228": 9.869999885559082, "229": 9.869999885559082, "230": 9.869999885559082, "231": 9.854999542236328, "232": 9.869999885559082, "233": 9.880000114440918, "234": 9.880000114440918, "235": 9.880000114440918, "236": 9.859999656677246, "237": 9.859999656677246, "238": 9.859999656677246, "239": 9.859999656677246, "240": 9.859999656677246, "241": 9.859999656677246, "242": 9.859999656677246, "243": 9.84000015258789, "244": 9.84000015258789, "245": 9.84000015258789, "246": 9.84000015258789, "247": 9.859999656677246, "248": 9.859999656677246, "249": 9.859999656677246, "250": 9.850000381469727, "251": 9.850000381469727, "252": 9.859999656677246, "253": 9.859999656677246, "254": 9.859999656677246, "255": 9.859999656677246, "256": 9.859999656677246, "257": 9.859999656677246, "258": 9.880000114440918, "259": 9.880000114440918, "260": 9.859999656677246, "261": 9.869999885559082, "262": 9.875, "263": 9.890000343322754, "264": 9.885000228881836, "265": 9.890000343322754, "266": 9.890000343322754, "267": 9.895000457763672, "268": 9.899999618530273, "269": 9.90999984741211, "270": 9.90999984741211, "271": 9.920000076293945, "272": 9.90999984741211, "273": 9.90999984741211, "274": 9.90999984741211, "275": 9.930000305175781, "276": 9.949999809265137, "277": 9.949999809265137, "278": 9.960000038146973, "279": 9.949999809265137, "280": 9.9399995803833, "281": 9.9399995803833, "282": 10.0, "283": 10.0, "284": 10.0, "285": 9.994999885559082, "286": 10.0, "287": 9.989999771118164, "288": 10.010000228881836, "289": 10.0, "290": 10.015000343322754, "291": 10.5, "292": 10.5, "293": 9.989999771118164, "294": 10.0, "295": 9.989999771118164, "296": 9.989999771118164, "297": 9.989999771118164, "298": 9.989999771118164, "299": 9.994999885559082, "300": 10.010000228881836, "301": 9.989999771118164, "302": 10.015000343322754, "303": 9.989999771118164, "304": 10.020000457763672, "305": 10.5, "306": 10.0600004196167, "307": 10.0600004196167, "308": 10.0600004196167, "309": 10.0600004196167, "310": 10.399999618530273, "311": 10.232000350952148, "312": 10.010000228881836, "313": 10.020000457763672, "314": 10.0, "315": 10.0, "316": 9.970000267028809, "317": 10.039999961853027, "318": 9.899999618530273, "319": 9.890000343322754, "320": 9.880000114440918, "321": 9.880000114440918, "322": 9.880000114440918, "323": 9.859999656677246, "324": 9.899999618530273, "325": 9.899999618530273, "326": 9.899999618530273, "327": 9.899999618530273, "328": 9.920000076293945, "329": 9.920000076293945, "330": 9.949999809265137, "331": 9.9350004196167, "332": 9.9399995803833, "333": 9.9399995803833, "334": 9.920000076293945, "335": 9.949999809265137, "336": 10.010000228881836, "337": 10.0, "338": 9.989999771118164, "339": 10.0, "340": 10.0, "341": 10.0, "342": 9.989999771118164, "343": 9.979999542236328, "344": 10.0, "345": 10.010000228881836, "346": 9.949999809265137, "347": 9.954999923706055, "348": 9.954999923706055, "349": 9.960000038146973, "350": 10.350000381469727, "351": 10.279999732971191, "352": 9.920000076293945, "353": 10.399999618530273, "354": 10.010000228881836, "355": 9.949999809265137, "356": 9.949999809265137, "357": 10.0, "358": 10.0, "359": 10.0, "360": 10.020000457763672, "361": 10.029999732971191, "362": 10.199999809265137, "363": 9.9399995803833, "364": 9.9399995803833, "365": 10.0, "366": 10.229999542236328, "367": 10.229999542236328, "368": 10.170000076293945, "369": 10.020000457763672, "370": 10.020000457763672, "371": 10.02299976348877, "372": 10.0, "373": 10.0, "374": 10.0, "375": 10.0, "376": 10.020000457763672, "377": 10.020000457763672, "378": 10.0, "379": 10.0, "380": 10.0, "381": 10.0, "382": 10.0, "383": 10.0, "384": 10.0, "385": 10.0, "386": 10.149999618530273, "387": 10.140000343322754, "388": 10.140000343322754, "389": 10.140000343322754, "390": 10.140000343322754, "391": 10.140000343322754, "392": 10.140000343322754, "393": 10.140000343322754, "394": 10.140000343322754, "395": 10.140000343322754, "396": 10.109999656677246, "397": 10.109999656677246, "398": 10.109999656677246, "399": 10.074999809265137, "400": 10.069999694824219, "401": 10.069999694824219, "402": 10.09000015258789, "403": 10.09000015258789, "404": 10.09000015258789, "405": 10.09000015258789, "406": 10.09000015258789, "407": 10.09000015258789, "408": 10.100000381469727, "409": 10.119999885559082, "410": 10.119999885559082, "411": 10.119999885559082, "412": 10.109999656677246, "413": 10.130000114440918, "414": 10.130000114440918, "415": 10.119999885559082, "416": 10.149999618530273, "417": 10.149999618530273, "418": 10.15999984741211, "419": 10.130000114440918, "420": 10.119999885559082, "421": 10.1899995803833, "422": 10.1899995803833, "423": 10.1899995803833, "424": 10.1899995803833, "425": 10.1899995803833, "426": 10.1899995803833, "427": 10.1899995803833, "428": 10.1899995803833, "429": 10.1899995803833, "430": 10.140000343322754, "431": 10.140000343322754, "432": 10.140000343322754, "433": 10.130000114440918, "434": 10.140000343322754, "435": 10.140000343322754, "436": 10.140000343322754, "437": 10.140000343322754, "438": 10.140000343322754, "439": 10.140000343322754, "440": 10.140000343322754, "441": 10.140000343322754, "442": 10.199999809265137, "443": 10.1899995803833, "444": 10.220000267028809, "445": 10.220000267028809}, "high": {"0": 9.75, "1": 9.670000076293945, "2": 9.680000305175781, "3": 9.699999809265137, "4": 9.6899995803833, "5": 9.699999809265137, "6": 9.680000305175781, "7": 9.699999809265137, "8": 9.699999809265137, "9": 9.699999809265137, "10": 9.770000457763672, "11": 9.770000457763672, "12": 9.770000457763672, "13": 10.430000305175781, "14": 9.729999542236328, "15": 9.770000457763672, "16": 9.729999542236328, "17": 9.720000267028809, "18": 9.739999771118164, "19": 9.699999809265137, "20": 9.729999542236328, "21": 9.699999809265137, "22": 9.699999809265137, "23": 9.699999809265137, "24": 9.699999809265137, "25": 9.739999771118164, "26": 9.720000267028809, "27": 9.720000267028809, "28": 9.760000228881836, "29": 9.720000267028809, "30": 9.75, "31": 9.75, "32": 9.770000457763672, "33": 9.770000457763672, "34": 9.770000457763672, "35": 9.770000457763672, "36": 9.729999542236328, "37": 9.699999809265137, "38": 9.760000228881836, "39": 9.789999961853027, "40": 9.760000228881836, "41": 9.760000228881836, "42": 9.739999771118164, "43": 9.845000267028809, "44": 9.84000015258789, "45": 9.75, "46": 9.760000228881836, "47": 9.770000457763672, "48": 9.770000457763672, "49": 9.75, "50": 9.75, "51": 9.729999542236328, "52": 9.739999771118164, "53": 9.729999542236328, "54": 9.729999542236328, "55": 9.725000381469727, "56": 9.800000190734863, "57": 9.734999656677246, "58": 9.729999542236328, "59": 9.729999542236328, "60": 9.720000267028809, "61": 9.710000038146973, "62": 9.710000038146973, "63": 9.720000267028809, "64": 9.729999542236328, "65": 9.729999542236328, "66": 9.729999542236328, "67": 9.699999809265137, "68": 9.720000267028809, "69": 9.710000038146973, "70": 9.729999542236328, "71": 9.699999809265137, "72": 9.720000267028809, "73": 9.710000038146973, "74": 9.710000038146973, "75": 9.739999771118164, "76": 9.739999771118164, "77": 9.739999771118164, "78": 9.729999542236328, "79": 9.729999542236328, "80": 9.739999771118164, "81": 9.729999542236328, "82": 9.729999542236328, "83": 9.729999542236328, "84": 9.6899995803833, "85": 9.6899995803833, "86": 9.729999542236328, "87": 9.710000038146973, "88": 9.710000038146973, "89": 9.699999809265137, "90": 9.710000038146973, "91": 9.710000038146973, "92": 9.710000038146973, "93": 9.765000343322754, "94": 9.75, "95": 9.760000228881836, "96": 9.75, "97": 9.75, "98": 9.739999771118164, "99": 9.720000267028809, "100": 9.720000267028809, "101": 9.720000267028809, "102": 9.720000267028809, "103": 9.739999771118164, "104": 9.765000343322754, "105": 9.760000228881836, "106": 9.760000228881836, "107": 9.755000114440918, "108": 9.829999923706055, "109": 9.729999542236328, "110": 9.729999542236328, "111": 9.729999542236328, "112": 9.729999542236328, "113": 9.739999771118164, "114": 9.75, "115": 9.75, "116": 9.75, "117": 9.760000228881836, "118": 9.760000228881836, "119": 9.75, "120": 9.75, "121": 9.760000228881836, "122": 9.8100004196167, "123": 9.760000228881836, "124": 9.760000228881836, "125": 9.760000228881836, "126": 9.949999809265137, "127": 9.770000457763672, "128": 9.949999809265137, "129": 9.760000228881836, "130": 9.770000457763672, "131": 9.774999618530273, "132": 9.8100004196167, "133": 9.8100004196167, "134": 9.770000457763672, "135": 9.819999694824219, "136": 9.779999732971191, "137": 9.779999732971191, "138": 9.800000190734863, "139": 9.789999961853027, "140": 9.800000190734863, "141": 9.800000190734863, "142": 9.800000190734863, "143": 9.800000190734863, "144": 9.800000190734863, "145": 9.800000190734863, "146": 9.800000190734863, "147": 9.800000190734863, "148": 9.800000190734863, "149": 9.800000190734863, "150": 9.800000190734863, "151": 9.819999694824219, "152": 9.8100004196167, "153": 9.8149995803833, "154": 9.817000389099121, "155": 9.817000389099121, "156": 9.824999809265137, "157": 9.829999923706055, "158": 9.824999809265137, "159": 9.8100004196167, "160": 9.8100004196167, "161": 9.8100004196167, "162": 9.8100004196167, "163": 9.805000305175781, "164": 9.805000305175781, "165": 9.805000305175781, "166": 9.805000305175781, "167": 9.805000305175781, "168": 9.805000305175781, "169": 9.829999923706055, "170": 9.829999923706055, "171": 9.829999923706055, "172": 9.829999923706055, "173": 9.829999923706055, "174": 9.829999923706055, "175": 9.829999923706055, "176": 9.829999923706055, "177": 9.8100004196167, "178": 9.8100004196167, "179": 9.8100004196167, "180": 9.8100004196167, "181": 9.8100004196167, "182": 9.819999694824219, "183": 9.819999694824219, "184": 9.819999694824219, "185": 9.819999694824219, "186": 9.819999694824219, "187": 9.800000190734863, "188": 9.800000190734863, "189": 9.800000190734863, "190": 9.800000190734863, "191": 9.800000190734863, "192": 9.8100004196167, "193": 9.8100004196167, "194": 9.8100004196167, "195": 9.8100004196167, "196": 9.8100004196167, "197": 9.8100004196167, "198": 9.8100004196167, "199": 9.8100004196167, "200": 9.819999694824219, "201": 9.819999694824219, "202": 9.819999694824219, "203": 9.819999694824219, "204": 9.819999694824219, "205": 9.819999694824219, "206": 9.829999923706055, "207": 9.829999923706055, "208": 9.829999923706055, "209": 9.829999923706055, "210": 9.829999923706055, "211": 9.84000015258789, "212": 9.83899974822998, "213": 9.850000381469727, "214": 9.850000381469727, "215": 9.850000381469727, "216": 9.850000381469727, "217": 9.850000381469727, "218": 9.850000381469727, "219": 9.859999656677246, "220": 9.859999656677246, "221": 9.859999656677246, "222": 9.859999656677246, "223": 9.859999656677246, "224": 9.859999656677246, "225": 9.859999656677246, "226": 9.859999656677246, "227": 9.859999656677246, "228": 9.869999885559082, "229": 9.869999885559082, "230": 9.869999885559082, "231": 9.859999656677246, "232": 9.880000114440918, "233": 9.880000114440918, "234": 9.880000114440918, "235": 9.880000114440918, "236": 9.859999656677246, "237": 9.859999656677246, "238": 9.859999656677246, "239": 9.859999656677246, "240": 9.859999656677246, "241": 9.859999656677246, "242": 9.859999656677246, "243": 9.84000015258789, "244": 9.84000015258789, "245": 9.84000015258789, "246": 9.850000381469727, "247": 9.859999656677246, "248": 9.859999656677246, "249": 9.859999656677246, "250": 9.850000381469727, "251": 9.859999656677246, "252": 9.859999656677246, "253": 9.859999656677246, "254": 9.859999656677246, "255": 9.859999656677246, "256": 9.859999656677246, "257": 9.859999656677246, "258": 9.880000114440918, "259": 9.880000114440918, "260": 9.859999656677246, "261": 9.869999885559082, "262": 9.890000343322754, "263": 9.890000343322754, "264": 9.899999618530273, "265": 9.890000343322754, "266": 9.890000343322754, "267": 9.899999618530273, "268": 9.899999618530273, "269": 9.90999984741211, "270": 9.90999984741211, "271": 9.930000305175781, "272": 9.90999984741211, "273": 9.90999984741211, "274": 9.90999984741211, "275": 9.949999809265137, "276": 9.949999809265137, "277": 9.960000038146973, "278": 9.970000267028809, "279": 9.949999809265137, "280": 9.9399995803833, "281": 9.9399995803833, "282": 10.005000114440918, "283": 10.0, "284": 10.0, "285": 10.0, "286": 10.0, "287": 9.989999771118164, "288": 10.010000228881836, "289": 10.020000457763672, "290": 10.015000343322754, "291": 10.5, "292": 10.5, "293": 10.0, "294": 10.0, "295": 9.989999771118164, "296": 9.989999771118164, "297": 9.989999771118164, "298": 9.989999771118164, "299": 10.005000114440918, "300": 10.010000228881836, "301": 10.0, "302": 10.015000343322754, "303": 10.020000457763672, "304": 10.020000457763672, "305": 10.5, "306": 10.0600004196167, "307": 10.0600004196167, "308": 10.0600004196167, "309": 10.0600004196167, "310": 10.399999618530273, "311": 10.232000350952148, "312": 10.010000228881836, "313": 10.069999694824219, "314": 10.0, "315": 10.0, "316": 10.039999961853027, "317": 10.039999961853027, "318": 9.899999618530273, "319": 9.890000343322754, "320": 9.899999618530273, "321": 9.880000114440918, "322": 9.880000114440918, "323": 9.890000343322754, "324": 9.899999618530273, "325": 9.899999618530273, "326": 9.899999618530273, "327": 9.90999984741211, "328": 9.949999809265137, "329": 9.949999809265137, "330": 9.949999809265137, "331": 9.944999694824219, "332": 9.949999809265137, "333": 9.949999809265137, "334": 9.949999809265137, "335": 10.6899995803833, "336": 10.010000228881836, "337": 10.0, "338": 10.0, "339": 10.0, "340": 10.0, "341": 10.0, "342": 9.989999771118164, "343": 9.989999771118164, "344": 10.005000114440918, "345": 10.0600004196167, "346": 10.0, "347": 9.954999923706055, "348": 9.954999923706055, "349": 10.010000228881836, "350": 10.350000381469727, "351": 10.279999732971191, "352": 10.03499984741211, "353": 10.399999618530273, "354": 10.010000228881836, "355": 9.970000267028809, "356": 10.0, "357": 10.0, "358": 10.0, "359": 10.0, "360": 10.020000457763672, "361": 10.199999809265137, "362": 10.199999809265137, "363": 9.9399995803833, "364": 9.9399995803833, "365": 10.154999732971191, "366": 10.229999542236328, "367": 10.229999542236328, "368": 10.229999542236328, "369": 10.020000457763672, "370": 10.020000457763672, "371": 10.02299976348877, "372": 10.0, "373": 10.0, "374": 10.0, "375": 10.0, "376": 10.020000457763672, "377": 10.020000457763672, "378": 10.0, "379": 10.0, "380": 10.0, "381": 10.0, "382": 10.0, "383": 10.0, "384": 10.0, "385": 10.0, "386": 10.149999618530273, "387": 10.140000343322754, "388": 10.140000343322754, "389": 10.140000343322754, "390": 10.140000343322754, "391": 10.140000343322754, "392": 10.140000343322754, "393": 10.140000343322754, "394": 10.140000343322754, "395": 10.140000343322754, "396": 10.109999656677246, "397": 10.109999656677246, "398": 10.109999656677246, "399": 10.074999809265137, "400": 10.079999923706055, "401": 10.09000015258789, "402": 10.09000015258789, "403": 10.09000015258789, "404": 10.09000015258789, "405": 10.09000015258789, "406": 10.09000015258789, "407": 10.09000015258789, "408": 10.149999618530273, "409": 10.119999885559082, "410": 10.130000114440918, "411": 10.119999885559082, "412": 10.109999656677246, "413": 10.130000114440918, "414": 10.130000114440918, "415": 10.149999618530273, "416": 10.149999618530273, "417": 10.380000114440918, "418": 10.15999984741211, "419": 10.130000114440918, "420": 10.152000427246094, "421": 10.1899995803833, "422": 10.1899995803833, "423": 10.1899995803833, "424": 10.1899995803833, "425": 10.1899995803833, "426": 10.1899995803833, "427": 10.1899995803833, "428": 10.1899995803833, "429": 10.1899995803833, "430": 10.140000343322754, "431": 10.140000343322754, "432": 10.140000343322754, "433": 10.130000114440918, "434": 10.1899995803833, "435": 10.140000343322754, "436": 10.140000343322754, "437": 10.140000343322754, "438": 10.140000343322754, "439": 10.140000343322754, "440": 10.140000343322754, "441": 10.140000343322754, "442": 10.25, "443": 10.229999542236328, "444": 10.229999542236328, "445": 10.220000267028809}, "low": {"0": 9.550000190734863, "1": 9.649999618530273, "2": 9.670000076293945, "3": 9.680000305175781, "4": 9.6899995803833, "5": 9.680000305175781, "6": 9.680000305175781, "7": 9.680000305175781, "8": 9.6899995803833, "9": 9.6899995803833, "10": 9.6899995803833, "11": 9.770000457763672, "12": 9.770000457763672, "13": 9.699999809265137, "14": 9.720000267028809, "15": 9.720000267028809, "16": 9.710000038146973, "17": 9.710000038146973, "18": 9.699999809265137, "19": 9.699999809265137, "20": 9.6899995803833, "21": 9.699999809265137, "22": 9.699999809265137, "23": 9.6899995803833, "24": 9.699999809265137, "25": 9.699999809265137, "26": 9.699999809265137, "27": 9.699999809265137, "28": 9.699999809265137, "29": 9.699999809265137, "30": 9.699999809265137, "31": 9.729999542236328, "32": 9.729999542236328, "33": 9.770000457763672, "34": 9.770000457763672, "35": 9.770000457763672, "36": 9.729999542236328, "37": 9.699999809265137, "38": 9.720000267028809, "39": 9.725000381469727, "40": 9.720000267028809, "41": 9.725000381469727, "42": 9.720000267028809, "43": 9.710000038146973, "44": 9.720000267028809, "45": 9.729999542236328, "46": 9.729999542236328, "47": 9.710000038146973, "48": 9.770000457763672, "49": 9.732000350952148, "50": 9.710000038146973, "51": 9.729999542236328, "52": 9.729999542236328, "53": 9.729999542236328, "54": 9.729999542236328, "55": 9.720000267028809, "56": 9.699999809265137, "57": 9.729999542236328, "58": 9.729999542236328, "59": 9.729999542236328, "60": 9.699999809265137, "61": 9.699999809265137, "62": 9.710000038146973, "63": 9.710000038146973, "64": 9.699999809265137, "65": 9.729999542236328, "66": 9.699999809265137, "67": 9.699999809265137, "68": 9.699999809265137, "69": 9.710000038146973, "70": 9.697999954223633, "71": 9.699999809265137, "72": 9.720000267028809, "73": 9.710000038146973, "74": 9.710000038146973, "75": 9.720000267028809, "76": 9.729999542236328, "77": 9.729999542236328, "78": 9.729999542236328, "79": 9.729999542236328, "80": 9.710000038146973, "81": 9.729999542236328, "82": 9.729999542236328, "83": 9.729999542236328, "84": 9.6899995803833, "85": 9.6899995803833, "86": 9.720000267028809, "87": 9.710000038146973, "88": 9.6899995803833, "89": 9.699999809265137, "90": 9.710000038146973, "91": 9.710000038146973, "92": 9.710000038146973, "93": 9.765000343322754, "94": 9.75, "95": 9.75, "96": 9.75, "97": 9.75, "98": 9.710000038146973, "99": 9.720000267028809, "100": 9.720000267028809, "101": 9.720000267028809, "102": 9.720000267028809, "103": 9.739999771118164, "104": 9.760000228881836, "105": 9.760000228881836, "106": 9.760000228881836, "107": 9.755000114440918, "108": 9.75, "109": 9.729999542236328, "110": 9.729999542236328, "111": 9.729999542236328, "112": 9.729999542236328, "113": 9.729999542236328, "114": 9.75, "115": 9.75, "116": 9.75, "117": 9.75, "118": 9.760000228881836, "119": 9.75, "120": 9.75, "121": 9.760000228881836, "122": 9.75, "123": 9.760000228881836, "124": 9.760000228881836, "125": 9.760000228881836, "126": 9.770000457763672, "127": 9.770000457763672, "128": 9.75, "129": 9.760000228881836, "130": 9.760000228881836, "131": 9.774999618530273, "132": 9.8100004196167, "133": 9.8100004196167, "134": 9.770000457763672, "135": 9.770000457763672, "136": 9.779999732971191, "137": 9.779999732971191, "138": 9.789999961853027, "139": 9.789999961853027, "140": 9.800000190734863, "141": 9.800000190734863, "142": 9.800000190734863, "143": 9.800000190734863, "144": 9.800000190734863, "145": 9.800000190734863, "146": 9.800000190734863, "147": 9.800000190734863, "148": 9.800000190734863, "149": 9.800000190734863, "150": 9.800000190734863, "151": 9.800000190734863, "152": 9.8100004196167, "153": 9.8100004196167, "154": 9.8149995803833, "155": 9.817000389099121, "156": 9.819999694824219, "157": 9.8100004196167, "158": 9.8100004196167, "159": 9.8100004196167, "160": 9.8100004196167, "161": 9.800000190734863, "162": 9.800000190734863, "163": 9.805000305175781, "164": 9.805000305175781, "165": 9.805000305175781, "166": 9.805000305175781, "167": 9.805000305175781, "168": 9.805000305175781, "169": 9.819999694824219, "170": 9.829999923706055, "171": 9.829999923706055, "172": 9.829999923706055, "173": 9.829999923706055, "174": 9.829999923706055, "175": 9.829999923706055, "176": 9.829999923706055, "177": 9.8100004196167, "178": 9.8100004196167, "179": 9.8100004196167, "180": 9.800000190734863, "181": 9.8100004196167, "182": 9.819999694824219, "183": 9.819999694824219, "184": 9.819999694824219, "185": 9.819999694824219, "186": 9.819999694824219, "187": 9.800000190734863, "188": 9.800000190734863, "189": 9.800000190734863, "190": 9.800000190734863, "191": 9.800000190734863, "192": 9.8100004196167, "193": 9.8100004196167, "194": 9.8100004196167, "195": 9.8100004196167, "196": 9.8100004196167, "197": 9.8100004196167, "198": 9.8100004196167, "199": 9.8100004196167, "200": 9.8100004196167, "201": 9.819999694824219, "202": 9.819999694824219, "203": 9.819999694824219, "204": 9.819999694824219, "205": 9.819999694824219, "206": 9.829999923706055, "207": 9.829999923706055, "208": 9.829999923706055, "209": 9.829999923706055, "210": 9.829999923706055, "211": 9.829999923706055, "212": 9.83899974822998, "213": 9.850000381469727, "214": 9.850000381469727, "215": 9.850000381469727, "216": 9.850000381469727, "217": 9.850000381469727, "218": 9.850000381469727, "219": 9.859999656677246, "220": 9.859999656677246, "221": 9.859999656677246, "222": 9.859999656677246, "223": 9.850000381469727, "224": 9.859999656677246, "225": 9.859999656677246, "226": 9.859999656677246, "227": 9.859999656677246, "228": 9.869999885559082, "229": 9.869999885559082, "230": 9.84000015258789, "231": 9.854999542236328, "232": 9.869999885559082, "233": 9.880000114440918, "234": 9.880000114440918, "235": 9.880000114440918, "236": 9.859999656677246, "237": 9.859999656677246, "238": 9.859999656677246, "239": 9.859999656677246, "240": 9.859999656677246, "241": 9.859999656677246, "242": 9.859999656677246, "243": 9.84000015258789, "244": 9.84000015258789, "245": 9.84000015258789, "246": 9.84000015258789, "247": 9.859999656677246, "248": 9.859999656677246, "249": 9.850000381469727, "250": 9.850000381469727, "251": 9.850000381469727, "252": 9.859999656677246, "253": 9.859999656677246, "254": 9.859999656677246, "255": 9.859999656677246, "256": 9.850000381469727, "257": 9.859999656677246, "258": 9.880000114440918, "259": 9.880000114440918, "260": 9.859999656677246, "261": 9.869999885559082, "262": 9.875, "263": 9.890000343322754, "264": 9.885000228881836, "265": 9.890000343322754, "266": 9.890000343322754, "267": 9.890000343322754, "268": 9.899999618530273, "269": 9.90999984741211, "270": 9.90999984741211, "271": 9.914999961853027, "272": 9.90999984741211, "273": 9.90999984741211, "274": 9.90999984741211, "275": 9.930000305175781, "276": 9.949999809265137, "277": 9.949999809265137, "278": 9.960000038146973, "279": 9.949999809265137, "280": 9.9399995803833, "281": 9.9399995803833, "282": 9.989999771118164, "283": 10.0, "284": 10.0, "285": 9.994999885559082, "286": 9.989999771118164, "287": 9.989999771118164, "288": 10.010000228881836, "289": 10.0, "290": 10.015000343322754, "291": 10.005000114440918, "292": 9.989999771118164, "293": 9.989999771118164, "294": 10.0, "295": 9.989999771118164, "296": 9.989999771118164, "297": 9.989999771118164, "298": 9.989999771118164, "299": 9.994999885559082, "300": 9.989999771118164, "301": 9.989999771118164, "302": 9.989999771118164, "303": 9.989999771118164, "304": 10.020000457763672, "305": 10.050000190734863, "306": 10.0600004196167, "307": 10.0600004196167, "308": 10.0600004196167, "309": 10.0600004196167, "310": 10.010000228881836, "311": 10.232000350952148, "312": 10.0, "313": 10.0, "314": 10.0, "315": 10.0, "316": 9.899999618530273, "317": 10.039999961853027, "318": 9.819999694824219, "319": 9.821000099182129, "320": 9.880000114440918, "321": 9.880000114440918, "322": 9.880000114440918, "323": 9.859999656677246, "324": 9.895000457763672, "325": 9.8100004196167, "326": 9.899999618530273, "327": 9.899999618530273, "328": 9.899999618530273, "329": 9.90999984741211, "330": 9.949999809265137, "331": 9.920000076293945, "332": 9.930000305175781, "333": 9.899999618530273, "334": 9.899999618530273, "335": 9.949999809265137, "336": 9.989999771118164, "337": 10.0, "338": 9.989999771118164, "339": 10.0, "340": 10.0, "341": 10.0, "342": 9.989999771118164, "343": 9.979999542236328, "344": 9.979999542236328, "345": 10.0, "346": 9.899999618530273, "347": 9.954999923706055, "348": 9.954999923706055, "349": 9.960000038146973, "350": 10.0, "351": 10.0, "352": 9.920000076293945, "353": 9.960000038146973, "354": 10.0, "355": 9.920000076293945, "356": 9.949999809265137, "357": 10.0, "358": 10.0, "359": 10.0, "360": 10.010000228881836, "361": 10.020000457763672, "362": 9.9399995803833, "363": 9.9399995803833, "364": 9.9399995803833, "365": 9.989999771118164, "366": 10.229999542236328, "367": 10.229999542236328, "368": 9.949999809265137, "369": 10.020000457763672, "370": 10.020000457763672, "371": 9.960000038146973, "372": 10.0, "373": 10.0, "374": 10.0, "375": 10.0, "376": 10.020000457763672, "377": 10.020000457763672, "378": 10.0, "379": 10.0, "380": 10.0, "381": 10.0, "382": 10.0, "383": 10.0, "384": 10.0, "385": 10.0, "386": 10.130000114440918, "387": 10.140000343322754, "388": 10.140000343322754, "389": 10.140000343322754, "390": 10.140000343322754, "391": 10.140000343322754, "392": 10.140000343322754, "393": 10.140000343322754, "394": 10.140000343322754, "395": 10.140000343322754, "396": 10.0600004196167, "397": 10.109999656677246, "398": 10.109999656677246, "399": 10.069999694824219, "400": 10.069999694824219, "401": 10.069999694824219, "402": 10.09000015258789, "403": 10.09000015258789, "404": 10.09000015258789, "405": 10.09000015258789, "406": 10.09000015258789, "407": 10.09000015258789, "408": 10.100000381469727, "409": 10.119999885559082, "410": 10.119999885559082, "411": 10.109999656677246, "412": 10.109999656677246, "413": 10.130000114440918, "414": 10.130000114440918, "415": 10.119999885559082, "416": 10.140000343322754, "417": 10.119999885559082, "418": 10.130000114440918, "419": 10.130000114440918, "420": 10.119999885559082, "421": 10.1899995803833, "422": 10.1899995803833, "423": 10.1899995803833, "424": 10.1899995803833, "425": 10.1899995803833, "426": 10.1899995803833, "427": 10.1899995803833, "428": 10.1899995803833, "429": 10.1899995803833, "430": 10.130000114440918, "431": 10.140000343322754, "432": 10.130000114440918, "433": 10.130000114440918, "434": 10.130000114440918, "435": 10.140000343322754, "436": 10.140000343322754, "437": 10.140000343322754, "438": 10.140000343322754, "439": 10.140000343322754, "440": 10.140000343322754, "441": 10.140000343322754, "442": 10.199999809265137, "443": 10.1899995803833, "444": 10.220000267028809, "445": 10.220000267028809}, "close": {"0": 9.699999809265137, "1": 9.670000076293945, "2": 9.680000305175781, "3": 9.680000305175781, "4": 9.6899995803833, "5": 9.680000305175781, "6": 9.680000305175781, "7": 9.6899995803833, "8": 9.6899995803833, "9": 9.699999809265137, "10": 9.770000457763672, "11": 9.770000457763672, "12": 9.770000457763672, "13": 9.720000267028809, "14": 9.720000267028809, "15": 9.720000267028809, "16": 9.710000038146973, "17": 9.710000038146973, "18": 9.710000038146973, "19": 9.699999809265137, "20": 9.710000038146973, "21": 9.699999809265137, "22": 9.699999809265137, "23": 9.699999809265137, "24": 9.699999809265137, "25": 9.720000267028809, "26": 9.720000267028809, "27": 9.699999809265137, "28": 9.760000228881836, "29": 9.720000267028809, "30": 9.75, "31": 9.729999542236328, "32": 9.770000457763672, "33": 9.770000457763672, "34": 9.770000457763672, "35": 9.770000457763672, "36": 9.729999542236328, "37": 9.699999809265137, "38": 9.760000228881836, "39": 9.75, "40": 9.760000228881836, "41": 9.739999771118164, "42": 9.729999542236328, "43": 9.845000267028809, "44": 9.75, "45": 9.729999542236328, "46": 9.760000228881836, "47": 9.770000457763672, "48": 9.770000457763672, "49": 9.75, "50": 9.75, "51": 9.729999542236328, "52": 9.729999542236328, "53": 9.729999542236328, "54": 9.729999542236328, "55": 9.720000267028809, "56": 9.729999542236328, "57": 9.729999542236328, "58": 9.729999542236328, "59": 9.729999542236328, "60": 9.720000267028809, "61": 9.710000038146973, "62": 9.710000038146973, "63": 9.710000038146973, "64": 9.729999542236328, "65": 9.729999542236328, "66": 9.699999809265137, "67": 9.699999809265137, "68": 9.710000038146973, "69": 9.710000038146973, "70": 9.699999809265137, "71": 9.699999809265137, "72": 9.720000267028809, "73": 9.710000038146973, "74": 9.710000038146973, "75": 9.739999771118164, "76": 9.739999771118164, "77": 9.739999771118164, "78": 9.729999542236328, "79": 9.729999542236328, "80": 9.739999771118164, "81": 9.729999542236328, "82": 9.729999542236328, "83": 9.729999542236328, "84": 9.6899995803833, "85": 9.6899995803833, "86": 9.720000267028809, "87": 9.710000038146973, "88": 9.699999809265137, "89": 9.699999809265137, "90": 9.710000038146973, "91": 9.710000038146973, "92": 9.710000038146973, "93": 9.765000343322754, "94": 9.75, "95": 9.75, "96": 9.75, "97": 9.75, "98": 9.720000267028809, "99": 9.720000267028809, "100": 9.720000267028809, "101": 9.720000267028809, "102": 9.720000267028809, "103": 9.739999771118164, "104": 9.760000228881836, "105": 9.760000228881836, "106": 9.760000228881836, "107": 9.755000114440918, "108": 9.75, "109": 9.729999542236328, "110": 9.729999542236328, "111": 9.729999542236328, "112": 9.729999542236328, "113": 9.729999542236328, "114": 9.75, "115": 9.75, "116": 9.75, "117": 9.760000228881836, "118": 9.760000228881836, "119": 9.75, "120": 9.75, "121": 9.760000228881836, "122": 9.75, "123": 9.760000228881836, "124": 9.760000228881836, "125": 9.760000228881836, "126": 9.770000457763672, "127": 9.770000457763672, "128": 9.75, "129": 9.760000228881836, "130": 9.760000228881836, "131": 9.774999618530273, "132": 9.8100004196167, "133": 9.8100004196167, "134": 9.770000457763672, "135": 9.779999732971191, "136": 9.779999732971191, "137": 9.779999732971191, "138": 9.789999961853027, "139": 9.789999961853027, "140": 9.800000190734863, "141": 9.800000190734863, "142": 9.800000190734863, "143": 9.800000190734863, "144": 9.800000190734863, "145": 9.800000190734863, "146": 9.800000190734863, "147": 9.800000190734863, "148": 9.800000190734863, "149": 9.800000190734863, "150": 9.800000190734863, "151": 9.819999694824219, "152": 9.8100004196167, "153": 9.8149995803833, "154": 9.817000389099121, "155": 9.817000389099121, "156": 9.819999694824219, "157": 9.8100004196167, "158": 9.8100004196167, "159": 9.8100004196167, "160": 9.8100004196167, "161": 9.8100004196167, "162": 9.805000305175781, "163": 9.805000305175781, "164": 9.805000305175781, "165": 9.805000305175781, "166": 9.805000305175781, "167": 9.805000305175781, "168": 9.805000305175781, "169": 9.829999923706055, "170": 9.829999923706055, "171": 9.829999923706055, "172": 9.829999923706055, "173": 9.829999923706055, "174": 9.829999923706055, "175": 9.829999923706055, "176": 9.829999923706055, "177": 9.8100004196167, "178": 9.8100004196167, "179": 9.8100004196167, "180": 9.8100004196167, "181": 9.8100004196167, "182": 9.819999694824219, "183": 9.819999694824219, "184": 9.819999694824219, "185": 9.819999694824219, "186": 9.819999694824219, "187": 9.800000190734863, "188": 9.800000190734863, "189": 9.800000190734863, "190": 9.800000190734863, "191": 9.800000190734863, "192": 9.8100004196167, "193": 9.8100004196167, "194": 9.8100004196167, "195": 9.8100004196167, "196": 9.8100004196167, "197": 9.8100004196167, "198": 9.8100004196167, "199": 9.8100004196167, "200": 9.819999694824219, "201": 9.819999694824219, "202": 9.819999694824219, "203": 9.819999694824219, "204": 9.819999694824219, "205": 9.819999694824219, "206": 9.829999923706055, "207": 9.829999923706055, "208": 9.829999923706055, "209": 9.829999923706055, "210": 9.829999923706055, "211": 9.83899974822998, "212": 9.83899974822998, "213": 9.850000381469727, "214": 9.850000381469727, "215": 9.850000381469727, "216": 9.850000381469727, "217": 9.850000381469727, "218": 9.850000381469727, "219": 9.859999656677246, "220": 9.859999656677246, "221": 9.859999656677246, "222": 9.859999656677246, "223": 9.859999656677246, "224": 9.859999656677246, "225": 9.859999656677246, "226": 9.859999656677246, "227": 9.859999656677246, "228": 9.869999885559082, "229": 9.869999885559082, "230": 9.84000015258789, "231": 9.859999656677246, "232": 9.880000114440918, "233": 9.880000114440918, "234": 9.880000114440918, "235": 9.880000114440918, "236": 9.859999656677246, "237": 9.859999656677246, "238": 9.859999656677246, "239": 9.859999656677246, "240": 9.859999656677246, "241": 9.859999656677246, "242": 9.859999656677246, "243": 9.84000015258789, "244": 9.84000015258789, "245": 9.84000015258789, "246": 9.84000015258789, "247": 9.859999656677246, "248": 9.859999656677246, "249": 9.850000381469727, "250": 9.850000381469727, "251": 9.859999656677246, "252": 9.859999656677246, "253": 9.859999656677246, "254": 9.859999656677246, "255": 9.859999656677246, "256": 9.859999656677246, "257": 9.859999656677246, "258": 9.880000114440918, "259": 9.880000114440918, "260": 9.859999656677246, "261": 9.869999885559082, "262": 9.890000343322754, "263": 9.890000343322754, "264": 9.890000343322754, "265": 9.890000343322754, "266": 9.890000343322754, "267": 9.899999618530273, "268": 9.899999618530273, "269": 9.90999984741211, "270": 9.90999984741211, "271": 9.930000305175781, "272": 9.90999984741211, "273": 9.90999984741211, "274": 9.90999984741211, "275": 9.949999809265137, "276": 9.949999809265137, "277": 9.949999809265137, "278": 9.961999893188477, "279": 9.949999809265137, "280": 9.9399995803833, "281": 9.9399995803833, "282": 10.0, "283": 10.0, "284": 10.0, "285": 10.0, "286": 9.989999771118164, "287": 9.989999771118164, "288": 10.010000228881836, "289": 10.020000457763672, "290": 10.015000343322754, "291": 10.010000228881836, "292": 9.989999771118164, "293": 10.0, "294": 10.0, "295": 9.989999771118164, "296": 9.989999771118164, "297": 9.989999771118164, "298": 9.989999771118164, "299": 10.005000114440918, "300": 9.989999771118164, "301": 10.0, "302": 10.0, "303": 10.020000457763672, "304": 10.020000457763672, "305": 10.0600004196167, "306": 10.0600004196167, "307": 10.0600004196167, "308": 10.0600004196167, "309": 10.0600004196167, "310": 10.232000350952148, "311": 10.232000350952148, "312": 10.0, "313": 10.0, "314": 10.0, "315": 10.0, "316": 10.039999961853027, "317": 10.039999961853027, "318": 9.819999694824219, "319": 9.890000343322754, "320": 9.880000114440918, "321": 9.880000114440918, "322": 9.880000114440918, "323": 9.890000343322754, "324": 9.895000457763672, "325": 9.899999618530273, "326": 9.899999618530273, "327": 9.90999984741211, "328": 9.90999984741211, "329": 9.949999809265137, "330": 9.949999809265137, "331": 9.9399995803833, "332": 9.9399995803833, "333": 9.899999618530273, "334": 9.9399995803833, "335": 9.979999542236328, "336": 10.0, "337": 10.0, "338": 10.0, "339": 10.0, "340": 10.0, "341": 10.0, "342": 9.989999771118164, "343": 9.989999771118164, "344": 10.0, "345": 10.0600004196167, "346": 10.0, "347": 9.954999923706055, "348": 9.954999923706055, "349": 10.010000228881836, "350": 10.010000228881836, "351": 10.0, "352": 10.03499984741211, "353": 10.0, "354": 10.0, "355": 9.920000076293945, "356": 9.970000267028809, "357": 10.0, "358": 10.0, "359": 10.0, "360": 10.010000228881836, "361": 10.039999961853027, "362": 9.9399995803833, "363": 9.9399995803833, "364": 9.9399995803833, "365": 10.010000228881836, "366": 10.229999542236328, "367": 10.229999542236328, "368": 10.020000457763672, "369": 10.020000457763672, "370": 10.020000457763672, "371": 9.960000038146973, "372": 10.0, "373": 10.0, "374": 10.0, "375": 10.0, "376": 10.020000457763672, "377": 10.020000457763672, "378": 10.0, "379": 10.0, "380": 10.0, "381": 10.0, "382": 10.0, "383": 10.0, "384": 10.0, "385": 10.0, "386": 10.140000343322754, "387": 10.140000343322754, "388": 10.140000343322754, "389": 10.140000343322754, "390": 10.140000343322754, "391": 10.140000343322754, "392": 10.140000343322754, "393": 10.140000343322754, "394": 10.140000343322754, "395": 10.140000343322754, "396": 10.109999656677246, "397": 10.109999656677246, "398": 10.109999656677246, "399": 10.069999694824219, "400": 10.069999694824219, "401": 10.079999923706055, "402": 10.09000015258789, "403": 10.09000015258789, "404": 10.09000015258789, "405": 10.09000015258789, "406": 10.09000015258789, "407": 10.09000015258789, "408": 10.119999885559082, "409": 10.119999885559082, "410": 10.130000114440918, "411": 10.109999656677246, "412": 10.109999656677246, "413": 10.130000114440918, "414": 10.130000114440918, "415": 10.130000114440918, "416": 10.149999618530273, "417": 10.182000160217285, "418": 10.130000114440918, "419": 10.130000114440918, "420": 10.140000343322754, "421": 10.1899995803833, "422": 10.1899995803833, "423": 10.1899995803833, "424": 10.1899995803833, "425": 10.1899995803833, "426": 10.1899995803833, "427": 10.1899995803833, "428": 10.1899995803833, "429": 10.1899995803833, "430": 10.140000343322754, "431": 10.140000343322754, "432": 10.130000114440918, "433": 10.130000114440918, "434": 10.140000343322754, "435": 10.140000343322754, "436": 10.140000343322754, "437": 10.140000343322754, "438": 10.140000343322754, "439": 10.140000343322754, "440": 10.140000343322754, "441": 10.140000343322754, "442": 10.229999542236328, "443": 10.220000267028809, "444": 10.220000267028809, "445": 10.220000267028809}, "volume": {"0": 2700, "1": 50000, "2": 3900, "3": 26600, "4": 7500, "5": 926200, "6": 11300, "7": 11500, "8": 13500, "9": 312800, "10": 1200, "11": 0, "12": 0, "13": 126700, "14": 16900, "15": 3400, "16": 111400, "17": 74300, "18": 92300, "19": 1600, "20": 300100, "21": 400, "22": 0, "23": 1800, "24": 0, "25": 171000, "26": 56100, "27": 24100, "28": 45700, "29": 168000, "30": 51300, "31": 33000, "32": 38200, "33": 0, "34": 100, "35": 0, "36": 700, "37": 200, "38": 500, "39": 13400, "40": 24900, "41": 45000, "42": 14200, "43": 28500, "44": 2500, "45": 227500, "46": 12100, "47": 23200, "48": 0, "49": 1000, "50": 1000, "51": 56900, "52": 500, "53": 0, "54": 0, "55": 2500, "56": 19700, "57": 4300, "58": 0, "59": 0, "60": 3500, "61": 1400, "62": 0, "63": 3000, "64": 22300, "65": 0, "66": 7300, "67": 0, "68": 22000, "69": 400, "70": 355000, "71": 0, "72": 1900, "73": 100, "74": 0, "75": 70100, "76": 1200, "77": 1500, "78": 200, "79": 0, "80": 3600, "81": 200000, "82": 0, "83": 0, "84": 100, "85": 0, "86": 4200, "87": 1700, "88": 4900, "89": 0, "90": 300, "91": 0, "92": 0, "93": 2800, "94": 11900, "95": 12700, "96": 0, "97": 0, "98": 14600, "99": 0, "100": 340000, "101": 0, "102": 0, "103": 200, "104": 30600, "105": 0, "106": 0, "107": 300, "108": 1200, "109": 3200, "110": 0, "111": 0, "112": 0, "113": 65100, "114": 1900, "115": 0, "116": 0, "117": 5500, "118": 0, "119": 900, "120": 0, "121": 300, "122": 11500, "123": 300, "124": 2100, "125": 200, "126": 3500, "127": 0, "128": 61500, "129": 1400, "130": 600, "131": 100, "132": 100, "133": 0, "134": 4300, "135": 15100, "136": 0, "137": 0, "138": 300, "139": 0, "140": 11500, "141": 0, "142": 0, "143": 0, "144": 0, "145": 0, "146": 0, "147": 200, "148": 0, "149": 0, "150": 0, "151": 10200, "152": 700, "153": 5200, "154": 1000, "155": 0, "156": 200, "157": 18900, "158": 10800, "159": 0, "160": 0, "161": 26300, "162": 1800, "163": 0, "164": 0, "165": 0, "166": 0, "167": 0, "168": 0, "169": 400, "170": 0, "171": 0, "172": 0, "173": 0, "174": 0, "175": 0, "176": 0, "177": 123100, "178": 0, "179": 0, "180": 6100, "181": 0, "182": 800, "183": 0, "184": 0, "185": 0, "186": 0, "187": 200, "188": 0, "189": 1100, "190": 0, "191": 0, "192": 1800, "193": 0, "194": 0, "195": 0, "196": 0, "197": 100, "198": 0, "199": 0, "200": 3200, "201": 3300, "202": 100, "203": 0, "204": 20300, "205": 100, "206": 100, "207": 1300, "208": 0, "209": 0, "210": 0, "211": 2300, "212": 0, "213": 100, "214": 0, "215": 0, "216": 0, "217": 0, "218": 0, "219": 1300, "220": 100, "221": 400, "222": 0, "223": 30400, "224": 0, "225": 100, "226": 0, "227": 0, "228": 6800, "229": 0, "230": 17500, "231": 4200, "232": 1900, "233": 0, "234": 6400, "235": 0, "236": 200, "237": 0, "238": 0, "239": 0, "240": 0, "241": 0, "242": 0, "243": 29800, "244": 0, "245": 0, "246": 6000, "247": 1700, "248": 200, "249": 4700, "250": 0, "251": 500, "252": 0, "253": 0, "254": 0, "255": 0, "256": 26900, "257": 1000, "258": 6500, "259": 0, "260": 32600, "261": 15600, "262": 44000, "263": 0, "264": 16300, "265": 0, "266": 0, "267": 5200, "268": 68100, "269": 100, "270": 100, "271": 66000, "272": 1200, "273": 0, "274": 0, "275": 8500, "276": 200, "277": 50100, "278": 73800, "279": 9500, "280": 1900, "281": 100, "282": 174100, "283": 102800, "284": 1000, "285": 300, "286": 125200, "287": 0, "288": 30200, "289": 62600, "290": 400, "291": 1900, "292": 7800, "293": 30400, "294": 0, "295": 100, "296": 100, "297": 100, "298": 0, "299": 6300, "300": 87300, "301": 1500, "302": 7300, "303": 230200, "304": 0, "305": 1400, "306": 0, "307": 0, "308": 0, "309": 0, "310": 5600, "311": 0, "312": 300, "313": 1051800, "314": 48500, "315": 0, "316": 15800, "317": 0, "318": 3100, "319": 700, "320": 4400, "321": 0, "322": 0, "323": 300, "324": 1000, "325": 32900, "326": 0, "327": 15800, "328": 26000, "329": 6300, "330": 100, "331": 715000, "332": 1900, "333": 31000, "334": 1900, "335": 89900, "336": 30200, "337": 0, "338": 5700, "339": 1200, "340": 0, "341": 200, "342": 800, "343": 500, "344": 45000, "345": 5200, "346": 1300, "347": 100, "348": 0, "349": 5400, "350": 1900, "351": 500, "352": 900, "353": 4700, "354": 1900, "355": 1500, "356": 24300, "357": 1200, "358": 0, "359": 0, "360": 168100, "361": 3200, "362": 700, "363": 0, "364": 0, "365": 46900, "366": 100, "367": 0, "368": 4600, "369": 0, "370": 0, "371": 800, "372": 19500, "373": 100, "374": 0, "375": 0, "376": 700, "377": 100, "378": 500, "379": 0, "380": 0, "381": 0, "382": 0, "383": 0, "384": 0, "385": 0, "386": 300, "387": 0, "388": 0, "389": 0, "390": 0, "391": 0, "392": 0, "393": 0, "394": 0, "395": 0, "396": 31500, "397": 0, "398": 0, "399": 1700, "400": 350600, "401": 27200, "402": 30000, "403": 0, "404": 0, "405": 100000, "406": 0, "407": 0, "408": 40500, "409": 0, "410": 200, "411": 50700, "412": 23100, "413": 100, "414": 0, "415": 64400, "416": 26400, "417": 21000, "418": 3500, "419": 0, "420": 31800, "421": 100, "422": 100, "423": 0, "424": 0, "425": 100, "426": 0, "427": 0, "428": 0, "429": 0, "430": 7000, "431": 100, "432": 5400, "433": 0, "434": 58900, "435": 0, "436": 0, "437": 0, "438": 0, "439": 0, "440": 0, "441": 0, "442": 280200, "443": 53300, "444": 130800, "445": 0}, "adjclose": {"0": 9.699999809265137, "1": 9.670000076293945, "2": 9.680000305175781, "3": 9.680000305175781, "4": 9.6899995803833, "5": 9.680000305175781, "6": 9.680000305175781, "7": 9.6899995803833, "8": 9.6899995803833, "9": 9.699999809265137, "10": 9.770000457763672, "11": 9.770000457763672, "12": 9.770000457763672, "13": 9.720000267028809, "14": 9.720000267028809, "15": 9.720000267028809, "16": 9.710000038146973, "17": 9.710000038146973, "18": 9.710000038146973, "19": 9.699999809265137, "20": 9.710000038146973, "21": 9.699999809265137, "22": 9.699999809265137, "23": 9.699999809265137, "24": 9.699999809265137, "25": 9.720000267028809, "26": 9.720000267028809, "27": 9.699999809265137, "28": 9.760000228881836, "29": 9.720000267028809, "30": 9.75, "31": 9.729999542236328, "32": 9.770000457763672, "33": 9.770000457763672, "34": 9.770000457763672, "35": 9.770000457763672, "36": 9.729999542236328, "37": 9.699999809265137, "38": 9.760000228881836, "39": 9.75, "40": 9.760000228881836, "41": 9.739999771118164, "42": 9.729999542236328, "43": 9.845000267028809, "44": 9.75, "45": 9.729999542236328, "46": 9.760000228881836, "47": 9.770000457763672, "48": 9.770000457763672, "49": 9.75, "50": 9.75, "51": 9.729999542236328, "52": 9.729999542236328, "53": 9.729999542236328, "54": 9.729999542236328, "55": 9.720000267028809, "56": 9.729999542236328, "57": 9.729999542236328, "58": 9.729999542236328, "59": 9.729999542236328, "60": 9.720000267028809, "61": 9.710000038146973, "62": 9.710000038146973, "63": 9.710000038146973, "64": 9.729999542236328, "65": 9.729999542236328, "66": 9.699999809265137, "67": 9.699999809265137, "68": 9.710000038146973, "69": 9.710000038146973, "70": 9.699999809265137, "71": 9.699999809265137, "72": 9.720000267028809, "73": 9.710000038146973, "74": 9.710000038146973, "75": 9.739999771118164, "76": 9.739999771118164, "77": 9.739999771118164, "78": 9.729999542236328, "79": 9.729999542236328, "80": 9.739999771118164, "81": 9.729999542236328, "82": 9.729999542236328, "83": 9.729999542236328, "84": 9.6899995803833, "85": 9.6899995803833, "86": 9.720000267028809, "87": 9.710000038146973, "88": 9.699999809265137, "89": 9.699999809265137, "90": 9.710000038146973, "91": 9.710000038146973, "92": 9.710000038146973, "93": 9.765000343322754, "94": 9.75, "95": 9.75, "96": 9.75, "97": 9.75, "98": 9.720000267028809, "99": 9.720000267028809, "100": 9.720000267028809, "101": 9.720000267028809, "102": 9.720000267028809, "103": 9.739999771118164, "104": 9.760000228881836, "105": 9.760000228881836, "106": 9.760000228881836, "107": 9.755000114440918, "108": 9.75, "109": 9.729999542236328, "110": 9.729999542236328, "111": 9.729999542236328, "112": 9.729999542236328, "113": 9.729999542236328, "114": 9.75, "115": 9.75, "116": 9.75, "117": 9.760000228881836, "118": 9.760000228881836, "119": 9.75, "120": 9.75, "121": 9.760000228881836, "122": 9.75, "123": 9.760000228881836, "124": 9.760000228881836, "125": 9.760000228881836, "126": 9.770000457763672, "127": 9.770000457763672, "128": 9.75, "129": 9.760000228881836, "130": 9.760000228881836, "131": 9.774999618530273, "132": 9.8100004196167, "133": 9.8100004196167, "134": 9.770000457763672, "135": 9.779999732971191, "136": 9.779999732971191, "137": 9.779999732971191, "138": 9.789999961853027, "139": 9.789999961853027, "140": 9.800000190734863, "141": 9.800000190734863, "142": 9.800000190734863, "143": 9.800000190734863, "144": 9.800000190734863, "145": 9.800000190734863, "146": 9.800000190734863, "147": 9.800000190734863, "148": 9.800000190734863, "149": 9.800000190734863, "150": 9.800000190734863, "151": 9.819999694824219, "152": 9.8100004196167, "153": 9.8149995803833, "154": 9.817000389099121, "155": 9.817000389099121, "156": 9.819999694824219, "157": 9.8100004196167, "158": 9.8100004196167, "159": 9.8100004196167, "160": 9.8100004196167, "161": 9.8100004196167, "162": 9.805000305175781, "163": 9.805000305175781, "164": 9.805000305175781, "165": 9.805000305175781, "166": 9.805000305175781, "167": 9.805000305175781, "168": 9.805000305175781, "169": 9.829999923706055, "170": 9.829999923706055, "171": 9.829999923706055, "172": 9.829999923706055, "173": 9.829999923706055, "174": 9.829999923706055, "175": 9.829999923706055, "176": 9.829999923706055, "177": 9.8100004196167, "178": 9.8100004196167, "179": 9.8100004196167, "180": 9.8100004196167, "181": 9.8100004196167, "182": 9.819999694824219, "183": 9.819999694824219, "184": 9.819999694824219, "185": 9.819999694824219, "186": 9.819999694824219, "187": 9.800000190734863, "188": 9.800000190734863, "189": 9.800000190734863, "190": 9.800000190734863, "191": 9.800000190734863, "192": 9.8100004196167, "193": 9.8100004196167, "194": 9.8100004196167, "195": 9.8100004196167, "196": 9.8100004196167, "197": 9.8100004196167, "198": 9.8100004196167, "199": 9.8100004196167, "200": 9.819999694824219, "201": 9.819999694824219, "202": 9.819999694824219, "203": 9.819999694824219, "204": 9.819999694824219, "205": 9.819999694824219, "206": 9.829999923706055, "207": 9.829999923706055, "208": 9.829999923706055, "209": 9.829999923706055, "210": 9.829999923706055, "211": 9.83899974822998, "212": 9.83899974822998, "213": 9.850000381469727, "214": 9.850000381469727, "215": 9.850000381469727, "216": 9.850000381469727, "217": 9.850000381469727, "218": 9.850000381469727, "219": 9.859999656677246, "220": 9.859999656677246, "221": 9.859999656677246, "222": 9.859999656677246, "223": 9.859999656677246, "224": 9.859999656677246, "225": 9.859999656677246, "226": 9.859999656677246, "227": 9.859999656677246, "228": 9.869999885559082, "229": 9.869999885559082, "230": 9.84000015258789, "231": 9.859999656677246, "232": 9.880000114440918, "233": 9.880000114440918, "234": 9.880000114440918, "235": 9.880000114440918, "236": 9.859999656677246, "237": 9.859999656677246, "238": 9.859999656677246, "239": 9.859999656677246, "240": 9.859999656677246, "241": 9.859999656677246, "242": 9.859999656677246, "243": 9.84000015258789, "244": 9.84000015258789, "245": 9.84000015258789, "246": 9.84000015258789, "247": 9.859999656677246, "248": 9.859999656677246, "249": 9.850000381469727, "250": 9.850000381469727, "251": 9.859999656677246, "252": 9.859999656677246, "253": 9.859999656677246, "254": 9.859999656677246, "255": 9.859999656677246, "256": 9.859999656677246, "257": 9.859999656677246, "258": 9.880000114440918, "259": 9.880000114440918, "260": 9.859999656677246, "261": 9.869999885559082, "262": 9.890000343322754, "263": 9.890000343322754, "264": 9.890000343322754, "265": 9.890000343322754, "266": 9.890000343322754, "267": 9.899999618530273, "268": 9.899999618530273, "269": 9.90999984741211, "270": 9.90999984741211, "271": 9.930000305175781, "272": 9.90999984741211, "273": 9.90999984741211, "274": 9.90999984741211, "275": 9.949999809265137, "276": 9.949999809265137, "277": 9.949999809265137, "278": 9.961999893188477, "279": 9.949999809265137, "280": 9.9399995803833, "281": 9.9399995803833, "282": 10.0, "283": 10.0, "284": 10.0, "285": 10.0, "286": 9.989999771118164, "287": 9.989999771118164, "288": 10.010000228881836, "289": 10.020000457763672, "290": 10.015000343322754, "291": 10.010000228881836, "292": 9.989999771118164, "293": 10.0, "294": 10.0, "295": 9.989999771118164, "296": 9.989999771118164, "297": 9.989999771118164, "298": 9.989999771118164, "299": 10.005000114440918, "300": 9.989999771118164, "301": 10.0, "302": 10.0, "303": 10.020000457763672, "304": 10.020000457763672, "305": 10.0600004196167, "306": 10.0600004196167, "307": 10.0600004196167, "308": 10.0600004196167, "309": 10.0600004196167, "310": 10.232000350952148, "311": 10.232000350952148, "312": 10.0, "313": 10.0, "314": 10.0, "315": 10.0, "316": 10.039999961853027, "317": 10.039999961853027, "318": 9.819999694824219, "319": 9.890000343322754, "320": 9.880000114440918, "321": 9.880000114440918, "322": 9.880000114440918, "323": 9.890000343322754, "324": 9.895000457763672, "325": 9.899999618530273, "326": 9.899999618530273, "327": 9.90999984741211, "328": 9.90999984741211, "329": 9.949999809265137, "330": 9.949999809265137, "331": 9.9399995803833, "332": 9.9399995803833, "333": 9.899999618530273, "334": 9.9399995803833, "335": 9.979999542236328, "336": 10.0, "337": 10.0, "338": 10.0, "339": 10.0, "340": 10.0, "341": 10.0, "342": 9.989999771118164, "343": 9.989999771118164, "344": 10.0, "345": 10.0600004196167, "346": 10.0, "347": 9.954999923706055, "348": 9.954999923706055, "349": 10.010000228881836, "350": 10.010000228881836, "351": 10.0, "352": 10.03499984741211, "353": 10.0, "354": 10.0, "355": 9.920000076293945, "356": 9.970000267028809, "357": 10.0, "358": 10.0, "359": 10.0, "360": 10.010000228881836, "361": 10.039999961853027, "362": 9.9399995803833, "363": 9.9399995803833, "364": 9.9399995803833, "365": 10.010000228881836, "366": 10.229999542236328, "367": 10.229999542236328, "368": 10.020000457763672, "369": 10.020000457763672, "370": 10.020000457763672, "371": 9.960000038146973, "372": 10.0, "373": 10.0, "374": 10.0, "375": 10.0, "376": 10.020000457763672, "377": 10.020000457763672, "378": 10.0, "379": 10.0, "380": 10.0, "381": 10.0, "382": 10.0, "383": 10.0, "384": 10.0, "385": 10.0, "386": 10.140000343322754, "387": 10.140000343322754, "388": 10.140000343322754, "389": 10.140000343322754, "390": 10.140000343322754, "391": 10.140000343322754, "392": 10.140000343322754, "393": 10.140000343322754, "394": 10.140000343322754, "395": 10.140000343322754, "396": 10.109999656677246, "397": 10.109999656677246, "398": 10.109999656677246, "399": 10.069999694824219, "400": 10.069999694824219, "401": 10.079999923706055, "402": 10.09000015258789, "403": 10.09000015258789, "404": 10.09000015258789, "405": 10.09000015258789, "406": 10.09000015258789, "407": 10.09000015258789, "408": 10.119999885559082, "409": 10.119999885559082, "410": 10.130000114440918, "411": 10.109999656677246, "412": 10.109999656677246, "413": 10.130000114440918, "414": 10.130000114440918, "415": 10.130000114440918, "416": 10.149999618530273, "417": 10.182000160217285, "418": 10.130000114440918, "419": 10.130000114440918, "420": 10.140000343322754, "421": 10.1899995803833, "422": 10.1899995803833, "423": 10.1899995803833, "424": 10.1899995803833, "425": 10.1899995803833, "426": 10.1899995803833, "427": 10.1899995803833, "428": 10.1899995803833, "429": 10.1899995803833, "430": 10.140000343322754, "431": 10.140000343322754, "432": 10.130000114440918, "433": 10.130000114440918, "434": 10.140000343322754, "435": 10.140000343322754, "436": 10.140000343322754, "437": 10.140000343322754, "438": 10.140000343322754, "439": 10.140000343322754, "440": 10.140000343322754, "441": 10.140000343322754, "442": 10.229999542236328, "443": 10.220000267028809, "444": 10.220000267028809, "445": 10.220000267028809}}, "profile": {"address1": "10900 Research Blvd.", "address2": "Suite 160C PMB 1081", "city": "Austin", "state": "TX", "zip": "78759", "country": "United States", "phone": "561-231-7070", "website": "https://belongcapital.co", "industry": "Shell Companies", "industryDisp": "Shell Companies", "sector": "Financial Services", "longBusinessSummary": "Belong Acquisition Corp. does not have significant operations. The company intends to effect a merger, capital stock exchange, asset acquisition, stock purchase, reorganization, or other similar business combination with one or more businesses. It intends to acquire and operate a business in the consumer industry. The company was incorporated in 2020 and is based in Austin, Texas.", "companyOfficers": [{"maxAge": 1, "name": "Mr. Peter  Saldarriaga", "age": 39, "title": "CEO, CFO & Sec.", "yearBorn": 1983, "exercisedValue": 0, "unexercisedValue": 0}, {"maxAge": 1, "name": "Mr. Joel C. Washington", "age": 38, "title": "Pres & Chief Investment Officer", "yearBorn": 1984, "exercisedValue": 0, "unexercisedValue": 0}], "maxAge": 86400, "latitude": 30.4021639937545, "longitude": -97.74720698490142}}