{"income_statement": {"annual": {"Year": {"1": "Selling, General & Admin", "2": "Operating Expenses", "3": "Operating Income", "4": "Other Expense / Income", "5": "Pretax Income", "6": "Income Tax", "7": "Net Income", "8": "Shares Outstanding (Basic)", "9": "Shares Outstanding (Diluted)", "10": "Shares Change", "11": "EPS (Basic)", "12": "EPS (Diluted)", "13": "Free Cash Flow Per Share", "14": "Effective Tax Rate", "15": "EBITDA", "16": "EBIT"}, "2022": {"1": "1.13", "2": "1.13", "3": "-1.13", "4": "-4.12", "5": "2.99", "6": "0.79", "7": "2.2", "8": "35", "9": "35", "10": "-49.26%", "11": "0.06", "12": "0.06", "13": "-0.04", "14": "26.35%", "15": "2.99", "16": "2.99"}, "2021": {"1": "0.69", "2": "0.69", "3": "-0.69", "4": "-0", "5": "-0.68", "6": "0", "7": "-0.68", "8": "68", "9": "68", "10": "-", "11": "-0.06", "12": "-0.06", "13": "-0.01", "14": "-", "15": "-0.68", "16": "-0.68"}}, "quarterly": {"Metrics": {"1": "Selling, General & Admin", "2": "Operating Expenses", "3": "Operating Income", "4": "Other Expense / Income", "5": "Pretax Income", "6": "Income Tax", "7": "Net Income", "8": "Shares Outstanding (Basic)", "9": "Shares Outstanding (Diluted)", "10": "Shares Change", "11": "EPS (Basic)", "12": "EPS (Diluted)", "13": "Free Cash Flow Per Share", "14": "Effective Tax Rate", "15": "EBITDA", "16": "EBIT"}, "2022-12-31": {"1": "0.27", "2": "0.27", "3": "-0.27", "4": "-2.43", "5": "2.16", "6": "0.5", "7": "1.66", "8": "35", "9": "35", "10": "-49.26%", "11": "0.04", "12": "0.04", "13": "-0.01", "14": "23.20%", "15": "2.16", "16": "2.16"}, "2022-09-30": {"1": "0.26", "2": "0.26", "3": "-0.26", "4": "-1.27", "5": "1.01", "6": "0.26", "7": "0.75", "8": "35", "9": "35", "10": "475.00%", "11": "0.02", "12": "0.02", "13": "-0.01", "14": "25.45%", "15": "1.01", "16": "1.01"}, "2022-06-30": {"1": "0.27", "2": "0.27", "3": "-0.27", "4": "-0.4", "5": "0.13", "6": "0.03", "7": "0.1", "8": "35", "9": "35", "10": "475.00%", "11": "-", "12": "-", "13": "-0.02", "14": "22.45%", "15": "0.13", "16": "0.13"}, "2022-03-31": {"1": "0.34", "2": "0.34", "3": "-0.34", "4": "-0.02", "5": "-0.31", "6": "0", "7": "-0.31", "8": "35", "9": "35", "10": "-", "11": "-0.01", "12": "-0.01", "13": "-0.00", "14": "-", "15": "-0.31", "16": "-0.31"}, "2021-12-31": {"1": "0.69", "2": "0.69", "3": "-0.69", "4": "-0", "5": "-0.68", "6": "0", "7": "-0.68", "8": "68", "9": "68", "10": "-", "11": "-0.06", "12": "-0.06", "13": "-0.01", "14": "-", "15": "-0.68", "16": "-0.68"}, "2021-09-30": {"1": "0", "2": "0", "3": "-0", "4": "-", "5": "-0", "6": "0", "7": "-0", "8": "6", "9": "6", "10": "-", "11": "-", "12": "-", "13": "-", "14": "-", "15": "-0", "16": "-0"}, "2021-06-30": {"1": "0", "2": "0", "3": "-0", "4": "-", "5": "-0", "6": "0", "7": "-0", "8": "6", "9": "6", "10": "-", "11": "-", "12": "-", "13": "-", "14": "-", "15": "-", "16": "-0"}}}, "balance_sheet": {"annual": {"Year": {"1": "Cash & Equivalents", "2": "Cash & Cash Equivalents", "3": "Cash Growth", "4": "Other Current Assets", "5": "Total Current Assets", "6": "Long-Term Investments", "7": "Other Long-Term Assets", "8": "Total Long-Term Assets", "9": "Total Assets", "10": "Accounts Payable", "11": "Other Current Liabilities", "12": "Total Current Liabilities", "13": "Other Long-Term Liabilities", "14": "Total Long-Term Liabilities", "15": "Total Liabilities", "16": "Common Stock", "17": "Retained Earnings", "18": "Shareholders' Equity", "19": "Total Liabilities and Equity", "20": "Net Cash / Debt", "21": "Net Cash / Debt Growth", "22": "Net Cash Per Share", "23": "Working Capital", "24": "Book Value Per Share"}, "2022": {"1": "0.29", "2": "0.29", "3": "-67.78%", "4": "0.09", "5": "0.38", "6": "284.89", "7": "0", "8": "284.89", "9": "285.27", "10": "0.01", "11": "0.8", "12": "0.81", "13": "9.65", "14": "9.65", "15": "10.46", "16": "0", "17": "-9.67", "18": "-9.67", "19": "0.79", "20": "0.29", "21": "-67.78%", "22": "0.01", "23": "-0.43", "24": "-0.28"}, "2021": {"1": "0.9", "2": "0.9", "3": "-", "4": "0.32", "5": "1.22", "6": "281.52", "7": "0.08", "8": "281.61", "9": "282.82", "10": "0", "11": "0.56", "12": "0.56", "13": "9.66", "14": "9.66", "15": "10.22", "16": "0", "17": "-8.92", "18": "-8.91", "19": "1.3", "20": "0.9", "21": "-", "22": "0.01", "23": "0.66", "24": "-0.13"}}, "quarterly": {"Metrics": {"1": "Cash & Equivalents", "2": "Cash & Cash Equivalents", "3": "Cash Growth", "4": "Other Current Assets", "5": "Total Current Assets", "6": "Long-Term Investments", "7": "Other Long-Term Assets", "8": "Total Long-Term Assets", "9": "Total Assets", "10": "Accounts Payable", "11": "Current Debt", "12": "Other Current Liabilities", "13": "Total Current Liabilities", "14": "Other Long-Term Liabilities", "15": "Total Long-Term Liabilities", "16": "Total Liabilities", "17": "Total Debt", "18": "Common Stock", "19": "Retained Earnings", "20": "Shareholders' Equity", "21": "Total Liabilities and Equity", "22": "Net Cash / Debt", "23": "Net Cash / Debt Growth", "24": "Net Cash Per Share", "25": "Working Capital", "26": "Book Value Per Share"}, "2022-12-31": {"1": "0.29", "2": "0.29", "3": "-67.78%", "4": "0.09", "5": "0.38", "6": "284.89", "7": "0", "8": "284.89", "9": "285.27", "10": "0.01", "11": "0", "12": "0.8", "13": "0.81", "14": "9.65", "15": "9.65", "16": "10.46", "17": "0", "18": "0", "19": "-9.67", "20": "-9.67", "21": "0.79", "22": "0.29", "23": "-67.78%", "24": "0.01", "25": "-0.43", "26": "-0.28"}, "2022-09-30": {"1": "0.4", "2": "0.4", "3": "3925.07%", "4": "0.18", "5": "0.58", "6": "282.8", "7": "0", "8": "282.8", "9": "283.38", "10": "0.01", "11": "0", "12": "0.57", "13": "0.57", "14": "9.66", "15": "9.66", "16": "10.23", "17": "0", "18": "0", "19": "-9.45", "20": "-9.45", "21": "0.78", "22": "0.4", "23": "-", "24": "0.01", "25": "0.01", "26": "-0.27"}, "2022-06-30": {"1": "0.2", "2": "0.2", "3": "1308.97%", "4": "0.28", "5": "0.48", "6": "281.95", "7": "0", "8": "281.95", "9": "282.43", "10": "0.02", "11": "0", "12": "0.36", "13": "0.37", "14": "9.66", "15": "9.66", "16": "10.03", "17": "0", "18": "0", "19": "-9.24", "20": "-9.24", "21": "0.79", "22": "0.2", "23": "-", "24": "0.01", "25": "0.11", "26": "-0.27"}, "2022-03-31": {"1": "0.75", "2": "0.75", "3": "-", "4": "0.38", "5": "1.13", "6": "281.55", "7": "0.01", "8": "281.56", "9": "282.69", "10": "0.01", "11": "0", "12": "0.72", "13": "0.73", "14": "9.66", "15": "9.66", "16": "10.39", "17": "0", "18": "0", "19": "-9.23", "20": "-9.23", "21": "1.17", "22": "0.75", "23": "-", "24": "0.02", "25": "0.4", "26": "-0.27"}, "2021-12-31": {"1": "0.9", "2": "0.9", "3": "-", "4": "0.32", "5": "1.22", "6": "281.52", "7": "0.08", "8": "281.61", "9": "282.82", "10": "0", "11": "0", "12": "0.56", "13": "0.56", "14": "9.66", "15": "9.66", "16": "10.22", "17": "0", "18": "0", "19": "-8.92", "20": "-8.91", "21": "1.3", "22": "0.9", "23": "-", "24": "0.01", "25": "0.66", "26": "-0.13"}, "2021-09-30": {"1": "0.01", "2": "0.01", "3": "-", "4": "-0.01", "5": "0", "6": "0", "7": "0.54", "8": "0.54", "9": "0.54", "10": "0", "11": "0.2", "12": "0.33", "13": "0.52", "14": "0", "15": "0", "16": "0.52", "17": "0.2", "18": "0.03", "19": "-0", "20": "0.02", "21": "0.54", "22": "-0.18", "23": "-", "24": "-0.03", "25": "-0.52", "26": "0.00"}, "2021-06-30": {"1": "0.01", "2": "0.01", "3": "-", "4": "0", "5": "0.01", "6": "0", "7": "0.38", "8": "0.38", "9": "0.4", "10": "0", "11": "0.04", "12": "0.34", "13": "0.37", "14": "0", "15": "0", "16": "0.37", "17": "0.04", "18": "0.03", "19": "-0", "20": "0.02", "21": "0.4", "22": "-0.02", "23": "-", "24": "-0.00", "25": "-0.36", "26": "0.00"}, "2021-02-11": {"1": "0", "2": "0", "3": "-", "4": "0", "5": "0", "6": "0", "7": "0.07", "8": "0.07", "9": "0.07", "10": "0", "11": "0", "12": "0.04", "13": "0.04", "14": "0", "15": "0", "16": "0.04", "17": "0", "18": "0.03", "19": "-0", "20": "0.02", "21": "0.07", "22": "-0", "23": "-", "24": "-", "25": "-0.04", "26": "-"}}}, "cash_flow_statement": {"annual": {"Year": {"1": "Net Income", "2": "Other Operating Activities", "3": "Operating Cash Flow", "4": "Change in Investments", "5": "Investing Cash Flow", "6": "Share Issuance / Repurchase", "7": "Other Financing Activities", "8": "Financing Cash Flow", "9": "Net Cash Flow", "10": "Free Cash Flow", "11": "Free Cash Flow Per Share"}, "2022": {"1": "2.2", "2": "-3.56", "3": "-1.36", "4": "0.75", "5": "0.75", "6": "0", "7": "-", "8": "0", "9": "-0.61", "10": "-1.36", "11": "-0.04"}, "2021": {"1": "-0.68", "2": "0.15", "3": "-0.53", "4": "-281.52", "5": "-281.52", "6": "283.52", "7": "-0.57", "8": "282.95", "9": "0.9", "10": "-0.53", "11": "-0.01"}}, "quarterly": {"Metrics": {"1": "Net Income", "2": "Other Operating Activities", "3": "Operating Cash Flow", "4": "Change in Investments", "5": "Investing Cash Flow", "6": "Share Issuance / Repurchase", "7": "Debt Issued / Paid", "8": "Other Financing Activities", "9": "Financing Cash Flow", "10": "Net Cash Flow", "11": "Free Cash Flow", "12": "Free Cash Flow Per Share"}, "2022-12-31": {"1": "1.66", "2": "-2.1", "3": "-0.44", "4": "0.33", "5": "0.33", "6": "0", "7": "0", "8": "-", "9": "0", "10": "-0.11", "11": "-0.44", "12": "-0.01"}, "2022-09-30": {"1": "0.75", "2": "-0.97", "3": "-0.22", "4": "0", "5": "0", "6": "0", "7": "0", "8": "-", "9": "0", "10": "0.2", "11": "-0.22", "12": "-0.01"}, "2022-06-30": {"1": "0.1", "2": "-0.65", "3": "-0.55", "4": "0", "5": "0", "6": "0", "7": "0", "8": "-", "9": "0", "10": "-0.55", "11": "-0.55", "12": "-0.02"}, "2022-03-31": {"1": "-0.31", "2": "0.17", "3": "-0.15", "4": "0", "5": "0", "6": "0", "7": "0", "8": "-", "9": "0", "10": "-0.15", "11": "-0.15", "12": "-0.00"}, "2021-12-31": {"1": "-0.68", "2": "0.15", "3": "-0.53", "4": "-281.52", "5": "-281.52", "6": "283.52", "7": "-0.2", "8": "-0.39", "9": "282.94", "10": "0.89", "11": "-0.53", "12": "-0.01"}, "2021-09-30": {"1": "-0", "2": "-0", "3": "-0", "4": "0", "5": "0", "6": "0", "7": "0.16", "8": "-0.16", "9": "-0", "10": "-0", "11": "-0", "12": "-"}, "2021-06-30": {"1": "-0", "2": "0", "3": "-", "4": "-", "5": "-", "6": "-", "7": "-", "8": "-", "9": "-", "10": "-", "11": "-", "12": "-"}}}, "ratios": {"annual": {"Year": {"1": "Market Capitalization", "2": "Market Cap Growth", "3": "Enterprise Value", "4": "PE Ratio", "5": "PB Ratio", "6": "P/FCF Ratio", "7": "P/OCF Ratio", "8": "EV/EBITDA Ratio", "9": "EV/EBIT Ratio", "10": "EV/FCF Ratio", "11": "Current Ratio", "12": "Return on Equity (ROE)", "13": "Return on Assets (ROA)", "14": "Return on Capital (ROIC)", "15": "Earnings Yield", "16": "FCF Yield", "17": "Buyback Yield / Dilution", "18": "Total Shareholder Return"}, "Current": {"1": "362", "2": "-", "3": "362", "4": "174.83", "5": "-36.39", "6": "-258.22", "7": "-258.22", "8": "121.09", "9": "121.09", "10": "-258.01", "11": "0.47", "12": "-23.40%", "13": "0.80%", "14": "1.10%", "15": "0.61%", "16": "-0.38%", "17": "49.26%", "18": "49.26%"}, "2022": {"1": "352", "2": "15.85%", "3": "352", "4": "159.99", "5": "-36.39", "6": "-258.22", "7": "-258.22", "8": "117.74", "9": "117.74", "10": "-258.01", "11": "0.47", "12": "-23.40%", "13": "0.80%", "14": "1.10%", "15": "0.63%", "16": "-0.39%", "17": "49.26%", "18": "49.26%"}, "2021": {"1": "304", "2": "-", "3": "303", "4": "-443.48", "5": "-34.07", "6": "-571.96", "7": "-571.96", "8": "-442.17", "9": "-442.17", "10": "-570.27", "11": "2.17", "12": "-", "13": "-", "14": "-", "15": "-0.23%", "16": "-0.17%", "17": "-", "18": "-"}}, "quarterly": {"Metrics": {"1": "Market Capitalization", "2": "Market Cap Growth", "3": "Enterprise Value", "4": "PE Ratio", "5": "PB Ratio", "6": "Debt / Equity Ratio", "7": "Current Ratio", "8": "Buyback Yield / Dilution", "9": "Total Shareholder Return"}, "Current": {"1": "362", "2": "-", "3": "362", "4": "174.83", "5": "-36.39", "6": "-", "7": "0.47", "8": "49.26%", "9": "49.26%"}, "2022-12-31": {"1": "352", "2": "15.85%", "3": "352", "4": "159.99", "5": "-36.39", "6": "-", "7": "0.47", "8": "49.26%", "9": "49.26%"}, "2022-09-30": {"1": "346", "2": "-", "3": "346", "4": "-2468.24", "5": "-36.60", "6": "-", "7": "1.02", "8": "-475.00%", "9": "-475.00%"}, "2022-06-30": {"1": "343", "2": "-", "3": "343", "4": "-385.03", "5": "-37.15", "6": "-", "7": "1.30", "8": "-475.00%", "9": "-475.00%"}, "2022-03-31": {"1": "307", "2": "-", "3": "306", "4": "-308.08", "5": "-33.26", "6": "-", "7": "1.54", "8": "-", "9": "-"}, "2021-12-31": {"1": "304", "2": "-", "3": "303", "4": "-443.48", "5": "-34.07", "6": "-", "7": "2.17", "8": "-", "9": "-"}, "2021-09-30": {"1": "-", "2": "-", "3": "0", "4": "-", "5": "-", "6": "8.17", "7": "0", "8": "-", "9": "-"}, "2021-06-30": {"1": "-", "2": "-", "3": "0", "4": "-", "5": "-", "6": "1.45", "7": "0.04", "8": "-", "9": "-"}, "2021-02-11": {"1": "-", "2": "-", "3": "0", "4": "-", "5": "-", "6": "0.02", "7": "0", "8": "-", "9": "-"}}}, "stock_price": {"symbol": {"0": "BMAC", "1": "BMAC", "2": "BMAC", "3": "BMAC", "4": "BMAC", "5": "BMAC", "6": "BMAC", "7": "BMAC", "8": "BMAC", "9": "BMAC", "10": "BMAC", "11": "BMAC", "12": "BMAC", "13": "BMAC", "14": "BMAC", "15": "BMAC", "16": "BMAC", "17": "BMAC", "18": "BMAC", "19": "BMAC", "20": "BMAC", "21": "BMAC", "22": "BMAC", "23": "BMAC", "24": "BMAC", "25": "BMAC", "26": "BMAC", "27": "BMAC", "28": "BMAC", "29": "BMAC", "30": "BMAC", "31": "BMAC", "32": "BMAC", "33": "BMAC", "34": "BMAC", "35": "BMAC", "36": "BMAC", "37": "BMAC", "38": "BMAC", "39": "BMAC", "40": "BMAC", "41": "BMAC", "42": "BMAC", "43": "BMAC", "44": "BMAC", "45": "BMAC", "46": "BMAC", "47": "BMAC", "48": "BMAC", "49": "BMAC", "50": "BMAC", "51": "BMAC", "52": "BMAC", "53": "BMAC", "54": "BMAC", "55": "BMAC", "56": "BMAC", "57": "BMAC", "58": "BMAC", "59": "BMAC", "60": "BMAC", "61": "BMAC", "62": "BMAC", "63": "BMAC", "64": "BMAC", "65": "BMAC", "66": "BMAC", "67": "BMAC", "68": "BMAC", "69": "BMAC", "70": "BMAC", "71": "BMAC", "72": "BMAC", "73": "BMAC", "74": "BMAC", "75": "BMAC", "76": "BMAC", "77": "BMAC", "78": "BMAC", "79": "BMAC", "80": "BMAC", "81": "BMAC", "82": "BMAC", "83": "BMAC", "84": "BMAC", "85": "BMAC", "86": "BMAC", "87": "BMAC", "88": "BMAC", "89": "BMAC", "90": "BMAC", "91": "BMAC", "92": "BMAC", "93": "BMAC", "94": "BMAC", "95": "BMAC", "96": "BMAC", "97": "BMAC", "98": "BMAC", "99": "BMAC", "100": "BMAC", "101": "BMAC", "102": "BMAC", "103": "BMAC", "104": "BMAC", "105": "BMAC", "106": "BMAC", "107": "BMAC", "108": "BMAC", "109": "BMAC", "110": "BMAC", "111": "BMAC", "112": "BMAC", "113": "BMAC", "114": "BMAC", "115": "BMAC", "116": "BMAC", "117": "BMAC", "118": "BMAC", "119": "BMAC", "120": "BMAC", "121": "BMAC", "122": "BMAC", "123": "BMAC", "124": "BMAC", "125": "BMAC", "126": "BMAC", "127": "BMAC", "128": "BMAC", "129": "BMAC", "130": "BMAC", "131": "BMAC", "132": "BMAC", "133": "BMAC", "134": "BMAC", "135": "BMAC", "136": "BMAC", "137": "BMAC", "138": "BMAC", "139": "BMAC", "140": "BMAC", "141": "BMAC", "142": "BMAC", "143": "BMAC", "144": "BMAC", "145": "BMAC", "146": "BMAC", "147": "BMAC", "148": "BMAC", "149": "BMAC", "150": "BMAC", "151": "BMAC", "152": "BMAC", "153": "BMAC", "154": "BMAC", "155": "BMAC", "156": "BMAC", "157": "BMAC", "158": "BMAC", "159": "BMAC", "160": "BMAC", "161": "BMAC", "162": "BMAC", "163": "BMAC", "164": "BMAC", "165": "BMAC", "166": "BMAC", "167": "BMAC", "168": "BMAC", "169": "BMAC", "170": "BMAC", "171": "BMAC", "172": "BMAC", "173": "BMAC", "174": "BMAC", "175": "BMAC", "176": "BMAC", "177": "BMAC", "178": "BMAC", "179": "BMAC", "180": "BMAC", "181": "BMAC", "182": "BMAC", "183": "BMAC", "184": "BMAC", "185": "BMAC", "186": "BMAC", "187": "BMAC", "188": "BMAC", "189": "BMAC", "190": "BMAC", "191": "BMAC", "192": "BMAC", "193": "BMAC", "194": "BMAC", "195": "BMAC", "196": "BMAC", "197": "BMAC", "198": "BMAC", "199": "BMAC", "200": "BMAC", "201": "BMAC", "202": "BMAC", "203": "BMAC", "204": "BMAC", "205": "BMAC", "206": "BMAC", "207": "BMAC", "208": "BMAC", "209": "BMAC", "210": "BMAC", "211": "BMAC", "212": "BMAC", "213": "BMAC", "214": "BMAC", "215": "BMAC", "216": "BMAC", "217": "BMAC", "218": "BMAC", "219": "BMAC", "220": "BMAC", "221": "BMAC", "222": "BMAC", "223": "BMAC", "224": "BMAC", "225": "BMAC", "226": "BMAC", "227": "BMAC", "228": "BMAC", "229": "BMAC", "230": "BMAC", "231": "BMAC", "232": "BMAC", "233": "BMAC", "234": "BMAC", "235": "BMAC", "236": "BMAC", "237": "BMAC", "238": "BMAC", "239": "BMAC", "240": "BMAC", "241": "BMAC", "242": "BMAC", "243": "BMAC", "244": "BMAC", "245": "BMAC", "246": "BMAC", "247": "BMAC", "248": "BMAC", "249": "BMAC", "250": "BMAC", "251": "BMAC", "252": "BMAC", "253": "BMAC", "254": "BMAC", "255": "BMAC", "256": "BMAC", "257": "BMAC", "258": "BMAC", "259": "BMAC", "260": "BMAC", "261": "BMAC", "262": "BMAC", "263": "BMAC", "264": "BMAC", "265": "BMAC", "266": "BMAC", "267": "BMAC", "268": "BMAC", "269": "BMAC", "270": "BMAC", "271": "BMAC", "272": "BMAC", "273": "BMAC", "274": "BMAC", "275": "BMAC", "276": "BMAC", "277": "BMAC", "278": "BMAC", "279": "BMAC", "280": "BMAC", "281": "BMAC", "282": "BMAC", "283": "BMAC", "284": "BMAC", "285": "BMAC", "286": "BMAC", "287": "BMAC", "288": "BMAC", "289": "BMAC", "290": "BMAC", "291": "BMAC", "292": "BMAC", "293": "BMAC", "294": "BMAC", "295": "BMAC", "296": "BMAC", "297": "BMAC", "298": "BMAC", "299": "BMAC", "300": "BMAC", "301": "BMAC", "302": "BMAC", "303": "BMAC", "304": "BMAC", "305": "BMAC", "306": "BMAC", "307": "BMAC", "308": "BMAC", "309": "BMAC", "310": "BMAC", "311": "BMAC", "312": "BMAC", "313": "BMAC", "314": "BMAC", "315": "BMAC", "316": "BMAC", "317": "BMAC", "318": "BMAC", "319": "BMAC", "320": "BMAC", "321": "BMAC", "322": "BMAC", "323": "BMAC", "324": "BMAC", "325": "BMAC", "326": "BMAC", "327": "BMAC", "328": "BMAC", "329": "BMAC", "330": "BMAC", "331": "BMAC", "332": "BMAC", "333": "BMAC", "334": "BMAC", "335": "BMAC", "336": "BMAC", "337": "BMAC", "338": "BMAC", "339": "BMAC", "340": "BMAC", "341": "BMAC", "342": "BMAC", "343": "BMAC", "344": "BMAC", "345": "BMAC", "346": "BMAC", "347": "BMAC", "348": "BMAC", "349": "BMAC", "350": "BMAC", "351": "BMAC", "352": "BMAC", "353": "BMAC", "354": "BMAC", "355": "BMAC", "356": "BMAC", "357": "BMAC", "358": "BMAC", "359": "BMAC", "360": "BMAC", "361": "BMAC", "362": "BMAC", "363": "BMAC", "364": "BMAC", "365": "BMAC", "366": "BMAC", "367": "BMAC", "368": "BMAC", "369": "BMAC", "370": "BMAC", "371": "BMAC", "372": "BMAC", "373": "BMAC", "374": "BMAC", "375": "BMAC", "376": "BMAC", "377": "BMAC", "378": "BMAC", "379": "BMAC", "380": "BMAC", "381": "BMAC", "382": "BMAC", "383": "BMAC", "384": "BMAC", "385": "BMAC", "386": "BMAC", "387": "BMAC", "388": "BMAC", "389": "BMAC", "390": "BMAC", "391": "BMAC", "392": "BMAC", "393": "BMAC", "394": "BMAC", "395": "BMAC", "396": "BMAC", "397": "BMAC", "398": "BMAC", "399": "BMAC", "400": "BMAC", "401": "BMAC", "402": "BMAC", "403": "BMAC", "404": "BMAC", "405": "BMAC", "406": "BMAC", "407": "BMAC"}, "date": {"0": "2021-11-12", "1": "2021-11-15", "2": "2021-11-16", "3": "2021-11-17", "4": "2021-11-18", "5": "2021-11-19", "6": "2021-11-22", "7": "2021-11-23", "8": "2021-11-24", "9": "2021-11-26", "10": "2021-11-29", "11": "2021-11-30", "12": "2021-12-01", "13": "2021-12-02", "14": "2021-12-03", "15": "2021-12-06", "16": "2021-12-07", "17": "2021-12-08", "18": "2021-12-09", "19": "2021-12-10", "20": "2021-12-13", "21": "2021-12-14", "22": "2021-12-15", "23": "2021-12-16", "24": "2021-12-17", "25": "2021-12-20", "26": "2021-12-21", "27": "2021-12-22", "28": "2021-12-23", "29": "2021-12-27", "30": "2021-12-28", "31": "2021-12-29", "32": "2021-12-30", "33": "2021-12-31", "34": "2022-01-03", "35": "2022-01-04", "36": "2022-01-05", "37": "2022-01-06", "38": "2022-01-07", "39": "2022-01-10", "40": "2022-01-11", "41": "2022-01-12", "42": "2022-01-13", "43": "2022-01-14", "44": "2022-01-18", "45": "2022-01-19", "46": "2022-01-20", "47": "2022-01-21", "48": "2022-01-24", "49": "2022-01-25", "50": "2022-01-26", "51": "2022-01-27", "52": "2022-01-28", "53": "2022-01-31", "54": "2022-02-01", "55": "2022-02-02", "56": "2022-02-03", "57": "2022-02-04", "58": "2022-02-07", "59": "2022-02-08", "60": "2022-02-09", "61": "2022-02-10", "62": "2022-02-11", "63": "2022-02-14", "64": "2022-02-15", "65": "2022-02-16", "66": "2022-02-17", "67": "2022-02-18", "68": "2022-02-22", "69": "2022-02-23", "70": "2022-02-24", "71": "2022-02-25", "72": "2022-02-28", "73": "2022-03-01", "74": "2022-03-02", "75": "2022-03-03", "76": "2022-03-04", "77": "2022-03-07", "78": "2022-03-08", "79": "2022-03-09", "80": "2022-03-10", "81": "2022-03-11", "82": "2022-03-14", "83": "2022-03-15", "84": "2022-03-16", "85": "2022-03-17", "86": "2022-03-18", "87": "2022-03-21", "88": "2022-03-22", "89": "2022-03-23", "90": "2022-03-24", "91": "2022-03-25", "92": "2022-03-28", "93": "2022-03-29", "94": "2022-03-30", "95": "2022-03-31", "96": "2022-04-01", "97": "2022-04-04", "98": "2022-04-05", "99": "2022-04-06", "100": "2022-04-07", "101": "2022-04-08", "102": "2022-04-11", "103": "2022-04-12", "104": "2022-04-13", "105": "2022-04-14", "106": "2022-04-18", "107": "2022-04-19", "108": "2022-04-20", "109": "2022-04-21", "110": "2022-04-22", "111": "2022-04-25", "112": "2022-04-26", "113": "2022-04-27", "114": "2022-04-28", "115": "2022-04-29", "116": "2022-05-02", "117": "2022-05-03", "118": "2022-05-04", "119": "2022-05-05", "120": "2022-05-06", "121": "2022-05-09", "122": "2022-05-10", "123": "2022-05-11", "124": "2022-05-12", "125": "2022-05-13", "126": "2022-05-16", "127": "2022-05-17", "128": "2022-05-18", "129": "2022-05-19", "130": "2022-05-20", "131": "2022-05-23", "132": "2022-05-24", "133": "2022-05-25", "134": "2022-05-26", "135": "2022-05-27", "136": "2022-05-31", "137": "2022-06-01", "138": "2022-06-02", "139": "2022-06-03", "140": "2022-06-06", "141": "2022-06-07", "142": "2022-06-08", "143": "2022-06-09", "144": "2022-06-10", "145": "2022-06-13", "146": "2022-06-14", "147": "2022-06-15", "148": "2022-06-16", "149": "2022-06-17", "150": "2022-06-21", "151": "2022-06-22", "152": "2022-06-23", "153": "2022-06-24", "154": "2022-06-27", "155": "2022-06-28", "156": "2022-06-29", "157": "2022-06-30", "158": "2022-07-01", "159": "2022-07-05", "160": "2022-07-06", "161": "2022-07-07", "162": "2022-07-08", "163": "2022-07-11", "164": "2022-07-12", "165": "2022-07-13", "166": "2022-07-14", "167": "2022-07-15", "168": "2022-07-18", "169": "2022-07-19", "170": "2022-07-20", "171": "2022-07-21", "172": "2022-07-22", "173": "2022-07-25", "174": "2022-07-26", "175": "2022-07-27", "176": "2022-07-28", "177": "2022-07-29", "178": "2022-08-01", "179": "2022-08-02", "180": "2022-08-03", "181": "2022-08-04", "182": "2022-08-05", "183": "2022-08-08", "184": "2022-08-09", "185": "2022-08-10", "186": "2022-08-11", "187": "2022-08-12", "188": "2022-08-15", "189": "2022-08-16", "190": "2022-08-17", "191": "2022-08-18", "192": "2022-08-19", "193": "2022-08-22", "194": "2022-08-23", "195": "2022-08-24", "196": "2022-08-25", "197": "2022-08-26", "198": "2022-08-29", "199": "2022-08-30", "200": "2022-08-31", "201": "2022-09-01", "202": "2022-09-02", "203": "2022-09-06", "204": "2022-09-07", "205": "2022-09-08", "206": "2022-09-09", "207": "2022-09-12", "208": "2022-09-13", "209": "2022-09-14", "210": "2022-09-15", "211": "2022-09-16", "212": "2022-09-19", "213": "2022-09-20", "214": "2022-09-21", "215": "2022-09-22", "216": "2022-09-23", "217": "2022-09-26", "218": "2022-09-27", "219": "2022-09-28", "220": "2022-09-29", "221": "2022-09-30", "222": "2022-10-03", "223": "2022-10-04", "224": "2022-10-05", "225": "2022-10-06", "226": "2022-10-07", "227": "2022-10-10", "228": "2022-10-11", "229": "2022-10-12", "230": "2022-10-13", "231": "2022-10-14", "232": "2022-10-17", "233": "2022-10-18", "234": "2022-10-19", "235": "2022-10-20", "236": "2022-10-21", "237": "2022-10-24", "238": "2022-10-25", "239": "2022-10-26", "240": "2022-10-27", "241": "2022-10-28", "242": "2022-10-31", "243": "2022-11-01", "244": "2022-11-02", "245": "2022-11-03", "246": "2022-11-04", "247": "2022-11-07", "248": "2022-11-08", "249": "2022-11-09", "250": "2022-11-10", "251": "2022-11-11", "252": "2022-11-14", "253": "2022-11-15", "254": "2022-11-16", "255": "2022-11-17", "256": "2022-11-18", "257": "2022-11-21", "258": "2022-11-22", "259": "2022-11-23", "260": "2022-11-25", "261": "2022-11-28", "262": "2022-11-29", "263": "2022-11-30", "264": "2022-12-01", "265": "2022-12-02", "266": "2022-12-05", "267": "2022-12-06", "268": "2022-12-07", "269": "2022-12-08", "270": "2022-12-09", "271": "2022-12-12", "272": "2022-12-13", "273": "2022-12-14", "274": "2022-12-15", "275": "2022-12-16", "276": "2022-12-19", "277": "2022-12-20", "278": "2022-12-21", "279": "2022-12-22", "280": "2022-12-23", "281": "2022-12-27", "282": "2022-12-28", "283": "2022-12-29", "284": "2022-12-30", "285": "2023-01-03", "286": "2023-01-04", "287": "2023-01-05", "288": "2023-01-06", "289": "2023-01-09", "290": "2023-01-10", "291": "2023-01-11", "292": "2023-01-12", "293": "2023-01-13", "294": "2023-01-17", "295": "2023-01-18", "296": "2023-01-19", "297": "2023-01-20", "298": "2023-01-23", "299": "2023-01-24", "300": "2023-01-25", "301": "2023-01-26", "302": "2023-01-27", "303": "2023-01-30", "304": "2023-01-31", "305": "2023-02-01", "306": "2023-02-02", "307": "2023-02-03", "308": "2023-02-06", "309": "2023-02-07", "310": "2023-02-08", "311": "2023-02-09", "312": "2023-02-10", "313": "2023-02-13", "314": "2023-02-14", "315": "2023-02-15", "316": "2023-02-16", "317": "2023-02-17", "318": "2023-02-21", "319": "2023-02-22", "320": "2023-02-23", "321": "2023-02-24", "322": "2023-02-27", "323": "2023-02-28", "324": "2023-03-01", "325": "2023-03-02", "326": "2023-03-03", "327": "2023-03-06", "328": "2023-03-07", "329": "2023-03-08", "330": "2023-03-09", "331": "2023-03-10", "332": "2023-03-13", "333": "2023-03-14", "334": "2023-03-15", "335": "2023-03-16", "336": "2023-03-17", "337": "2023-03-20", "338": "2023-03-21", "339": "2023-03-22", "340": "2023-03-23", "341": "2023-03-24", "342": "2023-03-27", "343": "2023-03-28", "344": "2023-03-29", "345": "2023-03-30", "346": "2023-03-31", "347": "2023-04-03", "348": "2023-04-04", "349": "2023-04-05", "350": "2023-04-06", "351": "2023-04-10", "352": "2023-04-11", "353": "2023-04-12", "354": "2023-04-13", "355": "2023-04-14", "356": "2023-04-17", "357": "2023-04-18", "358": "2023-04-19", "359": "2023-04-20", "360": "2023-04-21", "361": "2023-04-24", "362": "2023-04-25", "363": "2023-04-26", "364": "2023-04-27", "365": "2023-04-28", "366": "2023-05-01", "367": "2023-05-02", "368": "2023-05-03", "369": "2023-05-04", "370": "2023-05-05", "371": "2023-05-08", "372": "2023-05-09", "373": "2023-05-10", "374": "2023-05-11", "375": "2023-05-12", "376": "2023-05-15", "377": "2023-05-16", "378": "2023-05-17", "379": "2023-05-18", "380": "2023-05-19", "381": "2023-05-22", "382": "2023-05-23", "383": "2023-05-24", "384": "2023-05-25", "385": "2023-05-26", "386": "2023-05-30", "387": "2023-05-31", "388": "2023-06-01", "389": "2023-06-02", "390": "2023-06-05", "391": "2023-06-06", "392": "2023-06-07", "393": "2023-06-08", "394": "2023-06-09", "395": "2023-06-12", "396": "2023-06-13", "397": "2023-06-14", "398": "2023-06-15", "399": "2023-06-16", "400": "2023-06-20", "401": "2023-06-21", "402": "2023-06-22", "403": "2023-06-23", "404": "2023-06-26", "405": "2023-06-27", "406": "2023-06-28", "407": "2023-06-29"}, "open": {"0": 9.899999618530273, "1": 9.859999656677246, "2": 9.864999771118164, "3": 9.880000114440918, "4": 9.899999618530273, "5": 9.760000228881836, "6": 9.899999618530273, "7": 9.899999618530273, "8": 9.899999618530273, "9": 9.90999984741211, "10": 9.899999618530273, "11": 9.892000198364258, "12": 9.899999618530273, "13": 9.90999984741211, "14": 9.899999618530273, "15": 9.90999984741211, "16": 9.880000114440918, "17": 9.869999885559082, "18": 9.869999885559082, "19": 9.869999885559082, "20": 9.850000381469727, "21": 9.869999885559082, "22": 9.859999656677246, "23": 9.861000061035156, "24": 9.850000381469727, "25": 9.84000015258789, "26": 9.850000381469727, "27": 9.819999694824219, "28": 9.859999656677246, "29": 9.84000015258789, "30": 9.859999656677246, "31": 9.84000015258789, "32": 9.84000015258789, "33": 9.829999923706055, "34": 9.84000015258789, "35": 9.84000015258789, "36": 9.84000015258789, "37": 9.859999656677246, "38": 9.850000381469727, "39": 9.859999656677246, "40": 9.859999656677246, "41": 9.859999656677246, "42": 9.859999656677246, "43": 9.859999656677246, "44": 9.859999656677246, "45": 9.859999656677246, "46": 9.859999656677246, "47": 9.859999656677246, "48": 9.829999923706055, "49": 9.859999656677246, "50": 9.84000015258789, "51": 9.829999923706055, "52": 9.829999923706055, "53": 9.84000015258789, "54": 9.869999885559082, "55": 9.869999885559082, "56": 9.869999885559082, "57": 9.869999885559082, "58": 9.869999885559082, "59": 9.869999885559082, "60": 9.869999885559082, "61": 9.850000381469727, "62": 9.850000381469727, "63": 9.960000038146973, "64": 9.920000076293945, "65": 9.920000076293945, "66": 9.920000076293945, "67": 9.869999885559082, "68": 9.850000381469727, "69": 9.850000381469727, "70": 9.850000381469727, "71": 9.850000381469727, "72": 9.850000381469727, "73": 9.890000343322754, "74": 9.859999656677246, "75": 9.960000038146973, "76": 9.960000038146973, "77": 9.90999984741211, "78": 9.90999984741211, "79": 9.925000190734863, "80": 9.920000076293945, "81": 9.949999809265137, "82": 9.9399995803833, "83": 9.9399995803833, "84": 9.930000305175781, "85": 9.920000076293945, "86": 9.920000076293945, "87": 9.9399995803833, "88": 9.930000305175781, "89": 9.9399995803833, "90": 9.930000305175781, "91": 9.930000305175781, "92": 9.9399995803833, "93": 9.944999694824219, "94": 9.960000038146973, "95": 9.944999694824219, "96": 9.90999984741211, "97": 9.960000038146973, "98": 9.90999984741211, "99": 9.9350004196167, "100": 9.949999809265137, "101": 9.9350004196167, "102": 9.9399995803833, "103": 9.9399995803833, "104": 9.949999809265137, "105": 9.949999809265137, "106": 9.960000038146973, "107": 9.970000267028809, "108": 9.960000038146973, "109": 10.010000228881836, "110": 9.979999542236328, "111": 9.989999771118164, "112": 9.989999771118164, "113": 9.970000267028809, "114": 9.975000381469727, "115": 9.960000038146973, "116": 9.960000038146973, "117": 9.949999809265137, "118": 9.954999923706055, "119": 9.960000038146973, "120": 9.949999809265137, "121": 9.944000244140625, "122": 9.930000305175781, "123": 9.9399995803833, "124": 9.930000305175781, "125": 9.890000343322754, "126": 9.880000114440918, "127": 9.880000114440918, "128": 9.904999732971191, "129": 9.904999732971191, "130": 9.904999732971191, "131": 9.904999732971191, "132": 9.920000076293945, "133": 9.920000076293945, "134": 9.9399995803833, "135": 9.960000038146973, "136": 9.920000076293945, "137": 9.930000305175781, "138": 9.960000038146973, "139": 9.920000076293945, "140": 9.960000038146973, "141": 9.930000305175781, "142": 9.930000305175781, "143": 9.949999809265137, "144": 9.949999809265137, "145": 9.949999809265137, "146": 9.949999809265137, "147": 9.949999809265137, "148": 9.9399995803833, "149": 9.9399995803833, "150": 9.949999809265137, "151": 9.9399995803833, "152": 9.960000038146973, "153": 9.949999809265137, "154": 9.960000038146973, "155": 9.960000038146973, "156": 9.960000038146973, "157": 9.949999809265137, "158": 9.960000038146973, "159": 9.949999809265137, "160": 9.989999771118164, "161": 9.979999542236328, "162": 9.960000038146973, "163": 9.949999809265137, "164": 9.949999809265137, "165": 9.949999809265137, "166": 9.949999809265137, "167": 9.949999809265137, "168": 10.0, "169": 10.010000228881836, "170": 9.979999542236328, "171": 9.970000267028809, "172": 9.970000267028809, "173": 9.979999542236328, "174": 9.979999542236328, "175": 9.984999656677246, "176": 9.979999542236328, "177": 9.989999771118164, "178": 9.970000267028809, "179": 10.0, "180": 10.0, "181": 10.010000228881836, "182": 10.015000343322754, "183": 10.020000457763672, "184": 10.029999732971191, "185": 10.029999732971191, "186": 10.029999732971191, "187": 10.039999961853027, "188": 10.0, "189": 10.020000457763672, "190": 10.0, "191": 9.960000038146973, "192": 9.989999771118164, "193": 9.989999771118164, "194": 9.989999771118164, "195": 9.979999542236328, "196": 9.979999542236328, "197": 9.979999542236328, "198": 9.949999809265137, "199": 9.979999542236328, "200": 9.979999542236328, "201": 9.979999542236328, "202": 9.979999542236328, "203": 9.979999542236328, "204": 9.979999542236328, "205": 9.989999771118164, "206": 10.020000457763672, "207": 9.979999542236328, "208": 9.979999542236328, "209": 10.020000457763672, "210": 10.0, "211": 10.0, "212": 9.989999771118164, "213": 10.010000228881836, "214": 10.010000228881836, "215": 10.010000228881836, "216": 10.029999732971191, "217": 9.930000305175781, "218": 9.989999771118164, "219": 10.020000457763672, "220": 10.029999732971191, "221": 10.029999732971191, "222": 10.029999732971191, "223": 10.029999732971191, "224": 10.029999732971191, "225": 10.029999732971191, "226": 10.029999732971191, "227": 10.029999732971191, "228": 10.039999961853027, "229": 10.029999732971191, "230": 10.029999732971191, "231": 10.029999732971191, "232": 10.039999961853027, "233": 10.029999732971191, "234": 10.029999732971191, "235": 10.029999732971191, "236": 10.029999732971191, "237": 10.029999732971191, "238": 10.029999732971191, "239": 10.050000190734863, "240": 10.0600004196167, "241": 10.0600004196167, "242": 10.0600004196167, "243": 10.0600004196167, "244": 10.0600004196167, "245": 10.100000381469727, "246": 10.0600004196167, "247": 10.085000038146973, "248": 10.085000038146973, "249": 10.085000038146973, "250": 10.0600004196167, "251": 10.0600004196167, "252": 10.0600004196167, "253": 10.085000038146973, "254": 10.085000038146973, "255": 10.069999694824219, "256": 10.069999694824219, "257": 10.069999694824219, "258": 10.069999694824219, "259": 10.109999656677246, "260": 10.109999656677246, "261": 10.09000015258789, "262": 10.085000038146973, "263": 10.100000381469727, "264": 10.100000381469727, "265": 10.119999885559082, "266": 10.104999542236328, "267": 10.135000228881836, "268": 10.149999618530273, "269": 10.149999618530273, "270": 10.149999618530273, "271": 10.149999618530273, "272": 10.149999618530273, "273": 10.149999618530273, "274": 10.1899995803833, "275": 10.210000038146973, "276": 10.130000114440918, "277": 10.130000114440918, "278": 10.130000114440918, "279": 10.130000114440918, "280": 10.130000114440918, "281": 10.180000305175781, "282": 10.180000305175781, "283": 10.25, "284": 10.199999809265137, "285": 10.199999809265137, "286": 10.199999809265137, "287": 10.220000267028809, "288": 10.220000267028809, "289": 10.270000457763672, "290": 10.229999542236328, "291": 10.239999771118164, "292": 10.239999771118164, "293": 10.239999771118164, "294": 10.279999732971191, "295": 10.279999732971191, "296": 10.25, "297": 10.270000457763672, "298": 10.260000228881836, "299": 10.260000228881836, "300": 10.260000228881836, "301": 10.260000228881836, "302": 10.260000228881836, "303": 10.279999732971191, "304": 10.289999961853027, "305": 10.279999732971191, "306": 10.28499984741211, "307": 10.289999961853027, "308": 10.300000190734863, "309": 10.279999732971191, "310": 10.300000190734863, "311": 10.3100004196167, "312": 10.3100004196167, "313": 10.300000190734863, "314": 10.300000190734863, "315": 10.300000190734863, "316": 10.300000190734863, "317": 10.300000190734863, "318": 10.300000190734863, "319": 10.300000190734863, "320": 10.300000190734863, "321": 10.329999923706055, "322": 10.34000015258789, "323": 10.319999694824219, "324": 10.329999923706055, "325": 10.329999923706055, "326": 10.329999923706055, "327": 10.350000381469727, "328": 10.350000381469727, "329": 10.34000015258789, "330": 10.350000381469727, "331": 10.350000381469727, "332": 10.609999656677246, "333": 10.359999656677246, "334": 10.350000381469727, "335": 10.350000381469727, "336": 10.359999656677246, "337": 10.359999656677246, "338": 10.369999885559082, "339": 10.359999656677246, "340": 10.359999656677246, "341": 10.359999656677246, "342": 10.369999885559082, "343": 10.380000114440918, "344": 10.470000267028809, "345": 10.390000343322754, "346": 10.390000343322754, "347": 10.390000343322754, "348": 10.390000343322754, "349": 10.399999618530273, "350": 10.399999618530273, "351": 10.395000457763672, "352": 10.399999618530273, "353": 10.420000076293945, "354": 10.449999809265137, "355": 10.428999900817871, "356": 10.420999526977539, "357": 10.420000076293945, "358": 10.40999984741211, "359": 10.40999984741211, "360": 10.4399995803833, "361": 10.4399995803833, "362": 10.420000076293945, "363": 10.430000305175781, "364": 10.425000190734863, "365": 10.420000076293945, "366": 10.4399995803833, "367": 10.4399995803833, "368": 10.449999809265137, "369": 10.449999809265137, "370": 10.449999809265137, "371": 10.569999694824219, "372": 10.449999809265137, "373": 10.449999809265137, "374": 10.449999809265137, "375": 10.449999809265137, "376": 10.489999771118164, "377": 10.489999771118164, "378": 10.489999771118164, "379": 10.489999771118164, "380": 10.489999771118164, "381": 10.489999771118164, "382": 10.550000190734863, "383": 10.470000267028809, "384": 10.529999732971191, "385": 10.529999732971191, "386": 10.529999732971191, "387": 10.550000190734863, "388": 10.550000190734863, "389": 10.550000190734863, "390": 10.550000190734863, "391": 10.550000190734863, "392": 10.550000190734863, "393": 10.600000381469727, "394": 10.569999694824219, "395": 10.5600004196167, "396": 10.550000190734863, "397": 10.529999732971191, "398": 10.550000190734863, "399": 10.550000190734863, "400": 10.5600004196167, "401": 10.670000076293945, "402": 10.550000190734863, "403": 10.569999694824219, "404": 10.569999694824219, "405": 10.579999923706055, "406": 10.579999923706055, "407": 10.59000015258789}, "high": {"0": 9.90999984741211, "1": 9.880000114440918, "2": 9.890000343322754, "3": 9.899999618530273, "4": 9.899999618530273, "5": 9.899999618530273, "6": 9.899999618530273, "7": 9.899999618530273, "8": 9.899999618530273, "9": 9.90999984741211, "10": 9.90999984741211, "11": 9.899999618530273, "12": 9.899999618530273, "13": 9.90999984741211, "14": 9.899999618530273, "15": 9.90999984741211, "16": 9.890000343322754, "17": 9.880000114440918, "18": 9.890000343322754, "19": 9.890000343322754, "20": 9.890000343322754, "21": 9.869999885559082, "22": 9.880000114440918, "23": 9.869999885559082, "24": 9.869999885559082, "25": 9.890000343322754, "26": 9.859999656677246, "27": 9.890000343322754, "28": 9.859999656677246, "29": 9.84000015258789, "30": 9.859999656677246, "31": 9.84000015258789, "32": 9.84000015258789, "33": 9.829999923706055, "34": 9.890000343322754, "35": 9.850000381469727, "36": 9.84000015258789, "37": 9.859999656677246, "38": 9.850000381469727, "39": 9.859999656677246, "40": 9.859999656677246, "41": 9.859999656677246, "42": 9.859999656677246, "43": 9.859999656677246, "44": 9.859999656677246, "45": 9.859999656677246, "46": 9.859999656677246, "47": 9.859999656677246, "48": 9.880000114440918, "49": 9.859999656677246, "50": 9.84000015258789, "51": 9.859999656677246, "52": 9.829999923706055, "53": 9.869999885559082, "54": 9.869999885559082, "55": 9.869999885559082, "56": 9.869999885559082, "57": 9.869999885559082, "58": 9.869999885559082, "59": 9.869999885559082, "60": 9.869999885559082, "61": 9.850000381469727, "62": 9.850000381469727, "63": 9.960000038146973, "64": 9.920000076293945, "65": 9.920000076293945, "66": 9.920000076293945, "67": 9.869999885559082, "68": 9.850000381469727, "69": 9.850000381469727, "70": 9.850000381469727, "71": 9.850000381469727, "72": 9.899999618530273, "73": 9.960000038146973, "74": 9.960000038146973, "75": 9.960000038146973, "76": 9.970000267028809, "77": 9.90999984741211, "78": 9.90999984741211, "79": 9.925000190734863, "80": 9.920000076293945, "81": 9.954999923706055, "82": 9.9399995803833, "83": 9.9399995803833, "84": 9.930000305175781, "85": 9.920000076293945, "86": 9.920000076293945, "87": 9.9399995803833, "88": 9.930000305175781, "89": 9.9399995803833, "90": 9.930000305175781, "91": 9.930000305175781, "92": 9.9399995803833, "93": 9.949999809265137, "94": 9.960000038146973, "95": 9.944999694824219, "96": 9.960000038146973, "97": 9.960000038146973, "98": 9.949999809265137, "99": 9.9399995803833, "100": 9.949999809265137, "101": 9.949999809265137, "102": 9.9399995803833, "103": 9.954999923706055, "104": 9.949999809265137, "105": 9.949999809265137, "106": 9.979999542236328, "107": 9.970000267028809, "108": 9.960000038146973, "109": 10.010000228881836, "110": 9.984999656677246, "111": 9.994999885559082, "112": 9.989999771118164, "113": 9.970000267028809, "114": 10.0, "115": 9.979999542236328, "116": 9.979999542236328, "117": 9.960000038146973, "118": 9.979999542236328, "119": 9.960000038146973, "120": 9.949999809265137, "121": 9.949999809265137, "122": 9.944999694824219, "123": 9.944999694824219, "124": 9.930000305175781, "125": 9.9399995803833, "126": 9.904999732971191, "127": 9.904999732971191, "128": 9.904999732971191, "129": 9.904999732971191, "130": 9.904999732971191, "131": 9.904999732971191, "132": 9.9399995803833, "133": 9.960000038146973, "134": 9.9399995803833, "135": 9.960000038146973, "136": 9.960000038146973, "137": 9.930000305175781, "138": 9.960000038146973, "139": 9.960000038146973, "140": 9.960000038146973, "141": 9.930000305175781, "142": 9.930000305175781, "143": 9.960000038146973, "144": 9.949999809265137, "145": 9.960000038146973, "146": 9.949999809265137, "147": 9.949999809265137, "148": 9.9399995803833, "149": 9.9399995803833, "150": 9.960000038146973, "151": 9.960000038146973, "152": 9.960000038146973, "153": 9.960000038146973, "154": 9.970000267028809, "155": 9.960000038146973, "156": 9.960000038146973, "157": 9.960000038146973, "158": 9.960000038146973, "159": 9.975000381469727, "160": 9.989999771118164, "161": 9.979999542236328, "162": 9.960000038146973, "163": 9.949999809265137, "164": 9.949999809265137, "165": 9.949999809265137, "166": 9.960000038146973, "167": 9.970000267028809, "168": 10.0, "169": 10.010000228881836, "170": 9.979999542236328, "171": 9.975000381469727, "172": 9.989999771118164, "173": 9.989999771118164, "174": 9.984999656677246, "175": 10.0, "176": 10.0, "177": 9.989999771118164, "178": 10.010000228881836, "179": 10.0, "180": 10.020000457763672, "181": 10.015000343322754, "182": 10.029999732971191, "183": 10.0649995803833, "184": 10.029999732971191, "185": 10.029999732971191, "186": 10.029999732971191, "187": 10.039999961853027, "188": 10.039999961853027, "189": 10.020000457763672, "190": 10.010000228881836, "191": 10.029999732971191, "192": 9.989999771118164, "193": 9.989999771118164, "194": 9.989999771118164, "195": 9.979999542236328, "196": 9.979999542236328, "197": 9.979999542236328, "198": 10.0, "199": 10.010000228881836, "200": 9.979999542236328, "201": 9.994999885559082, "202": 9.979999542236328, "203": 9.979999542236328, "204": 9.989999771118164, "205": 9.989999771118164, "206": 10.029999732971191, "207": 10.010000228881836, "208": 10.010000228881836, "209": 10.020000457763672, "210": 10.0, "211": 10.0, "212": 10.0, "213": 10.010000228881836, "214": 10.010000228881836, "215": 10.010000228881836, "216": 10.029999732971191, "217": 10.029999732971191, "218": 10.010000228881836, "219": 10.029999732971191, "220": 10.039999961853027, "221": 10.029999732971191, "222": 10.029999732971191, "223": 10.029999732971191, "224": 10.029999732971191, "225": 10.029999732971191, "226": 10.029999732971191, "227": 10.029999732971191, "228": 10.039999961853027, "229": 10.029999732971191, "230": 10.029999732971191, "231": 10.029999732971191, "232": 10.050000190734863, "233": 10.029999732971191, "234": 10.029999732971191, "235": 10.029999732971191, "236": 10.029999732971191, "237": 10.029999732971191, "238": 10.029999732971191, "239": 10.0600004196167, "240": 10.0600004196167, "241": 10.0600004196167, "242": 10.0600004196167, "243": 10.085000038146973, "244": 10.0600004196167, "245": 10.109999656677246, "246": 10.085000038146973, "247": 10.085000038146973, "248": 10.085000038146973, "249": 10.085000038146973, "250": 10.0600004196167, "251": 10.0600004196167, "252": 10.0600004196167, "253": 10.085000038146973, "254": 10.085000038146973, "255": 10.069999694824219, "256": 10.069999694824219, "257": 10.069999694824219, "258": 10.069999694824219, "259": 10.109999656677246, "260": 10.109999656677246, "261": 10.09000015258789, "262": 10.100000381469727, "263": 10.100000381469727, "264": 10.130000114440918, "265": 10.119999885559082, "266": 10.119999885559082, "267": 10.156999588012695, "268": 10.149999618530273, "269": 10.149999618530273, "270": 10.149999618530273, "271": 10.149999618530273, "272": 10.149999618530273, "273": 10.149999618530273, "274": 10.1899995803833, "275": 10.210000038146973, "276": 10.130000114440918, "277": 10.130000114440918, "278": 10.130000114440918, "279": 10.130000114440918, "280": 10.130000114440918, "281": 10.1899995803833, "282": 10.239999771118164, "283": 10.25, "284": 10.199999809265137, "285": 10.199999809265137, "286": 10.210000038146973, "287": 10.220000267028809, "288": 10.229999542236328, "289": 10.270000457763672, "290": 10.229999542236328, "291": 10.260000228881836, "292": 10.239999771118164, "293": 10.239999771118164, "294": 10.279999732971191, "295": 10.279999732971191, "296": 10.260000228881836, "297": 10.270000457763672, "298": 10.279999732971191, "299": 10.260000228881836, "300": 10.270000457763672, "301": 10.260000228881836, "302": 10.289999961853027, "303": 10.279999732971191, "304": 10.289999961853027, "305": 10.279999732971191, "306": 10.289999961853027, "307": 10.300000190734863, "308": 10.305000305175781, "309": 10.300000190734863, "310": 10.300000190734863, "311": 10.3100004196167, "312": 10.3100004196167, "313": 10.3100004196167, "314": 10.300000190734863, "315": 10.300000190734863, "316": 10.300000190734863, "317": 10.300000190734863, "318": 10.300000190734863, "319": 10.300000190734863, "320": 10.300000190734863, "321": 10.329999923706055, "322": 10.34000015258789, "323": 10.319999694824219, "324": 10.329999923706055, "325": 10.34000015258789, "326": 10.34000015258789, "327": 10.5600004196167, "328": 10.520000457763672, "329": 10.539999961853027, "330": 10.359999656677246, "331": 10.359999656677246, "332": 10.609999656677246, "333": 10.54800033569336, "334": 10.350000381469727, "335": 10.350000381469727, "336": 10.359999656677246, "337": 10.359999656677246, "338": 10.369999885559082, "339": 10.359999656677246, "340": 10.359999656677246, "341": 10.359999656677246, "342": 10.4399995803833, "343": 10.399999618530273, "344": 10.470000267028809, "345": 10.390000343322754, "346": 10.390000343322754, "347": 10.399999618530273, "348": 10.399999618530273, "349": 10.399999618530273, "350": 10.399999618530273, "351": 10.399999618530273, "352": 10.449999809265137, "353": 10.449999809265137, "354": 10.449999809265137, "355": 10.430000305175781, "356": 10.430000305175781, "357": 10.420000076293945, "358": 10.4399995803833, "359": 10.430000305175781, "360": 10.4399995803833, "361": 10.4399995803833, "362": 10.42300033569336, "363": 10.430000305175781, "364": 10.425000190734863, "365": 10.4399995803833, "366": 10.4399995803833, "367": 10.4399995803833, "368": 10.449999809265137, "369": 10.449999809265137, "370": 10.449999809265137, "371": 10.569999694824219, "372": 10.449999809265137, "373": 10.449999809265137, "374": 10.449999809265137, "375": 10.449999809265137, "376": 10.489999771118164, "377": 10.489999771118164, "378": 10.489999771118164, "379": 10.489999771118164, "380": 10.489999771118164, "381": 10.489999771118164, "382": 10.550000190734863, "383": 11.045000076293945, "384": 10.529999732971191, "385": 10.550000190734863, "386": 10.550000190734863, "387": 10.5600004196167, "388": 10.555000305175781, "389": 10.5600004196167, "390": 10.550000190734863, "391": 10.550000190734863, "392": 10.550000190734863, "393": 10.600000381469727, "394": 10.569999694824219, "395": 10.5600004196167, "396": 10.550000190734863, "397": 10.550000190734863, "398": 10.550000190734863, "399": 10.550000190734863, "400": 10.569999694824219, "401": 10.670000076293945, "402": 10.550000190734863, "403": 10.569999694824219, "404": 10.579999923706055, "405": 10.579999923706055, "406": 10.593000411987305, "407": 10.600000381469727}, "low": {"0": 9.850000381469727, "1": 9.829999923706055, "2": 9.850000381469727, "3": 9.859999656677246, "4": 9.869999885559082, "5": 9.760000228881836, "6": 9.885000228881836, "7": 9.880000114440918, "8": 9.899999618530273, "9": 9.89900016784668, "10": 9.880000114440918, "11": 9.880000114440918, "12": 9.859999656677246, "13": 9.880000114440918, "14": 9.880000114440918, "15": 9.880000114440918, "16": 9.869999885559082, "17": 9.859999656677246, "18": 9.869999885559082, "19": 9.859999656677246, "20": 9.850000381469727, "21": 9.84000015258789, "22": 9.829999923706055, "23": 9.829999923706055, "24": 9.819999694824219, "25": 9.829999923706055, "26": 9.850000381469727, "27": 9.819999694824219, "28": 9.859999656677246, "29": 9.84000015258789, "30": 9.84000015258789, "31": 9.829999923706055, "32": 9.829999923706055, "33": 9.829999923706055, "34": 9.829999923706055, "35": 9.829999923706055, "36": 9.84000015258789, "37": 9.829999923706055, "38": 9.850000381469727, "39": 9.859999656677246, "40": 9.859999656677246, "41": 9.859999656677246, "42": 9.859999656677246, "43": 9.859999656677246, "44": 9.859999656677246, "45": 9.859999656677246, "46": 9.859999656677246, "47": 9.859999656677246, "48": 9.829999923706055, "49": 9.829999923706055, "50": 9.829999923706055, "51": 9.829999923706055, "52": 9.829999923706055, "53": 9.84000015258789, "54": 9.869999885559082, "55": 9.869999885559082, "56": 9.869999885559082, "57": 9.869999885559082, "58": 9.869999885559082, "59": 9.869999885559082, "60": 9.869999885559082, "61": 9.84000015258789, "62": 9.850000381469727, "63": 9.91100025177002, "64": 9.920000076293945, "65": 9.920000076293945, "66": 9.920000076293945, "67": 9.850000381469727, "68": 9.850000381469727, "69": 9.850000381469727, "70": 9.850000381469727, "71": 9.850000381469727, "72": 9.850000381469727, "73": 9.890000343322754, "74": 9.859999656677246, "75": 9.960000038146973, "76": 9.90999984741211, "77": 9.90999984741211, "78": 9.90999984741211, "79": 9.920000076293945, "80": 9.920000076293945, "81": 9.930000305175781, "82": 9.9399995803833, "83": 9.9399995803833, "84": 9.920000076293945, "85": 9.920000076293945, "86": 9.920000076293945, "87": 9.930000305175781, "88": 9.930000305175781, "89": 9.930000305175781, "90": 9.930000305175781, "91": 9.930000305175781, "92": 9.9399995803833, "93": 9.944999694824219, "94": 9.960000038146973, "95": 9.930000305175781, "96": 9.90999984741211, "97": 9.930000305175781, "98": 9.90999984741211, "99": 9.90999984741211, "100": 9.949999809265137, "101": 9.925000190734863, "102": 9.9399995803833, "103": 9.920000076293945, "104": 9.920000076293945, "105": 9.9399995803833, "106": 9.960000038146973, "107": 9.970000267028809, "108": 9.960000038146973, "109": 9.960000038146973, "110": 9.960000038146973, "111": 9.989999771118164, "112": 9.989999771118164, "113": 9.970000267028809, "114": 9.949999809265137, "115": 9.949999809265137, "116": 9.949999809265137, "117": 9.9399995803833, "118": 9.949999809265137, "119": 9.9399995803833, "120": 9.930000305175781, "121": 9.9399995803833, "122": 9.930000305175781, "123": 9.9399995803833, "124": 9.90999984741211, "125": 9.880000114440918, "126": 9.880000114440918, "127": 9.880000114440918, "128": 9.904999732971191, "129": 9.904999732971191, "130": 9.904999732971191, "131": 9.904999732971191, "132": 9.920000076293945, "133": 9.920000076293945, "134": 9.9399995803833, "135": 9.9399995803833, "136": 9.920000076293945, "137": 9.930000305175781, "138": 9.930000305175781, "139": 9.920000076293945, "140": 9.930000305175781, "141": 9.930000305175781, "142": 9.930000305175781, "143": 9.949999809265137, "144": 9.949999809265137, "145": 9.949999809265137, "146": 9.9399995803833, "147": 9.930000305175781, "148": 9.930000305175781, "149": 9.9399995803833, "150": 9.9399995803833, "151": 9.9399995803833, "152": 9.949999809265137, "153": 9.949999809265137, "154": 9.960000038146973, "155": 9.960000038146973, "156": 9.944999694824219, "157": 9.949999809265137, "158": 9.949999809265137, "159": 9.949999809265137, "160": 9.949999809265137, "161": 9.960000038146973, "162": 9.954999923706055, "163": 9.949999809265137, "164": 9.949999809265137, "165": 9.949999809265137, "166": 9.949999809265137, "167": 9.949999809265137, "168": 9.949999809265137, "169": 10.010000228881836, "170": 9.979999542236328, "171": 9.970000267028809, "172": 9.970000267028809, "173": 9.979999542236328, "174": 9.979999542236328, "175": 9.979999542236328, "176": 9.979999542236328, "177": 9.989999771118164, "178": 9.970000267028809, "179": 10.0, "180": 10.0, "181": 10.010000228881836, "182": 10.015000343322754, "183": 10.020000457763672, "184": 10.020000457763672, "185": 10.029999732971191, "186": 10.0, "187": 10.020000457763672, "188": 10.0, "189": 10.020000457763672, "190": 9.989999771118164, "191": 9.960000038146973, "192": 9.989999771118164, "193": 9.989999771118164, "194": 9.989999771118164, "195": 9.949999809265137, "196": 9.979999542236328, "197": 9.979999542236328, "198": 9.949999809265137, "199": 9.979999542236328, "200": 9.979999542236328, "201": 9.979999542236328, "202": 9.979999542236328, "203": 9.979999542236328, "204": 9.979999542236328, "205": 9.989999771118164, "206": 10.020000457763672, "207": 9.979999542236328, "208": 9.979999542236328, "209": 10.0, "210": 10.0, "211": 10.0, "212": 9.989999771118164, "213": 10.010000228881836, "214": 10.010000228881836, "215": 10.010000228881836, "216": 10.029999732971191, "217": 9.930000305175781, "218": 9.989999771118164, "219": 10.020000457763672, "220": 10.0, "221": 10.020000457763672, "222": 10.029999732971191, "223": 10.029999732971191, "224": 10.029999732971191, "225": 10.029999732971191, "226": 10.029999732971191, "227": 10.010000228881836, "228": 10.039999961853027, "229": 10.029999732971191, "230": 10.029999732971191, "231": 10.029999732971191, "232": 10.03499984741211, "233": 10.029999732971191, "234": 10.029999732971191, "235": 10.029999732971191, "236": 10.029999732971191, "237": 10.029999732971191, "238": 10.029999732971191, "239": 10.050000190734863, "240": 10.0600004196167, "241": 10.0600004196167, "242": 10.0600004196167, "243": 10.0600004196167, "244": 10.0600004196167, "245": 10.079999923706055, "246": 10.0600004196167, "247": 10.085000038146973, "248": 10.085000038146973, "249": 10.085000038146973, "250": 10.0600004196167, "251": 10.0600004196167, "252": 10.0600004196167, "253": 10.085000038146973, "254": 10.085000038146973, "255": 10.069999694824219, "256": 10.069999694824219, "257": 10.069999694824219, "258": 10.069999694824219, "259": 10.109999656677246, "260": 10.109999656677246, "261": 10.069999694824219, "262": 10.085000038146973, "263": 10.09000015258789, "264": 10.100000381469727, "265": 10.119999885559082, "266": 10.100000381469727, "267": 10.109999656677246, "268": 10.149999618530273, "269": 10.149999618530273, "270": 10.149999618530273, "271": 10.149999618530273, "272": 10.149999618530273, "273": 10.149999618530273, "274": 10.1899995803833, "275": 10.130000114440918, "276": 10.130000114440918, "277": 10.130000114440918, "278": 10.130000114440918, "279": 10.130000114440918, "280": 10.130000114440918, "281": 10.180000305175781, "282": 10.180000305175781, "283": 10.199999809265137, "284": 10.199999809265137, "285": 10.199999809265137, "286": 10.199999809265137, "287": 10.220000267028809, "288": 10.220000267028809, "289": 10.229999542236328, "290": 10.229999542236328, "291": 10.239999771118164, "292": 10.239999771118164, "293": 10.239999771118164, "294": 10.239999771118164, "295": 10.25, "296": 10.239999771118164, "297": 10.270000457763672, "298": 10.260000228881836, "299": 10.260000228881836, "300": 10.260000228881836, "301": 10.260000228881836, "302": 10.260000228881836, "303": 10.279999732971191, "304": 10.279999732971191, "305": 10.279999732971191, "306": 10.28499984741211, "307": 10.289999961853027, "308": 10.295000076293945, "309": 10.279999732971191, "310": 10.295000076293945, "311": 10.3100004196167, "312": 10.300000190734863, "313": 10.300000190734863, "314": 10.300000190734863, "315": 10.300000190734863, "316": 10.300000190734863, "317": 10.300000190734863, "318": 10.300000190734863, "319": 10.300000190734863, "320": 10.300000190734863, "321": 10.3149995803833, "322": 10.319999694824219, "323": 10.319999694824219, "324": 10.329999923706055, "325": 10.329999923706055, "326": 10.329999923706055, "327": 10.329999923706055, "328": 10.343000411987305, "329": 10.34000015258789, "330": 10.345000267028809, "331": 10.350000381469727, "332": 10.350000381469727, "333": 10.350000381469727, "334": 10.350000381469727, "335": 10.350000381469727, "336": 10.350000381469727, "337": 10.350000381469727, "338": 10.359999656677246, "339": 10.359999656677246, "340": 10.359999656677246, "341": 10.359999656677246, "342": 10.369999885559082, "343": 10.380000114440918, "344": 10.390000343322754, "345": 10.390000343322754, "346": 10.390000343322754, "347": 10.390000343322754, "348": 10.390000343322754, "349": 10.395000457763672, "350": 10.390000343322754, "351": 10.390000343322754, "352": 10.375, "353": 10.40999984741211, "354": 10.40999984741211, "355": 10.420000076293945, "356": 10.420000076293945, "357": 10.420000076293945, "358": 10.40999984741211, "359": 10.40999984741211, "360": 10.4399995803833, "361": 10.420000076293945, "362": 10.420000076293945, "363": 10.425000190734863, "364": 10.425000190734863, "365": 10.420000076293945, "366": 10.4399995803833, "367": 10.4399995803833, "368": 10.449999809265137, "369": 10.449999809265137, "370": 10.449999809265137, "371": 10.449999809265137, "372": 10.449999809265137, "373": 10.449999809265137, "374": 10.449999809265137, "375": 10.449999809265137, "376": 10.489999771118164, "377": 10.489999771118164, "378": 10.489999771118164, "379": 10.489999771118164, "380": 10.489999771118164, "381": 10.489999771118164, "382": 10.520000457763672, "383": 10.470000267028809, "384": 10.529999732971191, "385": 10.529999732971191, "386": 10.529999732971191, "387": 10.550000190734863, "388": 10.550000190734863, "389": 10.550000190734863, "390": 10.550000190734863, "391": 10.550000190734863, "392": 10.550000190734863, "393": 10.550000190734863, "394": 10.569999694824219, "395": 10.5600004196167, "396": 10.550000190734863, "397": 10.529999732971191, "398": 10.550000190734863, "399": 10.550000190734863, "400": 10.5600004196167, "401": 10.670000076293945, "402": 10.550000190734863, "403": 10.569999694824219, "404": 10.569999694824219, "405": 10.579999923706055, "406": 10.579999923706055, "407": 10.59000015258789}, "close": {"0": 9.859999656677246, "1": 9.869999885559082, "2": 9.869999885559082, "3": 9.890000343322754, "4": 9.880000114440918, "5": 9.899999618530273, "6": 9.899999618530273, "7": 9.899999618530273, "8": 9.899999618530273, "9": 9.899999618530273, "10": 9.899999618530273, "11": 9.899999618530273, "12": 9.899999618530273, "13": 9.890000343322754, "14": 9.890000343322754, "15": 9.890000343322754, "16": 9.880000114440918, "17": 9.869999885559082, "18": 9.869999885559082, "19": 9.869999885559082, "20": 9.869999885559082, "21": 9.859999656677246, "22": 9.859999656677246, "23": 9.854999542236328, "24": 9.84000015258789, "25": 9.84000015258789, "26": 9.859999656677246, "27": 9.859999656677246, "28": 9.859999656677246, "29": 9.84000015258789, "30": 9.84000015258789, "31": 9.84000015258789, "32": 9.838000297546387, "33": 9.829999923706055, "34": 9.829999923706055, "35": 9.84000015258789, "36": 9.84000015258789, "37": 9.850000381469727, "38": 9.850000381469727, "39": 9.859999656677246, "40": 9.859999656677246, "41": 9.859999656677246, "42": 9.859999656677246, "43": 9.859999656677246, "44": 9.859999656677246, "45": 9.859999656677246, "46": 9.859999656677246, "47": 9.859999656677246, "48": 9.859999656677246, "49": 9.84000015258789, "50": 9.84000015258789, "51": 9.829999923706055, "52": 9.829999923706055, "53": 9.869999885559082, "54": 9.869999885559082, "55": 9.869999885559082, "56": 9.869999885559082, "57": 9.869999885559082, "58": 9.869999885559082, "59": 9.869999885559082, "60": 9.869999885559082, "61": 9.850000381469727, "62": 9.850000381469727, "63": 9.920000076293945, "64": 9.920000076293945, "65": 9.920000076293945, "66": 9.920000076293945, "67": 9.850000381469727, "68": 9.850000381469727, "69": 9.850000381469727, "70": 9.850000381469727, "71": 9.850000381469727, "72": 9.890000343322754, "73": 9.960000038146973, "74": 9.960000038146973, "75": 9.960000038146973, "76": 9.90999984741211, "77": 9.90999984741211, "78": 9.90999984741211, "79": 9.920000076293945, "80": 9.920000076293945, "81": 9.944999694824219, "82": 9.9399995803833, "83": 9.9399995803833, "84": 9.920000076293945, "85": 9.920000076293945, "86": 9.920000076293945, "87": 9.930000305175781, "88": 9.930000305175781, "89": 9.930000305175781, "90": 9.930000305175781, "91": 9.930000305175781, "92": 9.9399995803833, "93": 9.949999809265137, "94": 9.960000038146973, "95": 9.930000305175781, "96": 9.949999809265137, "97": 9.949999809265137, "98": 9.949999809265137, "99": 9.9399995803833, "100": 9.949999809265137, "101": 9.9399995803833, "102": 9.9399995803833, "103": 9.9399995803833, "104": 9.949999809265137, "105": 9.9399995803833, "106": 9.970000267028809, "107": 9.970000267028809, "108": 9.960000038146973, "109": 9.979999542236328, "110": 9.970000267028809, "111": 9.994999885559082, "112": 9.989999771118164, "113": 9.970000267028809, "114": 10.0, "115": 9.960000038146973, "116": 9.960000038146973, "117": 9.949999809265137, "118": 9.960000038146973, "119": 9.9399995803833, "120": 9.949999809265137, "121": 9.9399995803833, "122": 9.9399995803833, "123": 9.9399995803833, "124": 9.90999984741211, "125": 9.920000076293945, "126": 9.890000343322754, "127": 9.904999732971191, "128": 9.904999732971191, "129": 9.904999732971191, "130": 9.904999732971191, "131": 9.904999732971191, "132": 9.9399995803833, "133": 9.960000038146973, "134": 9.9399995803833, "135": 9.9399995803833, "136": 9.930000305175781, "137": 9.930000305175781, "138": 9.949999809265137, "139": 9.960000038146973, "140": 9.930000305175781, "141": 9.930000305175781, "142": 9.930000305175781, "143": 9.960000038146973, "144": 9.949999809265137, "145": 9.949999809265137, "146": 9.949999809265137, "147": 9.9399995803833, "148": 9.9399995803833, "149": 9.9399995803833, "150": 9.949999809265137, "151": 9.949999809265137, "152": 9.949999809265137, "153": 9.960000038146973, "154": 9.960000038146973, "155": 9.960000038146973, "156": 9.960000038146973, "157": 9.949999809265137, "158": 9.960000038146973, "159": 9.949999809265137, "160": 9.979999542236328, "161": 9.960000038146973, "162": 9.960000038146973, "163": 9.949999809265137, "164": 9.949999809265137, "165": 9.949999809265137, "166": 9.949999809265137, "167": 9.960000038146973, "168": 9.949999809265137, "169": 10.010000228881836, "170": 9.979999542236328, "171": 9.970000267028809, "172": 9.989999771118164, "173": 9.989999771118164, "174": 9.979999542236328, "175": 10.0, "176": 10.0, "177": 9.989999771118164, "178": 10.005000114440918, "179": 10.0, "180": 10.020000457763672, "181": 10.010000228881836, "182": 10.020000457763672, "183": 10.029999732971191, "184": 10.020000457763672, "185": 10.029999732971191, "186": 10.020000457763672, "187": 10.029999732971191, "188": 10.039999961853027, "189": 10.020000457763672, "190": 9.994999885559082, "191": 9.989999771118164, "192": 9.989999771118164, "193": 9.989999771118164, "194": 9.989999771118164, "195": 9.949999809265137, "196": 9.979999542236328, "197": 9.979999542236328, "198": 9.989999771118164, "199": 9.979999542236328, "200": 9.979999542236328, "201": 9.979999542236328, "202": 9.979999542236328, "203": 9.979999542236328, "204": 9.989999771118164, "205": 9.989999771118164, "206": 10.024999618530273, "207": 10.0, "208": 10.010000228881836, "209": 10.0, "210": 10.0, "211": 10.0, "212": 10.0, "213": 10.010000228881836, "214": 10.010000228881836, "215": 10.010000228881836, "216": 10.029999732971191, "217": 10.0, "218": 10.010000228881836, "219": 10.020000457763672, "220": 10.029999732971191, "221": 10.029999732971191, "222": 10.029999732971191, "223": 10.029999732971191, "224": 10.029999732971191, "225": 10.029999732971191, "226": 10.029999732971191, "227": 10.029999732971191, "228": 10.039999961853027, "229": 10.029999732971191, "230": 10.029999732971191, "231": 10.029999732971191, "232": 10.045000076293945, "233": 10.029999732971191, "234": 10.029999732971191, "235": 10.029999732971191, "236": 10.029999732971191, "237": 10.029999732971191, "238": 10.029999732971191, "239": 10.0600004196167, "240": 10.0600004196167, "241": 10.0600004196167, "242": 10.0600004196167, "243": 10.085000038146973, "244": 10.0600004196167, "245": 10.109999656677246, "246": 10.085000038146973, "247": 10.085000038146973, "248": 10.085000038146973, "249": 10.085000038146973, "250": 10.0600004196167, "251": 10.0600004196167, "252": 10.0600004196167, "253": 10.085000038146973, "254": 10.085000038146973, "255": 10.069999694824219, "256": 10.069999694824219, "257": 10.069999694824219, "258": 10.069999694824219, "259": 10.109999656677246, "260": 10.109999656677246, "261": 10.069999694824219, "262": 10.100000381469727, "263": 10.100000381469727, "264": 10.119999885559082, "265": 10.119999885559082, "266": 10.109999656677246, "267": 10.119999885559082, "268": 10.149999618530273, "269": 10.149999618530273, "270": 10.149999618530273, "271": 10.149999618530273, "272": 10.149999618530273, "273": 10.149999618530273, "274": 10.1899995803833, "275": 10.130000114440918, "276": 10.130000114440918, "277": 10.130000114440918, "278": 10.130000114440918, "279": 10.130000114440918, "280": 10.130000114440918, "281": 10.1899995803833, "282": 10.199999809265137, "283": 10.199999809265137, "284": 10.199999809265137, "285": 10.199999809265137, "286": 10.210000038146973, "287": 10.220000267028809, "288": 10.229999542236328, "289": 10.229999542236328, "290": 10.229999542236328, "291": 10.239999771118164, "292": 10.239999771118164, "293": 10.239999771118164, "294": 10.255000114440918, "295": 10.25, "296": 10.260000228881836, "297": 10.270000457763672, "298": 10.260000228881836, "299": 10.260000228881836, "300": 10.270000457763672, "301": 10.260000228881836, "302": 10.289999961853027, "303": 10.279999732971191, "304": 10.279999732971191, "305": 10.279999732971191, "306": 10.289999961853027, "307": 10.289999961853027, "308": 10.300000190734863, "309": 10.300000190734863, "310": 10.300000190734863, "311": 10.3100004196167, "312": 10.305000305175781, "313": 10.300000190734863, "314": 10.300000190734863, "315": 10.300000190734863, "316": 10.300000190734863, "317": 10.300000190734863, "318": 10.300000190734863, "319": 10.300000190734863, "320": 10.300000190734863, "321": 10.319999694824219, "322": 10.319999694824219, "323": 10.319999694824219, "324": 10.329999923706055, "325": 10.34000015258789, "326": 10.34000015258789, "327": 10.350000381469727, "328": 10.343000411987305, "329": 10.34000015258789, "330": 10.350000381469727, "331": 10.359999656677246, "332": 10.350000381469727, "333": 10.350000381469727, "334": 10.350000381469727, "335": 10.350000381469727, "336": 10.350000381469727, "337": 10.350000381469727, "338": 10.359999656677246, "339": 10.359999656677246, "340": 10.359999656677246, "341": 10.359999656677246, "342": 10.390000343322754, "343": 10.399999618530273, "344": 10.395000457763672, "345": 10.390000343322754, "346": 10.390000343322754, "347": 10.399999618530273, "348": 10.399999618530273, "349": 10.399999618530273, "350": 10.390000343322754, "351": 10.390000343322754, "352": 10.420000076293945, "353": 10.449999809265137, "354": 10.430000305175781, "355": 10.420000076293945, "356": 10.427000045776367, "357": 10.420000076293945, "358": 10.4399995803833, "359": 10.430000305175781, "360": 10.4399995803833, "361": 10.420000076293945, "362": 10.420999526977539, "363": 10.425000190734863, "364": 10.425000190734863, "365": 10.4399995803833, "366": 10.4399995803833, "367": 10.4399995803833, "368": 10.449999809265137, "369": 10.449999809265137, "370": 10.449999809265137, "371": 10.449999809265137, "372": 10.449999809265137, "373": 10.449999809265137, "374": 10.449999809265137, "375": 10.449999809265137, "376": 10.489999771118164, "377": 10.489999771118164, "378": 10.489999771118164, "379": 10.489999771118164, "380": 10.489999771118164, "381": 10.489999771118164, "382": 10.550000190734863, "383": 10.54699993133545, "384": 10.529999732971191, "385": 10.529999732971191, "386": 10.550000190734863, "387": 10.5600004196167, "388": 10.550000190734863, "389": 10.550000190734863, "390": 10.550000190734863, "391": 10.550000190734863, "392": 10.550000190734863, "393": 10.569999694824219, "394": 10.569999694824219, "395": 10.5600004196167, "396": 10.550000190734863, "397": 10.550000190734863, "398": 10.550000190734863, "399": 10.550000190734863, "400": 10.569999694824219, "401": 10.670000076293945, "402": 10.550000190734863, "403": 10.569999694824219, "404": 10.579999923706055, "405": 10.579999923706055, "406": 10.59000015258789, "407": 10.600000381469727}, "volume": {"0": 281600, "1": 1904400, "2": 327800, "3": 380700, "4": 71900, "5": 5300, "6": 287600, "7": 57300, "8": 600, "9": 1500, "10": 113000, "11": 39700, "12": 126900, "13": 94800, "14": 90400, "15": 12100, "16": 164100, "17": 63400, "18": 465400, "19": 6800, "20": 23600, "21": 52500, "22": 45100, "23": 36900, "24": 45200, "25": 11100, "26": 5800, "27": 44500, "28": 100, "29": 100200, "30": 42900, "31": 2400, "32": 2700, "33": 400, "34": 325000, "35": 42200, "36": 6200, "37": 181900, "38": 0, "39": 25000, "40": 135400, "41": 0, "42": 0, "43": 0, "44": 0, "45": 0, "46": 0, "47": 1400, "48": 2800, "49": 2600, "50": 119700, "51": 32700, "52": 0, "53": 27800, "54": 0, "55": 0, "56": 0, "57": 0, "58": 5500, "59": 0, "60": 0, "61": 72500, "62": 800, "63": 700, "64": 0, "65": 0, "66": 0, "67": 4000, "68": 0, "69": 0, "70": 400, "71": 0, "72": 2300, "73": 473700, "74": 102700, "75": 1400, "76": 6600, "77": 400, "78": 400, "79": 800, "80": 245100, "81": 6800, "82": 334400, "83": 0, "84": 5300, "85": 6000, "86": 0, "87": 3300, "88": 1600, "89": 1700, "90": 100, "91": 0, "92": 8200, "93": 300, "94": 100, "95": 1000, "96": 118700, "97": 3600, "98": 3400, "99": 12700, "100": 5600, "101": 9400, "102": 0, "103": 5000, "104": 122100, "105": 173000, "106": 1900, "107": 0, "108": 400, "109": 500, "110": 2500, "111": 200, "112": 200900, "113": 750000, "114": 851100, "115": 38100, "116": 321500, "117": 64800, "118": 421800, "119": 505400, "120": 442100, "121": 106700, "122": 14300, "123": 47700, "124": 11200, "125": 1000, "126": 2800, "127": 1400, "128": 0, "129": 0, "130": 0, "131": 0, "132": 1700, "133": 800, "134": 100, "135": 140500, "136": 1100, "137": 200000, "138": 117600, "139": 700, "140": 29900, "141": 200, "142": 0, "143": 15200, "144": 200, "145": 1900, "146": 80600, "147": 110700, "148": 3200, "149": 2500, "150": 3600, "151": 78000, "152": 400, "153": 33000, "154": 218200, "155": 0, "156": 37700, "157": 1800, "158": 30100, "159": 316800, "160": 55800, "161": 1600, "162": 3000, "163": 100, "164": 0, "165": 3500, "166": 26600, "167": 408400, "168": 400, "169": 200, "170": 146200, "171": 11500, "172": 32200, "173": 1500, "174": 305100, "175": 283000, "176": 3000, "177": 400, "178": 8600, "179": 100, "180": 17100, "181": 1000, "182": 10500, "183": 115400, "184": 33000, "185": 200, "186": 30200, "187": 8800, "188": 200, "189": 200, "190": 554400, "191": 3300, "192": 0, "193": 0, "194": 0, "195": 2600, "196": 400, "197": 0, "198": 104100, "199": 2000, "200": 0, "201": 6900, "202": 3700, "203": 0, "204": 25400, "205": 0, "206": 2100, "207": 2200, "208": 174400, "209": 5200, "210": 375400, "211": 44700, "212": 21300, "213": 100, "214": 0, "215": 0, "216": 400, "217": 4300, "218": 11900, "219": 28000, "220": 426900, "221": 219400, "222": 100, "223": 0, "224": 0, "225": 0, "226": 297200, "227": 4900, "228": 100, "229": 400, "230": 5500, "231": 0, "232": 4800, "233": 1700, "234": 0, "235": 0, "236": 0, "237": 0, "238": 8200, "239": 18100, "240": 0, "241": 0, "242": 0, "243": 36500, "244": 10800, "245": 64900, "246": 500, "247": 0, "248": 0, "249": 0, "250": 200, "251": 0, "252": 9400, "253": 200, "254": 0, "255": 2600, "256": 0, "257": 0, "258": 600, "259": 5500, "260": 0, "261": 300, "262": 24600, "263": 278600, "264": 109400, "265": 0, "266": 15300, "267": 504900, "268": 100, "269": 0, "270": 0, "271": 0, "272": 0, "273": 0, "274": 2400, "275": 3500, "276": 0, "277": 1000, "278": 0, "279": 800, "280": 0, "281": 400, "282": 700, "283": 552800, "284": 25700, "285": 13200, "286": 32100, "287": 2600, "288": 30700, "289": 26600, "290": 12000, "291": 37200, "292": 25200, "293": 25300, "294": 132100, "295": 26400, "296": 53100, "297": 100, "298": 318700, "299": 6600, "300": 1117700, "301": 200, "302": 42800, "303": 402700, "304": 9100, "305": 1500, "306": 300, "307": 161900, "308": 89200, "309": 1800, "310": 19300, "311": 100, "312": 2500, "313": 5200, "314": 95200, "315": 0, "316": 0, "317": 0, "318": 0, "319": 0, "320": 0, "321": 251700, "322": 1097400, "323": 1000, "324": 500, "325": 250400, "326": 8400, "327": 473400, "328": 25900, "329": 1368200, "330": 47600, "331": 5600, "332": 44600, "333": 18600, "334": 1500, "335": 1400, "336": 7400, "337": 298000, "338": 262500, "339": 800, "340": 1600, "341": 65300, "342": 187400, "343": 394200, "344": 13800, "345": 100, "346": 80300, "347": 800, "348": 15400, "349": 113100, "350": 1600, "351": 20300, "352": 31200, "353": 16100, "354": 5700, "355": 5600, "356": 500, "357": 12900, "358": 9600, "359": 2400, "360": 100, "361": 200, "362": 2100, "363": 1600, "364": 0, "365": 4200, "366": 400, "367": 0, "368": 3200, "369": 0, "370": 0, "371": 900, "372": 0, "373": 0, "374": 0, "375": 0, "376": 6600, "377": 0, "378": 0, "379": 0, "380": 0, "381": 0, "382": 6200, "383": 3900, "384": 6700, "385": 8400, "386": 43600, "387": 16600, "388": 6600, "389": 5100, "390": 100, "391": 5000, "392": 40000, "393": 2100, "394": 0, "395": 600, "396": 400, "397": 1400, "398": 0, "399": 0, "400": 1800, "401": 100, "402": 300, "403": 5000, "404": 15300, "405": 0, "406": 210400, "407": 15000}, "adjclose": {"0": 9.859999656677246, "1": 9.869999885559082, "2": 9.869999885559082, "3": 9.890000343322754, "4": 9.880000114440918, "5": 9.899999618530273, "6": 9.899999618530273, "7": 9.899999618530273, "8": 9.899999618530273, "9": 9.899999618530273, "10": 9.899999618530273, "11": 9.899999618530273, "12": 9.899999618530273, "13": 9.890000343322754, "14": 9.890000343322754, "15": 9.890000343322754, "16": 9.880000114440918, "17": 9.869999885559082, "18": 9.869999885559082, "19": 9.869999885559082, "20": 9.869999885559082, "21": 9.859999656677246, "22": 9.859999656677246, "23": 9.854999542236328, "24": 9.84000015258789, "25": 9.84000015258789, "26": 9.859999656677246, "27": 9.859999656677246, "28": 9.859999656677246, "29": 9.84000015258789, "30": 9.84000015258789, "31": 9.84000015258789, "32": 9.838000297546387, "33": 9.829999923706055, "34": 9.829999923706055, "35": 9.84000015258789, "36": 9.84000015258789, "37": 9.850000381469727, "38": 9.850000381469727, "39": 9.859999656677246, "40": 9.859999656677246, "41": 9.859999656677246, "42": 9.859999656677246, "43": 9.859999656677246, "44": 9.859999656677246, "45": 9.859999656677246, "46": 9.859999656677246, "47": 9.859999656677246, "48": 9.859999656677246, "49": 9.84000015258789, "50": 9.84000015258789, "51": 9.829999923706055, "52": 9.829999923706055, "53": 9.869999885559082, "54": 9.869999885559082, "55": 9.869999885559082, "56": 9.869999885559082, "57": 9.869999885559082, "58": 9.869999885559082, "59": 9.869999885559082, "60": 9.869999885559082, "61": 9.850000381469727, "62": 9.850000381469727, "63": 9.920000076293945, "64": 9.920000076293945, "65": 9.920000076293945, "66": 9.920000076293945, "67": 9.850000381469727, "68": 9.850000381469727, "69": 9.850000381469727, "70": 9.850000381469727, "71": 9.850000381469727, "72": 9.890000343322754, "73": 9.960000038146973, "74": 9.960000038146973, "75": 9.960000038146973, "76": 9.90999984741211, "77": 9.90999984741211, "78": 9.90999984741211, "79": 9.920000076293945, "80": 9.920000076293945, "81": 9.944999694824219, "82": 9.9399995803833, "83": 9.9399995803833, "84": 9.920000076293945, "85": 9.920000076293945, "86": 9.920000076293945, "87": 9.930000305175781, "88": 9.930000305175781, "89": 9.930000305175781, "90": 9.930000305175781, "91": 9.930000305175781, "92": 9.9399995803833, "93": 9.949999809265137, "94": 9.960000038146973, "95": 9.930000305175781, "96": 9.949999809265137, "97": 9.949999809265137, "98": 9.949999809265137, "99": 9.9399995803833, "100": 9.949999809265137, "101": 9.9399995803833, "102": 9.9399995803833, "103": 9.9399995803833, "104": 9.949999809265137, "105": 9.9399995803833, "106": 9.970000267028809, "107": 9.970000267028809, "108": 9.960000038146973, "109": 9.979999542236328, "110": 9.970000267028809, "111": 9.994999885559082, "112": 9.989999771118164, "113": 9.970000267028809, "114": 10.0, "115": 9.960000038146973, "116": 9.960000038146973, "117": 9.949999809265137, "118": 9.960000038146973, "119": 9.9399995803833, "120": 9.949999809265137, "121": 9.9399995803833, "122": 9.9399995803833, "123": 9.9399995803833, "124": 9.90999984741211, "125": 9.920000076293945, "126": 9.890000343322754, "127": 9.904999732971191, "128": 9.904999732971191, "129": 9.904999732971191, "130": 9.904999732971191, "131": 9.904999732971191, "132": 9.9399995803833, "133": 9.960000038146973, "134": 9.9399995803833, "135": 9.9399995803833, "136": 9.930000305175781, "137": 9.930000305175781, "138": 9.949999809265137, "139": 9.960000038146973, "140": 9.930000305175781, "141": 9.930000305175781, "142": 9.930000305175781, "143": 9.960000038146973, "144": 9.949999809265137, "145": 9.949999809265137, "146": 9.949999809265137, "147": 9.9399995803833, "148": 9.9399995803833, "149": 9.9399995803833, "150": 9.949999809265137, "151": 9.949999809265137, "152": 9.949999809265137, "153": 9.960000038146973, "154": 9.960000038146973, "155": 9.960000038146973, "156": 9.960000038146973, "157": 9.949999809265137, "158": 9.960000038146973, "159": 9.949999809265137, "160": 9.979999542236328, "161": 9.960000038146973, "162": 9.960000038146973, "163": 9.949999809265137, "164": 9.949999809265137, "165": 9.949999809265137, "166": 9.949999809265137, "167": 9.960000038146973, "168": 9.949999809265137, "169": 10.010000228881836, "170": 9.979999542236328, "171": 9.970000267028809, "172": 9.989999771118164, "173": 9.989999771118164, "174": 9.979999542236328, "175": 10.0, "176": 10.0, "177": 9.989999771118164, "178": 10.005000114440918, "179": 10.0, "180": 10.020000457763672, "181": 10.010000228881836, "182": 10.020000457763672, "183": 10.029999732971191, "184": 10.020000457763672, "185": 10.029999732971191, "186": 10.020000457763672, "187": 10.029999732971191, "188": 10.039999961853027, "189": 10.020000457763672, "190": 9.994999885559082, "191": 9.989999771118164, "192": 9.989999771118164, "193": 9.989999771118164, "194": 9.989999771118164, "195": 9.949999809265137, "196": 9.979999542236328, "197": 9.979999542236328, "198": 9.989999771118164, "199": 9.979999542236328, "200": 9.979999542236328, "201": 9.979999542236328, "202": 9.979999542236328, "203": 9.979999542236328, "204": 9.989999771118164, "205": 9.989999771118164, "206": 10.024999618530273, "207": 10.0, "208": 10.010000228881836, "209": 10.0, "210": 10.0, "211": 10.0, "212": 10.0, "213": 10.010000228881836, "214": 10.010000228881836, "215": 10.010000228881836, "216": 10.029999732971191, "217": 10.0, "218": 10.010000228881836, "219": 10.020000457763672, "220": 10.029999732971191, "221": 10.029999732971191, "222": 10.029999732971191, "223": 10.029999732971191, "224": 10.029999732971191, "225": 10.029999732971191, "226": 10.029999732971191, "227": 10.029999732971191, "228": 10.039999961853027, "229": 10.029999732971191, "230": 10.029999732971191, "231": 10.029999732971191, "232": 10.045000076293945, "233": 10.029999732971191, "234": 10.029999732971191, "235": 10.029999732971191, "236": 10.029999732971191, "237": 10.029999732971191, "238": 10.029999732971191, "239": 10.0600004196167, "240": 10.0600004196167, "241": 10.0600004196167, "242": 10.0600004196167, "243": 10.085000038146973, "244": 10.0600004196167, "245": 10.109999656677246, "246": 10.085000038146973, "247": 10.085000038146973, "248": 10.085000038146973, "249": 10.085000038146973, "250": 10.0600004196167, "251": 10.0600004196167, "252": 10.0600004196167, "253": 10.085000038146973, "254": 10.085000038146973, "255": 10.069999694824219, "256": 10.069999694824219, "257": 10.069999694824219, "258": 10.069999694824219, "259": 10.109999656677246, "260": 10.109999656677246, "261": 10.069999694824219, "262": 10.100000381469727, "263": 10.100000381469727, "264": 10.119999885559082, "265": 10.119999885559082, "266": 10.109999656677246, "267": 10.119999885559082, "268": 10.149999618530273, "269": 10.149999618530273, "270": 10.149999618530273, "271": 10.149999618530273, "272": 10.149999618530273, "273": 10.149999618530273, "274": 10.1899995803833, "275": 10.130000114440918, "276": 10.130000114440918, "277": 10.130000114440918, "278": 10.130000114440918, "279": 10.130000114440918, "280": 10.130000114440918, "281": 10.1899995803833, "282": 10.199999809265137, "283": 10.199999809265137, "284": 10.199999809265137, "285": 10.199999809265137, "286": 10.210000038146973, "287": 10.220000267028809, "288": 10.229999542236328, "289": 10.229999542236328, "290": 10.229999542236328, "291": 10.239999771118164, "292": 10.239999771118164, "293": 10.239999771118164, "294": 10.255000114440918, "295": 10.25, "296": 10.260000228881836, "297": 10.270000457763672, "298": 10.260000228881836, "299": 10.260000228881836, "300": 10.270000457763672, "301": 10.260000228881836, "302": 10.289999961853027, "303": 10.279999732971191, "304": 10.279999732971191, "305": 10.279999732971191, "306": 10.289999961853027, "307": 10.289999961853027, "308": 10.300000190734863, "309": 10.300000190734863, "310": 10.300000190734863, "311": 10.3100004196167, "312": 10.305000305175781, "313": 10.300000190734863, "314": 10.300000190734863, "315": 10.300000190734863, "316": 10.300000190734863, "317": 10.300000190734863, "318": 10.300000190734863, "319": 10.300000190734863, "320": 10.300000190734863, "321": 10.319999694824219, "322": 10.319999694824219, "323": 10.319999694824219, "324": 10.329999923706055, "325": 10.34000015258789, "326": 10.34000015258789, "327": 10.350000381469727, "328": 10.343000411987305, "329": 10.34000015258789, "330": 10.350000381469727, "331": 10.359999656677246, "332": 10.350000381469727, "333": 10.350000381469727, "334": 10.350000381469727, "335": 10.350000381469727, "336": 10.350000381469727, "337": 10.350000381469727, "338": 10.359999656677246, "339": 10.359999656677246, "340": 10.359999656677246, "341": 10.359999656677246, "342": 10.390000343322754, "343": 10.399999618530273, "344": 10.395000457763672, "345": 10.390000343322754, "346": 10.390000343322754, "347": 10.399999618530273, "348": 10.399999618530273, "349": 10.399999618530273, "350": 10.390000343322754, "351": 10.390000343322754, "352": 10.420000076293945, "353": 10.449999809265137, "354": 10.430000305175781, "355": 10.420000076293945, "356": 10.427000045776367, "357": 10.420000076293945, "358": 10.4399995803833, "359": 10.430000305175781, "360": 10.4399995803833, "361": 10.420000076293945, "362": 10.420999526977539, "363": 10.425000190734863, "364": 10.425000190734863, "365": 10.4399995803833, "366": 10.4399995803833, "367": 10.4399995803833, "368": 10.449999809265137, "369": 10.449999809265137, "370": 10.449999809265137, "371": 10.449999809265137, "372": 10.449999809265137, "373": 10.449999809265137, "374": 10.449999809265137, "375": 10.449999809265137, "376": 10.489999771118164, "377": 10.489999771118164, "378": 10.489999771118164, "379": 10.489999771118164, "380": 10.489999771118164, "381": 10.489999771118164, "382": 10.550000190734863, "383": 10.54699993133545, "384": 10.529999732971191, "385": 10.529999732971191, "386": 10.550000190734863, "387": 10.5600004196167, "388": 10.550000190734863, "389": 10.550000190734863, "390": 10.550000190734863, "391": 10.550000190734863, "392": 10.550000190734863, "393": 10.569999694824219, "394": 10.569999694824219, "395": 10.5600004196167, "396": 10.550000190734863, "397": 10.550000190734863, "398": 10.550000190734863, "399": 10.550000190734863, "400": 10.569999694824219, "401": 10.670000076293945, "402": 10.550000190734863, "403": 10.569999694824219, "404": 10.579999923706055, "405": 10.579999923706055, "406": 10.59000015258789, "407": 10.600000381469727}}, "profile": {"address1": "425 Houston Street", "address2": "Suite 4500", "city": "Fort Worth", "state": "TX", "zip": "76102", "country": "United States", "phone": "817 698 9901", "website": "https://www.blackmountainaq.com", "industry": "Shell Companies", "industryDisp": "Shell Companies", "sector": "Financial Services", "longBusinessSummary": "Black Mountain Acquisition Corp. does not have significant operations. The company intends to effect a merger, capital stock exchange, asset acquisition, stock purchase, reorganization, or similar business combination with one or more businesses. Black Mountain Acquisition Corp. was incorporated in 2021 and is based in Fort Worth, Texas.", "companyOfficers": [{"maxAge": 1, "name": "Mr. Rhett C. Bennett CFA", "title": "Chairman & CEO", "exercisedValue": 0, "unexercisedValue": 0}, {"maxAge": 1, "name": "Mr. Jacob  Smith CPA", "age": 37, "title": "CFO, Chief Accounting Officer, Sec. & Director", "yearBorn": 1985, "exercisedValue": 0, "unexercisedValue": 0}], "maxAge": 86400, "latitude": 32.75455501058816, "longitude": -97.3319450380895}}