{"income_statement": {"annual": {"Year": {"1": "Selling, General & Admin", "2": "Operating Expenses", "3": "Operating Income", "4": "Other Expense / Income", "5": "Pretax Income", "6": "Income Tax", "7": "Net Income", "8": "Shares Outstanding (Basic)", "9": "Shares Outstanding (Diluted)", "10": "Shares Change", "11": "EPS (Basic)", "12": "EPS (Diluted)", "13": "Free Cash Flow Per Share", "14": "Effective Tax Rate", "15": "EBITDA", "16": "EBIT"}, "2022": {"1": "1", "2": "1", "3": "-1", "4": "-1.27", "5": "0.27", "6": "0.22", "7": "0.05", "8": "9", "9": "9", "10": "96.95%", "11": "-", "12": "-", "13": "-0.07", "14": "82.58%", "15": "0.27", "16": "0.27"}, "2021": {"1": "0.4", "2": "0.4", "3": "-0.4", "4": "-0.12", "5": "-0.28", "6": "0", "7": "-0.28", "8": "5", "9": "5", "10": "-", "11": "-0.06", "12": "-0.06", "13": "-0.07", "14": "-", "15": "-0.28", "16": "-0.28"}}, "quarterly": {"Metrics": {"1": "Selling, General & Admin", "2": "Operating Expenses", "3": "Operating Income", "4": "Other Expense / Income", "5": "Pretax Income", "6": "Income Tax", "7": "Net Income", "8": "Shares Outstanding (Basic)", "9": "Shares Outstanding (Diluted)", "10": "Shares Change", "11": "EPS (Basic)", "12": "EPS (Diluted)", "13": "Free Cash Flow Per Share", "14": "Effective Tax Rate", "15": "EBITDA", "16": "EBIT"}, "2022-12-31": {"1": "0.26", "2": "0.26", "3": "-0.26", "4": "-0.63", "5": "0.38", "6": "0.16", "7": "0.22", "8": "9", "9": "9", "10": "96.95%", "11": "0.02", "12": "0.02", "13": "-0.05", "14": "42.42%", "15": "0.38", "16": "0.38"}, "2022-09-30": {"1": "0.3", "2": "0.3", "3": "-0.3", "4": "-0.43", "5": "0.13", "6": "0.06", "7": "0.07", "8": "9", "9": "9", "10": "199.40%", "11": "0.01", "12": "0.01", "13": "0.00", "14": "48.96%", "15": "0.13", "16": "0.13"}, "2022-06-30": {"1": "0.26", "2": "0.26", "3": "-0.26", "4": "-0.11", "5": "-0.15", "6": "0", "7": "-0.15", "8": "9", "9": "9", "10": "232.40%", "11": "-0.02", "12": "-0.02", "13": "-0.01", "14": "-", "15": "-0.15", "16": "-0.15"}, "2022-03-31": {"1": "0.18", "2": "0.18", "3": "-0.18", "4": "-0.1", "5": "-0.09", "6": "0", "7": "-0.09", "8": "9", "9": "9", "10": "227.79%", "11": "-0.01", "12": "-0.01", "13": "-0.02", "14": "-", "15": "-0.09", "16": "-0.09"}, "2021-12-31": {"1": "0.28", "2": "0.28", "3": "-0.28", "4": "-0.15", "5": "-0.13", "6": "0", "7": "-0.13", "8": "5", "9": "5", "10": "-", "11": "-0.01", "12": "-0.01", "13": "-0.02", "14": "-", "15": "-0.13", "16": "-0.13"}, "2021-09-30": {"1": "0.12", "2": "0.12", "3": "-0.12", "4": "0.03", "5": "-0.15", "6": "0", "7": "-0.15", "8": "3", "9": "3", "10": "-", "11": "-0.05", "12": "-0.05", "13": "-0.08", "14": "-", "15": "-0.15", "16": "-0.15"}, "2021-06-21": {"1": "0", "2": "0", "3": "-0", "4": "-", "5": "-0", "6": "0", "7": "-0", "8": "3", "9": "3", "10": "-", "11": "-", "12": "-", "13": "-", "14": "-", "15": "-0", "16": "-0"}, "2021-03-31": {"1": "0", "2": "0", "3": "-0", "4": "-", "5": "-0", "6": "0", "7": "-0", "8": "3", "9": "3", "10": "-", "11": "-", "12": "-", "13": "-", "14": "-", "15": "-0", "16": "-0"}}}, "balance_sheet": {"annual": {"Year": {"1": "Cash & Equivalents", "2": "Cash & Cash Equivalents", "3": "Cash Growth", "4": "Other Current Assets", "5": "Total Current Assets", "6": "Long-Term Investments", "7": "Total Long-Term Assets", "8": "Total Assets", "9": "Accounts Payable", "10": "Other Current Liabilities", "11": "Total Current Liabilities", "12": "Other Long-Term Liabilities", "13": "Total Long-Term Liabilities", "14": "Total Liabilities", "15": "Common Stock", "16": "Retained Earnings", "17": "Shareholders' Equity", "18": "Total Liabilities and Equity", "19": "Net Cash / Debt", "20": "Net Cash / Debt Growth", "21": "Net Cash Per Share", "22": "Working Capital", "23": "Book Value Per Share"}, "2022": {"1": "0.02", "2": "0.02", "3": "-95.52%", "4": "0.03", "5": "0.05", "6": "71.42", "7": "71.42", "8": "71.47", "9": "1.28", "10": "0.16", "11": "1.43", "12": "0.3", "13": "0.3", "14": "1.74", "15": "0.03", "16": "-1.27", "17": "-1.24", "18": "0.49", "19": "0.02", "20": "-95.52%", "21": "0.00", "22": "-1.39", "23": "-0.13"}, "2021": {"1": "0.43", "2": "0.43", "3": "-", "4": "0.17", "5": "0.6", "6": "69.69", "7": "69.69", "8": "70.29", "9": "0.24", "10": "0", "11": "0.24", "12": "0.42", "13": "0.42", "14": "0.66", "15": "11.84", "16": "-0.28", "17": "11.56", "18": "12.22", "19": "0.43", "20": "-", "21": "0.09", "22": "0.36", "23": "2.42"}}, "quarterly": {"Metrics": {"1": "Cash & Equivalents", "2": "Cash & Cash Equivalents", "3": "Cash Growth", "4": "Other Current Assets", "5": "Total Current Assets", "6": "Long-Term Investments", "7": "Other Long-Term Assets", "8": "Total Long-Term Assets", "9": "Total Assets", "10": "Accounts Payable", "11": "Current Debt", "12": "Other Current Liabilities", "13": "Total Current Liabilities", "14": "Other Long-Term Liabilities", "15": "Total Long-Term Liabilities", "16": "Total Liabilities", "17": "Total Debt", "18": "Common Stock", "19": "Retained Earnings", "20": "Shareholders' Equity", "21": "Total Liabilities and Equity", "22": "Net Cash / Debt", "23": "Net Cash / Debt Growth", "24": "Net Cash Per Share", "25": "Working Capital", "26": "Book Value Per Share"}, "2022-12-31": {"1": "0.02", "2": "0.02", "3": "-95.52%", "4": "0.03", "5": "0.05", "6": "71.42", "7": "0", "8": "71.42", "9": "71.47", "10": "1.28", "11": "0", "12": "0.16", "13": "1.43", "14": "0.3", "15": "0.3", "16": "1.74", "17": "0", "18": "0.03", "19": "-1.27", "20": "-1.24", "21": "0.49", "22": "0.02", "23": "-95.52%", "24": "0.00", "25": "-1.39", "26": "-0.13"}, "2022-09-30": {"1": "0.22", "2": "0.22", "3": "-56.38%", "4": "0.06", "5": "0.29", "6": "70.1", "7": "0", "8": "70.1", "9": "70.39", "10": "0.62", "11": "0", "12": "0.06", "13": "0.68", "14": "0.24", "15": "0.24", "16": "0.92", "17": "0", "18": "2.72", "19": "-0.45", "20": "2.27", "21": "3.2", "22": "0.22", "23": "-56.38%", "24": "0.02", "25": "-0.39", "26": "0.24"}, "2022-06-30": {"1": "0.15", "2": "0.15", "3": "-85.26%", "4": "0.11", "5": "0.26", "6": "69.74", "7": "0", "8": "69.74", "9": "70", "10": "0.34", "11": "0", "12": "0", "13": "0.34", "14": "0.26", "15": "0.26", "16": "0.6", "17": "0", "18": "5.76", "19": "-0.51", "20": "5.25", "21": "5.85", "22": "0.15", "23": "-", "24": "0.02", "25": "-0.08", "26": "0.56"}, "2022-03-31": {"1": "0.23", "2": "0.23", "3": "-", "4": "0.13", "5": "0.35", "6": "69.69", "7": "0", "8": "69.69", "9": "70.05", "10": "0.18", "11": "0", "12": "0", "13": "0.18", "14": "0.33", "15": "0.33", "16": "0.5", "17": "0", "18": "8.8", "19": "-0.37", "20": "8.43", "21": "8.94", "22": "0.23", "23": "-", "24": "0.02", "25": "0.18", "26": "0.90"}, "2021-12-31": {"1": "0.43", "2": "0.43", "3": "-", "4": "0.17", "5": "0.6", "6": "69.69", "7": "0", "8": "69.69", "9": "70.29", "10": "0.24", "11": "0", "12": "0", "13": "0.24", "14": "0.42", "15": "0.42", "16": "0.66", "17": "0", "18": "11.84", "19": "-0.28", "20": "11.56", "21": "12.22", "22": "0.43", "23": "-", "24": "0.09", "25": "0.36", "26": "2.42"}, "2021-09-30": {"1": "0.51", "2": "0.51", "3": "-", "4": "0.12", "5": "0.64", "6": "69.69", "7": "0.1", "8": "69.79", "9": "70.43", "10": "0.1", "11": "0", "12": "0", "13": "0.1", "14": "6.29", "15": "6.29", "16": "6.39", "17": "0", "18": "5.29", "19": "-0.51", "20": "4.78", "21": "11.18", "22": "0.51", "23": "-", "24": "0.16", "25": "0.54", "26": "1.52"}, "2021-06-21": {"1": "1.01", "2": "1.01", "3": "-", "4": "0", "5": "1.01", "6": "0", "7": "0.16", "8": "0.16", "9": "1.17", "10": "0.01", "11": "1.14", "12": "0.01", "13": "1.16", "14": "0", "15": "0", "16": "1.16", "17": "1.14", "18": "0.02", "19": "-0", "20": "0.01", "21": "1.17", "22": "-0.14", "23": "-", "24": "-0.05", "25": "-0.15", "26": "0.01"}}}, "cash_flow_statement": {"annual": {"Year": {"1": "Net Income", "2": "Other Operating Activities", "3": "Operating Cash Flow", "4": "Change in Investments", "5": "Investing Cash Flow", "6": "Share Issuance / Repurchase", "7": "Debt Issued / Paid", "8": "Other Financing Activities", "9": "Financing Cash Flow", "10": "Net Cash Flow", "11": "Free Cash Flow", "12": "Free Cash Flow Per Share"}, "2022": {"1": "0.05", "2": "-0.73", "3": "-0.68", "4": "-0.64", "5": "-0.64", "6": "0.2", "7": "0.71", "8": "-", "9": "0.91", "10": "-0.41", "11": "-0.68", "12": "-0.07"}, "2021": {"1": "-0.28", "2": "-0.06", "3": "-0.33", "4": "-69.69", "5": "-69.69", "6": "69.64", "7": "1.32", "8": "-0.51", "9": "70.45", "10": "0.43", "11": "-0.33", "12": "-0.07"}}, "quarterly": {"Metrics": {"1": "Net Income", "2": "Other Operating Activities", "3": "Operating Cash Flow", "4": "Change in Investments", "5": "Investing Cash Flow", "6": "Share Issuance / Repurchase", "7": "Debt Issued / Paid", "8": "Other Financing Activities", "9": "Financing Cash Flow", "10": "Net Cash Flow", "11": "Free Cash Flow", "12": "Free Cash Flow Per Share"}, "2022-12-31": {"1": "0.22", "2": "-0.65", "3": "-0.43", "4": "-0.69", "5": "-0.69", "6": "0.2", "7": "0.71", "8": "-", "9": "0.91", "10": "-0.21", "11": "-0.43", "12": "-0.05"}, "2022-09-30": {"1": "0.07", "2": "-0.04", "3": "0.03", "4": "0", "5": "0", "6": "0", "7": "0", "8": "-", "9": "0", "10": "0.08", "11": "0.03", "12": "0.00"}, "2022-06-30": {"1": "-0.15", "2": "0.07", "3": "-0.08", "4": "0", "5": "0", "6": "0", "7": "0", "8": "-", "9": "0", "10": "-0.08", "11": "-0.08", "12": "-0.01"}, "2022-03-31": {"1": "-0.09", "2": "-0.11", "3": "-0.2", "4": "0", "5": "0", "6": "0", "7": "0", "8": "-", "9": "0", "10": "-0.2", "11": "-0.2", "12": "-0.02"}, "2021-12-31": {"1": "-0.13", "2": "0.04", "3": "-0.08", "4": "0", "5": "0", "6": "0", "7": "0", "8": "-", "9": "0", "10": "-0.08", "11": "-0.08", "12": "-0.02"}, "2021-09-30": {"1": "-0.15", "2": "-0.1", "3": "-0.25", "4": "0", "5": "0", "6": "69.62", "7": "0.23", "8": "-0.4", "9": "69.44", "10": "-0.49", "11": "-0.25", "12": "-0.08"}, "2021-06-21": {"1": "-0", "2": "0", "3": "-0", "4": "0", "5": "0", "6": "0", "7": "-0.13", "8": "-0.03", "9": "-0.16", "10": "-0.16", "11": "-0", "12": "-"}, "2021-03-31": {"1": "-0", "2": "0", "3": "-0", "4": "0", "5": "0", "6": "0.03", "7": "1.22", "8": "-0.08", "9": "1.17", "10": "1.17", "11": "-0", "12": "-"}}}, "ratios": {"annual": {"Year": {"1": "Market Capitalization", "2": "Market Cap Growth", "3": "Enterprise Value", "4": "PE Ratio", "5": "PB Ratio", "6": "P/FCF Ratio", "7": "P/OCF Ratio", "8": "EV/EBITDA Ratio", "9": "EV/EBIT Ratio", "10": "EV/FCF Ratio", "11": "Current Ratio", "12": "Return on Equity (ROE)", "13": "Return on Assets (ROA)", "14": "Return on Capital (ROIC)", "15": "Earnings Yield", "16": "FCF Yield", "17": "Buyback Yield / Dilution", "18": "Total Shareholder Return"}, "Current": {"1": "57", "2": "-", "3": "57", "4": "1045.00", "5": "-77.13", "6": "-140.29", "7": "-140.29", "8": "211.09", "9": "211.09", "10": "-140.26", "11": "0.03", "12": "1.30%", "13": "0.10%", "14": "0.40%", "15": "0.08%", "16": "-1.20%", "17": "-96.95%", "18": "-96.95%"}, "2022": {"1": "96", "2": "3.67%", "3": "96", "4": "2034.56", "5": "-77.13", "6": "-140.29", "7": "-140.29", "8": "354.39", "9": "354.39", "10": "-140.26", "11": "0.03", "12": "1.30%", "13": "0.10%", "14": "0.40%", "15": "0.05%", "16": "-0.71%", "17": "-96.95%", "18": "-96.95%"}, "2021": {"1": "92", "2": "-", "3": "92", "4": "-333.51", "5": "8.00", "6": "-278.01", "7": "-278.01", "8": "-331.96", "9": "-331.96", "10": "-276.72", "11": "2.53", "12": "-", "13": "-", "14": "-", "15": "-0.30%", "16": "-0.36%", "17": "-", "18": "-"}}, "quarterly": {"Metrics": {"1": "Market Capitalization", "2": "Market Cap Growth", "3": "Enterprise Value", "4": "PE Ratio", "5": "PB Ratio", "6": "Debt / Equity Ratio", "7": "Current Ratio", "8": "Buyback Yield / Dilution", "9": "Total Shareholder Return"}, "Current": {"1": "57", "2": "-", "3": "57", "4": "1045.00", "5": "-77.13", "6": "-", "7": "0.03", "8": "-96.95%", "9": "-96.95%"}, "2022-12-31": {"1": "96", "2": "3.67%", "3": "96", "4": "2034.56", "5": "-77.13", "6": "-", "7": "0.03", "8": "-96.95%", "9": "-96.95%"}, "2022-09-30": {"1": "94", "2": "32.62%", "3": "94", "4": "-315.17", "5": "41.32", "6": "-", "7": "0.42", "8": "-199.40%", "9": "-199.40%"}, "2022-06-30": {"1": "94", "2": "-", "3": "94", "4": "-183.49", "5": "17.90", "6": "-", "7": "0.77", "8": "-232.40%", "9": "-232.40%"}, "2022-03-31": {"1": "93", "2": "-", "3": "93", "4": "-254.71", "5": "11.05", "6": "-", "7": "2.02", "8": "-227.79%", "9": "-227.79%"}, "2021-12-31": {"1": "92", "2": "-", "3": "92", "4": "-333.51", "5": "8.00", "6": "-", "7": "2.53", "8": "-", "9": "-"}, "2021-09-30": {"1": "71", "2": "-", "3": "70", "4": "-", "5": "14.81", "6": "-", "7": "6.49", "8": "-", "9": "-"}, "2021-06-21": {"1": "-", "2": "-", "3": "0", "4": "-", "5": "-", "6": "86.98", "7": "0.87", "8": "-", "9": "-"}}}, "stock_price": {"symbol": {"0": "BNIX", "1": "BNIX", "2": "BNIX", "3": "BNIX", "4": "BNIX", "5": "BNIX", "6": "BNIX", "7": "BNIX", "8": "BNIX", "9": "BNIX", "10": "BNIX", "11": "BNIX", "12": "BNIX", "13": "BNIX", "14": "BNIX", "15": "BNIX", "16": "BNIX", "17": "BNIX", "18": "BNIX", "19": "BNIX", "20": "BNIX", "21": "BNIX", "22": "BNIX", "23": "BNIX", "24": "BNIX", "25": "BNIX", "26": "BNIX", "27": "BNIX", "28": "BNIX", "29": "BNIX", "30": "BNIX", "31": "BNIX", "32": "BNIX", "33": "BNIX", "34": "BNIX", "35": "BNIX", "36": "BNIX", "37": "BNIX", "38": "BNIX", "39": "BNIX", "40": "BNIX", "41": "BNIX", "42": "BNIX", "43": "BNIX", "44": "BNIX", "45": "BNIX", "46": "BNIX", "47": "BNIX", "48": "BNIX", "49": "BNIX", "50": "BNIX", "51": "BNIX", "52": "BNIX", "53": "BNIX", "54": "BNIX", "55": "BNIX", "56": "BNIX", "57": "BNIX", "58": "BNIX", "59": "BNIX", "60": "BNIX", "61": "BNIX", "62": "BNIX", "63": "BNIX", "64": "BNIX", "65": "BNIX", "66": "BNIX", "67": "BNIX", "68": "BNIX", "69": "BNIX", "70": "BNIX", "71": "BNIX", "72": "BNIX", "73": "BNIX", "74": "BNIX", "75": "BNIX", "76": "BNIX", "77": "BNIX", "78": "BNIX", "79": "BNIX", "80": "BNIX", "81": "BNIX", "82": "BNIX", "83": "BNIX", "84": "BNIX", "85": "BNIX", "86": "BNIX", "87": "BNIX", "88": "BNIX", "89": "BNIX", "90": "BNIX", "91": "BNIX", "92": "BNIX", "93": "BNIX", "94": "BNIX", "95": "BNIX", "96": "BNIX", "97": "BNIX", "98": "BNIX", "99": "BNIX", "100": "BNIX", "101": "BNIX", "102": "BNIX", "103": "BNIX", "104": "BNIX", "105": "BNIX", "106": "BNIX", "107": "BNIX", "108": "BNIX", "109": "BNIX", "110": "BNIX", "111": "BNIX", "112": "BNIX", "113": "BNIX", "114": "BNIX", "115": "BNIX", "116": "BNIX", "117": "BNIX", "118": "BNIX", "119": "BNIX", "120": "BNIX", "121": "BNIX", "122": "BNIX", "123": "BNIX", "124": "BNIX", "125": "BNIX", "126": "BNIX", "127": "BNIX", "128": "BNIX", "129": "BNIX", "130": "BNIX", "131": "BNIX", "132": "BNIX", "133": "BNIX", "134": "BNIX", "135": "BNIX", "136": "BNIX", "137": "BNIX", "138": "BNIX", "139": "BNIX", "140": "BNIX", "141": "BNIX", "142": "BNIX", "143": "BNIX", "144": "BNIX", "145": "BNIX", "146": "BNIX", "147": "BNIX", "148": "BNIX", "149": "BNIX", "150": "BNIX", "151": "BNIX", "152": "BNIX", "153": "BNIX", "154": "BNIX", "155": "BNIX", "156": "BNIX", "157": "BNIX", "158": "BNIX", "159": "BNIX", "160": "BNIX", "161": "BNIX", "162": "BNIX", "163": "BNIX", "164": "BNIX", "165": "BNIX", "166": "BNIX", "167": "BNIX", "168": "BNIX", "169": "BNIX", "170": "BNIX", "171": "BNIX", "172": "BNIX", "173": "BNIX", "174": "BNIX", "175": "BNIX", "176": "BNIX", "177": "BNIX", "178": "BNIX", "179": "BNIX", "180": "BNIX", "181": "BNIX", "182": "BNIX", "183": "BNIX", "184": "BNIX", "185": "BNIX", "186": "BNIX", "187": "BNIX", "188": "BNIX", "189": "BNIX", "190": "BNIX", "191": "BNIX", "192": "BNIX", "193": "BNIX", "194": "BNIX", "195": "BNIX", "196": "BNIX", "197": "BNIX", "198": "BNIX", "199": "BNIX", "200": "BNIX", "201": "BNIX", "202": "BNIX", "203": "BNIX", "204": "BNIX", "205": "BNIX", "206": "BNIX", "207": "BNIX", "208": "BNIX", "209": "BNIX", "210": "BNIX", "211": "BNIX", "212": "BNIX", "213": "BNIX", "214": "BNIX", "215": "BNIX", "216": "BNIX", "217": "BNIX", "218": "BNIX", "219": "BNIX", "220": "BNIX", "221": "BNIX", "222": "BNIX", "223": "BNIX", "224": "BNIX", "225": "BNIX", "226": "BNIX", "227": "BNIX", "228": "BNIX", "229": "BNIX", "230": "BNIX", "231": "BNIX", "232": "BNIX", "233": "BNIX", "234": "BNIX", "235": "BNIX", "236": "BNIX", "237": "BNIX", "238": "BNIX", "239": "BNIX", "240": "BNIX", "241": "BNIX", "242": "BNIX", "243": "BNIX", "244": "BNIX", "245": "BNIX", "246": "BNIX", "247": "BNIX", "248": "BNIX", "249": "BNIX", "250": "BNIX", "251": "BNIX", "252": "BNIX", "253": "BNIX", "254": "BNIX", "255": "BNIX", "256": "BNIX", "257": "BNIX", "258": "BNIX", "259": "BNIX", "260": "BNIX", "261": "BNIX", "262": "BNIX", "263": "BNIX", "264": "BNIX", "265": "BNIX", "266": "BNIX", "267": "BNIX", "268": "BNIX", "269": "BNIX", "270": "BNIX", "271": "BNIX", "272": "BNIX", "273": "BNIX", "274": "BNIX", "275": "BNIX", "276": "BNIX", "277": "BNIX", "278": "BNIX", "279": "BNIX", "280": "BNIX", "281": "BNIX", "282": "BNIX", "283": "BNIX", "284": "BNIX", "285": "BNIX", "286": "BNIX", "287": "BNIX", "288": "BNIX", "289": "BNIX", "290": "BNIX", "291": "BNIX", "292": "BNIX", "293": "BNIX", "294": "BNIX", "295": "BNIX", "296": "BNIX", "297": "BNIX", "298": "BNIX", "299": "BNIX", "300": "BNIX", "301": "BNIX", "302": "BNIX", "303": "BNIX", "304": "BNIX", "305": "BNIX", "306": "BNIX", "307": "BNIX", "308": "BNIX", "309": "BNIX", "310": "BNIX", "311": "BNIX", "312": "BNIX", "313": "BNIX", "314": "BNIX", "315": "BNIX", "316": "BNIX", "317": "BNIX", "318": "BNIX", "319": "BNIX", "320": "BNIX", "321": "BNIX", "322": "BNIX", "323": "BNIX", "324": "BNIX", "325": "BNIX", "326": "BNIX", "327": "BNIX", "328": "BNIX", "329": "BNIX", "330": "BNIX", "331": "BNIX", "332": "BNIX", "333": "BNIX", "334": "BNIX", "335": "BNIX", "336": "BNIX", "337": "BNIX", "338": "BNIX", "339": "BNIX", "340": "BNIX", "341": "BNIX", "342": "BNIX", "343": "BNIX", "344": "BNIX", "345": "BNIX", "346": "BNIX", "347": "BNIX", "348": "BNIX", "349": "BNIX", "350": "BNIX", "351": "BNIX", "352": "BNIX", "353": "BNIX", "354": "BNIX", "355": "BNIX", "356": "BNIX", "357": "BNIX", "358": "BNIX", "359": "BNIX", "360": "BNIX", "361": "BNIX", "362": "BNIX", "363": "BNIX", "364": "BNIX", "365": "BNIX", "366": "BNIX", "367": "BNIX", "368": "BNIX", "369": "BNIX", "370": "BNIX", "371": "BNIX", "372": "BNIX", "373": "BNIX", "374": "BNIX", "375": "BNIX", "376": "BNIX", "377": "BNIX", "378": "BNIX", "379": "BNIX", "380": "BNIX", "381": "BNIX", "382": "BNIX", "383": "BNIX", "384": "BNIX", "385": "BNIX", "386": "BNIX", "387": "BNIX", "388": "BNIX", "389": "BNIX", "390": "BNIX", "391": "BNIX", "392": "BNIX", "393": "BNIX", "394": "BNIX", "395": "BNIX", "396": "BNIX", "397": "BNIX", "398": "BNIX", "399": "BNIX", "400": "BNIX", "401": "BNIX", "402": "BNIX", "403": "BNIX", "404": "BNIX", "405": "BNIX", "406": "BNIX", "407": "BNIX", "408": "BNIX", "409": "BNIX", "410": "BNIX", "411": "BNIX", "412": "BNIX", "413": "BNIX", "414": "BNIX", "415": "BNIX", "416": "BNIX", "417": "BNIX"}, "date": {"0": "2021-10-28", "1": "2021-10-29", "2": "2021-11-01", "3": "2021-11-02", "4": "2021-11-03", "5": "2021-11-04", "6": "2021-11-05", "7": "2021-11-08", "8": "2021-11-09", "9": "2021-11-10", "10": "2021-11-11", "11": "2021-11-12", "12": "2021-11-15", "13": "2021-11-16", "14": "2021-11-17", "15": "2021-11-18", "16": "2021-11-19", "17": "2021-11-22", "18": "2021-11-23", "19": "2021-11-24", "20": "2021-11-26", "21": "2021-11-29", "22": "2021-11-30", "23": "2021-12-01", "24": "2021-12-02", "25": "2021-12-03", "26": "2021-12-06", "27": "2021-12-07", "28": "2021-12-08", "29": "2021-12-09", "30": "2021-12-10", "31": "2021-12-13", "32": "2021-12-14", "33": "2021-12-15", "34": "2021-12-16", "35": "2021-12-17", "36": "2021-12-20", "37": "2021-12-21", "38": "2021-12-22", "39": "2021-12-23", "40": "2021-12-27", "41": "2021-12-28", "42": "2021-12-29", "43": "2021-12-30", "44": "2021-12-31", "45": "2022-01-03", "46": "2022-01-04", "47": "2022-01-05", "48": "2022-01-06", "49": "2022-01-07", "50": "2022-01-10", "51": "2022-01-11", "52": "2022-01-12", "53": "2022-01-13", "54": "2022-01-14", "55": "2022-01-18", "56": "2022-01-19", "57": "2022-01-20", "58": "2022-01-21", "59": "2022-01-24", "60": "2022-01-25", "61": "2022-01-26", "62": "2022-01-27", "63": "2022-01-28", "64": "2022-01-31", "65": "2022-02-01", "66": "2022-02-02", "67": "2022-02-03", "68": "2022-02-04", "69": "2022-02-07", "70": "2022-02-08", "71": "2022-02-09", "72": "2022-02-10", "73": "2022-02-11", "74": "2022-02-14", "75": "2022-02-15", "76": "2022-02-16", "77": "2022-02-17", "78": "2022-02-18", "79": "2022-02-22", "80": "2022-02-23", "81": "2022-02-24", "82": "2022-02-25", "83": "2022-02-28", "84": "2022-03-01", "85": "2022-03-02", "86": "2022-03-03", "87": "2022-03-04", "88": "2022-03-07", "89": "2022-03-08", "90": "2022-03-09", "91": "2022-03-10", "92": "2022-03-11", "93": "2022-03-14", "94": "2022-03-15", "95": "2022-03-16", "96": "2022-03-17", "97": "2022-03-18", "98": "2022-03-21", "99": "2022-03-22", "100": "2022-03-23", "101": "2022-03-24", "102": "2022-03-25", "103": "2022-03-28", "104": "2022-03-29", "105": "2022-03-30", "106": "2022-03-31", "107": "2022-04-01", "108": "2022-04-04", "109": "2022-04-05", "110": "2022-04-06", "111": "2022-04-07", "112": "2022-04-08", "113": "2022-04-11", "114": "2022-04-12", "115": "2022-04-13", "116": "2022-04-14", "117": "2022-04-18", "118": "2022-04-19", "119": "2022-04-20", "120": "2022-04-21", "121": "2022-04-22", "122": "2022-04-25", "123": "2022-04-26", "124": "2022-04-27", "125": "2022-04-28", "126": "2022-04-29", "127": "2022-05-02", "128": "2022-05-03", "129": "2022-05-04", "130": "2022-05-05", "131": "2022-05-06", "132": "2022-05-09", "133": "2022-05-10", "134": "2022-05-11", "135": "2022-05-12", "136": "2022-05-13", "137": "2022-05-16", "138": "2022-05-17", "139": "2022-05-18", "140": "2022-05-19", "141": "2022-05-20", "142": "2022-05-23", "143": "2022-05-24", "144": "2022-05-25", "145": "2022-05-26", "146": "2022-05-27", "147": "2022-05-31", "148": "2022-06-01", "149": "2022-06-02", "150": "2022-06-03", "151": "2022-06-06", "152": "2022-06-07", "153": "2022-06-08", "154": "2022-06-09", "155": "2022-06-10", "156": "2022-06-13", "157": "2022-06-14", "158": "2022-06-15", "159": "2022-06-16", "160": "2022-06-17", "161": "2022-06-21", "162": "2022-06-22", "163": "2022-06-23", "164": "2022-06-24", "165": "2022-06-27", "166": "2022-06-28", "167": "2022-06-29", "168": "2022-06-30", "169": "2022-07-01", "170": "2022-07-05", "171": "2022-07-06", "172": "2022-07-07", "173": "2022-07-08", "174": "2022-07-11", "175": "2022-07-12", "176": "2022-07-13", "177": "2022-07-14", "178": "2022-07-15", "179": "2022-07-18", "180": "2022-07-19", "181": "2022-07-20", "182": "2022-07-21", "183": "2022-07-22", "184": "2022-07-25", "185": "2022-07-26", "186": "2022-07-27", "187": "2022-07-28", "188": "2022-07-29", "189": "2022-08-01", "190": "2022-08-02", "191": "2022-08-03", "192": "2022-08-04", "193": "2022-08-05", "194": "2022-08-08", "195": "2022-08-09", "196": "2022-08-10", "197": "2022-08-11", "198": "2022-08-12", "199": "2022-08-15", "200": "2022-08-16", "201": "2022-08-17", "202": "2022-08-18", "203": "2022-08-19", "204": "2022-08-22", "205": "2022-08-23", "206": "2022-08-24", "207": "2022-08-25", "208": "2022-08-26", "209": "2022-08-29", "210": "2022-08-30", "211": "2022-08-31", "212": "2022-09-01", "213": "2022-09-02", "214": "2022-09-06", "215": "2022-09-07", "216": "2022-09-08", "217": "2022-09-09", "218": "2022-09-12", "219": "2022-09-13", "220": "2022-09-14", "221": "2022-09-15", "222": "2022-09-16", "223": "2022-09-19", "224": "2022-09-20", "225": "2022-09-21", "226": "2022-09-22", "227": "2022-09-23", "228": "2022-09-26", "229": "2022-09-27", "230": "2022-09-28", "231": "2022-09-29", "232": "2022-09-30", "233": "2022-10-03", "234": "2022-10-04", "235": "2022-10-05", "236": "2022-10-06", "237": "2022-10-07", "238": "2022-10-10", "239": "2022-10-11", "240": "2022-10-12", "241": "2022-10-13", "242": "2022-10-14", "243": "2022-10-17", "244": "2022-10-18", "245": "2022-10-19", "246": "2022-10-20", "247": "2022-10-21", "248": "2022-10-24", "249": "2022-10-25", "250": "2022-10-26", "251": "2022-10-27", "252": "2022-10-28", "253": "2022-10-31", "254": "2022-11-01", "255": "2022-11-02", "256": "2022-11-03", "257": "2022-11-04", "258": "2022-11-07", "259": "2022-11-08", "260": "2022-11-09", "261": "2022-11-10", "262": "2022-11-11", "263": "2022-11-14", "264": "2022-11-15", "265": "2022-11-16", "266": "2022-11-17", "267": "2022-11-18", "268": "2022-11-21", "269": "2022-11-22", "270": "2022-11-23", "271": "2022-11-25", "272": "2022-11-28", "273": "2022-11-29", "274": "2022-11-30", "275": "2022-12-01", "276": "2022-12-02", "277": "2022-12-05", "278": "2022-12-06", "279": "2022-12-07", "280": "2022-12-08", "281": "2022-12-09", "282": "2022-12-12", "283": "2022-12-13", "284": "2022-12-14", "285": "2022-12-15", "286": "2022-12-16", "287": "2022-12-19", "288": "2022-12-20", "289": "2022-12-21", "290": "2022-12-22", "291": "2022-12-23", "292": "2022-12-27", "293": "2022-12-28", "294": "2022-12-29", "295": "2022-12-30", "296": "2023-01-03", "297": "2023-01-04", "298": "2023-01-05", "299": "2023-01-06", "300": "2023-01-09", "301": "2023-01-10", "302": "2023-01-11", "303": "2023-01-12", "304": "2023-01-13", "305": "2023-01-17", "306": "2023-01-18", "307": "2023-01-19", "308": "2023-01-20", "309": "2023-01-23", "310": "2023-01-24", "311": "2023-01-25", "312": "2023-01-26", "313": "2023-01-27", "314": "2023-01-30", "315": "2023-01-31", "316": "2023-02-01", "317": "2023-02-02", "318": "2023-02-03", "319": "2023-02-06", "320": "2023-02-07", "321": "2023-02-08", "322": "2023-02-09", "323": "2023-02-10", "324": "2023-02-13", "325": "2023-02-14", "326": "2023-02-15", "327": "2023-02-16", "328": "2023-02-17", "329": "2023-02-21", "330": "2023-02-22", "331": "2023-02-23", "332": "2023-02-24", "333": "2023-02-27", "334": "2023-02-28", "335": "2023-03-01", "336": "2023-03-02", "337": "2023-03-03", "338": "2023-03-06", "339": "2023-03-07", "340": "2023-03-08", "341": "2023-03-09", "342": "2023-03-10", "343": "2023-03-13", "344": "2023-03-14", "345": "2023-03-15", "346": "2023-03-16", "347": "2023-03-17", "348": "2023-03-20", "349": "2023-03-21", "350": "2023-03-22", "351": "2023-03-23", "352": "2023-03-24", "353": "2023-03-27", "354": "2023-03-28", "355": "2023-03-29", "356": "2023-03-30", "357": "2023-03-31", "358": "2023-04-03", "359": "2023-04-04", "360": "2023-04-05", "361": "2023-04-06", "362": "2023-04-10", "363": "2023-04-11", "364": "2023-04-12", "365": "2023-04-13", "366": "2023-04-14", "367": "2023-04-17", "368": "2023-04-18", "369": "2023-04-19", "370": "2023-04-20", "371": "2023-04-21", "372": "2023-04-24", "373": "2023-04-25", "374": "2023-04-26", "375": "2023-04-27", "376": "2023-04-28", "377": "2023-05-01", "378": "2023-05-02", "379": "2023-05-03", "380": "2023-05-04", "381": "2023-05-05", "382": "2023-05-08", "383": "2023-05-09", "384": "2023-05-10", "385": "2023-05-11", "386": "2023-05-12", "387": "2023-05-15", "388": "2023-05-16", "389": "2023-05-17", "390": "2023-05-18", "391": "2023-05-19", "392": "2023-05-22", "393": "2023-05-23", "394": "2023-05-24", "395": "2023-05-25", "396": "2023-05-26", "397": "2023-05-30", "398": "2023-05-31", "399": "2023-06-01", "400": "2023-06-02", "401": "2023-06-05", "402": "2023-06-06", "403": "2023-06-07", "404": "2023-06-08", "405": "2023-06-09", "406": "2023-06-12", "407": "2023-06-13", "408": "2023-06-14", "409": "2023-06-15", "410": "2023-06-16", "411": "2023-06-20", "412": "2023-06-21", "413": "2023-06-22", "414": "2023-06-23", "415": "2023-06-26", "416": "2023-06-27", "417": "2023-06-28"}, "open": {"0": 10.079999923706055, "1": 10.079999923706055, "2": 9.8100004196167, "3": 9.819999694824219, "4": 9.819999694824219, "5": 9.8100004196167, "6": 9.8149995803833, "7": 9.800000190734863, "8": 9.8149995803833, "9": 9.819999694824219, "10": 9.819999694824219, "11": 9.819999694824219, "12": 9.829999923706055, "13": 9.829999923706055, "14": 9.829999923706055, "15": 9.838000297546387, "16": 9.83899974822998, "17": 9.84000015258789, "18": 9.84000015258789, "19": 9.84000015258789, "20": 9.84000015258789, "21": 9.840999603271484, "22": 9.84000015258789, "23": 9.84000015258789, "24": 9.84000015258789, "25": 9.829999923706055, "26": 9.819999694824219, "27": 9.819999694824219, "28": 9.819999694824219, "29": 9.819999694824219, "30": 9.8100004196167, "31": 9.800000190734863, "32": 9.800000190734863, "33": 9.800000190734863, "34": 9.800000190734863, "35": 9.800000190734863, "36": 9.800000190734863, "37": 9.8100004196167, "38": 9.800000190734863, "39": 9.8100004196167, "40": 9.8100004196167, "41": 9.810999870300293, "42": 9.8100004196167, "43": 9.8100004196167, "44": 9.819999694824219, "45": 9.8100004196167, "46": 9.8100004196167, "47": 9.819999694824219, "48": 9.819999694824219, "49": 9.819999694824219, "50": 9.819999694824219, "51": 9.819999694824219, "52": 9.819999694824219, "53": 9.819999694824219, "54": 9.819999694824219, "55": 9.829999923706055, "56": 9.82800006866455, "57": 9.819999694824219, "58": 9.819999694824219, "59": 9.819999694824219, "60": 9.819999694824219, "61": 9.819999694824219, "62": 9.819999694824219, "63": 9.84000015258789, "64": 9.84000015258789, "65": 9.84000015258789, "66": 9.84000015258789, "67": 9.848999977111816, "68": 9.850000381469727, "69": 9.850000381469727, "70": 9.890000343322754, "71": 9.859999656677246, "72": 9.859999656677246, "73": 9.859999656677246, "74": 9.850000381469727, "75": 9.880000114440918, "76": 9.880000114440918, "77": 9.869999885559082, "78": 9.859999656677246, "79": 9.854999542236328, "80": 9.864999771118164, "81": 9.850000381469727, "82": 9.850000381469727, "83": 9.850000381469727, "84": 9.880000114440918, "85": 9.880000114440918, "86": 9.880000114440918, "87": 9.880000114440918, "88": 9.880000114440918, "89": 9.880000114440918, "90": 9.90999984741211, "91": 9.90999984741211, "92": 9.869999885559082, "93": 9.869999885559082, "94": 9.899999618530273, "95": 9.880000114440918, "96": 9.890000343322754, "97": 9.880000114440918, "98": 9.880000114440918, "99": 9.880000114440918, "100": 9.880000114440918, "101": 9.880000114440918, "102": 9.880000114440918, "103": 9.890000343322754, "104": 9.880000114440918, "105": 9.880000114440918, "106": 9.890000343322754, "107": 9.890000343322754, "108": 9.890000343322754, "109": 9.890000343322754, "110": 9.890000343322754, "111": 9.899999618530273, "112": 9.899999618530273, "113": 9.899999618530273, "114": 9.899999618530273, "115": 9.899999618530273, "116": 9.899999618530273, "117": 9.899999618530273, "118": 9.899999618530273, "119": 9.920000076293945, "120": 9.920000076293945, "121": 9.920000076293945, "122": 9.930000305175781, "123": 9.930000305175781, "124": 9.930000305175781, "125": 9.930000305175781, "126": 9.930000305175781, "127": 9.930000305175781, "128": 9.930000305175781, "129": 9.949999809265137, "130": 9.949999809265137, "131": 9.949999809265137, "132": 9.9399995803833, "133": 9.960000038146973, "134": 9.9350004196167, "135": 9.9350004196167, "136": 9.9350004196167, "137": 9.9399995803833, "138": 9.9399995803833, "139": 9.9399995803833, "140": 9.9399995803833, "141": 9.9399995803833, "142": 9.9399995803833, "143": 9.9399995803833, "144": 9.9399995803833, "145": 9.9399995803833, "146": 9.9399995803833, "147": 9.9399995803833, "148": 9.899999618530273, "149": 9.90999984741211, "150": 9.90999984741211, "151": 9.90999984741211, "152": 9.90999984741211, "153": 9.90999984741211, "154": 9.90999984741211, "155": 9.930000305175781, "156": 9.930000305175781, "157": 9.930000305175781, "158": 9.920000076293945, "159": 9.920000076293945, "160": 9.920000076293945, "161": 9.920000076293945, "162": 9.920000076293945, "163": 9.920000076293945, "164": 9.920000076293945, "165": 9.970000267028809, "166": 9.970000267028809, "167": 9.970000267028809, "168": 9.970000267028809, "169": 9.970000267028809, "170": 9.930000305175781, "171": 9.949999809265137, "172": 9.949999809265137, "173": 9.949999809265137, "174": 9.949999809265137, "175": 9.949999809265137, "176": 9.949999809265137, "177": 9.949999809265137, "178": 9.949999809265137, "179": 9.949999809265137, "180": 9.949999809265137, "181": 9.949999809265137, "182": 9.949999809265137, "183": 9.949999809265137, "184": 9.949999809265137, "185": 9.949999809265137, "186": 9.949999809265137, "187": 9.989999771118164, "188": 9.989999771118164, "189": 9.979999542236328, "190": 9.979999542236328, "191": 9.979999542236328, "192": 9.979999542236328, "193": 9.979999542236328, "194": 10.020000457763672, "195": 10.020000457763672, "196": 10.020000457763672, "197": 10.020000457763672, "198": 10.020000457763672, "199": 10.020000457763672, "200": 10.020000457763672, "201": 10.020000457763672, "202": 10.020000457763672, "203": 10.020000457763672, "204": 10.020000457763672, "205": 10.020000457763672, "206": 10.039999961853027, "207": 10.5, "208": 10.039999961853027, "209": 10.0, "210": 9.9399995803833, "211": 9.989999771118164, "212": 10.020000457763672, "213": 10.020000457763672, "214": 10.020000457763672, "215": 10.020000457763672, "216": 10.020000457763672, "217": 9.989999771118164, "218": 9.989999771118164, "219": 9.989999771118164, "220": 9.960000038146973, "221": 10.010000228881836, "222": 10.010000228881836, "223": 10.0, "224": 10.010000228881836, "225": 10.5, "226": 10.010000228881836, "227": 10.010000228881836, "228": 10.010000228881836, "229": 10.020000457763672, "230": 9.970000267028809, "231": 9.970000267028809, "232": 9.970000267028809, "233": 9.979999542236328, "234": 9.979999542236328, "235": 9.979999542236328, "236": 9.979999542236328, "237": 9.979999542236328, "238": 9.979999542236328, "239": 9.979999542236328, "240": 10.029999732971191, "241": 10.0, "242": 10.0, "243": 10.0, "244": 10.029999732971191, "245": 10.029999732971191, "246": 10.029999732971191, "247": 10.029999732971191, "248": 10.029999732971191, "249": 10.119999885559082, "250": 10.039999961853027, "251": 10.039999961853027, "252": 10.039999961853027, "253": 10.039999961853027, "254": 10.039999961853027, "255": 10.039999961853027, "256": 10.039999961853027, "257": 10.039999961853027, "258": 10.039999961853027, "259": 10.039999961853027, "260": 10.039999961853027, "261": 10.039999961853027, "262": 10.119999885559082, "263": 10.119999885559082, "264": 10.09000015258789, "265": 10.050000190734863, "266": 10.0600004196167, "267": 10.0600004196167, "268": 10.0600004196167, "269": 10.0600004196167, "270": 10.069999694824219, "271": 10.100000381469727, "272": 10.079999923706055, "273": 10.100000381469727, "274": 10.123000144958496, "275": 10.123000144958496, "276": 10.123000144958496, "277": 10.123000144958496, "278": 10.069999694824219, "279": 10.079999923706055, "280": 10.079999923706055, "281": 10.149999618530273, "282": 10.149999618530273, "283": 10.149999618530273, "284": 10.149999618530273, "285": 10.149999618530273, "286": 10.149999618530273, "287": 10.149999618530273, "288": 10.079999923706055, "289": 10.069999694824219, "290": 10.079999923706055, "291": 10.09000015258789, "292": 10.09000015258789, "293": 10.140000343322754, "294": 10.140000343322754, "295": 10.170000076293945, "296": 10.15999984741211, "297": 10.199999809265137, "298": 10.210000038146973, "299": 10.600000381469727, "300": 10.239999771118164, "301": 10.234999656677246, "302": 10.239999771118164, "303": 10.239999771118164, "304": 10.239999771118164, "305": 10.239999771118164, "306": 10.239999771118164, "307": 10.258000373840332, "308": 10.258000373840332, "309": 10.260000228881836, "310": 10.260000228881836, "311": 10.260000228881836, "312": 10.279999732971191, "313": 10.28499984741211, "314": 10.28499984741211, "315": 10.279999732971191, "316": 10.279999732971191, "317": 10.28499984741211, "318": 10.28499984741211, "319": 10.28499984741211, "320": 10.28499984741211, "321": 10.329999923706055, "322": 10.300000190734863, "323": 10.3100004196167, "324": 10.319999694824219, "325": 10.329999923706055, "326": 10.319999694824219, "327": 10.34000015258789, "328": 10.319999694824219, "329": 10.319999694824219, "330": 10.3100004196167, "331": 10.34000015258789, "332": 10.359999656677246, "333": 10.369999885559082, "334": 10.369999885559082, "335": 10.359999656677246, "336": 10.369999885559082, "337": 10.369999885559082, "338": 10.380000114440918, "339": 10.369999885559082, "340": 10.380000114440918, "341": 10.390000343322754, "342": 10.380000114440918, "343": 10.369999885559082, "344": 10.369999885559082, "345": 10.375, "346": 10.390000343322754, "347": 10.369999885559082, "348": 10.390000343322754, "349": 10.375, "350": 10.388999938964844, "351": 10.390000343322754, "352": 10.380000114440918, "353": 10.390000343322754, "354": 10.380000114440918, "355": 10.380000114440918, "356": 10.385000228881836, "357": 10.359999656677246, "358": 10.390000343322754, "359": 10.390000343322754, "360": 10.390000343322754, "361": 10.390000343322754, "362": 10.390000343322754, "363": 10.369999885559082, "364": 10.383000373840332, "365": 10.390000343322754, "366": 10.385000228881836, "367": 10.385000228881836, "368": 10.385000228881836, "369": 10.385000228881836, "370": 10.359999656677246, "371": 10.390000343322754, "372": 10.399999618530273, "373": 10.404999732971191, "374": 10.449999809265137, "375": 10.404999732971191, "376": 10.414999961853027, "377": 10.414999961853027, "378": 10.414999961853027, "379": 10.414999961853027, "380": 10.4350004196167, "381": 10.4399995803833, "382": 10.40999984741211, "383": 10.40999984741211, "384": 10.40999984741211, "385": 10.4399995803833, "386": 10.449999809265137, "387": 10.449999809265137, "388": 10.449999809265137, "389": 10.470000267028809, "390": 10.470000267028809, "391": 10.470000267028809, "392": 10.470000267028809, "393": 10.470000267028809, "394": 10.470000267028809, "395": 10.420000076293945, "396": 10.420000076293945, "397": 10.420000076293945, "398": 10.420000076293945, "399": 10.470000267028809, "400": 10.479999542236328, "401": 10.430000305175781, "402": 10.479999542236328, "403": 10.489999771118164, "404": 10.5, "405": 10.449999809265137, "406": 10.449999809265137, "407": 10.449999809265137, "408": 10.449999809265137, "409": 10.449999809265137, "410": 10.449999809265137, "411": 10.449999809265137, "412": 10.449999809265137, "413": 10.449999809265137, "414": 10.449999809265137, "415": 10.449999809265137, "416": 10.449999809265137, "417": 10.449999809265137}, "high": {"0": 10.079999923706055, "1": 10.079999923706055, "2": 9.829999923706055, "3": 9.829999923706055, "4": 9.829999923706055, "5": 9.829999923706055, "6": 9.829999923706055, "7": 9.829999923706055, "8": 9.819999694824219, "9": 9.819999694824219, "10": 9.821999549865723, "11": 9.829999923706055, "12": 9.829999923706055, "13": 9.84000015258789, "14": 9.829999923706055, "15": 9.838000297546387, "16": 9.84000015258789, "17": 9.84000015258789, "18": 9.84000015258789, "19": 9.84000015258789, "20": 9.84000015258789, "21": 9.840999603271484, "22": 9.84000015258789, "23": 9.84000015258789, "24": 9.84000015258789, "25": 9.829999923706055, "26": 9.819999694824219, "27": 9.819999694824219, "28": 9.819999694824219, "29": 9.819999694824219, "30": 9.819999694824219, "31": 9.8100004196167, "32": 9.8100004196167, "33": 9.800000190734863, "34": 9.800000190734863, "35": 9.800000190734863, "36": 9.800000190734863, "37": 9.8100004196167, "38": 9.8100004196167, "39": 9.8100004196167, "40": 9.8100004196167, "41": 9.810999870300293, "42": 9.8100004196167, "43": 9.8100004196167, "44": 9.819999694824219, "45": 9.8100004196167, "46": 9.8100004196167, "47": 9.819999694824219, "48": 9.819999694824219, "49": 9.819999694824219, "50": 9.819999694824219, "51": 9.819999694824219, "52": 9.819999694824219, "53": 9.819999694824219, "54": 9.829999923706055, "55": 9.829999923706055, "56": 9.82800006866455, "57": 9.829999923706055, "58": 9.819999694824219, "59": 9.819999694824219, "60": 9.819999694824219, "61": 9.819999694824219, "62": 9.84000015258789, "63": 9.84000015258789, "64": 9.84000015258789, "65": 9.84000015258789, "66": 9.848999977111816, "67": 9.848999977111816, "68": 9.859999656677246, "69": 9.890000343322754, "70": 9.890000343322754, "71": 9.859999656677246, "72": 9.859999656677246, "73": 9.859999656677246, "74": 9.850000381469727, "75": 9.880000114440918, "76": 9.880000114440918, "77": 9.869999885559082, "78": 9.859999656677246, "79": 9.854999542236328, "80": 9.864999771118164, "81": 9.850000381469727, "82": 9.850000381469727, "83": 9.850000381469727, "84": 9.880000114440918, "85": 9.880000114440918, "86": 9.880000114440918, "87": 9.880000114440918, "88": 9.880000114440918, "89": 9.880000114440918, "90": 9.90999984741211, "91": 9.90999984741211, "92": 9.90999984741211, "93": 9.869999885559082, "94": 9.899999618530273, "95": 9.880000114440918, "96": 9.899999618530273, "97": 9.880000114440918, "98": 9.880000114440918, "99": 9.880000114440918, "100": 9.880000114440918, "101": 9.880000114440918, "102": 9.880000114440918, "103": 9.890000343322754, "104": 9.880000114440918, "105": 9.880000114440918, "106": 9.899999618530273, "107": 9.890000343322754, "108": 9.890000343322754, "109": 9.890000343322754, "110": 9.890000343322754, "111": 9.899999618530273, "112": 9.899999618530273, "113": 9.899999618530273, "114": 9.899999618530273, "115": 9.899999618530273, "116": 9.899999618530273, "117": 9.899999618530273, "118": 9.899999618530273, "119": 9.920000076293945, "120": 9.920000076293945, "121": 9.920000076293945, "122": 9.930000305175781, "123": 9.930000305175781, "124": 9.930000305175781, "125": 9.930000305175781, "126": 9.930000305175781, "127": 9.930000305175781, "128": 9.930000305175781, "129": 9.949999809265137, "130": 9.949999809265137, "131": 9.949999809265137, "132": 9.960000038146973, "133": 9.960000038146973, "134": 9.9350004196167, "135": 9.9350004196167, "136": 9.9350004196167, "137": 9.9399995803833, "138": 9.9399995803833, "139": 9.9399995803833, "140": 9.9399995803833, "141": 9.9399995803833, "142": 9.9399995803833, "143": 9.9399995803833, "144": 9.9399995803833, "145": 9.9399995803833, "146": 9.9399995803833, "147": 9.9399995803833, "148": 9.899999618530273, "149": 9.920000076293945, "150": 9.90999984741211, "151": 9.90999984741211, "152": 9.90999984741211, "153": 9.90999984741211, "154": 9.90999984741211, "155": 9.930000305175781, "156": 9.930000305175781, "157": 9.930000305175781, "158": 9.920000076293945, "159": 9.920000076293945, "160": 9.920000076293945, "161": 9.920000076293945, "162": 9.920000076293945, "163": 9.920000076293945, "164": 9.944999694824219, "165": 9.970000267028809, "166": 9.970000267028809, "167": 9.970000267028809, "168": 9.970000267028809, "169": 9.970000267028809, "170": 9.949999809265137, "171": 9.949999809265137, "172": 9.949999809265137, "173": 9.949999809265137, "174": 9.949999809265137, "175": 9.949999809265137, "176": 9.949999809265137, "177": 9.949999809265137, "178": 9.949999809265137, "179": 9.949999809265137, "180": 9.949999809265137, "181": 9.949999809265137, "182": 9.949999809265137, "183": 9.949999809265137, "184": 9.949999809265137, "185": 9.949999809265137, "186": 9.949999809265137, "187": 9.989999771118164, "188": 9.989999771118164, "189": 9.979999542236328, "190": 9.979999542236328, "191": 9.979999542236328, "192": 9.979999542236328, "193": 9.979999542236328, "194": 10.020000457763672, "195": 10.020000457763672, "196": 10.020000457763672, "197": 10.020000457763672, "198": 10.020000457763672, "199": 10.020000457763672, "200": 10.020000457763672, "201": 10.020000457763672, "202": 10.020000457763672, "203": 10.020000457763672, "204": 10.020000457763672, "205": 10.020000457763672, "206": 10.039999961853027, "207": 10.510000228881836, "208": 10.039999961853027, "209": 10.0, "210": 10.029999732971191, "211": 10.020000457763672, "212": 10.020000457763672, "213": 10.020000457763672, "214": 10.020000457763672, "215": 10.020000457763672, "216": 10.020000457763672, "217": 9.989999771118164, "218": 9.989999771118164, "219": 9.989999771118164, "220": 9.960000038146973, "221": 10.010000228881836, "222": 10.010000228881836, "223": 10.010000228881836, "224": 10.010000228881836, "225": 10.5, "226": 10.010000228881836, "227": 10.010000228881836, "228": 10.020000457763672, "229": 10.020000457763672, "230": 9.970000267028809, "231": 9.970000267028809, "232": 9.970000267028809, "233": 9.979999542236328, "234": 9.979999542236328, "235": 9.979999542236328, "236": 9.979999542236328, "237": 9.979999542236328, "238": 9.979999542236328, "239": 9.979999542236328, "240": 10.029999732971191, "241": 10.0, "242": 10.0, "243": 10.0, "244": 10.029999732971191, "245": 10.029999732971191, "246": 10.029999732971191, "247": 10.029999732971191, "248": 10.029999732971191, "249": 10.119999885559082, "250": 10.039999961853027, "251": 10.039999961853027, "252": 10.039999961853027, "253": 10.039999961853027, "254": 10.039999961853027, "255": 10.039999961853027, "256": 10.039999961853027, "257": 10.039999961853027, "258": 10.039999961853027, "259": 10.039999961853027, "260": 10.039999961853027, "261": 10.039999961853027, "262": 10.119999885559082, "263": 10.119999885559082, "264": 10.09000015258789, "265": 10.050000190734863, "266": 10.0600004196167, "267": 10.0600004196167, "268": 10.0600004196167, "269": 10.069999694824219, "270": 10.574999809265137, "271": 10.100000381469727, "272": 10.614999771118164, "273": 10.149999618530273, "274": 10.123000144958496, "275": 10.123000144958496, "276": 10.123000144958496, "277": 10.123000144958496, "278": 10.104999542236328, "279": 10.079999923706055, "280": 10.079999923706055, "281": 10.149999618530273, "282": 10.149999618530273, "283": 10.359999656677246, "284": 10.149999618530273, "285": 10.149999618530273, "286": 10.149999618530273, "287": 10.149999618530273, "288": 10.079999923706055, "289": 10.069999694824219, "290": 10.079999923706055, "291": 10.09000015258789, "292": 10.09000015258789, "293": 10.140000343322754, "294": 10.140000343322754, "295": 10.170000076293945, "296": 10.197999954223633, "297": 10.210000038146973, "298": 10.210000038146973, "299": 10.600000381469727, "300": 10.239999771118164, "301": 10.25, "302": 10.25, "303": 10.239999771118164, "304": 10.239999771118164, "305": 10.239999771118164, "306": 10.25, "307": 10.258000373840332, "308": 10.258000373840332, "309": 10.260000228881836, "310": 10.260000228881836, "311": 10.28499984741211, "312": 10.279999732971191, "313": 10.28499984741211, "314": 10.28499984741211, "315": 10.279999732971191, "316": 10.28499984741211, "317": 10.28499984741211, "318": 10.28499984741211, "319": 10.28499984741211, "320": 10.28499984741211, "321": 10.329999923706055, "322": 10.300000190734863, "323": 10.3100004196167, "324": 10.319999694824219, "325": 10.329999923706055, "326": 10.319999694824219, "327": 10.34000015258789, "328": 10.319999694824219, "329": 10.324999809265137, "330": 10.3100004196167, "331": 10.359999656677246, "332": 10.369999885559082, "333": 10.47700023651123, "334": 10.375, "335": 10.359999656677246, "336": 10.885000228881836, "337": 10.40999984741211, "338": 10.390000343322754, "339": 10.38700008392334, "340": 10.425000190734863, "341": 10.390000343322754, "342": 10.380000114440918, "343": 10.385000228881836, "344": 10.399999618530273, "345": 10.390000343322754, "346": 10.390000343322754, "347": 10.375, "348": 10.390000343322754, "349": 10.390000343322754, "350": 10.390000343322754, "351": 10.390000343322754, "352": 10.390000343322754, "353": 10.390000343322754, "354": 10.380000114440918, "355": 10.380000114440918, "356": 10.385000228881836, "357": 10.359999656677246, "358": 10.390000343322754, "359": 10.390000343322754, "360": 10.390000343322754, "361": 10.390000343322754, "362": 10.390000343322754, "363": 10.390000343322754, "364": 10.383000373840332, "365": 10.390000343322754, "366": 10.385000228881836, "367": 10.390000343322754, "368": 10.385000228881836, "369": 10.399999618530273, "370": 10.359999656677246, "371": 10.390000343322754, "372": 10.404999732971191, "373": 10.404999732971191, "374": 10.449999809265137, "375": 10.40999984741211, "376": 10.420000076293945, "377": 10.414999961853027, "378": 10.414999961853027, "379": 10.414999961853027, "380": 10.4399995803833, "381": 10.4399995803833, "382": 10.40999984741211, "383": 10.40999984741211, "384": 10.40999984741211, "385": 10.4399995803833, "386": 10.449999809265137, "387": 10.449999809265137, "388": 10.449999809265137, "389": 10.475000381469727, "390": 10.470000267028809, "391": 10.470000267028809, "392": 10.470000267028809, "393": 10.470000267028809, "394": 10.470000267028809, "395": 10.420000076293945, "396": 10.420000076293945, "397": 10.420000076293945, "398": 10.420000076293945, "399": 10.479999542236328, "400": 10.479999542236328, "401": 10.430000305175781, "402": 10.479999542236328, "403": 10.489999771118164, "404": 10.5, "405": 10.449999809265137, "406": 10.449999809265137, "407": 10.449999809265137, "408": 10.449999809265137, "409": 10.449999809265137, "410": 10.449999809265137, "411": 10.449999809265137, "412": 10.449999809265137, "413": 10.449999809265137, "414": 10.449999809265137, "415": 10.449999809265137, "416": 10.449999809265137, "417": 10.449999809265137}, "low": {"0": 10.079999923706055, "1": 9.800000190734863, "2": 9.770000457763672, "3": 9.819999694824219, "4": 9.819999694824219, "5": 9.800000190734863, "6": 9.8100004196167, "7": 9.78499984741211, "8": 9.800000190734863, "9": 9.819999694824219, "10": 9.819999694824219, "11": 9.819999694824219, "12": 9.829999923706055, "13": 9.829999923706055, "14": 9.829999923706055, "15": 9.838000297546387, "16": 9.83899974822998, "17": 9.84000015258789, "18": 9.84000015258789, "19": 9.84000015258789, "20": 9.84000015258789, "21": 9.840999603271484, "22": 9.84000015258789, "23": 9.84000015258789, "24": 9.829999923706055, "25": 9.829999923706055, "26": 9.8100004196167, "27": 9.819999694824219, "28": 9.8100004196167, "29": 9.819999694824219, "30": 9.8100004196167, "31": 9.800000190734863, "32": 9.800000190734863, "33": 9.800000190734863, "34": 9.800000190734863, "35": 9.800000190734863, "36": 9.800000190734863, "37": 9.8100004196167, "38": 9.800000190734863, "39": 9.8100004196167, "40": 9.8100004196167, "41": 9.8100004196167, "42": 9.8100004196167, "43": 9.8100004196167, "44": 9.800000190734863, "45": 9.8100004196167, "46": 9.8100004196167, "47": 9.819999694824219, "48": 9.819999694824219, "49": 9.819999694824219, "50": 9.819999694824219, "51": 9.819999694824219, "52": 9.819999694824219, "53": 9.819999694824219, "54": 9.819999694824219, "55": 9.82800006866455, "56": 9.82800006866455, "57": 9.819999694824219, "58": 9.819999694824219, "59": 9.819999694824219, "60": 9.819999694824219, "61": 9.819999694824219, "62": 9.8100004196167, "63": 9.84000015258789, "64": 9.84000015258789, "65": 9.84000015258789, "66": 9.84000015258789, "67": 9.848999977111816, "68": 9.850000381469727, "69": 9.850000381469727, "70": 9.890000343322754, "71": 9.850000381469727, "72": 9.850000381469727, "73": 9.850000381469727, "74": 9.850000381469727, "75": 9.880000114440918, "76": 9.880000114440918, "77": 9.859999656677246, "78": 9.859999656677246, "79": 9.854999542236328, "80": 9.859999656677246, "81": 9.850000381469727, "82": 9.850000381469727, "83": 9.850000381469727, "84": 9.880000114440918, "85": 9.880000114440918, "86": 9.880000114440918, "87": 9.880000114440918, "88": 9.880000114440918, "89": 9.880000114440918, "90": 9.90999984741211, "91": 9.90999984741211, "92": 9.869999885559082, "93": 9.869999885559082, "94": 9.899999618530273, "95": 9.880000114440918, "96": 9.890000343322754, "97": 9.880000114440918, "98": 9.880000114440918, "99": 9.880000114440918, "100": 9.880000114440918, "101": 9.880000114440918, "102": 9.880000114440918, "103": 9.880000114440918, "104": 9.880000114440918, "105": 9.880000114440918, "106": 9.890000343322754, "107": 9.890000343322754, "108": 9.890000343322754, "109": 9.890000343322754, "110": 9.890000343322754, "111": 9.899999618530273, "112": 9.899999618530273, "113": 9.899999618530273, "114": 9.899999618530273, "115": 9.899999618530273, "116": 9.899999618530273, "117": 9.899999618530273, "118": 9.899999618530273, "119": 9.920000076293945, "120": 9.920000076293945, "121": 9.920000076293945, "122": 9.930000305175781, "123": 9.930000305175781, "124": 9.930000305175781, "125": 9.930000305175781, "126": 9.930000305175781, "127": 9.930000305175781, "128": 9.930000305175781, "129": 9.949999809265137, "130": 9.949999809265137, "131": 9.949999809265137, "132": 9.930000305175781, "133": 9.960000038146973, "134": 9.9350004196167, "135": 9.9350004196167, "136": 9.9350004196167, "137": 9.9399995803833, "138": 9.9399995803833, "139": 9.9399995803833, "140": 9.9399995803833, "141": 9.9399995803833, "142": 9.9399995803833, "143": 9.9399995803833, "144": 9.9399995803833, "145": 9.9399995803833, "146": 9.9399995803833, "147": 9.9399995803833, "148": 9.899999618530273, "149": 9.90999984741211, "150": 9.90999984741211, "151": 9.90999984741211, "152": 9.90999984741211, "153": 9.90999984741211, "154": 9.90999984741211, "155": 9.930000305175781, "156": 9.930000305175781, "157": 9.930000305175781, "158": 9.920000076293945, "159": 9.920000076293945, "160": 9.920000076293945, "161": 9.920000076293945, "162": 9.920000076293945, "163": 9.920000076293945, "164": 9.920000076293945, "165": 9.970000267028809, "166": 9.970000267028809, "167": 9.970000267028809, "168": 9.970000267028809, "169": 9.970000267028809, "170": 9.930000305175781, "171": 9.930000305175781, "172": 9.949999809265137, "173": 9.949999809265137, "174": 9.949999809265137, "175": 9.949999809265137, "176": 9.949999809265137, "177": 9.949999809265137, "178": 9.949999809265137, "179": 9.949999809265137, "180": 9.949999809265137, "181": 9.949999809265137, "182": 9.949999809265137, "183": 9.949999809265137, "184": 9.949999809265137, "185": 9.949999809265137, "186": 9.949999809265137, "187": 9.989999771118164, "188": 9.979999542236328, "189": 9.979999542236328, "190": 9.979999542236328, "191": 9.979999542236328, "192": 9.979999542236328, "193": 9.979999542236328, "194": 10.020000457763672, "195": 10.020000457763672, "196": 10.020000457763672, "197": 10.020000457763672, "198": 10.020000457763672, "199": 10.020000457763672, "200": 10.020000457763672, "201": 10.020000457763672, "202": 10.020000457763672, "203": 10.020000457763672, "204": 10.020000457763672, "205": 10.020000457763672, "206": 10.039999961853027, "207": 10.010000228881836, "208": 9.989999771118164, "209": 10.0, "210": 9.9399995803833, "211": 9.989999771118164, "212": 10.020000457763672, "213": 10.020000457763672, "214": 10.020000457763672, "215": 10.020000457763672, "216": 9.989999771118164, "217": 9.989999771118164, "218": 9.989999771118164, "219": 9.989999771118164, "220": 9.960000038146973, "221": 10.010000228881836, "222": 10.010000228881836, "223": 10.0, "224": 10.010000228881836, "225": 10.010000228881836, "226": 10.010000228881836, "227": 10.010000228881836, "228": 10.010000228881836, "229": 10.020000457763672, "230": 9.970000267028809, "231": 9.970000267028809, "232": 9.970000267028809, "233": 9.979999542236328, "234": 9.979999542236328, "235": 9.979999542236328, "236": 9.979999542236328, "237": 9.979999542236328, "238": 9.979999542236328, "239": 9.979999542236328, "240": 10.0, "241": 10.0, "242": 10.0, "243": 10.0, "244": 10.029999732971191, "245": 10.029999732971191, "246": 10.029999732971191, "247": 10.029999732971191, "248": 10.029999732971191, "249": 10.039999961853027, "250": 10.039999961853027, "251": 10.039999961853027, "252": 10.039999961853027, "253": 10.039999961853027, "254": 10.039999961853027, "255": 10.039999961853027, "256": 10.039999961853027, "257": 10.039999961853027, "258": 10.039999961853027, "259": 10.039999961853027, "260": 10.039999961853027, "261": 10.039999961853027, "262": 10.119999885559082, "263": 10.119999885559082, "264": 10.050000190734863, "265": 10.050000190734863, "266": 10.0600004196167, "267": 10.0600004196167, "268": 10.0600004196167, "269": 10.0600004196167, "270": 10.069999694824219, "271": 10.100000381469727, "272": 10.069999694824219, "273": 10.100000381469727, "274": 10.123000144958496, "275": 10.123000144958496, "276": 10.123000144958496, "277": 10.123000144958496, "278": 10.069999694824219, "279": 10.079999923706055, "280": 10.079999923706055, "281": 10.149999618530273, "282": 10.149999618530273, "283": 10.149999618530273, "284": 10.149999618530273, "285": 10.149999618530273, "286": 10.149999618530273, "287": 10.149999618530273, "288": 10.069999694824219, "289": 10.069999694824219, "290": 10.079999923706055, "291": 10.09000015258789, "292": 10.09000015258789, "293": 10.130000114440918, "294": 10.140000343322754, "295": 10.170000076293945, "296": 10.15999984741211, "297": 10.199999809265137, "298": 10.210000038146973, "299": 10.229999542236328, "300": 10.239999771118164, "301": 10.234999656677246, "302": 10.239999771118164, "303": 10.239999771118164, "304": 10.239999771118164, "305": 10.239999771118164, "306": 10.239999771118164, "307": 10.258000373840332, "308": 10.258000373840332, "309": 10.260000228881836, "310": 10.260000228881836, "311": 10.260000228881836, "312": 10.279999732971191, "313": 10.28499984741211, "314": 10.28499984741211, "315": 10.279999732971191, "316": 10.279999732971191, "317": 10.28499984741211, "318": 10.28499984741211, "319": 10.28499984741211, "320": 10.28499984741211, "321": 10.329999923706055, "322": 10.289999961853027, "323": 10.3100004196167, "324": 10.319999694824219, "325": 10.329999923706055, "326": 10.319999694824219, "327": 10.34000015258789, "328": 10.3100004196167, "329": 10.319999694824219, "330": 10.3100004196167, "331": 10.34000015258789, "332": 10.359999656677246, "333": 10.366999626159668, "334": 10.359999656677246, "335": 10.357999801635742, "336": 10.368000030517578, "337": 10.359999656677246, "338": 10.359999656677246, "339": 10.369999885559082, "340": 10.369999885559082, "341": 10.390000343322754, "342": 10.369999885559082, "343": 10.369999885559082, "344": 10.369999885559082, "345": 10.375, "346": 10.390000343322754, "347": 10.369999885559082, "348": 10.390000343322754, "349": 10.375, "350": 10.388999938964844, "351": 10.390000343322754, "352": 10.380000114440918, "353": 10.380000114440918, "354": 10.380000114440918, "355": 10.380000114440918, "356": 10.369999885559082, "357": 10.359999656677246, "358": 10.359999656677246, "359": 10.390000343322754, "360": 10.390000343322754, "361": 10.390000343322754, "362": 10.390000343322754, "363": 10.369999885559082, "364": 10.383000373840332, "365": 10.390000343322754, "366": 10.380000114440918, "367": 10.385000228881836, "368": 10.385000228881836, "369": 10.385000228881836, "370": 10.359999656677246, "371": 10.380000114440918, "372": 10.395000457763672, "373": 10.404999732971191, "374": 10.399999618530273, "375": 10.404999732971191, "376": 10.414999961853027, "377": 10.414999961853027, "378": 10.414999961853027, "379": 10.414999961853027, "380": 10.4350004196167, "381": 10.4399995803833, "382": 10.40999984741211, "383": 10.40999984741211, "384": 10.40999984741211, "385": 10.4399995803833, "386": 10.449999809265137, "387": 10.449999809265137, "388": 10.449999809265137, "389": 10.470000267028809, "390": 10.470000267028809, "391": 10.470000267028809, "392": 10.470000267028809, "393": 10.470000267028809, "394": 10.470000267028809, "395": 10.420000076293945, "396": 10.420000076293945, "397": 10.420000076293945, "398": 10.420000076293945, "399": 10.470000267028809, "400": 10.430000305175781, "401": 10.430000305175781, "402": 10.470000267028809, "403": 10.489999771118164, "404": 10.470000267028809, "405": 10.449999809265137, "406": 10.449999809265137, "407": 10.449999809265137, "408": 10.449999809265137, "409": 10.449999809265137, "410": 10.449999809265137, "411": 10.449999809265137, "412": 10.449999809265137, "413": 10.449999809265137, "414": 10.449999809265137, "415": 10.449999809265137, "416": 10.449999809265137, "417": 10.449999809265137}, "close": {"0": 10.079999923706055, "1": 9.800000190734863, "2": 9.819999694824219, "3": 9.829999923706055, "4": 9.829999923706055, "5": 9.800000190734863, "6": 9.8100004196167, "7": 9.800000190734863, "8": 9.800000190734863, "9": 9.819999694824219, "10": 9.819999694824219, "11": 9.829999923706055, "12": 9.829999923706055, "13": 9.84000015258789, "14": 9.829999923706055, "15": 9.838000297546387, "16": 9.84000015258789, "17": 9.84000015258789, "18": 9.84000015258789, "19": 9.84000015258789, "20": 9.84000015258789, "21": 9.840999603271484, "22": 9.84000015258789, "23": 9.84000015258789, "24": 9.829999923706055, "25": 9.829999923706055, "26": 9.819999694824219, "27": 9.819999694824219, "28": 9.819999694824219, "29": 9.819999694824219, "30": 9.8100004196167, "31": 9.8100004196167, "32": 9.8100004196167, "33": 9.800000190734863, "34": 9.800000190734863, "35": 9.800000190734863, "36": 9.800000190734863, "37": 9.8100004196167, "38": 9.8100004196167, "39": 9.8100004196167, "40": 9.8100004196167, "41": 9.8100004196167, "42": 9.8100004196167, "43": 9.8100004196167, "44": 9.8100004196167, "45": 9.8100004196167, "46": 9.8100004196167, "47": 9.819999694824219, "48": 9.819999694824219, "49": 9.819999694824219, "50": 9.819999694824219, "51": 9.819999694824219, "52": 9.819999694824219, "53": 9.819999694824219, "54": 9.829999923706055, "55": 9.82800006866455, "56": 9.82800006866455, "57": 9.819999694824219, "58": 9.819999694824219, "59": 9.819999694824219, "60": 9.819999694824219, "61": 9.819999694824219, "62": 9.84000015258789, "63": 9.84000015258789, "64": 9.84000015258789, "65": 9.84000015258789, "66": 9.848999977111816, "67": 9.848999977111816, "68": 9.850000381469727, "69": 9.890000343322754, "70": 9.890000343322754, "71": 9.850000381469727, "72": 9.850000381469727, "73": 9.850000381469727, "74": 9.850000381469727, "75": 9.880000114440918, "76": 9.880000114440918, "77": 9.859999656677246, "78": 9.859999656677246, "79": 9.854999542236328, "80": 9.859999656677246, "81": 9.850000381469727, "82": 9.850000381469727, "83": 9.850000381469727, "84": 9.880000114440918, "85": 9.880000114440918, "86": 9.880000114440918, "87": 9.880000114440918, "88": 9.880000114440918, "89": 9.880000114440918, "90": 9.90999984741211, "91": 9.90999984741211, "92": 9.869999885559082, "93": 9.869999885559082, "94": 9.899999618530273, "95": 9.880000114440918, "96": 9.890000343322754, "97": 9.880000114440918, "98": 9.880000114440918, "99": 9.880000114440918, "100": 9.880000114440918, "101": 9.880000114440918, "102": 9.880000114440918, "103": 9.880000114440918, "104": 9.880000114440918, "105": 9.880000114440918, "106": 9.890000343322754, "107": 9.890000343322754, "108": 9.890000343322754, "109": 9.890000343322754, "110": 9.890000343322754, "111": 9.899999618530273, "112": 9.899999618530273, "113": 9.899999618530273, "114": 9.899999618530273, "115": 9.899999618530273, "116": 9.899999618530273, "117": 9.899999618530273, "118": 9.899999618530273, "119": 9.920000076293945, "120": 9.920000076293945, "121": 9.920000076293945, "122": 9.930000305175781, "123": 9.930000305175781, "124": 9.930000305175781, "125": 9.930000305175781, "126": 9.930000305175781, "127": 9.930000305175781, "128": 9.930000305175781, "129": 9.949999809265137, "130": 9.949999809265137, "131": 9.949999809265137, "132": 9.960000038146973, "133": 9.960000038146973, "134": 9.9350004196167, "135": 9.9350004196167, "136": 9.9350004196167, "137": 9.9399995803833, "138": 9.9399995803833, "139": 9.9399995803833, "140": 9.9399995803833, "141": 9.9399995803833, "142": 9.9399995803833, "143": 9.9399995803833, "144": 9.9399995803833, "145": 9.9399995803833, "146": 9.9399995803833, "147": 9.9399995803833, "148": 9.899999618530273, "149": 9.90999984741211, "150": 9.90999984741211, "151": 9.90999984741211, "152": 9.90999984741211, "153": 9.90999984741211, "154": 9.90999984741211, "155": 9.930000305175781, "156": 9.930000305175781, "157": 9.930000305175781, "158": 9.920000076293945, "159": 9.920000076293945, "160": 9.920000076293945, "161": 9.920000076293945, "162": 9.920000076293945, "163": 9.920000076293945, "164": 9.920000076293945, "165": 9.970000267028809, "166": 9.970000267028809, "167": 9.970000267028809, "168": 9.970000267028809, "169": 9.970000267028809, "170": 9.949999809265137, "171": 9.949999809265137, "172": 9.949999809265137, "173": 9.949999809265137, "174": 9.949999809265137, "175": 9.949999809265137, "176": 9.949999809265137, "177": 9.949999809265137, "178": 9.949999809265137, "179": 9.949999809265137, "180": 9.949999809265137, "181": 9.949999809265137, "182": 9.949999809265137, "183": 9.949999809265137, "184": 9.949999809265137, "185": 9.949999809265137, "186": 9.949999809265137, "187": 9.989999771118164, "188": 9.979999542236328, "189": 9.979999542236328, "190": 9.979999542236328, "191": 9.979999542236328, "192": 9.979999542236328, "193": 9.979999542236328, "194": 10.020000457763672, "195": 10.020000457763672, "196": 10.020000457763672, "197": 10.020000457763672, "198": 10.020000457763672, "199": 10.020000457763672, "200": 10.020000457763672, "201": 10.020000457763672, "202": 10.020000457763672, "203": 10.020000457763672, "204": 10.020000457763672, "205": 10.020000457763672, "206": 10.039999961853027, "207": 10.010000228881836, "208": 10.0, "209": 10.0, "210": 10.029999732971191, "211": 10.020000457763672, "212": 10.020000457763672, "213": 10.020000457763672, "214": 10.020000457763672, "215": 10.020000457763672, "216": 9.989999771118164, "217": 9.989999771118164, "218": 9.989999771118164, "219": 9.989999771118164, "220": 9.960000038146973, "221": 10.010000228881836, "222": 10.010000228881836, "223": 10.010000228881836, "224": 10.010000228881836, "225": 10.010000228881836, "226": 10.010000228881836, "227": 10.010000228881836, "228": 10.020000457763672, "229": 10.020000457763672, "230": 9.970000267028809, "231": 9.970000267028809, "232": 9.970000267028809, "233": 9.979999542236328, "234": 9.979999542236328, "235": 9.979999542236328, "236": 9.979999542236328, "237": 9.979999542236328, "238": 9.979999542236328, "239": 9.979999542236328, "240": 10.0, "241": 10.0, "242": 10.0, "243": 10.0, "244": 10.029999732971191, "245": 10.029999732971191, "246": 10.029999732971191, "247": 10.029999732971191, "248": 10.029999732971191, "249": 10.039999961853027, "250": 10.039999961853027, "251": 10.039999961853027, "252": 10.039999961853027, "253": 10.039999961853027, "254": 10.039999961853027, "255": 10.039999961853027, "256": 10.039999961853027, "257": 10.039999961853027, "258": 10.039999961853027, "259": 10.039999961853027, "260": 10.039999961853027, "261": 10.039999961853027, "262": 10.119999885559082, "263": 10.119999885559082, "264": 10.050000190734863, "265": 10.050000190734863, "266": 10.0600004196167, "267": 10.0600004196167, "268": 10.0600004196167, "269": 10.069999694824219, "270": 10.100000381469727, "271": 10.100000381469727, "272": 10.119999885559082, "273": 10.123000144958496, "274": 10.123000144958496, "275": 10.123000144958496, "276": 10.123000144958496, "277": 10.123000144958496, "278": 10.079999923706055, "279": 10.079999923706055, "280": 10.079999923706055, "281": 10.149999618530273, "282": 10.149999618530273, "283": 10.149999618530273, "284": 10.149999618530273, "285": 10.149999618530273, "286": 10.149999618530273, "287": 10.149999618530273, "288": 10.069999694824219, "289": 10.069999694824219, "290": 10.079999923706055, "291": 10.09000015258789, "292": 10.09000015258789, "293": 10.140000343322754, "294": 10.140000343322754, "295": 10.170000076293945, "296": 10.180000305175781, "297": 10.210000038146973, "298": 10.210000038146973, "299": 10.239999771118164, "300": 10.239999771118164, "301": 10.244999885559082, "302": 10.239999771118164, "303": 10.239999771118164, "304": 10.239999771118164, "305": 10.239999771118164, "306": 10.25, "307": 10.258000373840332, "308": 10.258000373840332, "309": 10.260000228881836, "310": 10.260000228881836, "311": 10.28499984741211, "312": 10.279999732971191, "313": 10.28499984741211, "314": 10.28499984741211, "315": 10.279999732971191, "316": 10.28499984741211, "317": 10.28499984741211, "318": 10.28499984741211, "319": 10.28499984741211, "320": 10.28499984741211, "321": 10.329999923706055, "322": 10.289999961853027, "323": 10.3100004196167, "324": 10.319999694824219, "325": 10.329999923706055, "326": 10.319999694824219, "327": 10.34000015258789, "328": 10.319999694824219, "329": 10.324999809265137, "330": 10.3100004196167, "331": 10.359999656677246, "332": 10.364999771118164, "333": 10.369999885559082, "334": 10.359999656677246, "335": 10.359999656677246, "336": 10.399999618530273, "337": 10.380000114440918, "338": 10.390000343322754, "339": 10.371000289916992, "340": 10.390000343322754, "341": 10.390000343322754, "342": 10.380000114440918, "343": 10.369999885559082, "344": 10.399999618530273, "345": 10.390000343322754, "346": 10.390000343322754, "347": 10.369999885559082, "348": 10.390000343322754, "349": 10.380000114440918, "350": 10.390000343322754, "351": 10.390000343322754, "352": 10.390000343322754, "353": 10.380000114440918, "354": 10.380000114440918, "355": 10.380000114440918, "356": 10.369999885559082, "357": 10.359999656677246, "358": 10.390000343322754, "359": 10.390000343322754, "360": 10.390000343322754, "361": 10.390000343322754, "362": 10.390000343322754, "363": 10.390000343322754, "364": 10.383000373840332, "365": 10.390000343322754, "366": 10.380000114440918, "367": 10.385000228881836, "368": 10.385000228881836, "369": 10.399999618530273, "370": 10.359999656677246, "371": 10.380000114440918, "372": 10.404999732971191, "373": 10.404999732971191, "374": 10.404999732971191, "375": 10.409000396728516, "376": 10.414999961853027, "377": 10.414999961853027, "378": 10.414999961853027, "379": 10.414999961853027, "380": 10.4350004196167, "381": 10.4399995803833, "382": 10.40999984741211, "383": 10.40999984741211, "384": 10.40999984741211, "385": 10.4399995803833, "386": 10.449999809265137, "387": 10.449999809265137, "388": 10.449999809265137, "389": 10.470000267028809, "390": 10.470000267028809, "391": 10.470000267028809, "392": 10.470000267028809, "393": 10.470000267028809, "394": 10.470000267028809, "395": 10.420000076293945, "396": 10.420000076293945, "397": 10.420000076293945, "398": 10.420000076293945, "399": 10.479999542236328, "400": 10.430000305175781, "401": 10.430000305175781, "402": 10.470000267028809, "403": 10.489999771118164, "404": 10.470000267028809, "405": 10.449999809265137, "406": 10.449999809265137, "407": 10.449999809265137, "408": 10.449999809265137, "409": 10.449999809265137, "410": 10.449999809265137, "411": 10.449999809265137, "412": 10.449999809265137, "413": 10.449999809265137, "414": 10.449999809265137, "415": 10.449999809265137, "416": 10.449999809265137, "417": 10.449999809265137}, "volume": {"0": 73900, "1": 20200, "2": 858500, "3": 508800, "4": 202200, "5": 129700, "6": 113400, "7": 525800, "8": 22000, "9": 4400, "10": 6400, "11": 8900, "12": 151000, "13": 2900, "14": 1800, "15": 100, "16": 800, "17": 8800, "18": 0, "19": 0, "20": 2000, "21": 100, "22": 51600, "23": 100, "24": 80300, "25": 28900, "26": 26300, "27": 800, "28": 700, "29": 0, "30": 2000, "31": 63300, "32": 4300, "33": 900, "34": 1100, "35": 10600, "36": 5100, "37": 10100, "38": 300, "39": 32900, "40": 0, "41": 10500, "42": 5000, "43": 5100, "44": 7200, "45": 342600, "46": 0, "47": 6300, "48": 0, "49": 0, "50": 0, "51": 0, "52": 0, "53": 0, "54": 82300, "55": 4600, "56": 0, "57": 1700, "58": 2200, "59": 0, "60": 0, "61": 0, "62": 2400, "63": 0, "64": 100, "65": 1200, "66": 9300, "67": 0, "68": 100500, "69": 200, "70": 0, "71": 50400, "72": 400, "73": 300, "74": 0, "75": 200, "76": 0, "77": 3400, "78": 0, "79": 1100, "80": 11300, "81": 400, "82": 0, "83": 800, "84": 5000, "85": 6300, "86": 17000, "87": 0, "88": 100, "89": 0, "90": 200, "91": 0, "92": 600, "93": 0, "94": 700, "95": 300, "96": 1300, "97": 6200, "98": 0, "99": 0, "100": 0, "101": 0, "102": 200, "103": 96100, "104": 100, "105": 0, "106": 3500, "107": 0, "108": 0, "109": 0, "110": 0, "111": 100, "112": 0, "113": 0, "114": 0, "115": 0, "116": 0, "117": 0, "118": 0, "119": 200, "120": 100, "121": 0, "122": 1100, "123": 700, "124": 0, "125": 200, "126": 0, "127": 0, "128": 0, "129": 100, "130": 0, "131": 0, "132": 13000, "133": 0, "134": 200, "135": 0, "136": 0, "137": 2500, "138": 0, "139": 0, "140": 1100, "141": 0, "142": 0, "143": 0, "144": 0, "145": 0, "146": 0, "147": 0, "148": 11800, "149": 14700, "150": 0, "151": 0, "152": 0, "153": 0, "154": 0, "155": 200, "156": 0, "157": 0, "158": 900, "159": 0, "160": 0, "161": 0, "162": 0, "163": 0, "164": 3800, "165": 300, "166": 0, "167": 0, "168": 0, "169": 0, "170": 68500, "171": 32300, "172": 0, "173": 0, "174": 0, "175": 0, "176": 0, "177": 0, "178": 0, "179": 0, "180": 0, "181": 0, "182": 0, "183": 0, "184": 0, "185": 0, "186": 0, "187": 2000, "188": 20200, "189": 23500, "190": 0, "191": 0, "192": 0, "193": 0, "194": 900, "195": 0, "196": 0, "197": 0, "198": 0, "199": 0, "200": 0, "201": 0, "202": 0, "203": 0, "204": 0, "205": 0, "206": 600, "207": 4200, "208": 2300, "209": 0, "210": 400, "211": 300, "212": 0, "213": 0, "214": 0, "215": 0, "216": 254300, "217": 0, "218": 0, "219": 0, "220": 200, "221": 1000, "222": 0, "223": 245400, "224": 0, "225": 300, "226": 0, "227": 0, "228": 4000, "229": 0, "230": 200, "231": 0, "232": 49700, "233": 100, "234": 0, "235": 0, "236": 0, "237": 0, "238": 0, "239": 0, "240": 146000, "241": 0, "242": 0, "243": 0, "244": 42800, "245": 0, "246": 0, "247": 0, "248": 0, "249": 200, "250": 1500, "251": 0, "252": 0, "253": 0, "254": 13300, "255": 0, "256": 0, "257": 0, "258": 0, "259": 0, "260": 0, "261": 0, "262": 100, "263": 0, "264": 700, "265": 0, "266": 100, "267": 500, "268": 0, "269": 3100, "270": 57200, "271": 0, "272": 21700, "273": 8900, "274": 0, "275": 0, "276": 0, "277": 0, "278": 2400, "279": 0, "280": 0, "281": 500, "282": 0, "283": 11100, "284": 0, "285": 0, "286": 0, "287": 0, "288": 1500, "289": 0, "290": 1400, "291": 7300, "292": 0, "293": 5900, "294": 200, "295": 26000, "296": 209100, "297": 19700, "298": 0, "299": 445000, "300": 500, "301": 94800, "302": 33300, "303": 0, "304": 3400, "305": 0, "306": 27300, "307": 100, "308": 0, "309": 8500, "310": 0, "311": 250000, "312": 200000, "313": 200, "314": 0, "315": 100, "316": 2000, "317": 0, "318": 0, "319": 0, "320": 1900, "321": 100, "322": 330500, "323": 2400, "324": 50000, "325": 50000, "326": 30000, "327": 100, "328": 152800, "329": 102100, "330": 100, "331": 15200, "332": 74600, "333": 29500, "334": 32300, "335": 5600, "336": 48900, "337": 68200, "338": 244700, "339": 5100, "340": 11700, "341": 100, "342": 8300, "343": 27200, "344": 33500, "345": 1600, "346": 1300, "347": 27200, "348": 15100, "349": 56400, "350": 600, "351": 0, "352": 3500, "353": 1800, "354": 0, "355": 8300, "356": 5700, "357": 100, "358": 900, "359": 0, "360": 0, "361": 0, "362": 700, "363": 3500, "364": 1400, "365": 100, "366": 700, "367": 3600, "368": 0, "369": 4700, "370": 1700, "371": 4900, "372": 14000, "373": 0, "374": 3900, "375": 7500, "376": 3000, "377": 0, "378": 0, "379": 0, "380": 2400, "381": 1000, "382": 300, "383": 0, "384": 0, "385": 1400, "386": 4500, "387": 0, "388": 0, "389": 54300, "390": 1100, "391": 0, "392": 0, "393": 0, "394": 0, "395": 600, "396": 0, "397": 0, "398": 0, "399": 24800, "400": 600, "401": 0, "402": 400, "403": 400, "404": 5200, "405": 300, "406": 0, "407": 0, "408": 0, "409": 0, "410": 0, "411": 0, "412": 0, "413": 0, "414": 0, "415": 2300, "416": 0, "417": 0}, "adjclose": {"0": 10.079999923706055, "1": 9.800000190734863, "2": 9.819999694824219, "3": 9.829999923706055, "4": 9.829999923706055, "5": 9.800000190734863, "6": 9.8100004196167, "7": 9.800000190734863, "8": 9.800000190734863, "9": 9.819999694824219, "10": 9.819999694824219, "11": 9.829999923706055, "12": 9.829999923706055, "13": 9.84000015258789, "14": 9.829999923706055, "15": 9.838000297546387, "16": 9.84000015258789, "17": 9.84000015258789, "18": 9.84000015258789, "19": 9.84000015258789, "20": 9.84000015258789, "21": 9.840999603271484, "22": 9.84000015258789, "23": 9.84000015258789, "24": 9.829999923706055, "25": 9.829999923706055, "26": 9.819999694824219, "27": 9.819999694824219, "28": 9.819999694824219, "29": 9.819999694824219, "30": 9.8100004196167, "31": 9.8100004196167, "32": 9.8100004196167, "33": 9.800000190734863, "34": 9.800000190734863, "35": 9.800000190734863, "36": 9.800000190734863, "37": 9.8100004196167, "38": 9.8100004196167, "39": 9.8100004196167, "40": 9.8100004196167, "41": 9.8100004196167, "42": 9.8100004196167, "43": 9.8100004196167, "44": 9.8100004196167, "45": 9.8100004196167, "46": 9.8100004196167, "47": 9.819999694824219, "48": 9.819999694824219, "49": 9.819999694824219, "50": 9.819999694824219, "51": 9.819999694824219, "52": 9.819999694824219, "53": 9.819999694824219, "54": 9.829999923706055, "55": 9.82800006866455, "56": 9.82800006866455, "57": 9.819999694824219, "58": 9.819999694824219, "59": 9.819999694824219, "60": 9.819999694824219, "61": 9.819999694824219, "62": 9.84000015258789, "63": 9.84000015258789, "64": 9.84000015258789, "65": 9.84000015258789, "66": 9.848999977111816, "67": 9.848999977111816, "68": 9.850000381469727, "69": 9.890000343322754, "70": 9.890000343322754, "71": 9.850000381469727, "72": 9.850000381469727, "73": 9.850000381469727, "74": 9.850000381469727, "75": 9.880000114440918, "76": 9.880000114440918, "77": 9.859999656677246, "78": 9.859999656677246, "79": 9.854999542236328, "80": 9.859999656677246, "81": 9.850000381469727, "82": 9.850000381469727, "83": 9.850000381469727, "84": 9.880000114440918, "85": 9.880000114440918, "86": 9.880000114440918, "87": 9.880000114440918, "88": 9.880000114440918, "89": 9.880000114440918, "90": 9.90999984741211, "91": 9.90999984741211, "92": 9.869999885559082, "93": 9.869999885559082, "94": 9.899999618530273, "95": 9.880000114440918, "96": 9.890000343322754, "97": 9.880000114440918, "98": 9.880000114440918, "99": 9.880000114440918, "100": 9.880000114440918, "101": 9.880000114440918, "102": 9.880000114440918, "103": 9.880000114440918, "104": 9.880000114440918, "105": 9.880000114440918, "106": 9.890000343322754, "107": 9.890000343322754, "108": 9.890000343322754, "109": 9.890000343322754, "110": 9.890000343322754, "111": 9.899999618530273, "112": 9.899999618530273, "113": 9.899999618530273, "114": 9.899999618530273, "115": 9.899999618530273, "116": 9.899999618530273, "117": 9.899999618530273, "118": 9.899999618530273, "119": 9.920000076293945, "120": 9.920000076293945, "121": 9.920000076293945, "122": 9.930000305175781, "123": 9.930000305175781, "124": 9.930000305175781, "125": 9.930000305175781, "126": 9.930000305175781, "127": 9.930000305175781, "128": 9.930000305175781, "129": 9.949999809265137, "130": 9.949999809265137, "131": 9.949999809265137, "132": 9.960000038146973, "133": 9.960000038146973, "134": 9.9350004196167, "135": 9.9350004196167, "136": 9.9350004196167, "137": 9.9399995803833, "138": 9.9399995803833, "139": 9.9399995803833, "140": 9.9399995803833, "141": 9.9399995803833, "142": 9.9399995803833, "143": 9.9399995803833, "144": 9.9399995803833, "145": 9.9399995803833, "146": 9.9399995803833, "147": 9.9399995803833, "148": 9.899999618530273, "149": 9.90999984741211, "150": 9.90999984741211, "151": 9.90999984741211, "152": 9.90999984741211, "153": 9.90999984741211, "154": 9.90999984741211, "155": 9.930000305175781, "156": 9.930000305175781, "157": 9.930000305175781, "158": 9.920000076293945, "159": 9.920000076293945, "160": 9.920000076293945, "161": 9.920000076293945, "162": 9.920000076293945, "163": 9.920000076293945, "164": 9.920000076293945, "165": 9.970000267028809, "166": 9.970000267028809, "167": 9.970000267028809, "168": 9.970000267028809, "169": 9.970000267028809, "170": 9.949999809265137, "171": 9.949999809265137, "172": 9.949999809265137, "173": 9.949999809265137, "174": 9.949999809265137, "175": 9.949999809265137, "176": 9.949999809265137, "177": 9.949999809265137, "178": 9.949999809265137, "179": 9.949999809265137, "180": 9.949999809265137, "181": 9.949999809265137, "182": 9.949999809265137, "183": 9.949999809265137, "184": 9.949999809265137, "185": 9.949999809265137, "186": 9.949999809265137, "187": 9.989999771118164, "188": 9.979999542236328, "189": 9.979999542236328, "190": 9.979999542236328, "191": 9.979999542236328, "192": 9.979999542236328, "193": 9.979999542236328, "194": 10.020000457763672, "195": 10.020000457763672, "196": 10.020000457763672, "197": 10.020000457763672, "198": 10.020000457763672, "199": 10.020000457763672, "200": 10.020000457763672, "201": 10.020000457763672, "202": 10.020000457763672, "203": 10.020000457763672, "204": 10.020000457763672, "205": 10.020000457763672, "206": 10.039999961853027, "207": 10.010000228881836, "208": 10.0, "209": 10.0, "210": 10.029999732971191, "211": 10.020000457763672, "212": 10.020000457763672, "213": 10.020000457763672, "214": 10.020000457763672, "215": 10.020000457763672, "216": 9.989999771118164, "217": 9.989999771118164, "218": 9.989999771118164, "219": 9.989999771118164, "220": 9.960000038146973, "221": 10.010000228881836, "222": 10.010000228881836, "223": 10.010000228881836, "224": 10.010000228881836, "225": 10.010000228881836, "226": 10.010000228881836, "227": 10.010000228881836, "228": 10.020000457763672, "229": 10.020000457763672, "230": 9.970000267028809, "231": 9.970000267028809, "232": 9.970000267028809, "233": 9.979999542236328, "234": 9.979999542236328, "235": 9.979999542236328, "236": 9.979999542236328, "237": 9.979999542236328, "238": 9.979999542236328, "239": 9.979999542236328, "240": 10.0, "241": 10.0, "242": 10.0, "243": 10.0, "244": 10.029999732971191, "245": 10.029999732971191, "246": 10.029999732971191, "247": 10.029999732971191, "248": 10.029999732971191, "249": 10.039999961853027, "250": 10.039999961853027, "251": 10.039999961853027, "252": 10.039999961853027, "253": 10.039999961853027, "254": 10.039999961853027, "255": 10.039999961853027, "256": 10.039999961853027, "257": 10.039999961853027, "258": 10.039999961853027, "259": 10.039999961853027, "260": 10.039999961853027, "261": 10.039999961853027, "262": 10.119999885559082, "263": 10.119999885559082, "264": 10.050000190734863, "265": 10.050000190734863, "266": 10.0600004196167, "267": 10.0600004196167, "268": 10.0600004196167, "269": 10.069999694824219, "270": 10.100000381469727, "271": 10.100000381469727, "272": 10.119999885559082, "273": 10.123000144958496, "274": 10.123000144958496, "275": 10.123000144958496, "276": 10.123000144958496, "277": 10.123000144958496, "278": 10.079999923706055, "279": 10.079999923706055, "280": 10.079999923706055, "281": 10.149999618530273, "282": 10.149999618530273, "283": 10.149999618530273, "284": 10.149999618530273, "285": 10.149999618530273, "286": 10.149999618530273, "287": 10.149999618530273, "288": 10.069999694824219, "289": 10.069999694824219, "290": 10.079999923706055, "291": 10.09000015258789, "292": 10.09000015258789, "293": 10.140000343322754, "294": 10.140000343322754, "295": 10.170000076293945, "296": 10.180000305175781, "297": 10.210000038146973, "298": 10.210000038146973, "299": 10.239999771118164, "300": 10.239999771118164, "301": 10.244999885559082, "302": 10.239999771118164, "303": 10.239999771118164, "304": 10.239999771118164, "305": 10.239999771118164, "306": 10.25, "307": 10.258000373840332, "308": 10.258000373840332, "309": 10.260000228881836, "310": 10.260000228881836, "311": 10.28499984741211, "312": 10.279999732971191, "313": 10.28499984741211, "314": 10.28499984741211, "315": 10.279999732971191, "316": 10.28499984741211, "317": 10.28499984741211, "318": 10.28499984741211, "319": 10.28499984741211, "320": 10.28499984741211, "321": 10.329999923706055, "322": 10.289999961853027, "323": 10.3100004196167, "324": 10.319999694824219, "325": 10.329999923706055, "326": 10.319999694824219, "327": 10.34000015258789, "328": 10.319999694824219, "329": 10.324999809265137, "330": 10.3100004196167, "331": 10.359999656677246, "332": 10.364999771118164, "333": 10.369999885559082, "334": 10.359999656677246, "335": 10.359999656677246, "336": 10.399999618530273, "337": 10.380000114440918, "338": 10.390000343322754, "339": 10.371000289916992, "340": 10.390000343322754, "341": 10.390000343322754, "342": 10.380000114440918, "343": 10.369999885559082, "344": 10.399999618530273, "345": 10.390000343322754, "346": 10.390000343322754, "347": 10.369999885559082, "348": 10.390000343322754, "349": 10.380000114440918, "350": 10.390000343322754, "351": 10.390000343322754, "352": 10.390000343322754, "353": 10.380000114440918, "354": 10.380000114440918, "355": 10.380000114440918, "356": 10.369999885559082, "357": 10.359999656677246, "358": 10.390000343322754, "359": 10.390000343322754, "360": 10.390000343322754, "361": 10.390000343322754, "362": 10.390000343322754, "363": 10.390000343322754, "364": 10.383000373840332, "365": 10.390000343322754, "366": 10.380000114440918, "367": 10.385000228881836, "368": 10.385000228881836, "369": 10.399999618530273, "370": 10.359999656677246, "371": 10.380000114440918, "372": 10.404999732971191, "373": 10.404999732971191, "374": 10.404999732971191, "375": 10.409000396728516, "376": 10.414999961853027, "377": 10.414999961853027, "378": 10.414999961853027, "379": 10.414999961853027, "380": 10.4350004196167, "381": 10.4399995803833, "382": 10.40999984741211, "383": 10.40999984741211, "384": 10.40999984741211, "385": 10.4399995803833, "386": 10.449999809265137, "387": 10.449999809265137, "388": 10.449999809265137, "389": 10.470000267028809, "390": 10.470000267028809, "391": 10.470000267028809, "392": 10.470000267028809, "393": 10.470000267028809, "394": 10.470000267028809, "395": 10.420000076293945, "396": 10.420000076293945, "397": 10.420000076293945, "398": 10.420000076293945, "399": 10.479999542236328, "400": 10.430000305175781, "401": 10.430000305175781, "402": 10.470000267028809, "403": 10.489999771118164, "404": 10.470000267028809, "405": 10.449999809265137, "406": 10.449999809265137, "407": 10.449999809265137, "408": 10.449999809265137, "409": 10.449999809265137, "410": 10.449999809265137, "411": 10.449999809265137, "412": 10.449999809265137, "413": 10.449999809265137, "414": 10.449999809265137, "415": 10.449999809265137, "416": 10.449999809265137, "417": 10.449999809265137}}, "profile": {"address1": "8265 West Sunset Boulevard", "address2": "Suite # 107", "city": "West Hollywood", "state": "CA", "zip": "90046", "country": "United States", "phone": "323-682-8949", "industry": "Shell Companies", "industryDisp": "Shell Companies", "sector": "Financial Services", "longBusinessSummary": "Bannix Acquisition Corp. does not have significant operations. It focuses on effecting a merger, share exchange, asset acquisition, stock purchase, recapitalization, reorganization, or related business combination with one or more target businesses. The company intends to focus its search on target businesses in the customer engagement sector of telecommunications, retail, and financial services; B2B enterprise software; and that utilizes big data analytics technologies, advanced artificial intelligence/machine learning algorithms, cloud capabilities, and IoT-friendly infrastructure. Bannix Acquisition Corp. was incorporated in 2021 and is based in West Hollywood, California.", "companyOfficers": [{"maxAge": 1, "name": "Mr. Douglas Landers Davis", "age": 63, "title": "Co- Chairman, CEO, Sec. and Principal Exec., Accounting & Financial Officer", "yearBorn": 1959, "exercisedValue": 0, "unexercisedValue": 0}, {"maxAge": 1, "name": "Mr. Sudeesh  Yezhuvath B. Tech, B.Tech.", "age": 53, "title": "Chief Operating Officer", "yearBorn": 1969, "exercisedValue": 0, "unexercisedValue": 0}], "maxAge": 86400, "latitude": 34.09716700394506, "longitude": -118.36950000299584}}