{"income_statement": {"annual": null, "quarterly": null}, "balance_sheet": {"annual": null, "quarterly": null}, "cash_flow_statement": {"annual": null, "quarterly": null}, "ratios": {"annual": null, "quarterly": null}, "stock_price": {"symbol": {"0": "BNNR", "1": "BNNR", "2": "BNNR", "3": "BNNR", "4": "BNNR", "5": "BNNR", "6": "BNNR", "7": "BNNR", "8": "BNNR", "9": "BNNR", "10": "BNNR", "11": "BNNR", "12": "BNNR", "13": "BNNR", "14": "BNNR", "15": "BNNR", "16": "BNNR", "17": "BNNR", "18": "BNNR", "19": "BNNR", "20": "BNNR", "21": "BNNR", "22": "BNNR", "23": "BNNR", "24": "BNNR", "25": "BNNR", "26": "BNNR", "27": "BNNR", "28": "BNNR", "29": "BNNR", "30": "BNNR", "31": "BNNR", "32": "BNNR", "33": "BNNR", "34": "BNNR", "35": "BNNR", "36": "BNNR", "37": "BNNR", "38": "BNNR", "39": "BNNR", "40": "BNNR", "41": "BNNR", "42": "BNNR", "43": "BNNR", "44": "BNNR", "45": "BNNR", "46": "BNNR", "47": "BNNR", "48": "BNNR", "49": "BNNR", "50": "BNNR", "51": "BNNR", "52": "BNNR", "53": "BNNR", "54": "BNNR", "55": "BNNR", "56": "BNNR", "57": "BNNR", "58": "BNNR", "59": "BNNR", "60": "BNNR", "61": "BNNR", "62": "BNNR", "63": "BNNR", "64": "BNNR", "65": "BNNR", "66": "BNNR", "67": "BNNR", "68": "BNNR", "69": "BNNR", "70": "BNNR", "71": "BNNR", "72": "BNNR", "73": "BNNR", "74": "BNNR", "75": "BNNR", "76": "BNNR", "77": "BNNR", "78": "BNNR", "79": "BNNR", "80": "BNNR", "81": "BNNR", "82": "BNNR", "83": "BNNR", "84": "BNNR", "85": "BNNR", "86": "BNNR", "87": "BNNR", "88": "BNNR", "89": "BNNR", "90": "BNNR", "91": "BNNR", "92": "BNNR", "93": "BNNR", "94": "BNNR", "95": "BNNR", "96": "BNNR", "97": "BNNR", "98": "BNNR", "99": "BNNR", "100": "BNNR", "101": "BNNR", "102": "BNNR", "103": "BNNR", "104": "BNNR", "105": "BNNR", "106": "BNNR", "107": "BNNR", "108": "BNNR", "109": "BNNR", "110": "BNNR", "111": "BNNR", "112": "BNNR", "113": "BNNR", "114": "BNNR", "115": "BNNR", "116": "BNNR", "117": "BNNR", "118": "BNNR", "119": "BNNR", "120": "BNNR", "121": "BNNR", "122": "BNNR", "123": "BNNR", "124": "BNNR", "125": "BNNR", "126": "BNNR", "127": "BNNR", "128": "BNNR", "129": "BNNR", "130": "BNNR", "131": "BNNR", "132": "BNNR", "133": "BNNR", "134": "BNNR", "135": "BNNR", "136": "BNNR", "137": "BNNR", "138": "BNNR", "139": "BNNR", "140": "BNNR", "141": "BNNR", "142": "BNNR", "143": "BNNR", "144": "BNNR", "145": "BNNR", "146": "BNNR", "147": "BNNR", "148": "BNNR", "149": "BNNR", "150": "BNNR", "151": "BNNR", "152": "BNNR", "153": "BNNR", "154": "BNNR", "155": "BNNR", "156": "BNNR", "157": "BNNR", "158": "BNNR", "159": "BNNR", "160": "BNNR", "161": "BNNR", "162": "BNNR", "163": "BNNR", "164": "BNNR", "165": "BNNR", "166": "BNNR", "167": "BNNR", "168": "BNNR", "169": "BNNR", "170": "BNNR", "171": "BNNR", "172": "BNNR", "173": "BNNR", "174": "BNNR", "175": "BNNR", "176": "BNNR", "177": "BNNR", "178": "BNNR", "179": "BNNR", "180": "BNNR", "181": "BNNR", "182": "BNNR", "183": "BNNR", "184": "BNNR", "185": "BNNR", "186": "BNNR", "187": "BNNR", "188": "BNNR", "189": "BNNR", "190": "BNNR", "191": "BNNR", "192": "BNNR", "193": "BNNR", "194": "BNNR", "195": "BNNR", "196": "BNNR", "197": "BNNR", "198": "BNNR", "199": "BNNR", "200": "BNNR", "201": "BNNR", "202": "BNNR", "203": "BNNR", "204": "BNNR", "205": "BNNR", "206": "BNNR", "207": "BNNR", "208": "BNNR", "209": "BNNR", "210": "BNNR", "211": "BNNR", "212": "BNNR", "213": "BNNR", "214": "BNNR", "215": "BNNR", "216": "BNNR", "217": "BNNR", "218": "BNNR", "219": "BNNR", "220": "BNNR", "221": "BNNR", "222": "BNNR", "223": "BNNR", "224": "BNNR", "225": "BNNR", "226": "BNNR", "227": "BNNR", "228": "BNNR", "229": "BNNR", "230": "BNNR", "231": "BNNR", "232": "BNNR", "233": "BNNR", "234": "BNNR", "235": "BNNR", "236": "BNNR", "237": "BNNR", "238": "BNNR", "239": "BNNR", "240": "BNNR", "241": "BNNR", "242": "BNNR", "243": "BNNR", "244": "BNNR", "245": "BNNR", "246": "BNNR", "247": "BNNR", "248": "BNNR", "249": "BNNR", "250": "BNNR", "251": "BNNR", "252": "BNNR", "253": "BNNR", "254": "BNNR", "255": "BNNR", "256": "BNNR", "257": "BNNR", "258": "BNNR", "259": "BNNR", "260": "BNNR", "261": "BNNR", "262": "BNNR", "263": "BNNR", "264": "BNNR", "265": "BNNR", "266": "BNNR", "267": "BNNR", "268": "BNNR", "269": "BNNR", "270": "BNNR", "271": "BNNR", "272": "BNNR", "273": "BNNR", "274": "BNNR", "275": "BNNR", "276": "BNNR", "277": "BNNR", "278": "BNNR", "279": "BNNR", "280": "BNNR", "281": "BNNR", "282": "BNNR", "283": "BNNR", "284": "BNNR", "285": "BNNR", "286": "BNNR", "287": "BNNR", "288": "BNNR", "289": "BNNR", "290": "BNNR", "291": "BNNR", "292": "BNNR", "293": "BNNR", "294": "BNNR", "295": "BNNR", "296": "BNNR", "297": "BNNR", "298": "BNNR", "299": "BNNR", "300": "BNNR", "301": "BNNR", "302": "BNNR", "303": "BNNR", "304": "BNNR", "305": "BNNR", "306": "BNNR", "307": "BNNR", "308": "BNNR", "309": "BNNR", "310": "BNNR", "311": "BNNR", "312": "BNNR", "313": "BNNR", "314": "BNNR", "315": "BNNR", "316": "BNNR", "317": "BNNR", "318": "BNNR", "319": "BNNR", "320": "BNNR", "321": "BNNR", "322": "BNNR", "323": "BNNR", "324": "BNNR", "325": "BNNR", "326": "BNNR", "327": "BNNR", "328": "BNNR", "329": "BNNR", "330": "BNNR", "331": "BNNR", "332": "BNNR", "333": "BNNR", "334": "BNNR", "335": "BNNR", "336": "BNNR", "337": "BNNR", "338": "BNNR", "339": "BNNR", "340": "BNNR", "341": "BNNR", "342": "BNNR", "343": "BNNR", "344": "BNNR", "345": "BNNR", "346": "BNNR", "347": "BNNR", "348": "BNNR", "349": "BNNR", "350": "BNNR", "351": "BNNR", "352": "BNNR", "353": "BNNR", "354": "BNNR", "355": "BNNR", "356": "BNNR", "357": "BNNR", "358": "BNNR", "359": "BNNR", "360": "BNNR", "361": "BNNR", "362": "BNNR", "363": "BNNR", "364": "BNNR", "365": "BNNR", "366": "BNNR", "367": "BNNR", "368": "BNNR", "369": "BNNR", "370": "BNNR", "371": "BNNR", "372": "BNNR", "373": "BNNR", "374": "BNNR", "375": "BNNR", "376": "BNNR", "377": "BNNR", "378": "BNNR", "379": "BNNR", "380": "BNNR", "381": "BNNR", "382": "BNNR", "383": "BNNR", "384": "BNNR", "385": "BNNR", "386": "BNNR", "387": "BNNR", "388": "BNNR", "389": "BNNR"}, "date": {"0": "2021-10-29", "1": "2021-11-01", "2": "2021-11-02", "3": "2021-11-03", "4": "2021-11-04", "5": "2021-11-05", "6": "2021-11-08", "7": "2021-11-09", "8": "2021-11-10", "9": "2021-11-11", "10": "2021-11-12", "11": "2021-11-15", "12": "2021-11-16", "13": "2021-11-17", "14": "2021-11-18", "15": "2021-11-19", "16": "2021-11-22", "17": "2021-11-23", "18": "2021-11-24", "19": "2021-11-26", "20": "2021-11-29", "21": "2021-11-30", "22": "2021-12-01", "23": "2021-12-02", "24": "2021-12-03", "25": "2021-12-06", "26": "2021-12-07", "27": "2021-12-08", "28": "2021-12-09", "29": "2021-12-10", "30": "2021-12-13", "31": "2021-12-14", "32": "2021-12-15", "33": "2021-12-16", "34": "2021-12-17", "35": "2021-12-20", "36": "2021-12-21", "37": "2021-12-22", "38": "2021-12-23", "39": "2021-12-27", "40": "2021-12-28", "41": "2021-12-29", "42": "2021-12-30", "43": "2021-12-31", "44": "2022-01-03", "45": "2022-01-04", "46": "2022-01-05", "47": "2022-01-06", "48": "2022-01-07", "49": "2022-01-10", "50": "2022-01-11", "51": "2022-01-12", "52": "2022-01-13", "53": "2022-01-14", "54": "2022-01-18", "55": "2022-01-19", "56": "2022-01-20", "57": "2022-01-21", "58": "2022-01-24", "59": "2022-01-25", "60": "2022-01-26", "61": "2022-01-27", "62": "2022-01-28", "63": "2022-01-31", "64": "2022-02-01", "65": "2022-02-02", "66": "2022-02-03", "67": "2022-02-04", "68": "2022-02-07", "69": "2022-02-08", "70": "2022-02-09", "71": "2022-02-10", "72": "2022-02-11", "73": "2022-02-14", "74": "2022-02-15", "75": "2022-02-16", "76": "2022-02-17", "77": "2022-02-18", "78": "2022-02-22", "79": "2022-02-23", "80": "2022-02-24", "81": "2022-02-25", "82": "2022-02-28", "83": "2022-03-01", "84": "2022-03-02", "85": "2022-03-03", "86": "2022-03-04", "87": "2022-03-07", "88": "2022-03-08", "89": "2022-03-09", "90": "2022-03-10", "91": "2022-03-11", "92": "2022-03-14", "93": "2022-03-15", "94": "2022-03-16", "95": "2022-03-17", "96": "2022-03-18", "97": "2022-03-21", "98": "2022-03-22", "99": "2022-03-23", "100": "2022-03-24", "101": "2022-03-25", "102": "2022-03-28", "103": "2022-03-29", "104": "2022-03-30", "105": "2022-03-31", "106": "2022-04-01", "107": "2022-04-04", "108": "2022-04-05", "109": "2022-04-06", "110": "2022-04-07", "111": "2022-04-08", "112": "2022-04-11", "113": "2022-04-12", "114": "2022-04-13", "115": "2022-04-14", "116": "2022-04-18", "117": "2022-04-19", "118": "2022-04-20", "119": "2022-04-21", "120": "2022-04-22", "121": "2022-04-25", "122": "2022-04-26", "123": "2022-04-27", "124": "2022-04-28", "125": "2022-04-29", "126": "2022-05-02", "127": "2022-05-03", "128": "2022-05-04", "129": "2022-05-05", "130": "2022-05-06", "131": "2022-05-09", "132": "2022-05-10", "133": "2022-05-11", "134": "2022-05-12", "135": "2022-05-13", "136": "2022-05-16", "137": "2022-05-17", "138": "2022-05-18", "139": "2022-05-19", "140": "2022-05-20", "141": "2022-05-23", "142": "2022-05-24", "143": "2022-05-25", "144": "2022-05-26", "145": "2022-05-27", "146": "2022-05-31", "147": "2022-06-01", "148": "2022-06-02", "149": "2022-06-03", "150": "2022-06-06", "151": "2022-06-07", "152": "2022-06-08", "153": "2022-06-09", "154": "2022-06-10", "155": "2022-06-13", "156": "2022-06-14", "157": "2022-06-15", "158": "2022-06-16", "159": "2022-06-17", "160": "2022-06-21", "161": "2022-06-22", "162": "2022-06-23", "163": "2022-06-24", "164": "2022-06-27", "165": "2022-06-28", "166": "2022-06-29", "167": "2022-06-30", "168": "2022-07-01", "169": "2022-07-05", "170": "2022-07-06", "171": "2022-07-07", "172": "2022-07-08", "173": "2022-07-11", "174": "2022-07-12", "175": "2022-07-13", "176": "2022-07-14", "177": "2022-07-15", "178": "2022-07-18", "179": "2022-07-19", "180": "2022-07-20", "181": "2022-07-21", "182": "2022-07-22", "183": "2022-07-25", "184": "2022-07-26", "185": "2022-07-27", "186": "2022-07-28", "187": "2022-07-29", "188": "2022-08-01", "189": "2022-08-02", "190": "2022-08-03", "191": "2022-08-04", "192": "2022-08-05", "193": "2022-08-08", "194": "2022-08-09", "195": "2022-08-10", "196": "2022-08-11", "197": "2022-08-12", "198": "2022-08-15", "199": "2022-08-16", "200": "2022-08-17", "201": "2022-08-18", "202": "2022-08-19", "203": "2022-08-22", "204": "2022-08-23", "205": "2022-08-24", "206": "2022-08-25", "207": "2022-08-26", "208": "2022-08-29", "209": "2022-08-30", "210": "2022-08-31", "211": "2022-09-01", "212": "2022-09-02", "213": "2022-09-06", "214": "2022-09-07", "215": "2022-09-08", "216": "2022-09-09", "217": "2022-09-12", "218": "2022-09-13", "219": "2022-09-14", "220": "2022-09-15", "221": "2022-09-16", "222": "2022-09-19", "223": "2022-09-20", "224": "2022-09-21", "225": "2022-09-22", "226": "2022-09-23", "227": "2022-09-26", "228": "2022-09-27", "229": "2022-09-28", "230": "2022-09-29", "231": "2022-09-30", "232": "2022-10-03", "233": "2022-10-04", "234": "2022-10-05", "235": "2022-10-06", "236": "2022-10-07", "237": "2022-10-10", "238": "2022-10-11", "239": "2022-10-12", "240": "2022-10-13", "241": "2022-10-14", "242": "2022-10-17", "243": "2022-10-18", "244": "2022-10-19", "245": "2022-10-20", "246": "2022-10-21", "247": "2022-10-24", "248": "2022-10-25", "249": "2022-10-26", "250": "2022-10-27", "251": "2022-10-28", "252": "2022-10-31", "253": "2022-11-01", "254": "2022-11-02", "255": "2022-11-03", "256": "2022-11-04", "257": "2022-11-07", "258": "2022-11-08", "259": "2022-11-09", "260": "2022-11-10", "261": "2022-11-11", "262": "2022-11-14", "263": "2022-11-15", "264": "2022-11-16", "265": "2022-11-17", "266": "2022-11-18", "267": "2022-11-21", "268": "2022-11-22", "269": "2022-11-23", "270": "2022-11-25", "271": "2022-11-28", "272": "2022-11-29", "273": "2022-11-30", "274": "2022-12-01", "275": "2022-12-02", "276": "2022-12-05", "277": "2022-12-06", "278": "2022-12-07", "279": "2022-12-08", "280": "2022-12-09", "281": "2022-12-12", "282": "2022-12-13", "283": "2022-12-14", "284": "2022-12-15", "285": "2022-12-16", "286": "2022-12-19", "287": "2022-12-20", "288": "2022-12-21", "289": "2022-12-22", "290": "2022-12-23", "291": "2022-12-27", "292": "2022-12-28", "293": "2022-12-29", "294": "2022-12-30", "295": "2023-01-03", "296": "2023-01-04", "297": "2023-01-05", "298": "2023-01-06", "299": "2023-01-09", "300": "2023-01-10", "301": "2023-01-11", "302": "2023-01-12", "303": "2023-01-13", "304": "2023-01-17", "305": "2023-01-18", "306": "2023-01-19", "307": "2023-01-20", "308": "2023-01-23", "309": "2023-01-24", "310": "2023-01-25", "311": "2023-01-26", "312": "2023-01-27", "313": "2023-01-30", "314": "2023-01-31", "315": "2023-02-01", "316": "2023-02-02", "317": "2023-02-03", "318": "2023-02-06", "319": "2023-02-07", "320": "2023-02-08", "321": "2023-02-09", "322": "2023-02-10", "323": "2023-02-13", "324": "2023-02-14", "325": "2023-02-15", "326": "2023-02-16", "327": "2023-02-17", "328": "2023-02-21", "329": "2023-02-22", "330": "2023-02-23", "331": "2023-02-24", "332": "2023-02-27", "333": "2023-02-28", "334": "2023-03-01", "335": "2023-03-02", "336": "2023-03-03", "337": "2023-03-06", "338": "2023-03-07", "339": "2023-03-08", "340": "2023-03-09", "341": "2023-03-10", "342": "2023-03-13", "343": "2023-03-14", "344": "2023-03-15", "345": "2023-03-16", "346": "2023-03-17", "347": "2023-03-20", "348": "2023-03-21", "349": "2023-03-22", "350": "2023-03-23", "351": "2023-03-24", "352": "2023-03-27", "353": "2023-03-28", "354": "2023-03-29", "355": "2023-03-30", "356": "2023-03-31", "357": "2023-04-03", "358": "2023-04-04", "359": "2023-04-05", "360": "2023-04-06", "361": "2023-04-10", "362": "2023-04-11", "363": "2023-04-12", "364": "2023-04-13", "365": "2023-04-14", "366": "2023-04-17", "367": "2023-04-18", "368": "2023-04-19", "369": "2023-04-20", "370": "2023-04-21", "371": "2023-04-24", "372": "2023-04-25", "373": "2023-04-26", "374": "2023-04-27", "375": "2023-04-28", "376": "2023-05-01", "377": "2023-05-02", "378": "2023-05-03", "379": "2023-05-04", "380": "2023-05-05", "381": "2023-05-08", "382": "2023-05-09", "383": "2023-05-10", "384": "2023-05-11", "385": "2023-05-12", "386": "2023-05-15", "387": "2023-05-16", "388": "2023-05-17", "389": "2023-05-18"}, "open": {"0": 16.0, "1": 9.500100135803223, "2": 9.770000457763672, "3": 10.0, "4": 9.779999732971191, "5": 9.729900360107422, "6": 9.880000114440918, "7": 9.819999694824219, "8": 9.75, "9": 9.760100364685059, "10": 9.760000228881836, "11": 9.760000228881836, "12": 9.800000190734863, "13": 9.770000457763672, "14": 9.89330005645752, "15": 9.890000343322754, "16": 9.8100004196167, "17": 9.82960033416748, "18": 9.8100004196167, "19": 9.829999923706055, "20": 9.800000190734863, "21": 9.819999694824219, "22": 9.819999694824219, "23": 9.779999732971191, "24": 9.770000457763672, "25": 9.760000228881836, "26": 9.760000228881836, "27": 9.779999732971191, "28": 9.779999732971191, "29": 9.760000228881836, "30": 9.770000457763672, "31": 9.770000457763672, "32": 9.789999961853027, "33": 9.779999732971191, "34": 9.789999961853027, "35": 9.789999961853027, "36": 9.789999961853027, "37": 9.779999732971191, "38": 9.770000457763672, "39": 9.800000190734863, "40": 9.789999961853027, "41": 9.779999732971191, "42": 9.770000457763672, "43": 9.760000228881836, "44": 9.760000228881836, "45": 9.779999732971191, "46": 9.779999732971191, "47": 9.779999732971191, "48": 9.779999732971191, "49": 9.779999732971191, "50": 9.770000457763672, "51": 9.770000457763672, "52": 9.770000457763672, "53": 9.770000457763672, "54": 9.770000457763672, "55": 9.770000457763672, "56": 9.789999961853027, "57": 9.770000457763672, "58": 9.779999732971191, "59": 9.760000228881836, "60": 9.90999984741211, "61": 9.770000457763672, "62": 9.770000457763672, "63": 9.770000457763672, "64": 9.899999618530273, "65": 9.819999694824219, "66": 9.824999809265137, "67": 9.779999732971191, "68": 9.779999732971191, "69": 9.779999732971191, "70": 9.789999961853027, "71": 9.779999732971191, "72": 9.84000015258789, "73": 9.770000457763672, "74": 9.779999732971191, "75": 9.789999961853027, "76": 9.789999961853027, "77": 9.789999961853027, "78": 9.779999732971191, "79": 9.789999961853027, "80": 9.8100004196167, "81": 9.789999961853027, "82": 9.859999656677246, "83": 9.819999694824219, "84": 9.800000190734863, "85": 9.800000190734863, "86": 9.890000343322754, "87": 9.8100004196167, "88": 9.829999923706055, "89": 9.829999923706055, "90": 9.859999656677246, "91": 9.880000114440918, "92": 9.880000114440918, "93": 9.800000190734863, "94": 9.829999923706055, "95": 9.8100004196167, "96": 9.819999694824219, "97": 9.890000343322754, "98": 9.819999694824219, "99": 9.819999694824219, "100": 9.829999923706055, "101": 9.829999923706055, "102": 9.84000015258789, "103": 9.880000114440918, "104": 9.84000015258789, "105": 9.890000343322754, "106": 9.850000381469727, "107": 9.850000381469727, "108": 9.890000343322754, "109": 9.84000015258789, "110": 9.850000381469727, "111": 9.850000381469727, "112": 9.859999656677246, "113": 9.859999656677246, "114": 9.859999656677246, "115": 9.864999771118164, "116": 9.880000114440918, "117": 9.880000114440918, "118": 9.930000305175781, "119": 9.880000114440918, "120": 9.859999656677246, "121": 10.0, "122": 9.930000305175781, "123": 10.350000381469727, "124": 10.350000381469727, "125": 10.0, "126": 10.109999656677246, "127": 9.869999885559082, "128": 9.880000114440918, "129": 9.859999656677246, "130": 9.859999656677246, "131": 9.850000381469727, "132": 9.800000190734863, "133": 10.109999656677246, "134": 9.920000076293945, "135": 9.84000015258789, "136": 9.920000076293945, "137": 9.84000015258789, "138": 9.84000015258789, "139": 10.199999809265137, "140": 9.859999656677246, "141": 9.795000076293945, "142": 9.84000015258789, "143": 9.84000015258789, "144": 9.859999656677246, "145": 9.920000076293945, "146": 9.84000015258789, "147": 9.859999656677246, "148": 9.850000381469727, "149": 9.850000381469727, "150": 9.859999656677246, "151": 9.850000381469727, "152": 9.850000381469727, "153": 9.850000381469727, "154": 9.864999771118164, "155": 9.864999771118164, "156": 9.859999656677246, "157": 9.850000381469727, "158": 9.859999656677246, "159": 9.850000381469727, "160": 9.859999656677246, "161": 9.850000381469727, "162": 9.850000381469727, "163": 9.850000381469727, "164": 9.850000381469727, "165": 9.850000381469727, "166": 9.850000381469727, "167": 9.920000076293945, "168": 9.859999656677246, "169": 9.859999656677246, "170": 9.869999885559082, "171": 9.869999885559082, "172": 9.869999885559082, "173": 9.869999885559082, "174": 9.869999885559082, "175": 9.869999885559082, "176": 9.869999885559082, "177": 9.869999885559082, "178": 9.869999885559082, "179": 9.869999885559082, "180": 9.869999885559082, "181": 9.869999885559082, "182": 9.869999885559082, "183": 9.880000114440918, "184": 9.944999694824219, "185": 9.890000343322754, "186": 9.890000343322754, "187": 9.90999984741211, "188": 9.899999618530273, "189": 9.90999984741211, "190": 9.90999984741211, "191": 9.90999984741211, "192": 9.90999984741211, "193": 9.90999984741211, "194": 9.919899940490723, "195": 9.919899940490723, "196": 9.919899940490723, "197": 9.920000076293945, "198": 9.920000076293945, "199": 9.899999618530273, "200": 9.90999984741211, "201": 9.90999984741211, "202": 9.90999984741211, "203": 9.899999618530273, "204": 9.899999618530273, "205": 9.899999618530273, "206": 9.869999885559082, "207": 9.864999771118164, "208": 9.864999771118164, "209": 9.864999771118164, "210": 9.864999771118164, "211": 9.880000114440918, "212": 9.859999656677246, "213": 9.859999656677246, "214": 9.869999885559082, "215": 9.90999984741211, "216": 9.890000343322754, "217": 10.390000343322754, "218": 9.890000343322754, "219": 9.869999885559082, "220": 9.890000343322754, "221": 9.84000015258789, "222": 9.850000381469727, "223": 9.880000114440918, "224": 9.899999618530273, "225": 9.895000457763672, "226": 9.90999984741211, "227": 9.890000343322754, "228": 9.930000305175781, "229": 9.90999984741211, "230": 9.90999984741211, "231": 9.90999984741211, "232": 9.949999809265137, "233": 10.0, "234": 9.920000076293945, "235": 9.9399995803833, "236": 9.930000305175781, "237": 9.949999809265137, "238": 9.9399995803833, "239": 9.944000244140625, "240": 9.9399995803833, "241": 9.949999809265137, "242": 9.960000038146973, "243": 9.960000038146973, "244": 9.960000038146973, "245": 10.0, "246": 10.0, "247": 9.979999542236328, "248": 9.9399995803833, "249": 9.979999542236328, "250": 9.920000076293945, "251": 9.979999542236328, "252": 9.979999542236328, "253": 9.979999542236328, "254": 9.979999542236328, "255": 9.979999542236328, "256": 9.984999656677246, "257": 9.979999542236328, "258": 9.989999771118164, "259": 9.989999771118164, "260": 9.989999771118164, "261": 9.970000267028809, "262": 9.989999771118164, "263": 9.989999771118164, "264": 9.979999542236328, "265": 9.975000381469727, "266": 9.967300415039062, "267": 9.975000381469727, "268": 9.979999542236328, "269": 10.029999732971191, "270": 10.024999618530273, "271": 10.039999961853027, "272": 10.0, "273": 10.0, "274": 10.029999732971191, "275": 10.029999732971191, "276": 10.029999732971191, "277": 10.039999961853027, "278": 10.03499984741211, "279": 10.03499984741211, "280": 10.020000457763672, "281": 10.020000457763672, "282": 10.020000457763672, "283": 10.039999961853027, "284": 10.039999961853027, "285": 10.04800033569336, "286": 10.050000190734863, "287": 10.039999961853027, "288": 10.039999961853027, "289": 10.0600004196167, "290": 10.060099601745605, "291": 10.060099601745605, "292": 10.0649995803833, "293": 10.079999923706055, "294": 10.079999923706055, "295": 10.079999923706055, "296": 10.09000015258789, "297": 10.119999885559082, "298": 10.119999885559082, "299": 10.109999656677246, "300": 10.109999656677246, "301": 10.125, "302": 10.119999885559082, "303": 10.149999618530273, "304": 10.130000114440918, "305": 10.130000114440918, "306": 10.130000114440918, "307": 10.130000114440918, "308": 10.140000343322754, "309": 10.146200180053711, "310": 10.130000114440918, "311": 10.149999618530273, "312": 10.119999885559082, "313": 10.140000343322754, "314": 10.140000343322754, "315": 10.130000114440918, "316": 10.149999618530273, "317": 10.15999984741211, "318": 10.149999618530273, "319": 10.15999984741211, "320": 10.15999984741211, "321": 10.180000305175781, "322": 10.180000305175781, "323": 10.180000305175781, "324": 10.1899995803833, "325": 10.1899995803833, "326": 10.199999809265137, "327": 10.199999809265137, "328": 10.199999809265137, "329": 10.199999809265137, "330": 10.199999809265137, "331": 10.210000038146973, "332": 10.210000038146973, "333": 10.210000038146973, "334": 10.210000038146973, "335": 10.210000038146973, "336": 10.220000267028809, "337": 10.220000267028809, "338": 10.220000267028809, "339": 10.1899995803833, "340": 10.199999809265137, "341": 10.210000038146973, "342": 10.199999809265137, "343": 10.199999809265137, "344": 10.199999809265137, "345": 10.210000038146973, "346": 10.210000038146973, "347": 10.210000038146973, "348": 10.210000038146973, "349": 10.229999542236328, "350": 10.229999542236328, "351": 10.229999542236328, "352": 10.229999542236328, "353": 10.25, "354": 10.244999885559082, "355": 10.239999771118164, "356": 10.239999771118164, "357": 10.239999771118164, "358": 10.229999542236328, "359": 10.25, "360": 10.260000228881836, "361": 10.260000228881836, "362": 10.260000228881836, "363": 10.25, "364": 10.25100040435791, "365": 10.255000114440918, "366": 10.250200271606445, "367": 10.260000228881836, "368": 10.260000228881836, "369": 10.270000457763672, "370": 10.270000457763672, "371": 10.270000457763672, "372": 10.270000457763672, "373": 10.270000457763672, "374": 10.274999618530273, "375": 10.274999618530273, "376": 10.279999732971191, "377": 10.279999732971191, "378": 10.28499984741211, "379": 10.289999961853027, "380": 10.279999732971191, "381": 10.28499984741211, "382": 10.279999732971191, "383": 10.280099868774414, "384": 10.289999961853027, "385": 10.289999961853027, "386": 10.289999961853027, "387": 10.289999961853027, "388": 10.289999961853027, "389": 10.289999961853027}, "high": {"0": 16.0, "1": 9.800000190734863, "2": 9.779999732971191, "3": 10.0, "4": 9.779999732971191, "5": 9.800000190734863, "6": 9.998700141906738, "7": 9.819999694824219, "8": 9.779999732971191, "9": 9.800000190734863, "10": 9.760000228881836, "11": 9.8100004196167, "12": 9.819999694824219, "13": 9.819999694824219, "14": 9.89330005645752, "15": 9.890000343322754, "16": 9.819999694824219, "17": 9.82960033416748, "18": 9.8100004196167, "19": 9.829999923706055, "20": 9.819999694824219, "21": 9.819999694824219, "22": 9.90999984741211, "23": 9.779999732971191, "24": 9.770000457763672, "25": 9.770000457763672, "26": 9.760000228881836, "27": 9.779999732971191, "28": 9.779999732971191, "29": 9.800000190734863, "30": 9.770000457763672, "31": 9.770000457763672, "32": 9.789999961853027, "33": 9.789999961853027, "34": 9.789999961853027, "35": 9.789999961853027, "36": 9.789999961853027, "37": 9.8100004196167, "38": 9.800000190734863, "39": 9.800000190734863, "40": 9.819899559020996, "41": 9.779999732971191, "42": 9.770000457763672, "43": 9.760000228881836, "44": 9.760000228881836, "45": 9.779999732971191, "46": 9.779999732971191, "47": 9.779999732971191, "48": 9.779999732971191, "49": 9.779999732971191, "50": 9.770000457763672, "51": 9.770000457763672, "52": 9.770000457763672, "53": 9.770000457763672, "54": 9.770000457763672, "55": 9.789999961853027, "56": 9.789999961853027, "57": 9.779999732971191, "58": 9.779999732971191, "59": 9.770000457763672, "60": 9.90999984741211, "61": 9.770000457763672, "62": 9.770000457763672, "63": 9.770000457763672, "64": 9.899999618530273, "65": 9.84000015258789, "66": 9.829999923706055, "67": 9.78499984741211, "68": 9.779999732971191, "69": 9.779999732971191, "70": 9.789999961853027, "71": 9.779999732971191, "72": 9.90999984741211, "73": 9.789999961853027, "74": 9.789999961853027, "75": 9.789999961853027, "76": 9.789999961853027, "77": 9.789999961853027, "78": 9.800000190734863, "79": 9.795000076293945, "80": 9.895000457763672, "81": 9.8100004196167, "82": 9.859999656677246, "83": 9.819999694824219, "84": 9.800000190734863, "85": 9.800000190734863, "86": 9.890000343322754, "87": 9.829999923706055, "88": 9.829999923706055, "89": 9.829999923706055, "90": 9.880000114440918, "91": 9.880000114440918, "92": 9.880000114440918, "93": 9.829999923706055, "94": 9.829999923706055, "95": 9.819999694824219, "96": 9.819999694824219, "97": 9.890000343322754, "98": 9.819999694824219, "99": 9.819999694824219, "100": 9.829999923706055, "101": 9.829999923706055, "102": 9.84000015258789, "103": 9.880000114440918, "104": 9.84000015258789, "105": 9.890000343322754, "106": 9.850000381469727, "107": 9.850000381469727, "108": 9.890000343322754, "109": 9.850000381469727, "110": 9.850000381469727, "111": 9.859999656677246, "112": 9.859999656677246, "113": 9.859999656677246, "114": 9.869999885559082, "115": 9.880000114440918, "116": 9.880000114440918, "117": 9.880000114440918, "118": 9.930000305175781, "119": 10.350000381469727, "120": 9.870200157165527, "121": 10.350000381469727, "122": 10.350000381469727, "123": 10.350000381469727, "124": 10.350000381469727, "125": 10.300000190734863, "126": 10.109999656677246, "127": 9.880000114440918, "128": 9.880000114440918, "129": 9.875, "130": 9.869999885559082, "131": 9.880000114440918, "132": 9.880000114440918, "133": 10.350000381469727, "134": 10.0, "135": 9.84000015258789, "136": 10.350000381469727, "137": 9.84000015258789, "138": 9.84000015258789, "139": 10.199999809265137, "140": 9.859999656677246, "141": 9.859999656677246, "142": 9.850000381469727, "143": 9.869999885559082, "144": 9.859999656677246, "145": 10.149999618530273, "146": 9.850000381469727, "147": 10.039999961853027, "148": 9.850000381469727, "149": 9.859999656677246, "150": 9.859999656677246, "151": 9.850000381469727, "152": 9.850000381469727, "153": 9.850000381469727, "154": 9.864999771118164, "155": 9.864999771118164, "156": 9.864999771118164, "157": 9.850000381469727, "158": 9.864999771118164, "159": 9.850000381469727, "160": 9.859999656677246, "161": 9.850000381469727, "162": 9.850000381469727, "163": 9.850000381469727, "164": 9.850000381469727, "165": 9.850000381469727, "166": 9.850000381469727, "167": 9.920000076293945, "168": 9.859999656677246, "169": 9.859999656677246, "170": 9.869999885559082, "171": 9.880000114440918, "172": 9.869999885559082, "173": 9.869999885559082, "174": 9.869999885559082, "175": 9.869999885559082, "176": 9.869999885559082, "177": 9.869999885559082, "178": 9.869999885559082, "179": 9.869999885559082, "180": 9.869999885559082, "181": 9.869999885559082, "182": 9.869999885559082, "183": 9.90999984741211, "184": 9.944999694824219, "185": 9.904999732971191, "186": 9.90999984741211, "187": 9.90999984741211, "188": 9.899999618530273, "189": 9.90999984741211, "190": 9.90999984741211, "191": 9.90999984741211, "192": 9.90999984741211, "193": 9.90999984741211, "194": 9.919899940490723, "195": 9.919899940490723, "196": 9.919899940490723, "197": 9.920000076293945, "198": 9.920000076293945, "199": 9.90999984741211, "200": 9.90999984741211, "201": 9.90999984741211, "202": 9.90999984741211, "203": 9.899999618530273, "204": 9.899999618530273, "205": 9.899999618530273, "206": 9.869999885559082, "207": 9.864999771118164, "208": 9.864999771118164, "209": 9.864999771118164, "210": 9.864999771118164, "211": 9.890000343322754, "212": 9.859999656677246, "213": 9.859999656677246, "214": 9.90999984741211, "215": 9.90999984741211, "216": 9.890000343322754, "217": 10.390000343322754, "218": 9.890000343322754, "219": 9.899999618530273, "220": 9.890000343322754, "221": 9.880000114440918, "222": 9.890000343322754, "223": 9.880000114440918, "224": 9.899999618530273, "225": 9.920000076293945, "226": 9.930000305175781, "227": 9.890000343322754, "228": 9.930000305175781, "229": 9.90999984741211, "230": 9.90999984741211, "231": 9.90999984741211, "232": 9.949999809265137, "233": 10.0, "234": 9.920000076293945, "235": 9.9399995803833, "236": 9.944999694824219, "237": 9.949999809265137, "238": 9.9399995803833, "239": 9.949999809265137, "240": 9.949999809265137, "241": 9.949999809265137, "242": 9.960000038146973, "243": 9.960000038146973, "244": 9.960000038146973, "245": 10.0, "246": 10.0, "247": 9.979999542236328, "248": 9.9399995803833, "249": 9.979999542236328, "250": 9.979999542236328, "251": 9.979999542236328, "252": 9.979999542236328, "253": 9.979999542236328, "254": 9.979999542236328, "255": 9.979999542236328, "256": 10.010000228881836, "257": 9.979999542236328, "258": 9.989999771118164, "259": 9.989999771118164, "260": 9.989999771118164, "261": 9.984999656677246, "262": 9.989999771118164, "263": 9.989999771118164, "264": 9.979999542236328, "265": 9.975000381469727, "266": 9.970000267028809, "267": 9.979999542236328, "268": 10.039999961853027, "269": 10.029999732971191, "270": 10.024999618530273, "271": 10.050000190734863, "272": 10.0, "273": 10.0, "274": 10.029999732971191, "275": 10.029999732971191, "276": 10.03499984741211, "277": 10.039999961853027, "278": 10.039999961853027, "279": 10.03499984741211, "280": 10.020000457763672, "281": 10.020000457763672, "282": 10.020000457763672, "283": 10.039999961853027, "284": 10.050000190734863, "285": 10.050000190734863, "286": 10.050000190734863, "287": 10.039999961853027, "288": 10.039999961853027, "289": 10.060099601745605, "290": 10.060099601745605, "291": 10.060099601745605, "292": 10.069999694824219, "293": 10.079999923706055, "294": 10.079999923706055, "295": 10.079999923706055, "296": 10.119999885559082, "297": 10.119999885559082, "298": 10.119999885559082, "299": 10.109999656677246, "300": 10.109999656677246, "301": 10.125, "302": 10.119999885559082, "303": 10.149999618530273, "304": 10.130000114440918, "305": 10.130000114440918, "306": 10.130000114440918, "307": 10.130000114440918, "308": 10.140000343322754, "309": 10.15999984741211, "310": 10.130000114440918, "311": 10.149999618530273, "312": 10.140000343322754, "313": 10.147000312805176, "314": 10.149999618530273, "315": 10.149999618530273, "316": 10.149999618530273, "317": 10.15999984741211, "318": 10.15999984741211, "319": 10.15999984741211, "320": 10.170000076293945, "321": 10.1850004196167, "322": 10.180000305175781, "323": 10.1899995803833, "324": 10.194999694824219, "325": 10.194999694824219, "326": 10.199999809265137, "327": 10.199999809265137, "328": 10.199999809265137, "329": 10.199999809265137, "330": 10.199999809265137, "331": 10.210000038146973, "332": 10.210000038146973, "333": 10.210000038146973, "334": 10.210000038146973, "335": 10.210000038146973, "336": 10.229999542236328, "337": 10.220000267028809, "338": 10.220000267028809, "339": 10.210000038146973, "340": 10.199999809265137, "341": 10.210000038146973, "342": 10.210000038146973, "343": 10.210000038146973, "344": 10.210000038146973, "345": 10.210000038146973, "346": 10.210000038146973, "347": 10.210000038146973, "348": 10.210000038146973, "349": 10.229999542236328, "350": 10.229999542236328, "351": 10.229999542236328, "352": 10.25, "353": 10.25, "354": 10.244999885559082, "355": 10.239999771118164, "356": 10.239999771118164, "357": 10.25, "358": 10.229999542236328, "359": 10.25, "360": 10.269100189208984, "361": 10.260000228881836, "362": 10.260000228881836, "363": 10.25100040435791, "364": 10.25100040435791, "365": 10.260000228881836, "366": 10.250200271606445, "367": 10.260000228881836, "368": 10.260000228881836, "369": 10.270000457763672, "370": 10.270000457763672, "371": 10.270000457763672, "372": 10.270000457763672, "373": 10.274999618530273, "374": 10.274999618530273, "375": 10.289999961853027, "376": 10.279999732971191, "377": 10.279999732971191, "378": 10.289999961853027, "379": 10.289999961853027, "380": 10.300000190734863, "381": 10.28499984741211, "382": 10.28499984741211, "383": 10.280099868774414, "384": 10.300000190734863, "385": 10.649999618530273, "386": 10.289999961853027, "387": 10.289999961853027, "388": 10.289999961853027, "389": 10.289999961853027}, "low": {"0": 9.779999732971191, "1": 9.500100135803223, "2": 9.710000038146973, "3": 9.699999809265137, "4": 9.739999771118164, "5": 9.720100402832031, "6": 9.739999771118164, "7": 9.720000267028809, "8": 9.739999771118164, "9": 9.760000228881836, "10": 9.760000228881836, "11": 9.75, "12": 9.800000190734863, "13": 9.760000228881836, "14": 9.890000343322754, "15": 9.789999961853027, "16": 9.789999961853027, "17": 9.805000305175781, "18": 9.8100004196167, "19": 9.829999923706055, "20": 9.800000190734863, "21": 9.78499984741211, "22": 9.760000228881836, "23": 9.779999732971191, "24": 9.770000457763672, "25": 9.760000228881836, "26": 9.760000228881836, "27": 9.779999732971191, "28": 9.779999732971191, "29": 9.760000228881836, "30": 9.770000457763672, "31": 9.770000457763672, "32": 9.789999961853027, "33": 9.779999732971191, "34": 9.760000228881836, "35": 9.789999961853027, "36": 9.760000228881836, "37": 9.779999732971191, "38": 9.760000228881836, "39": 9.800000190734863, "40": 9.789999961853027, "41": 9.779999732971191, "42": 9.760000228881836, "43": 9.760000228881836, "44": 9.760000228881836, "45": 9.770000457763672, "46": 9.779999732971191, "47": 9.779999732971191, "48": 9.779999732971191, "49": 9.770000457763672, "50": 9.770000457763672, "51": 9.770000457763672, "52": 9.770000457763672, "53": 9.770000457763672, "54": 9.770000457763672, "55": 9.765999794006348, "56": 9.789999961853027, "57": 9.770000457763672, "58": 9.770000457763672, "59": 9.760000228881836, "60": 9.770000457763672, "61": 9.770000457763672, "62": 9.770000457763672, "63": 9.770000457763672, "64": 9.75, "65": 9.819999694824219, "66": 9.760000228881836, "67": 9.779999732971191, "68": 9.779999732971191, "69": 9.779999732971191, "70": 9.779999732971191, "71": 9.779999732971191, "72": 9.779999732971191, "73": 9.770000457763672, "74": 9.779999732971191, "75": 9.789999961853027, "76": 9.789999961853027, "77": 9.779999732971191, "78": 9.779999732971191, "79": 9.789999961853027, "80": 9.795000076293945, "81": 9.779999732971191, "82": 9.819999694824219, "83": 9.819999694824219, "84": 9.800000190734863, "85": 9.800000190734863, "86": 9.890000343322754, "87": 9.8100004196167, "88": 9.829999923706055, "89": 9.829999923706055, "90": 9.859999656677246, "91": 9.880000114440918, "92": 9.880000114440918, "93": 9.795000076293945, "94": 9.829999923706055, "95": 9.800000190734863, "96": 9.819999694824219, "97": 9.8100004196167, "98": 9.819999694824219, "99": 9.819999694824219, "100": 9.829999923706055, "101": 9.829999923706055, "102": 9.84000015258789, "103": 9.84000015258789, "104": 9.84000015258789, "105": 9.850000381469727, "106": 9.850000381469727, "107": 9.850000381469727, "108": 9.890000343322754, "109": 9.84000015258789, "110": 9.850000381469727, "111": 9.850000381469727, "112": 9.859999656677246, "113": 9.859999656677246, "114": 9.859999656677246, "115": 9.864999771118164, "116": 9.880000114440918, "117": 9.880000114440918, "118": 9.869999885559082, "119": 9.859999656677246, "120": 9.859999656677246, "121": 9.854999542236328, "122": 9.859999656677246, "123": 9.850000381469727, "124": 9.859999656677246, "125": 9.859999656677246, "126": 9.859999656677246, "127": 9.859999656677246, "128": 9.859999656677246, "129": 9.859999656677246, "130": 9.859999656677246, "131": 9.850000381469727, "132": 9.800000190734863, "133": 9.850000381469727, "134": 9.864999771118164, "135": 9.84000015258789, "136": 9.84000015258789, "137": 9.84000015258789, "138": 9.819999694824219, "139": 9.805000305175781, "140": 9.84000015258789, "141": 9.795000076293945, "142": 9.829999923706055, "143": 9.84000015258789, "144": 9.859999656677246, "145": 9.84000015258789, "146": 9.84000015258789, "147": 9.850000381469727, "148": 9.850000381469727, "149": 9.829999923706055, "150": 9.859999656677246, "151": 9.850000381469727, "152": 9.850000381469727, "153": 9.850000381469727, "154": 9.864999771118164, "155": 9.850000381469727, "156": 9.859999656677246, "157": 9.850000381469727, "158": 9.859999656677246, "159": 9.850000381469727, "160": 9.850000381469727, "161": 9.850000381469727, "162": 9.845000267028809, "163": 9.850000381469727, "164": 9.850000381469727, "165": 9.850000381469727, "166": 9.850000381469727, "167": 9.859999656677246, "168": 9.859999656677246, "169": 9.859999656677246, "170": 9.859999656677246, "171": 9.859999656677246, "172": 9.869999885559082, "173": 9.869999885559082, "174": 9.859999656677246, "175": 9.869999885559082, "176": 9.859999656677246, "177": 9.869999885559082, "178": 9.869999885559082, "179": 9.869999885559082, "180": 9.869999885559082, "181": 9.869999885559082, "182": 9.869999885559082, "183": 9.880000114440918, "184": 9.890000343322754, "185": 9.890000343322754, "186": 9.890000343322754, "187": 9.899999618530273, "188": 9.899999618530273, "189": 9.90999984741211, "190": 9.90999984741211, "191": 9.90999984741211, "192": 9.90999984741211, "193": 9.90999984741211, "194": 9.919899940490723, "195": 9.919899940490723, "196": 9.919899940490723, "197": 9.920000076293945, "198": 9.920000076293945, "199": 9.899999618530273, "200": 9.90999984741211, "201": 9.899999618530273, "202": 9.895000457763672, "203": 9.899999618530273, "204": 9.899999618530273, "205": 9.880000114440918, "206": 9.864999771118164, "207": 9.864999771118164, "208": 9.864999771118164, "209": 9.864999771118164, "210": 9.864999771118164, "211": 9.859999656677246, "212": 9.859999656677246, "213": 9.859999656677246, "214": 9.869999885559082, "215": 9.90999984741211, "216": 9.890000343322754, "217": 9.880000114440918, "218": 9.869999885559082, "219": 9.869999885559082, "220": 9.880000114440918, "221": 9.84000015258789, "222": 9.850000381469727, "223": 9.880000114440918, "224": 9.890000343322754, "225": 9.895000457763672, "226": 9.90999984741211, "227": 9.890000343322754, "228": 9.890000343322754, "229": 9.90999984741211, "230": 9.90999984741211, "231": 9.90999984741211, "232": 9.949999809265137, "233": 9.899999618530273, "234": 9.920000076293945, "235": 9.930000305175781, "236": 9.930000305175781, "237": 9.949999809265137, "238": 9.9399995803833, "239": 9.9399995803833, "240": 9.930000305175781, "241": 9.949999809265137, "242": 9.960000038146973, "243": 9.960000038146973, "244": 9.960000038146973, "245": 10.0, "246": 10.0, "247": 9.9399995803833, "248": 9.9399995803833, "249": 9.960000038146973, "250": 9.920000076293945, "251": 9.979999542236328, "252": 9.979999542236328, "253": 9.979999542236328, "254": 9.979999542236328, "255": 9.979999542236328, "256": 9.979999542236328, "257": 9.979999542236328, "258": 9.979999542236328, "259": 9.984999656677246, "260": 9.984999656677246, "261": 9.970000267028809, "262": 9.984999656677246, "263": 9.979999542236328, "264": 9.954999923706055, "265": 9.949999809265137, "266": 9.967300415039062, "267": 9.975000381469727, "268": 9.979999542236328, "269": 10.024999618530273, "270": 10.024999618530273, "271": 10.005000114440918, "272": 10.0, "273": 10.0, "274": 10.020000457763672, "275": 10.029999732971191, "276": 10.029999732971191, "277": 10.039999961853027, "278": 10.029999732971191, "279": 10.020000457763672, "280": 10.020000457763672, "281": 10.020000457763672, "282": 10.020000457763672, "283": 10.039999961853027, "284": 10.039999961853027, "285": 10.045000076293945, "286": 10.050000190734863, "287": 10.039999961853027, "288": 10.039999961853027, "289": 10.0600004196167, "290": 10.060099601745605, "291": 10.060099601745605, "292": 10.0649995803833, "293": 10.079999923706055, "294": 10.079999923706055, "295": 10.079999923706055, "296": 10.09000015258789, "297": 10.119999885559082, "298": 10.109999656677246, "299": 10.109999656677246, "300": 10.109999656677246, "301": 10.125, "302": 10.119999885559082, "303": 10.149999618530273, "304": 10.130000114440918, "305": 10.130000114440918, "306": 10.130000114440918, "307": 10.130000114440918, "308": 10.130000114440918, "309": 10.130000114440918, "310": 10.130000114440918, "311": 10.135000228881836, "312": 10.119999885559082, "313": 10.137299537658691, "314": 10.140000343322754, "315": 10.130000114440918, "316": 10.149999618530273, "317": 10.15999984741211, "318": 10.149999618530273, "319": 10.15999984741211, "320": 10.15999984741211, "321": 10.180000305175781, "322": 10.170000076293945, "323": 10.180000305175781, "324": 10.1899995803833, "325": 10.1899995803833, "326": 10.199999809265137, "327": 10.199999809265137, "328": 10.199999809265137, "329": 10.199999809265137, "330": 10.199999809265137, "331": 10.204999923706055, "332": 10.210000038146973, "333": 10.210000038146973, "334": 10.210000038146973, "335": 10.210000038146973, "336": 10.220000267028809, "337": 10.220000267028809, "338": 10.180000305175781, "339": 10.170000076293945, "340": 10.199999809265137, "341": 10.199999809265137, "342": 10.199999809265137, "343": 10.199999809265137, "344": 10.199999809265137, "345": 10.210000038146973, "346": 10.210000038146973, "347": 10.210000038146973, "348": 10.210000038146973, "349": 10.229999542236328, "350": 10.229999542236328, "351": 10.229999542236328, "352": 10.229999542236328, "353": 10.25, "354": 10.239999771118164, "355": 10.239999771118164, "356": 10.234999656677246, "357": 10.234999656677246, "358": 10.229999542236328, "359": 10.239999771118164, "360": 10.260000228881836, "361": 10.260000228881836, "362": 10.260000228881836, "363": 10.25, "364": 10.25100040435791, "365": 10.25, "366": 10.250200271606445, "367": 10.260000228881836, "368": 10.260000228881836, "369": 10.270000457763672, "370": 10.270000457763672, "371": 10.270000457763672, "372": 10.270000457763672, "373": 10.270000457763672, "374": 10.270000457763672, "375": 10.274999618530273, "376": 10.279999732971191, "377": 10.279999732971191, "378": 10.279999732971191, "379": 10.289999961853027, "380": 10.279999732971191, "381": 10.279999732971191, "382": 10.279999732971191, "383": 10.280099868774414, "384": 10.289999961853027, "385": 10.289999961853027, "386": 10.289999961853027, "387": 10.289999961853027, "388": 10.289999961853027, "389": 10.289999961853027}, "close": {"0": 9.805000305175781, "1": 9.779999732971191, "2": 9.739999771118164, "3": 9.75, "4": 9.739999771118164, "5": 9.800000190734863, "6": 9.739999771118164, "7": 9.75, "8": 9.779999732971191, "9": 9.760000228881836, "10": 9.760000228881836, "11": 9.8100004196167, "12": 9.819999694824219, "13": 9.8100004196167, "14": 9.890000343322754, "15": 9.800000190734863, "16": 9.8100004196167, "17": 9.805000305175781, "18": 9.8100004196167, "19": 9.829999923706055, "20": 9.800000190734863, "21": 9.789999961853027, "22": 9.8100004196167, "23": 9.779999732971191, "24": 9.770000457763672, "25": 9.760000228881836, "26": 9.760000228881836, "27": 9.779999732971191, "28": 9.779999732971191, "29": 9.770000457763672, "30": 9.770000457763672, "31": 9.770000457763672, "32": 9.789999961853027, "33": 9.789999961853027, "34": 9.789999961853027, "35": 9.789999961853027, "36": 9.770000457763672, "37": 9.8100004196167, "38": 9.800000190734863, "39": 9.800000190734863, "40": 9.8100004196167, "41": 9.779999732971191, "42": 9.770000457763672, "43": 9.760000228881836, "44": 9.760000228881836, "45": 9.779999732971191, "46": 9.779999732971191, "47": 9.779999732971191, "48": 9.779999732971191, "49": 9.770000457763672, "50": 9.770000457763672, "51": 9.770000457763672, "52": 9.770000457763672, "53": 9.770000457763672, "54": 9.770000457763672, "55": 9.789999961853027, "56": 9.789999961853027, "57": 9.779999732971191, "58": 9.770000457763672, "59": 9.770000457763672, "60": 9.770000457763672, "61": 9.770000457763672, "62": 9.770000457763672, "63": 9.770000457763672, "64": 9.75, "65": 9.84000015258789, "66": 9.760000228881836, "67": 9.779999732971191, "68": 9.779999732971191, "69": 9.779999732971191, "70": 9.779999732971191, "71": 9.779999732971191, "72": 9.779999732971191, "73": 9.789999961853027, "74": 9.789999961853027, "75": 9.789999961853027, "76": 9.789999961853027, "77": 9.779999732971191, "78": 9.800000190734863, "79": 9.789999961853027, "80": 9.8100004196167, "81": 9.789999961853027, "82": 9.819999694824219, "83": 9.819999694824219, "84": 9.800000190734863, "85": 9.800000190734863, "86": 9.890000343322754, "87": 9.829999923706055, "88": 9.829999923706055, "89": 9.829999923706055, "90": 9.880000114440918, "91": 9.880000114440918, "92": 9.880000114440918, "93": 9.829999923706055, "94": 9.829999923706055, "95": 9.819999694824219, "96": 9.819999694824219, "97": 9.819999694824219, "98": 9.819999694824219, "99": 9.819999694824219, "100": 9.829999923706055, "101": 9.829999923706055, "102": 9.84000015258789, "103": 9.84000015258789, "104": 9.84000015258789, "105": 9.850000381469727, "106": 9.850000381469727, "107": 9.850000381469727, "108": 9.890000343322754, "109": 9.850000381469727, "110": 9.850000381469727, "111": 9.859999656677246, "112": 9.859999656677246, "113": 9.859999656677246, "114": 9.869999885559082, "115": 9.880000114440918, "116": 9.880000114440918, "117": 9.880000114440918, "118": 9.869999885559082, "119": 9.859999656677246, "120": 9.859999656677246, "121": 9.859999656677246, "122": 9.869999885559082, "123": 9.869999885559082, "124": 9.859999656677246, "125": 9.859999656677246, "126": 9.869999885559082, "127": 9.859999656677246, "128": 9.869999885559082, "129": 9.869999885559082, "130": 9.859999656677246, "131": 9.869999885559082, "132": 9.859999656677246, "133": 9.850000381469727, "134": 9.864999771118164, "135": 9.84000015258789, "136": 9.84000015258789, "137": 9.84000015258789, "138": 9.84000015258789, "139": 9.859999656677246, "140": 9.84000015258789, "141": 9.859999656677246, "142": 9.850000381469727, "143": 9.859999656677246, "144": 9.859999656677246, "145": 9.84000015258789, "146": 9.850000381469727, "147": 9.850000381469727, "148": 9.850000381469727, "149": 9.859999656677246, "150": 9.859999656677246, "151": 9.850000381469727, "152": 9.850000381469727, "153": 9.850000381469727, "154": 9.864999771118164, "155": 9.850000381469727, "156": 9.864999771118164, "157": 9.850000381469727, "158": 9.859999656677246, "159": 9.850000381469727, "160": 9.850000381469727, "161": 9.850000381469727, "162": 9.850000381469727, "163": 9.850000381469727, "164": 9.850000381469727, "165": 9.850000381469727, "166": 9.850000381469727, "167": 9.859999656677246, "168": 9.859999656677246, "169": 9.859999656677246, "170": 9.859999656677246, "171": 9.880000114440918, "172": 9.869999885559082, "173": 9.869999885559082, "174": 9.869999885559082, "175": 9.869999885559082, "176": 9.869999885559082, "177": 9.869999885559082, "178": 9.869999885559082, "179": 9.869999885559082, "180": 9.869999885559082, "181": 9.869999885559082, "182": 9.869999885559082, "183": 9.890000343322754, "184": 9.899999618530273, "185": 9.899999618530273, "186": 9.90999984741211, "187": 9.899999618530273, "188": 9.899999618530273, "189": 9.90999984741211, "190": 9.90999984741211, "191": 9.90999984741211, "192": 9.90999984741211, "193": 9.90999984741211, "194": 9.919899940490723, "195": 9.919899940490723, "196": 9.919899940490723, "197": 9.920000076293945, "198": 9.920000076293945, "199": 9.90999984741211, "200": 9.90999984741211, "201": 9.90999984741211, "202": 9.899999618530273, "203": 9.899999618530273, "204": 9.899999618530273, "205": 9.890000343322754, "206": 9.864999771118164, "207": 9.864999771118164, "208": 9.864999771118164, "209": 9.864999771118164, "210": 9.864999771118164, "211": 9.859999656677246, "212": 9.859999656677246, "213": 9.859999656677246, "214": 9.90999984741211, "215": 9.90999984741211, "216": 9.890000343322754, "217": 9.890000343322754, "218": 9.869999885559082, "219": 9.899999618530273, "220": 9.880000114440918, "221": 9.880000114440918, "222": 9.880000114440918, "223": 9.880000114440918, "224": 9.890000343322754, "225": 9.920000076293945, "226": 9.920000076293945, "227": 9.890000343322754, "228": 9.899999618530273, "229": 9.90999984741211, "230": 9.90999984741211, "231": 9.90999984741211, "232": 9.949999809265137, "233": 9.920000076293945, "234": 9.920000076293945, "235": 9.9399995803833, "236": 9.9399995803833, "237": 9.949999809265137, "238": 9.9399995803833, "239": 9.949999809265137, "240": 9.9399995803833, "241": 9.949999809265137, "242": 9.960000038146973, "243": 9.960000038146973, "244": 9.960000038146973, "245": 10.0, "246": 10.0, "247": 9.9399995803833, "248": 9.9399995803833, "249": 9.979999542236328, "250": 9.979999542236328, "251": 9.979999542236328, "252": 9.979999542236328, "253": 9.979999542236328, "254": 9.979999542236328, "255": 9.979999542236328, "256": 9.979999542236328, "257": 9.979999542236328, "258": 9.979999542236328, "259": 9.989999771118164, "260": 9.989999771118164, "261": 9.984999656677246, "262": 9.984999656677246, "263": 9.979999542236328, "264": 9.960000038146973, "265": 9.949999809265137, "266": 9.970000267028809, "267": 9.975000381469727, "268": 10.010000228881836, "269": 10.029999732971191, "270": 10.024999618530273, "271": 10.005000114440918, "272": 10.0, "273": 10.0, "274": 10.029999732971191, "275": 10.029999732971191, "276": 10.029999732971191, "277": 10.039999961853027, "278": 10.03499984741211, "279": 10.020000457763672, "280": 10.020000457763672, "281": 10.020000457763672, "282": 10.020000457763672, "283": 10.039999961853027, "284": 10.050000190734863, "285": 10.050000190734863, "286": 10.050000190734863, "287": 10.039999961853027, "288": 10.039999961853027, "289": 10.060099601745605, "290": 10.060099601745605, "291": 10.060099601745605, "292": 10.069999694824219, "293": 10.079999923706055, "294": 10.079999923706055, "295": 10.079999923706055, "296": 10.119999885559082, "297": 10.119999885559082, "298": 10.109999656677246, "299": 10.109999656677246, "300": 10.109999656677246, "301": 10.125, "302": 10.119999885559082, "303": 10.149999618530273, "304": 10.130000114440918, "305": 10.130000114440918, "306": 10.130000114440918, "307": 10.130000114440918, "308": 10.130000114440918, "309": 10.130000114440918, "310": 10.130000114440918, "311": 10.140000343322754, "312": 10.130000114440918, "313": 10.140000343322754, "314": 10.149999618530273, "315": 10.149999618530273, "316": 10.149999618530273, "317": 10.15999984741211, "318": 10.15999984741211, "319": 10.15999984741211, "320": 10.170000076293945, "321": 10.180000305175781, "322": 10.170000076293945, "323": 10.1899995803833, "324": 10.194999694824219, "325": 10.1899995803833, "326": 10.199999809265137, "327": 10.199999809265137, "328": 10.199999809265137, "329": 10.199999809265137, "330": 10.199999809265137, "331": 10.210000038146973, "332": 10.210000038146973, "333": 10.210000038146973, "334": 10.210000038146973, "335": 10.210000038146973, "336": 10.229999542236328, "337": 10.220000267028809, "338": 10.199999809265137, "339": 10.199999809265137, "340": 10.199999809265137, "341": 10.210000038146973, "342": 10.199999809265137, "343": 10.204999923706055, "344": 10.210000038146973, "345": 10.210000038146973, "346": 10.210000038146973, "347": 10.210000038146973, "348": 10.210000038146973, "349": 10.229999542236328, "350": 10.229999542236328, "351": 10.229999542236328, "352": 10.25, "353": 10.25, "354": 10.239999771118164, "355": 10.239999771118164, "356": 10.239999771118164, "357": 10.239999771118164, "358": 10.229999542236328, "359": 10.25, "360": 10.260000228881836, "361": 10.260000228881836, "362": 10.260000228881836, "363": 10.25100040435791, "364": 10.25100040435791, "365": 10.260000228881836, "366": 10.250200271606445, "367": 10.260000228881836, "368": 10.260000228881836, "369": 10.270000457763672, "370": 10.270000457763672, "371": 10.270000457763672, "372": 10.270000457763672, "373": 10.274999618530273, "374": 10.270000457763672, "375": 10.279999732971191, "376": 10.279999732971191, "377": 10.279999732971191, "378": 10.289999961853027, "379": 10.289999961853027, "380": 10.289999961853027, "381": 10.28499984741211, "382": 10.280099868774414, "383": 10.280099868774414, "384": 10.295000076293945, "385": 10.289999961853027, "386": 10.289999961853027, "387": 10.289999961853027, "388": 10.289999961853027, "389": 10.289999961853027}, "volume": {"0": 4070.0, "1": 57700.0, "2": 156288.0, "3": 98749.0, "4": 34162.0, "5": 9761.0, "6": 47769.0, "7": 16172.0, "8": 11689.0, "9": 977190.0, "10": 0.0, "11": 14128.0, "12": 7807.0, "13": 7299.0, "14": 2201.0, "15": 7039.0, "16": 56515.0, "17": 51553.0, "18": 2700.0, "19": 21979.0, "20": 54455.0, "21": 45741.0, "22": 7157.0, "23": 212.0, "24": 50000.0, "25": 359.0, "26": 2224.0, "27": 1726.0, "28": 14378.0, "29": 22223.0, "30": 0.0, "31": 5389.0, "32": 200.0, "33": 1053.0, "34": 3060.0, "35": 0.0, "36": 72230.0, "37": 2968.0, "38": 2088.0, "39": 0.0, "40": 673.0, "41": 264.0, "42": 1065.0, "43": 166.0, "44": 1526.0, "45": 38429.0, "46": 429.0, "47": 0.0, "48": 216.0, "49": 9625.0, "50": 0.0, "51": 0.0, "52": 0.0, "53": 0.0, "54": 0.0, "55": 102842.0, "56": 0.0, "57": 55646.0, "58": 44772.0, "59": 49247.0, "60": 210.0, "61": 1655.0, "62": 200059.0, "63": 0.0, "64": 990.0, "65": 4807.0, "66": 7385.0, "67": 1594.0, "68": 0.0, "69": 0.0, "70": 2103.0, "71": 0.0, "72": 44205.0, "73": 200705.0, "74": 78308.0, "75": 4635.0, "76": 0.0, "77": 3747.0, "78": 2121.0, "79": 42748.0, "80": 4695.0, "81": 1206.0, "82": 866.0, "83": 0.0, "84": 400.0, "85": 0.0, "86": 220.0, "87": 1714.0, "88": 0.0, "89": 0.0, "90": 1038.0, "91": 0.0, "92": 0.0, "93": 11834.0, "94": 0.0, "95": 4048.0, "96": 0.0, "97": 3806.0, "98": 0.0, "99": 0.0, "100": 200.0, "101": 2526.0, "102": 3451.0, "103": 4396.0, "104": 0.0, "105": 6321.0, "106": 821.0, "107": 0.0, "108": 800.0, "109": 2280.0, "110": 306.0, "111": 1600.0, "112": 0.0, "113": 0.0, "114": 12802.0, "115": 14600.0, "116": 0.0, "117": 0.0, "118": 6851.0, "119": 53030.0, "120": 107501.0, "121": 165549.0, "122": 165181.0, "123": 144374.0, "124": 2985.0, "125": 68242.0, "126": 33253.0, "127": 695438.0, "128": 84915.0, "129": 101189.0, "130": 25334.0, "131": 5308.0, "132": 13711.0, "133": 1213.0, "134": 1102.0, "135": 209.0, "136": 3842.0, "137": 0.0, "138": 3834.0, "139": 2277.0, "140": 2698.0, "141": 8671.0, "142": 109285.0, "143": 4801.0, "144": 0.0, "145": 167054.0, "146": 3090.0, "147": 43761.0, "148": 2964.0, "149": 8542.0, "150": 0.0, "151": 1937.0, "152": 0.0, "153": 0.0, "154": 202.0, "155": 7686.0, "156": 3835.0, "157": 664.0, "158": 201497.0, "159": 76139.0, "160": 189592.0, "161": 18353.0, "162": 293903.0, "163": 0.0, "164": 0.0, "165": 0.0, "166": 0.0, "167": 1225.0, "168": 0.0, "169": 0.0, "170": 6050.0, "171": 30271.0, "172": 375.0, "173": 0.0, "174": 7695.0, "175": 0.0, "176": 6274.0, "177": 0.0, "178": 0.0, "179": 0.0, "180": 0.0, "181": 0.0, "182": 0.0, "183": 1900.0, "184": 4433.0, "185": 900.0, "186": 51935.0, "187": 4499.0, "188": 1140.0, "189": 24528.0, "190": 0.0, "191": 0.0, "192": 0.0, "193": 0.0, "194": 1040.0, "195": 919.0, "196": 0.0, "197": 16461.0, "198": 0.0, "199": 2000.0, "200": 0.0, "201": 26680.0, "202": 52300.0, "203": 0.0, "204": 0.0, "205": 8440.0, "206": 205.0, "207": 0.0, "208": 0.0, "209": 0.0, "210": 0.0, "211": 51358.0, "212": 1471.0, "213": 0.0, "214": 66931.0, "215": 0.0, "216": 400.0, "217": 76375.0, "218": 653.0, "219": 19107.0, "220": 19351.0, "221": 2695.0, "222": 122235.0, "223": 0.0, "224": 5906.0, "225": 44008.0, "226": 96674.0, "227": 782.0, "228": 5238.0, "229": 207.0, "230": 0.0, "231": 0.0, "232": 134.0, "233": 6159.0, "234": 0.0, "235": 28802.0, "236": 4047.0, "237": 15483.0, "238": 3940.0, "239": 10823.0, "240": 5710.0, "241": 104.0, "242": 527.0, "243": 0.0, "244": 0.0, "245": 139.0, "246": 0.0, "247": 4297.0, "248": 0.0, "249": 1654.0, "250": 2113.0, "251": 0.0, "252": 0.0, "253": 0.0, "254": 0.0, "255": 0.0, "256": 20782.0, "257": 0.0, "258": 19182.0, "259": 48723.0, "260": 5590.0, "261": 1984.0, "262": 13120.0, "263": 33829.0, "264": 90624.0, "265": 7600.0, "266": 4006.0, "267": 1533.0, "268": 15723.0, "269": 6696.0, "270": 101.0, "271": 32449.0, "272": 2620.0, "273": 0.0, "274": 16644.0, "275": 0.0, "276": 12701.0, "277": 20003.0, "278": 55563.0, "279": 2415.0, "280": 0.0, "281": 0.0, "282": 0.0, "283": 2376.0, "284": 20733.0, "285": 5440.0, "286": 0.0, "287": 418.0, "288": 125.0, "289": 7895.0, "290": 0.0, "291": 0.0, "292": 4101.0, "293": 235.0, "294": 298.0, "295": 4076.0, "296": 6592.0, "297": 2953.0, "298": 2399.0, "299": 0.0, "300": 0.0, "301": 202.0, "302": 1995.0, "303": 3972.0, "304": 142.0, "305": 0.0, "306": 0.0, "307": 0.0, "308": 9018.0, "309": 44528.0, "310": 0.0, "311": 2288.0, "312": 1560559.0, "313": 62971.0, "314": 41265.0, "315": 696.0, "316": 0.0, "317": 544.0, "318": 3314.0, "319": 0.0, "320": 2859.0, "321": 529425.0, "322": 5866.0, "323": 333698.0, "324": 138808.0, "325": 7381.0, "326": 7890.0, "327": 0.0, "328": 146.0, "329": 0.0, "330": 1487.0, "331": 2877.0, "332": 0.0, "333": 0.0, "334": 0.0, "335": 245.0, "336": 3283.0, "337": 11593.0, "338": 71228.0, "339": 234336.0, "340": 0.0, "341": 84803.0, "342": 119423.0, "343": 106306.0, "344": 5104.0, "345": 4030.0, "346": 117038.0, "347": 0.0, "348": 0.0, "349": 106.0, "350": 0.0, "351": 3100.0, "352": 18427.0, "353": 0.0, "354": 2381.0, "355": 225335.0, "356": 104520.0, "357": 763129.0, "358": 249.0, "359": 14521.0, "360": 2150.0, "361": 0.0, "362": 0.0, "363": 400.0, "364": 0.0, "365": 30439.0, "366": 200.0, "367": 556.0, "368": 0.0, "369": 2450.0, "370": 0.0, "371": 0.0, "372": 0.0, "373": 188976.0, "374": 141819.0, "375": 11553.0, "376": 0.0, "377": 0.0, "378": 101060.0, "379": 0.0, "380": 284701.0, "381": 5604.0, "382": 1860.0, "383": 0.0, "384": 1322214.0, "385": 59275.0, "386": 0.0, "387": 0.0, "388": 0.0, "389": 0.0}, "adjclose": {"0": 9.805000305175781, "1": 9.779999732971191, "2": 9.739999771118164, "3": 9.75, "4": 9.739999771118164, "5": 9.800000190734863, "6": 9.739999771118164, "7": 9.75, "8": 9.779999732971191, "9": 9.760000228881836, "10": 9.760000228881836, "11": 9.8100004196167, "12": 9.819999694824219, "13": 9.8100004196167, "14": 9.890000343322754, "15": 9.800000190734863, "16": 9.8100004196167, "17": 9.805000305175781, "18": 9.8100004196167, "19": 9.829999923706055, "20": 9.800000190734863, "21": 9.789999961853027, "22": 9.8100004196167, "23": 9.779999732971191, "24": 9.770000457763672, "25": 9.760000228881836, "26": 9.760000228881836, "27": 9.779999732971191, "28": 9.779999732971191, "29": 9.770000457763672, "30": 9.770000457763672, "31": 9.770000457763672, "32": 9.789999961853027, "33": 9.789999961853027, "34": 9.789999961853027, "35": 9.789999961853027, "36": 9.770000457763672, "37": 9.8100004196167, "38": 9.800000190734863, "39": 9.800000190734863, "40": 9.8100004196167, "41": 9.779999732971191, "42": 9.770000457763672, "43": 9.760000228881836, "44": 9.760000228881836, "45": 9.779999732971191, "46": 9.779999732971191, "47": 9.779999732971191, "48": 9.779999732971191, "49": 9.770000457763672, "50": 9.770000457763672, "51": 9.770000457763672, "52": 9.770000457763672, "53": 9.770000457763672, "54": 9.770000457763672, "55": 9.789999961853027, "56": 9.789999961853027, "57": 9.779999732971191, "58": 9.770000457763672, "59": 9.770000457763672, "60": 9.770000457763672, "61": 9.770000457763672, "62": 9.770000457763672, "63": 9.770000457763672, "64": 9.75, "65": 9.84000015258789, "66": 9.760000228881836, "67": 9.779999732971191, "68": 9.779999732971191, "69": 9.779999732971191, "70": 9.779999732971191, "71": 9.779999732971191, "72": 9.779999732971191, "73": 9.789999961853027, "74": 9.789999961853027, "75": 9.789999961853027, "76": 9.789999961853027, "77": 9.779999732971191, "78": 9.800000190734863, "79": 9.789999961853027, "80": 9.8100004196167, "81": 9.789999961853027, "82": 9.819999694824219, "83": 9.819999694824219, "84": 9.800000190734863, "85": 9.800000190734863, "86": 9.890000343322754, "87": 9.829999923706055, "88": 9.829999923706055, "89": 9.829999923706055, "90": 9.880000114440918, "91": 9.880000114440918, "92": 9.880000114440918, "93": 9.829999923706055, "94": 9.829999923706055, "95": 9.819999694824219, "96": 9.819999694824219, "97": 9.819999694824219, "98": 9.819999694824219, "99": 9.819999694824219, "100": 9.829999923706055, "101": 9.829999923706055, "102": 9.84000015258789, "103": 9.84000015258789, "104": 9.84000015258789, "105": 9.850000381469727, "106": 9.850000381469727, "107": 9.850000381469727, "108": 9.890000343322754, "109": 9.850000381469727, "110": 9.850000381469727, "111": 9.859999656677246, "112": 9.859999656677246, "113": 9.859999656677246, "114": 9.869999885559082, "115": 9.880000114440918, "116": 9.880000114440918, "117": 9.880000114440918, "118": 9.869999885559082, "119": 9.859999656677246, "120": 9.859999656677246, "121": 9.859999656677246, "122": 9.869999885559082, "123": 9.869999885559082, "124": 9.859999656677246, "125": 9.859999656677246, "126": 9.869999885559082, "127": 9.859999656677246, "128": 9.869999885559082, "129": 9.869999885559082, "130": 9.859999656677246, "131": 9.869999885559082, "132": 9.859999656677246, "133": 9.850000381469727, "134": 9.864999771118164, "135": 9.84000015258789, "136": 9.84000015258789, "137": 9.84000015258789, "138": 9.84000015258789, "139": 9.859999656677246, "140": 9.84000015258789, "141": 9.859999656677246, "142": 9.850000381469727, "143": 9.859999656677246, "144": 9.859999656677246, "145": 9.84000015258789, "146": 9.850000381469727, "147": 9.850000381469727, "148": 9.850000381469727, "149": 9.859999656677246, "150": 9.859999656677246, "151": 9.850000381469727, "152": 9.850000381469727, "153": 9.850000381469727, "154": 9.864999771118164, "155": 9.850000381469727, "156": 9.864999771118164, "157": 9.850000381469727, "158": 9.859999656677246, "159": 9.850000381469727, "160": 9.850000381469727, "161": 9.850000381469727, "162": 9.850000381469727, "163": 9.850000381469727, "164": 9.850000381469727, "165": 9.850000381469727, "166": 9.850000381469727, "167": 9.859999656677246, "168": 9.859999656677246, "169": 9.859999656677246, "170": 9.859999656677246, "171": 9.880000114440918, "172": 9.869999885559082, "173": 9.869999885559082, "174": 9.869999885559082, "175": 9.869999885559082, "176": 9.869999885559082, "177": 9.869999885559082, "178": 9.869999885559082, "179": 9.869999885559082, "180": 9.869999885559082, "181": 9.869999885559082, "182": 9.869999885559082, "183": 9.890000343322754, "184": 9.899999618530273, "185": 9.899999618530273, "186": 9.90999984741211, "187": 9.899999618530273, "188": 9.899999618530273, "189": 9.90999984741211, "190": 9.90999984741211, "191": 9.90999984741211, "192": 9.90999984741211, "193": 9.90999984741211, "194": 9.919899940490723, "195": 9.919899940490723, "196": 9.919899940490723, "197": 9.920000076293945, "198": 9.920000076293945, "199": 9.90999984741211, "200": 9.90999984741211, "201": 9.90999984741211, "202": 9.899999618530273, "203": 9.899999618530273, "204": 9.899999618530273, "205": 9.890000343322754, "206": 9.864999771118164, "207": 9.864999771118164, "208": 9.864999771118164, "209": 9.864999771118164, "210": 9.864999771118164, "211": 9.859999656677246, "212": 9.859999656677246, "213": 9.859999656677246, "214": 9.90999984741211, "215": 9.90999984741211, "216": 9.890000343322754, "217": 9.890000343322754, "218": 9.869999885559082, "219": 9.899999618530273, "220": 9.880000114440918, "221": 9.880000114440918, "222": 9.880000114440918, "223": 9.880000114440918, "224": 9.890000343322754, "225": 9.920000076293945, "226": 9.920000076293945, "227": 9.890000343322754, "228": 9.899999618530273, "229": 9.90999984741211, "230": 9.90999984741211, "231": 9.90999984741211, "232": 9.949999809265137, "233": 9.920000076293945, "234": 9.920000076293945, "235": 9.9399995803833, "236": 9.9399995803833, "237": 9.949999809265137, "238": 9.9399995803833, "239": 9.949999809265137, "240": 9.9399995803833, "241": 9.949999809265137, "242": 9.960000038146973, "243": 9.960000038146973, "244": 9.960000038146973, "245": 10.0, "246": 10.0, "247": 9.9399995803833, "248": 9.9399995803833, "249": 9.979999542236328, "250": 9.979999542236328, "251": 9.979999542236328, "252": 9.979999542236328, "253": 9.979999542236328, "254": 9.979999542236328, "255": 9.979999542236328, "256": 9.979999542236328, "257": 9.979999542236328, "258": 9.979999542236328, "259": 9.989999771118164, "260": 9.989999771118164, "261": 9.984999656677246, "262": 9.984999656677246, "263": 9.979999542236328, "264": 9.960000038146973, "265": 9.949999809265137, "266": 9.970000267028809, "267": 9.975000381469727, "268": 10.010000228881836, "269": 10.029999732971191, "270": 10.024999618530273, "271": 10.005000114440918, "272": 10.0, "273": 10.0, "274": 10.029999732971191, "275": 10.029999732971191, "276": 10.029999732971191, "277": 10.039999961853027, "278": 10.03499984741211, "279": 10.020000457763672, "280": 10.020000457763672, "281": 10.020000457763672, "282": 10.020000457763672, "283": 10.039999961853027, "284": 10.050000190734863, "285": 10.050000190734863, "286": 10.050000190734863, "287": 10.039999961853027, "288": 10.039999961853027, "289": 10.060099601745605, "290": 10.060099601745605, "291": 10.060099601745605, "292": 10.069999694824219, "293": 10.079999923706055, "294": 10.079999923706055, "295": 10.079999923706055, "296": 10.119999885559082, "297": 10.119999885559082, "298": 10.109999656677246, "299": 10.109999656677246, "300": 10.109999656677246, "301": 10.125, "302": 10.119999885559082, "303": 10.149999618530273, "304": 10.130000114440918, "305": 10.130000114440918, "306": 10.130000114440918, "307": 10.130000114440918, "308": 10.130000114440918, "309": 10.130000114440918, "310": 10.130000114440918, "311": 10.140000343322754, "312": 10.130000114440918, "313": 10.140000343322754, "314": 10.149999618530273, "315": 10.149999618530273, "316": 10.149999618530273, "317": 10.15999984741211, "318": 10.15999984741211, "319": 10.15999984741211, "320": 10.170000076293945, "321": 10.180000305175781, "322": 10.170000076293945, "323": 10.1899995803833, "324": 10.194999694824219, "325": 10.1899995803833, "326": 10.199999809265137, "327": 10.199999809265137, "328": 10.199999809265137, "329": 10.199999809265137, "330": 10.199999809265137, "331": 10.210000038146973, "332": 10.210000038146973, "333": 10.210000038146973, "334": 10.210000038146973, "335": 10.210000038146973, "336": 10.229999542236328, "337": 10.220000267028809, "338": 10.199999809265137, "339": 10.199999809265137, "340": 10.199999809265137, "341": 10.210000038146973, "342": 10.199999809265137, "343": 10.204999923706055, "344": 10.210000038146973, "345": 10.210000038146973, "346": 10.210000038146973, "347": 10.210000038146973, "348": 10.210000038146973, "349": 10.229999542236328, "350": 10.229999542236328, "351": 10.229999542236328, "352": 10.25, "353": 10.25, "354": 10.239999771118164, "355": 10.239999771118164, "356": 10.239999771118164, "357": 10.239999771118164, "358": 10.229999542236328, "359": 10.25, "360": 10.260000228881836, "361": 10.260000228881836, "362": 10.260000228881836, "363": 10.25100040435791, "364": 10.25100040435791, "365": 10.260000228881836, "366": 10.250200271606445, "367": 10.260000228881836, "368": 10.260000228881836, "369": 10.270000457763672, "370": 10.270000457763672, "371": 10.270000457763672, "372": 10.270000457763672, "373": 10.274999618530273, "374": 10.270000457763672, "375": 10.279999732971191, "376": 10.279999732971191, "377": 10.279999732971191, "378": 10.289999961853027, "379": 10.289999961853027, "380": 10.289999961853027, "381": 10.28499984741211, "382": 10.280099868774414, "383": 10.280099868774414, "384": 10.295000076293945, "385": 10.289999961853027, "386": 10.289999961853027, "387": 10.289999961853027, "388": 10.289999961853027, "389": 10.289999961853027}}, "profile": {"address1": "300 S 1350 E", "address2": "2nd Floor", "city": "Lehi", "state": "UT", "zip": "84043", "country": "United States", "phone": "801 447 1534", "website": "https://www.banneracquisition.com", "industry": "Shell Companies", "industryDisp": "Shell Companies", "sector": "Financial Services", "longBusinessSummary": "Banner Acquisition Corp. does not have significant operations. The company intends to effect a merger, capital stock exchange, asset acquisition, stock purchase, reorganization, or similar business combination with one or more businesses. Banner Acquisition Corp. was incorporated in 2021 and is based in Lehi, Utah.", "companyOfficers": [{"maxAge": 1, "name": "Mr. Tanner  Ainge J.D.", "age": 37, "title": "CEO & Director", "yearBorn": 1985, "exercisedValue": 0, "unexercisedValue": 0}, {"maxAge": 1, "name": "Mr. B. Gregory Woodward Jr.", "age": 45, "title": "CFO & Director", "yearBorn": 1977, "exercisedValue": 0, "unexercisedValue": 0}], "maxAge": 86400, "latitude": 40.384415979676135, "longitude": -111.82982598982278}}