{"income_statement": {"annual": {"Year": {"1": "Selling, General & Admin", "2": "Operating Expenses", "3": "Operating Income", "4": "Other Expense / Income", "5": "Pretax Income", "6": "Net Income", "7": "Net Income Growth", "8": "Shares Outstanding (Basic)", "9": "Shares Outstanding (Diluted)", "10": "Shares Change", "11": "EPS (Basic)", "12": "EPS (Diluted)", "13": "EPS Growth", "14": "Free Cash Flow Per Share", "15": "EBITDA", "16": "EBIT"}, "2022": {"1": "1.24", "2": "1.24", "3": "-1.24", "4": "-13.9", "5": "12.66", "6": "12.66", "7": "626.27%", "8": "24", "9": "24", "10": "310.19%", "11": "0.53", "12": "0.53", "13": "76.67%", "14": "-0.02", "15": "12.66", "16": "12.66"}, "2021": {"1": "0.21", "2": "0.21", "3": "-0.21", "4": "-1.96", "5": "1.74", "6": "1.74", "7": "-", "8": "6", "9": "6", "10": "-", "11": "0.30", "12": "0.30", "13": "-", "14": "-0.10", "15": "1.74", "16": "1.74"}}, "quarterly": {"Metrics": {"1": "Selling, General & Admin", "2": "Operating Expenses", "3": "Operating Income", "4": "Other Expense / Income", "5": "Pretax Income", "6": "Net Income", "7": "Net Income Growth", "8": "Shares Outstanding (Basic)", "9": "Shares Outstanding (Diluted)", "10": "Shares Change", "11": "EPS (Basic)", "12": "EPS (Diluted)", "13": "EPS Growth", "14": "Free Cash Flow Per Share", "15": "EBITDA", "16": "EBIT"}, "2023-03-31": {"1": "0.31", "2": "0.31", "3": "-0.31", "4": "-1.95", "5": "1.64", "6": "1.64", "7": "-72.84%", "8": "24", "9": "24", "10": "-", "11": "0.07", "12": "0.07", "13": "-72.00%", "14": "-0.01", "15": "1.64", "16": "1.64"}, "2022-12-31": {"1": "0.28", "2": "0.28", "3": "-0.28", "4": "-2.29", "5": "2", "6": "2", "7": "14.10%", "8": "24", "9": "24", "10": "310.19%", "11": "0.08", "12": "0.08", "13": "-73.33%", "14": "-0.00", "15": "2", "16": "2"}, "2022-09-30": {"1": "0.27", "2": "0.27", "3": "-0.27", "4": "-1.21", "5": "0.94", "6": "0.94", "7": "-", "8": "24", "9": "24", "10": "450.00%", "11": "0.04", "12": "0.04", "13": "-", "14": "-0.00", "15": "0.94", "16": "0.94"}, "2022-06-30": {"1": "0.32", "2": "0.32", "3": "-0.32", "4": "-3.99", "5": "3.67", "6": "3.67", "7": "-", "8": "24", "9": "24", "10": "532.50%", "11": "0.15", "12": "0.15", "13": "-", "14": "-0.01", "15": "3.67", "16": "3.67"}, "2022-03-31": {"1": "0.37", "2": "0.37", "3": "-0.37", "4": "-6.41", "5": "6.04", "6": "6.04", "7": "-", "8": "24", "9": "24", "10": "-", "11": "0.25", "12": "0.25", "13": "-", "14": "-0.01", "15": "6.04", "16": "6.04"}, "2021-12-31": {"1": "0.2", "2": "0.2", "3": "-0.2", "4": "-1.96", "5": "1.76", "6": "1.76", "7": "-", "8": "6", "9": "6", "10": "-", "11": "0.30", "12": "0.30", "13": "-", "14": "-0.10", "15": "1.76", "16": "1.76"}, "2021-09-30": {"1": "0", "2": "0", "3": "-0", "4": "-", "5": "-0", "6": "-0", "7": "-", "8": "4", "9": "4", "10": "-", "11": "-", "12": "-", "13": "-", "14": "0.00", "15": "-0", "16": "-0"}, "2021-06-30": {"1": "0.01", "2": "0.01", "3": "-0.01", "4": "-", "5": "-0.01", "6": "-0.01", "7": "-", "8": "4", "9": "4", "10": "-", "11": "-", "12": "-", "13": "-", "14": "-0.01", "15": "-0.01", "16": "-0.01"}}}, "balance_sheet": {"annual": {"Year": {"1": "Cash & Equivalents", "2": "Cash & Cash Equivalents", "3": "Cash Growth", "4": "Other Current Assets", "5": "Total Current Assets", "6": "Long-Term Investments", "7": "Other Long-Term Assets", "8": "Total Long-Term Assets", "9": "Total Assets", "10": "Accounts Payable", "11": "Other Current Liabilities", "12": "Total Current Liabilities", "13": "Other Long-Term Liabilities", "14": "Total Long-Term Liabilities", "15": "Total Liabilities", "16": "Common Stock", "17": "Retained Earnings", "18": "Shareholders' Equity", "19": "Total Liabilities and Equity", "20": "Net Cash / Debt", "21": "Net Cash / Debt Growth", "22": "Net Cash Per Share", "23": "Working Capital", "24": "Book Value Per Share"}, "2022": {"1": "0.63", "2": "0.63", "3": "-40.26%", "4": "0.24", "5": "0.86", "6": "196.23", "7": "0", "8": "196.23", "9": "197.09", "10": "0.69", "11": "0", "12": "0.69", "13": "8.85", "14": "8.85", "15": "9.54", "16": "0", "17": "-8.68", "18": "-8.67", "19": "0.86", "20": "0.63", "21": "-40.26%", "22": "0.03", "23": "0.18", "24": "-0.37"}, "2021": {"1": "1.05", "2": "1.05", "3": "-", "4": "0.29", "5": "1.34", "6": "193.55", "7": "0.24", "8": "193.79", "9": "195.12", "10": "0.14", "11": "0.01", "12": "0.15", "13": "20.08", "14": "20.08", "15": "20.23", "16": "0", "17": "-18.65", "18": "-18.65", "19": "1.58", "20": "1.05", "21": "-", "22": "0.18", "23": "1.18", "24": "-3.23"}}, "quarterly": {"Metrics": {"1": "Cash & Equivalents", "2": "Cash & Cash Equivalents", "3": "Cash Growth", "4": "Other Current Assets", "5": "Total Current Assets", "6": "Long-Term Investments", "7": "Other Long-Term Assets", "8": "Total Long-Term Assets", "9": "Total Assets", "10": "Accounts Payable", "11": "Current Debt", "12": "Other Current Liabilities", "13": "Total Current Liabilities", "14": "Other Long-Term Liabilities", "15": "Total Long-Term Liabilities", "16": "Total Liabilities", "17": "Total Debt", "18": "Common Stock", "19": "Retained Earnings", "20": "Shareholders' Equity", "21": "Total Liabilities and Equity", "22": "Net Cash / Debt", "23": "Net Cash / Debt Growth", "24": "Net Cash Per Share", "25": "Working Capital", "26": "Book Value Per Share"}, "2023-03-31": {"1": "0.36", "2": "0.36", "3": "-58.86%", "4": "0.24", "5": "0.6", "6": "198.46", "7": "0", "8": "198.46", "9": "199.06", "10": "0.73", "11": "0", "12": "0", "13": "0.73", "14": "9.13", "15": "9.13", "16": "9.86", "17": "0", "18": "0", "19": "-9.27", "20": "-9.27", "21": "0.6", "22": "0.36", "23": "-58.86%", "24": "0.02", "25": "-0.13", "26": "-0.39"}, "2022-12-31": {"1": "0.63", "2": "0.63", "3": "-40.26%", "4": "0.24", "5": "0.86", "6": "196.23", "7": "0", "8": "196.23", "9": "197.09", "10": "0.69", "11": "0", "12": "0", "13": "0.69", "14": "8.85", "15": "8.85", "16": "9.54", "17": "0", "18": "0", "19": "-8.68", "20": "-8.67", "21": "0.86", "22": "0.63", "23": "-40.26%", "24": "0.03", "25": "0.18", "26": "-0.37"}, "2022-09-30": {"1": "0.73", "2": "0.73", "3": "4472.61%", "4": "0.28", "5": "1.01", "6": "194.59", "7": "0.04", "8": "194.64", "9": "195.64", "10": "0.15", "11": "0", "12": "0", "13": "0.15", "14": "9.95", "15": "9.95", "16": "10.1", "17": "0", "18": "0", "19": "-9.05", "20": "-9.05", "21": "1.05", "22": "0.73", "23": "-", "24": "0.03", "25": "0.86", "26": "-0.38"}, "2022-06-30": {"1": "0.75", "2": "0.75", "3": "-", "4": "0.3", "5": "1.05", "6": "193.65", "7": "0.11", "8": "193.76", "9": "194.81", "10": "0.07", "11": "0", "12": "0", "13": "0.07", "14": "10.14", "15": "10.14", "16": "10.21", "17": "0", "18": "0", "19": "-9.05", "20": "-9.05", "21": "1.16", "22": "0.75", "23": "-", "24": "0.03", "25": "0.98", "26": "-0.38"}, "2022-03-31": {"1": "0.88", "2": "0.88", "3": "3430.35%", "4": "0.32", "5": "1.2", "6": "193.5", "7": "0.17", "8": "193.68", "9": "194.88", "10": "0.33", "11": "0", "12": "0", "13": "0.33", "14": "13.62", "15": "13.62", "16": "13.95", "17": "0", "18": "0", "19": "-12.62", "20": "-12.62", "21": "1.34", "22": "0.88", "23": "3430.35%", "24": "0.04", "25": "0.88", "26": "-0.53"}, "2021-12-31": {"1": "1.05", "2": "1.05", "3": "-", "4": "0.29", "5": "1.34", "6": "193.55", "7": "0.24", "8": "193.79", "9": "195.12", "10": "0.14", "11": "0", "12": "0.01", "13": "0.15", "14": "20.08", "15": "20.08", "16": "20.23", "17": "0", "18": "0", "19": "-18.65", "20": "-18.65", "21": "1.58", "22": "1.05", "23": "-", "24": "0.18", "25": "1.18", "26": "-3.23"}, "2021-09-30": {"1": "0.02", "2": "0.02", "3": "-", "4": "0", "5": "0.02", "6": "0", "7": "0.29", "8": "0.29", "9": "0.31", "10": "0", "11": "0.07", "12": "0.22", "13": "0.29", "14": "0", "15": "0", "16": "0.29", "17": "0.07", "18": "0.03", "19": "-0.01", "20": "0.01", "21": "0.31", "22": "-0.06", "23": "-", "24": "-0.01", "25": "-0.28", "26": "0.00"}, "2021-06-30": {"1": "-", "2": "0", "3": "-", "4": "-", "5": "-", "6": "-", "7": "-", "8": "-", "9": "-", "10": "-", "11": "-", "12": "-", "13": "-", "14": "-", "15": "-", "16": "-", "17": "-", "18": "-", "19": "-", "20": "-", "21": "-", "22": "0", "23": "-", "24": "-", "25": "-", "26": "-"}, "2021-04-09": {"1": "0.03", "2": "0.03", "3": "-", "4": "0", "5": "0.03", "6": "0", "7": "0.21", "8": "0.21", "9": "0.23", "10": "0", "11": "0", "12": "0.21", "13": "0.21", "14": "0", "15": "0", "16": "0.21", "17": "0", "18": "0.03", "19": "-0.01", "20": "0.02", "21": "0.23", "22": "0.03", "23": "-", "24": "-", "25": "-0.19", "26": "-"}}}, "cash_flow_statement": {"annual": {"Year": {"1": "Net Income", "2": "Other Operating Activities", "3": "Operating Cash Flow", "4": "Change in Investments", "5": "Investing Cash Flow", "6": "Share Issuance / Repurchase", "7": "Other Financing Activities", "8": "Financing Cash Flow", "9": "Net Cash Flow", "10": "Free Cash Flow", "11": "Free Cash Flow Per Share"}, "2022": {"1": "12.66", "2": "-13.07", "3": "-0.41", "4": "0", "5": "0", "6": "0", "7": "-0.01", "8": "-0.01", "9": "-0.42", "10": "-0.41", "11": "-0.02"}, "2021": {"1": "1.74", "2": "-2.34", "3": "-0.6", "4": "-193.55", "5": "-193.55", "6": "186.53", "7": "8.66", "8": "195.19", "9": "1.05", "10": "-0.6", "11": "-0.10"}}, "quarterly": {"Metrics": {"1": "Net Income", "2": "Other Operating Activities", "3": "Operating Cash Flow", "4": "Share Issuance / Repurchase", "5": "Debt Issued / Paid", "6": "Other Financing Activities", "7": "Financing Cash Flow", "8": "Net Cash Flow", "9": "Free Cash Flow", "10": "Free Cash Flow Per Share"}, "2023-03-31": {"1": "1.64", "2": "-1.9", "3": "-0.26", "4": "0", "5": "0", "6": "-", "7": "0", "8": "-0.26", "9": "-0.26", "10": "-0.01"}, "2022-12-31": {"1": "2", "2": "-2.11", "3": "-0.1", "4": "0", "5": "0", "6": "-", "7": "0", "8": "-0.1", "9": "-0.1", "10": "-0.00"}, "2022-09-30": {"1": "0.94", "2": "-0.96", "3": "-0.02", "4": "0", "5": "0", "6": "-", "7": "0", "8": "-0.02", "9": "-0.02", "10": "-0.00"}, "2022-06-30": {"1": "3.67", "2": "-3.81", "3": "-0.13", "4": "0", "5": "0", "6": "-", "7": "0", "8": "-0.13", "9": "-0.13", "10": "-0.01"}, "2022-03-31": {"1": "6.04", "2": "-6.19", "3": "-0.16", "4": "0", "5": "0", "6": "-0.01", "7": "-0.01", "8": "-0.17", "9": "-0.16", "10": "-0.01"}, "2021-12-31": {"1": "1.76", "2": "-2.34", "3": "-0.58", "4": "186.51", "5": "-0.07", "6": "8.73", "7": "195.16", "8": "1.03", "9": "-0.58", "10": "-0.10"}, "2021-09-30": {"1": "-0", "2": "0.01", "3": "0.01", "4": "0", "5": "0.04", "6": "-0.07", "7": "-0.03", "8": "-0.02", "9": "0.01", "10": "0.00"}, "2021-06-30": {"1": "-0.01", "2": "-0.01", "3": "-0.02", "4": "0.03", "5": "0.04", "6": "-", "7": "0.06", "8": "0.04", "9": "-0.02", "10": "-0.01"}}}, "ratios": {"annual": {"Year": {"1": "Market Capitalization", "2": "Market Cap Growth", "3": "Enterprise Value", "4": "PE Ratio", "5": "PB Ratio", "6": "P/FCF Ratio", "7": "P/OCF Ratio", "8": "EV/EBITDA Ratio", "9": "EV/EBIT Ratio", "10": "EV/FCF Ratio", "11": "Current Ratio", "12": "Return on Equity (ROE)", "13": "Return on Assets (ROA)", "14": "Return on Capital (ROIC)", "15": "Earnings Yield", "16": "FCF Yield", "17": "Buyback Yield / Dilution", "18": "Total Shareholder Return"}, "Current": {"1": "248", "2": "-", "3": "248", "4": "30.82", "5": "-26.70", "6": "-476.23", "7": "-476.23", "8": "30.01", "9": "30.01", "10": "-475.53", "11": "0.82", "12": "-91.70%", "13": "4.20%", "14": "4.20%", "15": "3.33%", "16": "-0.21%", "17": "-310.19%", "18": "-310.19%"}, "2022": {"1": "439", "2": "134.31%", "3": "438", "4": "34.67", "5": "-50.59", "6": "-1065.43", "7": "-1065.43", "8": "34.62", "9": "34.62", "10": "-1063.91", "11": "1.26", "12": "-128.60%", "13": "6.50%", "14": "6.50%", "15": "2.88%", "16": "-0.09%", "17": "-", "18": "-"}, "2021": {"1": "187", "2": "-", "3": "186", "4": "107.47", "5": "-10.04", "6": "-314.66", "7": "-314.66", "8": "106.86", "9": "106.86", "10": "-312.89", "11": "8.85", "12": "-", "13": "-", "14": "-", "15": "0.93%", "16": "-0.32%", "17": null, "18": null}}, "quarterly": {"Metrics": {"1": "Market Capitalization", "2": "Market Cap Growth", "3": "Enterprise Value", "4": "PE Ratio", "5": "PB Ratio", "6": "Debt / Equity Ratio", "7": "Current Ratio", "8": "Buyback Yield / Dilution", "9": "Total Shareholder Return"}, "Current": {"1": "248", "2": "-", "3": "248", "4": "30.82", "5": "-26.70", "6": "-", "7": "0.82", "8": "-", "9": "-"}, "2023-03-31": {"1": "247", "2": "-41.47%", "3": "247", "4": "29.94", "5": "-26.70", "6": "-", "7": "0.82", "8": "-310.19%", "9": "-310.19%"}, "2022-12-31": {"1": "439", "2": "134.31%", "3": "438", "4": "34.67", "5": "-50.59", "6": "-", "7": "1.26", "8": "-450.00%", "9": "-450.00%"}, "2022-09-30": {"1": "428", "2": "-", "3": "427", "4": "34.50", "5": "-47.34", "6": "-", "7": "6.67", "8": "-532.50%", "9": "-532.50%"}, "2022-06-30": {"1": "425", "2": "-", "3": "424", "4": "37.06", "5": "-46.94", "6": "-", "7": "15.16", "8": "-", "9": "-"}, "2022-03-31": {"1": "423", "2": "-", "3": "422", "4": "54.33", "5": "-33.50", "6": "-", "7": "3.66", "8": "-", "9": "-"}, "2021-12-31": {"1": "187", "2": "-", "3": "186", "4": "107.47", "5": "-10.04", "6": "-", "7": "8.85", "8": "-", "9": "-"}, "2021-09-30": {"1": "-", "2": "-", "3": "0", "4": "-", "5": "-", "6": "6.14", "7": "0.05", "8": null, "9": null}}}, "stock_price": {"symbol": {"0": "BOCN", "1": "BOCN", "2": "BOCN", "3": "BOCN", "4": "BOCN", "5": "BOCN", "6": "BOCN", "7": "BOCN", "8": "BOCN", "9": "BOCN", "10": "BOCN", "11": "BOCN", "12": "BOCN", "13": "BOCN", "14": "BOCN", "15": "BOCN", "16": "BOCN", "17": "BOCN", "18": "BOCN", "19": "BOCN", "20": "BOCN", "21": "BOCN", "22": "BOCN", "23": "BOCN", "24": "BOCN", "25": "BOCN", "26": "BOCN", "27": "BOCN", "28": "BOCN", "29": "BOCN", "30": "BOCN", "31": "BOCN", "32": "BOCN", "33": "BOCN", "34": "BOCN", "35": "BOCN", "36": "BOCN", "37": "BOCN", "38": "BOCN", "39": "BOCN", "40": "BOCN", "41": "BOCN", "42": "BOCN", "43": "BOCN", "44": "BOCN", "45": "BOCN", "46": "BOCN", "47": "BOCN", "48": "BOCN", "49": "BOCN", "50": "BOCN", "51": "BOCN", "52": "BOCN", "53": "BOCN", "54": "BOCN", "55": "BOCN", "56": "BOCN", "57": "BOCN", "58": "BOCN", "59": "BOCN", "60": "BOCN", "61": "BOCN", "62": "BOCN", "63": "BOCN", "64": "BOCN", "65": "BOCN", "66": "BOCN", "67": "BOCN", "68": "BOCN", "69": "BOCN", "70": "BOCN", "71": "BOCN", "72": "BOCN", "73": "BOCN", "74": "BOCN", "75": "BOCN", "76": "BOCN", "77": "BOCN", "78": "BOCN", "79": "BOCN", "80": "BOCN", "81": "BOCN", "82": "BOCN", "83": "BOCN", "84": "BOCN", "85": "BOCN", "86": "BOCN", "87": "BOCN", "88": "BOCN", "89": "BOCN", "90": "BOCN", "91": "BOCN", "92": "BOCN", "93": "BOCN", "94": "BOCN", "95": "BOCN", "96": "BOCN", "97": "BOCN", "98": "BOCN", "99": "BOCN", "100": "BOCN", "101": "BOCN", "102": "BOCN", "103": "BOCN", "104": "BOCN", "105": "BOCN", "106": "BOCN", "107": "BOCN", "108": "BOCN", "109": "BOCN", "110": "BOCN", "111": "BOCN", "112": "BOCN", "113": "BOCN", "114": "BOCN", "115": "BOCN", "116": "BOCN", "117": "BOCN", "118": "BOCN", "119": "BOCN", "120": "BOCN", "121": "BOCN", "122": "BOCN", "123": "BOCN", "124": "BOCN", "125": "BOCN", "126": "BOCN", "127": "BOCN", "128": "BOCN", "129": "BOCN", "130": "BOCN", "131": "BOCN", "132": "BOCN", "133": "BOCN", "134": "BOCN", "135": "BOCN", "136": "BOCN", "137": "BOCN", "138": "BOCN", "139": "BOCN", "140": "BOCN", "141": "BOCN", "142": "BOCN", "143": "BOCN", "144": "BOCN", "145": "BOCN", "146": "BOCN", "147": "BOCN", "148": "BOCN", "149": "BOCN", "150": "BOCN", "151": "BOCN", "152": "BOCN", "153": "BOCN", "154": "BOCN", "155": "BOCN", "156": "BOCN", "157": "BOCN", "158": "BOCN", "159": "BOCN", "160": "BOCN", "161": "BOCN", "162": "BOCN", "163": "BOCN", "164": "BOCN", "165": "BOCN", "166": "BOCN", "167": "BOCN", "168": "BOCN", "169": "BOCN", "170": "BOCN", "171": "BOCN", "172": "BOCN", "173": "BOCN", "174": "BOCN", "175": "BOCN", "176": "BOCN", "177": "BOCN", "178": "BOCN", "179": "BOCN", "180": "BOCN", "181": "BOCN", "182": "BOCN", "183": "BOCN", "184": "BOCN", "185": "BOCN", "186": "BOCN", "187": "BOCN", "188": "BOCN", "189": "BOCN", "190": "BOCN", "191": "BOCN", "192": "BOCN", "193": "BOCN", "194": "BOCN", "195": "BOCN", "196": "BOCN", "197": "BOCN", "198": "BOCN", "199": "BOCN", "200": "BOCN", "201": "BOCN", "202": "BOCN", "203": "BOCN", "204": "BOCN", "205": "BOCN", "206": "BOCN", "207": "BOCN", "208": "BOCN", "209": "BOCN", "210": "BOCN", "211": "BOCN", "212": "BOCN", "213": "BOCN", "214": "BOCN", "215": "BOCN", "216": "BOCN", "217": "BOCN", "218": "BOCN", "219": "BOCN", "220": "BOCN", "221": "BOCN", "222": "BOCN", "223": "BOCN", "224": "BOCN", "225": "BOCN", "226": "BOCN", "227": "BOCN", "228": "BOCN", "229": "BOCN", "230": "BOCN", "231": "BOCN", "232": "BOCN", "233": "BOCN", "234": "BOCN", "235": "BOCN", "236": "BOCN", "237": "BOCN", "238": "BOCN", "239": "BOCN", "240": "BOCN", "241": "BOCN", "242": "BOCN", "243": "BOCN", "244": "BOCN", "245": "BOCN", "246": "BOCN", "247": "BOCN", "248": "BOCN", "249": "BOCN", "250": "BOCN", "251": "BOCN", "252": "BOCN", "253": "BOCN", "254": "BOCN", "255": "BOCN", "256": "BOCN", "257": "BOCN", "258": "BOCN", "259": "BOCN", "260": "BOCN", "261": "BOCN", "262": "BOCN", "263": "BOCN", "264": "BOCN", "265": "BOCN", "266": "BOCN", "267": "BOCN", "268": "BOCN", "269": "BOCN", "270": "BOCN", "271": "BOCN", "272": "BOCN", "273": "BOCN", "274": "BOCN", "275": "BOCN", "276": "BOCN", "277": "BOCN", "278": "BOCN", "279": "BOCN", "280": "BOCN", "281": "BOCN", "282": "BOCN", "283": "BOCN", "284": "BOCN", "285": "BOCN", "286": "BOCN", "287": "BOCN", "288": "BOCN", "289": "BOCN", "290": "BOCN", "291": "BOCN", "292": "BOCN", "293": "BOCN", "294": "BOCN", "295": "BOCN", "296": "BOCN", "297": "BOCN", "298": "BOCN", "299": "BOCN", "300": "BOCN", "301": "BOCN", "302": "BOCN", "303": "BOCN", "304": "BOCN", "305": "BOCN", "306": "BOCN", "307": "BOCN", "308": "BOCN", "309": "BOCN", "310": "BOCN", "311": "BOCN", "312": "BOCN", "313": "BOCN", "314": "BOCN", "315": "BOCN", "316": "BOCN", "317": "BOCN", "318": "BOCN", "319": "BOCN", "320": "BOCN", "321": "BOCN", "322": "BOCN", "323": "BOCN", "324": "BOCN", "325": "BOCN", "326": "BOCN", "327": "BOCN", "328": "BOCN", "329": "BOCN", "330": "BOCN", "331": "BOCN", "332": "BOCN", "333": "BOCN", "334": "BOCN", "335": "BOCN", "336": "BOCN", "337": "BOCN", "338": "BOCN", "339": "BOCN"}, "date": {"0": "2022-02-22", "1": "2022-02-23", "2": "2022-02-24", "3": "2022-02-25", "4": "2022-02-28", "5": "2022-03-01", "6": "2022-03-02", "7": "2022-03-03", "8": "2022-03-04", "9": "2022-03-07", "10": "2022-03-08", "11": "2022-03-09", "12": "2022-03-10", "13": "2022-03-11", "14": "2022-03-14", "15": "2022-03-15", "16": "2022-03-16", "17": "2022-03-17", "18": "2022-03-18", "19": "2022-03-21", "20": "2022-03-22", "21": "2022-03-23", "22": "2022-03-24", "23": "2022-03-25", "24": "2022-03-28", "25": "2022-03-29", "26": "2022-03-30", "27": "2022-03-31", "28": "2022-04-01", "29": "2022-04-04", "30": "2022-04-05", "31": "2022-04-06", "32": "2022-04-07", "33": "2022-04-08", "34": "2022-04-11", "35": "2022-04-12", "36": "2022-04-13", "37": "2022-04-14", "38": "2022-04-18", "39": "2022-04-19", "40": "2022-04-20", "41": "2022-04-21", "42": "2022-04-22", "43": "2022-04-25", "44": "2022-04-26", "45": "2022-04-27", "46": "2022-04-28", "47": "2022-04-29", "48": "2022-05-02", "49": "2022-05-03", "50": "2022-05-04", "51": "2022-05-05", "52": "2022-05-06", "53": "2022-05-09", "54": "2022-05-10", "55": "2022-05-11", "56": "2022-05-12", "57": "2022-05-13", "58": "2022-05-16", "59": "2022-05-17", "60": "2022-05-18", "61": "2022-05-19", "62": "2022-05-20", "63": "2022-05-23", "64": "2022-05-24", "65": "2022-05-25", "66": "2022-05-26", "67": "2022-05-27", "68": "2022-05-31", "69": "2022-06-01", "70": "2022-06-02", "71": "2022-06-03", "72": "2022-06-06", "73": "2022-06-07", "74": "2022-06-08", "75": "2022-06-09", "76": "2022-06-10", "77": "2022-06-13", "78": "2022-06-14", "79": "2022-06-15", "80": "2022-06-16", "81": "2022-06-17", "82": "2022-06-21", "83": "2022-06-22", "84": "2022-06-23", "85": "2022-06-24", "86": "2022-06-27", "87": "2022-06-28", "88": "2022-06-29", "89": "2022-06-30", "90": "2022-07-01", "91": "2022-07-05", "92": "2022-07-06", "93": "2022-07-07", "94": "2022-07-08", "95": "2022-07-11", "96": "2022-07-12", "97": "2022-07-13", "98": "2022-07-14", "99": "2022-07-15", "100": "2022-07-18", "101": "2022-07-19", "102": "2022-07-20", "103": "2022-07-21", "104": "2022-07-22", "105": "2022-07-25", "106": "2022-07-26", "107": "2022-07-27", "108": "2022-07-28", "109": "2022-07-29", "110": "2022-08-01", "111": "2022-08-02", "112": "2022-08-03", "113": "2022-08-04", "114": "2022-08-05", "115": "2022-08-08", "116": "2022-08-09", "117": "2022-08-10", "118": "2022-08-11", "119": "2022-08-12", "120": "2022-08-15", "121": "2022-08-16", "122": "2022-08-17", "123": "2022-08-18", "124": "2022-08-19", "125": "2022-08-22", "126": "2022-08-23", "127": "2022-08-24", "128": "2022-08-25", "129": "2022-08-26", "130": "2022-08-29", "131": "2022-08-30", "132": "2022-08-31", "133": "2022-09-01", "134": "2022-09-02", "135": "2022-09-06", "136": "2022-09-07", "137": "2022-09-08", "138": "2022-09-09", "139": "2022-09-12", "140": "2022-09-13", "141": "2022-09-14", "142": "2022-09-15", "143": "2022-09-16", "144": "2022-09-19", "145": "2022-09-20", "146": "2022-09-21", "147": "2022-09-22", "148": "2022-09-23", "149": "2022-09-26", "150": "2022-09-27", "151": "2022-09-28", "152": "2022-09-29", "153": "2022-09-30", "154": "2022-10-03", "155": "2022-10-04", "156": "2022-10-05", "157": "2022-10-06", "158": "2022-10-07", "159": "2022-10-10", "160": "2022-10-11", "161": "2022-10-12", "162": "2022-10-13", "163": "2022-10-14", "164": "2022-10-17", "165": "2022-10-18", "166": "2022-10-19", "167": "2022-10-20", "168": "2022-10-21", "169": "2022-10-24", "170": "2022-10-25", "171": "2022-10-26", "172": "2022-10-27", "173": "2022-10-28", "174": "2022-10-31", "175": "2022-11-01", "176": "2022-11-02", "177": "2022-11-03", "178": "2022-11-04", "179": "2022-11-07", "180": "2022-11-08", "181": "2022-11-09", "182": "2022-11-10", "183": "2022-11-11", "184": "2022-11-14", "185": "2022-11-15", "186": "2022-11-16", "187": "2022-11-17", "188": "2022-11-18", "189": "2022-11-21", "190": "2022-11-22", "191": "2022-11-23", "192": "2022-11-25", "193": "2022-11-28", "194": "2022-11-29", "195": "2022-11-30", "196": "2022-12-01", "197": "2022-12-02", "198": "2022-12-05", "199": "2022-12-06", "200": "2022-12-07", "201": "2022-12-08", "202": "2022-12-09", "203": "2022-12-12", "204": "2022-12-13", "205": "2022-12-14", "206": "2022-12-15", "207": "2022-12-16", "208": "2022-12-19", "209": "2022-12-20", "210": "2022-12-21", "211": "2022-12-22", "212": "2022-12-23", "213": "2022-12-27", "214": "2022-12-28", "215": "2022-12-29", "216": "2022-12-30", "217": "2023-01-03", "218": "2023-01-04", "219": "2023-01-05", "220": "2023-01-06", "221": "2023-01-09", "222": "2023-01-10", "223": "2023-01-11", "224": "2023-01-12", "225": "2023-01-13", "226": "2023-01-17", "227": "2023-01-18", "228": "2023-01-19", "229": "2023-01-20", "230": "2023-01-23", "231": "2023-01-24", "232": "2023-01-25", "233": "2023-01-26", "234": "2023-01-27", "235": "2023-01-30", "236": "2023-01-31", "237": "2023-02-01", "238": "2023-02-02", "239": "2023-02-03", "240": "2023-02-06", "241": "2023-02-07", "242": "2023-02-08", "243": "2023-02-09", "244": "2023-02-10", "245": "2023-02-13", "246": "2023-02-14", "247": "2023-02-15", "248": "2023-02-16", "249": "2023-02-17", "250": "2023-02-21", "251": "2023-02-22", "252": "2023-02-23", "253": "2023-02-24", "254": "2023-02-27", "255": "2023-02-28", "256": "2023-03-01", "257": "2023-03-02", "258": "2023-03-03", "259": "2023-03-06", "260": "2023-03-07", "261": "2023-03-08", "262": "2023-03-09", "263": "2023-03-10", "264": "2023-03-13", "265": "2023-03-14", "266": "2023-03-15", "267": "2023-03-16", "268": "2023-03-17", "269": "2023-03-20", "270": "2023-03-21", "271": "2023-03-22", "272": "2023-03-23", "273": "2023-03-24", "274": "2023-03-27", "275": "2023-03-28", "276": "2023-03-29", "277": "2023-03-30", "278": "2023-03-31", "279": "2023-04-03", "280": "2023-04-04", "281": "2023-04-05", "282": "2023-04-06", "283": "2023-04-10", "284": "2023-04-11", "285": "2023-04-12", "286": "2023-04-13", "287": "2023-04-14", "288": "2023-04-17", "289": "2023-04-18", "290": "2023-04-19", "291": "2023-04-20", "292": "2023-04-21", "293": "2023-04-24", "294": "2023-04-25", "295": "2023-04-26", "296": "2023-04-27", "297": "2023-04-28", "298": "2023-05-01", "299": "2023-05-02", "300": "2023-05-03", "301": "2023-05-04", "302": "2023-05-05", "303": "2023-05-08", "304": "2023-05-09", "305": "2023-05-10", "306": "2023-05-11", "307": "2023-05-12", "308": "2023-05-15", "309": "2023-05-16", "310": "2023-05-17", "311": "2023-05-18", "312": "2023-05-19", "313": "2023-05-22", "314": "2023-05-23", "315": "2023-05-24", "316": "2023-05-25", "317": "2023-05-26", "318": "2023-05-30", "319": "2023-05-31", "320": "2023-06-01", "321": "2023-06-02", "322": "2023-06-05", "323": "2023-06-06", "324": "2023-06-07", "325": "2023-06-08", "326": "2023-06-09", "327": "2023-06-12", "328": "2023-06-13", "329": "2023-06-14", "330": "2023-06-15", "331": "2023-06-16", "332": "2023-06-20", "333": "2023-06-21", "334": "2023-06-22", "335": "2023-06-23", "336": "2023-06-26", "337": "2023-06-27", "338": "2023-06-28", "339": "2023-06-29"}, "open": {"0": 9.890000343322754, "1": 9.850000381469727, "2": 9.850000381469727, "3": 9.8100004196167, "4": 9.850000381469727, "5": 9.819999694824219, "6": 9.869999885559082, "7": 9.819999694824219, "8": 9.880000114440918, "9": 9.875, "10": 9.859999656677246, "11": 9.890000343322754, "12": 9.890000343322754, "13": 9.890000343322754, "14": 9.899999618530273, "15": 9.859999656677246, "16": 9.869999885559082, "17": 9.890000343322754, "18": 9.890000343322754, "19": 9.890000343322754, "20": 9.890000343322754, "21": 9.890000343322754, "22": 9.890000343322754, "23": 9.890000343322754, "24": 9.890000343322754, "25": 9.890000343322754, "26": 9.890000343322754, "27": 9.890000343322754, "28": 9.890000343322754, "29": 9.890000343322754, "30": 9.890000343322754, "31": 9.890000343322754, "32": 9.90999984741211, "33": 9.899999618530273, "34": 9.899999618530273, "35": 9.9399995803833, "36": 9.9399995803833, "37": 9.920000076293945, "38": 9.930000305175781, "39": 9.9399995803833, "40": 9.9399995803833, "41": 9.9399995803833, "42": 9.90999984741211, "43": 9.920000076293945, "44": 9.920000076293945, "45": 9.920000076293945, "46": 9.920000076293945, "47": 9.920000076293945, "48": 9.920000076293945, "49": 9.970000267028809, "50": 9.920000076293945, "51": 9.920000076293945, "52": 9.932000160217285, "53": 9.932000160217285, "54": 9.899999618530273, "55": 9.899999618530273, "56": 9.899999618530273, "57": 9.890000343322754, "58": 9.890000343322754, "59": 9.890000343322754, "60": 9.890000343322754, "61": 9.890000343322754, "62": 9.890000343322754, "63": 9.890000343322754, "64": 9.890000343322754, "65": 9.890000343322754, "66": 9.890000343322754, "67": 9.890000343322754, "68": 9.914999961853027, "69": 9.914999961853027, "70": 9.890000343322754, "71": 9.880000114440918, "72": 9.880000114440918, "73": 9.880000114440918, "74": 9.920000076293945, "75": 9.920000076293945, "76": 9.970000267028809, "77": 9.970000267028809, "78": 9.970000267028809, "79": 9.920000076293945, "80": 9.920000076293945, "81": 9.920000076293945, "82": 9.920000076293945, "83": 9.920000076293945, "84": 9.930000305175781, "85": 9.90999984741211, "86": 9.930000305175781, "87": 9.930000305175781, "88": 10.430000305175781, "89": 9.949999809265137, "90": 9.949999809265137, "91": 9.944999694824219, "92": 9.930000305175781, "93": 9.930000305175781, "94": 9.930000305175781, "95": 9.930000305175781, "96": 9.930000305175781, "97": 9.930000305175781, "98": 9.930000305175781, "99": 9.930000305175781, "100": 9.930000305175781, "101": 9.930000305175781, "102": 9.930000305175781, "103": 9.930000305175781, "104": 9.930000305175781, "105": 9.930000305175781, "106": 9.930000305175781, "107": 9.960000038146973, "108": 9.949999809265137, "109": 9.949999809265137, "110": 9.96500015258789, "111": 9.96500015258789, "112": 9.96500015258789, "113": 9.96500015258789, "114": 9.96500015258789, "115": 9.979999542236328, "116": 9.979999542236328, "117": 9.989999771118164, "118": 9.970000267028809, "119": 9.989999771118164, "120": 9.989999771118164, "121": 9.989999771118164, "122": 9.989999771118164, "123": 9.989999771118164, "124": 9.989999771118164, "125": 10.0, "126": 10.0, "127": 9.979999542236328, "128": 9.979999542236328, "129": 9.979999542236328, "130": 9.979999542236328, "131": 9.979999542236328, "132": 9.979999542236328, "133": 10.0, "134": 10.0, "135": 10.0, "136": 10.0, "137": 10.020000457763672, "138": 10.020000457763672, "139": 10.020000457763672, "140": 10.020000457763672, "141": 10.010000228881836, "142": 10.0, "143": 10.0, "144": 10.010000228881836, "145": 10.010000228881836, "146": 10.010000228881836, "147": 10.010000228881836, "148": 10.020000457763672, "149": 10.010000228881836, "150": 10.010000228881836, "151": 10.020000457763672, "152": 10.029999732971191, "153": 10.029999732971191, "154": 10.050000190734863, "155": 10.039999961853027, "156": 10.039999961853027, "157": 10.039999961853027, "158": 10.039999961853027, "159": 10.050000190734863, "160": 10.039999961853027, "161": 10.045000076293945, "162": 10.050000190734863, "163": 10.0600004196167, "164": 10.050000190734863, "165": 10.050000190734863, "166": 10.050000190734863, "167": 10.0600004196167, "168": 10.069999694824219, "169": 10.119999885559082, "170": 10.09000015258789, "171": 10.09000015258789, "172": 10.09000015258789, "173": 10.09000015258789, "174": 10.114999771118164, "175": 10.125, "176": 10.125, "177": 10.135000228881836, "178": 10.130000114440918, "179": 10.130000114440918, "180": 10.130000114440918, "181": 10.130000114440918, "182": 10.130000114440918, "183": 10.130000114440918, "184": 10.140000343322754, "185": 10.140000343322754, "186": 10.140000343322754, "187": 10.140000343322754, "188": 10.140000343322754, "189": 10.140000343322754, "190": 10.145000457763672, "191": 10.149999618530273, "192": 10.149999618530273, "193": 10.199999809265137, "194": 10.199999809265137, "195": 10.180000305175781, "196": 10.180000305175781, "197": 10.1899995803833, "198": 10.210000038146973, "199": 10.210000038146973, "200": 10.210000038146973, "201": 10.210000038146973, "202": 10.210000038146973, "203": 10.229999542236328, "204": 10.229999542236328, "205": 10.229999542236328, "206": 10.229999542236328, "207": 10.279999732971191, "208": 10.279999732971191, "209": 10.279999732971191, "210": 10.279999732971191, "211": 10.260000228881836, "212": 10.220000267028809, "213": 10.300000190734863, "214": 10.300000190734863, "215": 10.329999923706055, "216": 10.279999732971191, "217": 10.279999732971191, "218": 10.279999732971191, "219": 10.279999732971191, "220": 10.279999732971191, "221": 10.270000457763672, "222": 10.270000457763672, "223": 10.270000457763672, "224": 10.279999732971191, "225": 10.279999732971191, "226": 10.300000190734863, "227": 10.289999961853027, "228": 10.289999961853027, "229": 10.3100004196167, "230": 10.300000190734863, "231": 10.319999694824219, "232": 10.3100004196167, "233": 10.319999694824219, "234": 10.319999694824219, "235": 10.329999923706055, "236": 10.324999809265137, "237": 10.329999923706055, "238": 10.329999923706055, "239": 10.329999923706055, "240": 10.329999923706055, "241": 10.335000038146973, "242": 10.329999923706055, "243": 10.34000015258789, "244": 10.34000015258789, "245": 10.329999923706055, "246": 10.350000381469727, "247": 10.350000381469727, "248": 10.350000381469727, "249": 10.345000267028809, "250": 10.34000015258789, "251": 10.380000114440918, "252": 10.380000114440918, "253": 10.380000114440918, "254": 10.850000381469727, "255": 10.380000114440918, "256": 10.390000343322754, "257": 10.390000343322754, "258": 10.399999618530273, "259": 10.399999618530273, "260": 10.40999984741211, "261": 10.40999984741211, "262": 10.40999984741211, "263": 10.388999938964844, "264": 10.369999885559082, "265": 10.399999618530273, "266": 10.399999618530273, "267": 10.399999618530273, "268": 10.399999618530273, "269": 10.420000076293945, "270": 10.420000076293945, "271": 10.420000076293945, "272": 10.420000076293945, "273": 10.420000076293945, "274": 10.420000076293945, "275": 10.425000190734863, "276": 10.425000190734863, "277": 10.5, "278": 10.430000305175781, "279": 10.430000305175781, "280": 10.4399995803833, "281": 10.430000305175781, "282": 10.430000305175781, "283": 10.4399995803833, "284": 10.4399995803833, "285": 10.470000267028809, "286": 10.470000267028809, "287": 10.444999694824219, "288": 10.460000038146973, "289": 10.460000038146973, "290": 10.460000038146973, "291": 10.489999771118164, "292": 10.475000381469727, "293": 10.460000038146973, "294": 10.460000038146973, "295": 10.460000038146973, "296": 10.460000038146973, "297": 10.479999542236328, "298": 10.470000267028809, "299": 10.470000267028809, "300": 10.550000190734863, "301": 10.489999771118164, "302": 10.479999542236328, "303": 10.479999542236328, "304": 10.5, "305": 10.5, "306": 10.489999771118164, "307": 10.5, "308": 10.5, "309": 10.5, "310": 10.520000457763672, "311": 10.520000457763672, "312": 10.512999534606934, "313": 10.510000228881836, "314": 10.515000343322754, "315": 10.510000228881836, "316": 10.515000343322754, "317": 10.520000457763672, "318": 10.529999732971191, "319": 10.524999618530273, "320": 10.508000373840332, "321": 10.5, "322": 10.515000343322754, "323": 10.541999816894531, "324": 10.550000190734863, "325": 10.5600004196167, "326": 10.550000190734863, "327": 10.550000190734863, "328": 10.5600004196167, "329": 10.550000190734863, "330": 10.550000190734863, "331": 10.550999641418457, "332": 10.539999961853027, "333": 10.569999694824219, "334": 10.600000381469727, "335": 10.569999694824219, "336": 10.569999694824219, "337": 10.670000076293945, "338": 10.569999694824219, "339": 10.569999694824219}, "high": {"0": 9.890000343322754, "1": 9.850000381469727, "2": 9.850000381469727, "3": 9.819999694824219, "4": 9.850000381469727, "5": 9.880000114440918, "6": 9.869999885559082, "7": 9.880000114440918, "8": 9.880000114440918, "9": 9.880000114440918, "10": 9.890000343322754, "11": 9.890000343322754, "12": 9.890000343322754, "13": 9.890000343322754, "14": 9.899999618530273, "15": 9.869999885559082, "16": 9.869999885559082, "17": 9.890000343322754, "18": 9.890000343322754, "19": 9.890000343322754, "20": 9.890000343322754, "21": 9.890000343322754, "22": 9.890000343322754, "23": 9.890000343322754, "24": 9.890000343322754, "25": 9.890000343322754, "26": 9.890000343322754, "27": 9.899999618530273, "28": 9.890000343322754, "29": 9.890000343322754, "30": 9.890000343322754, "31": 9.890000343322754, "32": 9.90999984741211, "33": 9.899999618530273, "34": 9.899999618530273, "35": 9.9399995803833, "36": 9.9399995803833, "37": 9.9399995803833, "38": 9.930000305175781, "39": 9.9399995803833, "40": 9.9399995803833, "41": 10.026000022888184, "42": 10.449999809265137, "43": 9.920000076293945, "44": 9.920000076293945, "45": 9.960000038146973, "46": 9.920000076293945, "47": 9.920000076293945, "48": 10.010000228881836, "49": 9.970000267028809, "50": 9.920000076293945, "51": 9.932000160217285, "52": 9.932000160217285, "53": 9.932000160217285, "54": 10.4350004196167, "55": 9.899999618530273, "56": 9.899999618530273, "57": 9.890000343322754, "58": 9.890000343322754, "59": 9.890000343322754, "60": 9.890000343322754, "61": 9.890000343322754, "62": 9.890000343322754, "63": 9.890000343322754, "64": 9.890000343322754, "65": 9.890000343322754, "66": 9.890000343322754, "67": 9.890000343322754, "68": 9.914999961853027, "69": 9.914999961853027, "70": 9.890000343322754, "71": 9.880000114440918, "72": 9.880000114440918, "73": 9.880000114440918, "74": 9.920000076293945, "75": 9.960000038146973, "76": 9.970000267028809, "77": 9.970000267028809, "78": 9.970000267028809, "79": 9.920000076293945, "80": 9.920000076293945, "81": 9.920000076293945, "82": 9.920000076293945, "83": 9.920000076293945, "84": 9.930000305175781, "85": 9.90999984741211, "86": 9.930000305175781, "87": 9.930000305175781, "88": 10.430000305175781, "89": 9.949999809265137, "90": 9.949999809265137, "91": 9.960000038146973, "92": 9.930000305175781, "93": 9.930000305175781, "94": 9.930000305175781, "95": 9.930000305175781, "96": 9.930000305175781, "97": 9.930000305175781, "98": 9.930000305175781, "99": 9.930000305175781, "100": 9.930000305175781, "101": 9.930000305175781, "102": 9.930000305175781, "103": 9.930000305175781, "104": 9.930000305175781, "105": 9.930000305175781, "106": 9.930000305175781, "107": 9.960000038146973, "108": 9.949999809265137, "109": 9.96500015258789, "110": 9.96500015258789, "111": 9.96500015258789, "112": 9.96500015258789, "113": 9.96500015258789, "114": 9.96500015258789, "115": 9.979999542236328, "116": 9.979999542236328, "117": 9.989999771118164, "118": 9.970000267028809, "119": 9.989999771118164, "120": 9.989999771118164, "121": 9.989999771118164, "122": 9.989999771118164, "123": 9.989999771118164, "124": 10.0, "125": 10.0, "126": 10.0, "127": 9.979999542236328, "128": 9.979999542236328, "129": 9.979999542236328, "130": 9.979999542236328, "131": 9.979999542236328, "132": 9.979999542236328, "133": 10.0, "134": 10.0, "135": 10.0, "136": 10.020000457763672, "137": 10.020000457763672, "138": 10.024999618530273, "139": 10.020000457763672, "140": 10.020000457763672, "141": 10.010000228881836, "142": 10.0, "143": 10.0, "144": 10.010000228881836, "145": 10.010000228881836, "146": 10.020000457763672, "147": 10.050000190734863, "148": 10.020000457763672, "149": 10.010000228881836, "150": 10.020000457763672, "151": 10.029999732971191, "152": 10.029999732971191, "153": 10.029999732971191, "154": 10.050000190734863, "155": 10.039999961853027, "156": 10.039999961853027, "157": 10.039999961853027, "158": 10.050000190734863, "159": 10.050000190734863, "160": 10.050000190734863, "161": 10.050000190734863, "162": 10.050000190734863, "163": 10.0600004196167, "164": 10.050000190734863, "165": 10.050000190734863, "166": 10.055000305175781, "167": 10.069999694824219, "168": 10.079999923706055, "169": 10.119999885559082, "170": 10.09000015258789, "171": 10.109999656677246, "172": 10.09000015258789, "173": 10.09000015258789, "174": 10.114999771118164, "175": 10.125, "176": 10.125, "177": 10.135000228881836, "178": 10.130000114440918, "179": 10.130000114440918, "180": 10.130000114440918, "181": 10.130000114440918, "182": 10.130000114440918, "183": 10.130000114440918, "184": 10.140000343322754, "185": 10.140000343322754, "186": 10.140000343322754, "187": 10.140000343322754, "188": 10.140000343322754, "189": 10.140000343322754, "190": 10.149999618530273, "191": 10.149999618530273, "192": 10.149999618530273, "193": 10.199999809265137, "194": 10.199999809265137, "195": 10.1899995803833, "196": 10.1899995803833, "197": 10.1899995803833, "198": 10.210000038146973, "199": 10.210000038146973, "200": 10.210000038146973, "201": 10.210000038146973, "202": 10.210000038146973, "203": 10.229999542236328, "204": 10.229999542236328, "205": 10.229999542236328, "206": 10.229999542236328, "207": 10.279999732971191, "208": 10.279999732971191, "209": 10.279999732971191, "210": 10.279999732971191, "211": 10.265000343322754, "212": 10.220000267028809, "213": 10.300000190734863, "214": 10.300000190734863, "215": 10.800000190734863, "216": 10.279999732971191, "217": 10.279999732971191, "218": 10.279999732971191, "219": 10.279999732971191, "220": 10.279999732971191, "221": 10.270000457763672, "222": 10.270000457763672, "223": 10.270000457763672, "224": 10.279999732971191, "225": 10.279999732971191, "226": 10.300000190734863, "227": 10.289999961853027, "228": 10.289999961853027, "229": 10.3100004196167, "230": 10.300000190734863, "231": 10.329999923706055, "232": 10.329999923706055, "233": 10.319999694824219, "234": 10.319999694824219, "235": 10.329999923706055, "236": 10.329999923706055, "237": 10.329999923706055, "238": 10.329999923706055, "239": 10.329999923706055, "240": 10.34000015258789, "241": 10.350000381469727, "242": 10.329999923706055, "243": 10.34000015258789, "244": 10.34000015258789, "245": 10.350000381469727, "246": 10.350000381469727, "247": 10.359999656677246, "248": 10.350000381469727, "249": 10.345000267028809, "250": 10.369999885559082, "251": 10.390000343322754, "252": 10.380000114440918, "253": 10.390000343322754, "254": 10.850000381469727, "255": 10.399999618530273, "256": 10.390000343322754, "257": 10.399999618530273, "258": 10.399999618530273, "259": 10.899999618530273, "260": 10.40999984741211, "261": 10.40999984741211, "262": 10.40999984741211, "263": 10.388999938964844, "264": 10.39799976348877, "265": 10.40999984741211, "266": 10.399999618530273, "267": 10.399999618530273, "268": 10.399999618530273, "269": 10.420000076293945, "270": 10.460000038146973, "271": 10.420000076293945, "272": 10.420000076293945, "273": 10.420000076293945, "274": 10.420000076293945, "275": 10.430000305175781, "276": 10.425000190734863, "277": 10.5, "278": 10.430000305175781, "279": 10.430000305175781, "280": 10.4399995803833, "281": 10.4399995803833, "282": 10.4350004196167, "283": 10.4399995803833, "284": 10.449999809265137, "285": 10.470000267028809, "286": 10.470000267028809, "287": 10.460000038146973, "288": 10.9350004196167, "289": 10.460000038146973, "290": 10.470999717712402, "291": 10.489999771118164, "292": 10.475000381469727, "293": 10.460000038146973, "294": 10.470000267028809, "295": 10.460000038146973, "296": 10.460000038146973, "297": 10.479999542236328, "298": 10.470000267028809, "299": 10.470000267028809, "300": 10.550000190734863, "301": 10.489999771118164, "302": 10.479999542236328, "303": 10.479999542236328, "304": 10.5, "305": 10.5, "306": 10.489999771118164, "307": 10.5, "308": 10.5, "309": 10.5, "310": 10.520000457763672, "311": 10.520000457763672, "312": 10.512999534606934, "313": 10.520000457763672, "314": 10.515000343322754, "315": 10.510000228881836, "316": 10.515000343322754, "317": 10.800000190734863, "318": 10.529999732971191, "319": 10.529999732971191, "320": 10.508000373840332, "321": 10.520000457763672, "322": 10.515000343322754, "323": 10.550000190734863, "324": 10.5600004196167, "325": 10.5600004196167, "326": 10.5600004196167, "327": 10.550000190734863, "328": 10.5600004196167, "329": 10.550000190734863, "330": 10.550000190734863, "331": 10.550999641418457, "332": 10.5600004196167, "333": 10.720000267028809, "334": 10.75, "335": 10.569999694824219, "336": 10.569999694824219, "337": 10.789999961853027, "338": 10.569999694824219, "339": 10.569999694824219}, "low": {"0": 9.84000015258789, "1": 9.850000381469727, "2": 9.819999694824219, "3": 9.8100004196167, "4": 9.819999694824219, "5": 9.800000190734863, "6": 9.819999694824219, "7": 9.819999694824219, "8": 9.875, "9": 9.869999885559082, "10": 9.859999656677246, "11": 9.869999885559082, "12": 9.890000343322754, "13": 9.890000343322754, "14": 9.899999618530273, "15": 9.859999656677246, "16": 9.869999885559082, "17": 9.890000343322754, "18": 9.890000343322754, "19": 9.890000343322754, "20": 9.890000343322754, "21": 9.890000343322754, "22": 9.890000343322754, "23": 9.890000343322754, "24": 9.890000343322754, "25": 9.890000343322754, "26": 9.890000343322754, "27": 9.890000343322754, "28": 9.890000343322754, "29": 9.890000343322754, "30": 9.890000343322754, "31": 9.890000343322754, "32": 9.899999618530273, "33": 9.899999618530273, "34": 9.899999618530273, "35": 9.9399995803833, "36": 9.9399995803833, "37": 9.920000076293945, "38": 9.930000305175781, "39": 9.9399995803833, "40": 9.9399995803833, "41": 9.911999702453613, "42": 9.899999618530273, "43": 9.920000076293945, "44": 9.920000076293945, "45": 9.90999984741211, "46": 9.899999618530273, "47": 9.920000076293945, "48": 9.920000076293945, "49": 9.970000267028809, "50": 9.920000076293945, "51": 9.920000076293945, "52": 9.932000160217285, "53": 9.932000160217285, "54": 9.899999618530273, "55": 9.899999618530273, "56": 9.899999618530273, "57": 9.890000343322754, "58": 9.890000343322754, "59": 9.890000343322754, "60": 9.890000343322754, "61": 9.890000343322754, "62": 9.890000343322754, "63": 9.890000343322754, "64": 9.890000343322754, "65": 9.890000343322754, "66": 9.890000343322754, "67": 9.890000343322754, "68": 9.914999961853027, "69": 9.914999961853027, "70": 9.880000114440918, "71": 9.880000114440918, "72": 9.880000114440918, "73": 9.880000114440918, "74": 9.920000076293945, "75": 9.920000076293945, "76": 9.970000267028809, "77": 9.970000267028809, "78": 9.970000267028809, "79": 9.920000076293945, "80": 9.920000076293945, "81": 9.920000076293945, "82": 9.920000076293945, "83": 9.920000076293945, "84": 9.930000305175781, "85": 9.90999984741211, "86": 9.930000305175781, "87": 9.930000305175781, "88": 9.949999809265137, "89": 9.949999809265137, "90": 9.949999809265137, "91": 9.930000305175781, "92": 9.930000305175781, "93": 9.930000305175781, "94": 9.930000305175781, "95": 9.930000305175781, "96": 9.930000305175781, "97": 9.930000305175781, "98": 9.930000305175781, "99": 9.930000305175781, "100": 9.930000305175781, "101": 9.930000305175781, "102": 9.930000305175781, "103": 9.930000305175781, "104": 9.930000305175781, "105": 9.930000305175781, "106": 9.930000305175781, "107": 9.960000038146973, "108": 9.949999809265137, "109": 9.949999809265137, "110": 9.96500015258789, "111": 9.96500015258789, "112": 9.96500015258789, "113": 9.96500015258789, "114": 9.96500015258789, "115": 9.970000267028809, "116": 9.979999542236328, "117": 9.989999771118164, "118": 9.970000267028809, "119": 9.989999771118164, "120": 9.989999771118164, "121": 9.989999771118164, "122": 9.989999771118164, "123": 9.989999771118164, "124": 9.989999771118164, "125": 10.0, "126": 10.0, "127": 9.979999542236328, "128": 9.979999542236328, "129": 9.979999542236328, "130": 9.979999542236328, "131": 9.979999542236328, "132": 9.979999542236328, "133": 10.0, "134": 10.0, "135": 10.0, "136": 10.0, "137": 10.020000457763672, "138": 10.0, "139": 10.020000457763672, "140": 10.020000457763672, "141": 10.010000228881836, "142": 10.0, "143": 10.0, "144": 10.010000228881836, "145": 10.010000228881836, "146": 10.010000228881836, "147": 10.010000228881836, "148": 10.020000457763672, "149": 10.010000228881836, "150": 10.010000228881836, "151": 10.020000457763672, "152": 10.029999732971191, "153": 10.029999732971191, "154": 10.029999732971191, "155": 10.039999961853027, "156": 10.039999961853027, "157": 10.039999961853027, "158": 10.029999732971191, "159": 10.050000190734863, "160": 10.039999961853027, "161": 10.045000076293945, "162": 10.050000190734863, "163": 10.050000190734863, "164": 10.050000190734863, "165": 10.050000190734863, "166": 10.050000190734863, "167": 10.0600004196167, "168": 10.069999694824219, "169": 10.09000015258789, "170": 10.09000015258789, "171": 10.079999923706055, "172": 10.09000015258789, "173": 10.09000015258789, "174": 10.109999656677246, "175": 10.125, "176": 10.125, "177": 10.130000114440918, "178": 10.130000114440918, "179": 10.130000114440918, "180": 10.130000114440918, "181": 10.130000114440918, "182": 10.130000114440918, "183": 10.130000114440918, "184": 10.140000343322754, "185": 10.140000343322754, "186": 10.140000343322754, "187": 10.140000343322754, "188": 10.140000343322754, "189": 10.140000343322754, "190": 10.145000457763672, "191": 10.149999618530273, "192": 10.149999618530273, "193": 10.199999809265137, "194": 10.199999809265137, "195": 10.180000305175781, "196": 10.180000305175781, "197": 10.1899995803833, "198": 10.210000038146973, "199": 10.210000038146973, "200": 10.210000038146973, "201": 10.210000038146973, "202": 10.210000038146973, "203": 10.229999542236328, "204": 10.229999542236328, "205": 10.229999542236328, "206": 10.229999542236328, "207": 10.279999732971191, "208": 10.279999732971191, "209": 10.279999732971191, "210": 10.279999732971191, "211": 10.260000228881836, "212": 10.220000267028809, "213": 10.239999771118164, "214": 10.300000190734863, "215": 10.25, "216": 10.279999732971191, "217": 10.279999732971191, "218": 10.279999732971191, "219": 10.279999732971191, "220": 10.279999732971191, "221": 10.270000457763672, "222": 10.270000457763672, "223": 10.270000457763672, "224": 10.279999732971191, "225": 10.279999732971191, "226": 10.289999961853027, "227": 10.289999961853027, "228": 10.289999961853027, "229": 10.300000190734863, "230": 10.300000190734863, "231": 10.319999694824219, "232": 10.3100004196167, "233": 10.319999694824219, "234": 10.319999694824219, "235": 10.319999694824219, "236": 10.319999694824219, "237": 10.329999923706055, "238": 10.329999923706055, "239": 10.329999923706055, "240": 10.329999923706055, "241": 10.335000038146973, "242": 10.329999923706055, "243": 10.34000015258789, "244": 10.34000015258789, "245": 10.329999923706055, "246": 10.350000381469727, "247": 10.350000381469727, "248": 10.350000381469727, "249": 10.345000267028809, "250": 10.34000015258789, "251": 10.369999885559082, "252": 10.380000114440918, "253": 10.380000114440918, "254": 10.380000114440918, "255": 10.380000114440918, "256": 10.390000343322754, "257": 10.390000343322754, "258": 10.399999618530273, "259": 10.399999618530273, "260": 10.40999984741211, "261": 10.40999984741211, "262": 10.404999732971191, "263": 10.388999938964844, "264": 10.369999885559082, "265": 10.399999618530273, "266": 10.399999618530273, "267": 10.399999618530273, "268": 10.399999618530273, "269": 10.40999984741211, "270": 10.420000076293945, "271": 10.420000076293945, "272": 10.420000076293945, "273": 10.420000076293945, "274": 10.420000076293945, "275": 10.425000190734863, "276": 10.420000076293945, "277": 10.420000076293945, "278": 10.430000305175781, "279": 10.430000305175781, "280": 10.430000305175781, "281": 10.430000305175781, "282": 10.430000305175781, "283": 10.4399995803833, "284": 10.4399995803833, "285": 10.470000267028809, "286": 10.470000267028809, "287": 10.444999694824219, "288": 10.460000038146973, "289": 10.460000038146973, "290": 10.460000038146973, "291": 10.475000381469727, "292": 10.475000381469727, "293": 10.460000038146973, "294": 10.460000038146973, "295": 10.460000038146973, "296": 10.460000038146973, "297": 10.470000267028809, "298": 10.470000267028809, "299": 10.470000267028809, "300": 10.489999771118164, "301": 10.479999542236328, "302": 10.479999542236328, "303": 10.479999542236328, "304": 10.5, "305": 10.489999771118164, "306": 10.489999771118164, "307": 10.5, "308": 10.5, "309": 10.479999542236328, "310": 10.520000457763672, "311": 10.520000457763672, "312": 10.489999771118164, "313": 10.506999969482422, "314": 10.510000228881836, "315": 10.510000228881836, "316": 10.510000228881836, "317": 10.510000228881836, "318": 10.489999771118164, "319": 10.489999771118164, "320": 10.5, "321": 10.5, "322": 10.5, "323": 10.510000228881836, "324": 10.550000190734863, "325": 10.539999961853027, "326": 10.539999961853027, "327": 10.550000190734863, "328": 10.550000190734863, "329": 10.550000190734863, "330": 10.529999732971191, "331": 10.550000190734863, "332": 10.539999961853027, "333": 10.5600004196167, "334": 10.569999694824219, "335": 10.569999694824219, "336": 10.569999694824219, "337": 10.569999694824219, "338": 10.5600004196167, "339": 10.5600004196167}, "close": {"0": 9.84000015258789, "1": 9.850000381469727, "2": 9.819999694824219, "3": 9.8100004196167, "4": 9.850000381469727, "5": 9.869999885559082, "6": 9.829999923706055, "7": 9.880000114440918, "8": 9.875, "9": 9.880000114440918, "10": 9.890000343322754, "11": 9.890000343322754, "12": 9.890000343322754, "13": 9.890000343322754, "14": 9.899999618530273, "15": 9.869999885559082, "16": 9.869999885559082, "17": 9.890000343322754, "18": 9.890000343322754, "19": 9.890000343322754, "20": 9.890000343322754, "21": 9.890000343322754, "22": 9.890000343322754, "23": 9.890000343322754, "24": 9.890000343322754, "25": 9.890000343322754, "26": 9.890000343322754, "27": 9.899999618530273, "28": 9.890000343322754, "29": 9.890000343322754, "30": 9.890000343322754, "31": 9.890000343322754, "32": 9.899999618530273, "33": 9.899999618530273, "34": 9.899999618530273, "35": 9.9399995803833, "36": 9.9399995803833, "37": 9.930000305175781, "38": 9.930000305175781, "39": 9.9399995803833, "40": 9.9399995803833, "41": 9.960000038146973, "42": 9.920000076293945, "43": 9.920000076293945, "44": 9.920000076293945, "45": 9.90999984741211, "46": 9.920000076293945, "47": 9.920000076293945, "48": 9.970000267028809, "49": 9.970000267028809, "50": 9.920000076293945, "51": 9.932000160217285, "52": 9.932000160217285, "53": 9.932000160217285, "54": 9.899999618530273, "55": 9.899999618530273, "56": 9.899999618530273, "57": 9.890000343322754, "58": 9.890000343322754, "59": 9.890000343322754, "60": 9.890000343322754, "61": 9.890000343322754, "62": 9.890000343322754, "63": 9.890000343322754, "64": 9.890000343322754, "65": 9.890000343322754, "66": 9.890000343322754, "67": 9.890000343322754, "68": 9.914999961853027, "69": 9.914999961853027, "70": 9.880000114440918, "71": 9.880000114440918, "72": 9.880000114440918, "73": 9.880000114440918, "74": 9.920000076293945, "75": 9.9399995803833, "76": 9.970000267028809, "77": 9.970000267028809, "78": 9.970000267028809, "79": 9.920000076293945, "80": 9.920000076293945, "81": 9.920000076293945, "82": 9.920000076293945, "83": 9.920000076293945, "84": 9.930000305175781, "85": 9.90999984741211, "86": 9.930000305175781, "87": 9.930000305175781, "88": 9.949999809265137, "89": 9.949999809265137, "90": 9.949999809265137, "91": 9.930000305175781, "92": 9.930000305175781, "93": 9.930000305175781, "94": 9.930000305175781, "95": 9.930000305175781, "96": 9.930000305175781, "97": 9.930000305175781, "98": 9.930000305175781, "99": 9.930000305175781, "100": 9.930000305175781, "101": 9.930000305175781, "102": 9.930000305175781, "103": 9.930000305175781, "104": 9.930000305175781, "105": 9.930000305175781, "106": 9.930000305175781, "107": 9.960000038146973, "108": 9.949999809265137, "109": 9.96500015258789, "110": 9.96500015258789, "111": 9.96500015258789, "112": 9.96500015258789, "113": 9.96500015258789, "114": 9.96500015258789, "115": 9.970000267028809, "116": 9.979999542236328, "117": 9.989999771118164, "118": 9.970000267028809, "119": 9.989999771118164, "120": 9.989999771118164, "121": 9.989999771118164, "122": 9.989999771118164, "123": 9.989999771118164, "124": 10.0, "125": 10.0, "126": 10.0, "127": 9.979999542236328, "128": 9.979999542236328, "129": 9.979999542236328, "130": 9.979999542236328, "131": 9.979999542236328, "132": 9.979999542236328, "133": 10.0, "134": 10.0, "135": 10.0, "136": 10.020000457763672, "137": 10.020000457763672, "138": 10.020000457763672, "139": 10.020000457763672, "140": 10.020000457763672, "141": 10.010000228881836, "142": 10.0, "143": 10.0, "144": 10.010000228881836, "145": 10.010000228881836, "146": 10.020000457763672, "147": 10.020000457763672, "148": 10.020000457763672, "149": 10.010000228881836, "150": 10.020000457763672, "151": 10.029999732971191, "152": 10.029999732971191, "153": 10.029999732971191, "154": 10.039999961853027, "155": 10.039999961853027, "156": 10.039999961853027, "157": 10.039999961853027, "158": 10.050000190734863, "159": 10.050000190734863, "160": 10.050000190734863, "161": 10.050000190734863, "162": 10.050000190734863, "163": 10.050000190734863, "164": 10.050000190734863, "165": 10.050000190734863, "166": 10.050000190734863, "167": 10.069999694824219, "168": 10.079999923706055, "169": 10.09000015258789, "170": 10.09000015258789, "171": 10.09000015258789, "172": 10.09000015258789, "173": 10.09000015258789, "174": 10.109999656677246, "175": 10.125, "176": 10.125, "177": 10.130000114440918, "178": 10.130000114440918, "179": 10.130000114440918, "180": 10.130000114440918, "181": 10.130000114440918, "182": 10.130000114440918, "183": 10.130000114440918, "184": 10.140000343322754, "185": 10.140000343322754, "186": 10.140000343322754, "187": 10.140000343322754, "188": 10.140000343322754, "189": 10.140000343322754, "190": 10.149999618530273, "191": 10.149999618530273, "192": 10.149999618530273, "193": 10.199999809265137, "194": 10.199999809265137, "195": 10.180000305175781, "196": 10.1899995803833, "197": 10.1899995803833, "198": 10.210000038146973, "199": 10.210000038146973, "200": 10.210000038146973, "201": 10.210000038146973, "202": 10.210000038146973, "203": 10.229999542236328, "204": 10.229999542236328, "205": 10.229999542236328, "206": 10.229999542236328, "207": 10.279999732971191, "208": 10.279999732971191, "209": 10.279999732971191, "210": 10.279999732971191, "211": 10.260000228881836, "212": 10.220000267028809, "213": 10.25, "214": 10.300000190734863, "215": 10.279999732971191, "216": 10.279999732971191, "217": 10.279999732971191, "218": 10.279999732971191, "219": 10.279999732971191, "220": 10.279999732971191, "221": 10.270000457763672, "222": 10.270000457763672, "223": 10.270000457763672, "224": 10.279999732971191, "225": 10.279999732971191, "226": 10.289999961853027, "227": 10.289999961853027, "228": 10.289999961853027, "229": 10.300000190734863, "230": 10.300000190734863, "231": 10.329999923706055, "232": 10.329999923706055, "233": 10.319999694824219, "234": 10.319999694824219, "235": 10.329999923706055, "236": 10.329999923706055, "237": 10.329999923706055, "238": 10.329999923706055, "239": 10.329999923706055, "240": 10.329999923706055, "241": 10.34000015258789, "242": 10.329999923706055, "243": 10.34000015258789, "244": 10.34000015258789, "245": 10.34000015258789, "246": 10.350000381469727, "247": 10.350000381469727, "248": 10.350000381469727, "249": 10.345000267028809, "250": 10.369999885559082, "251": 10.390000343322754, "252": 10.380000114440918, "253": 10.390000343322754, "254": 10.390000343322754, "255": 10.390000343322754, "256": 10.390000343322754, "257": 10.399999618530273, "258": 10.399999618530273, "259": 10.399999618530273, "260": 10.40999984741211, "261": 10.40999984741211, "262": 10.40999984741211, "263": 10.388999938964844, "264": 10.395000457763672, "265": 10.40999984741211, "266": 10.399999618530273, "267": 10.399999618530273, "268": 10.399999618530273, "269": 10.40999984741211, "270": 10.425000190734863, "271": 10.420000076293945, "272": 10.420000076293945, "273": 10.420000076293945, "274": 10.420000076293945, "275": 10.430000305175781, "276": 10.420000076293945, "277": 10.430000305175781, "278": 10.430000305175781, "279": 10.430000305175781, "280": 10.4350004196167, "281": 10.430000305175781, "282": 10.4350004196167, "283": 10.4399995803833, "284": 10.449999809265137, "285": 10.470000267028809, "286": 10.470000267028809, "287": 10.460000038146973, "288": 10.460000038146973, "289": 10.460000038146973, "290": 10.460000038146973, "291": 10.475000381469727, "292": 10.475000381469727, "293": 10.460000038146973, "294": 10.46500015258789, "295": 10.460000038146973, "296": 10.460000038146973, "297": 10.470000267028809, "298": 10.470000267028809, "299": 10.470000267028809, "300": 10.489999771118164, "301": 10.479999542236328, "302": 10.479999542236328, "303": 10.479999542236328, "304": 10.5, "305": 10.489999771118164, "306": 10.489999771118164, "307": 10.5, "308": 10.5, "309": 10.479999542236328, "310": 10.520000457763672, "311": 10.520000457763672, "312": 10.510000228881836, "313": 10.510000228881836, "314": 10.510000228881836, "315": 10.510000228881836, "316": 10.510000228881836, "317": 10.529999732971191, "318": 10.489999771118164, "319": 10.489999771118164, "320": 10.5, "321": 10.5, "322": 10.5, "323": 10.550000190734863, "324": 10.5600004196167, "325": 10.539999961853027, "326": 10.5600004196167, "327": 10.550000190734863, "328": 10.550000190734863, "329": 10.550000190734863, "330": 10.550000190734863, "331": 10.550000190734863, "332": 10.5600004196167, "333": 10.600000381469727, "334": 10.600000381469727, "335": 10.569999694824219, "336": 10.569999694824219, "337": 10.569999694824219, "338": 10.5600004196167, "339": 10.5600004196167}, "volume": {"0": 1900, "1": 800, "2": 256600, "3": 4100, "4": 6200, "5": 115900, "6": 100500, "7": 780400, "8": 5500, "9": 95100, "10": 81900, "11": 5200, "12": 0, "13": 0, "14": 200, "15": 269300, "16": 0, "17": 1500, "18": 0, "19": 0, "20": 0, "21": 0, "22": 0, "23": 100, "24": 0, "25": 100, "26": 0, "27": 14900, "28": 2200, "29": 0, "30": 0, "31": 0, "32": 289300, "33": 0, "34": 0, "35": 400, "36": 500, "37": 4500, "38": 0, "39": 900, "40": 0, "41": 5100, "42": 3400, "43": 0, "44": 0, "45": 60400, "46": 53000, "47": 1000, "48": 17000, "49": 0, "50": 8000, "51": 300, "52": 0, "53": 0, "54": 3500, "55": 4600, "56": 0, "57": 2700, "58": 0, "59": 0, "60": 0, "61": 0, "62": 0, "63": 0, "64": 0, "65": 0, "66": 0, "67": 0, "68": 23400, "69": 0, "70": 33200, "71": 0, "72": 0, "73": 0, "74": 10000, "75": 5000, "76": 100, "77": 0, "78": 0, "79": 100, "80": 0, "81": 0, "82": 0, "83": 0, "84": 300, "85": 1500, "86": 200, "87": 2100, "88": 1800, "89": 0, "90": 0, "91": 74600, "92": 0, "93": 0, "94": 0, "95": 0, "96": 0, "97": 0, "98": 0, "99": 0, "100": 0, "101": 45700, "102": 0, "103": 0, "104": 0, "105": 0, "106": 0, "107": 300, "108": 1100, "109": 1200, "110": 0, "111": 0, "112": 0, "113": 0, "114": 0, "115": 3200, "116": 56300, "117": 100, "118": 200, "119": 400, "120": 0, "121": 0, "122": 0, "123": 0, "124": 12000, "125": 0, "126": 0, "127": 500, "128": 0, "129": 0, "130": 0, "131": 0, "132": 0, "133": 3900, "134": 1100, "135": 0, "136": 10500, "137": 1000, "138": 607200, "139": 0, "140": 249900, "141": 5100, "142": 4600, "143": 0, "144": 3500, "145": 0, "146": 15400, "147": 440200, "148": 24200, "149": 2800, "150": 21800, "151": 2000, "152": 0, "153": 0, "154": 2300, "155": 100, "156": 0, "157": 0, "158": 5400, "159": 0, "160": 4800, "161": 79200, "162": 100, "163": 3000, "164": 75000, "165": 0, "166": 351600, "167": 47500, "168": 14900, "169": 3100, "170": 200, "171": 601200, "172": 0, "173": 0, "174": 1100, "175": 100, "176": 0, "177": 9400, "178": 2000, "179": 10100, "180": 0, "181": 0, "182": 0, "183": 0, "184": 11000, "185": 100, "186": 200, "187": 200, "188": 0, "189": 0, "190": 4100, "191": 100, "192": 0, "193": 400, "194": 0, "195": 101500, "196": 10200, "197": 295400, "198": 3500, "199": 0, "200": 0, "201": 0, "202": 0, "203": 200, "204": 0, "205": 0, "206": 0, "207": 2400, "208": 0, "209": 0, "210": 0, "211": 6700, "212": 36000, "213": 3000, "214": 200, "215": 252700, "216": 100, "217": 0, "218": 0, "219": 0, "220": 0, "221": 300, "222": 100, "223": 300, "224": 25100, "225": 121400, "226": 100000, "227": 0, "228": 1150200, "229": 350700, "230": 0, "231": 900, "232": 368600, "233": 200, "234": 0, "235": 210400, "236": 41000, "237": 100, "238": 100, "239": 300, "240": 972500, "241": 16500, "242": 300, "243": 100, "244": 200, "245": 6300, "246": 100, "247": 14800, "248": 2200, "249": 0, "250": 19900, "251": 328900, "252": 854000, "253": 5500, "254": 429000, "255": 253900, "256": 126500, "257": 17500, "258": 0, "259": 54700, "260": 400, "261": 100, "262": 122700, "263": 100, "264": 12700, "265": 2900, "266": 100, "267": 0, "268": 0, "269": 76800, "270": 5500, "271": 800, "272": 0, "273": 300, "274": 80700, "275": 5400, "276": 12100, "277": 170500, "278": 0, "279": 2200, "280": 7200, "281": 50800, "282": 52800, "283": 10200, "284": 600, "285": 300, "286": 0, "287": 3700, "288": 233600, "289": 300, "290": 95500, "291": 900, "292": 0, "293": 3400, "294": 623900, "295": 100, "296": 0, "297": 700, "298": 0, "299": 0, "300": 1500, "301": 600, "302": 0, "303": 4500, "304": 300, "305": 1200, "306": 0, "307": 1600, "308": 0, "309": 40000, "310": 100, "311": 0, "312": 409900, "313": 286900, "314": 89900, "315": 5200, "316": 189500, "317": 2900, "318": 600, "319": 9500, "320": 1400, "321": 10200, "322": 7400, "323": 301300, "324": 120100, "325": 10700, "326": 116100, "327": 5100, "328": 5600, "329": 0, "330": 100800, "331": 300, "332": 62600, "333": 39600, "334": 21500, "335": 1200, "336": 600, "337": 11900, "338": 2100, "339": 21000}, "adjclose": {"0": 9.84000015258789, "1": 9.850000381469727, "2": 9.819999694824219, "3": 9.8100004196167, "4": 9.850000381469727, "5": 9.869999885559082, "6": 9.829999923706055, "7": 9.880000114440918, "8": 9.875, "9": 9.880000114440918, "10": 9.890000343322754, "11": 9.890000343322754, "12": 9.890000343322754, "13": 9.890000343322754, "14": 9.899999618530273, "15": 9.869999885559082, "16": 9.869999885559082, "17": 9.890000343322754, "18": 9.890000343322754, "19": 9.890000343322754, "20": 9.890000343322754, "21": 9.890000343322754, "22": 9.890000343322754, "23": 9.890000343322754, "24": 9.890000343322754, "25": 9.890000343322754, "26": 9.890000343322754, "27": 9.899999618530273, "28": 9.890000343322754, "29": 9.890000343322754, "30": 9.890000343322754, "31": 9.890000343322754, "32": 9.899999618530273, "33": 9.899999618530273, "34": 9.899999618530273, "35": 9.9399995803833, "36": 9.9399995803833, "37": 9.930000305175781, "38": 9.930000305175781, "39": 9.9399995803833, "40": 9.9399995803833, "41": 9.960000038146973, "42": 9.920000076293945, "43": 9.920000076293945, "44": 9.920000076293945, "45": 9.90999984741211, "46": 9.920000076293945, "47": 9.920000076293945, "48": 9.970000267028809, "49": 9.970000267028809, "50": 9.920000076293945, "51": 9.932000160217285, "52": 9.932000160217285, "53": 9.932000160217285, "54": 9.899999618530273, "55": 9.899999618530273, "56": 9.899999618530273, "57": 9.890000343322754, "58": 9.890000343322754, "59": 9.890000343322754, "60": 9.890000343322754, "61": 9.890000343322754, "62": 9.890000343322754, "63": 9.890000343322754, "64": 9.890000343322754, "65": 9.890000343322754, "66": 9.890000343322754, "67": 9.890000343322754, "68": 9.914999961853027, "69": 9.914999961853027, "70": 9.880000114440918, "71": 9.880000114440918, "72": 9.880000114440918, "73": 9.880000114440918, "74": 9.920000076293945, "75": 9.9399995803833, "76": 9.970000267028809, "77": 9.970000267028809, "78": 9.970000267028809, "79": 9.920000076293945, "80": 9.920000076293945, "81": 9.920000076293945, "82": 9.920000076293945, "83": 9.920000076293945, "84": 9.930000305175781, "85": 9.90999984741211, "86": 9.930000305175781, "87": 9.930000305175781, "88": 9.949999809265137, "89": 9.949999809265137, "90": 9.949999809265137, "91": 9.930000305175781, "92": 9.930000305175781, "93": 9.930000305175781, "94": 9.930000305175781, "95": 9.930000305175781, "96": 9.930000305175781, "97": 9.930000305175781, "98": 9.930000305175781, "99": 9.930000305175781, "100": 9.930000305175781, "101": 9.930000305175781, "102": 9.930000305175781, "103": 9.930000305175781, "104": 9.930000305175781, "105": 9.930000305175781, "106": 9.930000305175781, "107": 9.960000038146973, "108": 9.949999809265137, "109": 9.96500015258789, "110": 9.96500015258789, "111": 9.96500015258789, "112": 9.96500015258789, "113": 9.96500015258789, "114": 9.96500015258789, "115": 9.970000267028809, "116": 9.979999542236328, "117": 9.989999771118164, "118": 9.970000267028809, "119": 9.989999771118164, "120": 9.989999771118164, "121": 9.989999771118164, "122": 9.989999771118164, "123": 9.989999771118164, "124": 10.0, "125": 10.0, "126": 10.0, "127": 9.979999542236328, "128": 9.979999542236328, "129": 9.979999542236328, "130": 9.979999542236328, "131": 9.979999542236328, "132": 9.979999542236328, "133": 10.0, "134": 10.0, "135": 10.0, "136": 10.020000457763672, "137": 10.020000457763672, "138": 10.020000457763672, "139": 10.020000457763672, "140": 10.020000457763672, "141": 10.010000228881836, "142": 10.0, "143": 10.0, "144": 10.010000228881836, "145": 10.010000228881836, "146": 10.020000457763672, "147": 10.020000457763672, "148": 10.020000457763672, "149": 10.010000228881836, "150": 10.020000457763672, "151": 10.029999732971191, "152": 10.029999732971191, "153": 10.029999732971191, "154": 10.039999961853027, "155": 10.039999961853027, "156": 10.039999961853027, "157": 10.039999961853027, "158": 10.050000190734863, "159": 10.050000190734863, "160": 10.050000190734863, "161": 10.050000190734863, "162": 10.050000190734863, "163": 10.050000190734863, "164": 10.050000190734863, "165": 10.050000190734863, "166": 10.050000190734863, "167": 10.069999694824219, "168": 10.079999923706055, "169": 10.09000015258789, "170": 10.09000015258789, "171": 10.09000015258789, "172": 10.09000015258789, "173": 10.09000015258789, "174": 10.109999656677246, "175": 10.125, "176": 10.125, "177": 10.130000114440918, "178": 10.130000114440918, "179": 10.130000114440918, "180": 10.130000114440918, "181": 10.130000114440918, "182": 10.130000114440918, "183": 10.130000114440918, "184": 10.140000343322754, "185": 10.140000343322754, "186": 10.140000343322754, "187": 10.140000343322754, "188": 10.140000343322754, "189": 10.140000343322754, "190": 10.149999618530273, "191": 10.149999618530273, "192": 10.149999618530273, "193": 10.199999809265137, "194": 10.199999809265137, "195": 10.180000305175781, "196": 10.1899995803833, "197": 10.1899995803833, "198": 10.210000038146973, "199": 10.210000038146973, "200": 10.210000038146973, "201": 10.210000038146973, "202": 10.210000038146973, "203": 10.229999542236328, "204": 10.229999542236328, "205": 10.229999542236328, "206": 10.229999542236328, "207": 10.279999732971191, "208": 10.279999732971191, "209": 10.279999732971191, "210": 10.279999732971191, "211": 10.260000228881836, "212": 10.220000267028809, "213": 10.25, "214": 10.300000190734863, "215": 10.279999732971191, "216": 10.279999732971191, "217": 10.279999732971191, "218": 10.279999732971191, "219": 10.279999732971191, "220": 10.279999732971191, "221": 10.270000457763672, "222": 10.270000457763672, "223": 10.270000457763672, "224": 10.279999732971191, "225": 10.279999732971191, "226": 10.289999961853027, "227": 10.289999961853027, "228": 10.289999961853027, "229": 10.300000190734863, "230": 10.300000190734863, "231": 10.329999923706055, "232": 10.329999923706055, "233": 10.319999694824219, "234": 10.319999694824219, "235": 10.329999923706055, "236": 10.329999923706055, "237": 10.329999923706055, "238": 10.329999923706055, "239": 10.329999923706055, "240": 10.329999923706055, "241": 10.34000015258789, "242": 10.329999923706055, "243": 10.34000015258789, "244": 10.34000015258789, "245": 10.34000015258789, "246": 10.350000381469727, "247": 10.350000381469727, "248": 10.350000381469727, "249": 10.345000267028809, "250": 10.369999885559082, "251": 10.390000343322754, "252": 10.380000114440918, "253": 10.390000343322754, "254": 10.390000343322754, "255": 10.390000343322754, "256": 10.390000343322754, "257": 10.399999618530273, "258": 10.399999618530273, "259": 10.399999618530273, "260": 10.40999984741211, "261": 10.40999984741211, "262": 10.40999984741211, "263": 10.388999938964844, "264": 10.395000457763672, "265": 10.40999984741211, "266": 10.399999618530273, "267": 10.399999618530273, "268": 10.399999618530273, "269": 10.40999984741211, "270": 10.425000190734863, "271": 10.420000076293945, "272": 10.420000076293945, "273": 10.420000076293945, "274": 10.420000076293945, "275": 10.430000305175781, "276": 10.420000076293945, "277": 10.430000305175781, "278": 10.430000305175781, "279": 10.430000305175781, "280": 10.4350004196167, "281": 10.430000305175781, "282": 10.4350004196167, "283": 10.4399995803833, "284": 10.449999809265137, "285": 10.470000267028809, "286": 10.470000267028809, "287": 10.460000038146973, "288": 10.460000038146973, "289": 10.460000038146973, "290": 10.460000038146973, "291": 10.475000381469727, "292": 10.475000381469727, "293": 10.460000038146973, "294": 10.46500015258789, "295": 10.460000038146973, "296": 10.460000038146973, "297": 10.470000267028809, "298": 10.470000267028809, "299": 10.470000267028809, "300": 10.489999771118164, "301": 10.479999542236328, "302": 10.479999542236328, "303": 10.479999542236328, "304": 10.5, "305": 10.489999771118164, "306": 10.489999771118164, "307": 10.5, "308": 10.5, "309": 10.479999542236328, "310": 10.520000457763672, "311": 10.520000457763672, "312": 10.510000228881836, "313": 10.510000228881836, "314": 10.510000228881836, "315": 10.510000228881836, "316": 10.510000228881836, "317": 10.529999732971191, "318": 10.489999771118164, "319": 10.489999771118164, "320": 10.5, "321": 10.5, "322": 10.5, "323": 10.550000190734863, "324": 10.5600004196167, "325": 10.539999961853027, "326": 10.5600004196167, "327": 10.550000190734863, "328": 10.550000190734863, "329": 10.550000190734863, "330": 10.550000190734863, "331": 10.550000190734863, "332": 10.5600004196167, "333": 10.600000381469727, "334": 10.600000381469727, "335": 10.569999694824219, "336": 10.569999694824219, "337": 10.569999694824219, "338": 10.5600004196167, "339": 10.5600004196167}}, "profile": {"address1": "2 Wisconsin Circle", "address2": "7th Floor", "city": "Chevy Chase", "state": "MD", "zip": "20815", "country": "United States", "phone": "(240) 235-5049", "website": "https://boacquisition.com", "industry": "Shell Companies", "industryDisp": "Shell Companies", "sector": "Financial Services", "longBusinessSummary": "Blue Ocean Acquisition Corp. does not have significant operations. It focuses on effecting a merger, share exchange, asset acquisition, share purchase, reorganization, or similar business combination with one or more businesses or entities. The company intends to focus within the consumer Internet sector in segments, such as online marketplaces, education technology, advertising technology, digital media and enabling technologies, and direct-to-consumer e-commerce businesses. The company was incorporated in 2021 and is based in Chevy Chase, Maryland.", "companyOfficers": [{"maxAge": 1, "name": "Mr. Richard  Leggett", "age": 54, "title": "Chief Exec. Officer", "yearBorn": 1968, "exercisedValue": 0, "unexercisedValue": 0}, {"maxAge": 1, "name": "Mr. Matt  Lasov", "title": "Chief Financial Officer", "exercisedValue": 0, "unexercisedValue": 0}, {"maxAge": 1, "name": "Mr. Stuart D. Karle", "title": "Advisor, Sec. & Gen. Counsel", "exercisedValue": 0, "unexercisedValue": 0}, {"maxAge": 1, "name": "Mr. Sean Ian Glodek", "age": 51, "title": "VP & Director", "yearBorn": 1971, "exercisedValue": 0, "unexercisedValue": 0}], "maxAge": 86400, "latitude": 38.96160199724213, "longitude": -77.0854930379826}}