{"income_statement": {"annual": {"Year": {"1": "Selling, General & Admin", "2": "Operating Expenses", "3": "Operating Income", "4": "Other Expense / Income", "5": "Pretax Income", "6": "Income Tax", "7": "Net Income", "8": "Shares Outstanding (Basic)", "9": "Shares Outstanding (Diluted)", "10": "Shares Change", "11": "EPS (Basic)", "12": "EPS (Diluted)", "13": "Free Cash Flow Per Share", "14": "Effective Tax Rate", "15": "EBITDA", "16": "EBIT"}, "2022": {"1": "2.08", "2": "2.08", "3": "-2.08", "4": "-17.61", "5": "15.53", "6": "0.22", "7": "15.31", "8": "29", "9": "29", "10": "298.45%", "11": "0.53", "12": "0.53", "13": "-0.04", "14": "1.44%", "15": "15.53", "16": "15.53"}, "2021": {"1": "0.84", "2": "0.84", "3": "-0.84", "4": "0.01", "5": "-0.85", "6": "0", "7": "-0.85", "8": "7", "9": "7", "10": "-", "11": "-0.12", "12": "-0.12", "13": "-", "14": "-", "15": "-0.85", "16": "-0.85"}}, "quarterly": {"Metrics": {"1": "Selling, General & Admin", "2": "Operating Expenses", "3": "Operating Income", "4": "Other Expense / Income", "5": "Pretax Income", "6": "Income Tax", "7": "Net Income", "8": "Shares Outstanding (Basic)", "9": "Shares Outstanding (Diluted)", "10": "Shares Change", "11": "EPS (Basic)", "12": "EPS (Diluted)", "13": "Free Cash Flow Per Share", "14": "Effective Tax Rate", "15": "EBITDA", "16": "EBIT"}, "2022-12-31": {"1": "0.56", "2": "0.56", "3": "-0.56", "4": "-3.07", "5": "2.5", "6": "0.22", "7": "2.28", "8": "29", "9": "29", "10": "298.45%", "11": "0.08", "12": "0.08", "13": "-0.01", "14": "8.94%", "15": "2.5", "16": "2.5"}, "2022-09-30": {"1": "0.49", "2": "0.49", "3": "-0.49", "4": "-2.32", "5": "1.84", "6": "0", "7": "1.84", "8": "29", "9": "29", "10": "475.00%", "11": "0.06", "12": "0.06", "13": "-0.00", "14": "-", "15": "1.84", "16": "1.84"}, "2022-06-30": {"1": "0.51", "2": "0.51", "3": "-0.51", "4": "-4.56", "5": "4.05", "6": "0", "7": "4.05", "8": "29", "9": "29", "10": "475.00%", "11": "0.14", "12": "0.14", "13": "-0.00", "14": "-", "15": "4.05", "16": "4.05"}, "2022-03-31": {"1": "0.52", "2": "0.52", "3": "-0.52", "4": "-7.66", "5": "7.14", "6": "0", "7": "7.14", "8": "29", "9": "29", "10": "-", "11": "0.25", "12": "0.25", "13": "-0.03", "14": "-", "15": "7.14", "16": "7.14"}, "2021-12-31": {"1": "0.39", "2": "0.39", "3": "-0.39", "4": "0.01", "5": "-0.4", "6": "0", "7": "-0.4", "8": "7", "9": "7", "10": "-", "11": "-0.03", "12": "-0.03", "13": "-", "14": "-", "15": "-0.4", "16": "-0.4"}, "2021-09-30": {"1": "0.26", "2": "0.26", "3": "-0.26", "4": "-", "5": "-0.26", "6": "0", "7": "-0.26", "8": "5", "9": "5", "10": "-", "11": "-0.05", "12": "-0.05", "13": "-", "14": "-", "15": "-0.26", "16": "-0.26"}, "2021-06-30": {"1": "0.18", "2": "0.18", "3": "-0.18", "4": "-", "5": "-0.18", "6": "0", "7": "-0.18", "8": "5", "9": "5", "10": "-", "11": "-0.04", "12": "-0.04", "13": "-", "14": "-", "15": "-0.18", "16": "-0.18"}}}, "balance_sheet": {"annual": {"Year": {"1": "Cash & Equivalents", "2": "Cash & Cash Equivalents", "3": "Cash Growth", "4": "Other Current Assets", "5": "Total Current Assets", "6": "Long-Term Investments", "7": "Total Long-Term Assets", "8": "Total Assets", "9": "Accounts Payable", "10": "Other Current Liabilities", "11": "Total Current Liabilities", "12": "Other Long-Term Liabilities", "13": "Total Long-Term Liabilities", "14": "Total Liabilities", "15": "Common Stock", "16": "Retained Earnings", "17": "Shareholders' Equity", "18": "Total Liabilities and Equity", "19": "Net Cash / Debt", "20": "Net Cash / Debt Growth", "21": "Net Cash Per Share", "22": "Working Capital", "23": "Book Value Per Share"}, "2022": {"1": "0.58", "2": "0.58", "3": "-76.87%", "4": "0", "5": "0.58", "6": "237.13", "7": "237.13", "8": "237.71", "9": "0.49", "10": "0.65", "11": "1.14", "12": "8.51", "13": "8.51", "14": "9.66", "15": "0", "16": "-8.75", "17": "-8.75", "18": "0.91", "19": "0.58", "20": "-76.87%", "21": "0.02", "22": "-0.56", "23": "-0.30"}, "2021": {"1": "2.5", "2": "2.5", "3": "-", "4": "0.62", "5": "3.12", "6": "234.6", "7": "234.6", "8": "237.72", "9": "0.86", "10": "1.21", "11": "2.07", "12": "23.59", "13": "23.59", "14": "25.66", "15": "0", "16": "-22.54", "17": "-22.54", "18": "3.12", "19": "2.5", "20": "-", "21": "0.35", "22": "1.05", "23": "-3.12"}}, "quarterly": {"Metrics": {"1": "Cash & Equivalents", "2": "Cash & Cash Equivalents", "3": "Cash Growth", "4": "Other Current Assets", "5": "Total Current Assets", "6": "Long-Term Investments", "7": "Total Long-Term Assets", "8": "Total Assets", "9": "Accounts Payable", "10": "Current Debt", "11": "Other Current Liabilities", "12": "Total Current Liabilities", "13": "Other Long-Term Liabilities", "14": "Total Long-Term Liabilities", "15": "Total Liabilities", "16": "Total Debt", "17": "Common Stock", "18": "Retained Earnings", "19": "Shareholders' Equity", "20": "Total Liabilities and Equity", "21": "Net Cash / Debt", "22": "Net Cash / Debt Growth", "23": "Net Cash Per Share", "24": "Working Capital", "25": "Book Value Per Share"}, "2022-12-31": {"1": "0.58", "2": "0.58", "3": "-76.87%", "4": "0", "5": "0.58", "6": "237.13", "7": "237.13", "8": "237.71", "9": "0.49", "10": "0", "11": "0.65", "12": "1.14", "13": "8.51", "14": "8.51", "15": "9.66", "16": "0", "17": "0", "18": "-8.75", "19": "-8.75", "20": "0.91", "21": "0.58", "22": "-76.87%", "23": "0.02", "24": "-0.56", "25": "-0.30"}, "2022-09-30": {"1": "0.76", "2": "0.76", "3": "-", "4": "0.14", "5": "0.9", "6": "235.46", "7": "235.46", "8": "236.36", "9": "0.49", "10": "0", "11": "0.35", "12": "0.85", "13": "9.91", "14": "9.91", "15": "10.76", "16": "0", "17": "0", "18": "-9.76", "19": "-9.76", "20": "1", "21": "0.76", "22": "-", "23": "0.03", "24": "0.05", "25": "-0.34"}, "2022-06-30": {"1": "0.85", "2": "0.85", "3": "-", "4": "0.32", "5": "1.17", "6": "234.76", "7": "234.76", "8": "235.93", "9": "0.49", "10": "0", "11": "0.32", "12": "0.81", "13": "11.53", "14": "11.53", "15": "12.34", "16": "0", "17": "0.34", "18": "-11.35", "19": "-11.01", "20": "1.33", "21": "0.85", "22": "-", "23": "0.03", "24": "0.36", "25": "-0.38"}, "2022-03-31": {"1": "0.99", "2": "0.99", "3": "-", "4": "0.51", "5": "1.5", "6": "234.6", "7": "234.6", "8": "236.1", "9": "0.5", "10": "0", "11": "0.29", "12": "0.79", "13": "15.94", "14": "15.94", "15": "16.73", "16": "0", "17": "0.17", "18": "-15.4", "19": "-15.23", "20": "1.5", "21": "0.99", "22": "-", "23": "0.03", "24": "0.71", "25": "-0.53"}, "2021-12-31": {"1": "2.5", "2": "2.5", "3": "-", "4": "0.62", "5": "3.12", "6": "234.6", "7": "234.6", "8": "237.72", "9": "0.86", "10": "0", "11": "1.21", "12": "2.07", "13": "23.59", "14": "23.59", "15": "25.66", "16": "0", "17": "0", "18": "-22.54", "19": "-22.54", "20": "3.12", "21": "2.5", "22": "-", "23": "0.35", "24": "1.05", "25": "-3.12"}, "2021-09-30": {"1": "0", "2": "0", "3": "-", "4": "-", "5": "-", "6": "-", "7": "-", "8": "0.65", "9": "0", "10": "0.12", "11": "0.61", "12": "0.73", "13": "0", "14": "0", "15": "0.73", "16": "0.12", "17": "0.37", "18": "-0.45", "19": "-0.08", "20": "0.65", "21": "-0.12", "22": "-", "23": "-0.02", "24": "-", "25": "-0.02"}, "2021-06-30": {"1": "-", "2": "0", "3": "-", "4": "-", "5": "-", "6": "-", "7": "-", "8": "-", "9": "-", "10": "-", "11": "-", "12": "-", "13": "-", "14": "-", "15": "-", "16": "-", "17": "-", "18": "-", "19": "-", "20": "-", "21": "0", "22": "-", "23": "-", "24": "-", "25": "-"}, "2021-04-08": {"1": "0", "2": "0", "3": "-", "4": "-", "5": "-", "6": "-", "7": "-", "8": "0.1", "9": "0", "10": "0", "11": "0.17", "12": "0.17", "13": "0", "14": "0", "15": "0.17", "16": "0", "17": "0.03", "18": "-0.09", "19": "-0.07", "20": "0.1", "21": "0", "22": "-", "23": "-", "24": "-", "25": "-"}}}, "cash_flow_statement": {"annual": {"Year": {"1": "Net Income", "2": "Share-Based Compensation", "3": "Other Operating Activities", "4": "Operating Cash Flow", "5": "Change in Investments", "6": "Investing Cash Flow", "7": "Share Issuance / Repurchase", "8": "Debt Issued / Paid", "9": "Other Financing Activities", "10": "Financing Cash Flow", "11": "Net Cash Flow", "12": "Free Cash Flow", "13": "Free Cash Flow Per Share"}, "2022": {"1": "15.31", "2": "0.69", "3": "-17.24", "4": "-1.24", "5": "0", "6": "0", "7": "0", "8": "-0", "9": "-0.68", "10": "-0.68", "11": "-1.92", "12": "-1.24", "13": "-0.04"}, "2021": {"1": "-0.85", "2": "0.45", "3": "0.39", "4": "-0", "5": "-234.6", "6": "-234.6", "7": "230", "8": "0", "9": "7.1", "10": "237.1", "11": "2.5", "12": "-0", "13": "-"}}, "quarterly": {"Metrics": {"1": "Net Income", "2": "Share-Based Compensation", "3": "Other Operating Activities", "4": "Operating Cash Flow", "5": "Share Issuance / Repurchase", "6": "Debt Issued / Paid", "7": "Other Financing Activities", "8": "Financing Cash Flow", "9": "Net Cash Flow", "10": "Free Cash Flow", "11": "Free Cash Flow Per Share"}, "2022-12-31": {"1": "2.28", "2": "0.17", "3": "-2.64", "4": "-0.18", "5": "0", "6": "0", "7": "-", "8": "0", "9": "-0.18", "10": "-0.18", "11": "-0.01"}, "2022-09-30": {"1": "1.84", "2": "0.17", "3": "-2.09", "4": "-0.08", "5": "0", "6": "0", "7": "-0.01", "8": "-0.01", "9": "-0.09", "10": "-0.08", "11": "-0.00"}, "2022-06-30": {"1": "4.05", "2": "0.17", "3": "-4.35", "4": "-0.12", "5": "0", "6": "0", "7": "-0.02", "8": "-0.02", "9": "-0.14", "10": "-0.12", "11": "-0.00"}, "2022-03-31": {"1": "7.14", "2": "0.17", "3": "-8.16", "4": "-0.86", "5": "0", "6": "-0", "7": "-0.65", "8": "-0.66", "9": "-1.51", "10": "-0.86", "11": "-0.03"}, "2021-12-31": {"1": "-0.4", "2": "0.11", "3": "0.29", "4": "-0", "5": "230", "6": "0", "7": "7.1", "8": "237.1", "9": "2.5", "10": "-0", "11": "-"}, "2021-09-30": {"1": "-0.26", "2": "0.26", "3": "-", "4": "0", "5": "0", "6": "0", "7": "-", "8": "0", "9": "0", "10": "0", "11": "-"}, "2021-06-30": {"1": "-0.18", "2": "0.08", "3": "0.1", "4": "0", "5": "0", "6": "0", "7": "-", "8": "0", "9": "0", "10": "0", "11": "-"}}}, "ratios": {"annual": {"Year": {"1": "Market Capitalization", "2": "Market Cap Growth", "3": "Enterprise Value", "4": "PE Ratio", "5": "PB Ratio", "6": "P/FCF Ratio", "7": "P/OCF Ratio", "8": "EV/EBITDA Ratio", "9": "EV/EBIT Ratio", "10": "EV/FCF Ratio", "11": "Current Ratio", "12": "Return on Equity (ROE)", "13": "Return on Assets (ROA)", "14": "Return on Capital (ROIC)", "15": "Earnings Yield", "16": "FCF Yield", "17": "Buyback Yield / Dilution", "18": "Total Shareholder Return"}, "Current": {"1": "300", "2": "-", "3": "300", "4": "19.72", "5": "-33.64", "6": "-237.08", "7": "-237.08", "8": "19.31", "9": "19.31", "10": "-236.62", "11": "0.51", "12": "-136.80%", "13": "6.50%", "14": "6.60%", "15": "5.09%", "16": "-0.41%", "17": "-298.45%", "18": "-298.45%"}, "2022": {"1": "294", "2": "17.70%", "3": "294", "4": "19.23", "5": "-33.64", "6": "-237.08", "7": "-237.08", "8": "18.92", "9": "18.92", "10": "-236.62", "11": "0.51", "12": "-136.80%", "13": "6.50%", "14": "6.60%", "15": "5.20%", "16": "-0.42%", "17": "-298.45%", "18": "-298.45%"}, "2021": {"1": "250", "2": "-", "3": "248", "4": "-295.58", "5": "-11.10", "6": "-683401.64", "7": "-683401.64", "8": "-292.62", "9": "-292.62", "10": "-676559.74", "11": "1.51", "12": "-", "13": "-", "14": "-", "15": "-0.34%", "16": "-0.00%", "17": "-", "18": "-"}}, "quarterly": {"Metrics": {"1": "Market Capitalization", "2": "Market Cap Growth", "3": "Enterprise Value", "4": "PE Ratio", "5": "PB Ratio", "6": "Debt / Equity Ratio", "7": "Current Ratio", "8": "Buyback Yield / Dilution", "9": "Total Shareholder Return"}, "Current": {"1": "300", "2": "-", "3": "300", "4": "19.72", "5": "-33.64", "6": "-", "7": "0.51", "8": "-298.45%", "9": "-298.45%"}, "2022-12-31": {"1": "294", "2": "17.70%", "3": "294", "4": "19.23", "5": "-33.64", "6": "-", "7": "0.51", "8": "-298.45%", "9": "-298.45%"}, "2022-09-30": {"1": "290", "2": "-", "3": "289", "4": "22.95", "5": "-29.69", "6": "-", "7": "1.06", "8": "-475.00%", "9": "-475.00%"}, "2022-06-30": {"1": "285", "2": "-", "3": "284", "4": "27.06", "5": "-25.88", "6": "-", "7": "1.45", "8": "-475.00%", "9": "-475.00%"}, "2022-03-31": {"1": "284", "2": "-", "3": "283", "4": "45.09", "5": "-18.63", "6": "-", "7": "1.89", "8": "-", "9": "-"}, "2021-12-31": {"1": "250", "2": "-", "3": "248", "4": "-295.58", "5": "-11.10", "6": "-", "7": "1.51", "8": "-", "9": "-"}, "2021-09-30": {"1": "-", "2": "-", "3": "0", "4": "-", "5": "-", "6": "-1.51", "7": "-", "8": "-", "9": "-"}}}, "stock_price": {"symbol": {"0": "BPAC", "1": "BPAC", "2": "BPAC", "3": "BPAC", "4": "BPAC", "5": "BPAC", "6": "BPAC", "7": "BPAC", "8": "BPAC", "9": "BPAC", "10": "BPAC", "11": "BPAC", "12": "BPAC", "13": "BPAC", "14": "BPAC", "15": "BPAC", "16": "BPAC", "17": "BPAC", "18": "BPAC", "19": "BPAC", "20": "BPAC", "21": "BPAC", "22": "BPAC", "23": "BPAC", "24": "BPAC", "25": "BPAC", "26": "BPAC", "27": "BPAC", "28": "BPAC", "29": "BPAC", "30": "BPAC", "31": "BPAC", "32": "BPAC", "33": "BPAC", "34": "BPAC", "35": "BPAC", "36": "BPAC", "37": "BPAC", "38": "BPAC", "39": "BPAC", "40": "BPAC", "41": "BPAC", "42": "BPAC", "43": "BPAC", "44": "BPAC", "45": "BPAC", "46": "BPAC", "47": "BPAC", "48": "BPAC", "49": "BPAC", "50": "BPAC", "51": "BPAC", "52": "BPAC", "53": "BPAC", "54": "BPAC", "55": "BPAC", "56": "BPAC", "57": "BPAC", "58": "BPAC", "59": "BPAC", "60": "BPAC", "61": "BPAC", "62": "BPAC", "63": "BPAC", "64": "BPAC", "65": "BPAC", "66": "BPAC", "67": "BPAC", "68": "BPAC", "69": "BPAC", "70": "BPAC", "71": "BPAC", "72": "BPAC", "73": "BPAC", "74": "BPAC", "75": "BPAC", "76": "BPAC", "77": "BPAC", "78": "BPAC", "79": "BPAC", "80": "BPAC", "81": "BPAC", "82": "BPAC", "83": "BPAC", "84": "BPAC", "85": "BPAC", "86": "BPAC", "87": "BPAC", "88": "BPAC", "89": "BPAC", "90": "BPAC", "91": "BPAC", "92": "BPAC", "93": "BPAC", "94": "BPAC", "95": "BPAC", "96": "BPAC", "97": "BPAC", "98": "BPAC", "99": "BPAC", "100": "BPAC", "101": "BPAC", "102": "BPAC", "103": "BPAC", "104": "BPAC", "105": "BPAC", "106": "BPAC", "107": "BPAC", "108": "BPAC", "109": "BPAC", "110": "BPAC", "111": "BPAC", "112": "BPAC", "113": "BPAC", "114": "BPAC", "115": "BPAC", "116": "BPAC", "117": "BPAC", "118": "BPAC", "119": "BPAC", "120": "BPAC", "121": "BPAC", "122": "BPAC", "123": "BPAC", "124": "BPAC", "125": "BPAC", "126": "BPAC", "127": "BPAC", "128": "BPAC", "129": "BPAC", "130": "BPAC", "131": "BPAC", "132": "BPAC", "133": "BPAC", "134": "BPAC", "135": "BPAC", "136": "BPAC", "137": "BPAC", "138": "BPAC", "139": "BPAC", "140": "BPAC", "141": "BPAC", "142": "BPAC", "143": "BPAC", "144": "BPAC", "145": "BPAC", "146": "BPAC", "147": "BPAC", "148": "BPAC", "149": "BPAC", "150": "BPAC", "151": "BPAC", "152": "BPAC", "153": "BPAC", "154": "BPAC", "155": "BPAC", "156": "BPAC", "157": "BPAC", "158": "BPAC", "159": "BPAC", "160": "BPAC", "161": "BPAC", "162": "BPAC", "163": "BPAC", "164": "BPAC", "165": "BPAC", "166": "BPAC", "167": "BPAC", "168": "BPAC", "169": "BPAC", "170": "BPAC", "171": "BPAC", "172": "BPAC", "173": "BPAC", "174": "BPAC", "175": "BPAC", "176": "BPAC", "177": "BPAC", "178": "BPAC", "179": "BPAC", "180": "BPAC", "181": "BPAC", "182": "BPAC", "183": "BPAC", "184": "BPAC", "185": "BPAC", "186": "BPAC", "187": "BPAC", "188": "BPAC", "189": "BPAC", "190": "BPAC", "191": "BPAC", "192": "BPAC", "193": "BPAC", "194": "BPAC", "195": "BPAC", "196": "BPAC", "197": "BPAC", "198": "BPAC", "199": "BPAC", "200": "BPAC", "201": "BPAC", "202": "BPAC", "203": "BPAC", "204": "BPAC", "205": "BPAC", "206": "BPAC", "207": "BPAC", "208": "BPAC", "209": "BPAC", "210": "BPAC", "211": "BPAC", "212": "BPAC", "213": "BPAC", "214": "BPAC", "215": "BPAC", "216": "BPAC", "217": "BPAC", "218": "BPAC", "219": "BPAC", "220": "BPAC", "221": "BPAC", "222": "BPAC", "223": "BPAC", "224": "BPAC", "225": "BPAC", "226": "BPAC", "227": "BPAC", "228": "BPAC", "229": "BPAC", "230": "BPAC", "231": "BPAC", "232": "BPAC", "233": "BPAC", "234": "BPAC", "235": "BPAC", "236": "BPAC", "237": "BPAC", "238": "BPAC", "239": "BPAC", "240": "BPAC", "241": "BPAC", "242": "BPAC", "243": "BPAC", "244": "BPAC", "245": "BPAC", "246": "BPAC", "247": "BPAC", "248": "BPAC", "249": "BPAC", "250": "BPAC", "251": "BPAC", "252": "BPAC", "253": "BPAC", "254": "BPAC", "255": "BPAC", "256": "BPAC", "257": "BPAC", "258": "BPAC", "259": "BPAC", "260": "BPAC", "261": "BPAC", "262": "BPAC", "263": "BPAC", "264": "BPAC", "265": "BPAC", "266": "BPAC", "267": "BPAC", "268": "BPAC", "269": "BPAC", "270": "BPAC", "271": "BPAC", "272": "BPAC", "273": "BPAC", "274": "BPAC", "275": "BPAC", "276": "BPAC", "277": "BPAC", "278": "BPAC", "279": "BPAC", "280": "BPAC", "281": "BPAC", "282": "BPAC", "283": "BPAC", "284": "BPAC", "285": "BPAC", "286": "BPAC", "287": "BPAC", "288": "BPAC", "289": "BPAC", "290": "BPAC", "291": "BPAC", "292": "BPAC", "293": "BPAC", "294": "BPAC", "295": "BPAC", "296": "BPAC", "297": "BPAC", "298": "BPAC", "299": "BPAC", "300": "BPAC", "301": "BPAC", "302": "BPAC", "303": "BPAC", "304": "BPAC", "305": "BPAC", "306": "BPAC", "307": "BPAC", "308": "BPAC", "309": "BPAC", "310": "BPAC", "311": "BPAC", "312": "BPAC", "313": "BPAC", "314": "BPAC", "315": "BPAC", "316": "BPAC", "317": "BPAC", "318": "BPAC", "319": "BPAC", "320": "BPAC", "321": "BPAC", "322": "BPAC", "323": "BPAC", "324": "BPAC", "325": "BPAC", "326": "BPAC", "327": "BPAC", "328": "BPAC", "329": "BPAC", "330": "BPAC", "331": "BPAC", "332": "BPAC", "333": "BPAC", "334": "BPAC", "335": "BPAC", "336": "BPAC", "337": "BPAC", "338": "BPAC", "339": "BPAC", "340": "BPAC", "341": "BPAC", "342": "BPAC", "343": "BPAC", "344": "BPAC", "345": "BPAC", "346": "BPAC"}, "date": {"0": "2022-01-25", "1": "2022-01-26", "2": "2022-01-27", "3": "2022-01-28", "4": "2022-01-31", "5": "2022-02-01", "6": "2022-02-02", "7": "2022-02-03", "8": "2022-02-04", "9": "2022-02-07", "10": "2022-02-08", "11": "2022-02-09", "12": "2022-02-10", "13": "2022-02-11", "14": "2022-02-14", "15": "2022-02-15", "16": "2022-02-16", "17": "2022-02-17", "18": "2022-02-18", "19": "2022-02-22", "20": "2022-02-23", "21": "2022-02-24", "22": "2022-02-25", "23": "2022-02-28", "24": "2022-03-01", "25": "2022-03-02", "26": "2022-03-03", "27": "2022-03-04", "28": "2022-03-07", "29": "2022-03-08", "30": "2022-03-09", "31": "2022-03-10", "32": "2022-03-11", "33": "2022-03-14", "34": "2022-03-15", "35": "2022-03-16", "36": "2022-03-17", "37": "2022-03-18", "38": "2022-03-21", "39": "2022-03-22", "40": "2022-03-23", "41": "2022-03-24", "42": "2022-03-25", "43": "2022-03-28", "44": "2022-03-29", "45": "2022-03-30", "46": "2022-03-31", "47": "2022-04-01", "48": "2022-04-04", "49": "2022-04-05", "50": "2022-04-06", "51": "2022-04-07", "52": "2022-04-08", "53": "2022-04-11", "54": "2022-04-12", "55": "2022-04-13", "56": "2022-04-14", "57": "2022-04-18", "58": "2022-04-19", "59": "2022-04-20", "60": "2022-04-21", "61": "2022-04-22", "62": "2022-04-25", "63": "2022-04-26", "64": "2022-04-27", "65": "2022-04-28", "66": "2022-04-29", "67": "2022-05-02", "68": "2022-05-03", "69": "2022-05-04", "70": "2022-05-05", "71": "2022-05-06", "72": "2022-05-09", "73": "2022-05-10", "74": "2022-05-11", "75": "2022-05-12", "76": "2022-05-13", "77": "2022-05-16", "78": "2022-05-17", "79": "2022-05-18", "80": "2022-05-19", "81": "2022-05-20", "82": "2022-05-23", "83": "2022-05-24", "84": "2022-05-25", "85": "2022-05-26", "86": "2022-05-27", "87": "2022-05-31", "88": "2022-06-01", "89": "2022-06-02", "90": "2022-06-03", "91": "2022-06-06", "92": "2022-06-07", "93": "2022-06-08", "94": "2022-06-09", "95": "2022-06-10", "96": "2022-06-13", "97": "2022-06-14", "98": "2022-06-15", "99": "2022-06-16", "100": "2022-06-17", "101": "2022-06-21", "102": "2022-06-22", "103": "2022-06-23", "104": "2022-06-24", "105": "2022-06-27", "106": "2022-06-28", "107": "2022-06-29", "108": "2022-06-30", "109": "2022-07-01", "110": "2022-07-05", "111": "2022-07-06", "112": "2022-07-07", "113": "2022-07-08", "114": "2022-07-11", "115": "2022-07-12", "116": "2022-07-13", "117": "2022-07-14", "118": "2022-07-15", "119": "2022-07-18", "120": "2022-07-19", "121": "2022-07-20", "122": "2022-07-21", "123": "2022-07-22", "124": "2022-07-25", "125": "2022-07-26", "126": "2022-07-27", "127": "2022-07-28", "128": "2022-07-29", "129": "2022-08-01", "130": "2022-08-02", "131": "2022-08-03", "132": "2022-08-04", "133": "2022-08-05", "134": "2022-08-08", "135": "2022-08-09", "136": "2022-08-10", "137": "2022-08-11", "138": "2022-08-12", "139": "2022-08-15", "140": "2022-08-16", "141": "2022-08-17", "142": "2022-08-18", "143": "2022-08-19", "144": "2022-08-22", "145": "2022-08-23", "146": "2022-08-24", "147": "2022-08-25", "148": "2022-08-26", "149": "2022-08-29", "150": "2022-08-30", "151": "2022-08-31", "152": "2022-09-01", "153": "2022-09-02", "154": "2022-09-06", "155": "2022-09-07", "156": "2022-09-08", "157": "2022-09-09", "158": "2022-09-12", "159": "2022-09-13", "160": "2022-09-14", "161": "2022-09-15", "162": "2022-09-16", "163": "2022-09-19", "164": "2022-09-20", "165": "2022-09-21", "166": "2022-09-22", "167": "2022-09-23", "168": "2022-09-26", "169": "2022-09-27", "170": "2022-09-28", "171": "2022-09-29", "172": "2022-09-30", "173": "2022-10-03", "174": "2022-10-04", "175": "2022-10-05", "176": "2022-10-06", "177": "2022-10-07", "178": "2022-10-10", "179": "2022-10-11", "180": "2022-10-12", "181": "2022-10-13", "182": "2022-10-14", "183": "2022-10-17", "184": "2022-10-18", "185": "2022-10-19", "186": "2022-10-20", "187": "2022-10-21", "188": "2022-10-24", "189": "2022-10-25", "190": "2022-10-26", "191": "2022-10-27", "192": "2022-10-28", "193": "2022-10-31", "194": "2022-11-01", "195": "2022-11-02", "196": "2022-11-03", "197": "2022-11-04", "198": "2022-11-07", "199": "2022-11-08", "200": "2022-11-09", "201": "2022-11-10", "202": "2022-11-11", "203": "2022-11-14", "204": "2022-11-15", "205": "2022-11-16", "206": "2022-11-17", "207": "2022-11-18", "208": "2022-11-21", "209": "2022-11-22", "210": "2022-11-23", "211": "2022-11-25", "212": "2022-11-28", "213": "2022-11-29", "214": "2022-11-30", "215": "2022-12-01", "216": "2022-12-02", "217": "2022-12-05", "218": "2022-12-06", "219": "2022-12-07", "220": "2022-12-08", "221": "2022-12-09", "222": "2022-12-12", "223": "2022-12-13", "224": "2022-12-14", "225": "2022-12-15", "226": "2022-12-16", "227": "2022-12-19", "228": "2022-12-20", "229": "2022-12-21", "230": "2022-12-22", "231": "2022-12-23", "232": "2022-12-27", "233": "2022-12-28", "234": "2022-12-29", "235": "2022-12-30", "236": "2023-01-03", "237": "2023-01-04", "238": "2023-01-05", "239": "2023-01-06", "240": "2023-01-09", "241": "2023-01-10", "242": "2023-01-11", "243": "2023-01-12", "244": "2023-01-13", "245": "2023-01-17", "246": "2023-01-18", "247": "2023-01-19", "248": "2023-01-20", "249": "2023-01-23", "250": "2023-01-24", "251": "2023-01-25", "252": "2023-01-26", "253": "2023-01-27", "254": "2023-01-30", "255": "2023-01-31", "256": "2023-02-01", "257": "2023-02-02", "258": "2023-02-03", "259": "2023-02-06", "260": "2023-02-07", "261": "2023-02-08", "262": "2023-02-09", "263": "2023-02-10", "264": "2023-02-13", "265": "2023-02-14", "266": "2023-02-15", "267": "2023-02-16", "268": "2023-02-17", "269": "2023-02-21", "270": "2023-02-22", "271": "2023-02-23", "272": "2023-02-24", "273": "2023-02-27", "274": "2023-02-28", "275": "2023-03-01", "276": "2023-03-02", "277": "2023-03-03", "278": "2023-03-06", "279": "2023-03-07", "280": "2023-03-08", "281": "2023-03-09", "282": "2023-03-10", "283": "2023-03-13", "284": "2023-03-14", "285": "2023-03-15", "286": "2023-03-16", "287": "2023-03-17", "288": "2023-03-20", "289": "2023-03-21", "290": "2023-03-22", "291": "2023-03-23", "292": "2023-03-24", "293": "2023-03-27", "294": "2023-03-28", "295": "2023-03-29", "296": "2023-03-30", "297": "2023-03-31", "298": "2023-04-03", "299": "2023-04-04", "300": "2023-04-05", "301": "2023-04-06", "302": "2023-04-10", "303": "2023-04-11", "304": "2023-04-12", "305": "2023-04-13", "306": "2023-04-14", "307": "2023-04-17", "308": "2023-04-18", "309": "2023-04-19", "310": "2023-04-20", "311": "2023-04-21", "312": "2023-04-24", "313": "2023-04-25", "314": "2023-04-26", "315": "2023-04-27", "316": "2023-04-28", "317": "2023-05-01", "318": "2023-05-02", "319": "2023-05-03", "320": "2023-05-04", "321": "2023-05-05", "322": "2023-05-08", "323": "2023-05-09", "324": "2023-05-10", "325": "2023-05-11", "326": "2023-05-12", "327": "2023-05-15", "328": "2023-05-16", "329": "2023-05-17", "330": "2023-05-18", "331": "2023-05-19", "332": "2023-05-22", "333": "2023-05-23", "334": "2023-05-24", "335": "2023-05-25", "336": "2023-05-26", "337": "2023-05-30", "338": "2023-05-31", "339": "2023-06-01", "340": "2023-06-02", "341": "2023-06-05", "342": "2023-06-06", "343": "2023-06-07", "344": "2023-06-08", "345": "2023-06-09", "346": "2023-06-12"}, "open": {"0": 9.800000190734863, "1": 9.800000190734863, "2": 9.8100004196167, "3": 9.800000190734863, "4": 9.989999771118164, "5": 9.8100004196167, "6": 9.84000015258789, "7": 9.84000015258789, "8": 9.84000015258789, "9": 9.829999923706055, "10": 9.819999694824219, "11": 9.859999656677246, "12": 9.829999923706055, "13": 9.819999694824219, "14": 9.829999923706055, "15": 9.850000381469727, "16": 9.829999923706055, "17": 9.829999923706055, "18": 9.829999923706055, "19": 9.829999923706055, "20": 9.880000114440918, "21": 9.880000114440918, "22": 9.829999923706055, "23": 9.829999923706055, "24": 9.869999885559082, "25": 9.890000343322754, "26": 9.880000114440918, "27": 9.880000114440918, "28": 9.880000114440918, "29": 9.890000343322754, "30": 9.890000343322754, "31": 9.890000343322754, "32": 9.899999618530273, "33": 9.899999618530273, "34": 9.920000076293945, "35": 9.899999618530273, "36": 9.899999618530273, "37": 9.90999984741211, "38": 9.899999618530273, "39": 9.899999618530273, "40": 9.899999618530273, "41": 9.90999984741211, "42": 9.944999694824219, "43": 9.890000343322754, "44": 9.880000114440918, "45": 9.880000114440918, "46": 9.880000114440918, "47": 9.869999885559082, "48": 9.890000343322754, "49": 9.920000076293945, "50": 9.920000076293945, "51": 9.920000076293945, "52": 9.920000076293945, "53": 9.920000076293945, "54": 9.920000076293945, "55": 9.920000076293945, "56": 9.920000076293945, "57": 9.9399995803833, "58": 9.9399995803833, "59": 9.9399995803833, "60": 9.9399995803833, "61": 9.9399995803833, "62": 9.9399995803833, "63": 9.9399995803833, "64": 9.9399995803833, "65": 9.9399995803833, "66": 9.9399995803833, "67": 9.9399995803833, "68": 9.9399995803833, "69": 9.9399995803833, "70": 9.9399995803833, "71": 9.9399995803833, "72": 9.930000305175781, "73": 9.930000305175781, "74": 9.930000305175781, "75": 9.930000305175781, "76": 9.930000305175781, "77": 9.899999618530273, "78": 9.899999618530273, "79": 9.90999984741211, "80": 9.90999984741211, "81": 9.899999618530273, "82": 9.869999885559082, "83": 9.869999885559082, "84": 9.869999885559082, "85": 9.920000076293945, "86": 9.920000076293945, "87": 9.920000076293945, "88": 9.920000076293945, "89": 9.920000076293945, "90": 9.920000076293945, "91": 9.920000076293945, "92": 9.920000076293945, "93": 9.920000076293945, "94": 9.920000076293945, "95": 9.930000305175781, "96": 9.930000305175781, "97": 9.9399995803833, "98": 9.970000267028809, "99": 9.920000076293945, "100": 9.920000076293945, "101": 9.930000305175781, "102": 9.90999984741211, "103": 9.90999984741211, "104": 9.90999984741211, "105": 9.90999984741211, "106": 9.90999984741211, "107": 9.90999984741211, "108": 9.90999984741211, "109": 9.90999984741211, "110": 9.9350004196167, "111": 9.944999694824219, "112": 9.960000038146973, "113": 9.960000038146973, "114": 9.960000038146973, "115": 9.960000038146973, "116": 9.960000038146973, "117": 9.90999984741211, "118": 10.0, "119": 9.949999809265137, "120": 9.970000267028809, "121": 9.949999809265137, "122": 9.949999809265137, "123": 9.979999542236328, "124": 9.979999542236328, "125": 9.979999542236328, "126": 9.960000038146973, "127": 9.960000038146973, "128": 9.960000038146973, "129": 9.970000267028809, "130": 9.970000267028809, "131": 9.979999542236328, "132": 9.979999542236328, "133": 9.979999542236328, "134": 9.989999771118164, "135": 9.989999771118164, "136": 9.989999771118164, "137": 10.0, "138": 9.989999771118164, "139": 9.989999771118164, "140": 9.989999771118164, "141": 9.984999656677246, "142": 9.989999771118164, "143": 10.0, "144": 9.979999542236328, "145": 9.989999771118164, "146": 10.020000457763672, "147": 10.0, "148": 10.0, "149": 10.0, "150": 10.0, "151": 10.0, "152": 10.0, "153": 10.0, "154": 10.0, "155": 10.0, "156": 10.0, "157": 10.029999732971191, "158": 10.029999732971191, "159": 10.029999732971191, "160": 10.020000457763672, "161": 10.029999732971191, "162": 10.010000228881836, "163": 10.010000228881836, "164": 10.0600004196167, "165": 10.039999961853027, "166": 10.0600004196167, "167": 10.020000457763672, "168": 10.0600004196167, "169": 10.0600004196167, "170": 10.550000190734863, "171": 10.020000457763672, "172": 10.069999694824219, "173": 10.079999923706055, "174": 10.520000457763672, "175": 10.079999923706055, "176": 10.09000015258789, "177": 10.09000015258789, "178": 10.09000015258789, "179": 10.100000381469727, "180": 10.079999923706055, "181": 10.109999656677246, "182": 10.079999923706055, "183": 10.100000381469727, "184": 10.100000381469727, "185": 10.09000015258789, "186": 10.079999923706055, "187": 10.079999923706055, "188": 10.079999923706055, "189": 10.079999923706055, "190": 10.079999923706055, "191": 10.079999923706055, "192": 10.109999656677246, "193": 10.119999885559082, "194": 10.130000114440918, "195": 10.119999885559082, "196": 10.130000114440918, "197": 10.149999618530273, "198": 10.130000114440918, "199": 10.130000114440918, "200": 10.130000114440918, "201": 10.130000114440918, "202": 10.130000114440918, "203": 10.130000114440918, "204": 10.170000076293945, "205": 10.170000076293945, "206": 10.140000343322754, "207": 10.140000343322754, "208": 10.180000305175781, "209": 10.180000305175781, "210": 10.150099754333496, "211": 10.150099754333496, "212": 10.150099754333496, "213": 10.150099754333496, "214": 10.180000305175781, "215": 10.180000305175781, "216": 10.180000305175781, "217": 10.180000305175781, "218": 10.180000305175781, "219": 10.180000305175781, "220": 10.180000305175781, "221": 10.180000305175781, "222": 10.180000305175781, "223": 10.220000267028809, "224": 10.210000038146973, "225": 10.220000267028809, "226": 10.220000267028809, "227": 10.220000267028809, "228": 10.220000267028809, "229": 10.229999542236328, "230": 10.229999542236328, "231": 10.229999542236328, "232": 10.229999542236328, "233": 10.229999542236328, "234": 10.260000228881836, "235": 10.260000228881836, "236": 10.239999771118164, "237": 10.234999656677246, "238": 10.25, "239": 10.25, "240": 10.25, "241": 10.25, "242": 10.25, "243": 10.25, "244": 10.25, "245": 10.279999732971191, "246": 10.350000381469727, "247": 10.319999694824219, "248": 10.319999694824219, "249": 10.319999694824219, "250": 10.300000190734863, "251": 10.300000190734863, "252": 10.3100004196167, "253": 10.300000190734863, "254": 10.3100004196167, "255": 10.319999694824219, "256": 10.3100004196167, "257": 10.319999694824219, "258": 10.34000015258789, "259": 10.319999694824219, "260": 10.319999694824219, "261": 10.319999694824219, "262": 10.350000381469727, "263": 10.34000015258789, "264": 10.329999923706055, "265": 10.4399995803833, "266": 10.449999809265137, "267": 10.359999656677246, "268": 10.350000381469727, "269": 10.350000381469727, "270": 10.350000381469727, "271": 10.359999656677246, "272": 10.359999656677246, "273": 10.850000381469727, "274": 10.359999656677246, "275": 10.359999656677246, "276": 10.359999656677246, "277": 10.359999656677246, "278": 10.449999809265137, "279": 10.388999938964844, "280": 10.388999938964844, "281": 10.380000114440918, "282": 10.380000114440918, "283": 10.380000114440918, "284": 10.380000114440918, "285": 10.380000114440918, "286": 10.380000114440918, "287": 10.449999809265137, "288": 10.449999809265137, "289": 10.449999809265137, "290": 10.449999809265137, "291": 10.449999809265137, "292": 10.449999809265137, "293": 10.390000343322754, "294": 10.390000343322754, "295": 10.390000343322754, "296": 10.40999984741211, "297": 10.420000076293945, "298": 10.420000076293945, "299": 10.399999618530273, "300": 10.430000305175781, "301": 10.420000076293945, "302": 10.420000076293945, "303": 10.420000076293945, "304": 10.399999618530273, "305": 10.40999984741211, "306": 10.899999618530273, "307": 10.430000305175781, "308": 10.430000305175781, "309": 10.430000305175781, "310": 10.4399995803833, "311": 10.4399995803833, "312": 10.4399995803833, "313": 10.430000305175781, "314": 10.4399995803833, "315": 10.4350004196167, "316": 10.4399995803833, "317": 10.460000038146973, "318": 10.460000038146973, "319": 10.460000038146973, "320": 10.479999542236328, "321": 10.479999542236328, "322": 10.479999542236328, "323": 10.470000267028809, "324": 10.449999809265137, "325": 10.449999809265137, "326": 10.449999809265137, "327": 10.449999809265137, "328": 10.449999809265137, "329": 10.460000038146973, "330": 10.460000038146973, "331": 10.470000267028809, "332": 10.449999809265137, "333": 10.449999809265137, "334": 10.460000038146973, "335": 10.454999923706055, "336": 10.449999809265137, "337": 10.460000038146973, "338": 10.460000038146973, "339": 10.449999809265137, "340": 10.470000267028809, "341": 10.479999542236328, "342": 10.479999542236328, "343": 10.479999542236328, "344": 10.479999542236328, "345": 10.479999542236328, "346": 10.479999542236328}, "high": {"0": 9.800000190734863, "1": 9.800000190734863, "2": 9.819999694824219, "3": 9.800000190734863, "4": 9.989999771118164, "5": 9.8100004196167, "6": 9.84000015258789, "7": 9.84000015258789, "8": 9.84000015258789, "9": 9.829999923706055, "10": 9.859999656677246, "11": 9.859999656677246, "12": 9.829999923706055, "13": 9.829999923706055, "14": 9.829999923706055, "15": 9.850000381469727, "16": 9.829999923706055, "17": 9.829999923706055, "18": 9.829999923706055, "19": 9.890000343322754, "20": 9.880000114440918, "21": 9.880000114440918, "22": 9.829999923706055, "23": 9.829999923706055, "24": 9.890000343322754, "25": 9.890000343322754, "26": 9.880000114440918, "27": 9.880000114440918, "28": 9.880000114440918, "29": 9.890000343322754, "30": 9.890000343322754, "31": 9.890000343322754, "32": 9.899999618530273, "33": 9.899999618530273, "34": 9.920000076293945, "35": 9.899999618530273, "36": 9.899999618530273, "37": 9.90999984741211, "38": 9.899999618530273, "39": 9.899999618530273, "40": 9.899999618530273, "41": 9.90999984741211, "42": 9.944999694824219, "43": 9.890000343322754, "44": 9.880000114440918, "45": 9.880000114440918, "46": 9.880000114440918, "47": 9.869999885559082, "48": 9.9399995803833, "49": 9.920000076293945, "50": 9.920000076293945, "51": 9.920000076293945, "52": 9.920000076293945, "53": 9.920000076293945, "54": 9.920000076293945, "55": 9.920000076293945, "56": 9.9399995803833, "57": 9.9399995803833, "58": 9.9399995803833, "59": 9.9399995803833, "60": 9.9399995803833, "61": 9.9399995803833, "62": 9.9399995803833, "63": 9.9399995803833, "64": 9.9399995803833, "65": 9.9399995803833, "66": 9.9399995803833, "67": 9.9399995803833, "68": 9.9399995803833, "69": 9.9399995803833, "70": 9.9399995803833, "71": 9.9399995803833, "72": 9.930000305175781, "73": 9.930000305175781, "74": 9.930000305175781, "75": 9.930000305175781, "76": 9.930000305175781, "77": 9.899999618530273, "78": 9.90999984741211, "79": 9.90999984741211, "80": 9.90999984741211, "81": 9.899999618530273, "82": 9.869999885559082, "83": 9.869999885559082, "84": 9.869999885559082, "85": 9.920000076293945, "86": 9.920000076293945, "87": 9.920000076293945, "88": 9.920000076293945, "89": 9.920000076293945, "90": 9.920000076293945, "91": 9.920000076293945, "92": 9.920000076293945, "93": 9.920000076293945, "94": 9.920000076293945, "95": 9.930000305175781, "96": 9.930000305175781, "97": 9.9399995803833, "98": 9.970000267028809, "99": 9.920000076293945, "100": 9.920000076293945, "101": 9.930000305175781, "102": 9.90999984741211, "103": 9.90999984741211, "104": 9.90999984741211, "105": 9.90999984741211, "106": 9.90999984741211, "107": 9.90999984741211, "108": 9.90999984741211, "109": 9.90999984741211, "110": 9.960000038146973, "111": 9.944999694824219, "112": 9.960000038146973, "113": 9.960000038146973, "114": 9.960000038146973, "115": 9.960000038146973, "116": 9.960000038146973, "117": 9.970000267028809, "118": 10.0, "119": 9.949999809265137, "120": 9.970000267028809, "121": 9.949999809265137, "122": 9.970000267028809, "123": 9.979999542236328, "124": 9.979999542236328, "125": 9.979999542236328, "126": 9.960000038146973, "127": 9.960000038146973, "128": 9.960000038146973, "129": 9.970000267028809, "130": 9.970000267028809, "131": 9.979999542236328, "132": 9.989999771118164, "133": 9.989999771118164, "134": 9.989999771118164, "135": 9.989999771118164, "136": 9.989999771118164, "137": 10.0, "138": 9.989999771118164, "139": 9.989999771118164, "140": 9.989999771118164, "141": 9.984999656677246, "142": 10.0, "143": 10.010000228881836, "144": 9.979999542236328, "145": 10.0600004196167, "146": 10.020000457763672, "147": 10.0, "148": 10.0, "149": 10.010000228881836, "150": 10.0, "151": 10.0, "152": 10.0, "153": 10.0, "154": 10.0, "155": 10.0, "156": 10.0, "157": 10.029999732971191, "158": 10.029999732971191, "159": 10.029999732971191, "160": 10.029999732971191, "161": 10.029999732971191, "162": 10.010000228881836, "163": 10.0600004196167, "164": 10.0600004196167, "165": 10.0600004196167, "166": 10.0600004196167, "167": 10.050000190734863, "168": 10.0600004196167, "169": 10.0600004196167, "170": 10.550000190734863, "171": 10.069999694824219, "172": 10.079999923706055, "173": 10.079999923706055, "174": 10.550000190734863, "175": 10.079999923706055, "176": 10.09000015258789, "177": 10.09000015258789, "178": 10.100000381469727, "179": 10.100000381469727, "180": 10.100000381469727, "181": 10.109999656677246, "182": 10.079999923706055, "183": 10.100000381469727, "184": 10.100000381469727, "185": 10.09000015258789, "186": 10.079999923706055, "187": 10.079999923706055, "188": 10.079999923706055, "189": 10.079999923706055, "190": 10.079999923706055, "191": 10.079999923706055, "192": 10.119999885559082, "193": 10.125, "194": 10.130000114440918, "195": 10.135000228881836, "196": 10.149999618530273, "197": 10.149999618530273, "198": 10.130000114440918, "199": 10.130000114440918, "200": 10.130000114440918, "201": 10.130000114440918, "202": 10.130000114440918, "203": 10.140000343322754, "204": 10.170000076293945, "205": 10.170000076293945, "206": 10.140000343322754, "207": 10.140000343322754, "208": 10.180000305175781, "209": 10.180000305175781, "210": 10.150099754333496, "211": 10.150099754333496, "212": 10.150099754333496, "213": 10.150099754333496, "214": 10.199999809265137, "215": 10.180000305175781, "216": 10.180000305175781, "217": 10.180000305175781, "218": 10.180000305175781, "219": 10.180000305175781, "220": 10.180000305175781, "221": 10.180000305175781, "222": 10.180000305175781, "223": 10.220000267028809, "224": 10.229999542236328, "225": 10.220000267028809, "226": 10.220000267028809, "227": 10.220000267028809, "228": 10.229999542236328, "229": 10.229999542236328, "230": 10.229999542236328, "231": 10.229999542236328, "232": 10.234999656677246, "233": 10.239999771118164, "234": 10.260000228881836, "235": 10.260000228881836, "236": 10.239999771118164, "237": 10.25, "238": 10.25, "239": 10.25, "240": 10.25, "241": 10.25, "242": 10.25, "243": 10.25, "244": 10.25, "245": 10.664999961853027, "246": 10.350000381469727, "247": 10.710000038146973, "248": 10.319999694824219, "249": 10.319999694824219, "250": 10.3100004196167, "251": 10.3100004196167, "252": 10.3100004196167, "253": 10.3100004196167, "254": 10.319999694824219, "255": 10.380000114440918, "256": 10.380000114440918, "257": 10.4399995803833, "258": 10.34000015258789, "259": 10.319999694824219, "260": 10.319999694824219, "261": 10.319999694824219, "262": 10.350000381469727, "263": 10.34000015258789, "264": 10.329999923706055, "265": 10.449999809265137, "266": 10.449999809265137, "267": 10.359999656677246, "268": 10.350000381469727, "269": 10.350000381469727, "270": 10.359999656677246, "271": 10.359999656677246, "272": 10.359999656677246, "273": 10.850000381469727, "274": 10.359999656677246, "275": 10.359999656677246, "276": 10.359999656677246, "277": 10.359999656677246, "278": 10.449999809265137, "279": 10.388999938964844, "280": 10.388999938964844, "281": 10.40999984741211, "282": 10.380000114440918, "283": 10.385000228881836, "284": 10.380000114440918, "285": 10.380000114440918, "286": 10.380000114440918, "287": 10.449999809265137, "288": 10.449999809265137, "289": 10.449999809265137, "290": 10.449999809265137, "291": 10.449999809265137, "292": 10.449999809265137, "293": 10.390000343322754, "294": 10.390000343322754, "295": 10.390000343322754, "296": 10.40999984741211, "297": 10.420000076293945, "298": 10.420000076293945, "299": 10.399999618530273, "300": 10.430000305175781, "301": 10.420000076293945, "302": 10.420000076293945, "303": 10.420000076293945, "304": 10.40999984741211, "305": 10.40999984741211, "306": 10.899999618530273, "307": 10.430000305175781, "308": 10.430000305175781, "309": 10.430000305175781, "310": 10.4399995803833, "311": 10.4399995803833, "312": 10.4399995803833, "313": 10.430000305175781, "314": 10.4399995803833, "315": 10.4399995803833, "316": 10.4399995803833, "317": 10.460000038146973, "318": 10.460000038146973, "319": 10.460000038146973, "320": 10.479999542236328, "321": 10.479999542236328, "322": 10.479999542236328, "323": 10.470000267028809, "324": 10.449999809265137, "325": 10.449999809265137, "326": 10.449999809265137, "327": 10.449999809265137, "328": 10.449999809265137, "329": 10.460000038146973, "330": 10.460000038146973, "331": 10.470000267028809, "332": 10.449999809265137, "333": 10.449999809265137, "334": 10.470000267028809, "335": 10.454999923706055, "336": 10.460000038146973, "337": 10.460000038146973, "338": 10.460000038146973, "339": 10.460000038146973, "340": 10.489999771118164, "341": 10.494999885559082, "342": 10.479999542236328, "343": 10.479999542236328, "344": 10.479999542236328, "345": 10.479999542236328, "346": 10.479999542236328}, "low": {"0": 9.800000190734863, "1": 9.800000190734863, "2": 9.800000190734863, "3": 9.800000190734863, "4": 9.989999771118164, "5": 9.800000190734863, "6": 9.84000015258789, "7": 9.84000015258789, "8": 9.84000015258789, "9": 9.819999694824219, "10": 9.819999694824219, "11": 9.859999656677246, "12": 9.829999923706055, "13": 9.819999694824219, "14": 9.829999923706055, "15": 9.829999923706055, "16": 9.829999923706055, "17": 9.829999923706055, "18": 9.829999923706055, "19": 9.829999923706055, "20": 9.880000114440918, "21": 9.880000114440918, "22": 9.829999923706055, "23": 9.829999923706055, "24": 9.859999656677246, "25": 9.890000343322754, "26": 9.859999656677246, "27": 9.880000114440918, "28": 9.880000114440918, "29": 9.880000114440918, "30": 9.890000343322754, "31": 9.890000343322754, "32": 9.864999771118164, "33": 9.899999618530273, "34": 9.899999618530273, "35": 9.899999618530273, "36": 9.899999618530273, "37": 9.899999618530273, "38": 9.899999618530273, "39": 9.899999618530273, "40": 9.899999618530273, "41": 9.90999984741211, "42": 9.890000343322754, "43": 9.890000343322754, "44": 9.869999885559082, "45": 9.869999885559082, "46": 9.869999885559082, "47": 9.869999885559082, "48": 9.890000343322754, "49": 9.920000076293945, "50": 9.920000076293945, "51": 9.920000076293945, "52": 9.920000076293945, "53": 9.920000076293945, "54": 9.920000076293945, "55": 9.920000076293945, "56": 9.920000076293945, "57": 9.9399995803833, "58": 9.9399995803833, "59": 9.9399995803833, "60": 9.9399995803833, "61": 9.9399995803833, "62": 9.9399995803833, "63": 9.9399995803833, "64": 9.9399995803833, "65": 9.9399995803833, "66": 9.9399995803833, "67": 9.9399995803833, "68": 9.9399995803833, "69": 9.9399995803833, "70": 9.9399995803833, "71": 9.9399995803833, "72": 9.930000305175781, "73": 9.930000305175781, "74": 9.930000305175781, "75": 9.930000305175781, "76": 9.930000305175781, "77": 9.899999618530273, "78": 9.899999618530273, "79": 9.90999984741211, "80": 9.90999984741211, "81": 9.899999618530273, "82": 9.869999885559082, "83": 9.869999885559082, "84": 9.869999885559082, "85": 9.920000076293945, "86": 9.920000076293945, "87": 9.920000076293945, "88": 9.920000076293945, "89": 9.920000076293945, "90": 9.920000076293945, "91": 9.920000076293945, "92": 9.920000076293945, "93": 9.920000076293945, "94": 9.920000076293945, "95": 9.930000305175781, "96": 9.920000076293945, "97": 9.930000305175781, "98": 9.970000267028809, "99": 9.920000076293945, "100": 9.920000076293945, "101": 9.90999984741211, "102": 9.90999984741211, "103": 9.90999984741211, "104": 9.90999984741211, "105": 9.90999984741211, "106": 9.90999984741211, "107": 9.90999984741211, "108": 9.90999984741211, "109": 9.90999984741211, "110": 9.9350004196167, "111": 9.944999694824219, "112": 9.960000038146973, "113": 9.960000038146973, "114": 9.960000038146973, "115": 9.960000038146973, "116": 9.960000038146973, "117": 9.90999984741211, "118": 9.949999809265137, "119": 9.949999809265137, "120": 9.970000267028809, "121": 9.949999809265137, "122": 9.949999809265137, "123": 9.975000381469727, "124": 9.979999542236328, "125": 9.979999542236328, "126": 9.960000038146973, "127": 9.960000038146973, "128": 9.960000038146973, "129": 9.970000267028809, "130": 9.970000267028809, "131": 9.979999542236328, "132": 9.979999542236328, "133": 9.979999542236328, "134": 9.989999771118164, "135": 9.989999771118164, "136": 9.989999771118164, "137": 9.989999771118164, "138": 9.989999771118164, "139": 9.989999771118164, "140": 9.989999771118164, "141": 9.967499732971191, "142": 9.989999771118164, "143": 10.0, "144": 9.970000267028809, "145": 9.989999771118164, "146": 10.0, "147": 10.0, "148": 10.0, "149": 10.0, "150": 10.0, "151": 10.0, "152": 10.0, "153": 10.0, "154": 10.0, "155": 10.0, "156": 10.0, "157": 10.029999732971191, "158": 10.029999732971191, "159": 10.029999732971191, "160": 10.020000457763672, "161": 10.029999732971191, "162": 10.010000228881836, "163": 10.010000228881836, "164": 10.050000190734863, "165": 10.039999961853027, "166": 10.0600004196167, "167": 10.020000457763672, "168": 10.050000190734863, "169": 10.0600004196167, "170": 10.029999732971191, "171": 10.020000457763672, "172": 10.069999694824219, "173": 10.079999923706055, "174": 10.079999923706055, "175": 10.079999923706055, "176": 10.09000015258789, "177": 10.09000015258789, "178": 10.074999809265137, "179": 10.100000381469727, "180": 10.079999923706055, "181": 10.079999923706055, "182": 10.079999923706055, "183": 10.079999923706055, "184": 10.082099914550781, "185": 10.09000015258789, "186": 10.079999923706055, "187": 10.079999923706055, "188": 10.079999923706055, "189": 10.079999923706055, "190": 10.079999923706055, "191": 10.079999923706055, "192": 10.109999656677246, "193": 10.119999885559082, "194": 10.130000114440918, "195": 10.119999885559082, "196": 10.130000114440918, "197": 10.149999618530273, "198": 10.130000114440918, "199": 10.130000114440918, "200": 10.130000114440918, "201": 10.130000114440918, "202": 10.130000114440918, "203": 10.130000114440918, "204": 10.170000076293945, "205": 10.170000076293945, "206": 10.140000343322754, "207": 10.140000343322754, "208": 10.180000305175781, "209": 10.180000305175781, "210": 10.150099754333496, "211": 10.150099754333496, "212": 10.150099754333496, "213": 10.150099754333496, "214": 10.180000305175781, "215": 10.180000305175781, "216": 10.180000305175781, "217": 10.180000305175781, "218": 10.180000305175781, "219": 10.180000305175781, "220": 10.180000305175781, "221": 10.180000305175781, "222": 10.180000305175781, "223": 10.199999809265137, "224": 10.210000038146973, "225": 10.220000267028809, "226": 10.220000267028809, "227": 10.220000267028809, "228": 10.220000267028809, "229": 10.229999542236328, "230": 10.229999542236328, "231": 10.229999542236328, "232": 10.229999542236328, "233": 10.220000267028809, "234": 10.25, "235": 10.239999771118164, "236": 10.239999771118164, "237": 10.234999656677246, "238": 10.25, "239": 10.25, "240": 10.25, "241": 10.25, "242": 10.25, "243": 10.25, "244": 10.25, "245": 10.279999732971191, "246": 10.319999694824219, "247": 10.300100326538086, "248": 10.319999694824219, "249": 10.289999961853027, "250": 10.279999732971191, "251": 10.300000190734863, "252": 10.305000305175781, "253": 10.300000190734863, "254": 10.3100004196167, "255": 10.3100004196167, "256": 10.3100004196167, "257": 10.3100004196167, "258": 10.319999694824219, "259": 10.319999694824219, "260": 10.319999694824219, "261": 10.319999694824219, "262": 10.34000015258789, "263": 10.34000015258789, "264": 10.329999923706055, "265": 10.4399995803833, "266": 10.449999809265137, "267": 10.350000381469727, "268": 10.350000381469727, "269": 10.350000381469727, "270": 10.350000381469727, "271": 10.354999542236328, "272": 10.354999542236328, "273": 10.359999656677246, "274": 10.359999656677246, "275": 10.359999656677246, "276": 10.359999656677246, "277": 10.359999656677246, "278": 10.449999809265137, "279": 10.388999938964844, "280": 10.388999938964844, "281": 10.380000114440918, "282": 10.380000114440918, "283": 10.369999885559082, "284": 10.380000114440918, "285": 10.380000114440918, "286": 10.380000114440918, "287": 10.449999809265137, "288": 10.449999809265137, "289": 10.449999809265137, "290": 10.449999809265137, "291": 10.449999809265137, "292": 10.449999809265137, "293": 10.390000343322754, "294": 10.390000343322754, "295": 10.390000343322754, "296": 10.40999984741211, "297": 10.420000076293945, "298": 10.420000076293945, "299": 10.399999618530273, "300": 10.420000076293945, "301": 10.395000457763672, "302": 10.420000076293945, "303": 10.420000076293945, "304": 10.390000343322754, "305": 10.40999984741211, "306": 10.430000305175781, "307": 10.430000305175781, "308": 10.430000305175781, "309": 10.430000305175781, "310": 10.4399995803833, "311": 10.4399995803833, "312": 10.4399995803833, "313": 10.430000305175781, "314": 10.430000305175781, "315": 10.4350004196167, "316": 10.4399995803833, "317": 10.460000038146973, "318": 10.460000038146973, "319": 10.460000038146973, "320": 10.479999542236328, "321": 10.479999542236328, "322": 10.479999542236328, "323": 10.449999809265137, "324": 10.449999809265137, "325": 10.449999809265137, "326": 10.449999809265137, "327": 10.449999809265137, "328": 10.449999809265137, "329": 10.460000038146973, "330": 10.460000038146973, "331": 10.449999809265137, "332": 10.449999809265137, "333": 10.449999809265137, "334": 10.449999809265137, "335": 10.449999809265137, "336": 10.449999809265137, "337": 10.460000038146973, "338": 10.460000038146973, "339": 10.449999809265137, "340": 10.470000267028809, "341": 10.479999542236328, "342": 10.479999542236328, "343": 10.479999542236328, "344": 10.479999542236328, "345": 10.479999542236328, "346": 10.479999542236328}, "close": {"0": 9.800000190734863, "1": 9.800000190734863, "2": 9.800000190734863, "3": 9.800000190734863, "4": 9.989999771118164, "5": 9.8100004196167, "6": 9.84000015258789, "7": 9.84000015258789, "8": 9.84000015258789, "9": 9.819999694824219, "10": 9.859999656677246, "11": 9.859999656677246, "12": 9.829999923706055, "13": 9.829999923706055, "14": 9.829999923706055, "15": 9.829999923706055, "16": 9.829999923706055, "17": 9.829999923706055, "18": 9.829999923706055, "19": 9.880000114440918, "20": 9.880000114440918, "21": 9.880000114440918, "22": 9.829999923706055, "23": 9.829999923706055, "24": 9.890000343322754, "25": 9.890000343322754, "26": 9.880000114440918, "27": 9.880000114440918, "28": 9.880000114440918, "29": 9.890000343322754, "30": 9.890000343322754, "31": 9.890000343322754, "32": 9.899999618530273, "33": 9.899999618530273, "34": 9.920000076293945, "35": 9.899999618530273, "36": 9.899999618530273, "37": 9.899999618530273, "38": 9.899999618530273, "39": 9.899999618530273, "40": 9.899999618530273, "41": 9.90999984741211, "42": 9.890000343322754, "43": 9.890000343322754, "44": 9.869999885559082, "45": 9.869999885559082, "46": 9.869999885559082, "47": 9.869999885559082, "48": 9.920000076293945, "49": 9.920000076293945, "50": 9.920000076293945, "51": 9.920000076293945, "52": 9.920000076293945, "53": 9.920000076293945, "54": 9.920000076293945, "55": 9.920000076293945, "56": 9.9399995803833, "57": 9.9399995803833, "58": 9.9399995803833, "59": 9.9399995803833, "60": 9.9399995803833, "61": 9.9399995803833, "62": 9.9399995803833, "63": 9.9399995803833, "64": 9.9399995803833, "65": 9.9399995803833, "66": 9.9399995803833, "67": 9.9399995803833, "68": 9.9399995803833, "69": 9.9399995803833, "70": 9.9399995803833, "71": 9.9399995803833, "72": 9.930000305175781, "73": 9.930000305175781, "74": 9.930000305175781, "75": 9.930000305175781, "76": 9.930000305175781, "77": 9.899999618530273, "78": 9.90999984741211, "79": 9.90999984741211, "80": 9.90999984741211, "81": 9.899999618530273, "82": 9.869999885559082, "83": 9.869999885559082, "84": 9.869999885559082, "85": 9.920000076293945, "86": 9.920000076293945, "87": 9.920000076293945, "88": 9.920000076293945, "89": 9.920000076293945, "90": 9.920000076293945, "91": 9.920000076293945, "92": 9.920000076293945, "93": 9.920000076293945, "94": 9.920000076293945, "95": 9.930000305175781, "96": 9.920000076293945, "97": 9.930000305175781, "98": 9.970000267028809, "99": 9.920000076293945, "100": 9.920000076293945, "101": 9.920000076293945, "102": 9.90999984741211, "103": 9.90999984741211, "104": 9.90999984741211, "105": 9.90999984741211, "106": 9.90999984741211, "107": 9.90999984741211, "108": 9.90999984741211, "109": 9.90999984741211, "110": 9.9399995803833, "111": 9.944999694824219, "112": 9.960000038146973, "113": 9.960000038146973, "114": 9.960000038146973, "115": 9.960000038146973, "116": 9.960000038146973, "117": 9.9399995803833, "118": 9.949999809265137, "119": 9.949999809265137, "120": 9.970000267028809, "121": 9.949999809265137, "122": 9.970000267028809, "123": 9.979999542236328, "124": 9.979999542236328, "125": 9.979999542236328, "126": 9.960000038146973, "127": 9.960000038146973, "128": 9.960000038146973, "129": 9.970000267028809, "130": 9.970000267028809, "131": 9.979999542236328, "132": 9.989999771118164, "133": 9.979999542236328, "134": 9.989999771118164, "135": 9.989999771118164, "136": 9.989999771118164, "137": 9.989999771118164, "138": 9.989999771118164, "139": 9.989999771118164, "140": 9.989999771118164, "141": 9.970000267028809, "142": 10.0, "143": 10.0, "144": 9.970000267028809, "145": 10.0600004196167, "146": 10.0, "147": 10.0, "148": 10.0, "149": 10.0, "150": 10.0, "151": 10.0, "152": 10.0, "153": 10.0, "154": 10.0, "155": 10.0, "156": 10.0, "157": 10.029999732971191, "158": 10.029999732971191, "159": 10.029999732971191, "160": 10.029999732971191, "161": 10.029999732971191, "162": 10.010000228881836, "163": 10.0600004196167, "164": 10.050000190734863, "165": 10.0600004196167, "166": 10.0600004196167, "167": 10.050000190734863, "168": 10.0600004196167, "169": 10.0600004196167, "170": 10.045000076293945, "171": 10.069999694824219, "172": 10.079999923706055, "173": 10.079999923706055, "174": 10.079999923706055, "175": 10.079999923706055, "176": 10.09000015258789, "177": 10.09000015258789, "178": 10.100000381469727, "179": 10.100000381469727, "180": 10.079999923706055, "181": 10.079999923706055, "182": 10.079999923706055, "183": 10.079999923706055, "184": 10.082099914550781, "185": 10.09000015258789, "186": 10.079999923706055, "187": 10.079999923706055, "188": 10.079999923706055, "189": 10.079999923706055, "190": 10.079999923706055, "191": 10.079999923706055, "192": 10.119999885559082, "193": 10.119999885559082, "194": 10.130000114440918, "195": 10.130000114440918, "196": 10.149999618530273, "197": 10.149999618530273, "198": 10.130000114440918, "199": 10.130000114440918, "200": 10.130000114440918, "201": 10.130000114440918, "202": 10.130000114440918, "203": 10.140000343322754, "204": 10.170000076293945, "205": 10.170000076293945, "206": 10.140000343322754, "207": 10.140000343322754, "208": 10.180000305175781, "209": 10.180000305175781, "210": 10.150099754333496, "211": 10.150099754333496, "212": 10.150099754333496, "213": 10.150099754333496, "214": 10.199999809265137, "215": 10.180000305175781, "216": 10.180000305175781, "217": 10.180000305175781, "218": 10.180000305175781, "219": 10.180000305175781, "220": 10.180000305175781, "221": 10.180000305175781, "222": 10.180000305175781, "223": 10.199999809265137, "224": 10.220000267028809, "225": 10.220000267028809, "226": 10.220000267028809, "227": 10.220000267028809, "228": 10.220000267028809, "229": 10.229999542236328, "230": 10.229999542236328, "231": 10.229999542236328, "232": 10.234999656677246, "233": 10.220000267028809, "234": 10.25, "235": 10.239999771118164, "236": 10.239999771118164, "237": 10.25, "238": 10.25, "239": 10.25, "240": 10.25, "241": 10.25, "242": 10.25, "243": 10.25, "244": 10.25, "245": 10.350000381469727, "246": 10.319999694824219, "247": 10.319999694824219, "248": 10.319999694824219, "249": 10.289999961853027, "250": 10.300000190734863, "251": 10.300000190734863, "252": 10.305000305175781, "253": 10.3100004196167, "254": 10.319999694824219, "255": 10.3100004196167, "256": 10.311800003051758, "257": 10.319999694824219, "258": 10.319999694824219, "259": 10.319999694824219, "260": 10.319999694824219, "261": 10.319999694824219, "262": 10.34000015258789, "263": 10.34000015258789, "264": 10.329999923706055, "265": 10.449999809265137, "266": 10.449999809265137, "267": 10.350000381469727, "268": 10.350000381469727, "269": 10.350000381469727, "270": 10.359999656677246, "271": 10.359999656677246, "272": 10.354999542236328, "273": 10.359999656677246, "274": 10.359999656677246, "275": 10.359999656677246, "276": 10.359999656677246, "277": 10.359999656677246, "278": 10.449999809265137, "279": 10.388999938964844, "280": 10.388999938964844, "281": 10.390000343322754, "282": 10.380000114440918, "283": 10.380000114440918, "284": 10.380000114440918, "285": 10.380000114440918, "286": 10.380000114440918, "287": 10.449999809265137, "288": 10.449999809265137, "289": 10.449999809265137, "290": 10.449999809265137, "291": 10.449999809265137, "292": 10.449999809265137, "293": 10.390000343322754, "294": 10.390000343322754, "295": 10.390000343322754, "296": 10.40999984741211, "297": 10.420000076293945, "298": 10.420000076293945, "299": 10.399999618530273, "300": 10.420000076293945, "301": 10.420000076293945, "302": 10.420000076293945, "303": 10.420000076293945, "304": 10.40999984741211, "305": 10.40999984741211, "306": 10.430000305175781, "307": 10.430000305175781, "308": 10.430000305175781, "309": 10.430000305175781, "310": 10.4399995803833, "311": 10.4399995803833, "312": 10.4399995803833, "313": 10.430000305175781, "314": 10.430000305175781, "315": 10.4399995803833, "316": 10.4399995803833, "317": 10.460000038146973, "318": 10.460000038146973, "319": 10.460000038146973, "320": 10.479999542236328, "321": 10.479999542236328, "322": 10.479999542236328, "323": 10.449999809265137, "324": 10.449999809265137, "325": 10.449999809265137, "326": 10.449999809265137, "327": 10.449999809265137, "328": 10.449999809265137, "329": 10.460000038146973, "330": 10.460000038146973, "331": 10.449999809265137, "332": 10.449999809265137, "333": 10.449999809265137, "334": 10.449999809265137, "335": 10.449999809265137, "336": 10.460000038146973, "337": 10.460000038146973, "338": 10.460000038146973, "339": 10.449999809265137, "340": 10.489999771118164, "341": 10.479999542236328, "342": 10.479999542236328, "343": 10.479999542236328, "344": 10.479999542236328, "345": 10.479999542236328, "346": 10.479999542236328}, "volume": {"0": 300000.0, "1": 14000.0, "2": 90600.0, "3": 0.0, "4": 100.0, "5": 10300.0, "6": 1000.0, "7": 6600.0, "8": 0.0, "9": 130200.0, "10": 20100.0, "11": 0.0, "12": 3200.0, "13": 6900.0, "14": 0.0, "15": 200.0, "16": 0.0, "17": 0.0, "18": 237500.0, "19": 53900.0, "20": 0.0, "21": 0.0, "22": 200.0, "23": 0.0, "24": 145200.0, "25": 0.0, "26": 70100.0, "27": 0.0, "28": 7100.0, "29": 61800.0, "30": 800.0, "31": 0.0, "32": 192600.0, "33": 0.0, "34": 1000.0, "35": 28000.0, "36": 0.0, "37": 196200.0, "38": 2700.0, "39": 0.0, "40": 2500.0, "41": 513900.0, "42": 1100.0, "43": 0.0, "44": 135400.0, "45": 4200.0, "46": 299.0, "47": 0.0, "48": 241200.0, "49": 0.0, "50": 400.0, "51": 0.0, "52": 0.0, "53": 0.0, "54": 0.0, "55": 0.0, "56": 5945.0, "57": 0.0, "58": 0.0, "59": 0.0, "60": 0.0, "61": 0.0, "62": 0.0, "63": 0.0, "64": 0.0, "65": 0.0, "66": 0.0, "67": 0.0, "68": 0.0, "69": 0.0, "70": 0.0, "71": 0.0, "72": 1910.0, "73": 0.0, "74": 0.0, "75": 0.0, "76": 0.0, "77": 305.0, "78": 160005.0, "79": 0.0, "80": 0.0, "81": 2705.0, "82": 1207.0, "83": 0.0, "84": 0.0, "85": 440.0, "86": 0.0, "87": 0.0, "88": 0.0, "89": 0.0, "90": 0.0, "91": 0.0, "92": 0.0, "93": 0.0, "94": 0.0, "95": 156.0, "96": 5353.0, "97": 5459.0, "98": 152.0, "99": 393.0, "100": 0.0, "101": 49900.0, "102": 153.0, "103": 0.0, "104": 0.0, "105": 0.0, "106": 0.0, "107": 0.0, "108": 0.0, "109": 0.0, "110": 559984.0, "111": 21587.0, "112": 106.0, "113": 530.0, "114": 0.0, "115": 0.0, "116": 0.0, "117": 130998.0, "118": 1101.0, "119": 164.0, "120": 167.0, "121": 300.0, "122": 24941.0, "123": 405572.0, "124": 0.0, "125": 0.0, "126": 4813.0, "127": 0.0, "128": 0.0, "129": 100050.0, "130": 50194.0, "131": 51550.0, "132": 39000.0, "133": 3534.0, "134": 9440.0, "135": 37478.0, "136": 0.0, "137": 19245.0, "138": 0.0, "139": 0.0, "140": 0.0, "141": 332600.0, "142": 5501.0, "143": 31135.0, "144": 2275.0, "145": 58782.0, "146": 200016.0, "147": 0.0, "148": 0.0, "149": 3262.0, "150": 0.0, "151": 0.0, "152": 0.0, "153": 0.0, "154": 0.0, "155": 0.0, "156": 0.0, "157": 750.0, "158": 17570.0, "159": 41053.0, "160": 5902.0, "161": 0.0, "162": 105.0, "163": 147633.0, "164": 43856.0, "165": 15442.0, "166": 0.0, "167": 6959.0, "168": 261499.0, "169": 100535.0, "170": 5602.0, "171": 1103.0, "172": 31300.0, "173": 6599.0, "174": 174350.0, "175": 0.0, "176": 216.0, "177": 0.0, "178": 175324.0, "179": 361.0, "180": 302434.0, "181": 2753.0, "182": 161.0, "183": 1237.0, "184": 81544.0, "185": 29381.0, "186": 293907.0, "187": 72373.0, "188": 0.0, "189": 0.0, "190": 0.0, "191": 0.0, "192": 2149.0, "193": 297603.0, "194": 3177.0, "195": 36236.0, "196": 100876.0, "197": 0.0, "198": 489.0, "199": 0.0, "200": 0.0, "201": 888.0, "202": 2804.0, "203": 5825.0, "204": 111.0, "205": 0.0, "206": 100001.0, "207": 0.0, "208": 512598.0, "209": 167.0, "210": 210.0, "211": 0.0, "212": 0.0, "213": 0.0, "214": 6110.0, "215": 6075.0, "216": 0.0, "217": 0.0, "218": 0.0, "219": 0.0, "220": 0.0, "221": 0.0, "222": 0.0, "223": 4286.0, "224": 739032.0, "225": 0.0, "226": 0.0, "227": 167.0, "228": 4080.0, "229": 500.0, "230": 4014.0, "231": 0.0, "232": 46071.0, "233": 11286.0, "234": 72700.0, "235": 6909.0, "236": 0.0, "237": 17175.0, "238": 4300.0, "239": 690.0, "240": 0.0, "241": 0.0, "242": 0.0, "243": 0.0, "244": 0.0, "245": 4380930.0, "246": 531939.0, "247": 41749.0, "248": 0.0, "249": 3067.0, "250": 604652.0, "251": 2121.0, "252": 547.0, "253": 181295.0, "254": 904.0, "255": 5043.0, "256": 10492.0, "257": 682054.0, "258": 16969.0, "259": 159.0, "260": 0.0, "261": 0.0, "262": 1024632.0, "263": 571709.0, "264": 2820.0, "265": 4725.0, "266": 0.0, "267": 1770.0, "268": 3128.0, "269": 0.0, "270": 2306.0, "271": 460622.0, "272": 2566.0, "273": 16791.0, "274": 0.0, "275": 0.0, "276": 7165.0, "277": 0.0, "278": 6195.0, "279": 770000.0, "280": 0.0, "281": 57086.0, "282": 40000.0, "283": 99602.0, "284": 0.0, "285": 20027.0, "286": 0.0, "287": 1700.0, "288": 0.0, "289": 0.0, "290": 0.0, "291": 0.0, "292": 0.0, "293": 171.0, "294": 0.0, "295": 100.0, "296": 759550.0, "297": 426404.0, "298": 0.0, "299": 206.0, "300": 1564.0, "301": 2734.0, "302": 13633.0, "303": 0.0, "304": 7374.0, "305": 298465.0, "306": 384.0, "307": 0.0, "308": 0.0, "309": 0.0, "310": 107.0, "311": 0.0, "312": 0.0, "313": 168688.0, "314": 578.0, "315": 255988.0, "316": 0.0, "317": 112.0, "318": 0.0, "319": 0.0, "320": 101.0, "321": 0.0, "322": 0.0, "323": 263927.0, "324": 0.0, "325": 0.0, "326": 76657.0, "327": 0.0, "328": 2319.0, "329": 218.0, "330": 5218.0, "331": 6602636.0, "332": 749.0, "333": 0.0, "334": 1918031.0, "335": 335326.0, "336": 5583.0, "337": 0.0, "338": 201.0, "339": 660579.0, "340": 568333.0, "341": 135321.0, "342": 0.0, "343": 0.0, "344": 0.0, "345": 0.0, "346": 0.0}, "adjclose": {"0": 9.800000190734863, "1": 9.800000190734863, "2": 9.800000190734863, "3": 9.800000190734863, "4": 9.989999771118164, "5": 9.8100004196167, "6": 9.84000015258789, "7": 9.84000015258789, "8": 9.84000015258789, "9": 9.819999694824219, "10": 9.859999656677246, "11": 9.859999656677246, "12": 9.829999923706055, "13": 9.829999923706055, "14": 9.829999923706055, "15": 9.829999923706055, "16": 9.829999923706055, "17": 9.829999923706055, "18": 9.829999923706055, "19": 9.880000114440918, "20": 9.880000114440918, "21": 9.880000114440918, "22": 9.829999923706055, "23": 9.829999923706055, "24": 9.890000343322754, "25": 9.890000343322754, "26": 9.880000114440918, "27": 9.880000114440918, "28": 9.880000114440918, "29": 9.890000343322754, "30": 9.890000343322754, "31": 9.890000343322754, "32": 9.899999618530273, "33": 9.899999618530273, "34": 9.920000076293945, "35": 9.899999618530273, "36": 9.899999618530273, "37": 9.899999618530273, "38": 9.899999618530273, "39": 9.899999618530273, "40": 9.899999618530273, "41": 9.90999984741211, "42": 9.890000343322754, "43": 9.890000343322754, "44": 9.869999885559082, "45": 9.869999885559082, "46": 9.869999885559082, "47": 9.869999885559082, "48": 9.920000076293945, "49": 9.920000076293945, "50": 9.920000076293945, "51": 9.920000076293945, "52": 9.920000076293945, "53": 9.920000076293945, "54": 9.920000076293945, "55": 9.920000076293945, "56": 9.9399995803833, "57": 9.9399995803833, "58": 9.9399995803833, "59": 9.9399995803833, "60": 9.9399995803833, "61": 9.9399995803833, "62": 9.9399995803833, "63": 9.9399995803833, "64": 9.9399995803833, "65": 9.9399995803833, "66": 9.9399995803833, "67": 9.9399995803833, "68": 9.9399995803833, "69": 9.9399995803833, "70": 9.9399995803833, "71": 9.9399995803833, "72": 9.930000305175781, "73": 9.930000305175781, "74": 9.930000305175781, "75": 9.930000305175781, "76": 9.930000305175781, "77": 9.899999618530273, "78": 9.90999984741211, "79": 9.90999984741211, "80": 9.90999984741211, "81": 9.899999618530273, "82": 9.869999885559082, "83": 9.869999885559082, "84": 9.869999885559082, "85": 9.920000076293945, "86": 9.920000076293945, "87": 9.920000076293945, "88": 9.920000076293945, "89": 9.920000076293945, "90": 9.920000076293945, "91": 9.920000076293945, "92": 9.920000076293945, "93": 9.920000076293945, "94": 9.920000076293945, "95": 9.930000305175781, "96": 9.920000076293945, "97": 9.930000305175781, "98": 9.970000267028809, "99": 9.920000076293945, "100": 9.920000076293945, "101": 9.920000076293945, "102": 9.90999984741211, "103": 9.90999984741211, "104": 9.90999984741211, "105": 9.90999984741211, "106": 9.90999984741211, "107": 9.90999984741211, "108": 9.90999984741211, "109": 9.90999984741211, "110": 9.9399995803833, "111": 9.944999694824219, "112": 9.960000038146973, "113": 9.960000038146973, "114": 9.960000038146973, "115": 9.960000038146973, "116": 9.960000038146973, "117": 9.9399995803833, "118": 9.949999809265137, "119": 9.949999809265137, "120": 9.970000267028809, "121": 9.949999809265137, "122": 9.970000267028809, "123": 9.979999542236328, "124": 9.979999542236328, "125": 9.979999542236328, "126": 9.960000038146973, "127": 9.960000038146973, "128": 9.960000038146973, "129": 9.970000267028809, "130": 9.970000267028809, "131": 9.979999542236328, "132": 9.989999771118164, "133": 9.979999542236328, "134": 9.989999771118164, "135": 9.989999771118164, "136": 9.989999771118164, "137": 9.989999771118164, "138": 9.989999771118164, "139": 9.989999771118164, "140": 9.989999771118164, "141": 9.970000267028809, "142": 10.0, "143": 10.0, "144": 9.970000267028809, "145": 10.0600004196167, "146": 10.0, "147": 10.0, "148": 10.0, "149": 10.0, "150": 10.0, "151": 10.0, "152": 10.0, "153": 10.0, "154": 10.0, "155": 10.0, "156": 10.0, "157": 10.029999732971191, "158": 10.029999732971191, "159": 10.029999732971191, "160": 10.029999732971191, "161": 10.029999732971191, "162": 10.010000228881836, "163": 10.0600004196167, "164": 10.050000190734863, "165": 10.0600004196167, "166": 10.0600004196167, "167": 10.050000190734863, "168": 10.0600004196167, "169": 10.0600004196167, "170": 10.045000076293945, "171": 10.069999694824219, "172": 10.079999923706055, "173": 10.079999923706055, "174": 10.079999923706055, "175": 10.079999923706055, "176": 10.09000015258789, "177": 10.09000015258789, "178": 10.100000381469727, "179": 10.100000381469727, "180": 10.079999923706055, "181": 10.079999923706055, "182": 10.079999923706055, "183": 10.079999923706055, "184": 10.082099914550781, "185": 10.09000015258789, "186": 10.079999923706055, "187": 10.079999923706055, "188": 10.079999923706055, "189": 10.079999923706055, "190": 10.079999923706055, "191": 10.079999923706055, "192": 10.119999885559082, "193": 10.119999885559082, "194": 10.130000114440918, "195": 10.130000114440918, "196": 10.149999618530273, "197": 10.149999618530273, "198": 10.130000114440918, "199": 10.130000114440918, "200": 10.130000114440918, "201": 10.130000114440918, "202": 10.130000114440918, "203": 10.140000343322754, "204": 10.170000076293945, "205": 10.170000076293945, "206": 10.140000343322754, "207": 10.140000343322754, "208": 10.180000305175781, "209": 10.180000305175781, "210": 10.150099754333496, "211": 10.150099754333496, "212": 10.150099754333496, "213": 10.150099754333496, "214": 10.199999809265137, "215": 10.180000305175781, "216": 10.180000305175781, "217": 10.180000305175781, "218": 10.180000305175781, "219": 10.180000305175781, "220": 10.180000305175781, "221": 10.180000305175781, "222": 10.180000305175781, "223": 10.199999809265137, "224": 10.220000267028809, "225": 10.220000267028809, "226": 10.220000267028809, "227": 10.220000267028809, "228": 10.220000267028809, "229": 10.229999542236328, "230": 10.229999542236328, "231": 10.229999542236328, "232": 10.234999656677246, "233": 10.220000267028809, "234": 10.25, "235": 10.239999771118164, "236": 10.239999771118164, "237": 10.25, "238": 10.25, "239": 10.25, "240": 10.25, "241": 10.25, "242": 10.25, "243": 10.25, "244": 10.25, "245": 10.350000381469727, "246": 10.319999694824219, "247": 10.319999694824219, "248": 10.319999694824219, "249": 10.289999961853027, "250": 10.300000190734863, "251": 10.300000190734863, "252": 10.305000305175781, "253": 10.3100004196167, "254": 10.319999694824219, "255": 10.3100004196167, "256": 10.311800003051758, "257": 10.319999694824219, "258": 10.319999694824219, "259": 10.319999694824219, "260": 10.319999694824219, "261": 10.319999694824219, "262": 10.34000015258789, "263": 10.34000015258789, "264": 10.329999923706055, "265": 10.449999809265137, "266": 10.449999809265137, "267": 10.350000381469727, "268": 10.350000381469727, "269": 10.350000381469727, "270": 10.359999656677246, "271": 10.359999656677246, "272": 10.354999542236328, "273": 10.359999656677246, "274": 10.359999656677246, "275": 10.359999656677246, "276": 10.359999656677246, "277": 10.359999656677246, "278": 10.449999809265137, "279": 10.388999938964844, "280": 10.388999938964844, "281": 10.390000343322754, "282": 10.380000114440918, "283": 10.380000114440918, "284": 10.380000114440918, "285": 10.380000114440918, "286": 10.380000114440918, "287": 10.449999809265137, "288": 10.449999809265137, "289": 10.449999809265137, "290": 10.449999809265137, "291": 10.449999809265137, "292": 10.449999809265137, "293": 10.390000343322754, "294": 10.390000343322754, "295": 10.390000343322754, "296": 10.40999984741211, "297": 10.420000076293945, "298": 10.420000076293945, "299": 10.399999618530273, "300": 10.420000076293945, "301": 10.420000076293945, "302": 10.420000076293945, "303": 10.420000076293945, "304": 10.40999984741211, "305": 10.40999984741211, "306": 10.430000305175781, "307": 10.430000305175781, "308": 10.430000305175781, "309": 10.430000305175781, "310": 10.4399995803833, "311": 10.4399995803833, "312": 10.4399995803833, "313": 10.430000305175781, "314": 10.430000305175781, "315": 10.4399995803833, "316": 10.4399995803833, "317": 10.460000038146973, "318": 10.460000038146973, "319": 10.460000038146973, "320": 10.479999542236328, "321": 10.479999542236328, "322": 10.479999542236328, "323": 10.449999809265137, "324": 10.449999809265137, "325": 10.449999809265137, "326": 10.449999809265137, "327": 10.449999809265137, "328": 10.449999809265137, "329": 10.460000038146973, "330": 10.460000038146973, "331": 10.449999809265137, "332": 10.449999809265137, "333": 10.449999809265137, "334": 10.449999809265137, "335": 10.449999809265137, "336": 10.460000038146973, "337": 10.460000038146973, "338": 10.460000038146973, "339": 10.449999809265137, "340": 10.489999771118164, "341": 10.479999542236328, "342": 10.479999542236328, "343": 10.479999542236328, "344": 10.479999542236328, "345": 10.479999542236328, "346": 10.479999542236328}}, "profile": {"address1": "38 Keyes Ave", "address2": "Ste 100", "city": "San Francisco", "state": "CA", "zip": "94129", "country": "United States", "phone": "415 649 6923", "website": "https://bullpenparlayacquisitioncompany.gcs-web.com", "industry": "Shell Companies", "industryDisp": "Shell Companies", "sector": "Financial Services", "longBusinessSummary": "Bullpen Parlay Acquisition Company does not have significant operations. It intends to effect a merger, share exchange, asset acquisition, share purchase, reorganization, or similar business combination with one or more operating businesses or assets in the field of online real money gaming, technology, sports, digital media, hospitality, and leisure. The company was incorporated in 2021 and is based in San Francisco, California.", "companyOfficers": [{"maxAge": 1, "name": "Mr. Paul  Martino", "age": 46, "title": "Exec. Chairman", "yearBorn": 1976, "exercisedValue": 0, "unexercisedValue": 0}, {"maxAge": 1, "name": "Mr. David  VanEgmond", "age": 32, "title": "CEO & Director", "yearBorn": 1990, "exercisedValue": 0, "unexercisedValue": 0}, {"maxAge": 1, "name": "Mr. Eric D. Wiesen J.D.", "age": 46, "title": "Pres", "yearBorn": 1976, "exercisedValue": 0, "unexercisedValue": 0}, {"maxAge": 1, "name": "Mr. Duncan M. Davidson J.D.", "age": 69, "title": "Exec. VP", "yearBorn": 1953, "exercisedValue": 0, "unexercisedValue": 0}], "maxAge": 86400, "latitude": 37.799585986789126, "longitude": -122.45666200409488}}