{"income_statement": {"annual": {"Year": {"1": "Selling, General & Admin", "2": "Other Operating Expenses", "3": "Operating Expenses", "4": "Operating Income", "5": "Other Expense / Income", "6": "Pretax Income", "7": "Income Tax", "8": "Net Income", "9": "Shares Outstanding (Basic)", "10": "Shares Outstanding (Diluted)", "11": "Shares Change", "12": "EPS (Basic)", "13": "EPS (Diluted)", "14": "Free Cash Flow Per Share", "15": "EBITDA", "16": "EBIT"}, "2022": {"1": "1.51", "2": "0.2", "3": "1.7", "4": "-1.7", "5": "-1.56", "6": "-0.15", "7": "0.29", "8": "-0.43", "9": "13", "10": "13", "11": "420.01%", "12": "-0.03", "13": "-0.03", "14": "-0.06", "15": "-0.15", "16": "-0.15"}, "2021": {"1": "0.02", "2": "0", "3": "0.02", "4": "-0.02", "5": "-", "6": "-0.02", "7": "0", "8": "-0.02", "9": "3", "10": "3", "11": "-", "12": "-0.01", "13": "-0.01", "14": "-", "15": "-0.02", "16": "-0.02"}}, "quarterly": {"Metrics": {"1": "Selling, General & Admin", "2": "Other Operating Expenses", "3": "Operating Expenses", "4": "Operating Income", "5": "Other Expense / Income", "6": "Pretax Income", "7": "Income Tax", "8": "Net Income", "9": "Shares Outstanding (Basic)", "10": "Shares Outstanding (Diluted)", "11": "Shares Change", "12": "EPS (Basic)", "13": "EPS (Diluted)", "14": "Free Cash Flow Per Share", "15": "Effective Tax Rate", "16": "EBITDA", "17": "EBIT"}, "2022-12-31": {"1": "0.68", "2": "0.2", "3": "0.87", "4": "-0.87", "5": "-0.93", "6": "0.05", "7": "0.29", "8": "-0.23", "9": "13", "10": "13", "11": "420.01%", "12": "-0.01", "13": "-0.01", "14": "-0.01", "15": "524.23%", "16": "0.05", "17": "0.05"}, "2022-09-30": {"1": "0.25", "2": "0", "3": "0.25", "4": "-0.25", "5": "-0.48", "6": "0.23", "7": "0", "8": "0.23", "9": "13", "10": "13", "11": "439.41%", "12": "0.02", "13": "0.02", "14": "-0.01", "15": "-", "16": "0.23", "17": "0.23"}, "2022-06-30": {"1": "0.12", "2": "0", "3": "0.12", "4": "-0.12", "5": "-0.11", "6": "-0.01", "7": "0", "8": "-0.01", "9": "13", "10": "13", "11": "439.41%", "12": "-", "13": "-", "14": "-0.00", "15": "-", "16": "-0.01", "17": "-0.01"}, "2022-03-31": {"1": "0.46", "2": "0", "3": "0.46", "4": "-0.46", "5": "-0.04", "6": "-0.42", "7": "0", "8": "-0.42", "9": "12", "10": "12", "11": "-", "12": "-0.04", "13": "-0.04", "14": "-0.05", "15": "-", "16": "-0.42", "17": "-0.42"}, "2021-12-31": {"1": "0.02", "2": "0", "3": "0.02", "4": "-0.02", "5": "-", "6": "-0.02", "7": "0", "8": "-0.02", "9": "3", "10": "3", "11": "-", "12": "-0.01", "13": "-0.01", "14": "-", "15": "-", "16": "-", "17": "-0.02"}, "2021-09-30": {"1": "0", "2": "0", "3": "0", "4": "0", "5": "-", "6": "0", "7": "0", "8": "0", "9": "3", "10": "3", "11": "-", "12": "-", "13": "-", "14": "0.01", "15": "-", "16": "0", "17": "0"}, "2021-06-30": {"1": "0", "2": "0", "3": "0", "4": "0", "5": "-", "6": "0", "7": "0", "8": "0", "9": "3", "10": "3", "11": "-", "12": "-", "13": "-", "14": "-0.01", "15": "-", "16": "0", "17": "0"}}}, "balance_sheet": {"annual": {"Year": {"1": "Cash & Equivalents", "2": "Cash & Cash Equivalents", "3": "Cash Growth", "4": "Other Current Assets", "5": "Total Current Assets", "6": "Long-Term Investments", "7": "Total Long-Term Assets", "8": "Total Assets", "9": "Accounts Payable", "10": "Current Debt", "11": "Other Current Liabilities", "12": "Total Current Liabilities", "13": "Other Long-Term Liabilities", "14": "Total Long-Term Liabilities", "15": "Total Liabilities", "16": "Total Debt", "17": "Common Stock", "18": "Retained Earnings", "19": "Shareholders' Equity", "20": "Total Liabilities and Equity", "21": "Net Cash / Debt", "22": "Net Cash Per Share", "23": "Working Capital", "24": "Book Value Per Share"}, "2022": {"1": "0.39", "2": "0.39", "3": "18011.09%", "4": "0", "5": "0.39", "6": "104.16", "7": "104.16", "8": "104.55", "9": "0.2", "10": "0", "11": "1.13", "12": "1.33", "13": "3.56", "14": "3.56", "15": "4.89", "16": "0", "17": "0", "18": "-4.29", "19": "-4.29", "20": "0.59", "21": "0.39", "22": "0.03", "23": "-0.94", "24": "-0.33"}, "2021": {"1": "0", "2": "0", "3": "-", "4": "0.29", "5": "0.29", "6": "0", "7": "0", "8": "0.29", "9": "0", "10": "0.13", "11": "0.15", "12": "0.28", "13": "0", "14": "0", "15": "0.28", "16": "0.13", "17": "0.03", "18": "-0.02", "19": "0", "20": "0.29", "21": "-0.13", "22": "-0.05", "23": "0", "24": "0.00"}}, "quarterly": {"Metrics": {"1": "Cash & Equivalents", "2": "Cash & Cash Equivalents", "3": "Cash Growth", "4": "Other Current Assets", "5": "Total Current Assets", "6": "Long-Term Investments", "7": "Total Long-Term Assets", "8": "Total Assets", "9": "Accounts Payable", "10": "Current Debt", "11": "Other Current Liabilities", "12": "Total Current Liabilities", "13": "Other Long-Term Liabilities", "14": "Total Long-Term Liabilities", "15": "Total Liabilities", "16": "Total Debt", "17": "Common Stock", "18": "Retained Earnings", "19": "Shareholders' Equity", "20": "Total Liabilities and Equity", "21": "Net Cash / Debt", "22": "Net Cash Per Share", "23": "Working Capital", "24": "Book Value Per Share"}, "2022-12-31": {"1": "0.39", "2": "0.39", "3": "18011.09%", "4": "0", "5": "0.39", "6": "104.16", "7": "104.16", "8": "104.55", "9": "0.2", "10": "0", "11": "1.13", "12": "1.33", "13": "3.56", "14": "3.56", "15": "4.89", "16": "0", "17": "0", "18": "-4.29", "19": "-4.29", "20": "0.59", "21": "0.39", "22": "0.03", "23": "-0.94", "24": "-0.33"}, "2022-09-30": {"1": "0.53", "2": "0.53", "3": "88308.35%", "4": "0", "5": "0.53", "6": "103.23", "7": "103.23", "8": "103.76", "9": "0.18", "10": "0", "11": "0.13", "12": "0.31", "13": "3.56", "14": "3.56", "15": "3.86", "16": "0", "17": "0", "18": "-3.13", "19": "-3.13", "20": "0.73", "21": "0.53", "22": "0.04", "23": "0.22", "24": "-0.23"}, "2022-06-30": {"1": "0.62", "2": "0.62", "3": "-", "4": "0", "5": "0.62", "6": "102.76", "7": "102.76", "8": "103.38", "9": "0.01", "10": "0", "11": "0.14", "12": "0.15", "13": "3.56", "14": "3.56", "15": "3.7", "16": "0", "17": "0", "18": "-2.93", "19": "-2.93", "20": "0.77", "21": "0.62", "22": "0.05", "23": "0.47", "24": "-0.22"}, "2022-03-31": {"1": "0.64", "2": "0.64", "3": "-", "4": "0", "5": "0.64", "6": "102.65", "7": "102.65", "8": "103.29", "9": "0", "10": "0", "11": "0.05", "12": "0.05", "13": "3.56", "14": "3.56", "15": "3.6", "16": "0", "17": "0", "18": "-2.92", "19": "-2.92", "20": "0.68", "21": "0.64", "22": "0.05", "23": "0.59", "24": "-0.25"}, "2021-12-31": {"1": "0", "2": "0", "3": "-", "4": "0.29", "5": "0.29", "6": "0", "7": "0", "8": "0.29", "9": "0", "10": "0.13", "11": "0.15", "12": "0.28", "13": "0", "14": "0", "15": "0.28", "16": "0.13", "17": "0.03", "18": "-0.02", "19": "0", "20": "0.29", "21": "-0.13", "22": "-0.05", "23": "0", "24": "0.00"}, "2021-09-30": {"1": "0", "2": "0", "3": "-", "4": "-", "5": "-", "6": "-", "7": "-", "8": "0.26", "9": "0", "10": "0.12", "11": "0.11", "12": "0.23", "13": "0", "14": "0", "15": "0.23", "16": "0.12", "17": "0.03", "18": "0", "19": "0.03", "20": "0.26", "21": "-0.12", "22": "-0.05", "23": "-", "24": "0.01"}}}, "cash_flow_statement": {"annual": {"Year": {"1": "Net Income", "2": "Other Operating Activities", "3": "Operating Cash Flow", "4": "Change in Investments", "5": "Investing Cash Flow", "6": "Share Issuance / Repurchase", "7": "Debt Issued / Paid", "8": "Other Financing Activities", "9": "Financing Cash Flow", "10": "Net Cash Flow", "11": "Free Cash Flow", "12": "Free Cash Flow Per Share"}, "2022": {"1": "-0.43", "2": "-0.38", "3": "-0.81", "4": "-102.61", "5": "-102.61", "6": "103.94", "7": "-0.13", "8": "-", "9": "103.81", "10": "0.39", "11": "-0.81", "12": "-0.06"}, "2021": {"1": "-0.02", "2": "0.02", "3": "-0", "4": "0", "5": "0", "6": "0.03", "7": "0.1", "8": "-0.12", "9": "0", "10": "0", "11": "-0", "12": "-"}}, "quarterly": {"Metrics": {"1": "Net Income", "2": "Other Operating Activities", "3": "Operating Cash Flow", "4": "Change in Investments", "5": "Investing Cash Flow", "6": "Share Issuance / Repurchase", "7": "Debt Issued / Paid", "8": "Other Financing Activities", "9": "Financing Cash Flow", "10": "Net Cash Flow", "11": "Free Cash Flow", "12": "Free Cash Flow Per Share"}, "2022-12-31": {"1": "-0.23", "2": "0.09", "3": "-0.14", "4": "0", "5": "0", "6": "0", "7": "0", "8": "-", "9": "0", "10": "-0.14", "11": "-0.14", "12": "-0.01"}, "2022-09-30": {"1": "0.23", "2": "-0.32", "3": "-0.09", "4": "0", "5": "0", "6": "0", "7": "0", "8": "-", "9": "0", "10": "-0.09", "11": "-0.09", "12": "-0.01"}, "2022-06-30": {"1": "-0.01", "2": "-0.01", "3": "-0.02", "4": "-0", "5": "-0", "6": "0", "7": "0", "8": "-", "9": "0", "10": "-0.02", "11": "-0.02", "12": "-0.00"}, "2022-03-31": {"1": "-0.42", "2": "-0.14", "3": "-0.56", "4": "-102.61", "5": "-102.61", "6": "103.94", "7": "-0.13", "8": "-", "9": "103.81", "10": "0.64", "11": "-0.56", "12": "-0.05"}, "2021-12-31": {"1": "-0.02", "2": "0.02", "3": "-", "4": "-", "5": "-", "6": "-", "7": "-", "8": "-", "9": "-", "10": "-", "11": "-", "12": "-"}, "2021-09-30": {"1": "0", "2": "0.04", "3": "0.04", "4": "0", "5": "0", "6": "0", "7": "0.05", "8": "-0.02", "9": "0.03", "10": "-0.01", "11": "0.04", "12": "0.01"}, "2021-06-30": {"1": "0", "2": "-0.04", "3": "-0.04", "4": "0", "5": "0", "6": "0.03", "7": "0.04", "8": "-0.09", "9": "-0.03", "10": "0.01", "11": "-0.04", "12": "-0.01"}}}, "ratios": {"annual": {"Year": {"1": "Market Capitalization", "2": "Enterprise Value", "3": "PE Ratio", "4": "PB Ratio", "5": "P/FCF Ratio", "6": "P/OCF Ratio", "7": "EV/EBITDA Ratio", "8": "EV/EBIT Ratio", "9": "EV/FCF Ratio", "10": "Debt / Equity Ratio", "11": "Debt / EBITDA Ratio", "12": "Debt / FCF Ratio", "13": "Current Ratio", "14": "Return on Equity (ROE)", "15": "Return on Assets (ROA)", "16": "Return on Capital (ROIC)", "17": "Earnings Yield", "18": "FCF Yield", "19": "Buyback Yield / Dilution", "20": "Total Shareholder Return"}, "Current": {"1": "95", "2": "95", "3": "-309.93", "4": "-31.30", "5": "-165.78", "6": "-165.78", "7": "-905.70", "8": "-905.70", "9": "-165.30", "10": "-", "11": "-", "12": "-", "13": "0.30", "14": "13.10%", "15": "-0.40%", "16": "-0.10%", "17": "-0.46%", "18": "-0.85%", "19": "-420.01%", "20": "-420.01%"}, "2022": {"1": "134", "2": "134", "3": "-309.93", "4": "-31.30", "5": "-165.78", "6": "-165.78", "7": "-905.70", "8": "-905.70", "9": "-165.30", "10": "-", "11": "-", "12": "-", "13": "0.30", "14": "13.10%", "15": "-0.40%", "16": "-0.10%", "17": "-0.32%", "18": "-0.60%", "19": "-420.01%", "20": "-420.01%"}, "2021": {"1": "-", "2": "0", "3": "-", "4": "-", "5": "-", "6": "-", "7": "-6.53", "8": "-6.53", "9": "-1380.98", "10": "27.19", "11": "-6.64", "12": "-1403.76", "13": "1.02", "14": "-", "15": "-", "16": "-", "17": "-", "18": "-", "19": "-", "20": "-"}}, "quarterly": {"Metrics": {"1": "Market Capitalization", "2": "Enterprise Value", "3": "PE Ratio", "4": "PB Ratio", "5": "Debt / Equity Ratio", "6": "Current Ratio", "7": "Buyback Yield / Dilution", "8": "Total Shareholder Return"}, "Current": {"1": "95", "2": "95", "3": "-309.93", "4": "-31.30", "5": "-", "6": "0.30", "7": "-420.01%", "8": "-420.01%"}, "2022-12-31": {"1": "134", "2": "134", "3": "-309.93", "4": "-31.30", "5": "-", "6": "0.30", "7": "-420.01%", "8": "-420.01%"}, "2022-09-30": {"1": "112", "2": "112", "3": "-504.53", "4": "-35.83", "5": "-", "6": "1.72", "7": "-439.41%", "8": "-439.41%"}, "2022-06-30": {"1": "110", "2": "110", "3": "-246.11", "4": "-37.63", "5": "-", "6": "4.21", "7": "-439.41%", "8": "-439.41%"}, "2022-03-31": {"1": "130", "2": "129", "3": "-295.87", "4": "-44.48", "5": "-", "6": "13.46", "7": "-", "8": "-"}, "2021-12-31": {"1": "-", "2": "0", "3": "-", "4": "-", "5": "27.19", "6": "1.02", "7": "-", "8": "-"}, "2021-09-30": {"1": "-", "2": "0", "3": "-", "4": "-", "5": "4.84", "6": "-", "7": "-", "8": "-"}}}, "stock_price": {"symbol": {"0": "BRAC", "1": "BRAC", "2": "BRAC", "3": "BRAC", "4": "BRAC", "5": "BRAC", "6": "BRAC", "7": "BRAC", "8": "BRAC", "9": "BRAC", "10": "BRAC", "11": "BRAC", "12": "BRAC", "13": "BRAC", "14": "BRAC", "15": "BRAC", "16": "BRAC", "17": "BRAC", "18": "BRAC", "19": "BRAC", "20": "BRAC", "21": "BRAC", "22": "BRAC", "23": "BRAC", "24": "BRAC", "25": "BRAC", "26": "BRAC", "27": "BRAC", "28": "BRAC", "29": "BRAC", "30": "BRAC", "31": "BRAC", "32": "BRAC", "33": "BRAC", "34": "BRAC", "35": "BRAC", "36": "BRAC", "37": "BRAC", "38": "BRAC", "39": "BRAC", "40": "BRAC", "41": "BRAC", "42": "BRAC", "43": "BRAC", "44": "BRAC", "45": "BRAC", "46": "BRAC", "47": "BRAC", "48": "BRAC", "49": "BRAC", "50": "BRAC", "51": "BRAC", "52": "BRAC", "53": "BRAC", "54": "BRAC", "55": "BRAC", "56": "BRAC", "57": "BRAC", "58": "BRAC", "59": "BRAC", "60": "BRAC", "61": "BRAC", "62": "BRAC", "63": "BRAC", "64": "BRAC", "65": "BRAC", "66": "BRAC", "67": "BRAC", "68": "BRAC", "69": "BRAC", "70": "BRAC", "71": "BRAC", "72": "BRAC", "73": "BRAC", "74": "BRAC", "75": "BRAC", "76": "BRAC", "77": "BRAC", "78": "BRAC", "79": "BRAC", "80": "BRAC", "81": "BRAC", "82": "BRAC", "83": "BRAC", "84": "BRAC", "85": "BRAC", "86": "BRAC", "87": "BRAC", "88": "BRAC", "89": "BRAC", "90": "BRAC", "91": "BRAC", "92": "BRAC", "93": "BRAC", "94": "BRAC", "95": "BRAC", "96": "BRAC", "97": "BRAC", "98": "BRAC", "99": "BRAC", "100": "BRAC", "101": "BRAC", "102": "BRAC", "103": "BRAC", "104": "BRAC", "105": "BRAC", "106": "BRAC", "107": "BRAC", "108": "BRAC", "109": "BRAC", "110": "BRAC", "111": "BRAC", "112": "BRAC", "113": "BRAC", "114": "BRAC", "115": "BRAC", "116": "BRAC", "117": "BRAC", "118": "BRAC", "119": "BRAC", "120": "BRAC", "121": "BRAC", "122": "BRAC", "123": "BRAC", "124": "BRAC", "125": "BRAC", "126": "BRAC", "127": "BRAC", "128": "BRAC", "129": "BRAC", "130": "BRAC", "131": "BRAC", "132": "BRAC", "133": "BRAC", "134": "BRAC", "135": "BRAC", "136": "BRAC", "137": "BRAC", "138": "BRAC", "139": "BRAC", "140": "BRAC", "141": "BRAC", "142": "BRAC", "143": "BRAC", "144": "BRAC", "145": "BRAC", "146": "BRAC", "147": "BRAC", "148": "BRAC", "149": "BRAC", "150": "BRAC", "151": "BRAC", "152": "BRAC", "153": "BRAC", "154": "BRAC", "155": "BRAC", "156": "BRAC", "157": "BRAC", "158": "BRAC", "159": "BRAC", "160": "BRAC", "161": "BRAC", "162": "BRAC", "163": "BRAC", "164": "BRAC", "165": "BRAC", "166": "BRAC", "167": "BRAC", "168": "BRAC", "169": "BRAC", "170": "BRAC", "171": "BRAC", "172": "BRAC", "173": "BRAC", "174": "BRAC", "175": "BRAC", "176": "BRAC", "177": "BRAC", "178": "BRAC", "179": "BRAC", "180": "BRAC", "181": "BRAC", "182": "BRAC", "183": "BRAC", "184": "BRAC", "185": "BRAC", "186": "BRAC", "187": "BRAC", "188": "BRAC", "189": "BRAC", "190": "BRAC", "191": "BRAC", "192": "BRAC", "193": "BRAC", "194": "BRAC", "195": "BRAC", "196": "BRAC", "197": "BRAC", "198": "BRAC", "199": "BRAC", "200": "BRAC", "201": "BRAC", "202": "BRAC", "203": "BRAC", "204": "BRAC", "205": "BRAC", "206": "BRAC", "207": "BRAC", "208": "BRAC", "209": "BRAC", "210": "BRAC", "211": "BRAC", "212": "BRAC", "213": "BRAC", "214": "BRAC", "215": "BRAC", "216": "BRAC", "217": "BRAC", "218": "BRAC", "219": "BRAC", "220": "BRAC", "221": "BRAC", "222": "BRAC", "223": "BRAC", "224": "BRAC", "225": "BRAC", "226": "BRAC", "227": "BRAC", "228": "BRAC", "229": "BRAC", "230": "BRAC", "231": "BRAC", "232": "BRAC", "233": "BRAC", "234": "BRAC", "235": "BRAC", "236": "BRAC", "237": "BRAC", "238": "BRAC", "239": "BRAC", "240": "BRAC", "241": "BRAC", "242": "BRAC", "243": "BRAC", "244": "BRAC", "245": "BRAC", "246": "BRAC", "247": "BRAC", "248": "BRAC", "249": "BRAC", "250": "BRAC", "251": "BRAC", "252": "BRAC", "253": "BRAC", "254": "BRAC", "255": "BRAC", "256": "BRAC", "257": "BRAC", "258": "BRAC", "259": "BRAC", "260": "BRAC", "261": "BRAC", "262": "BRAC", "263": "BRAC", "264": "BRAC", "265": "BRAC", "266": "BRAC", "267": "BRAC", "268": "BRAC", "269": "BRAC", "270": "BRAC", "271": "BRAC", "272": "BRAC", "273": "BRAC", "274": "BRAC", "275": "BRAC", "276": "BRAC", "277": "BRAC", "278": "BRAC", "279": "BRAC", "280": "BRAC", "281": "BRAC", "282": "BRAC", "283": "BRAC", "284": "BRAC", "285": "BRAC", "286": "BRAC", "287": "BRAC", "288": "BRAC", "289": "BRAC", "290": "BRAC", "291": "BRAC", "292": "BRAC", "293": "BRAC", "294": "BRAC", "295": "BRAC", "296": "BRAC", "297": "BRAC", "298": "BRAC", "299": "BRAC", "300": "BRAC", "301": "BRAC", "302": "BRAC", "303": "BRAC", "304": "BRAC", "305": "BRAC", "306": "BRAC", "307": "BRAC", "308": "BRAC", "309": "BRAC", "310": "BRAC", "311": "BRAC", "312": "BRAC", "313": "BRAC", "314": "BRAC", "315": "BRAC", "316": "BRAC", "317": "BRAC", "318": "BRAC", "319": "BRAC", "320": "BRAC", "321": "BRAC", "322": "BRAC", "323": "BRAC", "324": "BRAC", "325": "BRAC", "326": "BRAC", "327": "BRAC", "328": "BRAC", "329": "BRAC", "330": "BRAC", "331": "BRAC", "332": "BRAC", "333": "BRAC", "334": "BRAC", "335": "BRAC", "336": "BRAC", "337": "BRAC"}, "date": {"0": "2022-02-23", "1": "2022-02-24", "2": "2022-02-25", "3": "2022-02-28", "4": "2022-03-01", "5": "2022-03-02", "6": "2022-03-03", "7": "2022-03-04", "8": "2022-03-07", "9": "2022-03-08", "10": "2022-03-09", "11": "2022-03-10", "12": "2022-03-11", "13": "2022-03-14", "14": "2022-03-15", "15": "2022-03-16", "16": "2022-03-17", "17": "2022-03-18", "18": "2022-03-21", "19": "2022-03-22", "20": "2022-03-23", "21": "2022-03-24", "22": "2022-03-25", "23": "2022-03-28", "24": "2022-03-29", "25": "2022-03-30", "26": "2022-03-31", "27": "2022-04-01", "28": "2022-04-04", "29": "2022-04-05", "30": "2022-04-06", "31": "2022-04-07", "32": "2022-04-08", "33": "2022-04-11", "34": "2022-04-12", "35": "2022-04-13", "36": "2022-04-14", "37": "2022-04-18", "38": "2022-04-19", "39": "2022-04-20", "40": "2022-04-21", "41": "2022-04-22", "42": "2022-04-25", "43": "2022-04-26", "44": "2022-04-27", "45": "2022-04-28", "46": "2022-04-29", "47": "2022-05-02", "48": "2022-05-03", "49": "2022-05-04", "50": "2022-05-05", "51": "2022-05-06", "52": "2022-05-09", "53": "2022-05-10", "54": "2022-05-11", "55": "2022-05-12", "56": "2022-05-13", "57": "2022-05-16", "58": "2022-05-17", "59": "2022-05-18", "60": "2022-05-19", "61": "2022-05-20", "62": "2022-05-23", "63": "2022-05-24", "64": "2022-05-25", "65": "2022-05-26", "66": "2022-05-27", "67": "2022-05-31", "68": "2022-06-01", "69": "2022-06-02", "70": "2022-06-03", "71": "2022-06-06", "72": "2022-06-07", "73": "2022-06-08", "74": "2022-06-09", "75": "2022-06-10", "76": "2022-06-13", "77": "2022-06-14", "78": "2022-06-15", "79": "2022-06-16", "80": "2022-06-17", "81": "2022-06-21", "82": "2022-06-22", "83": "2022-06-23", "84": "2022-06-24", "85": "2022-06-27", "86": "2022-06-28", "87": "2022-06-29", "88": "2022-06-30", "89": "2022-07-01", "90": "2022-07-05", "91": "2022-07-06", "92": "2022-07-07", "93": "2022-07-08", "94": "2022-07-11", "95": "2022-07-12", "96": "2022-07-13", "97": "2022-07-14", "98": "2022-07-15", "99": "2022-07-18", "100": "2022-07-19", "101": "2022-07-20", "102": "2022-07-21", "103": "2022-07-22", "104": "2022-07-25", "105": "2022-07-26", "106": "2022-07-27", "107": "2022-07-28", "108": "2022-07-29", "109": "2022-08-01", "110": "2022-08-02", "111": "2022-08-03", "112": "2022-08-04", "113": "2022-08-05", "114": "2022-08-08", "115": "2022-08-09", "116": "2022-08-10", "117": "2022-08-11", "118": "2022-08-12", "119": "2022-08-15", "120": "2022-08-16", "121": "2022-08-17", "122": "2022-08-18", "123": "2022-08-19", "124": "2022-08-22", "125": "2022-08-23", "126": "2022-08-24", "127": "2022-08-25", "128": "2022-08-26", "129": "2022-08-29", "130": "2022-08-30", "131": "2022-08-31", "132": "2022-09-01", "133": "2022-09-02", "134": "2022-09-06", "135": "2022-09-07", "136": "2022-09-08", "137": "2022-09-09", "138": "2022-09-12", "139": "2022-09-13", "140": "2022-09-14", "141": "2022-09-15", "142": "2022-09-16", "143": "2022-09-19", "144": "2022-09-20", "145": "2022-09-21", "146": "2022-09-22", "147": "2022-09-23", "148": "2022-09-26", "149": "2022-09-27", "150": "2022-09-28", "151": "2022-09-29", "152": "2022-09-30", "153": "2022-10-03", "154": "2022-10-04", "155": "2022-10-05", "156": "2022-10-06", "157": "2022-10-07", "158": "2022-10-10", "159": "2022-10-11", "160": "2022-10-12", "161": "2022-10-13", "162": "2022-10-14", "163": "2022-10-17", "164": "2022-10-18", "165": "2022-10-19", "166": "2022-10-20", "167": "2022-10-21", "168": "2022-10-24", "169": "2022-10-25", "170": "2022-10-26", "171": "2022-10-27", "172": "2022-10-28", "173": "2022-10-31", "174": "2022-11-01", "175": "2022-11-02", "176": "2022-11-03", "177": "2022-11-04", "178": "2022-11-07", "179": "2022-11-08", "180": "2022-11-09", "181": "2022-11-10", "182": "2022-11-11", "183": "2022-11-14", "184": "2022-11-15", "185": "2022-11-16", "186": "2022-11-17", "187": "2022-11-18", "188": "2022-11-21", "189": "2022-11-22", "190": "2022-11-23", "191": "2022-11-25", "192": "2022-11-28", "193": "2022-11-29", "194": "2022-11-30", "195": "2022-12-01", "196": "2022-12-02", "197": "2022-12-05", "198": "2022-12-06", "199": "2022-12-07", "200": "2022-12-08", "201": "2022-12-09", "202": "2022-12-12", "203": "2022-12-13", "204": "2022-12-14", "205": "2022-12-15", "206": "2022-12-16", "207": "2022-12-19", "208": "2022-12-20", "209": "2022-12-21", "210": "2022-12-22", "211": "2022-12-23", "212": "2022-12-27", "213": "2022-12-28", "214": "2022-12-29", "215": "2022-12-30", "216": "2023-01-03", "217": "2023-01-04", "218": "2023-01-05", "219": "2023-01-06", "220": "2023-01-09", "221": "2023-01-10", "222": "2023-01-11", "223": "2023-01-12", "224": "2023-01-13", "225": "2023-01-17", "226": "2023-01-18", "227": "2023-01-19", "228": "2023-01-20", "229": "2023-01-23", "230": "2023-01-24", "231": "2023-01-25", "232": "2023-01-26", "233": "2023-01-27", "234": "2023-01-30", "235": "2023-01-31", "236": "2023-02-01", "237": "2023-02-02", "238": "2023-02-03", "239": "2023-02-06", "240": "2023-02-07", "241": "2023-02-08", "242": "2023-02-09", "243": "2023-02-10", "244": "2023-02-13", "245": "2023-02-14", "246": "2023-02-15", "247": "2023-02-16", "248": "2023-02-17", "249": "2023-02-21", "250": "2023-02-22", "251": "2023-02-23", "252": "2023-02-24", "253": "2023-02-27", "254": "2023-02-28", "255": "2023-03-01", "256": "2023-03-02", "257": "2023-03-03", "258": "2023-03-06", "259": "2023-03-07", "260": "2023-03-08", "261": "2023-03-09", "262": "2023-03-10", "263": "2023-03-13", "264": "2023-03-14", "265": "2023-03-15", "266": "2023-03-16", "267": "2023-03-17", "268": "2023-03-20", "269": "2023-03-21", "270": "2023-03-22", "271": "2023-03-23", "272": "2023-03-24", "273": "2023-03-27", "274": "2023-03-28", "275": "2023-03-29", "276": "2023-03-30", "277": "2023-03-31", "278": "2023-04-03", "279": "2023-04-04", "280": "2023-04-05", "281": "2023-04-06", "282": "2023-04-10", "283": "2023-04-11", "284": "2023-04-12", "285": "2023-04-13", "286": "2023-04-14", "287": "2023-04-17", "288": "2023-04-18", "289": "2023-04-19", "290": "2023-04-20", "291": "2023-04-21", "292": "2023-04-24", "293": "2023-04-25", "294": "2023-04-26", "295": "2023-04-27", "296": "2023-04-28", "297": "2023-05-01", "298": "2023-05-02", "299": "2023-05-03", "300": "2023-05-04", "301": "2023-05-05", "302": "2023-05-08", "303": "2023-05-09", "304": "2023-05-10", "305": "2023-05-11", "306": "2023-05-12", "307": "2023-05-15", "308": "2023-05-16", "309": "2023-05-17", "310": "2023-05-18", "311": "2023-05-19", "312": "2023-05-22", "313": "2023-05-23", "314": "2023-05-24", "315": "2023-05-25", "316": "2023-05-26", "317": "2023-05-30", "318": "2023-05-31", "319": "2023-06-01", "320": "2023-06-02", "321": "2023-06-05", "322": "2023-06-06", "323": "2023-06-07", "324": "2023-06-08", "325": "2023-06-09", "326": "2023-06-12", "327": "2023-06-13", "328": "2023-06-14", "329": "2023-06-15", "330": "2023-06-16", "331": "2023-06-20", "332": "2023-06-21", "333": "2023-06-22", "334": "2023-06-23", "335": "2023-06-26", "336": "2023-06-27", "337": "2023-06-28"}, "open": {"0": 9.829999923706055, "1": 9.829999923706055, "2": 9.850000381469727, "3": 9.859999656677246, "4": 9.890000343322754, "5": 9.920000076293945, "6": 9.920000076293945, "7": 9.920000076293945, "8": 9.920000076293945, "9": 9.90999984741211, "10": 9.869999885559082, "11": 9.869999885559082, "12": 9.869999885559082, "13": 9.869999885559082, "14": 9.899999618530273, "15": 9.880000114440918, "16": 9.880000114440918, "17": 9.880000114440918, "18": 9.880000114440918, "19": 9.880000114440918, "20": 9.880000114440918, "21": 9.899999618530273, "22": 9.9399995803833, "23": 9.949999809265137, "24": 9.9399995803833, "25": 9.890000343322754, "26": 9.890000343322754, "27": 9.890000343322754, "28": 9.890000343322754, "29": 9.899999618530273, "30": 9.899999618530273, "31": 9.899999618530273, "32": 9.899999618530273, "33": 9.899999618530273, "34": 9.90999984741211, "35": 9.979999542236328, "36": 9.979999542236328, "37": 9.970000267028809, "38": 9.970000267028809, "39": 9.944999694824219, "40": 9.930000305175781, "41": 9.930000305175781, "42": 9.90999984741211, "43": 9.90999984741211, "44": 9.90999984741211, "45": 9.90999984741211, "46": 9.90999984741211, "47": 9.90999984741211, "48": 9.90999984741211, "49": 9.90999984741211, "50": 9.90999984741211, "51": 9.90999984741211, "52": 9.90999984741211, "53": 9.90999984741211, "54": 9.90999984741211, "55": 9.9399995803833, "56": 9.930000305175781, "57": 9.890000343322754, "58": 9.890000343322754, "59": 9.890000343322754, "60": 9.890000343322754, "61": 9.890000343322754, "62": 9.890000343322754, "63": 9.890000343322754, "64": 9.890000343322754, "65": 9.890000343322754, "66": 9.890000343322754, "67": 9.890000343322754, "68": 9.890000343322754, "69": 9.890000343322754, "70": 9.890000343322754, "71": 9.890000343322754, "72": 9.890000343322754, "73": 9.890000343322754, "74": 9.890000343322754, "75": 9.890000343322754, "76": 9.899999618530273, "77": 9.899999618530273, "78": 9.899999618530273, "79": 9.899999618530273, "80": 9.920000076293945, "81": 9.920000076293945, "82": 9.949999809265137, "83": 9.899999618530273, "84": 9.899999618530273, "85": 9.899999618530273, "86": 9.899999618530273, "87": 9.90999984741211, "88": 9.90999984741211, "89": 9.90999984741211, "90": 9.914999961853027, "91": 9.920000076293945, "92": 9.930000305175781, "93": 9.9399995803833, "94": 9.9399995803833, "95": 9.949999809265137, "96": 9.930000305175781, "97": 9.930000305175781, "98": 9.949999809265137, "99": 9.949999809265137, "100": 9.949999809265137, "101": 9.949999809265137, "102": 9.949999809265137, "103": 9.949999809265137, "104": 9.979999542236328, "105": 9.970000267028809, "106": 9.970000267028809, "107": 9.979999542236328, "108": 9.975000381469727, "109": 9.960000038146973, "110": 9.960000038146973, "111": 9.960000038146973, "112": 9.960000038146973, "113": 9.960000038146973, "114": 9.960000038146973, "115": 9.960000038146973, "116": 9.960000038146973, "117": 9.960000038146973, "118": 9.979999542236328, "119": 9.979999542236328, "120": 9.979999542236328, "121": 9.989999771118164, "122": 9.989999771118164, "123": 9.979999542236328, "124": 9.970000267028809, "125": 9.970000267028809, "126": 9.960000038146973, "127": 9.949999809265137, "128": 9.979999542236328, "129": 9.979999542236328, "130": 9.979999542236328, "131": 9.979999542236328, "132": 9.979999542236328, "133": 9.979999542236328, "134": 9.979999542236328, "135": 9.979999542236328, "136": 9.979999542236328, "137": 9.989999771118164, "138": 9.989999771118164, "139": 9.989999771118164, "140": 9.970000267028809, "141": 9.989999771118164, "142": 9.989999771118164, "143": 10.050000190734863, "144": 10.010000228881836, "145": 9.984999656677246, "146": 9.970000267028809, "147": 9.970000267028809, "148": 9.970000267028809, "149": 10.029999732971191, "150": 10.029999732971191, "151": 9.979999542236328, "152": 9.979999542236328, "153": 9.979999542236328, "154": 9.960000038146973, "155": 9.960000038146973, "156": 9.979999542236328, "157": 9.989999771118164, "158": 10.449999809265137, "159": 9.960000038146973, "160": 10.0, "161": 10.0, "162": 10.0, "163": 10.069999694824219, "164": 10.050000190734863, "165": 9.989999771118164, "166": 10.020000457763672, "167": 10.020000457763672, "168": 9.989999771118164, "169": 10.0, "170": 10.020000457763672, "171": 10.020000457763672, "172": 10.039999961853027, "173": 10.020000457763672, "174": 10.020000457763672, "175": 10.020000457763672, "176": 10.020000457763672, "177": 10.020000457763672, "178": 10.020000457763672, "179": 10.020000457763672, "180": 10.020000457763672, "181": 10.029999732971191, "182": 10.029999732971191, "183": 10.024999618530273, "184": 10.039999961853027, "185": 10.050000190734863, "186": 10.050000190734863, "187": 10.050000190734863, "188": 10.050000190734863, "189": 10.079999923706055, "190": 10.050000190734863, "191": 10.050000190734863, "192": 10.050000190734863, "193": 10.050000190734863, "194": 10.050000190734863, "195": 10.050000190734863, "196": 10.050000190734863, "197": 10.050000190734863, "198": 10.079999923706055, "199": 10.074999809265137, "200": 10.0600004196167, "201": 10.0600004196167, "202": 10.0600004196167, "203": 10.0600004196167, "204": 10.09000015258789, "205": 10.0600004196167, "206": 10.069999694824219, "207": 10.130000114440918, "208": 10.130000114440918, "209": 10.130000114440918, "210": 10.130000114440918, "211": 10.15999984741211, "212": 10.149999618530273, "213": 10.15999984741211, "214": 10.229999542236328, "215": 10.210000038146973, "216": 10.600000381469727, "217": 10.270000457763672, "218": 10.279999732971191, "219": 10.274999618530273, "220": 10.279999732971191, "221": 10.279999732971191, "222": 10.319999694824219, "223": 10.3149995803833, "224": 10.3149995803833, "225": 10.329999923706055, "226": 10.376999855041504, "227": 10.390000343322754, "228": 10.390000343322754, "229": 10.40999984741211, "230": 10.40999984741211, "231": 10.399999618530273, "232": 10.399999618530273, "233": 10.420000076293945, "234": 10.420000076293945, "235": 10.414999961853027, "236": 10.420000076293945, "237": 10.420000076293945, "238": 10.420000076293945, "239": 10.420000076293945, "240": 10.420000076293945, "241": 10.430000305175781, "242": 10.4399995803833, "243": 10.460000038146973, "244": 10.4399995803833, "245": 10.4399995803833, "246": 10.4399995803833, "247": 10.430000305175781, "248": 10.430000305175781, "249": 10.460000038146973, "250": 10.447999954223633, "251": 10.460000038146973, "252": 10.460000038146973, "253": 10.449999809265137, "254": 10.449999809265137, "255": 10.460000038146973, "256": 10.449999809265137, "257": 10.449999809265137, "258": 10.460000038146973, "259": 10.461999893188477, "260": 10.460000038146973, "261": 10.460000038146973, "262": 10.460000038146973, "263": 10.460000038146973, "264": 10.460000038146973, "265": 10.460000038146973, "266": 10.460000038146973, "267": 10.460000038146973, "268": 10.460000038146973, "269": 10.460000038146973, "270": 10.510000228881836, "271": 10.510000228881836, "272": 10.510000228881836, "273": 10.510000228881836, "274": 10.510000228881836, "275": 10.5, "276": 10.579999923706055, "277": 10.579999923706055, "278": 10.579999923706055, "279": 10.579999923706055, "280": 10.579999923706055, "281": 10.579999923706055, "282": 10.579999923706055, "283": 10.579999923706055, "284": 10.600000381469727, "285": 10.619999885559082, "286": 10.619999885559082, "287": 10.630000114440918, "288": 10.619999885559082, "289": 10.619999885559082, "290": 10.619999885559082, "291": 10.640000343322754, "292": 10.640000343322754, "293": 10.640000343322754, "294": 10.699999809265137, "295": 10.640000343322754, "296": 10.640000343322754, "297": 10.640000343322754, "298": 10.640000343322754, "299": 10.640000343322754, "300": 10.640000343322754, "301": 10.640000343322754, "302": 10.640000343322754, "303": 10.640000343322754, "304": 10.640000343322754, "305": 10.640000343322754, "306": 10.640000343322754, "307": 10.680000305175781, "308": 10.680000305175781, "309": 10.680000305175781, "310": 10.680000305175781, "311": 10.670000076293945, "312": 10.670000076293945, "313": 10.680000305175781, "314": 10.680000305175781, "315": 10.680000305175781, "316": 10.680000305175781, "317": 10.680000305175781, "318": 10.680000305175781, "319": 10.6899995803833, "320": 10.670000076293945, "321": 10.729999542236328, "322": 10.65999984741211, "323": 10.640000343322754, "324": 10.640000343322754, "325": 10.640000343322754, "326": 10.640000343322754, "327": 10.680000305175781, "328": 10.720000267028809, "329": 10.720000267028809, "330": 10.890000343322754, "331": 10.720000267028809, "332": 10.699999809265137, "333": 10.699999809265137, "334": 10.699999809265137, "335": 10.720000267028809, "336": 10.720000267028809, "337": 10.720000267028809}, "high": {"0": 9.829999923706055, "1": 9.859999656677246, "2": 9.850000381469727, "3": 9.899999618530273, "4": 9.890000343322754, "5": 9.920000076293945, "6": 9.920000076293945, "7": 9.920000076293945, "8": 9.920000076293945, "9": 10.130000114440918, "10": 9.869999885559082, "11": 9.869999885559082, "12": 9.869999885559082, "13": 9.869999885559082, "14": 9.899999618530273, "15": 9.880000114440918, "16": 9.880000114440918, "17": 9.880000114440918, "18": 9.880000114440918, "19": 9.880000114440918, "20": 9.890000343322754, "21": 9.90999984741211, "22": 9.949999809265137, "23": 9.949999809265137, "24": 9.949999809265137, "25": 9.890000343322754, "26": 9.890000343322754, "27": 9.890000343322754, "28": 9.899999618530273, "29": 9.899999618530273, "30": 9.899999618530273, "31": 9.899999618530273, "32": 9.899999618530273, "33": 9.899999618530273, "34": 9.960000038146973, "35": 9.979999542236328, "36": 9.979999542236328, "37": 9.970000267028809, "38": 9.970000267028809, "39": 9.944999694824219, "40": 9.930000305175781, "41": 9.949999809265137, "42": 9.90999984741211, "43": 9.90999984741211, "44": 9.90999984741211, "45": 9.90999984741211, "46": 9.90999984741211, "47": 9.90999984741211, "48": 9.90999984741211, "49": 9.90999984741211, "50": 9.90999984741211, "51": 9.90999984741211, "52": 9.90999984741211, "53": 9.90999984741211, "54": 9.90999984741211, "55": 9.9399995803833, "56": 9.930000305175781, "57": 9.890000343322754, "58": 9.890000343322754, "59": 9.890000343322754, "60": 9.890000343322754, "61": 9.890000343322754, "62": 9.890000343322754, "63": 9.890000343322754, "64": 9.890000343322754, "65": 9.890000343322754, "66": 9.890000343322754, "67": 9.890000343322754, "68": 9.890000343322754, "69": 9.890000343322754, "70": 9.890000343322754, "71": 9.890000343322754, "72": 9.890000343322754, "73": 9.890000343322754, "74": 9.890000343322754, "75": 9.890000343322754, "76": 9.899999618530273, "77": 9.899999618530273, "78": 9.899999618530273, "79": 9.899999618530273, "80": 9.920000076293945, "81": 9.920000076293945, "82": 9.949999809265137, "83": 9.899999618530273, "84": 9.899999618530273, "85": 9.899999618530273, "86": 9.899999618530273, "87": 9.90999984741211, "88": 9.90999984741211, "89": 9.920000076293945, "90": 9.920000076293945, "91": 9.930000305175781, "92": 9.930000305175781, "93": 9.9399995803833, "94": 9.9399995803833, "95": 9.949999809265137, "96": 9.930000305175781, "97": 9.930000305175781, "98": 9.949999809265137, "99": 9.949999809265137, "100": 9.949999809265137, "101": 9.949999809265137, "102": 9.949999809265137, "103": 9.949999809265137, "104": 9.979999542236328, "105": 9.970000267028809, "106": 9.970000267028809, "107": 9.979999542236328, "108": 9.975000381469727, "109": 9.960000038146973, "110": 9.960000038146973, "111": 9.960000038146973, "112": 9.960000038146973, "113": 9.960000038146973, "114": 9.960000038146973, "115": 9.960000038146973, "116": 9.960000038146973, "117": 9.960000038146973, "118": 9.979999542236328, "119": 9.979999542236328, "120": 9.979999542236328, "121": 9.989999771118164, "122": 10.0, "123": 9.979999542236328, "124": 9.970000267028809, "125": 9.970000267028809, "126": 9.980999946594238, "127": 9.979999542236328, "128": 9.979999542236328, "129": 9.979999542236328, "130": 9.979999542236328, "131": 9.979999542236328, "132": 9.979999542236328, "133": 9.979999542236328, "134": 9.979999542236328, "135": 9.979999542236328, "136": 9.979999542236328, "137": 9.989999771118164, "138": 9.989999771118164, "139": 9.989999771118164, "140": 9.984999656677246, "141": 9.989999771118164, "142": 9.989999771118164, "143": 10.050000190734863, "144": 10.010000228881836, "145": 9.984999656677246, "146": 9.970000267028809, "147": 9.970000267028809, "148": 9.989999771118164, "149": 10.029999732971191, "150": 10.029999732971191, "151": 9.979999542236328, "152": 9.979999542236328, "153": 9.979999542236328, "154": 9.960000038146973, "155": 9.960000038146973, "156": 9.989999771118164, "157": 9.989999771118164, "158": 10.449999809265137, "159": 9.989999771118164, "160": 10.0, "161": 10.0, "162": 10.0, "163": 10.069999694824219, "164": 10.050000190734863, "165": 10.039999961853027, "166": 10.020000457763672, "167": 10.020000457763672, "168": 9.989999771118164, "169": 10.020000457763672, "170": 10.020000457763672, "171": 10.020000457763672, "172": 10.039999961853027, "173": 10.020000457763672, "174": 10.020000457763672, "175": 10.020000457763672, "176": 10.020000457763672, "177": 10.020000457763672, "178": 10.020000457763672, "179": 10.020000457763672, "180": 10.020000457763672, "181": 10.029999732971191, "182": 10.029999732971191, "183": 10.029999732971191, "184": 10.050000190734863, "185": 10.050000190734863, "186": 10.050000190734863, "187": 10.050000190734863, "188": 10.050000190734863, "189": 10.119999885559082, "190": 10.050000190734863, "191": 10.050000190734863, "192": 10.050000190734863, "193": 10.050000190734863, "194": 10.050000190734863, "195": 10.050000190734863, "196": 10.050000190734863, "197": 10.050000190734863, "198": 10.079999923706055, "199": 10.074999809265137, "200": 10.0600004196167, "201": 10.0600004196167, "202": 10.0600004196167, "203": 10.0600004196167, "204": 10.09000015258789, "205": 10.0600004196167, "206": 10.130000114440918, "207": 10.130000114440918, "208": 10.130000114440918, "209": 10.130000114440918, "210": 10.130000114440918, "211": 10.15999984741211, "212": 10.149999618530273, "213": 10.25, "214": 10.229999542236328, "215": 10.220000267028809, "216": 10.600000381469727, "217": 10.289999961853027, "218": 10.279999732971191, "219": 10.279999732971191, "220": 10.279999732971191, "221": 10.289999961853027, "222": 10.319999694824219, "223": 10.3149995803833, "224": 10.3149995803833, "225": 10.359999656677246, "226": 10.380000114440918, "227": 10.399999618530273, "228": 10.40999984741211, "229": 10.40999984741211, "230": 10.420000076293945, "231": 10.399999618530273, "232": 10.420000076293945, "233": 10.420000076293945, "234": 10.420000076293945, "235": 10.420000076293945, "236": 10.420000076293945, "237": 10.420000076293945, "238": 10.420000076293945, "239": 10.420000076293945, "240": 10.4399995803833, "241": 10.430000305175781, "242": 10.449999809265137, "243": 10.460000038146973, "244": 10.4399995803833, "245": 10.4399995803833, "246": 10.4399995803833, "247": 10.430000305175781, "248": 10.430000305175781, "249": 10.460000038146973, "250": 10.460000038146973, "251": 10.460000038146973, "252": 10.460000038146973, "253": 10.460000038146973, "254": 10.449999809265137, "255": 10.470000267028809, "256": 10.449999809265137, "257": 10.449999809265137, "258": 10.460000038146973, "259": 10.46500015258789, "260": 10.460000038146973, "261": 10.460000038146973, "262": 10.460000038146973, "263": 10.460000038146973, "264": 10.460000038146973, "265": 10.460000038146973, "266": 10.460000038146973, "267": 10.460000038146973, "268": 10.460000038146973, "269": 10.460000038146973, "270": 10.510000228881836, "271": 10.510000228881836, "272": 10.510000228881836, "273": 10.510000228881836, "274": 10.510000228881836, "275": 10.5, "276": 10.579999923706055, "277": 10.579999923706055, "278": 10.579999923706055, "279": 10.579999923706055, "280": 10.579999923706055, "281": 10.579999923706055, "282": 10.579999923706055, "283": 10.579999923706055, "284": 10.609999656677246, "285": 10.619999885559082, "286": 10.619999885559082, "287": 10.630000114440918, "288": 10.619999885559082, "289": 10.619999885559082, "290": 10.619999885559082, "291": 10.640000343322754, "292": 10.640000343322754, "293": 10.739999771118164, "294": 10.699999809265137, "295": 10.640000343322754, "296": 10.640000343322754, "297": 10.640000343322754, "298": 10.640000343322754, "299": 10.640000343322754, "300": 10.640000343322754, "301": 10.640000343322754, "302": 10.640000343322754, "303": 10.640000343322754, "304": 10.640000343322754, "305": 10.640000343322754, "306": 10.640000343322754, "307": 10.680000305175781, "308": 10.680000305175781, "309": 10.680000305175781, "310": 10.680000305175781, "311": 10.670000076293945, "312": 10.670000076293945, "313": 10.680000305175781, "314": 10.680000305175781, "315": 10.6899995803833, "316": 10.680000305175781, "317": 10.680000305175781, "318": 10.680000305175781, "319": 10.6899995803833, "320": 10.670000076293945, "321": 10.729999542236328, "322": 10.65999984741211, "323": 10.640000343322754, "324": 10.640000343322754, "325": 10.640000343322754, "326": 10.640000343322754, "327": 10.899999618530273, "328": 10.720000267028809, "329": 10.720000267028809, "330": 10.890000343322754, "331": 10.720000267028809, "332": 10.699999809265137, "333": 10.699999809265137, "334": 10.699999809265137, "335": 10.720000267028809, "336": 10.720000267028809, "337": 10.720000267028809}, "low": {"0": 9.829999923706055, "1": 9.819999694824219, "2": 9.84000015258789, "3": 9.859999656677246, "4": 9.890000343322754, "5": 9.920000076293945, "6": 9.920000076293945, "7": 9.920000076293945, "8": 9.920000076293945, "9": 9.869999885559082, "10": 9.869999885559082, "11": 9.869999885559082, "12": 9.869999885559082, "13": 9.869999885559082, "14": 9.880000114440918, "15": 9.880000114440918, "16": 9.880000114440918, "17": 9.880000114440918, "18": 9.880000114440918, "19": 9.880000114440918, "20": 9.880000114440918, "21": 9.899999618530273, "22": 9.9399995803833, "23": 9.949999809265137, "24": 9.880000114440918, "25": 9.890000343322754, "26": 9.890000343322754, "27": 9.890000343322754, "28": 9.880000114440918, "29": 9.899999618530273, "30": 9.899999618530273, "31": 9.899999618530273, "32": 9.890000343322754, "33": 9.890000343322754, "34": 9.90999984741211, "35": 9.979999542236328, "36": 9.979999542236328, "37": 9.970000267028809, "38": 9.970000267028809, "39": 9.944999694824219, "40": 9.930000305175781, "41": 9.90999984741211, "42": 9.90999984741211, "43": 9.90999984741211, "44": 9.90999984741211, "45": 9.90999984741211, "46": 9.90999984741211, "47": 9.90999984741211, "48": 9.90999984741211, "49": 9.90999984741211, "50": 9.90999984741211, "51": 9.90999984741211, "52": 9.90999984741211, "53": 9.90999984741211, "54": 9.90999984741211, "55": 9.9399995803833, "56": 9.890000343322754, "57": 9.890000343322754, "58": 9.890000343322754, "59": 9.890000343322754, "60": 9.890000343322754, "61": 9.890000343322754, "62": 9.890000343322754, "63": 9.890000343322754, "64": 9.890000343322754, "65": 9.890000343322754, "66": 9.890000343322754, "67": 9.890000343322754, "68": 9.890000343322754, "69": 9.890000343322754, "70": 9.890000343322754, "71": 9.890000343322754, "72": 9.890000343322754, "73": 9.890000343322754, "74": 9.890000343322754, "75": 9.890000343322754, "76": 9.899999618530273, "77": 9.899999618530273, "78": 9.899999618530273, "79": 9.899999618530273, "80": 9.899999618530273, "81": 9.920000076293945, "82": 9.899999618530273, "83": 9.899999618530273, "84": 9.899999618530273, "85": 9.899999618530273, "86": 9.899999618530273, "87": 9.880000114440918, "88": 9.890000343322754, "89": 9.90999984741211, "90": 9.90999984741211, "91": 9.920000076293945, "92": 9.930000305175781, "93": 9.930000305175781, "94": 9.9399995803833, "95": 9.930000305175781, "96": 9.930000305175781, "97": 9.930000305175781, "98": 9.9399995803833, "99": 9.949999809265137, "100": 9.949999809265137, "101": 9.949999809265137, "102": 9.949999809265137, "103": 9.949999809265137, "104": 9.979999542236328, "105": 9.970000267028809, "106": 9.970000267028809, "107": 9.979999542236328, "108": 9.960000038146973, "109": 9.960000038146973, "110": 9.960000038146973, "111": 9.960000038146973, "112": 9.960000038146973, "113": 9.960000038146973, "114": 9.960000038146973, "115": 9.960000038146973, "116": 9.960000038146973, "117": 9.960000038146973, "118": 9.979999542236328, "119": 9.970000267028809, "120": 9.979999542236328, "121": 9.989999771118164, "122": 9.979999542236328, "123": 9.979999542236328, "124": 9.970000267028809, "125": 9.970000267028809, "126": 9.949999809265137, "127": 9.949999809265137, "128": 9.979999542236328, "129": 9.979999542236328, "130": 9.979999542236328, "131": 9.979999542236328, "132": 9.979999542236328, "133": 9.979999542236328, "134": 9.979999542236328, "135": 9.979999542236328, "136": 9.979999542236328, "137": 9.989999771118164, "138": 9.989999771118164, "139": 9.989999771118164, "140": 9.970000267028809, "141": 9.989999771118164, "142": 9.989999771118164, "143": 9.960000038146973, "144": 10.010000228881836, "145": 9.984999656677246, "146": 9.970000267028809, "147": 9.970000267028809, "148": 9.970000267028809, "149": 9.979999542236328, "150": 9.960000038146973, "151": 9.979999542236328, "152": 9.979999542236328, "153": 9.979999542236328, "154": 9.960000038146973, "155": 9.960000038146973, "156": 9.979999542236328, "157": 9.989999771118164, "158": 9.970000267028809, "159": 9.960000038146973, "160": 10.0, "161": 10.0, "162": 10.0, "163": 10.069999694824219, "164": 10.050000190734863, "165": 9.989999771118164, "166": 10.020000457763672, "167": 9.989999771118164, "168": 9.989999771118164, "169": 10.0, "170": 10.020000457763672, "171": 10.020000457763672, "172": 10.020000457763672, "173": 10.020000457763672, "174": 10.020000457763672, "175": 10.020000457763672, "176": 10.020000457763672, "177": 10.020000457763672, "178": 10.020000457763672, "179": 10.020000457763672, "180": 10.020000457763672, "181": 10.029999732971191, "182": 10.029999732971191, "183": 10.024999618530273, "184": 10.039999961853027, "185": 10.050000190734863, "186": 10.050000190734863, "187": 10.050000190734863, "188": 10.050000190734863, "189": 10.050000190734863, "190": 10.050000190734863, "191": 10.050000190734863, "192": 10.050000190734863, "193": 10.050000190734863, "194": 10.050000190734863, "195": 10.050000190734863, "196": 10.050000190734863, "197": 10.050000190734863, "198": 10.079999923706055, "199": 10.0600004196167, "200": 10.0600004196167, "201": 10.0600004196167, "202": 10.0600004196167, "203": 10.0600004196167, "204": 10.09000015258789, "205": 10.0600004196167, "206": 10.069999694824219, "207": 10.130000114440918, "208": 10.130000114440918, "209": 10.130000114440918, "210": 10.130000114440918, "211": 10.15999984741211, "212": 10.149999618530273, "213": 10.15999984741211, "214": 10.210000038146973, "215": 10.210000038146973, "216": 10.220000267028809, "217": 10.25, "218": 10.239999771118164, "219": 10.274999618530273, "220": 10.274999618530273, "221": 10.279999732971191, "222": 10.3100004196167, "223": 10.3149995803833, "224": 10.3149995803833, "225": 10.329999923706055, "226": 10.369999885559082, "227": 10.390000343322754, "228": 10.390000343322754, "229": 10.395000457763672, "230": 10.399999618530273, "231": 10.399999618530273, "232": 10.399999618530273, "233": 10.420000076293945, "234": 10.40999984741211, "235": 10.414999961853027, "236": 10.40999984741211, "237": 10.40999984741211, "238": 10.420000076293945, "239": 10.420000076293945, "240": 10.420000076293945, "241": 10.430000305175781, "242": 10.430000305175781, "243": 10.4399995803833, "244": 10.4399995803833, "245": 10.4399995803833, "246": 10.4399995803833, "247": 10.430000305175781, "248": 10.430000305175781, "249": 10.4399995803833, "250": 10.4399995803833, "251": 10.460000038146973, "252": 10.460000038146973, "253": 10.449999809265137, "254": 10.449999809265137, "255": 10.449999809265137, "256": 10.449999809265137, "257": 10.449999809265137, "258": 10.460000038146973, "259": 10.460000038146973, "260": 10.460000038146973, "261": 10.460000038146973, "262": 10.460000038146973, "263": 10.460000038146973, "264": 10.460000038146973, "265": 10.460000038146973, "266": 10.460000038146973, "267": 10.460000038146973, "268": 10.460000038146973, "269": 10.460000038146973, "270": 10.510000228881836, "271": 10.510000228881836, "272": 10.510000228881836, "273": 10.510000228881836, "274": 10.510000228881836, "275": 10.5, "276": 10.569999694824219, "277": 10.579999923706055, "278": 10.579999923706055, "279": 10.579999923706055, "280": 10.579999923706055, "281": 10.579999923706055, "282": 10.579999923706055, "283": 10.579999923706055, "284": 10.600000381469727, "285": 10.619999885559082, "286": 10.619999885559082, "287": 10.630000114440918, "288": 10.619999885559082, "289": 10.619999885559082, "290": 10.619999885559082, "291": 10.640000343322754, "292": 10.640000343322754, "293": 10.640000343322754, "294": 10.640000343322754, "295": 10.640000343322754, "296": 10.640000343322754, "297": 10.640000343322754, "298": 10.640000343322754, "299": 10.640000343322754, "300": 10.640000343322754, "301": 10.640000343322754, "302": 10.640000343322754, "303": 10.640000343322754, "304": 10.640000343322754, "305": 10.640000343322754, "306": 10.640000343322754, "307": 10.680000305175781, "308": 10.680000305175781, "309": 10.680000305175781, "310": 10.680000305175781, "311": 10.670000076293945, "312": 10.670000076293945, "313": 10.680000305175781, "314": 10.680000305175781, "315": 10.680000305175781, "316": 10.680000305175781, "317": 10.680000305175781, "318": 10.670000076293945, "319": 10.640000343322754, "320": 10.640000343322754, "321": 10.65999984741211, "322": 10.640000343322754, "323": 10.640000343322754, "324": 10.640000343322754, "325": 10.640000343322754, "326": 10.640000343322754, "327": 10.680000305175781, "328": 10.720000267028809, "329": 10.720000267028809, "330": 10.890000343322754, "331": 10.720000267028809, "332": 10.699999809265137, "333": 10.699999809265137, "334": 10.699999809265137, "335": 10.720000267028809, "336": 10.720000267028809, "337": 10.720000267028809}, "close": {"0": 9.829999923706055, "1": 9.84000015258789, "2": 9.84000015258789, "3": 9.899999618530273, "4": 9.890000343322754, "5": 9.920000076293945, "6": 9.920000076293945, "7": 9.920000076293945, "8": 9.920000076293945, "9": 9.869999885559082, "10": 9.869999885559082, "11": 9.869999885559082, "12": 9.869999885559082, "13": 9.869999885559082, "14": 9.880000114440918, "15": 9.880000114440918, "16": 9.880000114440918, "17": 9.880000114440918, "18": 9.880000114440918, "19": 9.880000114440918, "20": 9.890000343322754, "21": 9.899999618530273, "22": 9.949999809265137, "23": 9.949999809265137, "24": 9.890000343322754, "25": 9.890000343322754, "26": 9.890000343322754, "27": 9.890000343322754, "28": 9.880000114440918, "29": 9.899999618530273, "30": 9.899999618530273, "31": 9.899999618530273, "32": 9.899999618530273, "33": 9.890000343322754, "34": 9.960000038146973, "35": 9.979999542236328, "36": 9.979999542236328, "37": 9.970000267028809, "38": 9.970000267028809, "39": 9.944999694824219, "40": 9.930000305175781, "41": 9.90999984741211, "42": 9.90999984741211, "43": 9.90999984741211, "44": 9.90999984741211, "45": 9.90999984741211, "46": 9.90999984741211, "47": 9.90999984741211, "48": 9.90999984741211, "49": 9.90999984741211, "50": 9.90999984741211, "51": 9.90999984741211, "52": 9.90999984741211, "53": 9.90999984741211, "54": 9.90999984741211, "55": 9.9399995803833, "56": 9.890000343322754, "57": 9.890000343322754, "58": 9.890000343322754, "59": 9.890000343322754, "60": 9.890000343322754, "61": 9.890000343322754, "62": 9.890000343322754, "63": 9.890000343322754, "64": 9.890000343322754, "65": 9.890000343322754, "66": 9.890000343322754, "67": 9.890000343322754, "68": 9.890000343322754, "69": 9.890000343322754, "70": 9.890000343322754, "71": 9.890000343322754, "72": 9.890000343322754, "73": 9.890000343322754, "74": 9.890000343322754, "75": 9.890000343322754, "76": 9.899999618530273, "77": 9.899999618530273, "78": 9.899999618530273, "79": 9.899999618530273, "80": 9.920000076293945, "81": 9.920000076293945, "82": 9.899999618530273, "83": 9.899999618530273, "84": 9.899999618530273, "85": 9.899999618530273, "86": 9.899999618530273, "87": 9.899999618530273, "88": 9.899999618530273, "89": 9.920000076293945, "90": 9.920000076293945, "91": 9.930000305175781, "92": 9.930000305175781, "93": 9.930000305175781, "94": 9.9399995803833, "95": 9.930000305175781, "96": 9.930000305175781, "97": 9.930000305175781, "98": 9.9399995803833, "99": 9.949999809265137, "100": 9.949999809265137, "101": 9.949999809265137, "102": 9.949999809265137, "103": 9.949999809265137, "104": 9.979999542236328, "105": 9.970000267028809, "106": 9.970000267028809, "107": 9.979999542236328, "108": 9.960000038146973, "109": 9.960000038146973, "110": 9.960000038146973, "111": 9.960000038146973, "112": 9.960000038146973, "113": 9.960000038146973, "114": 9.960000038146973, "115": 9.960000038146973, "116": 9.960000038146973, "117": 9.960000038146973, "118": 9.979999542236328, "119": 9.979999542236328, "120": 9.979999542236328, "121": 9.989999771118164, "122": 10.0, "123": 9.979999542236328, "124": 9.970000267028809, "125": 9.970000267028809, "126": 9.970000267028809, "127": 9.979999542236328, "128": 9.979999542236328, "129": 9.979999542236328, "130": 9.979999542236328, "131": 9.979999542236328, "132": 9.979999542236328, "133": 9.979999542236328, "134": 9.979999542236328, "135": 9.979999542236328, "136": 9.979999542236328, "137": 9.989999771118164, "138": 9.989999771118164, "139": 9.989999771118164, "140": 9.979999542236328, "141": 9.989999771118164, "142": 9.989999771118164, "143": 9.989999771118164, "144": 10.010000228881836, "145": 9.984999656677246, "146": 9.970000267028809, "147": 9.970000267028809, "148": 9.984999656677246, "149": 9.979999542236328, "150": 9.979999542236328, "151": 9.979999542236328, "152": 9.979999542236328, "153": 9.979999542236328, "154": 9.960000038146973, "155": 9.960000038146973, "156": 9.989999771118164, "157": 9.989999771118164, "158": 10.010000228881836, "159": 9.989999771118164, "160": 10.0, "161": 10.0, "162": 10.0, "163": 10.069999694824219, "164": 10.050000190734863, "165": 10.020000457763672, "166": 10.020000457763672, "167": 9.989999771118164, "168": 9.989999771118164, "169": 10.010000228881836, "170": 10.020000457763672, "171": 10.020000457763672, "172": 10.020000457763672, "173": 10.020000457763672, "174": 10.020000457763672, "175": 10.020000457763672, "176": 10.020000457763672, "177": 10.020000457763672, "178": 10.020000457763672, "179": 10.020000457763672, "180": 10.020000457763672, "181": 10.029999732971191, "182": 10.029999732971191, "183": 10.029999732971191, "184": 10.050000190734863, "185": 10.050000190734863, "186": 10.050000190734863, "187": 10.050000190734863, "188": 10.050000190734863, "189": 10.050000190734863, "190": 10.050000190734863, "191": 10.050000190734863, "192": 10.050000190734863, "193": 10.050000190734863, "194": 10.050000190734863, "195": 10.050000190734863, "196": 10.050000190734863, "197": 10.050000190734863, "198": 10.079999923706055, "199": 10.0600004196167, "200": 10.0600004196167, "201": 10.0600004196167, "202": 10.0600004196167, "203": 10.0600004196167, "204": 10.09000015258789, "205": 10.0600004196167, "206": 10.130000114440918, "207": 10.130000114440918, "208": 10.130000114440918, "209": 10.130000114440918, "210": 10.130000114440918, "211": 10.15999984741211, "212": 10.149999618530273, "213": 10.232000350952148, "214": 10.210000038146973, "215": 10.220000267028809, "216": 10.369999885559082, "217": 10.279999732971191, "218": 10.279999732971191, "219": 10.279999732971191, "220": 10.279999732971191, "221": 10.289999961853027, "222": 10.3149995803833, "223": 10.3149995803833, "224": 10.3149995803833, "225": 10.350000381469727, "226": 10.369999885559082, "227": 10.390000343322754, "228": 10.399999618530273, "229": 10.40999984741211, "230": 10.399999618530273, "231": 10.399999618530273, "232": 10.420000076293945, "233": 10.420000076293945, "234": 10.420000076293945, "235": 10.420000076293945, "236": 10.40999984741211, "237": 10.40999984741211, "238": 10.420000076293945, "239": 10.420000076293945, "240": 10.430000305175781, "241": 10.430000305175781, "242": 10.430000305175781, "243": 10.4399995803833, "244": 10.4399995803833, "245": 10.4399995803833, "246": 10.4399995803833, "247": 10.430000305175781, "248": 10.430000305175781, "249": 10.449999809265137, "250": 10.460000038146973, "251": 10.460000038146973, "252": 10.460000038146973, "253": 10.449999809265137, "254": 10.449999809265137, "255": 10.449999809265137, "256": 10.449999809265137, "257": 10.449999809265137, "258": 10.460000038146973, "259": 10.460000038146973, "260": 10.460000038146973, "261": 10.460000038146973, "262": 10.460000038146973, "263": 10.460000038146973, "264": 10.460000038146973, "265": 10.460000038146973, "266": 10.460000038146973, "267": 10.460000038146973, "268": 10.460000038146973, "269": 10.460000038146973, "270": 10.510000228881836, "271": 10.510000228881836, "272": 10.510000228881836, "273": 10.510000228881836, "274": 10.510000228881836, "275": 10.5, "276": 10.579999923706055, "277": 10.579999923706055, "278": 10.579999923706055, "279": 10.579999923706055, "280": 10.579999923706055, "281": 10.579999923706055, "282": 10.579999923706055, "283": 10.579999923706055, "284": 10.609999656677246, "285": 10.619999885559082, "286": 10.619999885559082, "287": 10.630000114440918, "288": 10.619999885559082, "289": 10.619999885559082, "290": 10.619999885559082, "291": 10.640000343322754, "292": 10.640000343322754, "293": 10.649999618530273, "294": 10.640000343322754, "295": 10.640000343322754, "296": 10.640000343322754, "297": 10.640000343322754, "298": 10.640000343322754, "299": 10.640000343322754, "300": 10.640000343322754, "301": 10.640000343322754, "302": 10.640000343322754, "303": 10.640000343322754, "304": 10.640000343322754, "305": 10.640000343322754, "306": 10.640000343322754, "307": 10.680000305175781, "308": 10.680000305175781, "309": 10.680000305175781, "310": 10.680000305175781, "311": 10.670000076293945, "312": 10.670000076293945, "313": 10.680000305175781, "314": 10.680000305175781, "315": 10.6899995803833, "316": 10.680000305175781, "317": 10.680000305175781, "318": 10.670000076293945, "319": 10.649999618530273, "320": 10.670000076293945, "321": 10.65999984741211, "322": 10.640000343322754, "323": 10.640000343322754, "324": 10.640000343322754, "325": 10.640000343322754, "326": 10.640000343322754, "327": 10.699999809265137, "328": 10.720000267028809, "329": 10.720000267028809, "330": 10.890000343322754, "331": 10.720000267028809, "332": 10.699999809265137, "333": 10.699999809265137, "334": 10.699999809265137, "335": 10.720000267028809, "336": 10.720000267028809, "337": 10.720000267028809}, "volume": {"0": 25000, "1": 652300, "2": 353100, "3": 357700, "4": 1200, "5": 4100, "6": 0, "7": 0, "8": 0, "9": 25000, "10": 0, "11": 0, "12": 0, "13": 0, "14": 17300, "15": 0, "16": 0, "17": 0, "18": 0, "19": 0, "20": 10800, "21": 353500, "22": 1000, "23": 0, "24": 19300, "25": 0, "26": 0, "27": 0, "28": 1300, "29": 400, "30": 0, "31": 0, "32": 5800, "33": 700, "34": 1500, "35": 1200, "36": 0, "37": 1000, "38": 100, "39": 600, "40": 300, "41": 1000, "42": 1800, "43": 0, "44": 100, "45": 500, "46": 0, "47": 0, "48": 0, "49": 0, "50": 0, "51": 0, "52": 0, "53": 200, "54": 0, "55": 300, "56": 16200, "57": 0, "58": 0, "59": 0, "60": 0, "61": 0, "62": 0, "63": 0, "64": 0, "65": 0, "66": 0, "67": 0, "68": 0, "69": 0, "70": 0, "71": 0, "72": 28200, "73": 0, "74": 0, "75": 0, "76": 100000, "77": 0, "78": 0, "79": 0, "80": 275000, "81": 0, "82": 225100, "83": 0, "84": 500, "85": 0, "86": 0, "87": 171300, "88": 70000, "89": 25600, "90": 2300, "91": 44400, "92": 0, "93": 700, "94": 4100, "95": 300, "96": 0, "97": 0, "98": 112300, "99": 27700, "100": 0, "101": 0, "102": 0, "103": 0, "104": 400, "105": 200, "106": 0, "107": 200, "108": 18300, "109": 0, "110": 120800, "111": 0, "112": 900, "113": 0, "114": 0, "115": 1200, "116": 36200, "117": 0, "118": 100, "119": 5500, "120": 0, "121": 40000, "122": 75300, "123": 25500, "124": 400, "125": 0, "126": 634800, "127": 87100, "128": 0, "129": 0, "130": 0, "131": 0, "132": 100, "133": 200, "134": 0, "135": 0, "136": 100, "137": 100, "138": 0, "139": 0, "140": 1200, "141": 100, "142": 0, "143": 5100, "144": 10000, "145": 300, "146": 200, "147": 0, "148": 3500, "149": 700, "150": 3900, "151": 0, "152": 0, "153": 0, "154": 100, "155": 0, "156": 5400, "157": 0, "158": 600, "159": 23500, "160": 300, "161": 100, "162": 0, "163": 200, "164": 200, "165": 900, "166": 100, "167": 200, "168": 400, "169": 4700, "170": 2100, "171": 0, "172": 400, "173": 0, "174": 0, "175": 0, "176": 0, "177": 0, "178": 0, "179": 0, "180": 0, "181": 200, "182": 0, "183": 2500, "184": 1300, "185": 0, "186": 0, "187": 0, "188": 0, "189": 11100, "190": 0, "191": 0, "192": 0, "193": 0, "194": 0, "195": 0, "196": 300, "197": 0, "198": 100, "199": 1600, "200": 100, "201": 0, "202": 0, "203": 0, "204": 400, "205": 100, "206": 111700, "207": 50400, "208": 1000, "209": 0, "210": 27700, "211": 100, "212": 379000, "213": 87700, "214": 2200, "215": 10700, "216": 12400, "217": 511800, "218": 43400, "219": 6200, "220": 6900, "221": 8800, "222": 104100, "223": 0, "224": 0, "225": 11200, "226": 5700, "227": 11000, "228": 9200, "229": 9200, "230": 1100, "231": 0, "232": 600, "233": 13000, "234": 1900, "235": 1800, "236": 1300, "237": 400, "238": 5600, "239": 0, "240": 27500, "241": 0, "242": 11800, "243": 1300, "244": 0, "245": 0, "246": 0, "247": 300, "248": 0, "249": 3000, "250": 5600, "251": 0, "252": 0, "253": 1900, "254": 100, "255": 1100, "256": 0, "257": 0, "258": 36300, "259": 3400, "260": 100, "261": 0, "262": 0, "263": 0, "264": 0, "265": 0, "266": 0, "267": 0, "268": 0, "269": 0, "270": 300, "271": 0, "272": 0, "273": 0, "274": 0, "275": 9000, "276": 10400, "277": 0, "278": 0, "279": 0, "280": 5700, "281": 0, "282": 0, "283": 0, "284": 14500, "285": 400, "286": 0, "287": 60000, "288": 200, "289": 0, "290": 0, "291": 400, "292": 0, "293": 5700, "294": 600, "295": 0, "296": 0, "297": 0, "298": 0, "299": 0, "300": 0, "301": 0, "302": 0, "303": 0, "304": 0, "305": 0, "306": 0, "307": 100, "308": 0, "309": 0, "310": 0, "311": 100000, "312": 0, "313": 4000, "314": 5200, "315": 3000, "316": 10200, "317": 0, "318": 30200, "319": 95600, "320": 88800, "321": 6900, "322": 21200, "323": 0, "324": 0, "325": 0, "326": 400, "327": 74100, "328": 1200, "329": 400, "330": 100, "331": 500, "332": 100, "333": 0, "334": 0, "335": 100, "336": 0, "337": 100}, "adjclose": {"0": 9.829999923706055, "1": 9.84000015258789, "2": 9.84000015258789, "3": 9.899999618530273, "4": 9.890000343322754, "5": 9.920000076293945, "6": 9.920000076293945, "7": 9.920000076293945, "8": 9.920000076293945, "9": 9.869999885559082, "10": 9.869999885559082, "11": 9.869999885559082, "12": 9.869999885559082, "13": 9.869999885559082, "14": 9.880000114440918, "15": 9.880000114440918, "16": 9.880000114440918, "17": 9.880000114440918, "18": 9.880000114440918, "19": 9.880000114440918, "20": 9.890000343322754, "21": 9.899999618530273, "22": 9.949999809265137, "23": 9.949999809265137, "24": 9.890000343322754, "25": 9.890000343322754, "26": 9.890000343322754, "27": 9.890000343322754, "28": 9.880000114440918, "29": 9.899999618530273, "30": 9.899999618530273, "31": 9.899999618530273, "32": 9.899999618530273, "33": 9.890000343322754, "34": 9.960000038146973, "35": 9.979999542236328, "36": 9.979999542236328, "37": 9.970000267028809, "38": 9.970000267028809, "39": 9.944999694824219, "40": 9.930000305175781, "41": 9.90999984741211, "42": 9.90999984741211, "43": 9.90999984741211, "44": 9.90999984741211, "45": 9.90999984741211, "46": 9.90999984741211, "47": 9.90999984741211, "48": 9.90999984741211, "49": 9.90999984741211, "50": 9.90999984741211, "51": 9.90999984741211, "52": 9.90999984741211, "53": 9.90999984741211, "54": 9.90999984741211, "55": 9.9399995803833, "56": 9.890000343322754, "57": 9.890000343322754, "58": 9.890000343322754, "59": 9.890000343322754, "60": 9.890000343322754, "61": 9.890000343322754, "62": 9.890000343322754, "63": 9.890000343322754, "64": 9.890000343322754, "65": 9.890000343322754, "66": 9.890000343322754, "67": 9.890000343322754, "68": 9.890000343322754, "69": 9.890000343322754, "70": 9.890000343322754, "71": 9.890000343322754, "72": 9.890000343322754, "73": 9.890000343322754, "74": 9.890000343322754, "75": 9.890000343322754, "76": 9.899999618530273, "77": 9.899999618530273, "78": 9.899999618530273, "79": 9.899999618530273, "80": 9.920000076293945, "81": 9.920000076293945, "82": 9.899999618530273, "83": 9.899999618530273, "84": 9.899999618530273, "85": 9.899999618530273, "86": 9.899999618530273, "87": 9.899999618530273, "88": 9.899999618530273, "89": 9.920000076293945, "90": 9.920000076293945, "91": 9.930000305175781, "92": 9.930000305175781, "93": 9.930000305175781, "94": 9.9399995803833, "95": 9.930000305175781, "96": 9.930000305175781, "97": 9.930000305175781, "98": 9.9399995803833, "99": 9.949999809265137, "100": 9.949999809265137, "101": 9.949999809265137, "102": 9.949999809265137, "103": 9.949999809265137, "104": 9.979999542236328, "105": 9.970000267028809, "106": 9.970000267028809, "107": 9.979999542236328, "108": 9.960000038146973, "109": 9.960000038146973, "110": 9.960000038146973, "111": 9.960000038146973, "112": 9.960000038146973, "113": 9.960000038146973, "114": 9.960000038146973, "115": 9.960000038146973, "116": 9.960000038146973, "117": 9.960000038146973, "118": 9.979999542236328, "119": 9.979999542236328, "120": 9.979999542236328, "121": 9.989999771118164, "122": 10.0, "123": 9.979999542236328, "124": 9.970000267028809, "125": 9.970000267028809, "126": 9.970000267028809, "127": 9.979999542236328, "128": 9.979999542236328, "129": 9.979999542236328, "130": 9.979999542236328, "131": 9.979999542236328, "132": 9.979999542236328, "133": 9.979999542236328, "134": 9.979999542236328, "135": 9.979999542236328, "136": 9.979999542236328, "137": 9.989999771118164, "138": 9.989999771118164, "139": 9.989999771118164, "140": 9.979999542236328, "141": 9.989999771118164, "142": 9.989999771118164, "143": 9.989999771118164, "144": 10.010000228881836, "145": 9.984999656677246, "146": 9.970000267028809, "147": 9.970000267028809, "148": 9.984999656677246, "149": 9.979999542236328, "150": 9.979999542236328, "151": 9.979999542236328, "152": 9.979999542236328, "153": 9.979999542236328, "154": 9.960000038146973, "155": 9.960000038146973, "156": 9.989999771118164, "157": 9.989999771118164, "158": 10.010000228881836, "159": 9.989999771118164, "160": 10.0, "161": 10.0, "162": 10.0, "163": 10.069999694824219, "164": 10.050000190734863, "165": 10.020000457763672, "166": 10.020000457763672, "167": 9.989999771118164, "168": 9.989999771118164, "169": 10.010000228881836, "170": 10.020000457763672, "171": 10.020000457763672, "172": 10.020000457763672, "173": 10.020000457763672, "174": 10.020000457763672, "175": 10.020000457763672, "176": 10.020000457763672, "177": 10.020000457763672, "178": 10.020000457763672, "179": 10.020000457763672, "180": 10.020000457763672, "181": 10.029999732971191, "182": 10.029999732971191, "183": 10.029999732971191, "184": 10.050000190734863, "185": 10.050000190734863, "186": 10.050000190734863, "187": 10.050000190734863, "188": 10.050000190734863, "189": 10.050000190734863, "190": 10.050000190734863, "191": 10.050000190734863, "192": 10.050000190734863, "193": 10.050000190734863, "194": 10.050000190734863, "195": 10.050000190734863, "196": 10.050000190734863, "197": 10.050000190734863, "198": 10.079999923706055, "199": 10.0600004196167, "200": 10.0600004196167, "201": 10.0600004196167, "202": 10.0600004196167, "203": 10.0600004196167, "204": 10.09000015258789, "205": 10.0600004196167, "206": 10.130000114440918, "207": 10.130000114440918, "208": 10.130000114440918, "209": 10.130000114440918, "210": 10.130000114440918, "211": 10.15999984741211, "212": 10.149999618530273, "213": 10.232000350952148, "214": 10.210000038146973, "215": 10.220000267028809, "216": 10.369999885559082, "217": 10.279999732971191, "218": 10.279999732971191, "219": 10.279999732971191, "220": 10.279999732971191, "221": 10.289999961853027, "222": 10.3149995803833, "223": 10.3149995803833, "224": 10.3149995803833, "225": 10.350000381469727, "226": 10.369999885559082, "227": 10.390000343322754, "228": 10.399999618530273, "229": 10.40999984741211, "230": 10.399999618530273, "231": 10.399999618530273, "232": 10.420000076293945, "233": 10.420000076293945, "234": 10.420000076293945, "235": 10.420000076293945, "236": 10.40999984741211, "237": 10.40999984741211, "238": 10.420000076293945, "239": 10.420000076293945, "240": 10.430000305175781, "241": 10.430000305175781, "242": 10.430000305175781, "243": 10.4399995803833, "244": 10.4399995803833, "245": 10.4399995803833, "246": 10.4399995803833, "247": 10.430000305175781, "248": 10.430000305175781, "249": 10.449999809265137, "250": 10.460000038146973, "251": 10.460000038146973, "252": 10.460000038146973, "253": 10.449999809265137, "254": 10.449999809265137, "255": 10.449999809265137, "256": 10.449999809265137, "257": 10.449999809265137, "258": 10.460000038146973, "259": 10.460000038146973, "260": 10.460000038146973, "261": 10.460000038146973, "262": 10.460000038146973, "263": 10.460000038146973, "264": 10.460000038146973, "265": 10.460000038146973, "266": 10.460000038146973, "267": 10.460000038146973, "268": 10.460000038146973, "269": 10.460000038146973, "270": 10.510000228881836, "271": 10.510000228881836, "272": 10.510000228881836, "273": 10.510000228881836, "274": 10.510000228881836, "275": 10.5, "276": 10.579999923706055, "277": 10.579999923706055, "278": 10.579999923706055, "279": 10.579999923706055, "280": 10.579999923706055, "281": 10.579999923706055, "282": 10.579999923706055, "283": 10.579999923706055, "284": 10.609999656677246, "285": 10.619999885559082, "286": 10.619999885559082, "287": 10.630000114440918, "288": 10.619999885559082, "289": 10.619999885559082, "290": 10.619999885559082, "291": 10.640000343322754, "292": 10.640000343322754, "293": 10.649999618530273, "294": 10.640000343322754, "295": 10.640000343322754, "296": 10.640000343322754, "297": 10.640000343322754, "298": 10.640000343322754, "299": 10.640000343322754, "300": 10.640000343322754, "301": 10.640000343322754, "302": 10.640000343322754, "303": 10.640000343322754, "304": 10.640000343322754, "305": 10.640000343322754, "306": 10.640000343322754, "307": 10.680000305175781, "308": 10.680000305175781, "309": 10.680000305175781, "310": 10.680000305175781, "311": 10.670000076293945, "312": 10.670000076293945, "313": 10.680000305175781, "314": 10.680000305175781, "315": 10.6899995803833, "316": 10.680000305175781, "317": 10.680000305175781, "318": 10.670000076293945, "319": 10.649999618530273, "320": 10.670000076293945, "321": 10.65999984741211, "322": 10.640000343322754, "323": 10.640000343322754, "324": 10.640000343322754, "325": 10.640000343322754, "326": 10.640000343322754, "327": 10.699999809265137, "328": 10.720000267028809, "329": 10.720000267028809, "330": 10.890000343322754, "331": 10.720000267028809, "332": 10.699999809265137, "333": 10.699999809265137, "334": 10.699999809265137, "335": 10.720000267028809, "336": 10.720000267028809, "337": 10.720000267028809}}, "profile": {"address1": "5345 Annabel Lane", "city": "Plano", "state": "TX", "zip": "75093", "country": "United States", "phone": "469 951 3088", "industry": "Shell Companies", "industryDisp": "Shell Companies", "sector": "Financial Services", "longBusinessSummary": "Broad Capital Acquisition Corp. does not have significant operations. The company focuses on effecting a merger, capital stock exchange, asset acquisition, stock purchase, reorganization, or related business combination with one or more businesses. Broad Capital Acquisition Corp. was incorporated in 2021 and is based in Plano, Texas.", "companyOfficers": [{"maxAge": 1, "name": "Mr. Yau On Tse", "age": 55, "title": "CEO & Director", "yearBorn": 1967, "exercisedValue": 0, "unexercisedValue": 0}, {"maxAge": 1, "name": "Ms. Rongrong  Jiang C.F.A.", "age": 43, "title": "CFO & Director", "yearBorn": 1979, "exercisedValue": 0, "unexercisedValue": 0}], "maxAge": 86400, "latitude": 33.04067399960043, "longitude": -96.80640197210312}}