{"income_statement": {"annual": {"Year": {"1": "Selling, General & Admin", "2": "Other Operating Expenses", "3": "Operating Expenses", "4": "Operating Income", "5": "Other Expense / Income", "6": "Pretax Income", "7": "Income Tax", "8": "Net Income", "9": "Shares Outstanding (Basic)", "10": "Shares Outstanding (Diluted)", "11": "Shares Change", "12": "EPS (Basic)", "13": "EPS (Diluted)", "14": "Free Cash Flow Per Share", "15": "Effective Tax Rate", "16": "EBITDA", "17": "EBIT"}, "2022": {"1": "1.29", "2": "0.2", "3": "1.5", "4": "-1.5", "5": "-3.32", "6": "1.83", "7": "0.62", "8": "1.21", "9": "29", "10": "29", "11": "293.70%", "12": "-0.07", "13": "-0.07", "14": "-0.02", "15": "33.85%", "16": "1.83", "17": "1.83"}, "2021": {"1": "0.11", "2": "0.18", "3": "0.28", "4": "-0.28", "5": "-0.09", "6": "-0.19", "7": "0", "8": "-0.19", "9": "7", "10": "7", "11": "-", "12": "-4.18", "13": "-4.18", "14": "-0.11", "15": "-", "16": "-0.19", "17": "-0.19"}}, "quarterly": {"Metrics": {"1": "Selling, General & Admin", "2": "Other Operating Expenses", "3": "Operating Expenses", "4": "Operating Income", "5": "Other Expense / Income", "6": "Pretax Income", "7": "Income Tax", "8": "Net Income", "9": "Shares Outstanding (Basic)", "10": "Shares Outstanding (Diluted)", "11": "Shares Change", "12": "EPS (Basic)", "13": "EPS (Diluted)", "14": "Free Cash Flow Per Share", "15": "Effective Tax Rate", "16": "EBITDA", "17": "EBIT"}, "2023-03-31": {"1": "0.68", "2": "0.05", "3": "0.73", "4": "-0.73", "5": "-2.52", "6": "1.79", "7": "0.52", "8": "1.27", "9": "29", "10": "29", "11": "-", "12": "-0.04", "13": "-0.04", "14": "-0.02", "15": "29.04%", "16": "1.79", "17": "1.79"}, "2022-12-31": {"1": "0.45", "2": "0.05", "3": "0.5", "4": "-0.5", "5": "-1.96", "6": "1.46", "7": "0.4", "8": "1.06", "9": "29", "10": "29", "11": "293.70%", "12": "-0.03", "13": "-0.03", "14": "-0.00", "15": "27.47%", "16": "1.46", "17": "1.46"}, "2022-09-30": {"1": "0.16", "2": "0.05", "3": "0.21", "4": "-0.21", "5": "-1.04", "6": "0.83", "7": "0.21", "8": "0.62", "9": "29", "10": "29", "11": "474.76%", "12": "-0.01", "13": "-0.01", "14": "-0.01", "15": "25.12%", "16": "0.83", "17": "0.83"}, "2022-06-30": {"1": "0.31", "2": "0.05", "3": "0.36", "4": "-0.36", "5": "-0.31", "6": "-0.06", "7": "0.01", "8": "-0.07", "9": "29", "10": "29", "11": "474.76%", "12": "-0.01", "13": "-0.01", "14": "-0.01", "15": "-", "16": "-0.06", "17": "-0.06"}, "2022-03-31": {"1": "0.37", "2": "0.05", "3": "0.42", "4": "-0.42", "5": "-0.02", "6": "-0.4", "7": "0", "8": "-0.4", "9": "29", "10": "29", "11": "-", "12": "-0.01", "13": "-0.01", "14": "-0.01", "15": "-", "16": "-0.4", "17": "-0.4"}, "2021-12-31": {"1": "0.09", "2": "0.18", "3": "0.27", "4": "-0.27", "5": "-0.09", "6": "-0.18", "7": "0", "8": "-0.18", "9": "7", "10": "7", "11": "-", "12": "-4.18", "13": "-4.18", "14": "-0.11", "15": "-", "16": "-0.18", "17": "-0.18"}, "2021-09-30": {"1": "0", "2": "0", "3": "0", "4": "-0", "5": "-0", "6": "-0", "7": "0", "8": "-0", "9": "5", "10": "5", "11": "-", "12": "-", "13": "-", "14": "-0.00", "15": "-", "16": "-0", "17": "-0"}, "2021-06-30": {"1": "0.01", "2": "0", "3": "0.01", "4": "-0.01", "5": "-0", "6": "-0", "7": "0", "8": "-0", "9": "5", "10": "5", "11": "-", "12": "-", "13": "-", "14": "-0.00", "15": "-", "16": "-0", "17": "-0"}}}, "balance_sheet": {"annual": {"Year": {"1": "Cash & Equivalents", "2": "Cash & Cash Equivalents", "3": "Cash Growth", "4": "Other Current Assets", "5": "Total Current Assets", "6": "Long-Term Investments", "7": "Total Long-Term Assets", "8": "Total Assets", "9": "Accounts Payable", "10": "Other Current Liabilities", "11": "Total Current Liabilities", "12": "Other Long-Term Liabilities", "13": "Total Long-Term Liabilities", "14": "Total Liabilities", "15": "Common Stock", "16": "Retained Earnings", "17": "Shareholders' Equity", "18": "Total Liabilities and Equity", "19": "Net Cash / Debt", "20": "Net Cash / Debt Growth", "21": "Net Cash Per Share", "22": "Working Capital", "23": "Book Value Per Share"}, "2022": {"1": "1.08", "2": "1.08", "3": "-37.87%", "4": "0.33", "5": "1.4", "6": "237.95", "7": "237.95", "8": "239.35", "9": "0", "10": "1.43", "11": "1.43", "12": "8.05", "13": "8.05", "14": "9.48", "15": "0", "16": "-8", "17": "-8", "18": "1.48", "19": "1.08", "20": "-37.87%", "21": "0.04", "22": "-0.03", "23": "-0.28"}, "2021": {"1": "1.73", "2": "1.73", "3": "-", "4": "0.71", "5": "2.44", "6": "234.63", "7": "234.63", "8": "237.07", "9": "0", "10": "0.35", "11": "0.36", "12": "8.05", "13": "8.05", "14": "8.41", "15": "0", "16": "-5.89", "17": "-5.89", "18": "2.52", "19": "1.73", "20": "-", "21": "0.24", "22": "2.08", "23": "-0.81"}}, "quarterly": {"Metrics": {"1": "Cash & Equivalents", "2": "Cash & Cash Equivalents", "3": "Cash Growth", "4": "Other Current Assets", "5": "Total Current Assets", "6": "Long-Term Investments", "7": "Other Long-Term Assets", "8": "Total Long-Term Assets", "9": "Total Assets", "10": "Accounts Payable", "11": "Current Debt", "12": "Other Current Liabilities", "13": "Total Current Liabilities", "14": "Other Long-Term Liabilities", "15": "Total Long-Term Liabilities", "16": "Total Liabilities", "17": "Total Debt", "18": "Common Stock", "19": "Retained Earnings", "20": "Shareholders' Equity", "21": "Total Liabilities and Equity", "22": "Net Cash / Debt", "23": "Net Cash / Debt Growth", "24": "Net Cash Per Share", "25": "Working Capital", "26": "Book Value Per Share"}, "2023-03-31": {"1": "0.5", "2": "0.5", "3": "-67.55%", "4": "0.32", "5": "0.81", "6": "240.47", "7": "0", "8": "240.47", "9": "241.28", "10": "0.02", "11": "0", "12": "2.08", "13": "2.09", "14": "8.05", "15": "8.05", "16": "10.14", "17": "0", "18": "0", "19": "-9.25", "20": "-9.25", "21": "0.89", "22": "0.5", "23": "-67.55%", "24": "0.02", "25": "-1.28", "26": "-0.32"}, "2022-12-31": {"1": "1.08", "2": "1.08", "3": "-37.87%", "4": "0.33", "5": "1.4", "6": "237.95", "7": "0", "8": "237.95", "9": "239.35", "10": "0", "11": "0", "12": "1.43", "13": "1.43", "14": "8.05", "15": "8.05", "16": "9.48", "17": "0", "18": "0", "19": "-8", "20": "-8", "21": "1.48", "22": "1.08", "23": "-37.87%", "24": "0.04", "25": "-0.03", "26": "-0.28"}, "2022-09-30": {"1": "1.18", "2": "1.18", "3": "3512.12%", "4": "0.46", "5": "1.64", "6": "235.99", "7": "0", "8": "235.99", "9": "237.63", "10": "0", "11": "0", "12": "0.77", "13": "0.77", "14": "8.05", "15": "8.05", "16": "8.82", "17": "0", "18": "0", "19": "-7.1", "20": "-7.1", "21": "1.72", "22": "1.18", "23": "-", "24": "0.04", "25": "0.87", "26": "-0.25"}, "2022-06-30": {"1": "1.32", "2": "1.32", "3": "-", "4": "0.6", "5": "1.92", "6": "234.95", "7": "0", "8": "234.95", "9": "236.87", "10": "0", "11": "0", "12": "0.63", "13": "0.63", "14": "8.05", "15": "8.05", "16": "8.68", "17": "0", "18": "0", "19": "-6.68", "20": "-6.68", "21": "2", "22": "1.32", "23": "-", "24": "0.05", "25": "1.29", "26": "-0.23"}, "2022-03-31": {"1": "1.53", "2": "1.53", "3": "-", "4": "0.69", "5": "2.22", "6": "234.64", "7": "0", "8": "234.64", "9": "236.86", "10": "0.05", "11": "0", "12": "0.51", "13": "0.55", "14": "8.05", "15": "8.05", "16": "8.6", "17": "0", "18": "0", "19": "-6.31", "20": "-6.31", "21": "2.3", "22": "1.53", "23": "-", "24": "0.05", "25": "1.66", "26": "-0.22"}, "2021-12-31": {"1": "1.73", "2": "1.73", "3": "-", "4": "0.71", "5": "2.44", "6": "234.63", "7": "0", "8": "234.63", "9": "237.07", "10": "0", "11": "0", "12": "0.35", "13": "0.36", "14": "8.05", "15": "8.05", "16": "8.41", "17": "0", "18": "0", "19": "-5.89", "20": "-5.89", "21": "2.52", "22": "1.73", "23": "-", "24": "0.24", "25": "2.08", "26": "-0.81"}, "2021-09-30": {"1": "0.03", "2": "0.03", "3": "-", "4": "0", "5": "0.03", "6": "0", "7": "0.56", "8": "0.56", "9": "0.59", "10": "0", "11": "0.24", "12": "0.34", "13": "0.58", "14": "0", "15": "0", "16": "0.58", "17": "0.24", "18": "0.01", "19": "-0.01", "20": "0", "21": "0.59", "22": "-0.21", "23": "-", "24": "-0.04", "25": "-0.55", "26": "0.00"}, "2021-06-30": {"1": "-", "2": "0", "3": "-", "4": "-", "5": "-", "6": "-", "7": "-", "8": "-", "9": "-", "10": "-", "11": "-", "12": "-", "13": "-", "14": "-", "15": "-", "16": "-", "17": "-", "18": "-", "19": "-", "20": "-", "21": "-", "22": "0", "23": "-", "24": "-", "25": "-", "26": "-"}, "2021-02-10": {"1": "0", "2": "0", "3": "-", "4": "0", "5": "0", "6": "0", "7": "0.03", "8": "0.03", "9": "0.03", "10": "0", "11": "0", "12": "0", "13": "0", "14": "0", "15": "0", "16": "0", "17": "0", "18": "0.01", "19": "-0", "20": "0.01", "21": "0.01", "22": "0", "23": "-", "24": "-", "25": "-0", "26": "-"}}}, "cash_flow_statement": {"annual": {"Year": {"1": "Net Income", "2": "Other Operating Activities", "3": "Operating Cash Flow", "4": "Change in Investments", "5": "Investing Cash Flow", "6": "Share Issuance / Repurchase", "7": "Debt Issued / Paid", "8": "Other Financing Activities", "9": "Financing Cash Flow", "10": "Net Cash Flow", "11": "Free Cash Flow", "12": "Free Cash Flow Per Share"}, "2022": {"1": "1.21", "2": "-1.86", "3": "-0.66", "4": "0", "5": "0", "6": "0", "7": "0", "8": "0", "9": "0", "10": "-0.66", "11": "-0.66", "12": "-0.02"}, "2021": {"1": "-0.19", "2": "-0.62", "3": "-0.81", "4": "-234.63", "5": "-234.63", "6": "225.43", "7": "0", "8": "11.74", "9": "237.17", "10": "1.73", "11": "-0.81", "12": "-0.11"}}, "quarterly": {"Metrics": {"1": "Net Income", "2": "Other Operating Activities", "3": "Operating Cash Flow", "4": "Share Issuance / Repurchase", "5": "Debt Issued / Paid", "6": "Other Financing Activities", "7": "Financing Cash Flow", "8": "Net Cash Flow", "9": "Free Cash Flow", "10": "Free Cash Flow Per Share"}, "2023-03-31": {"1": "1.27", "2": "-1.85", "3": "-0.58", "4": "0", "5": "0", "6": "-0", "7": "-0", "8": "-0.58", "9": "-0.58", "10": "-0.02"}, "2022-12-31": {"1": "1.06", "2": "-1.17", "3": "-0.11", "4": "0", "5": "0", "6": "0", "7": "0", "8": "-0.11", "9": "-0.11", "10": "-0.00"}, "2022-09-30": {"1": "0.62", "2": "-0.76", "3": "-0.14", "4": "0", "5": "-0", "6": "-", "7": "-0", "8": "-0.14", "9": "-0.14", "10": "-0.01"}, "2022-06-30": {"1": "-0.07", "2": "-0.14", "3": "-0.2", "4": "0", "5": "0", "6": "-", "7": "0", "8": "-0.2", "9": "-0.2", "10": "-0.01"}, "2022-03-31": {"1": "-0.4", "2": "0.2", "3": "-0.21", "4": "0", "5": "-0", "6": "-", "7": "-0", "8": "-0.21", "9": "-0.21", "10": "-0.01"}, "2021-12-31": {"1": "-0.18", "2": "-0.61", "3": "-0.79", "4": "225.43", "5": "-0.24", "6": "11.94", "7": "237.12", "8": "1.7", "9": "-0.79", "10": "-0.11"}, "2021-09-30": {"1": "-0", "2": "-0", "3": "-0.01", "4": "0", "5": "0", "6": "-0.01", "7": "-0.01", "8": "-0.01", "9": "-0.01", "10": "-0.00"}, "2021-06-30": {"1": "-0", "2": "-0.01", "3": "-0.01", "4": "0", "5": "0.24", "6": "-0.19", "7": "0.05", "8": "0.04", "9": "-0.01", "10": "-0.00"}}}, "ratios": {"annual": {"Year": {"1": "Market Capitalization", "2": "Market Cap Growth", "3": "Enterprise Value", "4": "PE Ratio", "5": "PB Ratio", "6": "P/FCF Ratio", "7": "P/OCF Ratio", "8": "EV/EBITDA Ratio", "9": "EV/EBIT Ratio", "10": "EV/FCF Ratio", "11": "Current Ratio", "12": "Return on Equity (ROE)", "13": "Return on Assets (ROA)", "14": "Return on Capital (ROIC)", "15": "Earnings Yield", "16": "FCF Yield", "17": "Buyback Yield / Dilution", "18": "Total Shareholder Return"}, "Current": {"1": "300", "2": "-", "3": "299", "4": "103.53", "5": "-32.20", "6": "-288.81", "7": "-288.81", "8": "74.49", "9": "74.49", "10": "-288.33", "11": "0.39", "12": "-37.10%", "13": "1.20%", "14": "1.70%", "15": "0.96%", "16": "-0.34%", "17": "-293.70%", "18": "-293.70%"}, "2022": {"1": "293", "2": "44.18%", "3": "292", "4": "242.69", "5": "-36.62", "6": "-445.51", "7": "-445.51", "8": "159.94", "9": "159.94", "10": "-443.88", "11": "0.98", "12": "-17.20%", "13": "0.50%", "14": "0.80%", "15": "0.41%", "16": "-0.22%", "17": "-", "18": "-"}, "2021": {"1": "203", "2": "-", "3": "201", "4": "-1075.11", "5": "-34.52", "6": "-251.48", "7": "-251.48", "8": "-1065.95", "9": "-1065.95", "10": "-249.34", "11": "6.80", "12": "-", "13": "-", "14": "-", "15": "-0.09%", "16": "-0.40%", "17": null, "18": null}}, "quarterly": {"Metrics": {"1": "Market Capitalization", "2": "Market Cap Growth", "3": "Enterprise Value", "4": "PE Ratio", "5": "PB Ratio", "6": "Debt / Equity Ratio", "7": "Current Ratio", "8": "Buyback Yield / Dilution", "9": "Total Shareholder Return"}, "Current": {"1": "300", "2": "-", "3": "299", "4": "103.53", "5": "-32.20", "6": "-", "7": "0.39", "8": "-", "9": "-"}, "2023-03-31": {"1": "298", "2": "4.38%", "3": "298", "4": "103.53", "5": "-32.20", "6": "-", "7": "0.39", "8": "-293.70%", "9": "-293.70%"}, "2022-12-31": {"1": "293", "2": "44.18%", "3": "292", "4": "242.69", "5": "-36.62", "6": "-", "7": "0.98", "8": "-474.76%", "9": "-474.76%"}, "2022-09-30": {"1": "288", "2": "-", "3": "287", "4": "-8945.52", "5": "-40.56", "6": "-", "7": "2.13", "8": "-474.76%", "9": "-474.76%"}, "2022-06-30": {"1": "286", "2": "-", "3": "284", "4": "-437.72", "5": "-42.79", "6": "-", "7": "3.05", "8": "-", "9": "-"}, "2022-03-31": {"1": "286", "2": "-", "3": "284", "4": "-483.23", "5": "-45.27", "6": "-", "7": "4.00", "8": "-", "9": "-"}, "2021-12-31": {"1": "203", "2": "-", "3": "201", "4": "-1075.11", "5": "-34.52", "6": "-", "7": "6.80", "8": "-", "9": "-"}, "2021-09-30": {"1": "-", "2": "-", "3": "0", "4": "-", "5": "-", "6": "52.28", "7": "0.06", "8": null, "9": null}}}, "stock_price": {"symbol": {"0": "BRD", "1": "BRD", "2": "BRD", "3": "BRD", "4": "BRD", "5": "BRD", "6": "BRD", "7": "BRD", "8": "BRD", "9": "BRD", "10": "BRD", "11": "BRD", "12": "BRD", "13": "BRD", "14": "BRD", "15": "BRD", "16": "BRD", "17": "BRD", "18": "BRD", "19": "BRD", "20": "BRD", "21": "BRD", "22": "BRD", "23": "BRD", "24": "BRD", "25": "BRD", "26": "BRD", "27": "BRD", "28": "BRD", "29": "BRD", "30": "BRD", "31": "BRD", "32": "BRD", "33": "BRD", "34": "BRD", "35": "BRD", "36": "BRD", "37": "BRD", "38": "BRD", "39": "BRD", "40": "BRD", "41": "BRD", "42": "BRD", "43": "BRD", "44": "BRD", "45": "BRD", "46": "BRD", "47": "BRD", "48": "BRD", "49": "BRD", "50": "BRD", "51": "BRD", "52": "BRD", "53": "BRD", "54": "BRD", "55": "BRD", "56": "BRD", "57": "BRD", "58": "BRD", "59": "BRD", "60": "BRD", "61": "BRD", "62": "BRD", "63": "BRD", "64": "BRD", "65": "BRD", "66": "BRD", "67": "BRD", "68": "BRD", "69": "BRD", "70": "BRD", "71": "BRD", "72": "BRD", "73": "BRD", "74": "BRD", "75": "BRD", "76": "BRD", "77": "BRD", "78": "BRD", "79": "BRD", "80": "BRD", "81": "BRD", "82": "BRD", "83": "BRD", "84": "BRD", "85": "BRD", "86": "BRD", "87": "BRD", "88": "BRD", "89": "BRD", "90": "BRD", "91": "BRD", "92": "BRD", "93": "BRD", "94": "BRD", "95": "BRD", "96": "BRD", "97": "BRD", "98": "BRD", "99": "BRD", "100": "BRD", "101": "BRD", "102": "BRD", "103": "BRD", "104": "BRD", "105": "BRD", "106": "BRD", "107": "BRD", "108": "BRD", "109": "BRD", "110": "BRD", "111": "BRD", "112": "BRD", "113": "BRD", "114": "BRD", "115": "BRD", "116": "BRD", "117": "BRD", "118": "BRD", "119": "BRD", "120": "BRD", "121": "BRD", "122": "BRD", "123": "BRD", "124": "BRD", "125": "BRD", "126": "BRD", "127": "BRD", "128": "BRD", "129": "BRD", "130": "BRD", "131": "BRD", "132": "BRD", "133": "BRD", "134": "BRD", "135": "BRD", "136": "BRD", "137": "BRD", "138": "BRD", "139": "BRD", "140": "BRD", "141": "BRD", "142": "BRD", "143": "BRD", "144": "BRD", "145": "BRD", "146": "BRD", "147": "BRD", "148": "BRD", "149": "BRD", "150": "BRD", "151": "BRD", "152": "BRD", "153": "BRD", "154": "BRD", "155": "BRD", "156": "BRD", "157": "BRD", "158": "BRD", "159": "BRD", "160": "BRD", "161": "BRD", "162": "BRD", "163": "BRD", "164": "BRD", "165": "BRD", "166": "BRD", "167": "BRD", "168": "BRD", "169": "BRD", "170": "BRD", "171": "BRD", "172": "BRD", "173": "BRD", "174": "BRD", "175": "BRD", "176": "BRD", "177": "BRD", "178": "BRD", "179": "BRD", "180": "BRD", "181": "BRD", "182": "BRD", "183": "BRD", "184": "BRD", "185": "BRD", "186": "BRD", "187": "BRD", "188": "BRD", "189": "BRD", "190": "BRD", "191": "BRD", "192": "BRD", "193": "BRD", "194": "BRD", "195": "BRD", "196": "BRD", "197": "BRD", "198": "BRD", "199": "BRD", "200": "BRD", "201": "BRD", "202": "BRD", "203": "BRD", "204": "BRD", "205": "BRD", "206": "BRD", "207": "BRD", "208": "BRD", "209": "BRD", "210": "BRD", "211": "BRD", "212": "BRD", "213": "BRD", "214": "BRD", "215": "BRD", "216": "BRD", "217": "BRD", "218": "BRD", "219": "BRD", "220": "BRD", "221": "BRD", "222": "BRD", "223": "BRD", "224": "BRD", "225": "BRD", "226": "BRD", "227": "BRD", "228": "BRD", "229": "BRD", "230": "BRD", "231": "BRD", "232": "BRD", "233": "BRD", "234": "BRD", "235": "BRD", "236": "BRD", "237": "BRD", "238": "BRD", "239": "BRD", "240": "BRD", "241": "BRD", "242": "BRD", "243": "BRD", "244": "BRD", "245": "BRD", "246": "BRD", "247": "BRD", "248": "BRD", "249": "BRD", "250": "BRD", "251": "BRD", "252": "BRD", "253": "BRD", "254": "BRD", "255": "BRD", "256": "BRD", "257": "BRD", "258": "BRD", "259": "BRD", "260": "BRD", "261": "BRD", "262": "BRD", "263": "BRD", "264": "BRD", "265": "BRD", "266": "BRD", "267": "BRD", "268": "BRD", "269": "BRD", "270": "BRD", "271": "BRD", "272": "BRD", "273": "BRD", "274": "BRD", "275": "BRD", "276": "BRD", "277": "BRD", "278": "BRD", "279": "BRD", "280": "BRD", "281": "BRD", "282": "BRD", "283": "BRD", "284": "BRD", "285": "BRD", "286": "BRD", "287": "BRD", "288": "BRD", "289": "BRD", "290": "BRD", "291": "BRD", "292": "BRD", "293": "BRD", "294": "BRD", "295": "BRD", "296": "BRD", "297": "BRD", "298": "BRD", "299": "BRD", "300": "BRD", "301": "BRD", "302": "BRD", "303": "BRD", "304": "BRD", "305": "BRD", "306": "BRD", "307": "BRD", "308": "BRD", "309": "BRD", "310": "BRD", "311": "BRD", "312": "BRD", "313": "BRD", "314": "BRD", "315": "BRD", "316": "BRD", "317": "BRD", "318": "BRD", "319": "BRD", "320": "BRD", "321": "BRD", "322": "BRD", "323": "BRD", "324": "BRD", "325": "BRD", "326": "BRD", "327": "BRD", "328": "BRD", "329": "BRD", "330": "BRD", "331": "BRD", "332": "BRD", "333": "BRD", "334": "BRD", "335": "BRD", "336": "BRD", "337": "BRD", "338": "BRD", "339": "BRD", "340": "BRD", "341": "BRD", "342": "BRD", "343": "BRD", "344": "BRD", "345": "BRD", "346": "BRD", "347": "BRD", "348": "BRD", "349": "BRD", "350": "BRD", "351": "BRD", "352": "BRD", "353": "BRD", "354": "BRD", "355": "BRD", "356": "BRD", "357": "BRD", "358": "BRD", "359": "BRD", "360": "BRD", "361": "BRD", "362": "BRD", "363": "BRD", "364": "BRD"}, "date": {"0": "2022-01-14", "1": "2022-01-18", "2": "2022-01-19", "3": "2022-01-20", "4": "2022-01-21", "5": "2022-01-24", "6": "2022-01-25", "7": "2022-01-26", "8": "2022-01-27", "9": "2022-01-28", "10": "2022-01-31", "11": "2022-02-01", "12": "2022-02-02", "13": "2022-02-03", "14": "2022-02-04", "15": "2022-02-07", "16": "2022-02-08", "17": "2022-02-09", "18": "2022-02-10", "19": "2022-02-11", "20": "2022-02-14", "21": "2022-02-15", "22": "2022-02-16", "23": "2022-02-17", "24": "2022-02-18", "25": "2022-02-22", "26": "2022-02-23", "27": "2022-02-24", "28": "2022-02-25", "29": "2022-02-28", "30": "2022-03-01", "31": "2022-03-02", "32": "2022-03-03", "33": "2022-03-04", "34": "2022-03-07", "35": "2022-03-08", "36": "2022-03-09", "37": "2022-03-10", "38": "2022-03-11", "39": "2022-03-14", "40": "2022-03-15", "41": "2022-03-16", "42": "2022-03-17", "43": "2022-03-18", "44": "2022-03-21", "45": "2022-03-22", "46": "2022-03-23", "47": "2022-03-24", "48": "2022-03-25", "49": "2022-03-28", "50": "2022-03-29", "51": "2022-03-30", "52": "2022-03-31", "53": "2022-04-01", "54": "2022-04-04", "55": "2022-04-05", "56": "2022-04-06", "57": "2022-04-07", "58": "2022-04-08", "59": "2022-04-11", "60": "2022-04-12", "61": "2022-04-13", "62": "2022-04-14", "63": "2022-04-18", "64": "2022-04-19", "65": "2022-04-20", "66": "2022-04-21", "67": "2022-04-22", "68": "2022-04-25", "69": "2022-04-26", "70": "2022-04-27", "71": "2022-04-28", "72": "2022-04-29", "73": "2022-05-02", "74": "2022-05-03", "75": "2022-05-04", "76": "2022-05-05", "77": "2022-05-06", "78": "2022-05-09", "79": "2022-05-10", "80": "2022-05-11", "81": "2022-05-12", "82": "2022-05-13", "83": "2022-05-16", "84": "2022-05-17", "85": "2022-05-18", "86": "2022-05-19", "87": "2022-05-20", "88": "2022-05-23", "89": "2022-05-24", "90": "2022-05-25", "91": "2022-05-26", "92": "2022-05-27", "93": "2022-05-31", "94": "2022-06-01", "95": "2022-06-02", "96": "2022-06-03", "97": "2022-06-06", "98": "2022-06-07", "99": "2022-06-08", "100": "2022-06-09", "101": "2022-06-10", "102": "2022-06-13", "103": "2022-06-14", "104": "2022-06-15", "105": "2022-06-16", "106": "2022-06-17", "107": "2022-06-21", "108": "2022-06-22", "109": "2022-06-23", "110": "2022-06-24", "111": "2022-06-27", "112": "2022-06-28", "113": "2022-06-29", "114": "2022-06-30", "115": "2022-07-01", "116": "2022-07-05", "117": "2022-07-06", "118": "2022-07-07", "119": "2022-07-08", "120": "2022-07-11", "121": "2022-07-12", "122": "2022-07-13", "123": "2022-07-14", "124": "2022-07-15", "125": "2022-07-18", "126": "2022-07-19", "127": "2022-07-20", "128": "2022-07-21", "129": "2022-07-22", "130": "2022-07-25", "131": "2022-07-26", "132": "2022-07-27", "133": "2022-07-28", "134": "2022-07-29", "135": "2022-08-01", "136": "2022-08-02", "137": "2022-08-03", "138": "2022-08-04", "139": "2022-08-05", "140": "2022-08-08", "141": "2022-08-09", "142": "2022-08-10", "143": "2022-08-11", "144": "2022-08-12", "145": "2022-08-15", "146": "2022-08-16", "147": "2022-08-17", "148": "2022-08-18", "149": "2022-08-19", "150": "2022-08-22", "151": "2022-08-23", "152": "2022-08-24", "153": "2022-08-25", "154": "2022-08-26", "155": "2022-08-29", "156": "2022-08-30", "157": "2022-08-31", "158": "2022-09-01", "159": "2022-09-02", "160": "2022-09-06", "161": "2022-09-07", "162": "2022-09-08", "163": "2022-09-09", "164": "2022-09-12", "165": "2022-09-13", "166": "2022-09-14", "167": "2022-09-15", "168": "2022-09-16", "169": "2022-09-19", "170": "2022-09-20", "171": "2022-09-21", "172": "2022-09-22", "173": "2022-09-23", "174": "2022-09-26", "175": "2022-09-27", "176": "2022-09-28", "177": "2022-09-29", "178": "2022-09-30", "179": "2022-10-03", "180": "2022-10-04", "181": "2022-10-05", "182": "2022-10-06", "183": "2022-10-07", "184": "2022-10-10", "185": "2022-10-11", "186": "2022-10-12", "187": "2022-10-13", "188": "2022-10-14", "189": "2022-10-17", "190": "2022-10-18", "191": "2022-10-19", "192": "2022-10-20", "193": "2022-10-21", "194": "2022-10-24", "195": "2022-10-25", "196": "2022-10-26", "197": "2022-10-27", "198": "2022-10-28", "199": "2022-10-31", "200": "2022-11-01", "201": "2022-11-02", "202": "2022-11-03", "203": "2022-11-04", "204": "2022-11-07", "205": "2022-11-08", "206": "2022-11-09", "207": "2022-11-10", "208": "2022-11-11", "209": "2022-11-14", "210": "2022-11-15", "211": "2022-11-16", "212": "2022-11-17", "213": "2022-11-18", "214": "2022-11-21", "215": "2022-11-22", "216": "2022-11-23", "217": "2022-11-25", "218": "2022-11-28", "219": "2022-11-29", "220": "2022-11-30", "221": "2022-12-01", "222": "2022-12-02", "223": "2022-12-05", "224": "2022-12-06", "225": "2022-12-07", "226": "2022-12-08", "227": "2022-12-09", "228": "2022-12-12", "229": "2022-12-13", "230": "2022-12-14", "231": "2022-12-15", "232": "2022-12-16", "233": "2022-12-19", "234": "2022-12-20", "235": "2022-12-21", "236": "2022-12-22", "237": "2022-12-23", "238": "2022-12-27", "239": "2022-12-28", "240": "2022-12-29", "241": "2022-12-30", "242": "2023-01-03", "243": "2023-01-04", "244": "2023-01-05", "245": "2023-01-06", "246": "2023-01-09", "247": "2023-01-10", "248": "2023-01-11", "249": "2023-01-12", "250": "2023-01-13", "251": "2023-01-17", "252": "2023-01-18", "253": "2023-01-19", "254": "2023-01-20", "255": "2023-01-23", "256": "2023-01-24", "257": "2023-01-25", "258": "2023-01-26", "259": "2023-01-27", "260": "2023-01-30", "261": "2023-01-31", "262": "2023-02-01", "263": "2023-02-02", "264": "2023-02-03", "265": "2023-02-06", "266": "2023-02-07", "267": "2023-02-08", "268": "2023-02-09", "269": "2023-02-10", "270": "2023-02-13", "271": "2023-02-14", "272": "2023-02-15", "273": "2023-02-16", "274": "2023-02-17", "275": "2023-02-21", "276": "2023-02-22", "277": "2023-02-23", "278": "2023-02-24", "279": "2023-02-27", "280": "2023-02-28", "281": "2023-03-01", "282": "2023-03-02", "283": "2023-03-03", "284": "2023-03-06", "285": "2023-03-07", "286": "2023-03-08", "287": "2023-03-09", "288": "2023-03-10", "289": "2023-03-13", "290": "2023-03-14", "291": "2023-03-15", "292": "2023-03-16", "293": "2023-03-17", "294": "2023-03-20", "295": "2023-03-21", "296": "2023-03-22", "297": "2023-03-23", "298": "2023-03-24", "299": "2023-03-27", "300": "2023-03-28", "301": "2023-03-29", "302": "2023-03-30", "303": "2023-03-31", "304": "2023-04-03", "305": "2023-04-04", "306": "2023-04-05", "307": "2023-04-06", "308": "2023-04-10", "309": "2023-04-11", "310": "2023-04-12", "311": "2023-04-13", "312": "2023-04-14", "313": "2023-04-17", "314": "2023-04-18", "315": "2023-04-19", "316": "2023-04-20", "317": "2023-04-21", "318": "2023-04-24", "319": "2023-04-25", "320": "2023-04-26", "321": "2023-04-27", "322": "2023-04-28", "323": "2023-05-01", "324": "2023-05-02", "325": "2023-05-03", "326": "2023-05-04", "327": "2023-05-05", "328": "2023-05-08", "329": "2023-05-09", "330": "2023-05-10", "331": "2023-05-11", "332": "2023-05-12", "333": "2023-05-15", "334": "2023-05-16", "335": "2023-05-17", "336": "2023-05-18", "337": "2023-05-19", "338": "2023-05-22", "339": "2023-05-23", "340": "2023-05-24", "341": "2023-05-25", "342": "2023-05-26", "343": "2023-05-30", "344": "2023-05-31", "345": "2023-06-01", "346": "2023-06-02", "347": "2023-06-05", "348": "2023-06-06", "349": "2023-06-07", "350": "2023-06-08", "351": "2023-06-09", "352": "2023-06-12", "353": "2023-06-13", "354": "2023-06-14", "355": "2023-06-15", "356": "2023-06-16", "357": "2023-06-20", "358": "2023-06-21", "359": "2023-06-22", "360": "2023-06-23", "361": "2023-06-26", "362": "2023-06-27", "363": "2023-06-28", "364": "2023-06-29"}, "open": {"0": 9.800000190734863, "1": 10.109999656677246, "2": 9.84000015258789, "3": 9.850000381469727, "4": 9.850000381469727, "5": 9.859999656677246, "6": 9.75, "7": 9.850000381469727, "8": 9.819999694824219, "9": 9.84000015258789, "10": 9.819999694824219, "11": 9.989999771118164, "12": 9.989999771118164, "13": 9.880000114440918, "14": 9.824999809265137, "15": 9.819999694824219, "16": 9.868000030517578, "17": 9.859999656677246, "18": 9.84000015258789, "19": 9.84000015258789, "20": 9.864999771118164, "21": 9.864999771118164, "22": 9.864999771118164, "23": 9.869999885559082, "24": 9.869999885559082, "25": 9.869999885559082, "26": 9.869999885559082, "27": 9.869999885559082, "28": 9.84000015258789, "29": 9.869999885559082, "30": 9.819999694824219, "31": 9.895000457763672, "32": 9.890000343322754, "33": 9.899999618530273, "34": 9.899999618530273, "35": 9.890000343322754, "36": 9.890000343322754, "37": 9.890000343322754, "38": 9.899999618530273, "39": 9.90999984741211, "40": 9.90999984741211, "41": 9.90999984741211, "42": 9.895000457763672, "43": 9.899999618530273, "44": 9.90999984741211, "45": 9.930000305175781, "46": 9.930000305175781, "47": 9.930000305175781, "48": 9.930000305175781, "49": 9.930000305175781, "50": 9.930000305175781, "51": 9.930000305175781, "52": 9.930000305175781, "53": 9.930000305175781, "54": 9.930000305175781, "55": 9.880000114440918, "56": 9.925000190734863, "57": 9.90999984741211, "58": 9.90999984741211, "59": 9.90999984741211, "60": 9.90999984741211, "61": 9.90999984741211, "62": 9.90999984741211, "63": 9.930000305175781, "64": 9.960000038146973, "65": 9.960000038146973, "66": 9.960000038146973, "67": 9.960000038146973, "68": 9.9399995803833, "69": 9.9399995803833, "70": 9.9399995803833, "71": 9.930000305175781, "72": 10.300000190734863, "73": 9.949999809265137, "74": 9.949999809265137, "75": 9.930000305175781, "76": 9.930000305175781, "77": 9.930000305175781, "78": 9.930000305175781, "79": 9.890000343322754, "80": 10.385000228881836, "81": 9.899999618530273, "82": 9.890000343322754, "83": 9.890000343322754, "84": 9.895000457763672, "85": 9.890999794006348, "86": 9.890000343322754, "87": 9.890000343322754, "88": 9.890000343322754, "89": 9.890000343322754, "90": 9.890000343322754, "91": 9.890000343322754, "92": 9.890000343322754, "93": 9.890000343322754, "94": 9.890000343322754, "95": 9.890000343322754, "96": 9.890000343322754, "97": 9.979999542236328, "98": 9.90999984741211, "99": 9.90999984741211, "100": 9.90999984741211, "101": 9.920000076293945, "102": 9.90999984741211, "103": 9.989999771118164, "104": 9.90999984741211, "105": 9.899999618530273, "106": 9.899999618530273, "107": 9.90999984741211, "108": 9.920000076293945, "109": 9.920000076293945, "110": 9.920000076293945, "111": 9.960000038146973, "112": 9.944999694824219, "113": 9.920000076293945, "114": 9.9399995803833, "115": 9.9399995803833, "116": 9.970000267028809, "117": 9.9399995803833, "118": 9.930000305175781, "119": 9.9399995803833, "120": 9.970000267028809, "121": 9.970000267028809, "122": 9.970000267028809, "123": 9.970000267028809, "124": 9.979999542236328, "125": 9.930000305175781, "126": 9.930000305175781, "127": 9.930000305175781, "128": 9.949999809265137, "129": 9.949999809265137, "130": 9.949999809265137, "131": 9.949999809265137, "132": 9.949999809265137, "133": 9.949999809265137, "134": 9.960000038146973, "135": 9.960000038146973, "136": 9.960000038146973, "137": 9.949999809265137, "138": 9.949999809265137, "139": 9.949999809265137, "140": 10.010000228881836, "141": 9.960000038146973, "142": 9.960000038146973, "143": 9.960000038146973, "144": 9.960000038146973, "145": 9.970000267028809, "146": 9.970000267028809, "147": 9.960000038146973, "148": 9.970999717712402, "149": 9.970999717712402, "150": 9.890000343322754, "151": 9.970000267028809, "152": 9.960000038146973, "153": 9.960000038146973, "154": 9.9399995803833, "155": 9.890000343322754, "156": 9.949999809265137, "157": 9.970000267028809, "158": 9.949999809265137, "159": 9.949999809265137, "160": 9.970000267028809, "161": 9.949999809265137, "162": 9.949999809265137, "163": 9.960000038146973, "164": 9.949999809265137, "165": 9.920000076293945, "166": 9.9399995803833, "167": 9.949999809265137, "168": 9.920000076293945, "169": 9.960000038146973, "170": 9.960000038146973, "171": 9.970000267028809, "172": 9.970000267028809, "173": 9.989999771118164, "174": 9.989999771118164, "175": 10.0600004196167, "176": 10.0600004196167, "177": 10.020000457763672, "178": 10.015000343322754, "179": 10.069999694824219, "180": 10.069999694824219, "181": 10.069999694824219, "182": 10.069999694824219, "183": 10.069999694824219, "184": 10.069999694824219, "185": 10.069999694824219, "186": 9.989999771118164, "187": 9.989999771118164, "188": 9.989999771118164, "189": 10.0600004196167, "190": 10.0600004196167, "191": 10.0, "192": 10.0, "193": 10.0, "194": 10.0, "195": 10.010000228881836, "196": 10.010000228881836, "197": 10.010000228881836, "198": 10.010000228881836, "199": 10.100000381469727, "200": 10.100000381469727, "201": 10.100000381469727, "202": 10.079999923706055, "203": 10.079999923706055, "204": 10.079999923706055, "205": 10.100000381469727, "206": 10.079999923706055, "207": 10.119999885559082, "208": 10.069999694824219, "209": 10.069999694824219, "210": 10.069999694824219, "211": 10.069999694824219, "212": 10.0600004196167, "213": 10.0600004196167, "214": 10.0600004196167, "215": 10.0600004196167, "216": 10.15999984741211, "217": 10.149999618530273, "218": 10.130000114440918, "219": 10.130000114440918, "220": 10.149999618530273, "221": 10.119999885559082, "222": 10.114999771118164, "223": 10.119999885559082, "224": 10.119999885559082, "225": 10.114999771118164, "226": 10.109999656677246, "227": 10.109999656677246, "228": 10.109999656677246, "229": 10.109999656677246, "230": 10.109999656677246, "231": 10.119999885559082, "232": 10.119999885559082, "233": 10.119999885559082, "234": 10.119999885559082, "235": 10.119999885559082, "236": 10.119999885559082, "237": 10.119999885559082, "238": 10.119999885559082, "239": 10.119999885559082, "240": 10.130000114440918, "241": 10.170000076293945, "242": 10.1899995803833, "243": 10.1899995803833, "244": 10.194999694824219, "245": 10.199999809265137, "246": 10.199999809265137, "247": 10.1899995803833, "248": 10.199999809265137, "249": 10.239999771118164, "250": 10.270000457763672, "251": 10.25, "252": 10.239999771118164, "253": 10.25, "254": 10.25, "255": 10.260000228881836, "256": 10.279999732971191, "257": 10.270000457763672, "258": 10.279999732971191, "259": 10.170000076293945, "260": 10.5, "261": 10.270000457763672, "262": 10.260000228881836, "263": 10.260000228881836, "264": 10.260000228881836, "265": 10.270000457763672, "266": 10.270000457763672, "267": 10.270000457763672, "268": 10.270000457763672, "269": 10.270000457763672, "270": 10.279999732971191, "271": 10.279999732971191, "272": 10.279999732971191, "273": 10.279999732971191, "274": 10.279999732971191, "275": 10.289999961853027, "276": 10.3100004196167, "277": 10.279999732971191, "278": 10.279999732971191, "279": 10.279999732971191, "280": 10.3100004196167, "281": 10.3100004196167, "282": 10.3100004196167, "283": 10.319999694824219, "284": 10.319999694824219, "285": 10.319999694824219, "286": 10.319999694824219, "287": 10.350000381469727, "288": 10.350000381469727, "289": 10.350000381469727, "290": 10.329999923706055, "291": 10.329999923706055, "292": 10.329999923706055, "293": 10.350000381469727, "294": 10.329999923706055, "295": 10.329999923706055, "296": 10.34000015258789, "297": 10.350000381469727, "298": 10.350000381469727, "299": 10.350000381469727, "300": 10.350000381469727, "301": 10.359999656677246, "302": 10.359999656677246, "303": 10.359999656677246, "304": 10.380000114440918, "305": 10.369999885559082, "306": 10.369999885559082, "307": 10.369999885559082, "308": 10.369999885559082, "309": 10.395000457763672, "310": 10.380999565124512, "311": 10.399999618530273, "312": 10.380000114440918, "313": 10.390000343322754, "314": 10.406999588012695, "315": 10.390000343322754, "316": 10.399999618530273, "317": 10.390000343322754, "318": 10.470000267028809, "319": 10.380000114440918, "320": 10.380000114440918, "321": 10.380000114440918, "322": 10.380000114440918, "323": 10.399999618530273, "324": 10.399999618530273, "325": 10.399999618530273, "326": 10.399999618530273, "327": 10.40999984741211, "328": 10.420000076293945, "329": 10.420000076293945, "330": 10.428999900817871, "331": 10.420000076293945, "332": 10.420000076293945, "333": 10.4399995803833, "334": 10.4399995803833, "335": 10.420000076293945, "336": 10.430000305175781, "337": 10.4399995803833, "338": 10.416000366210938, "339": 10.4399995803833, "340": 10.40999984741211, "341": 10.399999618530273, "342": 10.399999618530273, "343": 10.4399995803833, "344": 10.4399995803833, "345": 10.482999801635742, "346": 10.699999809265137, "347": 10.460000038146973, "348": 10.470000267028809, "349": 10.5600004196167, "350": 10.496000289916992, "351": 10.460000038146973, "352": 10.630000114440918, "353": 10.569999694824219, "354": 10.600000381469727, "355": 10.550000190734863, "356": 10.600000381469727, "357": 10.529999732971191, "358": 10.529999732971191, "359": 10.5, "360": 10.479999542236328, "361": 10.470000267028809, "362": 10.5, "363": 10.484999656677246, "364": 10.989999771118164}, "high": {"0": 10.199999809265137, "1": 10.109999656677246, "2": 9.850000381469727, "3": 9.850000381469727, "4": 9.850000381469727, "5": 9.880000114440918, "6": 9.850000381469727, "7": 9.850000381469727, "8": 9.819999694824219, "9": 9.84000015258789, "10": 9.829999923706055, "11": 9.989999771118164, "12": 9.989999771118164, "13": 9.880000114440918, "14": 9.824999809265137, "15": 9.819999694824219, "16": 9.868000030517578, "17": 9.859999656677246, "18": 9.84000015258789, "19": 9.864999771118164, "20": 9.864999771118164, "21": 9.864999771118164, "22": 9.864999771118164, "23": 9.869999885559082, "24": 9.869999885559082, "25": 9.869999885559082, "26": 9.869999885559082, "27": 9.869999885559082, "28": 9.84000015258789, "29": 9.869999885559082, "30": 9.899999618530273, "31": 9.899999618530273, "32": 9.890000343322754, "33": 9.899999618530273, "34": 9.899999618530273, "35": 9.890000343322754, "36": 9.890000343322754, "37": 9.890000343322754, "38": 9.899999618530273, "39": 9.90999984741211, "40": 9.90999984741211, "41": 9.90999984741211, "42": 9.895000457763672, "43": 9.90999984741211, "44": 9.930000305175781, "45": 9.930000305175781, "46": 9.930000305175781, "47": 9.930000305175781, "48": 9.930000305175781, "49": 9.930000305175781, "50": 9.930000305175781, "51": 9.930000305175781, "52": 9.930000305175781, "53": 9.930000305175781, "54": 9.930000305175781, "55": 9.925000190734863, "56": 9.925000190734863, "57": 9.90999984741211, "58": 9.90999984741211, "59": 9.90999984741211, "60": 9.90999984741211, "61": 9.90999984741211, "62": 9.90999984741211, "63": 9.960000038146973, "64": 9.960000038146973, "65": 9.960000038146973, "66": 9.960000038146973, "67": 9.960000038146973, "68": 9.9399995803833, "69": 9.9399995803833, "70": 9.9399995803833, "71": 9.930000305175781, "72": 10.300000190734863, "73": 9.949999809265137, "74": 9.949999809265137, "75": 9.960000038146973, "76": 9.949999809265137, "77": 9.930000305175781, "78": 9.9399995803833, "79": 9.89900016784668, "80": 10.385000228881836, "81": 9.9350004196167, "82": 9.890000343322754, "83": 9.890000343322754, "84": 9.895000457763672, "85": 9.925000190734863, "86": 9.890000343322754, "87": 9.890000343322754, "88": 9.890000343322754, "89": 9.890000343322754, "90": 9.890000343322754, "91": 9.890000343322754, "92": 9.890000343322754, "93": 9.890000343322754, "94": 9.890000343322754, "95": 9.890000343322754, "96": 9.899999618530273, "97": 9.979999542236328, "98": 9.928000450134277, "99": 9.90999984741211, "100": 9.90999984741211, "101": 9.920000076293945, "102": 9.979999542236328, "103": 9.989999771118164, "104": 9.90999984741211, "105": 9.899999618530273, "106": 9.899999618530273, "107": 9.920000076293945, "108": 9.920000076293945, "109": 9.920000076293945, "110": 9.920000076293945, "111": 9.960000038146973, "112": 9.944999694824219, "113": 9.9399995803833, "114": 9.9399995803833, "115": 9.9399995803833, "116": 9.970000267028809, "117": 9.9399995803833, "118": 9.9399995803833, "119": 9.9399995803833, "120": 9.970000267028809, "121": 9.970000267028809, "122": 9.970000267028809, "123": 9.970000267028809, "124": 9.979999542236328, "125": 9.930000305175781, "126": 9.930000305175781, "127": 9.930000305175781, "128": 9.949999809265137, "129": 9.949999809265137, "130": 9.949999809265137, "131": 9.949999809265137, "132": 9.949999809265137, "133": 9.949999809265137, "134": 9.960000038146973, "135": 9.960000038146973, "136": 9.960000038146973, "137": 9.949999809265137, "138": 9.949999809265137, "139": 9.949999809265137, "140": 10.010000228881836, "141": 9.960000038146973, "142": 9.960000038146973, "143": 9.960000038146973, "144": 9.960000038146973, "145": 9.970000267028809, "146": 9.970000267028809, "147": 9.970999717712402, "148": 9.970999717712402, "149": 9.970999717712402, "150": 9.979999542236328, "151": 9.970000267028809, "152": 9.960000038146973, "153": 9.960000038146973, "154": 9.949999809265137, "155": 9.949999809265137, "156": 9.949999809265137, "157": 9.970000267028809, "158": 9.960000038146973, "159": 9.949999809265137, "160": 9.970000267028809, "161": 9.949999809265137, "162": 9.949999809265137, "163": 9.960000038146973, "164": 9.949999809265137, "165": 9.954999923706055, "166": 9.949999809265137, "167": 9.949999809265137, "168": 9.960000038146973, "169": 9.960000038146973, "170": 9.960000038146973, "171": 9.979999542236328, "172": 10.0, "173": 10.0, "174": 10.0, "175": 10.0600004196167, "176": 10.0600004196167, "177": 10.020000457763672, "178": 10.015000343322754, "179": 10.069999694824219, "180": 10.069999694824219, "181": 10.069999694824219, "182": 10.069999694824219, "183": 10.069999694824219, "184": 10.069999694824219, "185": 10.069999694824219, "186": 9.989999771118164, "187": 9.989999771118164, "188": 9.989999771118164, "189": 10.0600004196167, "190": 10.0600004196167, "191": 10.0, "192": 10.0, "193": 10.0, "194": 10.0, "195": 10.010000228881836, "196": 10.010000228881836, "197": 10.010000228881836, "198": 10.010000228881836, "199": 10.100000381469727, "200": 10.100000381469727, "201": 10.100000381469727, "202": 10.079999923706055, "203": 10.079999923706055, "204": 10.100000381469727, "205": 10.100000381469727, "206": 10.079999923706055, "207": 10.119999885559082, "208": 10.069999694824219, "209": 10.069999694824219, "210": 10.069999694824219, "211": 10.069999694824219, "212": 10.0600004196167, "213": 10.0600004196167, "214": 10.0600004196167, "215": 10.0600004196167, "216": 10.170000076293945, "217": 10.15999984741211, "218": 10.130000114440918, "219": 10.130000114440918, "220": 10.154999732971191, "221": 10.119999885559082, "222": 10.119999885559082, "223": 10.119999885559082, "224": 10.119999885559082, "225": 10.114999771118164, "226": 10.109999656677246, "227": 10.109999656677246, "228": 10.109999656677246, "229": 10.109999656677246, "230": 10.109999656677246, "231": 10.119999885559082, "232": 10.130000114440918, "233": 10.119999885559082, "234": 10.119999885559082, "235": 10.119999885559082, "236": 10.119999885559082, "237": 10.119999885559082, "238": 10.119999885559082, "239": 10.119999885559082, "240": 10.15999984741211, "241": 10.1899995803833, "242": 10.1899995803833, "243": 10.1899995803833, "244": 10.199999809265137, "245": 10.199999809265137, "246": 10.199999809265137, "247": 10.210000038146973, "248": 10.239999771118164, "249": 10.25, "250": 10.270000457763672, "251": 10.260000228881836, "252": 10.25, "253": 10.270000457763672, "254": 10.260000228881836, "255": 10.270000457763672, "256": 10.279999732971191, "257": 10.279999732971191, "258": 10.281000137329102, "259": 10.239999771118164, "260": 10.5, "261": 10.289999961853027, "262": 10.270000457763672, "263": 10.265000343322754, "264": 10.260000228881836, "265": 10.270000457763672, "266": 10.270000457763672, "267": 10.270000457763672, "268": 10.270000457763672, "269": 10.390000343322754, "270": 10.279999732971191, "271": 10.279999732971191, "272": 10.279999732971191, "273": 10.279999732971191, "274": 10.279999732971191, "275": 10.289999961853027, "276": 10.3100004196167, "277": 10.279999732971191, "278": 10.279999732971191, "279": 10.279999732971191, "280": 10.3149995803833, "281": 10.3100004196167, "282": 10.319999694824219, "283": 10.329999923706055, "284": 10.34000015258789, "285": 10.319999694824219, "286": 10.319999694824219, "287": 10.350000381469727, "288": 10.350000381469727, "289": 10.350000381469727, "290": 10.329999923706055, "291": 10.329999923706055, "292": 10.329999923706055, "293": 10.350000381469727, "294": 10.329999923706055, "295": 10.350000381469727, "296": 10.350000381469727, "297": 10.350000381469727, "298": 10.359999656677246, "299": 10.359999656677246, "300": 10.350000381469727, "301": 10.359999656677246, "302": 10.359999656677246, "303": 10.364999771118164, "304": 10.380000114440918, "305": 10.369999885559082, "306": 10.369999885559082, "307": 10.369999885559082, "308": 10.369999885559082, "309": 10.395000457763672, "310": 10.385000228881836, "311": 10.399999618530273, "312": 10.380000114440918, "313": 10.4399995803833, "314": 10.444999694824219, "315": 10.390000343322754, "316": 10.399999618530273, "317": 10.390000343322754, "318": 10.470000267028809, "319": 10.390000343322754, "320": 10.380000114440918, "321": 10.380000114440918, "322": 10.390000343322754, "323": 10.399999618530273, "324": 10.40999984741211, "325": 10.40999984741211, "326": 10.399999618530273, "327": 10.40999984741211, "328": 10.420000076293945, "329": 10.430000305175781, "330": 10.428999900817871, "331": 10.420000076293945, "332": 10.420000076293945, "333": 10.4399995803833, "334": 10.4399995803833, "335": 10.4399995803833, "336": 10.430000305175781, "337": 10.4399995803833, "338": 10.4399995803833, "339": 10.4399995803833, "340": 10.4399995803833, "341": 10.399999618530273, "342": 10.399999618530273, "343": 10.4399995803833, "344": 10.472000122070312, "345": 10.482999801635742, "346": 10.710000038146973, "347": 10.460000038146973, "348": 10.5, "349": 10.5600004196167, "350": 10.496000289916992, "351": 10.595000267028809, "352": 10.630000114440918, "353": 10.569999694824219, "354": 10.600000381469727, "355": 10.550000190734863, "356": 10.600000381469727, "357": 10.529999732971191, "358": 10.529999732971191, "359": 10.5, "360": 10.479999542236328, "361": 10.470000267028809, "362": 11.0, "363": 10.484999656677246, "364": 10.994999885559082}, "low": {"0": 9.75, "1": 9.8100004196167, "2": 9.829999923706055, "3": 9.850000381469727, "4": 9.84000015258789, "5": 9.84000015258789, "6": 9.75, "7": 9.850000381469727, "8": 9.770000457763672, "9": 9.779999732971191, "10": 9.819999694824219, "11": 9.819999694824219, "12": 9.8100004196167, "13": 9.880000114440918, "14": 9.819999694824219, "15": 9.819999694824219, "16": 9.868000030517578, "17": 9.829999923706055, "18": 9.84000015258789, "19": 9.84000015258789, "20": 9.864999771118164, "21": 9.864999771118164, "22": 9.864999771118164, "23": 9.869999885559082, "24": 9.869999885559082, "25": 9.850000381469727, "26": 9.869999885559082, "27": 9.84000015258789, "28": 9.84000015258789, "29": 9.869999885559082, "30": 9.819999694824219, "31": 9.890000343322754, "32": 9.890000343322754, "33": 9.892000198364258, "34": 9.890000343322754, "35": 9.890000343322754, "36": 9.890000343322754, "37": 9.890000343322754, "38": 9.869999885559082, "39": 9.899999618530273, "40": 9.90999984741211, "41": 9.869999885559082, "42": 9.895000457763672, "43": 9.899999618530273, "44": 9.90999984741211, "45": 9.930000305175781, "46": 9.930000305175781, "47": 9.930000305175781, "48": 9.930000305175781, "49": 9.930000305175781, "50": 9.930000305175781, "51": 9.930000305175781, "52": 9.930000305175781, "53": 9.930000305175781, "54": 9.930000305175781, "55": 9.880000114440918, "56": 9.925000190734863, "57": 9.90999984741211, "58": 9.90999984741211, "59": 9.90999984741211, "60": 9.90999984741211, "61": 9.90999984741211, "62": 9.90999984741211, "63": 9.930000305175781, "64": 9.960000038146973, "65": 9.960000038146973, "66": 9.960000038146973, "67": 9.960000038146973, "68": 9.9399995803833, "69": 9.9399995803833, "70": 9.9399995803833, "71": 9.930000305175781, "72": 9.9399995803833, "73": 9.949999809265137, "74": 9.949999809265137, "75": 9.930000305175781, "76": 9.930000305175781, "77": 9.930000305175781, "78": 9.880000114440918, "79": 9.890000343322754, "80": 9.880000114440918, "81": 9.899999618530273, "82": 9.890000343322754, "83": 9.890000343322754, "84": 9.890000343322754, "85": 9.890000343322754, "86": 9.890000343322754, "87": 9.890000343322754, "88": 9.890000343322754, "89": 9.890000343322754, "90": 9.890000343322754, "91": 9.890000343322754, "92": 9.890000343322754, "93": 9.890000343322754, "94": 9.890000343322754, "95": 9.890000343322754, "96": 9.890000343322754, "97": 9.979999542236328, "98": 9.90999984741211, "99": 9.90999984741211, "100": 9.90999984741211, "101": 9.920000076293945, "102": 9.90999984741211, "103": 9.90999984741211, "104": 9.90999984741211, "105": 9.899999618530273, "106": 9.899999618530273, "107": 9.90999984741211, "108": 9.920000076293945, "109": 9.920000076293945, "110": 9.920000076293945, "111": 9.960000038146973, "112": 9.944999694824219, "113": 9.90999984741211, "114": 9.9399995803833, "115": 9.9399995803833, "116": 9.9399995803833, "117": 9.9399995803833, "118": 9.930000305175781, "119": 9.9399995803833, "120": 9.970000267028809, "121": 9.970000267028809, "122": 9.970000267028809, "123": 9.970000267028809, "124": 9.930000305175781, "125": 9.930000305175781, "126": 9.930000305175781, "127": 9.930000305175781, "128": 9.9399995803833, "129": 9.9399995803833, "130": 9.9399995803833, "131": 9.949999809265137, "132": 9.949999809265137, "133": 9.949999809265137, "134": 9.949999809265137, "135": 9.960000038146973, "136": 9.949999809265137, "137": 9.949999809265137, "138": 9.949999809265137, "139": 9.949999809265137, "140": 9.960000038146973, "141": 9.960000038146973, "142": 9.960000038146973, "143": 9.960000038146973, "144": 9.960000038146973, "145": 9.960000038146973, "146": 9.970000267028809, "147": 9.960000038146973, "148": 9.970999717712402, "149": 9.970999717712402, "150": 9.890000343322754, "151": 9.970000267028809, "152": 9.949999809265137, "153": 9.944999694824219, "154": 9.930000305175781, "155": 9.890000343322754, "156": 9.949999809265137, "157": 9.949999809265137, "158": 9.949999809265137, "159": 9.949999809265137, "160": 9.949999809265137, "161": 9.949999809265137, "162": 9.949999809265137, "163": 9.949999809265137, "164": 9.949999809265137, "165": 9.920000076293945, "166": 9.9399995803833, "167": 9.949999809265137, "168": 9.920000076293945, "169": 9.960000038146973, "170": 9.960000038146973, "171": 9.970000267028809, "172": 9.970000267028809, "173": 9.979999542236328, "174": 9.989999771118164, "175": 10.010000228881836, "176": 10.029999732971191, "177": 10.0, "178": 10.015000343322754, "179": 10.069999694824219, "180": 10.069999694824219, "181": 10.069999694824219, "182": 10.069999694824219, "183": 10.069999694824219, "184": 10.069999694824219, "185": 10.069999694824219, "186": 9.989999771118164, "187": 9.989999771118164, "188": 9.989999771118164, "189": 9.989999771118164, "190": 10.010000228881836, "191": 10.0, "192": 10.0, "193": 10.0, "194": 10.0, "195": 10.0, "196": 10.010000228881836, "197": 10.010000228881836, "198": 10.010000228881836, "199": 10.039999961853027, "200": 10.039999961853027, "201": 10.100000381469727, "202": 10.079999923706055, "203": 10.079999923706055, "204": 10.079999923706055, "205": 10.079999923706055, "206": 10.079999923706055, "207": 10.105999946594238, "208": 10.069999694824219, "209": 10.069999694824219, "210": 10.069999694824219, "211": 10.069999694824219, "212": 10.0600004196167, "213": 10.0600004196167, "214": 10.0600004196167, "215": 10.0600004196167, "216": 10.079999923706055, "217": 10.119999885559082, "218": 10.130000114440918, "219": 10.130000114440918, "220": 10.109999656677246, "221": 10.109999656677246, "222": 10.114999771118164, "223": 10.119999885559082, "224": 10.119999885559082, "225": 10.11400032043457, "226": 10.109999656677246, "227": 10.109999656677246, "228": 10.109999656677246, "229": 10.109999656677246, "230": 10.109999656677246, "231": 10.114999771118164, "232": 10.109999656677246, "233": 10.119999885559082, "234": 10.119999885559082, "235": 10.119999885559082, "236": 10.119999885559082, "237": 10.119999885559082, "238": 10.119999885559082, "239": 10.119999885559082, "240": 10.130000114440918, "241": 10.170000076293945, "242": 10.1899995803833, "243": 10.1899995803833, "244": 10.194999694824219, "245": 10.199999809265137, "246": 10.199999809265137, "247": 10.1899995803833, "248": 10.199999809265137, "249": 10.239999771118164, "250": 10.25, "251": 10.25, "252": 10.239999771118164, "253": 10.25, "254": 10.25, "255": 10.255000114440918, "256": 10.260000228881836, "257": 10.270000457763672, "258": 10.170000076293945, "259": 10.15999984741211, "260": 10.170000076293945, "261": 10.265000343322754, "262": 10.260000228881836, "263": 10.260000228881836, "264": 10.260000228881836, "265": 10.270000457763672, "266": 10.270000457763672, "267": 10.270000457763672, "268": 10.270000457763672, "269": 10.270000457763672, "270": 10.279999732971191, "271": 10.279999732971191, "272": 10.279999732971191, "273": 10.279999732971191, "274": 10.279999732971191, "275": 10.289999961853027, "276": 10.279999732971191, "277": 10.279999732971191, "278": 10.279999732971191, "279": 10.279999732971191, "280": 10.279999732971191, "281": 10.295000076293945, "282": 10.300000190734863, "283": 10.319999694824219, "284": 10.319999694824219, "285": 10.319999694824219, "286": 10.319999694824219, "287": 10.350000381469727, "288": 10.350000381469727, "289": 10.350000381469727, "290": 10.329999923706055, "291": 10.329999923706055, "292": 10.329999923706055, "293": 10.329999923706055, "294": 10.329999923706055, "295": 10.329999923706055, "296": 10.34000015258789, "297": 10.350000381469727, "298": 10.350000381469727, "299": 10.350000381469727, "300": 10.350000381469727, "301": 10.354999542236328, "302": 10.359999656677246, "303": 10.359999656677246, "304": 10.369999885559082, "305": 10.369999885559082, "306": 10.369999885559082, "307": 10.369999885559082, "308": 10.369999885559082, "309": 10.380000114440918, "310": 10.380000114440918, "311": 10.380000114440918, "312": 10.380000114440918, "313": 10.390000343322754, "314": 10.390000343322754, "315": 10.390000343322754, "316": 10.390000343322754, "317": 10.390000343322754, "318": 10.380000114440918, "319": 10.380000114440918, "320": 10.380000114440918, "321": 10.380000114440918, "322": 10.380000114440918, "323": 10.395000457763672, "324": 10.395000457763672, "325": 10.395000457763672, "326": 10.399999618530273, "327": 10.40999984741211, "328": 10.399999618530273, "329": 10.40999984741211, "330": 10.40999984741211, "331": 10.420000076293945, "332": 10.420000076293945, "333": 10.4399995803833, "334": 10.430000305175781, "335": 10.420000076293945, "336": 10.425000190734863, "337": 10.420000076293945, "338": 10.416000366210938, "339": 10.40999984741211, "340": 10.399999618530273, "341": 10.399999618530273, "342": 10.399999618530273, "343": 10.4399995803833, "344": 10.4399995803833, "345": 10.449999809265137, "346": 10.460000038146973, "347": 10.460000038146973, "348": 10.460000038146973, "349": 10.496000289916992, "350": 10.496000289916992, "351": 10.460000038146973, "352": 10.5600004196167, "353": 10.569999694824219, "354": 10.550000190734863, "355": 10.550000190734863, "356": 10.5, "357": 10.529999732971191, "358": 10.529999732971191, "359": 10.460000038146973, "360": 10.479999542236328, "361": 10.470000267028809, "362": 10.479999542236328, "363": 10.484999656677246, "364": 10.460000038146973}, "close": {"0": 9.819999694824219, "1": 9.8100004196167, "2": 9.850000381469727, "3": 9.850000381469727, "4": 9.84000015258789, "5": 9.880000114440918, "6": 9.850000381469727, "7": 9.850000381469727, "8": 9.770000457763672, "9": 9.819999694824219, "10": 9.819999694824219, "11": 9.819999694824219, "12": 9.880000114440918, "13": 9.880000114440918, "14": 9.819999694824219, "15": 9.819999694824219, "16": 9.868000030517578, "17": 9.84000015258789, "18": 9.84000015258789, "19": 9.864999771118164, "20": 9.864999771118164, "21": 9.864999771118164, "22": 9.864999771118164, "23": 9.869999885559082, "24": 9.869999885559082, "25": 9.869999885559082, "26": 9.869999885559082, "27": 9.84000015258789, "28": 9.84000015258789, "29": 9.869999885559082, "30": 9.899999618530273, "31": 9.890000343322754, "32": 9.890000343322754, "33": 9.892000198364258, "34": 9.899999618530273, "35": 9.890000343322754, "36": 9.890000343322754, "37": 9.890000343322754, "38": 9.899999618530273, "39": 9.899999618530273, "40": 9.90999984741211, "41": 9.895000457763672, "42": 9.895000457763672, "43": 9.90999984741211, "44": 9.930000305175781, "45": 9.930000305175781, "46": 9.930000305175781, "47": 9.930000305175781, "48": 9.930000305175781, "49": 9.930000305175781, "50": 9.930000305175781, "51": 9.930000305175781, "52": 9.930000305175781, "53": 9.930000305175781, "54": 9.930000305175781, "55": 9.925000190734863, "56": 9.925000190734863, "57": 9.90999984741211, "58": 9.90999984741211, "59": 9.90999984741211, "60": 9.90999984741211, "61": 9.90999984741211, "62": 9.90999984741211, "63": 9.960000038146973, "64": 9.960000038146973, "65": 9.960000038146973, "66": 9.960000038146973, "67": 9.960000038146973, "68": 9.9399995803833, "69": 9.9399995803833, "70": 9.9399995803833, "71": 9.930000305175781, "72": 9.970000267028809, "73": 9.949999809265137, "74": 9.949999809265137, "75": 9.960000038146973, "76": 9.930000305175781, "77": 9.930000305175781, "78": 9.880000114440918, "79": 9.89900016784668, "80": 9.899999618530273, "81": 9.899999618530273, "82": 9.890000343322754, "83": 9.890000343322754, "84": 9.890000343322754, "85": 9.890000343322754, "86": 9.890000343322754, "87": 9.890000343322754, "88": 9.890000343322754, "89": 9.890000343322754, "90": 9.890000343322754, "91": 9.890000343322754, "92": 9.890000343322754, "93": 9.890000343322754, "94": 9.890000343322754, "95": 9.890000343322754, "96": 9.899999618530273, "97": 9.979999542236328, "98": 9.90999984741211, "99": 9.90999984741211, "100": 9.90999984741211, "101": 9.920000076293945, "102": 9.90999984741211, "103": 9.90999984741211, "104": 9.90999984741211, "105": 9.899999618530273, "106": 9.899999618530273, "107": 9.920000076293945, "108": 9.920000076293945, "109": 9.920000076293945, "110": 9.920000076293945, "111": 9.960000038146973, "112": 9.944999694824219, "113": 9.9399995803833, "114": 9.9399995803833, "115": 9.9399995803833, "116": 9.9399995803833, "117": 9.9399995803833, "118": 9.9399995803833, "119": 9.9399995803833, "120": 9.970000267028809, "121": 9.970000267028809, "122": 9.970000267028809, "123": 9.970000267028809, "124": 9.930000305175781, "125": 9.930000305175781, "126": 9.930000305175781, "127": 9.930000305175781, "128": 9.9399995803833, "129": 9.949999809265137, "130": 9.949999809265137, "131": 9.949999809265137, "132": 9.949999809265137, "133": 9.949999809265137, "134": 9.960000038146973, "135": 9.960000038146973, "136": 9.949999809265137, "137": 9.949999809265137, "138": 9.949999809265137, "139": 9.949999809265137, "140": 9.960000038146973, "141": 9.960000038146973, "142": 9.960000038146973, "143": 9.960000038146973, "144": 9.960000038146973, "145": 9.970000267028809, "146": 9.970000267028809, "147": 9.970999717712402, "148": 9.970999717712402, "149": 9.970999717712402, "150": 9.960000038146973, "151": 9.970000267028809, "152": 9.949999809265137, "153": 9.949999809265137, "154": 9.930000305175781, "155": 9.949999809265137, "156": 9.949999809265137, "157": 9.970000267028809, "158": 9.949999809265137, "159": 9.949999809265137, "160": 9.960000038146973, "161": 9.949999809265137, "162": 9.949999809265137, "163": 9.949999809265137, "164": 9.949999809265137, "165": 9.949999809265137, "166": 9.949999809265137, "167": 9.949999809265137, "168": 9.960000038146973, "169": 9.960000038146973, "170": 9.960000038146973, "171": 9.970000267028809, "172": 9.989999771118164, "173": 10.0, "174": 10.0, "175": 10.010000228881836, "176": 10.029999732971191, "177": 10.015000343322754, "178": 10.015000343322754, "179": 10.069999694824219, "180": 10.069999694824219, "181": 10.069999694824219, "182": 10.069999694824219, "183": 10.069999694824219, "184": 10.069999694824219, "185": 10.069999694824219, "186": 9.989999771118164, "187": 9.989999771118164, "188": 9.989999771118164, "189": 9.989999771118164, "190": 10.010000228881836, "191": 10.0, "192": 10.0, "193": 10.0, "194": 10.0, "195": 10.0, "196": 10.010000228881836, "197": 10.010000228881836, "198": 10.010000228881836, "199": 10.069999694824219, "200": 10.039999961853027, "201": 10.100000381469727, "202": 10.079999923706055, "203": 10.079999923706055, "204": 10.100000381469727, "205": 10.079999923706055, "206": 10.079999923706055, "207": 10.105999946594238, "208": 10.069999694824219, "209": 10.069999694824219, "210": 10.069999694824219, "211": 10.069999694824219, "212": 10.0600004196167, "213": 10.0600004196167, "214": 10.0600004196167, "215": 10.0600004196167, "216": 10.109999656677246, "217": 10.119999885559082, "218": 10.130000114440918, "219": 10.130000114440918, "220": 10.109999656677246, "221": 10.109999656677246, "222": 10.119999885559082, "223": 10.119999885559082, "224": 10.119999885559082, "225": 10.11400032043457, "226": 10.109999656677246, "227": 10.109999656677246, "228": 10.109999656677246, "229": 10.109999656677246, "230": 10.109999656677246, "231": 10.114999771118164, "232": 10.109999656677246, "233": 10.119999885559082, "234": 10.119999885559082, "235": 10.119999885559082, "236": 10.119999885559082, "237": 10.119999885559082, "238": 10.119999885559082, "239": 10.119999885559082, "240": 10.15999984741211, "241": 10.1899995803833, "242": 10.1899995803833, "243": 10.1899995803833, "244": 10.199999809265137, "245": 10.199999809265137, "246": 10.199999809265137, "247": 10.210000038146973, "248": 10.234999656677246, "249": 10.25, "250": 10.25, "251": 10.25, "252": 10.25, "253": 10.260000228881836, "254": 10.260000228881836, "255": 10.260000228881836, "256": 10.270000457763672, "257": 10.270000457763672, "258": 10.170000076293945, "259": 10.180000305175781, "260": 10.239999771118164, "261": 10.270000457763672, "262": 10.265000343322754, "263": 10.260000228881836, "264": 10.260000228881836, "265": 10.270000457763672, "266": 10.270000457763672, "267": 10.270000457763672, "268": 10.270000457763672, "269": 10.270000457763672, "270": 10.279999732971191, "271": 10.279999732971191, "272": 10.279999732971191, "273": 10.279999732971191, "274": 10.279999732971191, "275": 10.289999961853027, "276": 10.279999732971191, "277": 10.279999732971191, "278": 10.279999732971191, "279": 10.279999732971191, "280": 10.3100004196167, "281": 10.3100004196167, "282": 10.319999694824219, "283": 10.329999923706055, "284": 10.319999694824219, "285": 10.319999694824219, "286": 10.319999694824219, "287": 10.350000381469727, "288": 10.350000381469727, "289": 10.350000381469727, "290": 10.329999923706055, "291": 10.329999923706055, "292": 10.329999923706055, "293": 10.329999923706055, "294": 10.329999923706055, "295": 10.34000015258789, "296": 10.350000381469727, "297": 10.350000381469727, "298": 10.350000381469727, "299": 10.350000381469727, "300": 10.350000381469727, "301": 10.359999656677246, "302": 10.359999656677246, "303": 10.364999771118164, "304": 10.380000114440918, "305": 10.369999885559082, "306": 10.369999885559082, "307": 10.369999885559082, "308": 10.369999885559082, "309": 10.380000114440918, "310": 10.380000114440918, "311": 10.380000114440918, "312": 10.380000114440918, "313": 10.390000343322754, "314": 10.390000343322754, "315": 10.390000343322754, "316": 10.390000343322754, "317": 10.390000343322754, "318": 10.380000114440918, "319": 10.380000114440918, "320": 10.380000114440918, "321": 10.380000114440918, "322": 10.390000343322754, "323": 10.395000457763672, "324": 10.40999984741211, "325": 10.399999618530273, "326": 10.399999618530273, "327": 10.40999984741211, "328": 10.399999618530273, "329": 10.40999984741211, "330": 10.40999984741211, "331": 10.420000076293945, "332": 10.420000076293945, "333": 10.4399995803833, "334": 10.430000305175781, "335": 10.420000076293945, "336": 10.430000305175781, "337": 10.430000305175781, "338": 10.4399995803833, "339": 10.420000076293945, "340": 10.399999618530273, "341": 10.399999618530273, "342": 10.399999618530273, "343": 10.4399995803833, "344": 10.4399995803833, "345": 10.449999809265137, "346": 10.460000038146973, "347": 10.460000038146973, "348": 10.460000038146973, "349": 10.496000289916992, "350": 10.496000289916992, "351": 10.595000267028809, "352": 10.569999694824219, "353": 10.569999694824219, "354": 10.550000190734863, "355": 10.550000190734863, "356": 10.529999732971191, "357": 10.529999732971191, "358": 10.529999732971191, "359": 10.479999542236328, "360": 10.479999542236328, "361": 10.470000267028809, "362": 10.484999656677246, "363": 10.484999656677246, "364": 10.5}, "volume": {"0": 9600, "1": 323300, "2": 227500, "3": 0, "4": 1400, "5": 2100, "6": 6400, "7": 700, "8": 15200, "9": 18000, "10": 27100, "11": 31600, "12": 2400, "13": 0, "14": 1000, "15": 0, "16": 200, "17": 56000, "18": 3000, "19": 24000, "20": 0, "21": 0, "22": 0, "23": 100, "24": 0, "25": 45100, "26": 5000, "27": 300, "28": 0, "29": 100, "30": 177900, "31": 1600, "32": 800, "33": 600, "34": 42500, "35": 151300, "36": 0, "37": 0, "38": 33700, "39": 4300, "40": 2100, "41": 26800, "42": 0, "43": 95100, "44": 26000, "45": 0, "46": 0, "47": 0, "48": 25000, "49": 0, "50": 1100, "51": 0, "52": 0, "53": 0, "54": 100, "55": 3900, "56": 0, "57": 100, "58": 0, "59": 0, "60": 0, "61": 0, "62": 0, "63": 5000, "64": 0, "65": 0, "66": 0, "67": 0, "68": 500, "69": 600, "70": 0, "71": 200, "72": 8100, "73": 604700, "74": 0, "75": 1100, "76": 102000, "77": 0, "78": 1012100, "79": 7900, "80": 5700, "81": 3800, "82": 1800, "83": 0, "84": 750700, "85": 1300, "86": 0, "87": 0, "88": 0, "89": 0, "90": 4800, "91": 0, "92": 100, "93": 0, "94": 0, "95": 0, "96": 800, "97": 100, "98": 3600, "99": 10700, "100": 0, "101": 1300, "102": 1500, "103": 11300, "104": 0, "105": 100, "106": 0, "107": 500, "108": 0, "109": 0, "110": 0, "111": 400, "112": 300, "113": 14100, "114": 0, "115": 0, "116": 360000, "117": 0, "118": 2300, "119": 0, "120": 500, "121": 0, "122": 0, "123": 0, "124": 3700, "125": 0, "126": 0, "127": 0, "128": 700, "129": 3400, "130": 5900, "131": 0, "132": 0, "133": 0, "134": 100400, "135": 0, "136": 7200, "137": 3600, "138": 0, "139": 0, "140": 300, "141": 49400, "142": 1200, "143": 200, "144": 0, "145": 7300, "146": 0, "147": 200, "148": 0, "149": 0, "150": 158200, "151": 100, "152": 41100, "153": 34700, "154": 27800, "155": 1600, "156": 0, "157": 300, "158": 13500, "159": 0, "160": 21200, "161": 20100, "162": 2100, "163": 700, "164": 0, "165": 37500, "166": 1200, "167": 0, "168": 64000, "169": 100, "170": 600, "171": 44800, "172": 127700, "173": 668500, "174": 2800, "175": 900, "176": 69900, "177": 238800, "178": 0, "179": 9200, "180": 200, "181": 0, "182": 0, "183": 0, "184": 0, "185": 0, "186": 100, "187": 200, "188": 0, "189": 2500, "190": 400, "191": 2500, "192": 0, "193": 100, "194": 1700, "195": 139600, "196": 500, "197": 100, "198": 0, "199": 185000, "200": 45200, "201": 200, "202": 4600, "203": 37200, "204": 8500, "205": 171200, "206": 0, "207": 300, "208": 70400, "209": 0, "210": 0, "211": 405200, "212": 125000, "213": 0, "214": 0, "215": 0, "216": 293500, "217": 4200, "218": 43500, "219": 0, "220": 702800, "221": 456300, "222": 4000, "223": 0, "224": 0, "225": 1700, "226": 25000, "227": 5300, "228": 100, "229": 100, "230": 0, "231": 10900, "232": 12200, "233": 100, "234": 100, "235": 0, "236": 0, "237": 0, "238": 0, "239": 0, "240": 4200, "241": 555100, "242": 0, "243": 0, "244": 8700, "245": 0, "246": 3100, "247": 4100, "248": 118700, "249": 207100, "250": 12900, "251": 52700, "252": 13000, "253": 492400, "254": 54700, "255": 110000, "256": 82600, "257": 620500, "258": 167200, "259": 2900, "260": 19600, "261": 2300, "262": 71700, "263": 36500, "264": 0, "265": 6600, "266": 2100, "267": 300, "268": 0, "269": 25500, "270": 100, "271": 0, "272": 0, "273": 0, "274": 0, "275": 100, "276": 62400, "277": 7900, "278": 0, "279": 3300, "280": 91000, "281": 28100, "282": 102000, "283": 10800, "284": 4400, "285": 400, "286": 0, "287": 300, "288": 0, "289": 0, "290": 300, "291": 0, "292": 0, "293": 50700, "294": 0, "295": 43000, "296": 95900, "297": 10100, "298": 65400, "299": 82400, "300": 16700, "301": 110100, "302": 0, "303": 250500, "304": 23600, "305": 6000, "306": 0, "307": 0, "308": 0, "309": 14200, "310": 5700, "311": 2200, "312": 250200, "313": 39800, "314": 345800, "315": 0, "316": 11600, "317": 6200, "318": 8000, "319": 227400, "320": 0, "321": 0, "322": 58300, "323": 32000, "324": 223400, "325": 891700, "326": 32700, "327": 200, "328": 300, "329": 1686400, "330": 25200, "331": 137600, "332": 3100, "333": 100, "334": 952700, "335": 353500, "336": 51400, "337": 276300, "338": 900, "339": 500, "340": 5300, "341": 0, "342": 0, "343": 1000, "344": 31600, "345": 4900, "346": 11700, "347": 500, "348": 27800, "349": 400, "350": 0, "351": 700, "352": 1900, "353": 0, "354": 200, "355": 0, "356": 1200, "357": 100, "358": 0, "359": 305200, "360": 0, "361": 5600, "362": 8200, "363": 0, "364": 51400}, "adjclose": {"0": 9.819999694824219, "1": 9.8100004196167, "2": 9.850000381469727, "3": 9.850000381469727, "4": 9.84000015258789, "5": 9.880000114440918, "6": 9.850000381469727, "7": 9.850000381469727, "8": 9.770000457763672, "9": 9.819999694824219, "10": 9.819999694824219, "11": 9.819999694824219, "12": 9.880000114440918, "13": 9.880000114440918, "14": 9.819999694824219, "15": 9.819999694824219, "16": 9.868000030517578, "17": 9.84000015258789, "18": 9.84000015258789, "19": 9.864999771118164, "20": 9.864999771118164, "21": 9.864999771118164, "22": 9.864999771118164, "23": 9.869999885559082, "24": 9.869999885559082, "25": 9.869999885559082, "26": 9.869999885559082, "27": 9.84000015258789, "28": 9.84000015258789, "29": 9.869999885559082, "30": 9.899999618530273, "31": 9.890000343322754, "32": 9.890000343322754, "33": 9.892000198364258, "34": 9.899999618530273, "35": 9.890000343322754, "36": 9.890000343322754, "37": 9.890000343322754, "38": 9.899999618530273, "39": 9.899999618530273, "40": 9.90999984741211, "41": 9.895000457763672, "42": 9.895000457763672, "43": 9.90999984741211, "44": 9.930000305175781, "45": 9.930000305175781, "46": 9.930000305175781, "47": 9.930000305175781, "48": 9.930000305175781, "49": 9.930000305175781, "50": 9.930000305175781, "51": 9.930000305175781, "52": 9.930000305175781, "53": 9.930000305175781, "54": 9.930000305175781, "55": 9.925000190734863, "56": 9.925000190734863, "57": 9.90999984741211, "58": 9.90999984741211, "59": 9.90999984741211, "60": 9.90999984741211, "61": 9.90999984741211, "62": 9.90999984741211, "63": 9.960000038146973, "64": 9.960000038146973, "65": 9.960000038146973, "66": 9.960000038146973, "67": 9.960000038146973, "68": 9.9399995803833, "69": 9.9399995803833, "70": 9.9399995803833, "71": 9.930000305175781, "72": 9.970000267028809, "73": 9.949999809265137, "74": 9.949999809265137, "75": 9.960000038146973, "76": 9.930000305175781, "77": 9.930000305175781, "78": 9.880000114440918, "79": 9.89900016784668, "80": 9.899999618530273, "81": 9.899999618530273, "82": 9.890000343322754, "83": 9.890000343322754, "84": 9.890000343322754, "85": 9.890000343322754, "86": 9.890000343322754, "87": 9.890000343322754, "88": 9.890000343322754, "89": 9.890000343322754, "90": 9.890000343322754, "91": 9.890000343322754, "92": 9.890000343322754, "93": 9.890000343322754, "94": 9.890000343322754, "95": 9.890000343322754, "96": 9.899999618530273, "97": 9.979999542236328, "98": 9.90999984741211, "99": 9.90999984741211, "100": 9.90999984741211, "101": 9.920000076293945, "102": 9.90999984741211, "103": 9.90999984741211, "104": 9.90999984741211, "105": 9.899999618530273, "106": 9.899999618530273, "107": 9.920000076293945, "108": 9.920000076293945, "109": 9.920000076293945, "110": 9.920000076293945, "111": 9.960000038146973, "112": 9.944999694824219, "113": 9.9399995803833, "114": 9.9399995803833, "115": 9.9399995803833, "116": 9.9399995803833, "117": 9.9399995803833, "118": 9.9399995803833, "119": 9.9399995803833, "120": 9.970000267028809, "121": 9.970000267028809, "122": 9.970000267028809, "123": 9.970000267028809, "124": 9.930000305175781, "125": 9.930000305175781, "126": 9.930000305175781, "127": 9.930000305175781, "128": 9.9399995803833, "129": 9.949999809265137, "130": 9.949999809265137, "131": 9.949999809265137, "132": 9.949999809265137, "133": 9.949999809265137, "134": 9.960000038146973, "135": 9.960000038146973, "136": 9.949999809265137, "137": 9.949999809265137, "138": 9.949999809265137, "139": 9.949999809265137, "140": 9.960000038146973, "141": 9.960000038146973, "142": 9.960000038146973, "143": 9.960000038146973, "144": 9.960000038146973, "145": 9.970000267028809, "146": 9.970000267028809, "147": 9.970999717712402, "148": 9.970999717712402, "149": 9.970999717712402, "150": 9.960000038146973, "151": 9.970000267028809, "152": 9.949999809265137, "153": 9.949999809265137, "154": 9.930000305175781, "155": 9.949999809265137, "156": 9.949999809265137, "157": 9.970000267028809, "158": 9.949999809265137, "159": 9.949999809265137, "160": 9.960000038146973, "161": 9.949999809265137, "162": 9.949999809265137, "163": 9.949999809265137, "164": 9.949999809265137, "165": 9.949999809265137, "166": 9.949999809265137, "167": 9.949999809265137, "168": 9.960000038146973, "169": 9.960000038146973, "170": 9.960000038146973, "171": 9.970000267028809, "172": 9.989999771118164, "173": 10.0, "174": 10.0, "175": 10.010000228881836, "176": 10.029999732971191, "177": 10.015000343322754, "178": 10.015000343322754, "179": 10.069999694824219, "180": 10.069999694824219, "181": 10.069999694824219, "182": 10.069999694824219, "183": 10.069999694824219, "184": 10.069999694824219, "185": 10.069999694824219, "186": 9.989999771118164, "187": 9.989999771118164, "188": 9.989999771118164, "189": 9.989999771118164, "190": 10.010000228881836, "191": 10.0, "192": 10.0, "193": 10.0, "194": 10.0, "195": 10.0, "196": 10.010000228881836, "197": 10.010000228881836, "198": 10.010000228881836, "199": 10.069999694824219, "200": 10.039999961853027, "201": 10.100000381469727, "202": 10.079999923706055, "203": 10.079999923706055, "204": 10.100000381469727, "205": 10.079999923706055, "206": 10.079999923706055, "207": 10.105999946594238, "208": 10.069999694824219, "209": 10.069999694824219, "210": 10.069999694824219, "211": 10.069999694824219, "212": 10.0600004196167, "213": 10.0600004196167, "214": 10.0600004196167, "215": 10.0600004196167, "216": 10.109999656677246, "217": 10.119999885559082, "218": 10.130000114440918, "219": 10.130000114440918, "220": 10.109999656677246, "221": 10.109999656677246, "222": 10.119999885559082, "223": 10.119999885559082, "224": 10.119999885559082, "225": 10.11400032043457, "226": 10.109999656677246, "227": 10.109999656677246, "228": 10.109999656677246, "229": 10.109999656677246, "230": 10.109999656677246, "231": 10.114999771118164, "232": 10.109999656677246, "233": 10.119999885559082, "234": 10.119999885559082, "235": 10.119999885559082, "236": 10.119999885559082, "237": 10.119999885559082, "238": 10.119999885559082, "239": 10.119999885559082, "240": 10.15999984741211, "241": 10.1899995803833, "242": 10.1899995803833, "243": 10.1899995803833, "244": 10.199999809265137, "245": 10.199999809265137, "246": 10.199999809265137, "247": 10.210000038146973, "248": 10.234999656677246, "249": 10.25, "250": 10.25, "251": 10.25, "252": 10.25, "253": 10.260000228881836, "254": 10.260000228881836, "255": 10.260000228881836, "256": 10.270000457763672, "257": 10.270000457763672, "258": 10.170000076293945, "259": 10.180000305175781, "260": 10.239999771118164, "261": 10.270000457763672, "262": 10.265000343322754, "263": 10.260000228881836, "264": 10.260000228881836, "265": 10.270000457763672, "266": 10.270000457763672, "267": 10.270000457763672, "268": 10.270000457763672, "269": 10.270000457763672, "270": 10.279999732971191, "271": 10.279999732971191, "272": 10.279999732971191, "273": 10.279999732971191, "274": 10.279999732971191, "275": 10.289999961853027, "276": 10.279999732971191, "277": 10.279999732971191, "278": 10.279999732971191, "279": 10.279999732971191, "280": 10.3100004196167, "281": 10.3100004196167, "282": 10.319999694824219, "283": 10.329999923706055, "284": 10.319999694824219, "285": 10.319999694824219, "286": 10.319999694824219, "287": 10.350000381469727, "288": 10.350000381469727, "289": 10.350000381469727, "290": 10.329999923706055, "291": 10.329999923706055, "292": 10.329999923706055, "293": 10.329999923706055, "294": 10.329999923706055, "295": 10.34000015258789, "296": 10.350000381469727, "297": 10.350000381469727, "298": 10.350000381469727, "299": 10.350000381469727, "300": 10.350000381469727, "301": 10.359999656677246, "302": 10.359999656677246, "303": 10.364999771118164, "304": 10.380000114440918, "305": 10.369999885559082, "306": 10.369999885559082, "307": 10.369999885559082, "308": 10.369999885559082, "309": 10.380000114440918, "310": 10.380000114440918, "311": 10.380000114440918, "312": 10.380000114440918, "313": 10.390000343322754, "314": 10.390000343322754, "315": 10.390000343322754, "316": 10.390000343322754, "317": 10.390000343322754, "318": 10.380000114440918, "319": 10.380000114440918, "320": 10.380000114440918, "321": 10.380000114440918, "322": 10.390000343322754, "323": 10.395000457763672, "324": 10.40999984741211, "325": 10.399999618530273, "326": 10.399999618530273, "327": 10.40999984741211, "328": 10.399999618530273, "329": 10.40999984741211, "330": 10.40999984741211, "331": 10.420000076293945, "332": 10.420000076293945, "333": 10.4399995803833, "334": 10.430000305175781, "335": 10.420000076293945, "336": 10.430000305175781, "337": 10.430000305175781, "338": 10.4399995803833, "339": 10.420000076293945, "340": 10.399999618530273, "341": 10.399999618530273, "342": 10.399999618530273, "343": 10.4399995803833, "344": 10.4399995803833, "345": 10.449999809265137, "346": 10.460000038146973, "347": 10.460000038146973, "348": 10.460000038146973, "349": 10.496000289916992, "350": 10.496000289916992, "351": 10.595000267028809, "352": 10.569999694824219, "353": 10.569999694824219, "354": 10.550000190734863, "355": 10.550000190734863, "356": 10.529999732971191, "357": 10.529999732971191, "358": 10.529999732971191, "359": 10.479999542236328, "360": 10.479999542236328, "361": 10.470000267028809, "362": 10.484999656677246, "363": 10.484999656677246, "364": 10.5}}, "profile": {"address1": "595 Madison Avenue", "address2": "28th Floor", "city": "New York", "state": "NY", "zip": "10022", "country": "United States", "phone": "713-446-6259", "website": "https://www.beardacq.com", "industry": "Shell Companies", "industryDisp": "Shell Companies", "sector": "Financial Services", "longBusinessSummary": "Beard Energy Transition Acquisition Corp. does not have significant operations. It focuses on effecting a merger, capital stock exchange, asset acquisition, stock purchase, reorganization, or similar business combination with one or more businesses. It intends to focus on businesses operating on electric power grid opportunities associated with energy transition infrastructure buildout. The company was incorporated in 2021 and is based in New York, New York.", "companyOfficers": [{"maxAge": 1, "name": "Mr. Gregory A. Beard", "age": 50, "title": "Chairman & CEO", "yearBorn": 1972, "exercisedValue": 0, "unexercisedValue": 0}, {"maxAge": 1, "name": "Ms. Sarah P. James", "age": 39, "title": "CFO & Chief Accounting Officer", "yearBorn": 1983, "exercisedValue": 0, "unexercisedValue": 0}], "maxAge": 86400, "latitude": 40.76245024835805, "longitude": -73.97206896635335}}