{"income_statement": {"annual": {"Year": {"1": "Revenue", "2": "Revenue Growth (YoY)", "3": "Cost of Revenue", "4": "Gross Profit", "5": "Selling & Marketing", "6": "General & Administrative", "7": "Other Operating Expenses", "8": "Operating Expenses", "9": "Operating Income", "10": "Interest Income", "11": "Interest Expense", "12": "Other Expense / Income", "13": "Pretax Income", "14": "Income Tax", "15": "Net Income", "16": "Net Income Growth", "17": "Shares Outstanding (Basic)", "18": "Shares Outstanding (Diluted)", "19": "Shares Change", "20": "EPS (Basic)", "21": "EPS (Diluted)", "22": "EPS Growth", "23": "Free Cash Flow Per Share", "24": "Gross Margin", "25": "Operating Margin", "26": "Profit Margin", "27": "Free Cash Flow Margin", "28": "Effective Tax Rate", "29": "EBITDA", "30": "EBITDA Margin", "31": "Depreciation & Amortization", "32": "EBIT", "33": "EBIT Margin"}, "2022": {"1": "234,190", "2": "-33.96%", "3": "124,319", "4": "109,871", "5": "19,506", "6": "5,550", "7": "122,804", "8": "142,310", "9": "-26,985", "10": "10,263", "11": "4,352", "12": "9,502", "13": "-30,576", "14": "-8,518", "15": "-22,058", "16": "-", "17": "2,203", "18": "2,203", "19": "-2.74%", "20": "-10.01", "21": "-10.01", "22": "-", "23": "9.88", "24": "46.92%", "25": "-11.52%", "26": "-9.42%", "27": "9.29%", "28": "-", "29": "-16,086", "30": "-6.87%", "31": "10,899", "32": "-26,985", "33": "-11.52%"}, "2021": {"1": "354,636", "2": "23.89%", "3": "0", "4": "354,636", "5": "18,843", "6": "4,201", "7": "0", "8": "0", "9": "114,846", "10": "7,465", "11": "4,172", "12": "7,465", "13": "111,686", "14": "20,879", "15": "89,795", "16": "111.18%", "17": "2,265", "18": "2,265", "19": "-5.29%", "20": "39.64", "21": "39.64", "22": "122.95%", "23": "11.54", "24": "100.00%", "25": "32.38%", "26": "25.32%", "27": "7.37%", "28": "18.69%", "29": "125,564", "30": "35.41%", "31": "10,718", "32": "114,846", "33": "32.38%"}, "2020": {"1": "286,256", "2": "-12.52%", "3": "0", "4": "286,256", "5": "19,809", "6": "3,520", "7": "0", "8": "0", "9": "59,044", "10": "8,092", "11": "4,083", "12": "8,092", "13": "55,693", "14": "12,440", "15": "42,521", "16": "-47.77%", "17": "2,392", "18": "2,392", "19": "-2.42%", "20": "17.78", "21": "17.78", "22": "-46.48%", "23": "11.19", "24": "100.00%", "25": "20.63%", "26": "14.85%", "27": "9.35%", "28": "22.34%", "29": "69,640", "30": "24.33%", "31": "10,596", "32": "59,044", "33": "20.63%"}, "2019": {"1": "327,223", "2": "45.19%", "3": "0", "4": "327,223", "5": "19,322", "6": "4,003", "7": "0", "8": "0", "9": "106,282", "10": "9,240", "11": "3,961", "12": "9,240", "13": "102,696", "14": "20,904", "15": "81,417", "16": "1924.79%", "17": "2,451", "18": "2,451", "19": "-0.60%", "20": "33.22", "21": "33.22", "22": "1937.20%", "23": "9.27", "24": "100.00%", "25": "32.48%", "26": "24.88%", "27": "6.94%", "28": "20.36%", "29": "116,346", "30": "35.56%", "31": "10,064", "32": "106,282", "33": "32.48%"}, "2018": {"1": "225,382", "2": "-6.92%", "3": "0", "4": "225,382", "5": "18,238", "6": "4,061", "7": "0", "8": "0", "9": "0", "10": "7,678", "11": "3,853", "12": "125", "13": "4,001", "14": "-321", "15": "4,021", "16": "-91.05%", "17": "2,466", "18": "2,466", "19": "-0.05%", "20": "1.63", "21": "1.63", "22": "-91.05%", "23": "9.27", "24": "100.00%", "25": "-", "26": "1.78%", "27": "10.14%", "28": "-8.02%", "29": "17,332", "30": "7.69%", "31": "9,779", "32": "7,553", "33": "3.35%"}, "2017": {"1": "242,137", "2": "8.29%", "3": "0", "4": "242,137", "5": "18,181", "6": "0", "7": "0", "8": "0", "9": "0", "10": "6,582", "11": "5,394", "12": "-22,237", "13": "23,838", "14": "-21,515", "15": "44,940", "16": "86.67%", "17": "2,467", "18": "2,467", "19": "0.05%", "20": "18.22", "21": "18.22", "22": "86.59%", "23": "13.81", "24": "100.00%", "25": "-", "26": "18.56%", "27": "14.07%", "28": "-90.26%", "29": "38,007", "30": "15.70%", "31": "9,188", "32": "28,819", "33": "11.90%"}, "2016": {"1": "223,604", "2": "6.06%", "3": "0", "4": "223,604", "5": "18,217", "6": "0", "7": "0", "8": "0", "9": "0", "10": "6,180", "11": "3,497", "12": "-30,631", "13": "33,667", "14": "9,240", "15": "24,074", "16": "-0.04%", "17": "2,466", "18": "2,466", "19": "0.04%", "20": "9.76", "21": "9.76", "22": "-0.08%", "23": "7.94", "24": "100.00%", "25": "-", "26": "10.77%", "27": "8.76%", "28": "27.45%", "29": "45,712", "30": "20.44%", "31": "8,901", "32": "36,811", "33": "16.46%"}, "2015": {"1": "210,821", "2": "8.29%", "3": "0", "4": "210,821", "5": "15,309", "6": "0", "7": "0", "8": "0", "9": "0", "10": "6,745", "11": "3,515", "12": "-31,385", "13": "34,946", "14": "10,532", "15": "24,083", "16": "21.19%", "17": "2,465", "18": "2,465", "19": "-0.02%", "20": "9.77", "21": "9.77", "22": "21.20%", "23": "6.25", "24": "100.00%", "25": "-", "26": "11.42%", "27": "7.31%", "28": "30.14%", "29": "45,909", "30": "21.78%", "31": "7,779", "32": "38,130", "33": "18.09%"}, "2014": {"1": "194,673", "2": "6.88%", "3": "0", "4": "194,673", "5": "13,721", "6": "0", "7": "0", "8": "0", "9": "0", "10": "6,458", "11": "3,253", "12": "-24,602", "13": "28,105", "14": "7,935", "15": "19,872", "16": "2.03%", "17": "2,465", "18": "2,465", "19": "-0.01%", "20": "8.06", "21": "8.06", "22": "2.04%", "23": "6.83", "24": "100.00%", "25": "-", "26": "10.21%", "27": "8.64%", "28": "28.23%", "29": "38,430", "30": "19.74%", "31": "7,370", "32": "31,060", "33": "15.95%"}, "2013": {"1": "182,150", "2": "12.12%", "3": "0", "4": "182,150", "5": "11,917", "6": "0", "7": "0", "8": "0", "9": "0", "10": "6,408", "11": "2,801", "12": "-24,820", "13": "28,796", "14": "8,951", "15": "19,476", "16": "31.38%", "17": "2,465", "18": "2,465", "19": "-0.47%", "20": "7.90", "21": "7.90", "22": "32.00%", "23": "6.74", "24": "100.00%", "25": "-", "26": "10.69%", "27": "9.12%", "28": "31.08%", "29": "37,736", "30": "20.72%", "31": "6,508", "32": "31,228", "33": "17.14%"}, "2012 - 1988": {"1": "Upgrade", "2": "Upgrade", "3": "Upgrade", "4": "Upgrade", "5": "Upgrade", "6": "Upgrade", "7": "Upgrade", "8": "Upgrade", "9": "Upgrade", "10": "Upgrade", "11": "Upgrade", "12": "Upgrade", "13": "Upgrade", "14": "Upgrade", "15": "Upgrade", "16": "Upgrade", "17": "Upgrade", "18": "Upgrade", "19": "Upgrade", "20": "Upgrade", "21": "Upgrade", "22": "Upgrade", "23": "Upgrade", "24": "Upgrade", "25": "Upgrade", "26": "Upgrade", "27": "Upgrade", "28": "Upgrade", "29": "Upgrade", "30": "Upgrade", "31": "Upgrade", "32": "Upgrade", "33": "Upgrade"}}, "quarterly": {"Metrics": {"1": "Revenue", "2": "Revenue Growth (YoY)", "3": "Cost of Revenue", "4": "Gross Profit", "5": "Selling & Marketing", "6": "General & Administrative", "7": "Other Operating Expenses", "8": "Operating Expenses", "9": "Operating Income", "10": "Interest Income", "11": "Interest Expense", "12": "Other Expense / Income", "13": "Pretax Income", "14": "Income Tax", "15": "Net Income", "16": "Net Income Growth", "17": "Shares Outstanding (Basic)", "18": "Shares Outstanding (Diluted)", "19": "Shares Change", "20": "EPS (Basic)", "21": "EPS (Diluted)", "22": "EPS Growth", "23": "Free Cash Flow Per Share", "24": "Gross Margin", "25": "Operating Margin", "26": "Profit Margin", "27": "Free Cash Flow Margin", "28": "Effective Tax Rate", "29": "EBITDA", "30": "EBITDA Margin", "31": "Depreciation & Amortization", "32": "EBIT", "33": "EBIT Margin"}, "2023-03-31": {"1": "120,151", "2": "74.56%", "3": "0", "4": "120,151", "5": "5,602", "6": "1,477", "7": "0", "8": "0", "9": "45,717", "10": "3,229", "11": "1,218", "12": "3,229", "13": "44,752", "14": "8,995", "15": "35,504", "16": "550.26%", "17": "2,185", "18": "2,185", "19": "-1.24%", "20": "16.25", "21": "16.25", "22": "557.89%", "23": "2.49", "24": "100.00%", "25": "38.05%", "26": "29.55%", "27": "4.14%", "28": "20.10%", "29": "48,768", "30": "40.59%", "31": "3,051", "32": "45,717", "33": "38.05%"}, "2022-12-31": {"1": "92,628", "2": "-17.54%", "3": "124,319", "4": "-31,691", "5": "7,425", "6": "1,402", "7": "139,033", "8": "142,310", "9": "23,193", "10": "3,162", "11": "1,139", "12": "3,162", "13": "22,211", "14": "3,890", "15": "18,164", "16": "-54.47%", "17": "2,265", "18": "2,265", "19": "0.48%", "20": "8.02", "21": "8.02", "22": "-54.69%", "23": "3.45", "24": "-34.21%", "25": "25.04%", "26": "19.61%", "27": "6.09%", "28": "17.51%", "29": "25,951", "30": "28.02%", "31": "2,758", "32": "23,193", "33": "25.04%"}, "2022-09-30": {"1": "63,469", "2": "-15.94%", "3": "0", "4": "63,469", "5": "4,068", "6": "1,418", "7": "0", "8": "0", "9": "-3,125", "10": "2,378", "11": "1,092", "12": "2,278", "13": "-4,117", "14": "-1,529", "15": "-2,588", "16": "-", "17": "2,200", "18": "2,200", "19": "-2.40%", "20": "-1.18", "21": "-1.18", "22": "-", "23": "2.17", "24": "100.00%", "25": "-4.92%", "26": "-4.08%", "27": "11.96%", "28": "-", "29": "-397", "30": "-0.63%", "31": "2,728", "32": "-3,125", "33": "-4.92%"}, "2022-06-30": {"1": "9,261", "2": "-90.40%", "3": "0", "4": "9,261", "5": "3,762", "6": "1,498", "7": "0", "8": "0", "9": "-54,774", "10": "2,861", "11": "1,087", "12": "2,482", "13": "-55,482", "14": "-12,106", "15": "-43,376", "16": "-", "17": "2,206", "18": "2,206", "19": "-3.22%", "20": "-19.66", "21": "-19.66", "22": "-", "23": "1.69", "24": "100.00%", "25": "-591.45%", "26": "-468.37%", "27": "51.71%", "28": "-", "29": "-52,064", "30": "-562.19%", "31": "2,710", "32": "-54,774", "33": "-591.45%"}, "2022-03-31": {"1": "68,832", "2": "-2.09%", "3": "0", "4": "68,832", "5": "4,251", "6": "1,232", "7": "0", "8": "0", "9": "7,721", "10": "1,862", "11": "1,034", "12": "1,862", "13": "6,812", "14": "1,227", "15": "5,460", "16": "-53.38%", "17": "2,212", "18": "2,212", "19": "-3.82%", "20": "2.47", "21": "2.47", "22": "-51.49%", "23": "1.67", "24": "100.00%", "25": "11.22%", "26": "7.93%", "27": "5.43%", "28": "18.01%", "29": "10,424", "30": "15.14%", "31": "2,703", "32": "7,721", "33": "11.22%"}, "2021-12-31": {"1": "112,325", "2": "8.28%", "3": "0", "4": "112,325", "5": "4,999", "6": "1,221", "7": "0", "8": "0", "9": "49,691", "10": "1,921", "11": "990", "12": "1,669", "13": "48,953", "14": "9,055", "15": "39,898", "16": "11.34%", "17": "2,255", "18": "2,255", "19": "-1.97%", "20": "17.70", "21": "17.70", "22": "13.61%", "23": "3.76", "24": "100.00%", "25": "44.24%", "26": "35.52%", "27": "3.35%", "28": "18.50%", "29": "52,396", "30": "46.65%", "31": "2,705", "32": "49,691", "33": "44.24%"}, "2021-09-30": {"1": "75,504", "2": "-20.19%", "3": "0", "4": "75,504", "5": "4,889", "6": "1,116", "7": "0", "8": "0", "9": "0", "10": "1,795", "11": "1,056", "12": "-11,445", "13": "12,484", "14": "1,840", "15": "10,344", "16": "-65.68%", "17": "2,255", "18": "2,255", "19": "-5.27%", "20": "4.59", "21": "4.59", "22": "-63.77%", "23": "3.12", "24": "100.00%", "25": "-", "26": "13.70%", "27": "11.24%", "28": "14.74%", "29": "15,908", "30": "21.07%", "31": "2,668", "32": "13,240", "33": "17.54%"}, "2021-06-30": {"1": "96,508", "2": "-0.43%", "3": "0", "4": "96,508", "5": "5,045", "6": "982", "7": "0", "8": "0", "9": "0", "10": "1,898", "11": "1,076", "12": "-34,568", "13": "35,721", "14": "7,296", "15": "28,094", "16": "6.84%", "17": "2,279", "18": "2,279", "19": "-5.72%", "20": "12.33", "21": "12.33", "22": "13.33%", "23": "2.95", "24": "100.00%", "25": "-", "26": "29.11%", "27": "7.37%", "28": "20.42%", "29": "39,138", "30": "40.55%", "31": "2,672", "32": "36,466", "33": "37.79%"}, "2021-03-31": {"1": "70,299", "2": "-", "3": "0", "4": "70,299", "5": "3,910", "6": "882", "7": "0", "8": "0", "9": "0", "10": "1,851", "11": "1,050", "12": "-13,598", "13": "14,528", "14": "2,688", "15": "11,711", "16": "-", "17": "2,300", "18": "2,300", "19": "-5.52%", "20": "5.09", "21": "5.09", "22": "-", "23": "3.07", "24": "100.00%", "25": "-", "26": "16.66%", "27": "9.65%", "28": "18.50%", "29": "18,122", "30": "25.78%", "31": "2,673", "32": "15,449", "33": "21.98%"}, "2020-12-31": {"1": "103,735", "2": "7.30%", "3": "0", "4": "103,735", "5": "5,505", "6": "915", "7": "0", "8": "0", "9": "0", "10": "1,949", "11": "1,057", "12": "-44,216", "13": "45,403", "14": "9,273", "15": "35,835", "16": "22.90%", "17": "2,300", "18": "2,300", "19": "-5.52%", "20": "15.58", "21": "15.58", "22": "30.05%", "23": "3.54", "24": "100.00%", "25": "-", "26": "34.54%", "27": "6.80%", "28": "20.42%", "29": "49,069", "30": "47.30%", "31": "2,904", "32": "46,165", "33": "44.50%"}, "2020-09-30": {"1": "94,606", "2": "24.65%", "3": "0", "4": "94,606", "5": "5,181", "6": "854", "7": "0", "8": "0", "9": "0", "10": "1,717", "11": "1,000", "12": "-36,937", "13": "37,930", "14": "7,517", "15": "30,137", "16": "82.38%", "17": "2,380", "18": "2,380", "19": "-2.84%", "20": "12.66", "21": "12.66", "22": "87.71%", "23": "3.08", "24": "100.00%", "25": "-", "26": "31.86%", "27": "8.91%", "28": "19.82%", "29": "41,237", "30": "43.59%", "31": "2,583", "32": "38,654", "33": "40.86%"}, "2020-06-30": {"1": "96,925", "2": "31.61%", "3": "0", "4": "96,925", "5": "4,652", "6": "749", "7": "0", "8": "0", "9": "0", "10": "2,150", "11": "1,002", "12": "-34,149", "13": "35,409", "14": "9,002", "15": "26,295", "16": "86.85%", "17": "2,418", "18": "2,418", "19": "-1.42%", "20": "10.88", "21": "10.88", "22": "89.52%", "23": "1.57", "24": "100.00%", "25": "-", "26": "27.13%", "27": "7.69%", "28": "25.42%", "29": "38,823", "30": "40.05%", "31": "2,524", "32": "36,299", "33": "37.45%"}, "2020-03-31": {"1": "-9,010", "2": "-", "3": "0", "4": "-9,010", "5": "4,471", "6": "1,002", "7": "0", "8": "0", "9": "0", "10": "2,276", "11": "1,024", "12": "64,350", "13": "-63,049", "14": "-13,352", "15": "-49,746", "16": "-", "17": "2,434", "18": "2,434", "19": "-1.03%", "20": "-20.44", "21": "-20.44", "22": "-", "23": "2.97", "24": "-", "25": "-", "26": "-", "27": "-", "28": "-", "29": "-59,489", "30": "-", "31": "2,585", "32": "-62,074", "33": "-"}, "2019-12-31": {"1": "96,679", "2": "242.76%", "3": "0", "4": "96,679", "5": "5,677", "6": "973", "7": "0", "8": "0", "9": "0", "10": "2,345", "11": "993", "12": "-35,378", "13": "36,801", "14": "7,571", "15": "29,159", "16": "-", "17": "2,434", "18": "2,434", "19": "-1.03%", "20": "11.98", "21": "11.98", "22": "-", "23": "2.23", "24": "100.00%", "25": "-", "26": "30.16%", "27": "7.49%", "28": "20.57%", "29": "40,380", "30": "41.77%", "31": "2,657", "32": "37,723", "33": "39.02%"}, "2019-09-30": {"1": "75,898", "2": "-2.89%", "3": "0", "4": "75,898", "5": "4,384", "6": "1,010", "7": "0", "8": "0", "9": "0", "10": "2,483", "11": "985", "12": "-18,858", "13": "20,489", "14": "3,832", "15": "16,524", "16": "-10.87%", "17": "2,450", "18": "2,450", "19": "-0.64%", "20": "6.75", "21": "6.75", "22": "-10.29%", "23": "2.28", "24": "100.00%", "25": "-", "26": "21.77%", "27": "7.19%", "28": "18.70%", "29": "23,875", "30": "31.46%", "31": "2,534", "32": "21,341", "33": "28.12%"}, "2019-06-30": {"1": "73,646", "2": "7.42%", "3": "0", "4": "73,646", "5": "4,829", "6": "1,000", "7": "0", "8": "0", "9": "0", "10": "2,295", "11": "992", "12": "-16,356", "13": "17,759", "14": "3,586", "15": "14,073", "16": "17.17%", "17": "2,452", "18": "2,452", "19": "-0.61%", "20": "5.74", "21": "5.74", "22": "17.90%", "23": "1.80", "24": "100.00%", "25": "-", "26": "19.11%", "27": "7.59%", "28": "20.19%", "29": "21,107", "30": "28.66%", "31": "2,456", "32": "18,651", "33": "25.33%"}, "2019-03-31": {"1": "81,000", "2": "60.53%", "3": "0", "4": "81,000", "5": "4,432", "6": "1,020", "7": "0", "8": "0", "9": "0", "10": "2,117", "11": "991", "12": "-26,450", "13": "27,647", "14": "5,915", "15": "21,661", "16": "-", "17": "2,460", "18": "2,460", "19": "-0.31%", "20": "8.81", "21": "8.81", "22": "-", "23": "2.58", "24": "100.00%", "25": "-", "26": "26.74%", "27": "5.46%", "28": "21.39%", "29": "30,984", "30": "38.25%", "31": "2,417", "32": "28,567", "33": "35.27%"}, "2018-12-31": {"1": "28,206", "2": "-52.12%", "3": "0", "4": "28,206", "5": "4,531", "6": "0", "7": "0", "8": "0", "9": "0", "10": "2,095", "11": "1,244", "12": "33,573", "13": "-32,721", "14": "-7,330", "15": "-25,392", "16": "-", "17": "2,460", "18": "2,460", "19": "-0.31%", "20": "-10.32", "21": "-10.32", "22": "-", "23": "2.74", "24": "100.00%", "25": "-", "26": "-90.02%", "27": "22.51%", "28": "-", "29": "-28,868", "30": "-102.35%", "31": "2,610", "32": "-31,478", "33": "-111.60%"}, "2018-09-30": {"1": "78,156", "2": "29.13%", "3": "0", "4": "78,156", "5": "4,548", "6": "0", "7": "0", "8": "0", "9": "0", "10": "1,993", "11": "896", "12": "-21,883", "13": "23,147", "14": "4,440", "15": "18,540", "16": "355.86%", "17": "2,465", "18": "2,465", "19": "-0.07%", "20": "7.52", "21": "7.52", "22": "356.13%", "23": "1.94", "24": "100.00%", "25": "-", "26": "23.72%", "27": "8.64%", "28": "19.18%", "29": "26,271", "30": "33.61%", "31": "2,395", "32": "23,876", "33": "30.55%"}, "2018-06-30": {"1": "68,562", "2": "19.20%", "3": "0", "4": "68,562", "5": "4,668", "6": "0", "7": "0", "8": "0", "9": "0", "10": "1,908", "11": "521", "12": "-13,645", "13": "15,098", "14": "3,021", "15": "12,011", "16": "181.82%", "17": "2,468", "18": "2,468", "19": "0.03%", "20": "4.87", "21": "4.87", "22": "181.67%", "23": "2.01", "24": "100.00%", "25": "-", "26": "17.52%", "27": "6.99%", "28": "20.01%", "29": "17,940", "30": "26.17%", "31": "2,387", "32": "15,553", "33": "22.68%"}, "2018-03-31": {"1": "50,458", "2": "-22.59%", "3": "0", "4": "50,458", "5": "4,491", "6": "0", "7": "0", "8": "0", "9": "0", "10": "1,682", "11": "1,192", "12": "2,080", "13": "-1,523", "14": "-452", "15": "-1,138", "16": "-", "17": "2,467", "18": "2,467", "19": "0.03%", "20": "-0.46", "21": "-0.46", "22": "-", "23": "2.02", "24": "100.00%", "25": "-", "26": "-2.26%", "27": "9.84%", "28": "-", "29": "1,989", "30": "3.94%", "31": "2,387", "32": "-398", "33": "-0.79%"}, "2017-12-31": {"1": "58,907", "2": "2.14%", "3": "0", "4": "58,907", "5": "4,638", "6": "0", "7": "0", "8": "0", "9": "0", "10": "1,704", "11": "1,594", "12": "-6,176", "13": "6,391", "14": "-26,265", "15": "32,551", "16": "417.83%", "17": "2,467", "18": "2,467", "19": "0.03%", "20": "13.19", "21": "13.19", "22": "417.25%", "23": "3.08", "24": "100.00%", "25": "-", "26": "55.26%", "27": "8.46%", "28": "-410.97%", "29": "10,233", "30": "17.37%", "31": "2,353", "32": "7,880", "33": "13.38%"}, "2017-09-30": {"1": "60,525", "2": "2.47%", "3": "0", "4": "60,525", "5": "4,496", "6": "0", "7": "0", "8": "0", "9": "0", "10": "1,680", "11": "1,233", "12": "-5,047", "13": "5,630", "14": "1,427", "15": "4,067", "16": "-43.50%", "17": "2,467", "18": "2,467", "19": "0.05%", "20": "1.65", "21": "1.65", "22": "-43.53%", "23": "2.24", "24": "100.00%", "25": "-", "26": "6.72%", "27": "12.57%", "28": "25.35%", "29": "9,023", "30": "14.91%", "31": "2,296", "32": "6,727", "33": "11.11%"}, "2017-06-30": {"1": "57,518", "2": "5.62%", "3": "0", "4": "57,518", "5": "4,489", "6": "0", "7": "0", "8": "0", "9": "0", "10": "1,686", "11": "1,500", "12": "-5,850", "13": "6,129", "14": "1,774", "15": "4,262", "16": "-14.78%", "17": "2,467", "18": "2,467", "19": "0.05%", "20": "1.73", "21": "1.73", "22": "-14.79%", "23": "6.47", "24": "100.00%", "25": "-", "26": "7.41%", "27": "9.61%", "28": "28.94%", "29": "9,832", "30": "17.09%", "31": "2,296", "32": "7,536", "33": "13.10%"}, "2017-03-31": {"1": "65,187", "2": "24.40%", "3": "0", "4": "65,187", "5": "4,558", "6": "0", "7": "0", "8": "0", "9": "0", "10": "1,512", "11": "1,067", "12": "-5,164", "13": "5,688", "14": "1,549", "15": "4,060", "16": "-27.36%", "17": "2,467", "18": "2,467", "19": "0.06%", "20": "1.65", "21": "1.65", "22": "-27.40%", "23": "1.56", "24": "100.00%", "25": "-", "26": "6.23%", "27": "24.47%", "28": "27.23%", "29": "8,919", "30": "13.68%", "31": "2,243", "32": "6,676", "33": "10.24%"}, "2016-12-31": {"1": "57,673", "2": "11.29%", "3": "0", "4": "57,673", "5": "5,169", "6": "0", "7": "0", "8": "0", "9": "0", "10": "787", "11": "554", "12": "-9,012", "13": "9,314", "14": "2,959", "15": "6,286", "16": "14.75%", "17": "2,467", "18": "2,467", "19": "0.06%", "20": "2.55", "21": "2.55", "22": "14.86%", "23": "2.67", "24": "100.00%", "25": "-", "26": "10.90%", "27": "6.66%", "28": "31.77%", "29": "12,095", "30": "20.97%", "31": "2,296", "32": "9,799", "33": "16.99%"}, "2016-09-30": {"1": "59,068", "2": "0.13%", "3": "0", "4": "59,068", "5": "4,424", "6": "0", "7": "0", "8": "0", "9": "0", "10": "1,642", "11": "1,043", "12": "-9,791", "13": "10,525", "14": "3,192", "15": "7,198", "16": "-23.65%", "17": "2,466", "18": "2,466", "19": "0.04%", "20": "2.92", "21": "2.92", "22": "-23.67%", "23": "1.84", "24": "100.00%", "25": "-", "26": "12.19%", "27": "11.13%", "28": "30.33%", "29": "13,679", "30": "23.16%", "31": "2,246", "32": "11,433", "33": "19.36%"}, "2016-06-30": {"1": "54,460", "2": "6.02%", "3": "0", "4": "54,460", "5": "4,509", "6": "0", "7": "0", "8": "0", "9": "0", "10": "2,028", "11": "727", "12": "-5,990", "13": "7,372", "14": "2,290", "15": "5,001", "16": "24.62%", "17": "2,466", "18": "2,466", "19": "0.04%", "20": "2.03", "21": "2.03", "22": "24.57%", "23": "1.88", "24": "100.00%", "25": "-", "26": "9.18%", "27": "8.32%", "28": "31.06%", "29": "10,252", "30": "18.82%", "31": "2,234", "32": "8,018", "33": "14.72%"}, "2016-03-31": {"1": "52,403", "2": "7.73%", "3": "0", "4": "52,403", "5": "4,115", "6": "0", "7": "0", "8": "0", "9": "0", "10": "1,723", "11": "1,173", "12": "-5,838", "13": "6,456", "14": "799", "15": "5,589", "16": "8.23%", "17": "2,465", "18": "2,465", "19": "0.03%", "20": "2.27", "21": "2.27", "22": "8.21%", "23": "1.24", "24": "100.00%", "25": "-", "26": "10.67%", "27": "8.85%", "28": "12.38%", "29": "9,686", "30": "18.48%", "31": "2,125", "32": "7,561", "33": "14.43%"}, "2015-12-31": {"1": "51,820", "2": "7.38%", "3": "0", "4": "51,820", "5": "3,956", "6": "0", "7": "0", "8": "0", "9": "0", "10": "1,910", "11": "808", "12": "-6,210", "13": "7,381", "14": "1,834", "15": "5,478", "16": "31.84%", "17": "2,465", "18": "2,465", "19": "0.03%", "20": "2.22", "21": "2.22", "22": "31.36%", "23": "2.13", "24": "100.00%", "25": "-", "26": "10.57%", "27": "5.90%", "28": "24.85%", "29": "10,098", "30": "19.49%", "31": "1,978", "32": "8,120", "33": "15.67%"}, "2015-09-30": {"1": "58,989", "2": "15.22%", "3": "0", "4": "58,989", "5": "4,130", "6": "0", "7": "0", "8": "0", "9": "0", "10": "1,461", "11": "865", "12": "-13,377", "13": "14,072", "14": "4,545", "15": "9,428", "16": "104.20%", "17": "2,465", "18": "2,465", "19": "0.05%", "20": "3.82", "21": "3.82", "22": "104.09%", "23": "1.86", "24": "100.00%", "25": "-", "26": "15.98%", "27": "8.89%", "28": "32.30%", "29": "16,827", "30": "28.53%", "31": "1,989", "32": "14,838", "33": "25.15%"}, "2015-06-30": {"1": "51,368", "2": "3.23%", "3": "0", "4": "51,368", "5": "3,780", "6": "0", "7": "0", "8": "0", "9": "0", "10": "1,739", "11": "967", "12": "-4,980", "13": "5,846", "14": "1,739", "15": "4,013", "16": "-37.25%", "17": "2,465", "18": "2,465", "19": "-0.08%", "20": "1.63", "21": "1.63", "22": "-37.21%", "23": "1.02", "24": "100.00%", "25": "-", "26": "7.81%", "27": "8.94%", "28": "29.75%", "29": "8,660", "30": "16.86%", "31": "1,941", "32": "6,719", "33": "13.08%"}, "2015-03-31": {"1": "48,644", "2": "7.02%", "3": "0", "4": "48,644", "5": "3,443", "6": "0", "7": "0", "8": "0", "9": "0", "10": "1,635", "11": "875", "12": "-6,818", "13": "7,647", "14": "2,414", "15": "5,164", "16": "9.76%", "17": "2,464", "18": "2,464", "19": "-0.07%", "20": "2.10", "21": "2.10", "22": "9.82%", "23": "1.15", "24": "100.00%", "25": "-", "26": "10.62%", "27": "5.17%", "28": "31.57%", "29": "10,324", "30": "21.22%", "31": "1,871", "32": "8,453", "33": "17.38%"}, "2014-12-31": {"1": "48,259", "2": "2.57%", "3": "0", "4": "48,259", "5": "3,732", "6": "0", "7": "0", "8": "0", "9": "0", "10": "1,550", "11": "830", "12": "-5,058", "13": "5,841", "14": "1,623", "15": "4,155", "16": "-16.73%", "17": "2,464", "18": "2,464", "19": "-0.07%", "20": "1.69", "21": "1.69", "22": "-16.34%", "23": "3.35", "24": "100.00%", "25": "-", "26": "8.61%", "27": "5.88%", "28": "27.79%", "29": "8,542", "30": "17.70%", "31": "1,934", "32": "6,608", "33": "13.69%"}, "2014-09-30": {"1": "51,199", "2": "10.01%", "3": "0", "4": "51,199", "5": "3,384", "6": "0", "7": "0", "8": "0", "9": "0", "10": "1,503", "11": "817", "12": "-5,960", "13": "6,750", "14": "2,029", "15": "4,617", "16": "-8.63%", "17": "2,464", "18": "2,464", "19": "-0.07%", "20": "1.87", "21": "1.87", "22": "-8.56%", "23": "1.46", "24": "100.00%", "25": "-", "26": "9.02%", "27": "16.10%", "28": "30.06%", "29": "9,317", "30": "18.20%", "31": "1,854", "32": "7,463", "33": "14.58%"}, "2014-06-30": {"1": "49,762", "2": "11.34%", "3": "0", "4": "49,762", "5": "3,389", "6": "0", "7": "0", "8": "0", "9": "0", "10": "1,912", "11": "824", "12": "-7,765", "13": "8,916", "14": "2,458", "15": "6,395", "16": "40.83%", "17": "2,467", "18": "2,467", "19": "0.05%", "20": "2.59", "21": "2.59", "22": "40.75%", "23": "0.87", "24": "100.00%", "25": "-", "26": "12.85%", "27": "7.25%", "28": "27.57%", "29": "11,487", "30": "23.08%", "31": "1,810", "32": "9,677", "33": "19.45%"}, "2014-03-31": {"1": "45,453", "2": "3.62%", "3": "0", "4": "45,453", "5": "3,265", "6": "0", "7": "0", "8": "0", "9": "0", "10": "1,493", "11": "782", "12": "-5,819", "13": "6,598", "14": "1,825", "15": "4,705", "16": "-3.82%", "17": "2,466", "18": "2,466", "19": "0.05%", "20": "1.91", "21": "1.91", "22": "-3.86%", "23": "1.46", "24": "100.00%", "25": "-", "26": "10.35%", "27": "4.69%", "28": "27.66%", "29": "9,084", "30": "19.99%", "31": "1,772", "32": "7,312", "33": "16.09%"}, "2013-12-31": {"1": "47,049", "2": "5.21%", "3": "0", "4": "47,049", "5": "3,228", "6": "0", "7": "0", "8": "0", "9": "0", "10": "1,644", "11": "718", "12": "-6,233", "13": "7,232", "14": "2,169", "15": "4,990", "16": "9.65%", "17": "2,466", "18": "2,466", "19": "0.05%", "20": "2.02", "21": "2.02", "22": "9.19%", "23": "1.97", "24": "100.00%", "25": "-", "26": "10.61%", "27": "7.67%", "28": "29.99%", "29": "10,349", "30": "22.00%", "31": "2,472", "32": "7,877", "33": "16.74%"}, "2013-09-30": {"1": "46,541", "2": "13.38%", "3": "0", "4": "46,541", "5": "2,909", "6": "0", "7": "0", "8": "0", "9": "0", "10": "1,460", "11": "706", "12": "-6,524", "13": "7,378", "14": "2,225", "15": "5,053", "16": "28.90%", "17": "2,466", "18": "2,466", "19": "-0.51%", "20": "2.05", "21": "2.05", "22": "29.54%", "23": "1.75", "24": "100.00%", "25": "-", "26": "10.86%", "27": "10.44%", "28": "30.16%", "29": "9,338", "30": "20.06%", "31": "1,354", "32": "7,984", "33": "17.15%"}, "2013-06-30": {"1": "44,693", "2": "15.95%", "3": "0", "4": "44,693", "5": "2,926", "6": "0", "7": "0", "8": "0", "9": "0", "10": "1,952", "11": "691", "12": "-5,559", "13": "6,891", "14": "2,279", "15": "4,541", "16": "46.11%", "17": "2,465", "18": "2,465", "19": "-0.48%", "20": "1.84", "21": "1.84", "22": "46.81%", "23": "1.56", "24": "100.00%", "25": "-", "26": "10.16%", "27": "9.63%", "28": "33.07%", "29": "8,856", "30": "19.82%", "31": "1,345", "32": "7,511", "33": "16.81%"}, "+101 Quarters": {"1": "Upgrade", "2": "Upgrade", "3": "Upgrade", "4": "Upgrade", "5": "Upgrade", "6": "Upgrade", "7": "Upgrade", "8": "Upgrade", "9": "Upgrade", "10": "Upgrade", "11": "Upgrade", "12": "Upgrade", "13": "Upgrade", "14": "Upgrade", "15": "Upgrade", "16": "Upgrade", "17": "Upgrade", "18": "Upgrade", "19": "Upgrade", "20": "Upgrade", "21": "Upgrade", "22": "Upgrade", "23": "Upgrade", "24": "Upgrade", "25": "Upgrade", "26": "Upgrade", "27": "Upgrade", "28": "Upgrade", "29": "Upgrade", "30": "Upgrade", "31": "Upgrade", "32": "Upgrade", "33": "Upgrade"}}}, "balance_sheet": {"annual": {"Year": {"1": "Cash & Equivalents", "2": "Short-Term Investments", "3": "Cash & Cash Equivalents", "4": "Cash Growth", "5": "Receivables", "6": "Other Current Assets", "7": "Total Current Assets", "8": "Property, Plant & Equipment", "9": "Long-Term Investments", "10": "Goodwill", "11": "Intangible Assets", "12": "Other Long-Term Assets", "13": "Total Long-Term Assets", "14": "Total Assets", "15": "Deferred Revenue", "16": "Current Debt", "17": "Other Current Liabilities", "18": "Total Current Liabilities", "19": "Long-Term Debt", "20": "Other Long-Term Liabilities", "21": "Total Long-Term Liabilities", "22": "Total Liabilities", "23": "Total Debt", "24": "Debt Growth", "25": "Common Stock", "26": "Retained Earnings", "27": "Comprehensive Income", "28": "Shareholders' Equity", "29": "Total Liabilities and Equity", "30": "Net Cash / Debt", "31": "Net Cash / Debt Growth", "32": "Net Cash Per Share", "33": "Working Capital", "34": "Book Value Per Share"}, "2022": {"1": "35,811", "2": "92,774", "3": "128,585", "4": "-12.36%", "5": "48,301", "6": "0", "7": "176,886", "8": "196,965", "9": "454,745", "10": "78,119", "11": "29,187", "12": "0", "13": "759,016", "14": "948,452", "15": "6,820", "16": "2,429", "17": "-6,820", "18": "2,429", "19": "120,315", "20": "-117,886", "21": "2,429", "22": "467,835", "23": "122,744", "24": "7.42%", "25": "8", "26": "511,602", "27": "-6,591", "28": "472,360", "29": "948,452", "30": "5,841", "31": "-82.00%", "32": "2.65", "33": "174,457", "34": "214.39"}, "2021": {"1": "88,184", "2": "58,535", "3": "146,719", "4": "6.10%", "5": "39,565", "6": "0", "7": "186,284", "8": "191,282", "9": "443,063", "10": "73,875", "11": "28,486", "12": "0", "13": "736,706", "14": "958,784", "15": "0", "16": "2,351", "17": "0", "18": "2,351", "19": "111,911", "20": "-109,560", "21": "2,351", "22": "443,854", "23": "114,262", "24": "-2.25%", "25": "8", "26": "534,421", "27": "-4,027", "28": "506,199", "29": "958,784", "30": "32,457", "31": "51.70%", "32": "14.33", "33": "183,933", "34": "223.46"}, "2020": {"1": "47,990", "2": "90,300", "3": "138,290", "4": "8.04%", "5": "35,852", "6": "0", "7": "174,142", "8": "187,017", "9": "409,183", "10": "73,734", "11": "30,684", "12": "0", "13": "700,618", "14": "873,729", "15": "0", "16": "3,348", "17": "0", "18": "3,348", "19": "113,547", "20": "-110,199", "21": "3,348", "22": "422,393", "23": "116,895", "24": "13.09%", "25": "8", "26": "444,626", "27": "-4,243", "28": "443,164", "29": "873,729", "30": "21,395", "31": "-13.13%", "32": "8.95", "33": "170,794", "34": "185.29"}, "2019": {"1": "64,175", "2": "63,822", "3": "127,997", "4": "14.42%", "5": "35,835", "6": "0", "7": "163,832", "8": "174,341", "9": "348,039", "10": "81,882", "11": "31,646", "12": "0", "13": "635,908", "14": "817,729", "15": "0", "16": "4,686", "17": "0", "18": "4,686", "19": "98,682", "20": "-93,996", "21": "4,686", "22": "389,166", "23": "103,368", "24": "6.03%", "25": "8", "26": "402,493", "27": "-5,243", "28": "424,791", "29": "817,729", "30": "24,629", "31": "71.31%", "32": "10.05", "33": "159,146", "34": "173.32"}, "2018": {"1": "30,361", "2": "81,506", "3": "111,867", "4": "-3.52%", "5": "35,230", "6": "-147,097", "7": "0", "8": "166,706", "9": "291,486", "10": "81,025", "11": "32,148", "12": "-571,365", "13": "0", "14": "707,794", "15": "0", "16": "4,373", "17": "-4,373", "18": "0", "19": "93,117", "20": "-93,117", "21": "0", "22": "355,294", "23": "97,490", "24": "-4.97%", "25": "8", "26": "321,112", "27": "-5,015", "28": "348,703", "29": "703,997", "30": "14,377", "31": "7.56%", "32": "5.83", "33": "0", "34": "141.42"}, "2017": {"1": "31,583", "2": "84,371", "3": "115,954", "4": "5.60%", "5": "28,578", "6": "-144,532", "7": "0", "8": "158,219", "9": "287,385", "10": "81,258", "11": "33,182", "12": "-560,044", "13": "0", "14": "702,095", "15": "0", "16": "6,320", "17": "-6,320", "18": "0", "19": "96,267", "20": "-96,267", "21": "0", "22": "350,141", "23": "102,587", "24": "0.93%", "25": "8", "26": "255,786", "27": "58,571", "28": "348,296", "29": "698,437", "30": "13,367", "31": "63.85%", "32": "5.42", "33": "0", "34": "141.19"}, "2016": {"1": "86,370", "2": "23,432", "3": "109,802", "4": "12.37%", "5": "27,097", "6": "-136,899", "7": "0", "8": "152,773", "9": "159,656", "10": "79,486", "11": "34,086", "12": "-426,001", "13": "0", "14": "620,854", "15": "0", "16": "2,094", "17": "-2,094", "18": "0", "19": "99,550", "20": "-99,550", "21": "0", "22": "334,495", "23": "101,644", "24": "20.59%", "25": "8", "26": "211,777", "27": "37,298", "28": "283,001", "29": "617,496", "30": "8,158", "31": "-39.25%", "32": "3.31", "33": "0", "34": "114.77"}, "2015": {"1": "71,730", "2": "25,988", "3": "97,718", "4": "7.78%", "5": "23,303", "6": "-121,021", "7": "0", "8": "145,166", "9": "160,035", "10": "62,708", "11": "9,797", "12": "-377,706", "13": "0", "14": "552,257", "15": "0", "16": "1,989", "17": "-1,989", "18": "0", "19": "82,300", "20": "-82,300", "21": "0", "22": "293,630", "23": "84,289", "24": "5.09%", "25": "8", "26": "187,703", "27": "33,982", "28": "255,550", "29": "549,180", "30": "13,429", "31": "28.42%", "32": "5.45", "33": "0", "34": "103.68"}, "2014": {"1": "63,269", "2": "27,397", "3": "90,666", "4": "17.79%", "5": "21,852", "6": "-112,518", "7": "0", "8": "137,244", "9": "155,885", "10": "60,714", "11": "9,941", "12": "-363,784", "13": "0", "14": "526,186", "15": "0", "16": "839", "17": "-839", "18": "0", "19": "79,370", "20": "-79,370", "21": "0", "22": "283,159", "23": "80,209", "24": "11.06%", "25": "8", "26": "163,620", "27": "42,732", "28": "240,170", "29": "523,329", "30": "10,457", "31": "120.29%", "32": "4.24", "33": "0", "34": "97.42"}, "2013": {"1": "48,186", "2": "28,785", "3": "76,971", "4": "-1.87%", "5": "20,497", "6": "-97,468", "7": "0", "8": "122,214", "9": "157,866", "10": "57,011", "11": "9,183", "12": "-346,274", "13": "0", "14": "484,931", "15": "0", "16": "949", "17": "-949", "18": "0", "19": "71,275", "20": "-71,275", "21": "0", "22": "260,446", "23": "72,224", "24": "15.12%", "25": "8", "26": "143,748", "27": "44,025", "28": "221,890", "29": "482,336", "30": "4,747", "31": "-69.77%", "32": "1.93", "33": "0", "34": "90.00"}, "2012 - 1988": {"1": "Upgrade", "2": "Upgrade", "3": "Upgrade", "4": "Upgrade", "5": "Upgrade", "6": "Upgrade", "7": "Upgrade", "8": "Upgrade", "9": "Upgrade", "10": "Upgrade", "11": "Upgrade", "12": "Upgrade", "13": "Upgrade", "14": "Upgrade", "15": "Upgrade", "16": "Upgrade", "17": "Upgrade", "18": "Upgrade", "19": "Upgrade", "20": "Upgrade", "21": "Upgrade", "22": "Upgrade", "23": "Upgrade", "24": "Upgrade", "25": "Upgrade", "26": "Upgrade", "27": "Upgrade", "28": "Upgrade", "29": "Upgrade", "30": "Upgrade", "31": "Upgrade", "32": "Upgrade", "33": "Upgrade", "34": "Upgrade"}}, "quarterly": {"Metrics": {"1": "Cash & Equivalents", "2": "Short-Term Investments", "3": "Cash & Cash Equivalents", "4": "Cash Growth", "5": "Receivables", "6": "Other Current Assets", "7": "Total Current Assets", "8": "Property, Plant & Equipment", "9": "Long-Term Investments", "10": "Goodwill", "11": "Intangible Assets", "12": "Other Long-Term Assets", "13": "Total Long-Term Assets", "14": "Total Assets", "15": "Accounts Payable", "16": "Deferred Revenue", "17": "Current Debt", "18": "Other Current Liabilities", "19": "Total Current Liabilities", "20": "Long-Term Debt", "21": "Other Long-Term Liabilities", "22": "Total Long-Term Liabilities", "23": "Total Liabilities", "24": "Total Debt", "25": "Debt Growth", "26": "Common Stock", "27": "Retained Earnings", "28": "Comprehensive Income", "29": "Shareholders' Equity", "30": "Total Liabilities and Equity", "31": "Net Cash / Debt", "32": "Net Cash / Debt Growth", "33": "Net Cash Per Share", "34": "Working Capital", "35": "Book Value Per Share"}, "2023-03-31": {"1": "26,747", "2": "103,869", "3": "130,616", "4": "22.92%", "5": "52,488", "6": "-147,716", "7": "35,388", "8": "205,855", "9": "480,999", "10": "83,502", "11": "30,001", "12": "-710,114", "13": "90,243", "14": "997,072", "15": "0", "16": "0", "17": "2,923", "18": "0", "19": "2,923", "20": "120,701", "21": "-117,778", "22": "2,923", "23": "480,812", "24": "123,624", "25": "3.31%", "26": "8", "27": "546,631", "28": "-4,976", "29": "504,554", "30": "997,072", "31": "6,992", "32": "-", "33": "3.20", "34": "174,457", "35": "230.95"}, "2022-12-31": {"1": "35,811", "2": "92,774", "3": "128,585", "4": "-12.36%", "5": "48,301", "6": "0", "7": "176,886", "8": "196,965", "9": "454,745", "10": "78,119", "11": "29,187", "12": "0", "13": "759,016", "14": "948,452", "15": "0", "16": "6,820", "17": "2,429", "18": "-6,820", "19": "2,429", "20": "120,315", "21": "-117,886", "22": "2,429", "23": "467,835", "24": "122,744", "25": "7.42%", "26": "8", "27": "511,602", "28": "-6,591", "29": "472,360", "30": "948,452", "31": "5,841", "32": "-82.00%", "33": "2.58", "34": "104,540", "35": "208.52"}, "2022-09-30": {"1": "32,626", "2": "76,332", "3": "108,958", "4": "-26.97%", "5": "45,368", "6": "0", "7": "154,326", "8": "192,989", "9": "429,815", "10": "73,335", "11": "27,738", "12": "0", "13": "723,877", "14": "902,296", "15": "47,971", "16": "0", "17": "1,815", "18": "0", "19": "49,786", "20": "114,681", "21": "-64,895", "22": "49,786", "23": "438,549", "24": "116,496", "25": "1.33%", "26": "8", "27": "493,438", "28": "-8,234", "29": "455,430", "30": "902,296", "31": "-7,538", "32": "-", "33": "-3.43", "34": "100,083", "35": "206.97"}, "2022-06-30": {"1": "30,608", "2": "74,803", "3": "105,411", "4": "-26.83%", "5": "44,493", "6": "0", "7": "149,904", "8": "192,413", "9": "441,095", "10": "73,618", "11": "27,992", "12": "0", "13": "735,118", "14": "909,860", "15": "47,580", "16": "0", "17": "2,241", "18": "0", "19": "49,821", "20": "116,840", "21": "-67,019", "22": "49,821", "23": "440,207", "24": "119,081", "25": "3.35%", "26": "8", "27": "496,126", "28": "-6,175", "29": "461,229", "30": "909,860", "31": "-13,670", "32": "-", "33": "-6.20", "34": "79,984", "35": "209.09"}, "2022-03-31": {"1": "39,113", "2": "67,145", "3": "106,258", "4": "-26.94%", "5": "43,055", "6": "0", "7": "149,313", "8": "191,760", "9": "496,997", "10": "73,822", "11": "28,211", "12": "0", "13": "790,790", "14": "969,506", "15": "46,005", "16": "0", "17": "23,324", "18": "0", "19": "69,329", "20": "96,337", "21": "-27,008", "22": "69,329", "23": "452,641", "24": "119,661", "25": "4.48%", "26": "8", "27": "539,881", "28": "-4,428", "29": "508,141", "30": "969,506", "31": "-13,403", "32": "-", "33": "-6.06", "34": "183,933", "35": "229.71"}, "2021-12-31": {"1": "88,184", "2": "58,535", "3": "146,719", "4": "6.10%", "5": "39,565", "6": "0", "7": "186,284", "8": "191,282", "9": "443,063", "10": "73,875", "11": "28,486", "12": "0", "13": "736,706", "14": "950,053", "15": "0", "16": "0", "17": "2,351", "18": "0", "19": "2,351", "20": "111,911", "21": "-109,560", "22": "2,351", "23": "443,854", "24": "114,262", "25": "-2.25%", "26": "8", "27": "534,421", "28": "-4,027", "29": "506,199", "30": "950,053", "31": "32,457", "32": "51.70%", "33": "14.40", "34": "0", "35": "224.53"}, "2021-09-30": {"1": "69,989", "2": "79,209", "3": "149,198", "4": "2.38%", "5": "41,601", "6": "-190,799", "7": "0", "8": "188,875", "9": "424,731", "10": "73,770", "11": "29,805", "12": "-717,181", "13": "0", "14": "920,758", "15": "47,132", "16": "0", "17": "2,265", "18": "-49,397", "19": "0", "20": "112,700", "21": "-112,700", "22": "0", "23": "439,683", "24": "114,965", "25": "6.75%", "26": "8", "27": "494,775", "28": "-4,834", "29": "472,480", "30": "912,163", "31": "34,233", "32": "-9.99%", "33": "15.18", "34": "0", "35": "209.57"}, "2021-06-30": {"1": "42,298", "2": "101,760", "3": "144,058", "4": "-1.73%", "5": "40,273", "6": "-184,331", "7": "0", "8": "188,311", "9": "446,704", "10": "73,758", "11": "30,033", "12": "-738,806", "13": "0", "14": "912,493", "15": "45,544", "16": "0", "17": "2,922", "18": "-48,466", "19": "0", "20": "112,301", "21": "-112,301", "22": "0", "23": "433,693", "24": "115,223", "25": "8.00%", "26": "8", "27": "484,431", "28": "-4,219", "29": "470,409", "30": "904,102", "31": "28,835", "32": "-27.74%", "33": "12.65", "34": "0", "35": "206.38"}, "2021-03-31": {"1": "60,054", "2": "85,385", "3": "145,439", "4": "5.96%", "5": "39,052", "6": "-184,491", "7": "0", "8": "187,356", "9": "404,042", "10": "73,695", "11": "29,184", "12": "-694,277", "13": "0", "14": "884,393", "15": "43,693", "16": "0", "17": "3,488", "18": "-47,181", "19": "0", "20": "111,043", "21": "-111,043", "22": "0", "23": "428,217", "24": "114,531", "25": "9.88%", "26": "8", "27": "456,337", "28": "-4,570", "29": "447,987", "30": "876,204", "31": "30,908", "32": "-6.42%", "33": "13.44", "34": "0", "35": "194.78"}, "2020-12-31": {"1": "47,990", "2": "90,300", "3": "138,290", "4": "8.04%", "5": "35,852", "6": "-174,142", "7": "0", "8": "187,017", "9": "409,183", "10": "73,734", "11": "30,684", "12": "-700,618", "13": "0", "14": "873,729", "15": "0", "16": "0", "17": "3,348", "18": "-3,348", "19": "0", "20": "113,547", "21": "-113,547", "22": "0", "23": "422,393", "24": "116,895", "25": "13.09%", "26": "8", "27": "444,626", "28": "-4,243", "29": "443,164", "30": "865,557", "31": "21,395", "32": "-13.13%", "33": "9.30", "34": "0", "35": "192.69"}, "2020-09-30": {"1": "26,817", "2": "118,906", "3": "145,723", "4": "13.71%", "5": "37,815", "6": "-183,538", "7": "0", "8": "176,253", "9": "400,810", "10": "71,865", "11": "29,652", "12": "-678,580", "13": "0", "14": "829,946", "15": "44,026", "16": "0", "17": "3,360", "18": "-47,386", "19": "0", "20": "104,331", "21": "-104,331", "22": "0", "23": "410,731", "24": "107,691", "25": "5.38%", "26": "8", "27": "408,791", "28": "-5,190", "29": "415,155", "30": "825,886", "31": "38,032", "32": "46.50%", "33": "15.98", "34": "0", "35": "174.43"}, "2020-06-30": {"1": "36,074", "2": "110,518", "3": "146,592", "4": "19.79%", "5": "36,766", "6": "-183,358", "7": "0", "8": "174,789", "9": "354,314", "10": "71,753", "11": "29,847", "12": "-630,703", "13": "0", "14": "788,133", "15": "40,665", "16": "0", "17": "3,158", "18": "-43,823", "19": "0", "20": "103,531", "21": "-103,531", "22": "0", "23": "390,880", "24": "106,689", "25": "6.79%", "26": "8", "27": "378,654", "28": "-5,967", "29": "393,495", "30": "784,375", "31": "39,903", "32": "77.57%", "33": "16.50", "34": "0", "35": "162.76"}, "2020-03-31": {"1": "42,640", "2": "94,623", "3": "137,263", "4": "20.23%", "5": "37,957", "6": "-175,220", "7": "0", "8": "173,421", "9": "310,811", "10": "81,659", "11": "31,277", "12": "-597,168", "13": "0", "14": "760,448", "15": "39,614", "16": "0", "17": "3,555", "18": "-43,169", "19": "0", "20": "100,678", "21": "-100,678", "22": "0", "23": "385,213", "24": "104,233", "25": "7.24%", "26": "8", "27": "352,359", "28": "-6,721", "29": "371,565", "30": "756,778", "31": "33,030", "32": "94.58%", "33": "13.57", "34": "0", "35": "152.64"}, "2019-12-31": {"1": "64,175", "2": "63,822", "3": "127,997", "4": "14.42%", "5": "35,835", "6": "-163,832", "7": "0", "8": "174,341", "9": "348,039", "10": "81,882", "11": "31,646", "12": "-635,908", "13": "0", "14": "817,729", "15": "0", "16": "0", "17": "4,686", "18": "-4,686", "19": "0", "20": "98,682", "21": "-98,682", "22": "0", "23": "389,166", "24": "103,368", "25": "6.03%", "26": "8", "27": "402,493", "28": "-5,243", "29": "424,791", "30": "813,957", "31": "24,629", "32": "71.31%", "33": "10.12", "34": "0", "35": "174.50"}, "2019-09-30": {"1": "74,776", "2": "53,378", "3": "128,154", "4": "23.65%", "5": "38,152", "6": "-166,306", "7": "0", "8": "171,490", "9": "310,136", "10": "81,228", "11": "31,401", "12": "-594,255", "13": "0", "14": "788,482", "15": "41,189", "16": "0", "17": "4,499", "18": "-45,688", "19": "0", "20": "97,695", "21": "-97,695", "22": "0", "23": "386,924", "24": "102,194", "25": "4.66%", "26": "8", "27": "373,334", "28": "-5,408", "29": "397,609", "30": "784,533", "31": "25,960", "32": "332.45%", "33": "10.60", "34": "0", "35": "162.32"}, "2019-06-30": {"1": "44,634", "2": "77,745", "3": "122,379", "4": "10.15%", "5": "37,582", "6": "-159,961", "7": "0", "8": "169,460", "9": "315,431", "10": "81,269", "11": "31,658", "12": "-597,818", "13": "0", "14": "760,108", "15": "0", "16": "0", "17": "4,261", "18": "-4,261", "19": "0", "20": "95,646", "21": "-95,646", "22": "0", "23": "373,717", "24": "99,907", "25": "3.24%", "26": "8", "27": "356,846", "28": "-4,678", "29": "382,544", "30": "756,261", "31": "22,472", "32": "56.86%", "33": "9.16", "34": "0", "35": "155.98"}, "2019-03-31": {"1": "26,139", "2": "88,029", "3": "114,168", "4": "5.16%", "5": "37,170", "6": "-151,338", "7": "0", "8": "167,424", "9": "316,523", "10": "81,220", "11": "31,904", "12": "-597,071", "13": "0", "14": "738,724", "15": "0", "16": "0", "17": "3,910", "18": "-3,910", "19": "0", "20": "93,283", "21": "-93,283", "22": "0", "23": "366,133", "24": "97,193", "25": "-1.91%", "26": "8", "27": "342,773", "28": "-4,727", "29": "368,877", "30": "735,010", "31": "16,975", "32": "79.12%", "33": "6.90", "34": "0", "35": "149.97"}, "2018-12-31": {"1": "30,361", "2": "81,506", "3": "111,867", "4": "-3.52%", "5": "35,230", "6": "-147,097", "7": "0", "8": "166,706", "9": "291,486", "10": "81,025", "11": "32,148", "12": "-571,365", "13": "0", "14": "707,794", "15": "0", "16": "0", "17": "4,373", "18": "-4,373", "19": "0", "20": "93,117", "21": "-93,117", "22": "0", "23": "355,294", "24": "97,490", "25": "-4.97%", "26": "8", "27": "321,112", "28": "-5,015", "29": "348,703", "30": "703,997", "31": "14,377", "32": "7.56%", "33": "5.84", "34": "0", "35": "141.76"}, "2018-09-30": {"1": "41,438", "2": "62,205", "3": "103,643", "4": "-5.18%", "5": "31,884", "6": "-135,527", "7": "0", "8": "165,017", "9": "299,155", "10": "81,327", "11": "32,954", "12": "-578,453", "13": "0", "14": "736,459", "15": "0", "16": "0", "17": "3,517", "18": "-3,517", "19": "0", "20": "94,123", "21": "-94,123", "22": "0", "23": "357,040", "24": "97,640", "25": "-3.79%", "26": "8", "27": "346,503", "28": "-3,927", "29": "375,606", "30": "732,646", "31": "6,003", "32": "-23.14%", "33": "2.43", "34": "0", "35": "152.36"}, "2018-06-30": {"1": "64,561", "2": "46,538", "3": "111,099", "4": "11.38%", "5": "31,280", "6": "-142,379", "7": "0", "8": "163,229", "9": "256,625", "10": "81,250", "11": "33,263", "12": "-534,367", "13": "0", "14": "711,932", "15": "0", "16": "0", "17": "5,219", "18": "-5,219", "19": "0", "20": "91,554", "21": "-91,554", "22": "0", "23": "350,174", "24": "96,773", "25": "-5.37%", "26": "8", "27": "327,963", "28": "-3,808", "29": "358,094", "30": "708,268", "31": "14,326", "32": "-", "33": "5.81", "34": "0", "35": "145.12"}, "2018-03-31": {"1": "57,881", "2": "50,681", "3": "108,562", "4": "-9.05%", "5": "30,906", "6": "-139,468", "7": "0", "8": "162,112", "9": "254,946", "10": "81,337", "11": "33,578", "12": "-531,973", "13": "0", "14": "702,651", "15": "0", "16": "0", "17": "4,408", "18": "-4,408", "19": "0", "20": "94,677", "21": "-94,677", "22": "0", "23": "351,599", "24": "99,085", "25": "-4.69%", "26": "8", "27": "315,952", "28": "-2,477", "29": "347,401", "30": "699,000", "31": "9,477", "32": "-38.50%", "33": "3.84", "34": "0", "35": "140.79"}, "2017-12-31": {"1": "31,583", "2": "84,371", "3": "115,954", "4": "5.60%", "5": "28,578", "6": "-144,532", "7": "0", "8": "158,219", "9": "287,385", "10": "81,258", "11": "33,182", "12": "-560,044", "13": "0", "14": "702,095", "15": "0", "16": "0", "17": "6,320", "18": "-6,320", "19": "0", "20": "96,267", "21": "-96,267", "22": "0", "23": "350,141", "24": "102,587", "25": "0.93%", "26": "8", "27": "255,786", "28": "58,571", "29": "348,296", "30": "698,437", "31": "13,367", "32": "63.85%", "33": "5.42", "34": "0", "35": "141.16"}, "2017-09-30": {"1": "42,706", "2": "66,594", "3": "109,300", "4": "-0.14%", "5": "29,652", "6": "-138,952", "7": "0", "8": "156,829", "9": "256,156", "10": "80,882", "11": "33,625", "12": "-527,492", "13": "0", "14": "681,554", "15": "0", "16": "0", "17": "1,819", "18": "-1,819", "19": "0", "20": "99,671", "21": "-99,671", "22": "0", "23": "369,702", "24": "101,490", "25": "-0.30%", "26": "8", "27": "224,166", "28": "50,183", "29": "308,278", "30": "677,980", "31": "7,810", "32": "2.09%", "33": "3.17", "34": "0", "35": "124.96"}, "2017-06-30": {"1": "26,418", "2": "73,331", "3": "99,749", "4": "3.45%", "5": "28,953", "6": "-128,702", "7": "0", "8": "154,909", "9": "248,059", "10": "80,175", "11": "33,811", "12": "-516,954", "13": "0", "14": "665,590", "15": "0", "16": "0", "17": "2,013", "18": "-2,013", "19": "0", "20": "100,257", "21": "-100,257", "22": "0", "23": "361,497", "24": "102,270", "25": "0.85%", "26": "8", "27": "220,099", "28": "46,652", "29": "300,659", "30": "662,156", "31": "-2,521", "32": "-", "33": "-1.02", "34": "0", "35": "121.88"}, "2017-03-31": {"1": "96,464", "2": "22,902", "3": "119,366", "4": "44.06%", "5": "28,870", "6": "-148,236", "7": "0", "8": "153,645", "9": "172,136", "10": "79,951", "11": "34,075", "12": "-439,807", "13": "0", "14": "654,451", "15": "0", "16": "0", "17": "2,135", "18": "-2,135", "19": "0", "20": "101,821", "21": "-101,821", "22": "0", "23": "358,171", "24": "103,956", "25": "2.38%", "26": "8", "27": "215,837", "28": "43,070", "29": "292,851", "30": "651,022", "31": "15,410", "32": "-", "33": "6.25", "34": "0", "35": "118.72"}, "2016-12-31": {"1": "86,370", "2": "23,432", "3": "109,802", "4": "12.37%", "5": "27,097", "6": "-136,899", "7": "0", "8": "152,773", "9": "159,656", "10": "79,486", "11": "34,086", "12": "-426,001", "13": "0", "14": "620,854", "15": "0", "16": "0", "17": "2,094", "18": "-2,094", "19": "0", "20": "99,550", "21": "-99,550", "22": "0", "23": "334,495", "24": "101,644", "25": "20.59%", "26": "8", "27": "211,777", "28": "37,298", "29": "283,001", "30": "617,496", "31": "8,158", "32": "-39.25%", "33": "3.31", "34": "0", "35": "114.73"}, "2016-09-30": {"1": "84,835", "2": "24,613", "3": "109,448", "4": "17.21%", "5": "27,544", "6": "-136,992", "7": "0", "8": "152,068", "9": "141,417", "10": "79,392", "11": "35,652", "12": "-408,529", "13": "0", "14": "604,038", "15": "0", "16": "0", "17": "2,019", "18": "-2,019", "19": "0", "20": "99,779", "21": "-99,779", "22": "0", "23": "331,423", "24": "101,798", "25": "19.89%", "26": "8", "27": "205,491", "28": "29,798", "29": "269,264", "30": "600,687", "31": "7,650", "32": "-9.66%", "33": "3.10", "34": "0", "35": "109.20"}, "2016-06-30": {"1": "72,679", "2": "23,744", "3": "96,423", "4": "2.78%", "5": "27,162", "6": "-123,585", "7": "0", "8": "150,711", "9": "142,419", "10": "79,177", "11": "35,807", "12": "-408,114", "13": "0", "14": "592,816", "15": "0", "16": "0", "17": "2,172", "18": "-2,172", "19": "0", "20": "99,241", "21": "-99,241", "22": "0", "23": "326,558", "24": "101,413", "25": "19.90%", "26": "8", "27": "198,293", "28": "30,777", "29": "263,025", "30": "589,583", "31": "-4,990", "32": "-", "33": "-2.02", "34": "0", "35": "106.68"}, "2016-03-31": {"1": "58,342", "2": "24,519", "3": "82,861", "4": "-9.02%", "5": "27,190", "6": "-110,051", "7": "0", "8": "149,535", "9": "153,206", "10": "79,114", "11": "35,907", "12": "-417,762", "13": "0", "14": "586,315", "15": "0", "16": "0", "17": "2,565", "18": "-2,565", "19": "0", "20": "98,974", "21": "-98,974", "22": "0", "23": "324,478", "24": "101,539", "25": "21.18%", "26": "8", "27": "193,292", "28": "31,454", "29": "258,661", "30": "583,139", "31": "-18,678", "32": "-", "33": "-7.58", "34": "0", "35": "104.92"}, "2015-12-31": {"1": "71,730", "2": "25,988", "3": "97,718", "4": "7.78%", "5": "23,303", "6": "-121,021", "7": "0", "8": "145,166", "9": "160,035", "10": "62,708", "11": "9,797", "12": "-377,706", "13": "0", "14": "552,257", "15": "0", "16": "0", "17": "1,989", "18": "-1,989", "19": "0", "20": "82,300", "21": "-82,300", "22": "0", "23": "293,630", "24": "84,289", "25": "5.09%", "26": "8", "27": "187,703", "28": "33,982", "29": "255,550", "30": "549,180", "31": "13,429", "32": "28.42%", "33": "5.45", "34": "0", "35": "103.66"}, "2015-09-30": {"1": "66,260", "2": "27,119", "3": "93,379", "4": "2.50%", "5": "24,484", "6": "-117,863", "7": "0", "8": "143,333", "9": "159,789", "10": "62,692", "11": "10,200", "12": "-376,014", "13": "0", "14": "545,468", "15": "0", "16": "0", "17": "1,909", "18": "-1,909", "19": "0", "20": "83,002", "21": "-83,002", "22": "0", "23": "294,147", "24": "84,911", "25": "13.50%", "26": "8", "27": "182,225", "28": "32,203", "29": "248,283", "30": "542,430", "31": "8,468", "32": "-48.01%", "33": "3.44", "34": "0", "35": "100.72"}, "2015-06-30": {"1": "66,587", "2": "27,224", "3": "93,811", "4": "10.85%", "5": "24,606", "6": "-118,417", "7": "0", "8": "140,879", "9": "155,265", "10": "62,799", "11": "10,446", "12": "-369,389", "13": "0", "14": "540,774", "15": "0", "16": "0", "17": "2,102", "18": "-2,102", "19": "0", "20": "82,476", "21": "-82,476", "22": "0", "23": "291,572", "24": "84,578", "25": "14.16%", "26": "8", "27": "172,797", "28": "39,417", "29": "246,043", "30": "537,615", "31": "9,233", "32": "-12.43%", "33": "3.75", "34": "0", "35": "99.83"}, "2015-03-31": {"1": "63,711", "2": "27,366", "3": "91,077", "4": "16.69%", "5": "24,006", "6": "-115,083", "7": "0", "8": "138,740", "9": "153,473", "10": "62,879", "11": "10,292", "12": "-365,384", "13": "0", "14": "531,076", "15": "0", "16": "0", "17": "1,918", "18": "-1,918", "19": "0", "20": "81,877", "21": "-81,877", "22": "0", "23": "286,237", "24": "83,795", "25": "14.44%", "26": "8", "27": "168,784", "28": "38,864", "29": "241,458", "30": "527,695", "31": "7,282", "32": "50.89%", "33": "2.95", "34": "0", "35": "97.98"}, "2014-12-31": {"1": "63,269", "2": "27,397", "3": "90,666", "4": "17.79%", "5": "21,852", "6": "-112,518", "7": "0", "8": "137,244", "9": "155,885", "10": "60,714", "11": "9,941", "12": "-363,784", "13": "0", "14": "526,186", "15": "0", "16": "0", "17": "839", "18": "-839", "19": "0", "20": "79,370", "21": "-79,370", "22": "0", "23": "283,159", "24": "80,209", "25": "11.06%", "26": "8", "27": "163,620", "28": "42,732", "29": "240,170", "30": "523,329", "31": "10,457", "32": "120.29%", "33": "4.24", "34": "0", "35": "97.45"}, "2014-09-30": {"1": "62,380", "2": "28,721", "3": "91,101", "4": "28.40%", "5": "24,017", "6": "-115,118", "7": "0", "8": "129,802", "9": "158,198", "10": "58,669", "11": "9,841", "12": "-356,510", "13": "0", "14": "517,363", "15": "0", "16": "0", "17": "20,147", "18": "-20,147", "19": "0", "20": "54,665", "21": "-54,665", "22": "0", "23": "277,061", "24": "74,812", "25": "13.78%", "26": "8", "27": "159,465", "28": "44,186", "29": "237,456", "30": "514,517", "31": "16,289", "32": "213.13%", "33": "6.61", "34": "0", "35": "96.38"}, "2014-06-30": {"1": "55,455", "2": "29,175", "3": "84,630", "4": "31.31%", "5": "22,997", "6": "-107,627", "7": "0", "8": "127,635", "9": "159,336", "10": "58,792", "11": "9,732", "12": "-355,495", "13": "0", "14": "504,379", "15": "0", "16": "0", "17": "18,771", "18": "-18,771", "19": "0", "20": "55,316", "21": "-55,316", "22": "0", "23": "267,619", "24": "74,087", "25": "15.85%", "26": "8", "27": "154,848", "28": "45,421", "29": "234,005", "30": "501,624", "31": "10,543", "32": "2017.07%", "33": "4.27", "34": "0", "35": "94.87"}, "2014-03-31": {"1": "48,948", "2": "29,101", "3": "78,049", "4": "-2.06%", "5": "22,717", "6": "-100,766", "7": "0", "8": "125,080", "9": "158,740", "10": "58,264", "11": "9,893", "12": "-351,977", "13": "0", "14": "494,944", "15": "0", "16": "0", "17": "978", "18": "-978", "19": "0", "20": "72,245", "21": "-72,245", "22": "0", "23": "264,655", "24": "73,223", "25": "15.77%", "26": "8", "27": "148,453", "28": "45,049", "29": "227,612", "30": "492,267", "31": "4,826", "32": "-70.65%", "33": "1.96", "34": "0", "35": "92.30"}, "2013-12-31": {"1": "48,186", "2": "28,785", "3": "76,971", "4": "-1.87%", "5": "20,497", "6": "-97,468", "7": "0", "8": "122,214", "9": "157,866", "10": "57,011", "11": "9,183", "12": "-346,274", "13": "0", "14": "484,931", "15": "0", "16": "0", "17": "949", "18": "-949", "19": "0", "20": "71,275", "21": "-71,275", "22": "0", "23": "260,446", "24": "72,224", "25": "15.12%", "26": "8", "27": "143,748", "28": "44,025", "29": "221,890", "30": "482,336", "31": "4,747", "32": "-69.77%", "33": "1.92", "34": "0", "35": "89.98"}, "2013-09-30": {"1": "42,079", "2": "28,872", "3": "70,951", "4": "48.51%", "5": "27,145", "6": "-98,096", "7": "0", "8": "110,556", "9": "134,428", "10": "54,735", "11": "9,539", "12": "-309,258", "13": "0", "14": "458,081", "15": "0", "16": "0", "17": "1,063", "18": "-1,063", "19": "0", "20": "64,686", "21": "-64,686", "22": "0", "23": "246,650", "24": "65,749", "25": "5.18%", "26": "8", "27": "138,758", "28": "34,897", "29": "208,382", "30": "455,032", "31": "5,202", "32": "-", "33": "2.11", "34": "0", "35": "84.51"}, "2013-06-30": {"1": "35,695", "2": "28,756", "3": "64,451", "4": "58.51%", "5": "21,956", "6": "-86,407", "7": "0", "8": "108,349", "9": "131,438", "10": "54,372", "11": "9,479", "12": "-303,638", "13": "0", "14": "446,563", "15": "0", "16": "0", "17": "1,281", "18": "-1,281", "19": "0", "20": "62,672", "21": "-62,672", "22": "0", "23": "241,575", "24": "63,953", "25": "4.61%", "26": "8", "27": "133,705", "28": "33,565", "29": "202,016", "30": "443,591", "31": "498", "32": "-", "33": "0.20", "34": "0", "35": "81.94"}, "+101 Quarters": {"1": "Upgrade", "2": "Upgrade", "3": "Upgrade", "4": "Upgrade", "5": "Upgrade", "6": "Upgrade", "7": "Upgrade", "8": "Upgrade", "9": "Upgrade", "10": "Upgrade", "11": "Upgrade", "12": "Upgrade", "13": "Upgrade", "14": "Upgrade", "15": "Upgrade", "16": "Upgrade", "17": "Upgrade", "18": "Upgrade", "19": "Upgrade", "20": "Upgrade", "21": "Upgrade", "22": "Upgrade", "23": "Upgrade", "24": "Upgrade", "25": "Upgrade", "26": "Upgrade", "27": "Upgrade", "28": "Upgrade", "29": "Upgrade", "30": "Upgrade", "31": "Upgrade", "32": "Upgrade", "33": "Upgrade", "34": "Upgrade", "35": "Upgrade"}}}, "cash_flow_statement": {"annual": {"Year": {"1": "Net Income", "2": "Depreciation & Amortization", "3": "Other Operating Activities", "4": "Operating Cash Flow", "5": "Operating Cash Flow Growth", "6": "Capital Expenditures", "7": "Acquisitions", "8": "Change in Investments", "9": "Other Investing Activities", "10": "Investing Cash Flow", "11": "Share Repurchases", "12": "Other Financing Activities", "13": "Financing Cash Flow", "14": "Net Cash Flow", "15": "Free Cash Flow", "16": "Free Cash Flow Growth", "17": "Free Cash Flow Margin", "18": "Free Cash Flow Per Share"}, "2022": {"1": "-22,058", "2": "10,899", "3": "48,383", "4": "37,224", "5": "-5.57%", "6": "-15,464", "7": "-10,594", "8": "-441,922", "9": "380,379", "10": "-87,601", "11": "-7,854", "12": "-9,516", "13": "-1,662", "14": "-52,307", "15": "21,760", "16": "-16.77%", "17": "9.29%", "18": "9.88"}, "2021": {"1": "89,795", "2": "10,718", "3": "-61,092", "4": "39,421", "5": "-0.89%", "6": "-13,276", "7": "-456", "8": "-364,524", "9": "407,648", "10": "29,392", "11": "-27,061", "12": "-55,569", "13": "-28,508", "14": "40,310", "15": "26,145", "16": "-2.30%", "17": "7.37%", "18": "11.54"}, "2020": {"1": "42,521", "2": "10,596", "3": "-13,344", "4": "39,773", "5": "2.81%", "6": "-13,012", "7": "-2,532", "8": "-458,928", "9": "436,715", "10": "-37,757", "11": "-24,706", "12": "-43,050", "13": "-18,344", "14": "-16,236", "15": "26,761", "16": "17.85%", "17": "9.35%", "18": "11.19"}, "2019": {"1": "81,417", "2": "10,064", "3": "-52,794", "4": "38,687", "5": "3.44%", "6": "-15,979", "7": "-1,683", "8": "-322,797", "9": "334,838", "10": "-5,621", "11": "-4,850", "12": "-4,120", "13": "730", "14": "33,821", "15": "22,708", "16": "-0.68%", "17": "6.94%", "18": "9.27"}, "2018": {"1": "4,021", "2": "9,779", "3": "23,600", "4": "37,400", "5": "-18.30%", "6": "-14,537", "7": "-3,279", "8": "-356,575", "9": "341,542", "10": "-32,849", "11": "-1,346", "12": "-7,158", "13": "-5,812", "14": "-1,401", "15": "22,863", "16": "-32.89%", "17": "10.14%", "18": "9.27"}, "2017": {"1": "44,940", "2": "9,188", "3": "-8,352", "4": "45,776", "5": "40.70%", "6": "-11,708", "7": "-2,708", "8": "-334,384", "9": "307,709", "10": "-41,091", "11": "0", "12": "-1,398", "13": "-1,398", "14": "3,535", "15": "34,068", "16": "73.98%", "17": "14.07%", "18": "13.81"}, "2016": {"1": "24,074", "2": "8,901", "3": "-440", "4": "32,535", "5": "3.32%", "6": "-12,954", "7": "-31,399", "8": "-186,474", "9": "146,560", "10": "-84,267", "11": "0", "12": "12,791", "13": "12,791", "14": "-39,113", "15": "19,581", "16": "27.08%", "17": "8.76%", "18": "7.94"}, "2015": {"1": "24,083", "2": "7,779", "3": "-371", "4": "31,491", "5": "-1.62%", "6": "-16,082", "7": "-4,902", "8": "-41,166", "9": "35,482", "10": "-26,668", "11": "0", "12": "3,803", "13": "3,803", "14": "8,461", "15": "15,409", "16": "-8.42%", "17": "7.31%", "18": "6.25"}, "2014": {"1": "19,872", "2": "7,370", "3": "4,768", "4": "32,010", "5": "15.54%", "6": "-15,185", "7": "-4,824", "8": "-35,176", "9": "35,816", "10": "-19,369", "11": "0", "12": "2,731", "13": "2,731", "14": "15,083", "15": "16,825", "16": "1.25%", "17": "8.64%", "18": "6.83"}, "2013": {"1": "19,476", "2": "6,508", "3": "1,720", "4": "27,704", "5": "32.24%", "6": "-11,087", "7": "-6,431", "8": "-47,737", "9": "37,720", "10": "-27,535", "11": "0", "12": "961", "13": "961", "14": "1,194", "15": "16,617", "16": "48.70%", "17": "9.12%", "18": "6.74"}, "2012 - 1988": {"1": "Upgrade", "2": "Upgrade", "3": "Upgrade", "4": "Upgrade", "5": "Upgrade", "6": "Upgrade", "7": "Upgrade", "8": "Upgrade", "9": "Upgrade", "10": "Upgrade", "11": "Upgrade", "12": "Upgrade", "13": "Upgrade", "14": "Upgrade", "15": "Upgrade", "16": "Upgrade", "17": "Upgrade", "18": "Upgrade"}}, "quarterly": {"Metrics": {"1": "Net Income", "2": "Depreciation & Amortization", "3": "Other Operating Activities", "4": "Operating Cash Flow", "5": "Operating Cash Flow Growth", "6": "Capital Expenditures", "7": "Acquisitions", "8": "Change in Investments", "9": "Other Investing Activities", "10": "Investing Cash Flow", "11": "Share Repurchases", "12": "Other Financing Activities", "13": "Financing Cash Flow", "14": "Net Cash Flow", "15": "Free Cash Flow", "16": "Free Cash Flow Growth", "17": "Free Cash Flow Margin", "18": "Free Cash Flow Per Share"}, "2023-03-31": {"1": "35,504", "2": "3,051", "3": "-29,862", "4": "8,693", "5": "27.30%", "6": "-3,713", "7": "-7,629", "8": "-100,017", "9": "103,440", "10": "-7,919", "11": "-4,450", "12": "-14,372", "13": "-9,922", "14": "-9,101", "15": "4,980", "16": "33.19%", "17": "4.14%", "18": "2.49"}, "2022-12-31": {"1": "18,164", "2": "2,758", "3": "-10,721", "4": "10,201", "5": "30.87%", "6": "-4,557", "7": "-10,411", "8": "-101,464", "9": "110,340", "10": "-6,092", "11": "-2,608", "12": "-3,959", "13": "-1,351", "14": "3,043", "15": "5,644", "16": "49.99%", "17": "6.09%", "18": "3.45"}, "2022-09-30": {"1": "-2,588", "2": "2,728", "3": "11,522", "4": "11,662", "5": "-3.36%", "6": "-4,074", "7": "-80", "8": "-92,472", "9": "89,290", "10": "-7,336", "11": "-1,055", "12": "-2,973", "13": "-1,918", "14": "2,132", "15": "7,588", "16": "-10.58%", "17": "11.96%", "18": "2.17"}, "2022-06-30": {"1": "-43,376", "2": "2,710", "3": "49,198", "4": "8,532", "5": "-16.79%", "6": "-3,743", "7": "-69", "8": "-84,031", "9": "72,236", "10": "-15,607", "11": "-1,011", "12": "-2,047", "13": "-1,036", "14": "-8,438", "15": "4,789", "16": "-32.63%", "17": "51.71%", "18": "1.69"}, "2022-03-31": {"1": "5,460", "2": "2,703", "3": "-1,334", "4": "6,829", "5": "-26.62%", "6": "-3,090", "7": "-34", "8": "-163,955", "9": "108,513", "10": "-58,566", "11": "-3,180", "12": "-537", "13": "2,643", "14": "-49,044", "15": "3,739", "16": "-44.91%", "17": "5.43%", "18": "1.67"}, "2021-12-31": {"1": "39,898", "2": "2,705", "3": "-34,808", "4": "7,795", "5": "-26.09%", "6": "-4,032", "7": "-252", "8": "-121,907", "9": "143,502", "10": "17,311", "11": "-6,869", "12": "-14,013", "13": "-7,144", "14": "18,065", "15": "3,763", "16": "-46.62%", "17": "3.35%", "18": "3.76"}, "2021-09-30": {"1": "10,344", "2": "2,668", "3": "-945", "4": "12,067", "5": "2.60%", "6": "-3,581", "7": "-100", "8": "-42,346", "9": "69,541", "10": "23,514", "11": "-7,632", "12": "-15,418", "13": "-7,786", "14": "27,809", "15": "8,486", "16": "0.64%", "17": "11.24%", "18": "3.12"}, "2021-06-30": {"1": "28,094", "2": "2,672", "3": "-20,513", "4": "10,253", "5": "-3.89%", "6": "-3,144", "7": "-57", "8": "-117,286", "9": "97,858", "10": "-22,629", "11": "-5,980", "12": "-11,209", "13": "-5,229", "14": "-17,656", "15": "7,109", "16": "-4.56%", "17": "7.37%", "18": "2.95"}, "2021-03-31": {"1": "11,711", "2": "2,673", "3": "-5,078", "4": "9,306", "5": "36.89%", "6": "-2,519", "7": "-47", "8": "-82,985", "9": "96,747", "10": "11,196", "11": "-6,580", "12": "-14,929", "13": "-8,349", "14": "12,092", "15": "6,787", "16": "77.21%", "17": "9.65%", "18": "3.07"}, "2020-12-31": {"1": "35,835", "2": "2,904", "3": "-28,193", "4": "10,546", "5": "-12.68%", "6": "-3,496", "7": "-2,421", "8": "-149,065", "9": "171,631", "10": "16,649", "11": "-8,994", "12": "-15,662", "13": "-6,668", "14": "20,959", "15": "7,050", "16": "-2.58%", "17": "6.80%", "18": "3.54"}, "2020-09-30": {"1": "30,137", "2": "2,583", "3": "-20,959", "4": "11,761", "5": "19.43%", "6": "-3,329", "7": "-29", "8": "-109,040", "9": "100,543", "10": "-11,855", "11": "-8,973", "12": "-17,829", "13": "-8,856", "14": "-9,150", "15": "8,432", "16": "54.55%", "17": "8.91%", "18": "3.08"}, "2020-06-30": {"1": "26,295", "2": "2,524", "3": "-18,151", "4": "10,668", "5": "16.15%", "6": "-3,219", "7": "-56", "8": "-154,081", "9": "142,609", "10": "-14,747", "11": "-4,998", "12": "-7,472", "13": "-2,474", "14": "-6,509", "15": "7,449", "16": "33.28%", "17": "7.69%", "18": "1.57"}, "2020-03-31": {"1": "-49,746", "2": "2,585", "3": "53,959", "4": "6,798", "5": "-10.28%", "6": "-2,968", "7": "-26", "8": "-46,742", "9": "21,932", "10": "-27,804", "11": "-1,741", "12": "-2,087", "13": "-346", "14": "-21,536", "15": "3,830", "16": "-13.47%", "17": "-", "18": "2.97"}, "2019-12-31": {"1": "29,159", "2": "2,657", "3": "-19,739", "4": "12,077", "5": "11.36%", "6": "-4,840", "7": "-951", "8": "-120,047", "9": "104,761", "10": "-21,077", "11": "-2,043", "12": "-3,822", "13": "-1,779", "14": "-10,659", "15": "7,237", "16": "14.00%", "17": "7.49%", "18": "2.23"}, "2019-09-30": {"1": "16,524", "2": "2,534", "3": "-9,210", "4": "9,848", "5": "-5.89%", "6": "-4,392", "7": "-152", "8": "-59,162", "9": "82,070", "10": "18,364", "11": "-674", "12": "1,424", "13": "2,098", "14": "30,189", "15": "5,456", "16": "-19.21%", "17": "7.19%", "18": "2.28"}, "2019-06-30": {"1": "14,073", "2": "2,456", "3": "-7,344", "4": "9,185", "5": "7.62%", "6": "-3,596", "7": "-318", "8": "-85,632", "9": "96,839", "10": "7,293", "11": "-548", "12": "1,541", "13": "2,089", "14": "18,578", "15": "5,589", "16": "16.56%", "17": "7.59%", "18": "1.80"}, "2019-03-31": {"1": "21,661", "2": "2,417", "3": "-16,501", "4": "7,577", "5": "0.28%", "6": "-3,151", "7": "-262", "8": "-57,956", "9": "51,168", "10": "-10,201", "11": "-1,585", "12": "-3,263", "13": "-1,678", "14": "-4,287", "15": "4,426", "16": "-10.89%", "17": "5.46%", "18": "2.58"}, "2018-12-31": {"1": "-25,392", "2": "2,610", "3": "33,627", "4": "10,845", "5": "30.99%", "6": "-4,497", "7": "-2,758", "8": "-107,712", "9": "93,149", "10": "-21,818", "11": "-418", "12": "-704", "13": "-286", "14": "-11,290", "15": "6,348", "16": "27.42%", "17": "22.51%", "18": "2.74"}, "2018-09-30": {"1": "18,540", "2": "2,395", "3": "-10,471", "4": "10,464", "5": "-3.74%", "6": "-3,711", "7": "-148", "8": "-77,920", "9": "48,318", "10": "-33,461", "11": "0", "12": "-10", "13": "-10", "14": "-23,075", "15": "6,753", "16": "-11.24%", "17": "8.64%", "18": "1.94"}, "2018-06-30": {"1": "12,011", "2": "2,387", "3": "-5,863", "4": "8,535", "5": "2.56%", "6": "-3,740", "7": "-261", "8": "-90,236", "9": "94,359", "10": "122", "11": "0", "12": "-1,722", "13": "-1,722", "14": "6,802", "15": "4,795", "16": "-13.26%", "17": "6.99%", "18": "2.01"}, "2018-03-31": {"1": "-1,138", "2": "2,387", "3": "6,307", "4": "7,556", "5": "-58.72%", "6": "-2,589", "7": "-112", "8": "-80,707", "9": "105,716", "10": "22,308", "11": "0", "12": "-3,794", "13": "-3,794", "14": "26,162", "15": "4,967", "16": "-68.86%", "17": "9.84%", "18": "2.02"}, "2017-12-31": {"1": "32,551", "2": "2,353", "3": "-26,625", "4": "8,279", "5": "12.43%", "6": "-3,297", "7": "-68", "8": "-101,470", "9": "84,938", "10": "-19,897", "11": "0", "12": "469", "13": "469", "14": "-11,123", "15": "4,982", "16": "29.77%", "17": "8.46%", "18": "3.08"}, "2017-09-30": {"1": "4,067", "2": "2,296", "3": "4,507", "4": "10,870", "5": "10.24%", "6": "-3,262", "7": "-919", "8": "-88,596", "9": "99,554", "10": "6,777", "11": "0", "12": "-1,398", "13": "-1,398", "14": "16,288", "15": "7,608", "16": "15.71%", "17": "12.57%", "18": "2.24"}, "2017-06-30": {"1": "4,262", "2": "2,296", "3": "1,764", "4": "8,322", "5": "6.28%", "6": "-2,794", "7": "-122", "8": "-50,896", "9": "48,307", "10": "-5,505", "11": "0", "12": "-2,484", "13": "-2,484", "14": "455", "15": "5,528", "16": "22.06%", "17": "9.61%", "18": "6.47"}, "2017-03-31": {"1": "4,060", "2": "2,243", "3": "12,002", "4": "18,305", "5": "144.69%", "6": "-2,355", "7": "-1,599", "8": "-93,422", "9": "74,910", "10": "-22,466", "11": "0", "12": "2,015", "13": "2,015", "14": "-2,085", "15": "15,950", "16": "243.90%", "17": "24.47%", "18": "1.56"}, "2016-12-31": {"1": "6,286", "2": "2,296", "3": "-1,218", "4": "7,364", "5": "0.38%", "6": "-3,525", "7": "-584", "8": "-147,530", "9": "91,624", "10": "-60,015", "11": "0", "12": "595", "13": "595", "14": "-56,787", "15": "3,839", "16": "25.58%", "17": "6.66%", "18": "2.67"}, "2016-09-30": {"1": "7,198", "2": "2,246", "3": "416", "4": "9,860", "5": "-3.45%", "6": "-3,285", "7": "-375", "8": "-13,548", "9": "19,073", "10": "1,865", "11": "0", "12": "443", "13": "443", "14": "12,156", "15": "6,575", "16": "25.36%", "17": "11.13%", "18": "1.84"}, "2016-06-30": {"1": "5,001", "2": "2,234", "3": "595", "4": "7,830", "5": "-1.88%", "6": "-3,301", "7": "-255", "8": "-15,262", "9": "25,190", "10": "6,372", "11": "0", "12": "140", "13": "140", "14": "14,337", "15": "4,529", "16": "-1.35%", "17": "8.32%", "18": "1.88"}, "2016-03-31": {"1": "5,589", "2": "2,125", "3": "-233", "4": "7,481", "5": "25.46%", "6": "-2,843", "7": "-30,185", "8": "-10,134", "9": "10,673", "10": "-32,489", "11": "0", "12": "11,613", "13": "11,613", "14": "-13,388", "15": "4,638", "16": "84.34%", "17": "8.85%", "18": "1.24"}, "2015-12-31": {"1": "5,478", "2": "1,978", "3": "-120", "4": "7,336", "5": "-6.58%", "6": "-4,279", "7": "-100", "8": "-10,767", "9": "13,326", "10": "-1,820", "11": "0", "12": "5", "13": "5", "14": "5,470", "15": "3,057", "16": "7.64%", "17": "5.90%", "18": "2.13"}, "2015-09-30": {"1": "9,428", "2": "1,989", "3": "-1,205", "4": "10,212", "5": "-17.14%", "6": "-4,967", "7": "-302", "8": "-17,607", "9": "11,772", "10": "-11,104", "11": "0", "12": "602", "13": "602", "14": "-327", "15": "5,245", "16": "-36.39%", "17": "8.89%", "18": "1.86"}, "2015-06-30": {"1": "4,013", "2": "1,941", "3": "2,026", "4": "7,980", "5": "15.57%", "6": "-3,389", "7": "-505", "8": "-6,003", "9": "4,285", "10": "-5,612", "11": "0", "12": "378", "13": "378", "14": "2,876", "15": "4,591", "16": "27.32%", "17": "8.94%", "18": "1.02"}, "2015-03-31": {"1": "5,164", "2": "1,871", "3": "-1,072", "4": "5,963", "5": "21.00%", "6": "-3,447", "7": "-3,995", "8": "-6,789", "9": "6,099", "10": "-8,132", "11": "0", "12": "2,818", "13": "2,818", "14": "442", "15": "2,516", "16": "17.90%", "17": "5.17%", "18": "1.15"}, "2014-12-31": {"1": "4,155", "2": "1,934", "3": "1,764", "4": "7,853", "5": "12.72%", "6": "-5,013", "7": "-3,755", "8": "-15,571", "9": "15,936", "10": "-8,403", "11": "0", "12": "1,555", "13": "1,555", "14": "889", "15": "2,840", "16": "-21.26%", "17": "5.88%", "18": "3.35"}, "2014-09-30": {"1": "4,617", "2": "1,854", "3": "5,853", "4": "12,324", "5": "57.48%", "6": "-4,079", "7": "-393", "8": "-7,377", "9": "5,707", "10": "-6,142", "11": "0", "12": "937", "13": "937", "14": "6,925", "15": "8,245", "16": "69.75%", "17": "16.10%", "18": "1.46"}, "2014-06-30": {"1": "6,395", "2": "1,810", "3": "-1,300", "4": "6,905", "5": "0.71%", "6": "-3,299", "7": "24", "8": "-6,850", "9": "9,156", "10": "-969", "11": "0", "12": "550", "13": "550", "14": "6,507", "15": "3,606", "16": "-16.24%", "17": "7.25%", "18": "0.87"}, "2014-03-31": {"1": "4,705", "2": "1,772", "3": "-1,549", "4": "4,928", "5": "-18.61%", "6": "-2,794", "7": "-700", "8": "-5,378", "9": "5,017", "10": "-3,855", "11": "0", "12": "-311", "13": "-311", "14": "762", "15": "2,134", "16": "-44.54%", "17": "4.69%", "18": "1.46"}, "2013-12-31": {"1": "4,990", "2": "2,472", "3": "-495", "4": "6,967", "5": "45.45%", "6": "-3,360", "7": "-5,601", "8": "-12,609", "9": "19,499", "10": "-2,071", "11": "0", "12": "1,174", "13": "1,174", "14": "6,107", "15": "3,607", "16": "63.36%", "17": "7.67%", "18": "1.97"}, "2013-09-30": {"1": "5,053", "2": "1,354", "3": "1,419", "4": "7,826", "5": "17.67%", "6": "-2,969", "7": "-676", "8": "-5,743", "9": "6,387", "10": "-3,001", "11": "0", "12": "1,492", "13": "1,492", "14": "6,384", "15": "4,857", "16": "20.31%", "17": "10.44%", "18": "1.75"}, "2013-06-30": {"1": "4,541", "2": "1,345", "3": "970", "4": "6,856", "5": "41.10%", "6": "-2,551", "7": "-62", "8": "-23,393", "9": "7,499", "10": "-18,507", "11": "0", "12": "-1,762", "13": "-1,762", "14": "-13,394", "15": "4,305", "16": "76.43%", "17": "9.63%", "18": "1.56"}, "+101 Quarters": {"1": "Upgrade", "2": "Upgrade", "3": "Upgrade", "4": "Upgrade", "5": "Upgrade", "6": "Upgrade", "7": "Upgrade", "8": "Upgrade", "9": "Upgrade", "10": "Upgrade", "11": "Upgrade", "12": "Upgrade", "13": "Upgrade", "14": "Upgrade", "15": "Upgrade", "16": "Upgrade", "17": "Upgrade", "18": "Upgrade"}}}, "ratios": {"annual": {"Year": {"1": "Market Capitalization", "2": "Market Cap Growth", "3": "Enterprise Value", "4": "PE Ratio", "5": "PS Ratio", "6": "PB Ratio", "7": "P/FCF Ratio", "8": "P/OCF Ratio", "9": "EV/Sales Ratio", "10": "EV/EBITDA Ratio", "11": "EV/EBIT Ratio", "12": "EV/FCF Ratio", "13": "Debt / Equity Ratio", "14": "Debt / EBITDA Ratio", "15": "Debt / FCF Ratio", "16": "Current Ratio", "17": "Asset Turnover", "18": "Return on Equity (ROE)", "19": "Return on Assets (ROA)", "20": "Return on Capital (ROIC)", "21": "Earnings Yield", "22": "FCF Yield", "23": "Buyback Yield / Dilution", "24": "Total Shareholder Return"}, "Current": {"1": "714,482", "2": "-", "3": "702,594", "4": "94.39", "5": "2.49", "6": "1.41", "7": "30.85", "8": "18.15", "9": "2.46", "10": "31.57", "11": "63.81", "12": "30.55", "13": "0.99", "14": "5.55", "15": "5.37", "16": "72.82", "17": "0.25", "18": "3.85%", "19": "1.92%", "20": "2.18%", "21": "1.09%", "22": "3.24%", "23": "1.24%", "24": "1.24%"}, "2022": {"1": "680,603", "2": "0.49%", "3": "767,536", "4": "-30.86", "5": "2.91", "6": "1.44", "7": "31.28", "8": "18.28", "9": "3.28", "10": "-47.71", "11": "-28.44", "12": "35.27", "13": "0.99", "14": "-7.63", "15": "5.64", "16": "72.82", "17": "0.25", "18": "-4.67%", "19": "-2.33%", "20": "-2.22%", "21": "-3.24%", "22": "3.20%", "23": "2.74%", "24": "2.74%"}, "2021": {"1": "677,315", "2": "22.13%", "3": "703,393", "4": "7.54", "5": "1.91", "6": "1.34", "7": "25.91", "8": "17.18", "9": "1.98", "10": "5.60", "11": "6.12", "12": "26.90", "13": "0.88", "14": "0.91", "15": "4.37", "16": "79.24", "17": "0.37", "18": "17.74%", "19": "9.37%", "20": "11.93%", "21": "13.26%", "22": "3.86%", "23": "5.29%", "24": "5.29%"}, "2020": {"1": "554,564", "2": "-0.10%", "3": "623,469", "4": "13.04", "5": "1.94", "6": "1.25", "7": "20.72", "8": "13.94", "9": "2.18", "10": "8.95", "11": "10.56", "12": "23.30", "13": "0.95", "14": "1.68", "15": "4.37", "16": "52.01", "17": "0.33", "18": "9.59%", "19": "4.87%", "20": "5.90%", "21": "7.67%", "22": "4.83%", "23": "2.42%", "24": "2.42%"}, "2019": {"1": "555,133", "2": "10.27%", "3": "594,326", "4": "6.82", "5": "1.70", "6": "1.31", "7": "24.45", "8": "14.35", "9": "1.82", "10": "5.11", "11": "5.59", "12": "26.17", "13": "0.92", "14": "0.89", "15": "4.55", "16": "34.96", "17": "0.40", "18": "19.17%", "19": "9.96%", "20": "12.28%", "21": "14.67%", "22": "4.09%", "23": "0.60%", "24": "0.60%"}, "2018": {"1": "503,445", "2": "2.96%", "3": "570,574", "4": "125.20", "5": "2.23", "6": "1.44", "7": "22.02", "8": "13.46", "9": "2.53", "10": "32.92", "11": "75.54", "12": "24.96", "13": "1.02", "14": "5.62", "15": "4.26", "16": "0", "17": "0.32", "18": "1.15%", "19": "0.57%", "20": "0.00%", "21": "0.80%", "22": "4.54%", "23": "0.05%", "24": "0.05%"}, "2017": {"1": "488,993", "2": "21.68%", "3": "559,997", "4": "10.88", "5": "2.02", "6": "1.40", "7": "14.35", "8": "10.68", "9": "2.31", "10": "14.73", "11": "19.43", "12": "16.44", "13": "1.01", "14": "2.70", "15": "3.01", "16": "0", "17": "0.34", "18": "12.90%", "19": "6.40%", "20": "0.00%", "21": "9.19%", "22": "6.97%", "23": "-0.05%", "24": "-0.05%"}, "2016": {"1": "401,866", "2": "23.48%", "3": "417,140", "4": "16.69", "5": "1.80", "6": "1.42", "7": "20.52", "8": "12.35", "9": "1.87", "10": "9.13", "11": "11.33", "12": "21.30", "13": "1.18", "14": "2.22", "15": "5.19", "16": "0", "17": "0.36", "18": "8.51%", "19": "3.88%", "20": "0.00%", "21": "5.99%", "22": "4.87%", "23": "-0.04%", "24": "-0.04%"}, "2015": {"1": "325,449", "2": "-12.08%", "3": "338,008", "4": "13.51", "5": "1.54", "6": "1.27", "7": "21.12", "8": "10.33", "9": "1.60", "10": "7.36", "11": "8.86", "12": "21.94", "13": "1.15", "14": "1.84", "15": "5.47", "16": "0", "17": "0.38", "18": "9.42%", "19": "4.36%", "20": "0.00%", "21": "7.40%", "22": "4.73%", "23": "0.02%", "24": "0.02%"}, "2014": {"1": "370,147", "2": "26.63%", "3": "387,087", "4": "18.63", "5": "1.90", "6": "1.54", "7": "22.00", "8": "11.56", "9": "1.99", "10": "10.07", "11": "12.46", "12": "23.01", "13": "1.18", "14": "2.09", "15": "4.77", "16": "0", "17": "0.37", "18": "8.27%", "19": "3.78%", "20": "0.00%", "21": "5.37%", "22": "4.55%", "23": "0.01%", "24": "0.01%"}, "2013": {"1": "292,300", "2": "31.56%", "3": "316,338", "4": "15.01", "5": "1.60", "6": "1.32", "7": "17.59", "8": "10.55", "9": "1.74", "10": "8.38", "11": "10.13", "12": "19.04", "13": "1.17", "14": "1.91", "15": "4.35", "16": "0", "17": "0.38", "18": "8.78%", "19": "4.02%", "20": "0.00%", "21": "6.66%", "22": "5.68%", "23": "0.47%", "24": "0.47%"}, "2012 - 1988": {"1": "Upgrade", "2": "Upgrade", "3": "Upgrade", "4": "Upgrade", "5": "Upgrade", "6": "Upgrade", "7": "Upgrade", "8": "Upgrade", "9": "Upgrade", "10": "Upgrade", "11": "Upgrade", "12": "Upgrade", "13": "Upgrade", "14": "Upgrade", "15": "Upgrade", "16": "Upgrade", "17": "Upgrade", "18": "Upgrade", "19": "Upgrade", "20": "Upgrade", "21": "Upgrade", "22": "Upgrade", "23": "Upgrade", "24": "Upgrade"}}, "quarterly": {"Metrics": {"1": "Market Capitalization", "2": "Market Cap Growth", "3": "Enterprise Value", "4": "PE Ratio", "5": "PS Ratio", "6": "PB Ratio", "7": "Debt / Equity Ratio", "8": "Current Ratio", "9": "Asset Turnover", "10": "Return on Equity (ROE)", "11": "Return on Assets (ROA)", "12": "Return on Capital (ROIC)", "13": "Earnings Yield", "14": "FCF Yield", "15": "Buyback Yield / Dilution", "16": "Total Shareholder Return"}, "Current": {"1": "714,460", "2": "-", "3": "702,594", "4": "94.39", "5": "2.49", "6": "1.41", "7": "0.99", "8": "72.82", "9": "0.10", "10": "3.85%", "11": "1.92%", "12": "2.18%", "13": "1.09%", "14": "3.24%", "15": "1.24%", "16": "1.24%"}, "2022-12-31": {"1": "699,742", "2": "3.80%", "3": "786,675", "4": "9.63", "5": "7.55", "6": "1.48", "7": "0.99", "8": "72.82", "9": "0.07", "10": "-0.57%", "11": "-0.29%", "12": "-0.25%", "13": "2.60%", "14": "0.81%", "15": "1.24%", "16": "1.24%"}, "2022-09-30": {"1": "587,556", "2": "-4.52%", "3": "671,426", "4": "-56.76", "5": "9.26", "6": "1.29", "7": "0.96", "8": "3.10", "9": "0.01", "10": "-9.40%", "11": "-4.77%", "12": "-5.35%", "13": "-0.44%", "14": "1.29%", "15": "-0.48%", "16": "-0.48%"}, "2022-06-30": {"1": "602,245", "2": "-4.93%", "3": "690,718", "4": "-3.47", "5": "65.03", "6": "1.31", "7": "0.95", "8": "3.01", "9": "0.07", "10": "1.07%", "11": "0.56%", "12": "0.75%", "13": "-7.20%", "14": "0.80%", "15": "2.40%", "16": "2.40%"}, "2022-03-31": {"1": "780,656", "2": "32.86%", "3": "861,204", "4": "35.74", "5": "11.34", "6": "1.54", "7": "0.89", "8": "2.15", "9": "0.12", "10": "7.88%", "11": "4.20%", "12": "5.23%", "13": "0.70%", "14": "0.48%", "15": "3.22%", "16": "3.22%"}, "2021-12-31": {"1": "674,101", "2": "26.41%", "3": "700,179", "4": "4.22", "5": "6.00", "6": "1.33", "7": "0.88", "8": "79.24", "9": "0.08", "10": "2.19%", "11": "1.12%", "12": "0.00%", "13": "5.92%", "14": "0.56%", "15": "3.82%", "16": "3.82%"}, "2021-09-30": {"1": "615,348", "2": "21.42%", "3": "660,324", "4": "14.87", "5": "8.15", "6": "1.30", "7": "0.93", "8": "0", "9": "0.11", "10": "5.97%", "11": "3.08%", "12": "0.00%", "13": "1.68%", "14": "1.38%", "15": "1.97%", "16": "1.97%"}, "2021-06-30": {"1": "633,481", "2": "46.78%", "3": "706,406", "4": "5.64", "5": "6.56", "6": "1.35", "7": "0.92", "8": "0", "9": "0.08", "10": "2.61%", "11": "1.32%", "12": "0.00%", "13": "4.43%", "14": "1.12%", "15": "5.27%", "16": "5.27%"}, "2021-03-31": {"1": "587,562", "2": "32.02%", "3": "642,039", "4": "12.54", "5": "8.36", "6": "1.31", "7": "0.96", "8": "0", "9": "0.12", "10": "8.09%", "11": "4.10%", "12": "0.00%", "13": "1.99%", "14": "1.16%", "15": "5.72%", "16": "5.72%"}, "2020-12-31": {"1": "533,284", "2": "-3.28%", "3": "602,189", "4": "3.72", "5": "5.14", "6": "1.20", "7": "0.95", "8": "0", "9": "0.11", "10": "7.26%", "11": "3.63%", "12": "0.00%", "13": "6.72%", "14": "1.32%", "15": "5.52%", "16": "5.52%"}, "2020-09-30": {"1": "506,807", "2": "-0.54%", "3": "587,681", "4": "4.20", "5": "5.36", "6": "1.22", "7": "0.99", "8": "0", "9": "0.12", "10": "6.68%", "11": "3.34%", "12": "0.00%", "13": "5.95%", "14": "1.66%", "15": "5.52%", "16": "5.52%"}, "2020-06-30": {"1": "431,573", "2": "-18.01%", "3": "502,188", "4": "4.10", "5": "4.45", "6": "1.10", "7": "0.99", "8": "0", "9": "-0.01", "10": "-13.39%", "11": "-6.54%", "12": "0.00%", "13": "6.09%", "14": "1.73%", "15": "2.84%", "16": "2.84%"}, "2020-03-31": {"1": "445,069", "2": "-11.74%", "3": "506,662", "4": "-2.24", "5": "-49.40", "6": "1.20", "7": "1.04", "8": "0", "9": "0.12", "10": "6.86%", "11": "3.57%", "12": "0.00%", "13": "-11.18%", "14": "0.86%", "15": "1.42%", "16": "1.42%"}, "2019-12-31": {"1": "551,376", "2": "9.79%", "3": "590,569", "4": "4.73", "5": "5.70", "6": "1.30", "7": "0.92", "8": "0", "9": "0.10", "10": "4.16%", "11": "2.10%", "12": "0.00%", "13": "5.29%", "14": "1.31%", "15": "1.03%", "16": "1.03%"}, "2019-09-30": {"1": "509,545", "2": "-3.77%", "3": "536,963", "4": "7.71", "5": "6.71", "6": "1.28", "7": "0.97", "8": "0", "9": "0.10", "10": "3.68%", "11": "1.85%", "12": "0.00%", "13": "3.24%", "14": "1.07%", "15": "1.03%", "16": "1.03%"}, "2019-06-30": {"1": "526,343", "2": "14.28%", "3": "581,616", "4": "9.35", "5": "7.15", "6": "1.38", "7": "0.98", "8": "0", "9": "0.11", "10": "5.87%", "11": "2.93%", "12": "0.00%", "13": "2.67%", "14": "1.06%", "15": "0.64%", "16": "0.64%"}, "2019-03-31": {"1": "504,245", "2": "2.45%", "3": "575,299", "4": "5.82", "5": "6.23", "6": "1.37", "7": "0.99", "8": "0", "9": "0.04", "10": "-7.28%", "11": "-3.59%", "12": "0.00%", "13": "4.30%", "14": "0.88%", "15": "0.61%", "16": "0.61%"}, "2018-12-31": {"1": "502,228", "2": "2.69%", "3": "569,357", "4": "-4.94", "5": "17.81", "6": "1.44", "7": "1.02", "8": "0", "9": "0.11", "10": "4.94%", "11": "2.52%", "12": "0.00%", "13": "-5.06%", "14": "1.26%", "15": "0.31%", "16": "0.31%"}, "2018-09-30": {"1": "529,504", "2": "17.08%", "3": "585,706", "4": "7.14", "5": "6.77", "6": "1.41", "7": "0.95", "8": "0", "9": "0.10", "10": "3.35%", "11": "1.69%", "12": "0.00%", "13": "3.50%", "14": "1.28%", "15": "0.31%", "16": "0.31%"}, "2018-06-30": {"1": "460,575", "2": "10.23%", "3": "492,787", "4": "9.59", "5": "6.72", "6": "1.29", "7": "0.98", "8": "0", "9": "0.07", "10": "-0.33%", "11": "-0.16%", "12": "0.00%", "13": "2.61%", "14": "1.04%", "15": "0.07%", "16": "0.07%"}, "2018-03-31": {"1": "492,204", "2": "19.72%", "3": "533,408", "4": "-108.13", "5": "9.75", "6": "1.42", "7": "1.01", "8": "0", "9": "0.08", "10": "9.35%", "11": "4.64%", "12": "0.00%", "13": "-0.23%", "14": "1.01%", "15": "-0.03%", "16": "-0.03%"}, "2017-12-31": {"1": "489,095", "2": "21.66%", "3": "560,099", "4": "3.76", "5": "8.30", "6": "1.40", "7": "1.01", "8": "0", "9": "0.09", "10": "1.32%", "11": "0.60%", "12": "0.00%", "13": "6.66%", "14": "1.02%", "15": "-0.03%", "16": "-0.03%"}, "2017-09-30": {"1": "452,247", "2": "26.95%", "3": "511,031", "4": "27.80", "5": "7.47", "6": "1.47", "7": "1.20", "8": "0", "9": "0.09", "10": "1.42%", "11": "0.64%", "12": "0.00%", "13": "0.90%", "14": "1.68%", "15": "-0.03%", "16": "-0.03%"}, "2017-06-30": {"1": "417,814", "2": "17.04%", "3": "493,666", "4": "24.51", "5": "7.26", "6": "1.39", "7": "1.20", "8": "0", "9": "0.10", "10": "1.39%", "11": "0.62%", "12": "0.00%", "13": "1.02%", "14": "1.32%", "15": "-0.05%", "16": "-0.05%"}, "2017-03-31": {"1": "411,139", "2": "17.55%", "3": "418,631", "4": "25.32", "5": "6.31", "6": "1.40", "7": "1.22", "8": "0", "9": "0.09", "10": "2.22%", "11": "1.01%", "12": "0.00%", "13": "0.99%", "14": "3.88%", "15": "-0.05%", "16": "-0.05%"}, "2016-12-31": {"1": "402,012", "2": "23.50%", "3": "417,286", "4": "15.99", "5": "6.97", "6": "1.42", "7": "1.18", "8": "0", "9": "0.10", "10": "2.67%", "11": "1.19%", "12": "0.00%", "13": "1.56%", "14": "0.95%", "15": "-0.06%", "16": "-0.06%"}, "2016-09-30": {"1": "356,244", "2": "10.83%", "3": "373,207", "4": "12.37", "5": "6.03", "6": "1.32", "7": "1.23", "8": "0", "9": "0.09", "10": "1.90%", "11": "0.84%", "12": "0.00%", "13": "2.02%", "14": "1.85%", "15": "-0.06%", "16": "-0.06%"}, "2016-06-30": {"1": "356,997", "2": "6.42%", "3": "385,731", "4": "17.85", "5": "6.56", "6": "1.36", "7": "1.24", "8": "0", "9": "0.09", "10": "2.16%", "11": "0.95%", "12": "0.00%", "13": "1.40%", "14": "1.27%", "15": "-0.04%", "16": "-0.04%"}, "2016-03-31": {"1": "349,767", "2": "-1.66%", "3": "392,964", "4": "15.65", "5": "6.67", "6": "1.35", "7": "1.25", "8": "0", "9": "0.09", "10": "2.14%", "11": "0.99%", "12": "0.00%", "13": "1.60%", "14": "1.33%", "15": "-0.04%", "16": "-0.04%"}, "2015-12-31": {"1": "325,509", "2": "-12.03%", "3": "338,068", "4": "14.86", "5": "6.28", "6": "1.27", "7": "1.15", "8": "0", "9": "0.11", "10": "3.80%", "11": "1.73%", "12": "0.00%", "13": "1.68%", "14": "0.94%", "15": "-0.03%", "16": "-0.03%"}, "2015-09-30": {"1": "321,432", "2": "-5.56%", "3": "340,083", "4": "8.52", "5": "5.45", "6": "1.29", "7": "1.18", "8": "0", "9": "0.09", "10": "1.63%", "11": "0.74%", "12": "0.00%", "13": "2.93%", "14": "1.63%", "15": "-0.03%", "16": "-0.03%"}, "2015-06-30": {"1": "335,460", "2": "7.46%", "3": "353,451", "4": "20.90", "5": "6.53", "6": "1.36", "7": "1.19", "8": "0", "9": "0.09", "10": "2.14%", "11": "0.97%", "12": "0.00%", "13": "1.20%", "14": "1.37%", "15": "-0.05%", "16": "-0.05%"}, "2015-03-31": {"1": "355,666", "2": "15.41%", "3": "375,750", "4": "17.22", "5": "7.31", "6": "1.47", "7": "1.19", "8": "0", "9": "0.09", "10": "1.73%", "11": "0.79%", "12": "0.00%", "13": "1.45%", "14": "0.71%", "15": "0.08%", "16": "0.08%"}, "2014-12-31": {"1": "370,033", "2": "26.56%", "3": "386,973", "4": "22.26", "5": "7.67", "6": "1.54", "7": "1.18", "8": "0", "9": "0.10", "10": "1.94%", "11": "0.89%", "12": "0.00%", "13": "1.12%", "14": "0.77%", "15": "0.07%", "16": "0.07%"}, "2014-09-30": {"1": "340,354", "2": "21.61%", "3": "352,786", "4": "18.43", "5": "6.65", "6": "1.43", "7": "1.17", "8": "0", "9": "0.10", "10": "2.73%", "11": "1.27%", "12": "0.00%", "13": "1.36%", "14": "2.42%", "15": "0.07%", "16": "0.07%"}, "2014-06-30": {"1": "312,167", "2": "12.01%", "3": "330,799", "4": "12.20", "5": "6.27", "6": "1.33", "7": "1.14", "8": "0", "9": "0.09", "10": "2.07%", "11": "0.95%", "12": "0.00%", "13": "2.05%", "14": "1.16%", "15": "0.07%", "16": "0.07%"}, "2014-03-31": {"1": "308,187", "2": "20.84%", "3": "332,462", "4": "16.38", "5": "6.78", "6": "1.35", "7": "1.16", "8": "0", "9": "0.10", "10": "2.25%", "11": "1.03%", "12": "0.00%", "13": "1.53%", "14": "0.69%", "15": "-0.05%", "16": "-0.05%"}, "2013-12-31": {"1": "292,379", "2": "32.24%", "3": "316,417", "4": "14.65", "5": "6.21", "6": "1.32", "7": "1.17", "8": "0", "9": "0.10", "10": "2.42%", "11": "1.10%", "12": "0.00%", "13": "1.71%", "14": "1.23%", "15": "-0.05%", "16": "-0.05%"}, "2013-09-30": {"1": "279,878", "2": "27.38%", "3": "303,548", "4": "13.85", "5": "6.01", "6": "1.34", "7": "1.18", "8": "0", "9": "0.10", "10": "2.25%", "11": "1.02%", "12": "0.00%", "13": "1.81%", "14": "1.74%", "15": "-0.05%", "16": "-0.05%"}, "2013-06-30": {"1": "278,689", "2": "35.00%", "3": "306,947", "4": "15.34", "5": "6.24", "6": "1.38", "7": "1.20", "8": "0", "9": "0.10", "10": "2.47%", "11": "1.11%", "12": "0.00%", "13": "1.63%", "14": "1.54%", "15": "0.51%", "16": "0.51%"}, "2013-03-31": {"1": "255,030", "2": "26.91%", "3": "269,190", "4": "13.03", "5": "5.81", "6": "1.29", "7": "1.21", "8": "0", "9": "Upgrade", "10": "Upgrade", "11": "Upgrade", "12": "Upgrade", "13": "1.92%", "14": "1.51%", "15": "0.48%", "16": "0.48%"}, "+101 Quarters": {"1": "Upgrade", "2": "Upgrade", "3": "Upgrade", "4": "Upgrade", "5": "Upgrade", "6": "Upgrade", "7": "Upgrade", "8": "Upgrade", "9": null, "10": null, "11": null, "12": null, "13": "Upgrade", "14": "Upgrade", "15": "Upgrade", "16": "Upgrade"}}}, "stock_price": {"index": {}, "high": {}, "low": {}, "volume": {}, "open": {}, "close": {}}, "profile": "No fundamentals data found for any of the summaryTypes=assetProfile"}