{"income_statement": {"annual": {"Year": {"1": "Selling, General & Admin", "2": "Other Operating Expenses", "3": "Operating Expenses", "4": "Operating Income", "5": "Other Expense / Income", "6": "Pretax Income", "7": "Income Tax", "8": "Net Income", "9": "Shares Outstanding (Basic)", "10": "Shares Outstanding (Diluted)", "11": "Shares Change", "12": "EPS (Basic)", "13": "EPS (Diluted)", "14": "Free Cash Flow Per Share", "15": "Effective Tax Rate", "16": "EBITDA", "17": "EBIT"}, "2022": {"1": "1.32", "2": "0.2", "3": "1.52", "4": "-1.52", "5": "-3.99", "6": "2.47", "7": "0.79", "8": "1.67", "9": "40", "10": "40", "11": "297.84%", "12": "0.04", "13": "0.04", "14": "-0.04", "15": "32.12%", "16": "2.47", "17": "2.47"}, "2021": {"1": "-0.07", "2": "0", "3": "-0.07", "4": "0.07", "5": "0.13", "6": "-0.07", "7": "0", "8": "-0.07", "9": "10", "10": "10", "11": "-", "12": "-0.01", "13": "-0.01", "14": "0.01", "15": "-", "16": "-0.07", "17": "-0.07"}}, "quarterly": {"Metrics": {"1": "Selling, General & Admin", "2": "Other Operating Expenses", "3": "Operating Expenses", "4": "Operating Income", "5": "Other Expense / Income", "6": "Pretax Income", "7": "Income Tax", "8": "Net Income", "9": "Shares Outstanding (Basic)", "10": "Shares Outstanding (Diluted)", "11": "Shares Change", "12": "EPS (Basic)", "13": "EPS (Diluted)", "14": "Free Cash Flow Per Share", "15": "Effective Tax Rate", "16": "EBITDA", "17": "EBIT"}, "2022-12-31": {"1": "0.73", "2": "0.05", "3": "0.78", "4": "-0.78", "5": "-2.25", "6": "1.47", "7": "0.46", "8": "1.02", "9": "40", "10": "40", "11": "297.84%", "12": "0.02", "13": "0.02", "14": "-0.01", "15": "31.10%", "16": "1.47", "17": "1.47"}, "2022-09-30": {"1": "0.28", "2": "0.12", "3": "0.4", "4": "-0.4", "5": "-1.32", "6": "0.91", "7": "0.25", "8": "0.66", "9": "40", "10": "40", "11": "358.75%", "12": "0.02", "13": "0.02", "14": "-0.00", "15": "27.63%", "16": "0.91", "17": "0.91"}, "2022-06-30": {"1": "0.22", "2": "0", "3": "0.22", "4": "-0.22", "5": "-0.39", "6": "0.17", "7": "0.08", "8": "0.09", "9": "40", "10": "40", "11": "1242.68%", "12": "-", "13": "-", "14": "-0.01", "15": "46.37%", "16": "0.17", "17": "0.17"}, "2022-03-31": {"1": "-0.13", "2": "0", "3": "-0.13", "4": "0.13", "5": "0.22", "6": "-0.1", "7": "0", "8": "-0.1", "9": "39", "10": "39", "11": "-", "12": "-", "13": "-", "14": "-0.01", "15": "-", "16": "-0.1", "17": "-0.1"}, "2021-12-31": {"1": "0.07", "2": "0", "3": "0.07", "4": "-0.07", "5": "-0", "6": "-0.07", "7": "0", "8": "-0.07", "9": "10", "10": "10", "11": "-", "12": "-0.01", "13": "-0.01", "14": "0.01", "15": "-", "16": "-0.07", "17": "-0.07"}, "2021-09-30": {"1": "0", "2": "0", "3": "0", "4": "0", "5": "-", "6": "0", "7": "0", "8": "0", "9": "9", "10": "9", "11": "-", "12": "-", "13": "-", "14": "-", "15": "-", "16": "0", "17": "0"}, "2021-06-30": {"1": "0", "2": "0", "3": "0", "4": "-0", "5": "-", "6": "-0", "7": "0", "8": "-0", "9": "3", "10": "3", "11": "-", "12": "-", "13": "-", "14": "-", "15": "-", "16": "-0", "17": "-0"}}}, "balance_sheet": {"annual": {"Year": {"1": "Cash & Equivalents", "2": "Cash & Cash Equivalents", "3": "Cash Growth", "4": "Other Current Assets", "5": "Total Current Assets", "6": "Long-Term Investments", "7": "Other Long-Term Assets", "8": "Total Long-Term Assets", "9": "Total Assets", "10": "Accounts Payable", "11": "Current Debt", "12": "Other Current Liabilities", "13": "Total Current Liabilities", "14": "Other Long-Term Liabilities", "15": "Total Long-Term Liabilities", "16": "Total Liabilities", "17": "Total Debt", "18": "Common Stock", "19": "Retained Earnings", "20": "Shareholders' Equity", "21": "Total Liabilities and Equity", "22": "Net Cash / Debt", "23": "Net Cash / Debt Growth", "24": "Net Cash Per Share", "25": "Working Capital", "26": "Book Value Per Share"}, "2022": {"1": "0.02", "2": "0.02", "3": "-98.56%", "4": "0.19", "5": "0.21", "6": "295.8", "7": "0", "8": "295.8", "9": "296.01", "10": "0", "11": "0", "12": "1.3", "13": "1.3", "14": "10.06", "15": "10.06", "16": "11.36", "17": "0", "18": "0", "19": "-10.15", "20": "-10.14", "21": "1.21", "22": "0.02", "23": "-98.41%", "24": "0.00", "25": "-1.09", "26": "-0.26"}, "2021": {"1": "1.54", "2": "1.54", "3": "-", "4": "0.33", "5": "1.87", "6": "291.81", "7": "0.06", "8": "291.88", "9": "293.74", "10": "0.01", "11": "0.14", "12": "0.55", "13": "0.7", "14": "10.06", "15": "10.06", "16": "10.76", "17": "0.14", "18": "0", "19": "-8.83", "20": "-8.83", "21": "1.93", "22": "1.39", "23": "-", "24": "0.14", "25": "1.17", "26": "-0.89"}}, "quarterly": {"Metrics": {"1": "Cash & Equivalents", "2": "Cash & Cash Equivalents", "3": "Cash Growth", "4": "Other Current Assets", "5": "Total Current Assets", "6": "Long-Term Investments", "7": "Other Long-Term Assets", "8": "Total Long-Term Assets", "9": "Total Assets", "10": "Accounts Payable", "11": "Current Debt", "12": "Other Current Liabilities", "13": "Total Current Liabilities", "14": "Other Long-Term Liabilities", "15": "Total Long-Term Liabilities", "16": "Total Liabilities", "17": "Total Debt", "18": "Common Stock", "19": "Retained Earnings", "20": "Shareholders' Equity", "21": "Total Liabilities and Equity", "22": "Net Cash / Debt", "23": "Net Cash / Debt Growth", "24": "Net Cash Per Share", "25": "Working Capital", "26": "Book Value Per Share"}, "2022-12-31": {"1": "0.02", "2": "0.02", "3": "-98.56%", "4": "0.19", "5": "0.21", "6": "295.8", "7": "0", "8": "295.8", "9": "296.01", "10": "0", "11": "0", "12": "1.3", "13": "1.3", "14": "10.06", "15": "10.06", "16": "11.36", "17": "0", "18": "0", "19": "-10.15", "20": "-10.14", "21": "1.21", "22": "0.02", "23": "-98.41%", "24": "0.00", "25": "-1.09", "26": "-0.26"}, "2022-09-30": {"1": "0.48", "2": "0.48", "3": "1813.74%", "4": "0.25", "5": "0.73", "6": "293.55", "7": "0.03", "8": "293.59", "9": "294.32", "10": "0", "11": "0", "12": "0.62", "13": "0.62", "14": "10.06", "15": "10.06", "16": "10.69", "17": "0", "18": "0", "19": "-9.42", "20": "-9.42", "21": "1.27", "22": "0.48", "23": "-", "24": "0.01", "25": "0.11", "26": "-0.24"}, "2022-06-30": {"1": "0.62", "2": "0.62", "3": "-", "4": "0.3", "5": "0.93", "6": "292.24", "7": "0.08", "8": "292.32", "9": "293.25", "10": "0", "11": "0", "12": "0.21", "13": "0.21", "14": "10.06", "15": "10.06", "16": "10.27", "17": "0", "18": "0", "19": "-9.14", "20": "-9.14", "21": "1.13", "22": "0.62", "23": "-", "24": "0.02", "25": "0.72", "26": "-0.23"}, "2022-03-31": {"1": "0.93", "2": "0.93", "3": "-", "4": "0.26", "5": "1.19", "6": "291.84", "7": "0.14", "8": "291.98", "9": "293.18", "10": "0.01", "11": "0.09", "12": "0.14", "13": "0.23", "14": "10.06", "15": "10.06", "16": "10.29", "17": "0.09", "18": "0", "19": "-8.93", "20": "-8.93", "21": "1.36", "22": "0.84", "23": "-", "24": "0.02", "25": "0.96", "26": "-0.23"}, "2021-12-31": {"1": "1.54", "2": "1.54", "3": "-", "4": "0.33", "5": "1.87", "6": "291.81", "7": "0.06", "8": "291.88", "9": "293.74", "10": "0.01", "11": "0.14", "12": "0.55", "13": "0.7", "14": "10.06", "15": "10.06", "16": "10.76", "17": "0.14", "18": "0", "19": "-8.83", "20": "-8.83", "21": "1.93", "22": "1.39", "23": "-", "24": "0.14", "25": "1.17", "26": "-0.89"}, "2021-09-30": {"1": "0.03", "2": "0.03", "3": "-", "4": "-", "5": "-", "6": "-", "7": "-", "8": "-", "9": "0.19", "10": "0", "11": "0.1", "12": "0.07", "13": "0.17", "14": "0", "15": "0", "16": "0.17", "17": "0.1", "18": "0.03", "19": "-0", "20": "0.02", "21": "0.19", "22": "-0.07", "23": "-", "24": "-0.01", "25": "-", "26": "0.00"}}}, "cash_flow_statement": {"annual": {"Year": {"1": "Net Income", "2": "Other Operating Activities", "3": "Operating Cash Flow", "4": "Change in Investments", "5": "Investing Cash Flow", "6": "Share Issuance / Repurchase", "7": "Debt Issued / Paid", "8": "Other Financing Activities", "9": "Financing Cash Flow", "10": "Net Cash Flow", "11": "Free Cash Flow", "12": "Free Cash Flow Per Share"}, "2022": {"1": "1.67", "2": "-3.05", "3": "-1.37", "4": "0", "5": "0", "6": "0", "7": "-0.14", "8": "-", "9": "-0.14", "10": "-1.52", "11": "-1.37", "12": "-0.04"}, "2021": {"1": "-0.07", "2": "0.17", "3": "0.1", "4": "-291.81", "5": "-291.81", "6": "293.63", "7": "0", "8": "-0.38", "9": "293.25", "10": "1.54", "11": "0.1", "12": "0.01"}}, "quarterly": {"Metrics": {"1": "Net Income", "2": "Other Operating Activities", "3": "Operating Cash Flow", "4": "Share Issuance / Repurchase", "5": "Debt Issued / Paid", "6": "Other Financing Activities", "7": "Financing Cash Flow", "8": "Net Cash Flow", "9": "Free Cash Flow", "10": "Free Cash Flow Per Share"}, "2022-12-31": {"1": "1.02", "2": "-1.47", "3": "-0.46", "4": "0", "5": "0", "6": "-", "7": "0", "8": "-0.46", "9": "-0.46", "10": "-0.01"}, "2022-09-30": {"1": "0.66", "2": "-0.8", "3": "-0.14", "4": "0", "5": "0", "6": "-", "7": "0", "8": "-0.14", "9": "-0.14", "10": "-0.00"}, "2022-06-30": {"1": "0.09", "2": "-0.31", "3": "-0.22", "4": "0", "5": "-0.09", "6": "-", "7": "-0.09", "8": "-0.31", "9": "-0.22", "10": "-0.01"}, "2022-03-31": {"1": "-0.1", "2": "-0.46", "3": "-0.56", "4": "0", "5": "-0.06", "6": "-", "7": "-0.06", "8": "-0.61", "9": "-0.56", "10": "-0.01"}, "2021-12-31": {"1": "-0.07", "2": "0.17", "3": "0.1", "4": "293.61", "5": "-0.1", "6": "-0.28", "7": "293.23", "8": "1.51", "9": "0.1", "10": "0.01"}, "2021-09-30": {"1": "0", "2": "-0", "3": "-0", "4": "0", "5": "0.1", "6": "-0.1", "7": "0", "8": "0", "9": "-0", "10": "-"}, "2021-06-30": {"1": "-0", "2": "0", "3": "0", "4": "0.03", "5": "0", "6": "-", "7": "0.03", "8": "0.03", "9": "0", "10": "-"}}}, "ratios": {"annual": {"Year": {"1": "Market Capitalization", "2": "Market Cap Growth", "3": "Enterprise Value", "4": "PE Ratio", "5": "PB Ratio", "6": "P/FCF Ratio", "7": "P/OCF Ratio", "8": "EV/EBITDA Ratio", "9": "EV/EBIT Ratio", "10": "EV/FCF Ratio", "11": "Debt / Equity Ratio", "12": "Debt / EBITDA Ratio", "13": "Debt / FCF Ratio", "14": "Current Ratio", "15": "Return on Equity (ROE)", "16": "Return on Assets (ROA)", "17": "Return on Capital (ROIC)", "18": "Earnings Yield", "19": "FCF Yield", "20": "Buyback Yield / Dilution", "21": "Total Shareholder Return"}, "Current": {"1": "165", "2": "-", "3": "165", "4": "255.63", "5": "-38.29", "6": "-283.04", "7": "-283.04", "8": "66.87", "9": "66.87", "10": "-283.02", "11": "-", "12": "-", "13": "-", "14": "0.16", "15": "-17.80%", "16": "0.60%", "17": "0.80%", "18": "1.01%", "19": "-0.83%", "20": "-297.84%", "21": "-297.84%"}, "2022": {"1": "388", "2": "12.74%", "3": "388", "4": "232.13", "5": "-38.29", "6": "-283.04", "7": "-283.04", "8": "157.57", "9": "157.57", "10": "-283.02", "11": "-", "12": "-", "13": "-", "14": "0.16", "15": "-17.80%", "16": "0.60%", "17": "0.80%", "18": "0.43%", "19": "-0.35%", "20": "-297.84%", "21": "-297.84%"}, "2021": {"1": "345", "2": "-", "3": "343", "4": "-5229.79", "5": "-39.01", "6": "3436.77", "7": "3436.77", "8": "-5208.62", "9": "-5208.62", "10": "3422.86", "11": "-0.02", "12": "-2.20", "13": "1.44", "14": "2.67", "15": "-", "16": "-", "17": "-", "18": "-0.02%", "19": "0.03%", "20": "-", "21": "-"}}, "quarterly": {"Metrics": {"1": "Market Capitalization", "2": "Market Cap Growth", "3": "Enterprise Value", "4": "PE Ratio", "5": "PB Ratio", "6": "Debt / Equity Ratio", "7": "Current Ratio", "8": "Buyback Yield / Dilution", "9": "Total Shareholder Return"}, "Current": {"1": "165", "2": "-", "3": "165", "4": "255.63", "5": "-38.29", "6": "-", "7": "0.16", "8": "-297.84%", "9": "-297.84%"}, "2022-12-31": {"1": "388", "2": "12.74%", "3": "388", "4": "232.13", "5": "-38.29", "6": "-", "7": "0.16", "8": "-297.84%", "9": "-297.84%"}, "2022-09-30": {"1": "383", "2": "-", "3": "382", "4": "645.58", "5": "-40.63", "6": "-", "7": "1.18", "8": "-358.75%", "9": "-358.75%"}, "2022-06-30": {"1": "379", "2": "-", "3": "378", "4": "-5492.43", "5": "-41.46", "6": "-", "7": "4.42", "8": "-1242.68%", "9": "-1242.68%"}, "2022-03-31": {"1": "378", "2": "-", "3": "377", "4": "-2322.70", "5": "-42.34", "6": "-0.01", "7": "5.14", "8": "-", "9": "-"}, "2021-12-31": {"1": "345", "2": "-", "3": "343", "4": "-5229.79", "5": "-39.01", "6": "-0.02", "7": "2.67", "8": "-", "9": "-"}, "2021-09-30": {"1": "-", "2": "-", "3": "0", "4": "-", "5": "-", "6": "4.09", "7": "-", "8": "-", "9": "-"}}}, "stock_price": {"symbol": {"0": "BRKH", "1": "BRKH", "2": "BRKH", "3": "BRKH", "4": "BRKH", "5": "BRKH", "6": "BRKH", "7": "BRKH", "8": "BRKH", "9": "BRKH", "10": "BRKH", "11": "BRKH", "12": "BRKH", "13": "BRKH", "14": "BRKH", "15": "BRKH", "16": "BRKH", "17": "BRKH", "18": "BRKH", "19": "BRKH", "20": "BRKH", "21": "BRKH", "22": "BRKH", "23": "BRKH", "24": "BRKH", "25": "BRKH", "26": "BRKH", "27": "BRKH", "28": "BRKH", "29": "BRKH", "30": "BRKH", "31": "BRKH", "32": "BRKH", "33": "BRKH", "34": "BRKH", "35": "BRKH", "36": "BRKH", "37": "BRKH", "38": "BRKH", "39": "BRKH", "40": "BRKH", "41": "BRKH", "42": "BRKH", "43": "BRKH", "44": "BRKH", "45": "BRKH", "46": "BRKH", "47": "BRKH", "48": "BRKH", "49": "BRKH", "50": "BRKH", "51": "BRKH", "52": "BRKH", "53": "BRKH", "54": "BRKH", "55": "BRKH", "56": "BRKH", "57": "BRKH", "58": "BRKH", "59": "BRKH", "60": "BRKH", "61": "BRKH", "62": "BRKH", "63": "BRKH", "64": "BRKH", "65": "BRKH", "66": "BRKH", "67": "BRKH", "68": "BRKH", "69": "BRKH", "70": "BRKH", "71": "BRKH", "72": "BRKH", "73": "BRKH", "74": "BRKH", "75": "BRKH", "76": "BRKH", "77": "BRKH", "78": "BRKH", "79": "BRKH", "80": "BRKH", "81": "BRKH", "82": "BRKH", "83": "BRKH", "84": "BRKH", "85": "BRKH", "86": "BRKH", "87": "BRKH", "88": "BRKH", "89": "BRKH", "90": "BRKH", "91": "BRKH", "92": "BRKH", "93": "BRKH", "94": "BRKH", "95": "BRKH", "96": "BRKH", "97": "BRKH", "98": "BRKH", "99": "BRKH", "100": "BRKH", "101": "BRKH", "102": "BRKH", "103": "BRKH", "104": "BRKH", "105": "BRKH", "106": "BRKH", "107": "BRKH", "108": "BRKH", "109": "BRKH", "110": "BRKH", "111": "BRKH", "112": "BRKH", "113": "BRKH", "114": "BRKH", "115": "BRKH", "116": "BRKH", "117": "BRKH", "118": "BRKH", "119": "BRKH", "120": "BRKH", "121": "BRKH", "122": "BRKH", "123": "BRKH", "124": "BRKH", "125": "BRKH", "126": "BRKH", "127": "BRKH", "128": "BRKH", "129": "BRKH", "130": "BRKH", "131": "BRKH", "132": "BRKH", "133": "BRKH", "134": "BRKH", "135": "BRKH", "136": "BRKH", "137": "BRKH", "138": "BRKH", "139": "BRKH", "140": "BRKH", "141": "BRKH", "142": "BRKH", "143": "BRKH", "144": "BRKH", "145": "BRKH", "146": "BRKH", "147": "BRKH", "148": "BRKH", "149": "BRKH", "150": "BRKH", "151": "BRKH", "152": "BRKH", "153": "BRKH", "154": "BRKH", "155": "BRKH", "156": "BRKH", "157": "BRKH", "158": "BRKH", "159": "BRKH", "160": "BRKH", "161": "BRKH", "162": "BRKH", "163": "BRKH", "164": "BRKH", "165": "BRKH", "166": "BRKH", "167": "BRKH", "168": "BRKH", "169": "BRKH", "170": "BRKH", "171": "BRKH", "172": "BRKH", "173": "BRKH", "174": "BRKH", "175": "BRKH", "176": "BRKH", "177": "BRKH", "178": "BRKH", "179": "BRKH", "180": "BRKH", "181": "BRKH", "182": "BRKH", "183": "BRKH", "184": "BRKH", "185": "BRKH", "186": "BRKH", "187": "BRKH", "188": "BRKH", "189": "BRKH", "190": "BRKH", "191": "BRKH", "192": "BRKH", "193": "BRKH", "194": "BRKH", "195": "BRKH", "196": "BRKH", "197": "BRKH", "198": "BRKH", "199": "BRKH", "200": "BRKH", "201": "BRKH", "202": "BRKH", "203": "BRKH", "204": "BRKH", "205": "BRKH", "206": "BRKH", "207": "BRKH", "208": "BRKH", "209": "BRKH", "210": "BRKH", "211": "BRKH", "212": "BRKH", "213": "BRKH", "214": "BRKH", "215": "BRKH", "216": "BRKH", "217": "BRKH", "218": "BRKH", "219": "BRKH", "220": "BRKH", "221": "BRKH", "222": "BRKH", "223": "BRKH", "224": "BRKH", "225": "BRKH", "226": "BRKH", "227": "BRKH", "228": "BRKH", "229": "BRKH", "230": "BRKH", "231": "BRKH", "232": "BRKH", "233": "BRKH", "234": "BRKH", "235": "BRKH", "236": "BRKH", "237": "BRKH", "238": "BRKH", "239": "BRKH", "240": "BRKH", "241": "BRKH", "242": "BRKH", "243": "BRKH", "244": "BRKH", "245": "BRKH", "246": "BRKH", "247": "BRKH", "248": "BRKH", "249": "BRKH", "250": "BRKH", "251": "BRKH", "252": "BRKH", "253": "BRKH", "254": "BRKH", "255": "BRKH", "256": "BRKH", "257": "BRKH", "258": "BRKH", "259": "BRKH", "260": "BRKH", "261": "BRKH", "262": "BRKH", "263": "BRKH", "264": "BRKH", "265": "BRKH", "266": "BRKH", "267": "BRKH", "268": "BRKH", "269": "BRKH", "270": "BRKH", "271": "BRKH", "272": "BRKH", "273": "BRKH", "274": "BRKH", "275": "BRKH", "276": "BRKH", "277": "BRKH", "278": "BRKH", "279": "BRKH", "280": "BRKH", "281": "BRKH", "282": "BRKH", "283": "BRKH", "284": "BRKH", "285": "BRKH", "286": "BRKH", "287": "BRKH", "288": "BRKH", "289": "BRKH", "290": "BRKH", "291": "BRKH", "292": "BRKH", "293": "BRKH", "294": "BRKH", "295": "BRKH", "296": "BRKH", "297": "BRKH", "298": "BRKH", "299": "BRKH", "300": "BRKH", "301": "BRKH", "302": "BRKH", "303": "BRKH", "304": "BRKH", "305": "BRKH", "306": "BRKH", "307": "BRKH", "308": "BRKH", "309": "BRKH", "310": "BRKH", "311": "BRKH", "312": "BRKH", "313": "BRKH", "314": "BRKH", "315": "BRKH", "316": "BRKH", "317": "BRKH", "318": "BRKH", "319": "BRKH", "320": "BRKH", "321": "BRKH", "322": "BRKH", "323": "BRKH", "324": "BRKH", "325": "BRKH", "326": "BRKH", "327": "BRKH", "328": "BRKH", "329": "BRKH", "330": "BRKH", "331": "BRKH", "332": "BRKH", "333": "BRKH", "334": "BRKH", "335": "BRKH", "336": "BRKH", "337": "BRKH", "338": "BRKH", "339": "BRKH", "340": "BRKH", "341": "BRKH", "342": "BRKH", "343": "BRKH", "344": "BRKH", "345": "BRKH", "346": "BRKH", "347": "BRKH", "348": "BRKH", "349": "BRKH", "350": "BRKH", "351": "BRKH", "352": "BRKH", "353": "BRKH", "354": "BRKH"}, "date": {"0": "2022-01-31", "1": "2022-02-01", "2": "2022-02-02", "3": "2022-02-03", "4": "2022-02-04", "5": "2022-02-07", "6": "2022-02-08", "7": "2022-02-09", "8": "2022-02-10", "9": "2022-02-11", "10": "2022-02-14", "11": "2022-02-15", "12": "2022-02-16", "13": "2022-02-17", "14": "2022-02-18", "15": "2022-02-22", "16": "2022-02-23", "17": "2022-02-24", "18": "2022-02-25", "19": "2022-02-28", "20": "2022-03-01", "21": "2022-03-02", "22": "2022-03-03", "23": "2022-03-04", "24": "2022-03-07", "25": "2022-03-08", "26": "2022-03-09", "27": "2022-03-10", "28": "2022-03-11", "29": "2022-03-14", "30": "2022-03-15", "31": "2022-03-16", "32": "2022-03-17", "33": "2022-03-18", "34": "2022-03-21", "35": "2022-03-22", "36": "2022-03-23", "37": "2022-03-24", "38": "2022-03-25", "39": "2022-03-28", "40": "2022-03-29", "41": "2022-03-30", "42": "2022-03-31", "43": "2022-04-01", "44": "2022-04-04", "45": "2022-04-05", "46": "2022-04-06", "47": "2022-04-07", "48": "2022-04-08", "49": "2022-04-11", "50": "2022-04-12", "51": "2022-04-13", "52": "2022-04-14", "53": "2022-04-18", "54": "2022-04-19", "55": "2022-04-20", "56": "2022-04-21", "57": "2022-04-22", "58": "2022-04-25", "59": "2022-04-26", "60": "2022-04-27", "61": "2022-04-28", "62": "2022-04-29", "63": "2022-05-02", "64": "2022-05-03", "65": "2022-05-04", "66": "2022-05-05", "67": "2022-05-06", "68": "2022-05-09", "69": "2022-05-10", "70": "2022-05-11", "71": "2022-05-12", "72": "2022-05-13", "73": "2022-05-16", "74": "2022-05-17", "75": "2022-05-18", "76": "2022-05-19", "77": "2022-05-20", "78": "2022-05-23", "79": "2022-05-24", "80": "2022-05-25", "81": "2022-05-26", "82": "2022-05-27", "83": "2022-05-31", "84": "2022-06-01", "85": "2022-06-02", "86": "2022-06-03", "87": "2022-06-06", "88": "2022-06-07", "89": "2022-06-08", "90": "2022-06-09", "91": "2022-06-10", "92": "2022-06-13", "93": "2022-06-14", "94": "2022-06-15", "95": "2022-06-16", "96": "2022-06-17", "97": "2022-06-21", "98": "2022-06-22", "99": "2022-06-23", "100": "2022-06-24", "101": "2022-06-27", "102": "2022-06-28", "103": "2022-06-29", "104": "2022-06-30", "105": "2022-07-01", "106": "2022-07-05", "107": "2022-07-06", "108": "2022-07-07", "109": "2022-07-08", "110": "2022-07-11", "111": "2022-07-12", "112": "2022-07-13", "113": "2022-07-14", "114": "2022-07-15", "115": "2022-07-18", "116": "2022-07-19", "117": "2022-07-20", "118": "2022-07-21", "119": "2022-07-22", "120": "2022-07-25", "121": "2022-07-26", "122": "2022-07-27", "123": "2022-07-28", "124": "2022-07-29", "125": "2022-08-01", "126": "2022-08-02", "127": "2022-08-03", "128": "2022-08-04", "129": "2022-08-05", "130": "2022-08-08", "131": "2022-08-09", "132": "2022-08-10", "133": "2022-08-11", "134": "2022-08-12", "135": "2022-08-15", "136": "2022-08-16", "137": "2022-08-17", "138": "2022-08-18", "139": "2022-08-19", "140": "2022-08-22", "141": "2022-08-23", "142": "2022-08-24", "143": "2022-08-25", "144": "2022-08-26", "145": "2022-08-29", "146": "2022-08-30", "147": "2022-08-31", "148": "2022-09-01", "149": "2022-09-02", "150": "2022-09-06", "151": "2022-09-07", "152": "2022-09-08", "153": "2022-09-09", "154": "2022-09-12", "155": "2022-09-13", "156": "2022-09-14", "157": "2022-09-15", "158": "2022-09-16", "159": "2022-09-19", "160": "2022-09-20", "161": "2022-09-21", "162": "2022-09-22", "163": "2022-09-23", "164": "2022-09-26", "165": "2022-09-27", "166": "2022-09-28", "167": "2022-09-29", "168": "2022-09-30", "169": "2022-10-03", "170": "2022-10-04", "171": "2022-10-05", "172": "2022-10-06", "173": "2022-10-07", "174": "2022-10-10", "175": "2022-10-11", "176": "2022-10-12", "177": "2022-10-13", "178": "2022-10-14", "179": "2022-10-17", "180": "2022-10-18", "181": "2022-10-19", "182": "2022-10-20", "183": "2022-10-21", "184": "2022-10-24", "185": "2022-10-25", "186": "2022-10-26", "187": "2022-10-27", "188": "2022-10-28", "189": "2022-10-31", "190": "2022-11-01", "191": "2022-11-02", "192": "2022-11-03", "193": "2022-11-04", "194": "2022-11-07", "195": "2022-11-08", "196": "2022-11-09", "197": "2022-11-10", "198": "2022-11-11", "199": "2022-11-14", "200": "2022-11-15", "201": "2022-11-16", "202": "2022-11-17", "203": "2022-11-18", "204": "2022-11-21", "205": "2022-11-22", "206": "2022-11-23", "207": "2022-11-25", "208": "2022-11-28", "209": "2022-11-29", "210": "2022-11-30", "211": "2022-12-01", "212": "2022-12-02", "213": "2022-12-05", "214": "2022-12-06", "215": "2022-12-07", "216": "2022-12-08", "217": "2022-12-09", "218": "2022-12-12", "219": "2022-12-13", "220": "2022-12-14", "221": "2022-12-15", "222": "2022-12-16", "223": "2022-12-19", "224": "2022-12-20", "225": "2022-12-21", "226": "2022-12-22", "227": "2022-12-23", "228": "2022-12-27", "229": "2022-12-28", "230": "2022-12-29", "231": "2022-12-30", "232": "2023-01-03", "233": "2023-01-04", "234": "2023-01-05", "235": "2023-01-06", "236": "2023-01-09", "237": "2023-01-10", "238": "2023-01-11", "239": "2023-01-12", "240": "2023-01-13", "241": "2023-01-17", "242": "2023-01-18", "243": "2023-01-19", "244": "2023-01-20", "245": "2023-01-23", "246": "2023-01-24", "247": "2023-01-25", "248": "2023-01-26", "249": "2023-01-27", "250": "2023-01-30", "251": "2023-01-31", "252": "2023-02-01", "253": "2023-02-02", "254": "2023-02-03", "255": "2023-02-06", "256": "2023-02-07", "257": "2023-02-08", "258": "2023-02-09", "259": "2023-02-10", "260": "2023-02-13", "261": "2023-02-14", "262": "2023-02-15", "263": "2023-02-16", "264": "2023-02-17", "265": "2023-02-21", "266": "2023-02-22", "267": "2023-02-23", "268": "2023-02-24", "269": "2023-02-27", "270": "2023-02-28", "271": "2023-03-01", "272": "2023-03-02", "273": "2023-03-03", "274": "2023-03-06", "275": "2023-03-07", "276": "2023-03-08", "277": "2023-03-09", "278": "2023-03-10", "279": "2023-03-13", "280": "2023-03-14", "281": "2023-03-15", "282": "2023-03-16", "283": "2023-03-17", "284": "2023-03-20", "285": "2023-03-21", "286": "2023-03-22", "287": "2023-03-23", "288": "2023-03-24", "289": "2023-03-27", "290": "2023-03-28", "291": "2023-03-29", "292": "2023-03-30", "293": "2023-03-31", "294": "2023-04-03", "295": "2023-04-04", "296": "2023-04-05", "297": "2023-04-06", "298": "2023-04-10", "299": "2023-04-11", "300": "2023-04-12", "301": "2023-04-13", "302": "2023-04-14", "303": "2023-04-17", "304": "2023-04-18", "305": "2023-04-19", "306": "2023-04-20", "307": "2023-04-21", "308": "2023-04-24", "309": "2023-04-25", "310": "2023-04-26", "311": "2023-04-27", "312": "2023-04-28", "313": "2023-05-01", "314": "2023-05-02", "315": "2023-05-03", "316": "2023-05-04", "317": "2023-05-05", "318": "2023-05-08", "319": "2023-05-09", "320": "2023-05-10", "321": "2023-05-11", "322": "2023-05-12", "323": "2023-05-15", "324": "2023-05-16", "325": "2023-05-17", "326": "2023-05-18", "327": "2023-05-19", "328": "2023-05-22", "329": "2023-05-23", "330": "2023-05-24", "331": "2023-05-25", "332": "2023-05-26", "333": "2023-05-30", "334": "2023-05-31", "335": "2023-06-01", "336": "2023-06-02", "337": "2023-06-05", "338": "2023-06-06", "339": "2023-06-07", "340": "2023-06-08", "341": "2023-06-09", "342": "2023-06-12", "343": "2023-06-13", "344": "2023-06-14", "345": "2023-06-15", "346": "2023-06-16", "347": "2023-06-20", "348": "2023-06-21", "349": "2023-06-22", "350": "2023-06-23", "351": "2023-06-26", "352": "2023-06-27", "353": "2023-06-28", "354": "2023-06-29"}, "open": {"0": 9.800000190734863, "1": 9.800000190734863, "2": 9.819999694824219, "3": 9.819999694824219, "4": 9.819999694824219, "5": 9.829999923706055, "6": 9.84000015258789, "7": 9.819999694824219, "8": 9.84000015258789, "9": 9.84000015258789, "10": 9.84000015258789, "11": 9.845999717712402, "12": 9.84000015258789, "13": 9.84000015258789, "14": 9.84000015258789, "15": 9.84000015258789, "16": 9.850000381469727, "17": 9.850000381469727, "18": 9.859999656677246, "19": 9.850000381469727, "20": 9.869999885559082, "21": 9.869999885559082, "22": 9.880000114440918, "23": 9.880000114440918, "24": 9.869999885559082, "25": 9.859999656677246, "26": 9.880000114440918, "27": 9.890000343322754, "28": 9.880000114440918, "29": 9.869999885559082, "30": 9.869999885559082, "31": 9.869999885559082, "32": 9.869999885559082, "33": 9.869999885559082, "34": 9.869999885559082, "35": 9.899999618530273, "36": 9.899999618530273, "37": 9.869999885559082, "38": 9.890000343322754, "39": 9.890000343322754, "40": 9.890000343322754, "41": 9.890000343322754, "42": 9.899999618530273, "43": 9.890000343322754, "44": 9.899999618530273, "45": 9.90999984741211, "46": 9.90999984741211, "47": 9.899999618530273, "48": 9.90999984741211, "49": 9.90999984741211, "50": 9.934000015258789, "51": 9.920000076293945, "52": 9.925000190734863, "53": 9.937000274658203, "54": 9.937000274658203, "55": 9.937000274658203, "56": 9.960000038146973, "57": 9.930000305175781, "58": 9.9399995803833, "59": 9.930000305175781, "60": 9.9399995803833, "61": 9.9399995803833, "62": 9.930000305175781, "63": 9.9399995803833, "64": 9.9399995803833, "65": 9.9399995803833, "66": 9.9399995803833, "67": 9.930000305175781, "68": 9.930000305175781, "69": 9.930000305175781, "70": 9.90999984741211, "71": 9.930000305175781, "72": 9.920000076293945, "73": 9.920000076293945, "74": 9.920000076293945, "75": 9.920000076293945, "76": 9.920000076293945, "77": 9.920000076293945, "78": 9.899999618530273, "79": 9.90999984741211, "80": 9.899999618530273, "81": 9.899999618530273, "82": 9.899999618530273, "83": 9.899999618530273, "84": 9.920000076293945, "85": 9.90999984741211, "86": 9.930000305175781, "87": 9.930000305175781, "88": 9.930000305175781, "89": 9.925000190734863, "90": 9.925000190734863, "91": 9.925000190734863, "92": 9.920000076293945, "93": 9.920000076293945, "94": 9.930000305175781, "95": 9.920000076293945, "96": 9.920000076293945, "97": 9.920000076293945, "98": 9.920000076293945, "99": 9.920000076293945, "100": 9.949999809265137, "101": 9.930000305175781, "102": 9.90999984741211, "103": 9.920000076293945, "104": 9.90999984741211, "105": 9.920000076293945, "106": 9.920000076293945, "107": 9.920000076293945, "108": 9.899999618530273, "109": 9.920000076293945, "110": 9.930000305175781, "111": 9.9399995803833, "112": 9.930000305175781, "113": 9.930000305175781, "114": 9.989999771118164, "115": 9.979999542236328, "116": 9.970000267028809, "117": 9.949999809265137, "118": 9.960000038146973, "119": 9.970000267028809, "120": 9.979999542236328, "121": 9.960000038146973, "122": 9.970000267028809, "123": 9.960000038146973, "124": 9.970000267028809, "125": 9.960000038146973, "126": 9.979999542236328, "127": 9.979999542236328, "128": 9.979999542236328, "129": 9.970000267028809, "130": 10.0, "131": 9.970000267028809, "132": 10.0, "133": 9.979999542236328, "134": 9.989999771118164, "135": 9.989999771118164, "136": 9.989999771118164, "137": 9.989999771118164, "138": 9.979999542236328, "139": 9.979999542236328, "140": 9.979999542236328, "141": 9.970000267028809, "142": 10.0, "143": 9.979999542236328, "144": 9.975000381469727, "145": 9.979999542236328, "146": 9.949999809265137, "147": 9.949999809265137, "148": 9.970000267028809, "149": 9.979999542236328, "150": 9.979999542236328, "151": 9.979999542236328, "152": 9.979999542236328, "153": 9.949999809265137, "154": 9.949999809265137, "155": 9.954999923706055, "156": 9.949999809265137, "157": 9.970000267028809, "158": 9.970000267028809, "159": 9.979999542236328, "160": 9.970000267028809, "161": 9.970000267028809, "162": 9.96500015258789, "163": 9.979999542236328, "164": 9.960000038146973, "165": 9.979999542236328, "166": 9.979999542236328, "167": 10.010000228881836, "168": 10.010000228881836, "169": 10.010000228881836, "170": 10.010000228881836, "171": 9.979999542236328, "172": 9.989999771118164, "173": 9.989999771118164, "174": 9.979999542236328, "175": 9.979999542236328, "176": 9.994999885559082, "177": 10.0, "178": 10.0, "179": 10.0, "180": 10.010000228881836, "181": 10.0, "182": 10.0, "183": 10.0, "184": 10.0, "185": 10.0, "186": 10.029999732971191, "187": 10.029999732971191, "188": 10.029999732971191, "189": 10.039999961853027, "190": 10.050000190734863, "191": 10.050000190734863, "192": 10.050000190734863, "193": 10.0600004196167, "194": 10.039999961853027, "195": 10.050000190734863, "196": 10.050000190734863, "197": 10.039999961853027, "198": 10.045000076293945, "199": 10.039999961853027, "200": 10.050000190734863, "201": 10.130000114440918, "202": 10.15999984741211, "203": 10.15999984741211, "204": 10.149999618530273, "205": 10.149999618530273, "206": 10.149999618530273, "207": 10.170000076293945, "208": 10.175000190734863, "209": 10.170000076293945, "210": 10.180000305175781, "211": 10.1850004196167, "212": 10.1850004196167, "213": 10.229999542236328, "214": 10.229999542236328, "215": 10.180000305175781, "216": 10.1899995803833, "217": 10.196000099182129, "218": 10.196000099182129, "219": 10.180000305175781, "220": 10.180000305175781, "221": 10.180000305175781, "222": 10.180000305175781, "223": 10.199999809265137, "224": 10.180000305175781, "225": 10.180000305175781, "226": 10.180000305175781, "227": 10.1899995803833, "228": 10.239999771118164, "229": 10.289999961853027, "230": 10.15999984741211, "231": 10.15999984741211, "232": 10.149999618530273, "233": 10.15999984741211, "234": 10.220000267028809, "235": 10.199999809265137, "236": 10.15999984741211, "237": 10.199999809265137, "238": 10.210000038146973, "239": 10.220000267028809, "240": 10.225000381469727, "241": 10.229999542236328, "242": 10.229999542236328, "243": 10.260000228881836, "244": 10.260000228881836, "245": 10.260000228881836, "246": 10.239999771118164, "247": 10.260000228881836, "248": 10.279999732971191, "249": 10.279999732971191, "250": 10.279999732971191, "251": 10.270000457763672, "252": 10.279999732971191, "253": 10.270000457763672, "254": 10.274999618530273, "255": 10.279999732971191, "256": 10.279999732971191, "257": 10.289999961853027, "258": 10.289999961853027, "259": 10.270000457763672, "260": 10.270000457763672, "261": 10.25, "262": 10.270000457763672, "263": 10.260000228881836, "264": 10.260000228881836, "265": 10.260000228881836, "266": 10.25, "267": 10.279999732971191, "268": 10.3100004196167, "269": 10.34000015258789, "270": 10.289999961853027, "271": 10.289999961853027, "272": 10.279999732971191, "273": 10.3100004196167, "274": 10.300000190734863, "275": 10.319999694824219, "276": 10.25, "277": 10.279999732971191, "278": 10.295000076293945, "279": 10.1899995803833, "280": 10.149999618530273, "281": 10.180000305175781, "282": 10.270000457763672, "283": 10.14900016784668, "284": 10.152000427246094, "285": 10.170000076293945, "286": 10.170000076293945, "287": 10.170000076293945, "288": 10.170000076293945, "289": 10.170000076293945, "290": 10.1899995803833, "291": 10.180000305175781, "292": 10.199999809265137, "293": 10.1899995803833, "294": 10.199999809265137, "295": 10.149999618530273, "296": 10.149999618530273, "297": 10.149999618530273, "298": 10.170000076293945, "299": 10.164999961853027, "300": 10.170000076293945, "301": 10.170000076293945, "302": 10.180000305175781, "303": 10.180000305175781, "304": 10.180000305175781, "305": 10.180000305175781, "306": 10.199999809265137, "307": 10.199999809265137, "308": 10.199999809265137, "309": 10.1899995803833, "310": 10.34000015258789, "311": 10.199999809265137, "312": 10.199999809265137, "313": 10.210000038146973, "314": 10.210000038146973, "315": 10.229999542236328, "316": 10.229999542236328, "317": 10.210000038146973, "318": 10.210000038146973, "319": 10.21500015258789, "320": 10.220000267028809, "321": 10.229999542236328, "322": 10.229999542236328, "323": 10.220000267028809, "324": 10.229999542236328, "325": 10.229999542236328, "326": 10.210000038146973, "327": 10.239999771118164, "328": 10.239999771118164, "329": 10.239999771118164, "330": 10.239999771118164, "331": 10.260000228881836, "332": 10.25, "333": 10.25, "334": 10.25, "335": 10.239999771118164, "336": 10.289999961853027, "337": 10.289999961853027, "338": 10.289999961853027, "339": 10.289999961853027, "340": 10.34000015258789, "341": 10.350000381469727, "342": 10.350000381469727, "343": 10.350000381469727, "344": 10.4399995803833, "345": 10.3100004196167, "346": 10.399999618530273, "347": 10.430000305175781, "348": 10.430000305175781, "349": 10.420000076293945, "350": 10.425000190734863, "351": 10.40999984741211, "352": 10.460000038146973, "353": 10.4399995803833, "354": 10.489999771118164}, "high": {"0": 9.800000190734863, "1": 9.819999694824219, "2": 9.819999694824219, "3": 9.819999694824219, "4": 9.845000267028809, "5": 9.84000015258789, "6": 9.84000015258789, "7": 9.84000015258789, "8": 9.84000015258789, "9": 9.84000015258789, "10": 9.84000015258789, "11": 9.845999717712402, "12": 9.84000015258789, "13": 9.84000015258789, "14": 9.84000015258789, "15": 9.850000381469727, "16": 9.859999656677246, "17": 9.850000381469727, "18": 9.859999656677246, "19": 9.850000381469727, "20": 9.880000114440918, "21": 9.880000114440918, "22": 9.880999565124512, "23": 9.880000114440918, "24": 9.869999885559082, "25": 9.859999656677246, "26": 9.890000343322754, "27": 9.890000343322754, "28": 9.880000114440918, "29": 9.869999885559082, "30": 9.869999885559082, "31": 9.885000228881836, "32": 9.869999885559082, "33": 9.869999885559082, "34": 9.899999618530273, "35": 9.899999618530273, "36": 9.899999618530273, "37": 9.899999618530273, "38": 9.890000343322754, "39": 9.890000343322754, "40": 9.890000343322754, "41": 9.890000343322754, "42": 9.899999618530273, "43": 9.899999618530273, "44": 9.920000076293945, "45": 9.90999984741211, "46": 9.90999984741211, "47": 9.930000305175781, "48": 9.90999984741211, "49": 9.920000076293945, "50": 9.934000015258789, "51": 9.920000076293945, "52": 9.930000305175781, "53": 9.937000274658203, "54": 9.937000274658203, "55": 9.937000274658203, "56": 9.960000038146973, "57": 9.930000305175781, "58": 9.9399995803833, "59": 9.9399995803833, "60": 9.9399995803833, "61": 9.9399995803833, "62": 9.9399995803833, "63": 9.9399995803833, "64": 9.9399995803833, "65": 9.9399995803833, "66": 9.9399995803833, "67": 9.9399995803833, "68": 9.930000305175781, "69": 9.930000305175781, "70": 9.90999984741211, "71": 9.930000305175781, "72": 9.920000076293945, "73": 9.920000076293945, "74": 9.920000076293945, "75": 9.920000076293945, "76": 9.920000076293945, "77": 9.920000076293945, "78": 9.899999618530273, "79": 9.90999984741211, "80": 9.899999618530273, "81": 9.906000137329102, "82": 9.899999618530273, "83": 9.930000305175781, "84": 9.920000076293945, "85": 9.90999984741211, "86": 9.930000305175781, "87": 9.930000305175781, "88": 9.930000305175781, "89": 9.925000190734863, "90": 9.925000190734863, "91": 9.925000190734863, "92": 9.930000305175781, "93": 9.920000076293945, "94": 9.930000305175781, "95": 9.920000076293945, "96": 9.920000076293945, "97": 9.920000076293945, "98": 9.920000076293945, "99": 9.920000076293945, "100": 9.949999809265137, "101": 9.949999809265137, "102": 9.90999984741211, "103": 9.9399995803833, "104": 9.90999984741211, "105": 9.920000076293945, "106": 9.920000076293945, "107": 9.960000038146973, "108": 9.920000076293945, "109": 9.920000076293945, "110": 9.930000305175781, "111": 9.9399995803833, "112": 9.949999809265137, "113": 9.9399995803833, "114": 9.989999771118164, "115": 9.979999542236328, "116": 9.970000267028809, "117": 9.949999809265137, "118": 9.960000038146973, "119": 9.970000267028809, "120": 9.979999542236328, "121": 9.963000297546387, "122": 9.970000267028809, "123": 9.970000267028809, "124": 9.970000267028809, "125": 9.960000038146973, "126": 9.979999542236328, "127": 9.979999542236328, "128": 9.979999542236328, "129": 9.970000267028809, "130": 10.0, "131": 9.970000267028809, "132": 10.0, "133": 9.989999771118164, "134": 9.989999771118164, "135": 9.989999771118164, "136": 9.989999771118164, "137": 9.989999771118164, "138": 9.979999542236328, "139": 9.979999542236328, "140": 9.979999542236328, "141": 10.020000457763672, "142": 10.0, "143": 9.989999771118164, "144": 9.975000381469727, "145": 9.979999542236328, "146": 9.970000267028809, "147": 9.979999542236328, "148": 9.970000267028809, "149": 9.979999542236328, "150": 9.979999542236328, "151": 9.979999542236328, "152": 9.979999542236328, "153": 9.96500015258789, "154": 9.96500015258789, "155": 9.954999923706055, "156": 9.949999809265137, "157": 9.989999771118164, "158": 9.970000267028809, "159": 9.989999771118164, "160": 9.970000267028809, "161": 9.970000267028809, "162": 9.970000267028809, "163": 9.979999542236328, "164": 9.979999542236328, "165": 9.979999542236328, "166": 10.0, "167": 10.010000228881836, "168": 10.010000228881836, "169": 10.010000228881836, "170": 10.010000228881836, "171": 9.989999771118164, "172": 9.989999771118164, "173": 9.989999771118164, "174": 9.979999542236328, "175": 9.979999542236328, "176": 10.0, "177": 10.0, "178": 10.0, "179": 10.0, "180": 10.010000228881836, "181": 10.0, "182": 10.0, "183": 10.0, "184": 10.0, "185": 10.0, "186": 10.029999732971191, "187": 10.029999732971191, "188": 10.029999732971191, "189": 10.039999961853027, "190": 10.050000190734863, "191": 10.050000190734863, "192": 10.050000190734863, "193": 10.0600004196167, "194": 10.050000190734863, "195": 10.050000190734863, "196": 10.050000190734863, "197": 10.039999961853027, "198": 10.050000190734863, "199": 10.039999961853027, "200": 10.050000190734863, "201": 10.170000076293945, "202": 10.15999984741211, "203": 10.15999984741211, "204": 10.154999732971191, "205": 10.15999984741211, "206": 10.170000076293945, "207": 10.170000076293945, "208": 10.175000190734863, "209": 10.170000076293945, "210": 10.180000305175781, "211": 10.1850004196167, "212": 10.199999809265137, "213": 10.239999771118164, "214": 10.3100004196167, "215": 10.199999809265137, "216": 10.1899995803833, "217": 10.196000099182129, "218": 10.196000099182129, "219": 10.184000015258789, "220": 10.1899995803833, "221": 10.180000305175781, "222": 10.180000305175781, "223": 10.199999809265137, "224": 10.180000305175781, "225": 10.180000305175781, "226": 10.180000305175781, "227": 10.1899995803833, "228": 10.239999771118164, "229": 10.699999809265137, "230": 10.15999984741211, "231": 10.15999984741211, "232": 10.170000076293945, "233": 10.170000076293945, "234": 10.220000267028809, "235": 10.199999809265137, "236": 10.199999809265137, "237": 10.199999809265137, "238": 10.229999542236328, "239": 10.225000381469727, "240": 10.225000381469727, "241": 10.229999542236328, "242": 10.25, "243": 10.260000228881836, "244": 10.260000228881836, "245": 10.260000228881836, "246": 10.260000228881836, "247": 10.260000228881836, "248": 10.279999732971191, "249": 10.279999732971191, "250": 10.279999732971191, "251": 10.270000457763672, "252": 10.279999732971191, "253": 10.270000457763672, "254": 10.274999618530273, "255": 10.289999961853027, "256": 10.279999732971191, "257": 10.289999961853027, "258": 10.289999961853027, "259": 10.279999732971191, "260": 10.270000457763672, "261": 10.25, "262": 10.270000457763672, "263": 10.260000228881836, "264": 10.270000457763672, "265": 10.260000228881836, "266": 10.25, "267": 10.300000190734863, "268": 11.470000267028809, "269": 10.350000381469727, "270": 10.289999961853027, "271": 10.300000190734863, "272": 10.3149995803833, "273": 10.3100004196167, "274": 10.3100004196167, "275": 10.319999694824219, "276": 10.279999732971191, "277": 10.279999732971191, "278": 10.300000190734863, "279": 10.210000038146973, "280": 10.180000305175781, "281": 10.180000305175781, "282": 10.319999694824219, "283": 10.170000076293945, "284": 10.170000076293945, "285": 10.170000076293945, "286": 10.170000076293945, "287": 10.170000076293945, "288": 10.210000038146973, "289": 10.1899995803833, "290": 10.1899995803833, "291": 10.180000305175781, "292": 10.199999809265137, "293": 10.1899995803833, "294": 10.199999809265137, "295": 10.149999618530273, "296": 10.149999618530273, "297": 10.149999618530273, "298": 10.170000076293945, "299": 10.170000076293945, "300": 10.170000076293945, "301": 10.1899995803833, "302": 10.180000305175781, "303": 10.180000305175781, "304": 10.180000305175781, "305": 10.199999809265137, "306": 10.199999809265137, "307": 10.199999809265137, "308": 10.210000038146973, "309": 10.210000038146973, "310": 10.34000015258789, "311": 10.199999809265137, "312": 10.225000381469727, "313": 10.210000038146973, "314": 10.229999542236328, "315": 10.229999542236328, "316": 10.229999542236328, "317": 10.210000038146973, "318": 10.220000267028809, "319": 10.229999542236328, "320": 10.229999542236328, "321": 10.229999542236328, "322": 10.229999542236328, "323": 10.229999542236328, "324": 10.229999542236328, "325": 10.229999542236328, "326": 10.239999771118164, "327": 10.239999771118164, "328": 10.239999771118164, "329": 10.239999771118164, "330": 10.270000457763672, "331": 10.300000190734863, "332": 10.25, "333": 10.25, "334": 10.25, "335": 10.279999732971191, "336": 10.289999961853027, "337": 10.289999961853027, "338": 10.289999961853027, "339": 10.289999961853027, "340": 10.350000381469727, "341": 10.350000381469727, "342": 10.350000381469727, "343": 10.350000381469727, "344": 10.4399995803833, "345": 10.430000305175781, "346": 10.399999618530273, "347": 10.430000305175781, "348": 10.4399995803833, "349": 10.430000305175781, "350": 10.430000305175781, "351": 10.470000267028809, "352": 10.5649995803833, "353": 10.4399995803833, "354": 10.489999771118164}, "low": {"0": 9.800000190734863, "1": 9.800000190734863, "2": 9.819999694824219, "3": 9.819999694824219, "4": 9.819999694824219, "5": 9.829999923706055, "6": 9.819999694824219, "7": 9.819999694824219, "8": 9.829999923706055, "9": 9.829999923706055, "10": 9.84000015258789, "11": 9.819999694824219, "12": 9.84000015258789, "13": 9.84000015258789, "14": 9.829999923706055, "15": 9.84000015258789, "16": 9.829999923706055, "17": 9.850000381469727, "18": 9.850000381469727, "19": 9.850000381469727, "20": 9.869999885559082, "21": 9.859999656677246, "22": 9.859999656677246, "23": 9.880000114440918, "24": 9.859999656677246, "25": 9.859999656677246, "26": 9.880000114440918, "27": 9.875, "28": 9.880000114440918, "29": 9.869999885559082, "30": 9.869999885559082, "31": 9.869999885559082, "32": 9.869999885559082, "33": 9.869999885559082, "34": 9.869999885559082, "35": 9.859999656677246, "36": 9.869999885559082, "37": 9.869999885559082, "38": 9.890000343322754, "39": 9.890000343322754, "40": 9.890000343322754, "41": 9.890000343322754, "42": 9.890000343322754, "43": 9.890000343322754, "44": 9.899999618530273, "45": 9.90999984741211, "46": 9.90999984741211, "47": 9.899999618530273, "48": 9.90999984741211, "49": 9.899999618530273, "50": 9.934000015258789, "51": 9.920000076293945, "52": 9.920000076293945, "53": 9.937000274658203, "54": 9.937000274658203, "55": 9.937000274658203, "56": 9.960000038146973, "57": 9.930000305175781, "58": 9.930000305175781, "59": 9.920000076293945, "60": 9.9399995803833, "61": 9.930000305175781, "62": 9.930000305175781, "63": 9.9399995803833, "64": 9.9399995803833, "65": 9.930000305175781, "66": 9.930000305175781, "67": 9.925000190734863, "68": 9.930000305175781, "69": 9.930000305175781, "70": 9.90999984741211, "71": 9.90999984741211, "72": 9.920000076293945, "73": 9.920000076293945, "74": 9.920000076293945, "75": 9.920000076293945, "76": 9.920000076293945, "77": 9.920000076293945, "78": 9.899999618530273, "79": 9.899999618530273, "80": 9.899999618530273, "81": 9.899999618530273, "82": 9.899999618530273, "83": 9.899999618530273, "84": 9.914999961853027, "85": 9.90999984741211, "86": 9.930000305175781, "87": 9.930000305175781, "88": 9.920000076293945, "89": 9.925000190734863, "90": 9.925000190734863, "91": 9.925000190734863, "92": 9.920000076293945, "93": 9.920000076293945, "94": 9.930000305175781, "95": 9.920000076293945, "96": 9.920000076293945, "97": 9.920000076293945, "98": 9.920000076293945, "99": 9.920000076293945, "100": 9.949999809265137, "101": 9.90999984741211, "102": 9.90999984741211, "103": 9.920000076293945, "104": 9.90999984741211, "105": 9.920000076293945, "106": 9.920000076293945, "107": 9.920000076293945, "108": 9.899999618530273, "109": 9.920000076293945, "110": 9.920000076293945, "111": 9.9350004196167, "112": 9.930000305175781, "113": 9.930000305175781, "114": 9.989999771118164, "115": 9.930000305175781, "116": 9.9399995803833, "117": 9.9399995803833, "118": 9.960000038146973, "119": 9.970000267028809, "120": 9.96500015258789, "121": 9.960000038146973, "122": 9.970000267028809, "123": 9.960000038146973, "124": 9.970000267028809, "125": 9.960000038146973, "126": 9.979999542236328, "127": 9.979999542236328, "128": 9.979999542236328, "129": 9.970000267028809, "130": 9.970000267028809, "131": 9.970000267028809, "132": 10.0, "133": 9.970000267028809, "134": 9.989999771118164, "135": 9.989999771118164, "136": 9.989999771118164, "137": 9.989999771118164, "138": 9.979999542236328, "139": 9.979999542236328, "140": 9.979999542236328, "141": 9.970000267028809, "142": 10.0, "143": 9.975000381469727, "144": 9.975000381469727, "145": 9.979999542236328, "146": 9.949999809265137, "147": 9.949999809265137, "148": 9.970000267028809, "149": 9.949999809265137, "150": 9.979999542236328, "151": 9.979999542236328, "152": 9.979999542236328, "153": 9.949999809265137, "154": 9.949999809265137, "155": 9.954999923706055, "156": 9.949999809265137, "157": 9.970000267028809, "158": 9.970000267028809, "159": 9.979999542236328, "160": 9.960000038146973, "161": 9.960000038146973, "162": 9.96500015258789, "163": 9.979999542236328, "164": 9.960000038146973, "165": 9.979999542236328, "166": 9.970000267028809, "167": 10.010000228881836, "168": 10.010000228881836, "169": 10.010000228881836, "170": 10.010000228881836, "171": 9.979999542236328, "172": 9.979999542236328, "173": 9.979999542236328, "174": 9.979999542236328, "175": 9.979999542236328, "176": 9.994999885559082, "177": 10.0, "178": 10.0, "179": 10.0, "180": 10.005000114440918, "181": 10.0, "182": 10.0, "183": 10.0, "184": 10.0, "185": 10.0, "186": 10.024999618530273, "187": 10.029999732971191, "188": 10.029999732971191, "189": 10.039999961853027, "190": 10.050000190734863, "191": 10.050000190734863, "192": 10.050000190734863, "193": 10.050000190734863, "194": 10.039999961853027, "195": 10.050000190734863, "196": 10.039999961853027, "197": 10.039999961853027, "198": 10.045000076293945, "199": 10.039999961853027, "200": 10.050000190734863, "201": 10.130000114440918, "202": 10.149999618530273, "203": 10.149999618530273, "204": 10.145000457763672, "205": 10.149999618530273, "206": 10.149999618530273, "207": 10.170000076293945, "208": 10.157999992370605, "209": 10.170000076293945, "210": 10.180000305175781, "211": 10.180000305175781, "212": 10.180000305175781, "213": 10.229999542236328, "214": 10.180000305175781, "215": 10.180000305175781, "216": 10.1899995803833, "217": 10.196000099182129, "218": 10.196000099182129, "219": 10.170000076293945, "220": 10.180000305175781, "221": 10.180000305175781, "222": 10.180000305175781, "223": 10.180000305175781, "224": 10.180000305175781, "225": 10.180000305175781, "226": 10.180000305175781, "227": 10.1899995803833, "228": 10.170000076293945, "229": 10.15999984741211, "230": 10.15999984741211, "231": 10.15999984741211, "232": 10.149999618530273, "233": 10.15999984741211, "234": 10.199999809265137, "235": 10.199999809265137, "236": 10.15999984741211, "237": 10.199999809265137, "238": 10.199999809265137, "239": 10.218000411987305, "240": 10.220000267028809, "241": 10.225000381469727, "242": 10.220000267028809, "243": 10.260000228881836, "244": 10.229999542236328, "245": 10.229999542236328, "246": 10.239999771118164, "247": 10.239999771118164, "248": 10.25, "249": 10.260000228881836, "250": 10.260000228881836, "251": 10.260000228881836, "252": 10.260000228881836, "253": 10.270000457763672, "254": 10.274999618530273, "255": 10.274999618530273, "256": 10.279999732971191, "257": 10.289999961853027, "258": 10.270000457763672, "259": 10.260000228881836, "260": 10.25, "261": 10.25, "262": 10.25, "263": 10.25, "264": 10.260000228881836, "265": 10.239999771118164, "266": 10.239999771118164, "267": 10.279999732971191, "268": 10.279999732971191, "269": 10.279999732971191, "270": 10.289999961853027, "271": 10.279999732971191, "272": 10.260000228881836, "273": 10.289999961853027, "274": 10.300000190734863, "275": 10.25, "276": 10.25, "277": 10.279999732971191, "278": 10.239999771118164, "279": 10.180000305175781, "280": 10.149999618530273, "281": 10.180000305175781, "282": 10.100000381469727, "283": 10.145000457763672, "284": 10.14900016784668, "285": 10.14799976348877, "286": 10.149999618530273, "287": 10.15999984741211, "288": 10.145000457763672, "289": 10.170000076293945, "290": 10.180000305175781, "291": 10.170000076293945, "292": 10.15999984741211, "293": 10.170000076293945, "294": 10.15999984741211, "295": 10.149999618530273, "296": 10.149999618530273, "297": 10.149999618530273, "298": 10.170000076293945, "299": 10.15999984741211, "300": 10.164999961853027, "301": 10.170000076293945, "302": 10.180000305175781, "303": 10.180000305175781, "304": 10.180000305175781, "305": 10.170000076293945, "306": 10.170000076293945, "307": 10.1899995803833, "308": 10.194999694824219, "309": 10.1899995803833, "310": 10.199999809265137, "311": 10.199999809265137, "312": 10.199999809265137, "313": 10.210000038146973, "314": 10.210000038146973, "315": 10.229999542236328, "316": 10.229999542236328, "317": 10.210000038146973, "318": 10.210000038146973, "319": 10.21500015258789, "320": 10.220000267028809, "321": 10.229999542236328, "322": 10.229999542236328, "323": 10.220000267028809, "324": 10.229999542236328, "325": 10.229999542236328, "326": 10.199999809265137, "327": 10.239999771118164, "328": 10.239999771118164, "329": 10.239999771118164, "330": 10.239999771118164, "331": 10.25, "332": 10.25, "333": 10.25, "334": 10.25, "335": 10.239999771118164, "336": 10.25, "337": 10.289999961853027, "338": 10.289999961853027, "339": 10.289999961853027, "340": 10.34000015258789, "341": 10.350000381469727, "342": 10.350000381469727, "343": 10.350000381469727, "344": 10.4399995803833, "345": 10.300000190734863, "346": 10.399999618530273, "347": 10.430000305175781, "348": 10.430000305175781, "349": 10.399999618530273, "350": 10.420000076293945, "351": 10.40999984741211, "352": 10.4399995803833, "353": 10.4399995803833, "354": 10.4399995803833}, "close": {"0": 9.800000190734863, "1": 9.819999694824219, "2": 9.819999694824219, "3": 9.819999694824219, "4": 9.84000015258789, "5": 9.84000015258789, "6": 9.84000015258789, "7": 9.84000015258789, "8": 9.829999923706055, "9": 9.829999923706055, "10": 9.84000015258789, "11": 9.819999694824219, "12": 9.84000015258789, "13": 9.84000015258789, "14": 9.829999923706055, "15": 9.850000381469727, "16": 9.859999656677246, "17": 9.850000381469727, "18": 9.850000381469727, "19": 9.850000381469727, "20": 9.880000114440918, "21": 9.880000114440918, "22": 9.880000114440918, "23": 9.880000114440918, "24": 9.859999656677246, "25": 9.859999656677246, "26": 9.880000114440918, "27": 9.880000114440918, "28": 9.880000114440918, "29": 9.869999885559082, "30": 9.869999885559082, "31": 9.869999885559082, "32": 9.869999885559082, "33": 9.869999885559082, "34": 9.899999618530273, "35": 9.869999885559082, "36": 9.869999885559082, "37": 9.890000343322754, "38": 9.890000343322754, "39": 9.890000343322754, "40": 9.890000343322754, "41": 9.890000343322754, "42": 9.890000343322754, "43": 9.899999618530273, "44": 9.920000076293945, "45": 9.90999984741211, "46": 9.90999984741211, "47": 9.930000305175781, "48": 9.90999984741211, "49": 9.899999618530273, "50": 9.934000015258789, "51": 9.920000076293945, "52": 9.930000305175781, "53": 9.937000274658203, "54": 9.937000274658203, "55": 9.937000274658203, "56": 9.960000038146973, "57": 9.930000305175781, "58": 9.930000305175781, "59": 9.930999755859375, "60": 9.9399995803833, "61": 9.930000305175781, "62": 9.9399995803833, "63": 9.9399995803833, "64": 9.9399995803833, "65": 9.930000305175781, "66": 9.9399995803833, "67": 9.930000305175781, "68": 9.930000305175781, "69": 9.930000305175781, "70": 9.90999984741211, "71": 9.90999984741211, "72": 9.920000076293945, "73": 9.920000076293945, "74": 9.920000076293945, "75": 9.920000076293945, "76": 9.920000076293945, "77": 9.920000076293945, "78": 9.899999618530273, "79": 9.899999618530273, "80": 9.899999618530273, "81": 9.906000137329102, "82": 9.899999618530273, "83": 9.930000305175781, "84": 9.920000076293945, "85": 9.90999984741211, "86": 9.930000305175781, "87": 9.930000305175781, "88": 9.930000305175781, "89": 9.925000190734863, "90": 9.925000190734863, "91": 9.925000190734863, "92": 9.920000076293945, "93": 9.920000076293945, "94": 9.930000305175781, "95": 9.920000076293945, "96": 9.920000076293945, "97": 9.920000076293945, "98": 9.920000076293945, "99": 9.920000076293945, "100": 9.949999809265137, "101": 9.90999984741211, "102": 9.90999984741211, "103": 9.9399995803833, "104": 9.90999984741211, "105": 9.920000076293945, "106": 9.920000076293945, "107": 9.960000038146973, "108": 9.920000076293945, "109": 9.920000076293945, "110": 9.920000076293945, "111": 9.9350004196167, "112": 9.949999809265137, "113": 9.9399995803833, "114": 9.989999771118164, "115": 9.930000305175781, "116": 9.9399995803833, "117": 9.944999694824219, "118": 9.960000038146973, "119": 9.970000267028809, "120": 9.970000267028809, "121": 9.960000038146973, "122": 9.970000267028809, "123": 9.970000267028809, "124": 9.970000267028809, "125": 9.960000038146973, "126": 9.979999542236328, "127": 9.979999542236328, "128": 9.979999542236328, "129": 9.970000267028809, "130": 9.970000267028809, "131": 9.970000267028809, "132": 10.0, "133": 9.989999771118164, "134": 9.989999771118164, "135": 9.989999771118164, "136": 9.989999771118164, "137": 9.989999771118164, "138": 9.979999542236328, "139": 9.979999542236328, "140": 9.979999542236328, "141": 10.0, "142": 10.0, "143": 9.975000381469727, "144": 9.975000381469727, "145": 9.979999542236328, "146": 9.970000267028809, "147": 9.970000267028809, "148": 9.970000267028809, "149": 9.970000267028809, "150": 9.979999542236328, "151": 9.979999542236328, "152": 9.979999542236328, "153": 9.949999809265137, "154": 9.960000038146973, "155": 9.954999923706055, "156": 9.949999809265137, "157": 9.984999656677246, "158": 9.970000267028809, "159": 9.989999771118164, "160": 9.960000038146973, "161": 9.960000038146973, "162": 9.970000267028809, "163": 9.979999542236328, "164": 9.979999542236328, "165": 9.979999542236328, "166": 10.0, "167": 10.010000228881836, "168": 10.010000228881836, "169": 10.010000228881836, "170": 10.010000228881836, "171": 9.989999771118164, "172": 9.979999542236328, "173": 9.979999542236328, "174": 9.979999542236328, "175": 9.979999542236328, "176": 10.0, "177": 10.0, "178": 10.0, "179": 10.0, "180": 10.010000228881836, "181": 10.0, "182": 10.0, "183": 10.0, "184": 10.0, "185": 10.0, "186": 10.029999732971191, "187": 10.029999732971191, "188": 10.029999732971191, "189": 10.039999961853027, "190": 10.050000190734863, "191": 10.050000190734863, "192": 10.050000190734863, "193": 10.050000190734863, "194": 10.050000190734863, "195": 10.050000190734863, "196": 10.039999961853027, "197": 10.039999961853027, "198": 10.050000190734863, "199": 10.039999961853027, "200": 10.050000190734863, "201": 10.149999618530273, "202": 10.149999618530273, "203": 10.15999984741211, "204": 10.149999618530273, "205": 10.149999618530273, "206": 10.170000076293945, "207": 10.170000076293945, "208": 10.170000076293945, "209": 10.170000076293945, "210": 10.180000305175781, "211": 10.1850004196167, "212": 10.1899995803833, "213": 10.229999542236328, "214": 10.1899995803833, "215": 10.199999809265137, "216": 10.1899995803833, "217": 10.196000099182129, "218": 10.196000099182129, "219": 10.170000076293945, "220": 10.1899995803833, "221": 10.180000305175781, "222": 10.180000305175781, "223": 10.180000305175781, "224": 10.180000305175781, "225": 10.180000305175781, "226": 10.180000305175781, "227": 10.1899995803833, "228": 10.170000076293945, "229": 10.15999984741211, "230": 10.15999984741211, "231": 10.15999984741211, "232": 10.15999984741211, "233": 10.170000076293945, "234": 10.199999809265137, "235": 10.199999809265137, "236": 10.199999809265137, "237": 10.199999809265137, "238": 10.220000267028809, "239": 10.220000267028809, "240": 10.220000267028809, "241": 10.225000381469727, "242": 10.220000267028809, "243": 10.260000228881836, "244": 10.25, "245": 10.229999542236328, "246": 10.260000228881836, "247": 10.255000114440918, "248": 10.25, "249": 10.260000228881836, "250": 10.260000228881836, "251": 10.260000228881836, "252": 10.270000457763672, "253": 10.270000457763672, "254": 10.274999618530273, "255": 10.279999732971191, "256": 10.279999732971191, "257": 10.289999961853027, "258": 10.270000457763672, "259": 10.270000457763672, "260": 10.25, "261": 10.25, "262": 10.25, "263": 10.25, "264": 10.270000457763672, "265": 10.239999771118164, "266": 10.25, "267": 10.289999961853027, "268": 10.28499984741211, "269": 10.289999961853027, "270": 10.289999961853027, "271": 10.289999961853027, "272": 10.3149995803833, "273": 10.300000190734863, "274": 10.300000190734863, "275": 10.270000457763672, "276": 10.279999732971191, "277": 10.279999732971191, "278": 10.239999771118164, "279": 10.180000305175781, "280": 10.180000305175781, "281": 10.180000305175781, "282": 10.149999618530273, "283": 10.15999984741211, "284": 10.170000076293945, "285": 10.149999618530273, "286": 10.170000076293945, "287": 10.15999984741211, "288": 10.199999809265137, "289": 10.1899995803833, "290": 10.180000305175781, "291": 10.180000305175781, "292": 10.15999984741211, "293": 10.180000305175781, "294": 10.15999984741211, "295": 10.149999618530273, "296": 10.149999618530273, "297": 10.149999618530273, "298": 10.170000076293945, "299": 10.170000076293945, "300": 10.164999961853027, "301": 10.180000305175781, "302": 10.180000305175781, "303": 10.180000305175781, "304": 10.180000305175781, "305": 10.199999809265137, "306": 10.199999809265137, "307": 10.199999809265137, "308": 10.210000038146973, "309": 10.210000038146973, "310": 10.199999809265137, "311": 10.199999809265137, "312": 10.210000038146973, "313": 10.210000038146973, "314": 10.229999542236328, "315": 10.229999542236328, "316": 10.229999542236328, "317": 10.210000038146973, "318": 10.220000267028809, "319": 10.225000381469727, "320": 10.229999542236328, "321": 10.229999542236328, "322": 10.229999542236328, "323": 10.229999542236328, "324": 10.229999542236328, "325": 10.229999542236328, "326": 10.239999771118164, "327": 10.239999771118164, "328": 10.239999771118164, "329": 10.239999771118164, "330": 10.270000457763672, "331": 10.25, "332": 10.25, "333": 10.25, "334": 10.25, "335": 10.279999732971191, "336": 10.289999961853027, "337": 10.289999961853027, "338": 10.289999961853027, "339": 10.289999961853027, "340": 10.350000381469727, "341": 10.350000381469727, "342": 10.350000381469727, "343": 10.350000381469727, "344": 10.4399995803833, "345": 10.399999618530273, "346": 10.399999618530273, "347": 10.430000305175781, "348": 10.430000305175781, "349": 10.420000076293945, "350": 10.420000076293945, "351": 10.420000076293945, "352": 10.4399995803833, "353": 10.4399995803833, "354": 10.449999809265137}, "volume": {"0": 500, "1": 61500, "2": 0, "3": 297100, "4": 71800, "5": 459000, "6": 202700, "7": 1580600, "8": 188800, "9": 29000, "10": 14200, "11": 700, "12": 8800, "13": 0, "14": 1900, "15": 113400, "16": 147500, "17": 24400, "18": 117900, "19": 6500, "20": 528900, "21": 63200, "22": 901300, "23": 0, "24": 1200, "25": 300, "26": 427200, "27": 77800, "28": 0, "29": 22000, "30": 2500, "31": 1900, "32": 2200, "33": 5100, "34": 2600, "35": 2100, "36": 241700, "37": 19000, "38": 100, "39": 0, "40": 100, "41": 91800, "42": 79100, "43": 60500, "44": 35300, "45": 5100, "46": 2100, "47": 7000, "48": 1600, "49": 139600, "50": 100, "51": 60000, "52": 7600, "53": 8300, "54": 0, "55": 0, "56": 6200, "57": 800, "58": 14300, "59": 51000, "60": 700, "61": 60400, "62": 648300, "63": 0, "64": 0, "65": 29700, "66": 431200, "67": 223200, "68": 0, "69": 0, "70": 3200, "71": 700, "72": 300, "73": 0, "74": 0, "75": 0, "76": 0, "77": 0, "78": 1600, "79": 1300, "80": 0, "81": 13000, "82": 500, "83": 31200, "84": 5300, "85": 300, "86": 1900, "87": 0, "88": 8100, "89": 238500, "90": 0, "91": 0, "92": 514500, "93": 0, "94": 250000, "95": 400, "96": 0, "97": 0, "98": 0, "99": 0, "100": 400, "101": 626200, "102": 389100, "103": 7200, "104": 2300, "105": 14000, "106": 100, "107": 800, "108": 2900, "109": 0, "110": 22100, "111": 139800, "112": 7200, "113": 1700, "114": 100, "115": 4100, "116": 104000, "117": 250800, "118": 105100, "119": 400, "120": 55300, "121": 3000, "122": 100, "123": 514600, "124": 0, "125": 100, "126": 100, "127": 0, "128": 0, "129": 2500, "130": 2400, "131": 57900, "132": 400, "133": 3400, "134": 100, "135": 0, "136": 0, "137": 0, "138": 120600, "139": 0, "140": 0, "141": 4100, "142": 0, "143": 6900, "144": 0, "145": 300, "146": 3800, "147": 800, "148": 300, "149": 5600, "150": 4300, "151": 0, "152": 200, "153": 5600, "154": 4900, "155": 800, "156": 5000, "157": 50000, "158": 300, "159": 1143500, "160": 4000, "161": 8000, "162": 12700, "163": 100, "164": 2100, "165": 0, "166": 23700, "167": 100, "168": 46400, "169": 0, "170": 0, "171": 6600, "172": 1500, "173": 7900, "174": 155700, "175": 0, "176": 40500, "177": 100, "178": 0, "179": 0, "180": 41700, "181": 7100, "182": 12500, "183": 2000, "184": 2100, "185": 0, "186": 171200, "187": 200, "188": 0, "189": 3400, "190": 300, "191": 200, "192": 200, "193": 2100, "194": 90800, "195": 0, "196": 16300, "197": 13600, "198": 21200, "199": 200, "200": 168800, "201": 3945700, "202": 517200, "203": 38200, "204": 556800, "205": 445600, "206": 20400, "207": 11300, "208": 411200, "209": 50100, "210": 537700, "211": 53700, "212": 76300, "213": 60900, "214": 136200, "215": 1468400, "216": 100, "217": 1000, "218": 0, "219": 55700, "220": 237900, "221": 31300, "222": 5300, "223": 2100, "224": 0, "225": 0, "226": 0, "227": 800, "228": 800, "229": 25500, "230": 2238000, "231": 700, "232": 329300, "233": 452200, "234": 1206200, "235": 0, "236": 2700, "237": 3200, "238": 182400, "239": 431800, "240": 9800, "241": 6700, "242": 16600, "243": 300, "244": 1100, "245": 1500, "246": 53600, "247": 10600, "248": 4500, "249": 508800, "250": 8700, "251": 3900, "252": 360800, "253": 14700, "254": 100, "255": 66800, "256": 50900, "257": 100, "258": 104000, "259": 2337400, "260": 677100, "261": 0, "262": 60200, "263": 78800, "264": 10200, "265": 232100, "266": 133000, "267": 5143300, "268": 741800, "269": 91000, "270": 3000, "271": 46700, "272": 79500, "273": 80000, "274": 954500, "275": 688900, "276": 11200, "277": 0, "278": 180300, "279": 44000, "280": 30200, "281": 100, "282": 1433400, "283": 7400, "284": 57100, "285": 17800, "286": 49600, "287": 400, "288": 17300, "289": 800, "290": 13600, "291": 35400, "292": 284700, "293": 185000, "294": 5500, "295": 800, "296": 0, "297": 0, "298": 300, "299": 6500, "300": 15800, "301": 47300, "302": 0, "303": 0, "304": 0, "305": 7200, "306": 59900, "307": 5400, "308": 121800, "309": 11900, "310": 200, "311": 5200, "312": 44100, "313": 6500, "314": 5200, "315": 0, "316": 0, "317": 1500, "318": 5200, "319": 11600, "320": 25000, "321": 0, "322": 0, "323": 5400, "324": 0, "325": 0, "326": 51600, "327": 100, "328": 5700, "329": 20600, "330": 5900, "331": 22200, "332": 0, "333": 0, "334": 0, "335": 2600, "336": 8900, "337": 0, "338": 0, "339": 0, "340": 3800, "341": 0, "342": 100, "343": 0, "344": 400, "345": 23600, "346": 0, "347": 200, "348": 2800, "349": 412200, "350": 945700, "351": 234400, "352": 800, "353": 0, "354": 9000}, "adjclose": {"0": 9.800000190734863, "1": 9.819999694824219, "2": 9.819999694824219, "3": 9.819999694824219, "4": 9.84000015258789, "5": 9.84000015258789, "6": 9.84000015258789, "7": 9.84000015258789, "8": 9.829999923706055, "9": 9.829999923706055, "10": 9.84000015258789, "11": 9.819999694824219, "12": 9.84000015258789, "13": 9.84000015258789, "14": 9.829999923706055, "15": 9.850000381469727, "16": 9.859999656677246, "17": 9.850000381469727, "18": 9.850000381469727, "19": 9.850000381469727, "20": 9.880000114440918, "21": 9.880000114440918, "22": 9.880000114440918, "23": 9.880000114440918, "24": 9.859999656677246, "25": 9.859999656677246, "26": 9.880000114440918, "27": 9.880000114440918, "28": 9.880000114440918, "29": 9.869999885559082, "30": 9.869999885559082, "31": 9.869999885559082, "32": 9.869999885559082, "33": 9.869999885559082, "34": 9.899999618530273, "35": 9.869999885559082, "36": 9.869999885559082, "37": 9.890000343322754, "38": 9.890000343322754, "39": 9.890000343322754, "40": 9.890000343322754, "41": 9.890000343322754, "42": 9.890000343322754, "43": 9.899999618530273, "44": 9.920000076293945, "45": 9.90999984741211, "46": 9.90999984741211, "47": 9.930000305175781, "48": 9.90999984741211, "49": 9.899999618530273, "50": 9.934000015258789, "51": 9.920000076293945, "52": 9.930000305175781, "53": 9.937000274658203, "54": 9.937000274658203, "55": 9.937000274658203, "56": 9.960000038146973, "57": 9.930000305175781, "58": 9.930000305175781, "59": 9.930999755859375, "60": 9.9399995803833, "61": 9.930000305175781, "62": 9.9399995803833, "63": 9.9399995803833, "64": 9.9399995803833, "65": 9.930000305175781, "66": 9.9399995803833, "67": 9.930000305175781, "68": 9.930000305175781, "69": 9.930000305175781, "70": 9.90999984741211, "71": 9.90999984741211, "72": 9.920000076293945, "73": 9.920000076293945, "74": 9.920000076293945, "75": 9.920000076293945, "76": 9.920000076293945, "77": 9.920000076293945, "78": 9.899999618530273, "79": 9.899999618530273, "80": 9.899999618530273, "81": 9.906000137329102, "82": 9.899999618530273, "83": 9.930000305175781, "84": 9.920000076293945, "85": 9.90999984741211, "86": 9.930000305175781, "87": 9.930000305175781, "88": 9.930000305175781, "89": 9.925000190734863, "90": 9.925000190734863, "91": 9.925000190734863, "92": 9.920000076293945, "93": 9.920000076293945, "94": 9.930000305175781, "95": 9.920000076293945, "96": 9.920000076293945, "97": 9.920000076293945, "98": 9.920000076293945, "99": 9.920000076293945, "100": 9.949999809265137, "101": 9.90999984741211, "102": 9.90999984741211, "103": 9.9399995803833, "104": 9.90999984741211, "105": 9.920000076293945, "106": 9.920000076293945, "107": 9.960000038146973, "108": 9.920000076293945, "109": 9.920000076293945, "110": 9.920000076293945, "111": 9.9350004196167, "112": 9.949999809265137, "113": 9.9399995803833, "114": 9.989999771118164, "115": 9.930000305175781, "116": 9.9399995803833, "117": 9.944999694824219, "118": 9.960000038146973, "119": 9.970000267028809, "120": 9.970000267028809, "121": 9.960000038146973, "122": 9.970000267028809, "123": 9.970000267028809, "124": 9.970000267028809, "125": 9.960000038146973, "126": 9.979999542236328, "127": 9.979999542236328, "128": 9.979999542236328, "129": 9.970000267028809, "130": 9.970000267028809, "131": 9.970000267028809, "132": 10.0, "133": 9.989999771118164, "134": 9.989999771118164, "135": 9.989999771118164, "136": 9.989999771118164, "137": 9.989999771118164, "138": 9.979999542236328, "139": 9.979999542236328, "140": 9.979999542236328, "141": 10.0, "142": 10.0, "143": 9.975000381469727, "144": 9.975000381469727, "145": 9.979999542236328, "146": 9.970000267028809, "147": 9.970000267028809, "148": 9.970000267028809, "149": 9.970000267028809, "150": 9.979999542236328, "151": 9.979999542236328, "152": 9.979999542236328, "153": 9.949999809265137, "154": 9.960000038146973, "155": 9.954999923706055, "156": 9.949999809265137, "157": 9.984999656677246, "158": 9.970000267028809, "159": 9.989999771118164, "160": 9.960000038146973, "161": 9.960000038146973, "162": 9.970000267028809, "163": 9.979999542236328, "164": 9.979999542236328, "165": 9.979999542236328, "166": 10.0, "167": 10.010000228881836, "168": 10.010000228881836, "169": 10.010000228881836, "170": 10.010000228881836, "171": 9.989999771118164, "172": 9.979999542236328, "173": 9.979999542236328, "174": 9.979999542236328, "175": 9.979999542236328, "176": 10.0, "177": 10.0, "178": 10.0, "179": 10.0, "180": 10.010000228881836, "181": 10.0, "182": 10.0, "183": 10.0, "184": 10.0, "185": 10.0, "186": 10.029999732971191, "187": 10.029999732971191, "188": 10.029999732971191, "189": 10.039999961853027, "190": 10.050000190734863, "191": 10.050000190734863, "192": 10.050000190734863, "193": 10.050000190734863, "194": 10.050000190734863, "195": 10.050000190734863, "196": 10.039999961853027, "197": 10.039999961853027, "198": 10.050000190734863, "199": 10.039999961853027, "200": 10.050000190734863, "201": 10.149999618530273, "202": 10.149999618530273, "203": 10.15999984741211, "204": 10.149999618530273, "205": 10.149999618530273, "206": 10.170000076293945, "207": 10.170000076293945, "208": 10.170000076293945, "209": 10.170000076293945, "210": 10.180000305175781, "211": 10.1850004196167, "212": 10.1899995803833, "213": 10.229999542236328, "214": 10.1899995803833, "215": 10.199999809265137, "216": 10.1899995803833, "217": 10.196000099182129, "218": 10.196000099182129, "219": 10.170000076293945, "220": 10.1899995803833, "221": 10.180000305175781, "222": 10.180000305175781, "223": 10.180000305175781, "224": 10.180000305175781, "225": 10.180000305175781, "226": 10.180000305175781, "227": 10.1899995803833, "228": 10.170000076293945, "229": 10.15999984741211, "230": 10.15999984741211, "231": 10.15999984741211, "232": 10.15999984741211, "233": 10.170000076293945, "234": 10.199999809265137, "235": 10.199999809265137, "236": 10.199999809265137, "237": 10.199999809265137, "238": 10.220000267028809, "239": 10.220000267028809, "240": 10.220000267028809, "241": 10.225000381469727, "242": 10.220000267028809, "243": 10.260000228881836, "244": 10.25, "245": 10.229999542236328, "246": 10.260000228881836, "247": 10.255000114440918, "248": 10.25, "249": 10.260000228881836, "250": 10.260000228881836, "251": 10.260000228881836, "252": 10.270000457763672, "253": 10.270000457763672, "254": 10.274999618530273, "255": 10.279999732971191, "256": 10.279999732971191, "257": 10.289999961853027, "258": 10.270000457763672, "259": 10.270000457763672, "260": 10.25, "261": 10.25, "262": 10.25, "263": 10.25, "264": 10.270000457763672, "265": 10.239999771118164, "266": 10.25, "267": 10.289999961853027, "268": 10.28499984741211, "269": 10.289999961853027, "270": 10.289999961853027, "271": 10.289999961853027, "272": 10.3149995803833, "273": 10.300000190734863, "274": 10.300000190734863, "275": 10.270000457763672, "276": 10.279999732971191, "277": 10.279999732971191, "278": 10.239999771118164, "279": 10.180000305175781, "280": 10.180000305175781, "281": 10.180000305175781, "282": 10.149999618530273, "283": 10.15999984741211, "284": 10.170000076293945, "285": 10.149999618530273, "286": 10.170000076293945, "287": 10.15999984741211, "288": 10.199999809265137, "289": 10.1899995803833, "290": 10.180000305175781, "291": 10.180000305175781, "292": 10.15999984741211, "293": 10.180000305175781, "294": 10.15999984741211, "295": 10.149999618530273, "296": 10.149999618530273, "297": 10.149999618530273, "298": 10.170000076293945, "299": 10.170000076293945, "300": 10.164999961853027, "301": 10.180000305175781, "302": 10.180000305175781, "303": 10.180000305175781, "304": 10.180000305175781, "305": 10.199999809265137, "306": 10.199999809265137, "307": 10.199999809265137, "308": 10.210000038146973, "309": 10.210000038146973, "310": 10.199999809265137, "311": 10.199999809265137, "312": 10.210000038146973, "313": 10.210000038146973, "314": 10.229999542236328, "315": 10.229999542236328, "316": 10.229999542236328, "317": 10.210000038146973, "318": 10.220000267028809, "319": 10.225000381469727, "320": 10.229999542236328, "321": 10.229999542236328, "322": 10.229999542236328, "323": 10.229999542236328, "324": 10.229999542236328, "325": 10.229999542236328, "326": 10.239999771118164, "327": 10.239999771118164, "328": 10.239999771118164, "329": 10.239999771118164, "330": 10.270000457763672, "331": 10.25, "332": 10.25, "333": 10.25, "334": 10.25, "335": 10.279999732971191, "336": 10.289999961853027, "337": 10.289999961853027, "338": 10.289999961853027, "339": 10.289999961853027, "340": 10.350000381469727, "341": 10.350000381469727, "342": 10.350000381469727, "343": 10.350000381469727, "344": 10.4399995803833, "345": 10.399999618530273, "346": 10.399999618530273, "347": 10.430000305175781, "348": 10.430000305175781, "349": 10.420000076293945, "350": 10.420000076293945, "351": 10.420000076293945, "352": 10.4399995803833, "353": 10.4399995803833, "354": 10.449999809265137}}, "profile": {"address1": "1300 Pennsylvania Avenue NW", "address2": "Suite 700", "city": "Washington", "state": "DC", "zip": "20004", "country": "United States", "phone": "202 600 5757", "website": "https://www.burtechacq.us", "industry": "Shell Companies", "industryDisp": "Shell Companies", "sector": "Financial Services", "longBusinessSummary": "Burtech Acquisition Corp. does not have significant operations. The company focuses to effect a merger, capital stock exchange, asset acquisition, stock purchase, reorganization, or similar business combination with one or more businesses. It intends to acquire a business, which operates in the retail, lifestyle, hospitality, technology, and real estate markets. The company was incorporated in 2021 and is based in Washington, District of Columbia.", "companyOfficers": [{"maxAge": 1, "name": "Mr. Shahal M. Khan", "age": 49, "title": "Chairman & CEO", "yearBorn": 1973, "exercisedValue": 0, "unexercisedValue": 0}, {"maxAge": 1, "name": "Mr. Isaac  Chetrit", "age": 59, "title": "Pres & Director", "yearBorn": 1963, "exercisedValue": 0, "unexercisedValue": 0}, {"maxAge": 1, "name": "Mr. Roman V. Livson", "age": 52, "title": "Chief Financial Officer", "yearBorn": 1970, "exercisedValue": 0, "unexercisedValue": 0}, {"maxAge": 1, "name": "Ms. Payel  Farasat", "age": 43, "title": "Chief Investment Officer", "yearBorn": 1979, "exercisedValue": 0, "unexercisedValue": 0}, {"maxAge": 1, "name": "Mr. Christopher  Schroeder", "age": 57, "title": "Chief Marketing Officer", "yearBorn": 1965, "exercisedValue": 0, "unexercisedValue": 0}], "maxAge": 86400, "latitude": 38.89494738490086, "longitude": -77.03021413508347}}