{"income_statement": {"annual": {"Year": {"1": "Selling, General & Admin", "2": "Other Operating Expenses", "3": "Operating Expenses", "4": "Operating Income", "5": "Other Expense / Income", "6": "Pretax Income", "7": "Net Income", "8": "Shares Outstanding (Basic)", "9": "Shares Outstanding (Diluted)", "10": "Shares Change", "11": "EPS (Basic)", "12": "EPS (Diluted)", "13": "Free Cash Flow Per Share", "14": "EBITDA", "15": "EBIT"}, "2022": {"1": "0.23", "2": "0.15", "3": "0.38", "4": "-0.38", "5": "-0.13", "6": "-0.25", "7": "-0.25", "8": "6", "9": "6", "10": "213.93%", "11": "-0.04", "12": "-0.04", "13": "-0.03", "14": "-0.25", "15": "-0.25"}, "2021": {"1": "0.02", "2": "0", "3": "0.02", "4": "-0.02", "5": "-", "6": "-0.02", "7": "-0.02", "8": "2", "9": "2", "10": "-", "11": "-0.01", "12": "-0.01", "13": "-0.01", "14": "-0.02", "15": "-0.02"}}, "quarterly": {"Metrics": {"1": "Selling, General & Admin", "2": "Other Operating Expenses", "3": "Operating Expenses", "4": "Operating Income", "5": "Other Expense / Income", "6": "Pretax Income", "7": "Net Income", "8": "Shares Outstanding (Basic)", "9": "Shares Outstanding (Diluted)", "10": "Shares Change", "11": "EPS (Basic)", "12": "EPS (Diluted)", "13": "Free Cash Flow Per Share", "14": "EBITDA", "15": "EBIT"}, "2022-12-31": {"1": "0.35", "2": "0", "3": "0.35", "4": "-0.35", "5": "-0.79", "6": "0.44", "7": "0.44", "8": "12", "9": "12", "10": "498.22%", "11": "0.04", "12": "0.04", "13": "-0.03", "14": "0.44", "15": "0.44"}, "2022-09-30": {"1": "0.17", "2": "0", "3": "0.17", "4": "-0.17", "5": "-0.42", "6": "0.25", "7": "0.25", "8": "12", "9": "12", "10": "498.22%", "11": "0.02", "12": "0.02", "13": "-0.01", "14": "0.25", "15": "0.25"}, "2022-06-30": {"1": "0.09", "2": "0", "3": "0.09", "4": "-0.09", "5": "-0.13", "6": "0.04", "7": "0.04", "8": "6", "9": "6", "10": "-", "11": "0.03", "12": "0.03", "13": "-0.01", "14": "0.04", "15": "0.04"}, "2022-03-31": {"1": "0.12", "2": "0.15", "3": "0.27", "4": "-0.27", "5": "-0.01", "6": "-0.26", "7": "-0.26", "8": "8", "9": "8", "10": "-", "11": "-0.03", "12": "-0.03", "13": "-", "14": "-", "15": "-0.26"}, "2021-12-31": {"1": "0.01", "2": "0", "3": "0.01", "4": "-0.01", "5": "-", "6": "-0.01", "7": "-0.01", "8": "2", "9": "2", "10": "-", "11": "-0.01", "12": "-0.01", "13": "-0.01", "14": "-0.01", "15": "-0.01"}, "2021-09-30": {"1": "0.01", "2": "0", "3": "0.01", "4": "-0.01", "5": "-", "6": "-0.01", "7": "-0.01", "8": "2", "9": "2", "10": "-", "11": "-", "12": "-", "13": "-0.00", "14": "-0.01", "15": "-0.01"}}}, "balance_sheet": {"annual": {"Year": {"1": "Cash & Equivalents", "2": "Cash & Cash Equivalents", "3": "Other Current Assets", "4": "Total Current Assets", "5": "Long-Term Investments", "6": "Other Long-Term Assets", "7": "Total Long-Term Assets", "8": "Total Assets", "9": "Accounts Payable", "10": "Current Debt", "11": "Total Current Liabilities", "12": "Other Long-Term Liabilities", "13": "Total Long-Term Liabilities", "14": "Total Liabilities", "15": "Total Debt", "16": "Common Stock", "17": "Retained Earnings", "18": "Shareholders' Equity", "19": "Total Liabilities and Equity", "20": "Net Cash / Debt", "21": "Net Cash Per Share", "22": "Working Capital", "23": "Book Value Per Share"}, "2022": {"1": "0.78", "2": "0.78", "3": "-0.47", "4": "0.31", "5": "93.05", "6": "0.5", "7": "93.55", "8": "93.86", "9": "0.08", "10": "0", "11": "0.08", "12": "3.22", "13": "3.22", "14": "3.3", "15": "0", "16": "0", "17": "-2.49", "18": "-2.49", "19": "0.81", "20": "0.78", "21": "0.12", "22": "0.23", "23": "-0.40"}, "2021": {"1": "0", "2": "0", "3": "-", "4": "-", "5": "-", "6": "-", "7": "-", "8": "0.27", "9": "0", "10": "0.27", "11": "0.27", "12": "0", "13": "0", "14": "0.27", "15": "0.27", "16": "0.03", "17": "-0.02", "18": "0.01", "19": "0.27", "20": "-0.27", "21": "-0.13", "22": "-", "23": "0.00"}}, "quarterly": {"Metrics": {"1": "Cash & Equivalents", "2": "Cash & Cash Equivalents", "3": "Other Current Assets", "4": "Total Current Assets", "5": "Long-Term Investments", "6": "Other Long-Term Assets", "7": "Total Long-Term Assets", "8": "Total Assets", "9": "Accounts Payable", "10": "Current Debt", "11": "Total Current Liabilities", "12": "Other Long-Term Liabilities", "13": "Total Long-Term Liabilities", "14": "Total Liabilities", "15": "Total Debt", "16": "Debt Growth", "17": "Common Stock", "18": "Retained Earnings", "19": "Shareholders' Equity", "20": "Total Liabilities and Equity", "21": "Net Cash / Debt", "22": "Net Cash Per Share", "23": "Working Capital", "24": "Book Value Per Share"}, "2022-12-31": {"1": "0.55", "2": "0.55", "3": "-0.49", "4": "0.06", "5": "94.26", "6": "0.5", "7": "94.76", "8": "94.82", "9": "0.1", "10": "0.25", "11": "0.35", "12": "3.22", "13": "3.22", "14": "3.57", "15": "0.25", "16": "-5.68%", "17": "0", "18": "-3.01", "19": "-3.01", "20": "0.56", "21": "0.3", "22": "0.03", "23": "-0.29", "24": "-0.25"}, "2022-09-30": {"1": "0.61", "2": "0.61", "3": "-0.47", "4": "0.14", "5": "93.47", "6": "0.5", "7": "93.97", "8": "94.12", "9": "0.09", "10": "0", "11": "0.09", "12": "3.22", "13": "3.22", "14": "3.31", "15": "0", "16": "-", "17": "0", "18": "-2.66", "19": "-2.66", "20": "0.64", "21": "0.61", "22": "0.05", "23": "0.06", "24": "-0.22"}, "2022-06-30": {"1": "0.78", "2": "0.78", "3": "-0.47", "4": "0.31", "5": "93.05", "6": "0.5", "7": "93.55", "8": "93.86", "9": "0.08", "10": "0", "11": "0.08", "12": "3.22", "13": "3.22", "14": "3.3", "15": "0", "16": "-", "17": "0", "18": "-2.49", "19": "-2.49", "20": "0.81", "21": "0.78", "22": "0.12", "23": "0.23", "24": "-0.40"}, "2022-03-31": {"1": "0.82", "2": "0.82", "3": "-0.45", "4": "0.37", "5": "92.93", "6": "0.5", "7": "93.43", "8": "93.8", "9": "0.06", "10": "0", "11": "0.06", "12": "3.22", "13": "3.22", "14": "3.28", "15": "0", "16": "-", "17": "0", "18": "-2.4", "19": "-2.4", "20": "0.87", "21": "0.82", "22": "0.10", "23": "0.32", "24": "-0.29"}, "2021-12-31": {"1": "0", "2": "0", "3": "-", "4": "-", "5": "-", "6": "-", "7": "-", "8": "0.27", "9": "0", "10": "0.27", "11": "0.27", "12": "0", "13": "0", "14": "0.27", "15": "0.27", "16": "-", "17": "0.03", "18": "-0.02", "19": "0.01", "20": "0.27", "21": "-0.27", "22": "-0.13", "23": "-", "24": "0.00"}}}, "cash_flow_statement": {"annual": {"Year": {"1": "Net Income", "2": "Share-Based Compensation", "3": "Other Operating Activities", "4": "Operating Cash Flow", "5": "Change in Investments", "6": "Investing Cash Flow", "7": "Share Issuance / Repurchase", "8": "Debt Issued / Paid", "9": "Other Financing Activities", "10": "Financing Cash Flow", "11": "Net Cash Flow", "12": "Free Cash Flow", "13": "Free Cash Flow Per Share"}, "2022": {"1": "-0.25", "2": "0.15", "3": "-0.09", "4": "-0.18", "5": "-92.92", "6": "-92.92", "7": "94.4", "8": "0", "9": "-1.03", "10": "93.38", "11": "0.28", "12": "-0.18", "13": "-0.03"}, "2021": {"1": "-0.02", "2": "0", "3": "-", "4": "-0.02", "5": "0", "6": "0", "7": "0", "8": "0.02", "9": "-", "10": "0.02", "11": "0", "12": "-0.02", "13": "-0.01"}}, "quarterly": {"Metrics": {"1": "Net Income", "2": "Other Operating Activities", "3": "Operating Cash Flow", "4": "Debt Issued / Paid", "5": "Financing Cash Flow", "6": "Net Cash Flow", "7": "Free Cash Flow", "8": "Free Cash Flow Per Share"}, "2022-12-31": {"1": "0.44", "2": "-0.75", "3": "-0.31", "4": "0.25", "5": "0.25", "6": "-0.06", "7": "-0.31", "8": "-0.03"}, "2022-09-30": {"1": "0.25", "2": "-0.41", "3": "-0.16", "4": "0", "5": "0", "6": "-0.16", "7": "-0.16", "8": "-0.01"}, "2022-06-30": {"1": "0.04", "2": "-0.08", "3": "-0.05", "4": "0", "5": "0", "6": "-0.05", "7": "-0.05", "8": "-0.01"}, "2022-03-31": {"1": "-0.26", "2": "0.26", "3": "-", "4": "-", "5": "-", "6": "-", "7": "-", "8": "-"}, "2021-12-31": {"1": "-0.01", "2": "-", "3": "-0.01", "4": "0.01", "5": "0.01", "6": "0", "7": "-0.01", "8": "-0.01"}, "2021-09-30": {"1": "-0.01", "2": "-", "3": "-0.01", "4": "0.01", "5": "0.01", "6": "0", "7": "-0.01", "8": "-0.00"}}}, "ratios": {"annual": {"Year": {"1": "Market Capitalization", "2": "Enterprise Value", "3": "PE Ratio", "4": "PB Ratio", "5": "P/FCF Ratio", "6": "P/OCF Ratio", "7": "EV/EBITDA Ratio", "8": "EV/EBIT Ratio", "9": "EV/FCF Ratio", "10": "Debt / Equity Ratio", "11": "Debt / EBITDA Ratio", "12": "Debt / FCF Ratio", "13": "Current Ratio", "14": "Return on Equity (ROE)", "15": "Return on Assets (ROA)", "16": "Return on Capital (ROIC)", "17": "Earnings Yield", "18": "FCF Yield", "19": "Buyback Yield / Dilution", "20": "Total Shareholder Return"}, "Current": {"1": "126", "2": "126", "3": "176.67", "4": "-40.55", "5": "-191.75", "6": "-191.75", "7": "272.26", "8": "272.26", "9": "-191.28", "10": "-0.08", "11": "0.54", "12": "-0.39", "13": "0.17", "14": "-17.50%", "15": "0.50%", "16": "0.50%", "17": "0.37%", "18": "-0.51%", "19": "-498.22%", "20": "-498.22%"}, "2022": {"1": "119", "2": "118", "3": "-481.70", "4": "-47.71", "5": "-652.99", "6": "-652.99", "7": "-478.55", "8": "-478.55", "9": "-648.73", "10": "-", "11": "-", "12": "-", "13": "3.75", "14": "-", "15": "-", "16": "-", "17": "-0.21%", "18": "-0.15%", "19": "-213.93%", "20": "-213.93%"}, "2021": {"1": "-", "2": "0", "3": "-", "4": "-", "5": "-", "6": "-", "7": "-13.36", "8": "-13.36", "9": "-13.36", "10": "51.30", "11": "-13.36", "12": "-13.36", "13": "-", "14": "-", "15": "-", "16": "-", "17": "-", "18": "-", "19": "-", "20": "-"}}, "quarterly": {"Metrics": {"1": "Market Capitalization", "2": "Enterprise Value", "3": "PE Ratio", "4": "PB Ratio", "5": "Debt / Equity Ratio", "6": "Current Ratio", "7": "Buyback Yield / Dilution", "8": "Total Shareholder Return"}, "Current": {"1": "126", "2": "126", "3": "176.67", "4": "-40.55", "5": "-0.08", "6": "0.17", "7": "-498.22%", "8": "-498.22%"}, "2022-12-31": {"1": "122", "2": "122", "3": "264.36", "4": "-40.55", "5": "-0.08", "6": "0.17", "7": "-498.22%", "8": "-498.22%"}, "2022-09-30": {"1": "120", "2": "119", "3": "13424.74", "4": "-45.05", "5": "-", "6": "1.65", "7": "-498.22%", "8": "-498.22%"}, "2022-06-30": {"1": "119", "2": "118", "3": "-481.70", "4": "-47.71", "5": "-", "6": "3.75", "7": "-", "8": "-"}, "2022-03-31": {"1": "103", "2": "102", "3": "-", "4": "-42.87", "5": "-", "6": "6.75", "7": "-", "8": "-"}, "2021-12-31": {"1": "-", "2": "0", "3": "-", "4": "-", "5": "51.30", "6": "-", "7": "-", "8": "-"}}}, "stock_price": {"symbol": {"0": "BWAQ", "1": "BWAQ", "2": "BWAQ", "3": "BWAQ", "4": "BWAQ", "5": "BWAQ", "6": "BWAQ", "7": "BWAQ", "8": "BWAQ", "9": "BWAQ", "10": "BWAQ", "11": "BWAQ", "12": "BWAQ", "13": "BWAQ", "14": "BWAQ", "15": "BWAQ", "16": "BWAQ", "17": "BWAQ", "18": "BWAQ", "19": "BWAQ", "20": "BWAQ", "21": "BWAQ", "22": "BWAQ", "23": "BWAQ", "24": "BWAQ", "25": "BWAQ", "26": "BWAQ", "27": "BWAQ", "28": "BWAQ", "29": "BWAQ", "30": "BWAQ", "31": "BWAQ", "32": "BWAQ", "33": "BWAQ", "34": "BWAQ", "35": "BWAQ", "36": "BWAQ", "37": "BWAQ", "38": "BWAQ", "39": "BWAQ", "40": "BWAQ", "41": "BWAQ", "42": "BWAQ", "43": "BWAQ", "44": "BWAQ", "45": "BWAQ", "46": "BWAQ", "47": "BWAQ", "48": "BWAQ", "49": "BWAQ", "50": "BWAQ", "51": "BWAQ", "52": "BWAQ", "53": "BWAQ", "54": "BWAQ", "55": "BWAQ", "56": "BWAQ", "57": "BWAQ", "58": "BWAQ", "59": "BWAQ", "60": "BWAQ", "61": "BWAQ", "62": "BWAQ", "63": "BWAQ", "64": "BWAQ", "65": "BWAQ", "66": "BWAQ", "67": "BWAQ", "68": "BWAQ", "69": "BWAQ", "70": "BWAQ", "71": "BWAQ", "72": "BWAQ", "73": "BWAQ", "74": "BWAQ", "75": "BWAQ", "76": "BWAQ", "77": "BWAQ", "78": "BWAQ", "79": "BWAQ", "80": "BWAQ", "81": "BWAQ", "82": "BWAQ", "83": "BWAQ", "84": "BWAQ", "85": "BWAQ", "86": "BWAQ", "87": "BWAQ", "88": "BWAQ", "89": "BWAQ", "90": "BWAQ", "91": "BWAQ", "92": "BWAQ", "93": "BWAQ", "94": "BWAQ", "95": "BWAQ", "96": "BWAQ", "97": "BWAQ", "98": "BWAQ", "99": "BWAQ", "100": "BWAQ", "101": "BWAQ", "102": "BWAQ", "103": "BWAQ", "104": "BWAQ", "105": "BWAQ", "106": "BWAQ", "107": "BWAQ", "108": "BWAQ", "109": "BWAQ", "110": "BWAQ", "111": "BWAQ", "112": "BWAQ", "113": "BWAQ", "114": "BWAQ", "115": "BWAQ", "116": "BWAQ", "117": "BWAQ", "118": "BWAQ", "119": "BWAQ", "120": "BWAQ", "121": "BWAQ", "122": "BWAQ", "123": "BWAQ", "124": "BWAQ", "125": "BWAQ", "126": "BWAQ", "127": "BWAQ", "128": "BWAQ", "129": "BWAQ", "130": "BWAQ", "131": "BWAQ", "132": "BWAQ", "133": "BWAQ", "134": "BWAQ", "135": "BWAQ", "136": "BWAQ", "137": "BWAQ", "138": "BWAQ", "139": "BWAQ", "140": "BWAQ", "141": "BWAQ", "142": "BWAQ", "143": "BWAQ", "144": "BWAQ", "145": "BWAQ", "146": "BWAQ", "147": "BWAQ", "148": "BWAQ", "149": "BWAQ", "150": "BWAQ", "151": "BWAQ", "152": "BWAQ", "153": "BWAQ", "154": "BWAQ", "155": "BWAQ", "156": "BWAQ", "157": "BWAQ", "158": "BWAQ", "159": "BWAQ", "160": "BWAQ", "161": "BWAQ", "162": "BWAQ", "163": "BWAQ", "164": "BWAQ", "165": "BWAQ", "166": "BWAQ", "167": "BWAQ", "168": "BWAQ", "169": "BWAQ", "170": "BWAQ", "171": "BWAQ", "172": "BWAQ", "173": "BWAQ", "174": "BWAQ", "175": "BWAQ", "176": "BWAQ", "177": "BWAQ", "178": "BWAQ", "179": "BWAQ", "180": "BWAQ", "181": "BWAQ", "182": "BWAQ", "183": "BWAQ", "184": "BWAQ", "185": "BWAQ", "186": "BWAQ", "187": "BWAQ", "188": "BWAQ", "189": "BWAQ", "190": "BWAQ", "191": "BWAQ", "192": "BWAQ", "193": "BWAQ", "194": "BWAQ", "195": "BWAQ", "196": "BWAQ", "197": "BWAQ", "198": "BWAQ", "199": "BWAQ", "200": "BWAQ", "201": "BWAQ", "202": "BWAQ", "203": "BWAQ", "204": "BWAQ", "205": "BWAQ", "206": "BWAQ", "207": "BWAQ", "208": "BWAQ", "209": "BWAQ", "210": "BWAQ", "211": "BWAQ", "212": "BWAQ", "213": "BWAQ", "214": "BWAQ", "215": "BWAQ", "216": "BWAQ", "217": "BWAQ", "218": "BWAQ", "219": "BWAQ", "220": "BWAQ", "221": "BWAQ", "222": "BWAQ", "223": "BWAQ", "224": "BWAQ", "225": "BWAQ", "226": "BWAQ", "227": "BWAQ", "228": "BWAQ", "229": "BWAQ", "230": "BWAQ", "231": "BWAQ", "232": "BWAQ", "233": "BWAQ", "234": "BWAQ", "235": "BWAQ", "236": "BWAQ", "237": "BWAQ", "238": "BWAQ", "239": "BWAQ", "240": "BWAQ", "241": "BWAQ", "242": "BWAQ", "243": "BWAQ", "244": "BWAQ", "245": "BWAQ", "246": "BWAQ", "247": "BWAQ", "248": "BWAQ", "249": "BWAQ", "250": "BWAQ", "251": "BWAQ", "252": "BWAQ", "253": "BWAQ", "254": "BWAQ", "255": "BWAQ", "256": "BWAQ", "257": "BWAQ", "258": "BWAQ", "259": "BWAQ", "260": "BWAQ", "261": "BWAQ", "262": "BWAQ", "263": "BWAQ", "264": "BWAQ", "265": "BWAQ", "266": "BWAQ", "267": "BWAQ", "268": "BWAQ", "269": "BWAQ", "270": "BWAQ", "271": "BWAQ", "272": "BWAQ", "273": "BWAQ", "274": "BWAQ", "275": "BWAQ", "276": "BWAQ", "277": "BWAQ", "278": "BWAQ", "279": "BWAQ", "280": "BWAQ", "281": "BWAQ", "282": "BWAQ", "283": "BWAQ", "284": "BWAQ", "285": "BWAQ", "286": "BWAQ", "287": "BWAQ", "288": "BWAQ", "289": "BWAQ", "290": "BWAQ", "291": "BWAQ", "292": "BWAQ", "293": "BWAQ", "294": "BWAQ", "295": "BWAQ", "296": "BWAQ", "297": "BWAQ", "298": "BWAQ", "299": "BWAQ", "300": "BWAQ", "301": "BWAQ", "302": "BWAQ", "303": "BWAQ", "304": "BWAQ", "305": "BWAQ", "306": "BWAQ", "307": "BWAQ", "308": "BWAQ", "309": "BWAQ", "310": "BWAQ", "311": "BWAQ", "312": "BWAQ", "313": "BWAQ", "314": "BWAQ", "315": "BWAQ", "316": "BWAQ", "317": "BWAQ", "318": "BWAQ", "319": "BWAQ", "320": "BWAQ", "321": "BWAQ", "322": "BWAQ"}, "date": {"0": "2022-03-17", "1": "2022-03-18", "2": "2022-03-21", "3": "2022-03-22", "4": "2022-03-23", "5": "2022-03-24", "6": "2022-03-25", "7": "2022-03-28", "8": "2022-03-29", "9": "2022-03-30", "10": "2022-03-31", "11": "2022-04-01", "12": "2022-04-04", "13": "2022-04-05", "14": "2022-04-06", "15": "2022-04-07", "16": "2022-04-08", "17": "2022-04-11", "18": "2022-04-12", "19": "2022-04-13", "20": "2022-04-14", "21": "2022-04-18", "22": "2022-04-19", "23": "2022-04-20", "24": "2022-04-21", "25": "2022-04-22", "26": "2022-04-25", "27": "2022-04-26", "28": "2022-04-27", "29": "2022-04-28", "30": "2022-04-29", "31": "2022-05-02", "32": "2022-05-03", "33": "2022-05-04", "34": "2022-05-05", "35": "2022-05-06", "36": "2022-05-09", "37": "2022-05-10", "38": "2022-05-11", "39": "2022-05-12", "40": "2022-05-13", "41": "2022-05-16", "42": "2022-05-17", "43": "2022-05-18", "44": "2022-05-19", "45": "2022-05-20", "46": "2022-05-23", "47": "2022-05-24", "48": "2022-05-25", "49": "2022-05-26", "50": "2022-05-27", "51": "2022-05-31", "52": "2022-06-01", "53": "2022-06-02", "54": "2022-06-03", "55": "2022-06-06", "56": "2022-06-07", "57": "2022-06-08", "58": "2022-06-09", "59": "2022-06-10", "60": "2022-06-13", "61": "2022-06-14", "62": "2022-06-15", "63": "2022-06-16", "64": "2022-06-17", "65": "2022-06-21", "66": "2022-06-22", "67": "2022-06-23", "68": "2022-06-24", "69": "2022-06-27", "70": "2022-06-28", "71": "2022-06-29", "72": "2022-06-30", "73": "2022-07-01", "74": "2022-07-05", "75": "2022-07-06", "76": "2022-07-07", "77": "2022-07-08", "78": "2022-07-11", "79": "2022-07-12", "80": "2022-07-13", "81": "2022-07-14", "82": "2022-07-15", "83": "2022-07-18", "84": "2022-07-19", "85": "2022-07-20", "86": "2022-07-21", "87": "2022-07-22", "88": "2022-07-25", "89": "2022-07-26", "90": "2022-07-27", "91": "2022-07-28", "92": "2022-07-29", "93": "2022-08-01", "94": "2022-08-02", "95": "2022-08-03", "96": "2022-08-04", "97": "2022-08-05", "98": "2022-08-08", "99": "2022-08-09", "100": "2022-08-10", "101": "2022-08-11", "102": "2022-08-12", "103": "2022-08-15", "104": "2022-08-16", "105": "2022-08-17", "106": "2022-08-18", "107": "2022-08-19", "108": "2022-08-22", "109": "2022-08-23", "110": "2022-08-24", "111": "2022-08-25", "112": "2022-08-26", "113": "2022-08-29", "114": "2022-08-30", "115": "2022-08-31", "116": "2022-09-01", "117": "2022-09-02", "118": "2022-09-06", "119": "2022-09-07", "120": "2022-09-08", "121": "2022-09-09", "122": "2022-09-12", "123": "2022-09-13", "124": "2022-09-14", "125": "2022-09-15", "126": "2022-09-16", "127": "2022-09-19", "128": "2022-09-20", "129": "2022-09-21", "130": "2022-09-22", "131": "2022-09-23", "132": "2022-09-26", "133": "2022-09-27", "134": "2022-09-28", "135": "2022-09-29", "136": "2022-09-30", "137": "2022-10-03", "138": "2022-10-04", "139": "2022-10-05", "140": "2022-10-06", "141": "2022-10-07", "142": "2022-10-10", "143": "2022-10-11", "144": "2022-10-12", "145": "2022-10-13", "146": "2022-10-14", "147": "2022-10-17", "148": "2022-10-18", "149": "2022-10-19", "150": "2022-10-20", "151": "2022-10-21", "152": "2022-10-24", "153": "2022-10-25", "154": "2022-10-26", "155": "2022-10-27", "156": "2022-10-28", "157": "2022-10-31", "158": "2022-11-01", "159": "2022-11-02", "160": "2022-11-03", "161": "2022-11-04", "162": "2022-11-07", "163": "2022-11-08", "164": "2022-11-09", "165": "2022-11-10", "166": "2022-11-11", "167": "2022-11-14", "168": "2022-11-15", "169": "2022-11-16", "170": "2022-11-17", "171": "2022-11-18", "172": "2022-11-21", "173": "2022-11-22", "174": "2022-11-23", "175": "2022-11-25", "176": "2022-11-28", "177": "2022-11-29", "178": "2022-11-30", "179": "2022-12-01", "180": "2022-12-02", "181": "2022-12-05", "182": "2022-12-06", "183": "2022-12-07", "184": "2022-12-08", "185": "2022-12-09", "186": "2022-12-12", "187": "2022-12-13", "188": "2022-12-14", "189": "2022-12-15", "190": "2022-12-16", "191": "2022-12-19", "192": "2022-12-20", "193": "2022-12-21", "194": "2022-12-22", "195": "2022-12-23", "196": "2022-12-27", "197": "2022-12-28", "198": "2022-12-29", "199": "2022-12-30", "200": "2023-01-03", "201": "2023-01-04", "202": "2023-01-05", "203": "2023-01-06", "204": "2023-01-09", "205": "2023-01-10", "206": "2023-01-11", "207": "2023-01-12", "208": "2023-01-13", "209": "2023-01-17", "210": "2023-01-18", "211": "2023-01-19", "212": "2023-01-20", "213": "2023-01-23", "214": "2023-01-24", "215": "2023-01-25", "216": "2023-01-26", "217": "2023-01-27", "218": "2023-01-30", "219": "2023-01-31", "220": "2023-02-01", "221": "2023-02-02", "222": "2023-02-03", "223": "2023-02-06", "224": "2023-02-07", "225": "2023-02-08", "226": "2023-02-09", "227": "2023-02-10", "228": "2023-02-13", "229": "2023-02-14", "230": "2023-02-15", "231": "2023-02-16", "232": "2023-02-17", "233": "2023-02-21", "234": "2023-02-22", "235": "2023-02-23", "236": "2023-02-24", "237": "2023-02-27", "238": "2023-02-28", "239": "2023-03-01", "240": "2023-03-02", "241": "2023-03-03", "242": "2023-03-06", "243": "2023-03-07", "244": "2023-03-08", "245": "2023-03-09", "246": "2023-03-10", "247": "2023-03-13", "248": "2023-03-14", "249": "2023-03-15", "250": "2023-03-16", "251": "2023-03-17", "252": "2023-03-20", "253": "2023-03-21", "254": "2023-03-22", "255": "2023-03-23", "256": "2023-03-24", "257": "2023-03-27", "258": "2023-03-28", "259": "2023-03-29", "260": "2023-03-30", "261": "2023-03-31", "262": "2023-04-03", "263": "2023-04-04", "264": "2023-04-05", "265": "2023-04-06", "266": "2023-04-10", "267": "2023-04-11", "268": "2023-04-12", "269": "2023-04-13", "270": "2023-04-14", "271": "2023-04-17", "272": "2023-04-18", "273": "2023-04-19", "274": "2023-04-20", "275": "2023-04-21", "276": "2023-04-24", "277": "2023-04-25", "278": "2023-04-26", "279": "2023-04-27", "280": "2023-04-28", "281": "2023-05-01", "282": "2023-05-02", "283": "2023-05-03", "284": "2023-05-04", "285": "2023-05-05", "286": "2023-05-08", "287": "2023-05-09", "288": "2023-05-10", "289": "2023-05-11", "290": "2023-05-12", "291": "2023-05-15", "292": "2023-05-16", "293": "2023-05-17", "294": "2023-05-18", "295": "2023-05-19", "296": "2023-05-22", "297": "2023-05-23", "298": "2023-05-24", "299": "2023-05-25", "300": "2023-05-26", "301": "2023-05-30", "302": "2023-05-31", "303": "2023-06-01", "304": "2023-06-02", "305": "2023-06-05", "306": "2023-06-06", "307": "2023-06-07", "308": "2023-06-08", "309": "2023-06-09", "310": "2023-06-12", "311": "2023-06-13", "312": "2023-06-14", "313": "2023-06-15", "314": "2023-06-16", "315": "2023-06-20", "316": "2023-06-21", "317": "2023-06-22", "318": "2023-06-23", "319": "2023-06-26", "320": "2023-06-27", "321": "2023-06-28", "322": "2023-06-29"}, "open": {"0": 9.869999885559082, "1": 9.859999656677246, "2": 9.869999885559082, "3": 9.869999885559082, "4": 9.859999656677246, "5": 9.850000381469727, "6": 9.869999885559082, "7": 9.850000381469727, "8": 9.850000381469727, "9": 9.880000114440918, "10": 9.880000114440918, "11": 9.869999885559082, "12": 9.878000259399414, "13": 9.880000114440918, "14": 9.890000343322754, "15": 9.885000228881836, "16": 9.880000114440918, "17": 9.890000343322754, "18": 9.890000343322754, "19": 9.90999984741211, "20": 9.902000427246094, "21": 9.880000114440918, "22": 9.907999992370605, "23": 9.920000076293945, "24": 9.920000076293945, "25": 9.920000076293945, "26": 9.930000305175781, "27": 9.925999641418457, "28": 9.914999961853027, "29": 9.90999984741211, "30": 9.930000305175781, "31": 9.930000305175781, "32": 9.90999984741211, "33": 9.930000305175781, "34": 9.930000305175781, "35": 9.90999984741211, "36": 9.930000305175781, "37": 9.899999618530273, "38": 9.899999618530273, "39": 9.899999618530273, "40": 9.880000114440918, "41": 9.899999618530273, "42": 9.899999618530273, "43": 9.899999618530273, "44": 9.890000343322754, "45": 9.899999618530273, "46": 9.890000343322754, "47": 9.890000343322754, "48": 9.899999618530273, "49": 9.90999984741211, "50": 9.90999984741211, "51": 9.90999984741211, "52": 9.90999984741211, "53": 9.920000076293945, "54": 9.899999618530273, "55": 9.899999618530273, "56": 9.920000076293945, "57": 9.890000343322754, "58": 9.920000076293945, "59": 9.920000076293945, "60": 9.920000076293945, "61": 9.899999618530273, "62": 9.899999618530273, "63": 9.899999618530273, "64": 9.899999618530273, "65": 9.899999618530273, "66": 9.899999618530273, "67": 9.899999618530273, "68": 9.899999618530273, "69": 9.899999618530273, "70": 9.930000305175781, "71": 9.9399995803833, "72": 9.9399995803833, "73": 9.9399995803833, "74": 9.9399995803833, "75": 9.9399995803833, "76": 9.9399995803833, "77": 9.9399995803833, "78": 9.9399995803833, "79": 9.9399995803833, "80": 9.9399995803833, "81": 9.9399995803833, "82": 9.9399995803833, "83": 9.9399995803833, "84": 9.9399995803833, "85": 9.9399995803833, "86": 9.9399995803833, "87": 9.9399995803833, "88": 9.9399995803833, "89": 9.9399995803833, "90": 9.9399995803833, "91": 9.9399995803833, "92": 9.9399995803833, "93": 9.9399995803833, "94": 9.979999542236328, "95": 9.989999771118164, "96": 9.989999771118164, "97": 9.989999771118164, "98": 9.989999771118164, "99": 9.989999771118164, "100": 9.989999771118164, "101": 9.989999771118164, "102": 9.989999771118164, "103": 9.949999809265137, "104": 9.949999809265137, "105": 10.0, "106": 9.960000038146973, "107": 10.010000228881836, "108": 10.010000228881836, "109": 9.960000038146973, "110": 10.050000190734863, "111": 10.050000190734863, "112": 10.050000190734863, "113": 9.970000267028809, "114": 10.010000228881836, "115": 9.979999542236328, "116": 9.979999542236328, "117": 10.329999923706055, "118": 9.979999542236328, "119": 9.989999771118164, "120": 9.989999771118164, "121": 9.989999771118164, "122": 9.989999771118164, "123": 9.989999771118164, "124": 9.989999771118164, "125": 10.0, "126": 9.99899959564209, "127": 10.0, "128": 10.020000457763672, "129": 10.039999961853027, "130": 10.039999961853027, "131": 10.039999961853027, "132": 10.039999961853027, "133": 10.039999961853027, "134": 10.020000457763672, "135": 10.029999732971191, "136": 10.029999732971191, "137": 10.029999732971191, "138": 10.029999732971191, "139": 10.029999732971191, "140": 10.029999732971191, "141": 10.029999732971191, "142": 10.029999732971191, "143": 10.039999961853027, "144": 10.050000190734863, "145": 10.079999923706055, "146": 10.050000190734863, "147": 10.079999923706055, "148": 10.0600004196167, "149": 10.050000190734863, "150": 10.050000190734863, "151": 10.0600004196167, "152": 10.069999694824219, "153": 10.069999694824219, "154": 10.069999694824219, "155": 10.100000381469727, "156": 10.119999885559082, "157": 10.119999885559082, "158": 10.119999885559082, "159": 10.119999885559082, "160": 10.119999885559082, "161": 10.119999885559082, "162": 10.130000114440918, "163": 10.130000114440918, "164": 10.119999885559082, "165": 10.119999885559082, "166": 10.119999885559082, "167": 10.119999885559082, "168": 10.119999885559082, "169": 10.119999885559082, "170": 10.119999885559082, "171": 10.130000114440918, "172": 10.130000114440918, "173": 10.130000114440918, "174": 10.130000114440918, "175": 10.138999938964844, "176": 10.140000343322754, "177": 10.15999984741211, "178": 10.15999984741211, "179": 10.15999984741211, "180": 10.15999984741211, "181": 10.15999984741211, "182": 10.15999984741211, "183": 10.15999984741211, "184": 10.15999984741211, "185": 10.168999671936035, "186": 10.180000305175781, "187": 10.180000305175781, "188": 10.180000305175781, "189": 10.17300033569336, "190": 10.180000305175781, "191": 10.1899995803833, "192": 10.1899995803833, "193": 10.1899995803833, "194": 10.1899995803833, "195": 10.1899995803833, "196": 10.199999809265137, "197": 10.229999542236328, "198": 10.229999542236328, "199": 10.199999809265137, "200": 10.199999809265137, "201": 10.199999809265137, "202": 10.199999809265137, "203": 10.199999809265137, "204": 10.199999809265137, "205": 10.229999542236328, "206": 10.300000190734863, "207": 10.300000190734863, "208": 10.300000190734863, "209": 10.78499984741211, "210": 10.300000190734863, "211": 10.300000190734863, "212": 10.300000190734863, "213": 10.300000190734863, "214": 10.239999771118164, "215": 10.239999771118164, "216": 10.260000228881836, "217": 10.28499984741211, "218": 10.28499984741211, "219": 10.274999618530273, "220": 10.289999961853027, "221": 10.289999961853027, "222": 10.300000190734863, "223": 10.34000015258789, "224": 10.34000015258789, "225": 10.34000015258789, "226": 10.34000015258789, "227": 10.800000190734863, "228": 10.369999885559082, "229": 10.369999885559082, "230": 10.380000114440918, "231": 10.34000015258789, "232": 10.359999656677246, "233": 10.850000381469727, "234": 10.390000343322754, "235": 10.390000343322754, "236": 10.390000343322754, "237": 10.390000343322754, "238": 10.390000343322754, "239": 10.390000343322754, "240": 10.390000343322754, "241": 10.380000114440918, "242": 10.399999618530273, "243": 10.399999618530273, "244": 10.420000076293945, "245": 10.420000076293945, "246": 10.420000076293945, "247": 10.420000076293945, "248": 10.420000076293945, "249": 10.420000076293945, "250": 10.40999984741211, "251": 10.40999984741211, "252": 10.40999984741211, "253": 10.40999984741211, "254": 10.40999984741211, "255": 10.40999984741211, "256": 10.40999984741211, "257": 10.425000190734863, "258": 10.4399995803833, "259": 10.470000267028809, "260": 10.470000267028809, "261": 10.470000267028809, "262": 10.470000267028809, "263": 10.449999809265137, "264": 10.470000267028809, "265": 10.470000267028809, "266": 10.470000267028809, "267": 10.475000381469727, "268": 10.470000267028809, "269": 10.470000267028809, "270": 10.470000267028809, "271": 10.479999542236328, "272": 10.489999771118164, "273": 10.5, "274": 10.5, "275": 10.699999809265137, "276": 10.520000457763672, "277": 10.520000457763672, "278": 10.520000457763672, "279": 10.520000457763672, "280": 10.520000457763672, "281": 10.520000457763672, "282": 10.520000457763672, "283": 10.5600004196167, "284": 10.5600004196167, "285": 10.5600004196167, "286": 10.510000228881836, "287": 10.59000015258789, "288": 10.600000381469727, "289": 10.600000381469727, "290": 10.65999984741211, "291": 10.600000381469727, "292": 10.600000381469727, "293": 10.600000381469727, "294": 10.600000381469727, "295": 10.619999885559082, "296": 10.619999885559082, "297": 10.619999885559082, "298": 10.619999885559082, "299": 10.619999885559082, "300": 10.619999885559082, "301": 10.649999618530273, "302": 10.640000343322754, "303": 10.630000114440918, "304": 10.600000381469727, "305": 10.600000381469727, "306": 10.600000381469727, "307": 10.600000381469727, "308": 10.59000015258789, "309": 10.59000015258789, "310": 10.600000381469727, "311": 10.600000381469727, "312": 10.600000381469727, "313": 10.600000381469727, "314": 10.600000381469727, "315": 10.619999885559082, "316": 10.619999885559082, "317": 10.619999885559082, "318": 10.619999885559082, "319": 10.600000381469727, "320": 10.600000381469727, "321": 10.640000343322754, "322": 10.649999618530273}, "high": {"0": 9.869999885559082, "1": 9.880000114440918, "2": 9.869999885559082, "3": 9.869999885559082, "4": 9.859999656677246, "5": 9.859999656677246, "6": 9.869999885559082, "7": 9.850000381469727, "8": 9.850000381469727, "9": 9.880000114440918, "10": 9.880000114440918, "11": 9.880000114440918, "12": 9.880000114440918, "13": 9.895000457763672, "14": 9.890000343322754, "15": 9.885000228881836, "16": 9.880000114440918, "17": 9.890000343322754, "18": 9.90999984741211, "19": 9.90999984741211, "20": 9.920000076293945, "21": 9.880000114440918, "22": 9.920000076293945, "23": 9.920000076293945, "24": 9.920000076293945, "25": 9.920000076293945, "26": 9.930000305175781, "27": 9.925999641418457, "28": 9.930000305175781, "29": 9.90999984741211, "30": 9.930000305175781, "31": 9.930000305175781, "32": 9.920000076293945, "33": 9.930000305175781, "34": 9.930000305175781, "35": 9.930000305175781, "36": 9.930000305175781, "37": 9.899999618530273, "38": 9.899999618530273, "39": 9.899999618530273, "40": 9.880000114440918, "41": 9.899999618530273, "42": 9.899999618530273, "43": 9.899999618530273, "44": 9.890000343322754, "45": 9.899999618530273, "46": 9.890000343322754, "47": 9.890000343322754, "48": 9.899999618530273, "49": 9.90999984741211, "50": 9.90999984741211, "51": 9.90999984741211, "52": 9.90999984741211, "53": 9.920000076293945, "54": 9.899999618530273, "55": 9.899999618530273, "56": 9.920000076293945, "57": 9.920000076293945, "58": 9.920000076293945, "59": 9.920000076293945, "60": 9.930000305175781, "61": 9.899999618530273, "62": 9.899999618530273, "63": 9.899999618530273, "64": 9.899999618530273, "65": 9.899999618530273, "66": 9.899999618530273, "67": 9.899999618530273, "68": 9.899999618530273, "69": 9.899999618530273, "70": 9.9399995803833, "71": 9.9399995803833, "72": 9.9399995803833, "73": 9.9399995803833, "74": 9.9399995803833, "75": 9.9399995803833, "76": 9.9399995803833, "77": 9.9399995803833, "78": 9.9399995803833, "79": 9.9399995803833, "80": 9.9399995803833, "81": 9.9399995803833, "82": 9.9399995803833, "83": 9.9399995803833, "84": 9.9399995803833, "85": 9.9399995803833, "86": 9.9399995803833, "87": 9.9399995803833, "88": 9.9399995803833, "89": 9.9399995803833, "90": 9.9399995803833, "91": 9.9399995803833, "92": 9.9399995803833, "93": 9.979999542236328, "94": 9.979999542236328, "95": 9.989999771118164, "96": 9.989999771118164, "97": 9.989999771118164, "98": 9.989999771118164, "99": 9.989999771118164, "100": 9.989999771118164, "101": 9.989999771118164, "102": 9.989999771118164, "103": 10.0, "104": 10.0, "105": 10.0, "106": 10.010000228881836, "107": 10.010000228881836, "108": 10.010000228881836, "109": 10.050000190734863, "110": 10.050000190734863, "111": 10.050000190734863, "112": 10.050000190734863, "113": 9.970000267028809, "114": 10.010000228881836, "115": 9.979999542236328, "116": 9.979999542236328, "117": 10.380000114440918, "118": 10.0, "119": 10.0, "120": 9.989999771118164, "121": 9.989999771118164, "122": 9.989999771118164, "123": 9.989999771118164, "124": 9.989999771118164, "125": 10.0, "126": 10.0, "127": 10.020000457763672, "128": 10.020000457763672, "129": 10.039999961853027, "130": 10.039999961853027, "131": 10.039999961853027, "132": 10.039999961853027, "133": 10.039999961853027, "134": 10.029999732971191, "135": 10.029999732971191, "136": 10.029999732971191, "137": 10.029999732971191, "138": 10.029999732971191, "139": 10.029999732971191, "140": 10.029999732971191, "141": 10.029999732971191, "142": 10.029999732971191, "143": 10.039999961853027, "144": 10.079999923706055, "145": 10.079999923706055, "146": 10.079999923706055, "147": 10.079999923706055, "148": 10.0600004196167, "149": 10.050000190734863, "150": 10.050000190734863, "151": 10.079000473022461, "152": 10.069999694824219, "153": 10.069999694824219, "154": 10.069999694824219, "155": 10.100000381469727, "156": 10.119999885559082, "157": 10.119999885559082, "158": 10.119999885559082, "159": 10.119999885559082, "160": 10.119999885559082, "161": 10.119999885559082, "162": 10.130000114440918, "163": 10.130000114440918, "164": 10.119999885559082, "165": 10.119999885559082, "166": 10.119999885559082, "167": 10.119999885559082, "168": 10.119999885559082, "169": 10.119999885559082, "170": 10.119999885559082, "171": 10.130000114440918, "172": 10.130000114440918, "173": 10.130000114440918, "174": 10.130000114440918, "175": 10.140000343322754, "176": 10.140000343322754, "177": 10.15999984741211, "178": 10.15999984741211, "179": 10.15999984741211, "180": 10.15999984741211, "181": 10.15999984741211, "182": 10.15999984741211, "183": 10.15999984741211, "184": 10.15999984741211, "185": 10.180000305175781, "186": 10.180000305175781, "187": 10.180000305175781, "188": 10.180000305175781, "189": 10.180000305175781, "190": 10.1899995803833, "191": 10.1899995803833, "192": 10.1899995803833, "193": 10.1899995803833, "194": 10.1899995803833, "195": 10.199999809265137, "196": 10.199999809265137, "197": 10.229999542236328, "198": 10.229999542236328, "199": 10.199999809265137, "200": 10.199999809265137, "201": 10.199999809265137, "202": 10.199999809265137, "203": 10.199999809265137, "204": 10.199999809265137, "205": 10.300000190734863, "206": 10.300000190734863, "207": 10.300000190734863, "208": 10.300000190734863, "209": 10.78499984741211, "210": 10.300000190734863, "211": 10.300000190734863, "212": 10.300000190734863, "213": 10.300000190734863, "214": 10.239999771118164, "215": 10.239999771118164, "216": 10.28499984741211, "217": 10.28499984741211, "218": 10.28499984741211, "219": 10.279999732971191, "220": 10.289999961853027, "221": 10.300000190734863, "222": 10.300000190734863, "223": 10.34000015258789, "224": 10.34000015258789, "225": 10.34000015258789, "226": 10.34000015258789, "227": 10.800000190734863, "228": 10.369999885559082, "229": 10.369999885559082, "230": 10.380000114440918, "231": 10.34000015258789, "232": 10.359999656677246, "233": 10.850000381469727, "234": 10.390000343322754, "235": 10.390000343322754, "236": 10.390000343322754, "237": 10.390000343322754, "238": 10.390000343322754, "239": 10.390000343322754, "240": 10.390000343322754, "241": 10.399999618530273, "242": 10.399999618530273, "243": 10.399999618530273, "244": 10.420000076293945, "245": 10.420000076293945, "246": 10.420000076293945, "247": 10.420000076293945, "248": 10.420000076293945, "249": 10.420000076293945, "250": 10.420000076293945, "251": 10.40999984741211, "252": 10.40999984741211, "253": 10.40999984741211, "254": 10.40999984741211, "255": 10.40999984741211, "256": 10.40999984741211, "257": 10.430000305175781, "258": 10.470000267028809, "259": 10.470000267028809, "260": 10.470000267028809, "261": 10.470000267028809, "262": 10.470000267028809, "263": 10.460000038146973, "264": 10.470000267028809, "265": 10.470000267028809, "266": 10.470000267028809, "267": 10.475000381469727, "268": 10.470000267028809, "269": 10.470000267028809, "270": 10.470000267028809, "271": 10.479999542236328, "272": 10.510000228881836, "273": 10.5600004196167, "274": 10.510000228881836, "275": 10.835000038146973, "276": 10.550000190734863, "277": 10.520000457763672, "278": 10.520000457763672, "279": 10.520000457763672, "280": 10.520000457763672, "281": 10.529999732971191, "282": 10.520000457763672, "283": 10.5600004196167, "284": 10.5600004196167, "285": 10.5600004196167, "286": 10.59000015258789, "287": 10.600000381469727, "288": 10.600000381469727, "289": 10.600000381469727, "290": 10.65999984741211, "291": 10.609999656677246, "292": 10.600000381469727, "293": 10.600000381469727, "294": 10.600000381469727, "295": 10.619999885559082, "296": 10.619999885559082, "297": 10.619999885559082, "298": 10.619999885559082, "299": 10.619999885559082, "300": 10.619999885559082, "301": 10.65999984741211, "302": 10.640000343322754, "303": 10.654999732971191, "304": 10.600000381469727, "305": 10.600000381469727, "306": 10.600000381469727, "307": 10.600000381469727, "308": 10.59000015258789, "309": 10.59000015258789, "310": 10.600000381469727, "311": 10.600000381469727, "312": 10.600000381469727, "313": 10.600000381469727, "314": 10.600000381469727, "315": 10.619999885559082, "316": 10.619999885559082, "317": 10.619999885559082, "318": 10.619999885559082, "319": 10.619999885559082, "320": 10.630000114440918, "321": 10.65999984741211, "322": 10.65999984741211}, "low": {"0": 9.84000015258789, "1": 9.859999656677246, "2": 9.869999885559082, "3": 9.869999885559082, "4": 9.850000381469727, "5": 9.850000381469727, "6": 9.850000381469727, "7": 9.850000381469727, "8": 9.850000381469727, "9": 9.880000114440918, "10": 9.880000114440918, "11": 9.869999885559082, "12": 9.869999885559082, "13": 9.880000114440918, "14": 9.880000114440918, "15": 9.880000114440918, "16": 9.880000114440918, "17": 9.890000343322754, "18": 9.890000343322754, "19": 9.899999618530273, "20": 9.880000114440918, "21": 9.880000114440918, "22": 9.907999992370605, "23": 9.920000076293945, "24": 9.920000076293945, "25": 9.920000076293945, "26": 9.930000305175781, "27": 9.90999984741211, "28": 9.914999961853027, "29": 9.90999984741211, "30": 9.930000305175781, "31": 9.930000305175781, "32": 9.904000282287598, "33": 9.930000305175781, "34": 9.930000305175781, "35": 9.90999984741211, "36": 9.920000076293945, "37": 9.899999618530273, "38": 9.899999618530273, "39": 9.899999618530273, "40": 9.869999885559082, "41": 9.899999618530273, "42": 9.899999618530273, "43": 9.899999618530273, "44": 9.890000343322754, "45": 9.890000343322754, "46": 9.890000343322754, "47": 9.890000343322754, "48": 9.890000343322754, "49": 9.885000228881836, "50": 9.90999984741211, "51": 9.90999984741211, "52": 9.90999984741211, "53": 9.899999618530273, "54": 9.899999618530273, "55": 9.899999618530273, "56": 9.920000076293945, "57": 9.880000114440918, "58": 9.920000076293945, "59": 9.920000076293945, "60": 9.899999618530273, "61": 9.890000343322754, "62": 9.899999618530273, "63": 9.899999618530273, "64": 9.899999618530273, "65": 9.899999618530273, "66": 9.899999618530273, "67": 9.899999618530273, "68": 9.899999618530273, "69": 9.899999618530273, "70": 9.930000305175781, "71": 9.9399995803833, "72": 9.9399995803833, "73": 9.9399995803833, "74": 9.9399995803833, "75": 9.9399995803833, "76": 9.9399995803833, "77": 9.9399995803833, "78": 9.9399995803833, "79": 9.9399995803833, "80": 9.9399995803833, "81": 9.9399995803833, "82": 9.9399995803833, "83": 9.9399995803833, "84": 9.9399995803833, "85": 9.9399995803833, "86": 9.9399995803833, "87": 9.9399995803833, "88": 9.9399995803833, "89": 9.9399995803833, "90": 9.9399995803833, "91": 9.9399995803833, "92": 9.9399995803833, "93": 9.9399995803833, "94": 9.979999542236328, "95": 9.989999771118164, "96": 9.989999771118164, "97": 9.989999771118164, "98": 9.989999771118164, "99": 9.989999771118164, "100": 9.989999771118164, "101": 9.989999771118164, "102": 9.989999771118164, "103": 9.949999809265137, "104": 9.949999809265137, "105": 10.0, "106": 9.960000038146973, "107": 10.010000228881836, "108": 10.010000228881836, "109": 9.960000038146973, "110": 10.050000190734863, "111": 10.050000190734863, "112": 10.050000190734863, "113": 9.970000267028809, "114": 9.979999542236328, "115": 9.979999542236328, "116": 9.979999542236328, "117": 9.979999542236328, "118": 9.979999542236328, "119": 9.989999771118164, "120": 9.989999771118164, "121": 9.989999771118164, "122": 9.989999771118164, "123": 9.989999771118164, "124": 9.989999771118164, "125": 9.998000144958496, "126": 9.99899959564209, "127": 9.998000144958496, "128": 10.020000457763672, "129": 10.039999961853027, "130": 10.039999961853027, "131": 10.039999961853027, "132": 10.039999961853027, "133": 10.039999961853027, "134": 10.010000228881836, "135": 10.029999732971191, "136": 10.029999732971191, "137": 10.029999732971191, "138": 10.029999732971191, "139": 10.029999732971191, "140": 10.029999732971191, "141": 10.029999732971191, "142": 10.029999732971191, "143": 10.039999961853027, "144": 10.050000190734863, "145": 10.079999923706055, "146": 10.050000190734863, "147": 10.079999923706055, "148": 10.0600004196167, "149": 10.050000190734863, "150": 10.050000190734863, "151": 10.0600004196167, "152": 10.069999694824219, "153": 10.069999694824219, "154": 10.069999694824219, "155": 10.100000381469727, "156": 10.119999885559082, "157": 10.119999885559082, "158": 10.119999885559082, "159": 10.119999885559082, "160": 10.119999885559082, "161": 10.119999885559082, "162": 10.130000114440918, "163": 10.130000114440918, "164": 10.119999885559082, "165": 10.119999885559082, "166": 10.119999885559082, "167": 10.119999885559082, "168": 10.119999885559082, "169": 10.119999885559082, "170": 10.119999885559082, "171": 10.130000114440918, "172": 10.130000114440918, "173": 10.130000114440918, "174": 10.130000114440918, "175": 10.138999938964844, "176": 10.140000343322754, "177": 10.15999984741211, "178": 10.15999984741211, "179": 10.15999984741211, "180": 10.15999984741211, "181": 10.15999984741211, "182": 10.15999984741211, "183": 10.15999984741211, "184": 10.15999984741211, "185": 10.168999671936035, "186": 10.180000305175781, "187": 10.180000305175781, "188": 10.180000305175781, "189": 10.170000076293945, "190": 10.180000305175781, "191": 10.1899995803833, "192": 10.1899995803833, "193": 10.1899995803833, "194": 10.1899995803833, "195": 10.1899995803833, "196": 10.199999809265137, "197": 10.229999542236328, "198": 10.220000267028809, "199": 10.199999809265137, "200": 10.199999809265137, "201": 10.199999809265137, "202": 10.199999809265137, "203": 10.199999809265137, "204": 10.199999809265137, "205": 10.229999542236328, "206": 10.300000190734863, "207": 10.300000190734863, "208": 10.300000190734863, "209": 10.300000190734863, "210": 10.300000190734863, "211": 10.300000190734863, "212": 10.300000190734863, "213": 10.300000190734863, "214": 10.239999771118164, "215": 10.239999771118164, "216": 10.260000228881836, "217": 10.28499984741211, "218": 10.28499984741211, "219": 10.274999618530273, "220": 10.279999732971191, "221": 10.289999961853027, "222": 10.300000190734863, "223": 10.34000015258789, "224": 10.34000015258789, "225": 10.34000015258789, "226": 10.34000015258789, "227": 10.369999885559082, "228": 10.369999885559082, "229": 10.369999885559082, "230": 10.34000015258789, "231": 10.34000015258789, "232": 10.359999656677246, "233": 10.369999885559082, "234": 10.390000343322754, "235": 10.390000343322754, "236": 10.390000343322754, "237": 10.390000343322754, "238": 10.390000343322754, "239": 10.390000343322754, "240": 10.390000343322754, "241": 10.380000114440918, "242": 10.399999618530273, "243": 10.399999618530273, "244": 10.420000076293945, "245": 10.420000076293945, "246": 10.420000076293945, "247": 10.420000076293945, "248": 10.420000076293945, "249": 10.420000076293945, "250": 10.399999618530273, "251": 10.40999984741211, "252": 10.40999984741211, "253": 10.40999984741211, "254": 10.40999984741211, "255": 10.40999984741211, "256": 10.40999984741211, "257": 10.425000190734863, "258": 10.4399995803833, "259": 10.470000267028809, "260": 10.470000267028809, "261": 10.470000267028809, "262": 10.470000267028809, "263": 10.449999809265137, "264": 10.470000267028809, "265": 10.470000267028809, "266": 10.470000267028809, "267": 10.470000267028809, "268": 10.470000267028809, "269": 10.470000267028809, "270": 10.470000267028809, "271": 10.479999542236328, "272": 10.489999771118164, "273": 10.5, "274": 10.5, "275": 10.5, "276": 10.520000457763672, "277": 10.520000457763672, "278": 10.515000343322754, "279": 10.505000114440918, "280": 10.510000228881836, "281": 10.510000228881836, "282": 10.520000457763672, "283": 10.5600004196167, "284": 10.5600004196167, "285": 10.5600004196167, "286": 10.510000228881836, "287": 10.585000038146973, "288": 10.600000381469727, "289": 10.600000381469727, "290": 10.65999984741211, "291": 10.59000015258789, "292": 10.600000381469727, "293": 10.600000381469727, "294": 10.600000381469727, "295": 10.619999885559082, "296": 10.619999885559082, "297": 10.619999885559082, "298": 10.619999885559082, "299": 10.619999885559082, "300": 10.619999885559082, "301": 10.640000343322754, "302": 10.640000343322754, "303": 10.619999885559082, "304": 10.600000381469727, "305": 10.600000381469727, "306": 10.600000381469727, "307": 10.600000381469727, "308": 10.59000015258789, "309": 10.59000015258789, "310": 10.600000381469727, "311": 10.600000381469727, "312": 10.600000381469727, "313": 10.600000381469727, "314": 10.600000381469727, "315": 10.619999885559082, "316": 10.619999885559082, "317": 10.619999885559082, "318": 10.618000030517578, "319": 10.600000381469727, "320": 10.600000381469727, "321": 10.609999656677246, "322": 10.609999656677246}, "close": {"0": 9.859999656677246, "1": 9.869999885559082, "2": 9.869999885559082, "3": 9.869999885559082, "4": 9.850000381469727, "5": 9.850000381469727, "6": 9.850000381469727, "7": 9.850000381469727, "8": 9.850000381469727, "9": 9.880000114440918, "10": 9.880000114440918, "11": 9.869999885559082, "12": 9.869999885559082, "13": 9.880000114440918, "14": 9.880000114440918, "15": 9.880000114440918, "16": 9.880000114440918, "17": 9.890000343322754, "18": 9.90999984741211, "19": 9.90999984741211, "20": 9.880000114440918, "21": 9.880000114440918, "22": 9.920000076293945, "23": 9.920000076293945, "24": 9.920000076293945, "25": 9.920000076293945, "26": 9.930000305175781, "27": 9.90999984741211, "28": 9.930000305175781, "29": 9.90999984741211, "30": 9.930000305175781, "31": 9.930000305175781, "32": 9.90999984741211, "33": 9.930000305175781, "34": 9.930000305175781, "35": 9.930000305175781, "36": 9.930000305175781, "37": 9.899999618530273, "38": 9.899999618530273, "39": 9.899999618530273, "40": 9.869999885559082, "41": 9.899999618530273, "42": 9.899999618530273, "43": 9.899999618530273, "44": 9.890000343322754, "45": 9.890000343322754, "46": 9.890000343322754, "47": 9.890000343322754, "48": 9.890000343322754, "49": 9.90999984741211, "50": 9.90999984741211, "51": 9.90999984741211, "52": 9.90999984741211, "53": 9.899999618530273, "54": 9.899999618530273, "55": 9.899999618530273, "56": 9.920000076293945, "57": 9.920000076293945, "58": 9.920000076293945, "59": 9.920000076293945, "60": 9.930000305175781, "61": 9.899999618530273, "62": 9.899999618530273, "63": 9.899999618530273, "64": 9.899999618530273, "65": 9.899999618530273, "66": 9.899999618530273, "67": 9.899999618530273, "68": 9.899999618530273, "69": 9.899999618530273, "70": 9.9399995803833, "71": 9.9399995803833, "72": 9.9399995803833, "73": 9.9399995803833, "74": 9.9399995803833, "75": 9.9399995803833, "76": 9.9399995803833, "77": 9.9399995803833, "78": 9.9399995803833, "79": 9.9399995803833, "80": 9.9399995803833, "81": 9.9399995803833, "82": 9.9399995803833, "83": 9.9399995803833, "84": 9.9399995803833, "85": 9.9399995803833, "86": 9.9399995803833, "87": 9.9399995803833, "88": 9.9399995803833, "89": 9.9399995803833, "90": 9.9399995803833, "91": 9.9399995803833, "92": 9.9399995803833, "93": 9.979999542236328, "94": 9.979999542236328, "95": 9.989999771118164, "96": 9.989999771118164, "97": 9.989999771118164, "98": 9.989999771118164, "99": 9.989999771118164, "100": 9.989999771118164, "101": 9.989999771118164, "102": 9.989999771118164, "103": 10.0, "104": 10.0, "105": 10.0, "106": 10.010000228881836, "107": 10.010000228881836, "108": 10.010000228881836, "109": 10.050000190734863, "110": 10.050000190734863, "111": 10.050000190734863, "112": 10.050000190734863, "113": 9.970000267028809, "114": 9.979999542236328, "115": 9.979999542236328, "116": 9.979999542236328, "117": 10.0, "118": 10.0, "119": 9.989999771118164, "120": 9.989999771118164, "121": 9.989999771118164, "122": 9.989999771118164, "123": 9.989999771118164, "124": 9.989999771118164, "125": 9.998000144958496, "126": 10.0, "127": 10.020000457763672, "128": 10.020000457763672, "129": 10.039999961853027, "130": 10.039999961853027, "131": 10.039999961853027, "132": 10.039999961853027, "133": 10.039999961853027, "134": 10.010000228881836, "135": 10.029999732971191, "136": 10.029999732971191, "137": 10.029999732971191, "138": 10.029999732971191, "139": 10.029999732971191, "140": 10.029999732971191, "141": 10.029999732971191, "142": 10.029999732971191, "143": 10.039999961853027, "144": 10.079999923706055, "145": 10.079999923706055, "146": 10.079999923706055, "147": 10.079999923706055, "148": 10.0600004196167, "149": 10.050000190734863, "150": 10.050000190734863, "151": 10.07800006866455, "152": 10.069999694824219, "153": 10.069999694824219, "154": 10.069999694824219, "155": 10.100000381469727, "156": 10.119999885559082, "157": 10.119999885559082, "158": 10.119999885559082, "159": 10.119999885559082, "160": 10.119999885559082, "161": 10.119999885559082, "162": 10.130000114440918, "163": 10.130000114440918, "164": 10.119999885559082, "165": 10.119999885559082, "166": 10.119999885559082, "167": 10.119999885559082, "168": 10.119999885559082, "169": 10.119999885559082, "170": 10.119999885559082, "171": 10.130000114440918, "172": 10.130000114440918, "173": 10.130000114440918, "174": 10.130000114440918, "175": 10.140000343322754, "176": 10.140000343322754, "177": 10.15999984741211, "178": 10.15999984741211, "179": 10.15999984741211, "180": 10.15999984741211, "181": 10.15999984741211, "182": 10.15999984741211, "183": 10.15999984741211, "184": 10.15999984741211, "185": 10.180000305175781, "186": 10.180000305175781, "187": 10.180000305175781, "188": 10.180000305175781, "189": 10.180000305175781, "190": 10.1899995803833, "191": 10.1899995803833, "192": 10.1899995803833, "193": 10.1899995803833, "194": 10.1899995803833, "195": 10.199999809265137, "196": 10.199999809265137, "197": 10.229999542236328, "198": 10.229999542236328, "199": 10.199999809265137, "200": 10.199999809265137, "201": 10.199999809265137, "202": 10.199999809265137, "203": 10.199999809265137, "204": 10.199999809265137, "205": 10.300000190734863, "206": 10.300000190734863, "207": 10.300000190734863, "208": 10.300000190734863, "209": 10.300000190734863, "210": 10.300000190734863, "211": 10.300000190734863, "212": 10.300000190734863, "213": 10.300000190734863, "214": 10.239999771118164, "215": 10.239999771118164, "216": 10.28499984741211, "217": 10.28499984741211, "218": 10.28499984741211, "219": 10.279999732971191, "220": 10.279999732971191, "221": 10.300000190734863, "222": 10.300000190734863, "223": 10.34000015258789, "224": 10.34000015258789, "225": 10.34000015258789, "226": 10.34000015258789, "227": 10.369999885559082, "228": 10.369999885559082, "229": 10.369999885559082, "230": 10.34000015258789, "231": 10.34000015258789, "232": 10.359999656677246, "233": 10.390000343322754, "234": 10.390000343322754, "235": 10.390000343322754, "236": 10.390000343322754, "237": 10.390000343322754, "238": 10.390000343322754, "239": 10.390000343322754, "240": 10.390000343322754, "241": 10.399999618530273, "242": 10.399999618530273, "243": 10.399999618530273, "244": 10.420000076293945, "245": 10.420000076293945, "246": 10.420000076293945, "247": 10.420000076293945, "248": 10.420000076293945, "249": 10.420000076293945, "250": 10.40999984741211, "251": 10.40999984741211, "252": 10.40999984741211, "253": 10.40999984741211, "254": 10.40999984741211, "255": 10.40999984741211, "256": 10.40999984741211, "257": 10.430000305175781, "258": 10.470000267028809, "259": 10.470000267028809, "260": 10.470000267028809, "261": 10.470000267028809, "262": 10.470000267028809, "263": 10.460000038146973, "264": 10.470000267028809, "265": 10.470000267028809, "266": 10.470000267028809, "267": 10.470000267028809, "268": 10.470000267028809, "269": 10.470000267028809, "270": 10.470000267028809, "271": 10.479999542236328, "272": 10.489999771118164, "273": 10.5, "274": 10.5, "275": 10.520000457763672, "276": 10.520000457763672, "277": 10.520000457763672, "278": 10.515000343322754, "279": 10.520000457763672, "280": 10.510000228881836, "281": 10.520000457763672, "282": 10.520000457763672, "283": 10.5600004196167, "284": 10.5600004196167, "285": 10.5600004196167, "286": 10.59000015258789, "287": 10.600000381469727, "288": 10.600000381469727, "289": 10.600000381469727, "290": 10.65999984741211, "291": 10.600000381469727, "292": 10.600000381469727, "293": 10.600000381469727, "294": 10.600000381469727, "295": 10.619999885559082, "296": 10.619999885559082, "297": 10.619999885559082, "298": 10.619999885559082, "299": 10.619999885559082, "300": 10.619999885559082, "301": 10.640000343322754, "302": 10.640000343322754, "303": 10.630000114440918, "304": 10.600000381469727, "305": 10.600000381469727, "306": 10.600000381469727, "307": 10.600000381469727, "308": 10.59000015258789, "309": 10.59000015258789, "310": 10.600000381469727, "311": 10.600000381469727, "312": 10.600000381469727, "313": 10.600000381469727, "314": 10.600000381469727, "315": 10.619999885559082, "316": 10.619999885559082, "317": 10.619999885559082, "318": 10.619999885559082, "319": 10.619999885559082, "320": 10.619999885559082, "321": 10.619999885559082, "322": 10.65999984741211}, "volume": {"0": 136400, "1": 388300, "2": 0, "3": 0, "4": 15500, "5": 120600, "6": 108400, "7": 0, "8": 0, "9": 238300, "10": 900, "11": 115000, "12": 2200, "13": 105600, "14": 68700, "15": 2000, "16": 1300, "17": 800, "18": 182200, "19": 262900, "20": 8600, "21": 1000, "22": 2000, "23": 2900, "24": 0, "25": 0, "26": 1000, "27": 7800, "28": 22000, "29": 200, "30": 17500, "31": 0, "32": 697900, "33": 3500, "34": 0, "35": 149100, "36": 2500, "37": 5100, "38": 33200, "39": 0, "40": 21900, "41": 2900, "42": 0, "43": 0, "44": 6000, "45": 130000, "46": 0, "47": 0, "48": 1000, "49": 5000, "50": 0, "51": 14200, "52": 0, "53": 700, "54": 0, "55": 0, "56": 500, "57": 2100, "58": 0, "59": 0, "60": 4600, "61": 302000, "62": 0, "63": 135000, "64": 0, "65": 0, "66": 0, "67": 160600, "68": 0, "69": 0, "70": 400, "71": 0, "72": 0, "73": 0, "74": 0, "75": 0, "76": 0, "77": 0, "78": 0, "79": 0, "80": 0, "81": 0, "82": 0, "83": 0, "84": 0, "85": 0, "86": 0, "87": 0, "88": 0, "89": 0, "90": 0, "91": 0, "92": 0, "93": 5100, "94": 0, "95": 100, "96": 0, "97": 0, "98": 0, "99": 0, "100": 0, "101": 0, "102": 0, "103": 500, "104": 500, "105": 0, "106": 251000, "107": 0, "108": 0, "109": 4900, "110": 0, "111": 0, "112": 0, "113": 400, "114": 1300, "115": 200, "116": 105000, "117": 8100, "118": 12500, "119": 5100, "120": 300, "121": 0, "122": 0, "123": 0, "124": 0, "125": 7900, "126": 4100, "127": 39900, "128": 600, "129": 600, "130": 0, "131": 0, "132": 0, "133": 0, "134": 169100, "135": 3600, "136": 0, "137": 0, "138": 0, "139": 0, "140": 2700, "141": 1600, "142": 0, "143": 5000, "144": 22600, "145": 100, "146": 1800, "147": 0, "148": 300, "149": 10000, "150": 0, "151": 26400, "152": 1200, "153": 0, "154": 0, "155": 7700, "156": 2400, "157": 0, "158": 0, "159": 0, "160": 0, "161": 5900, "162": 300, "163": 0, "164": 414200, "165": 0, "166": 0, "167": 100, "168": 0, "169": 0, "170": 0, "171": 200, "172": 100, "173": 0, "174": 0, "175": 1000, "176": 0, "177": 500, "178": 0, "179": 0, "180": 0, "181": 0, "182": 0, "183": 0, "184": 0, "185": 1300, "186": 0, "187": 500, "188": 0, "189": 17400, "190": 1100, "191": 100, "192": 0, "193": 0, "194": 0, "195": 5700, "196": 72200, "197": 500, "198": 7500, "199": 47500, "200": 0, "201": 0, "202": 0, "203": 0, "204": 0, "205": 25300, "206": 0, "207": 0, "208": 0, "209": 400, "210": 0, "211": 0, "212": 0, "213": 0, "214": 700, "215": 6800, "216": 16300, "217": 0, "218": 0, "219": 16700, "220": 1000, "221": 2200, "222": 200, "223": 100, "224": 100, "225": 100, "226": 0, "227": 600, "228": 0, "229": 0, "230": 200, "231": 0, "232": 1500, "233": 1600, "234": 0, "235": 0, "236": 0, "237": 0, "238": 0, "239": 0, "240": 0, "241": 1100, "242": 0, "243": 0, "244": 500, "245": 0, "246": 0, "247": 0, "248": 0, "249": 100, "250": 20300, "251": 0, "252": 0, "253": 0, "254": 100, "255": 0, "256": 0, "257": 56400, "258": 100200, "259": 0, "260": 0, "261": 0, "262": 0, "263": 4300, "264": 100, "265": 0, "266": 105700, "267": 800, "268": 1600, "269": 0, "270": 0, "271": 100, "272": 1011100, "273": 19800, "274": 215800, "275": 128500, "276": 13500, "277": 0, "278": 5700, "279": 10100, "280": 2200, "281": 103200, "282": 16600, "283": 300, "284": 0, "285": 0, "286": 337400, "287": 37600, "288": 5800, "289": 5000, "290": 3800, "291": 4900, "292": 0, "293": 0, "294": 0, "295": 25200, "296": 600, "297": 0, "298": 900, "299": 0, "300": 200, "301": 40100, "302": 0, "303": 912100, "304": 55400, "305": 0, "306": 0, "307": 0, "308": 8600, "309": 0, "310": 10400, "311": 0, "312": 4500, "313": 263900, "314": 0, "315": 500, "316": 0, "317": 0, "318": 2700, "319": 38100, "320": 51600, "321": 13100, "322": 2500}, "adjclose": {"0": 9.859999656677246, "1": 9.869999885559082, "2": 9.869999885559082, "3": 9.869999885559082, "4": 9.850000381469727, "5": 9.850000381469727, "6": 9.850000381469727, "7": 9.850000381469727, "8": 9.850000381469727, "9": 9.880000114440918, "10": 9.880000114440918, "11": 9.869999885559082, "12": 9.869999885559082, "13": 9.880000114440918, "14": 9.880000114440918, "15": 9.880000114440918, "16": 9.880000114440918, "17": 9.890000343322754, "18": 9.90999984741211, "19": 9.90999984741211, "20": 9.880000114440918, "21": 9.880000114440918, "22": 9.920000076293945, "23": 9.920000076293945, "24": 9.920000076293945, "25": 9.920000076293945, "26": 9.930000305175781, "27": 9.90999984741211, "28": 9.930000305175781, "29": 9.90999984741211, "30": 9.930000305175781, "31": 9.930000305175781, "32": 9.90999984741211, "33": 9.930000305175781, "34": 9.930000305175781, "35": 9.930000305175781, "36": 9.930000305175781, "37": 9.899999618530273, "38": 9.899999618530273, "39": 9.899999618530273, "40": 9.869999885559082, "41": 9.899999618530273, "42": 9.899999618530273, "43": 9.899999618530273, "44": 9.890000343322754, "45": 9.890000343322754, "46": 9.890000343322754, "47": 9.890000343322754, "48": 9.890000343322754, "49": 9.90999984741211, "50": 9.90999984741211, "51": 9.90999984741211, "52": 9.90999984741211, "53": 9.899999618530273, "54": 9.899999618530273, "55": 9.899999618530273, "56": 9.920000076293945, "57": 9.920000076293945, "58": 9.920000076293945, "59": 9.920000076293945, "60": 9.930000305175781, "61": 9.899999618530273, "62": 9.899999618530273, "63": 9.899999618530273, "64": 9.899999618530273, "65": 9.899999618530273, "66": 9.899999618530273, "67": 9.899999618530273, "68": 9.899999618530273, "69": 9.899999618530273, "70": 9.9399995803833, "71": 9.9399995803833, "72": 9.9399995803833, "73": 9.9399995803833, "74": 9.9399995803833, "75": 9.9399995803833, "76": 9.9399995803833, "77": 9.9399995803833, "78": 9.9399995803833, "79": 9.9399995803833, "80": 9.9399995803833, "81": 9.9399995803833, "82": 9.9399995803833, "83": 9.9399995803833, "84": 9.9399995803833, "85": 9.9399995803833, "86": 9.9399995803833, "87": 9.9399995803833, "88": 9.9399995803833, "89": 9.9399995803833, "90": 9.9399995803833, "91": 9.9399995803833, "92": 9.9399995803833, "93": 9.979999542236328, "94": 9.979999542236328, "95": 9.989999771118164, "96": 9.989999771118164, "97": 9.989999771118164, "98": 9.989999771118164, "99": 9.989999771118164, "100": 9.989999771118164, "101": 9.989999771118164, "102": 9.989999771118164, "103": 10.0, "104": 10.0, "105": 10.0, "106": 10.010000228881836, "107": 10.010000228881836, "108": 10.010000228881836, "109": 10.050000190734863, "110": 10.050000190734863, "111": 10.050000190734863, "112": 10.050000190734863, "113": 9.970000267028809, "114": 9.979999542236328, "115": 9.979999542236328, "116": 9.979999542236328, "117": 10.0, "118": 10.0, "119": 9.989999771118164, "120": 9.989999771118164, "121": 9.989999771118164, "122": 9.989999771118164, "123": 9.989999771118164, "124": 9.989999771118164, "125": 9.998000144958496, "126": 10.0, "127": 10.020000457763672, "128": 10.020000457763672, "129": 10.039999961853027, "130": 10.039999961853027, "131": 10.039999961853027, "132": 10.039999961853027, "133": 10.039999961853027, "134": 10.010000228881836, "135": 10.029999732971191, "136": 10.029999732971191, "137": 10.029999732971191, "138": 10.029999732971191, "139": 10.029999732971191, "140": 10.029999732971191, "141": 10.029999732971191, "142": 10.029999732971191, "143": 10.039999961853027, "144": 10.079999923706055, "145": 10.079999923706055, "146": 10.079999923706055, "147": 10.079999923706055, "148": 10.0600004196167, "149": 10.050000190734863, "150": 10.050000190734863, "151": 10.07800006866455, "152": 10.069999694824219, "153": 10.069999694824219, "154": 10.069999694824219, "155": 10.100000381469727, "156": 10.119999885559082, "157": 10.119999885559082, "158": 10.119999885559082, "159": 10.119999885559082, "160": 10.119999885559082, "161": 10.119999885559082, "162": 10.130000114440918, "163": 10.130000114440918, "164": 10.119999885559082, "165": 10.119999885559082, "166": 10.119999885559082, "167": 10.119999885559082, "168": 10.119999885559082, "169": 10.119999885559082, "170": 10.119999885559082, "171": 10.130000114440918, "172": 10.130000114440918, "173": 10.130000114440918, "174": 10.130000114440918, "175": 10.140000343322754, "176": 10.140000343322754, "177": 10.15999984741211, "178": 10.15999984741211, "179": 10.15999984741211, "180": 10.15999984741211, "181": 10.15999984741211, "182": 10.15999984741211, "183": 10.15999984741211, "184": 10.15999984741211, "185": 10.180000305175781, "186": 10.180000305175781, "187": 10.180000305175781, "188": 10.180000305175781, "189": 10.180000305175781, "190": 10.1899995803833, "191": 10.1899995803833, "192": 10.1899995803833, "193": 10.1899995803833, "194": 10.1899995803833, "195": 10.199999809265137, "196": 10.199999809265137, "197": 10.229999542236328, "198": 10.229999542236328, "199": 10.199999809265137, "200": 10.199999809265137, "201": 10.199999809265137, "202": 10.199999809265137, "203": 10.199999809265137, "204": 10.199999809265137, "205": 10.300000190734863, "206": 10.300000190734863, "207": 10.300000190734863, "208": 10.300000190734863, "209": 10.300000190734863, "210": 10.300000190734863, "211": 10.300000190734863, "212": 10.300000190734863, "213": 10.300000190734863, "214": 10.239999771118164, "215": 10.239999771118164, "216": 10.28499984741211, "217": 10.28499984741211, "218": 10.28499984741211, "219": 10.279999732971191, "220": 10.279999732971191, "221": 10.300000190734863, "222": 10.300000190734863, "223": 10.34000015258789, "224": 10.34000015258789, "225": 10.34000015258789, "226": 10.34000015258789, "227": 10.369999885559082, "228": 10.369999885559082, "229": 10.369999885559082, "230": 10.34000015258789, "231": 10.34000015258789, "232": 10.359999656677246, "233": 10.390000343322754, "234": 10.390000343322754, "235": 10.390000343322754, "236": 10.390000343322754, "237": 10.390000343322754, "238": 10.390000343322754, "239": 10.390000343322754, "240": 10.390000343322754, "241": 10.399999618530273, "242": 10.399999618530273, "243": 10.399999618530273, "244": 10.420000076293945, "245": 10.420000076293945, "246": 10.420000076293945, "247": 10.420000076293945, "248": 10.420000076293945, "249": 10.420000076293945, "250": 10.40999984741211, "251": 10.40999984741211, "252": 10.40999984741211, "253": 10.40999984741211, "254": 10.40999984741211, "255": 10.40999984741211, "256": 10.40999984741211, "257": 10.430000305175781, "258": 10.470000267028809, "259": 10.470000267028809, "260": 10.470000267028809, "261": 10.470000267028809, "262": 10.470000267028809, "263": 10.460000038146973, "264": 10.470000267028809, "265": 10.470000267028809, "266": 10.470000267028809, "267": 10.470000267028809, "268": 10.470000267028809, "269": 10.470000267028809, "270": 10.470000267028809, "271": 10.479999542236328, "272": 10.489999771118164, "273": 10.5, "274": 10.5, "275": 10.520000457763672, "276": 10.520000457763672, "277": 10.520000457763672, "278": 10.515000343322754, "279": 10.520000457763672, "280": 10.510000228881836, "281": 10.520000457763672, "282": 10.520000457763672, "283": 10.5600004196167, "284": 10.5600004196167, "285": 10.5600004196167, "286": 10.59000015258789, "287": 10.600000381469727, "288": 10.600000381469727, "289": 10.600000381469727, "290": 10.65999984741211, "291": 10.600000381469727, "292": 10.600000381469727, "293": 10.600000381469727, "294": 10.600000381469727, "295": 10.619999885559082, "296": 10.619999885559082, "297": 10.619999885559082, "298": 10.619999885559082, "299": 10.619999885559082, "300": 10.619999885559082, "301": 10.640000343322754, "302": 10.640000343322754, "303": 10.630000114440918, "304": 10.600000381469727, "305": 10.600000381469727, "306": 10.600000381469727, "307": 10.600000381469727, "308": 10.59000015258789, "309": 10.59000015258789, "310": 10.600000381469727, "311": 10.600000381469727, "312": 10.600000381469727, "313": 10.600000381469727, "314": 10.600000381469727, "315": 10.619999885559082, "316": 10.619999885559082, "317": 10.619999885559082, "318": 10.619999885559082, "319": 10.619999885559082, "320": 10.619999885559082, "321": 10.619999885559082, "322": 10.65999984741211}}, "profile": {"address1": "244 Fifth Avenue", "address2": "Suite B-88", "city": "New York", "state": "NY", "zip": "10001", "country": "United States", "phone": "646 998 9582", "industry": "Shell Companies", "industryDisp": "Shell Companies", "sector": "Financial Services", "longBusinessSummary": "Blue World Acquisition Corporation does not have significant operations. It focuses on entering into a merger, share exchange, asset acquisition, share purchase, recapitalization, reorganization, or similar business combination with one or more businesses or entities. The company intends to focus primarily on businesses in the marine leisure, cruise, marine infrastructure and engineering, general hospitality, travel and tourism, marine services, logistics and supply chain, offshore energy solutions, and related industry segments. Blue World Acquisition Corporation was incorporated in 2021 and is based in New York, New York.", "companyOfficers": [{"maxAge": 1, "name": "Mr. Liang  Shi", "age": 43, "title": "CEO, Chairman & Sec.", "yearBorn": 1979, "exercisedValue": 0, "unexercisedValue": 0}, {"maxAge": 1, "name": "Mr. Tianyong  Yan", "age": 43, "title": "CFO & Director", "yearBorn": 1979, "exercisedValue": 0, "unexercisedValue": 0}], "maxAge": 86400, "latitude": 40.74458673631054, "longitude": -73.98760767373611}}