{"income_statement": {"annual": {"Year": {"1": "Selling, General & Admin", "2": "Operating Expenses", "3": "Operating Income", "4": "Other Expense / Income", "5": "Pretax Income", "6": "Net Income", "7": "Net Income Growth", "8": "Shares Outstanding (Basic)", "9": "Shares Outstanding (Diluted)", "10": "Shares Change", "11": "EPS (Basic)", "12": "EPS (Diluted)", "13": "EPS Growth", "14": "Free Cash Flow Per Share", "15": "EBITDA", "16": "EBIT"}, "2022": {"1": "1.67", "2": "1.67", "3": "-1.67", "4": "-6.64", "5": "4.97", "6": "4.97", "7": "474.53%", "8": "25", "9": "25", "10": "86.51%", "11": "0.20", "12": "0.20", "13": "233.33%", "14": "-0.03", "15": "4.97", "16": "4.97"}, "2021": {"1": "0.95", "2": "0.95", "3": "-0.95", "4": "-1.81", "5": "0.87", "6": "0.87", "7": "-", "8": "14", "9": "14", "10": "-", "11": "0.06", "12": "0.06", "13": "-", "14": "-0.14", "15": "0.87", "16": "0.87"}}, "quarterly": {"Metrics": {"1": "Selling, General & Admin", "2": "Operating Expenses", "3": "Operating Income", "4": "Other Expense / Income", "5": "Pretax Income", "6": "Net Income", "7": "Net Income Growth", "8": "Shares Outstanding (Basic)", "9": "Shares Outstanding (Diluted)", "10": "Shares Change", "11": "EPS (Basic)", "12": "EPS (Diluted)", "13": "EPS Growth", "14": "Free Cash Flow Per Share", "15": "EBITDA", "16": "EBIT"}, "2022-12-31": {"1": "0.36", "2": "0.36", "3": "-0.36", "4": "-1.01", "5": "0.65", "6": "0.65", "7": "-", "8": "25", "9": "25", "10": "86.51%", "11": "0.03", "12": "0.03", "13": "-", "14": "-0.01", "15": "0.65", "16": "0.65"}, "2022-09-30": {"1": "0.37", "2": "0.37", "3": "-0.37", "4": "-0.9", "5": "0.53", "6": "0.53", "7": "-47.51%", "8": "25", "9": "25", "10": "60.05%", "11": "0.02", "12": "0.02", "13": "-66.67%", "14": "-0.01", "15": "0.53", "16": "0.53"}, "2022-06-30": {"1": "0.38", "2": "0.38", "3": "-0.38", "4": "-1.72", "5": "1.34", "6": "1.34", "7": "-", "8": "25", "9": "25", "10": "1047.04%", "11": "0.05", "12": "0.05", "13": "-", "14": "-0.01", "15": "1.34", "16": "1.34"}, "2022-03-31": {"1": "0.56", "2": "0.56", "3": "-0.56", "4": "-3.01", "5": "2.45", "6": "2.45", "7": "-", "8": "25", "9": "25", "10": "1047.04%", "11": "0.10", "12": "0.10", "13": "-", "14": "-0.01", "15": "2.45", "16": "2.45"}, "2021-12-31": {"1": "0.64", "2": "0.64", "3": "-0.64", "4": "-0.5", "5": "-0.15", "6": "-0.15", "7": "-", "8": "14", "9": "14", "10": "-", "11": "-0.06", "12": "-0.06", "13": "-", "14": "-0.02", "15": "-0.15", "16": "-0.15"}, "2021-09-30": {"1": "0.34", "2": "0.34", "3": "-0.34", "4": "-1.36", "5": "1.02", "6": "1.02", "7": "-", "8": "16", "9": "16", "10": "-", "11": "0.06", "12": "0.06", "13": "-", "14": "-0.10", "15": "1.02", "16": "1.02"}, "2021-06-30": {"1": "0.01", "2": "0.01", "3": "-0.01", "4": "-", "5": "-0.01", "6": "-0.01", "7": "-", "8": "2", "9": "2", "10": "-", "11": "-", "12": "-", "13": "-", "14": "-", "15": "-0.01", "16": "-0.01"}, "2021-03-31": {"1": "0.01", "2": "0.01", "3": "-0.01", "4": "-", "5": "-0.01", "6": "-0.01", "7": "-", "8": "2", "9": "2", "10": "-", "11": "-", "12": "-", "13": "-", "14": "-", "15": "-0.01", "16": "-0.01"}}}, "balance_sheet": {"annual": {"Year": {"1": "Cash & Equivalents", "2": "Cash & Cash Equivalents", "3": "Cash Growth", "4": "Other Current Assets", "5": "Total Current Assets", "6": "Long-Term Investments", "7": "Other Long-Term Assets", "8": "Total Long-Term Assets", "9": "Total Assets", "10": "Accounts Payable", "11": "Current Debt", "12": "Other Current Liabilities", "13": "Total Current Liabilities", "14": "Other Long-Term Liabilities", "15": "Total Long-Term Liabilities", "16": "Total Liabilities", "17": "Total Debt", "18": "Debt Growth", "19": "Common Stock", "20": "Retained Earnings", "21": "Shareholders' Equity", "22": "Total Liabilities and Equity", "23": "Net Cash / Debt", "24": "Net Cash Per Share", "25": "Working Capital", "26": "Book Value Per Share"}, "2022": {"1": "1.74", "2": "1.74", "3": "2525.78%", "4": "0.46", "5": "2.2", "6": "229.41", "7": "0", "8": "229.41", "9": "231.61", "10": "0.33", "11": "2.66", "12": "1.01", "13": "3.99", "14": "8.91", "15": "8.91", "16": "12.9", "17": "2.66", "18": "1598.63%", "19": "0", "20": "-10.71", "21": "-10.71", "22": "2.2", "23": "-0.92", "24": "-0.04", "25": "-1.79", "26": "-0.42"}, "2021": {"1": "0.07", "2": "0.07", "3": "-", "4": "0.8", "5": "0.87", "6": "229.41", "7": "0.61", "8": "230.01", "9": "230.88", "10": "0.33", "11": "0.16", "12": "0.97", "13": "1.45", "14": "15.7", "15": "15.7", "16": "17.15", "17": "0.16", "18": "-", "19": "0", "20": "-15.68", "21": "-15.68", "22": "1.47", "23": "-0.09", "24": "-0.01", "25": "-0.58", "26": "-1.15"}}, "quarterly": {"Metrics": {"1": "Cash & Equivalents", "2": "Cash & Cash Equivalents", "3": "Cash Growth", "4": "Other Current Assets", "5": "Total Current Assets", "6": "Long-Term Investments", "7": "Other Long-Term Assets", "8": "Total Long-Term Assets", "9": "Total Assets", "10": "Accounts Payable", "11": "Current Debt", "12": "Other Current Liabilities", "13": "Total Current Liabilities", "14": "Long-Term Debt", "15": "Other Long-Term Liabilities", "16": "Total Long-Term Liabilities", "17": "Total Liabilities", "18": "Total Debt", "19": "Debt Growth", "20": "Common Stock", "21": "Retained Earnings", "22": "Shareholders' Equity", "23": "Total Liabilities and Equity", "24": "Net Cash / Debt", "25": "Net Cash Per Share", "26": "Working Capital", "27": "Book Value Per Share"}, "2022-12-31": {"1": "1.74", "2": "1.74", "3": "2525.78%", "4": "0.46", "5": "2.2", "6": "229.41", "7": "0", "8": "229.41", "9": "231.61", "10": "0.33", "11": "2.66", "12": "1.01", "13": "3.99", "14": "0", "15": "8.91", "16": "8.91", "17": "12.9", "18": "2.66", "19": "1598.63%", "20": "0", "21": "-10.71", "22": "-10.71", "23": "2.2", "24": "-0.92", "25": "-0.04", "26": "-1.79", "27": "-0.42"}, "2022-09-30": {"1": "2.13", "2": "2.13", "3": "471.75%", "4": "0.66", "5": "2.79", "6": "229.41", "7": "0", "8": "229.41", "9": "232.2", "10": "0.33", "11": "0.16", "12": "1.24", "13": "1.72", "14": "2.5", "15": "9.93", "16": "12.43", "17": "14.15", "18": "2.66", "19": "-", "20": "0", "21": "-11.36", "22": "-11.36", "23": "2.79", "24": "-0.52", "25": "-0.02", "26": "1.07", "27": "-0.45"}, "2022-06-30": {"1": "2.28", "2": "2.28", "3": "-", "4": "0.78", "5": "3.06", "6": "229.41", "7": "0.07", "8": "229.47", "9": "232.54", "10": "0.33", "11": "0.16", "12": "1.21", "13": "1.69", "14": "2.5", "15": "10.83", "16": "13.33", "17": "15.02", "18": "2.66", "19": "-", "20": "0", "21": "-11.89", "22": "-11.89", "23": "3.13", "24": "-0.38", "25": "-0.01", "26": "1.37", "27": "-0.47"}, "2022-03-31": {"1": "2.41", "2": "2.41", "3": "-", "4": "0.79", "5": "3.2", "6": "229.41", "7": "0.26", "8": "229.67", "9": "232.86", "10": "0.33", "11": "0.16", "12": "1.16", "13": "1.64", "14": "2.5", "15": "12.54", "16": "15.04", "17": "16.68", "18": "2.66", "19": "-", "20": "0", "21": "-13.23", "22": "-13.23", "23": "3.46", "24": "-0.25", "25": "-0.01", "26": "1.56", "27": "-0.52"}, "2021-12-31": {"1": "0.07", "2": "0.07", "3": "-", "4": "0.8", "5": "0.87", "6": "229.41", "7": "0.61", "8": "230.01", "9": "230.88", "10": "0.33", "11": "0.16", "12": "0.97", "13": "1.45", "14": "0", "15": "15.7", "16": "15.7", "17": "17.15", "18": "0.16", "19": "-", "20": "0", "21": "-15.68", "22": "-15.68", "23": "1.47", "24": "-0.09", "25": "-0.01", "26": "-0.58", "27": "-1.15"}, "2021-09-30": {"1": "0.37", "2": "0.37", "3": "-", "4": "1.46", "5": "1.84", "6": "229.41", "7": "0.1", "8": "229.51", "9": "231.35", "10": "0.48", "11": "0", "12": "0.84", "13": "1.32", "14": "0", "15": "15.41", "16": "15.41", "17": "16.73", "18": "0", "19": "-", "20": "0", "21": "-14.79", "22": "-14.79", "23": "1.94", "24": "0.37", "25": "0.02", "26": "0.52", "27": "-0.93"}, "2021-06-30": {"1": "0", "2": "0", "3": "-", "4": "-", "5": "-", "6": "-", "7": "-", "8": "-", "9": "0.66", "10": "0.08", "11": "0", "12": "0.56", "13": "0.64", "14": "0", "15": "0", "16": "0", "17": "0.64", "18": "0", "19": "-", "20": "0.03", "21": "-0.01", "22": "0.02", "23": "0.66", "24": "0", "25": "-", "26": "-", "27": "0.01"}, "2021-03-31": {"1": "0", "2": "0", "3": "-", "4": "-", "5": "-", "6": "-", "7": "-", "8": "-", "9": "0.17", "10": "0.01", "11": "0", "12": "0.14", "13": "0.15", "14": "0", "15": "0", "16": "0", "17": "0.15", "18": "0", "19": "-", "20": "0.03", "21": "-0.01", "22": "0.02", "23": "0.17", "24": "0", "25": "-", "26": "-", "27": "0.01"}}}, "cash_flow_statement": {"annual": {"Year": {"1": "Net Income", "2": "Other Operating Activities", "3": "Operating Cash Flow", "4": "Change in Investments", "5": "Investing Cash Flow", "6": "Share Issuance / Repurchase", "7": "Debt Issued / Paid", "8": "Other Financing Activities", "9": "Financing Cash Flow", "10": "Net Cash Flow", "11": "Free Cash Flow", "12": "Free Cash Flow Per Share"}, "2022": {"1": "4.97", "2": "-5.8", "3": "-0.83", "4": "0", "5": "0", "6": "0", "7": "2.5", "8": "-", "9": "2.5", "10": "1.67", "11": "-0.83", "12": "-0.03"}, "2021": {"1": "0.87", "2": "-2.8", "3": "-1.93", "4": "-229.41", "5": "-229.41", "6": "224.82", "7": "0.16", "8": "6.43", "9": "231.41", "10": "0.07", "11": "-1.93", "12": "-0.14"}}, "quarterly": {"Metrics": {"1": "Net Income", "2": "Other Operating Activities", "3": "Operating Cash Flow", "4": "Share Issuance / Repurchase", "5": "Debt Issued / Paid", "6": "Other Financing Activities", "7": "Financing Cash Flow", "8": "Net Cash Flow", "9": "Free Cash Flow", "10": "Free Cash Flow Per Share"}, "2022-12-31": {"1": "0.65", "2": "-1.05", "3": "-0.39", "4": "0", "5": "0", "6": "-", "7": "0", "8": "-0.39", "9": "-0.39", "10": "-0.01"}, "2022-09-30": {"1": "0.53", "2": "-0.68", "3": "-0.15", "4": "0", "5": "0", "6": "-", "7": "0", "8": "-0.15", "9": "-0.15", "10": "-0.01"}, "2022-06-30": {"1": "1.34", "2": "-1.46", "3": "-0.13", "4": "0", "5": "0", "6": "-", "7": "0", "8": "-0.13", "9": "-0.13", "10": "-0.01"}, "2022-03-31": {"1": "2.45", "2": "-2.61", "3": "-0.16", "4": "0", "5": "2.5", "6": "-", "7": "2.5", "8": "2.34", "9": "-0.16", "10": "-0.01"}, "2021-12-31": {"1": "-0.15", "2": "-0.16", "3": "-0.31", "4": "-0.59", "5": "0", "6": "0.59", "7": "0", "8": "-0.31", "9": "-0.31", "10": "-0.02"}, "2021-09-30": {"1": "1.02", "2": "-2.64", "3": "-1.63", "4": "225.41", "5": "0.08", "6": "5.92", "7": "231.41", "8": "0.37", "9": "-1.63", "10": "-0.10"}, "2021-06-30": {"1": "-0.01", "2": "0.01", "3": "0", "4": "0", "5": "0.07", "6": "-0.07", "7": "0", "8": "0", "9": "0", "10": "-"}}}, "ratios": {"annual": {"Year": {"1": "Market Capitalization", "2": "Market Cap Growth", "3": "Enterprise Value", "4": "PE Ratio", "5": "PB Ratio", "6": "P/FCF Ratio", "7": "P/OCF Ratio", "8": "EV/EBITDA Ratio", "9": "EV/EBIT Ratio", "10": "EV/FCF Ratio", "11": "Debt / Equity Ratio", "12": "Debt / EBITDA Ratio", "13": "Debt / FCF Ratio", "14": "Current Ratio", "15": "Return on Equity (ROE)", "16": "Return on Assets (ROA)", "17": "Return on Capital (ROIC)", "18": "Earnings Yield", "19": "FCF Yield", "20": "Buyback Yield / Dilution", "21": "Total Shareholder Return"}, "Current": {"1": "253", "2": "-", "3": "254", "4": "49.70", "5": "-27.97", "6": "-361.20", "7": "-361.20", "8": "51.10", "9": "51.10", "10": "-362.31", "11": "-0.25", "12": "0.53", "13": "-3.20", "14": "0.55", "15": "-42.20%", "16": "2.10%", "17": "2.20%", "18": "1.96%", "19": "-0.33%", "20": "-86.51%", "21": "-86.51%"}, "2022": {"1": "299", "2": "0.93%", "3": "300", "4": "60.21", "5": "-27.97", "6": "-361.20", "7": "-361.20", "8": "60.40", "9": "60.40", "10": "-362.31", "11": "-0.25", "12": "0.53", "13": "-3.20", "14": "0.55", "15": "-42.20%", "16": "2.10%", "17": "2.20%", "18": "1.66%", "19": "-0.28%", "20": "-86.51%", "21": "-86.51%"}, "2021": {"1": "297", "2": "-", "3": "297", "4": "342.76", "5": "-18.92", "6": "-153.43", "7": "-153.43", "8": "342.86", "9": "342.86", "10": "-153.47", "11": "-0.01", "12": "0.18", "13": "-0.08", "14": "0.60", "15": "-11.40%", "16": "0.70%", "17": "0.80%", "18": "0.29%", "19": "-0.65%", "20": "-", "21": "-"}}, "quarterly": {"Metrics": {"1": "Market Capitalization", "2": "Market Cap Growth", "3": "Enterprise Value", "4": "PE Ratio", "5": "PB Ratio", "6": "Debt / Equity Ratio", "7": "Current Ratio", "8": "Buyback Yield / Dilution", "9": "Total Shareholder Return"}, "Current": {"1": "253", "2": "-", "3": "254", "4": "49.70", "5": "-27.97", "6": "-0.25", "7": "0.55", "8": "-86.51%", "9": "-86.51%"}, "2022-12-31": {"1": "299", "2": "0.93%", "3": "300", "4": "60.21", "5": "-27.97", "6": "-0.25", "7": "0.55", "8": "-86.51%", "9": "-86.51%"}, "2022-09-30": {"1": "296", "2": "33.76%", "3": "297", "4": "70.96", "5": "-26.07", "6": "-0.23", "7": "1.62", "8": "-60.05%", "9": "-60.05%"}, "2022-06-30": {"1": "296", "2": "-", "3": "296", "4": "63.52", "5": "-24.87", "6": "-0.22", "7": "1.81", "8": "-1047.04%", "9": "-1047.04%"}, "2022-03-31": {"1": "298", "2": "-", "3": "298", "4": "89.94", "5": "-22.54", "6": "-0.20", "7": "1.95", "8": "-1047.04%", "9": "-1047.04%"}, "2021-12-31": {"1": "297", "2": "-", "3": "297", "4": "342.76", "5": "-18.92", "6": "-0.01", "7": "0.60", "8": "-", "9": "-"}, "2021-09-30": {"1": "221", "2": "-", "3": "221", "4": "-", "5": "-14.97", "6": "-", "7": "1.39", "8": "-", "9": "-"}}}, "stock_price": {"symbol": {"0": "BWC", "1": "BWC", "2": "BWC", "3": "BWC", "4": "BWC", "5": "BWC", "6": "BWC", "7": "BWC", "8": "BWC", "9": "BWC", "10": "BWC", "11": "BWC", "12": "BWC", "13": "BWC", "14": "BWC", "15": "BWC", "16": "BWC", "17": "BWC", "18": "BWC", "19": "BWC", "20": "BWC", "21": "BWC", "22": "BWC", "23": "BWC", "24": "BWC", "25": "BWC", "26": "BWC", "27": "BWC", "28": "BWC", "29": "BWC", "30": "BWC", "31": "BWC", "32": "BWC", "33": "BWC", "34": "BWC", "35": "BWC", "36": "BWC", "37": "BWC", "38": "BWC", "39": "BWC", "40": "BWC", "41": "BWC", "42": "BWC", "43": "BWC", "44": "BWC", "45": "BWC", "46": "BWC", "47": "BWC", "48": "BWC", "49": "BWC", "50": "BWC", "51": "BWC", "52": "BWC", "53": "BWC", "54": "BWC", "55": "BWC", "56": "BWC", "57": "BWC", "58": "BWC", "59": "BWC", "60": "BWC", "61": "BWC", "62": "BWC", "63": "BWC", "64": "BWC", "65": "BWC", "66": "BWC", "67": "BWC", "68": "BWC", "69": "BWC", "70": "BWC", "71": "BWC", "72": "BWC", "73": "BWC", "74": "BWC", "75": "BWC", "76": "BWC", "77": "BWC", "78": "BWC", "79": "BWC", "80": "BWC", "81": "BWC", "82": "BWC", "83": "BWC", "84": "BWC", "85": "BWC", "86": "BWC", "87": "BWC", "88": "BWC", "89": "BWC", "90": "BWC", "91": "BWC", "92": "BWC", "93": "BWC", "94": "BWC", "95": "BWC", "96": "BWC", "97": "BWC", "98": "BWC", "99": "BWC", "100": "BWC", "101": "BWC", "102": "BWC", "103": "BWC", "104": "BWC", "105": "BWC", "106": "BWC", "107": "BWC", "108": "BWC", "109": "BWC", "110": "BWC", "111": "BWC", "112": "BWC", "113": "BWC", "114": "BWC", "115": "BWC", "116": "BWC", "117": "BWC", "118": "BWC", "119": "BWC", "120": "BWC", "121": "BWC", "122": "BWC", "123": "BWC", "124": "BWC", "125": "BWC", "126": "BWC", "127": "BWC", "128": "BWC", "129": "BWC", "130": "BWC", "131": "BWC", "132": "BWC", "133": "BWC", "134": "BWC", "135": "BWC", "136": "BWC", "137": "BWC", "138": "BWC", "139": "BWC", "140": "BWC", "141": "BWC", "142": "BWC", "143": "BWC", "144": "BWC", "145": "BWC", "146": "BWC", "147": "BWC", "148": "BWC", "149": "BWC", "150": "BWC", "151": "BWC", "152": "BWC", "153": "BWC", "154": "BWC", "155": "BWC", "156": "BWC", "157": "BWC", "158": "BWC", "159": "BWC", "160": "BWC", "161": "BWC", "162": "BWC", "163": "BWC", "164": "BWC", "165": "BWC", "166": "BWC", "167": "BWC", "168": "BWC", "169": "BWC", "170": "BWC", "171": "BWC", "172": "BWC", "173": "BWC", "174": "BWC", "175": "BWC", "176": "BWC", "177": "BWC", "178": "BWC", "179": "BWC", "180": "BWC", "181": "BWC", "182": "BWC", "183": "BWC", "184": "BWC", "185": "BWC", "186": "BWC", "187": "BWC", "188": "BWC", "189": "BWC", "190": "BWC", "191": "BWC", "192": "BWC", "193": "BWC", "194": "BWC", "195": "BWC", "196": "BWC", "197": "BWC", "198": "BWC", "199": "BWC", "200": "BWC", "201": "BWC", "202": "BWC", "203": "BWC", "204": "BWC", "205": "BWC", "206": "BWC", "207": "BWC", "208": "BWC", "209": "BWC", "210": "BWC", "211": "BWC", "212": "BWC", "213": "BWC", "214": "BWC", "215": "BWC", "216": "BWC", "217": "BWC", "218": "BWC", "219": "BWC", "220": "BWC", "221": "BWC", "222": "BWC", "223": "BWC", "224": "BWC", "225": "BWC", "226": "BWC", "227": "BWC", "228": "BWC", "229": "BWC", "230": "BWC", "231": "BWC", "232": "BWC", "233": "BWC", "234": "BWC", "235": "BWC", "236": "BWC", "237": "BWC", "238": "BWC", "239": "BWC", "240": "BWC", "241": "BWC", "242": "BWC", "243": "BWC", "244": "BWC", "245": "BWC", "246": "BWC", "247": "BWC", "248": "BWC", "249": "BWC", "250": "BWC", "251": "BWC", "252": "BWC", "253": "BWC", "254": "BWC", "255": "BWC", "256": "BWC", "257": "BWC", "258": "BWC", "259": "BWC", "260": "BWC", "261": "BWC", "262": "BWC", "263": "BWC", "264": "BWC", "265": "BWC", "266": "BWC", "267": "BWC", "268": "BWC", "269": "BWC", "270": "BWC", "271": "BWC", "272": "BWC", "273": "BWC", "274": "BWC", "275": "BWC", "276": "BWC", "277": "BWC", "278": "BWC", "279": "BWC", "280": "BWC", "281": "BWC", "282": "BWC", "283": "BWC", "284": "BWC", "285": "BWC", "286": "BWC", "287": "BWC", "288": "BWC", "289": "BWC", "290": "BWC", "291": "BWC", "292": "BWC", "293": "BWC", "294": "BWC", "295": "BWC", "296": "BWC", "297": "BWC", "298": "BWC", "299": "BWC", "300": "BWC", "301": "BWC", "302": "BWC", "303": "BWC", "304": "BWC", "305": "BWC", "306": "BWC", "307": "BWC", "308": "BWC", "309": "BWC", "310": "BWC", "311": "BWC", "312": "BWC", "313": "BWC", "314": "BWC", "315": "BWC", "316": "BWC", "317": "BWC", "318": "BWC", "319": "BWC", "320": "BWC", "321": "BWC", "322": "BWC", "323": "BWC", "324": "BWC", "325": "BWC", "326": "BWC", "327": "BWC", "328": "BWC", "329": "BWC", "330": "BWC", "331": "BWC", "332": "BWC", "333": "BWC", "334": "BWC", "335": "BWC", "336": "BWC", "337": "BWC", "338": "BWC", "339": "BWC", "340": "BWC", "341": "BWC", "342": "BWC", "343": "BWC", "344": "BWC", "345": "BWC", "346": "BWC", "347": "BWC", "348": "BWC", "349": "BWC", "350": "BWC", "351": "BWC", "352": "BWC", "353": "BWC", "354": "BWC", "355": "BWC", "356": "BWC", "357": "BWC", "358": "BWC", "359": "BWC", "360": "BWC", "361": "BWC", "362": "BWC", "363": "BWC", "364": "BWC", "365": "BWC", "366": "BWC", "367": "BWC", "368": "BWC", "369": "BWC", "370": "BWC", "371": "BWC", "372": "BWC", "373": "BWC", "374": "BWC", "375": "BWC", "376": "BWC", "377": "BWC", "378": "BWC", "379": "BWC", "380": "BWC", "381": "BWC", "382": "BWC", "383": "BWC", "384": "BWC", "385": "BWC", "386": "BWC", "387": "BWC", "388": "BWC", "389": "BWC", "390": "BWC", "391": "BWC", "392": "BWC", "393": "BWC", "394": "BWC", "395": "BWC", "396": "BWC", "397": "BWC", "398": "BWC", "399": "BWC", "400": "BWC", "401": "BWC", "402": "BWC", "403": "BWC", "404": "BWC", "405": "BWC", "406": "BWC", "407": "BWC", "408": "BWC", "409": "BWC", "410": "BWC", "411": "BWC", "412": "BWC", "413": "BWC", "414": "BWC", "415": "BWC", "416": "BWC", "417": "BWC", "418": "BWC", "419": "BWC", "420": "BWC", "421": "BWC", "422": "BWC", "423": "BWC", "424": "BWC"}, "date": {"0": "2021-10-19", "1": "2021-10-20", "2": "2021-10-21", "3": "2021-10-22", "4": "2021-10-25", "5": "2021-10-26", "6": "2021-10-27", "7": "2021-10-28", "8": "2021-10-29", "9": "2021-11-01", "10": "2021-11-02", "11": "2021-11-03", "12": "2021-11-04", "13": "2021-11-05", "14": "2021-11-08", "15": "2021-11-09", "16": "2021-11-10", "17": "2021-11-11", "18": "2021-11-12", "19": "2021-11-15", "20": "2021-11-16", "21": "2021-11-17", "22": "2021-11-18", "23": "2021-11-19", "24": "2021-11-22", "25": "2021-11-23", "26": "2021-11-24", "27": "2021-11-26", "28": "2021-11-29", "29": "2021-11-30", "30": "2021-12-01", "31": "2021-12-02", "32": "2021-12-03", "33": "2021-12-06", "34": "2021-12-07", "35": "2021-12-08", "36": "2021-12-09", "37": "2021-12-10", "38": "2021-12-13", "39": "2021-12-14", "40": "2021-12-15", "41": "2021-12-16", "42": "2021-12-17", "43": "2021-12-20", "44": "2021-12-21", "45": "2021-12-22", "46": "2021-12-23", "47": "2021-12-27", "48": "2021-12-28", "49": "2021-12-29", "50": "2021-12-30", "51": "2021-12-31", "52": "2022-01-03", "53": "2022-01-04", "54": "2022-01-05", "55": "2022-01-06", "56": "2022-01-07", "57": "2022-01-10", "58": "2022-01-11", "59": "2022-01-12", "60": "2022-01-13", "61": "2022-01-14", "62": "2022-01-18", "63": "2022-01-19", "64": "2022-01-20", "65": "2022-01-21", "66": "2022-01-24", "67": "2022-01-25", "68": "2022-01-26", "69": "2022-01-27", "70": "2022-01-28", "71": "2022-01-31", "72": "2022-02-01", "73": "2022-02-02", "74": "2022-02-03", "75": "2022-02-04", "76": "2022-02-07", "77": "2022-02-08", "78": "2022-02-09", "79": "2022-02-10", "80": "2022-02-11", "81": "2022-02-14", "82": "2022-02-15", "83": "2022-02-16", "84": "2022-02-17", "85": "2022-02-18", "86": "2022-02-22", "87": "2022-02-23", "88": "2022-02-24", "89": "2022-02-25", "90": "2022-02-28", "91": "2022-03-01", "92": "2022-03-02", "93": "2022-03-03", "94": "2022-03-04", "95": "2022-03-07", "96": "2022-03-08", "97": "2022-03-09", "98": "2022-03-10", "99": "2022-03-11", "100": "2022-03-14", "101": "2022-03-15", "102": "2022-03-16", "103": "2022-03-17", "104": "2022-03-18", "105": "2022-03-21", "106": "2022-03-22", "107": "2022-03-23", "108": "2022-03-24", "109": "2022-03-25", "110": "2022-03-28", "111": "2022-03-29", "112": "2022-03-30", "113": "2022-03-31", "114": "2022-04-01", "115": "2022-04-04", "116": "2022-04-05", "117": "2022-04-06", "118": "2022-04-07", "119": "2022-04-08", "120": "2022-04-11", "121": "2022-04-12", "122": "2022-04-13", "123": "2022-04-14", "124": "2022-04-18", "125": "2022-04-19", "126": "2022-04-20", "127": "2022-04-21", "128": "2022-04-22", "129": "2022-04-25", "130": "2022-04-26", "131": "2022-04-27", "132": "2022-04-28", "133": "2022-04-29", "134": "2022-05-02", "135": "2022-05-03", "136": "2022-05-04", "137": "2022-05-05", "138": "2022-05-06", "139": "2022-05-09", "140": "2022-05-10", "141": "2022-05-11", "142": "2022-05-12", "143": "2022-05-13", "144": "2022-05-16", "145": "2022-05-17", "146": "2022-05-18", "147": "2022-05-19", "148": "2022-05-20", "149": "2022-05-23", "150": "2022-05-24", "151": "2022-05-25", "152": "2022-05-26", "153": "2022-05-27", "154": "2022-05-31", "155": "2022-06-01", "156": "2022-06-02", "157": "2022-06-03", "158": "2022-06-06", "159": "2022-06-07", "160": "2022-06-08", "161": "2022-06-09", "162": "2022-06-10", "163": "2022-06-13", "164": "2022-06-14", "165": "2022-06-15", "166": "2022-06-16", "167": "2022-06-17", "168": "2022-06-21", "169": "2022-06-22", "170": "2022-06-23", "171": "2022-06-24", "172": "2022-06-27", "173": "2022-06-28", "174": "2022-06-29", "175": "2022-06-30", "176": "2022-07-01", "177": "2022-07-05", "178": "2022-07-06", "179": "2022-07-07", "180": "2022-07-08", "181": "2022-07-11", "182": "2022-07-12", "183": "2022-07-13", "184": "2022-07-14", "185": "2022-07-15", "186": "2022-07-18", "187": "2022-07-19", "188": "2022-07-20", "189": "2022-07-21", "190": "2022-07-22", "191": "2022-07-25", "192": "2022-07-26", "193": "2022-07-27", "194": "2022-07-28", "195": "2022-07-29", "196": "2022-08-01", "197": "2022-08-02", "198": "2022-08-03", "199": "2022-08-04", "200": "2022-08-05", "201": "2022-08-08", "202": "2022-08-09", "203": "2022-08-10", "204": "2022-08-11", "205": "2022-08-12", "206": "2022-08-15", "207": "2022-08-16", "208": "2022-08-17", "209": "2022-08-18", "210": "2022-08-19", "211": "2022-08-22", "212": "2022-08-23", "213": "2022-08-24", "214": "2022-08-25", "215": "2022-08-26", "216": "2022-08-29", "217": "2022-08-30", "218": "2022-08-31", "219": "2022-09-01", "220": "2022-09-02", "221": "2022-09-06", "222": "2022-09-07", "223": "2022-09-08", "224": "2022-09-09", "225": "2022-09-12", "226": "2022-09-13", "227": "2022-09-14", "228": "2022-09-15", "229": "2022-09-16", "230": "2022-09-19", "231": "2022-09-20", "232": "2022-09-21", "233": "2022-09-22", "234": "2022-09-23", "235": "2022-09-26", "236": "2022-09-27", "237": "2022-09-28", "238": "2022-09-29", "239": "2022-09-30", "240": "2022-10-03", "241": "2022-10-04", "242": "2022-10-05", "243": "2022-10-06", "244": "2022-10-07", "245": "2022-10-10", "246": "2022-10-11", "247": "2022-10-12", "248": "2022-10-13", "249": "2022-10-14", "250": "2022-10-17", "251": "2022-10-18", "252": "2022-10-19", "253": "2022-10-20", "254": "2022-10-21", "255": "2022-10-24", "256": "2022-10-25", "257": "2022-10-26", "258": "2022-10-27", "259": "2022-10-28", "260": "2022-10-31", "261": "2022-11-01", "262": "2022-11-02", "263": "2022-11-03", "264": "2022-11-04", "265": "2022-11-07", "266": "2022-11-08", "267": "2022-11-09", "268": "2022-11-10", "269": "2022-11-11", "270": "2022-11-14", "271": "2022-11-15", "272": "2022-11-16", "273": "2022-11-17", "274": "2022-11-18", "275": "2022-11-21", "276": "2022-11-22", "277": "2022-11-23", "278": "2022-11-25", "279": "2022-11-28", "280": "2022-11-29", "281": "2022-11-30", "282": "2022-12-01", "283": "2022-12-02", "284": "2022-12-05", "285": "2022-12-06", "286": "2022-12-07", "287": "2022-12-08", "288": "2022-12-09", "289": "2022-12-12", "290": "2022-12-13", "291": "2022-12-14", "292": "2022-12-15", "293": "2022-12-16", "294": "2022-12-19", "295": "2022-12-20", "296": "2022-12-21", "297": "2022-12-22", "298": "2022-12-23", "299": "2022-12-27", "300": "2022-12-28", "301": "2022-12-29", "302": "2022-12-30", "303": "2023-01-03", "304": "2023-01-04", "305": "2023-01-05", "306": "2023-01-06", "307": "2023-01-09", "308": "2023-01-10", "309": "2023-01-11", "310": "2023-01-12", "311": "2023-01-13", "312": "2023-01-17", "313": "2023-01-18", "314": "2023-01-19", "315": "2023-01-20", "316": "2023-01-23", "317": "2023-01-24", "318": "2023-01-25", "319": "2023-01-26", "320": "2023-01-27", "321": "2023-01-30", "322": "2023-01-31", "323": "2023-02-01", "324": "2023-02-02", "325": "2023-02-03", "326": "2023-02-06", "327": "2023-02-07", "328": "2023-02-08", "329": "2023-02-09", "330": "2023-02-10", "331": "2023-02-13", "332": "2023-02-14", "333": "2023-02-15", "334": "2023-02-16", "335": "2023-02-17", "336": "2023-02-21", "337": "2023-02-22", "338": "2023-02-23", "339": "2023-02-24", "340": "2023-02-27", "341": "2023-02-28", "342": "2023-03-01", "343": "2023-03-02", "344": "2023-03-03", "345": "2023-03-06", "346": "2023-03-07", "347": "2023-03-08", "348": "2023-03-09", "349": "2023-03-10", "350": "2023-03-13", "351": "2023-03-14", "352": "2023-03-15", "353": "2023-03-16", "354": "2023-03-17", "355": "2023-03-20", "356": "2023-03-21", "357": "2023-03-22", "358": "2023-03-23", "359": "2023-03-24", "360": "2023-03-27", "361": "2023-03-28", "362": "2023-03-29", "363": "2023-03-30", "364": "2023-03-31", "365": "2023-04-03", "366": "2023-04-04", "367": "2023-04-05", "368": "2023-04-06", "369": "2023-04-10", "370": "2023-04-11", "371": "2023-04-12", "372": "2023-04-13", "373": "2023-04-14", "374": "2023-04-17", "375": "2023-04-18", "376": "2023-04-19", "377": "2023-04-20", "378": "2023-04-21", "379": "2023-04-24", "380": "2023-04-25", "381": "2023-04-26", "382": "2023-04-27", "383": "2023-04-28", "384": "2023-05-01", "385": "2023-05-02", "386": "2023-05-03", "387": "2023-05-04", "388": "2023-05-05", "389": "2023-05-08", "390": "2023-05-09", "391": "2023-05-10", "392": "2023-05-11", "393": "2023-05-12", "394": "2023-05-15", "395": "2023-05-16", "396": "2023-05-17", "397": "2023-05-18", "398": "2023-05-19", "399": "2023-05-22", "400": "2023-05-23", "401": "2023-05-24", "402": "2023-05-25", "403": "2023-05-26", "404": "2023-05-30", "405": "2023-05-31", "406": "2023-06-01", "407": "2023-06-02", "408": "2023-06-05", "409": "2023-06-06", "410": "2023-06-07", "411": "2023-06-08", "412": "2023-06-09", "413": "2023-06-12", "414": "2023-06-13", "415": "2023-06-14", "416": "2023-06-15", "417": "2023-06-16", "418": "2023-06-20", "419": "2023-06-21", "420": "2023-06-22", "421": "2023-06-23", "422": "2023-06-26", "423": "2023-06-27", "424": "2023-06-28"}, "open": {"0": 9.720000267028809, "1": 9.699999809265137, "2": 9.670000076293945, "3": 9.680000305175781, "4": 9.710000038146973, "5": 9.720000267028809, "6": 9.65999984741211, "7": 9.680000305175781, "8": 9.670000076293945, "9": 9.680000305175781, "10": 9.729999542236328, "11": 9.729000091552734, "12": 9.770000457763672, "13": 9.789999961853027, "14": 9.800000190734863, "15": 9.800000190734863, "16": 9.739999771118164, "17": 9.739999771118164, "18": 9.800000190734863, "19": 9.800000190734863, "20": 9.800000190734863, "21": 9.710000038146973, "22": 9.779999732971191, "23": 9.710000038146973, "24": 9.720000267028809, "25": 9.75, "26": 9.75, "27": 9.75, "28": 9.720000267028809, "29": 9.699999809265137, "30": 9.710000038146973, "31": 9.710000038146973, "32": 9.680000305175781, "33": 9.670000076293945, "34": 9.670000076293945, "35": 9.6899995803833, "36": 9.680000305175781, "37": 9.6899995803833, "38": 9.704999923706055, "39": 9.670000076293945, "40": 9.6899995803833, "41": 9.670000076293945, "42": 9.670000076293945, "43": 9.680000305175781, "44": 9.6899995803833, "45": 9.6899995803833, "46": 9.6899995803833, "47": 9.710000038146973, "48": 9.699999809265137, "49": 9.699999809265137, "50": 9.699999809265137, "51": 9.699999809265137, "52": 9.675000190734863, "53": 9.6899995803833, "54": 9.699999809265137, "55": 9.699999809265137, "56": 9.699999809265137, "57": 9.720000267028809, "58": 9.729999542236328, "59": 9.729999542236328, "60": 9.729999542236328, "61": 9.65999984741211, "62": 9.65999984741211, "63": 9.649999618530273, "64": 9.649999618530273, "65": 9.649999618530273, "66": 9.630000114440918, "67": 9.680000305175781, "68": 9.680000305175781, "69": 9.579999923706055, "70": 9.609999656677246, "71": 9.649999618530273, "72": 9.670000076293945, "73": 9.65999984741211, "74": 9.6850004196167, "75": 9.6850004196167, "76": 9.699999809265137, "77": 9.722999572753906, "78": 9.71500015258789, "79": 9.666999816894531, "80": 9.6850004196167, "81": 9.649999618530273, "82": 9.699999809265137, "83": 9.680000305175781, "84": 9.680000305175781, "85": 9.680000305175781, "86": 9.680000305175781, "87": 9.680000305175781, "88": 9.680000305175781, "89": 9.680000305175781, "90": 9.680000305175781, "91": 9.619999885559082, "92": 9.600000381469727, "93": 9.645000457763672, "94": 9.65999984741211, "95": 9.65999984741211, "96": 9.65999984741211, "97": 9.65999984741211, "98": 9.65999984741211, "99": 9.699999809265137, "100": 9.67199993133545, "101": 9.67199993133545, "102": 9.67199993133545, "103": 9.67199993133545, "104": 9.65999984741211, "105": 9.880000114440918, "106": 9.680000305175781, "107": 9.680000305175781, "108": 9.680000305175781, "109": 9.680000305175781, "110": 9.680000305175781, "111": 9.680000305175781, "112": 9.694999694824219, "113": 9.699999809265137, "114": 9.680000305175781, "115": 9.680000305175781, "116": 9.720000267028809, "117": 9.680000305175781, "118": 9.6899995803833, "119": 9.699999809265137, "120": 9.710000038146973, "121": 9.699999809265137, "122": 9.6899995803833, "123": 9.729999542236328, "124": 9.729999542236328, "125": 9.729999542236328, "126": 9.729999542236328, "127": 9.729999542236328, "128": 9.729999542236328, "129": 9.729999542236328, "130": 9.729999542236328, "131": 9.729999542236328, "132": 9.729999542236328, "133": 9.699999809265137, "134": 9.729999542236328, "135": 9.720000267028809, "136": 9.710000038146973, "137": 9.699999809265137, "138": 9.710000038146973, "139": 9.710000038146973, "140": 9.699999809265137, "141": 9.75, "142": 9.649999618530273, "143": 9.65999984741211, "144": 9.65999984741211, "145": 9.65999984741211, "146": 9.65999984741211, "147": 10.300000190734863, "148": 10.25, "149": 10.15999984741211, "150": 9.699999809265137, "151": 9.670000076293945, "152": 9.670000076293945, "153": 10.079999923706055, "154": 9.970000267028809, "155": 9.869999885559082, "156": 9.670000076293945, "157": 9.670000076293945, "158": 9.729999542236328, "159": 9.6899995803833, "160": 9.6899995803833, "161": 10.140000343322754, "162": 10.069999694824219, "163": 9.710000038146973, "164": 9.720000267028809, "165": 9.729999542236328, "166": 9.699999809265137, "167": 9.699999809265137, "168": 9.699999809265137, "169": 9.6899995803833, "170": 9.65999984741211, "171": 9.699999809265137, "172": 9.739999771118164, "173": 9.680000305175781, "174": 9.649999618530273, "175": 9.6899995803833, "176": 9.6899995803833, "177": 9.704999923706055, "178": 9.699999809265137, "179": 9.710000038146973, "180": 9.725000381469727, "181": 9.710000038146973, "182": 9.699999809265137, "183": 9.699999809265137, "184": 9.720000267028809, "185": 9.720000267028809, "186": 9.699999809265137, "187": 9.710000038146973, "188": 9.710000038146973, "189": 9.720000267028809, "190": 9.729999542236328, "191": 9.725000381469727, "192": 9.729999542236328, "193": 9.729999542236328, "194": 9.739999771118164, "195": 9.739999771118164, "196": 9.739999771118164, "197": 9.729999542236328, "198": 9.75, "199": 9.729999542236328, "200": 9.729999542236328, "201": 9.720000267028809, "202": 9.704999923706055, "203": 9.819999694824219, "204": 9.710000038146973, "205": 9.720000267028809, "206": 9.720000267028809, "207": 9.720000267028809, "208": 9.710000038146973, "209": 9.699999809265137, "210": 9.6899995803833, "211": 9.699999809265137, "212": 9.699999809265137, "213": 9.6899995803833, "214": 9.670000076293945, "215": 9.699999809265137, "216": 9.670000076293945, "217": 9.65999984741211, "218": 9.65999984741211, "219": 9.649999618530273, "220": 9.670000076293945, "221": 9.670000076293945, "222": 9.670000076293945, "223": 9.710000038146973, "224": 9.6899995803833, "225": 9.699999809265137, "226": 9.680000305175781, "227": 9.6899995803833, "228": 9.6899995803833, "229": 9.699999809265137, "230": 9.770000457763672, "231": 9.720000267028809, "232": 9.699999809265137, "233": 9.755000114440918, "234": 9.680000305175781, "235": 9.680000305175781, "236": 9.6899995803833, "237": 9.680000305175781, "238": 9.699999809265137, "239": 9.680000305175781, "240": 9.680000305175781, "241": 9.6899995803833, "242": 9.640000343322754, "243": 9.710000038146973, "244": 9.6899995803833, "245": 9.6899995803833, "246": 9.680000305175781, "247": 9.6899995803833, "248": 9.6899995803833, "249": 9.6899995803833, "250": 9.699999809265137, "251": 9.720000267028809, "252": 9.720000267028809, "253": 9.720000267028809, "254": 9.704999923706055, "255": 9.704999923706055, "256": 9.694999694824219, "257": 9.710000038146973, "258": 9.739999771118164, "259": 9.739999771118164, "260": 9.699999809265137, "261": 9.710000038146973, "262": 9.710000038146973, "263": 9.720000267028809, "264": 9.729999542236328, "265": 9.720000267028809, "266": 9.720000267028809, "267": 9.720000267028809, "268": 9.720000267028809, "269": 9.720000267028809, "270": 9.71500015258789, "271": 9.739999771118164, "272": 9.739999771118164, "273": 9.739999771118164, "274": 9.739999771118164, "275": 9.729999542236328, "276": 9.720000267028809, "277": 9.710000038146973, "278": 9.760000228881836, "279": 9.720000267028809, "280": 9.75, "281": 9.75, "282": 9.75, "283": 9.720000267028809, "284": 9.789999961853027, "285": 9.720000267028809, "286": 9.729999542236328, "287": 9.739999771118164, "288": 9.739999771118164, "289": 9.760000228881836, "290": 9.760000228881836, "291": 9.779999732971191, "292": 9.710000038146973, "293": 9.779999732971191, "294": 9.720000267028809, "295": 9.720000267028809, "296": 9.75, "297": 9.770000457763672, "298": 9.770000457763672, "299": 9.74899959564209, "300": 9.75, "301": 9.789999961853027, "302": 9.800000190734863, "303": 9.789999961853027, "304": 9.789999961853027, "305": 9.649999618530273, "306": 9.75, "307": 9.75, "308": 9.739999771118164, "309": 9.8100004196167, "310": 9.819999694824219, "311": 9.789999961853027, "312": 9.819999694824219, "313": 9.819999694824219, "314": 9.84000015258789, "315": 9.789999961853027, "316": 9.84000015258789, "317": 9.859999656677246, "318": 9.84000015258789, "319": 9.850000381469727, "320": 9.890000343322754, "321": 9.850000381469727, "322": 9.869999885559082, "323": 9.869999885559082, "324": 9.880000114440918, "325": 9.880000114440918, "326": 9.920000076293945, "327": 9.880000114440918, "328": 9.850000381469727, "329": 9.90999984741211, "330": 9.890000343322754, "331": 9.869999885559082, "332": 9.899999618530273, "333": 9.899999618530273, "334": 9.895000457763672, "335": 9.880000114440918, "336": 9.899999618530273, "337": 9.899999618530273, "338": 9.890000343322754, "339": 9.899999618530273, "340": 9.890000343322754, "341": 9.895000457763672, "342": 9.890000343322754, "343": 9.90999984741211, "344": 9.930000305175781, "345": 9.930000305175781, "346": 9.90999984741211, "347": 9.859999656677246, "348": 9.880000114440918, "349": 9.90999984741211, "350": 9.979999542236328, "351": 9.9399995803833, "352": 9.960000038146973, "353": 9.960000038146973, "354": 9.960000038146973, "355": 9.989999771118164, "356": 9.989999771118164, "357": 9.949999809265137, "358": 9.930000305175781, "359": 9.930000305175781, "360": 9.930000305175781, "361": 9.920000076293945, "362": 9.9399995803833, "363": 9.9399995803833, "364": 9.9399995803833, "365": 9.949999809265137, "366": 9.9399995803833, "367": 9.949999809265137, "368": 9.9399995803833, "369": 9.960000038146973, "370": 9.930000305175781, "371": 9.930000305175781, "372": 9.930000305175781, "373": 9.930000305175781, "374": 9.9399995803833, "375": 9.9399995803833, "376": 9.9399995803833, "377": 9.9399995803833, "378": 9.9399995803833, "379": 9.9399995803833, "380": 9.930000305175781, "381": 9.930000305175781, "382": 9.90999984741211, "383": 9.920000076293945, "384": 9.920000076293945, "385": 9.920000076293945, "386": 9.920000076293945, "387": 9.920000076293945, "388": 9.899999618530273, "389": 9.899999618530273, "390": 9.90999984741211, "391": 9.90999984741211, "392": 9.920000076293945, "393": 9.90999984741211, "394": 9.920000076293945, "395": 9.930000305175781, "396": 9.949999809265137, "397": 9.9399995803833, "398": 9.930000305175781, "399": 9.944999694824219, "400": 9.970000267028809, "401": 10.079999923706055, "402": 10.079999923706055, "403": 10.085000038146973, "404": 10.105999946594238, "405": 10.100000381469727, "406": 10.100000381469727, "407": 10.100000381469727, "408": 10.100000381469727, "409": 10.116000175476074, "410": 10.109999656677246, "411": 10.119999885559082, "412": 10.119999885559082, "413": 10.149999618530273, "414": 10.149999618530273, "415": 10.119999885559082, "416": 10.149999618530273, "417": 10.130000114440918, "418": 10.119999885559082, "419": 10.149999618530273, "420": 10.140000343322754, "421": 10.140000343322754, "422": 10.149999618530273, "423": 10.149999618530273, "424": 10.149999618530273}, "high": {"0": 9.720000267028809, "1": 9.699999809265137, "2": 9.670000076293945, "3": 9.710000038146973, "4": 9.720000267028809, "5": 9.760000228881836, "6": 9.760000228881836, "7": 9.720000267028809, "8": 9.760000228881836, "9": 9.729999542236328, "10": 9.75, "11": 9.789999961853027, "12": 9.770000457763672, "13": 9.789999961853027, "14": 9.800000190734863, "15": 9.800000190734863, "16": 9.789999961853027, "17": 9.789999961853027, "18": 9.800000190734863, "19": 9.800000190734863, "20": 9.800000190734863, "21": 9.800000190734863, "22": 9.779999732971191, "23": 9.75, "24": 9.75, "25": 9.75, "26": 9.75, "27": 9.75, "28": 9.729999542236328, "29": 9.720000267028809, "30": 9.710000038146973, "31": 9.710000038146973, "32": 9.699999809265137, "33": 9.6899995803833, "34": 9.6899995803833, "35": 9.6899995803833, "36": 9.6899995803833, "37": 9.710000038146973, "38": 9.704999923706055, "39": 9.6899995803833, "40": 9.6899995803833, "41": 9.680000305175781, "42": 9.680000305175781, "43": 9.680000305175781, "44": 9.6899995803833, "45": 9.6899995803833, "46": 9.710000038146973, "47": 9.710000038146973, "48": 9.699999809265137, "49": 9.699999809265137, "50": 9.699999809265137, "51": 9.699999809265137, "52": 9.675000190734863, "53": 9.70300006866455, "54": 9.699999809265137, "55": 9.699999809265137, "56": 9.850000381469727, "57": 9.729999542236328, "58": 9.729999542236328, "59": 9.729999542236328, "60": 9.729999542236328, "61": 9.720000267028809, "62": 9.699999809265137, "63": 9.649999618530273, "64": 9.649999618530273, "65": 9.649999618530273, "66": 9.680000305175781, "67": 9.680000305175781, "68": 9.680000305175781, "69": 9.609999656677246, "70": 9.609999656677246, "71": 9.670000076293945, "72": 9.670000076293945, "73": 9.6850004196167, "74": 9.6850004196167, "75": 9.6850004196167, "76": 9.819999694824219, "77": 9.758999824523926, "78": 9.71500015258789, "79": 9.666999816894531, "80": 9.6850004196167, "81": 9.649999618530273, "82": 9.720000267028809, "83": 9.680000305175781, "84": 9.680000305175781, "85": 9.680000305175781, "86": 9.680000305175781, "87": 9.680000305175781, "88": 9.680000305175781, "89": 9.680000305175781, "90": 9.680000305175781, "91": 9.619999885559082, "92": 9.600000381469727, "93": 9.65999984741211, "94": 9.65999984741211, "95": 9.65999984741211, "96": 9.65999984741211, "97": 9.670000076293945, "98": 9.699999809265137, "99": 9.699999809265137, "100": 9.67199993133545, "101": 9.67199993133545, "102": 9.67199993133545, "103": 9.67199993133545, "104": 9.880000114440918, "105": 9.880000114440918, "106": 9.680000305175781, "107": 9.680000305175781, "108": 9.680000305175781, "109": 9.680000305175781, "110": 9.680000305175781, "111": 9.694999694824219, "112": 9.694999694824219, "113": 9.75, "114": 9.6899995803833, "115": 9.680000305175781, "116": 9.720000267028809, "117": 9.680000305175781, "118": 9.699999809265137, "119": 9.710000038146973, "120": 9.710000038146973, "121": 9.699999809265137, "122": 9.729999542236328, "123": 9.729999542236328, "124": 9.729999542236328, "125": 9.729999542236328, "126": 9.729999542236328, "127": 9.729999542236328, "128": 9.729999542236328, "129": 9.729999542236328, "130": 9.729999542236328, "131": 9.729999542236328, "132": 9.729999542236328, "133": 9.699999809265137, "134": 9.729999542236328, "135": 9.720000267028809, "136": 9.710000038146973, "137": 9.710000038146973, "138": 9.710000038146973, "139": 9.720000267028809, "140": 9.699999809265137, "141": 9.75, "142": 9.65999984741211, "143": 9.65999984741211, "144": 9.65999984741211, "145": 9.65999984741211, "146": 9.65999984741211, "147": 10.300000190734863, "148": 10.25, "149": 10.15999984741211, "150": 9.699999809265137, "151": 9.670000076293945, "152": 9.670000076293945, "153": 10.079999923706055, "154": 9.970000267028809, "155": 9.899999618530273, "156": 9.670000076293945, "157": 9.670000076293945, "158": 9.729999542236328, "159": 9.6899995803833, "160": 9.6899995803833, "161": 10.140000343322754, "162": 10.180000305175781, "163": 9.720000267028809, "164": 9.720000267028809, "165": 9.729999542236328, "166": 9.699999809265137, "167": 9.699999809265137, "168": 9.699999809265137, "169": 9.699999809265137, "170": 9.65999984741211, "171": 9.699999809265137, "172": 9.739999771118164, "173": 9.680000305175781, "174": 9.649999618530273, "175": 9.6899995803833, "176": 9.739999771118164, "177": 9.704999923706055, "178": 9.729999542236328, "179": 9.720000267028809, "180": 9.725000381469727, "181": 9.720000267028809, "182": 9.699999809265137, "183": 9.699999809265137, "184": 9.720000267028809, "185": 9.720000267028809, "186": 9.710000038146973, "187": 9.710000038146973, "188": 9.710000038146973, "189": 9.729999542236328, "190": 9.729999542236328, "191": 9.75, "192": 9.729999542236328, "193": 9.729999542236328, "194": 9.744999885559082, "195": 9.739999771118164, "196": 9.739999771118164, "197": 9.739999771118164, "198": 9.760000228881836, "199": 9.729999542236328, "200": 9.729999542236328, "201": 9.720000267028809, "202": 9.710000038146973, "203": 9.819999694824219, "204": 9.710000038146973, "205": 9.720000267028809, "206": 9.720000267028809, "207": 9.720000267028809, "208": 9.710000038146973, "209": 9.699999809265137, "210": 9.699999809265137, "211": 9.699999809265137, "212": 9.725000381469727, "213": 9.699999809265137, "214": 9.670000076293945, "215": 9.699999809265137, "216": 9.670000076293945, "217": 9.65999984741211, "218": 9.65999984741211, "219": 9.670000076293945, "220": 9.670000076293945, "221": 9.670000076293945, "222": 9.6899995803833, "223": 9.75, "224": 9.6899995803833, "225": 9.699999809265137, "226": 9.710000038146973, "227": 9.6899995803833, "228": 9.6899995803833, "229": 9.699999809265137, "230": 9.770000457763672, "231": 9.720000267028809, "232": 9.699999809265137, "233": 9.755000114440918, "234": 9.694999694824219, "235": 9.699999809265137, "236": 9.699999809265137, "237": 9.710000038146973, "238": 9.699999809265137, "239": 9.680000305175781, "240": 9.6899995803833, "241": 9.6899995803833, "242": 9.720000267028809, "243": 9.710000038146973, "244": 9.6899995803833, "245": 9.6899995803833, "246": 9.6899995803833, "247": 9.6899995803833, "248": 9.6899995803833, "249": 9.6899995803833, "250": 9.699999809265137, "251": 9.720000267028809, "252": 9.720000267028809, "253": 9.720000267028809, "254": 9.704999923706055, "255": 9.704999923706055, "256": 9.710000038146973, "257": 9.710000038146973, "258": 9.739999771118164, "259": 9.744999885559082, "260": 9.720000267028809, "261": 9.71500015258789, "262": 9.720000267028809, "263": 9.720000267028809, "264": 9.729999542236328, "265": 9.720000267028809, "266": 9.720000267028809, "267": 9.720000267028809, "268": 9.720000267028809, "269": 9.720000267028809, "270": 9.739999771118164, "271": 9.739999771118164, "272": 9.739999771118164, "273": 9.739999771118164, "274": 9.739999771118164, "275": 9.729999542236328, "276": 9.720000267028809, "277": 9.710000038146973, "278": 9.800000190734863, "279": 9.720000267028809, "280": 9.75, "281": 9.75, "282": 9.760000228881836, "283": 9.770000457763672, "284": 9.789999961853027, "285": 9.729999542236328, "286": 9.729999542236328, "287": 9.760000228881836, "288": 9.760000228881836, "289": 9.760000228881836, "290": 9.779999732971191, "291": 9.779999732971191, "292": 9.779999732971191, "293": 9.779999732971191, "294": 9.779999732971191, "295": 9.770000457763672, "296": 9.760000228881836, "297": 9.770000457763672, "298": 9.779999732971191, "299": 9.75, "300": 9.789999961853027, "301": 9.789999961853027, "302": 9.8100004196167, "303": 9.789999961853027, "304": 9.789999961853027, "305": 9.779999732971191, "306": 9.75, "307": 9.760000228881836, "308": 9.829999923706055, "309": 9.819999694824219, "310": 9.819999694824219, "311": 9.805000305175781, "312": 9.859999656677246, "313": 9.850000381469727, "314": 9.84000015258789, "315": 9.850000381469727, "316": 9.859999656677246, "317": 9.869999885559082, "318": 9.850000381469727, "319": 9.869999885559082, "320": 9.90999984741211, "321": 9.869999885559082, "322": 9.869999885559082, "323": 9.880000114440918, "324": 9.90999984741211, "325": 9.899999618530273, "326": 9.920000076293945, "327": 9.880000114440918, "328": 9.899999618530273, "329": 9.90999984741211, "330": 9.890000343322754, "331": 9.899999618530273, "332": 9.90999984741211, "333": 9.90999984741211, "334": 9.899999618530273, "335": 9.899999618530273, "336": 9.899999618530273, "337": 9.899999618530273, "338": 9.899999618530273, "339": 9.899999618530273, "340": 9.930000305175781, "341": 9.9399995803833, "342": 9.899999618530273, "343": 9.9399995803833, "344": 9.930000305175781, "345": 9.949999809265137, "346": 9.949999809265137, "347": 9.930000305175781, "348": 9.920000076293945, "349": 10.199999809265137, "350": 9.979999542236328, "351": 9.979999542236328, "352": 9.960000038146973, "353": 9.960000038146973, "354": 10.039999961853027, "355": 9.989999771118164, "356": 9.989999771118164, "357": 9.979999542236328, "358": 9.930000305175781, "359": 9.930000305175781, "360": 9.930000305175781, "361": 9.930000305175781, "362": 9.9399995803833, "363": 9.9399995803833, "364": 9.9399995803833, "365": 9.949999809265137, "366": 9.9399995803833, "367": 9.949999809265137, "368": 9.949999809265137, "369": 9.960000038146973, "370": 9.949999809265137, "371": 9.930000305175781, "372": 9.930000305175781, "373": 9.930000305175781, "374": 9.9399995803833, "375": 9.9399995803833, "376": 9.9399995803833, "377": 9.9399995803833, "378": 9.9399995803833, "379": 9.9399995803833, "380": 9.9399995803833, "381": 9.930000305175781, "382": 9.90999984741211, "383": 9.930000305175781, "384": 9.920000076293945, "385": 9.930000305175781, "386": 9.920000076293945, "387": 9.920000076293945, "388": 9.920000076293945, "389": 9.930000305175781, "390": 9.920000076293945, "391": 9.920000076293945, "392": 9.920000076293945, "393": 9.920000076293945, "394": 9.9399995803833, "395": 9.9399995803833, "396": 9.949999809265137, "397": 9.949999809265137, "398": 9.949999809265137, "399": 9.944999694824219, "400": 10.25, "401": 10.085000038146973, "402": 10.085000038146973, "403": 10.149999618530273, "404": 10.105999946594238, "405": 10.100000381469727, "406": 10.100000381469727, "407": 10.109999656677246, "408": 10.149999618530273, "409": 10.130000114440918, "410": 10.125, "411": 10.119999885559082, "412": 10.130000114440918, "413": 10.149999618530273, "414": 10.149999618530273, "415": 10.119999885559082, "416": 10.149999618530273, "417": 10.130000114440918, "418": 10.149999618530273, "419": 10.149999618530273, "420": 10.140000343322754, "421": 10.149999618530273, "422": 10.149999618530273, "423": 10.154999732971191, "424": 10.15999984741211}, "low": {"0": 9.649999618530273, "1": 9.670000076293945, "2": 9.670000076293945, "3": 9.680000305175781, "4": 9.710000038146973, "5": 9.720000267028809, "6": 9.65999984741211, "7": 9.670000076293945, "8": 9.670000076293945, "9": 9.670000076293945, "10": 9.729999542236328, "11": 9.729000091552734, "12": 9.739999771118164, "13": 9.789999961853027, "14": 9.800000190734863, "15": 9.800000190734863, "16": 9.734999656677246, "17": 9.739999771118164, "18": 9.789999961853027, "19": 9.800000190734863, "20": 9.800000190734863, "21": 9.710000038146973, "22": 9.779999732971191, "23": 9.710000038146973, "24": 9.720000267028809, "25": 9.75, "26": 9.75, "27": 9.75, "28": 9.720000267028809, "29": 9.670000076293945, "30": 9.710000038146973, "31": 9.65999984741211, "32": 9.649999618530273, "33": 9.649999618530273, "34": 9.670000076293945, "35": 9.6899995803833, "36": 9.680000305175781, "37": 9.670000076293945, "38": 9.704999923706055, "39": 9.65999984741211, "40": 9.6899995803833, "41": 9.649999618530273, "42": 9.670000076293945, "43": 9.680000305175781, "44": 9.6899995803833, "45": 9.6899995803833, "46": 9.6899995803833, "47": 9.710000038146973, "48": 9.699999809265137, "49": 9.699999809265137, "50": 9.699999809265137, "51": 9.699999809265137, "52": 9.675000190734863, "53": 9.6899995803833, "54": 9.699999809265137, "55": 9.699999809265137, "56": 9.699999809265137, "57": 9.720000267028809, "58": 9.729999542236328, "59": 9.729999542236328, "60": 9.729999542236328, "61": 9.65999984741211, "62": 9.649999618530273, "63": 9.649999618530273, "64": 9.649999618530273, "65": 9.649999618530273, "66": 9.600000381469727, "67": 9.680000305175781, "68": 9.680000305175781, "69": 9.579999923706055, "70": 9.609999656677246, "71": 9.649999618530273, "72": 9.670000076293945, "73": 9.65999984741211, "74": 9.6850004196167, "75": 9.6850004196167, "76": 9.699999809265137, "77": 9.710000038146973, "78": 9.699999809265137, "79": 9.649999618530273, "80": 9.630000114440918, "81": 9.649999618530273, "82": 9.654000282287598, "83": 9.680000305175781, "84": 9.680000305175781, "85": 9.680000305175781, "86": 9.680000305175781, "87": 9.680000305175781, "88": 9.680000305175781, "89": 9.680000305175781, "90": 9.680000305175781, "91": 9.600000381469727, "92": 9.600000381469727, "93": 9.645000457763672, "94": 9.65999984741211, "95": 9.65999984741211, "96": 9.65999984741211, "97": 9.649999618530273, "98": 9.65999984741211, "99": 9.65999984741211, "100": 9.67199993133545, "101": 9.67199993133545, "102": 9.67199993133545, "103": 9.67199993133545, "104": 9.65999984741211, "105": 9.880000114440918, "106": 9.645000457763672, "107": 9.680000305175781, "108": 9.680000305175781, "109": 9.680000305175781, "110": 9.680000305175781, "111": 9.680000305175781, "112": 9.694999694824219, "113": 9.699999809265137, "114": 9.680000305175781, "115": 9.680000305175781, "116": 9.720000267028809, "117": 9.670000076293945, "118": 9.680000305175781, "119": 9.699999809265137, "120": 9.699999809265137, "121": 9.699999809265137, "122": 9.6899995803833, "123": 9.729999542236328, "124": 9.729999542236328, "125": 9.729999542236328, "126": 9.729999542236328, "127": 9.729999542236328, "128": 9.729999542236328, "129": 9.729999542236328, "130": 9.729999542236328, "131": 9.729999542236328, "132": 9.729999542236328, "133": 9.699999809265137, "134": 9.729999542236328, "135": 9.704999923706055, "136": 9.710000038146973, "137": 9.699999809265137, "138": 9.710000038146973, "139": 9.710000038146973, "140": 9.680000305175781, "141": 9.670000076293945, "142": 9.649999618530273, "143": 9.65999984741211, "144": 9.65999984741211, "145": 9.65999984741211, "146": 9.65999984741211, "147": 9.609999656677246, "148": 9.609999656677246, "149": 9.699999809265137, "150": 9.699999809265137, "151": 9.670000076293945, "152": 9.670000076293945, "153": 9.670000076293945, "154": 9.670000076293945, "155": 9.710000038146973, "156": 9.670000076293945, "157": 9.670000076293945, "158": 9.729999542236328, "159": 9.6899995803833, "160": 9.6899995803833, "161": 9.75, "162": 9.710000038146973, "163": 9.710000038146973, "164": 9.720000267028809, "165": 9.729999542236328, "166": 9.699999809265137, "167": 9.699999809265137, "168": 9.65999984741211, "169": 9.640000343322754, "170": 9.65999984741211, "171": 9.6899995803833, "172": 9.65999984741211, "173": 9.649999618530273, "174": 9.649999618530273, "175": 9.670000076293945, "176": 9.680000305175781, "177": 9.680000305175781, "178": 9.699999809265137, "179": 9.710000038146973, "180": 9.725000381469727, "181": 9.699999809265137, "182": 9.699999809265137, "183": 9.699999809265137, "184": 9.720000267028809, "185": 9.720000267028809, "186": 9.699999809265137, "187": 9.710000038146973, "188": 9.710000038146973, "189": 9.720000267028809, "190": 9.729999542236328, "191": 9.699999809265137, "192": 9.729999542236328, "193": 9.729999542236328, "194": 9.729999542236328, "195": 9.739999771118164, "196": 9.739999771118164, "197": 9.720000267028809, "198": 9.720000267028809, "199": 9.729999542236328, "200": 9.729999542236328, "201": 9.710000038146973, "202": 9.699999809265137, "203": 9.699999809265137, "204": 9.710000038146973, "205": 9.71500015258789, "206": 9.720000267028809, "207": 9.720000267028809, "208": 9.680000305175781, "209": 9.699999809265137, "210": 9.6899995803833, "211": 9.699999809265137, "212": 9.699999809265137, "213": 9.680000305175781, "214": 9.670000076293945, "215": 9.670000076293945, "216": 9.65999984741211, "217": 9.65999984741211, "218": 9.649999618530273, "219": 9.649999618530273, "220": 9.65999984741211, "221": 9.65999984741211, "222": 9.668000221252441, "223": 9.65999984741211, "224": 9.680000305175781, "225": 9.699999809265137, "226": 9.680000305175781, "227": 9.6899995803833, "228": 9.6899995803833, "229": 9.6899995803833, "230": 9.6899995803833, "231": 9.680000305175781, "232": 9.6899995803833, "233": 9.6850004196167, "234": 9.680000305175781, "235": 9.680000305175781, "236": 9.680000305175781, "237": 9.680000305175781, "238": 9.680000305175781, "239": 9.680000305175781, "240": 9.680000305175781, "241": 9.6899995803833, "242": 9.640000343322754, "243": 9.699999809265137, "244": 9.680000305175781, "245": 9.680000305175781, "246": 9.680000305175781, "247": 9.6899995803833, "248": 9.6899995803833, "249": 9.6899995803833, "250": 9.699999809265137, "251": 9.699999809265137, "252": 9.699999809265137, "253": 9.699999809265137, "254": 9.6899995803833, "255": 9.704999923706055, "256": 9.694999694824219, "257": 9.710000038146973, "258": 9.739999771118164, "259": 9.725000381469727, "260": 9.699999809265137, "261": 9.699999809265137, "262": 9.699999809265137, "263": 9.71500015258789, "264": 9.729999542236328, "265": 9.720000267028809, "266": 9.720000267028809, "267": 9.720000267028809, "268": 9.720000267028809, "269": 9.720000267028809, "270": 9.710000038146973, "271": 9.739999771118164, "272": 9.739999771118164, "273": 9.739999771118164, "274": 9.739999771118164, "275": 9.729999542236328, "276": 9.710000038146973, "277": 9.710000038146973, "278": 9.720000267028809, "279": 9.720000267028809, "280": 9.739999771118164, "281": 9.75, "282": 9.75, "283": 9.710000038146973, "284": 9.694999694824219, "285": 9.720000267028809, "286": 9.720000267028809, "287": 9.729999542236328, "288": 9.729999542236328, "289": 9.720000267028809, "290": 9.760000228881836, "291": 9.779999732971191, "292": 9.710000038146973, "293": 9.779999732971191, "294": 9.720000267028809, "295": 9.720000267028809, "296": 9.75, "297": 9.770000457763672, "298": 9.770000457763672, "299": 9.74899959564209, "300": 9.739999771118164, "301": 9.789999961853027, "302": 9.760000228881836, "303": 9.789999961853027, "304": 9.789999961853027, "305": 9.630000114440918, "306": 9.739999771118164, "307": 9.729999542236328, "308": 9.739999771118164, "309": 9.800000190734863, "310": 9.789999961853027, "311": 9.779999732971191, "312": 9.789999961853027, "313": 9.800000190734863, "314": 9.824999809265137, "315": 9.789999961853027, "316": 9.829999923706055, "317": 9.84000015258789, "318": 9.84000015258789, "319": 9.829999923706055, "320": 9.859999656677246, "321": 9.850000381469727, "322": 9.869999885559082, "323": 9.859999656677246, "324": 9.850000381469727, "325": 9.869999885559082, "326": 9.890000343322754, "327": 9.869999885559082, "328": 9.850000381469727, "329": 9.890000343322754, "330": 9.880000114440918, "331": 9.869999885559082, "332": 9.890000343322754, "333": 9.899999618530273, "334": 9.890000343322754, "335": 9.880000114440918, "336": 9.899999618530273, "337": 9.850000381469727, "338": 9.890000343322754, "339": 9.899999618530273, "340": 9.890000343322754, "341": 9.869999885559082, "342": 9.869999885559082, "343": 9.890000343322754, "344": 9.920000076293945, "345": 9.920000076293945, "346": 9.880000114440918, "347": 9.819999694824219, "348": 9.880000114440918, "349": 9.907999992370605, "350": 9.930000305175781, "351": 9.9399995803833, "352": 9.949999809265137, "353": 9.949999809265137, "354": 9.960000038146973, "355": 9.970000267028809, "356": 9.949999809265137, "357": 9.90999984741211, "358": 9.930000305175781, "359": 9.930000305175781, "360": 9.899999618530273, "361": 9.920000076293945, "362": 9.9399995803833, "363": 9.920000076293945, "364": 9.9399995803833, "365": 9.859999656677246, "366": 9.920000076293945, "367": 9.930000305175781, "368": 9.930000305175781, "369": 9.930000305175781, "370": 9.930000305175781, "371": 9.930000305175781, "372": 9.930000305175781, "373": 9.930000305175781, "374": 9.9399995803833, "375": 9.9399995803833, "376": 9.9399995803833, "377": 9.9399995803833, "378": 9.9399995803833, "379": 9.930000305175781, "380": 9.90999984741211, "381": 9.90999984741211, "382": 9.90999984741211, "383": 9.90999984741211, "384": 9.90999984741211, "385": 9.920000076293945, "386": 9.90999984741211, "387": 9.890000343322754, "388": 9.899999618530273, "389": 9.899999618530273, "390": 9.90999984741211, "391": 9.90999984741211, "392": 9.914999961853027, "393": 9.90999984741211, "394": 9.920000076293945, "395": 9.920000076293945, "396": 9.930000305175781, "397": 9.9350004196167, "398": 9.930000305175781, "399": 9.944999694824219, "400": 9.970000267028809, "401": 10.0600004196167, "402": 10.069999694824219, "403": 10.079999923706055, "404": 10.105999946594238, "405": 10.100000381469727, "406": 10.100000381469727, "407": 10.095000267028809, "408": 10.100000381469727, "409": 10.109999656677246, "410": 10.109999656677246, "411": 10.119999885559082, "412": 10.114999771118164, "413": 10.149999618530273, "414": 10.119999885559082, "415": 10.119999885559082, "416": 10.130000114440918, "417": 10.130000114440918, "418": 10.119999885559082, "419": 10.130000114440918, "420": 10.140000343322754, "421": 10.140000343322754, "422": 10.149999618530273, "423": 10.149999618530273, "424": 10.149999618530273}, "close": {"0": 9.699999809265137, "1": 9.6899995803833, "2": 9.670000076293945, "3": 9.708000183105469, "4": 9.720000267028809, "5": 9.760000228881836, "6": 9.760000228881836, "7": 9.720000267028809, "8": 9.720000267028809, "9": 9.729999542236328, "10": 9.75, "11": 9.770000457763672, "12": 9.770000457763672, "13": 9.789999961853027, "14": 9.800000190734863, "15": 9.800000190734863, "16": 9.75, "17": 9.75, "18": 9.800000190734863, "19": 9.800000190734863, "20": 9.800000190734863, "21": 9.779999732971191, "22": 9.779999732971191, "23": 9.75, "24": 9.75, "25": 9.75, "26": 9.75, "27": 9.75, "28": 9.729999542236328, "29": 9.710000038146973, "30": 9.710000038146973, "31": 9.670000076293945, "32": 9.6899995803833, "33": 9.6899995803833, "34": 9.6899995803833, "35": 9.6899995803833, "36": 9.6899995803833, "37": 9.704999923706055, "38": 9.704999923706055, "39": 9.6899995803833, "40": 9.6899995803833, "41": 9.680000305175781, "42": 9.680000305175781, "43": 9.680000305175781, "44": 9.6899995803833, "45": 9.6899995803833, "46": 9.710000038146973, "47": 9.710000038146973, "48": 9.699999809265137, "49": 9.699999809265137, "50": 9.699999809265137, "51": 9.699999809265137, "52": 9.675000190734863, "53": 9.699999809265137, "54": 9.699999809265137, "55": 9.699999809265137, "56": 9.739999771118164, "57": 9.729999542236328, "58": 9.729999542236328, "59": 9.729999542236328, "60": 9.729999542236328, "61": 9.720000267028809, "62": 9.649999618530273, "63": 9.649999618530273, "64": 9.649999618530273, "65": 9.649999618530273, "66": 9.680000305175781, "67": 9.680000305175781, "68": 9.680000305175781, "69": 9.609999656677246, "70": 9.609999656677246, "71": 9.670000076293945, "72": 9.670000076293945, "73": 9.6850004196167, "74": 9.6850004196167, "75": 9.6850004196167, "76": 9.819999694824219, "77": 9.725000381469727, "78": 9.699999809265137, "79": 9.65999984741211, "80": 9.649999618530273, "81": 9.649999618530273, "82": 9.675000190734863, "83": 9.680000305175781, "84": 9.680000305175781, "85": 9.680000305175781, "86": 9.680000305175781, "87": 9.680000305175781, "88": 9.680000305175781, "89": 9.680000305175781, "90": 9.680000305175781, "91": 9.600000381469727, "92": 9.600000381469727, "93": 9.65999984741211, "94": 9.65999984741211, "95": 9.65999984741211, "96": 9.65999984741211, "97": 9.670000076293945, "98": 9.699999809265137, "99": 9.67199993133545, "100": 9.67199993133545, "101": 9.67199993133545, "102": 9.67199993133545, "103": 9.67199993133545, "104": 9.880000114440918, "105": 9.880000114440918, "106": 9.680000305175781, "107": 9.680000305175781, "108": 9.680000305175781, "109": 9.680000305175781, "110": 9.680000305175781, "111": 9.694999694824219, "112": 9.694999694824219, "113": 9.75, "114": 9.680000305175781, "115": 9.680000305175781, "116": 9.720000267028809, "117": 9.680000305175781, "118": 9.699999809265137, "119": 9.699999809265137, "120": 9.699999809265137, "121": 9.699999809265137, "122": 9.729999542236328, "123": 9.729999542236328, "124": 9.729999542236328, "125": 9.729999542236328, "126": 9.729999542236328, "127": 9.729999542236328, "128": 9.729999542236328, "129": 9.729999542236328, "130": 9.729999542236328, "131": 9.729999542236328, "132": 9.729999542236328, "133": 9.699999809265137, "134": 9.729999542236328, "135": 9.710000038146973, "136": 9.710000038146973, "137": 9.710000038146973, "138": 9.710000038146973, "139": 9.720000267028809, "140": 9.680000305175781, "141": 9.670000076293945, "142": 9.65999984741211, "143": 9.65999984741211, "144": 9.65999984741211, "145": 9.65999984741211, "146": 9.65999984741211, "147": 9.609999656677246, "148": 9.609999656677246, "149": 9.699999809265137, "150": 9.699999809265137, "151": 9.670000076293945, "152": 9.670000076293945, "153": 9.670000076293945, "154": 9.670000076293945, "155": 9.710000038146973, "156": 9.670000076293945, "157": 9.670000076293945, "158": 9.729999542236328, "159": 9.6899995803833, "160": 9.6899995803833, "161": 9.75, "162": 9.75, "163": 9.720000267028809, "164": 9.720000267028809, "165": 9.729999542236328, "166": 9.699999809265137, "167": 9.699999809265137, "168": 9.65999984741211, "169": 9.65999984741211, "170": 9.65999984741211, "171": 9.6899995803833, "172": 9.65999984741211, "173": 9.649999618530273, "174": 9.649999618530273, "175": 9.670000076293945, "176": 9.680000305175781, "177": 9.680000305175781, "178": 9.699999809265137, "179": 9.720000267028809, "180": 9.725000381469727, "181": 9.699999809265137, "182": 9.699999809265137, "183": 9.699999809265137, "184": 9.720000267028809, "185": 9.720000267028809, "186": 9.710000038146973, "187": 9.710000038146973, "188": 9.710000038146973, "189": 9.729999542236328, "190": 9.729999542236328, "191": 9.699999809265137, "192": 9.729999542236328, "193": 9.729999542236328, "194": 9.739999771118164, "195": 9.739999771118164, "196": 9.739999771118164, "197": 9.720000267028809, "198": 9.729999542236328, "199": 9.729999542236328, "200": 9.729999542236328, "201": 9.71500015258789, "202": 9.710000038146973, "203": 9.720000267028809, "204": 9.710000038146973, "205": 9.720000267028809, "206": 9.720000267028809, "207": 9.720000267028809, "208": 9.680000305175781, "209": 9.699999809265137, "210": 9.699999809265137, "211": 9.699999809265137, "212": 9.710000038146973, "213": 9.680000305175781, "214": 9.670000076293945, "215": 9.670000076293945, "216": 9.65999984741211, "217": 9.65999984741211, "218": 9.65999984741211, "219": 9.65999984741211, "220": 9.664999961853027, "221": 9.65999984741211, "222": 9.6899995803833, "223": 9.65999984741211, "224": 9.680000305175781, "225": 9.699999809265137, "226": 9.6899995803833, "227": 9.6899995803833, "228": 9.6899995803833, "229": 9.6899995803833, "230": 9.699999809265137, "231": 9.699999809265137, "232": 9.694999694824219, "233": 9.6899995803833, "234": 9.694999694824219, "235": 9.680000305175781, "236": 9.699999809265137, "237": 9.710000038146973, "238": 9.680000305175781, "239": 9.680000305175781, "240": 9.6899995803833, "241": 9.6899995803833, "242": 9.720000267028809, "243": 9.699999809265137, "244": 9.6899995803833, "245": 9.6850004196167, "246": 9.6899995803833, "247": 9.6899995803833, "248": 9.6899995803833, "249": 9.6899995803833, "250": 9.699999809265137, "251": 9.699999809265137, "252": 9.710000038146973, "253": 9.699999809265137, "254": 9.699999809265137, "255": 9.704999923706055, "256": 9.710000038146973, "257": 9.710000038146973, "258": 9.739999771118164, "259": 9.725000381469727, "260": 9.710000038146973, "261": 9.71500015258789, "262": 9.720000267028809, "263": 9.71500015258789, "264": 9.729999542236328, "265": 9.720000267028809, "266": 9.720000267028809, "267": 9.720000267028809, "268": 9.720000267028809, "269": 9.720000267028809, "270": 9.739999771118164, "271": 9.739999771118164, "272": 9.739999771118164, "273": 9.739999771118164, "274": 9.739999771118164, "275": 9.729999542236328, "276": 9.710000038146973, "277": 9.710000038146973, "278": 9.720000267028809, "279": 9.720000267028809, "280": 9.739999771118164, "281": 9.75, "282": 9.760000228881836, "283": 9.770000457763672, "284": 9.704999923706055, "285": 9.729999542236328, "286": 9.723999977111816, "287": 9.739999771118164, "288": 9.760000228881836, "289": 9.760000228881836, "290": 9.779999732971191, "291": 9.779999732971191, "292": 9.779999732971191, "293": 9.779999732971191, "294": 9.779999732971191, "295": 9.770000457763672, "296": 9.760000228881836, "297": 9.770000457763672, "298": 9.779999732971191, "299": 9.75, "300": 9.789999961853027, "301": 9.789999961853027, "302": 9.789999961853027, "303": 9.789999961853027, "304": 9.789999961853027, "305": 9.760000228881836, "306": 9.739999771118164, "307": 9.75, "308": 9.819999694824219, "309": 9.819999694824219, "310": 9.789999961853027, "311": 9.800000190734863, "312": 9.835000038146973, "313": 9.829999923706055, "314": 9.829999923706055, "315": 9.835000038146973, "316": 9.850000381469727, "317": 9.84000015258789, "318": 9.850000381469727, "319": 9.869999885559082, "320": 9.859999656677246, "321": 9.859999656677246, "322": 9.869999885559082, "323": 9.859999656677246, "324": 9.859999656677246, "325": 9.880000114440918, "326": 9.899999618530273, "327": 9.869999885559082, "328": 9.869999885559082, "329": 9.890000343322754, "330": 9.880000114440918, "331": 9.899999618530273, "332": 9.890000343322754, "333": 9.90999984741211, "334": 9.890000343322754, "335": 9.899999618530273, "336": 9.899999618530273, "337": 9.899999618530273, "338": 9.899999618530273, "339": 9.899999618530273, "340": 9.930000305175781, "341": 9.880000114440918, "342": 9.899999618530273, "343": 9.930000305175781, "344": 9.920000076293945, "345": 9.949999809265137, "346": 9.930000305175781, "347": 9.890000343322754, "348": 9.920000076293945, "349": 9.960000038146973, "350": 9.9399995803833, "351": 9.960000038146973, "352": 9.954999923706055, "353": 9.949999809265137, "354": 9.960000038146973, "355": 9.979999542236328, "356": 9.949999809265137, "357": 9.930000305175781, "358": 9.930000305175781, "359": 9.930000305175781, "360": 9.918999671936035, "361": 9.930000305175781, "362": 9.9399995803833, "363": 9.920000076293945, "364": 9.9399995803833, "365": 9.890000343322754, "366": 9.9399995803833, "367": 9.930000305175781, "368": 9.949999809265137, "369": 9.9399995803833, "370": 9.930000305175781, "371": 9.930000305175781, "372": 9.930000305175781, "373": 9.930000305175781, "374": 9.9399995803833, "375": 9.9399995803833, "376": 9.9399995803833, "377": 9.9399995803833, "378": 9.9399995803833, "379": 9.9399995803833, "380": 9.90999984741211, "381": 9.90999984741211, "382": 9.90999984741211, "383": 9.90999984741211, "384": 9.920000076293945, "385": 9.920000076293945, "386": 9.90999984741211, "387": 9.899999618530273, "388": 9.920000076293945, "389": 9.920000076293945, "390": 9.920000076293945, "391": 9.920000076293945, "392": 9.920000076293945, "393": 9.920000076293945, "394": 9.9399995803833, "395": 9.9399995803833, "396": 9.949999809265137, "397": 9.949999809265137, "398": 9.944999694824219, "399": 9.944999694824219, "400": 10.069999694824219, "401": 10.079999923706055, "402": 10.079999923706055, "403": 10.079999923706055, "404": 10.105999946594238, "405": 10.100000381469727, "406": 10.100000381469727, "407": 10.100000381469727, "408": 10.109999656677246, "409": 10.130000114440918, "410": 10.119999885559082, "411": 10.119999885559082, "412": 10.130000114440918, "413": 10.149999618530273, "414": 10.119999885559082, "415": 10.119999885559082, "416": 10.130000114440918, "417": 10.130000114440918, "418": 10.135000228881836, "419": 10.130000114440918, "420": 10.140000343322754, "421": 10.149999618530273, "422": 10.149999618530273, "423": 10.154999732971191, "424": 10.15999984741211}, "volume": {"0": 7500, "1": 1700, "2": 200, "3": 3700, "4": 5600, "5": 22600, "6": 6300, "7": 15100, "8": 155700, "9": 13000, "10": 1700, "11": 51800, "12": 2100, "13": 100, "14": 200, "15": 0, "16": 11600, "17": 1300, "18": 600, "19": 0, "20": 0, "21": 4100, "22": 0, "23": 29500, "24": 28400, "25": 0, "26": 0, "27": 0, "28": 53600, "29": 112500, "30": 0, "31": 73900, "32": 40800, "33": 5000, "34": 3000, "35": 1800, "36": 1700, "37": 38000, "38": 0, "39": 205400, "40": 0, "41": 509300, "42": 4400, "43": 6900, "44": 3600, "45": 400, "46": 1700, "47": 0, "48": 100, "49": 0, "50": 0, "51": 0, "52": 68200, "53": 10700, "54": 0, "55": 0, "56": 2900, "57": 600, "58": 0, "59": 0, "60": 0, "61": 7600, "62": 1500, "63": 150000, "64": 0, "65": 0, "66": 3000, "67": 0, "68": 0, "69": 300, "70": 0, "71": 1100, "72": 28100, "73": 2000, "74": 0, "75": 0, "76": 3500, "77": 3400, "78": 1200, "79": 40500, "80": 10600, "81": 0, "82": 3700, "83": 300, "84": 0, "85": 0, "86": 0, "87": 0, "88": 0, "89": 0, "90": 0, "91": 1100, "92": 0, "93": 1600, "94": 0, "95": 0, "96": 0, "97": 1017600, "98": 167700, "99": 800, "100": 0, "101": 0, "102": 0, "103": 0, "104": 14300, "105": 0, "106": 25700, "107": 0, "108": 600, "109": 100, "110": 0, "111": 592700, "112": 80000, "113": 1500, "114": 56600, "115": 0, "116": 1400, "117": 12900, "118": 122700, "119": 103900, "120": 10600, "121": 4500, "122": 202000, "123": 5700, "124": 0, "125": 0, "126": 0, "127": 0, "128": 0, "129": 0, "130": 0, "131": 0, "132": 0, "133": 100, "134": 4800, "135": 33800, "136": 16700, "137": 237300, "138": 0, "139": 2000, "140": 1300, "141": 4800, "142": 2000, "143": 0, "144": 0, "145": 0, "146": 3500, "147": 23800, "148": 3700, "149": 200, "150": 0, "151": 500, "152": 600, "153": 99600, "154": 500, "155": 55800, "156": 200, "157": 100, "158": 100, "159": 165400, "160": 0, "161": 1300, "162": 800, "163": 800, "164": 0, "165": 300, "166": 800, "167": 2900, "168": 975000, "169": 1198800, "170": 0, "171": 500200, "172": 600, "173": 4500, "174": 4000, "175": 6600, "176": 29000, "177": 323700, "178": 23200, "179": 40800, "180": 500, "181": 42100, "182": 300, "183": 0, "184": 200, "185": 2200, "186": 3000, "187": 200, "188": 0, "189": 10200, "190": 0, "191": 1400, "192": 200, "193": 151200, "194": 63300, "195": 52800, "196": 0, "197": 237200, "198": 57300, "199": 0, "200": 0, "201": 1200, "202": 3300, "203": 300, "204": 100, "205": 2200, "206": 0, "207": 0, "208": 4600, "209": 6500, "210": 900, "211": 285900, "212": 10400, "213": 30100, "214": 5800, "215": 7000, "216": 4600, "217": 35700, "218": 43000, "219": 24000, "220": 158400, "221": 2300, "222": 229400, "223": 219200, "224": 1300, "225": 4600, "226": 20200, "227": 0, "228": 19500, "229": 19900, "230": 28600, "231": 151800, "232": 25700, "233": 191600, "234": 3500, "235": 54900, "236": 1208200, "237": 8800, "238": 152200, "239": 0, "240": 68500, "241": 350000, "242": 29300, "243": 600, "244": 1700, "245": 2200, "246": 5100, "247": 100, "248": 100, "249": 100, "250": 900, "251": 18900, "252": 26000, "253": 11500, "254": 29400, "255": 2200, "256": 17200, "257": 0, "258": 1500, "259": 14600, "260": 64500, "261": 41100, "262": 656500, "263": 9200, "264": 200, "265": 300, "266": 0, "267": 2700, "268": 0, "269": 0, "270": 14300, "271": 2400, "272": 0, "273": 0, "274": 100, "275": 300, "276": 300, "277": 200, "278": 6200, "279": 0, "280": 242000, "281": 2000, "282": 13900, "283": 700, "284": 713500, "285": 8800, "286": 5300, "287": 4800, "288": 31200, "289": 8200, "290": 15900, "291": 0, "292": 500, "293": 0, "294": 900, "295": 1000, "296": 11200, "297": 200, "298": 5100, "299": 6500, "300": 5600, "301": 0, "302": 72900, "303": 0, "304": 0, "305": 49800, "306": 10800, "307": 96500, "308": 451200, "309": 711000, "310": 111600, "311": 14500, "312": 36600, "313": 187200, "314": 5400, "315": 6000, "316": 65500, "317": 143500, "318": 800, "319": 11200, "320": 11600, "321": 10000, "322": 100, "323": 3200, "324": 1500, "325": 101600, "326": 1700, "327": 84100, "328": 49100, "329": 55900, "330": 2300, "331": 1800, "332": 4200, "333": 2500, "334": 2000, "335": 30300, "336": 0, "337": 262000, "338": 2800, "339": 0, "340": 9800, "341": 95500, "342": 13400, "343": 7400, "344": 800, "345": 4300, "346": 20000, "347": 205200, "348": 600, "349": 56300, "350": 201400, "351": 14100, "352": 3900, "353": 3600, "354": 22400, "355": 6600, "356": 5500, "357": 25100, "358": 0, "359": 0, "360": 2700, "361": 700, "362": 100, "363": 2100, "364": 6900, "365": 7800, "366": 14000, "367": 500, "368": 7400, "369": 900, "370": 46700, "371": 0, "372": 0, "373": 100, "374": 600, "375": 0, "376": 0, "377": 900, "378": 0, "379": 5600, "380": 404200, "381": 45900, "382": 0, "383": 4300, "384": 80700, "385": 54500, "386": 117900, "387": 107600, "388": 46200, "389": 88400, "390": 3600, "391": 2800, "392": 7400, "393": 2200, "394": 40800, "395": 100000, "396": 113700, "397": 73200, "398": 8400, "399": 0, "400": 1334200, "401": 1171000, "402": 83500, "403": 5600, "404": 500, "405": 179200, "406": 51000, "407": 412900, "408": 854400, "409": 77700, "410": 142900, "411": 100, "412": 52900, "413": 1100, "414": 1116500, "415": 0, "416": 8300, "417": 0, "418": 3100, "419": 500, "420": 38500, "421": 166700, "422": 0, "423": 5400, "424": 26500}, "adjclose": {"0": 9.699999809265137, "1": 9.6899995803833, "2": 9.670000076293945, "3": 9.708000183105469, "4": 9.720000267028809, "5": 9.760000228881836, "6": 9.760000228881836, "7": 9.720000267028809, "8": 9.720000267028809, "9": 9.729999542236328, "10": 9.75, "11": 9.770000457763672, "12": 9.770000457763672, "13": 9.789999961853027, "14": 9.800000190734863, "15": 9.800000190734863, "16": 9.75, "17": 9.75, "18": 9.800000190734863, "19": 9.800000190734863, "20": 9.800000190734863, "21": 9.779999732971191, "22": 9.779999732971191, "23": 9.75, "24": 9.75, "25": 9.75, "26": 9.75, "27": 9.75, "28": 9.729999542236328, "29": 9.710000038146973, "30": 9.710000038146973, "31": 9.670000076293945, "32": 9.6899995803833, "33": 9.6899995803833, "34": 9.6899995803833, "35": 9.6899995803833, "36": 9.6899995803833, "37": 9.704999923706055, "38": 9.704999923706055, "39": 9.6899995803833, "40": 9.6899995803833, "41": 9.680000305175781, "42": 9.680000305175781, "43": 9.680000305175781, "44": 9.6899995803833, "45": 9.6899995803833, "46": 9.710000038146973, "47": 9.710000038146973, "48": 9.699999809265137, "49": 9.699999809265137, "50": 9.699999809265137, "51": 9.699999809265137, "52": 9.675000190734863, "53": 9.699999809265137, "54": 9.699999809265137, "55": 9.699999809265137, "56": 9.739999771118164, "57": 9.729999542236328, "58": 9.729999542236328, "59": 9.729999542236328, "60": 9.729999542236328, "61": 9.720000267028809, "62": 9.649999618530273, "63": 9.649999618530273, "64": 9.649999618530273, "65": 9.649999618530273, "66": 9.680000305175781, "67": 9.680000305175781, "68": 9.680000305175781, "69": 9.609999656677246, "70": 9.609999656677246, "71": 9.670000076293945, "72": 9.670000076293945, "73": 9.6850004196167, "74": 9.6850004196167, "75": 9.6850004196167, "76": 9.819999694824219, "77": 9.725000381469727, "78": 9.699999809265137, "79": 9.65999984741211, "80": 9.649999618530273, "81": 9.649999618530273, "82": 9.675000190734863, "83": 9.680000305175781, "84": 9.680000305175781, "85": 9.680000305175781, "86": 9.680000305175781, "87": 9.680000305175781, "88": 9.680000305175781, "89": 9.680000305175781, "90": 9.680000305175781, "91": 9.600000381469727, "92": 9.600000381469727, "93": 9.65999984741211, "94": 9.65999984741211, "95": 9.65999984741211, "96": 9.65999984741211, "97": 9.670000076293945, "98": 9.699999809265137, "99": 9.67199993133545, "100": 9.67199993133545, "101": 9.67199993133545, "102": 9.67199993133545, "103": 9.67199993133545, "104": 9.880000114440918, "105": 9.880000114440918, "106": 9.680000305175781, "107": 9.680000305175781, "108": 9.680000305175781, "109": 9.680000305175781, "110": 9.680000305175781, "111": 9.694999694824219, "112": 9.694999694824219, "113": 9.75, "114": 9.680000305175781, "115": 9.680000305175781, "116": 9.720000267028809, "117": 9.680000305175781, "118": 9.699999809265137, "119": 9.699999809265137, "120": 9.699999809265137, "121": 9.699999809265137, "122": 9.729999542236328, "123": 9.729999542236328, "124": 9.729999542236328, "125": 9.729999542236328, "126": 9.729999542236328, "127": 9.729999542236328, "128": 9.729999542236328, "129": 9.729999542236328, "130": 9.729999542236328, "131": 9.729999542236328, "132": 9.729999542236328, "133": 9.699999809265137, "134": 9.729999542236328, "135": 9.710000038146973, "136": 9.710000038146973, "137": 9.710000038146973, "138": 9.710000038146973, "139": 9.720000267028809, "140": 9.680000305175781, "141": 9.670000076293945, "142": 9.65999984741211, "143": 9.65999984741211, "144": 9.65999984741211, "145": 9.65999984741211, "146": 9.65999984741211, "147": 9.609999656677246, "148": 9.609999656677246, "149": 9.699999809265137, "150": 9.699999809265137, "151": 9.670000076293945, "152": 9.670000076293945, "153": 9.670000076293945, "154": 9.670000076293945, "155": 9.710000038146973, "156": 9.670000076293945, "157": 9.670000076293945, "158": 9.729999542236328, "159": 9.6899995803833, "160": 9.6899995803833, "161": 9.75, "162": 9.75, "163": 9.720000267028809, "164": 9.720000267028809, "165": 9.729999542236328, "166": 9.699999809265137, "167": 9.699999809265137, "168": 9.65999984741211, "169": 9.65999984741211, "170": 9.65999984741211, "171": 9.6899995803833, "172": 9.65999984741211, "173": 9.649999618530273, "174": 9.649999618530273, "175": 9.670000076293945, "176": 9.680000305175781, "177": 9.680000305175781, "178": 9.699999809265137, "179": 9.720000267028809, "180": 9.725000381469727, "181": 9.699999809265137, "182": 9.699999809265137, "183": 9.699999809265137, "184": 9.720000267028809, "185": 9.720000267028809, "186": 9.710000038146973, "187": 9.710000038146973, "188": 9.710000038146973, "189": 9.729999542236328, "190": 9.729999542236328, "191": 9.699999809265137, "192": 9.729999542236328, "193": 9.729999542236328, "194": 9.739999771118164, "195": 9.739999771118164, "196": 9.739999771118164, "197": 9.720000267028809, "198": 9.729999542236328, "199": 9.729999542236328, "200": 9.729999542236328, "201": 9.71500015258789, "202": 9.710000038146973, "203": 9.720000267028809, "204": 9.710000038146973, "205": 9.720000267028809, "206": 9.720000267028809, "207": 9.720000267028809, "208": 9.680000305175781, "209": 9.699999809265137, "210": 9.699999809265137, "211": 9.699999809265137, "212": 9.710000038146973, "213": 9.680000305175781, "214": 9.670000076293945, "215": 9.670000076293945, "216": 9.65999984741211, "217": 9.65999984741211, "218": 9.65999984741211, "219": 9.65999984741211, "220": 9.664999961853027, "221": 9.65999984741211, "222": 9.6899995803833, "223": 9.65999984741211, "224": 9.680000305175781, "225": 9.699999809265137, "226": 9.6899995803833, "227": 9.6899995803833, "228": 9.6899995803833, "229": 9.6899995803833, "230": 9.699999809265137, "231": 9.699999809265137, "232": 9.694999694824219, "233": 9.6899995803833, "234": 9.694999694824219, "235": 9.680000305175781, "236": 9.699999809265137, "237": 9.710000038146973, "238": 9.680000305175781, "239": 9.680000305175781, "240": 9.6899995803833, "241": 9.6899995803833, "242": 9.720000267028809, "243": 9.699999809265137, "244": 9.6899995803833, "245": 9.6850004196167, "246": 9.6899995803833, "247": 9.6899995803833, "248": 9.6899995803833, "249": 9.6899995803833, "250": 9.699999809265137, "251": 9.699999809265137, "252": 9.710000038146973, "253": 9.699999809265137, "254": 9.699999809265137, "255": 9.704999923706055, "256": 9.710000038146973, "257": 9.710000038146973, "258": 9.739999771118164, "259": 9.725000381469727, "260": 9.710000038146973, "261": 9.71500015258789, "262": 9.720000267028809, "263": 9.71500015258789, "264": 9.729999542236328, "265": 9.720000267028809, "266": 9.720000267028809, "267": 9.720000267028809, "268": 9.720000267028809, "269": 9.720000267028809, "270": 9.739999771118164, "271": 9.739999771118164, "272": 9.739999771118164, "273": 9.739999771118164, "274": 9.739999771118164, "275": 9.729999542236328, "276": 9.710000038146973, "277": 9.710000038146973, "278": 9.720000267028809, "279": 9.720000267028809, "280": 9.739999771118164, "281": 9.75, "282": 9.760000228881836, "283": 9.770000457763672, "284": 9.704999923706055, "285": 9.729999542236328, "286": 9.723999977111816, "287": 9.739999771118164, "288": 9.760000228881836, "289": 9.760000228881836, "290": 9.779999732971191, "291": 9.779999732971191, "292": 9.779999732971191, "293": 9.779999732971191, "294": 9.779999732971191, "295": 9.770000457763672, "296": 9.760000228881836, "297": 9.770000457763672, "298": 9.779999732971191, "299": 9.75, "300": 9.789999961853027, "301": 9.789999961853027, "302": 9.789999961853027, "303": 9.789999961853027, "304": 9.789999961853027, "305": 9.760000228881836, "306": 9.739999771118164, "307": 9.75, "308": 9.819999694824219, "309": 9.819999694824219, "310": 9.789999961853027, "311": 9.800000190734863, "312": 9.835000038146973, "313": 9.829999923706055, "314": 9.829999923706055, "315": 9.835000038146973, "316": 9.850000381469727, "317": 9.84000015258789, "318": 9.850000381469727, "319": 9.869999885559082, "320": 9.859999656677246, "321": 9.859999656677246, "322": 9.869999885559082, "323": 9.859999656677246, "324": 9.859999656677246, "325": 9.880000114440918, "326": 9.899999618530273, "327": 9.869999885559082, "328": 9.869999885559082, "329": 9.890000343322754, "330": 9.880000114440918, "331": 9.899999618530273, "332": 9.890000343322754, "333": 9.90999984741211, "334": 9.890000343322754, "335": 9.899999618530273, "336": 9.899999618530273, "337": 9.899999618530273, "338": 9.899999618530273, "339": 9.899999618530273, "340": 9.930000305175781, "341": 9.880000114440918, "342": 9.899999618530273, "343": 9.930000305175781, "344": 9.920000076293945, "345": 9.949999809265137, "346": 9.930000305175781, "347": 9.890000343322754, "348": 9.920000076293945, "349": 9.960000038146973, "350": 9.9399995803833, "351": 9.960000038146973, "352": 9.954999923706055, "353": 9.949999809265137, "354": 9.960000038146973, "355": 9.979999542236328, "356": 9.949999809265137, "357": 9.930000305175781, "358": 9.930000305175781, "359": 9.930000305175781, "360": 9.918999671936035, "361": 9.930000305175781, "362": 9.9399995803833, "363": 9.920000076293945, "364": 9.9399995803833, "365": 9.890000343322754, "366": 9.9399995803833, "367": 9.930000305175781, "368": 9.949999809265137, "369": 9.9399995803833, "370": 9.930000305175781, "371": 9.930000305175781, "372": 9.930000305175781, "373": 9.930000305175781, "374": 9.9399995803833, "375": 9.9399995803833, "376": 9.9399995803833, "377": 9.9399995803833, "378": 9.9399995803833, "379": 9.9399995803833, "380": 9.90999984741211, "381": 9.90999984741211, "382": 9.90999984741211, "383": 9.90999984741211, "384": 9.920000076293945, "385": 9.920000076293945, "386": 9.90999984741211, "387": 9.899999618530273, "388": 9.920000076293945, "389": 9.920000076293945, "390": 9.920000076293945, "391": 9.920000076293945, "392": 9.920000076293945, "393": 9.920000076293945, "394": 9.9399995803833, "395": 9.9399995803833, "396": 9.949999809265137, "397": 9.949999809265137, "398": 9.944999694824219, "399": 9.944999694824219, "400": 10.069999694824219, "401": 10.079999923706055, "402": 10.079999923706055, "403": 10.079999923706055, "404": 10.105999946594238, "405": 10.100000381469727, "406": 10.100000381469727, "407": 10.100000381469727, "408": 10.109999656677246, "409": 10.130000114440918, "410": 10.119999885559082, "411": 10.119999885559082, "412": 10.130000114440918, "413": 10.149999618530273, "414": 10.119999885559082, "415": 10.119999885559082, "416": 10.130000114440918, "417": 10.130000114440918, "418": 10.135000228881836, "419": 10.130000114440918, "420": 10.140000343322754, "421": 10.149999618530273, "422": 10.149999618530273, "423": 10.154999732971191, "424": 10.15999984741211}}, "profile": {"address1": "Boundary Hall", "address2": "Cricket Square PO Box 1093", "city": "Grand Cayman", "zip": "KY1-1102", "country": "Cayman Islands", "phone": "345-949-8066", "website": "https://www.bluewhaleipo.com", "industry": "Shell Companies", "industryDisp": "Shell Companies", "sector": "Financial Services", "longBusinessSummary": "Blue Whale Acquisition Corp I does not have significant operations. It intends to effect a merger, capital share exchange, asset acquisition, share purchase, reorganization, or similar business combination with one or more businesses or entities. The company focuses on identifying those businesses operating in the media, entertainment, and technology industries. Blue Whale Acquisition Corp I was incorporated in 2021 and is based in Grand Cayman, the Cayman Islands.", "companyOfficers": [{"maxAge": 1, "name": "Mr. Maxime  Franzetti", "age": 41, "title": "CEO & Director", "yearBorn": 1981, "exercisedValue": 0, "unexercisedValue": 0}, {"maxAge": 1, "name": "Mr. Russell I. Pillar", "age": 56, "title": "Chief Financial Officer", "yearBorn": 1966, "exercisedValue": 0, "unexercisedValue": 0}], "maxAge": 86400, "latitude": 19.29281590900007, "longitude": -81.36769499999997}}